ID,Resource,Zone,Village,technology,Total_MW,Start_MW,Change_in_MW,Electricity_GWh
1,pltd_bel1,1,1,diesel,0.005254417599805211,0.2773,-0.2720455824001948,0.0054219021608112455
2,plts_bel1,1,1,solar,0.7755422299508319,0.0,0.7755422299508319,1.2264984610708471
3,batt_bel1,1,1,battery,0.31873318104362736,0.0,0.31873318104362736,0.599006156259973
4,pltd_bel2,1,2,diesel,0.016032374507481358,0.846,-0.8299676254925186,0.0165434064449189
5,plts_bel2,1,2,solar,2.353169520925841,0.0,2.353169520925841,3.7421779792688525
6,batt_bel2,1,2,battery,0.9724636413224068,0.0,0.9724636413224068,1.8276287793168768
7,pltd_bel3,1,3,diesel,0.01595651125386503,0.842,-0.826043488746135,0.016465125050092826
8,plts_bel3,1,3,solar,2.307906282249912,0.0,2.307906282249912,3.7244609446884747
9,batt_bel3,1,3,battery,0.9677506945825022,0.0,0.9677506945825022,1.8189713734530277
10,pltd_bel4,1,4,diesel,0.007373778026877166,0.3891,-0.38172622197312284,0.007608817201495019
11,plts_bel4,1,4,solar,1.0751162379341004,0.0,1.0751162379341004,1.7211880325941098
12,batt_bel4,1,4,battery,0.4472660217313052,0.0,0.4472660217313052,0.8406221469939403
13,pltd_bel5,1,5,diesel,0.008302225919912726,0.4381,-0.42979777408008724,0.008566859371121257
14,plts_bel5,1,5,solar,1.2154754778202668,0.0,1.2154754778202668,1.9378614316857732
15,batt_bel5,1,5,battery,0.5035527391444459,0.0,0.5035527391444459,0.94640526657794
16,pltd_bel6,1,6,diesel,0.0072981609600723365,0.3851,-0.37780183903992764,0.0075307898406865486
17,plts_bel6,1,6,solar,1.077140172002547,0.0,1.077140172002547,1.7034673548183537
18,batt_bel6,1,6,battery,0.44268411635883037,0.0,0.44268411635883037,0.8319522153106937
19,pltd_bel7,1,7,diesel,0.006795854080104691,0.3586,-0.3518041459198953,0.007012471928919207
20,plts_bel7,1,7,solar,0.9888516464917187,0.0,0.9888516464917187,1.5862612196979746
21,batt_bel7,1,7,battery,0.41219385382249163,0.0,0.41219385382249163,0.7746708699764444
22,pltd_bel8,1,8,diesel,0.013434222186452979,0.7089,-0.695465777813547,0.013862438018657
23,plts_bel8,1,8,solar,1.9469738325529211,0.0,1.9469738325529211,3.1357379497381883
24,batt_bel8,1,8,battery,0.8147951425266777,0.0,0.8147951425266777,1.5314243533909464
25,pltd_bel9,1,9,diesel,0.01294956821227183,0.6833,-0.6703504317877282,0.013362335699049823
26,plts_bel9,1,9,solar,1.9146836209579237,0.0,1.9146836209579237,3.0226368953223544
27,batt_bel9,1,9,battery,0.7854200708490723,0.0,0.7854200708490723,1.4762296632759238
28,pltd_bel10,1,10,diesel,0.0075199450665919656,0.3968,-0.389280054933408,0.007759643315601423
29,plts_bel10,1,10,solar,1.1098852419297873,0.0,1.1098852419297873,1.7552527726920453
30,batt_bel10,1,10,battery,0.4561417074724017,0.0,0.4561417074724017,0.8572433947383288
31,pltd_bel11,1,11,diesel,0.012511569707039996,0.6602,-0.64768843029296,0.01291037599146355
32,plts_bel11,1,11,solar,1.843498529884063,0.0,1.843498529884063,2.9204227021719014
33,batt_bel11,1,11,battery,0.758906473663786,0.0,0.758906473663786,1.4262774318582623
34,pltd_bel12,1,12,diesel,0.0053830241068302895,0.284,-0.2786169758931697,0.005554608000247412
35,plts_bel12,1,12,solar,0.7902821996588849,0.0,0.7902821996588849,1.256474464172298
36,batt_bel12,1,12,battery,0.3264648118360968,0.0,0.3264648118360968,0.6136325878370392
37,pltd_bel13,1,13,diesel,0.008239580906395282,0.2672,-0.25896041909360473,0.008502217547787995
38,plts_bel13,1,13,solar,1.084409342158321,0.0,1.084409342158321,1.844756475303111
39,batt_bel13,1,13,battery,0.4848409446800407,0.0,0.4848409446800407,0.8518909957614674
40,pltd_bel14,1,14,diesel,0.00389423850658582,0.2055,-0.20160576149341417,0.004018367358995772
41,plts_bel14,1,14,solar,0.5747619986782895,0.0,0.5747619986782895,0.9089704982562806
42,batt_bel14,1,14,battery,0.23621686541346526,0.0,0.23621686541346526,0.44393013004568105
43,pltd_bel15,1,15,diesel,0.005393879146484874,0.1749,-0.16950612085351513,0.0055658090442810984
44,plts_bel15,1,15,solar,0.7159686513268859,0.0,0.7159686513268859,1.2077464219025342
45,batt_bel15,1,15,battery,0.317420487931541,0.0,0.317420487931541,0.5577420595840726
46,pltd_bel16,1,16,diesel,0.009300695467194867,0.4908,-0.48149930453280515,0.009597155135221769
47,plts_bel16,1,16,solar,1.329256351959483,0.0,1.329256351959483,2.1709013254816907
48,batt_bel16,1,16,battery,0.5640870282789945,0.0,0.5640870282789945,1.0602504006292144
49,pltd_bel17,1,17,diesel,0.006889450666907223,0.2234,-0.21651054933309277,0.007109051906916562
50,plts_bel17,1,17,solar,0.9101011536479114,0.0,0.9101011536479114,1.5425225899904145
51,batt_bel17,1,17,battery,0.40546015590714707,0.0,0.40546015590714707,0.7123681311237617
52,pltd_bel18,1,18,diesel,0.0024577806933470496,0.1297,-0.12724221930665297,0.0025361224529586784
53,plts_bel18,1,18,solar,0.34795992016531363,0.0,0.34795992016531363,0.573727109962405
54,batt_bel18,1,18,battery,0.14907933447036611,0.0,0.14907933447036611,0.28019542034939643
55,pltd_bel19,1,19,diesel,0.0038471675732502457,0.203,-0.19915283242674978,0.003969796039661388
56,plts_bel19,1,19,solar,0.5793835098448035,0.0,0.5793835098448035,0.8980666953967414
57,batt_bel19,1,19,battery,0.23334146294160518,0.0,0.23334146294160518,0.43859134281712375
58,pltd_bel20,1,20,diesel,0.0008408604799908405,0.0444,-0.043559139520009164,0.0008676629078047595
59,plts_bel20,1,20,solar,0.12522032473228742,0.0,0.12522032473228742,0.19624008602829213
60,batt_bel20,1,20,battery,0.050995425494595466,0.0,0.050995425494595466,0.09584339652965086
61,pltd_bel21,1,21,diesel,0.003152853653312272,0.1664,-0.16324714634668772,0.003253350863524883
62,plts_bel21,1,21,solar,0.46924645870094134,0.0,0.46924645870094134,0.7358988607061111
63,batt_bel21,1,21,battery,0.19122733527946867,0.0,0.19122733527946867,0.3594044337464776
64,pltd_bel22,1,22,diesel,0.0022418689066373786,0.1183,-0.11605813109336262,0.0023133284780508267
65,plts_bel22,1,22,solar,0.3371238631452963,0.0,0.3371238631452963,0.5233058624779131
66,batt_bel22,1,22,battery,0.13599004846319018,0.0,0.13599004846319018,0.25557969753553694
67,pltd_bel23,1,23,diesel,0.0021660620800092244,0.1143,-0.11213393791999078,0.0022351053088228165
68,plts_bel23,1,23,solar,0.31969543747421364,0.0,0.31969543747421364,0.5055894982167903
69,batt_bel23,1,23,battery,0.13138875484091073,0.0,0.13138875484091073,0.246923536835703
70,pltd_bel24,1,24,diesel,0.0012728840533293112,0.0672,-0.06592711594667068,0.0013134572325433436
71,plts_bel24,1,24,solar,0.1881877048763236,0.0,0.1881877048763236,0.29708502705646006
72,batt_bel24,1,24,battery,0.07719649669654591,0.0,0.07719649669654591,0.14509348077637135
73,pltd_bel25,1,25,diesel,0.0009284683733002674,0.049,-0.048071531626699734,0.0009580633027150027
74,plts_bel25,1,25,solar,0.14101240373926222,0.0,0.14101240373926222,0.21667991218969793
75,batt_bel25,1,25,battery,0.05630637184202088,0.0,0.05630637184202088,0.1058191259252349
76,pltd_bel26,1,26,diesel,0.0025981523199826466,0.1371,-0.13450184768001736,0.0026809684251959754
77,plts_bel26,1,26,solar,0.3889209992862597,0.0,0.3889209992862597,0.6064344225692522
78,batt_bel26,1,26,battery,0.15757695028129837,0.0,0.15757695028129837,0.29617277104969936
79,pltd_bel27,1,27,diesel,0.00237635797335223,0.1254,-0.12302364202664778,0.0024521043837683696
80,plts_bel27,1,27,solar,0.36356653374103837,0.0,0.36356653374103837,0.5546483628216068
81,batt_bel27,1,27,battery,0.14411319036733627,0.0,0.14411319036733627,0.27088403030251046
82,pltd_bel28,1,28,diesel,0.0017630103466938702,0.093,-0.09123698965330614,0.001819206301509595
83,plts_bel28,1,28,solar,0.2656410802383146,0.0,0.2656410802383146,0.4115594076562001
84,batt_bel28,1,28,battery,0.10695374977892678,0.0,0.10695374977892678,0.20100326509222885
85,pltd_bel29,1,29,diesel,0.0012550978133589563,0.0662,-0.06494490218664103,0.001295104056174213
86,plts_bel29,1,29,solar,0.1866168512142985,0.0,0.1866168512142985,0.29299709783274286
87,batt_bel29,1,29,battery,0.07614223569740045,0.0,0.07614223569740045,0.14309894698275644
88,pltd_bel30,1,30,diesel,0.0009632458666966825,0.0508,-0.04983675413330332,0.0009939493287186214
89,plts_bel30,1,30,solar,0.15386033846193237,0.0,0.15386033846193237,0.22485631307270965
90,batt_bel30,1,30,battery,0.058429800120225396,0.0,0.058429800120225396,0.10981159013823308
91,pltd_bel31,1,31,diesel,0.00196188469337674,0.1035,-0.10153811530662325,0.0020244197679954177
92,plts_bel31,1,31,solar,0.305362038730393,0.0,0.305362038730393,0.45789300160628094
93,batt_bel31,1,31,battery,0.11897626225175066,0.0,0.11897626225175066,0.2236361177275025
94,pltd_bel32,1,32,diesel,0.0029423577599966204,0.1553,-0.15235764224000337,0.003036145413611567
95,plts_bel32,1,32,solar,0.44891653904167633,0.0,0.44891653904167633,0.6868399802841114
96,batt_bel32,1,32,battery,0.17847825152639923,0.0,0.17847825152639923,0.3354454853497498
97,pltd_bel33,1,33,diesel,0.001739731306693774,0.0918,-0.09006026869330623,0.0017951852421101324
98,plts_bel33,1,33,solar,0.2646734013162218,0.0,0.2646734013162218,0.4061085214798088
99,batt_bel33,1,33,battery,0.10551595457986161,0.0,0.10551595457986161,0.19833859160508543
100,pltd_bel34,1,34,diesel,0.0014012546133693334,0.0739,-0.07249874538663066,0.0014459196041852432
101,plts_bel34,1,34,solar,0.20974511093272985,0.0,0.20974511093272985,0.3270655015145788
102,batt_bel34,1,34,battery,0.08497945658423994,0.0,0.08497945658423994,0.1597342904799934
103,pltd_bel35,1,35,diesel,0.0014364116266306105,0.0758,-0.0743635883733694,0.0014821972472444898
104,plts_bel35,1,35,solar,0.2160405078714049,0.0,0.2160405078714049,0.33524163660441986
105,batt_bel35,1,35,battery,0.0871160525461144,0.0,0.0871160525461144,0.16372479453783653
106,pltd_bel36,1,36,diesel,0.0008408604799835289,0.0444,-0.04355913952001647,0.0008676629077983293
107,plts_bel36,1,36,solar,0.12736567092956308,0.0,0.12736567092956308,0.19624021762676638
108,batt_bel36,1,36,battery,0.050999616004956484,0.0,0.050999616004956484,0.09584412169141998
109,pltd_bel37,1,37,diesel,0.0014713686399827246,0.0776,-0.07612863136001728,0.0015182685153976986
110,plts_bel37,1,37,solar,0.22324748418448206,0.0,0.22324748418448206,0.34341717015829376
111,batt_bel37,1,37,battery,0.08923364384597712,0.0,0.08923364384597712,0.16771600648697432
112,pltd_bel38,1,38,diesel,0.0030067994667272615,0.1587,-0.15569320053327274,0.003102641199744053
113,plts_bel38,1,38,solar,0.45775259782111544,0.0,0.45775259782111544,0.701829470069127
114,batt_bel38,1,38,battery,0.18236847368309356,0.0,0.18236847368309356,0.34277114317575724
115,pltd_bel39,1,39,diesel,0.0013486139733294427,0.0712,-0.06985138602667056,0.0013916010437433222
116,plts_bel39,1,39,solar,0.19905583221011647,0.0,0.19905583221011647,0.3148010580770594
117,batt_bel39,1,39,battery,0.08180812574825409,0.0,0.08180812574825409,0.1537449775160372
118,pltd_bel40,1,40,diesel,0.001208575680014035,0.0638,-0.06259142431998596,0.0012470990298306796
119,plts_bel40,1,40,solar,0.18427432894038528,0.0,0.18427432894038528,0.2820936871884599
120,batt_bel40,1,40,battery,0.07330001346964725,0.0,0.07330001346964725,0.13776605250040375
121,pltd_bel41,1,41,diesel,0.0013075948799823477,0.069,-0.06769240512001766,0.0013492744667967921
122,plts_bel41,1,41,solar,0.1963049665289504,0.0,0.1963049665289504,0.3052621364119828
123,batt_bel41,1,41,battery,0.07931903591612223,0.0,0.07931903591612223,0.14908707952347305
124,pltd_bel42,1,42,diesel,0.0014713686399772223,0.0776,-0.07612863136002278,0.0015182685153904
125,plts_bel42,1,42,solar,0.2171511438936269,0.0,0.2171511438936269,0.343418141109856
126,batt_bel42,1,42,battery,0.08924464573111625,0.0,0.08924464573111625,0.16772135683444708
127,pltd_bel43,1,43,diesel,0.002586341013313678,0.1365,-0.13391365898668633,0.0026687806331266288
128,plts_bel43,1,43,solar,0.38535069736285354,0.0,0.38535069736285354,0.6037096655209052
129,batt_bel43,1,43,battery,0.15687923609556662,0.0,0.15687923609556662,0.29484236379301104
130,pltd_bel44,1,44,diesel,0.002026023786791893,0.1069,-0.1048739762132081,0.0020906032950100306
131,plts_bel44,1,44,solar,0.3032003296772333,0.0,0.3032003296772333,0.4728835279971905
132,batt_bel44,1,44,battery,0.12289427348758493,0.0,0.12289427348758493,0.23095396231867896
133,pltd_bel45,1,45,diesel,0.0015356308267410043,0.081,-0.079464369173259,0.0015845790593583642
134,plts_bel45,1,45,solar,0.23112319939273146,0.0,0.23112319939273146,0.35841007093027155
135,batt_bel45,1,45,battery,0.09313338684570345,0.0,0.09313338684570345,0.17504448630990857
136,pltd_bel46,1,46,diesel,0.0020725356799977117,0.1094,-0.10732746432000229,0.0021385977548112906
137,plts_bel46,1,46,solar,0.3074758927430417,0.0,0.3074758927430417,0.4837842321050842
138,batt_bel46,1,46,battery,0.1257027285039126,0.0,0.1257027285039126,0.23626421829491098
139,pltd_bel47,1,47,diesel,0.002142649706682001,0.1131,-0.110957350293318,0.0022109466660882003
140,plts_bel47,1,47,solar,0.3162486985258166,0.0,0.3162486985258166,0.5001387380692736
141,batt_bel47,1,47,battery,0.1299726004927307,0.0,0.1299726004927307,0.2442615691221155
142,pltd_bel48,1,48,diesel,0.002078531093400823,0.1097,-0.10762146890659918,0.002144784272016449
143,plts_bel48,1,48,solar,0.30745056867353115,0.0,0.30745056867353115,0.4851470983785395
144,batt_bel48,1,48,battery,0.12605140262141978,0.0,0.12605140262141978,0.23693205140092735
145,pltd_bel49,1,49,diesel,0.003789034133337339,0.1999,-0.19611096586666266,0.0039098095963485645
146,plts_bel49,1,49,solar,0.5430910188892678,0.0,0.5430910188892678,0.8844414108328909
147,batt_bel49,1,49,battery,0.2298371763753654,0.0,0.2298371763753654,0.43194882501230253
148,pltd_bel50,1,50,diesel,0.00444915007999984,0.2348,-0.23035084992000016,0.004590966738810661
149,plts_bel50,1,50,solar,0.6357699248679339,0.0,0.6357699248679339,1.038436272720887
150,batt_bel50,1,50,battery,0.26984719582384037,0.0,0.26984719582384037,0.5071688356203721
151,pltd_bel51,1,51,diesel,0.0027908312532490863,0.1473,-0.1445091687467509,0.0028797889994591824
152,plts_bel51,1,51,solar,0.4107133458650919,0.0,0.4107133458650919,0.651406150118976
153,batt_bel51,1,51,battery,0.16927572481223646,0.0,0.16927572481223646,0.31814128899367206
154,pltd_bel52,1,52,diesel,0.003036027733329196,0.1602,-0.1571639722666708,0.003132801117340625
155,plts_bel52,1,52,solar,0.43741792099558996,0.0,0.43741792099558996,0.7086444926167728
156,batt_bel52,1,52,battery,0.1841479646389246,0.0,0.1841479646389246,0.34609907624342845
157,pltd_bel53,1,53,diesel,0.002603634880183164,0.1374,-0.13479636511981682,0.002686625742001373
158,plts_bel53,1,53,solar,0.38013783169381504,0.0,0.38013783169381504,0.6077975590520376
159,batt_bel53,1,53,battery,0.15792991954697835,0.0,0.15792991954697835,0.2968365547370318
160,pltd_bel54,1,54,diesel,0.0023936518400156574,0.1263,-0.12390634815998434,0.0024699494924279464
161,plts_bel54,1,54,solar,0.34329418852199134,0.0,0.34329418852199134,0.5587398856956995
162,batt_bel54,1,54,battery,0.1451833610508796,0.0,0.1451833610508796,0.2728885429988232
163,pltd_bel55,1,55,diesel,0.003911845226569581,0.2064,-0.2024881547734304,0.004036535293178536
164,plts_bel55,1,55,solar,0.5721805187049537,0.0,0.5721805187049537,0.9130560668630388
165,batt_bel55,1,55,battery,0.23723718343028938,0.0,0.23723718343028938,0.44591378360906747
166,pltd_bel56,1,56,diesel,0.003024483093434004,0.1596,-0.156575516906566,0.00312088849205075
167,plts_bel56,1,56,solar,0.452051710241683,0.0,0.452051710241683,0.705913023516848
168,batt_bel56,1,56,battery,0.1834415849380982,0.0,0.1834415849380982,0.3447437506029811
169,pltd_bel57,1,57,diesel,0.0032811780266407847,0.1731,-0.1698188219733592,0.0033857655762535585
170,plts_bel57,1,57,solar,0.4911532519406038,0.0,0.4911532519406038,0.7658788911761135
171,batt_bel57,1,57,battery,0.19899461291362017,0.0,0.19899461291362017,0.3740449246426746
172,pltd_bel58,1,58,diesel,0.004694156799845428,0.2477,-0.2430058432001546,0.004843783047852291
173,plts_bel58,1,58,solar,0.6859579236444344,0.0,0.6859579236444344,1.0956677711113645
174,batt_bel58,1,58,battery,0.2847007121102496,0.0,0.2847007121102496,0.5350986446516115
175,pltd_bel59,1,59,diesel,0.001483113280003288,0.0783,-0.0768168867199967,0.001530387515817882
176,plts_bel59,1,59,solar,0.2212333696664733,0.0,0.2212333696664733,0.3461427115826125
177,batt_bel59,1,59,battery,0.08994108472269086,0.0,0.08994108472269086,0.1690450811481543
178,pltd_bel60,1,60,diesel,0.008010338026957525,0.4227,-0.41468966197304247,0.008265667551578417
179,plts_bel60,1,60,solar,1.1787607520713332,0.0,1.1787607520713332,1.8697292819089215
180,batt_bel60,1,60,battery,0.4858064168360946,0.0,0.4858064168360946,0.9131676780682308
181,pltd_bel61,1,61,diesel,0.0010569056000388028,0.0558,-0.0547430943999612,0.0010905944660550718
182,plts_bel61,1,61,solar,0.15819757475765814,0.0,0.15819757475765814,0.24666195370221675
183,batt_bel61,1,61,battery,0.06409751711031851,0.0,0.06409751711031851,0.12046530628887644
184,pltd_bel62,1,62,diesel,0.00542988981331137,0.2865,-0.2810701101866886,0.005602967551122302
185,plts_bel62,1,62,solar,0.7937895339273028,0.0,0.7937895339273028,1.2673838038914664
186,batt_bel62,1,62,battery,0.32935775198352363,0.0,0.32935775198352363,0.6189889138418379
187,pltd_bel63,1,63,diesel,0.002142649706682001,0.1131,-0.110957350293318,0.0022109466660882003
188,plts_bel63,1,63,solar,0.3162486985258166,0.0,0.3162486985258166,0.5001387380692736
189,batt_bel63,1,63,battery,0.1299726004927307,0.0,0.1299726004927307,0.2442615691221155
190,pltd_bel64,1,64,diesel,0.002002467839964305,0.1057,-0.1036975321600357,0.00206629650237582
191,plts_bel64,1,64,solar,0.29114583831708607,0.0,0.29114583831708607,0.46743348021806697
192,batt_bel64,1,64,battery,0.12146220092734893,0.0,0.12146220092734893,0.22829510368445224
193,pltd_bel65,1,65,diesel,0.000980873066692655,0.0518,-0.05081912693330734,0.001012138395707925
194,plts_bel65,1,65,solar,0.14587902397900215,0.0,0.14587902397900215,0.22894646245484315
195,batt_bel65,1,65,battery,0.059487563659608216,0.0,0.059487563659608216,0.11181255692468435
196,pltd_bel66,1,66,diesel,0.008477262186818218,0.4473,-0.43882273781318176,0.008747474919034893
197,plts_bel66,1,66,solar,1.2524206278227537,0.0,1.2524206278227537,1.9787487055451245
198,batt_bel66,1,66,battery,0.514194063240818,0.0,0.514194063240818,0.966392805765935
199,pltd_bel67,1,67,diesel,0.006842678826872863,0.3611,-0.35425732117312714,0.007060789214490023
200,plts_bel67,1,67,solar,0.9870036856650457,0.0,0.9870036856650457,1.5971704840047705
201,batt_bel67,1,67,battery,0.41504054420133496,0.0,0.41504054420133496,0.7800342136790531
202,pltd_bel68,1,68,diesel,0.0034505574399746773,0.1821,-0.17864944256002532,0.0035605439583852247
203,plts_bel68,1,68,solar,0.49582286734857073,0.0,0.49582286734857073,0.8054004620555069
204,batt_bel68,1,68,battery,0.20928093652353416,0.0,0.20928093652353416,0.39335229346062445
205,pltd_bel69,1,69,diesel,0.006527424746511954,0.3444,-0.337872575253488,0.006735486410319221
206,plts_bel69,1,69,solar,0.9666113693062213,0.0,0.9666113693062213,1.5235876313672922
207,batt_bel69,1,69,battery,0.3959182031354163,0.0,0.3959182031354163,0.7441284436999199
208,pltd_bel70,1,70,diesel,0.0011969438933108931,0.0632,-0.06200305610668911,0.0012350964799250621
209,plts_bel70,1,70,solar,0.17901905869699297,0.0,0.17901905869699297,0.2793684509154721
210,batt_bel70,1,70,battery,0.07259499126688304,0.0,0.07259499126688304,0.13643778475815646
211,pltd_bel71,1,71,diesel,0.0028141667200957013,0.1485,-0.14568583327990428,0.0029038682843122708
212,plts_bel71,1,71,solar,0.4194588156033351,0.0,0.4194588156033351,0.6568537738967815
213,batt_bel71,1,71,battery,0.1706721341535301,0.0,0.1706721341535301,0.32078428354853084
214,pltd_bel72,1,72,diesel,0.002440620160013433,0.1288,-0.12635937983998657,0.0025184149276269918
215,plts_bel72,1,72,solar,0.36019655894886377,0.0,0.36019655894886377,0.5696407076805755
216,batt_bel72,1,72,battery,0.14803397223052245,0.0,0.14803397223052245,0.27820542420771893
217,pltd_bel73,1,73,diesel,0.0018682454399036122,0.0986,-0.09673175456009638,0.001927795763315486
218,plts_bel73,1,73,solar,0.2821368303283607,0.0,0.2821368303283607,0.43608705606397025
219,batt_bel73,1,73,battery,0.11332078051903056,0.0,0.11332078051903056,0.21297317169206206
220,pltd_bel74,1,74,diesel,0.013480857173942302,0.7113,-0.6978191428260577,0.013910559496373725
221,plts_bel74,1,74,solar,1.9966588337063391,0.0,1.9966588337063391,3.1466537462940263
222,batt_bel74,1,74,battery,0.817678688388672,0.0,0.817678688388672,1.5368201072111405
223,pltd_bel75,1,75,diesel,0.002895722773442855,0.1528,-0.14990427722655714,0.0029880239368592397
224,plts_bel75,1,75,solar,0.4274100369185416,0.0,0.4274100369185416,0.6759371357341387
225,batt_bel75,1,75,battery,0.17565771297025062,0.0,0.17565771297025062,0.33011947026537936
226,pltd_bel76,1,76,diesel,0.001302035413360468,0.0687,-0.06739796458663953,0.001343537792175648
227,plts_bel76,1,76,solar,0.19318856196629294,0.0,0.19318856196629294,0.3038999302429355
228,batt_bel76,1,76,battery,0.07896730982786958,0.0,0.07896730982786958,0.1484247204960718
229,pltd_bel77,1,77,diesel,0.00596696394663447,0.3149,-0.30893303605336553,0.006157160922442611
230,plts_bel77,1,77,solar,0.82736258109736,0.0,0.82736258109736,1.392757187498956
231,batt_bel77,1,77,battery,0.36190345886718117,0.0,0.36190345886718117,0.6802158751734174
232,pltd_bel78,1,78,diesel,0.001891668053330707,0.0998,-0.09790833194666929,0.0019519649725450352
233,plts_bel78,1,78,solar,0.283461221772985,0.0,0.283461221772985,0.4415386886500819
234,batt_bel78,1,78,battery,0.11473162208113188,0.0,0.11473162208113188,0.2156383729001
235,pltd_bel79,1,79,diesel,0.0012550978133250151,0.0662,-0.06494490218667498,0.001295104056139148
236,plts_bel79,1,79,solar,0.1866899939615657,0.0,0.1866899939615657,0.2929960649121987
237,batt_bel79,1,79,battery,0.07612944143431151,0.0,0.07612944143431151,0.14309325516048324
238,pltd_bel80,1,80,diesel,0.0020435074134304283,0.1078,-0.10575649258656958,0.0021086442122451882
239,plts_bel80,1,80,solar,0.29051344007763436,0.0,0.29051344007763436,0.4769714978186154
240,batt_bel80,1,80,battery,0.1239492032798253,0.0,0.1239492032798253,0.2329465041243695
241,pltd_bel81,1,81,diesel,0.0031701270400744923,0.1673,-0.1641298729599255,0.003271174839489478
242,plts_bel81,1,81,solar,0.4666174058460842,0.0,0.4666174058460842,0.7399869804490579
243,batt_bel81,1,81,battery,0.1922796060684036,0.0,0.1922796060684036,0.3613997547622138
244,pltd_kup82,1,82,diesel,0.01265154133413805,0.6676,-0.6549484586658619,0.013054809214173443
245,plts_kup82,1,82,solar,1.800571731224926,0.0,1.800571731224926,2.953129877645777
246,batt_kup82,1,82,battery,0.7673228153393693,0.0,0.7673228153393693,1.4422503833757798
247,pltd_kup83,1,83,diesel,0.00694762677320078,0.3666,-0.3596523732267992,0.0071690823766066645
248,plts_kup83,1,83,solar,0.9887769025584578,0.0,0.9887769025584578,1.621699382010107
249,batt_kup83,1,83,battery,0.4213722265691582,0.0,0.4213722265691582,0.7920061088952378
250,pltd_kup84,1,84,diesel,0.00915465152013763,0.4831,-0.47394534847986236,0.009446456037351923
251,plts_kup84,1,84,solar,1.3028598372146658,0.0,1.3028598372146658,2.136828626593728
252,batt_kup84,1,84,battery,0.5552198055449117,0.0,0.5552198055449117,1.0435848593223964
253,pltd_kup85,1,85,diesel,0.0014012546132798516,0.0739,-0.07249874538672015,0.0014459196040904558
254,plts_kup85,1,85,solar,0.19941705481503094,0.0,0.19941705481503094,0.32706509710951487
255,batt_kup85,1,85,battery,0.0849822645263721,0.0,0.0849822645263721,0.1597320620392992
256,pltd_kup86,1,86,diesel,0.00886870261356568,0.468,-0.4591312973864343,0.009151392509382981
257,plts_kup86,1,86,solar,1.2621440811427411,0.0,1.2621440811427411,2.070051066961827
258,batt_kup86,1,86,battery,0.5378691124732885,0.0,0.5378691124732885,1.0109719476073076
259,pltd_kup87,1,87,diesel,0.008109623893421134,0.4279,-0.4197903761065789,0.00836811815503386
260,plts_kup87,1,87,solar,1.1541271924375407,0.0,1.1541271924375407,1.8928914398129535
261,batt_kup87,1,87,battery,0.4918368904533596,0.0,0.4918368904533596,0.9244507728432662
262,pltd_kup88,1,88,diesel,0.0037482509867338646,0.1978,-0.19405174901326613,0.0038677264869468398
263,plts_kup88,1,88,solar,0.5334407864159311,0.0,0.5334407864159311,0.87489951035802
264,batt_kup88,1,88,battery,0.22732830929723863,0.0,0.22732830929723863,0.4272840152968526
265,pltd_kup89,1,89,diesel,0.017865586027701046,0.9427,-0.9248344139722989,0.018435051582344007
266,plts_kup89,1,89,solar,2.542569118014583,0.0,2.542569118014583,4.170084371332147
267,batt_kup89,1,89,battery,1.0835284027264391,0.0,1.0835284027264391,2.0365864325190977
268,pltd_kup90,1,90,diesel,0.005727337173341779,0.3022,-0.29647266282665824,0.005909896045752382
269,plts_kup90,1,90,solar,0.815118081020437,0.0,0.815118081020437,1.336880455500654
270,batt_kup90,1,90,battery,0.34736636779760305,0.0,0.34736636779760305,0.6529059131195629
271,pltd_kup91,1,91,diesel,0.005423761066697248,0.2862,-0.2807762389333028,0.005596643450708648
272,plts_kup91,1,91,solar,0.771911129109134,0.0,0.771911129109134,1.2660162508339081
273,batt_kup91,1,91,battery,0.32895335777337464,0.0,0.32895335777337464,0.6182968868329073
274,pltd_kup92,1,92,diesel,0.0045714585601523885,0.2412,-0.2366285414398476,0.004717173801767813
275,plts_kup92,1,92,solar,0.6505984438746912,0.0,0.6505984438746912,1.0670503681790016
276,batt_kup92,1,92,battery,0.2772552997150632,0.0,0.2772552997150632,0.5211260991705391
277,pltd_kup93,1,93,diesel,0.020434535788187755,1.0783,-1.0578654642118124,0.021085886616446232
278,plts_kup93,1,93,solar,2.9081679774756695,0.0,2.9081679774756695,4.769704978985212
279,batt_kup93,1,93,battery,1.2393294588999415,0.0,1.2393294588999415,2.329429646952596
280,pltd_kup94,1,94,diesel,0.0030008707199162894,0.1583,-0.15529912928008371,0.003096523474124747
281,plts_kup94,1,94,solar,0.4270850225969347,0.0,0.4270850225969347,0.7004648504926319
282,batt_kup94,1,94,battery,0.1820041674445151,0.0,0.1820041674445151,0.34209326956831193
283,pltd_kup95,1,95,diesel,0.0010040854400122081,0.053,-0.05199591455998779,0.0010360906634240493
284,plts_kup95,1,95,solar,0.13939709723831442,0.0,0.13939709723831442,0.23439722250727912
285,batt_kup95,1,95,battery,0.06090754342269378,0.0,0.06090754342269378,0.11447615634493513
286,pltd_kup96,1,96,diesel,0.0010275542400005318,0.0542,-0.053172445759999465,0.001060307531412249
287,plts_kup96,1,96,solar,0.14363035176329722,0.0,0.14363035176329722,0.23984770073112976
288,batt_kup96,1,96,battery,0.06231895001286672,0.0,0.06231895001286672,0.11713890268897793
289,pltd_kup97,1,97,diesel,0.0019148701866341612,0.101,-0.09908512981336584,0.001975906673844013
290,plts_kup97,1,97,solar,0.26733534249219126,0.0,0.26733534249219126,0.44698869607426617
291,batt_kup97,1,97,battery,0.11614066396182551,0.0,0.11614066396182551,0.21829450233568218
292,pltd_kup98,1,98,diesel,0.0009929203199873502,0.0524,-0.05140707968001265,0.0010245696551985492
293,plts_kup98,1,98,solar,0.13837401693147047,0.0,0.13837401693147047,0.23167132043986757
294,batt_kup98,1,98,battery,0.06020363066683938,0.0,0.06020363066683938,0.11314497794053353
295,pltd_kup99,1,99,diesel,0.0010569055999965268,0.0558,-0.054743094400003474,0.0010905944660079701
296,plts_kup99,1,99,solar,0.14696527145620425,0.0,0.14696527145620425,0.24666183211836507
297,batt_kup99,1,99,battery,0.06409156892455944,0.0,0.06409156892455944,0.12046463631013903
298,pltd_kup100,1,100,diesel,0.004261999893223691,0.2249,-0.2206380001067763,0.004397851139830126
299,plts_kup100,1,100,solar,0.5955166720139345,0.0,0.5955166720139345,0.9948215058724925
300,batt_kup100,1,100,battery,0.2585217800281115,0.0,0.2585217800281115,0.4858376199171656
301,pltd_kup101,1,101,diesel,0.002276769493305842,0.1201,-0.11782323050669416,0.002349341520915914
302,plts_kup101,1,101,solar,0.31909588655538174,0.0,0.31909588655538174,0.5314830923296413
303,batt_kup101,1,101,battery,0.13810139210419517,0.0,0.13810139210419517,0.2595726488808119
304,pltd_kup102,1,102,diesel,0.002778907093242459,0.1466,-0.14382109290675754,0.002867484756850339
305,plts_kup102,1,102,solar,0.39261025408123557,0.0,0.39261025408123557,0.6486814318100333
306,batt_kup102,1,102,battery,0.16856479496231372,0.0,0.16856479496231372,0.3168092003557497
307,pltd_kup103,1,103,diesel,0.0033803767466055253,0.1784,-0.17501962325339449,0.003488126255414162
308,plts_kup103,1,103,solar,0.4765668353222813,0.0,0.4765668353222813,0.7890495611295043
309,batt_kup103,1,103,battery,0.2050381384056132,0.0,0.2050381384056132,0.38537480789777656
310,pltd_kup104,1,104,diesel,0.003970178666673788,0.2095,-0.2055298213333262,0.0040967281116842565
311,plts_kup104,1,104,solar,0.5588708368629957,0.0,0.5588708368629957,0.926687347119751
312,batt_kup104,1,104,battery,0.24079251511878144,0.0,0.24079251511878144,0.4525849385065909
313,pltd_kup105,1,105,diesel,0.002276769493302491,0.1201,-0.1178232305066975,0.0023493415209121307
314,plts_kup105,1,105,solar,0.3181897433525516,0.0,0.3181897433525516,0.5314840233563967
315,batt_kup105,1,105,battery,0.13810625369707102,0.0,0.13810625369707102,0.2595777792282664
316,pltd_kup106,1,106,diesel,0.0014890882133467148,0.0786,-0.07711091178665329,0.001536552900158827
317,plts_kup106,1,106,solar,0.20867096949021727,0.0,0.20867096949021727,0.3475066621099727
318,batt_kup106,1,106,battery,0.09029522948260245,0.0,0.09029522948260245,0.16971714026255127
319,pltd_kup107,1,107,diesel,0.0015178805333809827,0.0801,-0.07858211946661903,0.0015662629753938596
320,plts_kup107,1,107,solar,0.2119733296024083,0.0,0.2119733296024083,0.35432193429680103
321,batt_kup107,1,107,battery,0.09208022431990089,0.0,0.09208022431990089,0.1730486349254628
322,pltd_kup108,1,108,diesel,0.002160246186719035,0.114,-0.11183975381328097,0.0022291040339323205
323,plts_kup108,1,108,solar,0.3074346854460124,0.0,0.3074346854460124,0.5042255757864967
324,batt_kup108,1,108,battery,0.13101494438869823,0.0,0.13101494438869823,0.24625379001796216
325,pltd_kup109,1,109,diesel,0.0025104572800774957,0.1325,-0.12998954271992252,0.002590478105890146
326,plts_kup109,1,109,solar,0.347881312318029,0.0,0.347881312318029,0.5859937479270027
327,batt_kup109,1,109,battery,0.15226417574713463,0.0,0.15226417574713463,0.2861906174898785
328,pltd_kup110,1,110,diesel,0.0017397313067144394,0.0918,-0.09006026869328557,0.001795185242127407
329,plts_kup110,1,110,solar,0.24464363361978383,0.0,0.24464363361978383,0.40610953239490377
330,batt_kup110,1,110,battery,0.1055244135589099,0.0,0.1055244135589099,0.19834416216807005
331,pltd_kup111,1,111,diesel,0.003018467199992484,0.1593,-0.1562815328000075,0.003114680842003099
332,plts_kup111,1,111,solar,0.42869119296134,0.0,0.42869119296134,0.7045548595956962
333,batt_kup111,1,111,battery,0.18307663372728927,0.0,0.18307663372728927,0.3440993225915492
334,pltd_kup112,1,112,diesel,0.0033452299733241716,0.1765,-0.1731547700266758,0.003451859178735619
335,plts_kup112,1,112,solar,0.48489448582626177,0.0,0.48489448582626177,0.7808679936157593
336,batt_kup112,1,112,battery,0.20288656896221416,0.0,0.20288656896221416,0.38135442714424145
337,pltd_kup113,1,113,diesel,0.004805043733418504,0.2535,-0.2486949562665815,0.004958204502431196
338,plts_kup113,1,113,solar,0.6760831392754085,0.0,0.6760831392754085,1.1215603516994297
339,batt_kup113,1,113,battery,0.2914360955358328,0.0,0.2914360955358328,0.5477376536296257
340,pltd_kup114,1,114,diesel,0.0024054733867150753,0.1269,-0.12449452661328493,0.0024821478509275932
341,plts_kup114,1,114,solar,0.3399635083775343,0.0,0.3399635083775343,0.5614612623794653
342,batt_kup114,1,114,battery,0.14588632410575855,0.0,0.14588632410575855,0.2742011394069612
343,pltd_kup115,1,115,diesel,0.0024230596267476446,0.1279,-0.12547694037325238,0.002500294652361117
344,plts_kup115,1,115,solar,0.34029482729729,0.0,0.34029482729729,0.5655491245858605
345,batt_kup115,1,115,battery,0.14694335550906268,0.0,0.14694335550906268,0.2761989474413279
346,pltd_kup116,1,116,diesel,0.0024812802134353404,0.1309,-0.12841871978656466,0.002560371020249744
347,plts_kup116,1,116,solar,0.35126540411209084,0.0,0.35126540411209084,0.5791777279638517
348,batt_kup116,1,116,battery,0.1504960567112194,0.0,0.1504960567112194,0.2828574793729196
349,pltd_kup117,1,117,diesel,0.0036430875733623326,0.1922,-0.1885569124266377,0.00375921098977411
350,plts_kup117,1,117,solar,0.5181835058965119,0.0,0.5181835058965119,0.850368071672058
351,batt_kup117,1,117,battery,0.22097631489113145,0.0,0.22097631489113145,0.4152903657978503
352,pltd_kup118,1,118,diesel,0.002592290239992686,0.1368,-0.13420770976000732,0.002674919491403549
353,plts_kup118,1,118,solar,0.3669297173518717,0.0,0.3669297173518717,0.6050724927176127
354,batt_kup118,1,118,battery,0.15723588961685642,0.0,0.15723588961685642,0.2955064544846251
355,pltd_kup119,1,119,diesel,0.0021834328532572074,0.1152,-0.11301656714674278,0.002253029775466169
356,plts_kup119,1,119,solar,0.3094151751478441,0.0,0.3094151751478441,0.509676676756262
357,batt_kup119,1,119,battery,0.13243752555660343,0.0,0.13243752555660343,0.24891259293729673
358,pltd_kup120,1,120,diesel,0.0026270370133470214,0.1386,-0.13597296298665298,0.002710773818158114
359,plts_kup120,1,120,solar,0.36797716458109164,0.0,0.36797716458109164,0.6132480693464506
360,batt_kup120,1,120,battery,0.1593624799089241,0.0,0.1593624799089241,0.2994974665012381
361,pltd_kup121,1,121,diesel,0.003625650133335936,0.1913,-0.18767434986666406,0.0037412177313457403
362,plts_kup121,1,121,solar,0.5037469941682291,0.0,0.5037469941682291,0.8462823665627687
363,batt_kup121,1,121,battery,0.21989247501373957,0.0,0.21989247501373957,0.4133101870501159
364,pltd_kup122,1,122,diesel,0.0027150141866178917,0.1433,-0.1405849858133821,0.002801555263826753
365,plts_kup122,1,122,solar,0.37962674238398214,0.0,0.37962674238398214,0.6336883717399516
366,batt_kup122,1,122,battery,0.16466755689139193,0.0,0.16466755689139193,0.3094756454565361
367,pltd_kup123,1,123,diesel,0.0025398188800323847,0.134,-0.13146018111996763,0.0026207756068446957
368,plts_kup123,1,123,solar,0.3626392936634244,0.0,0.3626392936634244,0.5928076804346375
369,batt_kup123,1,123,battery,0.1540434295323838,0.0,0.1540434295323838,0.28952335863599726
370,pltd_kup124,1,124,diesel,0.0026565883731330796,0.1402,-0.13754341162686692,0.0027412671275381627
371,plts_kup124,1,124,solar,0.38007543760789286,0.0,0.38007543760789286,0.6200614427187885
372,batt_kup124,1,124,battery,0.1611393111475246,0.0,0.1611393111475246,0.3028283215103644
373,pltd_kup125,1,125,diesel,0.003701436479990789,0.1953,-0.1915985635200092,0.0038194197678011288
374,plts_kup125,1,125,solar,0.5241440575885318,0.0,0.5241440575885318,0.863995815346041
375,batt_kup125,1,125,battery,0.22448514451641916,0.0,0.22448514451641916,0.4219457641254924
376,pltd_kup126,1,126,diesel,0.0028374662399712185,0.1497,-0.14686253376002878,0.0029279104763815385
377,plts_kup126,1,126,solar,0.4050087852260757,0.0,0.4050087852260757,0.6623061011742005
378,batt_kup126,1,126,battery,0.17209490554966322,0.0,0.17209490554966322,0.32345010655714485
379,pltd_kup127,1,127,diesel,0.004898257279816224,0.2585,-0.25360174272018376,0.005054389230620991
380,plts_kup127,1,127,solar,0.7015807138124293,0.0,0.7015807138124293,1.1433666408822962
381,batt_kup127,1,127,battery,0.29709529370989,0.0,0.29709529370989,0.5583946809555315
382,pltd_kup128,1,128,diesel,0.004233038293116506,0.2234,-0.2191669617068835,0.0043679663887195245
383,plts_kup128,1,128,solar,0.5921913371795222,0.0,0.5921913371795222,0.988012441848173
384,batt_kup128,1,128,battery,0.25675072148125894,0.0,0.25675072148125894,0.4825340965128737
385,pltd_kup129,1,129,diesel,0.0036840861866824053,0.1944,-0.1907159138133176,0.003801516433894206
386,plts_kup129,1,129,solar,0.5313992854389957,0.0,0.5313992854389957,0.8599107963739625
387,batt_kup129,1,129,battery,0.22345602490377905,0.0,0.22345602490377905,0.4199674714265865
388,pltd_kup130,1,130,diesel,0.0029541024000849,0.1559,-0.15294589759991511,0.003048264414098145
389,plts_kup130,1,130,solar,0.41596600812195855,0.0,0.41596600812195855,0.6895634225728939
390,batt_kup130,1,130,battery,0.17919859586642262,0.0,0.17919859586642262,0.33676864773368426
391,pltd_kup131,1,131,diesel,0.003421206079865843,0.1805,-0.17707879392013415,0.0035302570236719396
392,plts_kup131,1,131,solar,0.47979914308401755,0.0,0.47979914308401755,0.7985881624349556
393,batt_kup131,1,131,battery,0.20752520331364402,0.0,0.20752520331364402,0.39003137787170106
394,pltd_kup132,1,132,diesel,0.0027908312533519624,0.1473,-0.14450916874664801,0.0028797889995646852
395,plts_kup132,1,132,solar,0.4057542847452273,0.0,0.4057542847452273,0.6514070258283988
396,batt_kup132,1,132,battery,0.16927816341467652,0.0,0.16927816341467652,0.3181461145216273
397,pltd_kup133,1,133,diesel,0.0023235942400332585,0.1226,-0.12027640575996675,0.0023976588064445596
398,plts_kup133,1,133,solar,0.3204148847464922,0.0,0.3204148847464922,0.5423827112914648
399,batt_kup133,1,133,battery,0.14092624009507265,0.0,0.14092624009507265,0.26488409586914524
400,pltd_kup134,1,134,diesel,0.003631701973274688,0.1916,-0.1879682980267253,0.003747462473682567
401,plts_kup134,1,134,solar,0.5039461660148312,0.0,0.5039461660148312,0.8476472740197232
402,batt_kup134,1,134,battery,0.22026252847073124,0.0,0.22026252847073124,0.4139892097003784
403,pltd_kup135,1,135,diesel,0.005389209279946385,0.2844,-0.2790107907200536,0.005560990325753557
404,plts_kup135,1,135,solar,0.7385945147612452,0.0,0.7385945147612452,1.257834795513705
405,batt_kup135,1,135,battery,0.32685036505869786,0.0,0.32685036505869786,0.6142884054880855
406,pltd_kup136,1,136,diesel,0.0026270370133243117,0.1386,-0.1359729629866757,0.002710773818133917
407,plts_kup136,1,136,solar,0.36133520765993166,0.0,0.36133520765993166,0.6132471507013262
408,batt_kup136,1,136,battery,0.15935266361160613,0.0,0.15935266361160613,0.2994924043800693
409,pltd_kup137,1,137,diesel,0.0011618740266495994,0.0613,-0.0601381259733504,0.0011989087612615358
410,plts_kup137,1,137,solar,0.1653502498420224,0.0,0.1653502498420224,0.2711917647382063
411,batt_kup137,1,137,battery,0.07046463917747021,0.0,0.07046463917747021,0.13244436042948296
412,pltd_kup138,1,138,diesel,0.0011208446933529414,0.0591,-0.05797915530664706,0.0011565716179685757
413,plts_kup138,1,138,solar,0.16791499682747257,0.0,0.16791499682747257,0.2616541114634579
414,batt_kup138,1,138,battery,0.0679865626399513,0.0,0.0679865626399513,0.12779138226711395
415,pltd_kup139,1,139,diesel,0.0039061729067727583,0.2061,-0.20219382709322725,0.004030682168187138
416,plts_kup139,1,139,solar,0.5592750275108033,0.0,0.5592750275108033,0.9116959638764986
417,batt_kup139,1,139,battery,0.23691730187499932,0.0,0.23691730187499932,0.4452627513753561
418,pltd_kup140,1,140,diesel,0.0007530730666799029,0.0397,-0.038946926933320095,0.000777077270693518
419,plts_kup140,1,140,solar,0.11022503419246237,0.0,0.11022503419246237,0.17579887358242585
420,batt_kup140,1,140,battery,0.045679043018885784,0.0,0.045679043018885784,0.08585889141781233
421,pltd_kup141,1,141,diesel,0.0016813516800569435,0.0887,-0.08701864831994306,0.001734944764876919
422,plts_kup141,1,141,solar,0.2632967072448559,0.0,0.2632967072448559,0.3924799712018629
423,batt_kup141,1,141,battery,0.1019901230936282,0.0,0.1019901230936282,0.19168825131576078
424,pltd_kup142,1,142,diesel,0.0023059875199995562,0.1217,-0.11939401248000045,0.002379490872219624
425,plts_kup142,1,142,solar,0.36841968164097716,0.0,0.36841968164097716,0.5382981741052386
426,batt_kup142,1,142,battery,0.13988714096631763,0.0,0.13988714096631763,0.26290449362877827
427,pltd_kup143,1,143,diesel,0.002989259413424158,0.1577,-0.15471074058657586,0.0030845420572382064
428,plts_kup143,1,143,solar,0.4257275593477316,0.0,0.4257275593477316,0.6977408404252826
429,batt_kup143,1,143,battery,0.18131318584973927,0.0,0.18131318584973927,0.34076861072338543
430,pltd_kup144,1,144,diesel,0.0022418689066932974,0.1183,-0.1160581310933067,0.002313328478107183
431,plts_kup144,1,144,solar,0.3293838468736382,0.0,0.3293838468736382,0.5233048474567492
432,batt_kup144,1,144,battery,0.13598166366102438,0.0,0.13598166366102438,0.25557410434692623
433,pltd_kup145,1,145,diesel,0.002282764906696138,0.1205,-0.11821723509330385,0.002355528038108492
434,plts_kup145,1,145,solar,0.3243633371161341,0.0,0.3243633371161341,0.5328429233627339
435,batt_kup145,1,145,battery,0.1384539786715307,0.0,0.1384539786715307,0.26022538878043056
436,pltd_kup146,1,146,diesel,0.002008273493341789,0.106,-0.10399172650665821,0.002072287210954601
437,plts_kup146,1,146,solar,0.2911932038725528,0.0,0.2911932038725528,0.46879581498916284
438,batt_kup146,1,146,battery,0.12182684290603447,0.0,0.12182684290603447,0.22896044528697682
439,pltd_kup147,1,147,diesel,0.0008758841599842157,0.0462,-0.045324115840015784,0.0009038029675980264
440,plts_kup147,1,147,solar,0.13045237349849007,0.0,0.13045237349849007,0.2044157524001617
441,batt_kup147,1,147,battery,0.053115719414695055,0.0,0.053115719414695055,0.09983534036142545
442,pltd_kup148,1,148,diesel,0.000834675306643508,0.0441,-0.04326532469335649,0.0008612805820562839
443,plts_kup148,1,148,solar,0.12285153379690704,0.0,0.12285153379690704,0.19487845373919765
444,batt_kup148,1,148,battery,0.0506420805233807,0.0,0.0506420805233807,0.09517839881269073
445,pltd_kup149,1,149,diesel,0.0016522362666225965,0.0872,-0.0855477637333774,0.0017049012976397663
446,plts_kup149,1,149,solar,0.2596527194177431,0.0,0.2596527194177431,0.3856639560269712
447,batt_kup149,1,149,battery,0.10021990488256508,0.0,0.10021990488256508,0.18834869809826177
448,pltd_kup150,1,150,diesel,0.003175963413387481,0.1676,-0.16442403658661253,0.003277197247205135
449,plts_kup150,1,150,solar,0.4905392549708163,0.0,0.4905392549708163,0.7413524837305047
450,batt_kup150,1,150,battery,0.19265967430181805,0.0,0.19265967430181805,0.3620783291757124
451,pltd_kup151,1,151,diesel,0.00189734037326236,0.1001,-0.09820265962673763,0.0019578180976761415
452,plts_kup151,1,151,solar,0.29095778078619133,0.0,0.29095778078619133,0.4429008515748983
453,batt_kup151,1,151,battery,0.11509661683431954,0.0,0.11509661683431954,0.21630238848474256
454,pltd_kup152,1,152,diesel,0.002837466240058092,0.1497,-0.1468625337599419,0.0029279104764711405
455,plts_kup152,1,152,solar,0.403819609557034,0.0,0.403819609557034,0.6623075546432451
456,batt_kup152,1,152,battery,0.17209008105764945,0.0,0.17209008105764945,0.32345811577683636
457,pltd_kup153,1,153,diesel,0.0011850966399998587,0.0625,-0.061314903360000145,0.0012228715954123294
458,plts_kup153,1,153,solar,0.16867388295723632,0.0,0.16867388295723632,0.2766433063508575
459,batt_kup153,1,153,battery,0.07188165317291702,0.0,0.07188165317291702,0.13510742810312948
460,pltd_kup154,1,154,diesel,0.0019325538132898834,0.102,-0.10006744618671011,0.001994153966101733
461,plts_kup154,1,154,solar,0.28408639547789155,0.0,0.28408639547789155,0.45107922924767
462,batt_kup154,1,154,battery,0.1172256212981289,0.0,0.1172256212981289,0.2203072031865365
463,pltd_kup155,1,155,diesel,0.002364623573151698,0.1248,-0.12243537642684829,0.0024399959495617547
464,plts_kup155,1,155,solar,0.363144941119435,0.0,0.363144941119435,0.5519240714743118
465,batt_kup155,1,155,battery,0.14342659182621742,0.0,0.14342659182621742,0.2695562474746448
466,pltd_kup156,1,156,diesel,0.001512341546652807,0.0798,-0.07828765845334719,0.0015605474334699173
467,plts_kup156,1,156,solar,0.23498229322652534,0.0,0.23498229322652534,0.35295857253935375
468,batt_kup156,1,156,battery,0.09171999213168142,0.0,0.09171999213168142,0.17238165680460046
469,pltd_kup157,1,157,diesel,0.0030184672000895104,0.1593,-0.1562815327999105,0.0031146808421053233
470,plts_kup157,1,157,solar,0.44718767238150925,0.0,0.44718767238150925,0.7045539132094025
471,batt_kup157,1,157,battery,0.18306685218784943,0.0,0.18306685218784943,0.3440941076098906
472,pltd_kup158,1,158,diesel,0.0015763370666214776,0.0832,-0.08162366293337851,0.00162658281063184
473,plts_kup158,1,158,solar,0.22245850245759838,0.0,0.22245850245759838,0.36795031287155494
474,batt_kup158,1,158,battery,0.09562117192961717,0.0,0.09562117192961717,0.17970613249145356
475,pltd_kup159,1,159,diesel,0.0013660771200095414,0.0721,-0.07073392287999046,0.0014096208282243807
476,plts_kup159,1,159,solar,0.20371493434704802,0.0,0.20371493434704802,0.3188895257481543
477,batt_kup159,1,159,battery,0.08286209633041657,0.0,0.08286209633041657,0.1557425366064373
478,pltd_kup160,1,160,diesel,0.003327679680002066,0.1756,-0.17227232031999795,0.0034337494698112292
479,plts_kup160,1,160,solar,0.44964586771886633,0.0,0.44964586771886633,0.7767839223664469
480,batt_kup160,1,160,battery,0.2018348140171347,0.0,0.2018348140171347,0.37937733419002634
481,pltd_kup161,1,161,diesel,0.0031293848534676995,0.1651,-0.1619706151465323,0.0032291339956828226
482,plts_kup161,1,161,solar,0.4427126934966394,0.0,0.4427126934966394,0.7304439604160257
483,batt_kup161,1,161,battery,0.1897960401227606,0.0,0.1897960401227606,0.35672498611580744
484,pltd_kup162,1,162,diesel,0.002206968320045516,0.1165,-0.11429303167995448,0.002277315435259458
485,plts_kup162,1,162,solar,0.3208389692496797,0.0,0.3208389692496797,0.5151295248001954
486,batt_kup162,1,162,battery,0.13384682132370782,0.0,0.13384682132370782,0.25159040928159954
487,pltd_kup163,1,163,diesel,0.0018741280000092093,0.0989,-0.0970258719999908,0.0019338658300225864
488,plts_kup163,1,163,solar,0.27415968307693644,0.0,0.27415968307693644,0.43744985301375716
489,batt_kup163,1,163,battery,0.11367647371934034,0.0,0.11367647371934034,0.21363709571213454
490,pltd_kup164,1,164,diesel,0.0016697763200556957,0.0881,-0.0864302236799443,0.001723000440271764
491,plts_kup164,1,164,solar,0.2490248397008801,0.0,0.2490248397008801,0.389752646806275
492,batt_kup164,1,164,battery,0.10127472809989402,0.0,0.10127472809989402,0.19034917706549692
493,pltd_kup165,1,165,diesel,0.001891668053335645,0.0998,-0.09790833194666436,0.0019519649725495084
494,plts_kup165,1,165,solar,0.28107631680660167,0.0,0.28107631680660167,0.44153860310482557
495,batt_kup165,1,165,battery,0.11473921086439384,0.0,0.11473921086439384,0.2156379015101195
496,pltd_kup166,1,166,diesel,0.001839119786701917,0.097,-0.09516088021329809,0.001897741729915932
497,plts_kup166,1,166,solar,0.26794397124732483,0.0,0.26794397124732483,0.4292730140140705
498,batt_kup166,1,166,battery,0.11153962586789387,0.0,0.11153962586789387,0.20965209913112218
499,pltd_kup167,1,167,diesel,0.001103284160011423,0.0582,-0.05709671583998858,0.0011384513426238843
500,plts_kup167,1,167,solar,0.15508645233857105,0.0,0.15508645233857105,0.2575633007606504
501,batt_kup167,1,167,battery,0.06692752406635448,0.0,0.06692752406635448,0.1257891617010681
502,pltd_kup168,1,168,diesel,0.0020260237866293698,0.1069,-0.10487397621337062,0.0020906032948422304
503,plts_kup168,1,168,solar,0.3023859237748602,0.0,0.3023859237748602,0.4728829358025984
504,batt_kup168,1,168,battery,0.12286987754918911,0.0,0.12286987754918911,0.2309506990786383
505,pltd_kup169,1,169,diesel,0.006568387413550055,0.3466,-0.34003161258645,0.006777754762367092
506,plts_kup169,1,169,solar,0.9338944166511746,0.0,0.9338944166511746,1.5331186642324894
507,batt_kup169,1,169,battery,0.3983775811655435,0.0,0.3983775811655435,0.7487473310277223
508,pltd_kup170,1,170,diesel,0.004845939733144066,0.2557,-0.2508540602668559,0.005000404062149038
509,plts_kup170,1,170,solar,0.6985919361735312,0.0,0.6985919361735312,1.131099472600917
510,batt_kup170,1,170,battery,0.29389620751677714,0.0,0.29389620751677714,0.5523946964215184
511,pltd_kup171,1,171,diesel,0.004273641919852928,0.2255,-0.22122635808014707,0.0044098642560593945
512,plts_kup171,1,171,solar,0.6152363011885081,0.0,0.6152363011885081,0.9975528903727103
513,batt_kup171,1,171,battery,0.2592186673551114,0.0,0.2592186673551114,0.4871974348002131
514,pltd_kup172,1,172,diesel,0.001821713066703275,0.0961,-0.09427828693329673,0.0018797801707168904
515,plts_kup172,1,172,solar,0.2627923949313335,0.0,0.2627923949313335,0.4251837646595113
516,batt_kup172,1,172,battery,0.11048701003419759,0.0,0.11048701003419759,0.20765055348618225
517,pltd_kup173,1,173,diesel,0.003462158506810161,0.1827,-0.17923784149318983,0.003572514809225127
518,plts_kup173,1,173,solar,0.4868440748352551,0.0,0.4868440748352551,0.8081273546605875
519,batt_kup173,1,173,battery,0.2099988091420477,0.0,0.2099988091420477,0.39468837639340026
520,pltd_kup174,1,174,diesel,0.0034331866667532554,0.1811,-0.17766681333324674,0.0035426194917669252
521,plts_kup174,1,174,solar,0.48857196769269984,0.0,0.48857196769269984,0.8013097142951401
522,batt_kup174,1,174,battery,0.20820676126311163,0.0,0.20820676126311163,0.3913439485349033
523,pltd_kup175,1,175,diesel,0.002854770346620068,0.1506,-0.14774522965337994,0.002945766151429383
524,plts_kup175,1,175,solar,0.40350002203314866,0.0,0.40350002203314866,0.6663942162961488
525,batt_kup175,1,175,battery,0.17315191369154262,0.0,0.17315191369154262,0.32544758808563884
526,pltd_kup176,1,176,diesel,0.0018391197866704685,0.097,-0.09516088021332954,0.0018977417298820527
527,plts_kup176,1,176,solar,0.25955132053164215,0.0,0.25955132053164215,0.4292736354312522
528,batt_kup176,1,176,battery,0.11154178676683844,0.0,0.11154178676683844,0.20965552339764768
529,pltd_kup177,1,177,diesel,0.006042637440024742,0.3189,-0.31285736255997526,0.006235246508435426
530,plts_kup177,1,177,solar,0.853810328053617,0.0,0.853810328053617,1.4104712130424397
531,batt_kup177,1,177,battery,0.3665184999180992,0.0,0.3665184999180992,0.6888494711370864
532,pltd_kup178,1,178,diesel,0.0023001818666395736,0.1214,-0.11909981813336042,0.0023735001636513145
533,plts_kup178,1,178,solar,0.3355100938631961,0.0,0.3355100938631961,0.5369328897105147
534,batt_kup178,1,178,battery,0.13953317852440758,0.0,0.13953317852440758,0.26222730004493505
535,pltd_kup179,1,179,diesel,0.0019733164800727673,0.1041,-0.10212668351992724,0.0020362159428883716
536,plts_kup179,1,179,solar,0.2903280822320808,0.0,0.2903280822320808,0.4606192381223067
537,batt_kup179,1,179,battery,0.1196998650925909,0.0,0.1196998650925909,0.22496951815399835
538,pltd_kup180,1,180,diesel,0.002522089066669505,0.1331,-0.1305779109333305,0.002602480655682035
539,plts_kup180,1,180,solar,0.36759969736066234,0.0,0.36759969736066234,0.5887168722582315
540,batt_kup180,1,180,battery,0.15297557762957845,0.0,0.15297557762957845,0.28751252331452315
541,pltd_kup181,1,181,diesel,0.002376357973295465,0.1254,-0.12302364202670454,0.0024521043837067834
542,plts_kup181,1,181,solar,0.3468567715462164,0.0,0.3468567715462164,0.5546479451905155
543,batt_kup181,1,181,battery,0.14412971943938313,0.0,0.14412971943938313,0.2708817289816983
544,pltd_kup182,1,182,diesel,0.00419208586642001,0.2212,-0.21700791413358,0.004325708603424948
545,plts_kup182,1,182,solar,0.6222852456073973,0.0,0.6222852456073973,0.9784700627517484
546,batt_kup182,1,182,battery,0.25422795130122083,0.0,0.25422795130122083,0.4778651918414501
547,pltd_kup183,1,183,diesel,0.003018467199951882,0.1593,-0.1562815328000481,0.0031146808419614345
548,plts_kup183,1,183,solar,0.429577622214947,0.0,0.429577622214947,0.7045531360808699
549,batt_kup183,1,183,battery,0.18306635066891241,0.0,0.18306635066891241,0.3440898253059899
550,pltd_kup184,1,184,diesel,0.0017047845333206194,0.09,-0.08829521546667937,0.001759124540333386
551,plts_kup184,1,184,solar,0.24914111645359674,0.0,0.24914111645359674,0.3979302985353729
552,batt_kup184,1,184,battery,0.10340581098862071,0.0,0.10340581098862071,0.19433865212267779
553,pltd_kup185,1,185,diesel,0.0036899687467607453,0.1947,-0.19101003125323926,0.003807586500576694
554,plts_kup185,1,185,solar,0.5480695542569888,0.0,0.5480695542569888,0.8612746605717523
555,batt_kup185,1,185,battery,0.22380252743213122,0.0,0.22380252743213122,0.4206429312655059
556,pltd_kup186,1,186,diesel,0.0021134881066428852,0.1115,-0.10938651189335712,0.002180855540058
557,plts_kup186,1,186,solar,0.3241204944685944,0.0,0.3241204944685944,0.49332294118584513
558,batt_kup186,1,186,battery,0.1281898071821867,0.0,0.1281898071821867,0.24092496746317643
559,pltd_kup187,1,187,diesel,0.001302035413305563,0.0687,-0.06739796458669443,0.0013435377921191085
560,plts_kup187,1,187,solar,0.19355241198317294,0.0,0.19355241198317294,0.30389991054414545
561,batt_kup187,1,187,battery,0.07896976499965326,0.0,0.07896976499965326,0.1484246119455621
562,pltd_kup188,1,188,diesel,0.020317673919579667,1.0721,-1.0517823260804204,0.02096529977577614
563,plts_kup188,1,188,solar,2.891549991647285,0.0,2.891549991647285,4.742449480487609
564,batt_kup188,1,188,battery,1.2322474998454451,0.0,1.2322474998454451,2.3161182350951384
565,pltd_kup189,1,189,diesel,0.018729479359977496,0.9883,-0.9695705206400225,0.019326481514586644
566,plts_kup189,1,189,solar,2.665543449443045,0.0,2.665543449443045,4.371774822431724
567,batt_kup189,1,189,battery,1.1359338626525908,0.0,1.1359338626525908,2.135088103923087
568,pltd_kup190,1,190,diesel,0.05966843925597748,3.1485,-3.088831560744022,0.061570370757271266
569,plts_kup190,1,190,solar,8.49185024410945,0.0,8.49185024410945,13.927538350048405
570,batt_kup190,1,190,battery,3.618842785639987,0.0,3.618842785639987,6.801934167149884
571,pltd_kup191,1,191,diesel,0.011157150081001726,0.5887,-0.5775428499189983,0.011512784239843437
572,plts_kup191,1,191,solar,1.5878599829713957,0.0,1.5878599829713957,2.604259307548598
573,batt_kup191,1,191,battery,0.6766743954917227,0.0,0.6766743954917227,1.2718687351833555
574,pltd_kup192,1,192,diesel,0.0034390487466550864,0.1815,-0.1780609512533449,0.003548668425465664
575,plts_kup192,1,192,solar,0.4894027405361587,0.0,0.4894027405361587,0.8026725429283331
576,batt_kup192,1,192,battery,0.2085614311849252,0.0,0.2085614311849252,0.39200994199205597
577,pltd_kup193,1,193,diesel,0.002656588373260372,0.1402,-0.1375434116267396,0.0027412671276693377
578,plts_kup193,1,193,solar,0.37806151682650524,0.0,0.37806151682650524,0.6200609532865219
579,batt_kup193,1,193,battery,0.16111276203377162,0.0,0.16111276203377162,0.3028256245343346
580,pltd_kup194,1,194,diesel,0.001985240640038698,0.1047,-0.1027147593599613,0.0020485201854516873
581,plts_kup194,1,194,solar,0.2825068842869118,0.0,0.2825068842869118,0.46334160634291366
582,batt_kup194,1,194,battery,0.12039199829343936,0.0,0.12039199829343936,0.2262870245956325
583,pltd_kup195,1,195,diesel,0.0059612352001523665,0.3145,-0.30853876479984765,0.006151249572161756
584,plts_kup195,1,195,solar,0.8483534112606484,0.0,0.8483534112606484,1.3913898771503397
585,batt_kup195,1,195,battery,0.3615298900890747,0.0,0.3615298900890747,0.6795271969006432
586,pltd_kup196,1,196,diesel,0.0011675463466495888,0.0616,-0.06043245365335041,0.001204761886461526
587,plts_kup196,1,196,solar,0.16618154399286483,0.0,0.16618154399286483,0.27255574436217384
588,batt_kup196,1,196,battery,0.0708196307979852,0.0,0.0708196307979852,0.1331110997180096
589,pltd_kup197,1,197,diesel,0.0015705878400746965,0.0829,-0.0813294121599253,0.0016206503274880724
590,plts_kup197,1,197,solar,0.21724649889882514,0.0,0.21724649889882514,0.36658663545687825
591,batt_kup197,1,197,battery,0.0952508021509594,0.0,0.0952508021509594,0.17903534544269076
592,pltd_kup198,1,198,diesel,0.003864897386779082,0.2039,-0.2000351026132209,0.003988090990993426
593,plts_kup198,1,198,solar,0.5500593940601866,0.0,0.5500593940601866,0.9021560284417317
594,batt_kup198,1,198,battery,0.234410652074549,0.0,0.234410652074549,0.44059530271531056
595,pltd_kup199,1,199,diesel,0.006544775040046218,0.3453,-0.3387552249599538,0.006753389744457851
596,plts_kup199,1,199,solar,0.931444423893169,0.0,0.931444423893169,1.5276679613996809
597,batt_kup199,1,199,battery,0.39693935398446756,0.0,0.39693935398446756,0.7460829096907565
598,pltd_kup200,1,200,diesel,0.007975124586368084,0.4208,-0.41282487541363194,0.008229331682568543
599,plts_kup200,1,200,solar,1.135016687064045,0.0,1.135016687064045,1.8615483794368748
600,batt_kup200,1,200,battery,0.4836927975871934,0.0,0.4836927975871934,0.9091432958337134
601,pltd_kup201,1,201,diesel,0.003660673813299519,0.1932,-0.1895393261867005,0.003777357791109299
602,plts_kup201,1,201,solar,0.5209774876340065,0.0,0.5209774876340065,0.8544587742097298
603,batt_kup201,1,201,battery,0.222017207618841,0.0,0.222017207618841,0.41730018170958055
604,pltd_kup202,1,202,diesel,0.0013369359999442984,0.0705,-0.0691630640000557,0.001379550834954879
605,plts_kup202,1,202,solar,0.1902781310740875,0.0,0.1902781310740875,0.31207586547682603
606,batt_kup202,1,202,battery,0.08108763468583118,0.0,0.08108763468583118,0.152411791114895
607,pltd_kup203,1,203,diesel,0.008413266666596513,0.4439,-0.4354867333334035,0.008681439541604238
608,plts_kup203,1,203,solar,1.1973333623883566,0.0,1.1973333623883566,1.9637541348919156
609,batt_kup203,1,203,battery,0.5102494179301243,0.0,0.5102494179301243,0.9590587677206048
610,pltd_kup204,1,204,diesel,0.006737474453192325,0.3555,-0.34876252554680764,0.006952231451397997
611,plts_kup204,1,204,solar,0.9588647846340788,0.0,0.9588647846340788,1.5726401507849874
612,batt_kup204,1,204,battery,0.4086244585979468,0.0,0.4086244585979468,0.7680460437826516
613,pltd_kup205,1,205,diesel,0.008004675946785788,0.4224,-0.4143953240532142,0.008259824992599528
614,plts_kup205,1,205,solar,1.1391704115679415,0.0,1.1391704115679415,1.8683610398923831
615,batt_kup205,1,205,battery,0.4854630609788143,0.0,0.4854630609788143,0.9124702223812624
616,pltd_kup206,1,206,diesel,0.0056923596799332635,0.3004,-0.29470764032006674,0.005873803644741477
617,plts_kup206,1,206,solar,0.8101324005118405,0.0,0.8101324005118405,1.3287031639789715
618,batt_kup206,1,206,battery,0.3452417043557926,0.0,0.3452417043557926,0.6489121846558895
619,pltd_kup207,1,207,diesel,0.006965110399839733,0.3675,-0.3605348896001603,0.007187123293844722
620,plts_kup207,1,207,solar,0.9912697628323385,0.0,0.9912697628323385,1.625788026200611
621,batt_kup207,1,207,battery,0.4224345706440746,0.0,0.4224345706440746,0.7940031248865068
622,pltd_kup208,1,208,diesel,0.009680098880144214,0.5108,-0.5011199011198558,0.00998865203195862
623,plts_kup208,1,208,solar,1.3776413556418765,0.0,1.3776413556418765,2.259478470236759
624,batt_kup208,1,208,battery,0.5870884805665569,0.0,0.5870884805665569,1.1034843885612915
625,pltd_kup209,1,209,diesel,0.0027555613867087884,0.1454,-0.1426444386132912,0.0028433949059213795
626,plts_kup209,1,209,solar,0.3921873042357406,0.0,0.3921873042357406,0.6432291202470872
627,batt_kup209,1,209,battery,0.1671327854439819,0.0,0.1671327854439819,0.31414031593074493
628,pltd_kup210,1,210,diesel,0.0059612352001523665,0.3145,-0.30853876479984765,0.006151249572161756
629,plts_kup210,1,210,solar,0.8483534112606484,0.0,0.8483534112606484,1.3913898771503397
630,batt_kup210,1,210,battery,0.3615298900890747,0.0,0.3615298900890747,0.6795271969006432
631,pltd_kup211,1,211,diesel,0.0020785310933192813,0.1097,-0.10762146890668073,0.0021447842719308145
632,plts_kup211,1,211,solar,0.2979382848584819,0.0,0.2979382848584819,0.4851479895019268
633,batt_kup211,1,211,battery,0.1260647871328533,0.0,0.1260647871328533,0.23693696186021446
634,pltd_kup212,1,212,diesel,0.0042036971735161695,0.2218,-0.21759630282648382,0.0043376900209327945
635,plts_kup212,1,212,solar,0.5997998562898336,0.0,0.5997998562898336,0.9811957049097025
636,batt_kup212,1,212,battery,0.25494381154628754,0.0,0.25494381154628754,0.4792012345677728
637,pltd_kup213,1,213,diesel,0.0023992677331816283,0.1266,-0.12420073226681837,0.0024757443921872794
638,plts_kup213,1,213,solar,0.33498403029698637,0.0,0.33498403029698637,0.5600986227794743
639,batt_kup213,1,213,battery,0.1455304534598162,0.0,0.1455304534598162,0.2735341180683994
640,pltd_kup214,1,214,diesel,0.0018274520533311084,0.0964,-0.09457254794666889,0.001885702087541345
641,plts_kup214,1,214,solar,0.2493172745562463,0.0,0.2493172745562463,0.426546962142102
642,batt_kup214,1,214,battery,0.11082552963184558,0.0,0.11082552963184558,0.20831825861434008
643,pltd_kup215,1,215,diesel,0.00224186890664272,0.1183,-0.11605813109335729,0.002313328478053951
644,plts_kup215,1,215,solar,0.32310231288901686,0.0,0.32310231288901686,0.5233047497766449
645,batt_kup215,1,215,battery,0.13597454947458365,0.0,0.13597454947458365,0.2555735660886817
646,pltd_kup216,1,216,diesel,0.002008273493424339,0.106,-0.10399172650657566,0.0020722872110391995
647,plts_kup216,1,216,solar,0.2872520773114936,0.0,0.2872520773114936,0.4687958000216745
648,batt_kup216,1,216,battery,0.12182350067695694,0.0,0.12182350067695694,0.22896036280942206
649,pltd_kup217,1,217,diesel,0.00296016448007333,0.1562,-0.15323983551992668,0.0030545197228868106
650,plts_kup217,1,217,solar,0.4212691706262733,0.0,0.4212691706262733,0.6909263088329816
651,batt_kup217,1,217,battery,0.1795262051934833,0.0,0.1795262051934833,0.33743495874183993
652,pltd_kup218,1,218,diesel,0.001220310080011385,0.0644,-0.06317968991998861,0.0012592074638236182
653,plts_kup218,1,218,solar,0.17081162836789832,0.0,0.17081162836789832,0.28482067108989
654,batt_kup218,1,218,battery,0.0740082156380409,0.0,0.0740082156380409,0.13910704018942702
655,pltd_kup219,1,219,diesel,0.0015882047999959596,0.0838,-0.08221179520000405,0.0016388288280079855
656,plts_kup219,1,219,solar,0.22671853730265323,0.0,0.22671853730265323,0.3706753019933057
657,batt_kup219,1,219,battery,0.09632224414860287,0.0,0.09632224414860287,0.1810377603444153
658,pltd_kup220,1,220,diesel,0.003000870720070487,0.1583,-0.1552991292799295,0.00309652347428288
659,plts_kup220,1,220,solar,0.4189061675232999,0.0,0.4189061675232999,0.7004634635819348
660,batt_kup220,1,220,battery,0.18202576060562667,0.0,0.18202576060562667,0.3420856271154096
661,pltd_kup221,1,221,diesel,0.0032211730132829927,0.1045,-0.101278826986717,0.0033238479030840576
662,plts_kup221,1,221,solar,0.4230576332304003,0.0,0.4230576332304003,0.7211706371714856
663,batt_kup221,1,221,battery,0.1895515817078118,0.0,0.1895515817078118,0.3330397878311918
664,pltd_kup222,1,222,diesel,0.0029850450133611654,0.0968,-0.09381495498663883,0.0030801933231648496
665,plts_kup222,1,222,solar,0.3953653937631766,0.0,0.3953653937631766,0.6683139994131179
666,batt_kup222,1,222,battery,0.1756584272106005,0.0,0.1756584272106005,0.3086396403021111
667,pltd_kup223,1,223,diesel,0.007659880746584169,0.4042,-0.3965401192534158,0.007904039445390181
668,plts_kup223,1,223,solar,1.0577717861462712,0.0,1.0577717861462712,1.7879592166575973
669,batt_kup223,1,223,battery,0.46458485598891475,0.0,0.46458485598891475,0.8732104787051462
670,pltd_kup224,1,224,diesel,0.01359187743966514,0.7172,-0.7036081225603348,0.014025118533062892
671,plts_kup224,1,224,solar,1.877463449797786,0.0,1.877463449797786,3.1725294805406707
672,batt_kup224,1,224,battery,0.8243372613819171,0.0,0.8243372613819171,1.5493699293533758
673,pltd_kup225,1,225,diesel,0.007017448426280401,0.3703,-0.36328255157371964,0.007241129594876869
674,plts_kup225,1,225,solar,0.9694614569133704,0.0,0.9694614569133704,1.6380503789555834
675,batt_kup225,1,225,battery,0.42567759430545277,0.0,0.42567759430545277,0.7999690241783298
676,pltd_kup226,1,226,diesel,0.0038648973867171977,0.2039,-0.2000351026132828,0.0039880909909289905
677,plts_kup226,1,226,solar,0.5417272009916204,0.0,0.5417272009916204,0.9021569915550995
678,batt_kup226,1,226,battery,0.2344152641413396,0.0,0.2344152641413396,0.44060060986365557
679,pltd_kup227,1,227,diesel,0.0023936518399962268,0.1263,-0.12390634816000377,0.002469949492406949
680,plts_kup227,1,227,solar,0.3351517890378937,0.0,0.3351517890378937,0.5587392001719085
681,batt_kup227,1,227,battery,0.14519071726348293,0.0,0.14519071726348293,0.2728847654770439
682,pltd_kup228,1,228,diesel,0.007064319359625659,0.3728,-0.36573568064037437,0.0072894945392231285
683,plts_kup228,1,228,solar,0.9879533837527158,0.0,0.9879533837527158,1.648952045211017
684,batt_kup228,1,228,battery,0.4284597249964272,0.0,0.4284597249964272,0.805294026530373
685,pltd_kup229,1,229,diesel,0.006749219093501158,0.3561,-0.34935078090649885,0.006964350452115311
686,plts_kup229,1,229,solar,0.9305911697835252,0.0,0.9305911697835252,1.5753628481999546
687,batt_kup229,1,229,battery,0.40937857515166876,0.0,0.40937857515166876,0.7693654806779482
688,pltd_kup230,1,230,diesel,0.00850660330642266,0.4489,-0.44039339669357735,0.008777751286823468
689,plts_kup230,1,230,solar,1.175615702032725,0.0,1.175615702032725,1.9855628056156303
690,batt_kup230,1,230,battery,0.515939778642047,0.0,0.515939778642047,0.9697232052829695
691,pltd_kup231,1,231,diesel,0.005879232959975793,0.3102,-0.3043207670400242,0.006066633510584163
692,plts_kup231,1,231,solar,0.8149330881162287,0.0,0.8149330881162287,1.3723096730206028
693,batt_kup231,1,231,battery,0.35657360463027293,0.0,0.35657360463027293,0.6701974591013802
694,pltd_kup232,1,232,diesel,0.006060254400147647,0.3198,-0.31373974559985235,0.006253425009161469
695,plts_kup232,1,232,solar,0.8418855085200766,0.0,0.8418855085200766,1.4145617609516805
696,batt_kup232,1,232,battery,0.3675540184863748,0.0,0.3675540184863748,0.6908582305797459
697,pltd_kup233,1,233,diesel,0.004145450880031721,0.2187,-0.2145545491199683,0.004277587126842199
698,plts_kup233,1,233,solar,0.5734003691870657,0.0,0.5734003691870657,0.967568515341169
699,batt_kup233,1,233,battery,0.2514048943968063,0.0,0.2514048943968063,0.472546324537772
700,pltd_kup234,1,234,diesel,0.012745201066255485,0.6725,-0.6597547989337444,0.013151454350251127
701,plts_kup234,1,234,solar,1.7705544197340242,0.0,1.7705544197340242,2.974938992016037
702,batt_kup234,1,234,battery,0.7729955041558694,0.0,0.7729955041558694,1.4529309074085104
703,pltd_kup235,1,235,diesel,0.004565719573212915,0.2409,-0.23633428042678709,0.0047112518846191475
704,plts_kup235,1,235,solar,0.6415154695360731,0.0,0.6415154695360731,1.0656911356795442
705,batt_kup235,1,235,battery,0.2769413200068,0.0,0.2769413200068,0.5204765992086601
706,pltd_kup236,1,236,diesel,0.003835858880045625,0.2024,-0.19856414111995438,0.003958126881856964
707,plts_kup236,1,236,solar,0.5353697435356917,0.0,0.5353697435356917,0.8953420296547723
708,batt_kup236,1,236,battery,0.23267017960706468,0.0,0.23267017960706468,0.43726452848460406
709,pltd_kup237,1,237,diesel,0.001856757226718309,0.098,-0.09614324277328169,0.001915941363332505
710,plts_kup237,1,237,solar,0.26844115102625205,0.0,0.26844115102625205,0.43336270182860254
711,batt_kup237,1,237,battery,0.11259815513338503,0.0,0.11259815513338503,0.21165460331707625
712,pltd_kup238,1,238,diesel,0.007829203733268505,0.4131,-0.4052707962667315,0.008078759602275281
713,plts_kup238,1,238,solar,1.0875677482040946,0.0,1.0875677482040946,1.8274838165134304
714,batt_kup238,1,238,battery,0.4749100871895051,0.0,0.4749100871895051,0.8925305740716314
715,pltd_kup239,1,239,diesel,0.001792684799957848,0.0946,-0.09280731520004215,0.0018498266279684506
716,plts_kup239,1,239,solar,0.25508762663362233,0.0,0.25508762663362233,0.41837086067940427
717,batt_kup239,1,239,battery,0.10870657439559267,0.0,0.10870657439559267,0.20432385902398872
718,pltd_kup240,1,240,diesel,0.003783218239904979,0.1996,-0.195816781760095,0.0039038083213116105
719,plts_kup240,1,240,solar,0.5243496374306836,0.0,0.5243496374306836,0.8830762916390739
720,batt_kup240,1,240,battery,0.2294703652398289,0.0,0.2294703652398289,0.4312741157576275
721,pltd_kup241,1,241,diesel,0.0019675672533937534,0.1038,-0.10183243274660625,0.00203028345960634
722,plts_kup241,1,241,solar,0.2727233521062423,0.0,0.2727233521062423,0.45925332741131814
723,batt_kup241,1,241,battery,0.1193295158944929,0.0,0.1193295158944929,0.22428642470935592
724,pltd_kup242,1,242,diesel,0.004233038293349082,0.2234,-0.2191669617066509,0.00436796638895895
725,plts_kup242,1,242,solar,0.584833782150061,0.0,0.584833782150061,0.9880144082853426
726,batt_kup242,1,242,battery,0.256751835312733,0.0,0.256751835312733,0.4825449324062436
727,pltd_kup243,1,243,diesel,0.0031935701333384967,0.1685,-0.16530642986666153,0.003295365181348722
728,plts_kup243,1,243,solar,0.4449951897878467,0.0,0.4449951897878467,0.7454359068206238
729,batt_kup243,1,243,battery,0.19369446812319344,0.0,0.19369446812319344,0.36405016004727664
730,pltd_kup244,1,244,diesel,0.013060788480256704,0.6892,-0.6761392115197433,0.01347710111307462
731,plts_kup244,1,244,solar,1.8587341207010921,0.0,1.8587341207010921,3.0485220522142695
732,batt_kup244,1,244,battery,0.7921088258848585,0.0,0.7921088258848585,1.4888378211400382
733,pltd_kup245,1,245,diesel,0.008792593173125444,0.464,-0.4552074068268746,0.009072857080528676
734,plts_kup245,1,245,solar,1.2513436917909286,0.0,1.2513436917909286,2.052336970570146
735,batt_kup245,1,245,battery,0.5332661922037882,0.0,0.5332661922037882,1.002320413257415
736,pltd_kup246,1,246,diesel,0.013766893227025382,0.7264,-0.7126331067729746,0.014205712948646657
737,plts_kup246,1,246,solar,1.959274213131172,0.0,1.959274213131172,3.2134180327254533
738,batt_kup246,1,246,battery,0.8349541169232929,0.0,0.8349541169232929,1.569370051032887
739,pltd_kup247,1,247,diesel,0.016732806933418755,0.8829,-0.8661671930665813,0.017266165154431447
740,plts_kup247,1,247,solar,2.381373815875333,0.0,2.381373815875333,3.905706542716798
741,batt_kup247,1,247,battery,1.014833781776561,0.0,1.014833781776561,1.907470052390978
742,pltd_kup248,1,248,diesel,0.008459788799877029,0.4464,-0.437940211200123,0.008729444567882966
743,plts_kup248,1,248,solar,1.203981130324893,0.0,1.203981130324893,1.9746576757586114
744,batt_kup248,1,248,battery,0.5130827555235647,0.0,0.5130827555235647,0.964383460493557
745,pltd_kup249,1,249,diesel,0.011980326934045873,0.6322,-0.6202196730659542,0.012362199855078382
746,plts_kup249,1,249,solar,1.7050174998860332,0.0,1.7050174998860332,2.7964099349204945
747,batt_kup249,1,249,battery,0.7266012991796363,0.0,0.7266012991796363,1.3657113858109189
748,pltd_kup250,1,250,diesel,0.012809540160050786,0.6759,-0.6630904598399492,0.01321784425266225
749,plts_kup250,1,250,solar,1.8230057095704675,0.0,1.8230057095704675,2.989923555838532
750,batt_kup250,1,250,battery,0.7768828233758267,0.0,0.7768828233758267,1.4602195393086908
751,pltd_kup251,1,251,diesel,0.012272394346912125,0.6476,-0.6353276056530879,0.012663576916729756
752,plts_kup251,1,251,solar,1.7465630662562297,0.0,1.7465630662562297,2.864549041119622
753,batt_kup251,1,251,battery,0.7443060681866778,0.0,0.7443060681866778,1.398989581034202
754,pltd_kup252,1,252,diesel,0.024381055894704275,1.2865,-1.2621189441052958,0.025158202051357836
755,plts_kup252,1,252,solar,3.4698598174041733,0.0,3.4698598174041733,5.690939376067015
756,batt_kup252,1,252,battery,1.4786974933200332,0.0,1.4786974933200332,2.7793422992111934
757,pltd_kup253,1,253,diesel,0.0015356308266706723,0.081,-0.07946436917332933,0.0015845790592829878
758,plts_kup253,1,253,solar,0.2185280014246438,0.0,0.2185280014246438,0.35840917718362564
759,batt_kup253,1,253,battery,0.09312662967914774,0.0,0.09312662967914774,0.1750395613922573
760,pltd_kup254,1,254,diesel,0.0018798567466024713,0.0992,-0.09732014325339752,0.0019397771804111875
761,plts_kup254,1,254,solar,0.2611856386180863,0.0,0.2611856386180863,0.4388136673292835
762,batt_kup254,1,254,battery,0.11403356073435231,0.0,0.11403356073435231,0.21431015292223377
763,pltd_kup255,1,255,diesel,0.002189551359944199,0.1155,-0.11331044864005581,0.0022593433095542946
764,plts_kup255,1,255,solar,0.31491907126220975,0.0,0.31491907126220975,0.5110398734337498
765,batt_kup255,1,255,battery,0.13279358491273338,0.0,0.13279358491273338,0.24958621108374293
766,pltd_kup256,1,256,diesel,0.0025456245334192487,0.1343,-0.13175437546658075,0.002626766315434121
767,plts_kup256,1,256,solar,0.3689926871135543,0.0,0.3689926871135543,0.5941672624776769
768,batt_kup256,1,256,battery,0.15439766912204936,0.0,0.15439766912204936,0.2901727734146869
769,pltd_kup257,1,257,diesel,0.0015060794666655532,0.0795,-0.07799392053333445,0.0015540857496782095
770,plts_kup257,1,257,solar,0.21756016982438267,0.0,0.21756016982438267,0.35159495306388155
771,batt_kup257,1,257,battery,0.0913643392702087,0.0,0.0913643392702087,0.1717076619399443
772,pltd_kup258,1,258,diesel,0.0009693079466712538,0.0511,-0.05013069205332875,0.0010002046374838565
773,plts_kup258,1,258,solar,0.13800101861842073,0.0,0.13800101861842073,0.2262206500294472
774,batt_kup258,1,258,battery,0.05878202828385139,0.0,0.05878202828385139,0.11048551601751373
775,pltd_kup259,1,259,diesel,0.0008522256000144205,0.045,-0.04414777439998558,0.0008793902910260919
776,plts_kup259,1,259,solar,0.11873843829510665,0.0,0.11873843829510665,0.1989658909887504
777,batt_kup259,1,259,battery,0.05170058534507803,0.0,0.05170058534507803,0.09717240760277508
778,pltd_kup260,1,260,diesel,0.001243722453302285,0.0656,-0.06435627754669772,0.001283366106513586
779,plts_kup260,1,260,solar,0.1762174055851573,0.0,0.1762174055851573,0.29026981878939345
780,batt_kup260,1,260,battery,0.07542554798163668,0.0,0.07542554798163668,0.14176012264184829
781,pltd_kup261,1,261,diesel,0.0008582210133186355,0.0453,-0.04444177898668136,0.0008855768081290826
782,plts_kup261,1,261,solar,0.11834921543679187,0.0,0.11834921543679187,0.20032687760663365
783,batt_kup261,1,261,battery,0.05205361531169464,0.0,0.05205361531169464,0.09783352655601886
784,pltd_kup262,1,262,diesel,0.0026916787199548838,0.142,-0.1393083212800451,0.0027774759791654516
785,plts_kup262,1,262,solar,0.3896827294666964,0.0,0.3896827294666964,0.6282376099493134
786,batt_kup262,1,262,battery,0.16324054369446403,0.0,0.16324054369446403,0.3068193817493048
787,pltd_kup263,1,263,diesel,0.0012962297600440259,0.0684,-0.06710377023995598,0.0013375470836578195
788,plts_kup263,1,263,solar,0.18446105590690237,0.0,0.18446105590690237,0.3025356143627499
789,batt_kup263,1,263,battery,0.07860891760014707,0.0,0.07860891760014707,0.14775248476127503
790,pltd_kup264,1,264,diesel,0.017468575894629263,0.9218,-0.9043314241053707,0.018025386751280393
791,plts_kup264,1,264,solar,2.486068114079502,0.0,2.486068114079502,4.07741604160705
792,batt_kup264,1,264,battery,1.0594496331982144,0.0,1.0594496331982144,1.9913294182423193
793,pltd_kup265,1,265,diesel,0.006614776213123969,0.349,-0.342385223786876,0.006825622204927514
794,plts_kup265,1,265,solar,0.9414157448725036,0.0,0.9414157448725036,1.544022023961065
795,batt_kup265,1,265,battery,0.40118865616079663,0.0,0.40118865616079663,0.7540698884238884
796,pltd_kup266,1,266,diesel,0.020598017173628618,1.0869,-1.0663019828263713,0.02125457897104804
797,plts_kup266,1,266,solar,2.931432688631338,0.0,2.931432688631338,4.807861785168297
798,batt_kup266,1,266,battery,1.2492441121527387,0.0,1.2492441121527387,2.348064551049275
799,pltd_kup267,1,267,diesel,0.016738648532754998,0.8832,-0.866461351467245,0.01727219295474648
800,plts_kup267,1,267,solar,2.3822047692994714,0.0,2.3822047692994714,3.907069075027291
801,batt_kup267,1,267,battery,1.015187563134382,0.0,1.015187563134382,1.908135549713122
802,pltd_kup268,1,268,diesel,0.02431681418763885,1.2831,-1.258783185812361,0.025091912639879862
803,plts_kup268,1,268,solar,3.4607201517366883,0.0,3.4607201517366883,5.675949292912736
804,batt_kup268,1,268,battery,1.4748024056387343,0.0,1.4748024056387343,2.7720214168471897
805,pltd_kup269,1,269,diesel,0.0064570440534415414,0.3407,-0.33424295594655845,0.0066628623326552006
806,plts_kup269,1,269,solar,0.9189812452209822,0.0,0.9189812452209822,1.5072271259856163
807,batt_kup269,1,269,battery,0.3916283264257762,0.0,0.3916283264257762,0.7361000448852121
808,pltd_kup270,1,270,diesel,0.010193514453154503,0.5379,-0.5277064855468455,0.010518432726358603
809,plts_kup270,1,270,solar,1.4507610472960408,0.0,1.4507610472960408,2.37940226451044
810,batt_kup270,1,270,battery,0.6182486422859925,0.0,0.6182486422859925,1.1620531808437624
811,pltd_kup271,1,271,diesel,0.0006247691733104926,0.033,-0.032375230826689506,0.0006446836907207906
812,plts_kup271,1,271,solar,0.08671816574561633,0.0,0.08671816574561633,0.14581755597241153
813,batt_kup271,1,271,battery,0.03789058346726637,0.0,0.03789058346726637,0.0712150678287939
814,pltd_kup272,1,272,diesel,0.0019267379200411583,0.1017,-0.09977326207995885,0.001988152691253202
815,plts_kup272,1,272,solar,0.2672732662345779,0.0,0.2672732662345779,0.4497149595562871
816,batt_kup272,1,272,battery,0.11685370485308925,0.0,0.11685370485308925,0.21962950891413727
817,pltd_kup273,1,273,diesel,0.002446236053320567,0.1291,-0.12665376394667943,0.0025242098275310106
818,plts_kup273,1,273,solar,0.34289042179597506,0.0,0.34289042179597506,0.5710024735003765
819,batt_kup273,1,273,battery,0.14837813829741955,0.0,0.14837813829741955,0.2788680679444515
820,pltd_kup274,1,274,diesel,0.0013719801600105752,0.0724,-0.07102801983998944,0.001415712027622687
821,plts_kup274,1,274,solar,0.19226275783658875,0.0,0.19226275783658875,0.320252421735688
822,batt_kup274,1,274,battery,0.08322629661196428,0.0,0.08322629661196428,0.15640951318884502
823,pltd_kup275,1,275,diesel,0.0008115757866657214,0.0428,-0.04198842421333428,0.0008374447648766493
824,plts_kup275,1,275,solar,0.11245887408512054,0.0,0.11245887408512054,0.18942509164816757
825,batt_kup275,1,275,battery,0.049223434395126414,0.0,0.049223434395126414,0.09251203336758969
826,pltd_kup276,1,276,diesel,0.0015414364799796886,0.0813,-0.07975856352002031,0.0015905697677901724
827,plts_kup276,1,276,solar,0.21395792008889924,0.0,0.21395792008889924,0.3597718491986642
828,batt_kup276,1,276,battery,0.09348517604026796,0.0,0.09348517604026796,0.17570676134947044
829,pltd_kup277,1,277,diesel,0.0016522362666639596,0.0872,-0.08554776373333604,0.0017049012976747984
830,plts_kup277,1,277,solar,0.22846939585092688,0.0,0.22846939585092688,0.3856661242178366
831,batt_kup277,1,277,battery,0.1002237602444895,0.0,0.1002237602444895,0.18836064573429173
832,pltd_kup278,1,278,diesel,0.001494914346706173,0.0789,-0.07740508565329382,0.0015425647415188543
833,plts_kup278,1,278,solar,0.20887099891162028,0.0,0.20887099891162028,0.34886959305774956
834,batt_kup278,1,278,battery,0.09065942281595009,0.0,0.09065942281595009,0.1703875157266377
835,pltd_kup279,1,279,diesel,0.0032027351466320177,0.1039,-0.10069726485336798,0.003304822329433534
836,plts_kup279,1,279,solar,0.41790095224526247,0.0,0.41790095224526247,0.7171034569607321
837,batt_kup279,1,279,battery,0.18847123000385513,0.0,0.18847123000385513,0.3311518619511918
838,pltd_kup280,1,280,diesel,0.0010861236266263808,0.0573,-0.05621387637337361,0.0011207438172358974
839,plts_kup280,1,280,solar,0.14725175313042613,0.0,0.14725175313042613,0.2534760534463025
840,batt_kup280,1,280,battery,0.06586496050258678,0.0,0.06586496050258678,0.1237945090759389
841,pltd_kup281,1,281,diesel,0.0009516140800086354,0.0502,-0.049248385919991366,0.0009819467788202048
842,plts_kup281,1,281,solar,0.1319157203539789,0.0,0.1319157203539789,0.222130399677079
843,batt_kup281,1,281,battery,0.05772080041629319,0.0,0.05772080041629319,0.10848198154137087
844,pltd_kup282,1,282,diesel,0.001506079466642046,0.0795,-0.07799392053335795,0.0015540857496522513
845,plts_kup282,1,282,solar,0.20787242823181518,0.0,0.20787242823181518,0.3515954252951832
846,batt_kup282,1,282,battery,0.09135601332666565,0.0,0.09135601332666565,0.1717102641292788
847,pltd_kup283,1,283,diesel,0.0027789070932905642,0.1466,-0.14382109290670944,0.002867484756899104
848,plts_kup283,1,283,solar,0.38292010180523695,0.0,0.38292010180523695,0.6486783539589028
849,batt_kup283,1,283,battery,0.16855227289058874,0.0,0.16855227289058874,0.3167922401125136
850,pltd_kup284,1,284,diesel,0.0012260490666659409,0.0647,-0.06347395093333405,0.0012651293806783738
851,plts_kup284,1,284,solar,0.17448995554501223,0.0,0.17448995554501223,0.2861822097543858
852,batt_kup284,1,284,battery,0.07435975156686431,0.0,0.07435975156686431,0.1397656045378805
853,pltd_kup285,1,285,diesel,0.0032169825066524584,0.1697,-0.16648301749334754,0.003319523824064155
854,plts_kup285,1,285,solar,0.46957809424313945,0.0,0.46957809424313945,0.7508882826659184
855,batt_kup285,1,285,battery,0.19512513930605935,0.0,0.19512513930605935,0.36672304222892077
856,pltd_kup286,1,286,diesel,0.0043496180268418555,0.2295,-0.22515038197315815,0.0044882621014588455
857,plts_kup286,1,286,solar,0.6297770774053718,0.0,0.6297770774053718,1.0152657142424413
858,batt_kup286,1,286,battery,0.2638227751543303,0.0,0.2638227751543303,0.4958351649661762
859,pltd_kup287,1,287,diesel,0.0011208446933737252,0.0591,-0.05797915530662628,0.0011565716179880179
860,plts_kup287,1,287,solar,0.16135582788802835,0.0,0.16135582788802835,0.2616541286871498
861,batt_kup287,1,287,battery,0.06799732617728155,0.0,0.06799732617728155,0.12779147717722578
862,pltd_kup288,1,288,diesel,0.0015123415467047205,0.0798,-0.07828765845329527,0.0015605474335179297
863,plts_kup288,1,288,solar,0.21401830274505648,0.0,0.21401830274505648,0.3529583266633986
864,batt_kup288,1,288,battery,0.09172775868358554,0.0,0.09172775868358554,0.17238030192576875
865,pltd_kup289,1,289,diesel,0.005803436373114454,0.3062,-0.30039656362688555,0.005988420907518501
866,plts_kup289,1,289,solar,0.838370065542527,0.0,0.838370065542527,1.3546007633205122
867,batt_kup289,1,289,battery,0.35202399984986404,0.0,0.35202399984986404,0.6615855828738045
868,pltd_kup290,1,290,diesel,0.0015356308266964859,0.081,-0.07946436917330352,0.0015845790593098817
869,plts_kup290,1,290,solar,0.22003725378588804,0.0,0.22003725378588804,0.35841022362614144
870,batt_kup290,1,290,battery,0.09313383284540526,0.0,0.09313383284540526,0.17504532772791867
871,pltd_kup291,1,291,diesel,0.009050724799918142,0.2935,-0.28444927520008184,0.009339216652916729
872,plts_kup291,1,291,solar,1.1964260115931644,0.0,1.1964260115931644,2.0263725845282994
873,batt_kup291,1,291,battery,0.5326060160910694,0.0,0.5326060160910694,0.9357552879598301
874,pltd_kup292,1,292,diesel,0.003257934933305145,0.1719,-0.16864206506669485,0.0033617816093154916
875,plts_kup292,1,292,solar,0.46611464854388723,0.0,0.46611464854388723,0.7604274303117247
876,batt_kup292,1,292,battery,0.19761678274109756,0.0,0.19761678274109756,0.37138055324124136
877,pltd_kup293,1,293,diesel,0.005166943040372459,0.2726,-0.26743305695962755,0.00533163934979464
878,plts_kup293,1,293,solar,0.7329987471669919,0.0,0.7329987471669919,1.2060494870331855
879,batt_kup293,1,293,battery,0.3133875243711628,0.0,0.3133875243711628,0.5889900747739593
880,pltd_kup294,1,294,diesel,0.003520415039994867,0.1858,-0.18227958496000513,0.003632628269405898
881,plts_kup294,1,294,solar,0.5054706005924652,0.0,0.5054706005924652,0.8217548059347443
882,batt_kup294,1,294,battery,0.2135263663824585,0.0,0.2135263663824585,0.40133674154602955
883,pltd_kup295,1,295,diesel,0.0024519750399451972,0.1294,-0.12694802496005478,0.0025301317443546627
884,plts_kup295,1,295,solar,0.34798912462858655,0.0,0.34798912462858655,0.5723654151246621
885,batt_kup295,1,295,battery,0.1487344692326746,0.0,0.1487344692326746,0.2795359954193587
886,pltd_kup296,1,296,diesel,0.003958423786765165,0.2089,-0.20494157621323483,0.004084598544979041
887,plts_kup296,1,296,solar,0.5627163217863108,0.0,0.5627163217863108,0.9239623027028687
888,batt_kup296,1,296,battery,0.2400761435995077,0.0,0.2400761435995077,0.45125452173496855
889,pltd_kup297,1,297,diesel,0.0008873159466798724,0.0468,-0.04591268405332013,0.0009155991424929608
890,plts_kup297,1,297,solar,0.12798767056021107,0.0,0.12798767056021107,0.20714265299493087
891,batt_kup297,1,297,battery,0.053828491371172564,0.0,0.053828491371172564,0.1011667453031995
892,pltd_kup298,1,298,diesel,0.002166062080002782,0.1143,-0.11213393791999722,0.0022351053088148732
893,plts_kup298,1,298,solar,0.312080734823004,0.0,0.312080734823004,0.505590347278437
894,batt_kup298,1,298,battery,0.1313824159480937,0.0,0.1313824159480937,0.24692821551828828
895,pltd_kup299,1,299,diesel,0.005558039893621626,0.2933,-0.28774196010637837,0.005735202415241213
896,plts_kup299,1,299,solar,0.7910221958274886,0.0,0.7910221958274886,1.29736052784879
897,batt_kup299,1,299,battery,0.3370977970452099,0.0,0.3370977970452099,0.6336052967423972
898,pltd_kup300,1,300,diesel,0.0034271348266950506,0.1808,-0.17737286517330494,0.003536374749306631
899,plts_kup300,1,300,solar,0.48670271942336935,0.0,0.48670271942336935,0.799949879738815
900,batt_kup300,1,300,battery,0.20789363196335578,0.0,0.20789363196335578,0.39069250060475863
901,pltd_kup301,1,301,diesel,0.0025456245334353114,0.1343,-0.13175437546656468,0.0026267663154500263
902,plts_kup301,1,301,solar,0.3633012042121811,0.0,0.3633012042121811,0.5941679296519531
903,batt_kup301,1,301,battery,0.1544005610721781,0.0,0.1544005610721781,0.2901764498277114
904,pltd_kup302,1,302,diesel,0.003473544106581646,0.1833,-0.17982645589341834,0.00358426332498958
905,plts_kup302,1,302,solar,0.4927106242517612,0.0,0.4927106242517612,0.810850379938348
906,batt_kup302,1,302,battery,0.2106854185366489,0.0,0.2106854185366489,0.39599653187071787
907,pltd_kup303,1,303,diesel,0.0036899687469399813,0.1947,-0.19101003125306004,0.003807586500759456
908,plts_kup303,1,303,solar,0.5245024551884009,0.0,0.5245024551884009,0.8612742628357838
909,batt_kup303,1,303,battery,0.2238190670608857,0.0,0.2238190670608857,0.42064073957591114
910,pltd_kup304,1,304,diesel,0.0033747710933661242,0.1781,-0.1747252289066339,0.0034823419219777566
911,plts_kup304,1,304,solar,0.47681340577781167,0.0,0.47681340577781167,0.787682272605907
912,batt_kup304,1,304,battery,0.2046832130315239,0.0,0.2046832130315239,0.38469021426443906
913,pltd_kup305,1,305,diesel,0.0038589686399939983,0.2036,-0.199741031360006,0.003981973265404963
914,plts_kup305,1,305,solar,0.5538258025638049,0.0,0.5538258025638049,0.9007917496122131
915,batt_kup305,1,305,battery,0.23406939116906966,0.0,0.23406939116906966,0.4399196858291659
916,pltd_kup306,1,306,diesel,0.0028897837865816548,0.1525,-0.14961021621341833,0.002981895644790112
917,plts_kup306,1,306,solar,0.41159220083795955,0.0,0.41159220083795955,0.6745744473469522
918,batt_kup306,1,306,battery,0.17529391025676325,0.0,0.17529391025676325,0.32945457046271387
919,pltd_kup307,1,307,diesel,0.0051321091201046625,0.2708,-0.26566789087989534,0.0052956950983182255
920,plts_kup307,1,307,solar,0.7268406105522786,0.0,0.7268406105522786,1.1978807882848341
921,batt_kup307,1,307,battery,0.31125386260372034,0.0,0.31125386260372034,0.5850404898225693
922,pltd_kup308,1,308,diesel,0.0034621585066313336,0.1827,-0.17923784149336866,0.0035725148090420427
923,plts_kup308,1,308,solar,0.5029728067246376,0.0,0.5029728067246376,0.808126426534131
924,batt_kup308,1,308,battery,0.21001335894564452,0.0,0.21001335894564452,0.39468326202837506
925,pltd_kup309,1,309,diesel,0.0032929586134750398,0.1738,-0.17050704138652498,0.0033979216692903657
926,plts_kup309,1,309,solar,0.4665737294486053,0.0,0.4665737294486053,0.7686030466621283
927,batt_kup309,1,309,battery,0.19974605488514846,0.0,0.19974605488514846,0.37536781975996625
928,pltd_tim310,1,310,diesel,0.0023820302933246136,0.1257,-0.1233179697066754,0.0024579575089373746
929,plts_tim310,1,310,solar,0.3503805019326706,0.0,0.3503805019326706,0.5560106309772775
930,batt_tim310,1,310,battery,0.14448019770399448,0.0,0.14448019770399448,0.27154133868870506
931,pltd_tim311,1,311,diesel,0.0013310174932723723,0.0702,-0.06886898250672763,0.001373443675884592
932,plts_tim311,1,311,solar,0.19702143655578597,0.0,0.19702143655578597,0.3107134899897476
933,batt_tim311,1,311,battery,0.08073852045221422,0.0,0.08073852045221422,0.15174873197493147
934,pltd_tim312,1,312,diesel,0.0021192937599726356,0.1118,-0.10968070624002736,0.0021868462485861878
935,plts_tim312,1,312,solar,0.3181857216870974,0.0,0.3181857216870974,0.4946865930647675
936,batt_tim312,1,312,battery,0.12854564718690487,0.0,0.12854564718690487,0.24159517650472162
937,pltd_tim313,1,313,diesel,0.0031701270399597816,0.1673,-0.16412987296004022,0.0032711748393721286
938,plts_tim313,1,313,solar,0.4737714186216968,0.0,0.4737714186216968,0.7399853307337009
939,batt_tim313,1,313,battery,0.19228446272401362,0.0,0.19228446272401362,0.3613906641408306
940,pltd_tim314,1,314,diesel,0.002434927360090933,0.1285,-0.12606507263990907,0.0025125406697073444
941,plts_tim314,1,314,solar,0.36111614186017194,0.0,0.36111614186017194,0.5682739969931859
942,batt_tim314,1,314,battery,0.14765686759539762,0.0,0.14765686759539762,0.2775303112180125
943,pltd_tim315,1,315,diesel,0.003152853653321636,0.1664,-0.16324714634667836,0.0032533508635347245
944,plts_tim315,1,315,solar,0.4702851497021926,0.0,0.4702851497021926,0.7358966664261168
945,batt_tim315,1,315,battery,0.19122889614476854,0.0,0.19122889614476854,0.35939234234643996
946,pltd_tim316,1,316,diesel,0.0015646590933467797,0.0826,-0.08103534090665322,0.0016145326019619257
947,plts_tim316,1,316,solar,0.23449577334936175,0.0,0.23449577334936175,0.36522390472456007
948,batt_tim316,1,316,battery,0.09489452318275927,0.0,0.09489452318275927,0.17836624792255767
949,pltd_tim317,1,317,diesel,0.002189551360047829,0.1155,-0.11331044863995218,0.002259343309662934
950,plts_tim317,1,317,solar,0.3243916968676336,0.0,0.3243916968676336,0.5110391011074028
951,batt_tim317,1,317,battery,0.1328033979031056,0.0,0.1328033979031056,0.24958195524806903
952,pltd_tim318,1,318,diesel,0.001891668053368483,0.0998,-0.09790833194663151,0.0019519649725833516
953,plts_tim318,1,318,solar,0.2801272372621926,0.0,0.2801272372621926,0.441540885489394
954,batt_tim318,1,318,battery,0.11473846442023061,0.0,0.11473846442023061,0.21565047839991924
955,pltd_tim319,1,319,diesel,0.003952628373489906,0.2086,-0.2046473716265101,0.004078618402906934
956,plts_tim319,1,319,solar,0.5784000842021582,0.0,0.5784000842021582,0.9226007423176195
957,batt_tim319,1,319,battery,0.2397447305380784,0.0,0.2397447305380784,0.4505958959235455
958,pltd_tim320,1,320,diesel,0.003070871893387008,0.162,-0.158929128106613,0.0031687559350010897
959,plts_tim320,1,320,solar,0.44924595362457304,0.0,0.44924595362457304,0.716817563821438
960,batt_tim320,1,320,battery,0.1862732705561953,0.0,0.1862732705561953,0.35007281347116637
961,pltd_tim321,1,321,diesel,0.002241868906701448,0.1183,-0.11605813109329856,0.0023133284781169544
962,plts_tim321,1,321,solar,0.3368461941421207,0.0,0.3368461941421207,0.5233052771562842
963,batt_tim321,1,321,battery,0.13599628509553455,0.0,0.13599628509553455,0.2555764721717354
964,pltd_tim322,1,322,diesel,0.0019148701866598674,0.101,-0.09908512981334014,0.001975906673872716
965,plts_tim322,1,322,solar,0.2802295910118335,0.0,0.2802295910118335,0.44699140259277237
966,batt_tim322,1,322,battery,0.11615380052536704,0.0,0.11615380052536704,0.21830941638204554
967,pltd_tim323,1,323,diesel,0.003631701973242457,0.1916,-0.18796829802675755,0.0037474624736517194
968,plts_tim323,1,323,solar,0.5314099342254157,0.0,0.5314099342254157,0.8476471357518075
969,batt_tim323,1,323,battery,0.22026724252210952,0.0,0.22026724252210952,0.41398844778647675
970,pltd_tim324,1,324,diesel,0.003625650133363595,0.1913,-0.1876743498666364,0.003741217731376735
971,plts_tim324,1,324,solar,0.5305558361925152,0.0,0.5305558361925152,0.84628479551391
972,batt_tim324,1,324,battery,0.2199136128829308,0.0,0.2199136128829308,0.4133235715817813
973,pltd_tim325,1,325,diesel,0.003000870719936247,0.1583,-0.15529912928006376,0.0030965234741461493
974,plts_tim325,1,325,solar,0.43450351787671854,0.0,0.43450351787671854,0.7004647360738889
975,batt_tim325,1,325,battery,0.1820198339439021,0.0,0.1820198339439021,0.34209263907444176
976,pltd_tim326,1,326,diesel,0.0021134881067057434,0.1115,-0.10938651189329426,0.0021808555401197356
977,plts_tim326,1,326,solar,0.3076778495075608,0.0,0.3076778495075608,0.49332399322235554
978,batt_tim326,1,326,battery,0.12818804660789276,0.0,0.12818804660789276,0.24093076462430232
979,pltd_tim327,1,327,diesel,0.0028083610666202966,0.1482,-0.1453916389333797,0.0028978775756308213
980,plts_tim327,1,327,solar,0.40624865708737823,0.0,0.40624865708737823,0.6554935296407457
981,batt_tim327,1,327,battery,0.1703195597177153,0.0,0.1703195597177153,0.3201288293265121
982,pltd_tim328,1,328,diesel,0.0038066306133612373,0.2009,-0.19709336938663877,0.003927966964173987
983,plts_tim328,1,328,solar,0.5534065963043789,0.0,0.5534065963043789,0.8885322092438882
984,batt_tim328,1,328,battery,0.23086792482748447,0.0,0.23086792482748447,0.4339612387512654
985,pltd_tim329,1,329,diesel,0.004676673173390614,0.2468,-0.24212332682660936,0.004825742130804779
986,plts_tim329,1,329,solar,0.6886550019653838,0.0,0.6886550019653838,1.0915777137598381
987,batt_tim329,1,329,battery,0.2836288431723279,0.0,0.2836288431723279,0.533088186709716
988,pltd_tim330,1,330,diesel,0.00149491434660997,0.0789,-0.07740508565339002,0.0015425647414211948
989,plts_tim330,1,330,solar,0.2165871368885622,0.0,0.2165871368885622,0.3488684456137538
990,batt_tim330,1,330,battery,0.09065746366815843,0.0,0.09065746366815843,0.17038119283244005
991,pltd_tim331,1,331,diesel,0.003952628373294914,0.2086,-0.2046473716267051,0.004078618402705646
992,plts_tim331,1,331,solar,0.5764457998773053,0.0,0.5764457998773053,0.9225982346297092
993,batt_tim331,1,331,battery,0.23972466068604142,0.0,0.23972466068604142,0.4505820775146208
994,pltd_tim332,1,332,diesel,0.002236309440006995,0.118,-0.115763690559993,0.0023075918034200383
995,plts_tim332,1,332,solar,0.32721871011186227,0.0,0.32721871011186227,0.5219433652347862
996,batt_tim332,1,332,battery,0.1356306698091233,0.0,0.1356306698091233,0.2549157345688912
997,pltd_tim333,1,333,diesel,0.011361450560100472,0.5995,-0.5881385494398995,0.011723596796715094
998,plts_tim333,1,333,solar,1.6711785006886155,0.0,1.6711785006886155,2.6519532499745337
999,batt_tim333,1,333,battery,0.6891136827606703,0.0,0.6891136827606703,1.2951444118118258
1000,pltd_tim334,1,334,diesel,0.0033395576532130587,0.1762,-0.17286044234678694,0.003446006053421498
1001,plts_tim334,1,334,solar,0.48867063956611656,0.0,0.48867063956611656,0.7795097505633263
1002,batt_tim334,1,334,battery,0.2025481178676149,0.0,0.2025481178676149,0.38071201168650254
1003,pltd_tim335,1,335,diesel,0.007129197013469034,0.3762,-0.36907080298653094,0.007356440168284752
1004,plts_tim335,1,335,solar,1.043169285640795,0.0,1.043169285640795,1.6639490590638262
1005,batt_tim335,1,335,battery,0.4323892052415074,0.0,0.4323892052415074,0.8126686365699635
1006,pltd_tim336,1,336,diesel,0.0037305878398722833,0.1969,-0.1931694121601277,0.0038495003272807356
1007,plts_tim336,1,336,solar,0.5498204247600506,0.0,0.5498204247600506,0.8708105884396425
1008,batt_tim336,1,336,battery,0.22625599111459208,0.0,0.22625599111459208,0.4252782982820534
1009,pltd_tim337,1,337,diesel,0.00345055743990574,0.1821,-0.17864944256009427,0.0035605439583149853
1010,plts_tim337,1,337,solar,0.5053303504591699,0.0,0.5053303504591699,0.8054021204408762
1011,batt_tim337,1,337,battery,0.2092806111703782,0.0,0.2092806111703782,0.3933614318553725
1012,pltd_tim338,1,338,diesel,0.0036666025599241883,0.1935,-0.18983339744007582,0.003783475516533936
1013,plts_tim338,1,338,solar,0.5365365631641232,0.0,0.5365365631641232,0.855824293937754
1014,batt_tim338,1,338,battery,0.22239224521116258,0.0,0.22239224521116258,0.417982257377994
1015,pltd_tim339,1,339,diesel,0.00475832160021518,0.2511,-0.2463416783997848,0.0049099931012336635
1016,plts_tim339,1,339,solar,0.6927002479099118,0.0,0.6927002479099118,1.110660347658572
1017,batt_tim339,1,339,battery,0.28860005956399604,0.0,0.28860005956399604,0.5424267954157609
1018,pltd_tim340,1,340,diesel,0.0039349549865114585,0.2076,-0.20366504501348856,0.004060381676716347
1019,plts_tim340,1,340,solar,0.5490912924908788,0.0,0.5490912924908788,0.9185099783027815
1020,batt_tim340,1,340,battery,0.23866305949369673,0.0,0.23866305949369673,0.448589268327992
1021,pltd_tim341,1,341,diesel,0.005511471573374791,0.2908,-0.2852885284266252,0.00568714972978498
1022,plts_tim341,1,341,solar,0.7563434609147635,0.0,0.7563434609147635,1.286460083942235
1023,batt_tim341,1,341,battery,0.33428681498528684,0.0,0.33428681498528684,0.6282961537382291
1024,pltd_tim342,1,342,diesel,0.002189551359965373,0.1155,-0.11331044864003463,0.0022593433095771166
1025,plts_tim342,1,342,solar,0.320383307920443,0.0,0.320383307920443,0.5110407437242481
1026,batt_tim342,1,342,battery,0.13279806141375597,0.0,0.13279806141375597,0.24959100674960694
1027,pltd_tim343,1,343,diesel,0.0030360277334864844,0.1602,-0.15716397226651352,0.0031328011175020785
1028,plts_tim343,1,343,solar,0.4279825901438344,0.0,0.4279825901438344,0.7086402440876092
1029,batt_tim343,1,343,battery,0.18413115365955884,0.0,0.18413115365955884,0.3460756650836592
1030,pltd_tim344,1,344,diesel,0.004110150293278492,0.2169,-0.21278984970672152,0.004241161333886852
1031,plts_tim344,1,344,solar,0.5759215428497142,0.0,0.5759215428497142,0.9593964274440756
1032,batt_tim344,1,344,battery,0.2492926230582274,0.0,0.2492926230582274,0.46856838653221494
1033,pltd_tim345,1,345,diesel,0.00305338826667295,0.1611,-0.15804661173332704,0.0031507150176842526
1034,plts_tim345,1,345,solar,0.4343816628056447,0.0,0.4343816628056447,0.7127333145946654
1035,batt_tim345,1,345,battery,0.1852092386161845,0.0,0.1852092386161845,0.34809838331636683
1036,pltd_tim346,1,346,diesel,0.004115976426725887,0.2172,-0.2130840235732741,0.004247173175337925
1037,plts_tim346,1,346,solar,0.5778525737071515,0.0,0.5778525737071515,0.9607570341665808
1038,batt_tim346,1,346,battery,0.24965157011115882,0.0,0.24965157011115882,0.46922595454916954
1039,pltd_tim347,1,347,diesel,0.005639785706726616,0.2976,-0.29196021429327335,0.005819553876137312
1040,plts_tim347,1,347,solar,0.7728569799369861,0.0,0.7728569799369861,1.3164385247282864
1041,batt_tim347,1,347,battery,0.3420610384414134,0.0,0.3420610384414134,0.6429201604498114
1042,pltd_tim348,1,348,diesel,0.0022476745600442023,0.1186,-0.1163523254399558,0.002319319186656219
1043,plts_tim348,1,348,solar,0.3136635604429437,0.0,0.3136635604429437,0.5246680920534711
1044,batt_tim348,1,348,battery,0.13633684494279288,0.0,0.13633684494279288,0.2562404368646545
1045,pltd_tim349,1,349,diesel,0.006749219093582339,0.3561,-0.3493507809064177,0.006964350452199459
1046,plts_tim349,1,349,solar,0.9418054003019682,0.0,0.9418054003019682,1.5753666755807096
1047,batt_tim349,1,349,battery,0.40936431895023057,0.0,0.40936431895023057,0.7693865711449316
1048,pltd_tim350,1,350,diesel,0.0014596342399733333,0.077,-0.07554036576002666,0.0015061600813855221
1049,plts_tim350,1,350,solar,0.21174619474839676,0.0,0.21174619474839676,0.3406923579185436
1050,batt_tim350,1,350,battery,0.08852714630069766,0.0,0.08852714630069766,0.16638535332755489
1051,pltd_tim351,1,351,diesel,0.0015996930133070134,0.0844,-0.082800306986693,0.0016506832281195894
1052,plts_tim351,1,351,solar,0.23435604651248096,0.0,0.23435604651248096,0.3733999033685159
1053,batt_tim351,1,351,battery,0.09702444988424463,0.0,0.09702444988424463,0.18236410354043966
1054,pltd_tim352,1,352,diesel,0.0030768673066117885,0.1624,-0.15932313269338821,0.0031749424520223987
1055,plts_tim352,1,352,solar,0.45024650528738586,0.0,0.45024650528738586,0.7181841829929347
1056,batt_tim352,1,352,battery,0.18662595247364314,0.0,0.18662595247364314,0.3507596943781627
1057,pltd_tim353,1,353,diesel,0.001412922346655432,0.0746,-0.07318707765334456,0.0014579592464681252
1058,plts_tim353,1,353,solar,0.20480831734703234,0.0,0.20480831734703234,0.329791004993878
1059,batt_tim353,1,353,battery,0.08569835948056659,0.0,0.08569835948056659,0.16105945428862223
1060,pltd_tim354,1,354,diesel,0.004484173759910498,0.2366,-0.2321158262400895,0.004627106798519567
1061,plts_tim354,1,354,solar,0.6561460077997605,0.0,0.6561460077997605,1.0466123314897655
1062,batt_tim354,1,354,battery,0.27196983388138524,0.0,0.27196983388138524,0.5111629417208888
1063,pltd_tim355,1,355,diesel,0.0057334556803392295,0.3025,-0.29676654431966076,0.005916209580161682
1064,plts_tim355,1,355,solar,0.83897832953786,0.0,0.83897832953786,1.338246742146949
1065,batt_tim355,1,355,battery,0.34775379338841095,0.0,0.34775379338841095,0.6535965582899855
1066,pltd_tim356,1,356,diesel,0.0012900343467282605,0.0681,-0.06680996565327173,0.0013311541915436331
1067,plts_tim356,1,356,solar,0.18805508155164252,0.0,0.18805508155164252,0.301173483484624
1068,batt_tim356,1,356,battery,0.07825899214297515,0.0,0.07825899214297515,0.1470846813863557
1069,pltd_tim357,1,357,diesel,0.0014480229333590261,0.0764,-0.07495197706664097,0.0014941786643733249
1070,plts_tim357,1,357,solar,0.21188031181538974,0.0,0.21188031181538974,0.33796837063073726
1071,batt_tim357,1,357,battery,0.08782356315161345,0.0,0.08782356315161345,0.16506283130553098
1072,pltd_tim358,1,358,diesel,0.002475197653394507,0.1306,-0.12812480234660548,0.0025540945786088477
1073,plts_tim358,1,358,solar,0.3600874032304354,0.0,0.3600874032304354,0.5778161467075177
1074,batt_tim358,1,358,battery,0.15014977407048613,0.0,0.15014977407048613,0.28219220912141063
1075,pltd_tim359,1,359,diesel,0.001629034133302013,0.086,-0.08437096586669798,0.0016809595963137272
1076,plts_tim359,1,359,solar,0.2352676486532537,0.0,0.2352676486532537,0.38021228919373445
1077,batt_tim359,1,359,battery,0.09880125714603152,0.0,0.09880125714603152,0.18568342462692775
1078,pltd_tim360,1,360,diesel,0.0024230596266334985,0.1279,-0.1254769403733665,0.0025002946522449552
1079,plts_tim360,1,360,solar,0.35326411683408343,0.0,0.35326411683408343,0.5655517047626227
1080,batt_tim360,1,360,battery,0.1469633039809657,0.0,0.1469633039809657,0.2762131652879097
1081,pltd_tim361,1,361,diesel,0.0036955077335002074,0.195,-0.1913044922664998,0.003813302042516929
1082,plts_tim361,1,361,solar,0.5325078287756541,0.0,0.5325078287756541,0.8626377856938047
1083,batt_tim361,1,361,battery,0.2241335216387819,0.0,0.2241335216387819,0.4213062150568552
1084,pltd_tim362,1,362,diesel,0.003543904320035238,0.187,-0.18345609567996476,0.0036568662702480617
1085,plts_tim362,1,362,solar,0.5133663119832406,0.0,0.5133663119832406,0.8272062059224065
1086,batt_tim362,1,362,battery,0.21494899495539826,0.0,0.21494899495539826,0.404006694947196
1087,pltd_tim363,1,363,diesel,0.005254417599975156,0.2773,-0.27204558240002485,0.005421902160985483
1088,plts_tim363,1,363,solar,0.7582615263037938,0.0,0.7582615263037938,1.226493200931238
1089,batt_tim363,1,363,battery,0.31868596490848067,0.0,0.31868596490848067,0.598977170701637
1090,pltd_tim364,1,364,diesel,0.0020900090666548026,0.1103,-0.1082099909333452,0.0021566281056667556
1091,plts_tim364,1,364,solar,0.3019957770113984,0.0,0.3019957770113984,0.4878741605828976
1092,batt_tim364,1,364,battery,0.1267842328451809,0.0,0.1267842328451809,0.2382739078672094
1093,pltd_tim365,1,365,diesel,0.004314640533372735,0.2277,-0.22338535946662727,0.004452169700385953
1094,plts_tim365,1,365,solar,0.631370239450655,0.0,0.631370239450655,1.0070926276315317
1095,batt_tim365,1,365,battery,0.26170041771816194,0.0,0.26170041771816194,0.4918617219139279
1096,pltd_tim366,1,366,diesel,0.002930823359967766,0.1547,-0.15176917664003223,0.0030242433545782524
1097,plts_tim366,1,366,solar,0.42077774546739233,0.0,0.42077774546739233,0.6841135525655118
1098,batt_tim366,1,366,battery,0.17778582467698267,0.0,0.17778582467698267,0.3341156076660953
1099,pltd_tim367,1,367,diesel,0.0031117678933431253,0.1642,-0.16108823210665688,0.0032109554949556643
1100,plts_tim367,1,367,solar,0.4540743655985407,0.0,0.4540743655985407,0.7263622248308729
1101,batt_tim367,1,367,battery,0.18874336065376168,0.0,0.18874336065376168,0.3547567410325124
1102,pltd_tim368,1,368,diesel,0.0008931882666696049,0.0471,-0.0462068117333304,0.0009216586426823402
1103,plts_tim368,1,368,solar,0.12854806384909434,0.0,0.12854806384909434,0.20850454568238816
1104,batt_tim368,1,368,battery,0.05417788336709313,0.0,0.05417788336709313,0.10182688139631092
1105,pltd_tim369,1,369,diesel,0.0016697763200101134,0.0881,-0.08643022367998988,0.0017230004402232393
1106,plts_tim369,1,369,solar,0.24183156048176577,0.0,0.24183156048176577,0.38975142598218593
1107,batt_tim369,1,369,battery,0.10127065827611846,0.0,0.10127065827611846,0.19034244981440057
1108,pltd_tim370,1,370,diesel,0.0013660771200338937,0.0721,-0.0707339228799661,0.0014096208282475733
1109,plts_tim370,1,370,solar,0.19574429146080813,0.0,0.19574429146080813,0.3188902648184289
1110,batt_tim370,1,370,battery,0.08286525066547662,0.0,0.08286525066547662,0.1557466091928476
1111,pltd_tim371,1,371,diesel,0.0034852887467016888,0.1839,-0.18041471125329833,0.0035963823255144986
1112,plts_tim371,1,371,solar,0.5049094463184949,0.0,0.5049094463184949,0.8135798544593358
1113,batt_tim371,1,371,battery,0.21140859730288153,0.0,0.21140859730288153,0.39735130213931585
1114,pltd_tim372,1,372,diesel,0.003357220799925508,0.1771,-0.1737427792000745,0.0034642322129345214
1115,plts_tim372,1,372,solar,0.48304909084597125,0.0,0.48304909084597125,0.7835927966716085
1116,batt_tim372,1,372,battery,0.20362516505247932,0.0,0.20362516505247932,0.38268535054158637
1117,pltd_tim373,1,373,diesel,0.004524777386797253,0.2388,-0.23427522261320277,0.004669004666012789
1118,plts_tim373,1,373,solar,0.6551371213181302,0.0,0.6551371213181302,1.056149417897643
1119,batt_tim373,1,373,battery,0.27444717779162325,0.0,0.27444717779162325,0.5158013403748125
1120,pltd_tim374,1,374,diesel,0.005172938453462622,0.273,-0.2678270615465374,0.005337825866676985
1121,plts_tim374,1,374,solar,0.7334236014930215,0.0,0.7334236014930215,1.2074182174059074
1122,batt_tim374,1,374,battery,0.31371257876477554,0.0,0.31371257876477554,0.5896885892794741
1123,pltd_tim375,1,375,diesel,0.0017221912533784897,0.0909,-0.08917780874662151,0.0017770860995931785
1124,plts_tim375,1,375,solar,0.25203623498945027,0.0,0.25203623498945027,0.4020205688525551
1125,batt_tim375,1,375,battery,0.10446814824071742,0.0,0.10446814824071742,0.19634582369842885
1126,pltd_tim376,1,376,diesel,0.0020198283734064234,0.1066,-0.10458017162659358,0.002084210402820769
1127,plts_tim376,1,376,solar,0.28937390247450023,0.0,0.28937390247450023,0.4715196292422206
1128,batt_tim376,1,376,battery,0.12252013960709869,0.0,0.12252013960709869,0.23027641720603692
1129,pltd_tim377,1,377,diesel,0.0022827649066818655,0.1205,-0.11821723509331813,0.0023555280380951503
1130,plts_tim377,1,377,solar,0.33405365861479297,0.0,0.33405365861479297,0.5328456970465438
1131,batt_tim377,1,377,battery,0.13846400590064858,0.0,0.13846400590064858,0.2602406729321934
1132,pltd_tim378,1,378,diesel,0.0033628931199142834,0.1774,-0.17403710688008572,0.003470085338121613
1133,plts_tim378,1,378,solar,0.4688944466822372,0.0,0.4688944466822372,0.7849571194509276
1134,batt_tim378,1,378,battery,0.20396961196515823,0.0,0.20396961196515823,0.38335925652618397
1135,pltd_tim379,1,379,diesel,0.0032463133867814695,0.1713,-0.16805368661321854,0.0033497896259956357
1136,plts_tim379,1,379,solar,0.4554234807582628,0.0,0.4554234807582628,0.7577011450793648
1137,batt_tim379,1,379,battery,0.19688209895468875,0.0,0.19688209895468875,0.37004770073796867
1138,pltd_tim380,1,380,diesel,0.0023705523200328368,0.1251,-0.12272944767996716,0.0024461136752444304
1139,plts_tim380,1,380,solar,0.32993615702829726,0.0,0.32993615702829726,0.5532845641921359
1140,batt_tim380,1,380,battery,0.14377471508486706,0.0,0.14377471508486706,0.27021339167638186
1141,pltd_tim381,1,381,diesel,0.0010508999466325845,0.0555,-0.054449100053367415,0.001084397382445086
1142,plts_tim381,1,381,solar,0.15336974078211021,0.0,0.15336974078211021,0.24529973471929914
1143,batt_tim381,1,381,battery,0.06373991000265973,0.0,0.06373991000265973,0.11980299309955698
1144,pltd_tim382,1,382,diesel,0.0029776583465794615,0.1571,-0.15412234165342054,0.003072571206387456
1145,plts_tim382,1,382,solar,0.41928092772680575,0.0,0.41928092772680575,0.6950129096392117
1146,batt_tim382,1,382,battery,0.18059051462315,0.0,0.18059051462315,0.3394280601380479
1147,pltd_tim383,1,383,diesel,0.0017926848000402542,0.0946,-0.09280731519995974,0.0018498266280540037
1148,plts_tim383,1,383,solar,0.25782561633538187,0.0,0.25782561633538187,0.4183714407513683
1149,batt_tim383,1,383,battery,0.10872032133443334,0.0,0.10872032133443334,0.20432705546528213
1150,pltd_tim384,1,384,diesel,0.003030042559854898,0.1599,-0.1568699574401451,0.003126625166463284
1151,plts_tim384,1,384,solar,0.4476626893076888,0.0,0.4476626893076888,0.7072798704454818
1152,batt_tim384,1,384,battery,0.18379246879335526,0.0,0.18379246879335526,0.34542526916780975
1153,pltd_tim385,1,385,diesel,0.0007180955733339659,0.0379,-0.03718190442666604,0.0007409848697462683
1154,plts_tim385,1,385,solar,0.10285394731462044,0.0,0.10285394731462044,0.16762098792506133
1155,batt_tim385,1,385,battery,0.043555040493324135,0.0,0.043555040493324135,0.08186226808553947
1156,pltd_tim386,1,386,diesel,0.0008873159466537893,0.0468,-0.04591268405334621,0.0009155991424667419
1157,plts_tim386,1,386,solar,0.1298626613457883,0.0,0.1298626613457883,0.20714288069153886
1158,batt_tim386,1,386,battery,0.05382756933975533,0.0,0.05382756933975533,0.10116800000591908
1159,pltd_tim387,1,387,diesel,0.0038765855999670193,0.2046,-0.200723414400033,0.004000151765977302
1160,plts_tim387,1,387,solar,0.5583200197007993,0.0,0.5583200197007993,0.9048807521478877
1161,batt_tim387,1,387,battery,0.23511554801351836,0.0,0.23511554801351836,0.4419199296239971
1162,pltd_tim388,1,388,diesel,0.0012494614399774933,0.0659,-0.06465053856002251,0.0012892880233896478
1163,plts_tim388,1,388,solar,0.1798639048420041,0.0,0.1798639048420041,0.2916337442113604
1164,batt_tim388,1,388,battery,0.0757819683440887,0.0,0.0757819683440887,0.14243183901946818
1165,pltd_tim389,1,389,diesel,0.0008115757866758556,0.0428,-0.04198842421332414,0.0008374447648884408
1166,plts_tim389,1,389,solar,0.11629305239462083,0.0,0.11629305239462083,0.18942552664765594
1167,batt_tim389,1,389,battery,0.04922301181264069,0.0,0.04922301181264069,0.09251443039593837
1168,pltd_tim390,1,390,diesel,0.001220310079998498,0.0644,-0.0631796899200015,0.0012592074638112462
1169,plts_tim390,1,390,solar,0.17519566822505156,0.0,0.17519566822505156,0.28481991260440487
1170,batt_tim390,1,390,battery,0.07400819025328481,0.0,0.07400819025328481,0.13910286061765087
1171,pltd_tim391,1,391,diesel,0.0017571585067083814,0.0927,-0.09094284149329163,0.0018131679341222711
1172,plts_tim391,1,391,solar,0.2534661686895087,0.0,0.2534661686895087,0.4101961739551556
1173,batt_tim391,1,391,battery,0.10657955011507973,0.0,0.10657955011507973,0.2003354768338121
1174,pltd_tim392,1,392,diesel,0.0031992424534878043,0.1688,-0.1656007575465122,0.003301218306714871
1175,plts_tim392,1,392,solar,0.5186374371920915,0.0,0.5186374371920915,0.7467997321258047
1176,batt_tim392,1,392,battery,0.19405376347066194,0.0,0.19405376347066194,0.3647233360441165
1177,pltd_tim393,1,393,diesel,0.0024173308799329265,0.1275,-0.12508266912006707,0.0024943833017489862
1178,plts_tim393,1,393,solar,0.38037036753499404,0.0,0.38037036753499404,0.5641891026890423
1179,batt_tim393,1,393,battery,0.14660070212133156,0.0,0.14660070212133156,0.2755504315687699
1180,pltd_tim394,1,394,diesel,0.0009632458666566988,0.0508,-0.0498367541333433,0.000993949328680085
1181,plts_tim394,1,394,solar,0.15645243628806693,0.0,0.15645243628806693,0.2248574489024741
1182,batt_tim394,1,394,battery,0.05843147754461956,0.0,0.05843147754461956,0.10981784903238509
1183,pltd_tim395,1,395,diesel,0.0019966519466945547,0.1054,-0.10340334805330544,0.002060295227516401
1184,plts_tim395,1,395,solar,0.3204177872366658,0.0,0.3204177872366658,0.46606867127899837
1185,batt_tim395,1,395,battery,0.121103654954645,0.0,0.121103654954645,0.22761846053587637
1186,pltd_tim396,1,396,diesel,0.002895722773376697,0.1528,-0.1499042772266233,0.002988023936799526
1187,plts_tim396,1,396,solar,0.46744572907377124,0.0,0.46744572907377124,0.6759372241451577
1188,batt_tim396,1,396,battery,0.175643221188958,0.0,0.175643221188958,0.33011995744553807
1189,pltd_tim397,1,397,diesel,0.0012379168000155002,0.0653,-0.0640620831999845,0.0012773753980296347
1190,plts_tim397,1,397,solar,0.18112301246328844,0.0,0.18112301246328844,0.2889079549633199
1191,batt_tim397,1,397,battery,0.07507503208045388,0.0,0.07507503208045388,0.14110177781802766
1192,pltd_tim398,1,398,diesel,0.0016406813866290978,0.0866,-0.0849593186133709,0.0016929781058408896
1193,plts_tim398,1,398,solar,0.23845277879715537,0.0,0.23845277879715537,0.3829390480713022
1194,batt_tim398,1,398,battery,0.09951401422711872,0.0,0.09951401422711872,0.18701702198247694
1195,pltd_tim399,1,399,diesel,0.0021370799999628548,0.1128,-0.11066292000003715,0.0022051994249748506
1196,plts_tim399,1,399,solar,0.3141614699365131,0.0,0.3141614699365131,0.49877567221394825
1197,batt_tim399,1,399,battery,0.12961106214012644,0.0,0.12961106214012644,0.24359969040156298
1198,pltd_tim400,1,400,diesel,0.0018682454400176555,0.0986,-0.09673175455998234,0.0019277957634313333
1199,plts_tim400,1,400,solar,0.27339441566462186,0.0,0.27339441566462186,0.43608914282749894
1200,batt_tim400,1,400,battery,0.1133213282819185,0.0,0.1133213282819185,0.212984670628588
1201,pltd_tim401,1,401,diesel,0.002019828373359131,0.1066,-0.10458017162664086,0.0020842104027731546
1202,plts_tim401,1,401,solar,0.2967419965746901,0.0,0.2967419965746901,0.47152164680101977
1203,batt_tim401,1,401,battery,0.12252703975203119,0.0,0.12252703975203119,0.2302875347947421
1204,pltd_tim402,1,402,diesel,0.001290034346676767,0.0681,-0.06680996565332323,0.001331154191490392
1205,plts_tim402,1,402,solar,0.18770848560500078,0.0,0.18770848560500078,0.3011735057329763
1206,batt_tim402,1,402,battery,0.07825661275977035,0.0,0.07825661275977035,0.1470848039839739
1207,pltd_tim403,1,403,diesel,0.0024462360533480765,0.1291,-0.12665376394665193,0.002524209827561434
1208,plts_tim403,1,403,solar,0.3591169981003433,0.0,0.3591169981003433,0.5710019794839976
1209,batt_tim403,1,403,battery,0.14838269996342285,0.0,0.14838269996342285,0.2788653457089372
1210,pltd_tim404,1,404,diesel,0.004121838506399153,0.2175,-0.21337816149360084,0.004253222108803786
1211,plts_tim404,1,404,solar,0.6146835979335837,0.0,0.6146835979335837,0.9621187707287896
1212,batt_tim404,1,404,battery,0.25003663918289054,0.0,0.25003663918289054,0.4698855511668743
1213,pltd_tim405,1,405,diesel,0.0038009018665790205,0.2006,-0.19679909813342097,0.0039220556135879875
1214,plts_tim405,1,405,solar,0.552316523668968,0.0,0.552316523668968,0.8871652450918481
1215,batt_tim405,1,405,battery,0.23053410690558768,0.0,0.23053410690558768,0.43327446815853954
1216,pltd_tim406,1,406,diesel,0.002346960426681313,0.1238,-0.12145303957331868,0.002421769790294534
1217,plts_tim406,1,406,solar,0.3434515195702963,0.0,0.3434515195702963,0.5478364904861772
1218,batt_tim406,1,406,battery,0.1423596020461844,0.0,0.1423596020461844,0.26756194214904616
1219,pltd_tim407,1,407,diesel,0.0038648973866027146,0.2039,-0.20003510261339727,0.003988090990812768
1220,plts_tim407,1,407,solar,0.5655849035838592,0.0,0.5655849035838592,0.9021591775968777
1221,batt_tim407,1,407,battery,0.23443305913112558,0.0,0.23443305913112558,0.4406126558668031
1222,pltd_tim408,1,408,diesel,0.0031002796800266488,0.1636,-0.16049972031997334,0.003199101094839854
1223,plts_tim408,1,408,solar,0.4536630620841151,0.0,0.4536630620841151,0.7236336689515379
1224,batt_tim408,1,408,battery,0.18804156986298637,0.0,0.18804156986298637,0.3534210537548978
1225,pltd_tim409,1,409,diesel,0.0011208446933363453,0.0591,-0.05797915530666366,0.0011565716179496408
1226,plts_tim409,1,409,solar,0.16232355399715662,0.0,0.16232355399715662,0.26165291619563513
1227,batt_tim409,1,409,battery,0.06798723549928168,0.0,0.06798723549928168,0.1277847958433419
1228,pltd_tim410,1,410,diesel,0.0014420172800547555,0.0761,-0.07465798271994524,0.0014879815808699598
1229,plts_tim410,1,410,solar,0.21102594577176584,0.0,0.21102594577176584,0.3366056717913658
1230,batt_tim410,1,410,battery,0.08746977265218044,0.0,0.08746977265218044,0.16439749483908386
1231,pltd_tim411,1,411,diesel,0.0030067994666850826,0.1587,-0.15569320053331492,0.003102641199698052
1232,plts_tim411,1,411,solar,0.43974065761566533,0.0,0.43974065761566533,0.7018273713982792
1233,batt_tim411,1,411,battery,0.1823552648982216,0.0,0.1823552648982216,0.3427595786235837
1234,pltd_tim412,1,412,diesel,0.0027852153599740265,0.147,-0.14421478464002596,0.0028739940995858838
1235,plts_tim412,1,412,solar,0.40889285950325843,0.0,0.40889285950325843,0.6500412158586659
1236,batt_tim412,1,412,battery,0.16891970855481653,0.0,0.16891970855481653,0.3174615648988969
1237,pltd_tim413,1,413,diesel,0.0036317019732185697,0.1916,-0.18796829802678142,0.0037474624736267936
1238,plts_tim413,1,413,solar,0.5286615452522219,0.0,0.5286615452522219,0.8476445463151832
1239,batt_tim413,1,413,battery,0.22025651025065268,0.0,0.22025651025065268,0.41397417891352906
1240,pltd_tim414,1,414,diesel,0.003257934933232244,0.1719,-0.16864206506676777,0.003361781609241867
1241,plts_tim414,1,414,solar,0.48137906959825943,0.0,0.48137906959825943,0.7604265730429989
1242,batt_tim414,1,414,battery,0.19760071896912812,0.0,0.19760071896912812,0.37137582933158586
1243,pltd_tim415,1,415,diesel,0.002738190613330422,0.1445,-0.14176180938666957,0.002825470439142844
1244,plts_tim415,1,415,solar,0.40069340169132495,0.0,0.40069340169132495,0.6391425727760464
1245,batt_tim415,1,415,battery,0.16608617969509698,0.0,0.16608617969509698,0.31215549541660154
1246,pltd_tim416,1,416,diesel,0.003689968746608407,0.1947,-0.1910100312533916,0.0038075865004186795
1247,plts_tim416,1,416,solar,0.539953429137679,0.0,0.539953429137679,0.8612749341445228
1248,batt_tim416,1,416,battery,0.22380904816846978,0.0,0.22380904816846978,0.420644438762096
1249,pltd_tim417,1,417,diesel,0.0006541205333413527,0.0345,-0.03384587946665865,0.0006749706253548735
1250,plts_tim417,1,417,solar,0.09568773315339059,0.0,0.09568773315339059,0.1526303120770482
1251,batt_tim417,1,417,battery,0.03966177743866257,0.0,0.03966177743866257,0.0745441536709987
1252,pltd_tim418,1,418,diesel,0.0010741892266145938,0.0567,-0.05562581077338541,0.0011084290082266325
1253,plts_tim418,1,418,solar,0.1572016513246521,0.0,0.1572016513246521,0.2507510155926729
1254,batt_tim418,1,418,battery,0.06515943112508187,0.0,0.06515943112508187,0.12246625622308624
1255,pltd_tim419,1,419,diesel,0.0011907689600200526,0.0628,-0.06160923103997994,0.0012287247206343437
1256,plts_tim419,1,419,solar,0.17458476815878096,0.0,0.17458476815878096,0.27800669580252785
1257,batt_tim419,1,419,battery,0.07224519308074648,0.0,0.07224519308074648,0.13577983459470264
1258,pltd_tim420,1,420,diesel,0.0015586636800530818,0.0823,-0.08074133631994691,0.0016083460848684364
1259,plts_tim420,1,420,solar,0.2300939396384424,0.0,0.2300939396384424,0.3638618067797016
1260,batt_tim420,1,420,battery,0.09454389408488283,0.0,0.09454389408488283,0.1777042808596523
1261,pltd_tim421,1,421,diesel,0.0007064380800107599,0.0373,-0.03659356191998924,0.0007289557938243188
1262,plts_tim421,1,421,solar,0.10380718153208339,0.0,0.10380718153208339,0.16489546855335765
1263,batt_tim421,1,421,battery,0.042847552401728745,0.0,0.042847552401728745,0.08053104102182854
1264,pltd_tim422,1,422,diesel,0.0022595320533749636,0.1192,-0.11694046794662503,0.0023315546375894344
1265,plts_tim422,1,422,solar,0.3323988735593152,0.0,0.3323988735593152,0.5273911558124116
1266,batt_tim422,1,422,battery,0.1370421275149407,0.0,0.1370421275149407,0.2575601437815788
1267,pltd_tim423,1,423,diesel,0.0037014364799672203,0.1953,-0.1915985635200328,0.003819419767778048
1268,plts_tim423,1,423,solar,0.5389467271181553,0.0,0.5389467271181553,0.8639975157947544
1269,batt_tim423,1,423,battery,0.2245036657976991,0.0,0.2245036657976991,0.4219551343082439
1270,pltd_tim424,1,424,diesel,0.0019618846933632124,0.1035,-0.10153811530663678,0.002024419767977626
1271,plts_tim424,1,424,solar,0.28932088574040365,0.0,0.28932088574040365,0.4578908634807708
1272,batt_tim424,1,424,battery,0.11898158745836741,0.0,0.11898158745836741,0.22362433576527094
1273,pltd_tim425,1,425,diesel,0.003415456853428019,0.1802,-0.176784543146572,0.003524324540641396
1274,plts_tim425,1,425,solar,0.4787373923330206,0.0,0.4787373923330206,0.7972223954853651
1275,batt_tim425,1,425,battery,0.20716185003586848,0.0,0.20716185003586848,0.3893507088445463
1276,pltd_tim426,1,426,diesel,0.000945752000005754,0.0499,-0.048954247999994246,0.0009758978450172592
1277,plts_tim426,1,426,solar,0.1311529927633501,0.0,0.1311529927633501,0.22076976357029499
1278,batt_tim426,1,426,battery,0.05737030561629225,0.0,0.05737030561629225,0.10782279405019878
1279,pltd_tim427,1,427,diesel,0.0039526283733891535,0.2086,-0.20464737162661084,0.004078618402802067
1280,plts_tim427,1,427,solar,0.5673496111764568,0.0,0.5673496111764568,0.9226014486881648
1281,batt_tim427,1,427,battery,0.23975022707890806,0.0,0.23975022707890806,0.45059978831664105
1282,pltd_tim428,1,428,diesel,0.004110150293095089,0.2169,-0.21278984970690493,0.0042411613336992586
1283,plts_tim428,1,428,solar,0.597624173203301,0.0,0.597624173203301,0.959395856685565
1284,batt_tim428,1,428,battery,0.24932976303215978,0.0,0.24932976303215978,0.4685652414128959
1285,pltd_tim429,1,429,diesel,0.0023588076799652396,0.1245,-0.12214119232003476,0.0024339946747754773
1286,plts_tim429,1,429,solar,0.33480588015048823,0.0,0.33480588015048823,0.5505594799801936
1287,batt_tim429,1,429,battery,0.14304639804912575,0.0,0.14304639804912575,0.2688804234685917
1288,pltd_tim430,1,430,diesel,0.0029892594132368507,0.1577,-0.15471074058676315,0.003084542057045848
1289,plts_tim430,1,430,solar,0.43434821961464665,0.0,0.43434821961464665,0.6977403219928966
1290,batt_tim430,1,430,battery,0.18128706393515165,0.0,0.18128706393515165,0.3407657539382356
1291,pltd_tim431,1,431,diesel,0.002533946560159664,0.1337,-0.13116605343984034,0.0026147161067772667
1292,plts_tim431,1,431,solar,0.36937982636356625,0.0,0.36937982636356625,0.5914465848030509
1293,batt_tim431,1,431,battery,0.1536943453841899,0.0,0.1536943453841899,0.28886484520815897
1294,pltd_tim432,1,432,diesel,0.002550983999939498,0.1346,-0.1320490160000605,0.0026322966149488736
1295,plts_tim432,1,432,solar,0.36252390271150575,0.0,0.36252390271150575,0.5955311074246366
1296,batt_tim432,1,432,battery,0.1547430242659419,0.0,0.1547430242659419,0.29084089832900667
1297,pltd_tim433,1,433,diesel,0.003263807253306268,0.1722,-0.16893619274669372,0.0033678411095176865
1298,plts_tim433,1,433,solar,0.4775852272556038,0.0,0.4775852272556038,0.7617918905012725
1299,batt_tim433,1,433,battery,0.19795765339893773,0.0,0.19795765339893773,0.37205760678393296
1300,pltd_tim434,1,434,diesel,0.0015882048000085214,0.0838,-0.08221179519999147,0.0016388288280209321
1301,plts_tim434,1,434,solar,0.22677876420981524,0.0,0.22677876420981524,0.37067441636403714
1302,batt_tim434,1,434,battery,0.09631393998902706,0.0,0.09631393998902706,0.18103288015811309
1303,pltd_tim435,1,435,diesel,0.001646563946703836,0.0869,-0.08525343605329617,0.0016990481725193765
1304,plts_tim435,1,435,solar,0.2454625947437341,0.0,0.2454625947437341,0.38430330973113974
1305,batt_tim435,1,435,battery,0.0998610145635615,0.0,0.0998610145635615,0.187693039771353
1306,pltd_tim436,1,436,diesel,0.002183432853243186,0.1152,-0.11301656714675681,0.002253029775453755
1307,plts_tim436,1,436,solar,0.32228068404436744,0.0,0.32228068404436744,0.5096780826789268
1308,batt_tim436,1,436,battery,0.1324512350747465,0.0,0.1324512350747465,0.2489203401591597
1309,pltd_tim437,1,437,diesel,0.0038648973866162147,0.2039,-0.20003510261338378,0.003988090990825503
1310,plts_tim437,1,437,solar,0.5501443540818621,0.0,0.5501443540818621,0.9021547746148576
1311,batt_tim437,1,437,battery,0.2344080664685695,0.0,0.2344080664685695,0.4405883935965746
1312,pltd_tim438,1,438,diesel,0.0038942385065750132,0.2055,-0.20160576149342496,0.0040183673589841915
1313,plts_tim438,1,438,solar,0.5698561767686179,0.0,0.5698561767686179,0.9089723548751762
1314,batt_tim438,1,438,battery,0.23620367729653494,0.0,0.23620367729653494,0.4439403607869128
1315,pltd_tim439,1,439,diesel,0.001821713066680258,0.0961,-0.09427828693331974,0.0018797801706928379
1316,plts_tim439,1,439,solar,0.2609372432426041,0.0,0.2609372432426041,0.4251831196820435
1317,batt_tim439,1,439,battery,0.11047962383205401,0.0,0.11047962383205401,0.20764699939068593
1318,pltd_tim440,1,440,diesel,0.0016348757333271857,0.0863,-0.08466512426667282,0.001686987397341331
1319,plts_tim440,1,440,solar,0.24357911671249494,0.0,0.24357911671249494,0.38157655825633496
1320,batt_tim440,1,440,battery,0.09914153139032374,0.0,0.09914153139032374,0.18635522769942703
1321,pltd_tim441,1,441,diesel,0.0021018870399872472,0.1109,-0.10879811296001275,0.002168884689399756
1322,plts_tim441,1,441,solar,0.3075690758459133,0.0,0.3075690758459133,0.4906003266322296
1323,batt_tim441,1,441,battery,0.12748595932282447,0.0,0.12748595932282447,0.23960805670167543
1324,pltd_tim442,1,442,diesel,0.0013254580266453138,0.0699,-0.06857454197335469,0.0013677070012581931
1325,plts_tim442,1,442,solar,0.19393823424808027,0.0,0.19393823424808027,0.30934899291519224
1326,batt_tim442,1,442,battery,0.08038672819567633,0.0,0.08038672819567633,0.15108543784571188
1327,pltd_tim443,1,443,diesel,0.004267938879966803,0.2252,-0.22093206112003322,0.0044039794317777044
1328,plts_tim443,1,443,solar,0.624374618799064,0.0,0.624374618799064,0.9961842371389499
1329,batt_tim443,1,443,battery,0.25883308366500357,0.0,0.25883308366500357,0.4865043882334718
1330,pltd_tim444,1,444,diesel,0.0018508079999271364,0.0977,-0.09584919200007286,0.0019098025049381412
1331,plts_tim444,1,444,solar,0.2718696594420245,0.0,0.2718696594420245,0.43199925927490623
1332,batt_tim444,1,444,battery,0.11225686938040706,0.0,0.11225686938040706,0.21098511044650858
1333,pltd_tim445,1,445,diesel,0.0056690139731198986,0.2991,-0.29343098602688006,0.005849713793524778
1334,plts_tim445,1,445,solar,0.8295810046050346,0.0,0.8295810046050346,1.323257030912169
1335,batt_tim445,1,445,battery,0.34385851896405817,0.0,0.34385851896405817,0.6462760931467973
1336,pltd_tim446,1,446,diesel,0.0025571896533183873,0.1349,-0.1323428103466816,0.0026387000735309677
1337,plts_tim446,1,446,solar,0.3772282363144617,0.0,0.3772282363144617,0.596892835058062
1338,batt_tim446,1,446,battery,0.15510969190160825,0.0,0.15510969190160825,0.2915045265817465
1339,pltd_tim447,1,447,diesel,0.002574596373182337,0.1359,-0.13332540362681766,0.0026566616325904135
1340,plts_tim447,1,447,solar,0.3786601822888066,0.0,0.3786601822888066,0.6009833294308755
1341,batt_tim447,1,447,battery,0.15616786086277423,0.0,0.15616786086277423,0.29350891019076797
1342,pltd_tim448,1,448,diesel,0.002078531093356517,0.1097,-0.1076214689066435,0.002144784271970367
1343,plts_tim448,1,448,solar,0.3051213823685903,0.0,0.3051213823685903,0.485147839142387
1344,batt_tim448,1,448,battery,0.1260721230711153,0.0,0.1260721230711153,0.23693613331714516
1345,pltd_tim449,1,449,diesel,0.0026622504533175763,0.1405,-0.13783774954668243,0.002747109686529993
1346,plts_tim449,1,449,solar,0.39198098237340956,0.0,0.39198098237340956,0.621424146337578
1347,batt_tim449,1,449,battery,0.1614686559858198,0.0,0.1614686559858198,0.303485959956665
1348,pltd_tim450,1,450,diesel,0.005038818666738025,0.2659,-0.260861181333262,0.0051994310117523795
1349,plts_tim450,1,450,solar,0.740852434837182,0.0,0.740852434837182,1.1760737261660497
1350,batt_tim450,1,450,battery,0.305590159328325,0.0,0.305590159328325,0.5743827886062006
1351,pltd_tim451,1,451,diesel,0.014461586665218193,0.7631,-0.7486384133347818,0.014922549740183718
1352,plts_tim451,1,451,solar,2.1314034306625804,0.0,2.1314034306625804,3.3755806624095803
1353,batt_tim451,1,451,battery,0.8771093043328991,0.0,0.8771093043328991,1.6485265296298124
1354,pltd_tim452,1,452,diesel,0.004565719573367289,0.2409,-0.2363342804266327,0.004711251884780672
1355,plts_tim452,1,452,solar,0.6727091050247392,0.0,0.6727091050247392,1.0656884126620827
1356,batt_tim452,1,452,battery,0.27693189750525726,0.0,0.27693189750525726,0.5204615942504596
1357,pltd_tim453,1,453,diesel,0.004565719573533912,0.2409,-0.2363342804264661,0.0047112518849522205
1358,plts_tim453,1,453,solar,0.6681075852401238,0.0,0.6681075852401238,1.0656920489018094
1359,batt_tim453,1,453,battery,0.2769281726610504,0.0,0.2769281726610504,0.5204816314502687
1360,pltd_tim454,1,454,diesel,0.005360011733415799,0.2828,-0.27743998826658417,0.005530862107430159
1361,plts_tim454,1,454,solar,0.7842986381705715,0.0,0.7842986381705715,1.25102744697741
1362,batt_tim454,1,454,battery,0.32508904262975513,0.0,0.32508904262975513,0.610998911482488
1363,pltd_tim455,1,455,diesel,0.003421206080054375,0.1805,-0.17707879391994563,0.0035302570238686486
1364,plts_tim455,1,455,solar,0.5035913984960534,0.0,0.5035913984960534,0.7985855804103809
1365,batt_tim455,1,455,battery,0.20751998748246792,0.0,0.20751998748246792,0.3900171498433856
1366,pltd_tim456,1,456,diesel,0.004559924159665303,0.2406,-0.2360400758403347,0.0047052717422639495
1367,plts_tim456,1,456,solar,0.6302898900556153,0.0,0.6302898900556153,1.0643247820206532
1368,batt_tim456,1,456,battery,0.276575196141404,0.0,0.276575196141404,0.5197931926818556
1369,pltd_tim457,1,457,diesel,0.0037014364798614655,0.1953,-0.19159856352013854,0.003819419767667365
1370,plts_tim457,1,457,solar,0.5188143857648768,0.0,0.5188143857648768,0.8639992898595215
1371,batt_tim457,1,457,battery,0.22450009412015012,0.0,0.22450009412015012,0.4219649101421736
1372,pltd_tim458,1,458,diesel,0.005885182186299415,0.3105,-0.3046148178137006,0.006072772368498193
1373,plts_tim458,1,458,solar,0.8406207165493321,0.0,0.8406207165493321,1.3736741880490722
1374,batt_tim458,1,458,battery,0.356970678606082,0.0,0.356970678606082,0.6708712295112225
1375,pltd_tim459,1,459,diesel,0.0018333910400240674,0.0967,-0.09486660895997592,0.0018918303794371448
1376,plts_tim459,1,459,solar,0.26293516745193757,0.0,0.26293516745193757,0.4279109008467131
1377,batt_tim459,1,459,battery,0.11120349654759774,0.0,0.11120349654759774,0.20899042725477035
1378,pltd_tim460,1,460,diesel,0.0032463133867964124,0.1713,-0.1680536866132036,0.003349789626010671
1379,plts_tim460,1,460,solar,0.4525638069667707,0.0,0.4525638069667707,0.7577019861023011
1380,batt_tim460,1,460,battery,0.19690219838905793,0.0,0.19690219838905793,0.3700523351236789
1381,pltd_tim461,1,461,diesel,0.005038818666843524,0.2659,-0.2608611813331565,0.005199431011858151
1382,plts_tim461,1,461,solar,0.6908952633378054,0.0,0.6908952633378054,1.176073249255763
1383,batt_tim461,1,461,battery,0.3055974161678806,0.0,0.3055974161678806,0.5743801606306468
1384,pltd_tim462,1,462,diesel,0.0050562458666350485,0.2668,-0.2617437541333649,0.005217413703643082
1385,plts_tim462,1,462,solar,0.6945338762303759,0.0,0.6945338762303759,1.1801622957390778
1386,batt_tim462,1,462,battery,0.30668796046161834,0.0,0.30668796046161834,0.5763746709116918
1387,pltd_tim463,1,463,diesel,0.003964306346634837,0.2092,-0.20523569365336516,0.004090668611443469
1388,plts_tim463,1,463,solar,0.5492685296109778,0.0,0.5492685296109778,0.925324445598786
1389,batt_tim463,1,463,battery,0.24045332092042604,0.0,0.24045332092042604,0.45191924331873773
1390,pltd_tim464,1,464,diesel,0.005552177813307348,0.293,-0.2874478221866926,0.005729153481117146
1391,plts_tim464,1,464,solar,0.7941183131379426,0.0,0.7941183131379426,1.2960022040767887
1392,batt_tim464,1,464,battery,0.33678505609799103,0.0,0.33678505609799103,0.6329681495457367
1393,pltd_tim465,1,465,diesel,0.0028957227734019565,0.1528,-0.14990427722659805,0.0029880239368161583
1394,plts_tim465,1,465,solar,0.4197532873422357,0.0,0.4197532873422357,0.6759348608936434
1395,batt_tim465,1,465,battery,0.17563451680065914,0.0,0.17563451680065914,0.3301069349461763
1396,pltd_tim466,1,466,diesel,0.009096082132941552,0.48,-0.47090391786705843,0.009386019750939762
1397,plts_tim466,1,466,solar,1.317579673628992,0.0,1.317579673628992,2.123209385998101
1398,batt_tim466,1,466,battery,0.5517923140887695,0.0,0.5517923140887695,1.0369802226453888
1399,pltd_tim467,1,467,diesel,0.000980873066643362,0.0518,-0.050819126933356634,0.0010121383956564144
1400,plts_tim467,1,467,solar,0.14402915709307976,0.0,0.14402915709307976,0.22894587359627824
1401,batt_tim467,1,467,battery,0.059489838857352415,0.0,0.059489838857352415,0.11180931206751751
1402,pltd_tim468,1,468,diesel,0.004600809920012043,0.2428,-0.23819919007998794,0.00474746073622358
1403,plts_tim468,1,468,solar,0.6627819478054916,0.0,0.6627819478054916,1.073869402709216
1404,batt_tim468,1,468,battery,0.2790761535771456,0.0,0.2790761535771456,0.5244788511467144
1405,pltd_tim469,1,469,diesel,0.0024987331199752306,0.1319,-0.12940126688002476,0.0025783802381861014
1406,plts_tim469,1,469,solar,0.3570094008707402,0.0,0.3570094008707402,0.5832659610541501
1407,batt_tim469,1,469,battery,0.15154867871524644,0.0,0.15154867871524644,0.2848480327593107
1408,pltd_tim470,1,470,diesel,0.001582019626711562,0.0835,-0.08191798037328844,0.0016324465023256378
1409,plts_tim470,1,470,solar,0.22774671267968333,0.0,0.22774671267968333,0.3693134038154997
1410,batt_tim470,1,470,battery,0.09597504407712028,0.0,0.09597504407712028,0.18037167654286343
1411,pltd_tim471,1,471,diesel,0.003298774506766176,0.1741,-0.17080122549323382,0.0034039229441809207
1412,plts_tim471,1,471,solar,0.47584819393477795,0.0,0.47584819393477795,0.7699660948644353
1413,batt_tim471,1,471,battery,0.20005538046751395,0.0,0.20005538046751395,0.37603752995940243
1414,pltd_tim472,1,472,diesel,0.0011969438933816135,0.0632,-0.062003056106618396,0.0012350964799957985
1415,plts_tim472,1,472,solar,0.17104068707113598,0.0,0.17104068707113598,0.27936945879882397
1416,batt_tim472,1,472,battery,0.07259660627388188,0.0,0.07259660627388188,0.1364433386168478
1417,pltd_tim473,1,473,diesel,0.0007939485866640703,0.0419,-0.04110605141333593,0.0008192556978765893
1418,plts_tim473,1,473,solar,0.11462333742032195,0.0,0.11462333742032195,0.185337496669955
1419,batt_tim473,1,473,battery,0.048159838486512625,0.0,0.048159838486512625,0.09051747627292947
1420,pltd_tim474,1,474,diesel,0.0011446365866675926,0.0604,-0.05925536341333241,0.0011811218778803344
1421,plts_tim474,1,474,solar,0.1637356383866103,0.0,0.1637356383866103,0.26710310278695865
1422,batt_tim474,1,474,battery,0.06940393484173038,0.0,0.06940393484173038,0.1304478882469141
1423,pltd_tim475,1,475,diesel,0.002119293759938833,0.1118,-0.10968070624006117,0.0021868462485487264
1424,plts_tim475,1,475,solar,0.30346352028274237,0.0,0.30346352028274237,0.49468752046782893
1425,batt_tim475,1,475,battery,0.1285515233414778,0.0,0.1285515233414778,0.24160028688060636
1426,pltd_tim476,1,476,diesel,0.0010741892266835139,0.0567,-0.055625810773316485,0.0011084290082975078
1427,plts_tim476,1,476,solar,0.15643804807368533,0.0,0.15643804807368533,0.2507495365471207
1428,batt_tim476,1,476,battery,0.06515478679323176,0.0,0.06515478679323176,0.12245810606737591
1429,pltd_tim477,1,477,diesel,0.0023294870399775823,0.1229,-0.12057051296002241,0.002403739439390226
1430,plts_tim477,1,477,solar,0.3448417717331676,0.0,0.3448417717331676,0.543746359530814
1431,batt_tim477,1,477,battery,0.14129062316928725,0.0,0.14129062316928725,0.26555515944625774
1432,pltd_tim478,1,478,diesel,0.0034505574399535336,0.1821,-0.17864944256004647,0.0035605439583639956
1433,plts_tim478,1,478,solar,0.5023929310993582,0.0,0.5023929310993582,0.8053976366084131
1434,batt_tim478,1,478,battery,0.20927741603911634,0.0,0.20927741603911634,0.39333672407308673
1435,pltd_tim479,1,479,diesel,0.003368765439926361,0.1778,-0.17443123456007364,0.0034761448383362156
1436,plts_tim479,1,479,solar,0.4926027140686603,0.0,0.4926027140686603,0.7863216998049781
1437,batt_tim479,1,479,battery,0.20431219006971837,0.0,0.20431219006971837,0.3840309383170224
1438,pltd_tim480,1,480,diesel,0.001541436479966691,0.0813,-0.07975856352003331,0.0015905697677790346
1439,plts_tim480,1,480,solar,0.22555012648839046,0.0,0.22555012648839046,0.3597727653757491
1440,batt_tim480,1,480,battery,0.0934891859183143,0.0,0.0934891859183143,0.17571180986556834
1441,pltd_tim481,1,481,diesel,0.0032579349332981654,0.1719,-0.16864206506670182,0.0033617816093093333
1442,plts_tim481,1,481,solar,0.4767312737345438,0.0,0.4767312737345438,0.7604294845052582
1443,batt_tim481,1,481,battery,0.19760311049543355,0.0,0.19760311049543355,0.37139187270390855
1444,pltd_tim482,1,482,diesel,0.0031235022933144073,0.1648,-0.1616764977066856,0.003223063928925927
1445,plts_tim482,1,482,solar,0.455850176522251,0.0,0.455850176522251,0.7290857009159307
1446,batt_tim482,1,482,battery,0.18944863623105634,0.0,0.18944863623105634,0.3560816636517943
1447,pltd_tim483,1,483,diesel,0.006725540052998496,0.3549,-0.3481744599470015,0.006939916642199516
1448,plts_tim483,1,483,solar,0.9887917596365786,0.0,0.9887917596365786,1.5699204450298925
1449,batt_tim483,1,483,battery,0.40793119720671933,0.0,0.40793119720671933,0.7667451617083807
1450,pltd_tim484,1,484,diesel,0.002241868906624795,0.1183,-0.1160581310933752,0.002313328478035506
1451,plts_tim484,1,484,solar,0.32333608899629923,0.0,0.32333608899629923,0.5233056265366813
1452,batt_tim484,1,484,battery,0.135987678198758,0.0,0.135987678198758,0.2555783974017785
1453,pltd_tim485,1,485,diesel,0.0026386585598779243,0.1392,-0.13656134144012205,0.002722765801486287
1454,plts_tim485,1,485,solar,0.3844532320850356,0.0,0.3844532320850356,0.6159747021200963
1455,batt_tim485,1,485,battery,0.16007385362404455,0.0,0.16007385362404455,0.3008366357767869
1456,pltd_tim486,1,486,diesel,0.0021602461866289226,0.114,-0.11183975381337108,0.0022291040338397673
1457,plts_tim486,1,486,solar,0.3114201176682727,0.0,0.3114201176682727,0.5042245174349751
1458,batt_tim486,1,486,battery,0.13101413568355852,0.0,0.13101413568355852,0.24624795805911104
1459,pltd_tim487,1,487,diesel,0.0033395576534297456,0.1762,-0.17286044234657025,0.0034460060536435333
1460,plts_tim487,1,487,solar,0.47456893821233104,0.0,0.47456893821233104,0.7795046021013057
1461,batt_tim487,1,487,battery,0.20253160381520904,0.0,0.20253160381520904,0.38068364152145945
1462,pltd_tim488,1,488,diesel,0.0028316143999867313,0.1494,-0.14656838560001328,0.002921872108998786
1463,plts_tim488,1,488,solar,0.41436352554160366,0.0,0.41436352554160366,0.6609474605616018
1464,batt_tim488,1,488,battery,0.17175198803003938,0.0,0.17175198803003938,0.32280523775859565
1465,pltd_tim489,1,489,diesel,0.00213098197339046,0.1124,-0.11026901802660954,0.0021989070238040876
1466,plts_tim489,1,489,solar,0.30464981914563594,0.0,0.30464981914563594,0.49741130343016543
1467,batt_tim489,1,489,battery,0.12923638390120842,0.0,0.12923638390120842,0.24292576381768036
1468,pltd_tim490,1,490,diesel,0.0015240759466751176,0.0804,-0.07887592405332489,0.0015726558674886359
1469,plts_tim490,1,490,solar,0.22217324890701692,0.0,0.22217324890701692,0.3556837087485916
1470,batt_tim490,1,490,battery,0.09242716514160296,0.0,0.09242716514160296,0.17371447424188488
1471,pltd_tim491,1,491,diesel,0.002977658346624584,0.1571,-0.1541223416533754,0.0030725712064352314
1472,plts_tim491,1,491,solar,0.432121864504955,0.0,0.432121864504955,0.6950159996316646
1473,batt_tim491,1,491,battery,0.18060515239849023,0.0,0.18060515239849023,0.3394450872844038
1474,pltd_tim492,1,492,diesel,0.0011502524800010264,0.0607,-0.05954974751999897,0.001186916777814327
1475,plts_tim492,1,492,solar,0.16670820854942456,0.0,0.16670820854942456,0.26846504695481793
1476,batt_tim492,1,492,battery,0.06975350356012458,0.0,0.06975350356012458,0.13111113568773328
1477,pltd_tim493,1,493,diesel,0.009043508159916747,0.4772,-0.4681564918400833,0.009331769982525127
1478,plts_tim493,1,493,solar,1.318362217667822,0.0,1.318362217667822,2.1109453152289914
1479,batt_tim493,1,493,battery,0.5485532361446706,0.0,0.5485532361446706,1.0309933423084339
1480,pltd_tim494,1,494,diesel,0.003199242453364977,0.1688,-0.16560075754663503,0.0033012183065782895
1481,plts_tim494,1,494,solar,0.46818781998899645,0.0,0.46818781998899645,0.7468021167606592
1482,batt_tim494,1,494,battery,0.19406232955735556,0.0,0.19406232955735556,0.364736476374646
1483,pltd_tim495,1,495,diesel,0.005750872639898677,0.3035,-0.29774912736010134,0.005934181705307651
1484,plts_tim495,1,495,solar,0.8497457209827137,0.0,0.8497457209827137,1.3423299026004412
1485,batt_tim495,1,495,battery,0.3488118565521755,0.0,0.3488118565521755,0.6555649888408651
1486,pltd_tim496,1,496,diesel,0.002802509226696784,0.1479,-0.14509749077330322,0.0028918392083092702
1487,plts_tim496,1,496,solar,0.4018777746389044,0.0,0.4018777746389044,0.6541331915918519
1488,batt_tim496,1,496,battery,0.16999413696621943,0.0,0.16999413696621943,0.31948064085050887
1489,pltd_tim497,1,497,diesel,0.0016056217599101114,0.0847,-0.08309437824008989,0.001656800953521137
1490,plts_tim497,1,497,solar,0.23744181490100272,0.0,0.23744181490100272,0.3747622191910898
1491,batt_tim497,1,497,battery,0.09738569386970841,0.0,0.09738569386970841,0.18302689212964351
1492,pltd_tim498,1,498,diesel,0.002358807679948093,0.1245,-0.12214119232005191,0.002433994674760298
1493,plts_tim498,1,498,solar,0.351842755766136,0.0,0.351842755766136,0.5505590735263789
1494,batt_tim498,1,498,battery,0.14306701459508753,0.0,0.14306701459508753,0.2688781837372656
1495,pltd_tim499,1,499,diesel,0.0012026264533699358,0.0635,-0.062297373546630064,0.0012409601715847678
1496,plts_tim499,1,499,solar,0.1759976824131635,0.0,0.1759976824131635,0.28073227567890735
1497,batt_tim499,1,499,battery,0.07295080898431879,0.0,0.07295080898431879,0.1371093837629138
1498,pltd_tim500,1,500,diesel,0.0027381906133149194,0.1445,-0.14176180938668506,0.0028254704391282655
1499,plts_tim500,1,500,solar,0.4108563228286235,0.0,0.4108563228286235,0.6391382781683178
1500,batt_tim500,1,500,battery,0.16606420575159586,0.0,0.16606420575159586,0.31213183033514524
1501,pltd_tim501,1,501,diesel,0.002078531093330288,0.1097,-0.10762146890666972,0.00214478427194312
1502,plts_tim501,1,501,solar,0.3041517561834554,0.0,0.3041517561834554,0.48514962414281515
1503,batt_tim501,1,501,battery,0.12606988406133934,0.0,0.12606988406133934,0.236945969410996
1504,pltd_tim502,1,502,diesel,0.002183432853438383,0.1152,-0.11301656714656161,0.0022530297756548105
1505,plts_tim502,1,502,solar,0.32090903182881675,0.0,0.32090903182881675,0.5096763420623343
1506,batt_tim502,1,502,battery,0.13243723742095753,0.0,0.13243723742095753,0.2489107486393289
1507,pltd_tim503,1,503,diesel,0.002930823360091999,0.1547,-0.151769176639908,0.003024243354710095
1508,plts_tim503,1,503,solar,0.44760403159123674,0.0,0.44760403159123674,0.6841125675526453
1509,batt_tim503,1,503,battery,0.1777710785681269,0.0,0.1777710785681269,0.3341101798388876
1510,pltd_tim504,1,504,diesel,0.002557189653386404,0.1349,-0.13234281034661358,0.0026387000736039154
1511,plts_tim504,1,504,solar,0.392715955844071,0.0,0.392715955844071,0.5968959812073285
1512,batt_tim504,1,504,battery,0.15510225514705053,0.0,0.15510225514705053,0.29152186317699674
1513,pltd_tim505,1,505,diesel,0.002673892480024807,0.1411,-0.1384261075199752,0.0027591228028401218
1514,plts_tim505,1,505,solar,0.404076644404335,0.0,0.404076644404335,0.6241510716748127
1515,batt_tim505,1,505,battery,0.1621843457277501,0.0,0.1621843457277501,0.30482685783200536
1516,pltd_tim506,1,506,diesel,0.0027673624533927554,0.146,-0.14323263754660723,0.002855572131607138
1517,plts_tim506,1,506,solar,0.40496558225311413,0.0,0.40496558225311413,0.645956535826922
1518,batt_tim506,1,506,battery,0.16785634246828224,0.0,0.16785634246828224,0.31548330327609686
1519,pltd_tim507,1,507,diesel,0.0033978398933494315,0.1793,-0.17590216010665055,0.0035061460399643633
1520,plts_tim507,1,507,solar,0.515168427037299,0.0,0.515168427037299,0.7931323078402737
1521,batt_tim507,1,507,battery,0.20609806978265977,0.0,0.20609806978265977,0.38734046304170194
1522,pltd_tim508,1,508,diesel,0.0008988708266568754,0.0474,-0.04650112917334312,0.0009275223342699612
1523,plts_tim508,1,508,solar,0.13157147576588202,0.0,0.13157147576588202,0.20986854724838486
1524,batt_tim508,1,508,battery,0.05453619975468363,0.0,0.05453619975468363,0.1024994546548762
1525,pltd_tim509,1,509,diesel,0.0011502524800113816,0.0607,-0.059549747519988615,0.0011869167778254344
1526,plts_tim509,1,509,solar,0.16830783184491174,0.0,0.16830783184491174,0.26846639024212754
1527,batt_tim509,1,509,battery,0.06976336067327299,0.0,0.06976336067327299,0.13111853776107912
1528,pltd_tim510,1,510,diesel,0.0009575633066686895,0.0505,-0.04954243669333131,0.0009880856370823254
1529,plts_tim510,1,510,solar,0.14011420781156605,0.0,0.14011420781156605,0.22349476410905766
1530,batt_tim510,1,510,battery,0.058076547528524876,0.0,0.058076547528524876,0.1091545430409293
1531,pltd_tim511,1,511,diesel,0.002393651840074817,0.1263,-0.12390634815992518,0.002469949492491527
1532,plts_tim511,1,511,solar,0.36020595958173224,0.0,0.36020595958173224,0.558740458031592
1533,batt_tim511,1,511,battery,0.14520221860782218,0.0,0.14520221860782218,0.2728916968087996
1534,pltd_tim512,1,512,diesel,0.0013195190400132788,0.0696,-0.06828048095998672,0.0013615787094282618
1535,plts_tim512,1,512,solar,0.19662132763542262,0.0,0.19662132763542262,0.3079861245083965
1536,batt_tim512,1,512,battery,0.08003161050831363,0.0,0.08003161050831363,0.15041351215553161
1537,pltd_tim513,1,513,diesel,0.0018104248533582841,0.0955,-0.09368957514664172,0.0018681321455735506
1538,plts_tim513,1,513,solar,0.27129980762570033,0.0,0.27129980762570033,0.4224563531357025
1539,batt_tim513,1,513,battery,0.10977055728787198,0.0,0.10977055728787198,0.20631274780399403
1540,pltd_tim514,1,514,diesel,0.0025339465600914116,0.1337,-0.13116605343990861,0.002614716106709326
1541,plts_tim514,1,514,solar,0.38522322639187095,0.0,0.38522322639187095,0.5914429820568861
1542,batt_tim514,1,514,battery,0.15368645788657104,0.0,0.15368645788657104,0.28884499257575047
1543,pltd_tim515,1,515,diesel,0.0021484553600562735,0.1134,-0.11125154463994373,0.002216937374670952
1544,plts_tim515,1,515,solar,0.31440348832698745,0.0,0.31440348832698745,0.50150180365776
1545,batt_tim515,1,515,battery,0.13031897369385237,0.0,0.13031897369385237,0.24493219099173996
1546,pltd_tim516,1,516,diesel,0.0025509839999943917,0.1346,-0.1320490160000056,0.0026322966150094996
1547,plts_tim516,1,516,solar,0.3893214242117816,0.0,0.3893214242117816,0.595532057487511
1548,batt_tim516,1,516,battery,0.15476041177626568,0.0,0.15476041177626568,0.29084613357285455
1549,pltd_tim517,1,517,diesel,0.0020024678399592237,0.1057,-0.10369753216004078,0.0020662965023727116
1550,plts_tim517,1,517,solar,0.3020878083908804,0.0,0.3020878083908804,0.46743155503391826
1551,batt_tim517,1,517,battery,0.12145652204515599,0.0,0.12145652204515599,0.22828449511617213
1552,pltd_tim518,1,518,diesel,0.0012786128000169088,0.0675,-0.06622138719998309,0.0013193685830310486
1553,plts_tim518,1,518,solar,0.1871045846331877,0.0,0.1871045846331877,0.29844873242077785
1554,batt_tim518,1,518,battery,0.0775541716968579,0.0,0.0775541716968579,0.14576191501884359
1555,pltd_tim519,1,519,diesel,0.00105089994667309,0.0555,-0.05444910005332691,0.0010843973824869856
1556,plts_tim519,1,519,solar,0.15378406365097363,0.0,0.15378406365097363,0.2452998857098368
1557,batt_tim519,1,519,battery,0.06374319500328444,0.0,0.06374319500328444,0.11980382512106123
1558,pltd_tim520,1,520,diesel,0.0030244830933314685,0.1596,-0.15657551690666852,0.0031208884919484625
1559,plts_tim520,1,520,solar,0.47195855800813113,0.0,0.47195855800813113,0.705914573088337
1560,batt_tim520,1,520,battery,0.18343427644697075,0.0,0.18343427644697075,0.34475228938608493
1561,pltd_tim521,1,521,diesel,0.002429075519916206,0.1282,-0.1257709244800838,0.0025065023021260693
1562,plts_tim521,1,521,solar,0.3535739581552083,0.0,0.3535739581552083,0.5669129665742972
1563,batt_tim521,1,521,battery,0.14731016895502203,0.0,0.14731016895502203,0.2768702622881312
1564,pltd_tim522,1,522,diesel,0.0020548161067568344,0.1084,-0.10634518389324316,0.0021203133701732887
1565,plts_tim522,1,522,solar,0.30386352705892633,0.0,0.30386352705892633,0.4796978769660163
1566,batt_tim522,1,522,battery,0.12464793507303037,0.0,0.12464793507303037,0.23428036966469457
1567,pltd_tim523,1,523,diesel,0.000858221013343535,0.0453,-0.044441778986656466,0.0008855768081571459
1568,plts_tim523,1,523,solar,0.12559066646205674,0.0,0.12559066646205674,0.20032802890540438
1569,batt_tim523,1,523,battery,0.052056518010532835,0.0,0.052056518010532835,0.09783987069207754
1570,pltd_tim524,1,524,diesel,0.002014135573285888,0.1063,-0.10428586442671411,0.0020783361446973575
1571,plts_tim524,1,524,solar,0.2943951035205934,0.0,0.2943951035205934,0.47015640569380585
1572,batt_tim524,1,524,battery,0.12216501770554346,0.0,0.12216501770554346,0.22961008422267665
1573,pltd_tim525,1,525,diesel,0.0018567572266306148,0.098,-0.09614324277336939,0.0019159413632431528
1574,plts_tim525,1,525,solar,0.2744807320754793,0.0,0.2744807320754793,0.4333622799806975
1575,batt_tim525,1,525,battery,0.11261600292602925,0.0,0.11261600292602925,0.21165227875918136
1576,pltd_tim526,1,526,diesel,0.0015414364800095557,0.0813,-0.07975856351999044,0.001590569767822969
1577,plts_tim526,1,526,solar,0.22420468375647976,0.0,0.22420468375647976,0.3597712774235599
1578,batt_tim526,1,526,battery,0.09348878805211434,0.0,0.09348878805211434,0.17570361062907072
1579,pltd_tim527,1,527,diesel,0.0015060794667429431,0.0795,-0.07799392053325706,0.0015540857497574128
1580,plts_tim527,1,527,solar,0.2133254162594494,0.0,0.2133254162594494,0.3515972041773799
1581,batt_tim527,1,527,battery,0.09137042316413717,0.0,0.09137042316413717,0.17172006651398186
1582,pltd_tim528,1,528,diesel,0.0014596342399728578,0.077,-0.07554036576002714,0.0015061600813838195
1583,plts_tim528,1,528,solar,0.2054443680466161,0.0,0.2054443680466161,0.3406937917426086
1584,batt_tim528,1,528,battery,0.08853328566109567,0.0,0.08853328566109567,0.16639325429564528
1585,pltd_tim529,1,529,diesel,0.004501467626507198,0.2375,-0.2329985323734928,0.0046449519071140345
1586,plts_tim529,1,529,solar,0.6587092294296355,0.0,0.6587092294296355,1.0507007625330784
1587,batt_tim529,1,529,battery,0.2730322795035679,0.0,0.2730322795035679,0.5131600945817798
1588,pltd_tim530,1,530,diesel,0.0027967035733606413,0.1476,-0.14480329642663936,0.0028858484997731242
1589,plts_tim530,1,530,solar,0.4024635949050844,0.0,0.4024635949050844,0.652765519433461
1590,batt_tim530,1,530,battery,0.16962653197054514,0.0,0.16962653197054514,0.3187882783945479
1591,pltd_tim531,1,531,diesel,0.003462158506800646,0.1827,-0.17923784149319935,0.003572514809216287
1592,plts_tim531,1,531,solar,0.498093359918499,0.0,0.498093359918499,0.8081243658565775
1593,batt_tim531,1,531,battery,0.21000199623018126,0.0,0.21000199623018126,0.39467190684217685
1594,pltd_tim532,1,532,diesel,0.004209313066688092,0.2221,-0.2178906869333119,0.0043434849207004906
1595,plts_tim532,1,532,solar,0.6128341527899045,0.0,0.6128341527899045,0.9825600203799547
1596,batt_tim532,1,532,battery,0.25533084437821546,0.0,0.25533084437821546,0.47986309068501
1597,pltd_tim533,1,533,diesel,0.0010569055999987865,0.0558,-0.05474309440000122,0.0010905944660124414
1598,plts_tim533,1,533,solar,0.15463869770532007,0.0,0.15463869770532007,0.2466627157335681
1599,batt_tim533,1,533,battery,0.06409714636275836,0.0,0.06409714636275836,0.12046950539882242
1600,pltd_tim534,1,534,diesel,0.0015240759466377237,0.0804,-0.07887592405336227,0.0015726558674502085
1601,plts_tim534,1,534,solar,0.22298694602461186,0.0,0.22298694602461186,0.35568380756285783
1602,batt_tim534,1,534,battery,0.09242676500395425,0.0,0.09242676500395425,0.17371501875018291
1603,pltd_tim535,1,535,diesel,0.0021251096533583444,0.1121,-0.10997489034664167,0.002192847523573896
1604,plts_tim535,1,535,solar,0.3211060946022295,0.0,0.3211060946022295,0.4960504698112202
1605,batt_tim535,1,535,battery,0.12890797279223074,0.0,0.12890797279223074,0.24226744102846604
1606,pltd_tim536,1,536,diesel,0.0015996930133303504,0.0844,-0.08280030698666965,0.0016506832281458286
1607,plts_tim536,1,536,solar,0.2434480509018349,0.0,0.2434480509018349,0.37339858354997835
1608,batt_tim536,1,536,battery,0.09702187017544252,0.0,0.09702187017544252,0.18235683079033807
1609,pltd_tim537,1,537,diesel,0.0018916680533165942,0.0998,-0.0979083319466834,0.0019519649725291543
1610,plts_tim537,1,537,solar,0.2768119621715871,0.0,0.2768119621715871,0.44154020706252395
1611,batt_tim537,1,537,battery,0.11473753969549064,0.0,0.11473753969549064,0.21564673998518766
1612,pltd_tim538,1,538,diesel,0.0012318547200179993,0.065,-0.06376814527998201,0.0012711200892343017
1613,plts_tim538,1,538,solar,0.18690378665535368,0.0,0.18690378665535368,0.2875446498042593
1614,batt_tim538,1,538,battery,0.07472160209479588,0.0,0.07472160209479588,0.14043076812914998
1615,pltd_tim539,1,539,diesel,0.0016579188266669979,0.0875,-0.085842081173333,0.0017107649892812422
1616,plts_tim539,1,539,solar,0.2469905196077033,0.0,0.2469905196077033,0.3870283393320774
1617,batt_tim539,1,539,battery,0.1005666103607263,0.0,0.1005666103607263,0.18902299583013088
1618,pltd_tim540,1,540,diesel,0.0023412778667186397,0.1235,-0.12115872213328135,0.002415906098734874
1619,plts_tim540,1,540,solar,0.3530372751014284,0.0,0.3530372751014284,0.5464736001008401
1620,batt_tim540,1,540,battery,0.1419869090190768,0.0,0.1419869090190768,0.26689549196037843
1621,pltd_tim541,1,541,diesel,0.0033105653333046032,0.1747,-0.1713894346666954,0.0034160896033159837
1622,plts_tim541,1,541,solar,0.4844200522593852,0.0,0.4844200522593852,0.772693660370816
1623,batt_tim541,1,541,battery,0.2007899153661653,0.0,0.2007899153661653,0.37738128523516595
1624,pltd_tim542,1,542,diesel,0.003234568746600363,0.1707,-0.16746543125339963,0.0033376706254101317
1625,plts_tim542,1,542,solar,0.4690085261765443,0.0,0.4690085261765443,0.7549775552343022
1626,batt_tim542,1,542,battery,0.19618246430518238,0.0,0.19618246430518238,0.36872736878786755
1627,pltd_tim543,1,543,diesel,0.002638658559964186,0.1392,-0.13656134144003582,0.002722765801574179
1628,plts_tim543,1,543,solar,0.3728554428384225,0.0,0.3728554428384225,0.615973924611403
1629,batt_tim543,1,543,battery,0.16005394326837571,0.0,0.16005394326837571,0.30083235138068876
1630,pltd_tim544,1,544,diesel,0.00284914421342087,0.1503,-0.14745085578657913,0.0029399606852357966
1631,plts_tim544,1,544,solar,0.41352818110719536,0.0,0.41352818110719536,0.665034915801468
1632,batt_tim544,1,544,battery,0.17280090238786658,0.0,0.17280090238786658,0.32479885016302373
1633,pltd_tim545,1,545,diesel,0.002504738773273962,0.1322,-0.12969526122672606,0.0025845773216863445
1634,plts_tim545,1,545,solar,0.37634751664879296,0.0,0.37634751664879296,0.5846309711931958
1635,batt_tim545,1,545,battery,0.15191112348120409,0.0,0.15191112348120409,0.2855253473086642
1636,pltd_tim546,1,546,diesel,0.0019090285866260048,0.1007,-0.09879097141337399,0.001969878872836888
1637,plts_tim546,1,546,solar,0.2745672347329134,0.0,0.2745672347329134,0.44562807745682687
1638,batt_tim546,1,546,battery,0.11579721025137714,0.0,0.11579721025137714,0.21764281473689548
1639,pltd_tim547,1,547,diesel,0.003246313386664437,0.1713,-0.16805368661333558,0.003349789625876349
1640,plts_tim547,1,547,solar,0.4720181664226547,0.0,0.4720181664226547,0.7577028504732348
1641,batt_tim547,1,547,battery,0.19688597251935644,0.0,0.19688597251935644,0.3700570981635906
1642,pltd_tim548,1,548,diesel,0.0019733164800094993,0.1041,-0.1021266835199905,0.002036215942822094
1643,plts_tim548,1,548,solar,0.28428951517495255,0.0,0.28428951517495255,0.4606187728374633
1644,batt_tim548,1,548,battery,0.11970531740216953,0.0,0.11970531740216953,0.22496695423868587
1645,pltd_tim549,1,549,diesel,0.005196140586915443,0.2742,-0.2690038594130846,0.005361767568135097
1646,plts_tim549,1,549,solar,0.7596136447728083,0.0,0.7596136447728083,1.2128726942121038
1647,batt_tim549,1,549,battery,0.31517087777974406,0.0,0.31517087777974406,0.5923693468687145
1648,pltd_tim550,1,550,diesel,0.0025104572799522313,0.1325,-0.12998954272004778,0.002590478105762586
1649,plts_tim550,1,550,solar,0.3614098133920259,0.0,0.3614098133920259,0.5859945959982221
1650,batt_tim550,1,550,battery,0.152273127150455,0.0,0.152273127150455,0.28619529071253297
1651,pltd_tim551,1,551,diesel,0.001593820693338947,0.0841,-0.08250617930666104,0.0016446237279519494
1652,plts_tim551,1,551,solar,0.23060941196867904,0.0,0.23060941196867904,0.37203617661492483
1653,batt_tim551,1,551,battery,0.0966669130649603,0.0,0.0966669130649603,0.18169147060597807
1654,pltd_tim552,1,552,diesel,0.0026213749333953654,0.1383,-0.13567862506660464,0.002704931259409924
1655,plts_tim552,1,552,solar,0.38360698905576124,0.0,0.38360698905576124,0.6118879652171387
1656,batt_tim552,1,552,battery,0.1590039148311983,0.0,0.1590039148311983,0.29884485395956395
1657,pltd_tim553,1,553,diesel,0.0019208655999816031,0.1014,-0.0994791344000184,0.0019820931909934787
1658,plts_tim553,1,553,solar,0.277507639245507,0.0,0.277507639245507,0.44835400929796687
1659,batt_tim553,1,553,battery,0.11649889389739009,0.0,0.11649889389739009,0.21897418692563764
1660,pltd_tim554,1,554,diesel,0.0037890341333613195,0.1999,-0.19611096586663868,0.003909809596373924
1661,plts_tim554,1,554,solar,0.5502440051918179,0.0,0.5502440051918179,0.8844386581491727
1662,batt_tim554,1,554,battery,0.2298185743400277,0.0,0.2298185743400277,0.4319336565774686
1663,pltd_tim555,1,555,diesel,0.0010569055999956989,0.0558,-0.05474309440000431,0.0010905944660092011
1664,plts_tim555,1,555,solar,0.15436652347537141,0.0,0.15436652347537141,0.24666253068591248
1665,batt_tim555,1,555,battery,0.06410359056574248,0.0,0.06410359056574248,0.12046848570884676
1666,pltd_tim556,1,556,diesel,0.0029776583467979035,0.1571,-0.1541223416532021,0.0030725712066167962
1667,plts_tim556,1,556,solar,0.451864040637366,0.0,0.451864040637366,0.6950117491740991
1668,batt_tim556,1,556,battery,0.18057872031686473,0.0,0.18057872031686473,0.33942166549508024
1669,pltd_tim557,1,557,diesel,0.002808361066646313,0.1482,-0.1453916389333537,0.002897877575662355
1670,plts_tim557,1,557,solar,0.43605605986386814,0.0,0.43605605986386814,0.6554939971641951
1671,batt_tim557,1,557,battery,0.17031930745905066,0.0,0.17031930745905066,0.3201314055728777
1672,pltd_tim558,1,558,diesel,0.003327679679912943,0.1756,-0.17227232032008707,0.003433749469722072
1673,plts_tim558,1,558,solar,0.4835958276151251,0.0,0.4835958276151251,0.7767816908676094
1674,batt_tim558,1,558,battery,0.2018503182107016,0.0,0.2018503182107016,0.3793650376982381
1675,pltd_tim559,1,559,diesel,0.0018859854933440234,0.0995,-0.09761401450665598,0.0019461012809584388
1676,plts_tim559,1,559,solar,0.2806204273283899,0.0,0.2806204273283899,0.440177390700454
1677,batt_tim559,1,559,battery,0.11437617620926153,0.0,0.11437617620926153,0.21498107676311595
1678,pltd_tim560,1,560,diesel,0.0030128615465222714,0.159,-0.15598713845347772,0.0031088965083299345
1679,plts_tim560,1,560,solar,0.4401718615784686,0.0,0.4401718615784686,0.7031908707436028
1680,batt_tim560,1,560,battery,0.18272030599476904,0.0,0.18272030599476904,0.34342687761207713
1681,pltd_tim561,1,561,diesel,0.0022888065067498712,0.1208,-0.11851119349325014,0.0023617622141653147
1682,plts_tim561,1,561,solar,0.3349083338357654,0.0,0.3349083338357654,0.534208888926181
1683,batt_tim561,1,561,battery,0.13881798196823647,0.0,0.13881798196823647,0.2609065402795002
1684,pltd_tim562,1,562,diesel,0.0014890882133533185,0.0786,-0.07711091178664668,0.001536552900168791
1685,plts_tim562,1,562,solar,0.22340920285240604,0.0,0.22340920285240604,0.34750781131978514
1686,batt_tim562,1,562,battery,0.09030340642955756,0.0,0.09030340642955756,0.1697234728870691
1687,pltd_tim563,1,563,diesel,0.0026680201599196696,0.1408,-0.13813197984008033,0.0027530633025292864
1688,plts_tim563,1,563,solar,0.38744230755184406,0.0,0.38744230755184406,0.6227869352162507
1689,batt_tim563,1,563,battery,0.16181910760719767,0.0,0.16181910760719767,0.3041519672504081
1690,pltd_tim564,1,564,diesel,0.001336935999953505,0.0705,-0.06916306400004649,0.0013795508349659896
1691,plts_tim564,1,564,solar,0.1972502036804546,0.0,0.1972502036804546,0.31207488341699424
1692,batt_tim564,1,564,battery,0.08109004625097128,0.0,0.08109004625097128,0.152406379556266
1693,pltd_tim565,1,565,diesel,0.001307594880055071,0.069,-0.06769240511994494,0.0013492744668735861
1694,plts_tim565,1,565,solar,0.20102020036942575,0.0,0.20102020036942575,0.30526274869213077
1695,batt_tim565,1,565,battery,0.07932394249111714,0.0,0.07932394249111714,0.14909045344277028
1696,pltd_tim566,1,566,diesel,0.003818195733330072,0.2015,-0.19768180426666995,0.003939900722341393
1697,plts_tim566,1,566,solar,0.5505966343692392,0.0,0.5505966343692392,0.8912575511565961
1698,batt_tim566,1,566,battery,0.23160640999437634,0.0,0.23160640999437634,0.4352893304671642
1699,pltd_tim567,1,567,diesel,0.001074189226677327,0.0567,-0.055625810773322674,0.0011084290082914478
1700,plts_tim567,1,567,solar,0.1574029007137665,0.0,0.1574029007137665,0.2507502134456238
1701,batt_tim567,1,567,battery,0.06515429868782709,0.0,0.06515429868782709,0.12246183605932182
1702,pltd_tim568,1,568,diesel,0.001611350506734973,0.085,-0.08338864949326504,0.0016627123041509954
1703,plts_tim568,1,568,solar,0.23789805842227998,0.0,0.23789805842227998,0.37612532199576365
1704,batt_tim568,1,568,battery,0.09773655495540917,0.0,0.09773655495540917,0.18369037378615044
1705,pltd_tim569,1,569,diesel,0.004845939733412099,0.2557,-0.2508540602665879,0.005000404062426191
1706,plts_tim569,1,569,solar,0.7047441327582117,0.0,0.7047441327582117,1.1311031822705115
1707,batt_tim569,1,569,battery,0.2939089817728892,0.0,0.2939089817728892,0.5524151382523778
1708,pltd_tim570,1,570,diesel,0.0015356308266594877,0.081,-0.07946436917334052,0.0015845790592729247
1709,plts_tim570,1,570,solar,0.22582202060845055,0.0,0.22582202060845055,0.35840923090763543
1710,batt_tim570,1,570,battery,0.0931339107073433,0.0,0.0931339107073433,0.1750398574343563
1711,pltd_tim571,1,571,diesel,0.0014538952533369746,0.0767,-0.07524610474666303,0.0015002381645553542
1712,plts_tim571,1,571,solar,0.2272794200043945,0.0,0.2272794200043945,0.3393303502521665
1713,batt_tim571,1,571,battery,0.08817957815845055,0.0,0.08817957815845055,0.16572344644126855
1714,pltd_tim572,1,572,diesel,0.004063325546622903,0.2144,-0.21033667445337711,0.0041928440484456765
1715,plts_tim572,1,572,solar,0.6658700993341139,0.0,0.6658700993341139,0.9484957086649127
1716,batt_tim572,1,572,battery,0.24648037324300645,0.0,0.24648037324300645,0.46324936281117973
1717,pltd_tim573,1,573,diesel,0.0009225293866640932,0.0487,-0.047777470613335905,0.0009519350108807707
1718,plts_tim573,1,573,solar,0.14182080062749167,0.0,0.14182080062749167,0.21531769928439334
1719,batt_tim573,1,573,battery,0.05595422339848102,0.0,0.05595422339848102,0.10515885752988259
1720,pltd_tim574,1,574,diesel,0.0013254580266669755,0.0699,-0.06857454197333303,0.0013677070012887854
1721,plts_tim574,1,574,solar,0.21291919343564186,0.0,0.21291919343564186,0.3093474543844597
1722,batt_tim574,1,574,battery,0.08038792305126917,0.0,0.08038792305126917,0.1510769599008654
1723,pltd_tim575,1,575,diesel,0.0007004990933140353,0.037,-0.03629950090668596,0.0007228275019369902
1724,plts_tim575,1,575,solar,0.1142951464982392,0.0,0.1142951464982392,0.16353326658952516
1725,batt_tim575,1,575,battery,0.0424975068746538,0.0,0.0424975068746538,0.07986517808318594
1726,pltd_tim576,1,576,diesel,0.003800901866603837,0.2006,-0.19679909813339616,0.003922055613617169
1727,plts_tim576,1,576,solar,0.5830372523634323,0.0,0.5830372523634323,0.8871692173380357
1728,batt_tim576,1,576,battery,0.23056113070345605,0.0,0.23056113070345605,0.4332963568896019
1729,pltd_tim577,1,577,diesel,0.0020548161065627804,0.1084,-0.10634518389343722,0.00212031336997905
1730,plts_tim577,1,577,solar,0.32653235676507314,0.0,0.32653235676507314,0.47969605421014827
1731,batt_tim577,1,577,battery,0.12466008681969896,0.0,0.12466008681969896,0.23427032551864657
1732,pltd_tim578,1,578,diesel,0.0024462360533561186,0.1291,-0.12665376394664388,0.0025242098275771647
1733,plts_tim578,1,578,solar,0.39143735903385507,0.0,0.39143735903385507,0.5710010777856086
1734,batt_tim578,1,578,battery,0.14838296637371093,0.0,0.14838296637371093,0.27886037697455573
1735,pltd_tim579,1,579,diesel,0.0025104572800931082,0.1325,-0.1299895427199069,0.002590478105908754
1736,plts_tim579,1,579,solar,0.36702170594919803,0.0,0.36702170594919803,0.5859953998019694
1737,batt_tim579,1,579,battery,0.15228364093432745,0.0,0.15228364093432745,0.28619972000895777
1738,pltd_tim580,1,580,diesel,0.002253869973355884,0.1189,-0.11664613002664412,0.002325712078768464
1739,plts_tim580,1,580,solar,0.3222702969310816,0.0,0.3222702969310816,0.5260277023428794
1740,batt_tim580,1,580,battery,0.1366964163750558,0.0,0.1366964163750558,0.25689435074264383
1741,pltd_tim581,1,581,diesel,0.002206968320001834,0.1165,-0.11429303167999817,0.002277315435214748
1742,plts_tim581,1,581,solar,0.3229462615393516,0.0,0.3229462615393516,0.5151290435828515
1743,batt_tim581,1,581,battery,0.1338603461759034,0.0,0.1338603461759034,0.25158775757379914
1744,pltd_tim582,1,582,diesel,0.0010569055999806072,0.0558,-0.0547430944000194,0.0010905944659925343
1745,plts_tim582,1,582,solar,0.15044812075556355,0.0,0.15044812075556355,0.24666304627841584
1746,batt_tim582,1,582,battery,0.06409444569410896,0.0,0.06409444569410896,0.120471326837462
1747,pltd_tim583,1,583,diesel,0.0020548161066006806,0.1084,-0.10634518389339931,0.002120313370010628
1748,plts_tim583,1,583,solar,0.294498897629772,0.0,0.294498897629772,0.4796982203480644
1749,batt_tim583,1,583,battery,0.12465137435732435,0.0,0.12465137435732435,0.23428226184154027
1750,pltd_tim584,1,584,diesel,0.0035088037333769065,0.1852,-0.18169119626662308,0.0036206468523905166
1751,plts_tim584,1,584,solar,0.5134696504013063,0.0,0.5134696504013063,0.8190305497004373
1752,batt_tim584,1,584,battery,0.21283148417097192,0.0,0.21283148417097192,0.4000127375149055
1753,pltd_tim585,1,585,diesel,0.004542184106501267,0.2397,-0.23515781589349874,0.0046869662249055975
1754,plts_tim585,1,585,solar,0.6312939653945192,0.0,0.6312939653945192,1.060235360377192
1755,batt_tim585,1,585,battery,0.2754796567328207,0.0,0.2754796567328207,0.5177866750571958
1756,pltd_tim586,1,586,diesel,0.004046031679976212,0.2135,-0.20945396832002378,0.004174998939785562
1757,plts_tim586,1,586,solar,0.5660532528625447,0.0,0.5660532528625447,0.9444036607166004
1758,batt_tim586,1,586,battery,0.2454182321470919,0.0,0.2454182321470919,0.4612363019025881
1759,pltd_tim587,1,587,diesel,0.0034271348266169937,0.1808,-0.177372865173383,0.003536374749226882
1760,plts_tim587,1,587,solar,0.4931304444000774,0.0,0.4931304444000774,0.7999463093038449
1761,batt_tim587,1,587,battery,0.20787482326178214,0.0,0.20787482326178214,0.39067282602061787
1762,pltd_tim588,1,588,diesel,0.0025163500799790218,0.1328,-0.13028364992002098,0.0025965587387904265
1763,plts_tim588,1,588,solar,0.3649776567117127,0.0,0.3649776567117127,0.587356191460471
1764,batt_tim588,1,588,battery,0.1526129711389683,0.0,0.1526129711389683,0.2868550426348999
1765,pltd_tim589,1,589,diesel,0.0020198283733581365,0.1066,-0.10458017162664186,0.0020842104027697993
1766,plts_tim589,1,589,solar,0.2822344175794285,0.0,0.2822344175794285,0.471519640451227
1767,batt_tim589,1,589,battery,0.12251755489042923,0.0,0.12251755489042923,0.23027647897041156
1768,pltd_tim590,1,590,diesel,0.003275285226680699,0.1728,-0.16952471477331932,0.00337968494329077
1769,plts_tim590,1,590,solar,0.45098045722865904,0.0,0.45098045722865904,0.7645178815316505
1770,batt_tim590,1,590,battery,0.1986734336661997,0.0,0.1986734336661997,0.3733887798906872
1771,pltd_tim591,1,591,diesel,0.0021834328533233186,0.1152,-0.11301656714667668,0.002253029775535807
1772,plts_tim591,1,591,solar,0.31909033289130445,0.0,0.31909033289130445,0.5096769757524949
1773,batt_tim591,1,591,battery,0.1324352900676897,0.0,0.1324352900676897,0.24891424053286462
1774,pltd_tim592,1,592,diesel,0.0023001818667041894,0.1214,-0.1190998181332958,0.002373500163718037
1775,plts_tim592,1,592,solar,0.3358165600295046,0.0,0.3358165600295046,0.5369329253175105
1776,batt_tim592,1,592,battery,0.13951624251373895,0.0,0.13951624251373895,0.26222749625698166
1777,pltd_tim593,1,593,diesel,0.0015763370666572432,0.0832,-0.08162366293334275,0.0016265828106684518
1778,plts_tim593,1,593,solar,0.22054009961901197,0.0,0.22054009961901197,0.3679496367837247
1779,batt_tim593,1,593,battery,0.09561807454076691,0.0,0.09561807454076691,0.1797024069650096
1780,pltd_tim594,1,594,diesel,0.007753217386445983,0.4091,-0.40134678261355405,0.008000351190648692
1781,plts_tim594,1,594,solar,1.1000911147734904,0.0,1.1000911147734904,1.8097688408897705
1782,batt_tim594,1,594,battery,0.47025940004469485,0.0,0.47025940004469485,0.8838841930947116
1783,pltd_tim595,1,595,diesel,0.0016171664000036552,0.0853,-0.08368283359999634,0.0016687135790169304
1784,plts_tim595,1,595,solar,0.23584656862477008,0.0,0.23584656862477008,0.37748812233390944
1785,batt_tim595,1,595,battery,0.09807880362583477,0.0,0.09807880362583477,0.1843599713124307
1786,pltd_tim596,1,596,diesel,0.002095881386646441,0.1106,-0.10850411861335356,0.002162687605855863
1787,plts_tim596,1,596,solar,0.28697532710578927,0.0,0.28697532710578927,0.48923570161240676
1788,batt_tim596,1,596,battery,0.12713667233826348,0.0,0.12713667233826348,0.2389321061759917
1789,pltd_tim597,1,597,diesel,0.0012671348266704854,0.0669,-0.06563286517332952,0.0013075247492852424
1790,plts_tim597,1,597,solar,0.18897606330313016,0.0,0.18897606330313016,0.2957210435484368
1791,batt_tim597,1,597,battery,0.07684010607289023,0.0,0.07684010607289023,0.144422639256174
1792,pltd_tim598,1,598,diesel,0.0012843722666503374,0.0678,-0.06651562773334967,0.0013253116326638144
1793,plts_tim598,1,598,solar,0.18934611667906467,0.0,0.18934611667906467,0.2998117340169413
1794,batt_tim598,1,598,battery,0.07790741631740968,0.0,0.07790741631740968,0.14642827811100084
1795,pltd_tim599,1,599,diesel,0.001389453546667869,0.0733,-0.07191054645333214,0.001433742378482408
1796,plts_tim599,1,599,solar,0.20713971191839461,0.0,0.20713971191839461,0.3243417560885805
1797,batt_tim599,1,599,battery,0.08428671826230733,0.0,0.08428671826230733,0.15840951590807986
1798,pltd_tim600,1,600,diesel,0.0007996516266909636,0.0422,-0.04140034837330904,0.0008251405223058177
1799,plts_tim600,1,600,solar,0.11905802158649463,0.0,0.11905802158649463,0.1867004981844994
1800,batt_tim600,1,600,battery,0.04850823273604077,0.0,0.04850823273604077,0.09118188583950865
1801,pltd_tim601,1,601,diesel,0.0019267379200427052,0.1017,-0.09977326207995729,0.00198815269125783
1802,plts_tim601,1,601,solar,0.2858027381369172,0.0,0.2858027381369172,0.4497145649918941
1803,batt_tim601,1,601,battery,0.11686680125090294,0.0,0.11686680125090294,0.21962733469946974
1804,pltd_tim602,1,602,diesel,0.0015414364800321835,0.0813,-0.07975856351996781,0.0015905697678452082
1805,plts_tim602,1,602,solar,0.21870207232834102,0.0,0.21870207232834102,0.3597725080030825
1806,batt_tim602,1,602,battery,0.0934905827712582,0.0,0.0934905827712582,0.17571039163582303
1807,pltd_tim603,1,603,diesel,0.0014713686400262826,0.0776,-0.07612863135997372,0.0015182685154399949
1808,plts_tim603,1,603,solar,0.21255851441681078,0.0,0.21255851441681078,0.343418719213121
1809,batt_tim603,1,603,battery,0.08923232091397719,0.0,0.08923232091397719,0.16772454242493348
1810,pltd_tim604,1,604,diesel,0.0007297376000327949,0.0385,-0.037770262399967204,0.0007529979860461971
1811,plts_tim604,1,604,solar,0.10471181667599973,0.0,0.10471181667599973,0.17034729204989418
1812,batt_tim604,1,604,battery,0.04426210298739774,0.0,0.04426210298739774,0.08319408798851324
1813,pltd_tim605,1,605,diesel,0.0030417769599511116,0.1605,-0.1574582230400489,0.0031387336005593634
1814,plts_tim605,1,605,solar,0.41972702906661763,0.0,0.41972702906661763,0.7100039925611861
1815,batt_tim605,1,605,battery,0.18449625400101025,0.0,0.18449625400101025,0.3467508662991371
1816,pltd_tim606,1,606,diesel,0.0016697763199332802,0.0881,-0.08643022368006671,0.0017230004401426584
1817,plts_tim606,1,606,solar,0.2339677533770744,0.0,0.2339677533770744,0.3897539169312315
1818,batt_tim606,1,606,battery,0.10127498781671193,0.0,0.10127498781671193,0.19035617597952081
1819,pltd_tim607,1,607,diesel,0.002819869760017507,0.1488,-0.1459801302399825,0.002909753108627915
1820,plts_tim607,1,607,solar,0.38806708274125723,0.0,0.38806708274125723,0.6582198303447447
1821,batt_tim607,1,607,battery,0.17103341220549706,0.0,0.17103341220549706,0.3214630207512352
1822,pltd_tim608,1,608,diesel,0.0008522255999827001,0.045,-0.0441477744000173,0.0008793902909948018
1823,plts_tim608,1,608,solar,0.12298805612003169,0.0,0.12298805612003169,0.1989653672977724
1824,batt_tim608,1,608,battery,0.051698829760252356,0.0,0.051698829760252356,0.09716952184739096
1825,pltd_tim609,1,609,diesel,0.0009402694399853612,0.0496,-0.04865973056001464,0.0009702405283983984
1826,plts_tim609,1,609,solar,0.13752177747907737,0.0,0.13752177747907737,0.21940493028984973
1827,batt_tim609,1,609,battery,0.05701032302071049,0.0,0.05701032302071049,0.10714966030118127
1828,pltd_tim610,1,610,diesel,0.0015820196267050724,0.0835,-0.08191798037329494,0.0016324465023195873
1829,plts_tim610,1,610,solar,0.23109229588784766,0.0,0.23109229588784766,0.36931358914508083
1830,batt_tim610,1,610,battery,0.09595979751741045,0.0,0.09595979751741045,0.1803726977852701
1831,pltd_tim611,1,611,diesel,0.00168135167996545,0.0887,-0.08701864832003454,0.001734944764777835
1832,plts_tim611,1,611,solar,0.24693115038959682,0.0,0.24693115038959682,0.392480203784032
1833,batt_tim611,1,611,battery,0.10199652104803994,0.0,0.10199652104803994,0.19168953293754226
1834,pltd_tim612,1,612,diesel,0.002026023786675547,0.1069,-0.10487397621332445,0.002090603294889272
1835,plts_tim612,1,612,solar,0.2986495211697607,0.0,0.2986495211697607,0.47288407000939997
1836,batt_tim612,1,612,battery,0.12288138471296459,0.0,0.12288138471296459,0.2309569490313698
1837,pltd_tim613,1,613,diesel,0.0018973403733630616,0.1001,-0.09820265962663693,0.0019578180977773206
1838,plts_tim613,1,613,solar,0.2786553232377733,0.0,0.2786553232377733,0.442903252729536
1839,batt_tim613,1,613,battery,0.11509974882853254,0.0,0.11509974882853254,0.21631561984847486
1840,pltd_tim614,1,614,diesel,0.0013778422399707629,0.0727,-0.07132215776002923,0.0014217609613834984
1841,plts_tim614,1,614,solar,0.20203494691920437,0.0,0.20203494691920437,0.32161498641176695
1842,batt_tim614,1,614,battery,0.08357593320464515,0.0,0.08357593320464515,0.15707367306410333
1843,pltd_tim615,1,615,diesel,0.001687147093260372,0.089,-0.08731285290673962,0.0017409249068709538
1844,plts_tim615,1,615,solar,0.24502419123752625,0.0,0.24502419123752625,0.39384144841830554
1845,batt_tim615,1,615,battery,0.10233863086047273,0.0,0.10233863086047273,0.1923407639978234
1846,pltd_tim616,1,616,diesel,0.002942357760022301,0.1553,-0.1523576422399777,0.0030361454136353
1847,plts_tim616,1,616,solar,0.429572820099136,0.0,0.429572820099136,0.686838764169949
1848,batt_tim616,1,616,battery,0.17846800857168504,0.0,0.17846800857168504,0.33543878405459876
1849,pltd_tim617,1,617,diesel,0.002895722773355077,0.1528,-0.14990427722664493,0.002988023936767584
1850,plts_tim617,1,617,solar,0.4181236766381068,0.0,0.4181236766381068,0.6759363221001301
1851,batt_tim617,1,617,battery,0.17565063249895754,0.0,0.17565063249895754,0.33011498680271223
1852,pltd_tim618,1,618,diesel,0.0025398188799226,0.134,-0.1314601811200774,0.002620775606731991
1853,plts_tim618,1,618,solar,0.36553805905904146,0.0,0.36553805905904146,0.5928086370858336
1854,batt_tim618,1,618,battery,0.1540353236378559,0.0,0.1540353236378559,0.2895286301809045
1855,pltd_tim619,1,619,diesel,0.00304177696002047,0.1605,-0.15745822303997953,0.003138733600633362
1856,plts_tim619,1,619,solar,0.44406124556367144,0.0,0.44406124556367144,0.710004202453137
1857,batt_tim619,1,619,battery,0.18448724533111432,0.0,0.18448724533111432,0.34675202289028817
1858,pltd_tim620,1,620,diesel,0.0032519497600302675,0.1716,-0.16834805023996974,0.0033556056586433896
1859,plts_tim620,1,620,solar,0.47474490383933277,0.0,0.47474490383933277,0.7590636589674042
1860,batt_tim620,1,620,battery,0.19723453414976053,0.0,0.19723453414976053,0.3707118136464951
1861,pltd_tim621,1,621,diesel,0.00210749269346307,0.1112,-0.10909250730653693,0.0021746690230798785
1862,plts_tim621,1,621,solar,0.30692513860843673,0.0,0.30692513860843673,0.4919602581934668
1863,batt_tim621,1,621,battery,0.12783155109469313,0.0,0.12783155109469313,0.2402581443163616
1864,pltd_tim622,1,622,diesel,0.002364623573267124,0.1248,-0.12243537642673287,0.0024399959496769056
1865,plts_tim622,1,622,solar,0.3399208530394401,0.0,0.3399208530394401,0.55192185750668
1866,batt_tim622,1,622,battery,0.14340164912174894,0.0,0.14340164912174894,0.26954404759285844
1867,pltd_tim623,1,623,diesel,0.0018161074133950174,0.0958,-0.09398389258660497,0.0018739958372100147
1868,plts_tim623,1,623,solar,0.26507171685189673,0.0,0.26507171685189673,0.4238199798168276
1869,batt_tim623,1,623,battery,0.11012514485812047,0.0,0.11012514485812047,0.2069852665942619
1870,pltd_tim624,1,624,diesel,0.001874127999989083,0.0989,-0.09702587200001092,0.001933865830001708
1871,plts_tim624,1,624,solar,0.2735967860931715,0.0,0.2735967860931715,0.43745068743927273
1872,batt_tim624,1,624,battery,0.11366682651362528,0.0,0.11366682651362528,0.2136416937454887
1873,pltd_tim625,1,625,diesel,0.0011446365866611664,0.0604,-0.059255363413338834,0.0011811218778743238
1874,plts_tim625,1,625,solar,0.16614132320885786,0.0,0.16614132320885786,0.26710300690552424
1875,batt_tim625,1,625,battery,0.06940188640906483,0.0,0.06940188640906483,0.13044735990126297
1876,pltd_tim626,1,626,diesel,0.0014420172799855773,0.0761,-0.07465798272001442,0.0014879815807984237
1877,plts_tim626,1,626,solar,0.21046692555088467,0.0,0.21046692555088467,0.33660532759328343
1878,batt_tim626,1,626,battery,0.08747099579653451,0.0,0.08747099579653451,0.16439559816210045
1879,pltd_tim627,1,627,diesel,0.0012260490666686275,0.0647,-0.06347395093333137,0.0012651293806824524
1880,plts_tim627,1,627,solar,0.17985447165166768,0.0,0.17985447165166768,0.28618166827846764
1881,batt_tim627,1,627,battery,0.07436087217785294,0.0,0.07436087217785294,0.13976262078125842
1882,pltd_tim628,1,628,diesel,0.0013660771199775074,0.0721,-0.07073392288002249,0.0014096208281904267
1883,plts_tim628,1,628,solar,0.20033661585711793,0.0,0.20033661585711793,0.3188893282717494
1884,batt_tim628,1,628,battery,0.08285559923677989,0.0,0.08285559923677989,0.15574144842973675
1885,pltd_tim629,1,629,diesel,0.001068706666687449,0.0564,-0.05533129333331255,0.00110277169170176
1886,plts_tim629,1,629,solar,0.15613874679170237,0.0,0.15613874679170237,0.24938630927946911
1887,batt_tim629,1,629,battery,0.06480538682181775,0.0,0.06480538682181775,0.12179382211871946
1888,pltd_tim630,1,630,diesel,0.0031816357333484388,0.1679,-0.16471836426665157,0.0032830503723611125
1889,plts_tim630,1,630,solar,0.46451777879923706,0.0,0.46451777879923706,0.7427119666559996
1890,batt_tim630,1,630,battery,0.19298589572557404,0.0,0.19298589572557404,0.3627259446183762
1891,pltd_tim631,1,631,diesel,0.0018682454399815411,0.0986,-0.09673175456001845,0.0019277957633958849
1892,plts_tim631,1,631,solar,0.28212362139577696,0.0,0.28212362139577696,0.4360872398003403
1893,batt_tim631,1,631,battery,0.11331309820386001,0.0,0.11331309820386001,0.21297418415666589
1894,pltd_tim632,1,632,diesel,0.0018217130666779897,0.0961,-0.09427828693332202,0.0018797801706908095
1895,plts_tim632,1,632,solar,0.26202422886861626,0.0,0.26202422886861626,0.4251845349013731
1896,batt_tim632,1,632,battery,0.11049099414716965,0.0,0.11049099414716965,0.20765479783880236
1897,pltd_tim633,1,633,diesel,0.0012437224533179791,0.0656,-0.06435627754668202,0.0012833661065308449
1898,plts_tim633,1,633,solar,0.18082714712991638,0.0,0.18082714712991638,0.29027095393278884
1899,batt_tim633,1,633,battery,0.07542559686646937,0.0,0.07542559686646937,0.14176637775473272
1900,pltd_tim634,1,634,diesel,0.0009225293866913379,0.0487,-0.04777747061330866,0.0009519350109083651
1901,plts_tim634,1,634,solar,0.14098689999589994,0.0,0.14098689999589994,0.21531788250107123
1902,batt_tim634,1,634,battery,0.05595717142765738,0.0,0.05595717142765738,0.1051598671308909
1903,pltd_tim635,1,635,diesel,0.0007824808533063579,0.0413,-0.040517519146693645,0.0008074224305187826
1904,plts_tim635,1,635,solar,0.11471442284439191,0.0,0.11471442284439191,0.1826115296673827
1905,batt_tim635,1,635,battery,0.04745393928377294,0.0,0.04745393928377294,0.08918573565295417
1906,pltd_tim636,1,636,diesel,0.0009342176000169173,0.0493,-0.04836578239998308,0.0009639957860343128
1907,plts_tim636,1,636,solar,0.143784985537374,0.0,0.143784985537374,0.21804282485541995
1908,batt_tim636,1,636,battery,0.05665871274764497,0.0,0.05665871274764497,0.10648771019313044
1909,pltd_tim637,1,637,diesel,0.0015646590933259326,0.0826,-0.08103534090667408,0.0016145326019387021
1910,plts_tim637,1,637,solar,0.22714823065838324,0.0,0.22714823065838324,0.36522457585417684
1911,batt_tim637,1,637,battery,0.09490467954833137,0.0,0.09490467954833137,0.17836994612627843
1912,pltd_tim638,1,638,diesel,0.0006363138133238052,0.0336,-0.032963686186676194,0.0006565963161358384
1913,plts_tim638,1,638,solar,0.09119423968245623,0.0,0.09119423968245623,0.14854265100026726
1914,batt_tim638,1,638,battery,0.03859894950136293,0.0,0.03859894950136293,0.07254733749377874
1915,pltd_tim639,1,639,diesel,0.0010976682666492049,0.0579,-0.056802331733350794,0.001132656442661212
1916,plts_tim639,1,639,solar,0.1564335648535647,0.0,0.1564335648535647,0.25620187184722015
1917,batt_tim639,1,639,battery,0.06658200601929183,0.0,0.06658200601929183,0.12512837445517538
1918,pltd_tim640,1,640,diesel,0.0006712144000174995,0.0354,-0.0347287855999825,0.0006926093590301965
1919,plts_tim640,1,640,solar,0.09576135506554363,0.0,0.09576135506554363,0.15671926462080896
1920,batt_tim640,1,640,battery,0.04072384244937343,0.0,0.04072384244937343,0.07653613500723071
1921,pltd_tim641,1,641,diesel,0.0007883429333220926,0.0416,-0.04081165706667791,0.0008134713643338122
1922,plts_tim641,1,641,solar,0.11234491445103979,0.0,0.11234491445103979,0.18397441685339888
1923,batt_tim641,1,641,battery,0.04780793628474592,0.0,0.04780793628474592,0.08985167269358207
1924,pltd_tim642,1,642,diesel,0.0028726899198902108,0.1516,-0.1487273100801098,0.002964256911098234
1925,plts_tim642,1,642,solar,0.41222643993009034,0.0,0.41222643993009034,0.6704819853922929
1926,batt_tim642,1,642,battery,0.17422358123706702,0.0,0.17422358123706702,0.32744325081200915
1927,pltd_tim643,1,643,diesel,0.00137198016003092,0.0724,-0.07102801983996909,0.0014157120276444462
1928,plts_tim643,1,643,solar,0.19637652677345352,0.0,0.19637652677345352,0.32025061989063397
1929,batt_tim643,1,643,battery,0.08321263682819263,0.0,0.08321263682819263,0.15639958427253373
1930,pltd_tim644,1,644,diesel,0.003006799466652097,0.1587,-0.1556932005333479,0.0031026411996634673
1931,plts_tim644,1,644,solar,0.4347790584753794,0.0,0.4347790584753794,0.7018295045954926
1932,batt_tim644,1,644,battery,0.18237580011794943,0.0,0.18237580011794943,0.34277133343155386
1933,pltd_tim645,1,645,diesel,0.001138430933334852,0.0601,-0.05896156906666515,0.0011747184193480894
1934,plts_tim645,1,645,solar,0.16476330809762993,0.0,0.16476330809762993,0.2657418683233899
1935,batt_tim645,1,645,battery,0.06905685168442845,0.0,0.06905685168442845,0.129788609797929
1936,pltd_tim646,1,646,diesel,0.00236462357329925,0.1248,-0.12243537642670074,0.0024399959497098675
1937,plts_tim646,1,646,solar,0.3382788506053671,0.0,0.3382788506053671,0.5519234437050307
1938,batt_tim646,1,646,battery,0.14341338638662945,0.0,0.14341338638662945,0.26955278820630735
1939,pltd_tim647,1,647,diesel,0.0013604714666264268,0.0718,-0.07043952853337358,0.0014038364946378234
1940,plts_tim647,1,647,solar,0.19518219342860604,0.0,0.19518219342860604,0.31752569848823803
1941,batt_tim647,1,647,battery,0.08250402059763638,0.0,0.08250402059763638,0.1550729933724976
1942,pltd_tim648,1,648,diesel,0.0009746776533156575,0.0514,-0.05042532234668434,0.0010057455035286159
1943,plts_tim648,1,648,solar,0.14233901739509897,0.0,0.14233901739509897,0.22758385344806278
1944,batt_tim648,1,648,battery,0.059135152864896935,0.0,0.059135152864896935,0.11114739462548157
1945,pltd_tim649,1,649,diesel,0.0013486139733681814,0.0712,-0.06985138602663182,0.0013916010437821588
1946,plts_tim649,1,649,solar,0.19435366550696434,0.0,0.19435366550696434,0.31480101742954786
1947,batt_tim649,1,649,battery,0.08180855912649514,0.0,0.08180855912649514,0.15374475353273187
1948,pltd_tim650,1,650,diesel,0.0010040854400191744,0.053,-0.05199591455998082,0.0010360906634326599
1949,plts_tim650,1,650,solar,0.1443681321956163,0.0,0.1443681321956163,0.2343966056341503
1950,batt_tim650,1,650,battery,0.060905491958305635,0.0,0.060905491958305635,0.11447275711703257
1951,pltd_tim651,1,651,diesel,0.0016113505066680848,0.085,-0.08338864949333193,0.0016627123040809585
1952,plts_tim651,1,651,solar,0.23315445617441394,0.0,0.23315445617441394,0.3761248613857522
1953,batt_tim651,1,651,battery,0.09773575489787163,0.0,0.09773575489787163,0.1836878356330402
1954,pltd_tim652,1,652,diesel,0.0016056217599744547,0.0847,-0.08309437824002554,0.0016568009535862585
1955,plts_tim652,1,652,solar,0.23113347497261702,0.0,0.23113347497261702,0.37476300967249926
1956,batt_tim652,1,652,battery,0.0973835330808119,0.0,0.0973835330808119,0.1830312480124924
1957,pltd_tim653,1,653,diesel,0.0018859854932579687,0.0995,-0.09761401450674204,0.0019461012808679855
1958,plts_tim653,1,653,solar,0.2717217104985544,0.0,0.2717217104985544,0.44017695185345096
1959,batt_tim653,1,653,battery,0.11436838254889045,0.0,0.11436838254889045,0.2149786585328176
1960,pltd_tim654,1,654,diesel,0.0018391197866950049,0.097,-0.095160880213305,0.0018977417299085619
1961,plts_tim654,1,654,solar,0.266322701222635,0.0,0.266322701222635,0.42927168504917546
1962,batt_tim654,1,654,battery,0.1115477182915268,0.0,0.1115477182915268,0.20964477598123946
1963,pltd_tim655,1,655,diesel,0.001120844693318667,0.0591,-0.05797915530668133,0.0011565716179309843
1964,plts_tim655,1,655,solar,0.16063603212723399,0.0,0.16063603212723399,0.2616539871359296
1965,batt_tim655,1,655,battery,0.06799182409081003,0.0,0.06799182409081003,0.12779069717023436
1966,pltd_tim656,1,656,diesel,0.0006130809599929566,0.0323,-0.03168691904000705,0.0006326229156052147
1967,plts_tim656,1,656,solar,0.08827865498353968,0.0,0.08827865498353968,0.1430911870452789
1968,batt_tim656,1,656,battery,0.03718215167447317,0.0,0.03718215167447317,0.06988300728913
1969,pltd_tim657,1,657,diesel,0.0011618740266549014,0.0613,-0.0601381259733451,0.0011989087612681295
1970,plts_tim657,1,657,solar,0.16961294837355503,0.0,0.16961294837355503,0.27119177157911817
1971,batt_tim657,1,657,battery,0.0704661497415311,0.0,0.0704661497415311,0.13244439812596323
1972,pltd_tim658,1,658,diesel,0.000718095573343195,0.0379,-0.03718190442665681,0.0007409848697564387
1973,plts_tim658,1,658,solar,0.1045049031658721,0.0,0.1045049031658721,0.16762169641038274
1974,batt_tim658,1,658,battery,0.04355370906060548,0.0,0.04355370906060548,0.08186617213499235
1975,pltd_tim659,1,659,diesel,0.0009168673066666726,0.0484,-0.047483132693333326,0.0009460924520804413
1976,plts_tim659,1,659,solar,0.1348868882321451,0.0,0.1348868882321451,0.21395547931724107
1977,batt_tim659,1,659,battery,0.05559149489695231,0.0,0.05559149489695231,0.10449458584160935
1978,pltd_tim660,1,660,diesel,0.0015178805332990975,0.0801,-0.0785821194667009,0.0015662629753113114
1979,plts_tim660,1,660,solar,0.22160479514965864,0.0,0.22160479514965864,0.3543209661805616
1980,batt_tim660,1,660,battery,0.09206644476200952,0.0,0.09206644476200952,0.1730433001998709
1981,pltd_tim661,1,661,diesel,0.0011327688533127227,0.0598,-0.058667231146687274,0.0011688758605251455
1982,plts_tim661,1,661,solar,0.16342194057924203,0.0,0.16342194057924203,0.2643775749787469
1983,batt_tim661,1,661,battery,0.06869493523058821,0.0,0.06869493523058821,0.1291149242376807
1984,pltd_tim662,1,662,diesel,0.0017571585066536986,0.0927,-0.0909428414933463,0.0018131679340657716
1985,plts_tim662,1,662,solar,0.2527479838451164,0.0,0.2527479838451164,0.4101965851775426
1986,batt_tim662,1,662,battery,0.10659719373422816,0.0,0.10659719373422816,0.20033774284091505
1987,pltd_tim663,1,663,diesel,0.0010801282133672467,0.057,-0.055919871786632755,0.0011145573001815122
1988,plts_tim663,1,663,solar,0.15620058199786527,0.0,0.15620058199786527,0.252113637786669
1989,batt_tim663,1,663,battery,0.06550861344730809,0.0,0.06550861344730809,0.12313041220205606
1990,pltd_tim664,1,664,diesel,0.0010275542399986193,0.0542,-0.05317244576000138,0.0010603075314115171
1991,plts_tim664,1,664,solar,0.1478251845958764,0.0,0.1478251845958764,0.23984734921149498
1992,batt_tim664,1,664,battery,0.06232327519579321,0.0,0.06232327519579321,0.11713696566864702
1993,pltd_tim665,1,665,diesel,0.0018682454398838326,0.0986,-0.09673175456011616,0.0019277957632922674
1994,plts_tim665,1,665,solar,0.26747428532464873,0.0,0.26747428532464873,0.43608903841386876
1995,batt_tim665,1,665,battery,0.11332547404665662,0.0,0.11332547404665662,0.2129840952653954
1996,pltd_tim666,1,666,diesel,0.0020378248533527124,0.1075,-0.10546217514664728,0.002102780520565041
1997,plts_tim666,1,666,solar,0.28974650928082213,0.0,0.28974650928082213,0.4756069383817699
1998,batt_tim666,1,666,battery,0.12357644413179557,0.0,0.12357644413179557,0.23227525843992541
1999,pltd_tim667,1,667,diesel,0.0011733520000346267,0.0619,-0.06072664799996537,0.0012107525950485925
2000,plts_tim667,1,667,solar,0.16863853122238656,0.0,0.16863853122238656,0.27391921956578097
2001,batt_tim667,1,667,battery,0.07118187028313976,0.0,0.07118187028313976,0.13377995613450958
2002,pltd_tim668,1,668,diesel,0.0025863410133741874,0.1365,-0.13391365898662583,0.002668780633187725
2003,plts_tim668,1,668,solar,0.37557333476996574,0.0,0.37557333476996574,0.6037081693386359
2004,batt_tim668,1,668,battery,0.15686175286886317,0.0,0.15686175286886317,0.2948341192040126
2005,pltd_tim669,1,669,diesel,0.0012728840533672646,0.0672,-0.06592711594663273,0.0013134572325818545
2006,plts_tim669,1,669,solar,0.1858067001494554,0.0,0.1858067001494554,0.29708437981990593
2007,batt_tim669,1,669,battery,0.07719431080990811,0.0,0.07719431080990811,0.1450899142346924
2008,pltd_tim670,1,670,diesel,0.00171645226669334,0.0906,-0.08888354773330666,0.0017711641827071176
2009,plts_tim670,1,670,solar,0.2493438724628189,0.0,0.2493438724628189,0.40065767933313545
2010,batt_tim670,1,670,battery,0.10410830529104287,0.0,0.10410830529104287,0.19567981557445177
2011,pltd_tim671,1,671,diesel,0.0018453049600504028,0.0974,-0.0955546950399496,0.0019041240556645466
2012,plts_tim671,1,671,solar,0.26611976857588676,0.0,0.26611976857588676,0.43063475613606816
2013,batt_tim671,1,671,battery,0.11190432708582444,0.0,0.11190432708582444,0.210315690770859
2014,pltd_tim672,1,672,diesel,0.002527884479995239,0.1334,-0.13087211552000474,0.002608460797807366
2015,plts_tim672,1,672,solar,0.36707049802402647,0.0,0.36707049802402647,0.5900805026368783
2016,batt_tim672,1,672,battery,0.15334194425477424,0.0,0.15334194425477424,0.2881809234234216
2017,pltd_tim673,1,673,diesel,0.0016522362666617652,0.0872,-0.08554776373333824,0.0017049012976741468
2018,plts_tim673,1,673,solar,0.23763288123791423,0.0,0.23763288123791423,0.3856655213512191
2019,batt_tim673,1,673,battery,0.10022240057200432,0.0,0.10022240057200432,0.18835732368831876
2020,pltd_tim674,1,674,diesel,0.001383658133328778,0.073,-0.07161634186667122,0.0014277622363408635
2021,plts_tim674,1,674,solar,0.19640868971640218,0.0,0.19640868971640218,0.3229773447133081
2022,batt_tim674,1,674,battery,0.08391605632753846,0.0,0.08391605632753846,0.1577348008788882
2023,pltd_tim675,1,675,diesel,0.0007824808533121833,0.0413,-0.04051751914668782,0.000807422430523459
2024,plts_tim675,1,675,solar,0.11105893759397159,0.0,0.11105893759397159,0.18261091309330846
2025,batt_tim675,1,675,battery,0.04745216468938533,0.0,0.04745216468938533,0.08918233807252249
2026,pltd_tim676,1,676,diesel,0.0032229112531760263,0.1701,-0.16687708874682397,0.003325641549383547
2027,plts_tim676,1,676,solar,0.47341416656011115,0.0,0.47341416656011115,0.7522519512731822
2028,batt_tim676,1,676,battery,0.19547533018611632,0.0,0.19547533018611632,0.36739366429324816
2029,pltd_tim677,1,677,diesel,0.00373058783994911,0.1969,-0.19316941216005087,0.0038495003273594907
2030,plts_tim677,1,677,solar,0.5446364254801925,0.0,0.5446364254801925,0.8708123320798234
2031,batt_tim677,1,677,battery,0.2262712735689442,0.0,0.2262712735689442,0.4252879064667973
2032,pltd_tim678,1,678,diesel,0.0015882047999732016,0.0838,-0.0822117952000268,0.0016388288279845199
2033,plts_tim678,1,678,solar,0.22612257068371167,0.0,0.22612257068371167,0.370675078839807
2034,batt_tim678,1,678,battery,0.09631740159765496,0.0,0.09631740159765496,0.1810365306765977
2035,pltd_tim679,1,679,diesel,0.0016406813867683463,0.0866,-0.08495931861323165,0.0016929781059835604
2036,plts_tim679,1,679,solar,0.23259480352861764,0.0,0.23259480352861764,0.3829405184436043
2037,batt_tim679,1,679,battery,0.09950948078597929,0.0,0.09950948078597929,0.18702512434889854
2038,pltd_tim680,1,680,diesel,0.0011208446932793774,0.0591,-0.057979155306720626,0.0011565716178901673
2039,plts_tim680,1,680,solar,0.15962353479530916,0.0,0.15962353479530916,0.26165401968952945
2040,batt_tim680,1,680,battery,0.0679937962617271,0.0,0.0679937962617271,0.1277908765535855
2041,pltd_tim681,1,681,diesel,0.0018041730133119373,0.0952,-0.09339582698668807,0.0018616810281230764
2042,plts_tim681,1,681,solar,0.2558768970393569,0.0,0.2558768970393569,0.4210945406494963
2043,batt_tim681,1,681,battery,0.10941397464676579,0.0,0.10941397464676579,0.2056507797302962
2044,pltd_tim682,1,682,diesel,0.002761423466667227,0.1457,-0.14293857653333278,0.0028494438396796254
2045,plts_tim682,1,682,solar,0.40315042117958166,0.0,0.40315042117958166,0.6445919617725818
2046,batt_tim682,1,682,battery,0.16749029338164892,0.0,0.16749029338164892,0.31480600136176673
2047,pltd_tim683,1,683,diesel,0.001675658879997002,0.0884,-0.086724341120003,0.0017290705068100803
2048,plts_tim683,1,683,solar,0.24461746677232385,0.0,0.24461746677232385,0.3911155001952975
2049,batt_tim683,1,683,battery,0.1016268680102229,0.0,0.1016268680102229,0.1910134120874713
2050,pltd_tim684,1,684,diesel,0.0013778422400072385,0.0727,-0.07132215775999276,0.001421760961420905
2051,plts_tim684,1,684,solar,0.20118977387870718,0.0,0.20118977387870718,0.3216137634320111
2052,batt_tim684,1,684,battery,0.08357264898803501,0.0,0.08357264898803501,0.15706693393675
2053,pltd_tim685,1,685,diesel,0.0017867458133666893,0.0943,-0.09251325418663331,0.0018436983361801633
2054,plts_tim685,1,685,solar,0.25706577157330074,0.0,0.25706577157330074,0.4170070770246516
2055,batt_tim685,1,685,battery,0.10836394696838174,0.0,0.10836394696838174,0.2036549351455533
2056,pltd_tim686,1,686,diesel,0.0010508999466398341,0.0555,-0.054449100053360164,0.0010843973824514954
2057,plts_tim686,1,686,solar,0.14963976410383517,0.0,0.14963976410383517,0.24529987356833058
2058,batt_tim686,1,686,battery,0.06373980649928965,0.0,0.06373980649928965,0.11980375821559557
2059,pltd_tim687,1,687,diesel,0.0010861236266610972,0.0573,-0.0562138763733389,0.0011207438172747193
2060,plts_tim687,1,687,solar,0.15914616727789588,0.0,0.15914616727789588,0.2534752737753484
2061,batt_tim687,1,687,battery,0.0658662980496412,0.0,0.0658662980496412,0.1237902127641707
2062,pltd_tim688,1,688,diesel,0.0006015465599944473,0.0317,-0.03109845344000555,0.0006207208566069199
2063,plts_tim688,1,688,solar,0.08697863333175672,0.0,0.08697863333175672,0.14036450184434643
2064,batt_tim688,1,688,battery,0.03647142615903942,0.0,0.03647142615903942,0.0685517107728442
2065,pltd_tim689,1,689,diesel,0.0011089769599603048,0.0585,-0.0573910230400397,0.0011443256005732017
2066,plts_tim689,1,689,solar,0.16372651394505697,0.0,0.16372651394505697,0.25892886143306565
2067,batt_tim689,1,689,battery,0.0672886484487229,0.0,0.0672886484487229,0.1264579376281626
2068,pltd_tim690,1,690,diesel,0.000828890133329133,0.0437,-0.04287110986667087,0.0008553110063426001
2069,plts_tim690,1,690,solar,0.12223901502793415,0.0,0.12223901502793415,0.19351411263449
2070,batt_tim690,1,690,battery,0.05028878125213438,0.0,0.05028878125213438,0.09451054220606682
2071,pltd_tim691,1,691,diesel,0.0010508999466907454,0.0555,-0.05444910005330925,0.001084397382505579
2072,plts_tim691,1,691,solar,0.15491882675506485,0.0,0.15491882675506485,0.24530002351414765
2073,batt_tim691,1,691,battery,0.06374263698070062,0.0,0.06374263698070062,0.11980458447961032
2074,pltd_tim692,1,692,diesel,0.0022128868266547857,0.1168,-0.11458711317334522,0.0022834225942671
2075,plts_tim692,1,692,solar,0.32303082821041995,0.0,0.32303082821041995,0.5164900837253149
2076,batt_tim692,1,692,battery,0.13420434625142,0.0,0.13420434625142,0.2522434584069167
2077,pltd_tim693,1,693,diesel,0.0012026264532787145,0.0635,-0.06229737354672129,0.0012409601714904244
2078,plts_tim693,1,693,solar,0.17527082540195155,0.0,0.17527082540195155,0.28073109441404426
2079,batt_tim693,1,693,battery,0.07295272646971537,0.0,0.07295272646971537,0.13710287450017564
2080,pltd_tim694,1,694,diesel,0.0009808730666805503,0.0518,-0.05081912693331945,0.001012138395694521
2081,plts_tim694,1,694,solar,0.14319089896455336,0.0,0.14319089896455336,0.22894648528445993
2082,batt_tim694,1,694,battery,0.05948964481708895,0.0,0.05948964481708895,0.11181268272458283
2083,pltd_tim695,1,695,diesel,0.0011733520000152238,0.0619,-0.06072664799998477,0.0012107525950298475
2084,plts_tim695,1,695,solar,0.17333736566607702,0.0,0.17333736566607702,0.27391944883703684
2085,batt_tim695,1,695,battery,0.07117639762504345,0.0,0.07117639762504345,0.1337812195147699
2086,pltd_tim696,1,696,diesel,0.002586341013291039,0.1365,-0.13391365898670898,0.0026687806331018933
2087,plts_tim696,1,696,solar,0.3753114365749043,0.0,0.3753114365749043,0.6037119580679484
2088,batt_tim696,1,696,battery,0.15689101255877302,0.0,0.15689101255877302,0.2948549966806207
2089,pltd_tim697,1,697,diesel,0.0018453049600591367,0.0974,-0.09555469503994087,0.0019041240556749355
2090,plts_tim697,1,697,solar,0.2739435630403701,0.0,0.2739435630403701,0.43063335056646845
2091,batt_tim697,1,697,battery,0.11190161753840708,0.0,0.11190161753840708,0.2103079454955008
2092,pltd_tim698,1,698,diesel,0.0018625526400000694,0.0983,-0.09643744735999993,0.0019219215054133158
2093,plts_tim698,1,698,solar,0.2733406611262224,0.0,0.2733406611262224,0.43472568578584747
2094,batt_tim698,1,698,battery,0.11295505161789123,0.0,0.11295505161789123,0.21231541877145427
2095,pltd_tim699,1,699,diesel,0.0007824808533020534,0.0413,-0.04051751914669795,0.000807422430514206
2096,plts_tim699,1,699,solar,0.11441770781184016,0.0,0.11441770781184016,0.18261123154025655
2097,batt_tim699,1,699,battery,0.04744783354099865,0.0,0.04744783354099865,0.08918409284831266
2098,pltd_tim700,1,700,diesel,0.00290759050672177,0.1534,-0.15049240949327825,0.00300026995413519
2099,plts_tim700,1,700,solar,0.4185434763009831,0.0,0.4185434763009831,0.678662833573023
2100,batt_tim700,1,700,battery,0.1763423748912733,0.0,0.1763423748912733,0.33145538251683504
2101,pltd_tim701,1,701,diesel,0.0031992424532835398,0.1688,-0.16560075754671646,0.0033012183064931922
2102,plts_tim701,1,701,solar,0.4575040937349283,0.0,0.4575040937349283,0.7467978161691101
2103,batt_tim701,1,701,battery,0.19405501437199454,0.0,0.19405501437199454,0.36471277831874716
2104,pltd_tim702,1,702,diesel,0.0016056217600237369,0.0847,-0.08309437823997626,0.0016568009536366195
2105,plts_tim702,1,702,solar,0.22854399923511207,0.0,0.22854399923511207,0.37476141917167
2106,batt_tim702,1,702,battery,0.0973806475280316,0.0,0.0973806475280316,0.1830224836906227
2107,pltd_tim703,1,703,diesel,0.0050329925332619355,0.2656,-0.26056700746673805,0.005193419170271596
2108,plts_tim703,1,703,solar,0.7381760314502864,0.0,0.7381760314502864,1.174708381347954
2109,batt_tim703,1,703,battery,0.305256807632282,0.0,0.305256807632282,0.5736991117016214
2110,pltd_tim704,1,704,diesel,0.0006712143999972772,0.0354,-0.034728785600002726,0.0006926093590105182
2111,plts_tim704,1,704,solar,0.09843443273115995,0.0,0.09843443273115995,0.15672031125112837
2112,batt_tim704,1,704,battery,0.04072606864923877,0.0,0.04072606864923877,0.076541902375939
2113,pltd_tim705,1,705,diesel,0.001161874026670919,0.0613,-0.060138125973329085,0.0011989087612843492
2114,plts_tim705,1,705,solar,0.16847092556967055,0.0,0.16847092556967055,0.27119257889416826
2115,batt_tim705,1,705,battery,0.07046983961756197,0.0,0.07046983961756197,0.1324488467668276
2116,pltd_tim706,1,706,diesel,0.0032638072533979164,0.1722,-0.16893619274660207,0.0033678411096104833
2117,plts_tim706,1,706,solar,0.4587861648635103,0.0,0.4587861648635103,0.761788101771805
2118,batt_tim706,1,706,battery,0.19796059580679715,0.0,0.19796059580679715,0.37203672930592085
2119,pltd_tim707,1,707,diesel,0.001710513280043526,0.0903,-0.08858948671995648,0.0017650358908571121
2120,plts_tim707,1,707,solar,0.24501032273660336,0.0,0.24501032273660336,0.39929335711727015
2121,batt_tim707,1,707,battery,0.10375332990211815,0.0,0.10375332990211815,0.19500553362686182
2122,pltd_tim708,1,708,diesel,0.0018682454399566674,0.0986,-0.09673175456004332,0.0019277957633682817
2123,plts_tim708,1,708,solar,0.2727442256089912,0.0,0.2727442256089912,0.43608763157899416
2124,batt_tim708,1,708,battery,0.11331292612638337,0.0,0.11331292612638337,0.21297634301885376
2125,pltd_tim709,1,709,diesel,0.003187754240052104,0.1682,-0.16501224575994788,0.003289363906465966
2126,plts_tim709,1,709,solar,0.4653703803522848,0.0,0.4653703803522848,0.7440747919557271
2127,batt_tim709,1,709,battery,0.19333982081989354,0.0,0.19333982081989354,0.363391482413357
2128,pltd_tim710,1,710,diesel,0.006428015786776674,0.3392,-0.33277198421322335,0.006632908789991607
2129,plts_tim710,1,710,solar,0.9384118294946746,0.0,0.9384118294946746,1.500414637705721
2130,batt_tim710,1,710,battery,0.3898665566238438,0.0,0.3898665566238438,0.7327732507330735
2131,pltd_tim711,1,711,diesel,0.002148455359966132,0.1134,-0.11125154464003387,0.002216937374575237
2132,plts_tim711,1,711,solar,0.29496491397248287,0.0,0.29496491397248287,0.5014993462506082
2133,batt_tim711,1,711,battery,0.13030305546818577,0.0,0.13030305546818577,0.24491864965389193
2134,pltd_tim712,1,712,diesel,0.003864897386712871,0.2039,-0.20003510261328714,0.003988090990926742
2135,plts_tim712,1,712,solar,0.5686007376701764,0.0,0.5686007376701764,0.9021535719299915
2136,batt_tim712,1,712,battery,0.23442364038916286,0.0,0.23442364038916286,0.44058176630892476
2137,pltd_tim713,1,713,diesel,0.004565719573264555,0.2409,-0.23633428042673546,0.004711251884673657
2138,plts_tim713,1,713,solar,0.6597700193810662,0.0,0.6597700193810662,1.0656893040400013
2139,batt_tim713,1,713,battery,0.2769382177795748,0.0,0.2769382177795748,0.5204665061100157
2140,pltd_tim714,1,714,diesel,0.0070703352534273655,0.3731,-0.3660296647465726,0.007295702189641193
2141,plts_tim714,1,714,solar,1.0225258761725757,0.0,1.0225258761725757,1.650321944181761
2142,batt_tim714,1,714,battery,0.42884596459934604,0.0,0.42884596459934604,0.8060011082596313
2143,pltd_tim715,1,715,diesel,0.010269444373760556,0.5419,-0.5316305556262395,0.010596782913184903
2144,plts_tim715,1,715,solar,1.4883649838091664,0.0,1.4883649838091664,2.397116966528296
2145,batt_tim715,1,715,battery,0.6228711801884328,0.0,0.6228711801884328,1.1706984914582497
2146,pltd_tim716,1,716,diesel,0.008121255680041703,0.4285,-0.4203787443199583,0.008380120704854119
2147,plts_tim716,1,716,solar,1.1846363231656842,0.0,1.1846363231656842,1.8956141701423328
2148,batt_tim716,1,716,battery,0.49257753017766553,0.0,0.49257753017766553,0.9257705075407275
2149,pltd_tim717,1,717,diesel,0.004349618026572389,0.2295,-0.22515038197342763,0.004488262101181242
2150,plts_tim717,1,717,solar,0.6349110754250904,0.0,0.6349110754250904,1.0152669392778277
2151,batt_tim717,1,717,battery,0.263825994083275,0.0,0.263825994083275,0.49584191541130745
2152,pltd_tim718,1,718,diesel,0.008342906453331186,0.4402,-0.4318570935466688,0.008608836596541736
2153,plts_tim718,1,718,solar,1.205586937502852,0.0,1.205586937502852,1.947404875436824
2154,batt_tim718,1,718,battery,0.5060347406141238,0.0,0.5060347406141238,0.9510868002780302
2155,pltd_tim719,1,719,diesel,0.010911810026990775,0.5758,-0.5648881899730092,0.011259623971611519
2156,plts_tim719,1,719,solar,1.57218060247766,0.0,1.57218060247766,2.547031178108578
2157,batt_tim719,1,719,battery,0.6618702952703464,0.0,0.6618702952703464,1.2439595017744667
2158,pltd_tim720,1,720,diesel,0.008226239572904694,0.4341,-0.4258737604270953,0.008488450959302389
2159,plts_tim720,1,720,solar,1.2053856710145343,0.0,1.2053856710145343,1.9201467822325688
2160,batt_tim720,1,720,battery,0.4989601712059583,0.0,0.4989601712059583,0.9377606829299986
2161,pltd_tim721,1,721,diesel,0.003684086186879225,0.1944,-0.19071591381312075,0.0038015164341043597
2162,plts_tim721,1,721,solar,0.5822937187355077,0.0,0.5822937187355077,0.8599103620466813
2163,batt_tim721,1,721,battery,0.22346761950135244,0.0,0.22346761950135244,0.419965078107177
2164,pltd_tim722,1,722,diesel,0.002353135360106888,0.1242,-0.12184686463989311,0.0024281415497326405
2165,plts_tim722,1,722,solar,0.3813111183041001,0.0,0.3813111183041001,0.5491991701489755
2166,batt_tim722,1,722,battery,0.14273162612079882,0.0,0.14273162612079882,0.2682249869701048
2167,pltd_tim723,1,723,diesel,0.0028316144000632114,0.1494,-0.1465683855999368,0.002921872109080059
2168,plts_tim723,1,723,solar,0.430329085280205,0.0,0.430329085280205,0.6609464333692256
2169,batt_tim723,1,723,battery,0.17173817838344368,0.0,0.17173817838344368,0.32279957750014626
2170,pltd_tim724,1,724,diesel,0.0018104248532953074,0.0955,-0.0936895751467047,0.0018681321455103063
2171,plts_tim724,1,724,solar,0.27794859291072055,0.0,0.27794859291072055,0.42245889997537883
2172,batt_tim724,1,724,battery,0.10977480028573966,0.0,0.10977480028573966,0.20632678195067758
2173,pltd_tim725,1,725,diesel,0.0016640475732804226,0.0878,-0.08613595242671958,0.0017170890896941965
2174,plts_tim725,1,725,solar,0.2525915741646972,0.0,0.2525915741646972,0.3883912711693582
2175,batt_tim725,1,725,battery,0.10093248481164732,0.0,0.10093248481164732,0.18968955798512316
2176,pltd_tim726,1,726,diesel,0.00075868896001287,0.04,-0.03924131103998713,0.0007828721706317779
2177,plts_tim726,1,726,solar,0.11933727394557092,0.0,0.11933727394557092,0.17716136663586587
2178,batt_tim726,1,726,battery,0.046036801225996224,0.0,0.046036801225996224,0.08652516344674399
2179,pltd_tim727,1,727,diesel,0.0013836581333136215,0.073,-0.07161634186668638,0.0014277622363322521
2180,plts_tim727,1,727,solar,0.2182212543611931,0.0,0.2182212543611931,0.32297835346505116
2181,batt_tim727,1,727,battery,0.08392541655378147,0.0,0.08392541655378147,0.15774035952084176
2182,pltd_tim728,1,728,diesel,0.0011032841600321648,0.0582,-0.05709671583996784,0.001138451342646807
2183,plts_tim728,1,728,solar,0.16108886648939602,0.0,0.16108886648939602,0.2575632346448196
2184,batt_tim728,1,728,battery,0.06692506208000945,0.0,0.06692506208000945,0.1257887973748654
2185,pltd_tim729,1,729,diesel,0.0026096867200821588,0.1377,-0.13509031327991783,0.0026928704843091258
2186,plts_tim729,1,729,solar,0.4275258813258329,0.0,0.4275258813258329,0.6091591306566926
2187,batt_tim729,1,729,battery,0.15827662497876616,0.0,0.15827662497876616,0.29749556322105947
2188,pltd_tim730,1,730,diesel,0.0011850966399841556,0.0625,-0.06131490336001585,0.0012228715954043113
2189,plts_tim730,1,730,solar,0.1887500765946298,0.0,0.1887500765946298,0.2766445831501152
2190,batt_tim730,1,730,battery,0.07188866724191792,0.0,0.07188866724191792,0.13511446379953454
2191,pltd_tim731,1,731,diesel,0.0034037224534714527,0.1796,-0.17619627754652856,0.0035122161066934617
2192,plts_tim731,1,731,solar,0.5343905876635316,0.0,0.5343905876635316,0.7944950338121989
2193,batt_tim731,1,731,battery,0.2064410947389931,0.0,0.2064410947389931,0.38800965078158417
2194,pltd_tim732,1,732,diesel,0.0005138617599922449,0.0271,-0.026586138240007755,0.0005302411036047634
2195,plts_tim732,1,732,solar,0.07500470363504301,0.0,0.07500470363504301,0.11992402471291441
2196,batt_tim732,1,732,battery,0.031160829706854094,0.0,0.031160829706854094,0.058568692501676796
2197,pltd_tim733,1,733,diesel,0.0015003969067007054,0.0792,-0.0776996030932993,0.0015482220581196973
2198,plts_tim733,1,733,solar,0.23394590757402556,0.0,0.23394590757402556,0.350231757479419
2199,batt_tim733,1,733,battery,0.09100672973648359,0.0,0.09100672973648359,0.1710439316510549
2200,pltd_tim734,1,734,diesel,0.0013428647466819646,0.0709,-0.06955713525331804,0.0013856685604963165
2201,plts_tim734,1,734,solar,0.19774101262764637,0.0,0.19774101262764637,0.3134368148548951
2202,batt_tim734,1,734,battery,0.08144173993113321,0.0,0.08144173993113321,0.15307145170242378
2203,pltd_tim735,1,735,diesel,0.0024519750400516216,0.1294,-0.12694802495994836,0.002530131744466124
2204,plts_tim735,1,735,solar,0.35999870634649195,0.0,0.35999870634649195,0.5723641599020054
2205,batt_tim735,1,735,battery,0.14871522613657764,0.0,0.14871522613657764,0.27952907862222326
2206,pltd_tim736,1,736,diesel,0.0028726899200460006,0.1516,-0.14872731007995402,0.002964256911259763
2207,plts_tim736,1,736,solar,0.41934341190379365,0.0,0.41934341190379365,0.6704833534866871
2208,batt_tim736,1,736,battery,0.17421799660129067,0.0,0.17421799660129067,0.32745078957988644
2209,pltd_tim737,1,737,diesel,0.0010451711999604864,0.0551,-0.05405482880003952,0.0010784860319728315
2210,plts_tim737,1,737,solar,0.15256618350353354,0.0,0.15256618350353354,0.24393568019789438
2211,batt_tim737,1,737,battery,0.06338381599572444,0.0,0.06338381599572444,0.11913350894729285
2212,pltd_tim738,1,738,diesel,0.001056905599972658,0.0558,-0.054743094400027344,0.0010905944659865827
2213,plts_tim738,1,738,solar,0.15772872695685125,0.0,0.15772872695685125,0.2466622626855123
2214,batt_tim738,1,738,battery,0.06409058294142925,0.0,0.06409058294142925,0.12046700891467929
2215,pltd_tim739,1,739,diesel,0.0010508999466462188,0.0555,-0.05444910005335378,0.0010843973824610875
2216,plts_tim739,1,739,solar,0.15855555669025098,0.0,0.15855555669025098,0.24529864375504173
2217,batt_tim739,1,739,battery,0.06373718954941766,0.0,0.06373718954941766,0.11979698143331097
2218,pltd_tim740,1,740,diesel,0.002008273493306941,0.106,-0.10399172650669306,0.002072287210919502
2219,plts_tim740,1,740,solar,0.2957678552055652,0.0,0.2957678552055652,0.46879618538845547
2220,batt_tim740,1,740,battery,0.12181794884458129,0.0,0.12181794884458129,0.22896248634012276
2221,pltd_tim741,1,741,diesel,0.0022302575999710557,0.1177,-0.11546974240002894,0.0023013470609834683
2222,plts_tim741,1,741,solar,0.3290211832062063,0.0,0.3290211832062063,0.5205782144810998
2223,batt_tim741,1,741,battery,0.13525931036262157,0.0,0.13525931036262157,0.25423298087863283
2224,pltd_tim742,1,742,diesel,0.0007824808533254584,0.0413,-0.04051751914667454,0.0008074224305387547
2225,plts_tim742,1,742,solar,0.11526149995514082,0.0,0.11526149995514082,0.18261132985518813
2226,batt_tim742,1,742,battery,0.047447380123267484,0.0,0.047447380123267484,0.089184634604376
2227,pltd_tim743,1,743,diesel,0.0008171454933369657,0.0431,-0.04228285450666303,0.0008431920059523349
2228,plts_tim743,1,743,solar,0.12378924391819847,0.0,0.12378924391819847,0.19078876993489333
2229,batt_tim743,1,743,battery,0.0495733825481603,0.0,0.0495733825481603,0.09317614962552702
2230,pltd_tim744,1,744,diesel,0.0014246105599637806,0.0752,-0.07377538944003623,0.0014700200215780883
2231,plts_tim744,1,744,solar,0.2156039655003469,0.0,0.2156039655003469,0.33251803998419044
2232,batt_tim744,1,744,battery,0.08640298117990539,0.0,0.08640298117990539,0.16240285124964474
2233,pltd_tim745,1,745,diesel,0.0010919292799806818,0.0576,-0.056508070720019316,0.0011267345257940434
2234,plts_tim745,1,745,solar,0.1606510392579975,0.0,0.1606510392579975,0.2548394358806122
2235,batt_tim745,1,745,battery,0.06622360533311562,0.0,0.06622360533311562,0.1244632333667606
2236,pltd_tim746,1,746,diesel,0.0008758841600064336,0.0462,-0.045324115839993566,0.00090380296761988
2237,plts_tim746,1,746,solar,0.12784857614832523,0.0,0.12784857614832523,0.20441519297507754
2238,batt_tim746,1,746,battery,0.053114703410809906,0.0,0.053114703410809906,0.09983225769588774
2239,pltd_tim747,1,747,diesel,0.004799002133132815,0.2532,-0.24840099786686717,0.004951970326138571
2240,plts_tim747,1,747,solar,0.7055437373087714,0.0,0.7055437373087714,1.1202030409217538
2241,batt_tim747,1,747,battery,0.2910758286682145,0.0,0.2910758286682145,0.5471041936017718
2242,pltd_tim748,1,748,diesel,0.0022302575999782292,0.1177,-0.11546974240002177,0.002301347060991903
2243,plts_tim748,1,748,solar,0.3350768573894851,0.0,0.3350768573894851,0.5205807538862568
2244,batt_tim748,1,748,battery,0.1352789308298738,0.0,0.1352789308298738,0.25424697405889
2245,pltd_tim749,1,749,diesel,0.0014420172800118961,0.0761,-0.07465798271998811,0.0014879815808259925
2246,plts_tim749,1,749,solar,0.2120399665208449,0.0,0.2120399665208449,0.33660516858493106
2247,batt_tim749,1,749,battery,0.08746347200287517,0.0,0.08746347200287517,0.16439472196050858
2248,pltd_tim750,1,750,diesel,0.0014420172800130296,0.0761,-0.07465798271998697,0.0014879815808282073
2249,plts_tim750,1,750,solar,0.21594266229421605,0.0,0.21594266229421605,0.3366037882410835
2250,batt_tim750,1,750,battery,0.08746237143555209,0.0,0.08746237143555209,0.16438711569191558
2251,pltd_tim751,1,751,diesel,0.0006891339733051796,0.0364,-0.03571086602669482,0.0007111001187175071
2252,plts_tim751,1,751,solar,0.10082606601857083,0.0,0.10082606601857083,0.1608080297900869
2253,batt_tim751,1,751,battery,0.041783722217739835,0.0,0.041783722217739835,0.07853728651131345
2254,pltd_tim752,1,752,diesel,0.0015414364800028406,0.0813,-0.07975856351999716,0.0015905697678184308
2255,plts_tim752,1,752,solar,0.23373556077160884,0.0,0.23373556077160884,0.3597729922543997
2256,batt_tim752,1,752,battery,0.09349363679888494,0.0,0.09349363679888494,0.17571306006210977
2257,pltd_tim753,1,753,diesel,0.0005779341866885946,0.0305,-0.029922065813311405,0.0005963558389018722
2258,plts_tim753,1,753,solar,0.08364900481012716,0.0,0.08364900481012716,0.13491508528729276
2259,batt_tim753,1,753,battery,0.03505958101927088,0.0,0.03505958101927088,0.06589274512832843
2260,pltd_tim754,1,754,diesel,0.0013310174933294676,0.0702,-0.06886898250667053,0.001373443675943197
2261,plts_tim754,1,754,solar,0.19595062390682083,0.0,0.19595062390682083,0.31071310761783383
2262,batt_tim754,1,754,battery,0.08073014222280533,0.0,0.08073014222280533,0.1517466249469347
2263,pltd_tim755,1,755,diesel,0.0019500836266795648,0.1029,-0.10094991637332044,0.0020122425422931718
2264,plts_tim755,1,755,solar,0.28605479896177427,0.0,0.28605479896177427,0.4551653872315778
2265,batt_tim755,1,755,battery,0.11826900813837636,0.0,0.11826900813837636,0.2222896445656307
2266,pltd_tim756,1,756,diesel,0.001961884693312477,0.1035,-0.10153811530668752,0.002024419767926869
2267,plts_tim756,1,756,solar,0.2969251554249179,0.0,0.2969251554249179,0.4578927090682152
2268,batt_tim756,1,756,battery,0.11899666769312127,0.0,0.11899666769312127,0.22363450571950017
2269,pltd_tim757,1,757,diesel,0.0026974279466421116,0.1423,-0.1396025720533579,0.0027834084624534833
2270,plts_tim757,1,757,solar,0.3922787249022467,0.0,0.3922787249022467,0.629601027469731
2271,batt_tim757,1,757,battery,0.16359712196840143,0.0,0.16359712196840143,0.3074883576054593
2272,pltd_tim758,1,758,diesel,0.0014012546132634192,0.0739,-0.07249874538673658,0.0014459196040748786
2273,plts_tim758,1,758,solar,0.2057899892046359,0.0,0.2057899892046359,0.32706646427531944
2274,batt_tim758,1,758,battery,0.08498441354434629,0.0,0.08498441354434629,0.15973959569130392
2275,pltd_tim759,1,759,diesel,0.0010334470399838969,0.0545,-0.0534665529600161,0.0010663881643976105
2276,plts_tim759,1,759,solar,0.15290759905278917,0.0,0.15290759905278917,0.24121090120530814
2277,batt_tim759,1,759,battery,0.06268395079771392,0.0,0.06268395079771392,0.11780749889391455
2278,pltd_tim760,1,760,diesel,0.006065993387034196,0.3201,-0.3140340066129658,0.006259346926260229
2279,plts_tim760,1,760,solar,0.9255530061591025,0.0,0.9255530061591025,1.4159220401304904
2280,batt_tim760,1,760,battery,0.3679033103451214,0.0,0.3679033103451214,0.6915134981739772
2281,pltd_tim761,1,761,diesel,0.0025047387733478144,0.1322,-0.1296952612266522,0.0025845773217618353
2282,plts_tim761,1,761,solar,0.3722089644690591,0.0,0.3722089644690591,0.5846296419909944
2283,batt_tim761,1,761,battery,0.15191149800122158,0.0,0.15191149800122158,0.28551802285182754
2284,pltd_tim762,1,762,diesel,0.0014653732266404907,0.0773,-0.0758346267733595,0.001512081998253619
2285,plts_tim762,1,762,solar,0.21660339704153686,0.0,0.21660339704153686,0.34205407729231024
2286,batt_tim762,1,762,battery,0.08888273852210911,0.0,0.08888273852210911,0.16704692476493258
2287,pltd_tim763,1,763,diesel,0.0021952903466270044,0.1158,-0.11360470965337299,0.002265265226439344
2288,plts_tim763,1,763,solar,0.326171935592573,0.0,0.326171935592573,0.5124026483647319
2289,batt_tim763,1,763,battery,0.13314523112881188,0.0,0.13314523112881188,0.2502479442467044
2290,pltd_tim764,1,764,diesel,0.0019618846934030777,0.1035,-0.10153811530659691,0.0020244197680191426
2291,plts_tim764,1,764,solar,0.29101871135914903,0.0,0.29101871135914903,0.4578898162513321
2292,batt_tim764,1,764,battery,0.11897407712469968,0.0,0.11897407712469968,0.22361856509536088
2293,pltd_tim765,1,765,diesel,0.002247674559941202,0.1186,-0.1163523254400588,0.002319319186551962
2294,plts_tim765,1,765,solar,0.3279893911257462,0.0,0.3279893911257462,0.5246697523259346
2295,batt_tim765,1,765,battery,0.13633381451855486,0.0,0.13633381451855486,0.2562495856555038
2296,pltd_tim766,1,766,diesel,0.0012437224532682687,0.0656,-0.06435627754673173,0.0012833661064795487
2297,plts_tim766,1,766,solar,0.1808923870396411,0.0,0.1808923870396411,0.29027001187352874
2298,batt_tim766,1,766,battery,0.07542882329453139,0.0,0.07542882329453139,0.1417611866151674
2299,pltd_tim767,1,767,diesel,0.0018973403733010567,0.1001,-0.09820265962669894,0.001957818097712383
2300,plts_tim767,1,767,solar,0.27337398923886286,0.0,0.27337398923886286,0.4429026924292657
2301,batt_tim767,1,767,battery,0.11508478384001035,0.0,0.11508478384001035,0.21631253235812634
2302,pltd_tim768,1,768,diesel,0.0017047845333275718,0.09,-0.08829521546667242,0.001759124540340792
2303,plts_tim768,1,768,solar,0.250228464715523,0.0,0.250228464715523,0.3979312440117872
2304,batt_tim768,1,768,battery,0.10340871328572072,0.0,0.10340871328572072,0.19434386209321816
2305,pltd_tim769,1,769,diesel,0.0012900343467139432,0.0681,-0.06680996565328605,0.0013311541915287024
2306,plts_tim769,1,769,solar,0.18747019624708414,0.0,0.18747019624708414,0.3011744630760209
2307,batt_tim769,1,769,battery,0.07826273363137899,0.0,0.07826273363137899,0.1470900793438163
2308,pltd_tim770,1,770,diesel,0.0019675672533840437,0.1038,-0.10183243274661596,0.0020302834595983523
2309,plts_tim770,1,770,solar,0.2859149582367644,0.0,0.2859149582367644,0.45925415267772784
2310,batt_tim770,1,770,battery,0.11933900075832224,0.0,0.11933900075832224,0.2242909722715974
2311,pltd_tim771,1,771,diesel,0.00237055231998216,0.1251,-0.12272944768001783,0.0024461136751940675
2312,plts_tim771,1,771,solar,0.34500431076747795,0.0,0.34500431076747795,0.5532857245322415
2313,batt_tim771,1,771,battery,0.14376060111697367,0.0,0.14376060111697367,0.2702197856317867
2314,pltd_tim772,1,772,diesel,0.0011792807467151975,0.0622,-0.061020719253284804,0.001216870320529811
2315,plts_tim772,1,772,solar,0.17019670883390461,0.0,0.17019670883390461,0.27528188512539414
2316,batt_tim772,1,772,battery,0.07153271699632877,0.0,0.07153271699632877,0.13444907359632088
2317,pltd_tim773,1,773,diesel,0.0016813516800242624,0.0887,-0.08701864831997574,0.001734944764837768
2318,plts_tim773,1,773,solar,0.24322589159814853,0.0,0.24322589159814853,0.39247839063349593
2319,batt_tim773,1,773,battery,0.1019937613783806,0.0,0.1019937613783806,0.1916795417252355
2320,pltd_tim774,1,774,diesel,0.0006422323200226976,0.0339,-0.033257767679977304,0.0006627034752363585
2321,plts_tim774,1,774,solar,0.09331033016949872,0.0,0.09331033016949872,0.14990484623331332
2322,batt_tim774,1,774,battery,0.03895409458745052,0.0,0.03895409458745052,0.07321179373247025
2323,pltd_tim775,1,775,diesel,0.0027267588264927333,0.1439,-0.14117324117350727,0.002813674264099199
2324,plts_tim775,1,775,solar,0.3947722799553871,0.0,0.3947722799553871,0.6364139884286214
2325,batt_tim775,1,775,battery,0.1653758650209385,0.0,0.1653758650209385,0.3108115478293937
2326,pltd_tim776,1,776,diesel,0.0009982797866996186,0.0527,-0.05170172021330038,0.0010300999549142265
2327,plts_tim776,1,776,solar,0.14574775733501735,0.0,0.14574775733501735,0.23303447476760267
2328,batt_tim776,1,776,battery,0.060551850812733184,0.0,0.060551850812733184,0.11380929725580607
2329,pltd_tim777,1,777,diesel,0.001938282559954177,0.1023,-0.10036171744004582,0.0020000653165649397
2330,plts_tim777,1,777,solar,0.2780090938191167,0.0,0.2780090938191167,0.45244246419510026
2331,batt_tim777,1,777,battery,0.11757876905475076,0.0,0.11757876905475076,0.22097141300558087
2332,pltd_tim778,1,778,diesel,0.0010976682666861454,0.0579,-0.05680233173331385,0.0011326564426998953
2333,plts_tim778,1,778,solar,0.15861481109887685,0.0,0.15861481109887685,0.25620125816797945
2334,batt_tim778,1,778,battery,0.06657808218594642,0.0,0.06657808218594642,0.1251249928280813
2335,pltd_tim779,1,779,diesel,0.0015527349333717684,0.0819,-0.08034726506662823,0.0016022283593857861
2336,plts_tim779,1,779,solar,0.22419080146968565,0.0,0.22419080146968565,0.36249942482376
2337,batt_tim779,1,779,battery,0.09419468361420077,0.0,0.09419468361420077,0.17704112784800333
2338,pltd_tim780,1,780,diesel,0.0021952903466509383,0.1158,-0.11360470965334907,0.0022652652264627125
2339,plts_tim780,1,780,solar,0.3172151454329679,0.0,0.3172151454329679,0.5124031841088562
2340,batt_tim780,1,780,battery,0.13314836539416822,0.0,0.13314836539416822,0.2502508964205115
