ID,Resource,Zone,Village,technology,Total_MW,Start_MW,Change_in_MW,Electricity_GWh
1,pltd_bel1,1,1,diesel,0.13786874499581583,0.2773,-0.13943125500418416,0.5043082987244563
2,plts_bel1,1,1,solar,0.45301764279629225,0.0,0.45301764279629225,0.6352630334448947
3,batt_bel1,1,1,battery,0.19279615385587695,0.0,0.19279615385587695,0.12504658045422518
4,pltd_bel2,1,2,diesel,0.4530268507803449,0.846,-0.3929731492196551,1.622075536615864
5,plts_bel2,1,2,solar,1.345968489972626,0.0,1.345968489972626,1.8456066935305089
6,batt_bel2,1,2,battery,0.5080704864116269,0.0,0.5080704864116269,0.33041452058425214
7,pltd_bel3,1,3,diesel,0.4508821885838354,0.842,-0.3911178114161646,1.6143953620823566
8,plts_bel3,1,3,solar,1.3395979528325095,0.0,1.3395979528325095,1.836870375692189
9,batt_bel3,1,3,battery,0.5056661081970997,0.0,0.5056661081970997,0.32885090169465375
10,pltd_bel4,1,4,diesel,0.2083671074658305,0.3891,-0.1807328925341695,0.746062065812382
11,plts_bel4,1,4,solar,0.6190660903380447,0.0,0.6190660903380447,0.8488696520489677
12,batt_bel4,1,4,battery,0.23368058054550658,0.0,0.23368058054550658,0.15196998631267694
13,pltd_bel5,1,5,diesel,0.23459714193455397,0.4381,-0.20350285806544602,0.839982026680044
14,plts_bel5,1,5,solar,0.6970021057304913,0.0,0.6970021057304913,0.9557370970710432
15,batt_bel5,1,5,battery,0.2631017627307571,0.0,0.2631017627307571,0.17110350683628275
16,pltd_bel6,1,6,diesel,0.19148302355180266,0.3851,-0.19361697644819734,0.7004255249321613
17,plts_bel6,1,6,solar,0.6291934125933997,0.0,0.6291934125933997,0.8823123214715208
18,batt_bel6,1,6,battery,0.2677757717339843,0.0,0.2677757717339843,0.1736780360540502
19,pltd_bel7,1,7,diesel,0.19203207061699812,0.3586,-0.16656792938300186,0.6875769820141149
20,plts_bel7,1,7,solar,0.5705442216233365,0.0,0.5705442216233365,0.7823359950660279
21,batt_bel7,1,7,battery,0.21536909668055423,0.0,0.21536909668055423,0.14006142774902633
22,pltd_bel8,1,8,diesel,0.37272183435280687,0.7089,-0.3361781656471931,1.3444718772750963
23,plts_bel8,1,8,solar,1.1299523412004924,0.0,1.1299523412004924,1.5627359653417008
24,batt_bel8,1,8,battery,0.44020212756436217,0.0,0.44020212756436217,0.2850094057434332
25,pltd_bel9,1,9,diesel,0.36589271421563374,0.6833,-0.3174072857843663,1.3003191738599051
26,plts_bel9,1,9,solar,1.0989477693859009,0.0,1.0989477693859009,1.5006874123927945
27,batt_bel9,1,9,battery,0.4060401122225458,0.0,0.4060401122225458,0.2673765260238379
28,pltd_bel10,1,10,diesel,0.21249081303780437,0.3968,-0.18430918696219561,0.7608281382730946
29,plts_bel10,1,10,solar,0.6313210124609105,0.0,0.6313210124609105,0.8656737918542798
30,batt_bel10,1,10,battery,0.23830766592911412,0.0,0.23830766592911412,0.15497912884115556
31,pltd_bel11,1,11,diesel,0.3535444310746617,0.6602,-0.3066555689253383,1.2658775344961288
32,plts_bel11,1,11,solar,1.0504074584226488,0.0,1.0504074584226488,1.4403296354087132
33,batt_bel11,1,11,battery,0.39650563835703306,0.0,0.39650563835703306,0.2578603889085373
34,pltd_bel12,1,12,diesel,0.15210910573797073,0.284,-0.13189089426202924,0.5446305043960562
35,plts_bel12,1,12,solar,0.45192310969200983,0.0,0.45192310969200983,0.6196816166033099
36,batt_bel12,1,12,battery,0.1705891999216189,0.0,0.1705891999216189,0.11093965229586332
37,pltd_bel13,1,13,diesel,0.05180313583266489,0.2672,-0.2153968641673351,0.09631623582710488
38,plts_bel13,1,13,solar,1.1920950575087288,0.0,1.1920950575087288,1.7266886547151719
39,batt_bel13,1,13,battery,1.1652028192850987,0.0,1.1652028192850987,0.7378050818352974
40,pltd_bel14,1,14,diesel,0.10217531227804258,0.2055,-0.10332468772195741,0.37374751639712783
41,plts_bel14,1,14,solar,0.3357375297784233,0.0,0.3357375297784233,0.4708016114827682
42,batt_bel14,1,14,battery,0.14288484055132988,0.0,0.14288484055132988,0.0926744323866191
43,pltd_bel15,1,15,diesel,0.03391494958424821,0.1749,-0.1409850504157518,0.06305760235851153
44,plts_bel15,1,15,solar,0.780450387386913,0.0,0.780450387386913,1.1304428687508687
45,batt_bel15,1,15,battery,0.7628441460034947,0.0,0.7628441460034947,0.4830321551177633
46,pltd_bel16,1,16,diesel,0.2628086457133273,0.4908,-0.22799135428667272,0.9409927776017092
47,plts_bel16,1,16,solar,0.7808186170221276,0.0,0.7808186170221276,1.0706667408382597
48,batt_bel16,1,16,battery,0.29473982336607063,0.0,0.29473982336607063,0.19167877387981333
49,pltd_bel17,1,17,diesel,0.043505775000666366,0.2234,-0.1798942249993336,0.08181006882006708
50,plts_bel17,1,17,solar,1.0110917159013046,0.0,1.0110917159013046,1.4425705303954757
51,batt_bel17,1,17,battery,0.9723159941613332,0.0,0.9723159941613332,0.6172305522488434
52,pltd_bel18,1,18,diesel,0.06819462791228958,0.1297,-0.061505372087710425,0.24598962392230034
53,plts_bel18,1,18,solar,0.20674106763702793,0.0,0.20674106763702793,0.28592486055463884
54,batt_bel18,1,18,battery,0.08054157203598063,0.0,0.08054157203598063,0.05214674072999667
55,pltd_bel19,1,19,diesel,0.1087189429240554,0.203,-0.09428105707594461,0.38927233089502383
56,plts_bel19,1,19,solar,0.3230150202562709,0.0,0.3230150202562709,0.44292114395523735
57,batt_bel19,1,19,battery,0.12193191615927577,0.0,0.12193191615927577,0.0792962521794835
58,pltd_bel20,1,20,diesel,0.024530726486019862,0.0444,-0.01986927351398014,0.08687645518341773
59,plts_bel20,1,20,solar,0.0701470589685849,0.0,0.0701470589685849,0.09475587554085578
60,batt_bel20,1,20,battery,0.024944388567606262,0.0,0.024944388567606262,0.016152995106515904
61,pltd_bel21,1,21,diesel,0.09198665081073991,0.1664,-0.07441334918926008,0.3257804959204021
62,plts_bel21,1,21,solar,0.26305590498074727,0.0,0.26305590498074727,0.3553398636844767
63,batt_bel21,1,21,battery,0.09354782243092959,0.0,0.09354782243092959,0.06057811785709217
64,pltd_bel22,1,22,diesel,0.0654128091248692,0.1183,-0.0528871908751308,0.23166574723097513
65,plts_bel22,1,22,solar,0.1870623727118121,0.0,0.1870623727118121,0.25268645862857475
66,batt_bel22,1,22,battery,0.06652324912881451,0.0,0.06652324912881451,0.04307796737137242
67,pltd_bel23,1,23,diesel,0.05683243080888235,0.1143,-0.057467569191117646,0.20788622732087061
68,plts_bel23,1,23,solar,0.18674506104531785,0.0,0.18674506104531785,0.26187073568282737
69,batt_bel23,1,23,battery,0.07947598072819258,0.0,0.07947598072819258,0.05154767797895888
70,pltd_bel24,1,24,diesel,0.03713474834618672,0.0672,-0.030065251653813276,0.1315170633623111
71,plts_bel24,1,24,solar,0.10619855072053967,0.0,0.10619855072053967,0.14345423600017645
72,batt_bel24,1,24,battery,0.03776770137760073,0.0,0.03776770137760073,0.024456986973628952
73,pltd_bel25,1,25,diesel,0.02708500455588938,0.049,-0.021914995444110623,0.09592407284873478
74,plts_bel25,1,25,solar,0.07745604101391869,0.0,0.07745604101391869,0.10462837852847064
75,batt_bel25,1,25,battery,0.027544884862201805,0.0,0.027544884862201805,0.017837063609154914
76,pltd_bel26,1,26,diesel,0.07580422169151031,0.1371,-0.06129577830848969,0.2684673362484547
77,plts_bel26,1,26,solar,0.21677751928132238,0.0,0.21677751928132238,0.2928262309245118
78,batt_bel26,1,26,battery,0.0770900921748608,0.0,0.0770900921748608,0.04992064483478453
79,pltd_bel27,1,27,diesel,0.06714024382560912,0.1254,-0.058259756174390886,0.23860493718917164
80,plts_bel27,1,27,solar,0.20165688268438361,0.0,0.20165688268438361,0.2753759321774632
81,batt_bel27,1,27,battery,0.0745096867025448,0.0,0.0745096867025448,0.04906445540785454
82,pltd_bel28,1,28,diesel,0.04981864582965589,0.093,-0.04318135417034411,0.17704826304172794
83,plts_bel28,1,28,solar,0.14963275904496326,0.0,0.14963275904496326,0.20433353942525698
84,batt_bel28,1,28,battery,0.05528769257293083,0.0,0.05528769257293083,0.03640687041933129
85,pltd_bel29,1,29,diesel,0.035470732116310695,0.0662,-0.0307292678836893,0.12700257979965512
86,plts_bel29,1,29,solar,0.10538222663908157,0.0,0.10538222663908157,0.14450160844601728
87,batt_bel29,1,29,battery,0.03977843381279915,0.0,0.03977843381279915,0.02586916096450036
88,pltd_bel30,1,30,diesel,0.028793381242068206,0.0508,-0.022006618757931792,0.09984616724662829
89,plts_bel30,1,30,solar,0.07996679237771155,0.0,0.07996679237771155,0.10803826203039633
90,batt_bel30,1,30,battery,0.026198530017498448,0.0,0.026198530017498448,0.017213063076418286
91,pltd_bel31,1,31,diesel,0.05863314758590783,0.1035,-0.04486685241409216,0.20332112207768355
92,plts_bel31,1,31,solar,0.1628447464489238,0.0,0.1628447464489238,0.22000798664889779
93,batt_bel31,1,31,battery,0.053352226662818136,0.0,0.053352226662818136,0.03505371565643977
94,pltd_bel32,1,32,diesel,0.08314426863550015,0.1553,-0.07215573136449985,0.2954776160277319
95,plts_bel32,1,32,solar,0.2497123188409766,0.0,0.2497123188409766,0.3409998732838165
96,batt_bel32,1,32,battery,0.09226112290744419,0.0,0.09226112290744419,0.06075367440779427
97,pltd_bel33,1,33,diesel,0.04916057947760615,0.0918,-0.042639420522393855,0.1747068097290781
98,plts_bel33,1,33,solar,0.14764769218293097,0.0,0.14764769218293097,0.201623470051081
99,batt_bel33,1,33,battery,0.05455158378489591,0.0,0.05455158378489591,0.035922044487575674
100,pltd_bel34,1,34,diesel,0.04188084935361123,0.0739,-0.032019150646388765,0.14522918729697798
101,plts_bel34,1,34,solar,0.11631811034616471,0.0,0.11631811034616471,0.1571487696984351
102,batt_bel34,1,34,battery,0.03810870480798658,0.0,0.03810870480798658,0.025038347021075755
103,pltd_bel35,1,35,diesel,0.04058141491949947,0.0758,-0.035218585080500533,0.14421843538652407
104,plts_bel35,1,35,solar,0.12188599645562231,0.0,0.12188599645562231,0.16644318965494992
105,batt_bel35,1,35,battery,0.04503470258136105,0.0,0.04503470258136105,0.029655287355913523
106,pltd_bel36,1,36,diesel,0.023757414730406982,0.0444,-0.02064258526959302,0.08506277049090041
107,plts_bel36,1,36,solar,0.07058151194463778,0.0,0.07058151194463778,0.09678244097593947
108,batt_bel36,1,36,battery,0.026641962416044863,0.0,0.026641962416044863,0.01732605667739892
109,pltd_bel37,1,37,diesel,0.041574770067287714,0.0776,-0.03602522993271229,0.14885942660456772
110,plts_bel37,1,37,solar,0.12351764623908461,0.0,0.12351764623908461,0.16936875060995665
111,batt_bel37,1,37,battery,0.04662331962295184,0.0,0.04662331962295184,0.030320620053902028
112,pltd_bel38,1,38,diesel,0.08496364242726874,0.1587,-0.07373635757273127,0.3042135793699263
113,plts_bel38,1,38,solar,0.2524296261341945,0.0,0.2524296261341945,0.3461344179585629
114,batt_bel38,1,38,battery,0.09528551380606977,0.0,0.09528551380606977,0.06196722115314885
115,pltd_bel39,1,39,diesel,0.035386917490263764,0.0712,-0.035813082509736235,0.12944052865180466
116,plts_bel39,1,39,solar,0.11627266118572999,0.0,0.11627266118572999,0.163048946011338
117,batt_bel39,1,39,battery,0.04948263946955408,0.0,0.04948263946955408,0.03209410353144705
118,pltd_bel40,1,40,diesel,0.03415056276993742,0.0638,-0.029649437230062574,0.12227639699587192
119,plts_bel40,1,40,solar,0.10146189575355113,0.0,0.10146189575355113,0.1391255814062001
120,batt_bel40,1,40,battery,0.038298674489155936,0.0,0.038298674489155936,0.024906883023353553
121,pltd_bel41,1,41,diesel,0.036953959331437074,0.069,-0.03204604066856293,0.13231640966431263
122,plts_bel41,1,41,solar,0.1097964880211749,0.0,0.1097964880211749,0.15055393658294264
123,batt_bel41,1,41,battery,0.04144692183781567,0.0,0.04144692183781567,0.026954252864216658
124,pltd_bel42,1,42,diesel,0.038603062519037556,0.0776,-0.038996937480962446,0.14120645057983092
125,plts_bel42,1,42,solar,0.12684494108341482,0.0,0.12684494108341482,0.17787325862731213
126,batt_bel42,1,42,battery,0.05398264843218902,0.0,0.05398264843218902,0.035012916236008336
127,pltd_bel43,1,43,diesel,0.07308103963849297,0.1365,-0.06341896036150704,0.25971502790222173
128,plts_bel43,1,43,solar,0.21948934919998456,0.0,0.21948934919998456,0.29972835977206225
129,batt_bel43,1,43,battery,0.0810948001361594,0.0,0.0810948001361594,0.05340071509485415
130,pltd_bel44,1,44,diesel,0.05724312808871325,0.1069,-0.049656871911286746,0.20343174256053037
131,plts_bel44,1,44,solar,0.17192703661110798,0.0,0.17192703661110798,0.23477832907291832
132,batt_bel44,1,44,battery,0.06352378405809261,0.0,0.06352378405809261,0.04183025601041666
133,pltd_bel45,1,45,diesel,0.04338623347506431,0.081,-0.03761376652493569,0.15418693977735426
134,plts_bel45,1,45,solar,0.13030669507013387,0.0,0.13030669507013387,0.17794322315105757
135,batt_bel45,1,45,battery,0.048144992163975976,0.0,0.048144992163975976,0.03170334406347454
136,pltd_bel46,1,46,diesel,0.058564295078822604,0.1094,-0.050835704921177394,0.20812441700966708
137,plts_bel46,1,46,solar,0.17588840138478953,0.0,0.17588840138478953,0.24018807877931403
138,batt_bel46,1,46,battery,0.06498501850780453,0.0,0.06498501850780453,0.04279245467291608
139,pltd_bel47,1,47,diesel,0.05621836094001138,0.1131,-0.05688163905998862,0.20564275464302909
140,plts_bel47,1,47,solar,0.18473314404425775,0.0,0.18473314404425775,0.25904969564762476
141,batt_bel47,1,47,battery,0.07862181671844445,0.0,0.07862181671844445,0.05099378774026527
142,pltd_bel48,1,48,diesel,0.05872850892631738,0.1097,-0.05097149107368262,0.20870996359105703
143,plts_bel48,1,48,solar,0.17638451988438097,0.0,0.17638451988438097,0.2408657546994516
144,batt_bel48,1,48,battery,0.06516933553100512,0.0,0.06516933553100512,0.04291378106039126
145,pltd_bel49,1,49,diesel,0.1036049999767372,0.1999,-0.0962950000232628,0.37510226109907524
146,plts_bel49,1,49,solar,0.3187223622939298,0.0,0.3187223622939298,0.44536126742286547
147,batt_bel49,1,49,battery,0.12721542677561826,0.0,0.12721542677561826,0.0830405565715513
148,pltd_bel50,1,50,diesel,0.12164399998095568,0.2348,-0.11315600001904433,0.44041307215138564
149,plts_bel50,1,50,solar,0.37421535201636724,0.0,0.37421535201636724,0.5229046405018116
150,batt_bel50,1,50,battery,0.14936577595286316,0.0,0.14936577595286316,0.0974992322224886
151,pltd_bel51,1,51,diesel,0.07885500989700167,0.1473,-0.06844499010299832,0.28023449174146503
152,plts_bel51,1,51,solar,0.23683029457137936,0.0,0.23683029457137936,0.323408188740901
153,batt_bel51,1,51,battery,0.08750133229790345,0.0,0.08750133229790345,0.05761940100494378
154,pltd_bel52,1,52,diesel,0.08301199996980575,0.1602,-0.07718800003019426,0.30054471493980683
155,plts_bel52,1,52,solar,0.2553708181152178,0.0,0.2553708181152178,0.35683752917148853
156,batt_bel52,1,52,battery,0.10192841360536573,0.0,0.10192841360536573,0.06653435703569247
157,pltd_bel53,1,53,diesel,0.0735758751118404,0.1374,-0.0638241248881596,0.26147392318077034
158,plts_bel53,1,53,solar,0.22097570571684938,0.0,0.22097570571684938,0.3017580696111558
159,batt_bel53,1,53,battery,0.08164407741226525,0.0,0.08164407741226525,0.053762367652774
160,pltd_bel54,1,54,diesel,0.06545099996052327,0.1263,-0.06084900003947673,0.23696729892541607
161,plts_bel54,1,54,solar,0.20134862367331288,0.0,0.20134862367331288,0.28135360910128515
162,batt_bel54,1,54,battery,0.08036867079288186,0.0,0.08036867079288186,0.0524609676891732
163,pltd_bel55,1,55,diesel,0.11052892729363352,0.2064,-0.09587107270636648,0.3927977165755492
164,plts_bel55,1,55,solar,0.3319580645415054,0.0,0.3319580645415054,0.45331259712624017
165,batt_bel55,1,55,battery,0.1226483532065811,0.0,0.1226483532065811,0.08076357426595064
166,pltd_bel56,1,56,diesel,0.08823928652250339,0.1596,-0.0713607134774966,0.312507965968891
167,plts_bel56,1,56,solar,0.25233914137302965,0.0,0.25233914137302965,0.34086280540827635
168,batt_bel56,1,56,battery,0.08973620258474753,0.0,0.08973620258474753,0.05810983305034828
169,pltd_bel57,1,57,diesel,0.09271657344839812,0.1731,-0.08038342655160188,0.3319743874858174
170,plts_bel57,1,57,solar,0.27546934579622673,0.0,0.27546934579622673,0.37772622486058166
171,batt_bel57,1,57,battery,0.10398454418940949,0.0,0.10398454418940949,0.06762446475934235
172,pltd_bel58,1,58,diesel,0.13695703593425973,0.2477,-0.11074296406574027,0.485048201668655
173,plts_bel58,1,58,solar,0.39166416780545465,0.0,0.39166416780545465,0.5290645181230977
174,batt_bel58,1,58,battery,0.13928521536837282,0.0,0.13928521536837282,0.09019599105573517
175,pltd_bel59,1,59,diesel,0.04190349252148017,0.0783,-0.03639650747851982,0.15003732917964566
176,plts_bel59,1,59,solar,0.12450161801977984,0.0,0.12450161801977984,0.17071740451360815
177,batt_bel59,1,59,battery,0.04699770814312175,0.0,0.04699770814312175,0.03056414533191746
178,pltd_bel60,1,60,diesel,0.22634764336551147,0.4227,-0.19635235663448855,0.8104447727404104
179,plts_bel60,1,60,solar,0.6724961506728496,0.0,0.6724961506728496,0.9221335087566926
180,batt_bel60,1,60,battery,0.25385250081495553,0.0,0.25385250081495553,0.16508845093060986
181,pltd_bel61,1,61,diesel,0.029861482809857495,0.0558,-0.025938517190142507,0.10691901921482849
182,plts_bel61,1,61,solar,0.0887169314765559,0.0,0.0887169314765559,0.12164978513379941
183,batt_bel61,1,61,battery,0.03348730817557025,0.0,0.03348730817557025,0.021777847403033762
184,pltd_bel62,1,62,diesel,0.15342040437457855,0.2865,-0.13307959562542143,0.5452257892510513
185,plts_bel62,1,62,solar,0.4607786043574167,0.0,0.4607786043574167,0.6292260944512135
186,batt_bel62,1,62,battery,0.17024384013462215,0.0,0.17024384013462215,0.11210507716378923
187,pltd_bel63,1,63,diesel,0.05621836094001136,0.1131,-0.056881639059988644,0.20564275464302878
188,plts_bel63,1,63,solar,0.18473314404425778,0.0,0.18473314404425778,0.2590496956476246
189,batt_bel63,1,63,battery,0.07862181671844451,0.0,0.07862181671844451,0.050993787740265334
190,pltd_bel64,1,64,diesel,0.05658475292990401,0.1057,-0.04911524707009599,0.20109012101956586
191,plts_bel64,1,64,solar,0.1699417673345414,0.0,0.1699417673345414,0.2320679047145022
192,batt_bel64,1,64,battery,0.06278744296176843,0.0,0.06278744296176843,0.041345309869933275
193,pltd_bel65,1,65,diesel,0.02771466770690108,0.0518,-0.024085332293098918,0.0984928546288013
194,plts_bel65,1,65,solar,0.08323736420877141,0.0,0.08323736420877141,0.11366682389612674
195,batt_bel65,1,65,battery,0.030753773219748662,0.0,0.030753773219748662,0.020251300917929017
196,pltd_bel66,1,66,diesel,0.23179399999261327,0.4473,-0.2155060000073867,0.8392128349535706
197,plts_bel66,1,66,solar,0.7130707854508833,0.0,0.7130707854508833,0.9963999650290003
198,batt_bel66,1,66,battery,0.28461742655801187,0.0,0.28461742655801187,0.18578541764017367
199,pltd_bel67,1,67,diesel,0.19333913965445212,0.3611,-0.16776086034554785,0.6870937652562693
200,plts_bel67,1,67,solar,0.5806882514466581,0.0,0.5806882514466581,0.792969233699661
201,batt_bel67,1,67,battery,0.21455335898654856,0.0,0.21455335898654856,0.1412828817447868
202,pltd_bel68,1,68,diesel,0.09434599997399071,0.1821,-0.0877540000260093,0.34158067264540404
203,plts_bel68,1,68,solar,0.29023689136202957,0.0,0.29023689136202957,0.40555908034717536
204,batt_bel68,1,68,battery,0.11584626594273217,0.0,0.11584626594273217,0.0756191572159699
205,pltd_bel69,1,69,diesel,0.17847499998866279,0.3444,-0.1659250000113372,0.6461701249302164
206,plts_bel69,1,69,solar,0.5490467195551303,0.0,0.5490467195551303,0.7672009747654446
207,batt_bel69,1,69,battery,0.219147051208278,0.0,0.219147051208278,0.14304944720467289
208,pltd_bel70,1,70,diesel,0.033820351138504866,0.0632,-0.02937964886149514,0.12109493231197244
209,plts_bel70,1,70,solar,0.10048181306283001,0.0,0.10048181306283001,0.1377817555542199
210,batt_bel70,1,70,battery,0.03792919469692903,0.0,0.03792919469692903,0.02466656264315079
211,pltd_bel71,1,71,diesel,0.07951318518080344,0.1485,-0.06898681481919655,0.2825758293887997
212,plts_bel71,1,71,solar,0.23881594575593967,0.0,0.23881594575593967,0.3261188084453909
213,batt_bel71,1,71,battery,0.08823765163908352,0.0,0.08823765163908352,0.0581043640809912
214,pltd_bel72,1,72,diesel,0.06403235697011803,0.1288,-0.06476764302988197,0.23422286044340315
215,plts_bel72,1,72,solar,0.21040227525961602,0.0,0.21040227525961602,0.2950451363538862
216,batt_bel72,1,72,battery,0.08954384367763885,0.0,0.08954384367763885,0.05807762351870195
217,pltd_bel73,1,73,diesel,0.05279343787186098,0.0986,-0.045806562128139015,0.18902714586492375
218,plts_bel73,1,73,solar,0.1568482368018721,0.0,0.1568482368018721,0.21507243009064164
219,batt_bel73,1,73,battery,0.05920511116233736,0.0,0.05920511116233736,0.038502952758377805
220,pltd_bel74,1,74,diesel,0.38090468895972807,0.7113,-0.330395311040272,1.3536684173503113
221,plts_bel74,1,74,solar,1.1440359124228254,0.0,1.1440359124228254,1.562258147078795
222,batt_bel74,1,74,battery,0.42269967352137566,0.0,0.42269967352137566,0.2783468308371064
223,pltd_bel75,1,75,diesel,0.07598031049183634,0.1528,-0.07681968950816365,0.27792856322392706
224,plts_bel75,1,75,solar,0.24966455152004763,0.0,0.24966455152004763,0.3501022457306196
225,batt_bel75,1,75,battery,0.10625399293611829,0.0,0.10625399293611829,0.06891581928221731
226,pltd_bel76,1,76,diesel,0.03678895320584751,0.0687,-0.031911046794152485,0.13172545332038957
227,plts_bel76,1,76,solar,0.10930644669606242,0.0,0.10930644669606242,0.14988211819058167
228,batt_bel76,1,76,battery,0.041262181967217086,0.0,0.041262181967217086,0.02683413354157571
229,pltd_bel77,1,77,diesel,0.16860695231667092,0.3149,-0.1462930476833291,0.603700950156349
230,plts_bel77,1,77,solar,0.5009389087770085,0.0,0.5009389087770085,0.6868928781001765
231,batt_bel77,1,77,battery,0.18909171232791785,0.0,0.18909171232791785,0.12297240380964995
232,pltd_bel78,1,78,diesel,0.053449295545975176,0.0998,-0.046350704454024824,0.18994880121824104
233,plts_bel78,1,78,solar,0.16053004007109214,0.0,0.16053004007109214,0.21921533057117998
234,batt_bel78,1,78,battery,0.05931174578626299,0.0,0.05931174578626299,0.039056569260170294
235,pltd_bel79,1,79,diesel,0.03546863340218927,0.0662,-0.030731366597810728,0.12604744601328288
236,plts_bel79,1,79,solar,0.1065231620268245,0.0,0.1065231620268245,0.1454652901951891
237,batt_bel79,1,79,battery,0.039356756535899984,0.0,0.039356756535899984,0.02591626550245491
238,pltd_bel80,1,80,diesel,0.05774257241502675,0.1078,-0.05005742758497326,0.20674833111579577
239,plts_bel80,1,80,solar,0.1715533664889315,0.0,0.1715533664889315,0.2352359106804492
240,batt_bel80,1,80,battery,0.06475589708027832,0.0,0.06475589708027832,0.042112870606873666
241,pltd_bel81,1,81,diesel,0.0895831340615511,0.1673,-0.0777168659384489,0.3207534055973826
242,plts_bel81,1,81,solar,0.2661546718086709,0.0,0.2661546718086709,0.36495390813738066
243,batt_bel81,1,81,battery,0.10046635826611144,0.0,0.10046635826611144,0.06533649429400673
244,pltd_kup82,1,82,diesel,0.33195543051632787,0.6676,-0.3356445694836721,1.2142583634668425
245,plts_kup82,1,82,solar,1.090769923776192,0.0,1.090769923776192,1.5295770773892625
246,batt_kup82,1,82,battery,0.46421571731532885,0.0,0.46421571731532885,0.3010879920248217
247,pltd_kup83,1,83,diesel,0.18229113727907464,0.3666,-0.18430886272092534,0.666803589040084
248,plts_kup83,1,83,solar,0.5989937311480382,0.0,0.5989937311480382,0.8399632775324625
249,batt_kup83,1,83,battery,0.2549244416994704,0.0,0.2549244416994704,0.1653427608901346
250,pltd_kup84,1,84,diesel,0.24019686130906043,0.4831,-0.24290313869093955,0.8786154955619704
251,plts_kup84,1,84,solar,0.7892588990083294,0.0,0.7892588990083294,1.1067710268982298
252,batt_kup84,1,84,battery,0.3358960219954234,0.0,0.3358960219954234,0.21786050561604586
253,pltd_kup85,1,85,diesel,0.036765883746304406,0.0739,-0.03713411625369559,0.13448396291640427
254,plts_kup85,1,85,solar,0.12080321122078237,0.0,0.12080321122078237,0.16940130409624604
255,batt_kup85,1,85,battery,0.051410102299851566,0.0,0.051410102299851566,0.033344253142979396
256,pltd_kup86,1,86,diesel,0.23269200756852781,0.468,-0.2353079924314722,0.8511605045039246
257,plts_kup86,1,86,solar,0.7645927367005934,0.0,0.7645927367005934,1.0721825263432292
258,batt_kup86,1,86,battery,0.3253974297848728,0.0,0.3253974297848728,0.2110509967122748
259,pltd_kup87,1,87,diesel,0.21277739334046672,0.4279,-0.21512260665953328,0.7783155656797804
260,plts_kup87,1,87,solar,0.6991576023316672,0.0,0.6991576023316672,0.9804228506411031
261,batt_kup87,1,87,battery,0.2975493054429936,0.0,0.2975493054429936,0.19298890904482385
262,pltd_kup88,1,88,diesel,0.0983465940404272,0.1978,-0.0994534059595728,0.35974073818479363
263,plts_kup88,1,88,solar,0.3231518379743388,0.0,0.3231518379743388,0.4531531831185903
264,batt_kup88,1,88,battery,0.1375272338138918,0.0,0.1375272338138918,0.08919944992154792
265,pltd_kup89,1,89,diesel,0.46875056576107443,0.9427,-0.47394943423892555,1.714641379780111
266,plts_kup89,1,89,solar,1.5402659645741563,0.0,1.5402659645741563,2.159901761260703
267,batt_kup89,1,89,battery,0.6555155975728679,0.0,0.6555155975728679,0.42516410727638915
268,pltd_kup90,1,90,diesel,0.15027607723639777,0.3022,-0.15192392276360225,0.5496939330198249
269,plts_kup90,1,90,solar,0.49379109904684876,0.0,0.49379109904684876,0.6924392701793455
270,batt_kup90,1,90,battery,0.2101509266200414,0.0,0.2101509266200414,0.13630277861107676
271,pltd_kup91,1,91,diesel,0.14231082584953444,0.2862,-0.14388917415046557,0.5205578226896144
272,plts_kup91,1,91,solar,0.46761525162848633,0.0,0.46761525162848633,0.6557333166090012
273,batt_kup91,1,91,battery,0.1990093046365598,0.0,0.1990093046365598,0.1290764399094055
274,pltd_kup92,1,92,diesel,0.11994375301252462,0.2412,-0.12125624698747538,0.43874352048979853
275,plts_kup92,1,92,solar,0.39412945980553815,0.0,0.39412945980553815,0.5526838837965389
276,batt_kup92,1,92,battery,0.1677381171785392,0.0,0.1677381171785392,0.1087941549771337
277,pltd_kup93,1,93,diesel,0.5361533113155382,1.0783,-0.5421466886844618,1.9611928896166129
278,plts_kup93,1,93,solar,1.7617412566856208,0.0,1.7617412566856208,2.4704745045709
279,batt_kup93,1,93,battery,0.7497712906874676,0.0,0.7497712906874676,0.48629780132655903
280,pltd_kup94,1,94,diesel,0.07873736642358889,0.1583,-0.07956263357641111,0.2880134801666261
281,plts_kup94,1,94,solar,0.25872565171556583,0.0,0.25872565171556583,0.36280816785667214
282,batt_kup94,1,94,battery,0.11011075875447886,0.0,0.11011075875447886,0.07141728933278751
283,pltd_kup95,1,95,diesel,0.027348159938648323,0.053,-0.025651840061351676,0.09797913880530738
284,plts_kup95,1,95,solar,0.08795397616604506,0.0,0.08795397616604506,0.11952834540173525
285,batt_kup95,1,95,battery,0.03465631474788439,0.0,0.03465631474788439,0.022377974296578042
286,pltd_kup96,1,96,diesel,0.025763024390050106,0.0542,-0.028436975609949892,0.09548682814142981
287,plts_kup96,1,96,solar,0.0903877622761968,0.0,0.0903877622761968,0.12785612865022164
288,batt_kup96,1,96,battery,0.04151230202901809,0.0,0.04151230202901809,0.027174236367123867
289,pltd_kup97,1,97,diesel,0.052151370842696186,0.101,-0.04884862915730382,0.18684163200816
290,plts_kup97,1,97,solar,0.16772726875770252,0.0,0.16772726875770252,0.22793980987784265
291,batt_kup97,1,97,battery,0.06609139198170984,0.0,0.06609139198170984,0.04267590461678074
292,pltd_kup98,1,98,diesel,0.02488470423267808,0.0524,-0.027515295767321923,0.09223217908267164
293,plts_kup98,1,98,solar,0.08730640216418842,0.0,0.08730640216418842,0.12349718944196006
294,batt_kup98,1,98,battery,0.04009683402813344,0.0,0.04009683402813344,0.02624770343242768
295,pltd_kup99,1,99,diesel,0.02649524291263056,0.0558,-0.029304757087369442,0.09820054263672127
296,plts_kup99,1,99,solar,0.09295496312294114,0.0,0.09295496312294114,0.1314875715845026
297,batt_kup99,1,99,battery,0.04269084539130995,0.0,0.04269084539130995,0.0279457112059204
298,pltd_kup100,1,100,diesel,0.10858953507372007,0.2249,-0.11631046492627992,0.401199444717965
299,plts_kup100,1,100,solar,0.3715487773609307,0.0,0.3715487773609307,0.5245062616100793
300,batt_kup100,1,100,battery,0.16799846264879634,0.0,0.16799846264879634,0.10906761860003451
301,pltd_kup101,1,101,diesel,0.05530211738213797,0.1201,-0.06479788261786203,0.20884883473838037
302,plts_kup101,1,101,solar,0.19700431889491066,0.0,0.19700431889491066,0.2864905608808839
303,batt_kup101,1,101,battery,0.0960426417023296,0.0,0.0960426417023296,0.06259218749660114
304,pltd_kup102,1,102,diesel,0.0708069185652803,0.1466,-0.0757930814347197,0.2616049783173807
305,plts_kup102,1,102,solar,0.24226911978953272,0.0,0.24226911978953272,0.3420057944335456
306,batt_kup102,1,102,battery,0.10954325774579765,0.0,0.10954325774579765,0.07111740802318235
307,pltd_kup103,1,103,diesel,0.0861276157863324,0.1784,-0.0922723842136676,0.318210696047838
308,plts_kup103,1,103,solar,0.29469476069563966,0.0,0.29469476069563966,0.416013598648236
309,batt_kup103,1,103,battery,0.1332494606480307,0.0,0.1332494606480307,0.08650789062715616
310,pltd_kup104,1,104,diesel,0.10115079362790055,0.2095,-0.10834920637209944,0.37371719772142964
311,plts_kup104,1,104,solar,0.34610269695901524,0.0,0.34610269695901524,0.4885845263183192
312,batt_kup104,1,104,battery,0.1564952955462819,0.0,0.1564952955462819,0.10159953461824933
313,pltd_kup105,1,105,diesel,0.05530211738213823,0.1201,-0.06479788261786176,0.20884883473838092
314,plts_kup105,1,105,solar,0.1970043188949102,0.0,0.1970043188949102,0.28649056088088315
315,batt_kup105,1,105,battery,0.09604264170232894,0.0,0.09604264170232894,0.06259218749660075
316,pltd_kup106,1,106,diesel,0.036158037070333424,0.0786,-0.04244196292966658,0.13655288781790575
317,plts_kup106,1,106,solar,0.12881254398281777,0.0,0.12881254398281777,0.1873232918818511
318,batt_kup106,1,106,battery,0.06279960961610648,0.0,0.06279960961610648,0.040927323501116226
319,pltd_kup107,1,107,diesel,0.03805937454850859,0.0801,-0.04204062545149141,0.14106124357179473
320,plts_kup107,1,107,solar,0.13352680406435274,0.0,0.13352680406435274,0.1888772563623748
321,batt_kup107,1,107,battery,0.06132379438517007,0.0,0.06132379438517007,0.04014301296033875
322,pltd_kup108,1,108,diesel,0.05667885935678137,0.114,-0.05732114064321863,0.2073258883172851
323,plts_kup108,1,108,solar,0.186241334436116,0.0,0.186241334436116,0.2611644055875489
324,batt_kup108,1,108,battery,0.0792614129606553,0.0,0.0792614129606553,0.051408612900143674
325,pltd_kup109,1,109,diesel,0.06294645016745974,0.1325,-0.06955354983254027,0.23329777440484703
326,plts_kup109,1,109,solar,0.2208296062726755,0.0,0.2208296062726755,0.3123697761882182
327,batt_kup109,1,109,battery,0.101415461634025,0.0,0.101415461634025,0.06638720513334612
328,pltd_kup110,1,110,diesel,0.044328918190107404,0.0918,-0.0474710818098926,0.16377843471323178
329,plts_kup110,1,110,solar,0.15167262828637976,0.0,0.15167262828637976,0.2141126536997201
330,batt_kup110,1,110,battery,0.06857911356193315,0.0,0.06857911356193315,0.0445227523210608
331,pltd_kup111,1,111,diesel,0.0756805386752632,0.1593,-0.0836194613247368,0.280496728723744
332,plts_kup111,1,111,solar,0.26551112331237103,0.0,0.26551112331237103,0.37557332390472603
333,batt_kup111,1,111,battery,0.12193818392537312,0.0,0.12193818392537312,0.07982153882668677
334,pltd_kup112,1,112,diesel,0.09110435938550879,0.1765,-0.0853956406144912,0.32639996514142694
335,plts_kup112,1,112,solar,0.2930152266626234,0.0,0.2930152266626234,0.39820345862011625
336,batt_kup112,1,112,battery,0.11546154469311821,0.0,0.11546154469311821,0.07455491762106668
337,pltd_kup113,1,113,diesel,0.13085391219163944,0.2535,-0.12264608780836056,0.4688106095207414
338,plts_kup113,1,113,solar,0.42085584515472774,0.0,0.42085584515472774,0.5719372771477264
339,batt_kup113,1,113,battery,0.1658351630733252,0.0,0.1658351630733252,0.10708173026350469
340,pltd_kup114,1,114,diesel,0.060311549624085255,0.1269,-0.06658845037591477,0.22353176761723798
341,plts_kup114,1,114,solar,0.21158552645402215,0.0,0.21158552645402215,0.29929365019633297
342,batt_kup114,1,114,battery,0.09716997844087438,0.0,0.09716997844087438,0.06360811361736579
343,pltd_kup115,1,115,diesel,0.06074945577176698,0.1279,-0.06715054422823304,0.225156947365125
344,plts_kup115,1,115,solar,0.21312800417840258,0.0,0.21312800417840258,0.3014757022195979
345,batt_kup115,1,115,battery,0.09788075224475885,0.0,0.09788075224475885,0.06407341447826831
346,pltd_kup116,1,116,diesel,0.06757399820095804,0.1309,-0.06332600179904195,0.24209614205958915
347,plts_kup116,1,116,solar,0.21733048775401323,0.0,0.21733048775401323,0.2953490392207175
348,batt_kup116,1,116,battery,0.08563670526034456,0.0,0.08563670526034456,0.05529663982450833
349,pltd_kup117,1,117,diesel,0.09921394026355497,0.1922,-0.09298605973644504,0.35545350416575117
350,plts_kup117,1,117,solar,0.3190931661874405,0.0,0.3190931661874405,0.4336433892436184
351,batt_kup117,1,117,battery,0.12573570383240992,0.0,0.12573570383240992,0.0811890285673289
352,pltd_kup118,1,118,diesel,0.06499517350505625,0.1368,-0.07180482649494375,0.24089241914763532
353,plts_kup118,1,118,solar,0.2280206446399647,0.0,0.2280206446399647,0.32254105624159607
354,batt_kup118,1,118,battery,0.10471840630700484,0.0,0.10471840630700484,0.06854946907440969
355,pltd_kup119,1,119,diesel,0.05474763542570827,0.1152,-0.06045236457429173,0.20291212586562407
356,plts_kup119,1,119,solar,0.192072643922902,0.0,0.192072643922902,0.2716920988785063
357,batt_kup119,1,119,battery,0.08821124285384072,0.0,0.08821124285384072,0.057743725843530706
358,pltd_kup120,1,120,diesel,0.07154877638238118,0.1386,-0.06705122361761882,0.2563368274751503
359,plts_kup120,1,120,solar,0.23011526551465772,0.0,0.23011526551465772,0.3127232752670085
360,batt_kup120,1,120,battery,0.09067472629312417,0.0,0.09067472629312417,0.05854975216925768
361,pltd_kup121,1,121,diesel,0.09873668377579312,0.1913,-0.09256331622420688,0.35374330983550684
362,plts_kup121,1,121,solar,0.31756085450468086,0.0,0.31756085450468086,0.43155983228700506
363,batt_kup121,1,121,battery,0.12513245996420483,0.0,0.12513245996420483,0.08079960568808457
364,pltd_kup122,1,122,diesel,0.07393262538470267,0.1433,-0.06936737461529734,0.264879463658163
365,plts_kup122,1,122,solar,0.2377875641705009,0.0,0.2377875641705009,0.32314983053266855
366,batt_kup122,1,122,battery,0.09369968552419912,0.0,0.09369968552419912,0.060503034340789436
367,pltd_kup123,1,123,diesel,0.06916265158925976,0.134,-0.06483734841074025,0.2477898564990699
368,plts_kup123,1,123,solar,0.2224465468667973,0.0,0.2224465468667973,0.30230154879473725
369,batt_kup123,1,123,battery,0.08765467360200364,0.0,0.08765467360200364,0.05659969400579903
370,pltd_kup124,1,124,diesel,0.07234357320599893,0.1402,-0.06785642679400106,0.2591852752212199
371,plts_kup124,1,124,solar,0.23267150503759265,0.0,0.23267150503759265,0.31619747736282516
372,batt_kup124,1,124,battery,0.09168171715743956,0.0,0.09168171715743956,0.05919998954676022
373,pltd_kup125,1,125,diesel,0.10080316168850802,0.1953,-0.09449683831149198,0.36114764947856964
374,plts_kup125,1,125,solar,0.3242092253911173,0.0,0.3242092253911173,0.4405951949992301
375,batt_kup125,1,125,battery,0.12775321228743095,0.0,0.12775321228743095,0.08249183620128629
376,pltd_kup126,1,126,diesel,0.07727263131413581,0.1497,-0.07242736868586419,0.2768436816302292
377,plts_kup126,1,126,solar,0.2485244862932978,0.0,0.2485244862932978,0.3377413293876785
378,batt_kup126,1,126,battery,0.09792883261761712,0.0,0.09792883261761712,0.0632338009828207
379,pltd_kup127,1,127,diesel,0.13339835382287704,0.2585,-0.12510164617712297,0.4779260170671994
380,plts_kup127,1,127,solar,0.4290365277433443,0.0,0.4290365277433443,0.5830549519294931
381,batt_kup127,1,127,battery,0.16905777928912397,0.0,0.16905777928912397,0.1091625948407143
382,pltd_kup128,1,128,diesel,0.10612952824633666,0.2234,-0.11727047175366333,0.39334894778213914
383,plts_kup128,1,128,solar,0.3723304037774755,0.0,0.3723304037774755,0.5266717587448041
384,batt_kup128,1,128,battery,0.17099328697413446,0.0,0.17099328697413446,0.11193338452168435
385,pltd_kup129,1,129,diesel,0.09236893900634861,0.1944,-0.10203106099365138,0.3423480235025865
386,plts_kup129,1,129,solar,0.32405696268781364,0.0,0.32405696268781364,0.45838769644212485
387,batt_kup129,1,129,battery,0.14882471163520303,0.0,0.14882471163520303,0.09742168337867438
388,pltd_kup130,1,130,diesel,0.08045181505649628,0.1559,-0.07544818494350373,0.288235492361084
389,plts_kup130,1,130,solar,0.2587530245633824,0.0,0.2587530245633824,0.35164130471682375
390,batt_kup130,1,130,battery,0.10195986282670372,0.0,0.10195986282670372,0.06583676498999937
391,pltd_kup131,1,131,diesel,0.09317308300796046,0.1805,-0.08732691699203954,0.3338087402725501
392,plts_kup131,1,131,solar,0.2996600174594771,0.0,0.2996600174594771,0.4072336600295886
393,batt_kup131,1,131,battery,0.11807693037500017,0.0,0.11807693037500017,0.07624365216896496
394,pltd_kup132,1,132,diesel,0.07600081103950432,0.1473,-0.07129918896049567,0.2722871406307232
395,plts_kup132,1,132,solar,0.24443235498335694,0.0,0.24443235498335694,0.33218063812199433
396,batt_kup132,1,132,battery,0.09631599122564614,0.0,0.09631599122564614,0.062192326031246796
397,pltd_kup133,1,133,diesel,0.05167652647763707,0.1226,-0.07092347352236293,0.20276722336757108
398,plts_kup133,1,133,solar,0.20590397927905896,0.0,0.20590397927905896,0.30440152708567586
399,batt_kup133,1,133,battery,0.11067274390491834,0.0,0.11067274390491834,0.07306898850440363
400,pltd_kup134,1,134,diesel,0.09105023477872788,0.1916,-0.10054976522127211,0.3374624403669095
401,plts_kup134,1,134,solar,0.31943672048755406,0.0,0.31943672048755406,0.4518523267271017
402,batt_kup134,1,134,battery,0.14670500990575333,0.0,0.14670500990575333,0.09603414598496708
403,pltd_kup135,1,135,diesel,0.1351136628516782,0.2844,-0.1492863371483218,0.5007728056693919
404,plts_kup135,1,135,solar,0.47401528328838155,0.0,0.47401528328838155,0.6705087687736496
405,batt_kup135,1,135,battery,0.21769406445485925,0.0,0.21769406445485925,0.14250393812255632
406,pltd_kup136,1,136,diesel,0.06587335460255613,0.1386,-0.07272664539744388,0.24414708758200535
407,plts_kup136,1,136,solar,0.23110200458564012,0.0,0.23110200458564012,0.32690043842622013
408,batt_kup136,1,136,battery,0.10613479404763321,0.0,0.10613479404763321,0.06947653856824496
409,pltd_kup137,1,137,diesel,0.030484845972668036,0.0613,-0.030815154027331964,0.11150885714358398
410,plts_kup137,1,137,solar,0.10016686212225018,0.0,0.10016686212225018,0.14046308624711265
411,batt_kup137,1,137,battery,0.04262851267771722,0.0,0.04262851267771722,0.02764856877969708
412,pltd_kup138,1,138,diesel,0.029743048698876395,0.0591,-0.029356951301123604,0.10858872197547308
413,plts_kup138,1,138,solar,0.09595519119624525,0.0,0.09595519119624525,0.13448529077049284
414,batt_kup138,1,138,battery,0.04086211119713356,0.0,0.04086211119713356,0.026485583788578678
415,pltd_kup139,1,139,diesel,0.10363867018228112,0.2061,-0.10246132981771888,0.37836912773005815
416,plts_kup139,1,139,solar,0.3343391305389368,0.0,0.3343391305389368,0.46859071863535495
417,batt_kup139,1,139,battery,0.1423723737760555,0.0,0.1423723737760555,0.09228140180215144
418,pltd_kup140,1,140,diesel,0.019984856087186847,0.0397,-0.019715143912813152,0.07296082557841316
419,plts_kup140,1,140,solar,0.06446750429430771,0.0,0.06446750429430771,0.09035442670483027
420,batt_kup140,1,140,battery,0.02745113104866366,0.0,0.02745113104866366,0.01779294589581585
421,pltd_kup141,1,141,diesel,0.044615663150038086,0.0887,-0.044084336849961915,0.16288522781658418
422,plts_kup141,1,141,solar,0.1439310874305899,0.0,0.1439310874305899,0.20172543936766663
423,batt_kup141,1,141,battery,0.061290839780927614,0.0,0.061290839780927614,0.039726813572537115
424,pltd_kup142,1,142,diesel,0.057301765889472375,0.1217,-0.06439823411052763,0.21679459850016852
425,plts_kup142,1,142,solar,0.19926153735782298,0.0,0.19926153735782298,0.284341989285081
426,batt_kup142,1,142,battery,0.09314003689717415,0.0,0.09314003689717415,0.06034389382440086
427,pltd_kup143,1,143,diesel,0.07194674769558661,0.1577,-0.0857532523044134,0.2772665742322654
428,plts_kup143,1,143,solar,0.2535571728366613,0.0,0.2535571728366613,0.37312065382177007
429,batt_kup143,1,143,battery,0.12736495590681773,0.0,0.12736495590681773,0.08269627421660536
430,pltd_kup144,1,144,diesel,0.05396067476834003,0.1183,-0.06433932523165997,0.20795071583704056
431,plts_kup144,1,144,solar,0.19016707758536563,0.0,0.19016707758536563,0.2798392172615258
432,batt_kup144,1,144,battery,0.09552236905461936,0.0,0.09552236905461936,0.06202127683796987
433,pltd_kup145,1,145,diesel,0.05494491825016384,0.1205,-0.06555508174983615,0.21174253673452845
434,plts_kup145,1,145,solar,0.1936328443097415,0.0,0.1936328443097415,0.2849392862006111
435,batt_kup145,1,145,battery,0.09726227621982605,0.0,0.09726227621982605,0.063150974290148
436,pltd_kup146,1,146,diesel,0.04834075819388037,0.106,-0.05765924180611963,0.1862912711596738
437,plts_kup146,1,146,solar,0.1703562664194952,0.0,0.1703562664194952,0.2506870060806079
438,batt_kup146,1,146,battery,0.08556983004807461,0.0,0.08556983004807461,0.05555920230304659
439,pltd_kup147,1,147,diesel,0.022428161752046673,0.0462,-0.023771838247953325,0.08333778212443724
440,plts_kup147,1,147,solar,0.07538773414022897,0.0,0.07538773414022897,0.10679625654507688
441,batt_kup147,1,147,battery,0.03398767350516495,0.0,0.03398767350516495,0.021973437203757978
442,pltd_kup148,1,148,diesel,0.02215276955816373,0.0441,-0.02194723044183627,0.08087668114862354
443,plts_kup148,1,148,solar,0.07146590103959441,0.0,0.07146590103959441,0.10016291520961523
444,batt_kup148,1,148,battery,0.03043320695442926,0.0,0.03043320695442926,0.019725831537127675
445,pltd_kup149,1,149,diesel,0.042314585708827304,0.0872,-0.044885414291172696,0.15723011157135497
446,plts_kup149,1,149,solar,0.1422315246359816,0.0,0.1422315246359816,0.20148945171610888
447,batt_kup149,1,149,battery,0.0641244158988311,0.0,0.0641244158988311,0.041457111500160335
448,pltd_kup150,1,150,diesel,0.08134171277899677,0.1676,-0.08625828722100323,0.3022415176816232
449,plts_kup150,1,150,solar,0.2734030931563446,0.0,0.2734030931563446,0.38731102365726316
450,batt_kup150,1,150,battery,0.12325835186231042,0.0,0.12325835186231042,0.07968775912443461
451,pltd_kup151,1,151,diesel,0.050347845014380006,0.1001,-0.04975215498561999,0.18381188564310677
452,plts_kup151,1,151,solar,0.16242126509045599,0.0,0.16242126509045599,0.22764038760935887
453,batt_kup151,1,151,battery,0.06916347263162201,0.0,0.06916347263162201,0.0448296603784784
454,pltd_kup152,1,152,diesel,0.07444828891823867,0.1497,-0.07525171108176133,0.2723244029565242
455,plts_kup152,1,152,solar,0.24463176954252455,0.0,0.24463176954252455,0.34304454725896577
456,batt_kup152,1,152,battery,0.10411263580357351,0.0,0.10411263580357351,0.06752690924891767
457,pltd_kup153,1,153,diesel,0.0310972198797596,0.0625,-0.0314027801202404,0.11374978725897382
458,plts_kup153,1,153,solar,0.10218027382813524,0.0,0.10218027382813524,0.14328673246241846
459,batt_kup153,1,153,battery,0.043486110195606734,0.0,0.043486110195606734,0.028204820663702227
460,pltd_kup154,1,154,diesel,0.04949380056724345,0.102,-0.05250619943275654,0.18390207509527998
461,plts_kup154,1,154,solar,0.16635251497282366,0.0,0.16635251497282366,0.23565960737788894
462,batt_kup154,1,154,battery,0.07499507059551944,0.0,0.07499507059551944,0.04848510513030795
463,pltd_kup155,1,155,diesel,0.05875299430615317,0.1248,-0.06604700569384683,0.22228401194473515
464,plts_kup155,1,155,solar,0.2043049476992797,0.0,0.2043049476992797,0.2915392239418664
465,batt_kup155,1,155,battery,0.09549667154364498,0.0,0.09549667154364498,0.06187066074430638
466,pltd_kup156,1,156,diesel,0.03757163278663212,0.0798,-0.042228367213367875,0.1421491985311998
467,plts_kup156,1,156,solar,0.1306567469973575,0.0,0.1306567469973575,0.1864443310897591
468,batt_kup156,1,156,battery,0.06107413666491108,0.0,0.06107413666491108,0.039568956179562
469,pltd_kup157,1,157,diesel,0.07730430625276934,0.1593,-0.08199569374723066,0.2872401847752776
470,plts_kup157,1,157,solar,0.25983330149637107,0.0,0.25983330149637107,0.3680878781776568
471,batt_kup157,1,157,battery,0.11714108654377538,0.0,0.11714108654377538,0.07573286656715068
472,pltd_kup158,1,158,diesel,0.039168459215962424,0.0832,-0.04403154078403757,0.1481884235190673
473,plts_kup158,1,158,solar,0.13620449827089873,0.0,0.13620449827089873,0.19436060341952352
474,batt_kup158,1,158,battery,0.06366546866317406,0.0,0.06366546866317406,0.041247806970270674
475,pltd_kup159,1,159,diesel,0.03680163608942311,0.0721,-0.035298363910576884,0.13421957523546885
476,plts_kup159,1,159,solar,0.11740063102588308,0.0,0.11740063102588308,0.16170668612128988
477,batt_kup159,1,159,battery,0.047216732321947306,0.0,0.047216732321947306,0.03051658912687841
478,pltd_kup160,1,160,diesel,0.0803914591970072,0.1756,-0.0952085408029928,0.30959084442055024
479,plts_kup160,1,160,solar,0.27964285629843133,0.0,0.27964285629843133,0.414194855317476
480,batt_kup160,1,160,battery,0.13946594619876881,0.0,0.13946594619876881,0.09052928053967776
481,pltd_kup161,1,161,diesel,0.0777561090438957,0.1651,-0.0873438909561043,0.2941807016649436
482,plts_kup161,1,161,solar,0.2703916352062549,0.0,0.2703916352062549,0.385842816613372
483,batt_kup161,1,161,battery,0.12638893058850698,0.0,0.12638893058850698,0.08188523638592494
484,pltd_kup162,1,162,diesel,0.05483646709694701,0.1165,-0.061663532903052994,0.20746509171082
485,plts_kup162,1,162,solar,0.1906841373483163,0.0,0.1906841373483163,0.2721029557779841
486,batt_kup162,1,162,battery,0.08913009373830863,0.0,0.08913009373830863,0.05774578920485963
487,pltd_kup163,1,163,diesel,0.04510734299741486,0.0989,-0.05379265700258514,0.17383327080977976
488,plts_kup163,1,163,solar,0.15896874726378213,0.0,0.15896874726378213,0.23392941614825666
489,batt_kup163,1,163,battery,0.07985148091644044,0.0,0.07985148091644044,0.051846405324537104
490,pltd_kup164,1,164,diesel,0.04149027706484619,0.0881,-0.04660972293515381,0.15697159177374165
491,plts_kup164,1,164,solar,0.14427395515385055,0.0,0.14427395515385055,0.20587580642559453
492,batt_kup164,1,164,battery,0.0674362684700392,0.0,0.0674362684700392,0.04369082919435455
493,pltd_kup165,1,165,diesel,0.04552886284071735,0.0998,-0.05427113715928265,0.17545775113851803
494,plts_kup165,1,165,solar,0.16045407584583626,0.0,0.16045407584583626,0.2361153443216484
495,batt_kup165,1,165,battery,0.08059781253697551,0.0,0.08059781253697551,0.0523309711862348
496,pltd_kup166,1,166,diesel,0.04569678524645501,0.097,-0.05130321475354499,0.17288755502742167
497,plts_kup166,1,166,solar,0.15890344730721362,0.0,0.15890344730721362,0.22675215084835468
498,batt_kup166,1,166,battery,0.07427500091040415,0.0,0.07427500091040415,0.048121453831464295
499,pltd_kup167,1,167,diesel,0.027417849915422426,0.0582,-0.030782150084577575,0.10373226644498677
500,plts_kup167,1,167,solar,0.09534206852891806,0.0,0.09534206852891806,0.1360515918226018
501,batt_kup167,1,167,battery,0.044565276696977116,0.0,0.044565276696977116,0.028873113978954135
502,pltd_kup168,1,168,diesel,0.04876055545554915,0.1069,-0.058139444544450844,0.18791243423642623
503,plts_kup168,1,168,solar,0.17184480996927462,0.0,0.17184480996927462,0.25287756052684246
504,batt_kup168,1,168,battery,0.08632064359687242,0.0,0.08632064359687242,0.05604670739843718
505,pltd_kup169,1,169,diesel,0.16734574803054966,0.3466,-0.17925425196945036,0.6182841115637401
506,plts_kup169,1,169,solar,0.5725939284266262,0.0,0.5725939284266262,0.8083169905078921
507,batt_kup169,1,169,battery,0.2589049695890979,0.0,0.2589049695890979,0.16808571218288712
508,pltd_kup170,1,170,diesel,0.12346379898106082,0.2557,-0.13223620101893918,0.4561560220331473
509,plts_kup170,1,170,solar,0.42244786135172807,0.0,0.42244786135172807,0.5963590476320004
510,batt_kup170,1,170,battery,0.19101480360955608,0.0,0.19101480360955608,0.12401023757600325
511,pltd_kup171,1,171,diesel,0.10888708451795792,0.2255,-0.11661291548204208,0.4022985973230965
512,plts_kup171,1,171,solar,0.37256648211423204,0.0,0.37256648211423204,0.5259435163302714
513,batt_kup171,1,171,battery,0.16845929079905558,0.0,0.16845929079905558,0.1093666831026827
514,pltd_kup172,1,172,diesel,0.046410461234223696,0.0961,-0.04968953876577631,0.17146999315727046
515,plts_kup172,1,172,solar,0.15880002297994225,0.0,0.15880002297994225,0.22417396517911714
516,batt_kup172,1,172,battery,0.07180393376302253,0.0,0.07180393376302253,0.046616347055695936
517,pltd_kup173,1,173,diesel,0.08820926780208505,0.1827,-0.09449073219791496,0.3259032213973662
518,plts_kup173,1,173,solar,0.30182215552572556,0.0,0.30182215552572556,0.42607430413944014
519,batt_kup173,1,173,battery,0.13647290102949267,0.0,0.13647290102949267,0.08860070840915857
520,pltd_kup174,1,174,diesel,0.0900728068693122,0.1811,-0.09102719313068781,0.32947824387532765
521,plts_kup174,1,174,solar,0.2959745162926554,0.0,0.2959745162926554,0.41504215247078075
522,batt_kup174,1,174,battery,0.12596423051840483,0.0,0.12596423051840483,0.08169979467263982
523,pltd_kup175,1,175,diesel,0.07273951754853691,0.1506,-0.0778604824514631,0.2687471561848903
524,plts_kup175,1,175,solar,0.24888766222375186,0.0,0.24888766222375186,0.351349055531423
525,batt_kup175,1,175,battery,0.1125381240267072,0.0,0.1125381240267072,0.07306170582546286
526,pltd_kup176,1,176,diesel,0.04685649565537842,0.097,-0.05014350434462158,0.17311898052574362
527,plts_kup176,1,176,solar,0.1603265800803325,0.0,0.1603265800803325,0.2263288728024003
528,batt_kup176,1,176,battery,0.07249379594934552,0.0,0.07249379594934552,0.047064266307327685
529,pltd_kup177,1,177,diesel,0.15395818787500354,0.3189,-0.16494181212499648,0.5688212890111126
530,plts_kup177,1,177,solar,0.5267868297102926,0.0,0.5267868297102926,0.7436521277068798
531,batt_kup177,1,177,battery,0.2381927126443725,0.0,0.2381927126443725,0.1546389530366028
532,pltd_kup178,1,178,diesel,0.058607805253027195,0.1214,-0.0627921947469728,0.21653591439352946
533,plts_kup178,1,178,solar,0.20053630204282658,0.0,0.20053630204282658,0.28309208302192274
534,batt_kup178,1,178,battery,0.0906756372601171,0.0,0.0906756372601171,0.05886822235539697
535,pltd_kup179,1,179,diesel,0.05688487574834614,0.1041,-0.047215124251653855,0.19876491845910046
536,plts_kup179,1,179,solar,0.17041649164358894,0.0,0.17041649164358894,0.22777201681502415
537,batt_kup179,1,179,battery,0.060270278793845423,0.0,0.060270278793845423,0.039054339274665284
538,pltd_kup180,1,180,diesel,0.0669232978111549,0.1331,-0.0661767021888451,0.2443273611568601
539,plts_kup180,1,180,solar,0.2158966258914879,0.0,0.2158966258914879,0.3025884459589013
540,batt_kup180,1,180,battery,0.09193625314844875,0.0,0.09193625314844875,0.05959028448103463
541,pltd_kup181,1,181,diesel,0.06305062682669697,0.1254,-0.06234937317330304,0.23018798943686
542,plts_kup181,1,181,solar,0.20340216027710406,0.0,0.20340216027710406,0.28507720046086166
543,batt_kup181,1,181,battery,0.08661569555255152,0.0,0.08661569555255152,0.05614159694128818
544,pltd_kup182,1,182,diesel,0.12083876104532289,0.2212,-0.10036123895467712,0.42222853750746325
545,plts_kup182,1,182,solar,0.36200961917639407,0.0,0.36200961917639407,0.48384752245634133
546,batt_kup182,1,182,battery,0.12802944250840284,0.0,0.12802944250840284,0.08296139509893373
547,pltd_kup183,1,183,diesel,0.08009109626734147,0.1593,-0.07920890373265853,0.2924008386195708
548,plts_kup183,1,183,solar,0.2583764495882491,0.0,0.2583764495882491,0.3621255333143028
549,batt_kup183,1,183,battery,0.1100255755028954,0.0,0.1100255755028954,0.07131521499743303
550,pltd_kup184,1,184,diesel,0.043436051816163536,0.09,-0.04656394818383646,0.16048005215732256
551,plts_kup184,1,184,solar,0.1486195139495919,0.0,0.1486195139495919,0.2098027665856802
552,batt_kup184,1,184,battery,0.06719938901085042,0.0,0.06719938901085042,0.04362703565641922
553,pltd_kup185,1,185,diesel,0.09401088187946485,0.1947,-0.10068911812053516,0.3473376851904405
554,plts_kup185,1,185,solar,0.3216708597548676,0.0,0.3216708597548676,0.45409507195946547
555,batt_kup185,1,185,battery,0.14544749326636486,0.0,0.14544749326636486,0.0944271186276861
556,pltd_kup186,1,186,diesel,0.060923636213822734,0.1115,-0.05057636378617727,0.21287740439250932
557,plts_kup186,1,186,solar,0.1825184343106532,0.0,0.1825184343106532,0.24394663559714466
558,batt_kup186,1,186,battery,0.06455072413081936,0.0,0.06455072413081936,0.041828051845932405
559,pltd_kup187,1,187,diesel,0.03753094240562057,0.0687,-0.031169057594379428,0.1311387090669729
560,plts_kup187,1,187,solar,0.11243412670725722,0.0,0.11243412670725722,0.15027502618260594
561,batt_kup187,1,187,battery,0.039763210290071405,0.0,0.039763210290071405,0.02576601496421841
562,pltd_kup188,1,188,diesel,0.5330882794479248,1.0721,-0.5390117205520752,1.9499824581238183
563,plts_kup188,1,188,solar,1.7516771874285197,0.0,1.7516771874285197,2.4563611663026106
564,batt_kup188,1,188,battery,0.7454906299268073,0.0,0.7454906299268073,0.4835214529403567
565,pltd_kup189,1,189,diesel,0.4914229951137783,0.9883,-0.49687700488622166,1.7975735148852132
566,plts_kup189,1,189,solar,1.6147607044561025,0.0,1.6147607044561025,2.2643652417721714
567,batt_kup189,1,189,battery,0.687217974248452,0.0,0.687217974248452,0.44572604356549755
568,pltd_kup190,1,190,diesel,1.565566604789676,3.1485,-1.582933395210324,5.72668004501664
569,plts_kup190,1,190,solar,5.144286443561796,0.0,5.144286443561796,7.213788317585022
570,batt_kup190,1,190,battery,2.1893351568206376,0.0,2.1893351568206376,1.4199916237382655
571,pltd_kup191,1,191,diesel,0.2927398763178647,0.5887,-0.2959601236821353,1.0708117296999187
572,plts_kup191,1,191,solar,0.9619100772825405,0.0,0.9619100772825405,1.3488786626306573
573,batt_kup191,1,191,battery,0.40937479906278734,0.0,0.40937479906278734,0.2655183905724183
574,pltd_kup192,1,192,diesel,0.09022715939329391,0.1815,-0.09127284060670608,0.33004166033714455
575,plts_kup192,1,192,solar,0.29647525344139797,0.0,0.29647525344139797,0.41574448245878737
576,batt_kup192,1,192,battery,0.12617469119575286,0.0,0.12617469119575286,0.08183628926738484
577,pltd_kup193,1,193,diesel,0.06970090346413461,0.1402,-0.07049909653586538,0.2549576447120814
578,plts_kup193,1,193,solar,0.22902371804732785,0.0,0.22902371804732785,0.3211585814957428
579,batt_kup193,1,193,battery,0.09746716241884908,0.0,0.09746716241884908,0.06321671617514853
580,pltd_kup194,1,194,diesel,0.05208259522271491,0.1047,-0.05261740477728509,0.1905133766327922
581,plts_kup194,1,194,solar,0.17114298853084384,0.0,0.17114298853084384,0.23999140145628362
582,batt_kup194,1,194,battery,0.07283734159805891,0.0,0.07283734159805891,0.04724196411685721
583,pltd_kup195,1,195,diesel,0.15640352158316023,0.3145,-0.15809647841683977,0.572107438330643
584,plts_kup195,1,195,solar,0.5139252164922915,0.0,0.5139252164922915,0.7206730018533665
585,batt_kup195,1,195,battery,0.2187195423341575,0.0,0.2187195423341575,0.14186034511635992
586,pltd_kup196,1,196,diesel,0.030636041192893062,0.0616,-0.03096395880710694,0.11206579953269165
587,plts_kup196,1,196,solar,0.10067357811043998,0.0,0.10067357811043998,0.14117307090375247
588,batt_kup196,1,196,battery,0.042847187432491045,0.0,0.042847187432491045,0.027790563298255983
589,pltd_kup197,1,197,diesel,0.04527265785271841,0.0829,-0.03762734214728159,0.15818886133400395
590,plts_kup197,1,197,solar,0.13562777326508377,0.0,0.13562777326508377,0.1812745961531409
591,batt_kup197,1,197,battery,0.047966374512800176,0.0,0.047966374512800176,0.031081569251005355
592,pltd_kup198,1,198,diesel,0.10141041592140872,0.2039,-0.10248958407859128,0.3709475736461056
593,plts_kup198,1,198,solar,0.3332188966810796,0.0,0.3332188966810796,0.46727032594517987
594,batt_kup198,1,198,battery,0.1418115416510065,0.0,0.1418115416510065,0.09197820454877653
595,pltd_kup199,1,199,diesel,0.17172161208398598,0.3453,-0.17357838791601402,0.6281401999294247
596,plts_kup199,1,199,solar,0.5642620048588748,0.0,0.5642620048588748,0.7912591649127789
597,batt_kup199,1,199,battery,0.2401426751906815,0.0,0.2401426751906815,0.15575532740130643
598,pltd_kup200,1,200,diesel,0.20925183293290664,0.4208,-0.21154816706709337,0.7654225132408222
599,plts_kup200,1,200,solar,0.6875853426897764,0.0,0.6875853426897764,0.964194411369584
600,batt_kup200,1,200,battery,0.29262858844829825,0.0,0.29262858844829825,0.1897974001635997
601,pltd_kup201,1,201,diesel,0.0960472478611994,0.1932,-0.0971527521388006,0.3513321913338639
602,plts_kup201,1,201,solar,0.31560490709290584,0.0,0.31560490709290584,0.4425698929341697
603,batt_kup201,1,201,battery,0.13431781841954438,0.0,0.13431781841954438,0.08711793144741631
604,pltd_kup202,1,202,diesel,0.035079700752900685,0.0705,-0.03542029924709931,0.12831844887459146
605,plts_kup202,1,202,solar,0.11526819743057796,0.0,0.11526819743057796,0.16163949727083968
606,batt_kup202,1,202,battery,0.04905623102833619,0.0,0.04905623102833619,0.03181764938242523
607,pltd_kup203,1,203,diesel,0.2207408365231024,0.4439,-0.22315916347689763,0.8074482091263997
608,plts_kup203,1,203,solar,0.725336439236397,0.0,0.725336439236397,1.0171324523858667
609,batt_kup203,1,203,battery,0.3086945745490733,0.0,0.3086945745490733,0.20021775499565106
610,pltd_kup204,1,204,diesel,0.17677742424094783,0.3555,-0.17872257575905215,0.6466326418270147
611,plts_kup204,1,204,solar,0.580871530703859,0.0,0.580871530703859,0.814551381072925
612,batt_kup204,1,204,battery,0.24721090999606224,0.0,0.24721090999606224,0.1603396837392528
613,pltd_kup205,1,205,diesel,0.21001872862388524,0.4224,-0.21238127137611476,0.7682268886770999
614,plts_kup205,1,205,solar,0.69009949158234,0.0,0.69009949158234,0.9677204006581006
615,batt_kup205,1,205,battery,0.29369618669623615,0.0,0.29369618669623615,0.19048987494835398
616,pltd_kup206,1,206,diesel,0.1493565385970852,0.3004,-0.1510434614029148,0.5463310979521937
617,plts_kup206,1,206,solar,0.490771728798107,0.0,0.490771728798107,0.688204676971921
618,batt_kup206,1,206,battery,0.2088657870389893,0.0,0.2088657870389893,0.1354693164609811
619,pltd_kup207,1,207,diesel,0.1827520646174518,0.3675,-0.1847479353825482,0.6684868444742741
620,plts_kup207,1,207,solar,0.6005019215362654,0.0,0.6005019215362654,0.8420784502361679
621,batt_kup207,1,207,battery,0.2555644979376296,0.0,0.2555644979376296,0.16575779038939975
622,pltd_kup208,1,208,diesel,0.25398262179583825,0.5108,-0.2568173782041618,0.9290436859321374
623,plts_kup208,1,208,solar,0.8345629053978052,0.0,0.8345629053978052,1.170300651665429
624,batt_kup208,1,208,battery,0.3551791777204967,0.0,0.3551791777204967,0.23036743811437752
625,pltd_kup209,1,209,diesel,0.07230414483559976,0.1454,-0.07309585516440024,0.26447999659573723
626,plts_kup209,1,209,solar,0.23758408108636936,0.0,0.23758408108636936,0.33316165871371023
627,batt_kup209,1,209,battery,0.10111254755019236,0.0,0.10111254755019236,0.06558103177080157
628,pltd_kup210,1,210,diesel,0.15640352158316032,0.3145,-0.1580964784168397,0.5721074383306436
629,plts_kup210,1,210,solar,0.5139252164922914,0.0,0.5139252164922914,0.720673001853366
630,batt_kup210,1,210,battery,0.21871954233415736,0.0,0.21871954233415736,0.1418603451163597
631,pltd_kup211,1,211,diesel,0.05217602678308856,0.1097,-0.057523973216911446,0.1945769435621895
632,plts_kup211,1,211,solar,0.1820742467788216,0.0,0.1820742467788216,0.25695183242975006
633,batt_kup211,1,211,battery,0.08190942351342738,0.0,0.08190942351342738,0.05362926623137931
634,pltd_kup212,1,212,diesel,0.10552558575708103,0.2218,-0.11627441424291897,0.3935276941817707
635,plts_kup212,1,212,solar,0.36823762287288797,0.0,0.36823762287288797,0.5196747293315485
636,batt_kup212,1,212,battery,0.16565680185168336,0.0,0.16565680185168336,0.10846188434794321
637,pltd_kup213,1,213,diesel,0.06534672819834535,0.1266,-0.06125327180165464,0.2341188308942057
638,plts_kup213,1,213,solar,0.21017373306275997,0.0,0.21017373306275997,0.2856225767016002
639,batt_kup213,1,213,battery,0.08281829611283073,0.0,0.08281829611283073,0.05347683798690497
640,pltd_kup214,1,214,diesel,0.0458736567259594,0.0964,-0.0505263432740406,0.17107413313079856
641,plts_kup214,1,214,solar,0.16008168227855843,0.0,0.16008168227855843,0.22591533783276713
642,batt_kup214,1,214,battery,0.07201628926739627,0.0,0.07201628926739627,0.047151845222815916
643,pltd_kup215,1,215,diesel,0.056280360096473456,0.1183,-0.06201963990352655,0.20988154728984376
644,plts_kup215,1,215,solar,0.19639340447870263,0.0,0.19639340447870263,0.27715987670929876
645,batt_kup215,1,215,battery,0.08835027239415012,0.0,0.08835027239415012,0.05784632529276384
646,pltd_kup216,1,216,diesel,0.05041713722708342,0.106,-0.055582862772916575,0.1880174603450773
647,plts_kup216,1,216,solar,0.17593695342782656,0.0,0.17593695342782656,0.24829079929049172
648,batt_kup216,1,216,battery,0.07914918271571038,0.0,0.07914918271571038,0.05182201682433514
649,pltd_kup217,1,217,diesel,0.07766513602875846,0.1562,-0.07853486397124154,0.2840925319263695
650,plts_kup217,1,217,solar,0.25520106012554633,0.0,0.25520106012554633,0.3578663786055983
651,batt_kup217,1,217,battery,0.10861037785903396,0.0,0.10861037785903396,0.07044421073849849
652,pltd_kup218,1,218,diesel,0.03063179398381181,0.0644,-0.033768206016188185,0.11423321572796563
653,plts_kup218,1,218,solar,0.10689060765228067,0.0,0.10689060765228067,0.15084910282631855
654,batt_kup218,1,218,battery,0.0480852808500717,0.0,0.0480852808500717,0.0314833445695079
655,pltd_kup219,1,219,diesel,0.039864293676276974,0.0838,-0.043935706323723026,0.14866466466462405
656,plts_kup219,1,219,solar,0.13911319163762018,0.0,0.13911319163762018,0.19632330751722826
657,batt_kup219,1,219,battery,0.06258313530074865,0.0,0.06258313530074865,0.040975655318760004
658,pltd_kup220,1,220,diesel,0.0753341379330219,0.1583,-0.08296586206697809,0.28093635476238116
659,plts_kup220,1,220,solar,0.2628795567857851,0.0,0.2628795567857851,0.37098843150644123
660,batt_kup220,1,220,battery,0.11825891980798407,0.0,0.11825891980798407,0.07742863902988752
661,pltd_kup221,1,221,diesel,0.01655810904595691,0.1045,-0.08794189095404309,0.02756018145538571
662,plts_kup221,1,221,solar,0.475056153000124,0.0,0.475056153000124,0.686197230437118
663,batt_kup221,1,221,battery,0.45428673196678954,0.0,0.45428673196678954,0.29444684858323555
664,pltd_kup222,1,222,diesel,0.015344378744439561,0.0968,-0.08145562125556044,0.02553983398440843
665,plts_kup222,1,222,solar,0.4402370216017604,0.0,0.4402370216017604,0.6359024071136112
666,batt_kup222,1,222,battery,0.42099002383769635,0.0,0.42099002383769635,0.27286560729118886
667,pltd_kup223,1,223,diesel,0.20860263172183194,0.4042,-0.19559736827816807,0.7473607945956026
668,plts_kup223,1,223,solar,0.6709162200115611,0.0,0.6709162200115611,0.91176569786979
669,batt_kup223,1,223,battery,0.26437076218732464,0.0,0.26437076218732464,0.17070735972184276
670,pltd_kup224,1,224,diesel,0.37014277453509953,0.7172,-0.3470572254649004,1.3261112996251456
671,plts_kup224,1,224,solar,1.1904665392297562,0.0,1.1904665392297562,1.6178268214934073
672,batt_kup224,1,224,battery,0.46909536831787024,0.0,0.46909536831787024,0.302900559337644
673,pltd_kup225,1,225,diesel,0.20229606370991102,0.3703,-0.168003936290089,0.7068519886433817
674,plts_kup225,1,225,solar,0.606037515187356,0.0,0.606037515187356,0.8100057744333348
675,batt_kup225,1,225,battery,0.2143323330024327,0.0,0.2143323330024327,0.13888448702496037
676,pltd_kup226,1,226,diesel,0.10525519630559114,0.2039,-0.09864480369440885,0.3770982483294022
677,plts_kup226,1,226,solar,0.3385263149438299,0.0,0.3385263149438299,0.4600525449207132
678,batt_kup226,1,226,battery,0.13339447732530538,0.0,0.13339447732530538,0.08613440461653016
679,pltd_kup227,1,227,diesel,0.06518841136607376,0.1263,-0.06111158863392624,0.23355040072725347
680,plts_kup227,1,227,solar,0.2096617691098466,0.0,0.2096617691098466,0.28492702596730035
681,batt_kup227,1,227,battery,0.08261573257396614,0.0,0.08261573257396614,0.05334599494886942
682,pltd_kup228,1,228,diesel,0.19238531702023792,0.3728,-0.1804146829797621,0.6892587394740961
683,plts_kup228,1,228,solar,0.6187567605687481,0.0,0.6187567605687481,0.8408812289686698
684,batt_kup228,1,228,battery,0.24381707688693857,0.0,0.24381707688693857,0.15743564398613927
685,pltd_kup229,1,229,diesel,0.19455434689989676,0.3561,-0.16154565310010327,0.6798015632202551
686,plts_kup229,1,229,solar,0.5828438711826508,0.0,0.5828438711826508,0.7790062925391654
687,batt_kup229,1,229,battery,0.2061291723356462,0.0,0.2061291723356462,0.13356891849614655
688,pltd_kup230,1,230,diesel,0.23165707513089387,0.4489,-0.21724292486910615,0.8299580172778382
689,plts_kup230,1,230,solar,0.7450650678976427,0.0,0.7450650678976427,1.0125324818859214
690,batt_kup230,1,230,battery,0.2935883720502453,0.0,0.2935883720502453,0.18957354517572528
691,pltd_kup231,1,231,diesel,0.16947642338954572,0.3102,-0.14072357661045426,0.59217713486442
692,plts_kup231,1,231,solar,0.5077223324478063,0.0,0.5077223324478063,0.6786013902545168
693,batt_kup231,1,231,battery,0.17956429426336465,0.0,0.17956429426336465,0.11635525530492757
694,pltd_kup232,1,232,diesel,0.15440445180050283,0.3198,-0.16539554819949714,0.5704705807426463
695,plts_kup232,1,232,solar,0.5283133868419659,0.0,0.5283133868419659,0.7458072765304237
696,batt_kup232,1,232,battery,0.2388830348720481,0.0,0.2388830348720481,0.15508711324427418
697,pltd_kup233,1,233,diesel,0.1194922518764407,0.2187,-0.0992077481235593,0.4175242226636575
698,plts_kup233,1,233,solar,0.3579756380134318,0.0,0.3579756380134318,0.47845616282872266
699,batt_kup233,1,233,battery,0.12660278034460606,0.0,0.12660278034460606,0.08203688966739424
700,pltd_kup234,1,234,diesel,0.3673962785928459,0.6725,-0.3051037214071541,1.283738833457118
701,plts_kup234,1,234,solar,1.1006511511797352,0.0,1.1006511511797352,1.4710863712763704
702,batt_kup234,1,234,battery,0.3892605744710398,0.0,0.3892605744710398,0.25223570320683747
703,pltd_kup235,1,235,diesel,0.1316097814297947,0.2409,-0.1092902185702053,0.45986441274132045
704,plts_kup235,1,235,solar,0.3942779727867191,0.0,0.3942779727867191,0.5269763262659181
705,batt_kup235,1,235,battery,0.13944198580607525,0.0,0.13944198580607525,0.09035650528086193
706,pltd_kup236,1,236,diesel,0.10446016997106433,0.2024,-0.09793983002893566,0.37425040233040074
707,plts_kup236,1,236,solar,0.3359700754018339,0.0,0.3359700754018339,0.45657833628386124
708,batt_kup236,1,236,battery,0.13238702643710235,0.0,0.13238702643710235,0.0854839268628433
709,pltd_kup237,1,237,diesel,0.0535195091017625,0.098,-0.0444804908982375,0.18700516839469944
710,plts_kup237,1,237,solar,0.16033153941848188,0.0,0.16033153941848188,0.21429298315439577
711,batt_kup237,1,237,battery,0.0567022443434743,0.0,0.0567022443434743,0.036742276638094123
712,pltd_kup238,1,238,diesel,0.21321369039154023,0.4131,-0.1998863096084598,0.7638813870756815
713,plts_kup238,1,238,solar,0.6857452735583859,0.0,0.6857452735583859,0.9319180641116614
714,batt_kup238,1,238,battery,0.27021321081614125,0.0,0.27021321081614125,0.17447990514410552
715,pltd_kup239,1,239,diesel,0.04702565512155887,0.0946,-0.04757434487844114,0.1720191265218389
716,plts_kup239,1,239,solar,0.15453495751650914,0.0,0.15453495751650914,0.21670217618691534
717,batt_kup239,1,239,battery,0.06577208046504736,0.0,0.06577208046504736,0.042659599395099904
718,pltd_kup240,1,240,diesel,0.10905675629901487,0.1996,-0.09054324370098513,0.3810626219362381
719,plts_kup240,1,240,solar,0.32671752759374406,0.0,0.32671752759374406,0.43667776892814064
720,batt_kup240,1,240,battery,0.11554980966941554,0.0,0.11554980966941554,0.07487473728490945
721,pltd_kup241,1,241,diesel,0.05358147786955444,0.1038,-0.050218522130445566,0.19196680979693123
722,plts_kup241,1,241,solar,0.17233136393678028,0.0,0.17233136393678028,0.23419602570471285
723,batt_kup241,1,241,battery,0.06790633680784154,0.0,0.06790633680784154,0.043847959678125714
724,pltd_kup242,1,242,diesel,0.12201585234756472,0.2234,-0.10138414765243527,0.4263433498831802
725,plts_kup242,1,242,solar,0.3655402265652187,0.0,0.3655402265652187,0.488566717943095
726,batt_kup242,1,242,battery,0.12927991533192792,0.0,0.12927991533192792,0.08377163582322061
727,pltd_kup243,1,243,diesel,0.08697126438067099,0.1685,-0.08152873561932902,0.3115907003061392
728,plts_kup243,1,243,solar,0.2797184849304298,0.0,0.2797184849304298,0.3801335023521637
729,batt_kup243,1,243,battery,0.11022096009746568,0.0,0.11022096009746568,0.07117096573694505
730,pltd_kup244,1,244,diesel,0.3426779590694831,0.6892,-0.3465220409305169,1.2534811095321723
731,plts_kup244,1,244,solar,1.126005376704299,0.0,1.126005376704299,1.578987513622102
732,batt_kup244,1,244,battery,0.4792125116283687,0.0,0.4792125116283687,0.31081482565251556
733,pltd_kup245,1,245,diesel,0.23069942734505505,0.464,-0.23330057265494497,0.8438737600475444
734,plts_kup245,1,245,solar,0.7580517643170424,0.0,0.7580517643170424,1.0630098441641407
735,batt_kup245,1,245,battery,0.32261555639189704,0.0,0.32261555639189704,0.20924676932117045
736,pltd_kup246,1,246,diesel,0.3612140847913532,0.7264,-0.36518591520864685,1.3212837958735226
737,plts_kup246,1,246,solar,1.186909960976082,0.0,1.186909960976082,1.6643934884852705
738,batt_kup246,1,246,battery,0.5051313330620292,0.0,0.5051313330620292,0.32762562516350674
739,pltd_kup247,1,247,diesel,0.4390325929507311,0.8829,-0.4438674070492689,1.6059360173358694
740,plts_kup247,1,247,solar,1.4426147475023074,0.0,1.4426147475023074,2.0229660730398478
741,batt_kup247,1,247,battery,0.6139562784688237,0.0,0.6139562784688237,0.39820891188585067
742,pltd_kup248,1,248,diesel,0.22196849027245966,0.4464,-0.22443150972754036,0.8119357892092502
743,plts_kup248,1,248,solar,0.7293587785172491,0.0,0.7293587785172491,1.0227740836638306
744,batt_kup248,1,248,battery,0.3104026890351796,0.0,0.3104026890351796,0.20132555407662214
745,pltd_kup249,1,249,diesel,0.3143396546309783,0.6322,-0.3178603453690217,1.1498206882960134
746,plts_kup249,1,249,solar,1.0328817202815128,0.0,1.0328817202815128,1.4484019367735816
747,batt_kup249,1,249,battery,0.43957838835881236,0.0,0.43957838835881236,0.2851082174577243
748,pltd_kup250,1,250,diesel,0.3360901253521536,0.6759,-0.33980987464784634,1.2293847450429107
749,plts_kup250,1,250,solar,1.1043630688540051,0.0,1.1043630688540051,1.5486380030638367
750,batt_kup250,1,250,battery,0.4700029196558041,0.0,0.4700029196558041,0.30484157580832366
751,pltd_kup251,1,251,diesel,0.32199906855501503,0.6476,-0.3256009314449849,1.177838018909167
752,plts_kup251,1,251,solar,1.0580501144777648,0.0,1.0580501144777648,1.4836947022031948
753,batt_kup251,1,251,battery,0.45028949480369435,0.0,0.45028949480369435,0.2920554295431694
754,pltd_kup252,1,252,diesel,0.6397070819483651,1.2865,-0.6467929180516349,2.33998233317453
755,plts_kup252,1,252,solar,2.102009336581822,0.0,2.102009336581822,2.947629504007345
756,batt_kup252,1,252,battery,0.894584974215401,0.0,0.894584974215401,0.5802232732722729
757,pltd_kup253,1,253,diesel,0.04028766682518352,0.081,-0.040712333174816484,0.14736895442011397
758,plts_kup253,1,253,solar,0.13238294436667097,0.0,0.13238294436667097,0.18563935238502882
759,batt_kup253,1,253,battery,0.056340626834394135,0.0,0.056340626834394135,0.03654228129820374
760,pltd_kup254,1,254,diesel,0.047194276344502586,0.0992,-0.05200572365549741,0.1759965583626519
761,plts_kup254,1,254,solar,0.16468286197410992,0.0,0.16468286197410992,0.23240803448393185
762,batt_kup254,1,254,battery,0.07408264517864181,0.0,0.07408264517864181,0.048504814247067665
763,pltd_kup255,1,255,diesel,0.059623272032390685,0.1155,-0.05587672796760932,0.21361197990444478
764,plts_kup255,1,255,solar,0.19176451235590297,0.0,0.19176451235590297,0.26060482900767734
765,batt_kup255,1,255,battery,0.07556418987852684,0.0,0.07556418987852684,0.04879273569568457
766,pltd_kup256,1,256,diesel,0.06932321412462866,0.1343,-0.06497678587537134,0.24836317653469797
767,plts_kup256,1,256,solar,0.22295493074403186,0.0,0.22295493074403186,0.30299252485031214
768,batt_kup256,1,256,battery,0.08785187051691279,0.0,0.08785187051691279,0.056726994954059376
769,pltd_kup257,1,257,diesel,0.041021032473754125,0.0795,-0.038478967526245876,0.1469659896381721
770,plts_kup257,1,257,solar,0.1319327541213459,0.0,0.1319327541213459,0.1792949844200301
771,batt_kup257,1,257,battery,0.05198738519514481,0.0,0.05198738519514481,0.033568839398957405
772,pltd_kup258,1,258,diesel,0.02639354151319853,0.0511,-0.02470645848680147,0.09456041117156458
773,plts_kup258,1,258,solar,0.08488577254711253,0.0,0.08488577254711253,0.11535932891464927
774,batt_kup258,1,258,battery,0.033448140164145865,0.0,0.033448140164145865,0.021597797186840854
775,pltd_kup259,1,259,diesel,0.0232125900232271,0.045,-0.0217874099767729,0.08316574135304568
776,plts_kup259,1,259,solar,0.07466081387577515,0.0,0.07466081387577515,0.10146297607465214
777,batt_kup259,1,259,battery,0.02942063597765319,0.0,0.02942063597765319,0.018997278986774942
778,pltd_kup260,1,260,diesel,0.03121671276494804,0.0656,-0.03438328723505196,0.1164161792317744
779,plts_kup260,1,260,solar,0.10893875935622832,0.0,0.10893875935622832,0.15373976429987674
780,batt_kup260,1,260,battery,0.0490098476210905,0.0,0.0490098476210905,0.032088682416227546
781,pltd_kup261,1,261,diesel,0.02154386148996519,0.0453,-0.02375613851003481,0.08034295623742516
782,plts_kup261,1,261,solar,0.07518364212268654,0.0,0.07518364212268654,0.10610292947061467
783,batt_kup261,1,261,battery,0.033824607302993394,0.0,0.033824607302993394,0.022146291095321142
784,pltd_kup262,1,262,diesel,0.0732982218227021,0.142,-0.06870177817729789,0.26260325464058204
785,plts_kup262,1,262,solar,0.2357397085117113,0.0,0.2357397085117113,0.32036691733373907
786,batt_kup262,1,262,battery,0.09289035155851798,0.0,0.09289035155851798,0.059980388774433804
787,pltd_kup263,1,263,diesel,0.0340066290585216,0.0684,-0.0343933709414784,0.1243939669792766
788,plts_kup263,1,263,solar,0.11174659527450637,0.0,0.11174659527450637,0.15670092595354893
789,batt_kup263,1,263,battery,0.04755903719219781,0.0,0.04755903719219781,0.03084660243944456
790,pltd_kup264,1,264,diesel,0.4583326044249939,0.9218,-0.46346739557500605,1.6765357019873286
791,plts_kup264,1,264,solar,1.5060409543575182,0.0,1.5060409543575182,2.111907392239703
792,batt_kup264,1,264,battery,0.6409520459250926,0.0,0.6409520459250926,0.41571830883693167
793,pltd_kup265,1,265,diesel,0.17356144031994758,0.349,-0.1754385596800524,0.6348688768822616
794,plts_kup265,1,265,solar,0.5702977558844322,0.0,0.5702977558844322,0.7997245076351047
795,batt_kup265,1,265,battery,0.2427083872483649,0.0,0.2427083872483649,0.15741939952234857
796,pltd_kup266,1,266,diesel,0.5404432082552889,1.0869,-0.5464567917447111,1.9768833940891326
797,plts_kup266,1,266,solar,1.7758336441732976,0.0,1.7758336441732976,2.490236633562495
798,batt_kup266,1,266,battery,0.7557678201497925,0.0,0.7557678201497925,0.49018707271950757
799,pltd_kup267,1,267,diesel,0.4391843561984809,0.8832,-0.4440156438015191,1.606492550526882
800,plts_kup267,1,267,solar,1.4431214635987282,0.0,1.4431214635987282,2.0236758883635644
801,batt_kup267,1,267,battery,0.6141744933591682,0.0,0.6141744933591682,0.3983504842139134
802,pltd_kup268,1,268,diesel,0.6380233272565755,1.2831,-0.6450766727434244,2.3338210488124926
803,plts_kup268,1,268,solar,2.0964698384878897,0.0,2.0964698384878897,2.9398624008127228
804,batt_kup268,1,268,battery,0.8922258621674911,0.0,0.8922258621674911,0.5786930545384233
805,pltd_kup269,1,269,diesel,0.16942412608430732,0.3407,-0.17127587391569268,0.6197360653165408
806,plts_kup269,1,269,solar,0.5567105897617453,0.0,0.5567105897617453,0.7806706045374356
807,batt_kup269,1,269,battery,0.2369284791302348,0.0,0.2369284791302348,0.15367058972591532
808,pltd_kup270,1,270,diesel,0.26746514236578905,0.5379,-0.270434857634211,0.9783571921076685
809,plts_kup270,1,270,solar,0.8788549743360822,0.0,0.8788549743360822,1.2324112314775104
810,batt_kup270,1,270,battery,0.3740261172240164,0.0,0.3740261172240164,0.24259132125269764
811,pltd_kup271,1,271,diesel,0.015682522241629134,0.033,-0.017317477758370867,0.05848379170582839
812,plts_kup271,1,271,solar,0.05472360835032918,0.0,0.05472360835032918,0.07722839008150205
813,batt_kup271,1,271,battery,0.024617014995495907,0.0,0.024617014995495907,0.0161177521548955
814,pltd_kup272,1,272,diesel,0.048366026715067394,0.1017,-0.053333973284932605,0.18036737019875052
815,plts_kup272,1,272,solar,0.16877558436592918,0.0,0.16877558436592918,0.23818411298129313
816,batt_kup272,1,272,battery,0.07592573875201175,0.0,0.07592573875201175,0.049711496918621575
817,pltd_kup273,1,273,diesel,0.0614106410508731,0.1291,-0.0676893589491269,0.2290125994887394
818,plts_kup273,1,273,solar,0.21429324686188214,0.0,0.21429324686188214,0.30242043007472214
819,batt_kup273,1,273,battery,0.09640123349404404,0.0,0.09640123349404404,0.06311763323814133
820,pltd_kup274,1,274,diesel,0.03444219293428191,0.0724,-0.037957807065718094,0.12844259169287098
821,plts_kup274,1,274,solar,0.12018927156819936,0.0,0.12018927156819936,0.16961678530958296
822,batt_kup274,1,274,battery,0.054068967954902,0.0,0.054068967954902,0.0354010795671609
823,pltd_kup275,1,275,diesel,0.02037174303691826,0.0428,-0.022428256963081736,0.07597192436819182
824,plts_kup275,1,275,solar,0.0710909192765519,0.0,0.0710909192765519,0.10032692854020155
825,batt_kup275,1,275,battery,0.03198197302137675,0.0,0.03198197302137675,0.020939828698343627
826,pltd_kup276,1,276,diesel,0.03869277431525536,0.0813,-0.042607225684744635,0.1442938110517202
827,plts_kup276,1,276,solar,0.13502046875421098,0.0,0.13502046875421098,0.1905471631408944
828,batt_kup276,1,276,battery,0.06074050096112934,0.0,0.06074050096112934,0.03976913366394012
829,pltd_kup277,1,277,diesel,0.04147682599986755,0.0872,-0.04572317400013245,0.15467731673754143
830,plts_kup277,1,277,solar,0.14473844773888053,0.0,0.14473844773888053,0.2042623231491232
831,batt_kup277,1,277,battery,0.06511407546001928,0.0,0.06511407546001928,0.04263271504545821
832,pltd_kup278,1,278,diesel,0.03752071639532184,0.0789,-0.04137928360467816,0.13992217208246038
833,plts_kup278,1,278,solar,0.1309277458669894,0.0,0.1309277458669894,0.18477179438423955
834,batt_kup278,1,278,battery,0.05889878661575793,0.0,0.05889878661575793,0.038563312594732085
835,pltd_kup279,1,279,diesel,0.016464799996896873,0.1039,-0.08743520000310313,0.027404625848482134
836,plts_kup279,1,279,solar,0.47237790541652097,0.0,0.47237790541652097,0.6823289746680546
837,batt_kup279,1,279,battery,0.4517263400079055,0.0,0.4517263400079055,0.29278724126147787
838,pltd_kup280,1,280,diesel,0.023736672170332977,0.0573,-0.03356332782966702,0.09568179146360789
839,plts_kup280,1,280,solar,0.09423395584380753,0.0,0.09423395584380753,0.14120243157418283
840,batt_kup280,1,280,battery,0.05072904251384024,0.0,0.05072904251384024,0.03338599768239938
841,pltd_kup281,1,281,diesel,0.02388927805391558,0.0502,-0.02631072194608442,0.08908902746439945
842,plts_kup281,1,281,solar,0.08336550734176033,0.0,0.08336550734176033,0.11765011131543274
843,batt_kup281,1,281,battery,0.03750475674295851,0.0,0.03750475674295851,0.024555742050743783
844,pltd_kup282,1,282,diesel,0.032923894365742876,0.0795,-0.046576105634257126,0.13271708836905427
845,plts_kup282,1,282,solar,0.13071406703734995,0.0,0.13071406703734995,0.19586483826432197
846,batt_kup282,1,282,battery,0.07036987491769459,0.0,0.07036987491769459,0.046312095279388975
847,pltd_kup283,1,283,diesel,0.06976378261984467,0.1466,-0.07683621738015534,0.2601648243749897
848,plts_kup283,1,283,solar,0.24344718112897387,0.0,0.24344718112897387,0.34356412037702216
849,batt_kup283,1,283,battery,0.10951873280082326,0.0,0.10951873280082326,0.07170616627158953
850,pltd_kup284,1,284,diesel,0.03217007034511129,0.0647,-0.032529929654888705,0.11767301562830323
851,plts_kup284,1,284,solar,0.10570337066424207,0.0,0.10570337066424207,0.14822733635685778
852,batt_kup284,1,284,battery,0.044984897506684475,0.0,0.044984897506684475,0.029176892351727303
853,pltd_kup285,1,285,diesel,0.09273269264233189,0.1697,-0.0769673073576681,0.3240215960558274
854,plts_kup285,1,285,solar,0.27780987595077833,0.0,0.27780987595077833,0.37130951191437367
855,batt_kup285,1,285,battery,0.09825166892947897,0.0,0.09825166892947897,0.06366577105532555
856,pltd_kup286,1,286,diesel,0.1253834235066658,0.2295,-0.10411657649333422,0.43810798021033975
857,plts_kup286,1,286,solar,0.37562168384767025,0.0,0.37562168384767025,0.5020406550958013
858,batt_kup286,1,286,battery,0.13284213682442877,0.0,0.13284213682442877,0.08607999272417052
859,pltd_kup287,1,287,diesel,0.03231353387721682,0.0591,-0.02678646612278318,0.11290820625544083
860,plts_kup287,1,287,solar,0.09680507018496867,0.0,0.09680507018496867,0.1293852506879428
861,batt_kup287,1,287,battery,0.03423580313213476,0.0,0.03423580313213476,0.022184396053972995
862,pltd_kup288,1,288,diesel,0.037562039354770836,0.0798,-0.04223796064522916,0.14160246700968313
863,plts_kup288,1,288,solar,0.13164832368641022,0.0,0.13164832368641022,0.18696855551268257
864,batt_kup288,1,288,battery,0.06052018115287494,0.0,0.06052018115287494,0.03944493261279318
865,pltd_kup289,1,289,diesel,0.16728871647990112,0.3062,-0.1389112835200989,0.5845320680907061
866,plts_kup289,1,289,solar,0.5011679869473582,0.0,0.5011679869473582,0.6698410949546901
867,batt_kup289,1,289,battery,0.17724627170254367,0.0,0.17724627170254367,0.1148532203009869
868,pltd_kup290,1,290,diesel,0.04426147433771796,0.081,-0.03673852566228204,0.1546582309256644
869,plts_kup290,1,290,solar,0.1326040348304835,0.0,0.1326040348304835,0.17723360672042335
870,batt_kup290,1,290,battery,0.04689928432550466,0.0,0.04689928432550466,0.030390070916557366
871,pltd_kup291,1,291,diesel,0.04926568567309279,0.2935,-0.24423431432690718,0.08079576902464033
872,plts_kup291,1,291,solar,1.3238812669804274,0.0,1.3238812669804274,1.924554363466307
873,batt_kup291,1,291,battery,1.2814863522164153,0.0,1.2814863522164153,0.8262566271162033
874,pltd_kup292,1,292,diesel,0.08871977305159269,0.1719,-0.08318022694840731,0.3178568186054633
875,plts_kup292,1,292,solar,0.2853429279472206,0.0,0.2853429279472206,0.3877775615857778
876,batt_kup292,1,292,battery,0.11243750538764179,0.0,0.11243750538764179,0.07260219847785221
877,pltd_kup293,1,293,diesel,0.14071159936346359,0.2726,-0.13188840063653642,0.5041268094718924
878,plts_kup293,1,293,solar,0.4525618079271805,0.0,0.4525618079271805,0.6150247859793063
879,batt_kup293,1,293,battery,0.17832893432103752,0.0,0.17832893432103752,0.1151491736179287
880,pltd_kup294,1,294,diesel,0.09587450242424661,0.1858,-0.08992549757575338,0.343489737250673
881,plts_kup294,1,294,solar,0.30835624404334794,0.0,0.30835624404334794,0.4190513428624886
882,batt_kup294,1,294,battery,0.12150609671196212,0.0,0.12150609671196212,0.07845798218448485
883,pltd_kup295,1,295,diesel,0.06677860317508462,0.1294,-0.06262139682491537,0.2392475639780353
884,plts_kup295,1,295,solar,0.2147742482358233,0.0,0.2147742482358233,0.2918751108806685
885,batt_kup295,1,295,battery,0.0846297144019681,0.0,0.0846297144019681,0.05464643786769574
886,pltd_kup296,1,296,diesel,0.1077996379430549,0.2089,-0.1011003620569451,0.3862134867888755
887,plts_kup296,1,296,solar,0.34670699751934214,0.0,0.34670699751934214,0.4711701610258144
888,batt_kup296,1,296,battery,0.13661709352465812,0.0,0.13661709352465812,0.08821527118509565
889,pltd_kup297,1,297,diesel,0.024167238568322744,0.0468,-0.022632761431677258,0.08658372061779608
890,plts_kup297,1,297,solar,0.07772901749457997,0.0,0.07772901749457997,0.10563241622233699
891,batt_kup297,1,297,battery,0.030629270561286868,0.0,0.030629270561286868,0.019777678335897497
892,pltd_kup298,1,298,diesel,0.05898833048109129,0.1143,-0.05531166951890871,0.21133597397475615
893,plts_kup298,1,298,solar,0.18971665675855742,0.0,0.18971665675855742,0.2578225872223968
894,batt_kup298,1,298,battery,0.07475577598930766,0.0,0.07475577598930766,0.048270634764118144
895,pltd_kup299,1,299,diesel,0.1458335975844346,0.2933,-0.1474664024155654,0.533444397699863
896,plts_kup299,1,299,solar,0.47919349021086566,0.0,0.47919349021086566,0.6719690130822427
897,batt_kup299,1,299,battery,0.20393777583486067,0.0,0.20393777583486067,0.1322730000108751
898,pltd_kup300,1,300,diesel,0.08731817080894394,0.1808,-0.09348182919105605,0.32260843144585477
899,plts_kup300,1,300,solar,0.2987655796975246,0.0,0.2987655796975246,0.4217599060861391
900,batt_kup300,1,300,battery,0.13508909323412824,0.0,0.13508909323412824,0.08770219415846515
901,pltd_kup301,1,301,diesel,0.0648559917609097,0.1343,-0.0694440082390903,0.23962011874964959
902,plts_kup301,1,301,solar,0.2219115632735455,0.0,0.2219115632735455,0.31326704137589545
903,batt_kup301,1,301,battery,0.10033917155250802,0.0,0.10033917155250802,0.06514199665089462
904,pltd_kup302,1,302,diesel,0.08896733740126746,0.1833,-0.09433266259873253,0.33057634569360583
905,plts_kup302,1,302,solar,0.29903492186849306,0.0,0.29903492186849306,0.4236220229948453
906,batt_kup302,1,302,battery,0.13481436193965518,0.0,0.13481436193965518,0.0871588715258754
907,pltd_kup303,1,303,diesel,0.09449941530139798,0.1947,-0.10020058469860203,0.35113245184980796
908,plts_kup303,1,303,solar,0.31763056232906917,0.0,0.31763056232906917,0.44996491480148515
909,batt_kup303,1,303,battery,0.14319796261703033,0.0,0.14319796261703033,0.09257897723268982
910,pltd_kup304,1,304,diesel,0.08597867178556988,0.1781,-0.09212132821443013,0.31766086372158026
911,plts_kup304,1,304,solar,0.294185908316298,0.0,0.294185908316298,0.41529513749011865
912,batt_kup304,1,304,battery,0.13301950656937858,0.0,0.13301950656937858,0.08635861765906541
913,pltd_kup305,1,305,diesel,0.09883590585478064,0.2036,-0.10476409414521937,0.3672447464063261
914,plts_kup305,1,305,solar,0.33220552376297535,0.0,0.33220552376297535,0.4706123224226162
915,batt_kup305,1,305,battery,0.14976895502787138,0.0,0.14976895502787138,0.09682716676736139
916,pltd_kup306,1,306,diesel,0.07363235384640666,0.1525,-0.07886764615359333,0.2720456483019288
917,plts_kup306,1,306,solar,0.25194077647333296,0.0,0.25194077647333296,0.3556588773574889
918,batt_kup306,1,306,battery,0.11391738846378452,0.0,0.11391738846378452,0.07395716352126074
919,pltd_kup307,1,307,diesel,0.13075362653412845,0.2708,-0.14004637346587154,0.48308806140228844
920,plts_kup307,1,307,solar,0.447385089398347,0.0,0.447385089398347,0.6315628301889484
921,batt_kup307,1,307,battery,0.20228847666527205,0.0,0.20228847666527205,0.13132927943028042
922,pltd_kup308,1,308,diesel,0.08866757624275216,0.1827,-0.09403242375724784,0.329464165082524
923,plts_kup308,1,308,solar,0.29802975211507304,0.0,0.29802975211507304,0.42219867989931037
924,batt_kup308,1,308,battery,0.1343624748777793,0.0,0.1343624748777793,0.08686668743249522
925,pltd_kup309,1,309,diesel,0.083895389507965,0.1738,-0.089904610492035,0.30996530465499683
926,plts_kup309,1,309,solar,0.2870619750590924,0.0,0.2870619750590924,0.40523795884388586
927,batt_kup309,1,309,battery,0.129799229538595,0.0,0.129799229538595,0.08426801417643735
928,pltd_tim310,1,310,diesel,0.06479401674666709,0.1257,-0.06090598325333292,0.2328845358341477
929,plts_tim310,1,310,solar,0.20257768910580604,0.0,0.20257768910580604,0.28297239028877735
930,batt_tim310,1,310,battery,0.08062279830324469,0.0,0.08062279830324469,0.05256300869110864
931,pltd_tim311,1,311,diesel,0.036209047942772354,0.0702,-0.033990952057227644,0.13014286036848277
932,plts_tim311,1,311,solar,0.11320395073785107,0.0,0.11320395073785107,0.1581303150122086
933,batt_tim311,1,311,battery,0.04505243631675738,0.0,0.04505243631675738,0.029372407433141262
934,pltd_tim312,1,312,diesel,0.05721350145527024,0.1118,-0.05458649854472976,0.20635831343560307
935,plts_tim312,1,312,solar,0.1792636789809467,0.0,0.1792636789809467,0.25277091487821296
936,batt_tim312,1,312,battery,0.07278900547900934,0.0,0.07278900547900934,0.04769406451722933
937,pltd_tim313,1,313,diesel,0.08558505145412057,0.1673,-0.08171494854587943,0.3086873780682221
938,plts_tim313,1,313,solar,0.2681531598998801,0.0,0.2681531598998801,0.37810981314433695
939,batt_tim313,1,313,battery,0.10888010720410846,0.0,0.10888010720410846,0.07134217334197254
940,pltd_tim314,1,314,diesel,0.06622416923293456,0.1285,-0.06227583076706544,0.23802294480580627
941,plts_tim314,1,314,solar,0.20704524776666416,0.0,0.20704524776666416,0.2892127023252207
942,batt_tim314,1,314,battery,0.08239923074290503,0.0,0.08239923074290503,0.053721099402406415
943,pltd_tim315,1,315,diesel,0.08271950869115484,0.1664,-0.08368049130884515,0.3025815780693241
944,plts_tim315,1,315,solar,0.27181357539509116,0.0,0.27181357539509116,0.38116155848987904
945,batt_tim315,1,315,battery,0.11568179970918335,0.0,0.11568179970918335,0.07503071173032466
946,pltd_tim316,1,316,diesel,0.04224085784636208,0.0826,-0.04035914215363793,0.15235460721165733
947,plts_tim316,1,316,solar,0.1323475388832816,0.0,0.1323475388832816,0.18661699672006352
948,batt_tim316,1,316,battery,0.053737443317596424,0.0,0.053737443317596424,0.035210803725265465
949,pltd_tim317,1,317,diesel,0.05955350378022393,0.1155,-0.05594649621977608,0.21404767798111685
950,plts_tim317,1,317,solar,0.1861934173954917,0.0,0.1861934173954917,0.26008558913979546
951,batt_tim317,1,317,battery,0.07410222455539102,0.0,0.07410222455539102,0.048311765930122805
952,pltd_tim318,1,318,diesel,0.05145414530898532,0.0998,-0.04834585469101468,0.18493754970190937
953,plts_tim318,1,318,solar,0.16087080528612926,0.0,0.16087080528612926,0.2247137586002668
954,batt_tim318,1,318,battery,0.06402394474233293,0.0,0.06402394474233293,0.04174112316656094
955,pltd_tim319,1,319,diesel,0.10370714270991557,0.2086,-0.10489285729008443,0.3793498011248837
956,plts_tim319,1,319,solar,0.34077180649809585,0.0,0.34077180649809585,0.47786149904055997
957,batt_tim319,1,319,battery,0.14502825124416896,0.0,0.14502825124416896,0.09406456768952035
958,pltd_tim320,1,320,diesel,0.08353382362837493,0.162,-0.07846617637162508,0.3002393283118549
959,plts_tim320,1,320,solar,0.2611652408611891,0.0,0.2611652408611891,0.3648114181432836
960,batt_tim320,1,320,battery,0.10393904589142638,0.0,0.10393904589142638,0.06776424329372419
961,pltd_tim321,1,321,diesel,0.06052465031347186,0.1183,-0.057775349686528144,0.2182992993031684
962,plts_tim321,1,321,solar,0.18963173202101571,0.0,0.18963173202101571,0.26739091242274543
963,batt_tim321,1,321,battery,0.07699655388819092,0.0,0.07699655388819092,0.050450937170633224
964,pltd_tim322,1,322,diesel,0.05024566784933019,0.101,-0.050754332150669816,0.1837922903570674
965,plts_tim322,1,322,solar,0.16509976388918313,0.0,0.16509976388918313,0.23151810511591864
966,batt_tim322,1,322,battery,0.0702636618594988,0.0,0.0702636618594988,0.045572623566661134
967,pltd_tim323,1,323,diesel,0.09528077282969252,0.1916,-0.09631922717030747,0.34852873298552084
968,plts_tim323,1,323,solar,0.31308926346242755,0.0,0.31308926346242755,0.4390421186723055
969,batt_tim323,1,323,battery,0.13324862661737497,0.0,0.13324862661737497,0.08642444533607593
970,pltd_tim324,1,324,diesel,0.09512999831372639,0.1913,-0.09617000168627361,0.3479738714753981
971,plts_tim324,1,324,solar,0.3125810526444511,0.0,0.3125810526444511,0.4383302772339254
972,batt_tim324,1,324,battery,0.13302835819260944,0.0,0.13302835819260944,0.08628142286351234
973,pltd_tim325,1,325,diesel,0.08101367740570048,0.1583,-0.07728632259429952,0.29220032331369766
974,plts_tim325,1,325,solar,0.2538321113585978,0.0,0.2538321113585978,0.3579163192314066
975,batt_tim325,1,325,battery,0.10306567422626638,0.0,0.10306567422626638,0.06753241534199751
976,pltd_tim326,1,326,diesel,0.05705634697450129,0.1115,-0.05444365302549871,0.20579145205894434
977,plts_tim326,1,326,solar,0.17876877642457897,0.0,0.17876877642457897,0.2520730432881289
978,batt_tim326,1,326,battery,0.07258643559205402,0.0,0.07258643559205402,0.04756139442353489
979,pltd_tim327,1,327,diesel,0.0758126892070065,0.1482,-0.0723873107929935,0.27344137674770114
980,plts_tim327,1,327,solar,0.23753456517704225,0.0,0.23753456517704225,0.33493654981700055
981,batt_tim327,1,327,battery,0.09644779910777268,0.0,0.09644779910777268,0.06319619084141424
982,pltd_tim328,1,328,diesel,0.10276390702428781,0.2009,-0.09813609297571219,0.3706507684171069
983,plts_tim328,1,328,solar,0.321982374035916,0.0,0.321982374035916,0.4540116285073133
984,batt_tim328,1,328,battery,0.13073760227526948,0.0,0.13073760227526948,0.0856641896253656
985,pltd_tim329,1,329,diesel,0.12624888630190476,0.2468,-0.12055111369809524,0.4553552832444832
986,plts_tim329,1,329,solar,0.3955641149311114,0.0,0.3955641149311114,0.5577656349751611
987,batt_tim329,1,329,battery,0.16061459002043693,0.0,0.16061459002043693,0.10524060976476408
988,pltd_tim330,1,330,diesel,0.040349811590187294,0.0789,-0.038550188409812704,0.14553293597072664
989,plts_tim330,1,330,solar,0.12642115803007428,0.0,0.12642115803007428,0.17826035613921273
990,batt_tim330,1,330,battery,0.051330733626569876,0.0,0.051330733626569876,0.033633791142789124
991,pltd_tim331,1,331,diesel,0.10670529822781552,0.2086,-0.10189470177218449,0.3848641832677451
992,plts_tim331,1,331,solar,0.33432692496544303,0.0,0.33432692496544303,0.47141854713376397
993,batt_tim331,1,331,battery,0.13574905315055094,0.0,0.13574905315055094,0.08894776134529175
994,pltd_tim332,1,332,diesel,0.05867104905797137,0.118,-0.05932895094202863,0.21461127310499767
995,plts_tim332,1,332,solar,0.19278380152154478,0.0,0.19278380152154478,0.27033941367841113
996,batt_tim332,1,332,battery,0.0820453398627461,0.0,0.0820453398627461,0.05321414230456832
997,pltd_tim333,1,333,diesel,0.27593955737453585,0.5995,-0.3235604426254642,1.042096358185563
998,plts_tim333,1,333,solar,0.9830071939484595,0.0,0.9830071939484595,1.4295223591927166
999,batt_tim333,1,333,battery,0.4792357905702439,0.0,0.4792357905702439,0.312323998587769
1000,pltd_tim334,1,334,diesel,0.0811089399901185,0.1762,-0.09509106000988149,0.3063102460630064
1001,plts_tim334,1,334,solar,0.28894111235310194,0.0,0.28894111235310194,0.42018818630684146
1002,batt_tim334,1,334,battery,0.1408642118614213,0.0,0.1408642118614213,0.09180298777831895
1003,pltd_tim335,1,335,diesel,0.18704238221955655,0.3762,-0.18915761778044343,0.6841789656017474
1004,plts_tim335,1,335,solar,0.6145928142802541,0.0,0.6145928142802541,0.8618390028185311
1005,batt_tim335,1,335,battery,0.2615594338380477,0.0,0.2615594338380477,0.16964602638151513
1006,pltd_tim336,1,336,diesel,0.10148003323826434,0.1969,-0.09541996676173566,0.36474045902065994
1007,plts_tim336,1,336,solar,0.31727081606650365,0.0,0.31727081606650365,0.4431826658626789
1008,batt_tim336,1,336,battery,0.12626705834496377,0.0,0.12626705834496377,0.08232116591465308
1009,pltd_tim337,1,337,diesel,0.08380294352285093,0.1821,-0.09829705647714908,0.3164848402111002
1010,plts_tim337,1,337,solar,0.2985389094925592,0.0,0.2985389094925592,0.4341452803579284
1011,batt_tim337,1,337,battery,0.14554353339041118,0.0,0.14554353339041118,0.09485253688014246
1012,pltd_tim338,1,338,diesel,0.09620067188765893,0.1935,-0.09729932811234107,0.3518933137188636
1013,plts_tim338,1,338,solar,0.31610713897531423,0.0,0.31610713897531423,0.44327454235489683
1014,batt_tim338,1,338,battery,0.13453125264616134,0.0,0.13453125264616134,0.08725632576082526
1015,pltd_tim339,1,339,diesel,0.11556511676660192,0.2511,-0.13553488323339807,0.4364371758692562
1016,plts_tim339,1,339,solar,0.41169188647565913,0.0,0.41169188647565913,0.5986961699251998
1017,batt_tim339,1,339,battery,0.20070864957019532,0.0,0.20070864957019532,0.13080438188624544
1018,pltd_tim340,1,340,diesel,0.09557206601179533,0.2076,-0.11202793398820468,0.36093133997537763
1019,plts_tim340,1,340,solar,0.34046612861502457,0.0,0.34046612861502457,0.4951175651236838
1020,batt_tim340,1,340,battery,0.16598451381056042,0.0,0.16598451381056042,0.10817417330720247
1021,pltd_tim341,1,341,diesel,0.13385843501133546,0.2908,-0.15694156498866454,0.5055203114709579
1022,plts_tim341,1,341,solar,0.47685277870179,0.0,0.47685277870179,0.6934555922961231
1023,batt_tim341,1,341,battery,0.2324736389031071,0.0,0.2324736389031071,0.15150601876959488
1024,pltd_tim342,1,342,diesel,0.05744497398426616,0.1155,-0.05805502601573385,0.21012715784277375
1025,plts_tim342,1,342,solar,0.1887584727716866,0.0,0.1887584727716866,0.2646942320157106
1026,batt_tim342,1,342,battery,0.08033311827689639,0.0,0.08033311827689639,0.05210360901495308
1027,pltd_tim343,1,343,diesel,0.0737356830400417,0.1602,-0.0864643169599583,0.27846462499747854
1028,plts_tim343,1,343,solar,0.26267345703490846,0.0,0.26267345703490846,0.3819886188807889
1029,batt_tim343,1,343,battery,0.12805772032390617,0.0,0.12805772032390617,0.08345684533284661
1030,pltd_tim344,1,344,diesel,0.09982592348243917,0.2169,-0.11707407651756084,0.3769963088046341
1031,plts_tim344,1,344,solar,0.3556205451745226,0.0,0.3556205451745226,0.5171556031634185
1032,batt_tim344,1,344,battery,0.1733724320478255,0.0,0.1733724320478255,0.11298900109556946
1033,pltd_tim345,1,345,diesel,0.07416054101005072,0.1611,-0.08693945898994927,0.2800700407745448
1034,plts_tim345,1,345,solar,0.2641888986854002,0.0,0.2641888986854002,0.3841931129185281
1035,batt_tim345,1,345,battery,0.1287978921398215,0.0,0.1287978921398215,0.08393916604473133
1036,pltd_tim346,1,346,diesel,0.09996736348538064,0.2172,-0.11723263651461936,0.3775313080536064
1037,plts_tim346,1,346,solar,0.35612569239210223,0.0,0.35612569239210223,0.5178905626948557
1038,batt_tim346,1,346,battery,0.17361946265419972,0.0,0.17361946265419972,0.1131499645585823
1039,pltd_tim347,1,347,diesel,0.12542264755743043,0.2976,-0.17217735244256954,0.49213827190573994
1040,plts_tim347,1,347,solar,0.4997601775262744,0.0,0.4997601775262744,0.7388298244606846
1041,batt_tim347,1,347,battery,0.26862455389261997,0.0,0.26862455389261997,0.17735282165676292
1042,pltd_tim348,1,348,diesel,0.05459279564038573,0.1186,-0.06400720435961427,0.20617104853312693
1043,plts_tim348,1,348,solar,0.1944785828203001,0.0,0.1944785828203001,0.2828177381521659
1044,batt_tim348,1,348,battery,0.09481162868941621,0.0,0.09481162868941621,0.061789918249918155
1045,pltd_tim349,1,349,diesel,0.16391897564404476,0.3561,-0.19218102435595527,0.6190463881522658
1046,plts_tim349,1,349,solar,0.5839439892515971,0.0,0.5839439892515971,0.8491914715631484
1047,batt_tim349,1,349,battery,0.2846840480603039,0.0,0.2846840480603039,0.18553216948614454
1048,pltd_tim350,1,350,diesel,0.03591848759359894,0.077,-0.04108151240640106,0.13458097966356442
1049,plts_tim350,1,350,solar,0.1252593219981476,0.0,0.1252593219981476,0.18278973947867905
1050,batt_tim350,1,350,battery,0.059829452746013284,0.0,0.059829452746013284,0.03927150586074703
1051,pltd_tim351,1,351,diesel,0.04351437915719665,0.0844,-0.04088562084280335,0.15639884721469133
1052,plts_tim351,1,351,solar,0.13604458832157645,0.0,0.13604458832157645,0.19003430285106918
1053,batt_tim351,1,351,battery,0.0541420237494887,0.0,0.0541420237494887,0.03529851549828971
1054,pltd_tim352,1,352,diesel,0.0807293567170564,0.1624,-0.08167064328294359,0.2952991974454654
1055,plts_tim352,1,352,solar,0.26526811881689655,0.0,0.26526811881689655,0.3719833584671188
1056,batt_tim352,1,352,battery,0.11289468567691269,0.0,0.11289468567691269,0.07322289101293401
1057,pltd_tim353,1,353,diesel,0.03477104042171176,0.0746,-0.03982895957828824,0.1302774630550574
1058,plts_tim353,1,353,solar,0.12124859755302332,0.0,0.12124859755302332,0.17693699562930362
1059,batt_tim353,1,353,battery,0.05791090184756278,0.0,0.05791090184756278,0.03801214107363
1060,pltd_tim354,1,354,diesel,0.11764722562811744,0.2366,-0.11895277437188256,0.4303414501120811
1061,plts_tim354,1,354,solar,0.38657654997935914,0.0,0.38657654997935914,0.5420928214941342
1062,batt_tim354,1,354,battery,0.16452140757469905,0.0,0.16452140757469905,0.10670775967529297
1063,pltd_tim355,1,355,diesel,0.150429219763935,0.3025,-0.152070780236065,0.5502538778713005
1064,plts_tim355,1,355,solar,0.49429482566585675,0.0,0.49429482566585675,0.6931452287684747
1065,batt_tim355,1,355,battery,0.21036503439957052,0.0,0.21036503439957052,0.13644164687476096
1066,pltd_tim356,1,356,diesel,0.03509714325332126,0.0681,-0.03300285674667874,0.12614664537973813
1067,plts_tim356,1,356,solar,0.10972918254653743,0.0,0.10972918254653743,0.15327610196038086
1068,batt_tim356,1,356,battery,0.04366964172598322,0.0,0.04366964172598322,0.028470930342732636
1069,pltd_tim357,1,357,diesel,0.03798956072420238,0.0764,-0.03841043927579762,0.13896324314845518
1070,plts_tim357,1,357,solar,0.12483302409466888,0.0,0.12483302409466888,0.17505206217860633
1071,batt_tim357,1,357,battery,0.053128024438047684,0.0,0.053128024438047684,0.03445862027684759
1072,pltd_tim358,1,358,diesel,0.06733604395597964,0.1306,-0.06326395604402035,0.24201949182958116
1073,plts_tim358,1,358,solar,0.21052001566601403,0.0,0.21052001566601403,0.29406676508954793
1074,batt_tim358,1,358,battery,0.08378156493670227,0.0,0.08378156493670227,0.054622320828677795
1075,pltd_tim359,1,359,diesel,0.04008561604983989,0.086,-0.045914383950160106,0.15019344953803748
1076,plts_tim359,1,359,solar,0.13978925344027385,0.0,0.13978925344027385,0.2039922420471868
1077,batt_tim359,1,359,battery,0.06676801832209489,0.0,0.06676801832209489,0.04382601725247118
1078,pltd_tim360,1,360,diesel,0.06590662885668902,0.1279,-0.061993371143310994,0.23688140854724493
1079,plts_tim360,1,360,solar,0.20605245695436825,0.0,0.20605245695436825,0.28782582727268335
1080,batt_tim360,1,360,battery,0.08200421242707072,0.0,0.08200421242707072,0.053463582357402874
1081,pltd_tim361,1,361,diesel,0.10052738202320056,0.195,-0.09447261797679944,0.3613153032268585
1082,plts_tim361,1,361,solar,0.3142924435706373,0.0,0.3142924435706373,0.4390216625880319
1083,batt_tim361,1,361,battery,0.1250815433092644,0.0,0.1250815433092644,0.08154829363453596
1084,pltd_tim362,1,362,diesel,0.0963980065963584,0.187,-0.0906019934036416,0.3464743438326297
1085,plts_tim362,1,362,solar,0.30138293942667527,0.0,0.30138293942667527,0.4209892887687633
1086,batt_tim362,1,362,battery,0.11994422329515227,0.0,0.11994422329515227,0.0781989698468937
1087,pltd_tim363,1,363,diesel,0.14292881604897184,0.2773,-0.13437118395102815,0.5137166588250954
1088,plts_tim363,1,363,solar,0.44686225353162234,0.0,0.44686225353162234,0.6242032903326499
1089,batt_tim363,1,363,battery,0.17784305849456286,0.0,0.17784305849456286,0.11594677194998032
1090,pltd_tim364,1,364,diesel,0.056426533426069285,0.1103,-0.05387346657393071,0.20351869636187514
1091,plts_tim364,1,364,solar,0.17679227878001075,0.0,0.17679227878001075,0.24928620072832736
1092,batt_tim364,1,364,battery,0.07178299344665891,0.0,0.07178299344665891,0.047034836513536155
1093,pltd_tim365,1,365,diesel,0.11320576482983762,0.2277,-0.1144942351701624,0.4140935659140903
1094,plts_tim365,1,365,solar,0.37197744641759745,0.0,0.37197744641759745,0.5216211183667894
1095,batt_tim365,1,365,battery,0.1583066632502152,0.0,0.1583066632502152,0.10267684871659243
1096,pltd_tim366,1,366,diesel,0.07972346324797587,0.1547,-0.07497653675202413,0.28654136658370954
1097,plts_tim366,1,366,solar,0.24924852762278532,0.0,0.24924852762278532,0.34816500699897546
1098,batt_tim366,1,366,battery,0.09919490432311334,0.0,0.09919490432311334,0.06467118834776982
1099,pltd_tim367,1,367,diesel,0.08464660499821396,0.1642,-0.07955339500178606,0.3042367430818033
1100,plts_tim367,1,367,solar,0.26464000874996474,0.0,0.26464000874996474,0.3696644966954303
1101,batt_tim367,1,367,battery,0.10532000006767588,0.0,0.10532000006767588,0.06866457174660524
1102,pltd_tim368,1,368,diesel,0.024297472796682342,0.0471,-0.02280252720331766,0.08733082035980243
1103,plts_tim368,1,368,solar,0.07596784475319905,0.0,0.07596784475319905,0.10611620659155509
1104,batt_tim368,1,368,battery,0.030234851026642615,0.0,0.030234851026642615,0.01971198232600329
1105,pltd_tim369,1,369,diesel,0.045077741670202225,0.0881,-0.04302225832979777,0.16258636616702848
1106,plts_tim369,1,369,solar,0.14123710961321992,0.0,0.14123710961321992,0.19915140939793755
1107,batt_tim369,1,369,battery,0.05734773713100585,0.0,0.05734773713100585,0.037576346037796755
1108,pltd_tim370,1,370,diesel,0.03716226710676704,0.0721,-0.03493773289323296,0.13356786687884836
1109,plts_tim370,1,370,solar,0.1161823234809397,0.0,0.1161823234809397,0.1622909601253535
1110,batt_tim370,1,370,battery,0.04623749169101046,0.0,0.04623749169101046,0.03014499782061835
1111,pltd_tim371,1,371,diesel,0.08465364501781406,0.1839,-0.09924635498218595,0.31969843371011974
1112,plts_tim371,1,371,solar,0.3015697928028441,0.0,0.3015697928028441,0.4385530691601479
1113,batt_tim371,1,371,battery,0.14702065703555828,0.0,0.14702065703555828,0.0958152298318986
1114,pltd_tim372,1,372,diesel,0.08153430579842147,0.1771,-0.09556569420157854,0.3079166530167392
1115,plts_tim372,1,372,solar,0.29045655400670367,0.0,0.29045655400670367,0.4223917222237579
1116,batt_tim372,1,372,battery,0.14160300368180506,0.0,0.14160300368180506,0.09228448499057602
1117,pltd_tim373,1,373,diesel,0.10989301464162328,0.2388,-0.12890698535837675,0.41501693683149393
1118,plts_tim373,1,373,solar,0.3914859977128504,0.0,0.3914859977128504,0.5693128643913672
1119,batt_tim373,1,373,battery,0.1908587052297456,0.0,0.1908587052297456,0.12438499262369554
1120,pltd_tim374,1,374,diesel,0.12563237719219808,0.273,-0.14736762280780194,0.47445755211931234
1121,plts_tim374,1,374,solar,0.44755733903928857,0.0,0.44755733903928857,0.6508530401155704
1122,batt_tim374,1,374,battery,0.21819446278829552,0.0,0.21819446278829552,0.1422000996047486
1123,pltd_tim375,1,375,diesel,0.0451886976201469,0.0909,-0.045711302379853096,0.16529821812840428
1124,plts_tim375,1,375,solar,0.1484917328917889,0.0,0.1484917328917889,0.20822864522409307
1125,batt_tim375,1,375,battery,0.06319794074746898,0.0,0.06319794074746898,0.040989946075266195
1126,pltd_tim376,1,376,diesel,0.04906314909930375,0.1066,-0.05753685090069625,0.18528744422691035
1127,plts_tim376,1,376,solar,0.17477784145949177,0.0,0.17477784145949177,0.2541679063251257
1128,batt_tim376,1,376,battery,0.08520595521903779,0.0,0.08520595521903779,0.05552980299774234
1129,pltd_tim377,1,377,diesel,0.059895094687835174,0.1205,-0.06060490531216482,0.21909089562982323
1130,plts_tim377,1,377,solar,0.19681361445375273,0.0,0.19681361445375273,0.2759898068314412
1131,batt_tim377,1,377,battery,0.08376280207381942,0.0,0.08376280207381942,0.054328133396791496
1132,pltd_tim378,1,378,diesel,0.09078547154019098,0.1774,-0.08661452845980902,0.3274456450434344
1133,plts_tim378,1,378,solar,0.2844507061468349,0.0,0.2844507061468349,0.4010899802295787
1134,batt_tim378,1,378,battery,0.11549844240739723,0.0,0.11549844240739723,0.07567885543145239
1135,pltd_tim379,1,379,diesel,0.08763403054105193,0.1713,-0.08366596945894808,0.3160786375851105
1136,plts_tim379,1,379,solar,0.2745713303285443,0.0,0.2745713303285443,0.38716018288472315
1137,batt_tim379,1,379,battery,0.11148530885249956,0.0,0.11148530885249956,0.07304933509236715
1138,pltd_tim380,1,380,diesel,0.06399114837053732,0.1251,-0.06110885162946267,0.2308037907862146
1139,plts_tim380,1,380,solar,0.20049780022956284,0.0,0.20049780022956284,0.2827125128983561
1140,batt_tim380,1,380,battery,0.08141028962983726,0.0,0.08141028962983726,0.05334305212926062
1141,pltd_tim381,1,381,diesel,0.02837097855828513,0.0555,-0.02712902144171487,0.10232835576711653
1142,plts_tim381,1,381,solar,0.08888948769972928,0.0,0.08888948769972928,0.12533908933329435
1143,batt_tim381,1,381,battery,0.036091570542803854,0.0,0.036091570542803854,0.023648523664639546
1144,pltd_tim382,1,382,diesel,0.08038383375307971,0.1571,-0.07671616624692028,0.2899282943096329
1145,plts_tim382,1,382,solar,0.25185561368241816,0.0,0.25185561368241816,0.3551292680605077
1146,batt_tim382,1,382,battery,0.10226177203968027,0.0,0.10226177203968027,0.06700569521891026
1147,pltd_tim383,1,383,diesel,0.048387454030212725,0.0946,-0.04621254596978728,0.17452450682982515
1148,plts_tim383,1,383,solar,0.15160827505941438,0.0,0.15160827505941438,0.21377502070296314
1149,batt_tim383,1,383,battery,0.06155844271551563,0.0,0.06155844271551563,0.04033544234620957
1150,pltd_tim384,1,384,diesel,0.08180255972251019,0.1599,-0.0780974402774898,0.2950442036836
1151,plts_tim384,1,384,solar,0.2563003990146749,0.0,0.2563003990146749,0.3613968849827057
1152,batt_tim384,1,384,battery,0.10406668890250444,0.0,0.10406668890250444,0.06818825387443841
1153,pltd_tim385,1,385,diesel,0.01938629258736278,0.0379,-0.018513707412637224,0.06992322810230153
1154,plts_tim385,1,385,solar,0.06074229120513108,0.0,0.06074229120513108,0.08564973599301544
1155,batt_tim385,1,385,battery,0.02466389191547834,0.0,0.02466389191547834,0.01616074253720971
1156,pltd_tim386,1,386,diesel,0.02328334109876741,0.0468,-0.02351665890123259,0.08516907259110816
1157,plts_tim386,1,386,solar,0.0765126373995867,0.0,0.0765126373995867,0.10729241854122039
1158,batt_tim386,1,386,battery,0.03256475693589062,0.0,0.03256475693589062,0.021121324927772234
1159,pltd_tim387,1,387,diesel,0.10545055383383856,0.2046,-0.09914944616616145,0.3790103818680678
1160,plts_tim387,1,387,solar,0.3296839248114692,0.0,0.3296839248114692,0.4605216673425882
1161,batt_tim387,1,387,battery,0.13120709920949397,0.0,0.13120709920949397,0.08554186835794572
1162,pltd_tim388,1,388,diesel,0.033985099453352735,0.0659,-0.031914900546647265,0.1221498103743788
1163,plts_tim388,1,388,solar,0.10625441426161639,0.0,0.10625441426161639,0.14842210387648977
1164,batt_tim388,1,388,battery,0.04228776700697978,0.0,0.04228776700697978,0.02756998691451227
1165,pltd_tim389,1,389,diesel,0.021908927449548435,0.0428,-0.020891072550451563,0.07902063904804538
1166,plts_tim389,1,389,solar,0.06864205729401872,0.0,0.06864205729401872,0.09678884929182638
1167,batt_tim389,1,389,battery,0.027869966563403598,0.0,0.027869966563403598,0.018261453454445947
1168,pltd_tim390,1,390,diesel,0.0335094380452514,0.0644,-0.030890561954748597,0.1213480708880963
1169,plts_tim390,1,390,solar,0.10360758138984758,0.0,0.10360758138984758,0.14274514417363218
1170,batt_tim390,1,390,battery,0.04027462668677603,0.0,0.04027462668677603,0.026060378457068396
1171,pltd_tim391,1,391,diesel,0.047441876232533924,0.0927,-0.04525812376746608,0.17111353669946208
1172,plts_tim391,1,391,solar,0.1486450849274027,0.0,0.1486450849274027,0.20959725480126926
1173,batt_tim391,1,391,battery,0.060355778256693346,0.0,0.060355778256693346,0.039547364270615004
1174,pltd_tim392,1,392,diesel,0.08618607056033907,0.1688,-0.08261392943966094,0.31432919094710277
1175,plts_tim392,1,392,solar,0.2749351373286349,0.0,0.2749351373286349,0.3786943116627879
1176,batt_tim392,1,392,battery,0.110572700187376,0.0,0.110572700187376,0.0714640364443437
1177,pltd_tim393,1,393,diesel,0.0634192758454708,0.1275,-0.0640807241545292,0.23198071839558576
1178,plts_tim393,1,393,solar,0.20838886351053995,0.0,0.20838886351053995,0.2922220049939024
1179,batt_tim393,1,393,battery,0.0886876261011871,0.0,0.0886876261011871,0.05752230718304565
1180,pltd_tim394,1,394,diesel,0.02595057680411511,0.0508,-0.024849423195884887,0.09464319593625077
1181,plts_tim394,1,394,solar,0.08278249613434734,0.0,0.08278249613434734,0.11402220667609955
1182,batt_tim394,1,394,battery,0.03329130132443564,0.0,0.03329130132443564,0.021516551337192453
1183,pltd_tim395,1,395,diesel,0.05378783593963642,0.1054,-0.05161216406036357,0.19617001998140463
1184,plts_tim395,1,395,solar,0.171582455098321,0.0,0.171582455098321,0.2363376114082807
1185,batt_tim395,1,395,battery,0.06900647204366889,0.0,0.06900647204366889,0.044599414801418914
1186,pltd_tim396,1,396,diesel,0.0780080404573074,0.1528,-0.07479195954269259,0.2845030975947521
1187,plts_tim396,1,396,solar,0.2488461105393081,0.0,0.2488461105393081,0.3427594615687935
1188,batt_tim396,1,396,battery,0.10007991098374285,0.0,0.10007991098374285,0.06468244273711629
1189,pltd_tim397,1,397,diesel,0.03247584755922044,0.0653,-0.032824152440779554,0.11879231220611002
1190,plts_tim397,1,397,solar,0.10671082390658773,0.0,0.10671082390658773,0.14963991835957785
1191,batt_tim397,1,397,battery,0.04541449306782909,0.0,0.04541449306782909,0.029455526797329483
1192,pltd_tim398,1,398,diesel,0.04462611451808716,0.0866,-0.04197388548191284,0.16039518015408163
1193,plts_tim398,1,398,solar,0.13951935661329654,0.0,0.13951935661329654,0.19488881584678952
1194,batt_tim398,1,398,battery,0.05552527846638167,0.0,0.05552527846638167,0.03620028405789838
1195,pltd_tim399,1,399,diesel,0.058124840967313095,0.1128,-0.0546751590326869,0.20891262552149548
1196,plts_tim399,1,399,solar,0.18172263548969525,0.0,0.18172263548969525,0.2538410671083936
1197,batt_tim399,1,399,battery,0.07232141070667408,0.0,0.07232141070667408,0.04715073195272311
1198,pltd_tim400,1,400,diesel,0.04902001342618676,0.0986,-0.04957998657381323,0.17930950830469927
1199,plts_tim400,1,400,solar,0.1610729404203211,0.0,0.1610729404203211,0.22587131448459546
1200,batt_tim400,1,400,battery,0.06854984674256563,0.0,0.06854984674256563,0.044461073449156195
1201,pltd_tim401,1,401,diesel,0.05494787211798676,0.1066,-0.05165212788201324,0.19749490543416837
1202,plts_tim401,1,401,solar,0.1717947273958014,0.0,0.1717947273958014,0.23997256428443975
1203,batt_tim401,1,401,battery,0.06837168756549437,0.0,0.06837168756549437,0.04457575126889008
1204,pltd_tim402,1,402,diesel,0.03509714325485037,0.0681,-0.03300285674514963,0.12614664538290798
1205,plts_tim402,1,402,solar,0.10972918254388142,0.0,0.10972918254388142,0.15327610195674143
1206,batt_tim402,1,402,battery,0.04366964172202212,0.0,0.04366964172202212,0.028470930340277097
1207,pltd_tim403,1,403,diesel,0.06654190900640586,0.1291,-0.06255809099359413,0.23916487213243842
1208,plts_tim403,1,403,solar,0.2080380385814049,0.0,0.2080380385814049,0.2905996881871737
1209,batt_tim403,1,403,battery,0.0827942490661538,0.0,0.0827942490661538,0.0539786165689667
1210,pltd_tim404,1,404,diesel,0.1014373761485258,0.2175,-0.1160626238514742,0.38006335154484705
1211,plts_tim404,1,404,solar,0.35372748835051,0.0,0.35372748835051,0.5161908310646922
1212,batt_tim404,1,404,battery,0.16895001268429657,0.0,0.16895001268429657,0.11089729982915708
1213,pltd_tim405,1,405,diesel,0.09353312669706783,0.2006,-0.10706687330293217,0.35045145400358796
1214,plts_tim405,1,405,solar,0.3261737782874491,0.0,0.3261737782874491,0.47598186358002015
1215,batt_tim405,1,405,battery,0.15579277589812,0.0,0.15579277589812,0.10226099598159198
1216,pltd_tim406,1,406,diesel,0.061580908973710415,0.1238,-0.06221909102628958,0.22525647072497837
1217,plts_tim406,1,406,solar,0.2023486283014604,0.0,0.2023486283014604,0.28375198524477163
1218,batt_tim406,1,406,battery,0.08611713341778064,0.0,0.08611713341778064,0.05585510978137685
1219,pltd_tim407,1,407,diesel,0.10141041592140872,0.2039,-0.10248958407859128,0.3709475736461056
1220,plts_tim407,1,407,solar,0.3332188966810796,0.0,0.3332188966810796,0.46727032594517987
1221,batt_tim407,1,407,battery,0.1418115416510065,0.0,0.1418115416510065,0.09197820454877653
1222,pltd_tim408,1,408,diesel,0.08134082904868256,0.1636,-0.08225917095131743,0.29753763013472223
1223,plts_tim408,1,408,solar,0.26728452002880315,0.0,0.26728452002880315,0.3748095969909989
1224,batt_tim408,1,408,battery,0.11375455034679034,0.0,0.11375455034679034,0.0737806713908405
1225,pltd_tim409,1,409,diesel,0.03049137326489229,0.0591,-0.02860862673510771,0.10959292564941313
1226,plts_tim409,1,409,solar,0.09533049097751424,0.0,0.09533049097751424,0.1331634726537178
1227,batt_tim409,1,409,battery,0.03794002257891176,0.0,0.03794002257891176,0.024735395846215154
1228,pltd_tim410,1,410,diesel,0.03783658746307151,0.0761,-0.03826341253692849,0.1384032534366109
1229,plts_tim410,1,410,solar,0.12432929750421358,0.0,0.12432929750421358,0.17434590808804537
1230,batt_tim410,1,410,battery,0.052913456693724825,0.0,0.052913456693724825,0.034319433170588
1231,pltd_tim411,1,411,diesel,0.08178686816009766,0.1587,-0.07691313183990235,0.2939593659120804
1232,plts_tim411,1,411,solar,0.2557048913241904,0.0,0.2557048913241904,0.35718361829171336
1233,batt_tim411,1,411,battery,0.10176667504661306,0.0,0.10176667504661306,0.06634793010535724
1234,pltd_tim412,1,412,diesel,0.06853340028651564,0.147,-0.07846659971348435,0.25678189450706274
1235,plts_tim412,1,412,solar,0.2389941943467982,0.0,0.2389941943467982,0.3487619402269023
1236,batt_tim412,1,412,battery,0.11415310949223027,0.0,0.11415310949223027,0.07492907804425657
1237,pltd_tim413,1,413,diesel,0.09877948981226897,0.1916,-0.09282051018773102,0.35503449237917206
1238,plts_tim413,1,413,solar,0.3088320940005987,0.0,0.3088320940005987,0.4313945601042892
1239,batt_tim413,1,413,battery,0.12291009241916716,0.0,0.12291009241916716,0.08013265608563534
1240,pltd_tim414,1,414,diesel,0.085477353957401,0.1719,-0.086422646042599,0.3126685966456895
1241,plts_tim414,1,414,solar,0.28087318086333674,0.0,0.28087318086333674,0.3938657738694795
1242,batt_tim414,1,414,battery,0.11953651198618916,0.0,0.11953651198618916,0.07753083799534227
1243,pltd_tim415,1,415,diesel,0.07184420623500125,0.1445,-0.07265579376499874,0.26279861197388027
1244,plts_tim415,1,415,solar,0.23607439596387164,0.0,0.23607439596387164,0.3310448183624
1245,batt_tim415,1,415,battery,0.10047043776220993,0.0,0.10047043776220993,0.06516460777400263
1246,pltd_tim416,1,416,diesel,0.09681358373669036,0.1947,-0.09788641626330966,0.35413450209900854
1247,plts_tim416,1,416,solar,0.31812055071492973,0.0,0.31812055071492973,0.446097771471678
1248,batt_tim416,1,416,battery,0.13538793021140608,0.0,0.13538793021140608,0.08781195392614555
1249,pltd_tim417,1,417,diesel,0.017156937692479432,0.0345,-0.01734306230752057,0.0627581855201171
1250,plts_tim417,1,417,solar,0.056375530040104455,0.0,0.056375530040104455,0.07905518807727223
1251,batt_tim417,1,417,battery,0.02399295355268821,0.0,0.02399295355268821,0.015561671652182536
1252,pltd_tim418,1,418,diesel,0.02818637120478046,0.0567,-0.02851362879521954,0.1031028453522811
1253,plts_tim418,1,418,solar,0.0926169418067299,0.0,0.0926169418067299,0.12987611537817842
1254,batt_tim418,1,418,battery,0.03941637024986543,0.0,0.03941637024986543,0.025565262760868058
1255,pltd_tim419,1,419,diesel,0.032562050313262605,0.0628,-0.03023794968673739,0.11778973796982674
1256,plts_tim419,1,419,solar,0.10064100831680428,0.0,0.10064100831680428,0.14008689921313536
1257,batt_tim419,1,419,battery,0.03983549898040408,0.0,0.03983549898040408,0.025996425247532262
1258,pltd_tim420,1,420,diesel,0.04208218785194514,0.0823,-0.04021781214805486,0.15178388592865916
1259,plts_tim420,1,420,solar,0.13185574892553706,0.0,0.13185574892553706,0.18592343654030344
1260,batt_tim420,1,420,battery,0.05353987085432996,0.0,0.05353987085432996,0.03508137606162123
1261,pltd_tim421,1,421,diesel,0.019312614518079873,0.0373,-0.017987385481920127,0.06986334298279122
1262,plts_tim421,1,421,solar,0.05969556571355847,0.0,0.05969556571355847,0.0830931909651288
1263,batt_tim421,1,421,battery,0.02363047338981679,0.0,0.02363047338981679,0.015421221843732293
1264,pltd_tim422,1,422,diesel,0.06099773830055009,0.1192,-0.05820226169944991,0.22000491795510277
1265,plts_tim422,1,422,solar,0.191113327109995,0.0,0.191113327109995,0.2694798638401445
1266,batt_tim422,1,422,battery,0.07759788614821299,0.0,0.07759788614821299,0.05084495841061976
1267,pltd_tim423,1,423,diesel,0.09109185315267745,0.1953,-0.10420814684732255,0.3413016871792616
1268,plts_tim423,1,423,solar,0.3176548226777415,0.0,0.3176548226777415,0.463550179258916
1269,batt_tim423,1,423,battery,0.1517220678869271,0.0,0.1517220678869271,0.0995889816630736
1270,pltd_tim424,1,424,diesel,0.04827506797955727,0.1035,-0.05522493202044272,0.18087757146728042
1271,plts_tim424,1,424,solar,0.1683482001658748,0.0,0.1683482001658748,0.24566844015367462
1272,batt_tim424,1,424,battery,0.08040964741953219,0.0,0.08040964741953219,0.05278019080997881
1273,pltd_tim425,1,425,diesel,0.08405150056458913,0.1802,-0.09614849943541087,0.31492418080083584
1274,plts_tim425,1,425,solar,0.2931031926394796,0.0,0.2931031926394796,0.4277227937949514
1275,batt_tim425,1,425,battery,0.13999525636210983,0.0,0.13999525636210983,0.09189159818095448
1276,pltd_tim426,1,426,diesel,0.02327477521783959,0.0499,-0.02662522478216041,0.08720794930699692
1277,plts_tim426,1,426,solar,0.08116861323493517,0.0,0.08116861323493517,0.11844858435738068
1278,batt_tim426,1,426,battery,0.03877043653832753,0.0,0.03877043653832753,0.02544855106183304
1279,pltd_tim427,1,427,diesel,0.09727078521990462,0.2086,-0.11132921478009539,0.36445141366942363
1280,plts_tim427,1,427,solar,0.3391975576592231,0.0,0.3391975576592231,0.4949879645350472
1281,batt_tim427,1,427,battery,0.16201052823127904,0.0,0.16201052823127904,0.10634220601920664
1282,pltd_tim428,1,428,diesel,0.10114990477923805,0.2169,-0.11575009522076196,0.3789860297190419
1283,plts_tim428,1,428,solar,0.3527256591677753,0.0,0.3527256591677753,0.5147293562587335
1284,batt_tim428,1,428,battery,0.1684721132735982,0.0,0.1684721132735982,0.11058356099140003
1285,pltd_tim429,1,429,diesel,0.05804578770866861,0.1245,-0.06645421229133139,0.21748560749422338
1286,plts_tim429,1,429,solar,0.20241720693005377,0.0,0.20241720693005377,0.2953853073058628
1287,batt_tim429,1,429,battery,0.09668087257712356,0.0,0.09668087257712356,0.06346051609225094
1288,pltd_tim430,1,430,diesel,0.0735624957409329,0.1577,-0.0841375042590671,0.2756243890062587
1289,plts_tim430,1,430,solar,0.2565296124852076,0.0,0.2565296124852076,0.3743508604981286
1290,batt_tim430,1,430,battery,0.12252767202496881,0.0,0.12252767202496881,0.0804261007484412
1291,pltd_tim431,1,431,diesel,0.062356458721500634,0.1337,-0.07134354127849937,0.23363620313487543
1292,plts_tim431,1,431,solar,0.21744805200468886,0.0,0.21744805200468886,0.31731965724404515
1293,batt_tim431,1,431,battery,0.10385999642228312,0.0,0.10385999642228312,0.06817280191144154
1294,pltd_tim432,1,432,diesel,0.06278744196984085,0.1346,-0.07181255803015915,0.23525060830221858
1295,plts_tim432,1,432,solar,0.21895079578808938,0.0,0.21895079578808938,0.319512961206915
1296,batt_tim432,1,432,battery,0.1045779955522908,0.0,0.1045779955522908,0.06864400158529804
1297,pltd_tim433,1,433,diesel,0.0856319661219289,0.1722,-0.08656803387807109,0.31323153772651485
1298,plts_tim433,1,433,solar,0.28137391801031886,0.0,0.28137391801031886,0.3945685731415595
1299,batt_tim433,1,433,battery,0.11974789266207969,0.0,0.11974789266207969,0.07766780214224217
1300,pltd_tim434,1,434,diesel,0.0390810825190175,0.0838,-0.0447189174809825,0.14642771977133906
1301,plts_tim434,1,434,solar,0.13627944366221534,0.0,0.13627944366221534,0.19887109932126046
1302,batt_tim434,1,434,battery,0.06508956724210832,0.0,0.06508956724210832,0.0427242188703796
1303,pltd_tim435,1,435,diesel,0.0405168287905762,0.0869,-0.046383171209423806,0.15180867129469117
1304,plts_tim435,1,435,solar,0.14129199727205985,0.0,0.14129199727205985,0.2061858784878451
1305,batt_tim435,1,435,battery,0.0674864775242798,0.0,0.0674864775242798,0.04429751507382465
1306,pltd_tim436,1,436,diesel,0.05656580941896143,0.1152,-0.05863419058103857,0.20604621381115062
1307,plts_tim436,1,436,solar,0.18635014664911773,0.0,0.18635014664911773,0.2678335357271114
1308,batt_tim436,1,436,battery,0.08147869883130913,0.0,0.08147869883130913,0.05375156560610983
1309,pltd_tim437,1,437,diesel,0.09511428518898855,0.2039,-0.10878571481101144,0.3563742122534403
1310,plts_tim437,1,437,solar,0.3316838387909723,0.0,0.3316838387909723,0.4840231394306937
1311,batt_tim437,1,437,battery,0.15842375265452643,0.0,0.15842375265452643,0.10398789365368166
1312,pltd_tim438,1,438,diesel,0.10217531227804257,0.2055,-0.10332468772195742,0.3737475163971277
1313,plts_tim438,1,438,solar,0.33573752977842336,0.0,0.33573752977842336,0.4708016114827679
1314,batt_tim438,1,438,battery,0.1428848405513299,0.0,0.1428848405513299,0.09267443238661935
1315,pltd_tim439,1,439,diesel,0.04718861634536532,0.0961,-0.04891138365463468,0.17188876049351975
1316,plts_tim439,1,439,solar,0.15545718909768752,0.0,0.15545718909768752,0.22343299023786584
1317,batt_tim439,1,439,battery,0.0679716172247452,0.0,0.0679716172247452,0.044840848884567415
1318,pltd_tim440,1,440,diesel,0.04022875926451238,0.0863,-0.04607124073548762,0.1507313207054463
1319,plts_tim440,1,440,solar,0.1402901680142957,0.0,0.1402901680142957,0.20472429929215566
1320,batt_tim440,1,440,battery,0.06700857800118296,0.0,0.06700857800118296,0.04398379642258303
1321,pltd_tim441,1,441,diesel,0.055147657240574244,0.1109,-0.055752342759425755,0.2017234641612303
1322,plts_tim441,1,441,solar,0.18120705772469978,0.0,0.18120705772469978,0.25410509161196787
1323,batt_tim441,1,441,battery,0.07711846227930684,0.0,0.07711846227930684,0.050018607682474556
1324,pltd_tim442,1,442,diesel,0.034772344883671494,0.0699,-0.03512765511632851,0.1271947688911213
1325,plts_tim442,1,442,solar,0.11426373361526386,0.0,0.11426373361526386,0.16023045908381442
1326,batt_tim442,1,442,battery,0.048630742514000715,0.0,0.048630742514000715,0.03154167941598072
1327,pltd_tim443,1,443,diesel,0.10365427598435163,0.2252,-0.12154572401564838,0.39145462282518895
1328,plts_tim443,1,443,solar,0.36925952008094787,0.0,0.36925952008094787,0.5369899553762683
1329,batt_tim443,1,443,battery,0.1800224784654909,0.0,0.1800224784654909,0.11732290546926753
1330,pltd_tim444,1,444,diesel,0.04856106355596481,0.0977,-0.049138936444035185,0.17762945528319354
1331,plts_tim444,1,444,solar,0.15956176057942956,0.0,0.15956176057942956,0.22375224596870358
1332,batt_tim444,1,444,battery,0.06790568342382731,0.0,0.06790568342382731,0.04404322889630427
1333,pltd_tim445,1,445,diesel,0.14874523554757346,0.2991,-0.15035476445242651,0.5440930066298326
1334,plts_tim445,1,445,solar,0.48875532758163903,0.0,0.48875532758163903,0.6853777214783351
1335,batt_tim445,1,445,battery,0.20800546236356787,0.0,0.20800546236356787,0.1349112262444503
1336,pltd_tim446,1,446,diesel,0.06709561078669946,0.1349,-0.06780438921330054,0.2454291393442106
1337,plts_tim446,1,446,solar,0.22046933393428514,0.0,0.22046933393428514,0.3091620836053861
1338,batt_tim446,1,446,battery,0.09382861147388918,0.0,0.09382861147388918,0.0608567587794193
1339,pltd_tim447,1,447,diesel,0.06755636884357145,0.1359,-0.06834363115642854,0.2471123076093303
1340,plts_tim447,1,447,solar,0.22197752432594964,0.0,0.22197752432594964,0.3112775822058062
1341,batt_tim447,1,447,battery,0.094469127715847,0.0,0.094469127715847,0.06127209811634899
1342,pltd_tim448,1,448,diesel,0.05048088594906004,0.1097,-0.059219114050939964,0.19064218946617154
1343,plts_tim448,1,448,solar,0.17982931359722132,0.0,0.17982931359722132,0.26151435346358687
1344,batt_tim448,1,448,battery,0.08766936122838302,0.0,0.08766936122838302,0.05713520646509859
1345,pltd_tim449,1,449,diesel,0.06466039475315603,0.1405,-0.07583960524684398,0.24419208380409319
1346,plts_tim449,1,449,solar,0.2303440351468219,0.0,0.2303440351468219,0.33497443856098225
1347,batt_tim449,1,449,battery,0.11229652156848027,0.0,0.11229652156848027,0.0731850635186808
1348,pltd_tim450,1,450,diesel,0.1322008705668649,0.2659,-0.13369912943313514,0.48357570764900953
1349,plts_tim450,1,450,solar,0.43439321047899665,0.0,0.43439321047899665,0.6091462659686222
1350,batt_tim450,1,450,battery,0.18487010793727296,0.0,0.18487010793727296,0.11990579097297947
1351,pltd_tim451,1,451,diesel,0.3794438734810604,0.7631,-0.3836561265189396,1.3879650002128547
1352,plts_tim451,1,451,solar,1.2468085867424514,0.0,1.2468085867424514,1.7483892138160602
1353,batt_tim451,1,451,battery,0.5306230724847596,0.0,0.5306230724847596,0.3441593549677438
1354,pltd_tim452,1,452,diesel,0.11979314778017293,0.2409,-0.12110685221982707,0.43818884613928605
1355,plts_tim452,1,452,solar,0.39362124897990486,0.0,0.39362124897990486,0.5519718533311714
1356,batt_tim452,1,452,battery,0.16751738874440705,0.0,0.16751738874440705,0.10865087080175292
1357,pltd_tim453,1,453,diesel,0.1197931477794728,0.2409,-0.12110685222052721,0.4381888461377076
1358,plts_tim453,1,453,solar,0.3936212489814199,0.0,0.3936212489814199,0.5519718533329465
1359,batt_tim453,1,453,battery,0.1675173887462291,0.0,0.1675173887462291,0.10865087080287036
1360,pltd_tim454,1,454,diesel,0.14062625169555237,0.2828,-0.14217374830444762,0.5143945808389221
1361,plts_tim454,1,454,solar,0.46207724827803587,0.0,0.46207724827803587,0.6479672683946386
1362,batt_tim454,1,454,battery,0.1966517861500751,0.0,0.1966517861500751,0.12754728177671804
1363,pltd_tim455,1,455,diesel,0.08976781899328694,0.1805,-0.09073218100671306,0.32836012479208276
1364,plts_tim455,1,455,solar,0.29496556831764537,0.0,0.29496556831764537,0.4136274530880555
1365,batt_tim455,1,455,battery,0.12553258140613122,0.0,0.12553258140613122,0.08141975225775831
1366,pltd_tim456,1,456,diesel,0.11221245981385315,0.2406,-0.12838754018614684,0.42043640398653015
1367,plts_tim456,1,456,solar,0.39130630544054634,0.0,0.39130630544054634,0.5710290437593225
1368,batt_tim456,1,456,battery,0.1869001497487629,0.0,0.1869001497487629,0.12267962717826879
1369,pltd_tim457,1,457,diesel,0.09109185315991608,0.1953,-0.10420814684008392,0.34130168719440684
1370,plts_tim457,1,457,solar,0.3176548226651787,0.0,0.3176548226651787,0.4635501792415474
1371,batt_tim457,1,457,battery,0.15172206786801312,0.0,0.15172206786801312,0.09958898165116606
1372,pltd_tim458,1,458,diesel,0.14482700340723306,0.3105,-0.16567299659276694,0.5426368129773154
1373,plts_tim458,1,458,solar,0.5050411785223127,0.0,0.5050411785223127,0.7370013889281336
1374,batt_tim458,1,458,battery,0.24122426761156132,0.0,0.24122426761156132,0.1583374703198558
1375,pltd_tim459,1,459,diesel,0.04511494085316684,0.0967,-0.05158505914683315,0.16903591552002079
1376,plts_tim459,1,459,solar,0.1573246718758593,0.0,0.1573246718758593,0.2295814690681496
1377,batt_tim459,1,459,battery,0.07514304129800937,0.0,0.07514304129800937,0.04932331628251609
1378,pltd_tim460,1,460,diesel,0.07988504878863627,0.1713,-0.09141495121136374,0.2993125791401389
1379,plts_tim460,1,460,solar,0.2785732619608876,0.0,0.2785732619608876,0.40651891701550774
1380,batt_tim460,1,460,battery,0.13305485192825314,0.0,0.13305485192825314,0.08733605841457993
1381,pltd_tim461,1,461,diesel,0.11205048850583041,0.2659,-0.15384951149416962,0.43966626936510256
1382,plts_tim461,1,461,solar,0.446470897430568,0.0,0.446470897430568,0.6600487419467955
1383,batt_tim461,1,461,battery,0.23997908233377818,0.0,0.23997908233377818,0.15844034244751878
1384,pltd_tim462,1,462,diesel,0.11684277755219462,0.2668,-0.14995722244780535,0.4479875579081306
1385,plts_tim462,1,462,solar,0.4429182620928054,0.0,0.4429182620928054,0.6540536745186857
1386,batt_tim462,1,462,battery,0.22703620358339913,0.0,0.22703620358339913,0.15074264617416383
1387,pltd_tim463,1,463,diesel,0.0975578879206097,0.2092,-0.1116421120793903,0.36552813451915
1388,plts_tim463,1,463,solar,0.34019938682212897,0.0,0.34019938682212897,0.4964499085994123
1389,batt_tim463,1,463,battery,0.16248888761209077,0.0,0.16248888761209077,0.1066562245814051
1390,pltd_tim464,1,464,diesel,0.13663744256227675,0.293,-0.15636255743772323,0.5119519470816338
1391,plts_tim464,1,464,solar,0.47648223157877734,0.0,0.47648223157877734,0.6953256728371184
1392,batt_tim464,1,464,battery,0.2275840181815153,0.0,0.2275840181815153,0.14938411623668443
1393,pltd_tim465,1,465,diesel,0.07126450453261875,0.1528,-0.08153549546738124,0.267012850563991
1394,plts_tim465,1,465,solar,0.24851157151669961,0.0,0.24851157151669961,0.3626504253010751
1395,batt_tim465,1,465,battery,0.11869660379409147,0.0,0.11869660379409147,0.07791139211144667
1396,pltd_tim466,1,466,diesel,0.22384980969603624,0.48,-0.25615019030396374,0.8387185571864113
1397,plts_tim466,1,466,solar,0.7806089488562348,0.0,0.7806089488562348,1.1391348003529056
1398,batt_tim466,1,466,battery,0.372844955210652,0.0,0.372844955210652,0.2447320814410642
1399,pltd_tim467,1,467,diesel,0.02413727961615579,0.0518,-0.027662720383844208,0.09043883049855354
1400,plts_tim467,1,467,solar,0.08417410090095458,0.0,0.08417410090095458,0.12283495777943128
1401,batt_tim467,1,467,battery,0.040205514949209355,0.0,0.040205514949209355,0.02639051025188302
1402,pltd_tim468,1,468,diesel,0.113218446048456,0.2428,-0.12958155395154397,0.42420540180424837
1403,plts_tim468,1,468,solar,0.3948127075764307,0.0,0.3948127075764307,0.5761464900842249
1404,batt_tim468,1,468,battery,0.1885748676806448,0.0,0.1885748676806448,0.12377881376182313
1405,pltd_tim469,1,469,diesel,0.061493784968950214,0.1319,-0.07040621503104977,0.23040469304772954
1406,plts_tim469,1,469,solar,0.21444256446471008,0.0,0.21444256446471008,0.31293390971262774
1407,batt_tim469,1,469,battery,0.10242537820281183,0.0,0.10242537820281183,0.06723107757463902
1408,pltd_tim470,1,470,diesel,0.03893729237757195,0.0835,-0.044562707622428054,0.14588902437979165
1409,plts_tim470,1,470,solar,0.13577852896131512,0.0,0.13577852896131512,0.19814070395407968
1410,batt_tim470,1,470,battery,0.06485130737230879,0.0,0.06485130737230879,0.04256778726474777
1411,pltd_tim471,1,471,diesel,0.08117674529987809,0.1741,-0.09292325470012192,0.30415451059639287
1412,plts_tim471,1,471,solar,0.28308490083264864,0.0,0.28308490083264864,0.4131030204956254
1413,batt_tim471,1,471,battery,0.1352125822862715,0.0,0.1352125822862715,0.08875235445647484
1414,pltd_tim472,1,472,diesel,0.029454045279576273,0.0632,-0.03374595472042373,0.11035830402125897
1415,plts_tim472,1,472,solar,0.10271134918742997,0.0,0.10271134918742997,0.14988572571443975
1416,batt_tim472,1,472,battery,0.04905797834270719,0.0,0.04905797834270719,0.03220118609795218
1417,pltd_tim473,1,473,diesel,0.019539337248729912,0.0419,-0.022360662751270088,0.07321124620267427
1418,plts_tim473,1,473,solar,0.06814142559254124,0.0,0.06814142559254124,0.09943844067726063
1419,batt_tim473,1,473,battery,0.032548490104878064,0.0,0.032548490104878064,0.021364517741143195
1420,pltd_tim474,1,474,diesel,0.02816044865464807,0.0604,-0.03223955134535193,0.10551178323024968
1421,plts_tim474,1,474,solar,0.09820311762756057,0.0,0.09820311762756057,0.14330728657181188
1422,batt_tim474,1,474,battery,0.04690628064036079,0.0,0.04690628064036079,0.030788802685452015
1423,pltd_tim475,1,475,diesel,0.052154048538172966,0.1118,-0.05964595146182703,0.1954116933859418
1424,plts_tim475,1,475,solar,0.18187630139704233,0.0,0.18187630139704233,0.2654103333664278
1425,batt_tim475,1,475,battery,0.0868721520441497,0.0,0.0868721520441497,0.05702208926431144
1426,pltd_tim476,1,476,diesel,0.02643740032469624,0.0567,-0.030262599675303762,0.09905429108924328
1427,plts_tim476,1,476,solar,0.0921887347828211,0.0,0.0921887347828211,0.13453012654550617
1428,batt_tim476,1,476,battery,0.044031010869761085,0.0,0.044031010869761085,0.028901582518833492
1429,pltd_tim477,1,477,diesel,0.06112195910645291,0.1229,-0.06177804089354708,0.22357684137083467
1430,plts_tim477,1,477,solar,0.20083744845412554,0.0,0.20083744845412554,0.2816329493105619
1431,batt_tim477,1,477,battery,0.08547297009131091,0.0,0.08547297009131091,0.05543726522324687
1432,pltd_tim478,1,478,diesel,0.0849145430043908,0.1821,-0.09718545699560921,0.3181554033154491
1433,plts_tim478,1,478,solar,0.2961086801667101,0.0,0.2961086801667101,0.43210821541620525
1434,batt_tim478,1,478,battery,0.14142941456267297,0.0,0.14142941456267297,0.09283295903299041
1435,pltd_tim479,1,479,diesel,0.09163352030789979,0.1778,-0.08616647969210023,0.3293502011536242
1436,plts_tim479,1,479,solar,0.28648785364078394,0.0,0.28648785364078394,0.40018293669379307
1437,batt_tim479,1,479,battery,0.11401640662082975,0.0,0.11401640662082975,0.07433425275723807
1438,pltd_tim480,1,480,diesel,0.040442868911893304,0.0813,-0.040857131088106693,0.14793351203155378
1439,plts_tim480,1,480,solar,0.132882186812802,0.0,0.132882186812802,0.186340203780974
1440,batt_tim480,1,480,battery,0.05654995400046665,0.0,0.05654995400046665,0.036677922311070726
1441,pltd_tim481,1,481,diesel,0.08547735395837218,0.1719,-0.08642264604162782,0.31266859664804475
1442,plts_tim481,1,481,solar,0.28087318086073343,0.0,0.28087318086073343,0.3938657738668173
1443,batt_tim481,1,481,battery,0.11953651198367857,0.0,0.11953651198367857,0.07753083799357789
1444,pltd_tim482,1,482,diesel,0.08496454415027811,0.1648,-0.07983545584972189,0.3053786010578845
1445,plts_tim482,1,482,solar,0.2656327996064997,0.0,0.2656327996064997,0.37105135877111145
1446,batt_tim482,1,482,battery,0.10571501844640066,0.0,0.10571501844640066,0.06892203040688943
1447,pltd_tim483,1,483,diesel,0.18294916539016426,0.3549,-0.17195083460983573,0.657557921087679
1448,plts_tim483,1,483,solar,0.5719829094295745,0.0,0.5719829094295745,0.7989794127613464
1449,batt_tim483,1,483,battery,0.22763870525537655,0.0,0.22763870525537655,0.14841158479240335
1450,pltd_tim484,1,484,diesel,0.05517299288395085,0.1183,-0.06312700711604916,0.20672015725504145
1451,plts_tim484,1,484,solar,0.1923955076619381,0.0,0.1923955076619381,0.2807606385709215
1452,batt_tim484,1,484,battery,0.09189308562437819,0.0,0.09189308562437819,0.06031780165577276
1453,pltd_tim485,1,485,diesel,0.06924037492629223,0.1392,-0.06995962507370776,0.25327430265419887
1454,plts_tim485,1,485,solar,0.22751552765771607,0.0,0.22751552765771607,0.31904351959421456
1455,batt_tim485,1,485,battery,0.09682710617938213,0.0,0.09682710617938213,0.06280156871218716
1456,pltd_tim486,1,486,diesel,0.056678859356827725,0.114,-0.05732114064317228,0.20732588831744247
1457,plts_tim486,1,486,solar,0.18624133443586,0.0,0.18624133443586,0.26116440558737425
1458,batt_tim486,1,486,battery,0.07926141296054436,0.0,0.07926141296054436,0.05140861290001949
1459,pltd_tim487,1,487,diesel,0.0850859746479585,0.1762,-0.0911140253520415,0.3143626530428417
1460,plts_tim487,1,487,solar,0.29113279406618486,0.0,0.29113279406618486,0.41098515923475926
1461,batt_tim487,1,487,battery,0.13163932213151736,0.0,0.13163932213151736,0.08546259164345117
1462,pltd_tim488,1,488,diesel,0.07429714572346768,0.1494,-0.07510285427653232,0.27176886098528014
1463,plts_tim488,1,488,solar,0.24412355872199595,0.0,0.24412355872199595,0.342333135996129
1464,batt_tim488,1,488,battery,0.10389282737571419,0.0,0.10389282737571419,0.06738426738012207
1465,pltd_tim489,1,489,diesel,0.05457685944336805,0.1124,-0.05782314055663195,0.20279181525946743
1466,plts_tim489,1,489,solar,0.18344040059901515,0.0,0.18344040059901515,0.25986722680651286
1467,batt_tim489,1,489,battery,0.08269969037823809,0.0,0.08269969037823809,0.05346620641223268
1468,pltd_tim490,1,490,diesel,0.03998155104643889,0.0804,-0.04041844895356111,0.14624851314953105
1469,plts_tim490,1,490,solar,0.13137549113598906,0.0,0.13137549113598906,0.1842269137873193
1470,batt_tim490,1,490,battery,0.05591195128485796,0.0,0.05591195128485796,0.03626416324576417
1471,pltd_tim491,1,491,diesel,0.0781250746295754,0.1571,-0.0789749253704246,0.28577388811164234
1472,plts_tim491,1,491,solar,0.2567107452474819,0.0,0.2567107452474819,0.3599832450277682
1473,batt_tim491,1,491,battery,0.10925248764648732,0.0,0.10925248764648732,0.07086062169918815
1474,pltd_tim492,1,492,diesel,0.030177711357092574,0.0607,-0.030522288642907423,0.11038690615426706
1475,plts_tim492,1,492,solar,0.09916090358047146,0.0,0.09916090358047146,0.1390522826549168
1476,batt_tim492,1,492,battery,0.04220143062456709,0.0,0.04220143062456709,0.02737164371988452
1477,pltd_tim493,1,493,diesel,0.23728602094608442,0.4772,-0.2399139790539156,0.8679671570623537
1478,plts_tim493,1,493,solar,0.7796970616373714,0.0,0.7796970616373714,1.0933622533231158
1479,batt_tim493,1,493,battery,0.3318283354661543,0.0,0.3318283354661543,0.2152221537699359
1480,pltd_tim494,1,494,diesel,0.0839479819002903,0.1688,-0.0848520180997097,0.30707040357508164
1481,plts_tim494,1,494,solar,0.2758344199369848,0.0,0.2758344199369848,0.3868011897040523
1482,batt_tim494,1,494,battery,0.11738832063993451,0.0,0.11738832063993451,0.07613736948651416
1483,pltd_tim495,1,495,diesel,0.15088878968432773,0.3035,-0.15261121031567226,0.5519349886493271
1484,plts_tim495,1,495,solar,0.49580451078868176,0.0,0.49580451078868176,0.6952624992989372
1485,batt_tim495,1,495,battery,0.21100760418820771,0.0,0.21100760418820771,0.1368584294110846
1486,pltd_tim496,1,496,diesel,0.06806391943433113,0.1479,-0.07983608056566888,0.25704413411827587
1487,plts_tim496,1,496,solar,0.24246756834816766,0.0,0.24246756834816766,0.3526044596094528
1488,batt_tim496,1,496,battery,0.11820685609220144,0.0,0.11820685609220144,0.07703689494939815
1489,pltd_tim497,1,497,diesel,0.04212586443714808,0.0847,-0.04257413556285192,0.1540929595426757
1490,plts_tim497,1,497,solar,0.13842317953318486,0.0,0.13842317953318486,0.19410967190414696
1491,batt_tim497,1,497,battery,0.05891157946478773,0.0,0.05891157946478773,0.03820979401628428
1492,pltd_tim498,1,498,diesel,0.06188702474907762,0.1245,-0.06261297525092238,0.22637693017720162
1493,plts_tim498,1,498,solar,0.20335608153921114,0.0,0.20335608153921114,0.2851642674223976
1494,batt_tim498,1,498,battery,0.08654580897600067,0.0,0.08654580897600067,0.056133220320795846
1495,pltd_tim499,1,499,diesel,0.03155616975718809,0.0635,-0.03194383024281191,0.11542964239435319
1496,plts_tim499,1,499,solar,0.10369145365689203,0.0,0.10369145365689203,0.14540567712162364
1497,batt_tim499,1,499,battery,0.04413027349510984,0.0,0.04413027349510984,0.02862265216831912
1498,pltd_tim500,1,500,diesel,0.07184420623491143,0.1445,-0.07265579376508856,0.26279861197372406
1499,plts_tim500,1,500,solar,0.23607439596394697,0.0,0.23607439596394697,0.3310448183625841
1500,batt_tim500,1,500,battery,0.10047043776244383,0.0,0.10047043776244383,0.06516460777413155
1501,pltd_tim501,1,501,diesel,0.05453474538442204,0.1097,-0.05516525461557797,0.19948221919580908
1502,plts_tim501,1,501,solar,0.17919364600005716,0.0,0.17919364600005716,0.2512820124239337
1503,batt_tim501,1,501,battery,0.07626178473261,0.0,0.07626178473261,0.049462991053088864
1504,pltd_tim502,1,502,diesel,0.057291831451290395,0.1152,-0.0579081685487096,0.20956721297920303
1505,plts_tim502,1,502,solar,0.1882547461643036,0.0,0.1882547461643036,0.26398827344038595
1506,batt_tim502,1,502,battery,0.08011901051145538,0.0,0.08011901051145538,0.05196474076078433
1507,pltd_tim503,1,503,diesel,0.07689998829316588,0.1547,-0.07780001170683412,0.2812912621106256
1508,plts_tim503,1,503,solar,0.2526839217646322,0.0,0.2526839217646322,0.35433655214715726
1509,batt_tim503,1,503,battery,0.10753821251177112,0.0,0.10753821251177112,0.06974871046287945
1510,pltd_tim504,1,504,diesel,0.06709561078676056,0.1349,-0.06780438921323943,0.24542913934430075
1511,plts_tim504,1,504,solar,0.22046933393425974,0.0,0.22046933393425974,0.3091620836052989
1512,batt_tim504,1,504,battery,0.09382861147375045,0.0,0.09382861147375045,0.060856758779423016
1513,pltd_tim505,1,505,diesel,0.07015963207292843,0.1411,-0.07094036792707158,0.2566360119814347
1514,plts_tim505,1,505,solar,0.23053639263069464,0.0,0.23053639263069464,0.3232793698115944
1515,batt_tim505,1,505,battery,0.09811291929698099,0.0,0.09811291929698099,0.06363550279949491
1516,pltd_tim506,1,506,diesel,0.07261034270662213,0.146,-0.07338965729337786,0.2656013320885061
1517,plts_tim506,1,506,solar,0.23859003959426023,0.0,0.23859003959426023,0.3345730293204349
1518,batt_tim506,1,506,battery,0.10154054956403395,0.0,0.10154054956403395,0.06585869500260536
1519,pltd_tim507,1,507,diesel,0.08915490714372985,0.1793,-0.09014509285627013,0.32611893641091455
1520,plts_tim507,1,507,solar,0.2929521565787249,0.0,0.2929521565787249,0.4108042239724347
1521,batt_tim507,1,507,battery,0.12467590384224564,0.0,0.12467590384224564,0.08086412409320777
1522,pltd_tim508,1,508,diesel,0.023589708233758576,0.0474,-0.023810291766241422,0.08629048554480692
1523,plts_tim508,1,508,solar,0.07751859594271455,0.0,0.07751859594271455,0.10870329383174442
1524,batt_tim508,1,508,battery,0.03299229899113202,0.0,0.03299229899113202,0.021398696904777612
1525,pltd_tim509,1,509,diesel,0.03017771135721971,0.0607,-0.030522288642780285,0.11038690615452217
1526,plts_tim509,1,509,solar,0.09916090358028959,0.0,0.09916090358028959,0.1390522826546328
1527,batt_tim509,1,509,battery,0.04220143062423972,0.0,0.04220143062423972,0.02737164371970425
1528,pltd_tim510,1,510,diesel,0.025121929244260578,0.0505,-0.025378070755739425,0.09189466173985718
1529,plts_tim510,1,510,solar,0.08255137785644368,0.0,0.08255137785644368,0.11576069239189692
1530,batt_tim510,1,510,battery,0.03513365602478007,0.0,0.03513365602478007,0.022787550649931244
1531,pltd_tim511,1,511,diesel,0.0628065332719074,0.1263,-0.0634934667280926,0.22973981128359947
1532,plts_tim511,1,511,solar,0.2063754517804799,0.0,0.2063754517804799,0.2893987172279222
1533,batt_tim511,1,511,battery,0.08783048854778822,0.0,0.08783048854778822,0.05696639726439114
1534,pltd_tim512,1,512,diesel,0.03462036034419318,0.0696,-0.03497963965580682,0.12663668618656657
1535,plts_tim512,1,512,solar,0.11375851232458294,0.0,0.11375851232458294,0.15952233104693564
1536,batt_tim512,1,512,battery,0.04841412126137893,0.0,0.04841412126137893,0.031401117904509036
1537,pltd_tim513,1,513,diesel,0.04748697298824336,0.0955,-0.048013027011756644,0.17370368261432229
1538,plts_tim513,1,513,solar,0.15604165319065635,0.0,0.15604165319065635,0.21881530974890542
1539,batt_tim513,1,513,battery,0.06641008317753778,0.0,0.06641008317753778,0.04307332486782753
1540,pltd_tim514,1,514,diesel,0.06648247767826859,0.1337,-0.06721752232173142,0.24318680105486262
1541,plts_tim514,1,514,solar,0.2184574169319401,0.0,0.2184574169319401,0.3063407437474201
1542,batt_tim514,1,514,battery,0.09297352746287069,0.0,0.09297352746287069,0.06030218800097962
1543,pltd_tim515,1,515,diesel,0.056372292807027984,0.1134,-0.05702770719297202,0.20620437790060958
1544,plts_tim515,1,515,solar,0.1852353759254963,0.0,0.1852353759254963,0.259753680245485
1545,batt_tim515,1,515,battery,0.07883387094356852,0.0,0.07883387094356852,0.05113127861928803
1546,pltd_tim516,1,516,diesel,0.06694300621534631,0.1346,-0.06765699378465369,0.24486928711245373
1547,plts_tim516,1,516,solar,0.2199656073232746,0.0,0.2199656073232746,0.30845577957944686
1548,batt_tim516,1,516,battery,0.09361358370424462,0.0,0.09361358370424462,0.06071725173427086
1549,pltd_tim517,1,517,diesel,0.05254137581300244,0.1057,-0.053158624186997565,0.19219320561356076
1550,plts_tim517,1,517,solar,0.17265416837204386,0.0,0.17265416837204386,0.24211079586507375
1551,batt_tim517,1,517,battery,0.07348196491665286,0.0,0.07348196491665286,0.047660118504773676
1552,pltd_tim518,1,518,diesel,0.03354750989915898,0.0675,-0.033952490100841025,0.12271396816300476
1553,plts_tim518,1,518,solar,0.11023541545077004,0.0,0.11023541545077004,0.15458226808505177
1554,batt_tim518,1,518,battery,0.04691533389733019,0.0,0.04691533389733019,0.030429056703812178
1555,pltd_tim519,1,519,diesel,0.02757379793257338,0.0555,-0.02792620206742662,0.10086201578494143
1556,plts_tim519,1,519,solar,0.09060353002797523,0.0,0.09060353002797523,0.1270523322004415
1557,batt_tim519,1,519,battery,0.03855877264221214,0.0,0.03855877264221214,0.02500906152317772
1558,pltd_tim520,1,520,diesel,0.07935131898862566,0.1596,-0.08024868101137433,0.2902579524595414
1559,plts_tim520,1,520,solar,0.26073607398575194,0.0,0.26073607398575194,0.3656282311412457
1560,batt_tim520,1,520,battery,0.11096424921863915,0.0,0.11096424921863915,0.07197080252322238
1561,pltd_tim521,1,521,diesel,0.0655683449477025,0.1282,-0.06263165505229751,0.23649123050586002
1562,plts_tim521,1,521,solar,0.2054343754945965,0.0,0.2054343754945965,0.28967340318140733
1563,batt_tim521,1,521,battery,0.0834127789210663,0.0,0.0834127789210663,0.0546551505826974
1564,pltd_tim522,1,522,diesel,0.0554809255244169,0.1084,-0.0529190744755831,0.20010801406907078
1565,plts_tim522,1,522,solar,0.1738290886164691,0.0,0.1738290886164691,0.24510814800111225
1566,batt_tim522,1,522,battery,0.07057986894607547,0.0,0.07057986894607547,0.04624651249477306
1567,pltd_tim523,1,523,diesel,0.0225182453091942,0.0453,-0.0227817546908058,0.08236915142243906
1568,plts_tim523,1,523,solar,0.07399400436306203,0.0,0.07399400436306203,0.10376089844198018
1569,batt_tim523,1,523,battery,0.03149145812284775,0.0,0.03149145812284775,0.020425180443249532
1570,pltd_tim524,1,524,diesel,0.05437644823188523,0.1063,-0.05192355176811478,0.19612621860197835
1571,plts_tim524,1,524,solar,0.1703741084863003,0.0,0.1703741084863003,0.24023651553132386
1572,batt_tim524,1,524,battery,0.06917917197322539,0.0,0.06917917197322539,0.045328756134995436
1573,pltd_tim525,1,525,diesel,0.050121237054897,0.098,-0.047878762945103,0.18077815762919966
1574,plts_tim525,1,525,solar,0.15703975278671758,0.0,0.15703975278671758,0.221434310405112
1575,batt_tim525,1,525,battery,0.0637639617719296,0.0,0.0637639617719296,0.04178054148025022
1576,pltd_tim526,1,526,diesel,0.03743379587072319,0.0813,-0.04386620412927681,0.14137191901658383
1577,plts_tim526,1,526,solar,0.133358869059564,0.0,0.133358869059564,0.1939351838059144
1578,batt_tim526,1,526,battery,0.06501690524351522,0.0,0.06501690524351522,0.04237231526659178
1579,pltd_tim527,1,527,diesel,0.036583064300070044,0.0795,-0.04291693569992996,0.1381588538649392
1580,plts_tim527,1,527,solar,0.130327985669703,0.0,0.130327985669703,0.18952755132553625
1581,batt_tim527,1,527,battery,0.0635393214842184,0.0,0.0635393214842184,0.04140937241637604
1582,pltd_tim528,1,528,diesel,0.03544871538021412,0.077,-0.041551284619785876,0.1338751651722916
1583,plts_tim528,1,528,solar,0.1262868078148458,0.0,0.1262868078148458,0.18365044947438106
1584,batt_tim528,1,528,battery,0.06156859646932465,0.0,0.06156859646932465,0.04012504464463167
1585,pltd_tim529,1,529,diesel,0.11810617548971698,0.2375,-0.119393824510283,0.43202138278952695
1586,plts_tim529,1,529,solar,0.3880877298386426,0.0,0.3880877298386426,0.5442116879783926
1587,batt_tim529,1,529,battery,0.16516557091587897,0.0,0.16516557091587897,0.10712558769312204
1588,pltd_tim530,1,530,diesel,0.06882050297686126,0.1476,-0.07877949702313874,0.25785868824842934
1589,plts_tim530,1,530,solar,0.2399960235276743,0.0,0.2399960235276743,0.35022372788741857
1590,batt_tim530,1,530,battery,0.11463146890005108,0.0,0.11463146890005108,0.07524313924448812
1591,pltd_tim531,1,531,diesel,0.08408650064717788,0.1827,-0.09861349935282213,0.31755584358430133
1592,plts_tim531,1,531,solar,0.2995492039305237,0.0,0.2995492039305237,0.43561445638885293
1593,batt_tim531,1,531,battery,0.14603575460719098,0.0,0.14603575460719098,0.09517339254425108
1594,pltd_tim532,1,532,diesel,0.10223633976171785,0.2221,-0.11986366023828214,0.3861001808417086
1595,plts_tim532,1,532,solar,0.364208047892857,0.0,0.364208047892857,0.529643618973974
1596,batt_tim532,1,532,battery,0.17755907238411398,0.0,0.17755907238411398,0.11571752044813496
1597,pltd_tim533,1,533,diesel,0.027726801280313528,0.0558,-0.028073198719686474,0.1014217365683652
1598,plts_tim533,1,533,solar,0.09110725668879667,0.0,0.09110725668879667,0.12775875360709488
1599,batt_tim533,1,533,battery,0.038773800472491037,0.0,0.038773800472491037,0.02514849126540262
1600,pltd_tim534,1,534,diesel,0.039981551046734426,0.0804,-0.04041844895326557,0.14624851315017182
1601,plts_tim534,1,534,solar,0.13137549113540475,0.0,0.13137549113540475,0.18422691378659417
1602,batt_tim534,1,534,battery,0.05591195128409308,0.0,0.05591195128409308,0.036264163245306874
1603,pltd_tim535,1,535,diesel,0.054427631582924435,0.1121,-0.05767236841707557,0.20223614871845988
1604,plts_tim535,1,535,solar,0.18293781572444925,0.0,0.18293781572444925,0.2591552782527696
1605,batt_tim535,1,535,battery,0.08247305685049951,0.0,0.08247305685049951,0.05331966621801722
1606,pltd_tim536,1,536,diesel,0.04197182035909202,0.0844,-0.04242817964090798,0.15353012939871
1607,plts_tim536,1,536,solar,0.13792244237184634,0.0,0.13792244237184634,0.19340641636550332
1608,batt_tim536,1,536,battery,0.05869973877221146,0.0,0.05869973877221146,0.038072435650830606
1609,pltd_tim537,1,537,diesel,0.049633515217339816,0.0998,-0.050166484782660184,0.18155266952379986
1610,plts_tim537,1,537,solar,0.1630848574166653,0.0,0.1630848574166653,0.22869282379978936
1611,batt_tim537,1,537,battery,0.06940447074640319,0.0,0.06940447074640319,0.04501533030764873
1612,pltd_tim538,1,538,diesel,0.03232160408816786,0.065,-0.032678395911832143,0.11823018856236965
1613,plts_tim538,1,538,solar,0.10621008672949483,0.0,0.10621008672949483,0.1489365194101864
1614,batt_tim538,1,538,battery,0.045202652357373065,0.0,0.045202652357373065,0.02931825422869583
1615,pltd_tim539,1,539,diesel,0.0447623159875936,0.0875,-0.04273768401240639,0.16144900692755476
1616,plts_tim539,1,539,solar,0.14025041711312586,0.0,0.14025041711312586,0.19775991898601616
1617,batt_tim539,1,539,battery,0.05694759480020651,0.0,0.05694759480020651,0.037314150840065716
1618,pltd_tim540,1,540,diesel,0.06064855453916539,0.1235,-0.0628514454608346,0.22091978707886956
1619,plts_tim540,1,540,solar,0.19980398733725344,0.0,0.19980398733725344,0.2871706080605708
1620,batt_tim540,1,540,battery,0.08736236624135553,0.0,0.08736236624135553,0.05763299908224782
1621,pltd_tim541,1,541,diesel,0.08685660167928927,0.1747,-0.08784339832071072,0.31771248288622533
1622,plts_tim541,1,541,solar,0.2854022362301892,0.0,0.2854022362301892,0.4002172726016814
1623,batt_tim541,1,541,battery,0.12146330135005089,0.0,0.12146330135005089,0.07878050268075498
1624,pltd_tim542,1,542,diesel,0.0837900335355862,0.1707,-0.08690996646441379,0.30521362229401494
1625,plts_tim542,1,542,solar,0.2760361373726115,0.0,0.2760361373726115,0.39673610440571944
1626,batt_tim542,1,542,battery,0.12069179564649736,0.0,0.12069179564649736,0.07962047127263601
1627,pltd_tim543,1,543,diesel,0.06836278128094331,0.1392,-0.07083721871905668,0.24901871233288225
1628,plts_tim543,1,543,solar,0.22521365711885893,0.0,0.22521365711885893,0.323691035512102
1629,batt_tim543,1,543,battery,0.09847079484781966,0.0,0.09847079484781966,0.06496124201190147
1630,pltd_tim544,1,544,diesel,0.07380692673078579,0.1503,-0.0764930732692142,0.268850606536944
1631,plts_tim544,1,544,solar,0.24315211147170776,0.0,0.24315211147170776,0.3494735749830776
1632,batt_tim544,1,544,battery,0.10631599154487004,0.0,0.10631599154487004,0.07013663367541553
1633,pltd_tim545,1,545,diesel,0.06761688447459806,0.1322,-0.06458311552540195,0.2438801488508935
1634,plts_tim545,1,545,solar,0.21185565845247825,0.0,0.21185565845247825,0.2987275563010282
1635,batt_tim545,1,545,battery,0.08602113790579394,0.0,0.08602113790579394,0.05636422602205542
1636,pltd_tim546,1,546,diesel,0.04945732726591691,0.1007,-0.05124267273408309,0.18015235066445795
1637,plts_tim546,1,546,solar,0.1629315449711929,0.0,0.1629315449711929,0.23417518312265242
1638,batt_tim546,1,546,battery,0.07123945235775828,0.0,0.07123945235775828,0.04699670161664015
1639,pltd_tim547,1,547,diesel,0.08409272153320516,0.1713,-0.08720727846679485,0.30631619050358905
1640,plts_tim547,1,547,solar,0.27703167134707185,0.0,0.27703167134707185,0.39816717431270066
1641,batt_tim547,1,547,battery,0.12112661659902318,0.0,0.12112661659902318,0.07990729301916906
1642,pltd_tim548,1,548,diesel,0.05367809423811888,0.1041,-0.05042190576188112,0.1929303064566257
1643,plts_tim548,1,548,solar,0.16782034093190107,0.0,0.16782034093190107,0.23442131035437466
1644,batt_tim548,1,548,battery,0.06678861291337124,0.0,0.06678861291337124,0.043543574022550116
1645,pltd_tim549,1,549,diesel,0.14134186660242196,0.2742,-0.13285813339757804,0.5080111352086789
1646,plts_tim549,1,549,solar,0.4418950760056928,0.0,0.4418950760056928,0.6172648221010872
1647,batt_tim549,1,549,battery,0.17586450518961266,0.0,0.17586450518961266,0.11465681875590643
1648,pltd_tim550,1,550,diesel,0.06828777357369653,0.1325,-0.06421222642630348,0.24544142369807984
1649,plts_tim550,1,550,solar,0.2135016114107007,0.0,0.2135016114107007,0.29823183497483696
1650,batt_tim550,1,550,battery,0.08497100139188818,0.0,0.08497100139188818,0.05539782567814566
1651,pltd_tim551,1,551,diesel,0.043355385201863154,0.0841,-0.04074461479813684,0.15582728975546678
1652,plts_tim551,1,551,solar,0.1355481928526083,0.0,0.1355481928526083,0.18934154961914168
1653,batt_tim551,1,551,battery,0.053945664506600766,0.0,0.053945664506600766,0.03517043535810575
1654,pltd_tim552,1,552,diesel,0.06878179374102057,0.1383,-0.06951820625897943,0.2515953376494891
1655,plts_tim552,1,552,solar,0.226004347806298,0.0,0.226004347806298,0.31692426856573935
1656,batt_tim552,1,552,battery,0.09618248284777586,0.0,0.09618248284777586,0.06238343430462157
1657,pltd_tim553,1,553,diesel,0.05224847971032683,0.1014,-0.04915152028967317,0.18779247761272477
1658,plts_tim553,1,553,solar,0.16335278227327069,0.0,0.16335278227327069,0.22818053555398232
1659,batt_tim553,1,553,battery,0.06501126047821304,0.0,0.06501126047821304,0.04238487307866361
1660,pltd_tim554,1,554,diesel,0.1030673815062732,0.1999,-0.09683261849372679,0.3704462604753044
1661,plts_tim554,1,554,solar,0.3222379935514671,0.0,0.3222379935514671,0.4501208211841777
1662,batt_tim554,1,554,battery,0.12824561159409098,0.0,0.12824561159409098,0.08361117747675523
1663,pltd_tim555,1,555,diesel,0.028744019297523085,0.0558,-0.027055980702476917,0.10331296049671827
1664,plts_tim555,1,555,solar,0.08987014086824828,0.0,0.08987014086824828,0.12553554822568508
1665,batt_tim555,1,555,battery,0.03576765095771703,0.0,0.03576765095771703,0.02331913504826993
1666,pltd_tim556,1,556,diesel,0.07812507463063507,0.1571,-0.07897492536936492,0.2857738881138707
1667,plts_tim556,1,556,solar,0.25671074524543647,0.0,0.25671074524543647,0.35998324502521667
1668,batt_tim556,1,556,battery,0.10925248764378503,0.0,0.10925248764378503,0.0708606216976016
1669,pltd_tim557,1,557,diesel,0.07564889715502549,0.1482,-0.07255110284497451,0.2758989557704158
1670,plts_tim557,1,557,solar,0.2413204297425861,0.0,0.2413204297425861,0.3323937001366881
1671,batt_tim557,1,557,battery,0.09705328112195023,0.0,0.09705328112195023,0.06272631395095221
1672,pltd_tim558,1,558,diesel,0.09052147630326592,0.1756,-0.08507852369673409,0.3253538487942942
1673,plts_tim558,1,558,solar,0.28301308574190714,0.0,0.28301308574190714,0.3953293758072876
1674,batt_tim558,1,558,battery,0.11263453243101262,0.0,0.11263453243101262,0.07343334979043195
1675,pltd_tim559,1,559,diesel,0.049479553231276834,0.0995,-0.05002044676872317,0.1809907413357542
1676,plts_tim559,1,559,solar,0.1625826255341066,0.0,0.1625826255341066,0.22798854589639647
1677,batt_tim559,1,559,battery,0.06919195651896896,0.0,0.06919195651896896,0.04487755974429775
1678,pltd_tim560,1,560,diesel,0.08194609166506542,0.159,-0.07705390833493458,0.2945309362338381
1679,plts_tim560,1,560,solar,0.2562012867355257,0.0,0.2562012867355257,0.3578767168968841
1680,batt_tim560,1,560,battery,0.10196349421279109,0.0,0.10196349421279109,0.06647622460074322
1681,pltd_tim561,1,561,diesel,0.06005006726520363,0.1208,-0.060749932734796376,0.21965604889527607
1682,plts_tim561,1,561,solar,0.19731285687771166,0.0,0.19731285687771166,0.2766906190936738
1683,batt_tim561,1,561,battery,0.08397166921262979,0.0,0.08397166921262979,0.054463572486977876
1684,pltd_tim562,1,562,diesel,0.04088494101215417,0.0786,-0.037715058987845836,0.14805671385960803
1685,plts_tim562,1,562,solar,0.12640871593997255,0.0,0.12640871593997255,0.17416246221790027
1686,batt_tim562,1,562,battery,0.04913987868494461,0.0,0.04913987868494461,0.031796543133977305
1687,pltd_tim563,1,563,diesel,0.0725758346372146,0.1408,-0.0682241653627854,0.26085294326733377
1688,plts_tim563,1,563,solar,0.22690751079210633,0.0,0.22690751079210633,0.3169576461015458
1689,batt_tim563,1,563,battery,0.09030606033290547,0.0,0.09030606033290547,0.05887601793349414
1690,pltd_tim564,1,564,diesel,0.03636807201899856,0.0705,-0.03413192798100143,0.13071421278427603
1691,plts_tim564,1,564,solar,0.11370034620347319,0.0,0.11370034620347319,0.15882327681277758
1692,batt_tim564,1,564,battery,0.045249255557294255,0.0,0.045249255557294255,0.029500758519183334
1693,pltd_tim565,1,565,diesel,0.034313195601234026,0.069,-0.03468680439876598,0.12551544439387305
1694,plts_tim565,1,565,solar,0.11275255380012002,0.0,0.11275255380012002,0.15811158613462986
1695,batt_tim565,1,565,battery,0.04798657922711685,0.0,0.04798657922711685,0.031123898626463364
1696,pltd_tim566,1,566,diesel,0.10307990076357337,0.2015,-0.09842009923642664,0.3717889645302894
1697,plts_tim566,1,566,solar,0.3229690665829806,0.0,0.3229690665829806,0.4554031254953953
1698,batt_tim566,1,566,battery,0.13113728466668703,0.0,0.13113728466668703,0.08592600454335214
1699,pltd_tim567,1,567,diesel,0.029000822138584893,0.0567,-0.027699177861415108,0.10460072676370352
1700,plts_tim567,1,567,solar,0.09086598551805207,0.0,0.09086598551805207,0.1281259907713769
1701,batt_tim567,1,567,battery,0.03689547291459372,0.0,0.03689547291459372,0.02417529756603858
1702,pltd_tim568,1,568,diesel,0.04350225992836464,0.085,-0.04149774007163537,0.15690358124653014
1703,plts_tim568,1,568,solar,0.13629742190793848,0.0,0.13629742190793848,0.19218650120457004
1704,batt_tim568,1,568,battery,0.05534025061981787,0.0,0.05534025061981787,0.03626096885240062
1705,pltd_tim569,1,569,diesel,0.13081949280966618,0.2557,-0.1248805071903338,0.4718411633104287
1706,plts_tim569,1,569,solar,0.40988516359331184,0.0,0.40988516359331184,0.5779591485934937
1707,batt_tim569,1,569,battery,0.1664294831562706,0.0,0.1664294831562706,0.10905079114557796
1708,pltd_tim570,1,570,diesel,0.041452175009675685,0.081,-0.03954782499032432,0.14951082126632181
1709,plts_tim570,1,570,solar,0.12987925107285153,0.0,0.12987925107285153,0.1831368218430857
1710,batt_tim570,1,570,battery,0.05273642843473189,0.0,0.05273642843473189,0.03455487396090406
1711,pltd_tim571,1,571,diesel,0.038142932785883835,0.0767,-0.03855706721411617,0.13952346476743235
1712,plts_tim571,1,571,solar,0.12533675068430597,0.0,0.12533675068430597,0.1757583857322834
1713,batt_tim571,1,571,battery,0.05334259218092447,0.0,0.05334259218092447,0.03459775660089716
1714,pltd_tim572,1,572,diesel,0.10946261780039214,0.2144,-0.10493738219960787,0.3992210617142364
1715,plts_tim572,1,572,solar,0.3491885217257986,0.0,0.3491885217257986,0.4809701353548477
1716,batt_tim572,1,572,battery,0.14043570373520992,0.0,0.14043570373520992,0.0907647526459929
1717,pltd_tim573,1,573,diesel,0.02420245083459414,0.0487,-0.02449754916540586,0.08853137968003671
1718,plts_tim573,1,573,solar,0.07953200762167917,0.0,0.07953200762167917,0.1115267314411851
1719,batt_tim573,1,573,battery,0.03384943647251823,0.0,0.03384943647251823,0.02195460677638419
1720,pltd_tim574,1,574,diesel,0.034772344883918005,0.0699,-0.035127655116082,0.12719476889148865
1721,plts_tim574,1,574,solar,0.11426373361530935,0.0,0.11426373361530935,0.16023045908352634
1722,batt_tim574,1,574,battery,0.04863074251338507,0.0,0.04863074251338507,0.031541679416265185
1723,pltd_tim575,1,575,diesel,0.018873146873889322,0.037,-0.018126853126110676,0.0688316432617505
1724,plts_tim575,1,575,solar,0.0602054518019849,0.0,0.0602054518019849,0.08292584789715625
1725,batt_tim575,1,575,battery,0.02421249566960757,0.0,0.02421249566960757,0.01564877241997717
1726,pltd_tim576,1,576,diesel,0.0997250223047695,0.2006,-0.1008749776952305,0.36478352378943835
1727,plts_tim576,1,576,solar,0.32768238807536615,0.0,0.32768238807536615,0.4595064342304363
1728,batt_tim576,1,576,battery,0.13945561672729526,0.0,0.13945561672729526,0.09045019175109327
1729,pltd_tim577,1,577,diesel,0.053922622862487196,0.1084,-0.0544773771375128,0.197242156177566
1730,plts_tim577,1,577,solar,0.17717873954896932,0.0,0.17717873954896932,0.248456633365212
1731,batt_tim577,1,577,battery,0.07540305364510584,0.0,0.07540305364510584,0.0489059910418069
1732,pltd_tim578,1,578,diesel,0.0641857508773005,0.1291,-0.0649142491226995,0.23478385873393862
1733,plts_tim578,1,578,solar,0.21090450714128556,0.0,0.21090450714128556,0.2957496423802205
1734,batt_tim578,1,578,battery,0.08975681790236772,0.0,0.08975681790236772,0.058215800812995565
1735,pltd_tim579,1,579,diesel,0.06777380943370172,0.1325,-0.06472619056629829,0.2444472677357451
1736,plts_tim579,1,579,solar,0.21235056101152014,0.0,0.21235056101152014,0.2994254083413765
1737,batt_tim579,1,579,battery,0.08622324779710468,0.0,0.08622324779710468,0.056496698673836526
1738,pltd_tim580,1,580,diesel,0.0608388689131692,0.1189,-0.05806113108683081,0.2194339776193622
1739,plts_tim580,1,580,solar,0.19062153713696287,0.0,0.19062153713696287,0.26878611462511065
1740,batt_tim580,1,580,battery,0.07740031366687987,0.0,0.07740031366687987,0.05071554461789909
1741,pltd_tim581,1,581,diesel,0.0579045439064591,0.1165,-0.05859545609354091,0.21180826862480542
1742,plts_tim581,1,581,solar,0.19026815789088916,0.0,0.19026815789088916,0.2668115025415725
1743,batt_tim581,1,581,battery,0.08097568806072346,0.0,0.08097568806072346,0.0525203915479541
1744,pltd_tim582,1,582,diesel,0.02852810289726564,0.0558,-0.027271897102734362,0.10289554300578178
1745,plts_tim582,1,582,solar,0.08938439029861431,0.0,0.08938439029861431,0.12603677195911192
1746,batt_tim582,1,582,battery,0.0362936804857221,0.0,0.0362936804857221,0.023780942362649292
1747,pltd_tim583,1,583,diesel,0.0554809255242798,0.1084,-0.052919074475720196,0.2001080140687692
1748,plts_tim583,1,583,solar,0.17382908861672935,0.0,0.17382908861672935,0.2451081480013939
1749,batt_tim583,1,583,battery,0.07057986894642752,0.0,0.07057986894642752,0.04624651249471948
1750,pltd_tim584,1,584,diesel,0.09206614631494581,0.1852,-0.0931338536850542,0.3367676830913397
1751,plts_tim584,1,584,solar,0.30251399393277817,0.0,0.30251399393277817,0.4242132647588679
1752,batt_tim584,1,584,battery,0.1287435903498799,0.0,0.1287435903498799,0.08350242665514597
1753,pltd_tim585,1,585,diesel,0.12262492544574329,0.2397,-0.11707507455425671,0.4422824515516537
1754,plts_tim585,1,585,solar,0.38420314392297167,0.0,0.38420314392297167,0.5417467426942922
1755,batt_tim585,1,585,battery,0.15599966407521504,0.0,0.15599966407521504,0.102216653186415
1756,pltd_tim586,1,586,diesel,0.10922598892108165,0.2135,-0.10427401107891834,0.39395815883311247
1757,plts_tim586,1,586,solar,0.3422298031345262,0.0,0.3422298031345262,0.4825618734305236
1758,batt_tim586,1,586,battery,0.13895966455343284,0.0,0.13895966455343284,0.09105150009400906
1759,pltd_tim587,1,587,diesel,0.09251962316359631,0.1808,-0.08828037683640368,0.3336999048876795
1760,plts_tim587,1,587,solar,0.28988218403666516,0.0,0.28988218403666516,0.40874869656390367
1761,batt_tim587,1,587,battery,0.11770350167549888,0.0,0.11770350167549888,0.0771236484412109
1762,pltd_tim588,1,588,diesel,0.0688039999626325,0.1328,-0.0639960000373675,0.2491055989198852
1763,plts_tim588,1,588,solar,0.21166208181559767,0.0,0.21166208181559767,0.2957631379222289
1764,batt_tim588,1,588,battery,0.0844832895901464,0.0,0.0844832895901464,0.05514686150847433
1765,pltd_tim589,1,589,diesel,0.05604656127725678,0.1066,-0.05055343872274322,0.20216912509613175
1766,plts_tim589,1,589,solar,0.16990869128350022,0.0,0.16990869128350022,0.2349861826764202
1767,batt_tim589,1,589,battery,0.0661913238884099,0.0,0.0661913238884099,0.04285560889303884
1768,pltd_tim590,1,590,diesel,0.09087214053420724,0.1728,-0.08192785946579277,0.32779172671052775
1769,plts_tim590,1,590,solar,0.2754907107249824,0.0,0.2754907107249824,0.3810061837249615
1770,batt_tim590,1,590,battery,0.10732427889955337,0.0,0.10732427889955337,0.0694872394865997
1771,pltd_tim591,1,591,diesel,0.05970399995626893,0.1152,-0.055496000043731064,0.21615957555438353
1772,plts_tim591,1,591,solar,0.18367045463120435,0.0,0.18367045463120435,0.2566501163765245
1773,batt_tim591,1,591,battery,0.07331257726397793,0.0,0.07331257726397793,0.04785510234907626
1774,pltd_tim592,1,592,diesel,0.06035641255999063,0.1214,-0.061043587440009366,0.22077609836667383
1775,plts_tim592,1,592,solar,0.19832031011638404,0.0,0.19832031011638404,0.27810307073687274
1776,batt_tim592,1,592,battery,0.08440080477229697,0.0,0.08440080477229697,0.054741866379164415
1777,pltd_tim593,1,593,diesel,0.04310199993771952,0.0832,-0.040098000062280474,0.15605115551285126
1778,plts_tim593,1,593,solar,0.13259700701977534,0.0,0.13259700701977534,0.185281914023179
1779,batt_tim593,1,593,battery,0.05292543673577313,0.0,0.05292543673577313,0.03454737499258205
1780,pltd_tim594,1,594,diesel,0.21199899999134603,0.4091,-0.197101000008654,0.7675449436741726
1781,plts_tim594,1,594,solar,0.6521741446818935,0.0,0.6521741446818935,0.9113076165183265
1782,batt_tim594,1,594,battery,0.26031108557372246,0.0,0.26031108557372246,0.16991932979872731
1783,pltd_tim595,1,595,diesel,0.04421999993950287,0.0853,-0.041080000060497134,0.1600985473056313
1784,plts_tim595,1,595,solar,0.1360324407826945,0.0,0.1360324407826945,0.1900834952392504
1785,batt_tim595,1,595,battery,0.05429586206949606,0.0,0.05429586206949606,0.03544183979691001
1786,pltd_tim596,1,596,diesel,0.05815215711121097,0.1106,-0.05244784288878904,0.20976387521725376
1787,plts_tim596,1,596,solar,0.17629400152174132,0.0,0.17629400152174132,0.24381622330509733
1788,batt_tim596,1,596,battery,0.06867925877120029,0.0,0.06867925877120029,0.04446646410562945
1789,pltd_tim597,1,597,diesel,0.03464099992173914,0.0669,-0.03225900007826086,0.1254197349611101
1790,plts_tim597,1,597,solar,0.10656643922716562,0.0,0.10656643922716562,0.14891104795516832
1791,batt_tim597,1,597,battery,0.04253640634099767,0.0,0.04253640634099767,0.027765769901733652
1792,pltd_tim598,1,598,diesel,0.035119999922799516,0.0678,-0.03268000007720048,0.12715342709599037
1793,plts_tim598,1,598,solar,0.1080408128576805,0.0,0.1080408128576805,0.15096977554601498
1794,batt_tim598,1,598,battery,0.043124066140204975,0.0,0.043124066140204975,0.02814945022022526
1795,pltd_tim599,1,599,diesel,0.037993999928859656,0.0733,-0.03530600007114035,0.13755774906377208
1796,plts_tim599,1,599,solar,0.11687989761853124,0.0,0.11687989761853124,0.163320971436361
1797,batt_tim599,1,599,battery,0.04665156694805037,0.0,0.04665156694805037,0.03045201177341114
1798,pltd_tim600,1,600,diesel,0.02186999987335407,0.0422,-0.02033000012664593,0.07918102425206797
1799,plts_tim600,1,600,solar,0.0672808228472121,0.0,0.0672808228472121,0.09401343594660239
1800,batt_tim600,1,600,battery,0.02685480382702085,0.0,0.02685480382702085,0.017529658462826666
1801,pltd_tim601,1,601,diesel,0.05267999994981383,0.1017,-0.04902000005018617,0.19072899361251996
1802,plts_tim601,1,601,solar,0.1620630084005762,0.0,0.1620630084005762,0.226456003854408
1803,batt_tim601,1,601,battery,0.0646870680438992,0.0,0.0646870680438992,0.04222486468996354
1804,pltd_tim602,1,602,diesel,0.04214399993629366,0.0813,-0.039156000063706335,0.15258385515117293
1805,plts_tim602,1,602,solar,0.12964825973515046,0.0,0.12964825973515046,0.18116390780820557
1806,batt_tim602,1,602,battery,0.0517495752879444,0.0,0.0517495752879444,0.033779702908058956
1807,pltd_tim603,1,603,diesel,0.040228999933010524,0.0776,-0.03737100006698948,0.14564873961747649
1808,plts_tim603,1,603,solar,0.12375792225453788,0.0,0.12375792225453788,0.17292826679693418
1809,batt_tim603,1,603,battery,0.049394676683074006,0.0,0.049394676683074006,0.032242814353878185
1810,pltd_tim604,1,604,diesel,0.019954999860833957,0.0385,-0.018545000139166042,0.07224679089221075
1811,plts_tim604,1,604,solar,0.06138690685448771,0.0,0.06138690685448771,0.08577797977174983
1812,batt_tim604,1,604,battery,0.02450175996356084,0.0,0.02450175996356084,0.015993621646334315
1813,pltd_tim605,1,605,diesel,0.08317099996989887,0.1605,-0.07732900003010114,0.3011217597396699
1814,plts_tim605,1,605,solar,0.25586108313203015,0.0,0.25586108313203015,0.35752444368515357
1815,batt_tim605,1,605,battery,0.10212600757191198,0.0,0.10212600757191198,0.06666326658741416
1816,pltd_tim606,1,606,diesel,0.04565599994155331,0.0881,-0.04244400005844669,0.16529906113253584
1817,plts_tim606,1,606,solar,0.14045198315944754,0.0,0.14045198315944754,0.19626059590350145
1818,batt_tim606,1,606,battery,0.05606232986935725,0.0,0.05606232986935725,0.036594838787687274
1819,pltd_tim607,1,607,diesel,0.0771049999373836,0.1488,-0.07169500006261639,0.2792763722983726
1820,plts_tim607,1,607,solar,0.23980085611975907,0.0,0.23980085611975907,0.3312128546448248
1821,batt_tim607,1,607,battery,0.09423015903496529,0.0,0.09423015903496529,0.06115273876784428
1822,pltd_tim608,1,608,diesel,0.023306999881243025,0.045,-0.021693000118756973,0.08438392645083098
1823,plts_tim608,1,608,solar,0.07170036521689767,0.0,0.07170036521689767,0.10018878267141655
1824,batt_tim608,1,608,battery,0.028618012362400955,0.0,0.028618012362400955,0.018680622253048316
1825,pltd_tim609,1,609,diesel,0.02569793263096042,0.0496,-0.02390206736903958,0.09296053817420251
1826,plts_tim609,1,609,solar,0.07942815624862043,0.0,0.07942815624862043,0.11055991015431972
1827,batt_tim609,1,609,battery,0.03144005770710915,0.0,0.03144005770710915,0.020517635623231893
1828,pltd_tim610,1,610,diesel,0.043256299079030634,0.0835,-0.04024370092096937,0.15647556969328494
1829,plts_tim610,1,610,solar,0.1336946882103828,0.0,0.1336946882103828,0.1860963710910757
1830,batt_tim610,1,610,battery,0.05291916229433119,0.0,0.05291916229433119,0.034534770272964095
1831,pltd_tim611,1,611,diesel,0.04597599994185956,0.0887,-0.04272400005814044,0.16645587232634895
1832,plts_tim611,1,611,solar,0.14143609175540683,0.0,0.14143609175540683,0.19763265665540677
1833,batt_tim611,1,611,battery,0.056452395705973525,0.0,0.056452395705973525,0.03684961456122271
1834,pltd_tim612,1,612,diesel,0.055393999952511944,0.1069,-0.05150600004748805,0.20055462880572542
1835,plts_tim612,1,612,solar,0.17041182787374437,0.0,0.17041182787374437,0.23812176479405528
1836,batt_tim612,1,612,battery,0.0680191504605934,0.0,0.0680191504605934,0.04439988434424972
1837,pltd_tim613,1,613,diesel,0.05188199994907542,0.1001,-0.048218000050924574,0.18784017885271415
1838,plts_tim613,1,613,solar,0.15960452621006194,0.0,0.15960452621006194,0.22302315526254443
1839,batt_tim613,1,613,battery,0.06370608316375524,0.0,0.06370608316375524,0.041584360377162656
1840,pltd_tim614,1,614,diesel,0.03767399992836195,0.0727,-0.03502600007163805,0.13640019881547283
1841,plts_tim614,1,614,solar,0.11589936755773735,0.0,0.11589936755773735,0.16194992569904043
1842,batt_tim614,1,614,battery,0.04626073010533851,0.0,0.04626073010533851,0.030196996658413272
1843,pltd_tim615,1,615,diesel,0.046134999942188185,0.089,-0.04286500005781181,0.16703266112126508
1844,plts_tim615,1,615,solar,0.1419263567915682,0.0,0.1419263567915682,0.19832020041282805
1845,batt_tim615,1,615,battery,0.05665053151822888,0.0,0.05665053151822888,0.03697882103252442
1846,pltd_tim616,1,616,diesel,0.07720579562757822,0.1553,-0.07809420437242177,0.2824110427891504
1847,plts_tim616,1,616,solar,0.2536913750042006,0.0,0.2536913750042006,0.35574943396996095
1848,batt_tim616,1,616,battery,0.10796826807247524,0.0,0.10796826807247524,0.07002764214270112
1849,pltd_tim617,1,617,diesel,0.07917999996816366,0.1528,-0.07362000003183633,0.2866729990690261
1850,plts_tim617,1,617,solar,0.24358298632529227,0.0,0.24358298632529227,0.34036852619018193
1851,batt_tim617,1,617,battery,0.0972255931554408,0.0,0.0972255931554408,0.06346445389634177
1852,pltd_tim618,1,618,diesel,0.06944199996304917,0.134,-0.06455800003695084,0.25141618230779517
1853,plts_tim618,1,618,solar,0.21362672044080175,0.0,0.21362672044080175,0.29850892993253114
1854,batt_tim618,1,618,battery,0.08526854336065248,0.0,0.08526854336065248,0.05565943131523598
1855,pltd_tim619,1,619,diesel,0.0798096789153767,0.1605,-0.0806903210846233,0.2919361750307973
1856,plts_tim619,1,619,solar,0.2622487485730907,0.0,0.2622487485730907,0.36774928669431595
1857,batt_tim619,1,619,battery,0.1116104661021388,0.0,0.1116104661021388,0.0723900128685448
1858,pltd_tim620,1,620,diesel,0.08532520017065826,0.1716,-0.08627479982934175,0.3121096344230395
1859,plts_tim620,1,620,solar,0.2803679595030584,0.0,0.2803679595030584,0.39315765878551867
1860,batt_tim620,1,620,battery,0.11932035064890628,0.0,0.11932035064890628,0.0773905296037535
1861,pltd_tim621,1,621,diesel,0.05762899995448861,0.1112,-0.05357100004551138,0.20864719259701414
1862,plts_tim621,1,621,solar,0.1772862737576777,0.0,0.1772862737576777,0.24772780039288447
1863,batt_tim621,1,621,battery,0.0707624893780628,0.0,0.0707624893780628,0.046190654419794544
1864,pltd_tim622,1,622,diesel,0.0646529999599358,0.1248,-0.060147000040064194,0.2340776491782563
1865,plts_tim622,1,622,solar,0.1988937200316873,0.0,0.1988937200316873,0.2779217464615652
1866,batt_tim622,1,622,battery,0.07938745675182127,0.0,0.07938745675182127,0.05182054101715038
1867,pltd_tim623,1,623,diesel,0.04764200579980448,0.0958,-0.048157994200195516,0.17426786055254315
1868,plts_tim623,1,623,solar,0.1565408956266975,0.0,0.1565408956266975,0.2195162719362525
1869,batt_tim623,1,623,battery,0.06661987033108104,0.0,0.06661987033108104,0.043209244119170445
1870,pltd_tim624,1,624,diesel,0.04917157729712122,0.0989,-0.049728422702878784,0.17986661345404842
1871,plts_tim624,1,624,solar,0.16157965646780667,0.0,0.16157965646780667,0.22658152082123367
1872,batt_tim624,1,624,battery,0.06876806157294552,0.0,0.06876806157294552,0.044602672374332436
1873,pltd_tim625,1,625,diesel,0.03128899991246907,0.0604,-0.029111000087530932,0.11328140145694975
1874,plts_tim625,1,625,solar,0.09625655937621731,0.0,0.09625655937621731,0.1345014590875874
1875,batt_tim625,1,625,battery,0.03841992473496173,0.0,0.03841992473496173,0.025078857940279323
1876,pltd_tim626,1,626,diesel,0.039429999931789465,0.0761,-0.036670000068210536,0.14275828402994117
1877,plts_tim626,1,626,solar,0.12129944000638153,0.0,0.12129944000638153,0.16949821848863342
1878,batt_tim626,1,626,battery,0.0484174928958592,0.0,0.0484174928958592,0.031604676737498345
1879,pltd_tim627,1,627,diesel,0.033523999918785706,0.0647,-0.031176000081214288,0.1213733006487794
1880,plts_tim627,1,627,solar,0.1031310054514348,0.0,0.1031310054514348,0.1441084468723927
1881,batt_tim627,1,627,battery,0.04116434731736586,0.0,0.04116434731736586,0.026870207300357295
1882,pltd_tim628,1,628,diesel,0.037354999927711845,0.0721,-0.03474500007228815,0.1352447291465956
1883,plts_tim628,1,628,solar,0.11491525893734898,0.0,0.11491525893734898,0.1605771057884351
1884,batt_tim628,1,628,battery,0.04586903057591431,0.0,0.04586903057591431,0.029941156164529508
1885,pltd_tim629,1,629,diesel,0.029213999905916405,0.0564,-0.027186000094083593,0.10576815512783404
1886,plts_tim629,1,629,solar,0.08987237831967612,0.0,0.08987237831967612,0.125579886624916
1887,batt_tim629,1,629,battery,0.03587092057720568,0.0,0.03587092057720568,0.02341500686370231
1888,pltd_tim630,1,630,diesel,0.08348683330525472,0.1679,-0.08441316669474527,0.30538592123084
1889,plts_tim630,1,630,solar,0.2743277242805791,0.0,0.2743277242805791,0.38468783455592315
1890,batt_tim630,1,630,battery,0.11674985794887571,0.0,0.11674985794887571,0.0757233321908707
1891,pltd_tim631,1,631,diesel,0.05032809243250809,0.0986,-0.048271907567491903,0.18355097441979984
1892,plts_tim631,1,631,solar,0.1605447901871418,0.0,0.1605447901871418,0.22113424518099958
1893,batt_tim631,1,631,battery,0.06456694257218838,0.0,0.06456694257218838,0.0417300932350064
1894,pltd_tim632,1,632,diesel,0.05002423444115431,0.0961,-0.0460757655588457,0.18115191400135372
1895,plts_tim632,1,632,solar,0.15466474362386934,0.0,0.15466474362386934,0.21309240661699236
1896,batt_tim632,1,632,battery,0.060123727865783474,0.0,0.060123727865783474,0.03890376005773839
1897,pltd_tim633,1,633,diesel,0.03349983545541652,0.0656,-0.03210016454458348,0.12217581217192529
1898,plts_tim633,1,633,solar,0.10686467688306243,0.0,0.10686467688306243,0.14719244624786965
1899,batt_tim633,1,633,battery,0.042976408117694556,0.0,0.042976408117694556,0.027776140041050622
1900,pltd_tim634,1,634,diesel,0.024848976626333702,0.0487,-0.0238510233736663,0.09062685403236838
1901,plts_tim634,1,634,solar,0.0792705115795385,0.0,0.0792705115795385,0.10918634556952053
1902,batt_tim634,1,634,battery,0.031881119063673156,0.0,0.031881119063673156,0.020605042116293857
1903,pltd_tim635,1,635,diesel,0.021074347313146034,0.0413,-0.02022565268685397,0.07686111943897166
1904,plts_tim635,1,635,solar,0.06722942118325279,0.0,0.06722942118325279,0.09260097306125029
1905,batt_tim635,1,635,battery,0.02703829472099054,0.0,0.02703829472099054,0.01747512986639202
1906,pltd_tim636,1,636,diesel,0.02516386240558509,0.0493,-0.024136137594414908,0.091774168350862
1907,plts_tim636,1,636,solar,0.08027393576399948,0.0,0.08027393576399948,0.11056837104937747
1908,batt_tim636,1,636,battery,0.03228441411041049,0.0,0.03228441411041049,0.02086566442494134
1909,pltd_tim637,1,637,diesel,0.0429682844532838,0.0826,-0.039631715546716205,0.15560310317629594
1910,plts_tim637,1,637,solar,0.1328548232065394,0.0,0.1328548232065394,0.18304331900807447
1911,batt_tim637,1,637,battery,0.05164704789080702,0.0,0.05164704789080702,0.03341891686925944
1912,pltd_tim638,1,638,diesel,0.01747629535556162,0.0336,-0.016123704644438377,0.06328642471180132
1913,plts_tim638,1,638,solar,0.05403402178312998,0.0,0.05403402178312998,0.07444625109891491
1914,batt_tim638,1,638,battery,0.021005261399235725,0.0,0.021005261399235725,0.013591721755791411
1915,pltd_tim639,1,639,diesel,0.030007082327826822,0.0579,-0.027892917672173178,0.10854933294811948
1916,plts_tim639,1,639,solar,0.09274921067245168,0.0,0.09274921067245168,0.12910238740437296
1917,batt_tim639,1,639,battery,0.03671408590755374,0.0,0.03671408590755374,0.02395942432987978
1918,pltd_tim640,1,640,diesel,0.018355008193516594,0.0354,-0.017044991806483407,0.0663991444268335
1919,plts_tim640,1,640,solar,0.05673535264129282,0.0,0.05673535264129282,0.07897293662470672
1920,batt_tim640,1,640,battery,0.022458753796259702,0.0,0.022458753796259702,0.014656494111261843
1921,pltd_tim641,1,641,diesel,0.0216449413623946,0.0416,-0.019955058637605397,0.078383424594994
1922,plts_tim641,1,641,solar,0.06692301856244788,0.0,0.06692301856244788,0.09220349679305608
1923,batt_tim641,1,641,battery,0.02601448941974568,0.0,0.02601448941974568,0.016833098854512066
1924,pltd_tim642,1,642,diesel,0.07888348924914775,0.1516,-0.07271651075085227,0.28566125519291374
1925,plts_tim642,1,642,solar,0.2438965062830346,0.0,0.2438965062830346,0.3360322916322628
1926,batt_tim642,1,642,battery,0.09481199664045968,0.0,0.09481199664045968,0.061349303881835716
1927,pltd_tim643,1,643,diesel,0.03767671715658691,0.0724,-0.0347232828434131,0.13644120231703724
1928,plts_tim643,1,643,solar,0.11649657816956269,0.0,0.11649657816956269,0.16050634461751706
1929,batt_tim643,1,643,battery,0.04528973653657241,0.0,0.04528973653657241,0.029305248460911926
1930,pltd_tim644,1,644,diesel,0.0825706298702505,0.1587,-0.0761293701297495,0.29901415171357704
1931,plts_tim644,1,644,solar,0.25529868240400766,0.0,0.25529868240400766,0.3517423301728181
1932,batt_tim644,1,644,battery,0.09924563407432217,0.0,0.09924563407432217,0.06421814133516453
1933,pltd_tim645,1,645,diesel,0.03126494124969374,0.0601,-0.02883505875030626,0.11321999589939948
1934,plts_tim645,1,645,solar,0.09666586714295518,0.0,0.09666586714295518,0.13318286853712927
1935,batt_tim645,1,645,battery,0.03757718386784792,0.0,0.03757718386784792,0.024314811099737203
1936,pltd_tim646,1,646,diesel,0.06493365722021331,0.1248,-0.05986634277978668,0.23514664855224737
1937,plts_tim646,1,646,solar,0.20076905452129792,0.0,0.20076905452129792,0.2766134841916557
1938,batt_tim646,1,646,battery,0.07804826390422823,0.0,0.07804826390422823,0.05050210277390972
1939,pltd_tim647,1,647,diesel,0.037357337635079396,0.0718,-0.034442662364920607,0.13528333693705036
1940,plts_tim647,1,647,solar,0.1155021464644805,0.0,0.1155021464644805,0.15913639556411105
1941,batt_tim647,1,647,battery,0.04490036466150644,0.0,0.04490036466150644,0.029053282957549085
1942,pltd_tim648,1,648,diesel,0.025582687283794484,0.0514,-0.025817312716205517,0.09357742491740292
1943,plts_tim648,1,648,solar,0.08405956828592476,0.0,0.08405956828592476,0.11787640612492202
1944,batt_tim648,1,648,battery,0.03577417231026915,0.0,0.03577417231026915,0.023202848906579986
1945,pltd_tim649,1,649,diesel,0.03703701572595946,0.0712,-0.03416298427404054,0.13412219879453072
1946,plts_tim649,1,649,solar,0.11451093281564373,0.0,0.11451093281564373,0.15777012437077742
1947,batt_tim649,1,649,battery,0.04451442392554642,0.0,0.04451442392554642,0.028803549928175107
1948,pltd_tim650,1,650,diesel,0.027577831952961446,0.053,-0.025422168047038552,0.09986681944319187
1949,plts_tim650,1,650,solar,0.0852636909996611,0.0,0.0852636909996611,0.11747329706547997
1950,batt_tim650,1,650,battery,0.03314400318636715,0.0,0.03314400318636715,0.02144625069727735
1951,pltd_tim651,1,651,diesel,0.04425118936720659,0.085,-0.04074881063279342,0.1602487616681679
1952,plts_tim651,1,651,solar,0.13681967818607488,0.0,0.13681967818607488,0.18850650092719803
1953,batt_tim651,1,651,battery,0.05318804157576962,0.0,0.05318804157576962,0.03441597200472327
1954,pltd_tim652,1,652,diesel,0.04409134372014753,0.0847,-0.04060865627985247,0.1596686231780506
1955,plts_tim652,1,652,solar,0.13632407146261166,0.0,0.13632407146261166,0.18782277610489234
1956,batt_tim652,1,652,battery,0.052994214387202344,0.0,0.052994214387202344,0.034290608410614085
1957,pltd_tim653,1,653,diesel,0.05178679337898044,0.0995,-0.04771320662101956,0.18753679934749784
1958,plts_tim653,1,653,solar,0.16011963715287672,0.0,0.16011963715287672,0.2206075207143098
1959,batt_tim653,1,653,battery,0.062245129697732805,0.0,0.062245129697732805,0.04027654270368543
1960,pltd_tim654,1,654,diesel,0.05050533983693735,0.097,-0.046494660163062654,0.18289449689273685
1961,plts_tim654,1,654,solar,0.15615156422439277,0.0,0.15615156422439277,0.21514016402513442
1962,batt_tim654,1,654,battery,0.060700405450077204,0.0,0.060700405450077204,0.03927698730746717
1963,pltd_tim655,1,655,diesel,0.03078360395147911,0.0591,-0.02831639604852089,0.11147748087981396
1964,plts_tim655,1,655,solar,0.09517904650813404,0.0,0.09517904650813404,0.13113481570101643
1965,batt_tim655,1,655,battery,0.03700005276162767,0.0,0.03700005276162767,0.023941335356902134
1966,pltd_tim656,1,656,diesel,0.016834542060782987,0.0323,-0.015465457939217015,0.06096386953112791
1967,plts_tim656,1,656,solar,0.05205159417266543,0.0,0.05205159417266543,0.0717145231877458
1968,batt_tim656,1,656,battery,0.020234769300064293,0.0,0.020234769300064293,0.013093195340635397
1969,pltd_tim657,1,657,diesel,0.030484845972668047,0.0613,-0.030815154027331954,0.1115088571435838
1970,plts_tim657,1,657,solar,0.10016686212225015,0.0,0.10016686212225015,0.14046308624711282
1971,batt_tim657,1,657,battery,0.042628512677717195,0.0,0.042628512677717195,0.027648568779697135
1972,pltd_tim658,1,658,diesel,0.019634999793280625,0.0379,-0.018265000206719378,0.07111928395525681
1973,plts_tim658,1,658,solar,0.061068169040533964,0.0,0.061068169040533964,0.08434714675071517
1974,batt_tim658,1,658,battery,0.023997427161703704,0.0,0.023997427161703704,0.015573699193224181
1975,pltd_tim659,1,659,diesel,0.025062999834864454,0.0484,-0.023337000165135544,0.09077897784927602
1976,plts_tim659,1,659,solar,0.07794807328029749,0.0,0.07794807328029749,0.10766154831361975
1977,batt_tim659,1,659,battery,0.030629720720322814,0.0,0.030629720720322814,0.0198778266567614
1978,pltd_tim660,1,660,diesel,0.03982854766771247,0.0801,-0.04027145233228754,0.14568878914665429
1979,plts_tim660,1,660,solar,0.1308717645407591,0.0,0.1308717645407591,0.1835204989766111
1980,batt_tim660,1,660,battery,0.05569692353444318,0.0,0.05569692353444318,0.03612475210944048
1981,pltd_tim661,1,661,diesel,0.03110466548977288,0.0598,-0.02869533451022712,0.11263935407745232
1982,plts_tim661,1,661,solar,0.09617026040664857,0.0,0.09617026040664857,0.132500509207486
1983,batt_tim661,1,661,battery,0.03738506731332649,0.0,0.03738506731332649,0.02419042728754489
1984,pltd_tim662,1,662,diesel,0.04805099990729078,0.0927,-0.04464900009270922,0.1740416499577762
1985,plts_tim662,1,662,solar,0.14944123908804144,0.0,0.14944123908804144,0.20640828513596832
1986,batt_tim662,1,662,battery,0.05872356605622298,0.0,0.05872356605622298,0.03810993684773547
1987,pltd_tim663,1,663,diesel,0.029660914443782868,0.057,-0.027339085556217134,0.10741246570426875
1988,plts_tim663,1,663,solar,0.09170979848291341,0.0,0.09170979848291341,0.1263551155251169
1989,batt_tim663,1,663,battery,0.035652423321399056,0.0,0.035652423321399056,0.023069326366210056
1990,pltd_tim664,1,664,diesel,0.02821901478553296,0.0542,-0.02598098521446704,0.10218882944582731
1991,plts_tim664,1,664,solar,0.08724611857616796,0.0,0.08724611857616796,0.12020517276843844
1992,batt_tim664,1,664,battery,0.03391496177131501,0.0,0.03391496177131501,0.021945101258803976
1993,pltd_tim665,1,665,diesel,0.05107789181478883,0.0986,-0.047522108185211166,0.18476867922399343
1994,plts_tim665,1,665,solar,0.15786768659168035,0.0,0.15786768659168035,0.21974384944013664
1995,batt_tim665,1,665,battery,0.062486685314877506,0.0,0.062486685314877506,0.04077849413877577
1996,pltd_tim666,1,666,diesel,0.055707188181080974,0.1075,-0.051792811818919024,0.20151422677730996
1997,plts_tim666,1,666,solar,0.17217434733940487,0.0,0.17217434733940487,0.23965740207434216
1998,batt_tim666,1,666,battery,0.06814843406211074,0.0,0.06814843406211074,0.044473330219421243
1999,pltd_tim667,1,667,diesel,0.03208333525489367,0.0619,-0.029816664745106324,0.11605819406243277
2000,plts_tim667,1,667,solar,0.09916089567408584,0.0,0.09916089567408584,0.1380266952927015
2001,batt_tim667,1,667,battery,0.03924940024244471,0.0,0.03924940024244471,0.02561393329002309
2002,pltd_tim668,1,668,diesel,0.07071049617682644,0.1365,-0.06578950382317357,0.25578813801871436
2003,plts_tim668,1,668,solar,0.21854894251314738,0.0,0.21854894251314738,0.3042092663212281
2004,batt_tim668,1,668,battery,0.08650638220274903,0.0,0.08650638220274903,0.05645358149360103
2005,pltd_tim669,1,669,diesel,0.03339391659211146,0.0672,-0.033806083407888536,0.122152371932359
2006,plts_tim669,1,669,solar,0.10973318356866137,0.0,0.10973318356866137,0.1538776382191277
2007,batt_tim669,1,669,battery,0.04670235967239091,0.0,0.04670235967239091,0.030290924599122523
2008,pltd_tim670,1,670,diesel,0.046927823249555224,0.0906,-0.043672176750444776,0.16975638916840208
2009,plts_tim670,1,670,solar,0.1450411298043279,0.0,0.1450411298043279,0.20188994143222314
2010,batt_tim670,1,670,battery,0.057409642629321384,0.0,0.057409642629321384,0.037465219776740895
2011,pltd_tim671,1,671,diesel,0.050438891342376294,0.0974,-0.04696110865762371,0.18245724642731675
2012,plts_tim671,1,671,solar,0.15589628414419687,0.0,0.15589628414419687,0.2169989894787215
2013,batt_tim671,1,671,battery,0.06170774615401062,0.0,0.06170774615401062,0.04027015101324707
2014,pltd_tim672,1,672,diesel,0.06911332208208343,0.1334,-0.06428667791791656,0.2500122186323687
2015,plts_tim672,1,672,solar,0.21361732560137386,0.0,0.21361732560137386,0.29734451514101407
2016,batt_tim672,1,672,battery,0.08455618143502538,0.0,0.08455618143502538,0.05518092419996889
2017,pltd_tim673,1,673,diesel,0.04517154196717099,0.0872,-0.04202845803282901,0.1634039141211005
2018,plts_tim673,1,673,solar,0.13961511413431002,0.0,0.13961511413431002,0.19433700981976637
2019,batt_tim673,1,673,battery,0.05526306114427539,0.0,0.05526306114427539,0.03606440074050171
2020,pltd_tim674,1,674,diesel,0.03782921707642659,0.073,-0.0351707829235734,0.1368432493815416
2021,plts_tim674,1,674,solar,0.11692220195804198,0.0,0.11692220195804198,0.16274930854521139
2022,batt_tim674,1,674,battery,0.04628067846655736,0.0,0.04628067846655736,0.03020251297666005
2023,pltd_tim675,1,675,diesel,0.021388960933041073,0.0413,-0.01991103906695893,0.07737243292802987
2024,plts_tim675,1,675,solar,0.06610708735609168,0.0,0.06610708735609168,0.09201714597248677
2025,batt_tim675,1,675,battery,0.026165548315725783,0.0,0.026165548315725783,0.017075551290072242
2026,pltd_tim676,1,676,diesel,0.08810841283287409,0.1701,-0.08199158716712591,0.3187239392442592
2027,plts_tim676,1,676,solar,0.2723240696956432,0.0,0.2723240696956432,0.37906062813783203
2028,batt_tim676,1,676,battery,0.10779201834137588,0.0,0.10779201834137588,0.07034454485754318
2029,pltd_tim677,1,677,diesel,0.0978868548400241,0.1969,-0.09901314515997589,0.35805937908117735
2030,plts_tim677,1,677,solar,0.3216421528514229,0.0,0.3216421528514229,0.4510363949095803
2031,batt_tim677,1,677,battery,0.13688512402530914,0.0,0.13688512402530914,0.08878295114890884
2032,pltd_tim678,1,678,diesel,0.043415372450659115,0.0838,-0.040384627549340885,0.15705196615192898
2033,plts_tim678,1,678,solar,0.134189093582552,0.0,0.134189093582552,0.18678388911741448
2034,batt_tim678,1,678,battery,0.05311509259293376,0.0,0.05311509259293376,0.03466267845412718
2035,pltd_tim679,1,679,diesel,0.04485175740663674,0.0866,-0.04174824259336326,0.16224820535010975
2036,plts_tim679,1,679,solar,0.1386294134195015,0.0,0.1386294134195015,0.19296503025853665
2037,batt_tim679,1,679,battery,0.054873822301059534,0.0,0.054873822301059534,0.03581036467231623
2038,pltd_tim680,1,680,diesel,0.030646848218410898,0.0591,-0.028453151781589102,0.11086166946125837
2039,plts_tim680,1,680,solar,0.09472051048315328,0.0,0.09472051048315328,0.1318459735148005
2040,batt_tim680,1,680,battery,0.03749149474692592,0.0,0.03749149474692592,0.024466734493594676
2041,pltd_tim681,1,681,diesel,0.049321752068524786,0.0952,-0.04587824793147522,0.17841659460326734
2042,plts_tim681,1,681,solar,0.15244166667178108,0.0,0.15244166667178108,0.21219051449681534
2043,batt_tim681,1,681,battery,0.06033917767134283,0.0,0.06033917767134283,0.039377101103959776
2044,pltd_tim682,1,682,diesel,0.07245711808629744,0.1457,-0.07324288191370255,0.2650402347238596
2045,plts_tim682,1,682,solar,0.23808780769878993,0.0,0.23808780769878993,0.333868027919893
2046,batt_tim682,1,682,battery,0.10132711532154236,0.0,0.10132711532154236,0.06572025900340156
2047,pltd_tim683,1,683,diesel,0.0439642313262541,0.0884,-0.04443576867374591,0.16081720940160255
2048,plts_tim683,1,683,solar,0.14446341470647506,0.0,0.14446341470647506,0.2025796850915736
2049,batt_tim683,1,683,battery,0.061482072102704344,0.0,0.061482072102704344,0.039876967318745016
2050,pltd_tim684,1,684,diesel,0.03783773135559978,0.0727,-0.03486226864440022,0.13702342240839438
2051,plts_tim684,1,684,solar,0.11699218513787747,0.0,0.11699218513787747,0.16118722194326465
2052,batt_tim684,1,684,battery,0.0454798464476648,0.0,0.0454798464476648,0.02942840284407998
2053,pltd_tim685,1,685,diesel,0.049061727902824315,0.0943,-0.04523827209717568,0.17766772370209288
2054,plts_tim685,1,685,solar,0.151691102395489,0.0,0.151691102395489,0.20899516205866953
2055,batt_tim685,1,685,battery,0.058967925271806824,0.0,0.058967925271806824,0.038155914174875884
2056,pltd_tim686,1,686,diesel,0.02885891563118522,0.0555,-0.02664108436881478,0.10450872164356474
2057,plts_tim686,1,686,solar,0.08923176390268837,0.0,0.08923176390268837,0.12294051253755642
2058,batt_tim686,1,686,battery,0.03468919064682302,0.0,0.03468919064682302,0.022446090618684248
2059,pltd_tim687,1,687,diesel,0.02982079021250653,0.0573,-0.027479209787493467,0.10799227538837942
2060,plts_tim687,1,687,solar,0.09220540520279842,0.0,0.09220540520279842,0.12703824017011256
2061,batt_tim687,1,687,battery,0.0358456268095413,0.0,0.0358456268095413,0.023194347609838965
2062,pltd_tim688,1,688,diesel,0.01651425027808575,0.0317,-0.015185749721914249,0.059802943206220927
2063,plts_tim688,1,688,solar,0.05106038050470141,0.0,0.05106038050470141,0.07034802332508543
2064,batt_tim688,1,688,battery,0.019848204857446622,0.0,0.019848204857446622,0.012843117932932246
2065,pltd_tim689,1,689,diesel,0.030462712778793255,0.0585,-0.02803728722120675,0.11031583498010969
2066,plts_tim689,1,689,solar,0.09418783282742023,0.0,0.09418783282742023,0.1297696422154643
2067,batt_tim689,1,689,battery,0.03661565894077354,0.0,0.03661565894077354,0.0236925904860929
2068,pltd_tim690,1,690,diesel,0.02276803205012063,0.0437,-0.020931967949879372,0.0824482036617308
2069,plts_tim690,1,690,solar,0.07039226662931364,0.0,0.07039226662931364,0.09698315347009065
2070,batt_tim690,1,690,battery,0.027362112380534414,0.0,0.027362112380534414,0.017705075782707604
2071,pltd_tim691,1,691,diesel,0.028858915631724085,0.0555,-0.026641084368275916,0.1045087216448612
2072,plts_tim691,1,691,solar,0.08923176390123963,0.0,0.08923176390123963,0.12294051253608525
2073,batt_tim691,1,691,battery,0.034689190645446046,0.0,0.034689190645446046,0.022446090617703415
2074,pltd_tim692,1,692,diesel,0.05805610776033722,0.1168,-0.05874389223966278,0.21236521870638592
2075,plts_tim692,1,692,solar,0.19077487397449694,0.0,0.19077487397449694,0.2675212787427382
2076,batt_tim692,1,692,battery,0.08119390293523514,0.0,0.08119390293523514,0.05266203412533199
2077,pltd_tim693,1,693,diesel,0.03302864551009189,0.0635,-0.030471354489908113,0.11960702606599859
2078,plts_tim693,1,693,solar,0.10211754274436426,0.0,0.10211754274436426,0.14069546603271685
2079,batt_tim693,1,693,battery,0.039697312329714705,0.0,0.039697312329714705,0.025686551046817264
2080,pltd_tim694,1,694,diesel,0.025736870516254323,0.0518,-0.026063129483745676,0.09414104473746113
2081,plts_tim694,1,694,solar,0.08456030545999256,0.0,0.08456030545999256,0.1185791011425514
2082,batt_tim694,1,694,battery,0.03598509301766668,0.0,0.03598509301766668,0.023339710014779653
2083,pltd_tim695,1,695,diesel,0.032226785721883845,0.0619,-0.02967321427811615,0.11670376215626807
2084,plts_tim695,1,695,solar,0.0996395084222309,0.0,0.0996395084222309,0.13728122238820947
2085,batt_tim695,1,695,battery,0.038734243699709174,0.0,0.038734243699709174,0.025063415937019592
2086,pltd_tim696,1,696,diesel,0.07102662422112077,0.1365,-0.06547337577887924,0.25721043183119213
2087,plts_tim696,1,696,solar,0.21960533357027492,0.0,0.21960533357027492,0.3025667913730707
2088,batt_tim696,1,696,battery,0.08537097785015893,0.0,0.08537097785015893,0.05524029186404694
2089,pltd_tim697,1,697,diesel,0.05044499991136017,0.0974,-0.04695500008863983,0.18271280746002075
2090,plts_tim697,1,697,solar,0.1568904425300353,0.0,0.1568904425300353,0.21669630047253446
2091,batt_tim697,1,697,battery,0.06165203883695393,0.0,0.06165203883695393,0.04001045644632345
2092,pltd_tim698,1,698,diesel,0.05092399991184576,0.0983,-0.047376000088154235,0.18444862972223042
2093,plts_tim698,1,698,solar,0.158377794742064,0.0,0.158377794742064,0.2187522660638851
2094,batt_tim698,1,698,battery,0.062236051734057524,0.0,0.062236051734057524,0.040389397606899434
2095,pltd_tim699,1,699,diesel,0.021390999808957277,0.0413,-0.019909000191042726,0.07747981533405371
2096,plts_tim699,1,699,solar,0.06652910365221247,0.0,0.06652910365221247,0.0918899423408761
2097,batt_tim699,1,699,battery,0.026143391070366378,0.0,0.026143391070366378,0.01696632658154654
2098,pltd_tim700,1,700,diesel,0.07948949620797197,0.1534,-0.07391050379202804,0.2875460324542377
2099,plts_tim700,1,700,solar,0.24568215329589116,0.0,0.24568215329589116,0.34197708935679144
2100,batt_tim700,1,700,battery,0.09724562384777939,0.0,0.09724562384777939,0.0634619906710611
2101,pltd_tim701,1,701,diesel,0.0878619666236106,0.1688,-0.08093803337638941,0.31817530871862026
2102,plts_tim701,1,701,solar,0.27165692709171446,0.0,0.27165692709171446,0.3742798348310658
2103,batt_tim701,1,701,battery,0.10560357194462158,0.0,0.10560357194462158,0.06833214127293871
2104,pltd_tim702,1,702,diesel,0.04389395154892192,0.0847,-0.040806048451078075,0.15878364623464725
2105,plts_tim702,1,702,solar,0.13566920059318843,0.0,0.13566920059318843,0.18884479580651503
2106,batt_tim702,1,702,battery,0.053702103068140904,0.0,0.053702103068140904,0.035045770892126814
2107,pltd_tim703,1,703,diesel,0.13820663153456134,0.2656,-0.12739336846543867,0.5004886936081153
2108,plts_tim703,1,703,solar,0.42731288285534147,0.0,0.42731288285534147,0.5887385981208471
2109,batt_tim703,1,703,battery,0.16611294548976935,0.0,0.16611294548976935,0.10748542479221355
2110,pltd_tim704,1,704,diesel,0.018357999779123217,0.0354,-0.017042000220876784,0.06649354672953481
2111,plts_tim704,1,704,solar,0.05709654417948887,0.0,0.05709654417948887,0.07886114393296294
2112,batt_tim704,1,704,battery,0.022436432203834115,0.0,0.022436432203834115,0.014560665872901777
2113,pltd_tim705,1,705,diesel,0.03176799986687689,0.0613,-0.029532000133123112,0.11506368591135144
2114,plts_tim705,1,705,solar,0.09880082899829737,0.0,0.09880082899829737,0.13646312030623872
2115,batt_tim705,1,705,battery,0.03882401306404478,0.0,0.03882401306404478,0.025195677445544074
2116,pltd_tim706,1,706,diesel,0.08923699994414622,0.1722,-0.08296300005585378,0.32321867348136574
2117,plts_tim706,1,706,solar,0.27753494442955357,0.0,0.27753494442955357,0.3833308325062915
2118,batt_tim706,1,706,battery,0.10905936950919225,0.0,0.10905936950919225,0.07077644815414216
2119,pltd_tim707,1,707,diesel,0.04677399990534734,0.0903,-0.04352600009465266,0.16941606261852613
2120,plts_tim707,1,707,solar,0.1454695491564184,0.0,0.1454695491564184,0.2009220754949699
2121,batt_tim707,1,707,battery,0.057162033438763915,0.0,0.057162033438763915,0.03709658967490254
2122,pltd_tim708,1,708,diesel,0.04902001342618676,0.0986,-0.04957998657381323,0.1793095083046995
2123,plts_tim708,1,708,solar,0.16107294042032108,0.0,0.16107294042032108,0.2258713144845956
2124,batt_tim708,1,708,battery,0.06854984674256562,0.0,0.06854984674256562,0.04446107344915622
2125,pltd_tim709,1,709,diesel,0.08363935577293234,0.1682,-0.08456064422706765,0.30594519361857686
2126,plts_tim709,1,709,solar,0.27483294563828553,0.0,0.27483294563828553,0.3853955781194265
2127,batt_tim709,1,709,battery,0.11696555928372357,0.0,0.11696555928372357,0.07586330259648062
2128,pltd_tim710,1,710,diesel,0.1686584102714411,0.3392,-0.1705415897285589,0.6169355223599788
2129,plts_tim710,1,710,solar,0.5541934513952785,0.0,0.5541934513952785,0.7771409540542719
2130,batt_tim710,1,710,battery,0.2358567737758243,0.0,0.2358567737758243,0.15297553879915468
2131,pltd_tim711,1,711,diesel,0.058746999921826575,0.1134,-0.054653000078173426,0.2127824206288438
2132,plts_tim711,1,711,solar,0.18270467838488175,0.0,0.18270467838488175,0.2523518871094241
2133,batt_tim711,1,711,battery,0.07179370401157809,0.0,0.07179370401157809,0.046592070625113696
2134,pltd_tim712,1,712,diesel,0.10613969083290657,0.2039,-0.09776030916709343,0.384365350719453
2135,plts_tim712,1,712,solar,0.3281689824528504,0.0,0.3281689824528504,0.4521410958371992
2136,batt_tim712,1,712,battery,0.12757253081113498,0.0,0.12757253081113498,0.08254738520863043
2137,pltd_tim713,1,713,diesel,0.1253798902572415,0.2409,-0.1155201097427585,0.4540395540587421
2138,plts_tim713,1,713,solar,0.3876546790411583,0.0,0.3876546790411583,0.5340993950596862
2139,batt_tim713,1,713,battery,0.1506968355504603,0.0,0.1506968355504603,0.09751018395502906
2140,pltd_tim714,1,714,diesel,0.1941620426219211,0.3731,-0.17893795737807888,0.7031216243998347
2141,plts_tim714,1,714,solar,0.6003215154170924,0.0,0.6003215154170924,0.8271041307651266
2142,batt_tim714,1,714,battery,0.23336900567350022,0.0,0.23336900567350022,0.15100429016816996
2143,pltd_tim715,1,715,diesel,0.28202400958971074,0.5419,-0.2598759904102893,1.0212968587404125
2144,plts_tim715,1,715,solar,0.8719784416789115,0.0,0.8719784416789115,1.2013840427735332
2145,batt_tim715,1,715,battery,0.3389725766588054,0.0,0.3389725766588054,0.21933644681785736
2146,pltd_tim716,1,716,diesel,0.22302281009764488,0.4285,-0.2054771899023551,0.807633877013001
2147,plts_tim716,1,716,solar,0.6895500603757356,0.0,0.6895500603757356,0.9500399494449002
2148,batt_tim716,1,716,battery,0.26805337735279194,0.0,0.26805337735279194,0.17344724111803067
2149,pltd_tim717,1,717,diesel,0.11944776943545114,0.2295,-0.11005223056454887,0.43255723343641767
2150,plts_tim717,1,717,solar,0.36931400684965665,0.0,0.36931400684965665,0.5088283451511273
2151,batt_tim717,1,717,battery,0.14356577178808236,0.0,0.14356577178808236,0.09289606564057581
2152,pltd_tim718,1,718,diesel,0.22911432556726244,0.4402,-0.21108567443273754,0.8296943344973898
2153,plts_tim718,1,718,solar,0.7083895576744653,0.0,0.7083895576744653,0.9759968517019123
2154,batt_tim718,1,718,battery,0.27537982228151503,0.0,0.27537982228151503,0.17818791970937822
2155,pltd_tim719,1,719,diesel,0.29966058096711845,0.5758,-0.27613941903288153,1.0851647367396726
2156,plts_tim719,1,719,solar,0.9265080696875949,0.0,0.9265080696875949,1.2765130172190318
2157,batt_tim719,1,719,battery,0.360169953561991,0.0,0.360169953561991,0.23305249302547565
2158,pltd_tim720,1,720,diesel,0.22590832165859487,0.4341,-0.20819167834140512,0.8180839540129385
2159,plts_tim720,1,720,solar,0.6984742021617504,0.0,0.6984742021617504,0.9623351419304338
2160,batt_tim720,1,720,battery,0.27152331917751016,0.0,0.27152331917751016,0.17569257552272197
2161,pltd_tim721,1,721,diesel,0.09924033015585614,0.1944,-0.09515966984414385,0.36193816399267653
2162,plts_tim721,1,721,solar,0.3165772379647169,0.0,0.3165772379647169,0.43605105686276374
2163,batt_tim721,1,721,battery,0.12731903793966298,0.0,0.12731903793966298,0.08228732898555993
2164,pltd_tim722,1,722,diesel,0.06338135201028502,0.1242,-0.06081864798971498,0.2311586458433053
2165,plts_tim722,1,722,solar,0.2021868898387381,0.0,0.2021868898387381,0.27849227419575595
2166,batt_tim722,1,722,battery,0.08131545597021943,0.0,0.08131545597021943,0.05255479603656434
2167,pltd_tim723,1,723,diesel,0.07627866869223537,0.1494,-0.07312133130776463,0.27819440646764054
2168,plts_tim723,1,723,solar,0.2433272779083697,0.0,0.2433272779083697,0.33515677286417106
2169,batt_tim723,1,723,battery,0.0978587875934517,0.0,0.0978587875934517,0.0632469491966155
2170,pltd_tim724,1,724,diesel,0.04875566358195625,0.0955,-0.04674433641804375,0.17781564623362223
2171,plts_tim724,1,724,solar,0.15552766980801022,0.0,0.15552766980801022,0.2142227660339238
2172,batt_tim724,1,724,battery,0.0625477416295619,0.0,0.0625477416295619,0.04042512814950767
2173,pltd_tim725,1,725,diesel,0.0456947410092086,0.0878,-0.0421052589907914,0.16547481889037027
2174,plts_tim725,1,725,solar,0.14128014011332032,0.0,0.14128014011332032,0.19465233836592286
2175,batt_tim725,1,725,battery,0.05492176927954213,0.0,0.05492176927954213,0.03553770386818518
2176,pltd_tim726,1,726,diesel,0.020445575782603923,0.04,-0.019554424217396078,0.07456678698846418
2177,plts_tim726,1,726,solar,0.06522257280709447,0.0,0.06522257280709447,0.08983616642080057
2178,batt_tim726,1,726,battery,0.026230612705864395,0.0,0.026230612705864395,0.01695311345577537
2179,pltd_tim727,1,727,diesel,0.03727346471259173,0.073,-0.03572653528740827,0.1359404519627744
2180,plts_tim727,1,727,solar,0.11890576730589286,0.0,0.11890576730589286,0.16378013985160658
2181,batt_tim727,1,727,battery,0.047822491865189755,0.0,0.047822491865189755,0.030908032941603963
2182,pltd_tim728,1,728,diesel,0.02895188766033289,0.0582,-0.02924811233966711,0.10590385699930424
2183,plts_tim728,1,728,solar,0.0951340800903071,0.0,0.0951340800903071,0.13340586352345604
2184,batt_tim728,1,728,battery,0.040488075492732714,0.0,0.040488075492732714,0.02626041746382477
2185,pltd_tim729,1,729,diesel,0.07030183900683583,0.1377,-0.06739816099316416,0.2563978658432306
2186,plts_tim729,1,729,solar,0.2242622199689563,0.0,0.2242622199689563,0.3088971586203584
2187,batt_tim729,1,729,battery,0.09019179755336279,0.0,0.09019179755336279,0.05829173904592391
2188,pltd_tim730,1,730,diesel,0.031926406616930275,0.0625,-0.030573593383069725,0.11643876846513776
2189,plts_tim730,1,730,solar,0.10184755600551061,0.0,0.10184755600551061,0.14028355213215443
2190,batt_tim730,1,730,battery,0.040961008264706,0.0,0.040961008264706,0.02647345241749064
2191,pltd_tim731,1,731,diesel,0.09169107159617232,0.1796,-0.08790892840382769,0.33440590740107706
2192,plts_tim731,1,731,solar,0.29249505926910735,0.0,0.29249505926910735,0.40287999950567516
2193,batt_tim731,1,731,battery,0.11763338889014321,0.0,0.11763338889014321,0.07602747830547402
2194,pltd_tim732,1,732,diesel,0.013480963380676902,0.0271,-0.013619036619323097,0.04931175893947208
2195,plts_tim732,1,732,solar,0.04429356447474121,0.0,0.04429356447474121,0.06211274389744194
2196,batt_tim732,1,732,battery,0.01884945409637689,0.0,0.01884945409637689,0.012225677082609625
2197,pltd_tim733,1,733,diesel,0.04041932223413777,0.0792,-0.038780677765862234,0.14741272684145879
2198,plts_tim733,1,733,solar,0.12894000921804222,0.0,0.12894000921804222,0.17760013859302315
2199,batt_tim733,1,733,battery,0.0518565512267623,0.0,0.0518565512267623,0.033515349895238786
2200,pltd_tim734,1,734,diesel,0.036876740074302965,0.0709,-0.03402325992569704,0.13354166110289595
2201,plts_tim734,1,734,solar,0.11401532587124909,0.0,0.11401532587124909,0.1570876735245889
2202,batt_tim734,1,734,battery,0.04432230709041994,0.0,0.04432230709041994,0.0286792356251839
2203,pltd_tim735,1,735,diesel,0.06733968295089104,0.1294,-0.06206031704910894,0.2438579862183133
2204,plts_tim735,1,735,solar,0.20820315754170873,0.0,0.20820315754170873,0.2868559116203908
2205,batt_tim735,1,735,battery,0.08093625684962852,0.0,0.08093625684962852,0.05237081203886085
2206,pltd_tim736,1,736,diesel,0.07536618864769262,0.1516,-0.07623381135230739,0.275683853037098
2207,plts_tim736,1,736,solar,0.24765412924790187,0.0,0.24765412924790187,0.34728243012234294
2208,batt_tim736,1,736,battery,0.10540096246964656,0.0,0.10540096246964656,0.0683626114096933
2209,pltd_tim737,1,737,diesel,0.027420035343600713,0.0551,-0.02767996465639929,0.10030029642837872
2210,plts_tim737,1,737,solar,0.09010129814952911,0.0,0.09010129814952911,0.12634783269636213
2211,batt_tim737,1,737,battery,0.038346258422246315,0.0,0.038346258422246315,0.024871220704310994
2212,pltd_tim738,1,738,diesel,0.02901936173877834,0.0558,-0.02678063826122166,0.1050893314341038
2213,plts_tim738,1,738,solar,0.08972737089225619,0.0,0.08972737089225619,0.1236233723784197
2214,batt_tim738,1,738,battery,0.03488192797750321,0.0,0.03488192797750321,0.022570793447942498
2215,pltd_tim739,1,739,diesel,0.028858915631554023,0.0555,-0.026641084368445977,0.10450872164445871
2216,plts_tim739,1,739,solar,0.08923176390167663,0.0,0.08923176390167663,0.1229405125365379
2217,batt_tim739,1,739,battery,0.034689190645878755,0.0,0.034689190645878755,0.022446090617994484
2218,pltd_tim740,1,740,diesel,0.05515549492176699,0.106,-0.05084450507823301,0.19973292053052574
2219,plts_tim740,1,740,solar,0.17052738141301968,0.0,0.17052738141301968,0.23494672342955875
2220,batt_tim740,1,740,battery,0.06628846525158555,0.0,0.06628846525158555,0.04289277519464832
2221,pltd_tim741,1,741,diesel,0.06098199992414431,0.1177,-0.05671800007585569,0.2208771234789166
2222,plts_tim741,1,741,solar,0.18965614934632608,0.0,0.18965614934632608,0.261952825553827
2223,batt_tim741,1,741,battery,0.07452564066268635,0.0,0.07452564066268635,0.04836503220712454
2224,pltd_tim742,1,742,diesel,0.021390999809044877,0.0413,-0.019909000190955126,0.07747981533441378
2225,plts_tim742,1,742,solar,0.06652910365136404,0.0,0.06652910365136404,0.09188994234057837
2226,batt_tim742,1,742,battery,0.026143391070255786,0.0,0.026143391070255786,0.01696632658201275
2227,pltd_tim743,1,743,diesel,0.022446571609699914,0.0431,-0.020653428390300085,0.08128585375700906
2228,plts_tim743,1,743,solar,0.069401052925069,0.0,0.069401052925069,0.0956190777039564
2229,batt_tim743,1,743,battery,0.026979265487209816,0.0,0.026979265487209816,0.017457243378467827
2230,pltd_tim744,1,744,diesel,0.039121236870979355,0.0752,-0.03607876312902065,0.14166994605310784
2231,plts_tim744,1,744,solar,0.12095704011376321,0.0,0.12095704011376321,0.16664991005311033
2232,batt_tim744,1,744,battery,0.04701974991043701,0.0,0.04701974991043701,0.030424738805300094
2233,pltd_tim745,1,745,diesel,0.02985199985936391,0.0576,-0.027748000140636088,0.10812442192087263
2234,plts_tim745,1,745,solar,0.09284389046902511,0.0,0.09284389046902511,0.12823490745671987
2235,batt_tim745,1,745,battery,0.03648357581816231,0.0,0.03648357581816231,0.023676861537396326
2236,pltd_tim746,1,746,diesel,0.022977585719839294,0.0462,-0.023222414280160704,0.08405067216735397
2237,plts_tim746,1,746,solar,0.07550368946946102,0.0,0.07550368946946102,0.10587799296599368
2238,batt_tim746,1,746,battery,0.032133567884378496,0.0,0.032133567884378496,0.020841743505870213
2239,pltd_tim747,1,747,diesel,0.13179263545147069,0.2532,-0.1214073645485293,0.4772623556591584
2240,plts_tim747,1,747,solar,0.4074853900363979,0.0,0.4074853900363979,0.5614207147510841
2241,batt_tim747,1,747,battery,0.15840675432153437,0.0,0.15840675432153437,0.10249903730888463
2242,pltd_tim748,1,748,diesel,0.06124657918324913,0.1177,-0.05645342081675087,0.2217931394398385
2243,plts_tim748,1,748,solar,0.18936687850686262,0.0,0.18936687850686262,0.2609041126937225
2244,batt_tim748,1,748,battery,0.0736155400959617,0.0,0.0736155400959617,0.04763381699413928
2245,pltd_tim749,1,749,diesel,0.039429999890136666,0.0761,-0.036670000109863335,0.1428172579469245
2246,plts_tim749,1,749,solar,0.12263197529297999,0.0,0.12263197529297999,0.16937914948639446
2247,batt_tim749,1,749,battery,0.04818935014409065,0.0,0.04818935014409065,0.031273527786408434
2248,pltd_tim750,1,750,diesel,0.03942999989017643,0.0761,-0.03667000010982357,0.14281725794699338
2249,plts_tim750,1,750,solar,0.12263197529292505,0.0,0.12263197529292505,0.16937914948634417
2250,batt_tim750,1,750,battery,0.04818935014399212,0.0,0.04818935014399212,0.03127352778657111
2251,pltd_tim751,1,751,diesel,0.018919537385248143,0.0364,-0.01748046261475186,0.0685132276232021
2252,plts_tim751,1,751,solar,0.05849448367433973,0.0,0.05849448367433973,0.08059195274312321
2253,batt_tim751,1,751,battery,0.02273820487756406,0.0,0.02273820487756406,0.01471304287979425
2254,pltd_tim752,1,752,diesel,0.041519922386638236,0.0813,-0.03978007761336176,0.1514277061430101
2255,plts_tim752,1,752,solar,0.13245199397554386,0.0,0.13245199397554386,0.18243780235244714
2256,batt_tim752,1,752,battery,0.05326945093814627,0.0,0.05326945093814627,0.03442852973696122
2257,pltd_tim753,1,753,diesel,0.015872667462985334,0.0305,-0.014627332537014665,0.057480034932400996
2258,plts_tim753,1,753,solar,0.04907795289509652,0.0,0.04907795289509652,0.06761689337087226
2259,batt_tim753,1,753,battery,0.01907833319577029,0.0,0.01907833319577029,0.012344935381482508
2260,pltd_tim754,1,754,diesel,0.036556478415870314,0.0702,-0.033643521584129685,0.13238139920547382
2261,plts_tim754,1,754,solar,0.11302411220235983,0.0,0.11302411220235983,0.1557205343708744
2262,batt_tim754,1,754,battery,0.04393511893590185,0.0,0.04393511893590185,0.02842879379462584
2263,pltd_tim755,1,755,diesel,0.053551266292451556,0.1029,-0.04934873370754845,0.1939258222973888
2264,plts_tim755,1,755,solar,0.16557131280143791,0.0,0.16557131280143791,0.22811820526960944
2265,batt_tim755,1,755,battery,0.06436262758418178,0.0,0.06436262758418178,0.04164671120818352
2266,pltd_tim756,1,756,diesel,0.0528441786233165,0.1035,-0.050655821376683494,0.19272804992928658
2267,plts_tim756,1,756,solar,0.1685721828533752,0.0,0.1685721828533752,0.23219138256424593
2268,batt_tim756,1,756,battery,0.06779603682158407,0.0,0.06779603682158407,0.0438170620003165
2269,pltd_tim757,1,757,diesel,0.07266098230949496,0.1423,-0.06963901769050505,0.26500110813688826
2270,plts_tim757,1,757,solar,0.231787900751695,0.0,0.231787900751695,0.3192632364281568
2271,batt_tim757,1,757,battery,0.09321896926270375,0.0,0.09321896926270375,0.06024817429173838
2272,pltd_tim758,1,758,diesel,0.03774529335132851,0.0739,-0.036154706648671486,0.1376613175343116
2273,plts_tim758,1,758,solar,0.1204109036330822,0.0,0.1204109036330822,0.16585276527076936
2274,batt_tim758,1,758,battery,0.04842716766766065,0.0,0.04842716766766065,0.03129887333117244
2275,pltd_tim759,1,759,diesel,0.027837891481300676,0.0545,-0.026662108518699323,0.10152650414796278
2276,plts_tim759,1,759,solar,0.08880304135811055,0.0,0.08880304135811055,0.12231474625099041
2277,batt_tim759,1,759,battery,0.0357127134416755,0.0,0.0357127134416755,0.023081494639075707
2278,pltd_tim760,1,760,diesel,0.16340839641692018,0.3201,-0.15669160358307982,0.5959654452213379
2279,plts_tim760,1,760,solar,0.5212726802371429,0.0,0.5212726802371429,0.7179973372706635
2280,batt_tim760,1,760,battery,0.20964192381424077,0.0,0.20964192381424077,0.13549329940165264
2281,pltd_tim761,1,761,diesel,0.06848499993117833,0.1322,-0.06371500006882168,0.24805337920029508
2282,plts_tim761,1,761,solar,0.21299035924767773,0.0,0.21299035924767773,0.29418255685220507
2283,batt_tim761,1,761,battery,0.08369493162261583,0.0,0.08369493162261583,0.05431562342983504
2284,pltd_tim762,1,762,diesel,0.04006899989162644,0.0773,-0.03723100010837355,0.14513062186029307
2285,plts_tim762,1,762,solar,0.12461728894066935,0.0,0.12461728894066935,0.17212107921953032
2286,batt_tim762,1,762,battery,0.0489687923975662,0.0,0.0489687923975662,0.031779382560069666
2287,pltd_tim763,1,763,diesel,0.06002399992336468,0.1158,-0.05577600007663532,0.2174080418232032
2288,plts_tim763,1,763,solar,0.18667709930960735,0.0,0.18667709930960735,0.2578384342797964
2289,batt_tim763,1,763,battery,0.07335518896963389,0.0,0.07335518896963389,0.04760545297888187
2290,pltd_tim764,1,764,diesel,0.05363799991567582,0.1035,-0.049862000084324176,0.19427827224699704
2291,plts_tim764,1,764,solar,0.16681887591603398,0.0,0.16681887591603398,0.23040971159310997
2292,batt_tim764,1,764,battery,0.0655523959003066,0.0,0.0655523959003066,0.042541683601722446
2293,pltd_tim765,1,765,diesel,0.0617282851717916,0.1186,-0.056871714828208395,0.22353627661011566
2294,plts_tim765,1,765,solar,0.19085369911927277,0.0,0.19085369911927277,0.26295114167175393
2295,batt_tim765,1,765,battery,0.07419112748210399,0.0,0.07419112748210399,0.0480063361187481
2296,pltd_tim766,1,766,diesel,0.03415045278261987,0.0656,-0.031449547217380136,0.12366969523222274
2297,plts_tim766,1,766,solar,0.10559000899249416,0.0,0.10559000899249416,0.14547788510073906
2298,batt_tim766,1,766,battery,0.041047125747244104,0.0,0.041047125747244104,0.02656011195222119
2299,pltd_tim767,1,767,diesel,0.05210748506895061,0.1001,-0.04799251493104938,0.18869798799426882
2300,plts_tim767,1,767,solar,0.16111085099087147,0.0,0.16111085099087147,0.22197326850450239
2301,batt_tim767,1,767,battery,0.06263060742962719,0.0,0.06263060742962719,0.04052593268377064
2302,pltd_tim768,1,768,diesel,0.04681634893241728,0.09,-0.043183651067582714,0.1695374788181749
2303,plts_tim768,1,768,solar,0.1447526062637665,0.0,0.1447526062637665,0.19943597668066498
2304,batt_tim768,1,768,battery,0.056272666264935545,0.0,0.056272666264935545,0.03641189862522053
2305,pltd_tim769,1,769,diesel,0.03543318843599953,0.0681,-0.03266681156400046,0.12831534359571112
2306,plts_tim769,1,769,solar,0.10955486393356928,0.0,0.10955486393356928,0.15094163402402788
2307,batt_tim769,1,769,battery,0.04258857938006352,0.0,0.04258857938006352,0.02755747016662373
2308,pltd_tim770,1,770,diesel,0.0540324042018284,0.1038,-0.0497675957981716,0.19566748209602888
2309,plts_tim770,1,770,solar,0.16705813341550876,0.0,0.16705813341550876,0.23016713200241085
2310,batt_tim770,1,770,battery,0.06494084235883509,0.0,0.06494084235883509,0.04202079279558328
2311,pltd_tim771,1,771,diesel,0.06509490336618558,0.1251,-0.06000509663381441,0.23572821422497894
2312,plts_tim771,1,771,solar,0.2012646614379847,0.0,0.2012646614379847,0.27729491755153846
2313,batt_tim771,1,771,battery,0.07823882722415915,0.0,0.07823882722415915,0.05062546947201993
2314,pltd_tim772,1,772,diesel,0.032388031837339626,0.0622,-0.029811968162660372,0.11728532776388115
2315,plts_tim772,1,772,solar,0.10013511539852417,0.0,0.10013511539852417,0.13796265582261136
2316,batt_tim772,1,772,battery,0.03892480709741319,0.0,0.03892480709741319,0.025186782686190488
2317,pltd_tim773,1,773,diesel,0.0461764783176057,0.0887,-0.0425235216823943,0.16721829895804172
2318,plts_tim773,1,773,solar,0.14276696072829934,0.0,0.14276696072829934,0.19669980834117548
2319,batt_tim773,1,773,battery,0.05549781340445147,0.0,0.05549781340445147,0.03591052008182529
2320,pltd_tim774,1,774,diesel,0.017469074690201796,0.0339,-0.016430925309798203,0.06278756909781136
2321,plts_tim774,1,774,solar,0.054616393527396,0.0,0.054616393527396,0.07629169721474964
2322,batt_tim774,1,774,battery,0.021736641241396168,0.0,0.021736641241396168,0.014171438146794394
2323,pltd_tim775,1,775,diesel,0.0741644431346773,0.1439,-0.0697355568653227,0.26656252247220935
2324,plts_tim775,1,775,solar,0.23187146489092367,0.0,0.23187146489092367,0.323891128473702
2325,batt_tim775,1,775,battery,0.09227977197460382,0.0,0.09227977197460382,0.060162856142155906
2326,pltd_tim776,1,776,diesel,0.026195399759050164,0.0527,-0.026504600240949833,0.09581901683196936
2327,plts_tim776,1,776,solar,0.08607297997660712,0.0,0.08607297997660712,0.12069951785580693
2328,batt_tim776,1,776,battery,0.0366308498065995,0.0,0.0366308498065995,0.023758545283832186
2329,pltd_tim777,1,777,diesel,0.053230345074464266,0.1023,-0.049069654925535736,0.19276335258560492
2330,plts_tim777,1,777,solar,0.16458009897876372,0.0,0.16458009897876372,0.22675336454076975
2331,batt_tim777,1,777,battery,0.06397885726421011,0.0,0.06397885726421011,0.04139827748070875
2332,pltd_tim778,1,778,diesel,0.030141282465605507,0.0579,-0.027758717534394493,0.109153281210796
2333,plts_tim778,1,778,solar,0.09319661911116511,0.0,0.09319661911116511,0.12840497929391342
2334,batt_tim778,1,778,battery,0.03623218833100609,0.0,0.03623218833100609,0.023444421728735752
2335,pltd_tim779,1,779,diesel,0.04264736195910972,0.0819,-0.039252638040890284,0.15444140622188893
2336,plts_tim779,1,779,solar,0.13186360952981874,0.0,0.13186360952981874,0.18167782185091505
2337,batt_tim779,1,779,battery,0.05126219733361321,0.0,0.05126219733361321,0.03316986688221689
2338,pltd_tim780,1,780,diesel,0.06028467323463601,0.1158,-0.05551532676536399,0.21830977731972098
2339,plts_tim780,1,780,solar,0.186393237299998,0.0,0.186393237299998,0.25680601587383267
2340,batt_tim780,1,780,battery,0.07245864731007595,0.0,0.07245864731007595,0.046885335688571415
