ID,Resource,Zone,Village,technology,Total_MW,Start_MW,Change_in_MW,Electricity_GWh
1,pltd_bel1,1,1,diesel,0.0,0.2773,-0.2773,0.0
2,plts_bel1,1,1,solar,0.0,0.0,0.0,0.0
3,batt_bel1,1,1,battery,0.008614006999999979,0.0,0.008614006999999979,0.005291315987846266
4,pltd_bel2,1,2,diesel,0.0,0.846,-0.846,0.0
5,plts_bel2,1,2,solar,0.0,0.0,0.0,0.0
6,batt_bel2,1,2,battery,0.369158,0.0,0.369158,0.31774095916888706
7,pltd_bel3,1,3,diesel,0.0,0.842,-0.842,0.0
8,plts_bel3,1,3,solar,0.0,0.0,0.0,0.0
9,batt_bel3,1,3,battery,0.3673709999999999,0.0,0.3673709999999999,0.33044184663378057
10,pltd_bel4,1,4,diesel,0.0,0.3891,-0.3891,0.0
11,plts_bel4,1,4,solar,0.0,0.0,0.0,0.0
12,batt_bel4,1,4,battery,0.010610999999999982,0.0,0.010610999999999982,0.008344687461428545
13,pltd_bel5,1,5,diesel,0.0,0.4381,-0.4381,0.0
14,plts_bel5,1,5,solar,0.0,0.0,0.0,0.0
15,batt_bel5,1,5,battery,0.19118100000000005,0.0,0.19118100000000005,0.17230796428540376
16,pltd_bel6,1,6,diesel,0.0,0.3851,-0.3851,0.0
17,plts_bel6,1,6,solar,0.0,0.0,0.0,0.0
18,batt_bel6,1,6,battery,0.009189500000000017,0.0,0.009189500000000017,0.005565571100000007
19,pltd_bel7,1,7,diesel,0.0,0.3586,-0.3586,0.0
20,plts_bel7,1,7,solar,0.0,0.0,0.0,0.0
21,batt_bel7,1,7,battery,0.15648299999999998,0.0,0.15648299999999998,0.1373963240815305
22,pltd_bel8,1,8,diesel,0.0,0.7089,-0.7089,0.0
23,plts_bel8,1,8,solar,0.0,0.0,0.0,0.0
24,batt_bel8,1,8,battery,0.30928,0.0,0.30928,0.27824447899180793
25,pltd_bel9,1,9,diesel,0.0,0.6833,-0.6833,0.0
26,plts_bel9,1,9,solar,0.0,0.0,0.0,0.0
27,batt_bel9,1,9,battery,0.29818999999999996,0.0,0.29818999999999996,0.26960986878420545
28,pltd_bel10,1,10,diesel,0.0,0.3968,-0.3968,0.0
29,plts_bel10,1,10,solar,0.0,0.0,0.0,0.0
30,batt_bel10,1,10,battery,0.008524338374291104,0.0,0.008524338374291104,0.006504408598096133
31,pltd_bel11,1,11,diesel,0.0,0.6602,-0.6602,0.0
32,plts_bel11,1,11,solar,0.0,0.0,0.0,0.0
33,batt_bel11,1,11,battery,0.288115,0.0,0.288115,0.2606850046968807
34,pltd_bel12,1,12,diesel,0.0,0.284,-0.284,0.0
35,plts_bel12,1,12,solar,0.0,0.0,0.0,0.0
36,batt_bel12,1,12,battery,0.006102315689981097,0.0,0.006102315689981097,0.0034001379464285797
37,pltd_bel13,1,13,diesel,0.0,0.2672,-0.2672,0.0
38,plts_bel13,1,13,solar,0.0,0.0,0.0,0.0
39,batt_bel13,1,13,battery,0.133622,0.0,0.133622,0.10720484622185703
40,pltd_bel14,1,14,diesel,0.005015568000000026,0.2055,-0.20048443199999996,0.0008539170307142897
41,plts_bel14,1,14,solar,0.0,0.0,0.0,0.0
42,batt_bel14,1,14,battery,0.006537999999999988,0.0,0.006537999999999988,0.003548743295571429
43,pltd_bel15,1,15,diesel,0.0,0.1749,-0.1749,0.0
44,plts_bel15,1,15,solar,0.0,0.0,0.0,0.0
45,batt_bel15,1,15,battery,0.010817785884759623,0.0,0.010817785884759623,0.007219969648453171
46,pltd_bel16,1,16,diesel,0.0,0.4908,-0.4908,0.0
47,plts_bel16,1,16,solar,0.0,0.0,0.0,0.0
48,batt_bel16,1,16,battery,0.007248700173310233,0.0,0.007248700173310233,0.004842629502352048
49,pltd_bel17,1,17,diesel,0.0,0.2234,-0.2234,0.0
50,plts_bel17,1,17,solar,0.0,0.0,0.0,0.0
51,batt_bel17,1,17,battery,0.013175707807705467,0.0,0.013175707807705467,0.009934688228515233
52,pltd_bel18,1,18,diesel,0.0,0.1297,-0.1297,0.0
53,plts_bel18,1,18,solar,0.0,0.0,0.0,0.0
54,batt_bel18,1,18,battery,0.004029295499999995,0.0,0.004029295499999995,0.0024424628286489935
55,pltd_bel19,1,19,diesel,0.021381623999999988,0.203,-0.18161837600000003,0.008507304190714278
56,plts_bel19,1,19,solar,0.0,0.0,0.0,0.0
57,batt_bel19,1,19,battery,0.024178000000000005,0.0,0.024178000000000005,0.01767775676471429
58,pltd_bel20,1,20,diesel,0.002193937386666662,0.0444,-0.04220606261333334,0.005529987688000027
59,plts_bel20,1,20,solar,0.12218138242820353,0.0,0.12218138242820353,0.18965571881166915
60,batt_bel20,1,20,battery,0.04876036121791162,0.0,0.04876036121791162,0.0908188074760366
61,pltd_bel21,1,21,diesel,0.018956609000000013,0.1664,-0.14744339099999998,0.010291224747421165
62,plts_bel21,1,21,solar,0.032995604486646,0.0,0.032995604486646,0.05205998632276502
63,batt_bel21,1,21,battery,0.06435931813175413,0.0,0.06435931813175413,0.08451578503647214
64,pltd_bel22,1,22,diesel,0.015524231000000006,0.1183,-0.10277576899999999,0.010972553942057746
65,plts_bel22,1,22,solar,0.1580431148905196,0.0,0.1580431148905196,0.24681419405026012
66,batt_bel22,1,22,battery,0.06640947305164002,0.0,0.06640947305164002,0.10545430837190747
67,pltd_bel23,1,23,diesel,0.007566511091854411,0.1143,-0.10673348890814559,0.002580768519915197
68,plts_bel23,1,23,solar,0.0,0.0,0.0,0.0
69,batt_bel23,1,23,battery,0.0027290944540727946,0.0,0.0027290944540727946,0.001250881684039368
70,pltd_bel24,1,24,diesel,0.0023283786000000022,0.0672,-0.0648716214,0.005716944372482049
71,plts_bel24,1,24,solar,0.15230843018760332,0.0,0.15230843018760332,0.2419055396381936
72,batt_bel24,1,24,battery,0.05458665262064894,0.0,0.05458665262064894,0.10472275579726575
73,pltd_bel25,1,25,diesel,0.0024224221866666743,0.049,-0.046577577813333326,0.006105775334000041
74,plts_bel25,1,25,solar,0.13759094947696415,0.0,0.13759094947696415,0.20941027767790518
75,batt_bel25,1,25,battery,0.05383908698758068,0.0,0.05383908698758068,0.10027183572446186
76,pltd_bel26,1,26,diesel,0.01799041700000001,0.1371,-0.11910958299999999,0.011987823034839227
77,plts_bel26,1,26,solar,0.1754599193785937,0.0,0.1754599193785937,0.27525625772355505
78,batt_bel26,1,26,battery,0.07573550119775899,0.0,0.07573550119775899,0.11936467943732389
79,pltd_bel27,1,27,diesel,0.01320494199999997,0.1254,-0.11219505800000004,0.006914378022998851
80,plts_bel27,1,27,solar,0.011826304321821628,0.0,0.011826304321821628,0.01815173919084772
81,batt_bel27,1,27,battery,0.044432435624092326,0.0,0.044432435624092326,0.0561947939514604
82,pltd_bel28,1,28,diesel,0.012209573000000001,0.093,-0.080790427,0.008580515893044902
83,plts_bel28,1,28,solar,0.11984278683654656,0.0,0.11984278683654656,0.1867984724709787
84,batt_bel28,1,28,battery,0.05139705536161569,0.0,0.05139705536161569,0.0808410942094087
85,pltd_bel29,1,29,diesel,0.005832325000000006,0.0662,-0.06036767499999999,0.006290000039753619
86,plts_bel29,1,29,solar,0.11174395670485975,0.0,0.11174395670485975,0.17650784866812178
87,batt_bel29,1,29,battery,0.044223664810615564,0.0,0.044223664810615564,0.07357807430551928
88,pltd_bel30,1,30,diesel,0.0025139689600000015,0.0508,-0.048286031039999996,0.006336837270000015
89,plts_bel30,1,30,solar,0.15012668212955377,0.0,0.15012668212955377,0.21731090625218186
90,batt_bel30,1,30,battery,0.05586766250304162,0.0,0.05586766250304162,0.10405379591911135
91,pltd_bel31,1,31,diesel,0.013583578999999998,0.1035,-0.089916421,0.010747008147746031
92,plts_bel31,1,31,solar,0.1423262102040754,0.0,0.1423262102040754,0.21471588258565236
93,batt_bel31,1,31,battery,0.058661175912441216,0.0,0.058661175912441216,0.09381371058359061
94,pltd_bel32,1,32,diesel,0.017693367000000015,0.1553,-0.13760663299999998,0.009443183979187687
95,plts_bel32,1,32,solar,0.031565370986072885,0.0,0.031565370986072885,0.048589033256741056
96,batt_bel32,1,32,battery,0.06006879139239825,0.0,0.06006879139239825,0.07897452427299777
97,pltd_bel33,1,33,diesel,0.012048100999999978,0.0918,-0.07975189900000003,0.009070147534515901
98,plts_bel33,1,33,solar,0.12407719379059308,0.0,0.12407719379059308,0.19154181044754706
99,batt_bel33,1,33,battery,0.051536102266728376,0.0,0.051536102266728376,0.08199941623124124
100,pltd_bel34,1,34,diesel,0.006510268999999999,0.0739,-0.067389731,0.007021715907889752
101,plts_bel34,1,34,solar,0.12362264628097402,0.0,0.12362264628097402,0.19394452325938205
102,batt_bel34,1,34,battery,0.049067999999999994,0.0,0.049067999999999994,0.08095248789209969
103,pltd_bel35,1,35,diesel,0.008635977000000003,0.0758,-0.067164023,0.006115013772837409
104,plts_bel35,1,35,solar,0.10481842771178286,0.0,0.10481842771178286,0.1636402233382259
105,batt_bel35,1,35,battery,0.04431855971803401,0.0,0.04431855971803401,0.07032423277934033
106,pltd_bel36,1,36,diesel,0.002065521041269839,0.0444,-0.04233447895873016,0.005557704779242656
107,plts_bel36,1,36,solar,0.12099124754890972,0.0,0.12099124754890972,0.186431191585656
108,batt_bel36,1,36,battery,0.047327641995524514,0.0,0.047327641995524514,0.08766412547924761
109,pltd_bel37,1,37,diesel,0.010187685000000002,0.0776,-0.067412315,0.0076477121147811074
110,plts_bel37,1,37,solar,0.104662394963936,0.0,0.104662394963936,0.16197934262360492
111,batt_bel37,1,37,battery,0.043581304130770375,0.0,0.043581304130770375,0.0692993673205078
112,pltd_bel38,1,38,diesel,0.016709661999999986,0.1587,-0.14199033800000002,0.006725921742857135
113,plts_bel38,1,38,solar,0.0,0.0,0.0,0.0
114,batt_bel38,1,38,battery,0.01889500000000001,0.0,0.01889500000000001,0.013721901250000001
115,pltd_bel39,1,39,diesel,0.007495210000000009,0.0712,-0.06370478999999998,0.004104974781249999
116,plts_bel39,1,39,solar,0.0,0.0,0.0,0.0
117,batt_bel39,1,39,battery,0.020637999999999997,0.0,0.020637999999999997,0.023546117410714232
118,pltd_bel40,1,40,diesel,0.008368384000000006,0.0638,-0.05543161599999999,0.006598126505482706
119,plts_bel40,1,40,solar,0.08336723132133542,0.0,0.08336723132133542,0.1283983747884796
120,batt_bel40,1,40,battery,0.035755524344222744,0.0,0.035755524344222744,0.05681607410205571
121,pltd_bel41,1,41,diesel,0.009055386999999998,0.069,-0.05994461300000001,0.0066460303309113285
122,plts_bel41,1,41,solar,0.0885614941793673,0.0,0.0885614941793673,0.13855441336287364
123,batt_bel41,1,41,battery,0.03812264239288457,0.0,0.03812264239288457,0.05987270069853965
124,pltd_bel42,1,42,diesel,0.008175685000000002,0.0776,-0.069424315,0.004349126442410704
125,plts_bel42,1,42,solar,0.0,0.0,0.0,0.0
126,batt_bel42,1,42,battery,0.010374999999999995,0.0,0.010374999999999995,0.007592724785714292
127,pltd_bel43,1,43,diesel,0.01791018100000001,0.1365,-0.118589819,0.011049491902400697
128,plts_bel43,1,43,solar,0.05619616421986934,0.0,0.05619616421986934,0.08857524202199113
129,batt_bel43,1,43,battery,0.055893092538408656,0.0,0.055893092538408656,0.07430780142232067
130,pltd_bel44,1,44,diesel,0.014027873999999996,0.1069,-0.092872126,0.009690604018722668
131,plts_bel44,1,44,solar,0.12321071805944121,0.0,0.12321071805944121,0.19332975289099258
132,batt_bel44,1,44,battery,0.05767799999999999,0.0,0.05767799999999999,0.08947155088952338
133,pltd_bel45,1,45,diesel,0.009232980000000168,0.081,-0.07176701999999983,0.006496678481352255
134,plts_bel45,1,45,solar,0.11213169145685216,0.0,0.11213169145685216,0.17494293121655696
135,batt_bel45,1,45,battery,0.04738017100531025,0.0,0.04738017100531025,0.07497361092598946
136,pltd_bel46,1,46,diesel,0.014351814999999997,0.1094,-0.09504818500000001,0.009616414493568327
137,plts_bel46,1,46,solar,0.06889321437711322,0.0,0.06889321437711322,0.10905578822271732
138,batt_bel46,1,46,battery,0.04916500000000001,0.0,0.04916500000000001,0.06808090713791881
139,pltd_bel47,1,47,diesel,0.007483534292894264,0.1131,-0.10561646570710574,0.0023686489707035957
140,plts_bel47,1,47,solar,0.0,0.0,0.0,0.0
141,batt_bel47,1,47,battery,0.0026998483535528722,0.0,0.0026998483535528722,0.001234785451802432
142,pltd_bel48,1,48,diesel,0.014392933,0.1097,-0.09530706700000001,0.010596274757172857
143,plts_bel48,1,48,solar,0.14413844103825393,0.0,0.14413844103825393,0.2288295044929983
144,batt_bel48,1,48,battery,0.061567481316275,0.0,0.061567481316275,0.09789918219286506
145,pltd_bel49,1,49,diesel,0.02105744699999998,0.1999,-0.17884255300000002,0.009630954070551956
146,plts_bel49,1,49,solar,0.0,0.0,0.0,0.0
147,batt_bel49,1,49,battery,0.02671900000000002,0.0,0.02671900000000002,0.01951721457114283
148,pltd_bel50,1,50,diesel,0.02472375700000007,0.2348,-0.21007624299999994,0.007843777267232179
149,plts_bel50,1,50,solar,0.0,0.0,0.0,0.0
150,batt_bel50,1,50,battery,0.019419999999999972,0.0,0.019419999999999972,0.014010753448285677
151,pltd_bel51,1,51,diesel,0.019324305,0.1473,-0.127975695,0.01203729976736111
152,plts_bel51,1,51,solar,0.09836873228474778,0.0,0.09836873228474778,0.15696408422916985
153,batt_bel51,1,51,battery,0.06727,0.0,0.06727,0.09408150123025387
154,pltd_bel52,1,52,diesel,0.01687125200000006,0.1602,-0.14332874799999995,0.008921281516740721
155,plts_bel52,1,52,solar,0.028339452271278195,0.0,0.028339452271278195,0.046190685802848436
156,batt_bel52,1,52,battery,0.06215201753459382,0.0,0.06215201753459382,0.0801809624027755
157,pltd_bel53,1,53,diesel,0.018030534999999986,0.1374,-0.11936946500000001,0.012220513095862976
158,plts_bel53,1,53,solar,0.17149783313298628,0.0,0.17149783313298628,0.2758762163170481
159,batt_bel53,1,53,battery,0.07590594013803129,0.0,0.07590594013803129,0.11957855482386615
160,pltd_bel54,1,54,diesel,0.014393295999999986,0.1263,-0.11190670400000001,0.008643768930714271
161,plts_bel54,1,54,solar,0.1610841628959277,0.0,0.1610841628959277,0.2637752361999996
162,batt_bel54,1,54,battery,0.072054,0.0,0.072054,0.11231594501785733
163,pltd_bel55,1,55,diesel,0.021737922000000007,0.2064,-0.184662078,0.010234388436859471
164,plts_bel55,1,55,solar,0.0,0.0,0.0,0.0
165,batt_bel55,1,55,battery,0.06034929423798156,0.0,0.06034929423798156,0.06906890488218483
166,pltd_bel56,1,56,diesel,0.020942016000000008,0.1596,-0.13865798399999998,0.012716379270493175
167,plts_bel56,1,56,solar,0.0538096355166096,0.0,0.0538096355166096,0.08453671311456519
168,batt_bel56,1,56,battery,0.06322123423185597,0.0,0.06322123423185597,0.08336936621939305
169,pltd_bel57,1,57,diesel,0.018234199000000006,0.1731,-0.154865801,0.009103036311093382
170,plts_bel57,1,57,solar,0.0,0.0,0.0,0.0
171,batt_bel57,1,57,battery,0.050621682577565635,0.0,0.050621682577565635,0.05790825672114727
172,pltd_bel58,1,58,diesel,0.026086704000000047,0.2477,-0.22161329599999996,0.010094819637418912
173,plts_bel58,1,58,solar,0.0,0.0,0.0,0.0
174,batt_bel58,1,58,battery,0.029497999999999993,0.0,0.029497999999999993,0.02133835625
175,pltd_bel59,1,59,diesel,0.008916917999999996,0.0783,-0.069383082,0.007039477799491748
176,plts_bel59,1,59,solar,0.11097837510115248,0.0,0.11097837510115248,0.1746909492683493
177,batt_bel59,1,59,battery,0.046241317432695314,0.0,0.046241317432695314,0.07330995579301595
178,pltd_bel60,1,60,diesel,0.018002611000000057,0.4227,-0.40469738899999996,0.0025902181460714458
179,plts_bel60,1,60,solar,0.0,0.0,0.0,0.0
180,batt_bel60,1,60,battery,0.009606000000000059,0.0,0.009606000000000059,0.005069596158251497
181,pltd_bel61,1,61,diesel,0.002429933333333336,0.0558,-0.05337006666666667,0.00694832532440472
182,plts_bel61,1,61,solar,0.14597147240371286,0.0,0.14597147240371286,0.22796868590100583
183,batt_bel61,1,61,battery,0.05603696285925833,0.0,0.05603696285925833,0.10559000252462421
184,pltd_bel62,1,62,diesel,0.01111917884922009,0.2865,-0.2753808211507799,0.0018553432042640481
185,plts_bel62,1,62,solar,0.0,0.0,0.0,0.0
186,batt_bel62,1,62,battery,0.007053184575389948,0.0,0.007053184575389948,0.003754376135509208
187,pltd_bel63,1,63,diesel,0.007483534292894264,0.1131,-0.10561646570710574,0.002271095755814081
188,plts_bel63,1,63,solar,0.0,0.0,0.0,0.0
189,batt_bel63,1,63,battery,0.0026998483535528722,0.0,0.0026998483535528722,0.0012198911598211245
190,pltd_bel64,1,64,diesel,0.013867402000000001,0.1057,-0.091832598,0.009502750599368212
191,plts_bel64,1,64,solar,0.12495970328968346,0.0,0.12495970328968346,0.2018437848924315
192,batt_bel64,1,64,battery,0.05730099999999999,0.0,0.05730099999999999,0.08908751369586895
193,pltd_bel65,1,65,diesel,0.005897787999999959,0.0518,-0.04590221200000004,0.004424858034903369
194,plts_bel65,1,65,solar,0.0718951930416366,0.0,0.0718951930416366,0.11351916668626852
195,batt_bel65,1,65,battery,0.03028311111424764,0.0,0.03028311111424764,0.04788272026130292
196,pltd_bel66,1,66,diesel,0.0,0.4473,-0.4473,0.0
197,plts_bel66,1,66,solar,0.0,0.0,0.0,0.0
198,batt_bel66,1,66,battery,0.010674499999999976,0.0,0.010674499999999976,0.006409237496785702
199,pltd_bel67,1,67,diesel,0.013241228406871412,0.3611,-0.34785877159312856,0.002120259246143082
200,plts_bel67,1,67,solar,0.0,0.0,0.0,0.0
201,batt_bel67,1,67,battery,0.00927441229656429,0.0,0.00927441229656429,0.004798219702515182
202,pltd_bel68,1,68,diesel,0.019175615000000007,0.1821,-0.162924385,0.007624709572767856
203,plts_bel68,1,68,solar,0.0,0.0,0.0,0.0
204,batt_bel68,1,68,battery,0.02168299999999999,0.0,0.02168299999999999,0.015845728647999983
205,pltd_bel69,1,69,diesel,0.0,0.3444,-0.3444,0.0
206,plts_bel69,1,69,solar,0.0,0.0,0.0,0.0
207,batt_bel69,1,69,battery,0.007827499999999987,0.0,0.007827499999999987,0.004802598407857138
208,pltd_bel70,1,70,diesel,0.008287147999999994,0.0632,-0.05491285200000001,0.005932155042782539
209,plts_bel70,1,70,solar,0.0727484104435069,0.0,0.0727484104435069,0.11421580462882065
210,batt_bel70,1,70,battery,0.034075,0.0,0.034075,0.05285607297973953
211,pltd_bel71,1,71,diesel,0.013073777000000036,0.1485,-0.13542622299999996,0.004233285194428584
212,plts_bel71,1,71,solar,0.0,0.0,0.0,0.0
213,batt_bel71,1,71,battery,0.0032059999999999866,0.0,0.0032059999999999866,0.0015746025331428585
214,pltd_bel72,1,72,diesel,0.007826237000000014,0.1288,-0.12097376299999998,0.002208741778839289
215,plts_bel72,1,72,solar,0.0,0.0,0.0,0.0
216,batt_bel72,1,72,battery,0.0034239999999999965,0.0,0.0034239999999999965,0.001542589405142858
217,pltd_bel73,1,73,diesel,0.010382694000000012,0.0986,-0.08821730599999998,0.006004235907702889
218,plts_bel73,1,73,solar,0.014725231945897038,0.0,0.014725231945897038,0.022898413036539327
219,batt_bel73,1,73,battery,0.03755654809771433,0.0,0.03755654809771433,0.04887620356165179
220,pltd_bel74,1,74,diesel,0.0,0.7113,-0.7113,0.0
221,plts_bel74,1,74,solar,0.0,0.0,0.0,0.0
222,batt_bel74,1,74,battery,0.012934000000000069,0.0,0.012934000000000069,0.007420730987428603
223,pltd_bel75,1,75,diesel,0.006507425999999983,0.1528,-0.146292574,0.0013169551886071395
224,plts_bel75,1,75,solar,0.0,0.0,0.0,0.0
225,batt_bel75,1,75,battery,0.003473000000000004,0.0,0.003473000000000004,0.001860729852498514
226,pltd_bel76,1,76,diesel,0.009015268999999992,0.0687,-0.059684731000000005,0.006022462357700139
227,plts_bel76,1,76,solar,0.046270863829262765,0.0,0.046270863829262765,0.07323011993074477
228,batt_bel76,1,76,battery,0.031382999999999994,0.0,0.031382999999999994,0.04395143584251056
229,pltd_bel77,1,77,diesel,0.0,0.3149,-0.3149,0.0
230,plts_bel77,1,77,solar,0.0,0.0,0.0,0.0
231,batt_bel77,1,77,battery,0.011350548171200046,0.0,0.011350548171200046,0.006628818987008066
232,pltd_bel78,1,78,diesel,0.011374166000000005,0.0998,-0.088425834,0.006581455806216665
233,plts_bel78,1,78,solar,0.019932304110403514,0.0,0.019932304110403514,0.031236461909776123
234,batt_bel78,1,78,battery,0.038615367967564325,0.0,0.038615367967564325,0.0507185858228109
235,pltd_bel79,1,79,diesel,0.006976325000000002,0.0662,-0.05922367499999999,0.00398310162652114
236,plts_bel79,1,79,solar,0.009743149833747022,0.0,0.009743149833747022,0.015383980531019335
237,batt_bel79,1,79,battery,0.025233032243741762,0.0,0.025233032243741762,0.032859548028274344
238,pltd_bel80,1,80,diesel,0.006699228000000029,0.1078,-0.10110077199999998,0.001969517005000008
239,plts_bel80,1,80,solar,0.0,0.0,0.0,0.0
240,batt_bel80,1,80,battery,0.002793999999999991,0.0,0.002793999999999991,0.0012829818307142807
241,pltd_bel81,1,81,diesel,0.004083959999999998,0.1673,-0.16321604,0.0008550282732142852
242,plts_bel81,1,81,solar,0.0,0.0,0.0,0.0
243,batt_bel81,1,81,battery,0.005322500000000008,0.0,0.005322500000000008,0.00284739934128572
244,pltd_kup82,1,82,diesel,0.0,0.6676,-0.6676,0.0
245,plts_kup82,1,82,solar,0.0,0.0,0.0,0.0
246,batt_kup82,1,82,battery,0.012137999999999982,0.0,0.012137999999999982,0.007097959067999977
247,pltd_kup83,1,83,diesel,0.0,0.3666,-0.3666,0.0
248,plts_kup83,1,83,solar,0.0,0.0,0.0,0.0
249,batt_kup83,1,83,battery,0.008748499999999992,0.0,0.008748499999999992,0.005315998762571419
250,pltd_kup84,1,84,diesel,0.0,0.4831,-0.4831,0.0
251,plts_kup84,1,84,solar,0.0,0.0,0.0,0.0
252,batt_kup84,1,84,battery,0.011891789428076258,0.0,0.011891789428076258,0.006240706222146568
253,pltd_kup85,1,85,diesel,0.0077872689999999994,0.0739,-0.066112731,0.003996501519732145
254,plts_kup85,1,85,solar,0.0,0.0,0.0,0.0
255,batt_kup85,1,85,battery,0.020231999999999993,0.0,0.020231999999999993,0.02233264817185709
256,pltd_kup86,1,86,diesel,0.0,0.468,-0.468,0.0
257,plts_kup86,1,86,solar,0.0,0.0,0.0,0.0
258,batt_kup86,1,86,battery,0.011520255632582313,0.0,0.011520255632582313,0.005982172159646572
259,pltd_kup87,1,87,diesel,0.0,0.4279,-0.4279,0.0
260,plts_kup87,1,87,solar,0.0,0.0,0.0,0.0
261,batt_kup87,1,87,battery,0.009724999999999984,0.0,0.009724999999999984,0.005883959817857142
262,pltd_kup88,1,88,diesel,0.004827623999999947,0.1978,-0.19297237600000006,0.000993157491428562
263,plts_kup88,1,88,solar,0.0,0.0,0.0,0.0
264,batt_kup88,1,88,battery,0.006293000000000021,0.0,0.006293000000000021,0.0033449669867142936
265,pltd_kup89,1,89,diesel,0.0,0.9427,-0.9427,0.0
266,plts_kup89,1,89,solar,0.0,0.0,0.0,0.0
267,batt_kup89,1,89,battery,0.02571000000000001,0.0,0.02571000000000001,0.020239853907875867
268,pltd_kup90,1,90,diesel,0.0,0.3022,-0.3022,0.0
269,plts_kup90,1,90,solar,0.0,0.0,0.0,0.0
270,batt_kup90,1,90,battery,0.009389277000000001,0.0,0.009389277000000001,0.005774382329504286
271,pltd_kup91,1,91,diesel,0.0,0.2862,-0.2862,0.0
272,plts_kup91,1,91,solar,0.0,0.0,0.0,0.0
273,batt_kup91,1,91,battery,0.008891714999999994,0.0,0.008891714999999994,0.005376220464170706
274,pltd_kup92,1,92,diesel,0.0,0.2412,-0.2412,0.0
275,plts_kup92,1,92,solar,0.0,0.0,0.0,0.0
276,batt_kup92,1,92,battery,0.00887200583015596,0.0,0.00887200583015596,0.00513821135694084
277,pltd_kup93,1,93,diesel,0.0,1.0783,-1.0783,0.0
278,plts_kup93,1,93,solar,0.0,0.0,0.0,0.0
279,batt_kup93,1,93,battery,0.4704649999999999,0.0,0.4704649999999999,0.4144460629199977
280,pltd_kup94,1,94,diesel,0.006744543999999991,0.1583,-0.151555456,0.0014686678531428523
281,plts_kup94,1,94,solar,0.0,0.0,0.0,0.0
282,batt_kup94,1,94,battery,0.003599000000000019,0.0,0.003599000000000019,0.0018835664035000066
283,pltd_kup95,1,95,diesel,0.003292260000000005,0.053,-0.04970773999999999,0.0012523482410714299
284,plts_kup95,1,95,solar,0.0,0.0,0.0,0.0
285,batt_kup95,1,95,battery,0.0013729999999999992,0.0,0.0013729999999999992,0.0006050598638571429
286,pltd_kup96,1,96,diesel,0.006178732000000006,0.0542,-0.04802126799999999,0.0039381805128253
287,plts_kup96,1,96,solar,0.015212964418558133,0.0,0.015212964418558133,0.025558670181596105
288,batt_kup96,1,96,battery,0.021833943127828517,0.0,0.021833943127828517,0.028331203107484538
289,pltd_kup97,1,97,diesel,0.006141634999999979,0.101,-0.09485836500000003,0.0021559219131785583
290,plts_kup97,1,97,solar,0.0,0.0,0.0,0.0
291,batt_kup97,1,97,battery,0.0022505000000000025,0.0,0.0022505000000000025,0.0010869743305185987
292,pltd_kup98,1,98,diesel,0.005968024000000072,0.0524,-0.04643197599999993,0.0041917666949964315
293,plts_kup98,1,98,solar,0.06828477078709894,0.0,0.06828477078709894,0.11501900448333058
294,batt_kup98,1,98,battery,0.030215331974349113,0.0,0.030215331974349113,0.047231268519295294
295,pltd_kup99,1,99,diesel,0.002984318999999999,0.0558,-0.052815681,0.0009957883332142874
296,plts_kup99,1,99,solar,0.0,0.0,0.0,0.0
297,batt_kup99,1,99,battery,0.0009629999999999986,0.0,0.0009629999999999986,0.000490400286428571
298,pltd_kup100,1,100,diesel,0.0032409870000000285,0.2249,-0.22165901299999996,0.00048585867616071865
299,plts_kup100,1,100,solar,0.0,0.0,0.0,0.0
300,batt_kup100,1,100,battery,0.0063379999999999825,0.0,0.0063379999999999825,0.0036612252725714196
301,pltd_kup101,1,101,diesel,0.01369193899999998,0.1201,-0.10640806100000003,0.008304646725331736
302,plts_kup101,1,101,solar,0.15746333670808382,0.0,0.15746333670808382,0.2638636752717849
303,batt_kup101,1,101,battery,0.06931648177290989,0.0,0.06931648177290989,0.10836461295971456
304,pltd_kup102,1,102,diesel,0.01544406900000013,0.1466,-0.1311559309999999,0.007955225476302877
305,plts_kup102,1,102,solar,0.02352492339479399,0.0,0.02352492339479399,0.0391042215757643
306,batt_kup102,1,102,battery,0.055919032329923735,0.0,0.055919032329923735,0.07165147614448915
307,pltd_kup103,1,103,diesel,0.018786202000000002,0.1784,-0.159613798,0.008575344166607149
308,plts_kup103,1,103,solar,0.0,0.0,0.0,0.0
309,batt_kup103,1,103,battery,0.04880899999999999,0.0,0.04880899999999999,0.053692581964285745
310,pltd_kup104,1,104,diesel,0.02206309900000001,0.2095,-0.187436901,0.008537949285916844
311,plts_kup104,1,104,solar,0.0,0.0,0.0,0.0
312,batt_kup104,1,104,battery,0.02494799999999999,0.0,0.02494799999999999,0.01821995259514286
313,pltd_kup105,1,105,diesel,0.013691938999999986,0.1201,-0.10640806100000001,0.009175542894076424
314,plts_kup105,1,105,solar,0.15805450029150397,0.0,0.15805450029150397,0.2656100345491224
315,batt_kup105,1,105,battery,0.06966041697083195,0.0,0.06966041697083195,0.10948500809118927
316,pltd_kup106,1,106,diesel,0.006917036000000001,0.0786,-0.071682964,0.0057913457867804835
317,plts_kup106,1,106,solar,0.11818915609413654,0.0,0.11818915609413654,0.19802114437490423
318,batt_kup106,1,106,battery,0.048883662604292985,0.0,0.048883662604292985,0.07513450240397748
319,pltd_kup107,1,107,diesel,0.009127626,0.0801,-0.070972374,0.005416267371137977
320,plts_kup107,1,107,solar,0.0546602405942188,0.0,0.0546602405942188,0.09192218126753825
321,batt_kup107,1,107,battery,0.03798893730744383,0.0,0.03798893730744383,0.052487978306491746
322,pltd_kup108,1,108,diesel,0.0075454745476603025,0.114,-0.1064545254523397,0.002338865076285149
323,plts_kup108,1,108,solar,0.0,0.0,0.0,0.0
324,batt_kup108,1,108,battery,0.0027220537261698485,0.0,0.0027220537261698485,0.001244941912161427
325,pltd_kup109,1,109,diesel,0.013951649999999996,0.1325,-0.11854835000000001,0.006774774886342598
326,plts_kup109,1,109,solar,0.0,0.0,0.0,0.0
327,batt_kup109,1,109,battery,0.03873139584043643,0.0,0.03873139584043643,0.04450143382439326
328,pltd_kup110,1,110,diesel,0.010462101000000001,0.0918,-0.081337899,0.006880404514951476
329,plts_kup110,1,110,solar,0.12152964291822238,0.0,0.12152964291822238,0.20296592745986508
330,batt_kup110,1,110,battery,0.05322823434138325,0.0,0.05322823434138325,0.08366446377911267
331,pltd_kup111,1,111,diesel,0.014023897999999979,0.1593,-0.14527610200000002,0.004653324214464277
332,plts_kup111,1,111,solar,0.0,0.0,0.0,0.0
333,batt_kup111,1,111,battery,0.009701000000000015,0.0,0.009701000000000015,0.0061861022397142985
334,pltd_kup112,1,112,diesel,0.012333494000000028,0.1765,-0.16416650599999996,0.003703194826250009
335,plts_kup112,1,112,solar,0.0,0.0,0.0,0.0
336,batt_kup112,1,112,battery,0.005416000000000004,0.0,0.005416000000000004,0.002302506379857143
337,pltd_kup113,1,113,diesel,0.003337201878841827,0.2535,-0.25016279812115816,0.0005077908888013773
338,plts_kup113,1,113,solar,0.0,0.0,0.0,0.0
339,batt_kup113,1,113,battery,0.008037741121158171,0.0,0.008037741121158171,0.004476303221774919
340,pltd_kup114,1,114,diesel,0.011175529000000003,0.1269,-0.11572447100000001,0.004007087275803577
341,plts_kup114,1,114,solar,0.0,0.0,0.0,0.0
342,batt_kup114,1,114,battery,0.006346500000000005,0.0,0.006346500000000005,0.0039026977490000127
343,pltd_kup115,1,115,diesel,0.011256882999999995,0.1279,-0.11664311700000002,0.004135539796517863
344,plts_kup115,1,115,solar,0.0,0.0,0.0,0.0
345,batt_kup115,1,115,battery,0.006392500000000023,0.0,0.006392500000000023,0.003973750333214299
346,pltd_kup116,1,116,diesel,0.013789063000000004,0.1309,-0.11711093699999998,0.005137819908928571
347,plts_kup116,1,116,solar,0.0,0.0,0.0,0.0
348,batt_kup116,1,116,battery,0.013687999999999992,0.0,0.013687999999999992,0.009990823122142849
349,pltd_kup117,1,117,diesel,0.008187503000000013,0.1922,-0.184012497,0.0014968919343928608
350,plts_kup117,1,117,solar,0.0,0.0,0.0,0.0
351,batt_kup117,1,117,battery,0.004368999999999984,0.0,0.004368999999999984,0.0023268025746577287
352,pltd_kup118,1,118,diesel,0.008499298999999974,0.1368,-0.12830070100000002,0.002586219062678562
353,plts_kup118,1,118,solar,0.0,0.0,0.0,0.0
354,batt_kup118,1,118,battery,0.0035440000000000194,0.0,0.0035440000000000194,0.0016202827837142923
355,pltd_kup119,1,119,diesel,0.012135053999999992,0.1152,-0.103064946,0.004588591855535709
356,plts_kup119,1,119,solar,0.0,0.0,0.0,0.0
357,batt_kup119,1,119,battery,0.009531000000000012,0.0,0.009531000000000012,0.006922329077142851
358,pltd_kup120,1,120,diesel,0.014600006999999998,0.1386,-0.123999993,0.007245268296527242
359,plts_kup120,1,120,solar,0.0,0.0,0.0,0.0
360,batt_kup120,1,120,battery,0.04053336276849642,0.0,0.04053336276849642,0.04639110469554207
361,pltd_kup121,1,121,diesel,0.0161569254298094,0.1913,-0.1751430745701906,0.005162785165761834
362,plts_kup121,1,121,solar,0.0,0.0,0.0,0.0
363,batt_kup121,1,121,battery,0.004474111785095325,0.0,0.004474111785095325,0.0020189751545265067
364,pltd_kup122,1,122,diesel,0.015086773999999983,0.1433,-0.128213226,0.005654985762678563
365,plts_kup122,1,122,solar,0.0,0.0,0.0,0.0
366,batt_kup122,1,122,battery,0.011851,0.0,0.011851,0.00863059936571428
367,pltd_kup123,1,123,diesel,0.009362240000000008,0.134,-0.12463776,0.002879057032285719
368,plts_kup123,1,123,solar,0.0,0.0,0.0,0.0
369,batt_kup123,1,123,battery,0.004111999999999991,0.0,0.004111999999999991,0.0017404989125714288
370,pltd_kup124,1,124,diesel,0.01234159700000001,0.1402,-0.12785840299999998,0.004465113678660713
371,plts_kup124,1,124,solar,0.0,0.0,0.0,0.0
372,batt_kup124,1,124,battery,0.0036309999999999953,0.0,0.0036309999999999953,0.0018896212059999972
373,pltd_kup125,1,125,diesel,0.012135679999999982,0.1953,-0.18316432000000002,0.0029300346321428526
374,plts_kup125,1,125,solar,0.0,0.0,0.0,0.0
375,batt_kup125,1,125,battery,0.00506100000000001,0.0,0.00506100000000001,0.0022935567467142898
376,pltd_kup126,1,126,diesel,0.015769245999999987,0.1497,-0.133930754,0.007375971621428547
377,plts_kup126,1,126,solar,0.0,0.0,0.0,0.0
378,batt_kup126,1,126,battery,0.020007999999999956,0.0,0.020007999999999956,0.014623514937285712
379,pltd_kup127,1,127,diesel,0.01570782799999998,0.2585,-0.24279217200000003,0.003345523512642854
380,plts_kup127,1,127,solar,0.0,0.0,0.0,0.0
381,batt_kup127,1,127,battery,0.0035245000000000137,0.0,0.0035245000000000137,0.0018521096450000074
382,pltd_kup128,1,128,diesel,0.014785238821490465,0.2234,-0.20861476117850952,0.003517078252058058
383,plts_kup128,1,128,solar,0.0,0.0,0.0,0.0
384,batt_kup128,1,128,battery,0.005333080589254774,0.0,0.005333080589254774,0.002399002089577253
385,pltd_kup129,1,129,diesel,0.012078325999999973,0.1944,-0.18232167400000002,0.0027127814439285637
386,plts_kup129,1,129,solar,0.0,0.0,0.0,0.0
387,batt_kup129,1,129,battery,0.005037000000000014,0.0,0.005037000000000014,0.0022599343858571504
388,pltd_kup130,1,130,diesel,0.016417603000000003,0.1559,-0.139482397,0.008146733201638922
389,plts_kup130,1,130,solar,0.0016491780343646234,0.0,0.0016491780343646234,0.0027504900552341306
390,batt_kup130,1,130,battery,0.04690699999999999,0.0,0.04690699999999999,0.05431769029106629
391,pltd_kup131,1,131,diesel,0.01901402499999999,0.1805,-0.161485975,0.009151987513392839
392,plts_kup131,1,131,solar,0.0,0.0,0.0,0.0
393,batt_kup131,1,131,battery,0.04939900000000001,0.0,0.04939900000000001,0.054417284124857225
394,pltd_kup132,1,132,diesel,0.015509305000000001,0.1473,-0.13179069499999999,0.007401608406696426
395,plts_kup132,1,132,solar,0.0,0.0,0.0,0.0
396,batt_kup132,1,132,battery,0.040295,0.0,0.040295,0.044432852945285775
397,pltd_kup133,1,133,diesel,0.013972880000000007,0.1226,-0.10862712,0.008762377197125994
398,plts_kup133,1,133,solar,0.15811794865000006,0.0,0.15811794865000006,0.26928332586120224
399,batt_kup133,1,133,battery,0.07073999459274752,0.0,0.07073999459274752,0.11091719667695765
400,pltd_kup134,1,134,diesel,0.011906266999999998,0.1916,-0.179693733,0.0029203015942857176
401,plts_kup134,1,134,solar,0.0,0.0,0.0,0.0
402,batt_kup134,1,134,battery,0.004964999999999997,0.0,0.004964999999999997,0.0022500535542857147
403,pltd_kup135,1,135,diesel,0.017280722000000026,0.2844,-0.26711927799999996,0.0037214177342223304
404,plts_kup135,1,135,solar,0.0,0.0,0.0,0.0
405,batt_kup135,1,135,battery,0.005932527539779658,0.0,0.005932527539779658,0.0028651960157404987
406,pltd_kup136,1,136,diesel,0.014600006999999998,0.1386,-0.123999993,0.007354153207857577
407,plts_kup136,1,136,solar,0.0,0.0,0.0,0.0
408,batt_kup136,1,136,battery,0.04053336276849642,0.0,0.04053336276849642,0.04643049759930101
409,pltd_kup137,1,137,diesel,0.006456440000000008,0.0613,-0.05484355999999999,0.003880282858207827
410,plts_kup137,1,137,solar,0.009853116710727092,0.0,0.009853116710727092,0.0162585490594371
411,batt_kup137,1,137,battery,0.023377266865654143,0.0,0.023377266865654143,0.029986583562113422
412,pltd_kup138,1,138,diesel,0.0029252806399999807,0.0591,-0.05617471936000002,0.007373648203847557
413,plts_kup138,1,138,solar,0.16383961598471736,0.0,0.16383961598471736,0.25287331946929437
414,batt_kup138,1,138,battery,0.0650051668518398,0.0,0.0650051668518398,0.12109067039518873
415,pltd_kup139,1,139,diesel,0.023485804,0.2061,-0.182614196,0.013895316416406473
416,plts_kup139,1,139,solar,0.2633394090757196,0.0,0.2633394090757196,0.43189098288197436
417,batt_kup139,1,139,battery,0.11758633680651026,0.0,0.11758633680651026,0.18298259470675488
418,pltd_kup140,1,140,diesel,0.0019651602133333294,0.0397,-0.03773483978666667,0.004953403247000007
419,plts_kup140,1,140,solar,0.10755046392376201,0.0,0.10755046392376201,0.16990031922759916
420,batt_kup140,1,140,battery,0.04367703340064958,0.0,0.04367703340064958,0.08135776150065115
421,pltd_kup141,1,141,diesel,0.004387741439999996,0.0887,-0.08431225856,0.011059410282999876
422,plts_kup141,1,141,solar,0.2569080191227901,0.0,0.2569080191227901,0.3793115592159013
423,batt_kup141,1,141,battery,0.09751870792597296,0.0,0.09751870792597296,0.1816389422712843
424,pltd_kup142,1,142,diesel,0.013228006972002326,0.1217,-0.10847199302799768,0.012260551787631125
425,plts_kup142,1,142,solar,0.20664496961919265,0.0,0.20664496961919265,0.30376076944379216
426,batt_kup142,1,142,battery,0.07702552202799767,0.0,0.07702552202799767,0.12782720330789563
427,pltd_kup143,1,143,diesel,0.01388731100000018,0.1577,-0.14381268899999983,0.011228706817564724
428,plts_kup143,1,143,solar,0.2314488209491234,0.0,0.2314488209491234,0.3816330677527488
429,batt_kup143,1,143,battery,0.09886274393966232,0.0,0.09886274393966232,0.15432375439946544
430,pltd_kup144,1,144,diesel,0.00412406666666666,0.1183,-0.11417593333333334,0.009776964123812912
431,plts_kup144,1,144,solar,0.30000610813946466,0.0,0.30000610813946466,0.47834715286566093
432,batt_kup144,1,144,battery,0.11693482003042122,0.0,0.11693482003042122,0.22115268465836863
433,pltd_kup145,1,145,diesel,0.004199199999999997,0.1205,-0.1163008,0.009759603246173476
434,plts_kup145,1,145,solar,0.30760346214669165,0.0,0.30760346214669165,0.5053922414440968
435,batt_kup145,1,145,battery,0.12570862852429865,0.0,0.12570862852429865,0.23723212364971094
436,pltd_kup146,1,146,diesel,0.005241140160000001,0.106,-0.10075885983999999,0.013210627865000074
437,plts_kup146,1,146,solar,0.2841269841269841,0.0,0.2841269841269841,0.45306529295638154
438,batt_kup146,1,146,battery,0.11648596226530208,0.0,0.11648596226530208,0.21695619151835913
439,pltd_kup147,1,147,diesel,0.00228504821333334,0.0462,-0.043914951786666656,0.005759626292247622
440,plts_kup147,1,147,solar,0.12728763687652797,0.0,0.12728763687652797,0.19755814587072323
441,batt_kup147,1,147,battery,0.05078779070240089,0.0,0.05078779070240089,0.09460222008980057
442,pltd_kup148,1,148,diesel,0.0021787317333333313,0.0441,-0.04192126826666667,0.005491918407000005
443,plts_kup148,1,148,solar,0.1198694937607004,0.0,0.1198694937607004,0.18833811603091558
444,batt_kup148,1,148,battery,0.048421100825762065,0.0,0.048421100825762065,0.0901876708740401
445,pltd_kup149,1,149,diesel,0.003799066666666669,0.0872,-0.08340093333333333,0.01076454860180623
446,plts_kup149,1,149,solar,0.2445006477243598,0.0,0.2445006477243598,0.3638967364500084
447,batt_kup149,1,149,battery,0.0922011977274304,0.0,0.0922011977274304,0.17007277720017278
448,pltd_kup150,1,150,diesel,0.021993078,0.1676,-0.145606922,0.014759535487928544
449,plts_kup150,1,150,solar,0.20793650793650795,0.0,0.20793650793650795,0.31616363717474766
450,batt_kup150,1,150,battery,0.09179400000000001,0.0,0.09179400000000001,0.14380583253138493
451,pltd_kup151,1,151,diesel,0.0034903333333333258,0.1001,-0.09660966666666666,0.0084977629077128
452,plts_kup151,1,151,solar,0.23414724368135376,0.0,0.23414724368135376,0.3585887768389517
453,batt_kup151,1,151,battery,0.08153464227899329,0.0,0.08153464227899329,0.1556774830621311
454,pltd_kup152,1,152,diesel,0.006377245999999948,0.1497,-0.14332275400000005,0.0013543788602142738
455,plts_kup152,1,152,solar,0.0,0.0,0.0,0.0
456,batt_kup152,1,152,battery,0.003403000000000017,0.0,0.003403000000000017,0.0017559225202976292
457,pltd_kup153,1,153,diesel,0.0065869119999999795,0.0625,-0.05591308800000002,0.004059097236063996
458,plts_kup153,1,153,solar,0.010051972367249884,0.0,0.010051972367249884,0.016586679187420104
459,batt_kup153,1,153,battery,0.02384632409118599,0.0,0.02384632409118599,0.030605366675487015
460,pltd_kup154,1,154,diesel,0.011619989000000372,0.102,-0.09038001099999962,0.008209984822405014
461,plts_kup154,1,154,solar,0.13782587620897183,0.0,0.13782587620897183,0.2201711863829088
462,batt_kup154,1,154,battery,0.059630867568490675,0.0,0.059630867568490675,0.0945225627297642
463,pltd_kup155,1,155,diesel,0.016372706000000556,0.1248,-0.10842729399999944,0.012046293232514866
464,plts_kup155,1,155,solar,0.17343406965744812,0.0,0.17343406965744812,0.2651907516822771
465,batt_kup155,1,155,battery,0.07076826714444755,0.0,0.07076826714444755,0.11306539486651052
466,pltd_kup156,1,156,diesel,0.003485975440756267,0.0798,-0.07631402455924373,0.01010633661923801
467,plts_kup156,1,156,solar,0.19050570701715497,0.0,0.19050570701715497,0.2878940342485402
468,batt_kup156,1,156,battery,0.06495935235748033,0.0,0.06495935235748033,0.1241346206795497
469,pltd_kup157,1,157,diesel,0.020900898,0.1593,-0.138399102,0.01333536386446429
470,plts_kup157,1,157,solar,0.1071032501871739,0.0,0.1071032501871739,0.16977171814319275
471,batt_kup157,1,157,battery,0.07275899999999999,0.0,0.07275899999999999,0.10136729830025937
472,pltd_kup158,1,158,diesel,0.004113557546666681,0.0832,-0.07908644245333332,0.01036863224350166
473,plts_kup158,1,158,solar,0.2170600066199553,0.0,0.2170600066199553,0.35560372433173093
474,batt_kup158,1,158,battery,0.09142914812026016,0.0,0.09142914812026016,0.17028462775030312
475,pltd_kup159,1,159,diesel,0.003564974506666659,0.0721,-0.06853502549333333,0.008985478895999965
476,plts_kup159,1,159,solar,0.19877192458106666,0.0,0.19877192458106666,0.30818998702433026
477,batt_kup159,1,159,battery,0.07922966357824826,0.0,0.07922966357824826,0.14757779040343386
478,pltd_kup160,1,160,diesel,0.015460142999999982,0.1756,-0.16013985700000002,0.010949976263327084
479,plts_kup160,1,160,solar,0.24832581817759375,0.0,0.24832581817759375,0.4316044265642953
480,batt_kup160,1,160,battery,0.10772676693476657,0.0,0.10772676693476657,0.16444473903516912
481,pltd_kup161,1,161,diesel,0.01881713699999993,0.1651,-0.14628286300000007,0.01242249765243475
482,plts_kup161,1,161,solar,0.2228613143491104,0.0,0.2228613143491104,0.3699379701698652
483,batt_kup161,1,161,battery,0.09668906876915595,0.0,0.09668906876915595,0.15283878144400193
484,pltd_kup162,1,162,diesel,0.004037301733333331,0.1165,-0.11246269826666667,0.009767389389797643
485,plts_kup162,1,162,solar,0.26126459535864976,0.0,0.26126459535864976,0.42203219652502316
486,batt_kup162,1,162,battery,0.09484279562695123,0.0,0.09484279562695123,0.1826373304735734
487,pltd_kup163,1,163,diesel,0.004890384426666653,0.0989,-0.09400961557333334,0.012326899135999929
488,plts_kup163,1,163,solar,0.2675069398647368,0.0,0.2675069398647368,0.42277177294446894
489,batt_kup163,1,163,battery,0.10869316669478798,0.0,0.10869316669478798,0.20243686357362306
490,pltd_kup164,1,164,diesel,0.004357586560000002,0.0881,-0.08374241344,0.010983191055999987
491,plts_kup164,1,164,solar,0.2429813689895072,0.0,0.2429813689895072,0.37667464571320775
492,batt_kup164,1,164,battery,0.0968347281979208,0.0,0.0968347281979208,0.18036907581678369
493,pltd_kup165,1,165,diesel,0.004936324479999986,0.0998,-0.09486367552000001,0.012442370463000039
494,plts_kup165,1,165,solar,0.27425508466875176,0.0,0.27425508466875176,0.42672286064854836
495,batt_kup165,1,165,battery,0.10970918054769915,0.0,0.10970918054769915,0.20433253111206587
496,pltd_kup166,1,166,diesel,0.004799083840000005,0.097,-0.09220091616,0.012096318050999907
497,plts_kup166,1,166,solar,0.2614422806062246,0.0,0.2614422806062246,0.4148699557510246
498,batt_kup166,1,166,battery,0.10665040674943219,0.0,0.10665040674943219,0.19866080837913114
499,pltd_kup167,1,167,diesel,0.0028794277333333345,0.0582,-0.055320572266666666,0.007257295814587266
500,plts_kup167,1,167,solar,0.1513238130057684,0.0,0.1513238130057684,0.24892220468840892
501,batt_kup167,1,167,battery,0.06399425074730467,0.0,0.06399425074730467,0.11919511925226559
502,pltd_kup168,1,168,diesel,0.005286757119999983,0.1069,-0.10161324288000001,0.013325565708000043
503,plts_kup168,1,168,solar,0.29504798389019155,0.0,0.29504798389019155,0.45701601060626873
504,batt_kup168,1,168,battery,0.1174832337209887,0.0,0.1174832337209887,0.21884233893578625
505,pltd_kup169,1,169,diesel,0.0,0.3466,-0.3466,0.0
506,plts_kup169,1,169,solar,0.0,0.0,0.0,0.0
507,batt_kup169,1,169,battery,0.008532279029462733,0.0,0.008532279029462733,0.004665939025439464
508,pltd_kup170,1,170,diesel,0.0036837690000000043,0.2557,-0.252016231,0.0005282261619642862
509,plts_kup170,1,170,solar,0.0,0.0,0.0,0.0
510,batt_kup170,1,170,battery,0.00720599999999999,0.0,0.00720599999999999,0.0041586263841428515
511,pltd_kup171,1,171,diesel,0.012065222999999986,0.2255,-0.21343477700000002,0.0022965579500892753
512,plts_kup171,1,171,solar,0.0,0.0,0.0,0.0
513,batt_kup171,1,171,battery,0.0038950000000000373,0.0,0.0038950000000000373,0.0020537046721428726
514,pltd_kup172,1,172,diesel,0.010953749999999998,0.0961,-0.08514625,0.00717271232455556
515,plts_kup172,1,172,solar,0.12045057264057572,0.0,0.12045057264057572,0.19606829786388924
516,batt_kup172,1,172,battery,0.0547887811301437,0.0,0.0547887811301437,0.08539443309427673
517,pltd_kup173,1,173,diesel,0.0,0.1827,-0.1827,0.0
518,plts_kup173,1,173,solar,0.0,0.0,0.0,0.0
519,batt_kup173,1,173,battery,0.004359500000000002,0.0,0.004359500000000002,0.002786646994500004
520,pltd_kup174,1,174,diesel,0.006563261000000015,0.1811,-0.174536739,0.0014695294134821444
521,plts_kup174,1,174,solar,0.0,0.0,0.0,0.0
522,batt_kup174,1,174,battery,0.004693000000000003,0.0,0.004693000000000003,0.002529674199511908
523,pltd_kup175,1,175,diesel,0.010524600000000023,0.1506,-0.1400754,0.0030892323638038593
524,plts_kup175,1,175,solar,0.0,0.0,0.0,0.0
525,batt_kup175,1,175,battery,0.004622500000000002,0.0,0.004622500000000002,0.0019602583315714303
526,pltd_kup176,1,176,diesel,0.008195459285961895,0.097,-0.08880454071403811,0.0032497064874019684
527,plts_kup176,1,176,solar,0.0,0.0,0.0,0.0
528,batt_kup176,1,176,battery,0.002269822357019058,0.0,0.002269822357019058,0.0010312414487902944
529,pltd_kup177,1,177,diesel,0.013580914000000055,0.3189,-0.30531908599999996,0.0025169772069642974
530,plts_kup177,1,177,solar,0.0,0.0,0.0,0.0
531,batt_kup177,1,177,battery,0.007246499999999989,0.0,0.007246499999999989,0.0037211642700319928
532,pltd_kup178,1,178,diesel,0.012783410999999995,0.1214,-0.108616589,0.004761112416607133
533,plts_kup178,1,178,solar,0.0,0.0,0.0,0.0
534,batt_kup178,1,178,battery,0.011807000000000012,0.0,0.011807000000000012,0.008607128979285719
535,pltd_kup179,1,179,diesel,0.011865814999999724,0.1041,-0.09223418500000027,0.00768289793172002
536,plts_kup179,1,179,solar,0.13830093228578483,0.0,0.13830093228578483,0.22075338954732282
537,batt_kup179,1,179,battery,0.06028418617355946,0.0,0.06028418617355946,0.0950536998791473
538,pltd_kup180,1,180,diesel,0.015165886000000017,0.1331,-0.11793411399999998,0.00931864814007927
539,plts_kup180,1,180,solar,0.16883530885791886,0.0,0.16883530885791886,0.2720369044091755
540,batt_kup180,1,180,battery,0.07592000000000002,0.0,0.07592000000000002,0.11830646377265355
541,pltd_kup181,1,181,diesel,0.014287942000000158,0.1254,-0.11111205799999985,0.009024984527482412
542,plts_kup181,1,181,solar,0.16523708710472468,0.0,0.16523708710472468,0.26582912956981564
543,batt_kup181,1,181,battery,0.07259246090425497,0.0,0.07259246090425497,0.11435259527036011
544,pltd_kup182,1,182,diesel,0.023296574000000014,0.2212,-0.197903426,0.009053024502857146
545,plts_kup182,1,182,solar,0.0,0.0,0.0,0.0
546,batt_kup182,1,182,battery,0.026341999999999977,0.0,0.026341999999999977,0.019080251160714306
547,pltd_kup183,1,183,diesel,0.018149897999999998,0.1593,-0.141150102,0.011318083627122142
548,plts_kup183,1,183,solar,0.20793993190683296,0.0,0.20793993190683296,0.34311242831249533
549,batt_kup183,1,183,battery,0.09226336277854275,0.0,0.09226336277854275,0.14540609654107797
550,pltd_kup184,1,184,diesel,0.010250395999999995,0.09,-0.079749604,0.006698473532281605
551,plts_kup184,1,184,solar,0.11759235700882005,0.0,0.11759235700882005,0.1889606283819358
552,batt_kup184,1,184,battery,0.051819679360544324,0.0,0.051819679360544324,0.08135662994424549
553,pltd_kup185,1,185,diesel,0.012097444000000013,0.1947,-0.182602556,0.0030044684825000015
554,plts_kup185,1,185,solar,0.0,0.0,0.0,0.0
555,batt_kup185,1,185,battery,0.005044999999999994,0.0,0.005044999999999994,0.0022584662828571424
556,pltd_kup186,1,186,diesel,0.014634641000000032,0.1115,-0.09686535899999997,0.009276444080282678
557,plts_kup186,1,186,solar,0.025134760522727725,0.0,0.025134760522727725,0.038488469199665115
558,batt_kup186,1,186,battery,0.04202167735136614,0.0,0.04202167735136614,0.055885612665526274
559,pltd_kup187,1,187,diesel,0.00782826899999993,0.0687,-0.06087173100000007,0.005533804660713321
560,plts_kup187,1,187,solar,0.0953862021777704,0.0,0.0953862021777704,0.1506765281115086
561,batt_kup187,1,187,battery,0.04019589418586156,0.0,0.04019589418586156,0.06363138075130875
562,pltd_kup188,1,188,diesel,0.0,1.0721,-1.0721,0.0
563,plts_kup188,1,188,solar,0.0,0.0,0.0,0.0
564,batt_kup188,1,188,battery,0.1880659553836078,0.0,0.1880659553836078,0.16800457178995037
565,pltd_kup189,1,189,diesel,0.0,0.9883,-0.9883,0.0
566,plts_kup189,1,189,solar,0.0,0.0,0.0,0.0
567,batt_kup189,1,189,battery,0.026954000000000033,0.0,0.026954000000000033,0.021012139856857157
568,pltd_kup190,1,190,diesel,0.0,3.1485,-3.1485,0.0
569,plts_kup190,1,190,solar,0.0,0.0,0.0,0.0
570,batt_kup190,1,190,battery,1.373881,0.0,1.373881,1.1128076235299924
571,pltd_kup191,1,191,diesel,0.0,0.5887,-0.5887,0.0
572,plts_kup191,1,191,solar,0.0,0.0,0.0,0.0
573,batt_kup191,1,191,battery,0.01264650283553876,0.0,0.01264650283553876,0.007046481428571417
574,pltd_kup192,1,192,diesel,0.006452706944572589,0.1815,-0.1750472930554274,0.0014267208368960607
575,plts_kup192,1,192,solar,0.0,0.0,0.0,0.0
576,batt_kup192,1,192,battery,0.004761904761904762,0.0,0.004761904761904762,0.002498368347420543
577,pltd_kup193,1,193,diesel,0.007497596999999995,0.1402,-0.132702403,0.001968878580892853
578,plts_kup193,1,193,solar,0.0,0.0,0.0,0.0
579,batt_kup193,1,193,battery,0.0024220000000000075,0.0,0.0024220000000000075,0.001283739351714291
580,pltd_kup194,1,194,diesel,0.008846784568457541,0.1047,-0.09585321543154246,0.0035346673512662826
581,plts_kup194,1,194,solar,0.0,0.0,0.0,0.0
582,batt_kup194,1,194,battery,0.0024496317157712277,0.0,0.0024496317157712277,0.0011256361586409933
583,pltd_kup195,1,195,diesel,0.0,0.3145,-0.3145,0.0
584,plts_kup195,1,195,solar,0.0,0.0,0.0,0.0
585,batt_kup195,1,195,battery,0.00977263249999999,0.0,0.00977263249999999,0.005966922097742141
586,pltd_kup196,1,196,diesel,0.006489557999999996,0.0616,-0.05511044200000001,0.003710476003982114
587,plts_kup196,1,196,solar,0.009903075751256095,0.0,0.009903075751256095,0.0163409860725416
588,batt_kup196,1,196,battery,0.023494130195058877,0.0,0.023494130195058877,0.03016127259918149
589,pltd_kup197,1,197,diesel,0.008728684999999986,0.0829,-0.07417131500000002,0.004868763320089278
590,plts_kup197,1,197,solar,0.0,0.0,0.0,0.0
591,batt_kup197,1,197,battery,0.024032000000000005,0.0,0.024032000000000005,0.027405529642857106
592,pltd_kup198,1,198,diesel,0.004977978000000022,0.2039,-0.19892202199999998,0.0010421982266071445
593,plts_kup198,1,198,solar,0.0,0.0,0.0,0.0
594,batt_kup198,1,198,battery,0.006489499999999981,0.0,0.006489499999999981,0.00350099036121428
595,pltd_kup199,1,199,diesel,0.0,0.3453,-0.3453,0.0
596,plts_kup199,1,199,solar,0.0,0.0,0.0,0.0
597,batt_kup199,1,199,battery,0.011224000000000012,0.0,0.011224000000000012,0.006807266998571438
598,pltd_kup200,1,200,diesel,0.0,0.4208,-0.4208,0.0
599,plts_kup200,1,200,solar,0.0,0.0,0.0,0.0
600,batt_kup200,1,200,battery,0.009564499999999976,0.0,0.009564499999999976,0.00576769832321427
601,pltd_kup201,1,201,diesel,0.004714857000000017,0.1932,-0.188485143,0.0008470132056250041
602,plts_kup201,1,201,solar,0.0,0.0,0.0,0.0
603,batt_kup201,1,201,battery,0.006145999999999985,0.0,0.006145999999999985,0.003261976279714284
604,pltd_kup202,1,202,diesel,0.007429974000000006,0.0705,-0.06307002599999999,0.003978924247321428
605,plts_kup202,1,202,solar,0.0,0.0,0.0,0.0
606,batt_kup202,1,202,battery,0.020458999999999998,0.0,0.020458999999999998,0.023314190810571393
607,pltd_kup203,1,203,diesel,0.0,0.4439,-0.4439,0.0
608,plts_kup203,1,203,solar,0.0,0.0,0.0,0.0
609,batt_kup203,1,203,battery,0.010928834488734836,0.0,0.010928834488734836,0.0058559310774634905
610,pltd_kup204,1,204,diesel,0.0,0.3555,-0.3555,0.0
611,plts_kup204,1,204,solar,0.0,0.0,0.0,0.0
612,batt_kup204,1,204,battery,0.011554499999999995,0.0,0.011554499999999995,0.006763486572999992
613,pltd_kup205,1,205,diesel,0.0,0.4224,-0.4224,0.0
614,plts_kup205,1,205,solar,0.0,0.0,0.0,0.0
615,batt_kup205,1,205,battery,0.00959950000000001,0.0,0.00959950000000001,0.005817635860785721
616,pltd_kup206,1,206,diesel,0.0,0.3004,-0.3004,0.0
617,plts_kup206,1,206,solar,0.0,0.0,0.0,0.0
618,batt_kup206,1,206,battery,0.009331924500000033,0.0,0.009331924500000033,0.0055863288295018056
619,pltd_kup207,1,207,diesel,0.0,0.3675,-0.3675,0.0
620,plts_kup207,1,207,solar,0.0,0.0,0.0,0.0
621,batt_kup207,1,207,battery,0.008771000000000001,0.0,0.008771000000000001,0.00540010109271428
622,pltd_kup208,1,208,diesel,0.0,0.5108,-0.5108,0.0
623,plts_kup208,1,208,solar,0.0,0.0,0.0,0.0
624,batt_kup208,1,208,battery,0.012574740034662024,0.0,0.012574740034662024,0.006390994723632084
625,pltd_kup209,1,209,diesel,0.006193596999999995,0.1454,-0.139206403,0.0014294285985357107
626,plts_kup209,1,209,solar,0.0,0.0,0.0,0.0
627,batt_kup209,1,209,battery,0.0033045000000000158,0.0,0.0033045000000000158,0.00177438840014509
628,pltd_kup210,1,210,diesel,0.0,0.3145,-0.3145,0.0
629,plts_kup210,1,210,solar,0.0,0.0,0.0,0.0
630,batt_kup210,1,210,battery,0.00977263249999999,0.0,0.00977263249999999,0.006010760338820712
631,pltd_kup211,1,211,diesel,0.004671932999999975,0.1097,-0.10502806700000003,0.001246792882410704
632,plts_kup211,1,211,solar,0.0,0.0,0.0,0.0
633,batt_kup211,1,211,battery,0.0024925000000000225,0.0,0.0024925000000000225,0.0013458308072953967
634,pltd_kup212,1,212,diesel,0.0,0.2218,-0.2218,0.0
635,plts_kup212,1,212,solar,0.0,0.0,0.0,0.0
636,batt_kup212,1,212,battery,0.003025,0.0,0.003025,0.0020183381535714344
637,pltd_kup213,1,213,diesel,0.004913661833622157,0.1266,-0.12168633816637783,0.001126037766934568
638,plts_kup213,1,213,solar,0.0,0.0,0.0,0.0
639,batt_kup213,1,213,battery,0.0031168760831889186,0.0,0.0031168760831889186,0.0016798580441552094
640,pltd_kup214,1,214,diesel,0.010155867999999998,0.0964,-0.086244132,0.00431129159178571
641,plts_kup214,1,214,solar,0.0,0.0,0.0,0.0
642,batt_kup214,1,214,battery,0.010081000000000007,0.0,0.010081000000000007,0.00736046980028571
643,pltd_kup215,1,215,diesel,0.0028882309999999772,0.1183,-0.11541176900000003,0.0005887156764718451
644,plts_kup215,1,215,solar,0.0,0.0,0.0,0.0
645,batt_kup215,1,215,battery,0.0032910036719706603,0.0,0.0032910036719706603,0.0018184086412518087
646,pltd_kup216,1,216,diesel,0.0005994783333333059,0.106,-0.10540052166666669,0.00011331210997023285
647,plts_kup216,1,216,solar,0.0,0.0,0.0,0.0
648,batt_kup216,1,216,battery,0.003914041666666701,0.0,0.003914041666666701,0.002250181769226211
649,pltd_kup217,1,217,diesel,0.006652721,0.1562,-0.149547279,0.0013186005916607133
650,plts_kup217,1,217,solar,0.0,0.0,0.0,0.0
651,batt_kup217,1,217,battery,0.003549500000000011,0.0,0.003549500000000011,0.001886791823930807
652,pltd_kup218,1,218,diesel,0.005668619999999999,0.0644,-0.05873138,0.002547690875000005
653,plts_kup218,1,218,solar,0.0,0.0,0.0,0.0
654,batt_kup218,1,218,battery,0.0032195,0.0,0.0032195,0.002007434226999999
655,pltd_kup219,1,219,diesel,0.008825039000000007,0.0838,-0.07497496099999999,0.0032340674096088457
656,plts_kup219,1,219,solar,0.0,0.0,0.0,0.0
657,batt_kup219,1,219,battery,0.006932999999999995,0.0,0.006932999999999995,0.005082163502938772
658,pltd_kup220,1,220,diesel,0.006744543999999991,0.1583,-0.151555456,0.0013162857238571384
659,plts_kup220,1,220,solar,0.0,0.0,0.0,0.0
660,batt_kup220,1,220,battery,0.003599000000000019,0.0,0.003599000000000019,0.0019295053243571514
661,pltd_kup221,1,221,diesel,0.0,0.1045,-0.1045,0.0
662,plts_kup221,1,221,solar,0.008598650425134307,0.0,0.008598650425134307,0.014674071047110755
663,batt_kup221,1,221,battery,0.008668422528975261,0.0,0.008668422528975261,0.00531531983358644
664,pltd_kup222,1,222,diesel,0.0,0.0968,-0.0968,0.0
665,plts_kup222,1,222,solar,0.006240288322921674,0.0,0.006240288322921674,0.010560124794320072
666,batt_kup222,1,222,battery,0.006357904530033626,0.0,0.006357904530033626,0.003923452855419964
667,pltd_kup223,1,223,diesel,0.0,0.4042,-0.4042,0.0
668,plts_kup223,1,223,solar,0.0,0.0,0.0,0.0
669,batt_kup223,1,223,battery,0.012557771500000037,0.0,0.012557771500000037,0.007587856881068444
670,pltd_kup224,1,224,diesel,0.0,0.7172,-0.7172,0.0
671,plts_kup224,1,224,solar,0.0,0.0,0.0,0.0
672,batt_kup224,1,224,battery,0.017655979202772943,0.0,0.017655979202772943,0.009460500427085915
673,pltd_kup225,1,225,diesel,0.0,0.3703,-0.3703,0.0
674,plts_kup225,1,225,solar,0.0,0.0,0.0,0.0
675,batt_kup225,1,225,battery,0.012065167533659639,0.0,0.012065167533659639,0.007227874529333569
676,pltd_kup226,1,226,diesel,0.010910978000000016,0.2039,-0.19298902199999998,0.0021202314284285715
677,plts_kup226,1,226,solar,0.0,0.0,0.0,0.0
678,batt_kup226,1,226,battery,0.0035229999999999984,0.0,0.0035229999999999984,0.0018743872322857147
679,pltd_kup227,1,227,diesel,0.013302295999999991,0.1263,-0.112997704,0.005377271927857145
680,plts_kup227,1,227,solar,0.0,0.0,0.0,0.0
681,batt_kup227,1,227,battery,0.013204999999999995,0.0,0.013204999999999995,0.009636281154285706
682,pltd_kup228,1,228,diesel,0.0,0.3728,-0.3728,0.0
683,plts_kup228,1,228,solar,0.0,0.0,0.0,0.0
684,batt_kup228,1,228,battery,0.010166999999999982,0.0,0.010166999999999982,0.006051866575571408
685,pltd_kup229,1,229,diesel,0.0015197218285648764,0.3561,-0.35458027817143517,0.00023836847769289507
686,plts_kup229,1,229,solar,0.0,0.0,0.0,0.0
687,batt_kup229,1,229,battery,0.014457446171435165,0.0,0.014457446171435165,0.007771155174861707
688,pltd_kup230,1,230,diesel,0.0,0.4489,-0.4489,0.0
689,plts_kup230,1,230,solar,0.0,0.0,0.0,0.0
690,batt_kup230,1,230,battery,0.010711499999999985,0.0,0.010711499999999985,0.006514290441071424
691,pltd_kup231,1,231,diesel,0.0,0.3102,-0.3102,0.0
692,plts_kup231,1,231,solar,0.0,0.0,0.0,0.0
693,batt_kup231,1,231,battery,0.009638307999999984,0.0,0.009638307999999984,0.0057513525908691404
694,pltd_kup232,1,232,diesel,0.0,0.3198,-0.3198,0.0
695,plts_kup232,1,232,solar,0.0,0.0,0.0,0.0
696,batt_kup232,1,232,battery,0.139577,0.0,0.139577,0.12626874891891038
697,pltd_kup233,1,233,diesel,0.005338633000000037,0.2187,-0.21336136699999997,0.0009567036248214354
698,plts_kup233,1,233,solar,0.0,0.0,0.0,0.0
699,batt_kup233,1,233,battery,0.006959999999999994,0.0,0.006959999999999994,0.003726903685428569
700,pltd_kup234,1,234,diesel,0.0,0.6725,-0.6725,0.0
701,plts_kup234,1,234,solar,0.0,0.0,0.0,0.0
702,batt_kup234,1,234,battery,0.29348799999999997,0.0,0.29348799999999997,0.2546135657710308
703,pltd_kup235,1,235,diesel,0.0,0.2409,-0.2409,0.0
704,plts_kup235,1,235,solar,0.0,0.0,0.0,0.0
705,batt_kup235,1,235,battery,0.007484556999999975,0.0,0.007484556999999975,0.0045745797562176975
706,pltd_kup236,1,236,diesel,0.007332390999999966,0.2024,-0.19506760900000003,0.001510379020714278
707,plts_kup236,1,236,solar,0.0,0.0,0.0,0.0
708,batt_kup236,1,236,battery,0.005244000000000026,0.0,0.005244000000000026,0.0027630930521845383
709,pltd_kup237,1,237,diesel,0.010317460317460317,0.098,-0.08768253968253968,0.00406844990910714
710,plts_kup237,1,237,solar,0.0,0.0,0.0,0.0
711,batt_kup237,1,237,battery,0.010242000000000001,0.0,0.010242000000000001,0.007489049330571419
712,pltd_kup238,1,238,diesel,0.0,0.4131,-0.4131,0.0
713,plts_kup238,1,238,solar,0.0,0.0,0.0,0.0
714,batt_kup238,1,238,battery,0.010170602253032924,0.0,0.010170602253032924,0.005505760224761692
715,pltd_kup239,1,239,diesel,0.009960163000000008,0.0946,-0.084639837,0.004306416006517866
716,plts_kup239,1,239,solar,0.0,0.0,0.0,0.0
717,batt_kup239,1,239,battery,0.007824999999999999,0.0,0.007824999999999999,0.005645407591714286
718,pltd_kup240,1,240,diesel,0.0,0.1996,-0.1996,0.0
719,plts_kup240,1,240,solar,0.0,0.0,0.0,0.0
720,batt_kup240,1,240,battery,0.004764000000000004,0.0,0.004764000000000004,0.002918682923571434
721,pltd_kup241,1,241,diesel,0.010933696999999992,0.1038,-0.09286630300000001,0.00519273709196428
722,plts_kup241,1,241,solar,0.0,0.0,0.0,0.0
723,batt_kup241,1,241,battery,0.012364,0.0,0.012364,0.009108154978857148
724,pltd_kup242,1,242,diesel,0.005451400000000023,0.2234,-0.21794859999999996,0.0009991888035714308
725,plts_kup242,1,242,solar,0.0,0.0,0.0,0.0
726,batt_kup242,1,242,battery,0.0071069999999999744,0.0,0.0071069999999999744,0.0038524668139999934
727,pltd_kup243,1,243,diesel,0.0025814320000000224,0.1685,-0.165918568,0.0004929294235714323
728,plts_kup243,1,243,solar,0.0,0.0,0.0,0.0
729,batt_kup243,1,243,battery,0.0049789999999999834,0.0,0.0049789999999999834,0.002869249847285704
730,pltd_kup244,1,244,diesel,0.0,0.6892,-0.6892,0.0
731,plts_kup244,1,244,solar,0.0,0.0,0.0,0.0
732,batt_kup244,1,244,battery,0.012530000000000045,0.0,0.012530000000000045,0.007258065150000061
733,pltd_kup245,1,245,diesel,0.0,0.464,-0.464,0.0
734,plts_kup245,1,245,solar,0.0,0.0,0.0,0.0
735,batt_kup245,1,245,battery,0.011421685441941058,0.0,0.011421685441941058,0.00618302922420462
736,pltd_kup246,1,246,diesel,0.0,0.7264,-0.7264,0.0
737,plts_kup246,1,246,solar,0.0,0.0,0.0,0.0
738,batt_kup246,1,246,battery,0.01010403916768662,0.0,0.01010403916768662,0.006444682397272219
739,pltd_kup247,1,247,diesel,0.0,0.8829,-0.8829,0.0
740,plts_kup247,1,247,solar,0.0,0.0,0.0,0.0
741,batt_kup247,1,247,battery,0.01896680056710782,0.0,0.01896680056710782,0.014177867723214329
742,pltd_kup248,1,248,diesel,0.0,0.4464,-0.4464,0.0
743,plts_kup248,1,248,solar,0.0,0.0,0.0,0.0
744,batt_kup248,1,248,battery,0.01098949306759099,0.0,0.01098949306759099,0.006130942198099767
745,pltd_kup249,1,249,diesel,0.0,0.6322,-0.6322,0.0
746,plts_kup249,1,249,solar,0.0,0.0,0.0,0.0
747,batt_kup249,1,249,battery,0.01357986767485829,0.0,0.01357986767485829,0.007191960000000029
748,pltd_kup250,1,250,diesel,0.0,0.6759,-0.6759,0.0
749,plts_kup250,1,250,solar,0.0,0.0,0.0,0.0
750,batt_kup250,1,250,battery,0.01228899999999999,0.0,0.01228899999999999,0.006915079989428561
751,pltd_kup251,1,251,diesel,0.0,0.6476,-0.6476,0.0
752,plts_kup251,1,251,solar,0.0,0.0,0.0,0.0
753,batt_kup251,1,251,battery,0.01391068052930064,0.0,0.01391068052930064,0.00736716000000004
754,pltd_kup252,1,252,diesel,0.0,1.2865,-1.2865,0.0
755,plts_kup252,1,252,solar,0.0,0.0,0.0,0.0
756,batt_kup252,1,252,battery,0.5613539999999999,0.0,0.5613539999999999,0.5156616656349721
757,pltd_kup253,1,253,diesel,0.008532980000000003,0.081,-0.07246702,0.004069250732142862
758,plts_kup253,1,253,solar,0.0,0.0,0.0,0.0
759,batt_kup253,1,253,battery,0.009648999999999998,0.0,0.009648999999999998,0.0070955011058571335
760,pltd_kup254,1,254,diesel,0.01044693,0.0992,-0.08875306999999999,0.00516915072678571
761,plts_kup254,1,254,solar,0.0,0.0,0.0,0.0
762,batt_kup254,1,254,battery,0.02822700000000001,0.0,0.02822700000000001,0.031753272382000104
763,pltd_kup255,1,255,diesel,0.007647407701906375,0.1155,-0.10785259229809363,0.002221163740259336
764,plts_kup255,1,255,solar,0.0,0.0,0.0,0.0
765,batt_kup255,1,255,battery,0.002758882149046807,0.0,0.002758882149046807,0.0012562425198291707
766,pltd_kup256,1,256,diesel,0.0,0.1343,-0.1343,0.0
767,plts_kup256,1,256,solar,0.0,0.0,0.0,0.0
768,batt_kup256,1,256,battery,0.0032055,0.0,0.0032055,0.0020168377793571457
769,pltd_kup257,1,257,diesel,0.006712885667244373,0.0795,-0.07278711433275563,0.002630247719345942
770,plts_kup257,1,257,solar,0.0,0.0,0.0,0.0
771,batt_kup257,1,257,battery,0.0018587521663778056,0.0,0.0018587521663778056,0.000843252181564732
772,pltd_kup258,1,258,diesel,0.005827554999999984,0.0511,-0.045272445000000015,0.00395042888951303
773,plts_kup258,1,258,solar,0.06497795524738713,0.0,0.06497795524738713,0.10716505513664108
774,batt_kup258,1,258,battery,0.02917628694953461,0.0,0.02917628694953461,0.04531177661932097
775,pltd_kup259,1,259,diesel,0.003960197999999984,0.045,-0.041039802000000014,0.00332667702373437
776,plts_kup259,1,259,solar,0.06250369144743888,0.0,0.06250369144743888,0.10537259827096151
777,batt_kup259,1,259,battery,0.027544788728805114,0.0,0.027544788728805114,0.042081963427137055
778,pltd_kup260,1,260,diesel,0.006911088999999999,0.0656,-0.05868891100000001,0.003963506186222155
779,plts_kup260,1,260,solar,0.010500716319461506,0.0,0.010500716319461506,0.01740188684141659
780,batt_kup260,1,260,battery,0.025021415767322887,0.0,0.025021415767322887,0.032120264614524566
781,pltd_kup261,1,261,diesel,0.003987316000000005,0.0453,-0.041312683999999995,0.003628173262964217
782,plts_kup261,1,261,solar,0.06630972639569192,0.0,0.06630972639569192,0.11292417101219844
783,batt_kup261,1,261,battery,0.02804497203201114,0.0,0.02804497203201114,0.04286092449947675
784,pltd_kup262,1,262,diesel,0.0,0.142,-0.142,0.0
785,plts_kup262,1,262,solar,0.0,0.0,0.0,0.0
786,batt_kup262,1,262,battery,0.0052232404748699945,0.0,0.0052232404748699945,0.003024014167021503
787,pltd_kup263,1,263,diesel,0.007202150999999997,0.0684,-0.061197849000000006,0.003963673258990177
788,plts_kup263,1,263,solar,0.0,0.0,0.0,0.0
789,batt_kup263,1,263,battery,0.019996588816911007,0.0,0.019996588816911007,0.022969805981397733
790,pltd_kup264,1,264,diesel,0.0,0.9218,-0.9218,0.0
791,plts_kup264,1,264,solar,0.0,0.0,0.0,0.0
792,batt_kup264,1,264,battery,0.025139000000000022,0.0,0.025139000000000022,0.01993350503857149
793,pltd_kup265,1,265,diesel,0.0,0.349,-0.349,0.0
794,plts_kup265,1,265,solar,0.0,0.0,0.0,0.0
795,batt_kup265,1,265,battery,0.011343999999999993,0.0,0.011343999999999993,0.006908059266571417
796,pltd_kup266,1,266,diesel,0.0,1.0869,-1.0869,0.0
797,plts_kup266,1,266,solar,0.0,0.0,0.0,0.0
798,batt_kup266,1,266,battery,0.4742660000000001,0.0,0.4742660000000001,0.43029698093192337
799,pltd_kup267,1,267,diesel,0.0,0.8832,-0.8832,0.0
800,plts_kup267,1,267,solar,0.0,0.0,0.0,0.0
801,batt_kup267,1,267,battery,0.018972707939508587,0.0,0.018972707939508587,0.01433947799107148
802,pltd_kup268,1,268,diesel,0.0,1.2831,-1.2831,0.0
803,plts_kup268,1,268,solar,0.0,0.0,0.0,0.0
804,batt_kup268,1,268,battery,0.559896,0.0,0.559896,0.5072113513935326
805,pltd_kup269,1,269,diesel,0.0,0.3407,-0.3407,0.0
806,plts_kup269,1,269,solar,0.0,0.0,0.0,0.0
807,batt_kup269,1,269,battery,0.011074,0.0,0.011074,0.006532214553428574
808,pltd_kup270,1,270,diesel,0.0,0.5379,-0.5379,0.0
809,plts_kup270,1,270,solar,0.0,0.0,0.0,0.0
810,batt_kup270,1,270,battery,0.013241984402079738,0.0,0.013241984402079738,0.006876218586747957
811,pltd_kup271,1,271,diesel,0.0011427070000000032,0.033,-0.031857292999999995,0.002790534011160736
812,plts_kup271,1,271,solar,0.07060383997225626,0.0,0.07060383997225626,0.11944323432890439
813,batt_kup271,1,271,battery,0.026682585815457512,0.0,0.026682585815457512,0.05086336962793143
814,pltd_kup272,1,272,diesel,0.010706871000000007,0.1017,-0.09099312899999999,0.004855573139107143
815,plts_kup272,1,272,solar,0.0,0.0,0.0,0.0
816,batt_kup272,1,272,battery,0.012107999999999994,0.0,0.012107999999999994,0.008847056629714287
817,pltd_kup273,1,273,diesel,0.004675355000000006,0.1291,-0.12442464499999999,0.0011282974508928592
818,plts_kup273,1,273,solar,0.0,0.0,0.0,0.0
819,batt_kup273,1,273,battery,0.0033450000000000008,0.0,0.0033450000000000008,0.0018167013849851195
820,pltd_kup274,1,274,diesel,0.0063736820000000055,0.0724,-0.066026318,0.0026860919139285737
821,plts_kup274,1,274,solar,0.0,0.0,0.0,0.0
822,batt_kup274,1,274,battery,0.0036199999999999982,0.0,0.0036199999999999982,0.0022532352071428534
823,pltd_kup275,1,275,diesel,0.003770372000000001,0.0428,-0.039029628,0.0031578258467536893
824,plts_kup275,1,275,solar,0.059197437261552764,0.0,0.059197437261552764,0.1003172795270473
825,batt_kup275,1,275,battery,0.026224667868186072,0.0,0.026224667868186072,0.040135990500723
826,pltd_kup276,1,276,diesel,0.008565098000000007,0.0813,-0.07273490199999999,0.004720197367722129
827,plts_kup276,1,276,solar,0.010347003056283345,0.0,0.010347003056283345,0.01750442342993222
828,batt_kup276,1,276,battery,0.029731274421528953,0.0,0.029731274421528953,0.03742448409860805
829,pltd_kup277,1,277,diesel,0.009182334000000014,0.0872,-0.07801766599999999,0.0043866439907142875
830,plts_kup277,1,277,solar,0.0,0.0,0.0,0.0
831,batt_kup277,1,277,battery,0.01038299999999999,0.0,0.01038299999999999,0.0075915405797142696
832,pltd_kup278,1,278,diesel,0.008306153999999996,0.0789,-0.070593846,0.004416072858750001
833,plts_kup278,1,278,solar,0.0,0.0,0.0,0.0
834,batt_kup278,1,278,battery,0.011113000000000005,0.0,0.011113000000000005,0.00850589510299999
835,pltd_kup279,1,279,diesel,0.004161508799999994,0.1039,-0.09973849120000002,0.002422373482127881
836,plts_kup279,1,279,solar,0.05825609887206356,0.0,0.05825609887206356,0.10007655020959863
837,batt_kup279,1,279,battery,0.02684442380095865,0.0,0.02684442380095865,0.03658558583524493
838,pltd_kup280,1,280,diesel,0.005044909000000007,0.0573,-0.05225509099999999,0.004531011589236434
839,plts_kup280,1,280,solar,0.08249907626136765,0.0,0.08249907626136765,0.14287619022140224
840,batt_kup280,1,280,battery,0.03548540238038632,0.0,0.03548540238038632,0.0542029477814541
841,pltd_kup281,1,281,diesel,0.005722201000000003,0.0502,-0.044477799,0.003912330046583786
842,plts_kup281,1,281,solar,0.06422991696741791,0.0,0.06422991696741791,0.10881260886358982
843,batt_kup281,1,281,battery,0.028683294483002296,0.0,0.028683294483002296,0.04445417988554273
844,pltd_kup282,1,282,diesel,0.009057389999999998,0.0795,-0.07044261,0.00579198320714285
845,plts_kup282,1,282,solar,0.09972514268549117,0.0,0.09972514268549117,0.16970257448332876
846,batt_kup282,1,282,battery,0.044908000000000003,0.0,0.044908000000000003,0.06888988257241008
847,pltd_kup283,1,283,diesel,0.009111068999999972,0.1466,-0.13748893100000004,0.0022827241633035654
848,plts_kup283,1,283,solar,0.0,0.0,0.0,0.0
849,batt_kup283,1,283,battery,0.0038000000000000117,0.0,0.0038000000000000117,0.001748495843571435
850,pltd_kup284,1,284,diesel,0.006813735000000001,0.0647,-0.05788626499999999,0.0038374981710366796
851,plts_kup284,1,284,solar,0.0006928198133203145,0.0,0.0006928198133203145,0.001143216431401347
852,batt_kup284,1,284,battery,0.019468,0.0,0.019468,0.02259352246632197
853,pltd_kup285,1,285,diesel,0.010547903999999997,0.1697,-0.159152096,0.002522433292142853
854,plts_kup285,1,285,solar,0.0,0.0,0.0,0.0
855,batt_kup285,1,285,battery,0.004398000000000013,0.0,0.004398000000000013,0.001957788533000005
856,pltd_kup286,1,286,diesel,0.013948754000000008,0.2295,-0.215551246,0.0034389082855357184
857,plts_kup286,1,286,solar,0.0,0.0,0.0,0.0
858,batt_kup286,1,286,battery,0.005112000000000005,0.0,0.005112000000000005,0.0024703550185997012
859,pltd_kup287,1,287,diesel,0.0020505078,0.0591,-0.0570494922,0.005027438740008427
860,plts_kup287,1,287,solar,0.11746760327824886,0.0,0.11746760327824886,0.19164140542606886
861,batt_kup287,1,287,battery,0.04602142036019373,0.0,0.04602142036019373,0.08220730793857386
862,pltd_kup288,1,288,diesel,0.009092508000000055,0.0798,-0.07070749199999994,0.00637462082596025
863,plts_kup288,1,288,solar,0.10771974360002076,0.0,0.10771974360002076,0.17873042981679563
864,batt_kup288,1,288,battery,0.04672032877256671,0.0,0.04672032877256671,0.0738475477007727
865,pltd_kup289,1,289,diesel,0.01638208499999999,0.3062,-0.28981791500000004,0.0037061742745650504
866,plts_kup289,1,289,solar,0.0,0.0,0.0,0.0
867,batt_kup289,1,289,battery,0.005290000000000017,0.0,0.005290000000000017,0.0027707569228571536
868,pltd_kup290,1,290,diesel,0.009232979999999946,0.081,-0.07176702000000006,0.006267243901262849
869,plts_kup290,1,290,solar,0.11074596065035391,0.0,0.11074596065035391,0.18148793315670508
870,batt_kup290,1,290,battery,0.04744115498450352,0.0,0.04744115498450352,0.07501297527153383
871,pltd_kup291,1,291,diesel,0.0,0.2935,-0.2935,0.0
872,plts_kup291,1,291,solar,0.016921929123367974,0.0,0.016921929123367974,0.028692332285638306
873,batt_kup291,1,291,battery,0.018679,0.0,0.018679,0.011349354895871971
874,pltd_kup292,1,292,diesel,0.001850972052553134,0.1719,-0.17004902794744686,0.00032573802817698446
875,plts_kup292,1,292,solar,0.0,0.0,0.0,0.0
876,batt_kup292,1,292,battery,0.005470754947446866,0.0,0.005470754947446866,0.0030670283220637883
877,pltd_kup293,1,293,diesel,0.0,0.2726,-0.2726,0.0
878,plts_kup293,1,293,solar,0.0,0.0,0.0,0.0
879,batt_kup293,1,293,battery,0.006506000000000012,0.0,0.006506000000000012,0.004041359976714297
880,pltd_kup294,1,294,diesel,0.006730027999999999,0.1858,-0.179069972,0.0014191375982142837
881,plts_kup294,1,294,solar,0.0,0.0,0.0,0.0
882,batt_kup294,1,294,battery,0.004813000000000012,0.0,0.004813000000000012,0.0025504908417083375
883,pltd_kup295,1,295,diesel,0.00856488027902945,0.1294,-0.12083511972097054,0.0023429414340173883
884,plts_kup295,1,295,solar,0.0,0.0,0.0,0.0
885,batt_kup295,1,295,battery,0.0030897963604852724,0.0,0.0030897963604852724,0.001399176480112033
886,pltd_kup296,1,296,diesel,0.012979863000000008,0.2089,-0.195920137,0.003082696605625001
887,plts_kup296,1,296,solar,0.0,0.0,0.0,0.0
888,batt_kup296,1,296,battery,0.005410999999999999,0.0,0.005410999999999999,0.0024029821511428566
889,pltd_kup297,1,297,diesel,0.005336902999999893,0.0468,-0.04146309700000011,0.003613239827436284
890,plts_kup297,1,297,solar,0.05865948310532466,0.0,0.05865948310532466,0.09551532432962498
891,batt_kup297,1,297,battery,0.026691292311016784,0.0,0.026691292311016784,0.04163838880010062
892,pltd_kup298,1,298,diesel,0.007566511091854411,0.1143,-0.10673348890814559,0.0021191237268352284
893,plts_kup298,1,298,solar,0.0,0.0,0.0,0.0
894,batt_kup298,1,298,battery,0.0027290944540727946,0.0,0.0027290944540727946,0.0012303616228391946
895,pltd_kup299,1,299,diesel,0.0,0.2933,-0.2933,0.0
896,plts_kup299,1,299,solar,0.0,0.0,0.0,0.0
897,batt_kup299,1,299,battery,0.009112068999999945,0.0,0.009112068999999945,0.0055003250353263975
898,pltd_kup300,1,300,diesel,0.019046142999999988,0.1808,-0.161753857,0.008727181676785717
899,plts_kup300,1,300,solar,0.0,0.0,0.0,0.0
900,batt_kup300,1,300,battery,0.049484,0.0,0.049484,0.054513389333999844
901,pltd_kup301,1,301,diesel,0.015306358000000006,0.1343,-0.118993642,0.008602559466071422
902,plts_kup301,1,301,solar,0.0921162355584018,0.0,0.0921162355584018,0.1515665340699078
903,batt_kup301,1,301,battery,0.06368,0.0,0.06368,0.08812660828703767
904,pltd_kup302,1,302,diesel,0.019305087000000207,0.1833,-0.1639949129999998,0.010163455806785949
905,plts_kup302,1,302,solar,0.02936253352735198,0.0,0.02936253352735198,0.04861485674169872
906,batt_kup302,1,302,battery,0.06989584380326269,0.0,0.06989584380326269,0.08969631943744012
907,pltd_kup303,1,303,diesel,0.020505443999999998,0.1947,-0.174194556,0.009576725094999997
908,plts_kup303,1,303,solar,0.0,0.0,0.0,0.0
909,batt_kup303,1,303,battery,0.05540199999999999,0.0,0.05540199999999999,0.06233207639042843
910,pltd_kup304,1,304,diesel,0.018753084000000003,0.1781,-0.159346916,0.009682627872000055
911,plts_kup304,1,304,solar,0.001890930995560416,0.0,0.001890930995560416,0.0031427102962424468
912,batt_kup304,1,304,battery,0.053582000000000005,0.0,0.053582000000000005,0.06202120479409153
913,pltd_kup305,1,305,diesel,0.021446860000000005,0.2036,-0.18215314,0.010705085473740342
914,plts_kup305,1,305,solar,0.0021966216294936375,0.0,0.0021966216294936375,0.0035944813426112597
915,batt_kup305,1,305,battery,0.061275999999999976,0.0,0.061275999999999976,0.07091689455314533
916,pltd_kup306,1,306,diesel,0.016060308000000023,0.1525,-0.13643969199999997,0.007689481618928564
917,plts_kup306,1,306,solar,0.0,0.0,0.0,0.0
918,batt_kup306,1,306,battery,0.021488000000000007,0.0,0.021488000000000007,0.0164304778887143
919,pltd_kup307,1,307,diesel,0.01792526343674186,0.2708,-0.2528747365632581,0.004344534622751016
920,plts_kup307,1,307,solar,0.0,0.0,0.0,0.0
921,batt_kup307,1,307,battery,0.006466637781629092,0.0,0.006466637781629092,0.0029316083386345553
922,pltd_kup308,1,308,diesel,0.020817851,0.1827,-0.161882149,0.011022950947874923
923,plts_kup308,1,308,solar,0.034241552106210535,0.0,0.034241552106210535,0.05534938024501075
924,batt_kup308,1,308,battery,0.07011828542877704,0.0,0.07011828542877704,0.09187300561080308
925,pltd_kup309,1,309,diesel,0.018299434999999975,0.1738,-0.15550056500000004,0.009822305415681708
926,plts_kup309,1,309,solar,0.022392094607479648,0.0,0.022392094607479648,0.037110843842773626
927,batt_kup309,1,309,battery,0.0634708385101494,0.0,0.0634708385101494,0.07974560727545066
928,pltd_tim310,1,310,diesel,0.016494060000000005,0.1257,-0.10920594,0.011626210684438778
929,plts_tim310,1,310,solar,0.16272524525752402,0.0,0.16272524525752402,0.2597924813060898
930,batt_tim310,1,310,battery,0.07019469721221808,0.0,0.07019469721221808,0.11137111524773569
931,pltd_tim311,1,311,diesel,0.0030608000000000054,0.0702,-0.0671392,0.008637265513418427
932,plts_tim311,1,311,solar,0.18675454042924408,0.0,0.18675454042924408,0.2945412806859294
933,batt_tim311,1,311,battery,0.07448050143357061,0.0,0.07448050143357061,0.1379071298044982
934,pltd_tim312,1,312,diesel,0.012743758999999744,0.1118,-0.09905624100000025,0.008779398473373662
935,plts_tim312,1,312,solar,0.154376485445093,0.0,0.154376485445093,0.24146558687341663
936,batt_tim312,1,312,battery,0.06539610664587991,0.0,0.06539610664587991,0.1036719765120234
937,pltd_tim313,1,313,diesel,0.021952959999999994,0.1673,-0.14534704,0.014238275185598021
938,plts_tim313,1,313,solar,0.20776021346390225,0.0,0.20776021346390225,0.32646640066895694
939,batt_tim313,1,313,battery,0.09162500000000001,0.0,0.09162500000000001,0.14327269002750054
940,pltd_tim314,1,314,diesel,0.01685811900000001,0.1285,-0.111641881,0.011815619277001048
941,plts_tim314,1,314,solar,0.1692970202572334,0.0,0.1692970202572334,0.26803510559973864
942,batt_tim314,1,314,battery,0.07211740534644609,0.0,0.07211740534644609,0.11473994574932116
943,pltd_tim315,1,315,diesel,0.004060608999999937,0.1664,-0.16233939100000006,0.0008353379766964161
944,plts_tim315,1,315,solar,0.0,0.0,0.0,0.0
945,batt_tim315,1,315,battery,0.00529300000000002,0.0,0.00529300000000002,0.0028638517267142987
946,pltd_tim316,1,316,diesel,0.0035976666666666596,0.0826,-0.07900233333333334,0.010377758401364269
947,plts_tim316,1,316,solar,0.2048497257436744,0.0,0.2048497257436744,0.32078969350542225
948,batt_tim316,1,316,battery,0.07739791058333279,0.0,0.07739791058333279,0.14567024381914212
949,pltd_tim317,1,317,diesel,0.013165171999999989,0.1155,-0.10233482800000002,0.009209883472318893
950,plts_tim317,1,317,solar,0.15738685454104204,0.0,0.15738685454104204,0.2494486425428509
951,batt_tim317,1,317,battery,0.06755819511005137,0.0,0.06755819511005137,0.10723537599849646
952,pltd_tim318,1,318,diesel,0.011374166000000005,0.0998,-0.088425834,0.008260241980347792
953,plts_tim318,1,318,solar,0.1380508967241219,0.0,0.1380508967241219,0.21891821295628136
954,batt_tim318,1,318,battery,0.05840084861027116,0.0,0.05840084861027116,0.09252776797760057
955,pltd_tim319,1,319,diesel,0.005090745000000008,0.2086,-0.203509255,0.0008539926078749962
956,plts_tim319,1,319,solar,0.0,0.0,0.0,0.0
957,batt_tim319,1,319,battery,0.006419097599999951,0.0,0.006419097599999951,0.0034813020762114134
958,pltd_tim320,1,320,diesel,0.02126496,0.162,-0.14073504,0.013346219625413349
959,plts_tim320,1,320,solar,0.10760013877135371,0.0,0.10760013877135371,0.1727272747654905
960,batt_tim320,1,320,battery,0.07402500000000001,0.0,0.07402500000000001,0.10362720423234732
961,pltd_tim321,1,321,diesel,0.015524231000000138,0.1183,-0.10277576899999986,0.011707585424610123
962,plts_tim321,1,321,solar,0.16087281279673213,0.0,0.16087281279673213,0.2514388171620629
963,batt_tim321,1,321,battery,0.06709895024198759,0.0,0.06709895024198759,0.10729639840484588
964,pltd_tim322,1,322,diesel,0.008896635,0.101,-0.092103365,0.0033809167739821382
965,plts_tim322,1,322,solar,0.0,0.0,0.0,0.0
966,batt_tim322,1,322,battery,0.0021819999999999895,0.0,0.0021819999999999895,0.0010425040835714294
967,pltd_tim323,1,323,diesel,0.0046772669999999295,0.1916,-0.18692273300000006,0.0007771654303571315
968,plts_tim323,1,323,solar,0.0,0.0,0.0,0.0
969,batt_tim323,1,323,battery,0.006097000000000019,0.0,0.006097000000000019,0.003257411746142871
970,pltd_tim324,1,324,diesel,0.004670149000000012,0.1913,-0.18662985099999999,0.0009473045358928594
971,plts_tim324,1,324,solar,0.0,0.0,0.0,0.0
972,batt_tim324,1,324,battery,0.006086999999999981,0.0,0.006086999999999981,0.003297830417428565
973,pltd_tim325,1,325,diesel,0.020780544000000012,0.1583,-0.13751945599999998,0.013316422176428564
974,plts_tim325,1,325,solar,0.1786360106829744,0.0,0.1786360106829744,0.2897257264164748
975,batt_tim325,1,325,battery,0.08457300000000001,0.0,0.08457300000000001,0.13034020837600574
976,pltd_tim326,1,326,diesel,0.012708641000000308,0.1115,-0.09879135899999969,0.008164942901893303
977,plts_tim326,1,326,solar,0.1465734966411345,0.0,0.1465734966411345,0.23644027246800373
978,batt_tim326,1,326,battery,0.06456610787945483,0.0,0.06456610787945483,0.10196601046405576
979,pltd_tim327,1,327,diesel,0.01688565899999999,0.1482,-0.131314341,0.009114839384196447
980,plts_tim327,1,327,solar,0.05336049494492238,0.0,0.05336049494492238,0.08662209246265282
981,batt_tim327,1,327,battery,0.06169677407116902,0.0,0.06169677407116902,0.08054168260157318
982,pltd_tim328,1,328,diesel,0.021154801,0.2009,-0.179745199,0.009880608572139921
983,plts_tim328,1,328,solar,0.0,0.0,0.0,0.0
984,batt_tim328,1,328,battery,0.05715399999999998,0.0,0.05715399999999998,0.06427310225671443
985,pltd_tim329,1,329,diesel,0.02598835299999999,0.2468,-0.220811647,0.010159493327832956
986,plts_tim329,1,329,solar,0.0,0.0,0.0,0.0
987,batt_tim329,1,329,battery,0.02938800000000003,0.0,0.02938800000000003,0.02146256055657146
988,pltd_tim330,1,330,diesel,0.002734276933333349,0.0789,-0.07616572306666665,0.006649889513644636
989,plts_tim330,1,330,solar,0.17530942518772094,0.0,0.17530942518772094,0.2840936568711837
990,batt_tim330,1,330,battery,0.06410370008082851,0.0,0.06410370008082851,0.12298179055253121
991,pltd_tim331,1,331,diesel,0.021965745000000036,0.2086,-0.18663425499999997,0.008457474801339286
992,plts_tim331,1,331,solar,0.0,0.0,0.0,0.0
993,batt_tim331,1,331,battery,0.02483799999999998,0.0,0.02483799999999998,0.01816033155542854
994,pltd_tim332,1,332,diesel,0.007332113000000001,0.118,-0.11066788699999999,0.002394401805446424
995,plts_tim332,1,332,solar,0.0,0.0,0.0,0.0
996,batt_tim332,1,332,battery,0.003057000000000004,0.0,0.003057000000000004,0.0013924994341428618
997,pltd_tim333,1,333,diesel,0.0,0.5995,-0.5995,0.0
998,plts_tim333,1,333,solar,0.0,0.0,0.0,0.0
999,batt_tim333,1,333,battery,0.008339198286413663,0.0,0.008339198286413663,0.005398409793560906
1000,pltd_tim334,1,334,diesel,0.006839032845753906,0.1762,-0.1693609671542461,0.0012748047366179776
1001,plts_tim334,1,334,solar,0.0,0.0,0.0,0.0
1002,batt_tim334,1,334,battery,0.004338171577123046,0.0,0.004338171577123046,0.0022954819741209708
1003,pltd_tim335,1,335,diesel,0.0,0.3762,-0.3762,0.0
1004,plts_tim335,1,335,solar,0.0,0.0,0.0,0.0
1005,batt_tim335,1,335,battery,0.008975999999999984,0.0,0.008975999999999984,0.005494765886714277
1006,pltd_tim336,1,336,diesel,0.007639895649913353,0.1969,-0.18926010435008664,0.0015249153174377984
1007,plts_tim336,1,336,solar,0.0,0.0,0.0,0.0
1008,batt_tim336,1,336,battery,0.004846187175043315,0.0,0.004846187175043315,0.002537293763504718
1009,pltd_tim337,1,337,diesel,0.007066143596187152,0.1821,-0.17503385640381286,0.0011971711315409096
1010,plts_tim337,1,337,solar,0.0,0.0,0.0,0.0
1011,batt_tim337,1,337,battery,0.004482235701906423,0.0,0.004482235701906423,0.002372329714995208
1012,pltd_tim338,1,338,diesel,0.004721974999999989,0.1935,-0.18877802500000002,0.0007846554910714266
1013,plts_tim338,1,338,solar,0.0,0.0,0.0,0.0
1014,batt_tim338,1,338,battery,0.006155999999999995,0.0,0.006155999999999995,0.0032840547513061204
1015,pltd_tim339,1,339,diesel,0.0,0.2511,-0.2511,0.0
1016,plts_tim339,1,339,solar,0.0,0.0,0.0,0.0
1017,batt_tim339,1,339,battery,0.00818008108935127,0.0,0.00818008108935127,0.004917859420998402
1018,pltd_tim340,1,340,diesel,0.021868390999999987,0.2076,-0.18573160900000002,0.01019606383446427
1019,plts_tim340,1,340,solar,0.0,0.0,0.0,0.0
1020,batt_tim340,1,340,battery,0.05681800000000001,0.0,0.05681800000000001,0.06267908855428579
1021,pltd_tim341,1,341,diesel,0.030628196999999996,0.2908,-0.260171803,0.012098357453303583
1022,plts_tim341,1,341,solar,0.0,0.0,0.0,0.0
1023,batt_tim341,1,341,battery,0.034634,0.0,0.034634,0.025310176864714234
1024,pltd_tim342,1,342,diesel,0.007647407701906389,0.1155,-0.10785259229809362,0.002253026451452085
1025,plts_tim342,1,342,solar,0.0,0.0,0.0,0.0
1026,batt_tim342,1,342,battery,0.002758882149046793,0.0,0.002758882149046793,0.0012425485019720232
1027,pltd_tim343,1,343,diesel,0.016871251999999975,0.1602,-0.14332874800000003,0.0082173389401483
1028,plts_tim343,1,343,solar,0.0,0.0,0.0,0.0
1029,batt_tim343,1,343,battery,0.04683851755881352,0.0,0.04683851755881352,0.05360453083212589
1030,pltd_tim344,1,344,diesel,0.022841924999999985,0.2169,-0.19405807500000002,0.008741065299107141
1031,plts_tim344,1,344,solar,0.0,0.0,0.0,0.0
1032,batt_tim344,1,344,battery,0.02582899999999999,0.0,0.02582899999999999,0.01872088258928573
1033,pltd_tim345,1,345,diesel,0.016968605999999997,0.1611,-0.144131394,0.007643477436071435
1034,plts_tim345,1,345,solar,0.0,0.0,0.0,0.0
1035,batt_tim345,1,345,battery,0.025048,0.0,0.025048,0.020582460803571418
1036,pltd_tim346,1,346,diesel,0.02287404300000001,0.2172,-0.194325957,0.010013353245182412
1037,plts_tim346,1,346,solar,0.0,0.0,0.0,0.0
1038,batt_tim346,1,346,battery,0.029024999999999884,0.0,0.029024999999999884,0.021164960132142776
1039,pltd_tim347,1,347,diesel,0.03134278700000004,0.2976,-0.26625721299999994,0.011531122001071434
1040,plts_tim347,1,347,solar,0.0,0.0,0.0,0.0
1041,batt_tim347,1,347,battery,0.035441,0.0,0.035441,0.02568767017857142
1042,pltd_tim348,1,348,diesel,0.01351634900000001,0.1186,-0.10508365099999999,0.008768904608183144
1043,plts_tim348,1,348,solar,0.1547865325225973,0.0,0.1547865325225973,0.26048545719977156
1044,batt_tim348,1,348,battery,0.06842872650643902,0.0,0.06842872650643902,0.10730736381233691
1045,pltd_tim349,1,349,diesel,0.021643168000000018,0.3561,-0.334456832,0.0051354689889474715
1046,plts_tim349,1,349,solar,0.0,0.0,0.0,0.0
1047,batt_tim349,1,349,battery,0.009469999999999978,0.0,0.009469999999999978,0.004239540293285709
1048,pltd_tim350,1,350,diesel,0.008776449000000498,0.077,-0.0682235509999995,0.006309612860039638
1049,plts_tim350,1,350,solar,0.10435734865563064,0.0,0.10435734865563064,0.16892725802679368
1050,batt_tim350,1,350,battery,0.04506351534956538,0.0,0.04506351534956538,0.07133624573066029
1051,pltd_tim351,1,351,diesel,0.011077274999999998,0.0844,-0.073322725,0.007772184030491134
1052,plts_tim351,1,351,solar,0.10573129011781707,0.0,0.10573129011781707,0.1694841389858022
1053,batt_tim351,1,351,battery,0.04663241028633128,0.0,0.04663241028633128,0.07326953735056141
1054,pltd_tim352,1,352,diesel,0.00691407799999999,0.1624,-0.155485922,0.0014846217137499983
1055,plts_tim352,1,352,solar,0.0,0.0,0.0,0.0
1056,batt_tim352,1,352,battery,0.003689999999999999,0.0,0.003689999999999999,0.0020010293393124957
1057,pltd_tim353,1,353,diesel,0.00849550500000007,0.0746,-0.06610449499999993,0.0067460795893560565
1058,plts_tim353,1,353,solar,0.10444699720603808,0.0,0.10444699720603808,0.16920580662573734
1059,batt_tim353,1,353,battery,0.044082753414593445,0.0,0.044082753414593445,0.06984027403929711
1060,pltd_tim354,1,354,diesel,0.0,0.2366,-0.2366,0.0
1061,plts_tim354,1,354,solar,0.0,0.0,0.0,0.0
1062,batt_tim354,1,354,battery,0.008984083175999993,0.0,0.008984083175999993,0.0051597241861169535
1063,pltd_tim355,1,355,diesel,0.0,0.3025,-0.3025,0.0
1064,plts_tim355,1,355,solar,0.0,0.0,0.0,0.0
1065,batt_tim355,1,355,battery,0.009398835999999966,0.0,0.009398835999999966,0.005615291843130842
1066,pltd_tim356,1,356,diesel,0.0077580329999999975,0.0681,-0.060341966999999996,0.005574066887275292
1067,plts_tim356,1,356,solar,0.09267891282393143,0.0,0.09267891282393143,0.1493294543610357
1068,batt_tim356,1,356,battery,0.03983636550266092,0.0,0.03983636550266092,0.06314116807539766
1069,pltd_tim357,1,357,diesel,0.008046212999999997,0.0764,-0.068353787,0.004263409725089288
1070,plts_tim357,1,357,solar,0.0,0.0,0.0,0.0
1071,batt_tim357,1,357,battery,0.01076600000000004,0.0,0.01076600000000004,0.008240894017428639
1072,pltd_tim358,1,358,diesel,0.013756944999999993,0.1306,-0.116843055,0.0064520756907813625
1073,plts_tim358,1,358,solar,0.0,0.0,0.0,0.0
1074,batt_tim358,1,358,battery,0.03852359527824621,0.0,0.03852359527824621,0.04443931320964914
1075,pltd_tim359,1,359,diesel,0.009793865000000235,0.086,-0.07620613499999976,0.006856208770976562
1076,plts_tim359,1,359,solar,0.11595049824237225,0.0,0.11595049824237225,0.18852304546353707
1077,batt_tim359,1,359,battery,0.05029172985439878,0.0,0.05029172985439878,0.07971185995245736
1078,pltd_tim360,1,360,diesel,0.01346488299999999,0.1279,-0.11443511700000003,0.007202948634121047
1079,plts_tim360,1,360,solar,0.022888059330618545,0.0,0.022888059330618545,0.036865156298166016
1080,batt_tim360,1,360,battery,0.04960232070389051,0.0,0.04960232070389051,0.06403857888880919
1081,pltd_tim361,1,361,diesel,0.012116561999999997,0.195,-0.182883438,0.0031166343251785647
1082,plts_tim361,1,361,solar,0.0,0.0,0.0,0.0
1083,batt_tim361,1,361,battery,0.005053000000000002,0.0,0.005053000000000002,0.0022820084804285735
1084,pltd_tim362,1,362,diesel,0.019694500000000004,0.187,-0.1673055,0.008964725882249969
1085,plts_tim362,1,362,solar,0.0,0.0,0.0,0.0
1086,batt_tim362,1,362,battery,0.029069999999999985,0.0,0.029069999999999985,0.024020811955714278
1087,pltd_tim363,1,363,diesel,0.017229013999999987,0.2773,-0.260070986,0.0039635167239285675
1088,plts_tim363,1,363,solar,0.0,0.0,0.0,0.0
1089,batt_tim363,1,363,battery,0.007182999999999995,0.0,0.007182999999999995,0.0031940328854285654
1090,pltd_tim364,1,364,diesel,0.012568168999999997,0.1103,-0.09773183099999999,0.007880230992619046
1091,plts_tim364,1,364,solar,0.13515400549451906,0.0,0.13515400549451906,0.21966695393928956
1092,batt_tim364,1,364,battery,0.062314,0.0,0.062314,0.0965608469288325
1093,pltd_tim365,1,365,diesel,0.003280049000000035,0.2277,-0.22441995099999998,0.0005344722700892912
1094,plts_tim365,1,365,solar,0.0,0.0,0.0,0.0
1095,batt_tim365,1,365,battery,0.006415999999999977,0.0,0.006415999999999977,0.003638359576428559
1096,pltd_tim366,1,366,diesel,0.016288130999999997,0.1547,-0.13841186900000002,0.00781784864491071
1097,plts_tim366,1,366,solar,0.0,0.0,0.0,0.0
1098,batt_tim366,1,366,battery,0.020667000000000005,0.0,0.020667000000000005,0.015096468755571416
1099,pltd_tim367,1,367,diesel,0.017293783000000007,0.1642,-0.146906217,0.008758019490446432
1100,plts_tim367,1,367,solar,0.0,0.0,0.0,0.0
1101,batt_tim367,1,367,battery,0.04940999999999998,0.0,0.04940999999999998,0.05788917598214285
1102,pltd_tim368,1,368,diesel,0.002115351072653067,0.0471,-0.04498464892734694,0.005199801350755071
1103,plts_tim368,1,368,solar,0.12425754379508126,0.0,0.12425754379508126,0.20082596190871968
1104,batt_tim368,1,368,battery,0.051439093263852376,0.0,0.051439093263852376,0.09550469480151377
1105,pltd_tim369,1,369,diesel,0.01004068800000013,0.0881,-0.07805931199999987,0.00715329824595911
1106,plts_tim369,1,369,solar,0.11918257784225868,0.0,0.11918257784225868,0.19325168958935351
1107,batt_tim369,1,369,battery,0.05155286320156663,0.0,0.05155286320156663,0.08162330158025025
1108,pltd_tim370,1,370,diesel,0.00821456399999998,0.0721,-0.06388543600000002,0.005896449856772518
1109,plts_tim370,1,370,solar,0.09853450358590352,0.0,0.09853450358590352,0.1614976572392814
1110,batt_tim370,1,370,battery,0.04221016184964055,0.0,0.04221016184964055,0.06667929235282984
1111,pltd_tim371,1,371,diesel,0.007833323000000003,0.1839,-0.176066677,0.0016547566804464304
1112,plts_tim371,1,371,solar,0.0,0.0,0.0,0.0
1113,batt_tim371,1,371,battery,0.004179999999999989,0.0,0.004179999999999989,0.0022274119546726247
1114,pltd_tim372,1,372,diesel,0.015596729999999975,0.1771,-0.16150327000000003,0.005136765874384906
1115,plts_tim372,1,372,solar,0.0,0.0,0.0,0.0
1116,batt_tim372,1,372,battery,0.0038245000000000084,0.0,0.0038245000000000084,0.001847279104642875
1117,pltd_tim373,1,373,diesel,0.008651288000000007,0.2388,-0.230148712,0.0018221660357142888
1118,plts_tim373,1,373,solar,0.0,0.0,0.0,0.0
1119,batt_tim373,1,373,battery,0.006184999999999996,0.0,0.006184999999999996,0.0031575952400297565
1120,pltd_tim374,1,374,diesel,0.016961365000000034,0.273,-0.256038635,0.0037637633955357234
1121,plts_tim374,1,374,solar,0.0,0.0,0.0,0.0
1122,batt_tim374,1,374,battery,0.007070999999999994,0.0,0.007070999999999994,0.0031438002714285662
1123,pltd_tim375,1,375,diesel,0.009570749999999989,0.0909,-0.08132925,0.004026451874999995
1124,plts_tim375,1,375,solar,0.0,0.0,0.0,0.0
1125,batt_tim375,1,375,battery,0.009501999999999997,0.0,0.009501999999999997,0.006965992223000006
1126,pltd_tim376,1,376,diesel,0.012146756000000009,0.1066,-0.09445324399999999,0.006876387567507241
1127,plts_tim376,1,376,solar,0.01905681125235691,0.0,0.01905681125235691,0.031240297577864267
1128,batt_tim376,1,376,battery,0.040588875161754676,0.0,0.040588875161754676,0.05297057612182941
1129,pltd_tim377,1,377,diesel,0.007486057000000004,0.1205,-0.11301394299999999,0.00234731199526786
1130,plts_tim377,1,377,solar,0.0,0.0,0.0,0.0
1131,batt_tim377,1,377,battery,0.0031199999999999978,0.0,0.0031199999999999978,0.0014203809185714287
1132,pltd_tim378,1,378,diesel,0.020221848000000105,0.1774,-0.1571781519999999,0.012304281347760102
1133,plts_tim378,1,378,solar,0.22659850064121437,0.0,0.22659850064121437,0.38164161345069736
1134,batt_tim378,1,378,battery,0.10133169777695028,0.0,0.10133169777695028,0.15755881172138436
1135,pltd_tim379,1,379,diesel,0.019518494000000004,0.1713,-0.151781506,0.012226702070715528
1136,plts_tim379,1,379,solar,0.22623080083067923,0.0,0.22623080083067923,0.3786772177782354
1137,batt_tim379,1,379,battery,0.09931327573200592,0.0,0.09931327573200592,0.15616688150292485
1138,pltd_tim380,1,380,diesel,0.011012824000000004,0.1251,-0.11408717599999998,0.00908563433771323
1139,plts_tim380,1,380,solar,0.1848532418250719,0.0,0.1848532418250719,0.31187320598613066
1140,batt_tim380,1,380,battery,0.07745661220186334,0.0,0.07745661220186334,0.11837866819817168
1141,pltd_tim381,1,381,diesel,0.002742310186666681,0.0555,-0.05275768981333332,0.006912491618000029
1142,plts_tim381,1,381,solar,0.1496480083944947,0.0,0.1496480083944947,0.23706900386373075
1143,batt_tim381,1,381,battery,0.06094517145180692,0.0,0.06094517145180692,0.11352206982250129
1144,pltd_tim382,1,382,diesel,0.01790407500000002,0.1571,-0.13919592499999997,0.010908314791246205
1145,plts_tim382,1,382,solar,0.20827799967954996,0.0,0.20827799967954996,0.3473496980425781
1146,batt_tim382,1,382,battery,0.09109669739545317,0.0,0.09109669739545317,0.14323407691209955
1147,pltd_tim383,1,383,diesel,0.0032972,0.0946,-0.0913028,0.007995056464285681
1148,plts_tim383,1,383,solar,0.21192077657742286,0.0,0.21192077657742286,0.34592270282521254
1149,batt_tim383,1,383,battery,0.07757880486935423,0.0,0.07757880486935423,0.14981029847181418
1150,pltd_tim384,1,384,diesel,0.020982134000000013,0.1599,-0.13891786599999997,0.014142741860541163
1151,plts_tim384,1,384,solar,0.20196205333644016,0.0,0.20196205333644016,0.32102645931732576
1152,batt_tim384,1,384,battery,0.08832911884997235,0.0,0.08832911884997235,0.13889079365784912
1153,pltd_tim385,1,385,diesel,0.0018738493866666647,0.0379,-0.036026150613333335,0.004723074887999998
1154,plts_tim385,1,385,solar,0.10035833180209591,0.0,0.10035833180209591,0.16199718222184184
1155,batt_tim385,1,385,battery,0.04164572906104522,0.0,0.04164572906104522,0.07757079289364688
1156,pltd_tim386,1,386,diesel,0.006145903000000005,0.0468,-0.040654097,0.004439940355348509
1157,plts_tim386,1,386,solar,0.05573817409129543,0.0,0.05573817409129543,0.08944837095992739
1158,batt_tim386,1,386,battery,0.025393000000000002,0.0,0.025393000000000002,0.03945998167338023
1159,pltd_tim387,1,387,diesel,0.01624421399999998,0.2046,-0.18835578600000003,0.0051981533373928485
1160,plts_tim387,1,387,solar,0.0,0.0,0.0,0.0
1161,batt_tim387,1,387,battery,0.005299999999999999,0.0,0.005299999999999999,0.0022198295728571415
1162,pltd_tim388,1,388,diesel,0.007513206999999959,0.0659,-0.05838679300000004,0.005436934096510817
1163,plts_tim388,1,388,solar,0.08863887375299666,0.0,0.08863887375299666,0.14459287192056605
1164,batt_tim388,1,388,battery,0.03857341758852395,0.0,0.03857341758852395,0.06115304618664433
1165,pltd_tim389,1,389,diesel,0.001492933333333335,0.0428,-0.04130706666666666,0.0035472999251700416
1166,plts_tim389,1,389,solar,0.11009366954150593,0.0,0.11009366954150593,0.1796103521806919
1167,batt_tim389,1,389,battery,0.045003124347703274,0.0,0.045003124347703274,0.08436622201756482
1168,pltd_tim390,1,390,diesel,0.0073366199999999986,0.0644,-0.05706338,0.005038774331554479
1169,plts_tim390,1,390,solar,0.08479869880617964,0.0,0.08479869880617964,0.1386999741179423
1170,batt_tim390,1,390,battery,0.03729765004814743,0.0,0.03729765004814743,0.05864117139480686
1171,pltd_tim391,1,391,diesel,0.010567455000000336,0.0927,-0.08213254499999967,0.006830543952574985
1172,plts_tim391,1,391,solar,0.11617513622607151,0.0,0.11617513622607151,0.18915542740220098
1173,batt_tim391,1,391,battery,0.0528566583339663,0.0,0.0528566583339663,0.08214428230476041
1174,pltd_tim392,1,392,diesel,0.01778054999999998,0.1688,-0.15101945000000003,0.008510879352678564
1175,plts_tim392,1,392,solar,0.0,0.0,0.0,0.0
1176,batt_tim392,1,392,battery,0.04803800000000001,0.0,0.04803800000000001,0.05406572613628581
1177,pltd_tim393,1,393,diesel,0.013432765,0.1275,-0.114067235,0.0073271050483781274
1178,plts_tim393,1,393,solar,0.0,0.0,0.0,0.0
1179,batt_tim393,1,393,battery,0.03962747638854905,0.0,0.03962747638854905,0.0478073055959202
1180,pltd_tim394,1,394,diesel,0.0025139689599999963,0.0508,-0.04828603104,0.006336837270000016
1181,plts_tim394,1,394,solar,0.15265587873904093,0.0,0.15265587873904093,0.2173120145190999
1182,batt_tim394,1,394,battery,0.05586929922207333,0.0,0.05586929922207333,0.1040599029316014
1183,pltd_tim395,1,395,diesel,0.013826284000000008,0.1054,-0.09157371599999999,0.01067005331701934
1184,plts_tim395,1,395,solar,0.1397848161580501,0.0,0.1397848161580501,0.20456033114920374
1185,batt_tim395,1,395,battery,0.058571,0.0,0.058571,0.0923320133145035
1186,pltd_tim396,1,396,diesel,0.03762442600000001,0.1528,-0.11517557399999998,0.02665344513417536
1187,plts_tim396,1,396,solar,0.12542059930543265,0.0,0.12542059930543265,0.18246402001973192
1188,batt_tim396,1,396,battery,0.056571242559416014,0.0,0.056571242559416014,0.09560231716138817
1189,pltd_tim397,1,397,diesel,0.0068789710000000046,0.0653,-0.05842102899999999,0.003999011727714293
1190,plts_tim397,1,397,solar,0.0,0.0,0.0,0.0
1191,batt_tim397,1,397,battery,0.019652999999999997,0.0,0.019652999999999997,0.02300797497828563
1192,pltd_tim398,1,398,diesel,0.009864100999999823,0.0866,-0.07673589900000018,0.006945072287497242
1193,plts_tim398,1,398,solar,0.11751825001621846,0.0,0.11751825001621846,0.18987100479932809
1194,batt_tim398,1,398,battery,0.050651739750659674,0.0,0.050651739750659674,0.08005410543216299
1195,pltd_tim399,1,399,diesel,0.014796113000000014,0.1128,-0.09800388699999998,0.010711819569776578
1196,plts_tim399,1,399,solar,0.1459014160403885,0.0,0.1459014160403885,0.23304490315803442
1197,batt_tim399,1,399,battery,0.06296749643931884,0.0,0.06296749643931884,0.09984252047561326
1198,pltd_tim400,1,400,diesel,0.008679694000000016,0.0986,-0.08992030599999998,0.003376260259107144
1199,plts_tim400,1,400,solar,0.0,0.0,0.0,0.0
1200,batt_tim400,1,400,battery,0.004928999999999989,0.0,0.004928999999999989,0.003069378460857143
1201,pltd_tim401,1,401,diesel,0.012146756000000009,0.1066,-0.09445324399999999,0.008016669768583376
1202,plts_tim401,1,401,solar,0.14135968541835703,0.0,0.14135968541835703,0.22598656944980974
1203,batt_tim401,1,401,battery,0.06171233844809745,0.0,0.06171233844809745,0.09738367279759698
1204,pltd_tim402,1,402,diesel,0.005994033000000003,0.0681,-0.06210596699999999,0.006399239609155602
1205,plts_tim402,1,402,solar,0.11830645064802792,0.0,0.11830645064802792,0.19097226336692805
1206,batt_tim402,1,402,battery,0.04605,0.0,0.04605,0.07806057817150774
1207,pltd_tim403,1,403,diesel,0.016939355000000003,0.1291,-0.11216064499999999,0.011103903032142858
1208,plts_tim403,1,403,solar,0.15836571041178626,0.0,0.15836571041178626,0.25332955029450194
1209,batt_tim403,1,403,battery,0.070702,0.0,0.070702,0.11072334551613497
1210,pltd_tim404,1,404,diesel,0.022907160999999995,0.2175,-0.19459283900000002,0.01145197897296339
1211,plts_tim404,1,404,solar,0.0,0.0,0.0,0.0
1212,batt_tim404,1,404,battery,0.06414548679033166,0.0,0.06414548679033166,0.07395054789065167
1213,pltd_tim405,1,405,diesel,0.021121683000000016,0.2006,-0.179478317,0.010456522874374985
1214,plts_tim405,1,405,solar,0.0,0.0,0.0,0.0
1215,batt_tim405,1,405,battery,0.058161000000000004,0.0,0.058161000000000004,0.06623353223214297
1216,pltd_tim406,1,406,diesel,0.007695352000000016,0.1238,-0.11610464799999998,0.002692765443571433
1217,plts_tim406,1,406,solar,0.0,0.0,0.0,0.0
1218,batt_tim406,1,406,battery,0.0032089999999999896,0.0,0.0032089999999999896,0.001458331710142857
1219,pltd_tim407,1,407,diesel,0.004977978000000022,0.2039,-0.19892202199999998,0.0007947163380357153
1220,plts_tim407,1,407,solar,0.0,0.0,0.0,0.0
1221,batt_tim407,1,407,battery,0.006489499999999981,0.0,0.006489499999999981,0.003478728249928565
1222,pltd_tim408,1,408,diesel,0.006349206349206349,0.1636,-0.15725079365079364,0.0011998264591988961
1223,plts_tim408,1,408,solar,0.0,0.0,0.0,0.0
1224,batt_tim408,1,408,battery,0.004027296360485294,0.0,0.004027296360485294,0.0021182079563347497
1225,pltd_tim409,1,409,diesel,0.005207616999999998,0.0591,-0.053892383,0.005500659338416326
1226,plts_tim409,1,409,solar,0.0974656837692058,0.0,0.0974656837692058,0.15806316953755936
1227,batt_tim409,1,409,battery,0.039254,0.0,0.039254,0.06470066212651743
1228,pltd_tim410,1,410,diesel,0.008014094999999999,0.0761,-0.068085905,0.004208701980357134
1229,plts_tim410,1,410,solar,0.0,0.0,0.0,0.0
1230,batt_tim410,1,410,battery,0.010722000000000002,0.0,0.010722000000000002,0.00828882673514285
1231,pltd_tim411,1,411,diesel,0.018079661999999996,0.1587,-0.140620338,0.009718491265842942
1232,plts_tim411,1,411,solar,0.028960470590979573,0.0,0.028960470590979573,0.046502059311700976
1233,batt_tim411,1,411,battery,0.06041495891239086,0.0,0.06041495891239086,0.07887398146453073
1234,pltd_tim412,1,412,diesel,0.019284187000000008,0.147,-0.12771581299999998,0.012577364636250012
1235,plts_tim412,1,412,solar,0.1681069792618255,0.0,0.1681069792618255,0.26886920993599867
1236,batt_tim412,1,412,battery,0.078485,0.0,0.078485,0.12083021540205101
1237,pltd_tim413,1,413,diesel,0.020181267000000003,0.1916,-0.171418733,0.008945674229017866
1238,plts_tim413,1,413,solar,0.0,0.0,0.0,0.0
1239,batt_tim413,1,413,battery,0.027000999999999997,0.0,0.027000999999999997,0.020497130926285714
1240,pltd_tim414,1,414,diesel,0.0,0.1719,-0.1719,0.0
1241,plts_tim414,1,414,solar,0.0,0.0,0.0,0.0
1242,batt_tim414,1,414,battery,0.004102499999999995,0.0,0.004102499999999995,0.0025854071977721026
1243,pltd_tim415,1,415,diesel,0.007729246000000023,0.1445,-0.13677075399999997,0.002138157837678574
1244,plts_tim415,1,415,solar,0.0,0.0,0.0,0.0
1245,batt_tim415,1,415,battery,0.0024959999999999982,0.0,0.0024959999999999982,0.001317910464
1246,pltd_tim416,1,416,diesel,0.004752444000000022,0.1947,-0.189947556,0.000977645903928574
1247,plts_tim416,1,416,solar,0.0,0.0,0.0,0.0
1248,batt_tim416,1,416,battery,0.006195000000000006,0.0,0.006195000000000006,0.003361268867000004
1249,pltd_tim417,1,417,diesel,0.0039321920000000565,0.0345,-0.030567807999999946,0.0029975783102551903
1250,plts_tim417,1,417,solar,0.04715589395155385,0.0,0.04715589395155385,0.07567556641193059
1251,batt_tim417,1,417,battery,0.020188126011470273,0.0,0.020188126011470273,0.03194922614943209
1252,pltd_tim418,1,418,diesel,0.006459672999999999,0.0567,-0.050240327,0.004059846893335788
1253,plts_tim418,1,418,solar,0.010351922763047918,0.0,0.010351922763047918,0.01661271906648685
1254,batt_tim418,1,418,battery,0.021584968694613085,0.0,0.021584968694613085,0.02821843395233422
1255,pltd_tim419,1,419,diesel,0.0025627358044444564,0.0628,-0.060237264195555536,0.006093884768802397
1256,plts_tim419,1,419,solar,0.1673121004366932,0.0,0.1673121004366932,0.26644254752661006
1257,batt_tim419,1,419,battery,0.0679209939149999,0.0,0.0679209939149999,0.12606666005348877
1258,pltd_tim420,1,420,diesel,0.009372452000000031,0.0823,-0.07292754799999997,0.007624332141146781
1259,plts_tim420,1,420,solar,0.11699505334905892,0.0,0.11699505334905892,0.1861346840663255
1260,batt_tim420,1,420,battery,0.04885524822036638,0.0,0.04885524822036638,0.07793811113741154
1261,pltd_tim421,1,421,diesel,0.0018432483200000079,0.0373,-0.035456751679999995,0.004646076458999978
1262,plts_tim421,1,421,solar,0.10128795967210526,0.0,0.10128795967210526,0.1593630273141375
1263,batt_tim421,1,421,battery,0.04096981349601732,0.0,0.04096981349601732,0.07630957607150722
1264,pltd_tim422,1,422,diesel,0.01564558499999999,0.1192,-0.10355441500000001,0.010650591381245595
1265,plts_tim422,1,422,solar,0.15049478584043877,0.0,0.15049478584043877,0.24022797912433647
1266,batt_tim422,1,422,battery,0.06595300000000001,0.0,0.06595300000000001,0.10384082628456734
1267,pltd_tim423,1,423,diesel,0.02057067999999998,0.1953,-0.17472932000000002,0.010040173718245556
1268,plts_tim423,1,423,solar,0.0,0.0,0.0,0.0
1269,batt_tim423,1,423,battery,0.05710649471530857,0.0,0.05710649471530857,0.06545754413242533
1270,pltd_tim424,1,424,diesel,0.011795579000000167,0.1035,-0.09170442099999983,0.008332664593538174
1271,plts_tim424,1,424,solar,0.14037396457354775,0.0,0.14037396457354775,0.22350897116560367
1272,batt_tim424,1,424,battery,0.060532333129376906,0.0,0.060532333129376906,0.09601309110956734
1273,pltd_tim425,1,425,diesel,0.02053690999999999,0.1802,-0.15966309,0.010762819135714261
1274,plts_tim425,1,425,solar,0.12326171989301254,0.0,0.12326171989301254,0.20651102147553352
1275,batt_tim425,1,425,battery,0.085442,0.0,0.085442,0.11800729397752271
1276,pltd_tim426,1,426,diesel,0.0024684648533333407,0.0499,-0.04743153514666666,0.006221552019999932
1277,plts_tim426,1,426,solar,0.12797050329689352,0.0,0.12797050329689352,0.21336172728773925
1278,batt_tim426,1,426,battery,0.054854516788252344,0.0,0.054854516788252344,0.1021694202804107
1279,pltd_tim427,1,427,diesel,0.02196574500000001,0.2086,-0.186634255,0.011939205187520547
1280,plts_tim427,1,427,solar,0.033808056197330266,0.0,0.033808056197330266,0.05531131535705224
1281,batt_tim427,1,427,battery,0.07952827095996054,0.0,0.07952827095996054,0.1018641490637473
1282,pltd_tim428,1,428,diesel,0.022841925000000013,0.2169,-0.194058075,0.010909930431090523
1283,plts_tim428,1,428,solar,0.0,0.0,0.0,0.0
1284,batt_tim428,1,428,battery,0.06341164950562564,0.0,0.06341164950562564,0.0725817056415897
1285,pltd_tim429,1,429,diesel,0.014182587999999913,0.1245,-0.11031741200000009,0.00973811447014092
1286,plts_tim429,1,429,solar,0.1685213678557422,0.0,0.1685213678557422,0.2788077334890993
1287,batt_tim429,1,429,battery,0.07287744070651092,0.0,0.07287744070651092,0.11528107238283461
1288,pltd_tim430,1,430,diesel,0.017974310999999993,0.1577,-0.13972568900000001,0.009764387716119117
1289,plts_tim430,1,430,solar,0.02860354075259651,0.0,0.02860354075259651,0.046228570605924085
1290,batt_tim430,1,430,battery,0.06006180304682952,0.0,0.06006180304682952,0.07847896592199259
1291,pltd_tim431,1,431,diesel,0.017545121999999982,0.1337,-0.11615487800000003,0.01207862499928571
1292,plts_tim431,1,431,solar,0.16288842154106967,0.0,0.16288842154106967,0.26239549226471764
1293,batt_tim431,1,431,battery,0.073233,0.0,0.073233,0.11464123328979452
1294,pltd_tim432,1,432,diesel,0.015341476000000007,0.1346,-0.11925852399999999,0.009363343689611567
1295,plts_tim432,1,432,solar,0.17070635070320408,0.0,0.17070635070320408,0.282129799934199
1296,batt_tim432,1,432,battery,0.07680980928352843,0.0,0.07680980928352843,0.11971034118638393
1297,pltd_tim433,1,433,diesel,0.006683642227036407,0.1722,-0.16551635777296358,0.0012894266152118426
1298,plts_tim433,1,433,solar,0.0,0.0,0.0,0.0
1299,batt_tim433,1,433,battery,0.0042396013864818005,0.0,0.0042396013864818005,0.0022885947016133682
1300,pltd_tim434,1,434,diesel,0.007378039000000001,0.0838,-0.076421961,0.007900812002288066
1301,plts_tim434,1,434,solar,0.14345871619536596,0.0,0.14345871619536596,0.23591369848050972
1302,batt_tim434,1,434,battery,0.05675905523007504,0.0,0.05675905523007504,0.09641997248688897
1303,pltd_tim435,1,435,diesel,0.003012014399999985,0.0869,-0.08388798560000002,0.0073350662949301345
1304,plts_tim435,1,435,solar,0.19082657723062932,0.0,0.19082657723062932,0.3005819143241562
1305,batt_tim435,1,435,battery,0.06941830931917349,0.0,0.06941830931917349,0.1297247439465492
1306,pltd_tim436,1,436,diesel,0.013130054000000002,0.1152,-0.102069946,0.01002339971995664
1307,plts_tim436,1,436,solar,0.16165883586446084,0.0,0.16165883586446084,0.25721076646712154
1308,batt_tim436,1,436,battery,0.06808562773393848,0.0,0.06808562773393848,0.10800735065705057
1309,pltd_tim437,1,437,diesel,0.023240978000000023,0.2039,-0.18065902199999997,0.012689081081085444
1310,plts_tim437,1,437,solar,0.07046640024739187,0.0,0.07046640024739187,0.11625803915175666
1311,batt_tim437,1,437,battery,0.08455702209983311,0.0,0.08455702209983311,0.11035420739546753
1312,pltd_tim438,1,438,diesel,0.005015568000000026,0.2055,-0.20048443199999996,0.0009519892978571475
1313,plts_tim438,1,438,solar,0.0,0.0,0.0,0.0
1314,batt_tim438,1,438,battery,0.006537999999999988,0.0,0.006537999999999988,0.003502788627571429
1315,pltd_tim439,1,439,diesel,0.0033324500000000007,0.0961,-0.09276755,0.008047481965239611
1316,plts_tim439,1,439,solar,0.2065188034188034,0.0,0.2065188034188034,0.3385588720914512
1317,batt_tim439,1,439,battery,0.0771601517094017,0.0,0.0771601517094017,0.14514500959246363
1318,pltd_tim440,1,440,diesel,0.008846494268887964,0.0863,-0.07745350573111204,0.008570497402624264
1319,plts_tim440,1,440,solar,0.13584083810608696,0.0,0.13584083810608696,0.21409466971386035
1320,batt_tim440,1,440,battery,0.054443039355419845,0.0,0.054443039355419845,0.08826711221100965
1321,pltd_tim441,1,441,diesel,0.007748405,0.1109,-0.103151595,0.00246023505
1322,plts_tim441,1,441,solar,0.0,0.0,0.0,0.0
1323,batt_tim441,1,441,battery,0.0024450000000000027,0.0,0.0024450000000000027,0.0011079405014285725
1324,pltd_tim442,1,442,diesel,0.00736573799999999,0.0699,-0.06253426200000001,0.004197504481401234
1325,plts_tim442,1,442,solar,0.0,0.0,0.0,0.0
1326,batt_tim442,1,442,battery,0.020446445277872483,0.0,0.020446445277872483,0.023432185454526105
1327,pltd_tim443,1,443,diesel,0.0,0.2252,-0.2252,0.0
1328,plts_tim443,1,443,solar,0.0,0.0,0.0,0.0
1329,batt_tim443,1,443,battery,0.006996552499999989,0.0,0.006996552499999989,0.004223346385344634
1330,pltd_tim444,1,444,diesel,0.002383339999999984,0.0977,-0.09531666000000001,0.000498965949999997
1331,plts_tim444,1,444,solar,0.0,0.0,0.0,0.0
1332,batt_tim444,1,444,battery,0.003107499999999999,0.0,0.003107499999999999,0.001694488024142855
1333,pltd_tim445,1,445,diesel,0.0,0.2991,-0.2991,0.0
1334,plts_tim445,1,445,solar,0.0,0.0,0.0,0.0
1335,batt_tim445,1,445,battery,0.009293688500000008,0.0,0.009293688500000008,0.005720741499497783
1336,pltd_tim446,1,446,diesel,0.003293593999999983,0.1349,-0.131606406,0.0007672102978214246
1337,plts_tim446,1,446,solar,0.0,0.0,0.0,0.0
1338,batt_tim446,1,446,battery,0.004153284800000008,0.0,0.004153284800000008,0.0022795102255876386
1339,pltd_tim447,1,447,diesel,0.0,0.1359,-0.1359,0.0
1340,plts_tim447,1,447,solar,0.0,0.0,0.0,0.0
1341,batt_tim447,1,447,battery,0.004220972500000003,0.0,0.004220972500000003,0.002617678279975003
1342,pltd_tim448,1,448,diesel,0.004671932999999975,0.1097,-0.10502806700000003,0.0011087431559821338
1343,plts_tim448,1,448,solar,0.0,0.0,0.0,0.0
1344,batt_tim448,1,448,battery,0.0024925000000000225,0.0,0.0024925000000000225,0.0013306669605096817
1345,pltd_tim449,1,449,diesel,0.0034297120000000014,0.1405,-0.137070288,0.0007850880160714291
1346,plts_tim449,1,449,solar,0.0,0.0,0.0,0.0
1347,batt_tim449,1,449,battery,0.004469499999999994,0.0,0.004469499999999994,0.0024618118134999965
1348,pltd_tim450,1,450,diesel,0.0,0.2659,-0.2659,0.0
1349,plts_tim450,1,450,solar,0.0,0.0,0.0,0.0
1350,batt_tim450,1,450,battery,0.0036255000000000037,0.0,0.0036255000000000037,0.0024064283872857334
1351,pltd_tim451,1,451,diesel,0.0,0.7631,-0.7631,0.0
1352,plts_tim451,1,451,solar,0.0,0.0,0.0,0.0
1353,batt_tim451,1,451,battery,0.333002,0.0,0.333002,0.29800541244677486
1354,pltd_tim452,1,452,diesel,0.0,0.2409,-0.2409,0.0
1355,plts_tim452,1,452,solar,0.0,0.0,0.0,0.0
1356,batt_tim452,1,452,battery,0.0065699999999999925,0.0,0.0065699999999999925,0.004020261923428572
1357,pltd_tim453,1,453,diesel,0.0,0.2409,-0.2409,0.0
1358,plts_tim453,1,453,solar,0.0,0.0,0.0,0.0
1359,batt_tim453,1,453,battery,0.008860470152513011,0.0,0.008860470152513011,0.005069305844458389
1360,pltd_tim454,1,454,diesel,0.0,0.2828,-0.2828,0.0
1361,plts_tim454,1,454,solar,0.0,0.0,0.0,0.0
1362,batt_tim454,1,454,battery,0.008786565999999996,0.0,0.008786565999999996,0.005346445056427143
1363,pltd_tim455,1,455,diesel,0.0,0.1805,-0.1805,0.0
1364,plts_tim455,1,455,solar,0.0,0.0,0.0,0.0
1365,batt_tim455,1,455,battery,0.005867499999999998,0.0,0.005867499999999998,0.0035580479927687036
1366,pltd_tim456,1,456,diesel,0.02533999600000006,0.2406,-0.21526000399999995,0.011865366726444882
1367,plts_tim456,1,456,solar,0.0,0.0,0.0,0.0
1368,batt_tim456,1,456,battery,0.07034728537333784,0.0,0.07034728537333784,0.0805461266525316
1369,pltd_tim457,1,457,diesel,0.022257680000000002,0.1953,-0.17304232,0.012544036082142922
1370,plts_tim457,1,457,solar,0.07197199954945777,0.0,0.07197199954945777,0.1205861703791346
1371,batt_tim457,1,457,battery,0.08182890141176344,0.0,0.08182890141176344,0.10699683050937682
1372,pltd_tim458,1,458,diesel,0.027341734000000006,0.3105,-0.283158266,0.008504521352499994
1373,plts_tim458,1,458,solar,0.0,0.0,0.0,0.0
1374,batt_tim458,1,458,battery,0.006704500000000002,0.0,0.006704500000000002,0.0032471743721428554
1375,pltd_tim459,1,459,diesel,0.011023985999999979,0.0967,-0.08567601400000002,0.007938281046766213
1376,plts_tim459,1,459,solar,0.13234599278229717,0.0,0.13234599278229717,0.21669234386433317
1377,batt_tim459,1,459,battery,0.05664092148816979,0.0,0.05664092148816979,0.08950459183721883
1378,pltd_tim460,1,460,diesel,0.019518493999999997,0.1713,-0.151781506,0.011050810992500005
1379,plts_tim460,1,460,solar,0.2076911929353097,0.0,0.2076911929353097,0.34983546076262023
1380,batt_tim460,1,460,battery,0.096778,0.0,0.096778,0.14976444883089068
1381,pltd_tim461,1,461,diesel,0.028000654000000062,0.2659,-0.23789934599999996,0.012112062245178608
1382,plts_tim461,1,461,solar,0.0,0.0,0.0,0.0
1383,batt_tim461,1,461,battery,0.04604349999999999,0.0,0.04604349999999999,0.04107676612407138
1384,pltd_tim462,1,462,diesel,0.028098008000000008,0.2668,-0.23870199199999997,0.012896291689999997
1385,plts_tim462,1,462,solar,0.0,0.0,0.0,0.0
1386,batt_tim462,1,462,battery,0.077369,0.0,0.077369,0.08814834080357149
1387,pltd_tim463,1,463,diesel,0.02383698099999998,0.2092,-0.18536301900000002,0.012789692607275418
1388,plts_tim463,1,463,solar,0.05818457326008882,0.0,0.05818457326008882,0.09861572406562662
1389,batt_tim463,1,463,battery,0.0842366832395186,0.0,0.0842366832395186,0.1092985829000913
1390,pltd_tim464,1,464,diesel,0.01820402000000007,0.293,-0.27479597999999994,0.004128666735714303
1391,plts_tim464,1,464,solar,0.0,0.0,0.0,0.0
1392,batt_tim464,1,464,battery,0.007590999999999987,0.0,0.007590999999999987,0.0033830400219999972
1393,pltd_tim465,1,465,diesel,0.01741242599999998,0.1528,-0.135387574,0.00938549643344383
1394,plts_tim465,1,465,solar,0.03423331395865041,0.0,0.03423331395865041,0.0554622648939158
1395,batt_tim465,1,465,battery,0.059881876479458404,0.0,0.059881876479458404,0.07813746691705875
1396,pltd_tim466,1,466,diesel,0.018627587590987815,0.48,-0.46137241240901217,0.0029616943727854817
1397,plts_tim466,1,466,solar,0.0,0.0,0.0,0.0
1398,batt_tim466,1,466,battery,0.01181596620450609,0.0,0.01181596620450609,0.006250605832466176
1399,pltd_tim467,1,467,diesel,0.0025595090133333333,0.0518,-0.04924049098666666,0.006451031096999965
1400,plts_tim467,1,467,solar,0.14053433528298878,0.0,0.14053433528298878,0.22126443897184137
1401,batt_tim467,1,467,battery,0.05688158593275558,0.0,0.05688158593275558,0.10594810315928914
1402,pltd_tim468,1,468,diesel,0.02556781899999999,0.2428,-0.217232181,0.009704994555178573
1403,plts_tim468,1,468,solar,0.0,0.0,0.0,0.0
1404,batt_tim468,1,468,battery,0.02891000000000002,0.0,0.02891000000000002,0.020967646607142912
1405,pltd_tim469,1,469,diesel,0.015025413999999987,0.1319,-0.116874586,0.009455007254087884
1406,plts_tim469,1,469,solar,0.17124488174183303,0.0,0.17124488174183303,0.2814759827210202
1407,batt_tim469,1,469,battery,0.07599730966169019,0.0,0.07599730966169019,0.11936652017827548
1408,pltd_tim470,1,470,diesel,0.008792920999999954,0.0835,-0.07470707900000005,0.007061873798454661
1409,plts_tim470,1,470,solar,0.11974797890004064,0.0,0.11974797890004064,0.1953617025706723
1410,batt_tim470,1,470,battery,0.050367608362402505,0.0,0.050367608362402505,0.07953676776750193
1411,pltd_tim471,1,471,diesel,0.018331552999999973,0.1741,-0.15576844700000003,0.009069287903229402
1412,plts_tim471,1,471,solar,0.0,0.0,0.0,0.0
1413,batt_tim471,1,471,battery,0.050891455506307554,0.0,0.050891455506307554,0.05832213837857986
1414,pltd_tim472,1,472,diesel,0.007196147999999944,0.0632,-0.05600385200000006,0.005242664737985146
1415,plts_tim472,1,472,solar,0.08609588249557427,0.0,0.08609588249557427,0.14147847949291317
1416,batt_tim472,1,472,battery,0.03697952142820238,0.0,0.03697952142820238,0.05846502423957402
1417,pltd_tim473,1,473,diesel,0.002072148586666683,0.0419,-0.039827851413333316,0.005222485408000034
1418,plts_tim473,1,473,solar,0.1118417534830329,0.0,0.1118417534830329,0.17911873410636475
1419,batt_tim473,1,473,battery,0.04604852281907722,0.0,0.04604852281907722,0.08577185068332102
1420,pltd_tim474,1,474,diesel,0.005317085999999999,0.0604,-0.055082914000000004,0.0047836935390813224
1421,plts_tim474,1,474,solar,0.09090746171391333,0.0,0.09090746171391333,0.14919937158276314
1422,batt_tim474,1,474,battery,0.038425,0.0,0.038425,0.06109493039778474
1423,pltd_tim475,1,475,diesel,0.012743759,0.1118,-0.09905624099999999,0.007499600021874993
1424,plts_tim475,1,475,solar,0.07693961276578797,0.0,0.07693961276578797,0.1261851581447874
1425,batt_tim475,1,475,battery,0.053017,0.0,0.053017,0.07340933714323498
1426,pltd_tim476,1,476,diesel,0.002543889258231298,0.0567,-0.0541561107417687,0.0062367112068673096
1427,plts_tim476,1,476,solar,0.15121652559789692,0.0,0.15121652559789692,0.24151489709573057
1428,batt_tim476,1,476,battery,0.061866829445234486,0.0,0.061866829445234486,0.11485441883256281
1429,pltd_tim477,1,477,diesel,0.003000997999999977,0.1229,-0.11989900200000002,0.000589161816964283
1430,plts_tim477,1,477,solar,0.0,0.0,0.0,0.0
1431,batt_tim477,1,477,battery,0.003910999999999984,0.0,0.003910999999999984,0.0021611644681428484
1432,pltd_tim478,1,478,diesel,0.011313614999999999,0.1821,-0.170786385,0.0030003280267857212
1433,plts_tim478,1,478,solar,0.0,0.0,0.0,0.0
1434,batt_tim478,1,478,battery,0.004716999999999999,0.0,0.004716999999999999,0.0021597459842857105
1435,pltd_tim479,1,479,diesel,0.009510965999999982,0.1778,-0.16828903400000003,0.001972244519642851
1436,plts_tim479,1,479,solar,0.0,0.0,0.0,0.0
1437,batt_tim479,1,479,battery,0.003070000000000017,0.0,0.003070000000000017,0.0015887139128571526
1438,pltd_tim480,1,480,diesel,0.008565098,0.0813,-0.07273490199999999,0.004097926305357147
1439,plts_tim480,1,480,solar,0.0,0.0,0.0,0.0
1440,batt_tim480,1,480,battery,0.009685999999999993,0.0,0.009685999999999993,0.007078433466000005
1441,pltd_tim481,1,481,diesel,0.0066716888717504585,0.1719,-0.16522831112824954,0.0012881341780567636
1442,plts_tim481,1,481,solar,0.0,0.0,0.0,0.0
1443,batt_tim481,1,481,battery,0.004232019064124765,0.0,0.004232019064124765,0.0022011232176794016
1444,pltd_tim482,1,482,diesel,0.017358018999999975,0.1648,-0.14744198100000003,0.005849433073035707
1445,plts_tim482,1,482,solar,0.0,0.0,0.0,0.0
1446,batt_tim482,1,482,battery,0.013635000000000008,0.0,0.013635000000000008,0.009987525117714289
1447,pltd_tim483,1,483,diesel,0.0,0.3549,-0.3549,0.0
1448,plts_tim483,1,483,solar,0.0,0.0,0.0,0.0
1449,batt_tim483,1,483,battery,0.01305356255112644,0.0,0.01305356255112644,0.00763841221626494
1450,pltd_tim484,1,484,diesel,0.012459231000000036,0.1183,-0.10584076899999997,0.006847218989181742
1451,plts_tim484,1,484,solar,0.009532814238042274,0.0,0.009532814238042274,0.015522295723025454
1452,batt_tim484,1,484,battery,0.040484139043381495,0.0,0.040484139043381495,0.049712181751038934
1453,pltd_tim485,1,485,diesel,0.014665243000000008,0.1392,-0.12453475699999998,0.006860539326384645
1454,plts_tim485,1,485,solar,0.0,0.0,0.0,0.0
1455,batt_tim485,1,485,battery,0.018609,0.0,0.018609,0.01349050069665106
1456,pltd_tim486,1,486,diesel,0.012005582,0.114,-0.101994418,0.006352893176785719
1457,plts_tim486,1,486,solar,0.0,0.0,0.0,0.0
1458,batt_tim486,1,486,battery,0.01523200000000001,0.0,0.01523200000000001,0.011107160949142863
1459,pltd_tim487,1,487,diesel,0.01855937599999999,0.1762,-0.157640624,0.008434020898571424
1460,plts_tim487,1,487,solar,0.0,0.0,0.0,0.0
1461,batt_tim487,1,487,battery,0.027394,0.0,0.027394,0.022637592291999988
1462,pltd_tim488,1,488,diesel,0.006364127999999997,0.1494,-0.143035872,0.001325031092571429
1463,plts_tim488,1,488,solar,0.0,0.0,0.0,0.0
1464,batt_tim488,1,488,battery,0.00339600000000001,0.0,0.00339600000000001,0.0018273416009032728
1465,pltd_tim489,1,489,diesel,0.011841994999999973,0.1124,-0.10055800500000003,0.006501502832665719
1466,plts_tim489,1,489,solar,0.019737711137971164,0.0,0.019737711137971164,0.03242279267640027
1467,batt_tim489,1,489,battery,0.0436259969449595,0.0,0.0436259969449595,0.05632584906153126
1468,pltd_tim490,1,490,diesel,0.00532283932062394,0.0804,-0.07507716067937606,0.001706943403321372
1469,plts_tim490,1,490,solar,0.0,0.0,0.0,0.0
1470,batt_tim490,1,490,battery,0.0019199523396880303,0.0,0.0019199523396880303,0.0008531369849940529
1471,pltd_tim491,1,491,diesel,0.008119075000000003,0.1571,-0.148980925,0.0020072243611249977
1472,plts_tim491,1,491,solar,0.0,0.0,0.0,0.0
1473,batt_tim491,1,491,battery,0.0028569999999999984,0.0,0.0028569999999999984,0.0015132485359999998
1474,pltd_tim492,1,492,diesel,0.006916203999999999,0.0607,-0.053783795999999995,0.004198808157461199
1475,plts_tim492,1,492,solar,0.010977886499476808,0.0,0.010977886499476808,0.017786355239622652
1476,batt_tim492,1,492,battery,0.023109896015859156,0.0,0.023109896015859156,0.030196201622923236
1477,pltd_tim493,1,493,diesel,0.0,0.4772,-0.4772,0.0
1478,plts_tim493,1,493,solar,0.0,0.0,0.0,0.0
1479,batt_tim493,1,493,battery,0.006637086903304808,0.0,0.006637086903304808,0.004319867478580189
1480,pltd_tim494,1,494,diesel,0.006552158318890805,0.1688,-0.1622478416811092,0.0013138672221001482
1481,plts_tim494,1,494,solar,0.0,0.0,0.0,0.0
1482,batt_tim494,1,494,battery,0.0041561958405545996,0.0,0.0041561958405545996,0.002233119810950669
1483,pltd_tim495,1,495,diesel,0.0,0.3035,-0.3035,0.0
1484,plts_tim495,1,495,solar,0.0,0.0,0.0,0.0
1485,batt_tim495,1,495,battery,0.004570821348054843,0.0,0.004570821348054843,0.0029114141134447924
1486,pltd_tim496,1,496,diesel,0.015573541000000024,0.1479,-0.13232645899999998,0.005982869186428582
1487,plts_tim496,1,496,solar,0.0,0.0,0.0,0.0
1488,batt_tim496,1,496,battery,0.017610999999999974,0.0,0.017610999999999974,0.012764473660714279
1489,pltd_tim497,1,497,diesel,0.0008456125716705229,0.0847,-0.08385438742832947,0.00018438506117449005
1490,plts_tim497,1,497,solar,0.0,0.0,0.0,0.0
1491,batt_tim497,1,497,battery,0.0029547804283294623,0.0,0.0029547804283294623,0.0016216956732157733
1492,pltd_tim498,1,498,diesel,0.006658587999999993,0.1245,-0.117841412,0.0017692063346428492
1493,plts_tim498,1,498,solar,0.0,0.0,0.0,0.0
1494,batt_tim498,1,498,battery,0.002150000000000013,0.0,0.002150000000000013,0.0011158660071428647
1495,pltd_tim499,1,499,diesel,0.006683266,0.0635,-0.056816734,0.003987208978214284
1496,plts_tim499,1,499,solar,0.0,0.0,0.0,0.0
1497,batt_tim499,1,499,battery,0.019247,0.0,0.019247,0.022712215968428606
1498,pltd_tim500,1,500,diesel,0.00036586768800308915,0.1445,-0.1441341323119969,6.677085306056361e-5
1499,plts_tim500,1,500,solar,0.0,0.0,0.0,0.0
1500,batt_tim500,1,500,battery,0.006115378311996935,0.0,0.006115378311996935,0.0033596738750817294
1501,pltd_tim501,1,501,diesel,0.007662932999999997,0.1097,-0.10203706700000001,0.002837227828928564
1502,plts_tim501,1,501,solar,0.0,0.0,0.0,0.0
1503,batt_tim501,1,501,battery,0.003364999999999993,0.0,0.003364999999999993,0.0014289680545714273
1504,pltd_tim502,1,502,diesel,0.0041730539999999955,0.1152,-0.111026946,0.0010761681378571425
1505,plts_tim502,1,502,solar,0.0,0.0,0.0,0.0
1506,batt_tim502,1,502,battery,0.0029860000000000025,0.0,0.0029860000000000025,0.0015603402340758936
1507,pltd_tim503,1,503,diesel,0.009611130999999976,0.1547,-0.14508886900000004,0.00248275840482142
1508,plts_tim503,1,503,solar,0.0,0.0,0.0,0.0
1509,batt_tim503,1,503,battery,0.0040060000000000096,0.0,0.0040060000000000096,0.0018277369681428584
1510,pltd_tim504,1,504,diesel,0.014210593999999993,0.1349,-0.120689406,0.00545948142535714
1511,plts_tim504,1,504,solar,0.0,0.0,0.0,0.0
1512,batt_tim504,1,504,battery,0.014106999999999995,0.0,0.014106999999999995,0.010364739832285702
1513,pltd_tim505,1,505,diesel,0.008766947999999983,0.1411,-0.132333052,0.0024391506685714215
1514,plts_tim505,1,505,solar,0.0,0.0,0.0,0.0
1515,batt_tim505,1,505,battery,0.0036560000000000065,0.0,0.0036560000000000065,0.0016678053665714334
1516,pltd_tim506,1,506,diesel,0.006219833000000008,0.146,-0.13978016699999998,0.0012949225423928572
1517,plts_tim506,1,506,solar,0.0,0.0,0.0,0.0
1518,batt_tim506,1,506,battery,0.003318500000000002,0.0,0.003318500000000002,0.0017912152549337805
1519,pltd_tim507,1,507,diesel,0.011141555999999941,0.1793,-0.16815844400000005,0.002979202478571412
1520,plts_tim507,1,507,solar,0.0,0.0,0.0,0.0
1521,batt_tim507,1,507,battery,0.00464500000000001,0.0,0.00464500000000001,0.002074772315714294
1522,pltd_tim508,1,508,diesel,0.006226138999999999,0.0474,-0.041173861,0.004656638582770073
1523,plts_tim508,1,508,solar,0.055696201189940495,0.0,0.055696201189940495,0.0893810130367107
1524,batt_tim508,1,508,battery,0.025598000000000003,0.0,0.025598000000000003,0.03951602715249997
1525,pltd_tim509,1,509,diesel,0.006392204000000002,0.0607,-0.05430779599999999,0.00389279043019464
1526,plts_tim509,1,509,solar,0.00977756158375528,0.0,0.00977756158375528,0.01569098683058337
1527,batt_tim509,1,509,battery,0.02313749246256992,0.0,0.02313749246256992,0.0297028171815445
1528,pltd_tim510,1,510,diesel,0.006629319000000002,0.0505,-0.043870681,0.004488616445803571
1529,plts_tim510,1,510,solar,0.03356082995850208,0.0,0.03356082995850208,0.053858268893669195
1530,batt_tim510,1,510,battery,0.023080999999999997,0.0,0.023080999999999997,0.032267353121806355
1531,pltd_tim511,1,511,diesel,0.013302295999999991,0.1263,-0.112997704,0.004932061978571428
1532,plts_tim511,1,511,solar,0.0,0.0,0.0,0.0
1533,batt_tim511,1,511,battery,0.010449,0.0,0.010449,0.007617090652714281
1534,pltd_tim512,1,512,diesel,0.009136620000000005,0.0696,-0.06046337999999999,0.006850597696316319
1535,plts_tim512,1,512,solar,0.0921789314165179,0.0,0.0921789314165179,0.14526699031364382
1536,batt_tim512,1,512,battery,0.03908565242017664,0.0,0.03908565242017664,0.06207935740642405
1537,pltd_tim513,1,513,diesel,0.010882516999999994,0.0955,-0.08461748300000001,0.006482666704461779
1538,plts_tim513,1,513,solar,0.02655212090661386,0.0,0.02655212090661386,0.04159699072229628
1539,batt_tim513,1,513,battery,0.03828425842612338,0.0,0.03828425842612338,0.04985850329018145
1540,pltd_tim514,1,514,diesel,0.007152121999999997,0.1337,-0.126547878,0.0019002375412500018
1541,plts_tim514,1,514,solar,0.0,0.0,0.0,0.0
1542,batt_tim514,1,514,battery,0.0023099999999999926,0.0,0.0023099999999999926,0.0012174480099999953
1543,pltd_tim515,1,515,diesel,0.007504570837088373,0.1134,-0.10589542916291163,0.0023577727416633086
1544,plts_tim515,1,515,solar,0.0,0.0,0.0,0.0
1545,batt_tim515,1,515,battery,0.0027068890814558183,0.0,0.0027068890814558183,0.0012311707225503878
1546,pltd_tim516,1,516,diesel,0.011853476000000016,0.1346,-0.12274652399999998,0.00431764881242856
1547,plts_tim516,1,516,solar,0.0,0.0,0.0,0.0
1548,batt_tim516,1,516,battery,0.0029064999999999785,0.0,0.0029064999999999785,0.001407818192142856
1549,pltd_tim517,1,517,diesel,0.007382401999999996,0.1057,-0.098317598,0.0027278291685714283
1550,plts_tim517,1,517,solar,0.0,0.0,0.0,0.0
1551,batt_tim517,1,517,battery,0.0032424999999999954,0.0,0.0032424999999999954,0.0013754834000714253
1552,pltd_tim518,1,518,diesel,0.007105796999999997,0.0675,-0.06039420300000001,0.0038728490873953135
1553,plts_tim518,1,518,solar,0.0,0.0,0.0,0.0
1554,batt_tim518,1,518,battery,0.01972560279577225,0.0,0.01972560279577225,0.022595673324241446
1555,pltd_tim519,1,519,diesel,0.006318203999999994,0.0555,-0.04918179600000001,0.003976282937595313
1556,plts_tim519,1,519,solar,0.010863726299442406,0.0,0.010863726299442406,0.017434059078576893
1557,batt_tim519,1,519,battery,0.02146157689240691,0.0,0.02146157689240691,0.028175763210281965
1558,pltd_tim520,1,520,diesel,0.016807016000000008,0.1596,-0.14279298399999998,0.005926161430714298
1559,plts_tim520,1,520,solar,0.0,0.0,0.0,0.0
1560,batt_tim520,1,520,battery,0.013201999999999992,0.0,0.013201999999999992,0.009631200792285698
1561,pltd_tim521,1,521,diesel,0.016818000999999985,0.1282,-0.11138199900000002,0.011361786659334416
1562,plts_tim521,1,521,solar,0.1595155064825951,0.0,0.1595155064825951,0.2573172550284379
1563,batt_tim521,1,521,battery,0.07079978698229461,0.0,0.07079978698229461,0.11139561760275518
1564,pltd_tim522,1,522,diesel,0.012357464000000016,0.1084,-0.09604253599999998,0.00847267602379311
1565,plts_tim522,1,522,solar,0.1474220301440914,0.0,0.1474220301440914,0.23414466101868378
1566,batt_tim522,1,522,battery,0.0634136741193925,0.0,0.0634136741193925,0.100515163433727
1567,pltd_tim523,1,523,diesel,0.005942316000000003,0.0453,-0.039357684,0.004430896680646448
1568,plts_tim523,1,523,solar,0.055381663916804144,0.0,0.055381663916804144,0.08887624503619931
1569,batt_tim523,1,523,battery,0.024805,0.0,0.024805,0.03864813053425504
1570,pltd_tim524,1,524,diesel,0.012111637999999932,0.1063,-0.09418836200000008,0.007945799241789236
1571,plts_tim524,1,524,solar,0.14250345516759913,0.0,0.14250345516759913,0.2289645765214358
1572,batt_tim524,1,524,battery,0.06156871140565334,0.0,0.06156871140565334,0.09699760741796212
1573,pltd_tim525,1,525,diesel,0.01116345799999996,0.098,-0.08683654200000004,0.008676000877164481
1574,plts_tim525,1,525,solar,0.13767638691679598,0.0,0.13767638691679598,0.21869116190146862
1575,batt_tim525,1,525,battery,0.05789076856712958,0.0,0.05789076856712958,0.0916658404472834
1576,pltd_tim526,1,526,diesel,0.010672098000000005,0.0813,-0.07062790199999999,0.006930865545831975
1577,plts_tim526,1,526,solar,0.04499867169559597,0.0,0.04499867169559597,0.07264727304352832
1578,batt_tim526,1,526,battery,0.035675,0.0,0.035675,0.048964852382268914
1579,pltd_tim527,1,527,diesel,0.009057389999999943,0.0795,-0.07044261000000006,0.006548653521816763
1580,plts_tim527,1,527,solar,0.10736700420130935,0.0,0.10736700420130935,0.17803542953159018
1581,batt_tim527,1,527,battery,0.04653935616290472,0.0,0.04653935616290472,0.07357282583048176
1582,pltd_tim528,1,528,diesel,0.008111448999999937,0.077,-0.06888855100000006,0.0058870284797217405
1583,plts_tim528,1,528,solar,0.10589612983397599,0.0,0.10589612983397599,0.17667869145695425
1584,batt_tim528,1,528,battery,0.045800092508200496,0.0,0.045800092508200496,0.07180558886480713
1585,pltd_tim529,1,529,diesel,0.0,0.2375,-0.2375,0.0
1586,plts_tim529,1,529,solar,0.0,0.0,0.0,0.0
1587,batt_tim529,1,529,battery,0.00901908520160001,0.0,0.00901908520160001,0.005093967051363291
1588,pltd_tim530,1,530,diesel,0.015541422999999999,0.1476,-0.132058577,0.006329692362410713
1589,plts_tim530,1,530,solar,0.0,0.0,0.0,0.0
1590,batt_tim530,1,530,battery,0.017574000000000006,0.0,0.017574000000000006,0.012762576964285734
1591,pltd_tim531,1,531,diesel,0.01923985100000001,0.1827,-0.163460149,0.006475788389999995
1592,plts_tim531,1,531,solar,0.0,0.0,0.0,0.0
1593,batt_tim531,1,531,battery,0.015114000000000008,0.0,0.015114000000000008,0.011015754572714281
1594,pltd_tim532,1,532,diesel,0.009459928000000006,0.2221,-0.21264007199999999,0.0016636872957857182
1595,plts_tim532,1,532,solar,0.0,0.0,0.0,0.0
1596,batt_tim532,1,532,battery,0.005048500000000011,0.0,0.005048500000000011,0.0026370832702343806
1597,pltd_tim533,1,533,diesel,0.006354318999999997,0.0558,-0.049445681000000005,0.003802409799553802
1598,plts_tim533,1,533,solar,0.010905040554678882,0.0,0.010905040554678882,0.017500360009466243
1599,batt_tim533,1,533,battery,0.021577578982102767,0.0,0.021577578982102767,0.028385727133253807
1600,pltd_tim534,1,534,diesel,0.008468744,0.0804,-0.071931256,0.0036751466228571433
1601,plts_tim534,1,534,solar,0.0,0.0,0.0,0.0
1602,batt_tim534,1,534,battery,0.009575,0.0,0.009575,0.006939973124999987
1603,pltd_tim535,1,535,diesel,0.014715876999999988,0.1121,-0.09738412300000002,0.0106554726542672
1604,plts_tim535,1,535,solar,0.13989050002681871,0.0,0.13989050002681871,0.2174187244299314
1605,batt_tim535,1,535,battery,0.062032000000000004,0.0,0.062032000000000004,0.09778385514961085
1606,pltd_tim536,1,536,diesel,0.011077274999999998,0.0844,-0.073322725,0.008312140584617496
1607,plts_tim536,1,536,solar,0.11013903112988772,0.0,0.11013903112988772,0.16995669539635755
1608,batt_tim536,1,536,battery,0.047328778186357064,0.0,0.047328778186357064,0.07529812716059546
1609,pltd_tim537,1,537,diesel,0.008788166,0.0998,-0.091011834,0.003388062442857145
1610,plts_tim537,1,537,solar,0.0,0.0,0.0,0.0
1611,batt_tim537,1,537,battery,0.004990500000000009,0.0,0.004990500000000009,0.003102139656357147
1612,pltd_tim538,1,538,diesel,0.007407852999999999,0.065,-0.057592147,0.006076528106062172
1613,plts_tim538,1,538,solar,0.09715213832730972,0.0,0.09715213832730972,0.15037392559363774
1614,batt_tim538,1,538,battery,0.038993667485509385,0.0,0.038993667485509385,0.06300603141222713
1615,pltd_tim539,1,539,diesel,0.003812533333333333,0.0875,-0.08368746666666665,0.010813223264455824
1616,plts_tim539,1,539,solar,0.2329821015320912,0.0,0.2329821015320912,0.3653792093681439
1617,batt_tim539,1,539,battery,0.09188410420617821,0.0,0.09188410420617821,0.17064265751434396
1618,pltd_tim540,1,540,diesel,0.0140782340000003,0.1235,-0.1094217659999997,0.009771330982186164
1619,plts_tim540,1,540,solar,0.17127830845835032,0.0,0.17127830845835032,0.26673950292522397
1620,batt_tim540,1,540,battery,0.0722411043997473,0.0,0.0722411043997473,0.1147546763148667
1621,pltd_tim541,1,541,diesel,0.006327789,0.1747,-0.168372211,0.0014033552784821443
1622,plts_tim541,1,541,solar,0.0,0.0,0.0,0.0
1623,batt_tim541,1,541,battery,0.004526000000000002,0.0,0.004526000000000002,0.0023961099735089297
1624,pltd_tim542,1,542,diesel,0.019448257999999698,0.1707,-0.1512517420000003,0.0123875429748446
1625,plts_tim542,1,542,solar,0.22341650799788193,0.0,0.22341650799788193,0.3618323064876489
1626,batt_tim542,1,542,battery,0.0988105018147353,0.0,0.0988105018147353,0.15592640543218012
1627,pltd_tim543,1,543,diesel,0.014665242999999828,0.1392,-0.12453475700000016,0.009621848471962112
1628,plts_tim543,1,543,solar,0.19220369958290015,0.0,0.19220369958290015,0.31946186517858866
1629,batt_tim543,1,543,battery,0.08280790983036557,0.0,0.08280790983036557,0.12978883784368786
1630,pltd_tim544,1,544,diesel,0.017132482000000004,0.1503,-0.13316751799999998,0.01049417300040057
1631,plts_tim544,1,544,solar,0.2001606296418918,0.0,0.2001606296418918,0.32385429426295137
1632,batt_tim544,1,544,battery,0.08708628185244671,0.0,0.08708628185244671,0.13738455207003278
1633,pltd_tim545,1,545,diesel,0.017343531999999925,0.1322,-0.11485646800000009,0.013040022188693684
1634,plts_tim545,1,545,solar,0.17973572787293282,0.0,0.17973572787293282,0.28090780081037736
1635,batt_tim545,1,545,battery,0.07496193640633227,0.0,0.07496193640633227,0.1197643663087799
1636,pltd_tim546,1,546,diesel,0.0034925678000000265,0.1007,-0.09720743219999997,0.008431916483249995
1637,plts_tim546,1,546,solar,0.2164828252443719,0.0,0.2164828252443719,0.35349491358294544
1638,batt_tim546,1,546,battery,0.08061965604908547,0.0,0.08061965604908547,0.15088979387623153
1639,pltd_tim547,1,547,diesel,0.019518493999999526,0.1713,-0.15178150600000048,0.012339795489536336
1640,plts_tim547,1,547,solar,0.22278279772269205,0.0,0.22278279772269205,0.35979767145551284
1641,batt_tim547,1,547,battery,0.09866835090594261,0.0,0.09866835090594261,0.15500328868934504
1642,pltd_tim548,1,548,diesel,0.01096581499999999,0.1041,-0.09313418500000001,0.006303427317948715
1643,plts_tim548,1,548,solar,0.016940018530226062,0.0,0.016940018530226062,0.02761375480593631
1644,batt_tim548,1,548,battery,0.039705864068537024,0.0,0.039705864068537024,0.05093801964289283
1645,pltd_tim549,1,549,diesel,0.01064105063778159,0.2742,-0.2635589493622184,0.0020965521581932287
1646,plts_tim549,1,549,solar,0.0,0.0,0.0,0.0
1647,batt_tim549,1,549,battery,0.006749891681109205,0.0,0.006749891681109205,0.003484671368975529
1648,pltd_tim550,1,550,diesel,0.01395165000000001,0.1325,-0.11854835,0.007628601972001981
1649,plts_tim550,1,550,solar,0.021536279433798152,0.0,0.021536279433798152,0.03513122811661872
1650,batt_tim550,1,550,battery,0.05051299573168043,0.0,0.05051299573168043,0.06473304582577286
1651,pltd_tim551,1,551,diesel,0.009584157,0.0841,-0.074515843,0.0062366041075023184
1652,plts_tim551,1,551,solar,0.10884992025870169,0.0,0.10884992025870169,0.17667234627333428
1653,batt_tim551,1,551,battery,0.048447795915425015,0.0,0.048447795915425015,0.07608892565456848
1654,pltd_tim552,1,552,diesel,0.007400889000000008,0.1383,-0.130899111,0.0019574624302678505
1655,plts_tim552,1,552,solar,0.0,0.0,0.0,0.0
1656,batt_tim552,1,552,battery,0.002389000000000016,0.0,0.002389000000000016,0.001249133858142865
1657,pltd_tim553,1,553,diesel,0.01154975300000001,0.1014,-0.089850247,0.007175400437899835
1658,plts_tim553,1,553,solar,0.11604825954482888,0.0,0.11604825954482888,0.18863540145578317
1659,batt_tim553,1,553,battery,0.055884,0.0,0.055884,0.08528730844682993
1660,pltd_tim554,1,554,diesel,0.012150446999999974,0.1999,-0.187749553,0.0028462449192857087
1661,plts_tim554,1,554,solar,0.0,0.0,0.0,0.0
1662,batt_tim554,1,554,battery,0.004453499999999999,0.0,0.004453499999999999,0.0020953980737194954
1663,pltd_tim555,1,555,diesel,0.006354318999999942,0.0558,-0.04944568100000006,0.004759086622237516
1664,plts_tim555,1,555,solar,0.07607349309246296,0.0,0.07607349309246296,0.12229620393640162
1665,batt_tim555,1,555,battery,0.03262600259963122,0.0,0.03262600259963122,0.05147917878307186
1666,pltd_tim556,1,556,diesel,0.01654707499999999,0.1571,-0.140552925,0.006306239593749994
1667,plts_tim556,1,556,solar,0.0,0.0,0.0,0.0
1668,batt_tim556,1,556,battery,0.016426000000000014,0.0,0.016426000000000014,0.012010839691714306
1669,pltd_tim557,1,557,diesel,0.015605658999999994,0.1482,-0.132594341,0.007183955171964295
1670,plts_tim557,1,557,solar,0.0,0.0,0.0,0.0
1671,batt_tim557,1,557,battery,0.019802999999999973,0.0,0.019802999999999973,0.0144986946358571
1672,pltd_tim558,1,558,diesel,0.018493143000000004,0.1756,-0.157106857,0.006619531073571443
1673,plts_tim558,1,558,solar,0.0,0.0,0.0,0.0
1674,batt_tim558,1,558,battery,0.018359,0.0,0.018359,0.013384719839714303
1675,pltd_tim559,1,559,diesel,0.010480047999999992,0.0995,-0.08901995200000001,0.005536988940714289
1676,plts_tim559,1,559,solar,0.0,0.0,0.0,0.0
1677,batt_tim559,1,559,battery,0.027228000000000002,0.0,0.027228000000000002,0.030076644496142845
1678,pltd_tim560,1,560,diesel,0.010522708942807657,0.159,-0.14847729105719235,0.002716427558427209
1679,plts_tim560,1,560,solar,0.0,0.0,0.0,0.0
1680,batt_tim560,1,560,battery,0.00379603552859617,0.0,0.00379603552859617,0.0017399109759754809
1681,pltd_tim561,1,561,diesel,0.007503175000000001,0.1208,-0.113296825,0.0020671178616071414
1682,plts_tim561,1,561,solar,0.0,0.0,0.0,0.0
1683,batt_tim561,1,561,battery,0.0031290000000000068,0.0,0.0031290000000000068,0.0014303581310000037
1684,pltd_tim562,1,562,diesel,0.00895203600000001,0.0786,-0.06964796399999999,0.005365536804062001
1685,plts_tim562,1,562,solar,0.014582670839749031,0.0,0.014582670839749031,0.022820968447279807
1686,batt_tim562,1,562,battery,0.029888887352113515,0.0,0.029888887352113515,0.039036650197361224
1687,pltd_tim563,1,563,diesel,0.01482783,0.1408,-0.12597217,0.006344399105357144
1688,plts_tim563,1,563,solar,0.0,0.0,0.0,0.0
1689,batt_tim563,1,563,battery,0.016767000000000004,0.0,0.016767000000000004,0.012243356423857134
1690,pltd_tim564,1,564,diesel,0.009257974000000002,0.0705,-0.06124202599999999,0.006874505289063095
1691,plts_tim564,1,564,solar,0.09160757942361168,0.0,0.09160757942361168,0.14581773866122544
1692,batt_tim564,1,564,battery,0.03939856288551415,0.0,0.03939856288551415,0.06232883501295523
1693,pltd_tim565,1,565,diesel,0.009055386999999998,0.069,-0.05994461300000001,0.006878065275565343
1694,plts_tim565,1,565,solar,0.09093725895846853,0.0,0.09093725895846853,0.13893549017014964
1695,batt_tim565,1,565,battery,0.03869115788144609,0.0,0.03869115788144609,0.06148677614694972
1696,pltd_tim566,1,566,diesel,0.022959036999999988,0.2015,-0.17854096300000002,0.013238317279910698
1697,plts_tim566,1,566,solar,0.08534964335451524,0.0,0.08534964335451524,0.13899364387051694
1698,batt_tim566,1,566,battery,0.08605304479806695,0.0,0.08605304479806695,0.11331326747018727
1699,pltd_tim567,1,567,diesel,0.0028032763733333355,0.0567,-0.053896723626666664,0.00706589177400005
1700,plts_tim567,1,567,solar,0.15358340206774285,0.0,0.15358340206774285,0.24233657305257347
1701,batt_tim567,1,567,battery,0.06229789119940506,0.0,0.06229789119940506,0.11604141838027743
1702,pltd_tim568,1,568,diesel,0.007486511000000001,0.085,-0.077513489,0.008077689857759567
1703,plts_tim568,1,568,solar,0.1435264840612028,0.0,0.1435264840612028,0.22829803368496487
1704,batt_tim568,1,568,battery,0.056938,0.0,0.056938,0.09514922011063355
1705,pltd_tim569,1,569,diesel,0.026929768999999992,0.2557,-0.228770231,0.011840356690177812
1706,plts_tim569,1,569,solar,0.0,0.0,0.0,0.0
1707,batt_tim569,1,569,battery,0.03974900000000001,0.0,0.03974900000000001,0.03262737025228569
1708,pltd_tim570,1,570,diesel,0.002824466666666664,0.081,-0.07817553333333334,0.006833384687122121
1709,plts_tim570,1,570,solar,0.18424929299397047,0.0,0.18424929299397047,0.29420291445216484
1710,batt_tim570,1,570,battery,0.0662801636713784,0.0,0.0662801636713784,0.12747624067452232
1711,pltd_tim571,1,571,diesel,0.010066330999999984,0.0767,-0.06663366900000002,0.007628662485525264
1712,plts_tim571,1,571,solar,0.10126482070777293,0.0,0.10126482070777293,0.15210831758042498
1713,batt_tim571,1,571,battery,0.04277868385229096,0.0,0.04277868385229096,0.0676387212428383
1714,pltd_tim572,1,572,diesel,0.022581984,0.2144,-0.191818016,0.008731825021523924
1715,plts_tim572,1,572,solar,0.0,0.0,0.0,0.0
1716,batt_tim572,1,572,battery,0.025535000000000002,0.0,0.025535000000000002,0.018648657067142835
1717,pltd_tim573,1,573,diesel,0.005546610999999979,0.0487,-0.04315338900000002,0.004425961909867054
1718,plts_tim573,1,573,solar,0.07102242534824961,0.0,0.07102242534824961,0.10848334564303537
1719,batt_tim573,1,573,battery,0.028894933525083655,0.0,0.028894933525083655,0.04610498772221157
1720,pltd_tim574,1,574,diesel,0.009177737999999984,0.0699,-0.06072226200000002,0.0072117738799281185
1721,plts_tim574,1,574,solar,0.09423851507779255,0.0,0.09423851507779255,0.13774989818619307
1722,batt_tim574,1,574,battery,0.03918159964576579,0.0,0.03918159964576579,0.06208654102716759
1723,pltd_tim575,1,575,diesel,0.0018281555199999992,0.037,-0.03517184448,0.004608130036999976
1724,plts_tim575,1,575,solar,0.11152154967551123,0.0,0.11152154967551123,0.15804598666009018
1725,batt_tim575,1,575,battery,0.040634202345295245,0.0,0.040634202345295245,0.07567794000922466
1726,pltd_tim576,1,576,diesel,0.012461683000000001,0.2006,-0.188138317,0.002798980091607143
1727,plts_tim576,1,576,solar,0.0,0.0,0.0,0.0
1728,batt_tim576,1,576,battery,0.005196000000000006,0.0,0.005196000000000006,0.0023214191468571483
1729,pltd_tim577,1,577,diesel,0.01392232709164308,0.1084,-0.09447767290835692,0.008539602467060982
1730,plts_tim577,1,577,solar,0.023948445719461125,0.0,0.023948445719461125,0.03539567105691211
1731,batt_tim577,1,577,battery,0.04083486860583414,0.0,0.04083486860583414,0.054835125751296857
1732,pltd_tim578,1,578,diesel,0.013594355000000002,0.1291,-0.11550564499999999,0.006643611530024103
1733,plts_tim578,1,578,solar,0.0,0.0,0.0,0.0
1734,batt_tim578,1,578,battery,0.037741173883395845,0.0,0.037741173883395845,0.04325223497677294
1735,pltd_tim579,1,579,diesel,0.015095650000000072,0.1325,-0.11740434999999994,0.009334653252284214
1736,plts_tim579,1,579,solar,0.1732241833353962,0.0,0.1732241833353962,0.2782549425808723
1737,batt_tim579,1,579,battery,0.07630808018163115,0.0,0.07630808018163115,0.11982658904004732
1738,pltd_tim580,1,580,diesel,0.013551467000000095,0.1189,-0.10534853299999991,0.009420473671158893
1739,plts_tim580,1,580,solar,0.1622163093139511,0.0,0.1622163093139511,0.2663869999905559
1740,batt_tim580,1,580,battery,0.0696304893671067,0.0,0.0696304893671067,0.11009345962800218
1741,pltd_tim581,1,581,diesel,0.0072355260000000615,0.1165,-0.10926447399999994,0.0021557462100000244
1742,plts_tim581,1,581,solar,0.0,0.0,0.0,0.0
1743,batt_tim581,1,581,battery,0.003016999999999964,0.0,0.003016999999999964,0.001382373291285702
1744,pltd_tim582,1,582,diesel,0.0027577158400000075,0.0558,-0.053042284159999994,0.006951166754736504
1745,plts_tim582,1,582,solar,0.14679704569544816,0.0,0.14679704569544816,0.23838601435816145
1746,batt_tim582,1,582,battery,0.061284097489521974,0.0,0.061284097489521974,0.11415504945455393
1747,pltd_tim583,1,583,diesel,0.012357464000000012,0.1084,-0.09604253599999998,0.008502232132647723
1748,plts_tim583,1,583,solar,0.1482470739497637,0.0,0.1482470739497637,0.24293848408797375
1749,batt_tim583,1,583,battery,0.06349559955459676,0.0,0.06349559955459676,0.10052708433998132
1750,pltd_tim584,1,584,diesel,0.004519791999999995,0.1852,-0.180680208,0.0008119569435714274
1751,plts_tim584,1,584,solar,0.0,0.0,0.0,0.0
1752,batt_tim584,1,584,battery,0.005891000000000007,0.0,0.005891000000000007,0.003159178816428584
1753,pltd_tim585,1,585,diesel,0.025242641999999968,0.2397,-0.21445735800000004,0.012564194229390611
1754,plts_tim585,1,585,solar,0.039525900114055317,0.0,0.039525900114055317,0.066786696030269
1755,batt_tim585,1,585,battery,0.09227672613966983,0.0,0.09227672613966983,0.11857325550183313
1756,pltd_tim586,1,586,diesel,0.02432862999999999,0.2135,-0.18917137,0.01329103765178571
1757,plts_tim586,1,586,solar,0.11531504065186383,0.0,0.11531504065186383,0.19355923626768862
1758,batt_tim586,1,586,battery,0.095878,0.0,0.095878,0.12883433487185691
1759,pltd_tim587,1,587,diesel,0.020608142999999995,0.1808,-0.160191857,0.01155586184446429
1760,plts_tim587,1,587,solar,0.2062199536954803,0.0,0.2062199536954803,0.33655601681988717
1761,batt_tim587,1,587,battery,0.09970699999999999,0.0,0.09970699999999999,0.1521237455087634
1762,pltd_tim588,1,588,diesel,0.013983767999999994,0.1328,-0.11881623200000001,0.005580513887142856
1763,plts_tim588,1,588,solar,0.0,0.0,0.0,0.0
1764,batt_tim588,1,588,battery,0.013881999999999992,0.0,0.013881999999999992,0.01014315918842857
1765,pltd_tim589,1,589,diesel,0.011225756000000003,0.1066,-0.095374244,0.004899115670714289
1766,plts_tim589,1,589,solar,0.0,0.0,0.0,0.0
1767,batt_tim589,1,589,battery,0.012695000000000012,0.0,0.012695000000000012,0.009265368884285705
1768,pltd_tim590,1,590,diesel,0.0,0.1728,-0.1728,0.0
1769,plts_tim590,1,590,solar,0.0,0.0,0.0,0.0
1770,batt_tim590,1,590,battery,0.005369540499999992,0.0,0.005369540499999992,0.0032124444174091377
1771,pltd_tim591,1,591,diesel,0.015120053999999994,0.1152,-0.100079946,0.00987774726606029
1772,plts_tim591,1,591,solar,0.06903032714156421,0.0,0.06903032714156421,0.11093073477675018
1773,batt_tim591,1,591,battery,0.051377000000000006,0.0,0.051377000000000006,0.07097856273919877
1774,pltd_tim592,1,592,diesel,0.007541410999999998,0.1214,-0.113858589,0.0020297729517857106
1775,plts_tim592,1,592,solar,0.0,0.0,0.0,0.0
1776,batt_tim592,1,592,battery,0.003145000000000009,0.0,0.003145000000000009,0.001431567647142862
1777,pltd_tim593,1,593,diesel,0.009478803000000008,0.0832,-0.07372119699999999,0.006389384790925759
1778,plts_tim593,1,593,solar,0.10955818724508333,0.0,0.10955818724508333,0.1838962110246473
1779,batt_tim593,1,593,battery,0.04822743078192311,0.0,0.04822743078192311,0.07583300356782503
1780,pltd_tim594,1,594,diesel,0.005210590567940125,0.4091,-0.4038894094320599,0.0008272084531277757
1781,plts_tim594,1,594,solar,0.0,0.0,0.0,0.0
1782,batt_tim594,1,594,battery,0.013143837432059853,0.0,0.013143837432059853,0.006991434840818501
1783,pltd_tim595,1,595,diesel,0.00898762900000001,0.0853,-0.07631237099999999,0.004258156749375
1784,plts_tim595,1,595,solar,0.0,0.0,0.0,0.0
1785,batt_tim595,1,595,battery,0.010161999999999997,0.0,0.010161999999999997,0.007421480582714296
1786,pltd_tim596,1,596,diesel,0.011648287000000007,0.1106,-0.098951713,0.005105858560089289
1787,plts_tim596,1,596,solar,0.0,0.0,0.0,0.0
1788,batt_tim596,1,596,battery,0.013170999999999988,0.0,0.013170999999999988,0.009551110573428586
1789,pltd_tim597,1,597,diesel,0.008772560999999995,0.0669,-0.058127439,0.006137195246893045
1790,plts_tim597,1,597,solar,0.048178372762261557,0.0,0.048178372762261557,0.07585159647154985
1791,batt_tim597,1,597,battery,0.031025,0.0,0.031025,0.043773209697062575
1792,pltd_tim598,1,598,diesel,0.007722915000000004,0.0678,-0.060077084999999995,0.00540678649878275
1793,plts_tim598,1,598,solar,0.0933098866378574,0.0,0.0933098866378574,0.1486466150842883
1794,batt_tim598,1,598,battery,0.039655293807186076,0.0,0.039655293807186076,0.06268757901712414
1795,pltd_tim599,1,599,diesel,0.009621035999999986,0.0733,-0.06367896400000002,0.007231197733279697
1796,plts_tim599,1,599,solar,0.09710573612720536,0.0,0.09710573612720536,0.15297100599126334
1797,batt_tim599,1,599,battery,0.041159555607068854,0.0,0.041159555607068854,0.06554615960857459
1798,pltd_tim600,1,600,diesel,0.0014631426000000364,0.0422,-0.040736857399999965,0.003618254883678614
1799,plts_tim600,1,600,solar,0.09479844734611662,0.0,0.09479844734611662,0.14956123521523176
1800,batt_tim600,1,600,battery,0.03412202565032854,0.0,0.03412202565032854,0.064962063201527
1801,pltd_tim601,1,601,diesel,0.010706871000000007,0.1017,-0.09099312899999999,0.006243310250150638
1802,plts_tim601,1,601,solar,0.014916792839911257,0.0,0.014916792839911257,0.02361444657542107
1803,batt_tim601,1,601,battery,0.03873057555367581,0.0,0.03873057555367581,0.050423904200490394
1804,pltd_tim602,1,602,diesel,0.007160097999999948,0.0813,-0.07413990200000005,0.006149143244661158
1805,plts_tim602,1,602,solar,0.11738657427522942,0.0,0.11738657427522942,0.19427706946370352
1806,batt_tim602,1,602,battery,0.050508644738183506,0.0,0.050508644738183506,0.0779770323998012
1807,pltd_tim603,1,603,diesel,0.008175685000000321,0.0776,-0.06942431499999968,0.006561793985794394
1808,plts_tim603,1,603,solar,0.11324296450256459,0.0,0.11324296450256459,0.18407541961223856
1809,batt_tim603,1,603,battery,0.04728269906055438,0.0,0.04728269906055438,0.07559250890154248
1810,pltd_tim604,1,604,diesel,0.001904404266666663,0.0385,-0.03659559573333333,0.004800290856999977
1811,plts_tim604,1,604,solar,0.10217044147271065,0.0,0.10217044147271065,0.16463106735776104
1812,batt_tim604,1,604,battery,0.04232152722544619,0.0,0.04232152722544619,0.07883223485660405
1813,pltd_tim605,1,605,diesel,0.0169043700000001,0.1605,-0.14359562999999992,0.008877733962301139
1814,plts_tim605,1,605,solar,0.027193905454274477,0.0,0.027193905454274477,0.04627992080345169
1815,batt_tim605,1,605,battery,0.062270866777511924,0.0,0.062270866777511924,0.08027595916292236
1816,pltd_tim606,1,606,diesel,0.007757687999999999,0.0881,-0.080342312,0.005857082949641123
1817,plts_tim606,1,606,solar,0.12316016466543647,0.0,0.12316016466543647,0.20641280275441354
1818,batt_tim606,1,606,battery,0.05395739560614779,0.0,0.05395739560614779,0.08248218715031129
1819,pltd_tim607,1,607,diesel,0.016955894999999985,0.1488,-0.131844105,0.01007266548923146
1820,plts_tim607,1,607,solar,0.1825434391851408,0.0,0.1825434391851408,0.31150088671060655
1821,batt_tim607,1,607,battery,0.082854,0.0,0.082854,0.12590488063928748
1822,pltd_tim608,1,608,diesel,0.002224292266666679,0.045,-0.04277570773333332,0.005606603524000007
1823,plts_tim608,1,608,solar,0.12000306576399904,0.0,0.12000306576399904,0.1922887377930028
1824,batt_tim608,1,608,battery,0.04943186613054622,0.0,0.04943186613054622,0.09207467864395116
1825,pltd_tim609,1,609,diesel,0.00233787651047619,0.0496,-0.04726212348952381,0.005753160889428527
1826,plts_tim609,1,609,solar,0.13319301446921591,0.0,0.13319301446921591,0.2114799155590943
1827,batt_tim609,1,609,battery,0.05416376658587032,0.0,0.05416376658587032,0.10079738654316474
1828,pltd_tim610,1,610,diesel,0.009513920999999995,0.0835,-0.07398607900000001,0.006404054804897274
1829,plts_tim610,1,610,solar,0.11185431860307295,0.0,0.11185431860307295,0.17984625249061423
1830,batt_tim610,1,610,battery,0.048361635615104176,0.0,0.048361635615104176,0.0761752472172127
1831,pltd_tim611,1,611,diesel,0.010110923999999993,0.0887,-0.07858907600000001,0.0070169255456585325
1832,plts_tim611,1,611,solar,0.12169120340769696,0.0,0.12169120340769696,0.1945921441771294
1833,batt_tim611,1,611,battery,0.05191160166588642,0.0,0.05191160166588642,0.08214700972381794
1834,pltd_tim612,1,612,diesel,0.014027873999999996,0.1069,-0.092872126,0.009367104252119103
1835,plts_tim612,1,612,solar,0.14098157454306917,0.0,0.14098157454306917,0.2245896399640268
1836,batt_tim612,1,612,battery,0.060024882199029295,0.0,0.060024882199029295,0.09614405509078161
1837,pltd_tim613,1,613,diesel,0.011409283999999992,0.1001,-0.088690716,0.007366045865788817
1838,plts_tim613,1,613,solar,0.13274439604640448,0.0,0.13274439604640448,0.2122669176639453
1839,batt_tim613,1,613,battery,0.05796585424964147,0.0,0.05796585424964147,0.09126222369891226
1840,pltd_tim614,1,614,diesel,0.0025203866666666658,0.0727,-0.07017961333333333,0.006114050429761901
1841,plts_tim614,1,614,solar,0.16263859393378316,0.0,0.16263859393378316,0.2604733521988682
1842,batt_tim614,1,614,battery,0.05898889117718551,0.0,0.05898889117718551,0.11294640935953344
1843,pltd_tim615,1,615,diesel,0.01014604199999988,0.089,-0.07885395800000011,0.007406480753681135
1844,plts_tim615,1,615,solar,0.12075366013217267,0.0,0.12075366013217267,0.19527466829369172
1845,batt_tim615,1,615,battery,0.05209297285487198,0.0,0.05209297285487198,0.08255048573864948
1846,pltd_tim616,1,616,diesel,0.006613367000000037,0.1553,-0.14868663299999996,0.0014199030607162763
1847,plts_tim616,1,616,solar,0.0,0.0,0.0,0.0
1848,batt_tim616,1,616,battery,0.00352849999999999,0.0,0.00352849999999999,0.0018773118818534158
1849,pltd_tim617,1,617,diesel,0.01741242599999998,0.1528,-0.135387574,0.009247949985735868
1850,plts_tim617,1,617,solar,0.054925440578399994,0.0,0.054925440578399994,0.0893309287957517
1851,batt_tim617,1,617,battery,0.06362127766391534,0.0,0.06362127766391534,0.08305289209654047
1852,pltd_tim618,1,618,diesel,0.015271240000000255,0.134,-0.11872875999999975,0.009027560239564214
1853,plts_tim618,1,618,solar,0.16753784190643234,0.0,0.16753784190643234,0.2733585962248987
1854,batt_tim618,1,618,battery,0.07638705082880204,0.0,0.07638705082880204,0.11923982601555481
1855,pltd_tim619,1,619,diesel,0.006836370000000036,0.1605,-0.15366362999999997,0.0013104748560714354
1856,plts_tim619,1,619,solar,0.0,0.0,0.0,0.0
1857,batt_tim619,1,619,battery,0.003647499999999998,0.0,0.003647499999999998,0.0019211856509605638
1858,pltd_tim620,1,620,diesel,0.006659735516464427,0.1716,-0.16494026448353558,0.001329277473515557
1859,plts_tim620,1,620,solar,0.0,0.0,0.0,0.0
1860,batt_tim620,1,620,battery,0.004224436741767776,0.0,0.004224436741767776,0.0022655635763365062
1861,pltd_tim621,1,621,diesel,0.014594523000000005,0.1112,-0.096605477,0.009522085082901663
1862,plts_tim621,1,621,solar,0.1317303227167495,0.0,0.1317303227167495,0.21242917466012864
1863,batt_tim621,1,621,battery,0.060307999999999994,0.0,0.060307999999999994,0.09382779315520974
1864,pltd_tim622,1,622,diesel,0.014217705999999997,0.1248,-0.110582294,0.007660366207678562
1865,plts_tim622,1,622,solar,0.07365044866539909,0.0,0.07365044866539909,0.12031224279572707
1866,batt_tim622,1,622,battery,0.056884000000000004,0.0,0.056884000000000004,0.07722027108299889
1867,pltd_tim623,1,623,diesel,0.010090632000000002,0.0958,-0.085709368,0.003976802332857147
1868,plts_tim623,1,623,solar,0.0,0.0,0.0,0.0
1869,batt_tim623,1,623,battery,0.00792699999999999,0.0,0.00792699999999999,0.005756133282571407
1870,pltd_tim624,1,624,diesel,0.008706811999999994,0.0989,-0.09019318800000001,0.0031209397739285745
1871,plts_tim624,1,624,solar,0.0,0.0,0.0,0.0
1872,batt_tim624,1,624,battery,0.0049445000000000044,0.0,0.0049445000000000044,0.0030308439717142916
1873,pltd_tim625,1,625,diesel,0.006360085999999874,0.0604,-0.054039914000000126,0.005138592604082156
1874,plts_tim625,1,625,solar,0.08723168154563048,0.0,0.08723168154563048,0.14109384286447707
1875,batt_tim625,1,625,battery,0.036756104041037574,0.0,0.036756104041037574,0.0587519558064826
1876,pltd_tim626,1,626,diesel,0.008671094999999848,0.0761,-0.06742890500000015,0.005748155707983178
1877,plts_tim626,1,626,solar,0.0993406593848264,0.0,0.0993406593848264,0.15984205149963723
1878,batt_tim626,1,626,battery,0.04383317262295261,0.0,0.04383317262295261,0.06900563792948874
1879,pltd_tim627,1,627,diesel,0.005696735000000001,0.0647,-0.05900326499999999,0.006011358866762167
1880,plts_tim627,1,627,solar,0.10445465174544849,0.0,0.10445465174544849,0.16721659483798168
1881,batt_tim627,1,627,battery,0.042546,0.0,0.042546,0.06939187265168101
1882,pltd_tim628,1,628,diesel,0.008214563999999994,0.0721,-0.063885436,0.006502134096965128
1883,plts_tim628,1,628,solar,0.10049039771391263,0.0,0.10049039771391263,0.1609327591884908
1884,batt_tim628,1,628,battery,0.04259946603883766,0.0,0.04259946603883766,0.06755333253314448
1885,pltd_tim629,1,629,diesel,0.001954570333333336,0.0564,-0.05444542966666666,0.004775310602765508
1886,plts_tim629,1,629,solar,0.12220212526342647,0.0,0.12220212526342647,0.19636812261236616
1887,batt_tim629,1,629,battery,0.04515669649577178,0.0,0.04515669649577178,0.08468011044049364
1888,pltd_tim630,1,630,diesel,0.006516298253032959,0.1679,-0.16138370174696703,0.0012739106152129351
1889,plts_tim630,1,630,solar,0.0,0.0,0.0,0.0
1890,batt_tim630,1,630,battery,0.004133448873483547,0.0,0.004133448873483547,0.002199569625937414
1891,pltd_tim631,1,631,diesel,0.010382694000000012,0.0986,-0.08821730599999998,0.006023658495049934
1892,plts_tim631,1,631,solar,0.01472446761972054,0.0,0.01472446761972054,0.022898299360312225
1893,batt_tim631,1,631,battery,0.037556535509240374,0.0,0.037556535509240374,0.048873750232172615
1894,pltd_tim632,1,632,diesel,0.010953749999999998,0.0961,-0.08514625,0.006445542396778398
1895,plts_tim632,1,632,solar,0.01725497375934829,0.0,0.01725497375934829,0.028169357213704494
1896,batt_tim632,1,632,battery,0.036600125895290006,0.0,0.036600125895290006,0.047874668394256185
1897,pltd_tim633,1,633,diesel,0.00747808899999991,0.0656,-0.058121911000000095,0.0052121718962954595
1898,plts_tim633,1,633,solar,0.08614360472282194,0.0,0.08614360472282194,0.13912011261165774
1899,batt_tim633,1,633,battery,0.03799031859994348,0.0,0.03799031859994348,0.059837277688730414
1900,pltd_tim634,1,634,diesel,0.005546611,0.0487,-0.043153389,0.004511871863439919
1901,plts_tim634,1,634,solar,0.07060342548671152,0.0,0.07060342548671152,0.10848244567403405
1902,batt_tim634,1,634,battery,0.02889481781291095,0.0,0.02889481781291095,0.04619284443290935
1903,pltd_tim635,1,635,diesel,0.003893745201339706,0.0413,-0.0374062547986603,0.0034077516412864516
1904,plts_tim635,1,635,solar,0.06349530609520627,0.0,0.06349530609520627,0.10169071699085978
1905,batt_tim635,1,635,battery,0.02608336407484443,0.0,0.02608336407484443,0.04197642584552357
1906,pltd_tim636,1,636,diesel,0.004339847000000008,0.0493,-0.04496015299999999,0.004881807178357311
1907,plts_tim636,1,636,solar,0.08454083420960393,0.0,0.08454083420960393,0.12898086501314485
1908,batt_tim636,1,636,battery,0.032712,0.0,0.032712,0.05394678934190112
1909,pltd_tim637,1,637,diesel,0.007269567000000018,0.0826,-0.07533043299999999,0.00266033925419643
1910,plts_tim637,1,637,solar,0.0,0.0,0.0,0.0
1911,batt_tim637,1,637,battery,0.004128499999999993,0.0,0.004128499999999993,0.0025742027438571385
1912,pltd_tim638,1,638,diesel,0.001164255866666658,0.0336,-0.03243574413333334,0.002849254906559502
1913,plts_tim638,1,638,solar,0.07283738322551604,0.0,0.07283738322551604,0.11936156980567456
1914,batt_tim638,1,638,battery,0.027090727541408968,0.0,0.027090727541408968,0.05139610465102163
1915,pltd_tim639,1,639,diesel,0.005099144999999999,0.0579,-0.052800855,0.004599020895543348
1916,plts_tim639,1,639,solar,0.08395921903549963,0.0,0.08395921903549963,0.13834124240956508
1917,batt_tim639,1,639,battery,0.03596803334578921,0.0,0.03596803334578921,0.05541713178951749
1918,pltd_tim640,1,640,diesel,0.0017521939199999972,0.0354,-0.03364780608,0.004416902740999976
1919,plts_tim640,1,640,solar,0.09343614378693245,0.0,0.09343614378693245,0.15145907072084538
1920,batt_tim640,1,640,battery,0.038937977343993006,0.0,0.038937977343993006,0.07252219610095198
1921,pltd_tim641,1,641,diesel,0.004738903000000003,0.0416,-0.036861096999999995,0.0036611197331588357
1922,plts_tim641,1,641,solar,0.05654741814291975,0.0,0.05654741814291975,0.09316396364493189
1923,batt_tim641,1,641,battery,0.024352232867463033,0.0,0.024352232867463033,0.03844130682576734
1924,pltd_tim642,1,642,diesel,0.0,0.1516,-0.1516,0.0
1925,plts_tim642,1,642,solar,0.0,0.0,0.0,0.0
1926,batt_tim642,1,642,battery,0.06615199999999999,0.0,0.06615199999999999,0.05997455172514268
1927,pltd_tim643,1,643,diesel,0.004399681999999988,0.0724,-0.06800031800000002,0.0015693677813571362
1928,plts_tim643,1,643,solar,0.0,0.0,0.0,0.0
1929,batt_tim643,1,643,battery,0.001925000000000003,0.0,0.001925000000000003,0.0008747150018571458
1930,pltd_tim644,1,644,diesel,0.0,0.1587,-0.1587,0.0
1931,plts_tim644,1,644,solar,0.0,0.0,0.0,0.0
1932,batt_tim644,1,644,battery,0.005835698395147276,0.0,0.005835698395147276,0.0034315933409096925
1933,pltd_tim645,1,645,diesel,0.005073178972270373,0.0601,-0.05502682102772963,0.0022935646330729214
1934,plts_tim645,1,645,solar,0.0,0.0,0.0,0.0
1935,batt_tim645,1,645,battery,0.0014048960138648148,0.0,0.0014048960138648148,0.0006351981312305004
1936,pltd_tim646,1,646,diesel,0.005313706000000001,0.1248,-0.11948629399999999,0.0013487472413214279
1937,plts_tim646,1,646,solar,0.0,0.0,0.0,0.0
1938,batt_tim646,1,646,battery,0.0028359999999999913,0.0,0.0028359999999999913,0.0015325575043080362
1939,pltd_tim647,1,647,diesel,0.008179446000000201,0.0718,-0.0636205539999998,0.005284751612920516
1940,plts_tim647,1,647,solar,0.08946246274114218,0.0,0.08946246274114218,0.14642616502969774
1941,batt_tim647,1,647,battery,0.04091623724182747,0.0,0.04091623724182747,0.06385854080700212
1942,pltd_tim648,1,648,diesel,0.006751670000000001,0.0514,-0.04464833,0.004709772561157867
1943,plts_tim648,1,648,solar,0.031889850277751756,0.0,0.031889850277751756,0.05129890607259941
1944,batt_tim648,1,648,battery,0.023128,0.0,0.023128,0.03211468033854538
1945,pltd_tim649,1,649,diesel,0.008109210000000006,0.0712,-0.06309079,0.004960925711110092
1946,plts_tim649,1,649,solar,0.012799118840462247,0.0,0.012799118840462247,0.020857175280921604
1947,batt_tim649,1,649,battery,0.02709879894033302,0.0,0.02709879894033302,0.03543352658092274
1948,pltd_tim650,1,650,diesel,0.006038260000000004,0.053,-0.046961739999999995,0.004312687585690928
1949,plts_tim650,1,650,solar,0.06988073935807114,0.0,0.06988073935807114,0.11414910458994876
1950,batt_tim650,1,650,battery,0.030695082183517047,0.0,0.030695082183517047,0.048343875829719225
1951,pltd_tim651,1,651,diesel,0.008954510999999998,0.085,-0.07604548900000001,0.004798576036160718
1952,plts_tim651,1,651,solar,0.0,0.0,0.0,0.0
1953,batt_tim651,1,651,battery,0.024659,0.0,0.024659,0.028095014642857213
1954,pltd_tim652,1,652,diesel,0.008922392999999987,0.0847,-0.07577760700000001,0.004898927845624995
1955,plts_tim652,1,652,solar,0.0,0.0,0.0,0.0
1956,batt_tim652,1,652,battery,0.023183000000000002,0.0,0.023183000000000002,0.025590341364285733
1957,pltd_tim653,1,653,diesel,0.010480047999999992,0.0995,-0.08901995200000001,0.005313699565000003
1958,plts_tim653,1,653,solar,0.0,0.0,0.0,0.0
1959,batt_tim653,1,653,battery,0.027228000000000002,0.0,0.027228000000000002,0.030060262753857127
1960,pltd_tim654,1,654,diesel,0.010220104000000008,0.097,-0.086779896,0.004146957250714285
1961,plts_tim654,1,654,solar,0.0,0.0,0.0,0.0
1962,batt_tim654,1,654,battery,0.008028999999999994,0.0,0.008028999999999994,0.005847478495428578
1963,pltd_tim655,1,655,diesel,0.006740616999999997,0.0591,-0.052359383,0.004885098460904348
1964,plts_tim655,1,655,solar,0.08084802465530473,0.0,0.08084802465530473,0.1324918833005466
1965,batt_tim655,1,655,battery,0.034633376704490695,0.0,0.034633376704490695,0.05475383902537344
1966,pltd_tim656,1,656,diesel,0.0013188664330158696,0.0323,-0.030981133566984134,0.00313677053798776
1967,plts_tim656,1,656,solar,0.08460102066027904,0.0,0.08460102066027904,0.13713835714528652
1968,batt_tim656,1,656,battery,0.03495599583403751,0.0,0.03495599583403751,0.06488475868939142
1969,pltd_tim657,1,657,diesel,0.006456440000000008,0.0613,-0.05484355999999999,0.0037966234081920837
1970,plts_tim657,1,657,solar,0.009853637364500617,0.0,0.009853637364500617,0.01585083696638186
1971,batt_tim657,1,657,battery,0.02337294823848357,0.0,0.02337294823848357,0.030076964410560212
1972,pltd_tim658,1,658,diesel,0.0018738493866666693,0.0379,-0.036026150613333335,0.004723074888000018
1973,plts_tim658,1,658,solar,0.10196922938492245,0.0,0.10196922938492245,0.16199787351672473
1974,batt_tim658,1,658,battery,0.0416444299338007,0.0,0.0416444299338007,0.07757456586379723
1975,pltd_tim659,1,659,diesel,0.0016861999999999988,0.0484,-0.0467138,0.00411863496132381
1976,plts_tim659,1,659,solar,0.11087746275828929,0.0,0.11087746275828929,0.17691681579781338
1977,batt_tim659,1,659,battery,0.03967621892775159,0.0,0.03967621892775159,0.07664308722354257
1978,pltd_tim660,1,660,diesel,0.008435625999999988,0.0801,-0.07166437400000002,0.0038426957274999983
1979,plts_tim660,1,660,solar,0.0,0.0,0.0,0.0
1980,batt_tim660,1,660,battery,0.009539000000000006,0.0,0.009539000000000006,0.006965421634142861
1981,pltd_tim661,1,661,diesel,0.006809852999999991,0.0598,-0.05299014700000001,0.004990630917299276
1982,plts_tim661,1,661,solar,0.08053973930018456,0.0,0.08053973930018456,0.13108712400289535
1983,batt_tim661,1,661,battery,0.03496968281928793,0.0,0.03496968281928793,0.05533766175090959
1984,pltd_tim662,1,662,diesel,0.010567455000000336,0.0927,-0.08213254499999967,0.006678889230284127
1985,plts_tim662,1,662,solar,0.1158443933151559,0.0,0.1158443933151559,0.18914968280544497
1986,batt_tim662,1,662,battery,0.05285643774105754,0.0,0.05285643774105754,0.08253845554667855
1987,pltd_tim663,1,663,diesel,0.006494791,0.057,-0.050505209,0.004812992102280577
1988,plts_tim663,1,663,solar,0.07862635104199732,0.0,0.07862635104199732,0.12767728220002056
1989,batt_tim663,1,663,battery,0.03337166040849045,0.0,0.03337166040849045,0.05270163385747517
1990,pltd_tim664,1,664,diesel,0.005710732000000107,0.0542,-0.04848926799999989,0.004625359712665486
1991,plts_tim664,1,664,solar,0.07773247002910263,0.0,0.07773247002910263,0.12688966788457162
1992,batt_tim664,1,664,battery,0.03271083647638362,0.0,0.03271083647638362,0.05151352447814074
1993,pltd_tim665,1,665,diesel,0.011233693999999943,0.0986,-0.08736630600000005,0.007165855414580067
1994,plts_tim665,1,665,solar,0.12594059783981357,0.0,0.12594059783981357,0.2065816220426247
1995,batt_tim665,1,665,battery,0.05624451440554035,0.0,0.05624451440554035,0.0875285182521878
1996,pltd_tim666,1,666,diesel,0.012252109999999997,0.1075,-0.09524789,0.007084465805357125
1997,plts_tim666,1,666,solar,0.06919179404190046,0.0,0.06919179404190046,0.11426626933204154
1998,batt_tim666,1,666,battery,0.050191,0.0,0.050191,0.06890054262721462
1999,pltd_tim667,1,667,diesel,0.006521675999999895,0.0619,-0.055378324000000104,0.005314095323101462
2000,plts_tim667,1,667,solar,0.08867195606132246,0.0,0.08867195606132246,0.14490575981237888
2001,batt_tim667,1,667,battery,0.03735764977234024,0.0,0.03735764977234024,0.05891089531021241
2002,pltd_tim668,1,668,diesel,0.015552181000000019,0.1365,-0.12094781899999998,0.00870466658043342
2003,plts_tim668,1,668,solar,0.026487680009712546,0.0,0.026487680009712546,0.042836021793947195
2004,batt_tim668,1,668,battery,0.052811330935491986,0.0,0.052811330935491986,0.06938731509133565
2005,pltd_tim669,1,669,diesel,0.007072679000000005,0.0672,-0.06012732099999999,0.004070532370889556
2006,plts_tim669,1,669,solar,0.0,0.0,0.0,0.0
2007,batt_tim669,1,669,battery,0.019636274122059316,0.0,0.019636274122059316,0.022493297793215142
2008,pltd_tim670,1,670,diesel,0.010320631999999996,0.0906,-0.080279368,0.006842653942640945
2009,plts_tim670,1,670,solar,0.11768673268230548,0.0,0.11768673268230548,0.1902549023189684
2010,batt_tim670,1,670,battery,0.05217366506300358,0.0,0.05217366506300358,0.08190564184023567
2011,pltd_tim671,1,671,diesel,0.011093221999999958,0.0974,-0.08630677800000004,0.007976405864443365
2012,plts_tim671,1,671,solar,0.13115126471227556,0.0,0.13115126471227556,0.21352029190976216
2013,batt_tim671,1,671,battery,0.05696060232188631,0.0,0.05696060232188631,0.09010646740558051
2014,pltd_tim672,1,672,diesel,0.015201004000000011,0.1334,-0.11819899599999997,0.008237315282342804
2015,plts_tim672,1,672,solar,0.04701985176529653,0.0,0.04701985176529653,0.07604419533320127
2016,batt_tim672,1,672,battery,0.05530741495575906,0.0,0.05530741495575906,0.07226125552809372
2017,pltd_tim673,1,673,diesel,0.009935334000000004,0.0872,-0.077264666,0.006498816282494813
2018,plts_tim673,1,673,solar,0.11397935590184956,0.0,0.11397935590184956,0.1861044665023378
2019,batt_tim673,1,673,battery,0.05024943277383626,0.0,0.05024943277383626,0.07894500117836672
2020,pltd_tim674,1,674,diesel,0.00831991800000001,0.073,-0.06468008199999999,0.005638626973321995
2021,plts_tim674,1,674,solar,0.09420803996571236,0.0,0.09420803996571236,0.15586112570469388
2022,batt_tim674,1,674,battery,0.042081939997811124,0.0,0.042081939997811124,0.06602476659770827
2023,pltd_tim675,1,675,diesel,0.00185252306068027,0.0413,-0.039447476939319735,0.004552045976467593
2024,plts_tim675,1,675,solar,0.10735220323985048,0.0,0.10735220323985048,0.17588592359692937
2025,batt_tim675,1,675,battery,0.04505309385878121,0.0,0.04505309385878121,0.08364498040435608
2026,pltd_tim676,1,676,diesel,0.017910021999999998,0.1701,-0.152189978,0.009440823286272276
2027,plts_tim676,1,676,solar,0.0020043249452811225,0.0,0.0020043249452811225,0.003204167974299917
2028,batt_tim676,1,676,battery,0.05302600000000006,0.0,0.05302600000000006,0.06306988940279426
2029,pltd_tim677,1,677,diesel,0.004805269999999973,0.1969,-0.19209473000000002,0.000912095762499996
2030,plts_tim677,1,677,solar,0.0,0.0,0.0,0.0
2031,batt_tim677,1,677,battery,0.006263500000000005,0.0,0.006263500000000005,0.0034343115928571503
2032,pltd_tim678,1,678,diesel,0.00954903900000001,0.0838,-0.07425096099999999,0.005771380649825295
2033,plts_tim678,1,678,solar,0.053994732326321376,0.0,0.053994732326321376,0.0890509472760163
2034,batt_tim678,1,678,battery,0.039117,0.0,0.039117,0.053645028727455496
2035,pltd_tim679,1,679,diesel,0.009864101,0.0866,-0.076735899,0.006470983333571275
2036,plts_tim679,1,679,solar,0.11045060712625997,0.0,0.11045060712625997,0.18295110357288422
2037,batt_tim679,1,679,battery,0.04962,0.0,0.04962,0.0774795303309797
2038,pltd_tim680,1,680,diesel,0.0020505078000000038,0.0591,-0.057049492199999996,0.004991781512232163
2039,plts_tim680,1,680,solar,0.12882769929756943,0.0,0.12882769929756943,0.21245529850269163
2040,batt_tim680,1,680,battery,0.0479122519840368,0.0,0.0479122519840368,0.09151029726045828
2041,pltd_tim681,1,681,diesel,0.010847399000000008,0.0952,-0.084352601,0.006304032093303566
2042,plts_tim681,1,681,solar,0.06193043657520147,0.0,0.06193043657520147,0.10253902893323687
2043,batt_tim681,1,681,battery,0.044439,0.0,0.044439,0.06095748163164493
2044,pltd_tim682,1,682,diesel,0.0062067150000000015,0.1457,-0.139493285,0.0013369988546607155
2045,plts_tim682,1,682,solar,0.0,0.0,0.0,0.0
2046,batt_tim682,1,682,battery,0.0033115000000000228,0.0,0.0033115000000000228,0.0017841315016823014
2047,pltd_tim683,1,683,diesel,0.009311806000000006,0.0884,-0.079088194,0.003964499356071431
2048,plts_tim683,1,683,solar,0.0,0.0,0.0,0.0
2049,batt_tim683,1,683,battery,0.009244000000000002,0.0,0.009244000000000002,0.006749333114000011
2050,pltd_tim684,1,684,diesel,0.006400799999999998,0.0727,-0.0662992,0.0025813537925714284
2051,plts_tim684,1,684,solar,0.0,0.0,0.0,0.0
2052,batt_tim684,1,684,battery,0.0018839999999999968,0.0,0.0018839999999999968,0.0009805114719999989
2053,pltd_tim685,1,685,diesel,0.009928044999999996,0.0943,-0.084371955,0.005320043836045626
2054,plts_tim685,1,685,solar,0.0,0.0,0.0,0.0
2055,batt_tim685,1,685,battery,0.027802720910623947,0.0,0.027802720910623947,0.03211334617500211
2056,pltd_tim686,1,686,diesel,0.006318203999999994,0.0555,-0.04918179600000001,0.004391252255921293
2057,plts_tim686,1,686,solar,0.07177278189930518,0.0,0.07177278189930518,0.11837143997938403
2058,batt_tim686,1,686,battery,0.0319610301196616,0.0,0.0319610301196616,0.05013768275068464
2059,pltd_tim687,1,687,diesel,0.006034909000000005,0.0573,-0.05126509099999999,0.003415725082410713
2060,plts_tim687,1,687,solar,0.0,0.0,0.0,0.0
2061,batt_tim687,1,687,battery,0.017243,0.0,0.017243,0.020166098107857196
2062,pltd_tim688,1,688,diesel,0.003616132999999997,0.0317,-0.028083867000000002,0.002636214227629146
2063,plts_tim688,1,688,solar,0.04105385473760102,0.0,0.04105385473760102,0.0666547511749856
2064,batt_tim688,1,688,battery,0.01827834846228444,0.0,0.01827834846228444,0.02865399020592585
2065,pltd_tim689,1,689,diesel,0.006670380999999996,0.0585,-0.05182961900000001,0.003915193170906782
2066,plts_tim689,1,689,solar,0.010781682153100946,0.0,0.010781682153100946,0.0171544271958575
2067,batt_tim689,1,689,battery,0.022288265303349243,0.0,0.022288265303349243,0.029154723098216654
2068,pltd_tim690,1,690,diesel,0.0057407260000000015,0.0437,-0.037959274,0.004433305042639009
2069,plts_tim690,1,690,solar,0.056770002534928254,0.0,0.056770002534928254,0.09041630571232327
2070,batt_tim690,1,690,battery,0.024430282864007856,0.0,0.024430282864007856,0.038621803306897864
2071,pltd_tim691,1,691,diesel,0.005840203999999991,0.0555,-0.049659796000000006,0.0031564106511573838
2072,plts_tim691,1,691,solar,0.0,0.0,0.0,0.0
2073,batt_tim691,1,691,battery,0.016212604159563593,0.0,0.016212604159563593,0.018623435689338132
2074,pltd_tim692,1,692,diesel,0.0072546440000000045,0.1168,-0.109545356,0.0021327435971428593
2075,plts_tim692,1,692,solar,0.0,0.0,0.0,0.0
2076,batt_tim692,1,692,battery,0.003025,0.0,0.003025,0.001379975209999998
2077,pltd_tim693,1,693,diesel,0.006683266,0.0635,-0.056816734,0.0038107154231032327
2078,plts_tim693,1,693,solar,0.0,0.0,0.0,0.0
2079,batt_tim693,1,693,battery,0.01855533003750426,0.0,0.01855533003750426,0.021333557124174715
2080,pltd_tim694,1,694,diesel,0.006791788,0.0518,-0.045008212,0.004568173462145646
2081,plts_tim694,1,694,solar,0.03208363732293889,0.0,0.03208363732293889,0.051610637339524555
2082,batt_tim694,1,694,battery,0.023267000000000003,0.0,0.023267000000000003,0.03231805016421834
2083,pltd_tim695,1,695,diesel,0.007056676000000095,0.0619,-0.0548433239999999,0.0051384507742985135
2084,plts_tim695,1,695,solar,0.08409361074269357,0.0,0.08409361074269357,0.13369765663065405
2085,batt_tim695,1,695,battery,0.03621032384301581,0.0,0.03621032384301581,0.05739619451438713
2086,pltd_tim696,1,696,diesel,0.014374181000000014,0.1365,-0.122125819,0.006926502956428574
2087,plts_tim696,1,696,solar,0.0,0.0,0.0,0.0
2088,batt_tim696,1,696,battery,0.038833000000000006,0.0,0.038833000000000006,0.04365388221971422
2089,pltd_tim697,1,697,diesel,0.012775222000000003,0.0974,-0.084624778,0.00846962289428571
2090,plts_tim697,1,697,solar,0.06138449017453464,0.0,0.06138449017453464,0.09708009297919308
2091,batt_tim697,1,697,battery,0.043764,0.0,0.043764,0.060685074547902056
2092,pltd_tim698,1,698,diesel,0.012896576000000014,0.0983,-0.08540342399999998,0.00889146898500001
2093,plts_tim698,1,698,solar,0.12053843115069254,0.0,0.12053843115069254,0.1928719766846193
2094,batt_tim698,1,698,battery,0.053827999999999994,0.0,0.053827999999999994,0.08419409917807949
2095,pltd_tim699,1,699,diesel,0.002041378239999996,0.0413,-0.03925862176000001,0.005145665902000018
2096,plts_tim699,1,699,solar,0.111641986626617,0.0,0.111641986626617,0.17648450600646284
2097,batt_tim699,1,699,battery,0.045368012969283514,0.0,0.045368012969283514,0.08450869728726243
2098,pltd_tim700,1,700,diesel,0.01615766199999999,0.1534,-0.13724233800000002,0.007510176385714274
2099,plts_tim700,1,700,solar,0.0,0.0,0.0,0.0
2100,batt_tim700,1,700,battery,0.02385000000000001,0.0,0.02385000000000001,0.01973108943928573
2101,pltd_tim701,1,701,diesel,0.014864550000000004,0.1688,-0.15393545,0.0050699138749999975
2102,plts_tim701,1,701,solar,0.0,0.0,0.0,0.0
2103,batt_tim701,1,701,battery,0.008440999999999976,0.0,0.008440999999999976,0.005171924690285715
2104,pltd_tim702,1,702,diesel,0.009654392999999997,0.0847,-0.075045607,0.006182088135267872
2105,plts_tim702,1,702,solar,0.10718532136445241,0.0,0.10718532136445241,0.17682651865861385
2106,batt_tim702,1,702,battery,0.048329,0.0,0.048329,0.07519066309218907
2107,pltd_tim703,1,703,diesel,0.010306362689774723,0.2656,-0.25529363731022525,0.0018539508322394272
2108,plts_tim703,1,703,solar,0.0,0.0,0.0,0.0
2109,batt_tim703,1,703,battery,0.006537586655112615,0.0,0.006537586655112615,0.003420892655118686
2110,pltd_tim704,1,704,diesel,0.0017521939200000056,0.0354,-0.033647806079999995,0.004416902740999974
2111,plts_tim704,1,704,solar,0.09604431562136803,0.0,0.09604431562136803,0.15146009193752635
2112,batt_tim704,1,704,battery,0.03894014948876159,0.0,0.03894014948876159,0.07252782343037098
2113,pltd_tim705,1,705,diesel,0.002125629333333337,0.0613,-0.05917437066666666,0.005142744445476203
2114,plts_tim705,1,705,solar,0.13142447619878952,0.0,0.13142447619878952,0.21284739331970276
2115,batt_tim705,1,705,battery,0.04887629294071814,0.0,0.04887629294071814,0.09089984152980914
2116,pltd_tim706,1,706,diesel,0.019624845000000002,0.1722,-0.152575155,0.011091127934374986
2117,plts_tim706,1,706,solar,0.12521143365869863,0.0,0.12521143365869863,0.20916970669273222
2118,batt_tim706,1,706,battery,0.082897,0.0,0.082897,0.11532213075061337
2119,pltd_tim707,1,707,diesel,0.010285513999999996,0.0903,-0.08001448600000001,0.00730903361756203
2120,plts_tim707,1,707,solar,0.12332341857993155,0.0,0.12332341857993155,0.20220311194006302
2121,batt_tim707,1,707,battery,0.05285398650951301,0.0,0.05285398650951301,0.08360488012621334
2122,pltd_tim708,1,708,diesel,0.008679694000000016,0.0986,-0.08992030599999998,0.003283180735714288
2123,plts_tim708,1,708,solar,0.0,0.0,0.0,0.0
2124,batt_tim708,1,708,battery,0.004928999999999989,0.0,0.004928999999999989,0.0030212239169999998
2125,pltd_tim709,1,709,diesel,0.00652825160831888,0.1682,-0.1616717483916811,0.0012011170464347586
2126,plts_tim709,1,709,solar,0.0,0.0,0.0,0.0
2127,batt_tim709,1,709,battery,0.0041410311958405555,0.0,0.0041410311958405555,0.0022394990547205894
2128,pltd_tim710,1,710,diesel,0.0,0.3392,-0.3392,0.0
2129,plts_tim710,1,710,solar,0.0,0.0,0.0,0.0
2130,batt_tim710,1,710,battery,0.011023499999999992,0.0,0.011023499999999992,0.006729026620571415
2131,pltd_tim711,1,711,diesel,0.009981348999999806,0.1134,-0.1034186510000002,0.007556813515614694
2132,plts_tim711,1,711,solar,0.15528158193332608,0.0,0.15528158193332608,0.26561473603390573
2133,batt_tim711,1,711,battery,0.06942931398137442,0.0,0.06942931398137442,0.10617114227475496
2134,pltd_tim712,1,712,diesel,0.004977977999999994,0.2039,-0.198922022,0.0008150779803571408
2135,plts_tim712,1,712,solar,0.0,0.0,0.0,0.0
2136,batt_tim712,1,712,battery,0.006489500000000009,0.0,0.006489500000000009,0.0035061015970000043
2137,pltd_tim713,1,713,diesel,0.0,0.2409,-0.2409,0.0
2138,plts_tim713,1,713,solar,0.0,0.0,0.0,0.0
2139,batt_tim713,1,713,battery,0.009147987689600012,0.0,0.009147987689600012,0.005198188675182579
2140,pltd_tim714,1,714,diesel,0.0,0.3731,-0.3731,0.0
2141,plts_tim714,1,714,solar,0.0,0.0,0.0,0.0
2142,batt_tim714,1,714,battery,0.009184358752166364,0.0,0.009184358752166364,0.004921202722053713
2143,pltd_tim715,1,715,diesel,0.0,0.5419,-0.5419,0.0
2144,plts_tim715,1,715,solar,0.0,0.0,0.0,0.0
2145,batt_tim715,1,715,battery,0.009853000000000046,0.0,0.009853000000000046,0.005653043329142879
2146,pltd_tim716,1,716,diesel,0.0,0.4285,-0.4285,0.0
2147,plts_tim716,1,716,solar,0.0,0.0,0.0,0.0
2148,batt_tim716,1,716,battery,0.009739000000000025,0.0,0.009739000000000025,0.005990136034000009
2149,pltd_tim717,1,717,diesel,0.005602753999999988,0.2295,-0.22389724600000002,0.0010770015632142827
2150,plts_tim717,1,717,solar,0.0,0.0,0.0,0.0
2151,batt_tim717,1,717,battery,0.0073024999999999896,0.0,0.0073024999999999896,0.003972598492285712
2152,pltd_tim718,1,718,diesel,0.0,0.4402,-0.4402,0.0
2153,plts_tim718,1,718,solar,0.0,0.0,0.0,0.0
2154,batt_tim718,1,718,battery,0.006003499999999995,0.0,0.006003499999999995,0.003940367501000003
2155,pltd_tim719,1,719,diesel,0.0,0.5758,-0.5758,0.0
2156,plts_tim719,1,719,solar,0.0,0.0,0.0,0.0
2157,batt_tim719,1,719,battery,0.25128799999999996,0.0,0.25128799999999996,0.219232289593908
2158,pltd_tim720,1,720,diesel,0.0,0.4341,-0.4341,0.0
2159,plts_tim720,1,720,solar,0.0,0.0,0.0,0.0
2160,batt_tim720,1,720,battery,0.010685658578856167,0.0,0.010685658578856167,0.005725634154184207
2161,pltd_tim721,1,721,diesel,0.01711532599999996,0.1944,-0.17728467400000003,0.005369108455178559
2162,plts_tim721,1,721,solar,0.0,0.0,0.0,0.0
2163,batt_tim721,1,721,battery,0.004197500000000021,0.0,0.004197500000000021,0.0020288340414285747
2164,pltd_tim722,1,722,diesel,0.014147469999999995,0.1242,-0.11005253000000001,0.008190130403689969
2165,plts_tim722,1,722,solar,0.025379538057690304,0.0,0.025379538057690304,0.03677529326935711
2166,batt_tim722,1,722,battery,0.04801070962726815,0.0,0.04801070962726815,0.06349037657111495
2167,pltd_tim723,1,723,diesel,0.012619393164644777,0.1494,-0.13678060683535523,0.0040942355418517205
2168,plts_tim723,1,723,solar,0.0,0.0,0.0,0.0
2169,batt_tim723,1,723,battery,0.003494367417677613,0.0,0.003494367417677613,0.0016009462005654722
2170,pltd_tim724,1,724,diesel,0.010057517000000002,0.0955,-0.085442483,0.005289003234821425
2171,plts_tim724,1,724,solar,0.0,0.0,0.0,0.0
2172,batt_tim724,1,724,battery,0.028738,0.0,0.028738,0.033583559573857155
2173,pltd_tim725,1,725,diesel,0.009247569999999997,0.0878,-0.07855243,0.004859126440178572
2174,plts_tim725,1,725,solar,0.0,0.0,0.0,0.0
2175,batt_tim725,1,725,battery,0.025462000000000005,0.0,0.025462000000000005,0.028956714464285674
2176,pltd_tim726,1,726,diesel,0.0018498236088888896,0.04,-0.03815017639111111,0.005024692566506322
2177,plts_tim726,1,726,solar,0.11259050286001475,0.0,0.11259050286001475,0.16747835755872717
2178,batt_tim726,1,726,battery,0.042562304897604236,0.0,0.042562304897604236,0.07857396481975067
2179,pltd_tim727,1,727,diesel,0.009580917999999945,0.073,-0.06341908200000004,0.007547824299920327
2180,plts_tim727,1,727,solar,0.1017107266452625,0.0,0.1017107266452625,0.15145276435403518
2181,batt_tim727,1,727,battery,0.041377297570222536,0.0,0.041377297570222536,0.06614306840235026
2182,pltd_tim728,1,728,diesel,0.006132263000000058,0.0582,-0.05206773699999995,0.003728223627418347
2183,plts_tim728,1,728,solar,0.010436729234474995,0.0,0.010436729234474995,0.016788814874995013
2184,batt_tim728,1,728,battery,0.022589659767570602,0.0,0.022589659767570602,0.029147031760681636
2185,pltd_tim729,1,729,diesel,0.014503653000000019,0.1377,-0.12319634699999997,0.007896684127058583
2186,plts_tim729,1,729,solar,0.021235264440315964,0.0,0.021235264440315964,0.030440772810457345
2187,batt_tim729,1,729,battery,0.05226817004255453,0.0,0.05226817004255453,0.06816694121060725
2188,pltd_tim730,1,730,diesel,0.008206911999999997,0.0625,-0.054293088,0.006302101225461523
2189,plts_tim730,1,730,solar,0.08797352489470696,0.0,0.08797352489470696,0.1297225487760757
2190,batt_tim730,1,730,battery,0.03544082291579416,0.0,0.03544082291579416,0.05657987433842148
2191,pltd_tim731,1,731,diesel,0.015168544017330976,0.1796,-0.16443145598266903,0.004609535998275551
2192,plts_tim731,1,731,solar,0.0,0.0,0.0,0.0
2193,batt_tim731,1,731,battery,0.004200064991334518,0.0,0.004200064991334518,0.0019026361266179887
2194,pltd_tim732,1,732,diesel,0.003089366000000038,0.0271,-0.02401063399999996,0.00258334226648298
2195,plts_tim732,1,732,solar,0.03849180957190069,0.0,0.03849180957190069,0.061919002648027154
2196,batt_tim732,1,732,battery,0.01610737247227717,0.0,0.01610737247227717,0.02558304910587945
2197,pltd_tim733,1,733,diesel,0.010390272000000006,0.0792,-0.068809728,0.007514896357847946
2198,plts_tim733,1,733,solar,0.10115328634020153,0.0,0.10115328634020153,0.1523542981702376
2199,batt_tim733,1,733,battery,0.04367754950508829,0.0,0.04367754950508829,0.06876696140366613
2200,pltd_tim734,1,734,diesel,0.0074620920000000035,0.0709,-0.063437908,0.0038558229264285685
2201,plts_tim734,1,734,solar,0.0,0.0,0.0,0.0
2202,batt_tim734,1,734,battery,0.008438999999999995,0.0,0.008438999999999995,0.006158216834142858
2203,pltd_tim735,1,735,diesel,0.004686472999999983,0.1294,-0.124713527,0.0012261988328571378
2204,plts_tim735,1,735,solar,0.0,0.0,0.0,0.0
2205,batt_tim735,1,735,battery,0.0033530000000000088,0.0,0.0033530000000000088,0.001783916271773813
2206,pltd_tim736,1,736,diesel,0.006455954000000014,0.1516,-0.145144046,0.0016235577201428578
2207,plts_tim736,1,736,solar,0.0,0.0,0.0,0.0
2208,batt_tim736,1,736,battery,0.003444500000000017,0.0,0.003444500000000017,0.0018367680867209832
2209,pltd_tim737,1,737,diesel,0.006284085999999994,0.0551,-0.04881591400000001,0.0038289193651552134
2210,plts_tim737,1,737,solar,0.014168073754580887,0.0,0.014168073754580887,0.022791160147683936
2211,batt_tim737,1,737,battery,0.021888734499891222,0.0,0.021888734499891222,0.02847973844587293
2212,pltd_tim738,1,738,diesel,0.006354318999999997,0.0558,-0.049445681000000005,0.004010278659513882
2213,plts_tim738,1,738,solar,0.01112304299942265,0.0,0.01112304299942265,0.01750065104095863
2214,batt_tim738,1,738,battery,0.02157759847051749,0.0,0.02157759847051749,0.02834201186795611
2215,pltd_tim739,1,739,diesel,0.007276203999999991,0.0555,-0.04822379600000001,0.004873587457094036
2216,plts_tim739,1,739,solar,0.03400093031883785,0.0,0.03400093031883785,0.05292141101289634
2217,batt_tim739,1,739,battery,0.024727000000000002,0.0,0.024727000000000002,0.03420494398746545
2218,pltd_tim740,1,740,diesel,0.011161520000000008,0.106,-0.09483847999999999,0.00553195118985714
2219,plts_tim740,1,740,solar,0.0,0.0,0.0,0.0
2220,batt_tim740,1,740,battery,0.031021999999999994,0.0,0.031021999999999994,0.03557756263514289
2221,pltd_tim741,1,741,diesel,0.012393998000000003,0.1177,-0.105306002,0.006675660024012473
2222,plts_tim741,1,741,solar,0.0013938487489176094,0.0,0.0013938487489176094,0.0022187814047795115
2223,batt_tim741,1,741,battery,0.03669599999999999,0.0,0.03669599999999999,0.04384917194049376
2224,pltd_tim742,1,742,diesel,0.0016831213155555583,0.0413,-0.03961687868444445,0.004007655996990458
2225,plts_tim742,1,742,solar,0.11046108357599878,0.0,0.11046108357599878,0.1750162670949874
2226,batt_tim742,1,742,battery,0.04460751858631953,0.0,0.04460751858631953,0.0828111936869487
2227,pltd_tim743,1,743,diesel,0.004915489999999995,0.0431,-0.038184510000000005,0.004074124182937765
2228,plts_tim743,1,743,solar,0.06434474032983727,0.0,0.06434474032983727,0.09977485252528474
2229,batt_tim743,1,743,battery,0.025872476979056137,0.0,0.025872476979056137,0.04171973689664434
2230,pltd_tim744,1,744,diesel,0.009864740999999996,0.0752,-0.065335259,0.006341999267766061
2231,plts_tim744,1,744,solar,0.043274778037709814,0.0,0.043274778037709814,0.06714737425437983
2232,batt_tim744,1,744,battery,0.032972,0.0,0.032972,0.045277207013650386
2233,pltd_tim745,1,745,diesel,0.0065650269999999455,0.0576,-0.05103497300000005,0.005180951159330376
2234,plts_tim745,1,745,solar,0.08058318239352967,0.0,0.08058318239352967,0.12860479594457686
2235,batt_tim745,1,745,battery,0.03404275519134181,0.0,0.03404275519134181,0.053899144610754596
2236,pltd_tim746,1,746,diesel,0.006063670000000004,0.0462,-0.04013633,0.004419807492175619
2237,plts_tim746,1,746,solar,0.0563781728621523,0.0,0.0563781728621523,0.09069150745489798
2238,batt_tim746,1,746,battery,0.025311000000000004,0.0,0.025311000000000004,0.03949737244966152
2239,pltd_tim747,1,747,diesel,0.006181825000000002,0.2532,-0.24701817499999998,0.0010552811562500005
2240,plts_tim747,1,747,solar,0.0,0.0,0.0,0.0
2241,batt_tim747,1,747,battery,0.008057499999999995,0.0,0.008057499999999995,0.004367087175999992
2242,pltd_tim748,1,748,diesel,0.012393998000000003,0.1177,-0.105306002,0.005431844955000003
2243,plts_tim748,1,748,solar,0.0,0.0,0.0,0.0
2244,batt_tim748,1,748,battery,0.014015,0.0,0.014015,0.010235403625714276
2245,pltd_tim749,1,749,diesel,0.008671094999999865,0.0761,-0.06742890500000014,0.005844596047563596
2246,plts_tim749,1,749,solar,0.10101299229533381,0.0,0.10101299229533381,0.16132724391692418
2247,batt_tim749,1,749,battery,0.044054708043340426,0.0,0.044054708043340426,0.06942284883021331
2248,pltd_tim750,1,750,diesel,0.009985095,0.0761,-0.066114905,0.006942331596758742
2249,plts_tim750,1,750,solar,0.09742484564614218,0.0,0.09742484564614218,0.15278395849068743
2250,batt_tim750,1,750,battery,0.04203795463964691,0.0,0.04203795463964691,0.06617779333930592
2251,pltd_tim751,1,751,diesel,0.0041418999999999935,0.0364,-0.03225810000000001,0.003034056367414811
2252,plts_tim751,1,751,solar,0.048031635258777315,0.0,0.048031635258777315,0.07707218634749244
2253,batt_tim751,1,751,battery,0.021046719980437723,0.0,0.021046719980437723,0.0331022021775291
2254,pltd_tim752,1,752,diesel,0.010672098000000005,0.0813,-0.07062790199999999,0.007353732132320606
2255,plts_tim752,1,752,solar,0.09228255023953437,0.0,0.09228255023953437,0.14290741920396405
2256,batt_tim752,1,752,battery,0.04343899999999999,0.0,0.04343899999999999,0.066879589885409
2257,pltd_tim753,1,753,diesel,0.0010631999999999983,0.0305,-0.029436800000000003,0.0025466956399285393
2258,plts_tim753,1,753,solar,0.07824258383410293,0.0,0.07824258383410293,0.12639685835042944
2259,batt_tim753,1,753,battery,0.03129292412891707,0.0,0.03129292412891707,0.05907015161890701
2260,pltd_tim754,1,754,diesel,0.007397855999999994,0.0702,-0.062802144,0.00445359405753877
2261,plts_tim754,1,754,solar,0.009695793822109111,0.0,0.009695793822109111,0.015467753211276697
2262,batt_tim754,1,754,battery,0.026535180167434537,0.0,0.026535180167434537,0.03438149960031944
2263,pltd_tim755,1,755,diesel,0.010836342999999998,0.1029,-0.09206365700000001,0.005491926529553576
2264,plts_tim755,1,755,solar,0.0,0.0,0.0,0.0
2265,batt_tim755,1,755,battery,0.028157,0.0,0.028157,0.0309744344642858
2266,pltd_tim756,1,756,diesel,0.010901578999999995,0.1035,-0.092598421,0.005411169947142844
2267,plts_tim756,1,756,solar,0.0,0.0,0.0,0.0
2268,batt_tim756,1,756,battery,0.016091000000000008,0.0,0.016091000000000008,0.013339326572999995
2269,pltd_tim757,1,757,diesel,0.016219420000000012,0.1423,-0.12608058,0.010071501053933896
2270,plts_tim757,1,757,solar,0.17980355244325752,0.0,0.17980355244325752,0.2903330215136101
2271,batt_tim757,1,757,battery,0.08112912146243295,0.0,0.08112912146243295,0.12653000809313272
2272,pltd_tim758,1,758,diesel,0.002634961904761896,0.0739,-0.0712650380952381,0.006256044815476175
2273,plts_tim758,1,758,solar,0.19648732346451786,0.0,0.19648732346451786,0.3125350337745945
2274,batt_tim758,1,758,battery,0.0790634908603531,0.0,0.0790634908603531,0.14726329007789496
2275,pltd_tim759,1,759,diesel,0.0026967034666666675,0.0545,-0.051803296533333335,0.006797360690000047
2276,plts_tim759,1,759,solar,0.14919767378131163,0.0,0.14919767378131163,0.23311762836411562
2277,batt_tim759,1,759,battery,0.05993573915658658,0.0,0.05993573915658658,0.1116312175807559
2278,pltd_tim760,1,760,diesel,0.021188340939341466,0.3201,-0.29891165906065853,0.00517821216886763
2279,plts_tim760,1,760,solar,0.0,0.0,0.0,0.0
2280,batt_tim760,1,760,battery,0.007643522530329294,0.0,0.007643522530329294,0.003422993105114508
2281,pltd_tim761,1,761,diesel,0.017343531999999995,0.1322,-0.11485646800000002,0.010616439308642542
2282,plts_tim761,1,761,solar,0.05428092805259862,0.0,0.05428092805259862,0.08577838647135971
2283,batt_tim761,1,761,battery,0.05412768565272386,0.0,0.05412768565272386,0.07194474636006286
2284,pltd_tim762,1,762,diesel,0.008811567000000006,0.0773,-0.06848843299999999,0.00694659560209236
2285,plts_tim762,1,762,solar,0.1086524679041386,0.0,0.1086524679041386,0.17262399873699388
2286,batt_tim762,1,762,battery,0.045694535869208255,0.0,0.045694535869208255,0.07251593899570097
2287,pltd_tim763,1,763,diesel,0.015200290000000005,0.1158,-0.10059971,0.011210379390175258
2288,plts_tim763,1,763,solar,0.1529113291639382,0.0,0.1529113291639382,0.24167987270417637
2289,batt_tim763,1,763,battery,0.06502675359814604,0.0,0.06502675359814604,0.10332573559543214
2290,pltd_tim764,1,764,diesel,0.013583579000000005,0.1035,-0.089916421,0.00947071161410715
2291,plts_tim764,1,764,solar,0.12833000228951713,0.0,0.12833000228951713,0.20314235122923444
2292,batt_tim764,1,764,battery,0.056696,0.0,0.056696,0.08874597870651155
2293,pltd_tim765,1,765,diesel,0.0028953489999999915,0.1186,-0.115704651,0.0006250349424999986
2294,plts_tim765,1,765,solar,0.0,0.0,0.0,0.0
2295,batt_tim765,1,765,battery,0.0037739999999999996,0.0,0.0037739999999999996,0.0020854486282857144
2296,pltd_tim766,1,766,diesel,0.006911089000000002,0.0656,-0.058688911,0.0033236315087499997
2297,plts_tim766,1,766,solar,0.0,0.0,0.0,0.0
2298,batt_tim766,1,766,battery,0.006859999999999998,0.0,0.006859999999999998,0.0050097417478571485
2299,pltd_tim767,1,767,diesel,0.0,0.1001,-0.1001,0.0
2300,plts_tim767,1,767,solar,0.0,0.0,0.0,0.0
2301,batt_tim767,1,767,battery,0.003262151162790692,0.0,0.003262151162790692,0.0019670994405914907
2302,pltd_tim768,1,768,diesel,0.00792039600000001,0.09,-0.08207960399999999,0.003089159328214287
2303,plts_tim768,1,768,solar,0.0,0.0,0.0,0.0
2304,batt_tim768,1,768,battery,0.0044975000000000015,0.0,0.0044975000000000015,0.002819286749285711
2305,pltd_tim769,1,769,diesel,0.007170032999999999,0.0681,-0.060929966999999995,0.0036996149388392784
2306,plts_tim769,1,769,solar,0.0,0.0,0.0,0.0
2307,batt_tim769,1,769,battery,0.008108000000000004,0.0,0.008108000000000004,0.005912842486857135
2308,pltd_tim770,1,770,diesel,0.006308696999999988,0.1038,-0.09749130300000002,0.0021611291583035707
2309,plts_tim770,1,770,solar,0.0,0.0,0.0,0.0
2310,batt_tim770,1,770,battery,0.002312500000000009,0.0,0.002312500000000009,0.0011048074812909246
2311,pltd_tim771,1,771,diesel,0.006690823999999998,0.1251,-0.11840917599999999,0.0016343523657142867
2312,plts_tim771,1,771,solar,0.0,0.0,0.0,0.0
2313,batt_tim771,1,771,battery,0.0021609999999999963,0.0,0.0021609999999999963,0.0011551716578571418
2314,pltd_tim772,1,772,diesel,0.002415535767764314,0.0622,-0.059784464232235685,0.000725199504953584
2315,plts_tim772,1,772,solar,0.0,0.0,0.0,0.0
2316,batt_tim772,1,772,battery,0.0015316291161178441,0.0,0.0015316291161178441,0.0007944176219760299
2317,pltd_tim773,1,773,diesel,0.003443423133448864,0.0887,-0.08525657686655114,0.0009432325044621163
2318,plts_tim773,1,773,solar,0.0,0.0,0.0,0.0
2319,batt_tim773,1,773,battery,0.002184250433275567,0.0,0.002184250433275567,0.0011735950967832595
2320,pltd_tim774,1,774,diesel,0.003861955999999972,0.0339,-0.030038044000000028,0.0032705392727078006
2321,plts_tim774,1,774,solar,0.047886161025071726,0.0,0.047886161025071726,0.0773980668616965
2322,batt_tim774,1,774,battery,0.020134104116127705,0.0,0.020134104116127705,0.03208069501399842
2323,pltd_tim775,1,775,diesel,0.009523809523809525,0.1439,-0.13437619047619048,0.002560397710414085
2324,plts_tim775,1,775,solar,0.0,0.0,0.0,0.0
2325,batt_tim775,1,775,battery,0.003435333622183706,0.0,0.003435333622183706,0.0015832589749615008
2326,pltd_tim776,1,776,diesel,0.006913142000000004,0.0527,-0.04578685799999999,0.004686781145352978
2327,plts_tim776,1,776,solar,0.029254671075063347,0.0,0.029254671075063347,0.04705988302213711
2328,batt_tim776,1,776,battery,0.023107999999999997,0.0,0.023107999999999997,0.03166498720029171
2329,pltd_tim777,1,777,diesel,0.010772106999999989,0.1023,-0.09152789300000001,0.005901695314013939
2330,plts_tim777,1,777,solar,0.0,0.0,0.0,0.0
2331,batt_tim777,1,777,battery,0.03016472878021361,0.0,0.03016472878021361,0.034779687061229775
2332,pltd_tim778,1,778,diesel,0.006100145000000001,0.0579,-0.051799855,0.0031814093499999974
2333,plts_tim778,1,778,solar,0.0,0.0,0.0,0.0
2334,batt_tim778,1,778,battery,0.015848,0.0,0.015848,0.017442300624999997
2335,pltd_tim779,1,779,diesel,0.008630334000000003,0.0819,-0.073269666,0.0048525700904070036
2336,plts_tim779,1,779,solar,0.0,0.0,0.0,0.0
2337,batt_tim779,1,779,battery,0.023959443914081148,0.0,0.023959443914081148,0.02744546206465232
2338,pltd_tim780,1,780,diesel,0.012199290000000002,0.1158,-0.10360071,0.006270099640178563
2339,plts_tim780,1,780,solar,0.0,0.0,0.0,0.0
2340,batt_tim780,1,780,battery,0.011268,0.0,0.011268,0.008211192351000015
