Segment,Zone,NSE_Price,Max_NSE_MW,Total_NSE_MWh,NSE_Percent_of_Demand
1,1,2000.0,0.0,0.0,0.0
1,2,2000.0,0.0,0.0,0.0
1,3,2000.0,0.0,0.0,0.0
1,4,2000.0,0.0,0.0,0.0
1,5,2000.0,0.0,0.0,0.0
1,6,2000.0,0.0,0.0,0.0
1,7,2000.0,0.0,0.0,0.0
1,8,2000.0,0.0,0.0,0.0
1,9,2000.0,0.0,0.0,0.0
1,10,2000.0,0.0,0.0,0.0
1,11,2000.0,0.0,0.0,0.0
1,12,2000.0,0.0,0.0,0.0
1,13,2000.0,0.0,0.0,0.0
1,14,2000.0,0.0,0.0,0.0
1,15,2000.0,0.0,0.0,0.0
1,16,2000.0,0.0,0.0,0.0
1,17,2000.0,0.0,0.0,0.0
1,18,2000.0,0.0,0.0,0.0
1,19,2000.0,0.0,0.0,0.0
1,20,2000.0,0.0,0.0,0.0
1,21,2000.0,0.0,0.0,0.0
1,22,2000.0,0.0,0.0,0.0
1,23,2000.0,0.0,0.0,0.0
1,24,2000.0,0.0,0.0,0.0
1,25,2000.0,0.0,0.0,0.0
1,26,2000.0,0.0,0.0,0.0
1,27,2000.0,0.0,0.0,0.0
1,28,2000.0,0.0,0.0,0.0
1,29,2000.0,0.0,0.0,0.0
1,30,2000.0,0.0,0.0,0.0
1,31,2000.0,0.0,0.0,0.0
1,32,2000.0,0.0,0.0,0.0
1,33,2000.0,0.0,0.0,0.0
1,34,2000.0,0.0,0.0,0.0
1,35,2000.0,0.0,0.0,0.0
1,36,2000.0,0.0,0.0,0.0
1,37,2000.0,0.0,0.0,0.0
1,38,2000.0,0.0,0.0,0.0
1,39,2000.0,0.0,0.0,0.0
1,40,2000.0,0.0,0.0,0.0
1,41,2000.0,0.0,0.0,0.0
1,42,2000.0,0.0,0.0,0.0
1,43,2000.0,0.0,0.0,0.0
1,44,2000.0,0.0,0.0,0.0
1,45,2000.0,0.0,0.0,0.0
1,46,2000.0,0.0,0.0,0.0
1,47,2000.0,0.0,0.0,0.0
1,48,2000.0,0.0,0.0,0.0
1,49,2000.0,0.0,0.0,0.0
1,50,2000.0,0.0,0.0,0.0
1,51,2000.0,0.0,0.0,0.0
1,52,2000.0,0.0,0.0,0.0
1,53,2000.0,0.0,0.0,0.0
1,54,2000.0,0.0,0.0,0.0
1,55,2000.0,0.0,0.0,0.0
1,56,2000.0,0.0,0.0,0.0
1,57,2000.0,0.0,0.0,0.0
1,58,2000.0,0.0,0.0,0.0
1,59,2000.0,0.0,0.0,0.0
1,60,2000.0,0.0,0.0,0.0
1,61,2000.0,0.0,0.0,0.0
1,62,2000.0,0.0,0.0,0.0
1,63,2000.0,0.0,0.0,0.0
1,64,2000.0,0.0,0.0,0.0
1,65,2000.0,0.0,0.0,0.0
1,66,2000.0,0.0,0.0,0.0
1,67,2000.0,0.0,0.0,0.0
1,68,2000.0,0.0,0.0,0.0
1,69,2000.0,0.0,0.0,0.0
1,70,2000.0,0.0,0.0,0.0
1,71,2000.0,0.0,0.0,0.0
1,72,2000.0,0.0,0.0,0.0
1,73,2000.0,0.0,0.0,0.0
1,74,2000.0,0.0,0.0,0.0
1,75,2000.0,0.0,0.0,0.0
1,76,2000.0,0.0,0.0,0.0
1,77,2000.0,0.0,0.0,0.0
1,78,2000.0,0.0,0.0,0.0
1,79,2000.0,0.0,0.0,0.0
1,80,2000.0,0.0,0.0,0.0
1,81,2000.0,0.0,0.0,0.0
1,82,2000.0,0.0,0.0,0.0
1,83,2000.0,0.0,0.0,0.0
1,84,2000.0,0.0,0.0,0.0
1,85,2000.0,0.0,0.0,0.0
1,86,2000.0,0.0,0.0,0.0
1,87,2000.0,0.0,0.0,0.0
1,88,2000.0,0.0,0.0,0.0
1,89,2000.0,0.0,0.0,0.0
1,90,2000.0,0.0,0.0,0.0
1,91,2000.0,0.0,0.0,0.0
1,92,2000.0,0.0,0.0,0.0
1,93,2000.0,0.0,0.0,0.0
1,94,2000.0,0.0,0.0,0.0
1,95,2000.0,0.0,0.0,0.0
1,96,2000.0,0.0,0.0,0.0
1,97,2000.0,0.0,0.0,0.0
1,98,2000.0,0.0,0.0,0.0
1,99,2000.0,0.0,0.0,0.0
1,100,2000.0,0.0,0.0,0.0
1,101,2000.0,0.0,0.0,0.0
1,102,2000.0,0.0,0.0,0.0
1,103,2000.0,0.0,0.0,0.0
1,104,2000.0,0.0,0.0,0.0
1,105,2000.0,0.0,0.0,0.0
1,106,2000.0,0.0,0.0,0.0
1,107,2000.0,0.0,0.0,0.0
1,108,2000.0,0.0,0.0,0.0
1,109,2000.0,0.0,0.0,0.0
1,110,2000.0,0.0,0.0,0.0
1,111,2000.0,0.0,0.0,0.0
1,112,2000.0,0.0,0.0,0.0
1,113,2000.0,0.0,0.0,0.0
1,114,2000.0,0.0,0.0,0.0
1,115,2000.0,0.0,0.0,0.0
1,116,2000.0,0.0,0.0,0.0
1,117,2000.0,0.0,0.0,0.0
1,118,2000.0,0.0,0.0,0.0
1,119,2000.0,0.0,0.0,0.0
1,120,2000.0,0.0,0.0,0.0
1,121,2000.0,0.0,0.0,0.0
1,122,2000.0,0.0,0.0,0.0
1,123,2000.0,0.0,0.0,0.0
1,124,2000.0,0.0,0.0,0.0
1,125,2000.0,0.0,0.0,0.0
1,126,2000.0,0.0,0.0,0.0
1,127,2000.0,0.0,0.0,0.0
1,128,2000.0,0.0,0.0,0.0
1,129,2000.0,0.0,0.0,0.0
1,130,2000.0,0.0,0.0,0.0
1,131,2000.0,0.0,0.0,0.0
1,132,2000.0,0.0,0.0,0.0
1,133,2000.0,0.0,0.0,0.0
1,134,2000.0,0.0,0.0,0.0
1,135,2000.0,0.0,0.0,0.0
1,136,2000.0,0.0,0.0,0.0
1,137,2000.0,0.0,0.0,0.0
1,138,2000.0,0.0,0.0,0.0
1,139,2000.0,0.0,0.0,0.0
1,140,2000.0,0.0,0.0,0.0
1,141,2000.0,0.0,0.0,0.0
1,142,2000.0,0.0,0.0,0.0
1,143,2000.0,0.0,0.0,0.0
1,144,2000.0,0.0,0.0,0.0
1,145,2000.0,0.0,0.0,0.0
1,146,2000.0,0.0,0.0,0.0
1,147,2000.0,0.0,0.0,0.0
1,148,2000.0,0.0,0.0,0.0
1,149,2000.0,0.0,0.0,0.0
1,150,2000.0,0.0,0.0,0.0
1,151,2000.0,0.0,0.0,0.0
1,152,2000.0,0.0,0.0,0.0
1,153,2000.0,0.0,0.0,0.0
1,154,2000.0,0.0,0.0,0.0
1,155,2000.0,0.0,0.0,0.0
1,156,2000.0,0.0,0.0,0.0
1,157,2000.0,0.0,0.0,0.0
1,158,2000.0,0.0,0.0,0.0
1,159,2000.0,0.0,0.0,0.0
1,160,2000.0,0.0,0.0,0.0
1,161,2000.0,0.0,0.0,0.0
1,162,2000.0,0.0,0.0,0.0
1,163,2000.0,0.0,0.0,0.0
1,164,2000.0,0.0,0.0,0.0
1,165,2000.0,0.0,0.0,0.0
1,166,2000.0,0.0,0.0,0.0
1,167,2000.0,0.0,0.0,0.0
1,168,2000.0,0.0,0.0,0.0
1,169,2000.0,0.0,0.0,0.0
1,170,2000.0,0.0,0.0,0.0
1,171,2000.0,0.0,0.0,0.0
1,172,2000.0,0.0,0.0,0.0
1,173,2000.0,0.0,0.0,0.0
1,174,2000.0,0.0,0.0,0.0
1,175,2000.0,0.0,0.0,0.0
1,176,2000.0,0.0,0.0,0.0
1,177,2000.0,0.0,0.0,0.0
1,178,2000.0,0.0,0.0,0.0
1,179,2000.0,0.0,0.0,0.0
1,180,2000.0,0.0,0.0,0.0
1,181,2000.0,0.0,0.0,0.0
1,182,2000.0,0.0,0.0,0.0
1,183,2000.0,0.0,0.0,0.0
1,184,2000.0,0.0,0.0,0.0
1,185,2000.0,0.0,0.0,0.0
1,186,2000.0,0.0,0.0,0.0
1,187,2000.0,0.0,0.0,0.0
1,188,2000.0,0.0,0.0,0.0
1,189,2000.0,0.0,0.0,0.0
1,190,2000.0,0.0,0.0,0.0
1,191,2000.0,0.0,0.0,0.0
1,192,2000.0,0.0,0.0,0.0
1,193,2000.0,0.0,0.0,0.0
1,194,2000.0,0.0,0.0,0.0
1,195,2000.0,0.0,0.0,0.0
1,196,2000.0,0.0,0.0,0.0
1,197,2000.0,0.0,0.0,0.0
1,198,2000.0,0.0,0.0,0.0
1,199,2000.0,0.0,0.0,0.0
1,200,2000.0,0.0,0.0,0.0
1,201,2000.0,0.0,0.0,0.0
1,202,2000.0,0.0,0.0,0.0
1,203,2000.0,0.0,0.0,0.0
1,204,2000.0,0.0,0.0,0.0
1,205,2000.0,0.0,0.0,0.0
1,206,2000.0,0.0,0.0,0.0
1,207,2000.0,0.0,0.0,0.0
1,208,2000.0,0.0,0.0,0.0
1,209,2000.0,0.0,0.0,0.0
1,210,2000.0,0.0,0.0,0.0
1,211,2000.0,0.0,0.0,0.0
1,212,2000.0,0.0,0.0,0.0
1,213,2000.0,0.0,0.0,0.0
1,214,2000.0,0.0,0.0,0.0
1,215,2000.0,0.0,0.0,0.0
1,216,2000.0,0.0,0.0,0.0
1,217,2000.0,0.0,0.0,0.0
1,218,2000.0,0.0,0.0,0.0
1,219,2000.0,0.0,0.0,0.0
1,220,2000.0,0.0,0.0,0.0
1,221,2000.0,0.0,0.0,0.0
1,222,2000.0,0.0,0.0,0.0
1,223,2000.0,0.0,0.0,0.0
1,224,2000.0,0.0,0.0,0.0
1,225,2000.0,0.0,0.0,0.0
1,226,2000.0,0.0,0.0,0.0
1,227,2000.0,0.0,0.0,0.0
1,228,2000.0,0.0,0.0,0.0
1,229,2000.0,0.0,0.0,0.0
1,230,2000.0,0.0,0.0,0.0
1,231,2000.0,0.0,0.0,0.0
1,232,2000.0,0.0,0.0,0.0
1,233,2000.0,0.0,0.0,0.0
1,234,2000.0,0.0,0.0,0.0
1,235,2000.0,0.0,0.0,0.0
1,236,2000.0,0.0,0.0,0.0
1,237,2000.0,0.0,0.0,0.0
1,238,2000.0,0.0,0.0,0.0
1,239,2000.0,0.0,0.0,0.0
1,240,2000.0,0.0,0.0,0.0
1,241,2000.0,0.0,0.0,0.0
1,242,2000.0,0.0,0.0,0.0
1,243,2000.0,0.0,0.0,0.0
1,244,2000.0,0.0,0.0,0.0
1,245,2000.0,0.0,0.0,0.0
1,246,2000.0,0.0,0.0,0.0
1,247,2000.0,0.0,0.0,0.0
1,248,2000.0,0.0,0.0,0.0
1,249,2000.0,0.0,0.0,0.0
1,250,2000.0,0.0,0.0,0.0
1,251,2000.0,0.0,0.0,0.0
1,252,2000.0,0.0,0.0,0.0
1,253,2000.0,0.0,0.0,0.0
1,254,2000.0,0.0,0.0,0.0
1,255,2000.0,0.0,0.0,0.0
1,256,2000.0,0.0,0.0,0.0
1,257,2000.0,0.0,0.0,0.0
1,258,2000.0,0.0,0.0,0.0
1,259,2000.0,0.0,0.0,0.0
1,260,2000.0,0.0,0.0,0.0
1,261,2000.0,0.0,0.0,0.0
1,262,2000.0,0.0,0.0,0.0
1,263,2000.0,0.0,0.0,0.0
1,264,2000.0,0.0,0.0,0.0
1,265,2000.0,0.0,0.0,0.0
1,266,2000.0,0.0,0.0,0.0
1,267,2000.0,0.0,0.0,0.0
1,268,2000.0,0.0,0.0,0.0
1,269,2000.0,0.0,0.0,0.0
1,270,2000.0,0.0,0.0,0.0
1,271,2000.0,0.0,0.0,0.0
1,272,2000.0,0.0,0.0,0.0
1,273,2000.0,0.0,0.0,0.0
1,274,2000.0,0.0,0.0,0.0
1,275,2000.0,0.0,0.0,0.0
1,276,2000.0,0.0,0.0,0.0
1,277,2000.0,0.0,0.0,0.0
1,278,2000.0,0.0,0.0,0.0
1,279,2000.0,0.0,0.0,0.0
1,280,2000.0,0.0,0.0,0.0
1,281,2000.0,0.0,0.0,0.0
1,282,2000.0,0.0,0.0,0.0
1,283,2000.0,0.0,0.0,0.0
1,284,2000.0,0.0,0.0,0.0
1,285,2000.0,0.0,0.0,0.0
1,286,2000.0,0.0,0.0,0.0
1,287,2000.0,0.0,0.0,0.0
1,288,2000.0,0.0,0.0,0.0
1,289,2000.0,0.0,0.0,0.0
1,290,2000.0,0.0,0.0,0.0
1,291,2000.0,0.0,0.0,0.0
1,292,2000.0,0.0,0.0,0.0
1,293,2000.0,0.0,0.0,0.0
1,294,2000.0,0.0,0.0,0.0
1,295,2000.0,0.0,0.0,0.0
1,296,2000.0,0.0,0.0,0.0
1,297,2000.0,0.0,0.0,0.0
1,298,2000.0,0.0,0.0,0.0
1,299,2000.0,0.0,0.0,0.0
1,300,2000.0,0.0,0.0,0.0
1,301,2000.0,0.0,0.0,0.0
1,302,2000.0,0.0,0.0,0.0
1,303,2000.0,0.0,0.0,0.0
1,304,2000.0,0.0,0.0,0.0
1,305,2000.0,0.0,0.0,0.0
1,306,2000.0,0.0,0.0,0.0
1,307,2000.0,0.0,0.0,0.0
1,308,2000.0,0.0,0.0,0.0
1,309,2000.0,0.0,0.0,0.0
1,310,2000.0,0.0,0.0,0.0
1,311,2000.0,0.0,0.0,0.0
1,312,2000.0,0.0,0.0,0.0
1,313,2000.0,0.0,0.0,0.0
1,314,2000.0,0.0,0.0,0.0
1,315,2000.0,0.0,0.0,0.0
1,316,2000.0,0.0,0.0,0.0
1,317,2000.0,0.0,0.0,0.0
1,318,2000.0,0.0,0.0,0.0
1,319,2000.0,0.0,0.0,0.0
1,320,2000.0,0.0,0.0,0.0
1,321,2000.0,0.0,0.0,0.0
1,322,2000.0,0.0,0.0,0.0
1,323,2000.0,0.0,0.0,0.0
1,324,2000.0,0.0,0.0,0.0
1,325,2000.0,0.0,0.0,0.0
1,326,2000.0,0.0,0.0,0.0
1,327,2000.0,0.0,0.0,0.0
1,328,2000.0,0.0,0.0,0.0
1,329,2000.0,0.0,0.0,0.0
1,330,2000.0,0.0,0.0,0.0
1,331,2000.0,0.0,0.0,0.0
1,332,2000.0,0.0,0.0,0.0
1,333,2000.0,0.0,0.0,0.0
1,334,2000.0,0.0,0.0,0.0
1,335,2000.0,0.0,0.0,0.0
1,336,2000.0,0.0,0.0,0.0
1,337,2000.0,0.0,0.0,0.0
1,338,2000.0,0.0,0.0,0.0
1,339,2000.0,0.0,0.0,0.0
1,340,2000.0,0.0,0.0,0.0
1,341,2000.0,0.0,0.0,0.0
1,342,2000.0,0.0,0.0,0.0
1,343,2000.0,0.0,0.0,0.0
1,344,2000.0,0.0,0.0,0.0
1,345,2000.0,0.0,0.0,0.0
1,346,2000.0,0.0,0.0,0.0
1,347,2000.0,0.0,0.0,0.0
1,348,2000.0,0.0,0.0,0.0
1,349,2000.0,0.0,0.0,0.0
1,350,2000.0,0.0,0.0,0.0
1,351,2000.0,0.0,0.0,0.0
1,352,2000.0,0.0,0.0,0.0
1,353,2000.0,0.0,0.0,0.0
1,354,2000.0,0.0,0.0,0.0
1,355,2000.0,0.0,0.0,0.0
1,356,2000.0,0.0,0.0,0.0
1,357,2000.0,0.0,0.0,0.0
1,358,2000.0,0.0,0.0,0.0
1,359,2000.0,0.0,0.0,0.0
1,360,2000.0,0.0,0.0,0.0
1,361,2000.0,0.0,0.0,0.0
1,362,2000.0,0.0,0.0,0.0
1,363,2000.0,0.0,0.0,0.0
1,364,2000.0,0.0,0.0,0.0
1,365,2000.0,0.0,0.0,0.0
1,366,2000.0,0.0,0.0,0.0
1,367,2000.0,0.0,0.0,0.0
1,368,2000.0,0.0,0.0,0.0
1,369,2000.0,0.0,0.0,0.0
1,370,2000.0,0.0,0.0,0.0
1,371,2000.0,0.0,0.0,0.0
1,372,2000.0,0.0,0.0,0.0
1,373,2000.0,0.0,0.0,0.0
1,374,2000.0,0.0,0.0,0.0
1,375,2000.0,0.0,0.0,0.0
1,376,2000.0,0.0,0.0,0.0
1,377,2000.0,0.0,0.0,0.0
1,378,2000.0,0.0,0.0,0.0
1,379,2000.0,0.0,0.0,0.0
1,380,2000.0,0.0,0.0,0.0
1,381,2000.0,0.0,0.0,0.0
1,382,2000.0,0.0,0.0,0.0
1,383,2000.0,0.0,0.0,0.0
1,384,2000.0,0.0,0.0,0.0
1,385,2000.0,0.0,0.0,0.0
1,386,2000.0,0.0,0.0,0.0
1,387,2000.0,0.0,0.0,0.0
1,388,2000.0,0.0,0.0,0.0
1,389,2000.0,0.0,0.0,0.0
1,390,2000.0,0.0,0.0,0.0
1,391,2000.0,0.0,0.0,0.0
1,392,2000.0,0.0,0.0,0.0
1,393,2000.0,0.0,0.0,0.0
1,394,2000.0,0.0,0.0,0.0
1,395,2000.0,0.0,0.0,0.0
1,396,2000.0,0.0,0.0,0.0
1,397,2000.0,0.0,0.0,0.0
1,398,2000.0,0.0,0.0,0.0
1,399,2000.0,0.0,0.0,0.0
1,400,2000.0,0.0,0.0,0.0
1,401,2000.0,0.0,0.0,0.0
1,402,2000.0,0.0,0.0,0.0
1,403,2000.0,0.0,0.0,0.0
1,404,2000.0,0.0,0.0,0.0
1,405,2000.0,0.0,0.0,0.0
1,406,2000.0,0.0,0.0,0.0
1,407,2000.0,0.0,0.0,0.0
1,408,2000.0,0.0,0.0,0.0
1,409,2000.0,0.0,0.0,0.0
1,410,2000.0,0.0,0.0,0.0
1,411,2000.0,0.0,0.0,0.0
1,412,2000.0,0.0,0.0,0.0
1,413,2000.0,0.0,0.0,0.0
1,414,2000.0,0.0,0.0,0.0
1,415,2000.0,0.0,0.0,0.0
1,416,2000.0,0.0,0.0,0.0
1,417,2000.0,0.0,0.0,0.0
1,418,2000.0,0.0,0.0,0.0
1,419,2000.0,0.0,0.0,0.0
1,420,2000.0,0.0,0.0,0.0
1,421,2000.0,0.0,0.0,0.0
1,422,2000.0,0.0,0.0,0.0
1,423,2000.0,0.0,0.0,0.0
1,424,2000.0,0.0,0.0,0.0
1,425,2000.0,0.0,0.0,0.0
1,426,2000.0,0.0,0.0,0.0
1,427,2000.0,0.0,0.0,0.0
1,428,2000.0,0.0,0.0,0.0
1,429,2000.0,0.0,0.0,0.0
1,430,2000.0,0.0,0.0,0.0
1,431,2000.0,0.0,0.0,0.0
1,432,2000.0,0.0,0.0,0.0
1,433,2000.0,0.0,0.0,0.0
1,434,2000.0,0.0,0.0,0.0
1,435,2000.0,0.0,0.0,0.0
1,436,2000.0,0.0,0.0,0.0
1,437,2000.0,0.0,0.0,0.0
1,438,2000.0,0.0,0.0,0.0
1,439,2000.0,0.0,0.0,0.0
1,440,2000.0,0.0,0.0,0.0
1,441,2000.0,0.0,0.0,0.0
1,442,2000.0,0.0,0.0,0.0
1,443,2000.0,0.0,0.0,0.0
1,444,2000.0,0.0,0.0,0.0
1,445,2000.0,0.0,0.0,0.0
1,446,2000.0,0.0,0.0,0.0
1,447,2000.0,0.0,0.0,0.0
1,448,2000.0,0.0,0.0,0.0
1,449,2000.0,0.0,0.0,0.0
1,450,2000.0,0.0,0.0,0.0
1,451,2000.0,0.0,0.0,0.0
1,452,2000.0,0.0,0.0,0.0
1,453,2000.0,0.0,0.0,0.0
1,454,2000.0,0.0,0.0,0.0
1,455,2000.0,0.0,0.0,0.0
1,456,2000.0,0.0,0.0,0.0
1,457,2000.0,0.0,0.0,0.0
1,458,2000.0,0.0,0.0,0.0
1,459,2000.0,0.0,0.0,0.0
1,460,2000.0,0.0,0.0,0.0
1,461,2000.0,0.0,0.0,0.0
1,462,2000.0,0.0,0.0,0.0
1,463,2000.0,0.0,0.0,0.0
1,464,2000.0,0.0,0.0,0.0
1,465,2000.0,0.0,0.0,0.0
1,466,2000.0,0.0,0.0,0.0
1,467,2000.0,0.0,0.0,0.0
1,468,2000.0,0.0,0.0,0.0
1,469,2000.0,0.0,0.0,0.0
1,470,2000.0,0.0,0.0,0.0
1,471,2000.0,0.0,0.0,0.0
1,472,2000.0,0.0,0.0,0.0
1,473,2000.0,0.0,0.0,0.0
1,474,2000.0,0.0,0.0,0.0
1,475,2000.0,0.0,0.0,0.0
1,476,2000.0,0.0,0.0,0.0
1,477,2000.0,0.0,0.0,0.0
1,478,2000.0,0.0,0.0,0.0
1,479,2000.0,0.0,0.0,0.0
1,480,2000.0,0.0,0.0,0.0
1,481,2000.0,0.0,0.0,0.0
1,482,2000.0,0.0,0.0,0.0
1,483,2000.0,0.0,0.0,0.0
1,484,2000.0,0.0,0.0,0.0
1,485,2000.0,0.0,0.0,0.0
1,486,2000.0,0.0,0.0,0.0
1,487,2000.0,0.0,0.0,0.0
1,488,2000.0,0.0,0.0,0.0
1,489,2000.0,0.0,0.0,0.0
1,490,2000.0,0.0,0.0,0.0
1,491,2000.0,0.0,0.0,0.0
1,492,2000.0,0.0,0.0,0.0
1,493,2000.0,0.0,0.0,0.0
1,494,2000.0,0.0,0.0,0.0
1,495,2000.0,0.0,0.0,0.0
1,496,2000.0,0.0,0.0,0.0
1,497,2000.0,0.0,0.0,0.0
1,498,2000.0,0.0,0.0,0.0
1,499,2000.0,0.0,0.0,0.0
1,500,2000.0,0.0,0.0,0.0
1,501,2000.0,0.0,0.0,0.0
1,502,2000.0,0.0,0.0,0.0
1,503,2000.0,0.0,0.0,0.0
1,504,2000.0,0.0,0.0,0.0
1,505,2000.0,0.0,0.0,0.0
1,506,2000.0,0.0,0.0,0.0
1,507,2000.0,0.0,0.0,0.0
1,508,2000.0,0.0,0.0,0.0
1,509,2000.0,0.0,0.0,0.0
1,510,2000.0,0.0,0.0,0.0
1,511,2000.0,0.0,0.0,0.0
1,512,2000.0,0.0,0.0,0.0
1,513,2000.0,0.0,0.0,0.0
1,514,2000.0,0.0,0.0,0.0
1,515,2000.0,0.0,0.0,0.0
1,516,2000.0,0.0,0.0,0.0
1,517,2000.0,0.0,0.0,0.0
1,518,2000.0,0.0,0.0,0.0
1,519,2000.0,0.0,0.0,0.0
1,520,2000.0,0.0,0.0,0.0
1,521,2000.0,0.0,0.0,0.0
1,522,2000.0,0.0,0.0,0.0
1,523,2000.0,0.0,0.0,0.0
1,524,2000.0,0.0,0.0,0.0
1,525,2000.0,0.0,0.0,0.0
1,526,2000.0,0.0,0.0,0.0
1,527,2000.0,0.0,0.0,0.0
1,528,2000.0,0.0,0.0,0.0
1,529,2000.0,0.0,0.0,0.0
1,530,2000.0,0.0,0.0,0.0
1,531,2000.0,0.0,0.0,0.0
1,532,2000.0,0.0,0.0,0.0
1,533,2000.0,0.0,0.0,0.0
1,534,2000.0,0.0,0.0,0.0
1,535,2000.0,0.0,0.0,0.0
1,536,2000.0,0.0,0.0,0.0
1,537,2000.0,0.0,0.0,0.0
1,538,2000.0,0.0,0.0,0.0
1,539,2000.0,0.0,0.0,0.0
1,540,2000.0,0.0,0.0,0.0
1,541,2000.0,0.0,0.0,0.0
1,542,2000.0,0.0,0.0,0.0
1,543,2000.0,0.0,0.0,0.0
1,544,2000.0,0.0,0.0,0.0
1,545,2000.0,0.0,0.0,0.0
1,546,2000.0,0.0,0.0,0.0
1,547,2000.0,0.0,0.0,0.0
1,548,2000.0,0.0,0.0,0.0
1,549,2000.0,0.0,0.0,0.0
1,550,2000.0,0.0,0.0,0.0
1,551,2000.0,0.0,0.0,0.0
1,552,2000.0,0.0,0.0,0.0
1,553,2000.0,0.0,0.0,0.0
1,554,2000.0,0.0,0.0,0.0
1,555,2000.0,0.0,0.0,0.0
1,556,2000.0,0.0,0.0,0.0
1,557,2000.0,0.0,0.0,0.0
1,558,2000.0,0.0,0.0,0.0
1,559,2000.0,0.0,0.0,0.0
1,560,2000.0,0.0,0.0,0.0
1,561,2000.0,0.0,0.0,0.0
1,562,2000.0,0.0,0.0,0.0
1,563,2000.0,0.0,0.0,0.0
1,564,2000.0,0.0,0.0,0.0
1,565,2000.0,0.0,0.0,0.0
1,566,2000.0,0.0,0.0,0.0
1,567,2000.0,0.0,0.0,0.0
1,568,2000.0,0.0,0.0,0.0
1,569,2000.0,0.0,0.0,0.0
1,570,2000.0,0.0,0.0,0.0
1,571,2000.0,0.0,0.0,0.0
1,572,2000.0,0.0,0.0,0.0
1,573,2000.0,0.0,0.0,0.0
1,574,2000.0,0.0,0.0,0.0
1,575,2000.0,0.0,0.0,0.0
1,576,2000.0,0.0,0.0,0.0
1,577,2000.0,0.0,0.0,0.0
1,578,2000.0,0.0,0.0,0.0
1,579,2000.0,0.0,0.0,0.0
1,580,2000.0,0.0,0.0,0.0
1,581,2000.0,0.0,0.0,0.0
1,582,2000.0,0.0,0.0,0.0
1,583,2000.0,0.0,0.0,0.0
1,584,2000.0,0.0,0.0,0.0
1,585,2000.0,0.0,0.0,0.0
1,586,2000.0,0.0,0.0,0.0
1,587,2000.0,0.0,0.0,0.0
1,588,2000.0,0.0,0.0,0.0
1,589,2000.0,0.0,0.0,0.0
1,590,2000.0,0.0,0.0,0.0
1,591,2000.0,0.0,0.0,0.0
1,592,2000.0,0.0,0.0,0.0
1,593,2000.0,0.0,0.0,0.0
1,594,2000.0,0.0,0.0,0.0
1,595,2000.0,0.0,0.0,0.0
1,596,2000.0,0.0,0.0,0.0
1,597,2000.0,0.0,0.0,0.0
1,598,2000.0,0.0,0.0,0.0
1,599,2000.0,0.0,0.0,0.0
1,600,2000.0,0.0,0.0,0.0
1,601,2000.0,0.0,0.0,0.0
1,602,2000.0,0.0,0.0,0.0
1,603,2000.0,0.0,0.0,0.0
1,604,2000.0,0.0,0.0,0.0
1,605,2000.0,0.0,0.0,0.0
1,606,2000.0,0.0,0.0,0.0
1,607,2000.0,0.0,0.0,0.0
1,608,2000.0,0.0,0.0,0.0
1,609,2000.0,0.0,0.0,0.0
1,610,2000.0,0.0,0.0,0.0
1,611,2000.0,0.0,0.0,0.0
1,612,2000.0,0.0,0.0,0.0
1,613,2000.0,0.0,0.0,0.0
1,614,2000.0,0.0,0.0,0.0
1,615,2000.0,0.0,0.0,0.0
1,616,2000.0,0.0,0.0,0.0
1,617,2000.0,0.0,0.0,0.0
1,618,2000.0,0.0,0.0,0.0
1,619,2000.0,0.0,0.0,0.0
1,620,2000.0,0.0,0.0,0.0
1,621,2000.0,0.0,0.0,0.0
1,622,2000.0,0.0,0.0,0.0
1,623,2000.0,0.0,0.0,0.0
1,624,2000.0,0.0,0.0,0.0
1,625,2000.0,0.0,0.0,0.0
1,626,2000.0,0.0,0.0,0.0
1,627,2000.0,0.0,0.0,0.0
1,628,2000.0,0.0,0.0,0.0
1,629,2000.0,0.0,0.0,0.0
1,630,2000.0,0.0,0.0,0.0
1,631,2000.0,0.0,0.0,0.0
1,632,2000.0,0.0,0.0,0.0
1,633,2000.0,0.0,0.0,0.0
1,634,2000.0,0.0,0.0,0.0
1,635,2000.0,0.0,0.0,0.0
1,636,2000.0,0.0,0.0,0.0
1,637,2000.0,0.0,0.0,0.0
1,638,2000.0,0.0,0.0,0.0
1,639,2000.0,0.0,0.0,0.0
1,640,2000.0,0.0,0.0,0.0
1,641,2000.0,0.0,0.0,0.0
1,642,2000.0,0.0,0.0,0.0
1,643,2000.0,0.0,0.0,0.0
1,644,2000.0,0.0,0.0,0.0
1,645,2000.0,0.0,0.0,0.0
1,646,2000.0,0.0,0.0,0.0
1,647,2000.0,0.0,0.0,0.0
1,648,2000.0,0.0,0.0,0.0
1,649,2000.0,0.0,0.0,0.0
1,650,2000.0,0.0,0.0,0.0
1,651,2000.0,0.0,0.0,0.0
1,652,2000.0,0.0,0.0,0.0
1,653,2000.0,0.0,0.0,0.0
1,654,2000.0,0.0,0.0,0.0
1,655,2000.0,0.0,0.0,0.0
1,656,2000.0,0.0,0.0,0.0
1,657,2000.0,0.0,0.0,0.0
1,658,2000.0,0.0,0.0,0.0
1,659,2000.0,0.0,0.0,0.0
1,660,2000.0,0.0,0.0,0.0
1,661,2000.0,0.0,0.0,0.0
1,662,2000.0,0.0,0.0,0.0
1,663,2000.0,0.0,0.0,0.0
1,664,2000.0,0.0,0.0,0.0
1,665,2000.0,0.0,0.0,0.0
1,666,2000.0,0.0,0.0,0.0
1,667,2000.0,0.0,0.0,0.0
1,668,2000.0,0.0,0.0,0.0
1,669,2000.0,0.0,0.0,0.0
1,670,2000.0,0.0,0.0,0.0
1,671,2000.0,0.0,0.0,0.0
1,672,2000.0,0.0,0.0,0.0
1,673,2000.0,0.0,0.0,0.0
1,674,2000.0,0.0,0.0,0.0
1,675,2000.0,0.0,0.0,0.0
1,676,2000.0,0.0,0.0,0.0
1,677,2000.0,0.0,0.0,0.0
1,678,2000.0,0.0,0.0,0.0
1,679,2000.0,0.0,0.0,0.0
1,680,2000.0,0.0,0.0,0.0
1,681,2000.0,0.0,0.0,0.0
1,682,2000.0,0.0,0.0,0.0
1,683,2000.0,0.0,0.0,0.0
1,684,2000.0,0.0,0.0,0.0
1,685,2000.0,0.0,0.0,0.0
1,686,2000.0,0.0,0.0,0.0
1,687,2000.0,0.0,0.0,0.0
1,688,2000.0,0.0,0.0,0.0
1,689,2000.0,0.0,0.0,0.0
1,690,2000.0,0.0,0.0,0.0
1,691,2000.0,0.0,0.0,0.0
1,692,2000.0,0.0,0.0,0.0
1,693,2000.0,0.0,0.0,0.0
1,694,2000.0,0.0,0.0,0.0
1,695,2000.0,0.0,0.0,0.0
1,696,2000.0,0.0,0.0,0.0
1,697,2000.0,0.0,0.0,0.0
1,698,2000.0,0.0,0.0,0.0
1,699,2000.0,0.0,0.0,0.0
1,700,2000.0,0.0,0.0,0.0
1,701,2000.0,0.0,0.0,0.0
1,702,2000.0,0.0,0.0,0.0
1,703,2000.0,0.0,0.0,0.0
1,704,2000.0,0.0,0.0,0.0
1,705,2000.0,0.0,0.0,0.0
1,706,2000.0,0.0,0.0,0.0
1,707,2000.0,0.0,0.0,0.0
1,708,2000.0,0.0,0.0,0.0
1,709,2000.0,0.0,0.0,0.0
1,710,2000.0,0.0,0.0,0.0
1,711,2000.0,0.0,0.0,0.0
1,712,2000.0,0.0,0.0,0.0
1,713,2000.0,0.0,0.0,0.0
1,714,2000.0,0.0,0.0,0.0
1,715,2000.0,0.0,0.0,0.0
1,716,2000.0,0.0,0.0,0.0
1,717,2000.0,0.0,0.0,0.0
1,718,2000.0,0.0,0.0,0.0
1,719,2000.0,0.0,0.0,0.0
1,720,2000.0,0.0,0.0,0.0
1,721,2000.0,0.0,0.0,0.0
1,722,2000.0,0.0,0.0,0.0
1,723,2000.0,0.0,0.0,0.0
1,724,2000.0,0.0,0.0,0.0
1,725,2000.0,0.0,0.0,0.0
1,726,2000.0,0.0,0.0,0.0
1,727,2000.0,0.0,0.0,0.0
1,728,2000.0,0.0,0.0,0.0
1,729,2000.0,0.0,0.0,0.0
1,730,2000.0,0.0,0.0,0.0
1,731,2000.0,0.0,0.0,0.0
1,732,2000.0,0.0,0.0,0.0
1,733,2000.0,0.0,0.0,0.0
1,734,2000.0,0.0,0.0,0.0
1,735,2000.0,0.0,0.0,0.0
1,736,2000.0,0.0,0.0,0.0
1,737,2000.0,0.0,0.0,0.0
1,738,2000.0,0.0,0.0,0.0
1,739,2000.0,0.0,0.0,0.0
1,740,2000.0,0.0,0.0,0.0
1,741,2000.0,0.0,0.0,0.0
1,742,2000.0,0.0,0.0,0.0
1,743,2000.0,0.0,0.0,0.0
1,744,2000.0,0.0,0.0,0.0
1,745,2000.0,0.0,0.0,0.0
1,746,2000.0,0.0,0.0,0.0
1,747,2000.0,0.0,0.0,0.0
1,748,2000.0,0.0,0.0,0.0
1,749,2000.0,0.0,0.0,0.0
1,750,2000.0,0.0,0.0,0.0
1,751,2000.0,0.0,0.0,0.0
1,752,2000.0,0.0,0.0,0.0
1,753,2000.0,0.0,0.0,0.0
1,754,2000.0,0.0,0.0,0.0
1,755,2000.0,0.0,0.0,0.0
1,756,2000.0,0.0,0.0,0.0
1,757,2000.0,0.0,0.0,0.0
1,758,2000.0,0.0,0.0,0.0
1,759,2000.0,0.0,0.0,0.0
1,760,2000.0,0.0,0.0,0.0
1,761,2000.0,0.0,0.0,0.0
1,762,2000.0,0.0,0.0,0.0
1,763,2000.0,0.0,0.0,0.0
1,764,2000.0,0.0,0.0,0.0
1,765,2000.0,0.0,0.0,0.0
1,766,2000.0,0.0,0.0,0.0
1,767,2000.0,0.0,0.0,0.0
1,768,2000.0,0.0,0.0,0.0
1,769,2000.0,0.0,0.0,0.0
1,770,2000.0,0.0,0.0,0.0
1,771,2000.0,0.0,0.0,0.0
1,772,2000.0,0.0,0.0,0.0
1,773,2000.0,0.0,0.0,0.0
1,774,2000.0,0.0,0.0,0.0
1,775,2000.0,0.0,0.0,0.0
1,776,2000.0,0.0,0.0,0.0
1,777,2000.0,0.0,0.0,0.0
1,778,2000.0,0.0,0.0,0.0
1,779,2000.0,0.0,0.0,0.0
1,780,2000.0,0.0,0.0,0.0
2,1,1800.0,0.0,0.0,0.0
2,2,1800.0,0.0,0.0,0.0
2,3,1800.0,0.0,0.0,0.0
2,4,1800.0,0.0,0.0,0.0
2,5,1800.0,0.0,0.0,0.0
2,6,1800.0,0.0,0.0,0.0
2,7,1800.0,0.0,0.0,0.0
2,8,1800.0,0.0,0.0,0.0
2,9,1800.0,0.0,0.0,0.0
2,10,1800.0,0.0,0.0,0.0
2,11,1800.0,0.0,0.0,0.0
2,12,1800.0,0.0,0.0,0.0
2,13,1800.0,0.0,0.0,0.0
2,14,1800.0,0.0,0.0,0.0
2,15,1800.0,0.0,0.0,0.0
2,16,1800.0,0.0,0.0,0.0
2,17,1800.0,0.0,0.0,0.0
2,18,1800.0,0.0,0.0,0.0
2,19,1800.0,0.0,0.0,0.0
2,20,1800.0,0.0,0.0,0.0
2,21,1800.0,0.0,0.0,0.0
2,22,1800.0,0.0,0.0,0.0
2,23,1800.0,0.0,0.0,0.0
2,24,1800.0,0.0,0.0,0.0
2,25,1800.0,0.0,0.0,0.0
2,26,1800.0,0.0,0.0,0.0
2,27,1800.0,0.0,0.0,0.0
2,28,1800.0,0.0,0.0,0.0
2,29,1800.0,0.0,0.0,0.0
2,30,1800.0,0.0,0.0,0.0
2,31,1800.0,0.0,0.0,0.0
2,32,1800.0,0.0,0.0,0.0
2,33,1800.0,0.0,0.0,0.0
2,34,1800.0,0.0,0.0,0.0
2,35,1800.0,0.0,0.0,0.0
2,36,1800.0,0.0,0.0,0.0
2,37,1800.0,0.0,0.0,0.0
2,38,1800.0,0.0,0.0,0.0
2,39,1800.0,0.0,0.0,0.0
2,40,1800.0,0.0,0.0,0.0
2,41,1800.0,0.0,0.0,0.0
2,42,1800.0,0.0,0.0,0.0
2,43,1800.0,0.0,0.0,0.0
2,44,1800.0,0.0,0.0,0.0
2,45,1800.0,0.0,0.0,0.0
2,46,1800.0,0.0,0.0,0.0
2,47,1800.0,0.0,0.0,0.0
2,48,1800.0,0.0,0.0,0.0
2,49,1800.0,0.0,0.0,0.0
2,50,1800.0,0.0,0.0,0.0
2,51,1800.0,0.0,0.0,0.0
2,52,1800.0,0.0,0.0,0.0
2,53,1800.0,0.0,0.0,0.0
2,54,1800.0,0.0,0.0,0.0
2,55,1800.0,0.0,0.0,0.0
2,56,1800.0,0.0,0.0,0.0
2,57,1800.0,0.0,0.0,0.0
2,58,1800.0,0.0,0.0,0.0
2,59,1800.0,0.0,0.0,0.0
2,60,1800.0,0.0,0.0,0.0
2,61,1800.0,0.0,0.0,0.0
2,62,1800.0,0.0,0.0,0.0
2,63,1800.0,0.0,0.0,0.0
2,64,1800.0,0.0,0.0,0.0
2,65,1800.0,0.0,0.0,0.0
2,66,1800.0,0.0,0.0,0.0
2,67,1800.0,0.0,0.0,0.0
2,68,1800.0,0.0,0.0,0.0
2,69,1800.0,0.0,0.0,0.0
2,70,1800.0,0.0,0.0,0.0
2,71,1800.0,0.0,0.0,0.0
2,72,1800.0,0.0,0.0,0.0
2,73,1800.0,0.0,0.0,0.0
2,74,1800.0,0.0,0.0,0.0
2,75,1800.0,0.0,0.0,0.0
2,76,1800.0,0.0,0.0,0.0
2,77,1800.0,0.0,0.0,0.0
2,78,1800.0,0.0,0.0,0.0
2,79,1800.0,0.0,0.0,0.0
2,80,1800.0,0.0,0.0,0.0
2,81,1800.0,0.0,0.0,0.0
2,82,1800.0,0.0,0.0,0.0
2,83,1800.0,0.0,0.0,0.0
2,84,1800.0,0.0,0.0,0.0
2,85,1800.0,0.0,0.0,0.0
2,86,1800.0,0.0,0.0,0.0
2,87,1800.0,0.0,0.0,0.0
2,88,1800.0,0.0,0.0,0.0
2,89,1800.0,0.0,0.0,0.0
2,90,1800.0,0.0,0.0,0.0
2,91,1800.0,0.0,0.0,0.0
2,92,1800.0,0.0,0.0,0.0
2,93,1800.0,0.0,0.0,0.0
2,94,1800.0,0.0,0.0,0.0
2,95,1800.0,0.0,0.0,0.0
2,96,1800.0,0.0,0.0,0.0
2,97,1800.0,0.0,0.0,0.0
2,98,1800.0,0.0,0.0,0.0
2,99,1800.0,0.0,0.0,0.0
2,100,1800.0,0.0,0.0,0.0
2,101,1800.0,0.0,0.0,0.0
2,102,1800.0,0.0,0.0,0.0
2,103,1800.0,0.0,0.0,0.0
2,104,1800.0,0.0,0.0,0.0
2,105,1800.0,0.0,0.0,0.0
2,106,1800.0,0.0,0.0,0.0
2,107,1800.0,0.0,0.0,0.0
2,108,1800.0,0.0,0.0,0.0
2,109,1800.0,0.0,0.0,0.0
2,110,1800.0,0.0,0.0,0.0
2,111,1800.0,0.0,0.0,0.0
2,112,1800.0,0.0,0.0,0.0
2,113,1800.0,0.0,0.0,0.0
2,114,1800.0,0.0,0.0,0.0
2,115,1800.0,0.0,0.0,0.0
2,116,1800.0,0.0,0.0,0.0
2,117,1800.0,0.0,0.0,0.0
2,118,1800.0,0.0,0.0,0.0
2,119,1800.0,0.0,0.0,0.0
2,120,1800.0,0.0,0.0,0.0
2,121,1800.0,0.0,0.0,0.0
2,122,1800.0,0.0,0.0,0.0
2,123,1800.0,0.0,0.0,0.0
2,124,1800.0,0.0,0.0,0.0
2,125,1800.0,0.0,0.0,0.0
2,126,1800.0,0.0,0.0,0.0
2,127,1800.0,0.0,0.0,0.0
2,128,1800.0,0.0,0.0,0.0
2,129,1800.0,0.0,0.0,0.0
2,130,1800.0,0.0,0.0,0.0
2,131,1800.0,0.0,0.0,0.0
2,132,1800.0,0.0,0.0,0.0
2,133,1800.0,0.0,0.0,0.0
2,134,1800.0,0.0,0.0,0.0
2,135,1800.0,0.0,0.0,0.0
2,136,1800.0,0.0,0.0,0.0
2,137,1800.0,0.0,0.0,0.0
2,138,1800.0,0.0,0.0,0.0
2,139,1800.0,0.0,0.0,0.0
2,140,1800.0,0.0,0.0,0.0
2,141,1800.0,0.0,0.0,0.0
2,142,1800.0,0.0,0.0,0.0
2,143,1800.0,0.0,0.0,0.0
2,144,1800.0,0.0,0.0,0.0
2,145,1800.0,0.0,0.0,0.0
2,146,1800.0,0.0,0.0,0.0
2,147,1800.0,0.0,0.0,0.0
2,148,1800.0,0.0,0.0,0.0
2,149,1800.0,0.0,0.0,0.0
2,150,1800.0,0.0,0.0,0.0
2,151,1800.0,0.0,0.0,0.0
2,152,1800.0,0.0,0.0,0.0
2,153,1800.0,0.0,0.0,0.0
2,154,1800.0,0.0,0.0,0.0
2,155,1800.0,0.0,0.0,0.0
2,156,1800.0,0.0,0.0,0.0
2,157,1800.0,0.0,0.0,0.0
2,158,1800.0,0.0,0.0,0.0
2,159,1800.0,0.0,0.0,0.0
2,160,1800.0,0.0,0.0,0.0
2,161,1800.0,0.0,0.0,0.0
2,162,1800.0,0.0,0.0,0.0
2,163,1800.0,0.0,0.0,0.0
2,164,1800.0,0.0,0.0,0.0
2,165,1800.0,0.0,0.0,0.0
2,166,1800.0,0.0,0.0,0.0
2,167,1800.0,0.0,0.0,0.0
2,168,1800.0,0.0,0.0,0.0
2,169,1800.0,0.0,0.0,0.0
2,170,1800.0,0.0,0.0,0.0
2,171,1800.0,0.0,0.0,0.0
2,172,1800.0,0.0,0.0,0.0
2,173,1800.0,0.0,0.0,0.0
2,174,1800.0,0.0,0.0,0.0
2,175,1800.0,0.0,0.0,0.0
2,176,1800.0,0.0,0.0,0.0
2,177,1800.0,0.0,0.0,0.0
2,178,1800.0,0.0,0.0,0.0
2,179,1800.0,0.0,0.0,0.0
2,180,1800.0,0.0,0.0,0.0
2,181,1800.0,0.0,0.0,0.0
2,182,1800.0,0.0,0.0,0.0
2,183,1800.0,0.0,0.0,0.0
2,184,1800.0,0.0,0.0,0.0
2,185,1800.0,0.0,0.0,0.0
2,186,1800.0,0.0,0.0,0.0
2,187,1800.0,0.0,0.0,0.0
2,188,1800.0,0.0,0.0,0.0
2,189,1800.0,0.0,0.0,0.0
2,190,1800.0,0.0,0.0,0.0
2,191,1800.0,0.0,0.0,0.0
2,192,1800.0,0.0,0.0,0.0
2,193,1800.0,0.0,0.0,0.0
2,194,1800.0,0.0,0.0,0.0
2,195,1800.0,0.0,0.0,0.0
2,196,1800.0,0.0,0.0,0.0
2,197,1800.0,0.0,0.0,0.0
2,198,1800.0,0.0,0.0,0.0
2,199,1800.0,0.0,0.0,0.0
2,200,1800.0,0.0,0.0,0.0
2,201,1800.0,0.0,0.0,0.0
2,202,1800.0,0.0,0.0,0.0
2,203,1800.0,0.0,0.0,0.0
2,204,1800.0,0.0,0.0,0.0
2,205,1800.0,0.0,0.0,0.0
2,206,1800.0,0.0,0.0,0.0
2,207,1800.0,0.0,0.0,0.0
2,208,1800.0,0.0,0.0,0.0
2,209,1800.0,0.0,0.0,0.0
2,210,1800.0,0.0,0.0,0.0
2,211,1800.0,0.0,0.0,0.0
2,212,1800.0,0.0,0.0,0.0
2,213,1800.0,0.0,0.0,0.0
2,214,1800.0,0.0,0.0,0.0
2,215,1800.0,0.0,0.0,0.0
2,216,1800.0,0.0,0.0,0.0
2,217,1800.0,0.0,0.0,0.0
2,218,1800.0,0.0,0.0,0.0
2,219,1800.0,0.0,0.0,0.0
2,220,1800.0,0.0,0.0,0.0
2,221,1800.0,0.0,0.0,0.0
2,222,1800.0,0.0,0.0,0.0
2,223,1800.0,0.0,0.0,0.0
2,224,1800.0,0.0,0.0,0.0
2,225,1800.0,0.0,0.0,0.0
2,226,1800.0,0.0,0.0,0.0
2,227,1800.0,0.0,0.0,0.0
2,228,1800.0,0.0,0.0,0.0
2,229,1800.0,0.0,0.0,0.0
2,230,1800.0,0.0,0.0,0.0
2,231,1800.0,0.0,0.0,0.0
2,232,1800.0,0.0,0.0,0.0
2,233,1800.0,0.0,0.0,0.0
2,234,1800.0,0.0,0.0,0.0
2,235,1800.0,0.0,0.0,0.0
2,236,1800.0,0.0,0.0,0.0
2,237,1800.0,0.0,0.0,0.0
2,238,1800.0,0.0,0.0,0.0
2,239,1800.0,0.0,0.0,0.0
2,240,1800.0,0.0,0.0,0.0
2,241,1800.0,0.0,0.0,0.0
2,242,1800.0,0.0,0.0,0.0
2,243,1800.0,0.0,0.0,0.0
2,244,1800.0,0.0,0.0,0.0
2,245,1800.0,0.0,0.0,0.0
2,246,1800.0,0.0,0.0,0.0
2,247,1800.0,0.0,0.0,0.0
2,248,1800.0,0.0,0.0,0.0
2,249,1800.0,0.0,0.0,0.0
2,250,1800.0,0.0,0.0,0.0
2,251,1800.0,0.0,0.0,0.0
2,252,1800.0,0.0,0.0,0.0
2,253,1800.0,0.0,0.0,0.0
2,254,1800.0,0.0,0.0,0.0
2,255,1800.0,0.0,0.0,0.0
2,256,1800.0,0.0,0.0,0.0
2,257,1800.0,0.0,0.0,0.0
2,258,1800.0,0.0,0.0,0.0
2,259,1800.0,0.0,0.0,0.0
2,260,1800.0,0.0,0.0,0.0
2,261,1800.0,0.0,0.0,0.0
2,262,1800.0,0.0,0.0,0.0
2,263,1800.0,0.0,0.0,0.0
2,264,1800.0,0.0,0.0,0.0
2,265,1800.0,0.0,0.0,0.0
2,266,1800.0,0.0,0.0,0.0
2,267,1800.0,0.0,0.0,0.0
2,268,1800.0,0.0,0.0,0.0
2,269,1800.0,0.0,0.0,0.0
2,270,1800.0,0.0,0.0,0.0
2,271,1800.0,0.0,0.0,0.0
2,272,1800.0,0.0,0.0,0.0
2,273,1800.0,0.0,0.0,0.0
2,274,1800.0,0.0,0.0,0.0
2,275,1800.0,0.0,0.0,0.0
2,276,1800.0,0.0,0.0,0.0
2,277,1800.0,0.0,0.0,0.0
2,278,1800.0,0.0,0.0,0.0
2,279,1800.0,0.0,0.0,0.0
2,280,1800.0,0.0,0.0,0.0
2,281,1800.0,0.0,0.0,0.0
2,282,1800.0,0.0,0.0,0.0
2,283,1800.0,0.0,0.0,0.0
2,284,1800.0,0.0,0.0,0.0
2,285,1800.0,0.0,0.0,0.0
2,286,1800.0,0.0,0.0,0.0
2,287,1800.0,0.0,0.0,0.0
2,288,1800.0,0.0,0.0,0.0
2,289,1800.0,0.0,0.0,0.0
2,290,1800.0,0.0,0.0,0.0
2,291,1800.0,0.0,0.0,0.0
2,292,1800.0,0.0,0.0,0.0
2,293,1800.0,0.0,0.0,0.0
2,294,1800.0,0.0,0.0,0.0
2,295,1800.0,0.0,0.0,0.0
2,296,1800.0,0.0,0.0,0.0
2,297,1800.0,0.0,0.0,0.0
2,298,1800.0,0.0,0.0,0.0
2,299,1800.0,0.0,0.0,0.0
2,300,1800.0,0.0,0.0,0.0
2,301,1800.0,0.0,0.0,0.0
2,302,1800.0,0.0,0.0,0.0
2,303,1800.0,0.0,0.0,0.0
2,304,1800.0,0.0,0.0,0.0
2,305,1800.0,0.0,0.0,0.0
2,306,1800.0,0.0,0.0,0.0
2,307,1800.0,0.0,0.0,0.0
2,308,1800.0,0.0,0.0,0.0
2,309,1800.0,0.0,0.0,0.0
2,310,1800.0,0.0,0.0,0.0
2,311,1800.0,0.0,0.0,0.0
2,312,1800.0,0.0,0.0,0.0
2,313,1800.0,0.0,0.0,0.0
2,314,1800.0,0.0,0.0,0.0
2,315,1800.0,0.0,0.0,0.0
2,316,1800.0,0.0,0.0,0.0
2,317,1800.0,0.0,0.0,0.0
2,318,1800.0,0.0,0.0,0.0
2,319,1800.0,0.0,0.0,0.0
2,320,1800.0,0.0,0.0,0.0
2,321,1800.0,0.0,0.0,0.0
2,322,1800.0,0.0,0.0,0.0
2,323,1800.0,0.0,0.0,0.0
2,324,1800.0,0.0,0.0,0.0
2,325,1800.0,0.0,0.0,0.0
2,326,1800.0,0.0,0.0,0.0
2,327,1800.0,0.0,0.0,0.0
2,328,1800.0,0.0,0.0,0.0
2,329,1800.0,0.0,0.0,0.0
2,330,1800.0,0.0,0.0,0.0
2,331,1800.0,0.0,0.0,0.0
2,332,1800.0,0.0,0.0,0.0
2,333,1800.0,0.0,0.0,0.0
2,334,1800.0,0.0,0.0,0.0
2,335,1800.0,0.0,0.0,0.0
2,336,1800.0,0.0,0.0,0.0
2,337,1800.0,0.0,0.0,0.0
2,338,1800.0,0.0,0.0,0.0
2,339,1800.0,0.0,0.0,0.0
2,340,1800.0,0.0,0.0,0.0
2,341,1800.0,0.0,0.0,0.0
2,342,1800.0,0.0,0.0,0.0
2,343,1800.0,0.0,0.0,0.0
2,344,1800.0,0.0,0.0,0.0
2,345,1800.0,0.0,0.0,0.0
2,346,1800.0,0.0,0.0,0.0
2,347,1800.0,0.0,0.0,0.0
2,348,1800.0,0.0,0.0,0.0
2,349,1800.0,0.0,0.0,0.0
2,350,1800.0,0.0,0.0,0.0
2,351,1800.0,0.0,0.0,0.0
2,352,1800.0,0.0,0.0,0.0
2,353,1800.0,0.0,0.0,0.0
2,354,1800.0,0.0,0.0,0.0
2,355,1800.0,0.0,0.0,0.0
2,356,1800.0,0.0,0.0,0.0
2,357,1800.0,0.0,0.0,0.0
2,358,1800.0,0.0,0.0,0.0
2,359,1800.0,0.0,0.0,0.0
2,360,1800.0,0.0,0.0,0.0
2,361,1800.0,0.0,0.0,0.0
2,362,1800.0,0.0,0.0,0.0
2,363,1800.0,0.0,0.0,0.0
2,364,1800.0,0.0,0.0,0.0
2,365,1800.0,0.0,0.0,0.0
2,366,1800.0,0.0,0.0,0.0
2,367,1800.0,0.0,0.0,0.0
2,368,1800.0,0.0,0.0,0.0
2,369,1800.0,0.0,0.0,0.0
2,370,1800.0,0.0,0.0,0.0
2,371,1800.0,0.0,0.0,0.0
2,372,1800.0,0.0,0.0,0.0
2,373,1800.0,0.0,0.0,0.0
2,374,1800.0,0.0,0.0,0.0
2,375,1800.0,0.0,0.0,0.0
2,376,1800.0,0.0,0.0,0.0
2,377,1800.0,0.0,0.0,0.0
2,378,1800.0,0.0,0.0,0.0
2,379,1800.0,0.0,0.0,0.0
2,380,1800.0,0.0,0.0,0.0
2,381,1800.0,0.0,0.0,0.0
2,382,1800.0,0.0,0.0,0.0
2,383,1800.0,0.0,0.0,0.0
2,384,1800.0,0.0,0.0,0.0
2,385,1800.0,0.0,0.0,0.0
2,386,1800.0,0.0,0.0,0.0
2,387,1800.0,0.0,0.0,0.0
2,388,1800.0,0.0,0.0,0.0
2,389,1800.0,0.0,0.0,0.0
2,390,1800.0,0.0,0.0,0.0
2,391,1800.0,0.0,0.0,0.0
2,392,1800.0,0.0,0.0,0.0
2,393,1800.0,0.0,0.0,0.0
2,394,1800.0,0.0,0.0,0.0
2,395,1800.0,0.0,0.0,0.0
2,396,1800.0,0.0,0.0,0.0
2,397,1800.0,0.0,0.0,0.0
2,398,1800.0,0.0,0.0,0.0
2,399,1800.0,0.0,0.0,0.0
2,400,1800.0,0.0,0.0,0.0
2,401,1800.0,0.0,0.0,0.0
2,402,1800.0,0.0,0.0,0.0
2,403,1800.0,0.0,0.0,0.0
2,404,1800.0,0.0,0.0,0.0
2,405,1800.0,0.0,0.0,0.0
2,406,1800.0,0.0,0.0,0.0
2,407,1800.0,0.0,0.0,0.0
2,408,1800.0,0.0,0.0,0.0
2,409,1800.0,0.0,0.0,0.0
2,410,1800.0,0.0,0.0,0.0
2,411,1800.0,0.0,0.0,0.0
2,412,1800.0,0.0,0.0,0.0
2,413,1800.0,0.0,0.0,0.0
2,414,1800.0,0.0,0.0,0.0
2,415,1800.0,0.0,0.0,0.0
2,416,1800.0,0.0,0.0,0.0
2,417,1800.0,0.0,0.0,0.0
2,418,1800.0,0.0,0.0,0.0
2,419,1800.0,0.0,0.0,0.0
2,420,1800.0,0.0,0.0,0.0
2,421,1800.0,0.0,0.0,0.0
2,422,1800.0,0.0,0.0,0.0
2,423,1800.0,0.0,0.0,0.0
2,424,1800.0,0.0,0.0,0.0
2,425,1800.0,0.0,0.0,0.0
2,426,1800.0,0.0,0.0,0.0
2,427,1800.0,0.0,0.0,0.0
2,428,1800.0,0.0,0.0,0.0
2,429,1800.0,0.0,0.0,0.0
2,430,1800.0,0.0,0.0,0.0
2,431,1800.0,0.0,0.0,0.0
2,432,1800.0,0.0,0.0,0.0
2,433,1800.0,0.0,0.0,0.0
2,434,1800.0,0.0,0.0,0.0
2,435,1800.0,0.0,0.0,0.0
2,436,1800.0,0.0,0.0,0.0
2,437,1800.0,0.0,0.0,0.0
2,438,1800.0,0.0,0.0,0.0
2,439,1800.0,0.0,0.0,0.0
2,440,1800.0,0.0,0.0,0.0
2,441,1800.0,0.0,0.0,0.0
2,442,1800.0,0.0,0.0,0.0
2,443,1800.0,0.0,0.0,0.0
2,444,1800.0,0.0,0.0,0.0
2,445,1800.0,0.0,0.0,0.0
2,446,1800.0,0.0,0.0,0.0
2,447,1800.0,0.0,0.0,0.0
2,448,1800.0,0.0,0.0,0.0
2,449,1800.0,0.0,0.0,0.0
2,450,1800.0,0.0,0.0,0.0
2,451,1800.0,0.0,0.0,0.0
2,452,1800.0,0.0,0.0,0.0
2,453,1800.0,0.0,0.0,0.0
2,454,1800.0,0.0,0.0,0.0
2,455,1800.0,0.0,0.0,0.0
2,456,1800.0,0.0,0.0,0.0
2,457,1800.0,0.0,0.0,0.0
2,458,1800.0,0.0,0.0,0.0
2,459,1800.0,0.0,0.0,0.0
2,460,1800.0,0.0,0.0,0.0
2,461,1800.0,0.0,0.0,0.0
2,462,1800.0,0.0,0.0,0.0
2,463,1800.0,0.0,0.0,0.0
2,464,1800.0,0.0,0.0,0.0
2,465,1800.0,0.0,0.0,0.0
2,466,1800.0,0.0,0.0,0.0
2,467,1800.0,0.0,0.0,0.0
2,468,1800.0,0.0,0.0,0.0
2,469,1800.0,0.0,0.0,0.0
2,470,1800.0,0.0,0.0,0.0
2,471,1800.0,0.0,0.0,0.0
2,472,1800.0,0.0,0.0,0.0
2,473,1800.0,0.0,0.0,0.0
2,474,1800.0,0.0,0.0,0.0
2,475,1800.0,0.0,0.0,0.0
2,476,1800.0,0.0,0.0,0.0
2,477,1800.0,0.0,0.0,0.0
2,478,1800.0,0.0,0.0,0.0
2,479,1800.0,0.0,0.0,0.0
2,480,1800.0,0.0,0.0,0.0
2,481,1800.0,0.0,0.0,0.0
2,482,1800.0,0.0,0.0,0.0
2,483,1800.0,0.0,0.0,0.0
2,484,1800.0,0.0,0.0,0.0
2,485,1800.0,0.0,0.0,0.0
2,486,1800.0,0.0,0.0,0.0
2,487,1800.0,0.0,0.0,0.0
2,488,1800.0,0.0,0.0,0.0
2,489,1800.0,0.0,0.0,0.0
2,490,1800.0,0.0,0.0,0.0
2,491,1800.0,0.0,0.0,0.0
2,492,1800.0,0.0,0.0,0.0
2,493,1800.0,0.0,0.0,0.0
2,494,1800.0,0.0,0.0,0.0
2,495,1800.0,0.0,0.0,0.0
2,496,1800.0,0.0,0.0,0.0
2,497,1800.0,0.0,0.0,0.0
2,498,1800.0,0.0,0.0,0.0
2,499,1800.0,0.0,0.0,0.0
2,500,1800.0,0.0,0.0,0.0
2,501,1800.0,0.0,0.0,0.0
2,502,1800.0,0.0,0.0,0.0
2,503,1800.0,0.0,0.0,0.0
2,504,1800.0,0.0,0.0,0.0
2,505,1800.0,0.0,0.0,0.0
2,506,1800.0,0.0,0.0,0.0
2,507,1800.0,0.0,0.0,0.0
2,508,1800.0,0.0,0.0,0.0
2,509,1800.0,0.0,0.0,0.0
2,510,1800.0,0.0,0.0,0.0
2,511,1800.0,0.0,0.0,0.0
2,512,1800.0,0.0,0.0,0.0
2,513,1800.0,0.0,0.0,0.0
2,514,1800.0,0.0,0.0,0.0
2,515,1800.0,0.0,0.0,0.0
2,516,1800.0,0.0,0.0,0.0
2,517,1800.0,0.0,0.0,0.0
2,518,1800.0,0.0,0.0,0.0
2,519,1800.0,0.0,0.0,0.0
2,520,1800.0,0.0,0.0,0.0
2,521,1800.0,0.0,0.0,0.0
2,522,1800.0,0.0,0.0,0.0
2,523,1800.0,0.0,0.0,0.0
2,524,1800.0,0.0,0.0,0.0
2,525,1800.0,0.0,0.0,0.0
2,526,1800.0,0.0,0.0,0.0
2,527,1800.0,0.0,0.0,0.0
2,528,1800.0,0.0,0.0,0.0
2,529,1800.0,0.0,0.0,0.0
2,530,1800.0,0.0,0.0,0.0
2,531,1800.0,0.0,0.0,0.0
2,532,1800.0,0.0,0.0,0.0
2,533,1800.0,0.0,0.0,0.0
2,534,1800.0,0.0,0.0,0.0
2,535,1800.0,0.0,0.0,0.0
2,536,1800.0,0.0,0.0,0.0
2,537,1800.0,0.0,0.0,0.0
2,538,1800.0,0.0,0.0,0.0
2,539,1800.0,0.0,0.0,0.0
2,540,1800.0,0.0,0.0,0.0
2,541,1800.0,0.0,0.0,0.0
2,542,1800.0,0.0,0.0,0.0
2,543,1800.0,0.0,0.0,0.0
2,544,1800.0,0.0,0.0,0.0
2,545,1800.0,0.0,0.0,0.0
2,546,1800.0,0.0,0.0,0.0
2,547,1800.0,0.0,0.0,0.0
2,548,1800.0,0.0,0.0,0.0
2,549,1800.0,0.0,0.0,0.0
2,550,1800.0,0.0,0.0,0.0
2,551,1800.0,0.0,0.0,0.0
2,552,1800.0,0.0,0.0,0.0
2,553,1800.0,0.0,0.0,0.0
2,554,1800.0,0.0,0.0,0.0
2,555,1800.0,0.0,0.0,0.0
2,556,1800.0,0.0,0.0,0.0
2,557,1800.0,0.0,0.0,0.0
2,558,1800.0,0.0,0.0,0.0
2,559,1800.0,0.0,0.0,0.0
2,560,1800.0,0.0,0.0,0.0
2,561,1800.0,0.0,0.0,0.0
2,562,1800.0,0.0,0.0,0.0
2,563,1800.0,0.0,0.0,0.0
2,564,1800.0,0.0,0.0,0.0
2,565,1800.0,0.0,0.0,0.0
2,566,1800.0,0.0,0.0,0.0
2,567,1800.0,0.0,0.0,0.0
2,568,1800.0,0.0,0.0,0.0
2,569,1800.0,0.0,0.0,0.0
2,570,1800.0,0.0,0.0,0.0
2,571,1800.0,0.0,0.0,0.0
2,572,1800.0,0.0,0.0,0.0
2,573,1800.0,0.0,0.0,0.0
2,574,1800.0,0.0,0.0,0.0
2,575,1800.0,0.0,0.0,0.0
2,576,1800.0,0.0,0.0,0.0
2,577,1800.0,0.0,0.0,0.0
2,578,1800.0,0.0,0.0,0.0
2,579,1800.0,0.0,0.0,0.0
2,580,1800.0,0.0,0.0,0.0
2,581,1800.0,0.0,0.0,0.0
2,582,1800.0,0.0,0.0,0.0
2,583,1800.0,0.0,0.0,0.0
2,584,1800.0,0.0,0.0,0.0
2,585,1800.0,0.0,0.0,0.0
2,586,1800.0,0.0,0.0,0.0
2,587,1800.0,0.0,0.0,0.0
2,588,1800.0,0.0,0.0,0.0
2,589,1800.0,0.0,0.0,0.0
2,590,1800.0,0.0,0.0,0.0
2,591,1800.0,0.0,0.0,0.0
2,592,1800.0,0.0,0.0,0.0
2,593,1800.0,0.0,0.0,0.0
2,594,1800.0,0.0,0.0,0.0
2,595,1800.0,0.0,0.0,0.0
2,596,1800.0,0.0,0.0,0.0
2,597,1800.0,0.0,0.0,0.0
2,598,1800.0,0.0,0.0,0.0
2,599,1800.0,0.0,0.0,0.0
2,600,1800.0,0.0,0.0,0.0
2,601,1800.0,0.0,0.0,0.0
2,602,1800.0,0.0,0.0,0.0
2,603,1800.0,0.0,0.0,0.0
2,604,1800.0,0.0,0.0,0.0
2,605,1800.0,0.0,0.0,0.0
2,606,1800.0,0.0,0.0,0.0
2,607,1800.0,0.0,0.0,0.0
2,608,1800.0,0.0,0.0,0.0
2,609,1800.0,0.0,0.0,0.0
2,610,1800.0,0.0,0.0,0.0
2,611,1800.0,0.0,0.0,0.0
2,612,1800.0,0.0,0.0,0.0
2,613,1800.0,0.0,0.0,0.0
2,614,1800.0,0.0,0.0,0.0
2,615,1800.0,0.0,0.0,0.0
2,616,1800.0,0.0,0.0,0.0
2,617,1800.0,0.0,0.0,0.0
2,618,1800.0,0.0,0.0,0.0
2,619,1800.0,0.0,0.0,0.0
2,620,1800.0,0.0,0.0,0.0
2,621,1800.0,0.0,0.0,0.0
2,622,1800.0,0.0,0.0,0.0
2,623,1800.0,0.0,0.0,0.0
2,624,1800.0,0.0,0.0,0.0
2,625,1800.0,0.0,0.0,0.0
2,626,1800.0,0.0,0.0,0.0
2,627,1800.0,0.0,0.0,0.0
2,628,1800.0,0.0,0.0,0.0
2,629,1800.0,0.0,0.0,0.0
2,630,1800.0,0.0,0.0,0.0
2,631,1800.0,0.0,0.0,0.0
2,632,1800.0,0.0,0.0,0.0
2,633,1800.0,0.0,0.0,0.0
2,634,1800.0,0.0,0.0,0.0
2,635,1800.0,0.0,0.0,0.0
2,636,1800.0,0.0,0.0,0.0
2,637,1800.0,0.0,0.0,0.0
2,638,1800.0,0.0,0.0,0.0
2,639,1800.0,0.0,0.0,0.0
2,640,1800.0,0.0,0.0,0.0
2,641,1800.0,0.0,0.0,0.0
2,642,1800.0,0.0,0.0,0.0
2,643,1800.0,0.0,0.0,0.0
2,644,1800.0,0.0,0.0,0.0
2,645,1800.0,0.0,0.0,0.0
2,646,1800.0,0.0,0.0,0.0
2,647,1800.0,0.0,0.0,0.0
2,648,1800.0,0.0,0.0,0.0
2,649,1800.0,0.0,0.0,0.0
2,650,1800.0,0.0,0.0,0.0
2,651,1800.0,0.0,0.0,0.0
2,652,1800.0,0.0,0.0,0.0
2,653,1800.0,0.0,0.0,0.0
2,654,1800.0,0.0,0.0,0.0
2,655,1800.0,0.0,0.0,0.0
2,656,1800.0,0.0,0.0,0.0
2,657,1800.0,0.0,0.0,0.0
2,658,1800.0,0.0,0.0,0.0
2,659,1800.0,0.0,0.0,0.0
2,660,1800.0,0.0,0.0,0.0
2,661,1800.0,0.0,0.0,0.0
2,662,1800.0,0.0,0.0,0.0
2,663,1800.0,0.0,0.0,0.0
2,664,1800.0,0.0,0.0,0.0
2,665,1800.0,0.0,0.0,0.0
2,666,1800.0,0.0,0.0,0.0
2,667,1800.0,0.0,0.0,0.0
2,668,1800.0,0.0,0.0,0.0
2,669,1800.0,0.0,0.0,0.0
2,670,1800.0,0.0,0.0,0.0
2,671,1800.0,0.0,0.0,0.0
2,672,1800.0,0.0,0.0,0.0
2,673,1800.0,0.0,0.0,0.0
2,674,1800.0,0.0,0.0,0.0
2,675,1800.0,0.0,0.0,0.0
2,676,1800.0,0.0,0.0,0.0
2,677,1800.0,0.0,0.0,0.0
2,678,1800.0,0.0,0.0,0.0
2,679,1800.0,0.0,0.0,0.0
2,680,1800.0,0.0,0.0,0.0
2,681,1800.0,0.0,0.0,0.0
2,682,1800.0,0.0,0.0,0.0
2,683,1800.0,0.0,0.0,0.0
2,684,1800.0,0.0,0.0,0.0
2,685,1800.0,0.0,0.0,0.0
2,686,1800.0,0.0,0.0,0.0
2,687,1800.0,0.0,0.0,0.0
2,688,1800.0,0.0,0.0,0.0
2,689,1800.0,0.0,0.0,0.0
2,690,1800.0,0.0,0.0,0.0
2,691,1800.0,0.0,0.0,0.0
2,692,1800.0,0.0,0.0,0.0
2,693,1800.0,0.0,0.0,0.0
2,694,1800.0,0.0,0.0,0.0
2,695,1800.0,0.0,0.0,0.0
2,696,1800.0,0.0,0.0,0.0
2,697,1800.0,0.0,0.0,0.0
2,698,1800.0,0.0,0.0,0.0
2,699,1800.0,0.0,0.0,0.0
2,700,1800.0,0.0,0.0,0.0
2,701,1800.0,0.0,0.0,0.0
2,702,1800.0,0.0,0.0,0.0
2,703,1800.0,0.0,0.0,0.0
2,704,1800.0,0.0,0.0,0.0
2,705,1800.0,0.0,0.0,0.0
2,706,1800.0,0.0,0.0,0.0
2,707,1800.0,0.0,0.0,0.0
2,708,1800.0,0.0,0.0,0.0
2,709,1800.0,0.0,0.0,0.0
2,710,1800.0,0.0,0.0,0.0
2,711,1800.0,0.0,0.0,0.0
2,712,1800.0,0.0,0.0,0.0
2,713,1800.0,0.0,0.0,0.0
2,714,1800.0,0.0,0.0,0.0
2,715,1800.0,0.0,0.0,0.0
2,716,1800.0,0.0,0.0,0.0
2,717,1800.0,0.0,0.0,0.0
2,718,1800.0,0.0,0.0,0.0
2,719,1800.0,0.0,0.0,0.0
2,720,1800.0,0.0,0.0,0.0
2,721,1800.0,0.0,0.0,0.0
2,722,1800.0,0.0,0.0,0.0
2,723,1800.0,0.0,0.0,0.0
2,724,1800.0,0.0,0.0,0.0
2,725,1800.0,0.0,0.0,0.0
2,726,1800.0,0.0,0.0,0.0
2,727,1800.0,0.0,0.0,0.0
2,728,1800.0,0.0,0.0,0.0
2,729,1800.0,0.0,0.0,0.0
2,730,1800.0,0.0,0.0,0.0
2,731,1800.0,0.0,0.0,0.0
2,732,1800.0,0.0,0.0,0.0
2,733,1800.0,0.0,0.0,0.0
2,734,1800.0,0.0,0.0,0.0
2,735,1800.0,0.0,0.0,0.0
2,736,1800.0,0.0,0.0,0.0
2,737,1800.0,0.0,0.0,0.0
2,738,1800.0,0.0,0.0,0.0
2,739,1800.0,0.0,0.0,0.0
2,740,1800.0,0.0,0.0,0.0
2,741,1800.0,0.0,0.0,0.0
2,742,1800.0,0.0,0.0,0.0
2,743,1800.0,0.0,0.0,0.0
2,744,1800.0,0.0,0.0,0.0
2,745,1800.0,0.0,0.0,0.0
2,746,1800.0,0.0,0.0,0.0
2,747,1800.0,0.0,0.0,0.0
2,748,1800.0,0.0,0.0,0.0
2,749,1800.0,0.0,0.0,0.0
2,750,1800.0,0.0,0.0,0.0
2,751,1800.0,0.0,0.0,0.0
2,752,1800.0,0.0,0.0,0.0
2,753,1800.0,0.0,0.0,0.0
2,754,1800.0,0.0,0.0,0.0
2,755,1800.0,0.0,0.0,0.0
2,756,1800.0,0.0,0.0,0.0
2,757,1800.0,0.0,0.0,0.0
2,758,1800.0,0.0,0.0,0.0
2,759,1800.0,0.0,0.0,0.0
2,760,1800.0,0.0,0.0,0.0
2,761,1800.0,0.0,0.0,0.0
2,762,1800.0,0.0,0.0,0.0
2,763,1800.0,0.0,0.0,0.0
2,764,1800.0,0.0,0.0,0.0
2,765,1800.0,0.0,0.0,0.0
2,766,1800.0,0.0,0.0,0.0
2,767,1800.0,0.0,0.0,0.0
2,768,1800.0,0.0,0.0,0.0
2,769,1800.0,0.0,0.0,0.0
2,770,1800.0,0.0,0.0,0.0
2,771,1800.0,0.0,0.0,0.0
2,772,1800.0,0.0,0.0,0.0
2,773,1800.0,0.0,0.0,0.0
2,774,1800.0,0.0,0.0,0.0
2,775,1800.0,0.0,0.0,0.0
2,776,1800.0,0.0,0.0,0.0
2,777,1800.0,0.0,0.0,0.0
2,778,1800.0,0.0,0.0,0.0
2,779,1800.0,0.0,0.0,0.0
2,780,1800.0,0.0,0.0,0.0
3,1,1100.0,0.0,0.0,0.0
3,2,1100.0,0.0,0.0,0.0
3,3,1100.0,0.0,0.0,0.0
3,4,1100.0,0.0,0.0,0.0
3,5,1100.0,0.0,0.0,0.0
3,6,1100.0,0.0,0.0,0.0
3,7,1100.0,0.0,0.0,0.0
3,8,1100.0,0.0,0.0,0.0
3,9,1100.0,0.0,0.0,0.0
3,10,1100.0,0.0,0.0,0.0
3,11,1100.0,0.0,0.0,0.0
3,12,1100.0,0.0,0.0,0.0
3,13,1100.0,0.0,0.0,0.0
3,14,1100.0,0.0,0.0,0.0
3,15,1100.0,0.0,0.0,0.0
3,16,1100.0,0.0,0.0,0.0
3,17,1100.0,0.0,0.0,0.0
3,18,1100.0,0.0,0.0,0.0
3,19,1100.0,0.0,0.0,0.0
3,20,1100.0,0.0,0.0,0.0
3,21,1100.0,0.0,0.0,0.0
3,22,1100.0,0.0,0.0,0.0
3,23,1100.0,0.0,0.0,0.0
3,24,1100.0,0.0,0.0,0.0
3,25,1100.0,0.0,0.0,0.0
3,26,1100.0,0.0,0.0,0.0
3,27,1100.0,0.0,0.0,0.0
3,28,1100.0,0.0,0.0,0.0
3,29,1100.0,0.0,0.0,0.0
3,30,1100.0,0.0,0.0,0.0
3,31,1100.0,0.0,0.0,0.0
3,32,1100.0,0.0,0.0,0.0
3,33,1100.0,0.0,0.0,0.0
3,34,1100.0,0.0,0.0,0.0
3,35,1100.0,0.0,0.0,0.0
3,36,1100.0,0.0,0.0,0.0
3,37,1100.0,0.0,0.0,0.0
3,38,1100.0,0.0,0.0,0.0
3,39,1100.0,0.0,0.0,0.0
3,40,1100.0,0.0,0.0,0.0
3,41,1100.0,0.0,0.0,0.0
3,42,1100.0,0.0,0.0,0.0
3,43,1100.0,0.0,0.0,0.0
3,44,1100.0,0.0,0.0,0.0
3,45,1100.0,0.0,0.0,0.0
3,46,1100.0,0.0,0.0,0.0
3,47,1100.0,0.0,0.0,0.0
3,48,1100.0,0.0,0.0,0.0
3,49,1100.0,0.0,0.0,0.0
3,50,1100.0,0.0,0.0,0.0
3,51,1100.0,0.0,0.0,0.0
3,52,1100.0,0.0,0.0,0.0
3,53,1100.0,0.0,0.0,0.0
3,54,1100.0,0.0,0.0,0.0
3,55,1100.0,0.0,0.0,0.0
3,56,1100.0,0.0,0.0,0.0
3,57,1100.0,0.0,0.0,0.0
3,58,1100.0,0.0,0.0,0.0
3,59,1100.0,0.0,0.0,0.0
3,60,1100.0,0.0,0.0,0.0
3,61,1100.0,0.0,0.0,0.0
3,62,1100.0,0.0,0.0,0.0
3,63,1100.0,0.0,0.0,0.0
3,64,1100.0,0.0,0.0,0.0
3,65,1100.0,0.0,0.0,0.0
3,66,1100.0,0.0,0.0,0.0
3,67,1100.0,0.0,0.0,0.0
3,68,1100.0,0.0,0.0,0.0
3,69,1100.0,0.0,0.0,0.0
3,70,1100.0,0.0,0.0,0.0
3,71,1100.0,0.0,0.0,0.0
3,72,1100.0,0.0,0.0,0.0
3,73,1100.0,0.0,0.0,0.0
3,74,1100.0,0.0,0.0,0.0
3,75,1100.0,0.0,0.0,0.0
3,76,1100.0,0.0,0.0,0.0
3,77,1100.0,0.0,0.0,0.0
3,78,1100.0,0.0,0.0,0.0
3,79,1100.0,0.0,0.0,0.0
3,80,1100.0,0.0,0.0,0.0
3,81,1100.0,0.0,0.0,0.0
3,82,1100.0,0.0,0.0,0.0
3,83,1100.0,0.0,0.0,0.0
3,84,1100.0,0.0,0.0,0.0
3,85,1100.0,0.0,0.0,0.0
3,86,1100.0,0.0,0.0,0.0
3,87,1100.0,0.0,0.0,0.0
3,88,1100.0,0.0,0.0,0.0
3,89,1100.0,0.0,0.0,0.0
3,90,1100.0,0.0,0.0,0.0
3,91,1100.0,0.0,0.0,0.0
3,92,1100.0,0.0,0.0,0.0
3,93,1100.0,0.0,0.0,0.0
3,94,1100.0,0.0,0.0,0.0
3,95,1100.0,0.0,0.0,0.0
3,96,1100.0,0.0,0.0,0.0
3,97,1100.0,0.0,0.0,0.0
3,98,1100.0,0.0,0.0,0.0
3,99,1100.0,0.0,0.0,0.0
3,100,1100.0,0.0,0.0,0.0
3,101,1100.0,0.0,0.0,0.0
3,102,1100.0,0.0,0.0,0.0
3,103,1100.0,0.0,0.0,0.0
3,104,1100.0,0.0,0.0,0.0
3,105,1100.0,0.0,0.0,0.0
3,106,1100.0,0.0,0.0,0.0
3,107,1100.0,0.0,0.0,0.0
3,108,1100.0,0.0,0.0,0.0
3,109,1100.0,0.0,0.0,0.0
3,110,1100.0,0.0,0.0,0.0
3,111,1100.0,0.0,0.0,0.0
3,112,1100.0,0.0,0.0,0.0
3,113,1100.0,0.0,0.0,0.0
3,114,1100.0,0.0,0.0,0.0
3,115,1100.0,0.0,0.0,0.0
3,116,1100.0,0.0,0.0,0.0
3,117,1100.0,0.0,0.0,0.0
3,118,1100.0,0.0,0.0,0.0
3,119,1100.0,0.0,0.0,0.0
3,120,1100.0,0.0,0.0,0.0
3,121,1100.0,0.0,0.0,0.0
3,122,1100.0,0.0,0.0,0.0
3,123,1100.0,0.0,0.0,0.0
3,124,1100.0,0.0,0.0,0.0
3,125,1100.0,0.0,0.0,0.0
3,126,1100.0,0.0,0.0,0.0
3,127,1100.0,0.0,0.0,0.0
3,128,1100.0,0.0,0.0,0.0
3,129,1100.0,0.0,0.0,0.0
3,130,1100.0,0.0,0.0,0.0
3,131,1100.0,0.0,0.0,0.0
3,132,1100.0,0.0,0.0,0.0
3,133,1100.0,0.0,0.0,0.0
3,134,1100.0,0.0,0.0,0.0
3,135,1100.0,0.0,0.0,0.0
3,136,1100.0,0.0,0.0,0.0
3,137,1100.0,0.0,0.0,0.0
3,138,1100.0,0.0,0.0,0.0
3,139,1100.0,0.0,0.0,0.0
3,140,1100.0,0.0,0.0,0.0
3,141,1100.0,0.0,0.0,0.0
3,142,1100.0,0.0,0.0,0.0
3,143,1100.0,0.0,0.0,0.0
3,144,1100.0,0.0,0.0,0.0
3,145,1100.0,0.0,0.0,0.0
3,146,1100.0,0.0,0.0,0.0
3,147,1100.0,0.0,0.0,0.0
3,148,1100.0,0.0,0.0,0.0
3,149,1100.0,0.0,0.0,0.0
3,150,1100.0,0.0,0.0,0.0
3,151,1100.0,0.0,0.0,0.0
3,152,1100.0,0.0,0.0,0.0
3,153,1100.0,0.0,0.0,0.0
3,154,1100.0,0.0,0.0,0.0
3,155,1100.0,0.0,0.0,0.0
3,156,1100.0,0.0,0.0,0.0
3,157,1100.0,0.0,0.0,0.0
3,158,1100.0,0.0,0.0,0.0
3,159,1100.0,0.0,0.0,0.0
3,160,1100.0,0.0,0.0,0.0
3,161,1100.0,0.0,0.0,0.0
3,162,1100.0,0.0,0.0,0.0
3,163,1100.0,0.0,0.0,0.0
3,164,1100.0,0.0,0.0,0.0
3,165,1100.0,0.0,0.0,0.0
3,166,1100.0,0.0,0.0,0.0
3,167,1100.0,0.0,0.0,0.0
3,168,1100.0,0.0,0.0,0.0
3,169,1100.0,0.0,0.0,0.0
3,170,1100.0,0.0,0.0,0.0
3,171,1100.0,0.0,0.0,0.0
3,172,1100.0,0.0,0.0,0.0
3,173,1100.0,0.0,0.0,0.0
3,174,1100.0,0.0,0.0,0.0
3,175,1100.0,0.0,0.0,0.0
3,176,1100.0,0.0,0.0,0.0
3,177,1100.0,0.0,0.0,0.0
3,178,1100.0,0.0,0.0,0.0
3,179,1100.0,0.0,0.0,0.0
3,180,1100.0,0.0,0.0,0.0
3,181,1100.0,0.0,0.0,0.0
3,182,1100.0,0.0,0.0,0.0
3,183,1100.0,0.0,0.0,0.0
3,184,1100.0,0.0,0.0,0.0
3,185,1100.0,0.0,0.0,0.0
3,186,1100.0,0.0,0.0,0.0
3,187,1100.0,0.0,0.0,0.0
3,188,1100.0,0.0,0.0,0.0
3,189,1100.0,0.0,0.0,0.0
3,190,1100.0,0.0,0.0,0.0
3,191,1100.0,0.0,0.0,0.0
3,192,1100.0,0.0,0.0,0.0
3,193,1100.0,0.0,0.0,0.0
3,194,1100.0,0.0,0.0,0.0
3,195,1100.0,0.0,0.0,0.0
3,196,1100.0,0.0,0.0,0.0
3,197,1100.0,0.0,0.0,0.0
3,198,1100.0,0.0,0.0,0.0
3,199,1100.0,0.0,0.0,0.0
3,200,1100.0,0.0,0.0,0.0
3,201,1100.0,0.0,0.0,0.0
3,202,1100.0,0.0,0.0,0.0
3,203,1100.0,0.0,0.0,0.0
3,204,1100.0,0.0,0.0,0.0
3,205,1100.0,0.0,0.0,0.0
3,206,1100.0,0.0,0.0,0.0
3,207,1100.0,0.0,0.0,0.0
3,208,1100.0,0.0,0.0,0.0
3,209,1100.0,0.0,0.0,0.0
3,210,1100.0,0.0,0.0,0.0
3,211,1100.0,0.0,0.0,0.0
3,212,1100.0,0.0,0.0,0.0
3,213,1100.0,0.0,0.0,0.0
3,214,1100.0,0.0,0.0,0.0
3,215,1100.0,0.0,0.0,0.0
3,216,1100.0,0.0,0.0,0.0
3,217,1100.0,0.0,0.0,0.0
3,218,1100.0,0.0,0.0,0.0
3,219,1100.0,0.0,0.0,0.0
3,220,1100.0,0.0,0.0,0.0
3,221,1100.0,0.0,0.0,0.0
3,222,1100.0,0.0,0.0,0.0
3,223,1100.0,0.0,0.0,0.0
3,224,1100.0,0.0,0.0,0.0
3,225,1100.0,0.0,0.0,0.0
3,226,1100.0,0.0,0.0,0.0
3,227,1100.0,0.0,0.0,0.0
3,228,1100.0,0.0,0.0,0.0
3,229,1100.0,0.0,0.0,0.0
3,230,1100.0,0.0,0.0,0.0
3,231,1100.0,0.0,0.0,0.0
3,232,1100.0,0.0,0.0,0.0
3,233,1100.0,0.0,0.0,0.0
3,234,1100.0,0.0,0.0,0.0
3,235,1100.0,0.0,0.0,0.0
3,236,1100.0,0.0,0.0,0.0
3,237,1100.0,0.0,0.0,0.0
3,238,1100.0,0.0,0.0,0.0
3,239,1100.0,0.0,0.0,0.0
3,240,1100.0,0.0,0.0,0.0
3,241,1100.0,0.0,0.0,0.0
3,242,1100.0,0.0,0.0,0.0
3,243,1100.0,0.0,0.0,0.0
3,244,1100.0,0.0,0.0,0.0
3,245,1100.0,0.0,0.0,0.0
3,246,1100.0,0.0,0.0,0.0
3,247,1100.0,0.0,0.0,0.0
3,248,1100.0,0.0,0.0,0.0
3,249,1100.0,0.0,0.0,0.0
3,250,1100.0,0.0,0.0,0.0
3,251,1100.0,0.0,0.0,0.0
3,252,1100.0,0.0,0.0,0.0
3,253,1100.0,0.0,0.0,0.0
3,254,1100.0,0.0,0.0,0.0
3,255,1100.0,0.0,0.0,0.0
3,256,1100.0,0.0,0.0,0.0
3,257,1100.0,0.0,0.0,0.0
3,258,1100.0,0.0,0.0,0.0
3,259,1100.0,0.0,0.0,0.0
3,260,1100.0,0.0,0.0,0.0
3,261,1100.0,0.0,0.0,0.0
3,262,1100.0,0.0,0.0,0.0
3,263,1100.0,0.0,0.0,0.0
3,264,1100.0,0.0,0.0,0.0
3,265,1100.0,0.0,0.0,0.0
3,266,1100.0,0.0,0.0,0.0
3,267,1100.0,0.0,0.0,0.0
3,268,1100.0,0.0,0.0,0.0
3,269,1100.0,0.0,0.0,0.0
3,270,1100.0,0.0,0.0,0.0
3,271,1100.0,0.0,0.0,0.0
3,272,1100.0,0.0,0.0,0.0
3,273,1100.0,0.0,0.0,0.0
3,274,1100.0,0.0,0.0,0.0
3,275,1100.0,0.0,0.0,0.0
3,276,1100.0,0.0,0.0,0.0
3,277,1100.0,0.0,0.0,0.0
3,278,1100.0,0.0,0.0,0.0
3,279,1100.0,0.0,0.0,0.0
3,280,1100.0,0.0,0.0,0.0
3,281,1100.0,0.0,0.0,0.0
3,282,1100.0,0.0,0.0,0.0
3,283,1100.0,0.0,0.0,0.0
3,284,1100.0,0.0,0.0,0.0
3,285,1100.0,0.0,0.0,0.0
3,286,1100.0,0.0,0.0,0.0
3,287,1100.0,0.0,0.0,0.0
3,288,1100.0,0.0,0.0,0.0
3,289,1100.0,0.0,0.0,0.0
3,290,1100.0,0.0,0.0,0.0
3,291,1100.0,0.0,0.0,0.0
3,292,1100.0,0.0,0.0,0.0
3,293,1100.0,0.0,0.0,0.0
3,294,1100.0,0.0,0.0,0.0
3,295,1100.0,0.0,0.0,0.0
3,296,1100.0,0.0,0.0,0.0
3,297,1100.0,0.0,0.0,0.0
3,298,1100.0,0.0,0.0,0.0
3,299,1100.0,0.0,0.0,0.0
3,300,1100.0,0.0,0.0,0.0
3,301,1100.0,0.0,0.0,0.0
3,302,1100.0,0.0,0.0,0.0
3,303,1100.0,0.0,0.0,0.0
3,304,1100.0,0.0,0.0,0.0
3,305,1100.0,0.0,0.0,0.0
3,306,1100.0,0.0,0.0,0.0
3,307,1100.0,0.0,0.0,0.0
3,308,1100.0,0.0,0.0,0.0
3,309,1100.0,0.0,0.0,0.0
3,310,1100.0,0.0,0.0,0.0
3,311,1100.0,0.0,0.0,0.0
3,312,1100.0,0.0,0.0,0.0
3,313,1100.0,0.0,0.0,0.0
3,314,1100.0,0.0,0.0,0.0
3,315,1100.0,0.0,0.0,0.0
3,316,1100.0,0.0,0.0,0.0
3,317,1100.0,0.0,0.0,0.0
3,318,1100.0,0.0,0.0,0.0
3,319,1100.0,0.0,0.0,0.0
3,320,1100.0,0.0,0.0,0.0
3,321,1100.0,0.0,0.0,0.0
3,322,1100.0,0.0,0.0,0.0
3,323,1100.0,0.0,0.0,0.0
3,324,1100.0,0.0,0.0,0.0
3,325,1100.0,0.0,0.0,0.0
3,326,1100.0,0.0,0.0,0.0
3,327,1100.0,0.0,0.0,0.0
3,328,1100.0,0.0,0.0,0.0
3,329,1100.0,0.0,0.0,0.0
3,330,1100.0,0.0,0.0,0.0
3,331,1100.0,0.0,0.0,0.0
3,332,1100.0,0.0,0.0,0.0
3,333,1100.0,0.0,0.0,0.0
3,334,1100.0,0.0,0.0,0.0
3,335,1100.0,0.0,0.0,0.0
3,336,1100.0,0.0,0.0,0.0
3,337,1100.0,0.0,0.0,0.0
3,338,1100.0,0.0,0.0,0.0
3,339,1100.0,0.0,0.0,0.0
3,340,1100.0,0.0,0.0,0.0
3,341,1100.0,0.0,0.0,0.0
3,342,1100.0,0.0,0.0,0.0
3,343,1100.0,0.0,0.0,0.0
3,344,1100.0,0.0,0.0,0.0
3,345,1100.0,0.0,0.0,0.0
3,346,1100.0,0.0,0.0,0.0
3,347,1100.0,0.0,0.0,0.0
3,348,1100.0,0.0,0.0,0.0
3,349,1100.0,0.0,0.0,0.0
3,350,1100.0,0.0,0.0,0.0
3,351,1100.0,0.0,0.0,0.0
3,352,1100.0,0.0,0.0,0.0
3,353,1100.0,0.0,0.0,0.0
3,354,1100.0,0.0,0.0,0.0
3,355,1100.0,0.0,0.0,0.0
3,356,1100.0,0.0,0.0,0.0
3,357,1100.0,0.0,0.0,0.0
3,358,1100.0,0.0,0.0,0.0
3,359,1100.0,0.0,0.0,0.0
3,360,1100.0,0.0,0.0,0.0
3,361,1100.0,0.0,0.0,0.0
3,362,1100.0,0.0,0.0,0.0
3,363,1100.0,0.0,0.0,0.0
3,364,1100.0,0.0,0.0,0.0
3,365,1100.0,0.0,0.0,0.0
3,366,1100.0,0.0,0.0,0.0
3,367,1100.0,0.0,0.0,0.0
3,368,1100.0,0.0,0.0,0.0
3,369,1100.0,0.0,0.0,0.0
3,370,1100.0,0.0,0.0,0.0
3,371,1100.0,0.0,0.0,0.0
3,372,1100.0,0.0,0.0,0.0
3,373,1100.0,0.0,0.0,0.0
3,374,1100.0,0.0,0.0,0.0
3,375,1100.0,0.0,0.0,0.0
3,376,1100.0,0.0,0.0,0.0
3,377,1100.0,0.0,0.0,0.0
3,378,1100.0,0.0,0.0,0.0
3,379,1100.0,0.0,0.0,0.0
3,380,1100.0,0.0,0.0,0.0
3,381,1100.0,0.0,0.0,0.0
3,382,1100.0,0.0,0.0,0.0
3,383,1100.0,0.0,0.0,0.0
3,384,1100.0,0.0,0.0,0.0
3,385,1100.0,0.0,0.0,0.0
3,386,1100.0,0.0,0.0,0.0
3,387,1100.0,0.0,0.0,0.0
3,388,1100.0,0.0,0.0,0.0
3,389,1100.0,0.0,0.0,0.0
3,390,1100.0,0.0,0.0,0.0
3,391,1100.0,0.0,0.0,0.0
3,392,1100.0,0.0,0.0,0.0
3,393,1100.0,0.0,0.0,0.0
3,394,1100.0,0.0,0.0,0.0
3,395,1100.0,0.0,0.0,0.0
3,396,1100.0,0.0,0.0,0.0
3,397,1100.0,0.0,0.0,0.0
3,398,1100.0,0.0,0.0,0.0
3,399,1100.0,0.0,0.0,0.0
3,400,1100.0,0.0,0.0,0.0
3,401,1100.0,0.0,0.0,0.0
3,402,1100.0,0.0,0.0,0.0
3,403,1100.0,0.0,0.0,0.0
3,404,1100.0,0.0,0.0,0.0
3,405,1100.0,0.0,0.0,0.0
3,406,1100.0,0.0,0.0,0.0
3,407,1100.0,0.0,0.0,0.0
3,408,1100.0,0.0,0.0,0.0
3,409,1100.0,0.0,0.0,0.0
3,410,1100.0,0.0,0.0,0.0
3,411,1100.0,0.0,0.0,0.0
3,412,1100.0,0.0,0.0,0.0
3,413,1100.0,0.0,0.0,0.0
3,414,1100.0,0.0,0.0,0.0
3,415,1100.0,0.0,0.0,0.0
3,416,1100.0,0.0,0.0,0.0
3,417,1100.0,0.0,0.0,0.0
3,418,1100.0,0.0,0.0,0.0
3,419,1100.0,0.0,0.0,0.0
3,420,1100.0,0.0,0.0,0.0
3,421,1100.0,0.0,0.0,0.0
3,422,1100.0,0.0,0.0,0.0
3,423,1100.0,0.0,0.0,0.0
3,424,1100.0,0.0,0.0,0.0
3,425,1100.0,0.0,0.0,0.0
3,426,1100.0,0.0,0.0,0.0
3,427,1100.0,0.0,0.0,0.0
3,428,1100.0,0.0,0.0,0.0
3,429,1100.0,0.0,0.0,0.0
3,430,1100.0,0.0,0.0,0.0
3,431,1100.0,0.0,0.0,0.0
3,432,1100.0,0.0,0.0,0.0
3,433,1100.0,0.0,0.0,0.0
3,434,1100.0,0.0,0.0,0.0
3,435,1100.0,0.0,0.0,0.0
3,436,1100.0,0.0,0.0,0.0
3,437,1100.0,0.0,0.0,0.0
3,438,1100.0,0.0,0.0,0.0
3,439,1100.0,0.0,0.0,0.0
3,440,1100.0,0.0,0.0,0.0
3,441,1100.0,0.0,0.0,0.0
3,442,1100.0,0.0,0.0,0.0
3,443,1100.0,0.0,0.0,0.0
3,444,1100.0,0.0,0.0,0.0
3,445,1100.0,0.0,0.0,0.0
3,446,1100.0,0.0,0.0,0.0
3,447,1100.0,0.0,0.0,0.0
3,448,1100.0,0.0,0.0,0.0
3,449,1100.0,0.0,0.0,0.0
3,450,1100.0,0.0,0.0,0.0
3,451,1100.0,0.0,0.0,0.0
3,452,1100.0,0.0,0.0,0.0
3,453,1100.0,0.0,0.0,0.0
3,454,1100.0,0.0,0.0,0.0
3,455,1100.0,0.0,0.0,0.0
3,456,1100.0,0.0,0.0,0.0
3,457,1100.0,0.0,0.0,0.0
3,458,1100.0,0.0,0.0,0.0
3,459,1100.0,0.0,0.0,0.0
3,460,1100.0,0.0,0.0,0.0
3,461,1100.0,0.0,0.0,0.0
3,462,1100.0,0.0,0.0,0.0
3,463,1100.0,0.0,0.0,0.0
3,464,1100.0,0.0,0.0,0.0
3,465,1100.0,0.0,0.0,0.0
3,466,1100.0,0.0,0.0,0.0
3,467,1100.0,0.0,0.0,0.0
3,468,1100.0,0.0,0.0,0.0
3,469,1100.0,0.0,0.0,0.0
3,470,1100.0,0.0,0.0,0.0
3,471,1100.0,0.0,0.0,0.0
3,472,1100.0,0.0,0.0,0.0
3,473,1100.0,0.0,0.0,0.0
3,474,1100.0,0.0,0.0,0.0
3,475,1100.0,0.0,0.0,0.0
3,476,1100.0,0.0,0.0,0.0
3,477,1100.0,0.0,0.0,0.0
3,478,1100.0,0.0,0.0,0.0
3,479,1100.0,0.0,0.0,0.0
3,480,1100.0,0.0,0.0,0.0
3,481,1100.0,0.0,0.0,0.0
3,482,1100.0,0.0,0.0,0.0
3,483,1100.0,0.0,0.0,0.0
3,484,1100.0,0.0,0.0,0.0
3,485,1100.0,0.0,0.0,0.0
3,486,1100.0,0.0,0.0,0.0
3,487,1100.0,0.0,0.0,0.0
3,488,1100.0,0.0,0.0,0.0
3,489,1100.0,0.0,0.0,0.0
3,490,1100.0,0.0,0.0,0.0
3,491,1100.0,0.0,0.0,0.0
3,492,1100.0,0.0,0.0,0.0
3,493,1100.0,0.0,0.0,0.0
3,494,1100.0,0.0,0.0,0.0
3,495,1100.0,0.0,0.0,0.0
3,496,1100.0,0.0,0.0,0.0
3,497,1100.0,0.0,0.0,0.0
3,498,1100.0,0.0,0.0,0.0
3,499,1100.0,0.0,0.0,0.0
3,500,1100.0,0.0,0.0,0.0
3,501,1100.0,0.0,0.0,0.0
3,502,1100.0,0.0,0.0,0.0
3,503,1100.0,0.0,0.0,0.0
3,504,1100.0,0.0,0.0,0.0
3,505,1100.0,0.0,0.0,0.0
3,506,1100.0,0.0,0.0,0.0
3,507,1100.0,0.0,0.0,0.0
3,508,1100.0,0.0,0.0,0.0
3,509,1100.0,0.0,0.0,0.0
3,510,1100.0,0.0,0.0,0.0
3,511,1100.0,0.0,0.0,0.0
3,512,1100.0,0.0,0.0,0.0
3,513,1100.0,0.0,0.0,0.0
3,514,1100.0,0.0,0.0,0.0
3,515,1100.0,0.0,0.0,0.0
3,516,1100.0,0.0,0.0,0.0
3,517,1100.0,0.0,0.0,0.0
3,518,1100.0,0.0,0.0,0.0
3,519,1100.0,0.0,0.0,0.0
3,520,1100.0,0.0,0.0,0.0
3,521,1100.0,0.0,0.0,0.0
3,522,1100.0,0.0,0.0,0.0
3,523,1100.0,0.0,0.0,0.0
3,524,1100.0,0.0,0.0,0.0
3,525,1100.0,0.0,0.0,0.0
3,526,1100.0,0.0,0.0,0.0
3,527,1100.0,0.0,0.0,0.0
3,528,1100.0,0.0,0.0,0.0
3,529,1100.0,0.0,0.0,0.0
3,530,1100.0,0.0,0.0,0.0
3,531,1100.0,0.0,0.0,0.0
3,532,1100.0,0.0,0.0,0.0
3,533,1100.0,0.0,0.0,0.0
3,534,1100.0,0.0,0.0,0.0
3,535,1100.0,0.0,0.0,0.0
3,536,1100.0,0.0,0.0,0.0
3,537,1100.0,0.0,0.0,0.0
3,538,1100.0,0.0,0.0,0.0
3,539,1100.0,0.0,0.0,0.0
3,540,1100.0,0.0,0.0,0.0
3,541,1100.0,0.0,0.0,0.0
3,542,1100.0,0.0,0.0,0.0
3,543,1100.0,0.0,0.0,0.0
3,544,1100.0,0.0,0.0,0.0
3,545,1100.0,0.0,0.0,0.0
3,546,1100.0,0.0,0.0,0.0
3,547,1100.0,0.0,0.0,0.0
3,548,1100.0,0.0,0.0,0.0
3,549,1100.0,0.0,0.0,0.0
3,550,1100.0,0.0,0.0,0.0
3,551,1100.0,0.0,0.0,0.0
3,552,1100.0,0.0,0.0,0.0
3,553,1100.0,0.0,0.0,0.0
3,554,1100.0,0.0,0.0,0.0
3,555,1100.0,0.0,0.0,0.0
3,556,1100.0,0.0,0.0,0.0
3,557,1100.0,0.0,0.0,0.0
3,558,1100.0,0.0,0.0,0.0
3,559,1100.0,0.0,0.0,0.0
3,560,1100.0,0.0,0.0,0.0
3,561,1100.0,0.0,0.0,0.0
3,562,1100.0,0.0,0.0,0.0
3,563,1100.0,0.0,0.0,0.0
3,564,1100.0,0.0,0.0,0.0
3,565,1100.0,0.0,0.0,0.0
3,566,1100.0,0.0,0.0,0.0
3,567,1100.0,0.0,0.0,0.0
3,568,1100.0,0.0,0.0,0.0
3,569,1100.0,0.0,0.0,0.0
3,570,1100.0,0.0,0.0,0.0
3,571,1100.0,0.0,0.0,0.0
3,572,1100.0,0.0,0.0,0.0
3,573,1100.0,0.0,0.0,0.0
3,574,1100.0,0.0,0.0,0.0
3,575,1100.0,0.0,0.0,0.0
3,576,1100.0,0.0,0.0,0.0
3,577,1100.0,0.0,0.0,0.0
3,578,1100.0,0.0,0.0,0.0
3,579,1100.0,0.0,0.0,0.0
3,580,1100.0,0.0,0.0,0.0
3,581,1100.0,0.0,0.0,0.0
3,582,1100.0,0.0,0.0,0.0
3,583,1100.0,0.0,0.0,0.0
3,584,1100.0,0.0,0.0,0.0
3,585,1100.0,0.0,0.0,0.0
3,586,1100.0,0.0,0.0,0.0
3,587,1100.0,0.0,0.0,0.0
3,588,1100.0,0.0,0.0,0.0
3,589,1100.0,0.0,0.0,0.0
3,590,1100.0,0.0,0.0,0.0
3,591,1100.0,0.0,0.0,0.0
3,592,1100.0,0.0,0.0,0.0
3,593,1100.0,0.0,0.0,0.0
3,594,1100.0,0.0,0.0,0.0
3,595,1100.0,0.0,0.0,0.0
3,596,1100.0,0.0,0.0,0.0
3,597,1100.0,0.0,0.0,0.0
3,598,1100.0,0.0,0.0,0.0
3,599,1100.0,0.0,0.0,0.0
3,600,1100.0,0.0,0.0,0.0
3,601,1100.0,0.0,0.0,0.0
3,602,1100.0,0.0,0.0,0.0
3,603,1100.0,0.0,0.0,0.0
3,604,1100.0,0.0,0.0,0.0
3,605,1100.0,0.0,0.0,0.0
3,606,1100.0,0.0,0.0,0.0
3,607,1100.0,0.0,0.0,0.0
3,608,1100.0,0.0,0.0,0.0
3,609,1100.0,0.0,0.0,0.0
3,610,1100.0,0.0,0.0,0.0
3,611,1100.0,0.0,0.0,0.0
3,612,1100.0,0.0,0.0,0.0
3,613,1100.0,0.0,0.0,0.0
3,614,1100.0,0.0,0.0,0.0
3,615,1100.0,0.0,0.0,0.0
3,616,1100.0,0.0,0.0,0.0
3,617,1100.0,0.0,0.0,0.0
3,618,1100.0,0.0,0.0,0.0
3,619,1100.0,0.0,0.0,0.0
3,620,1100.0,0.0,0.0,0.0
3,621,1100.0,0.0,0.0,0.0
3,622,1100.0,0.0,0.0,0.0
3,623,1100.0,0.0,0.0,0.0
3,624,1100.0,0.0,0.0,0.0
3,625,1100.0,0.0,0.0,0.0
3,626,1100.0,0.0,0.0,0.0
3,627,1100.0,0.0,0.0,0.0
3,628,1100.0,0.0,0.0,0.0
3,629,1100.0,0.0,0.0,0.0
3,630,1100.0,0.0,0.0,0.0
3,631,1100.0,0.0,0.0,0.0
3,632,1100.0,0.0,0.0,0.0
3,633,1100.0,0.0,0.0,0.0
3,634,1100.0,0.0,0.0,0.0
3,635,1100.0,0.0,0.0,0.0
3,636,1100.0,0.0,0.0,0.0
3,637,1100.0,0.0,0.0,0.0
3,638,1100.0,0.0,0.0,0.0
3,639,1100.0,0.0,0.0,0.0
3,640,1100.0,0.0,0.0,0.0
3,641,1100.0,0.0,0.0,0.0
3,642,1100.0,0.0,0.0,0.0
3,643,1100.0,0.0,0.0,0.0
3,644,1100.0,0.0,0.0,0.0
3,645,1100.0,0.0,0.0,0.0
3,646,1100.0,0.0,0.0,0.0
3,647,1100.0,0.0,0.0,0.0
3,648,1100.0,0.0,0.0,0.0
3,649,1100.0,0.0,0.0,0.0
3,650,1100.0,0.0,0.0,0.0
3,651,1100.0,0.0,0.0,0.0
3,652,1100.0,0.0,0.0,0.0
3,653,1100.0,0.0,0.0,0.0
3,654,1100.0,0.0,0.0,0.0
3,655,1100.0,0.0,0.0,0.0
3,656,1100.0,0.0,0.0,0.0
3,657,1100.0,0.0,0.0,0.0
3,658,1100.0,0.0,0.0,0.0
3,659,1100.0,0.0,0.0,0.0
3,660,1100.0,0.0,0.0,0.0
3,661,1100.0,0.0,0.0,0.0
3,662,1100.0,0.0,0.0,0.0
3,663,1100.0,0.0,0.0,0.0
3,664,1100.0,0.0,0.0,0.0
3,665,1100.0,0.0,0.0,0.0
3,666,1100.0,0.0,0.0,0.0
3,667,1100.0,0.0,0.0,0.0
3,668,1100.0,0.0,0.0,0.0
3,669,1100.0,0.0,0.0,0.0
3,670,1100.0,0.0,0.0,0.0
3,671,1100.0,0.0,0.0,0.0
3,672,1100.0,0.0,0.0,0.0
3,673,1100.0,0.0,0.0,0.0
3,674,1100.0,0.0,0.0,0.0
3,675,1100.0,0.0,0.0,0.0
3,676,1100.0,0.0,0.0,0.0
3,677,1100.0,0.0,0.0,0.0
3,678,1100.0,0.0,0.0,0.0
3,679,1100.0,0.0,0.0,0.0
3,680,1100.0,0.0,0.0,0.0
3,681,1100.0,0.0,0.0,0.0
3,682,1100.0,0.0,0.0,0.0
3,683,1100.0,0.0,0.0,0.0
3,684,1100.0,0.0,0.0,0.0
3,685,1100.0,0.0,0.0,0.0
3,686,1100.0,0.0,0.0,0.0
3,687,1100.0,0.0,0.0,0.0
3,688,1100.0,0.0,0.0,0.0
3,689,1100.0,0.0,0.0,0.0
3,690,1100.0,0.0,0.0,0.0
3,691,1100.0,0.0,0.0,0.0
3,692,1100.0,0.0,0.0,0.0
3,693,1100.0,0.0,0.0,0.0
3,694,1100.0,0.0,0.0,0.0
3,695,1100.0,0.0,0.0,0.0
3,696,1100.0,0.0,0.0,0.0
3,697,1100.0,0.0,0.0,0.0
3,698,1100.0,0.0,0.0,0.0
3,699,1100.0,0.0,0.0,0.0
3,700,1100.0,0.0,0.0,0.0
3,701,1100.0,0.0,0.0,0.0
3,702,1100.0,0.0,0.0,0.0
3,703,1100.0,0.0,0.0,0.0
3,704,1100.0,0.0,0.0,0.0
3,705,1100.0,0.0,0.0,0.0
3,706,1100.0,0.0,0.0,0.0
3,707,1100.0,0.0,0.0,0.0
3,708,1100.0,0.0,0.0,0.0
3,709,1100.0,0.0,0.0,0.0
3,710,1100.0,0.0,0.0,0.0
3,711,1100.0,0.0,0.0,0.0
3,712,1100.0,0.0,0.0,0.0
3,713,1100.0,0.0,0.0,0.0
3,714,1100.0,0.0,0.0,0.0
3,715,1100.0,0.0,0.0,0.0
3,716,1100.0,0.0,0.0,0.0
3,717,1100.0,0.0,0.0,0.0
3,718,1100.0,0.0,0.0,0.0
3,719,1100.0,0.0,0.0,0.0
3,720,1100.0,0.0,0.0,0.0
3,721,1100.0,0.0,0.0,0.0
3,722,1100.0,0.0,0.0,0.0
3,723,1100.0,0.0,0.0,0.0
3,724,1100.0,0.0,0.0,0.0
3,725,1100.0,0.0,0.0,0.0
3,726,1100.0,0.0,0.0,0.0
3,727,1100.0,0.0,0.0,0.0
3,728,1100.0,0.0,0.0,0.0
3,729,1100.0,0.0,0.0,0.0
3,730,1100.0,0.0,0.0,0.0
3,731,1100.0,0.0,0.0,0.0
3,732,1100.0,0.0,0.0,0.0
3,733,1100.0,0.0,0.0,0.0
3,734,1100.0,0.0,0.0,0.0
3,735,1100.0,0.0,0.0,0.0
3,736,1100.0,0.0,0.0,0.0
3,737,1100.0,0.0,0.0,0.0
3,738,1100.0,0.0,0.0,0.0
3,739,1100.0,0.0,0.0,0.0
3,740,1100.0,0.0,0.0,0.0
3,741,1100.0,0.0,0.0,0.0
3,742,1100.0,0.0,0.0,0.0
3,743,1100.0,0.0,0.0,0.0
3,744,1100.0,0.0,0.0,0.0
3,745,1100.0,0.0,0.0,0.0
3,746,1100.0,0.0,0.0,0.0
3,747,1100.0,0.0,0.0,0.0
3,748,1100.0,0.0,0.0,0.0
3,749,1100.0,0.0,0.0,0.0
3,750,1100.0,0.0,0.0,0.0
3,751,1100.0,0.0,0.0,0.0
3,752,1100.0,0.0,0.0,0.0
3,753,1100.0,0.0,0.0,0.0
3,754,1100.0,0.0,0.0,0.0
3,755,1100.0,0.0,0.0,0.0
3,756,1100.0,0.0,0.0,0.0
3,757,1100.0,0.0,0.0,0.0
3,758,1100.0,0.0,0.0,0.0
3,759,1100.0,0.0,0.0,0.0
3,760,1100.0,0.0,0.0,0.0
3,761,1100.0,0.0,0.0,0.0
3,762,1100.0,0.0,0.0,0.0
3,763,1100.0,0.0,0.0,0.0
3,764,1100.0,0.0,0.0,0.0
3,765,1100.0,0.0,0.0,0.0
3,766,1100.0,0.0,0.0,0.0
3,767,1100.0,0.0,0.0,0.0
3,768,1100.0,0.0,0.0,0.0
3,769,1100.0,0.0,0.0,0.0
3,770,1100.0,0.0,0.0,0.0
3,771,1100.0,0.0,0.0,0.0
3,772,1100.0,0.0,0.0,0.0
3,773,1100.0,0.0,0.0,0.0
3,774,1100.0,0.0,0.0,0.0
3,775,1100.0,0.0,0.0,0.0
3,776,1100.0,0.0,0.0,0.0
3,777,1100.0,0.0,0.0,0.0
3,778,1100.0,0.0,0.0,0.0
3,779,1100.0,0.0,0.0,0.0
3,780,1100.0,0.0,0.0,0.0
4,1,400.0,0.0007936507936507937,0.03621031746031746,5.3084384201703145e-6
4,2,400.0,0.0,0.0,0.0
4,3,400.0,0.0,0.0,0.0
4,4,400.0,0.0,0.0,0.0
4,5,400.0,0.0,0.0,0.0
4,6,400.0,0.0,0.0,0.0
4,7,400.0,0.0,0.0,0.0
4,8,400.0,0.0,0.0,0.0
4,9,400.0,0.0,0.0,0.0
4,10,400.0,0.0,0.0,0.0
4,11,400.0,0.0,0.0,0.0
4,12,400.0,0.0,0.0,0.0
4,13,400.0,0.0,0.0,0.0
4,14,400.0,0.0005884320000000001,0.026847209999999996,3.93580534593665e-6
4,15,400.0,0.0,0.0,0.0
4,16,400.0,0.0,0.0,0.0
4,17,400.0,0.0,0.0,0.0
4,18,400.0,0.000371409,0.016945535624999786,2.4842182745482347e-6
4,19,400.0,0.000581376,0.026525279999999825,3.888610355655795e-6
4,20,400.0,0.0,0.0,0.0
4,21,400.0,0.000476391,0.021735339374999763,3.186404282153395e-6
4,22,400.0,0.00033876900000001653,0.01545633562500054,2.2659013127050527e-6
4,23,400.0,0.0003273000000000026,0.014933062500000087,2.18918938760141e-6
4,24,400.0,0.000192321,0.00877464562499899,1.2863644736108766e-6
4,25,400.0,0.0,0.0,0.0
4,26,400.0,0.0003925830000000019,0.017911599375000063,2.62584337718522e-6
4,27,400.0,0.000359058,0.016382021249999854,2.401606975659565e-6
4,28,400.0,0.000266427,0.01215573187499999,1.7820322669431013e-6
4,29,400.0,0.00018967500000000026,0.00865392187500001,1.2686663522557152e-6
4,30,400.0,0.0,0.0,0.0
4,31,400.0,0.00029642100000000504,0.013524208125000164,1.9826511074311083e-6
4,32,400.0,0.00044463300000000005,0.020286380624999996,2.9739866940952396e-6
4,33,400.0,0.0002628990000000525,0.011994766875001712,1.7584347718029392e-6
4,34,400.0,0.00021173100000000666,0.009660226875000217,1.416190828677794e-6
4,35,400.0,0.000217023,0.009901674374999893,1.4515870713883684e-6
4,36,400.0,0.0,0.0,0.0
4,37,400.0,0.0002223150000000007,0.010143121875000025,1.4869833140990098e-6
4,38,400.0,0.000454338,0.020729171249999956,3.038899871628603e-6
4,39,400.0,0.00020379000000000003,0.00929791874999985,1.3630763987145787e-6
4,40,400.0,0.000182616,0.008331854999999888,1.2214512960776397e-6
4,41,400.0,0.000197613,0.009016093124999977,1.3217607163216434e-6
4,42,400.0,0.0002223150000000007,0.010143121875000025,1.4869833140990098e-6
4,43,400.0,0.000390819,0.01783111687499957,2.6140446296149403e-6
4,44,400.0,0.0003061260000000038,0.013966998750000124,2.047564284964471e-6
4,45,400.0,0.0002320200000002215,0.010585912500007219,1.551896491633433e-6
4,46,400.0,0.000313185,0.014289065624999793,2.09477934114248e-6
4,47,400.0,0.000323769,0.014771960624999598,2.1655718265636955e-6
4,48,400.0,0.0003140670000000012,0.014329306875000041,2.1006787149276202e-6
4,49,400.0,0.0005725530000000034,0.02612273062500011,3.829596551907572e-6
4,50,400.0,0.000672243,0.030671086874999417,4.496386316802011e-6
4,51,400.0,0.000421695,0.019239834374999994,2.8205628438880875e-6
4,52,400.0,0.0004587480000000088,0.020930377500000288,3.0683967405541698e-6
4,53,400.0,0.0003934650000000095,0.017951840625000312,2.63174275097036e-6
4,54,400.0,0.00036170400000000436,0.016502745000000145,2.4193050970149184e-6
4,55,400.0,0.0005910780000000226,0.02696793375000074,3.95350346729207e-6
4,56,400.0,0.00045698399999999996,0.020849894999999792,3.0565979929838893e-6
4,57,400.0,0.000495801,0.02262092062499968,3.3162306372201195e-6
4,58,400.0,0.000709296,0.03236162999999995,4.744220213468129e-6
4,59,400.0,0.00022408200000000045,0.010223741250000015,1.498802127566444e-6
4,60,400.0,0.001210389000000034,0.05522399812500111,8.095847093399087e-6
4,61,400.0,0.0,0.0,0.0
4,62,400.0,0.000820452000000027,0.03743312250000089,5.487701837569154e-6
4,63,400.0,0.000323769,0.014771960624999598,2.1655718265636955e-6
4,64,400.0,0.00030259800000000114,0.01380603375000004,2.023966789824044e-6
4,65,400.0,0.00014821200000000002,0.006762172499999379,9.913355866640652e-7
4,66,400.0,0.0,0.0,0.0
4,67,400.0,0.001033947000000035,0.04717383187500114,6.915691413817161e-6
4,68,400.0,0.0005213850000000027,0.02378819062500009,3.487352608782643e-6
4,69,400.0,0.0,0.0,0.0
4,70,400.0,0.00018085200000000218,0.008251372500000072,1.2096525485074592e-6
4,71,400.0,0.00042522300000000235,0.019400799375000076,2.844160339028514e-6
4,72,400.0,0.00036876300000000003,0.01682481187499981,2.466520153192927e-6
4,73,400.0,0.000282306,0.012880211249999874,1.8882410609721785e-6
4,74,400.0,0.0,0.0,0.0
4,75,400.0,0.000437574,0.0199643137499999,2.926771637917168e-6
4,76,400.0,0.00019673100000000554,0.00897585187500018,1.3158613425365692e-6
4,77,400.0,0.0009016170000000212,0.04113627562500056,6.030584687079243e-6
4,78,400.0,0.000285834,0.013041176249999958,1.911838556112606e-6
4,79,400.0,0.0001896750000000072,0.008653921875000236,1.2686663522557482e-6
4,80,400.0,0.000308772,0.014087722499999528,2.065262406319695e-6
4,81,400.0,0.00047903999999999997,0.021856199999999465,3.2041224694058898e-6
4,82,400.0,0.0,0.0,0.0
4,83,400.0,0.0,0.0,0.0
4,84,400.0,0.0,0.0,0.0
4,85,400.0,0.00021173100000000666,0.009660226875000217,1.416190828677794e-6
4,86,400.0,0.0,0.0,0.0
4,87,400.0,0.0,0.0,0.0
4,88,400.0,0.0005663760000000073,0.02584090500000024,3.7882808695146366e-6
4,89,400.0,0.0,0.0,0.0
4,90,400.0,0.0008654459999999642,0.039485973749997696,5.7886501641978874e-6
4,91,400.0,0.0008195700000000194,0.03739288125000027,5.481802463783961e-6
4,92,400.0,0.0006907680000000083,0.03151629000000022,4.620293232186534e-6
4,93,400.0,0.0,0.0,0.0
4,94,400.0,0.00045345600000000003,0.02068892999999982,3.0330004978434792e-6
4,95,400.0,0.00015174,0.006923137499999916,1.0149330818045585e-6
4,96,400.0,0.00015526800000000007,0.007084102500000004,1.0385305769449862e-6
4,97,400.0,0.00028936500000001364,0.013202278124999902,1.9354561171502407e-6
4,98,400.0,0.00014997600000000002,0.006842654999999422,1.0031343342342787e-6
4,99,400.0,0.0001596810000000018,0.007285445625000059,1.0680475117677408e-6
4,100,400.0,0.000644013,0.029383093124999968,4.307566223884318e-6
4,101,400.0,0.00034406100000001355,0.01569778312500035,2.301297555415647e-6
4,102,400.0,0.00041993100000001227,0.0191593518750004,2.8087640963179396e-6
4,103,400.0,0.0005107980000000067,0.02330515875000022,3.41654005746419e-6
4,104,400.0,0.0005999010000000138,0.02737048312500045,4.0125172710402914e-6
4,105,400.0,0.0003440610000000066,0.015697783125000215,2.3012975554156272e-6
4,106,400.0,0.000224964,0.01026398249999981,1.5047015013515176e-6
4,107,400.0,0.0002293740000000044,0.010465188750000144,1.5341983702770849e-6
4,108,400.0,0.00032641800000000887,0.01489282125000029,2.1832900138163365e-6
4,109,400.0,0.0003793500000000005,0.01730784375000002,2.5373327045114303e-6
4,110,400.0,0.00026289900000000394,0.011994766875000128,1.7584347718027069e-6
4,111,400.0,0.0004561020000000138,0.02080965375000045,3.0506986191988825e-6
4,112,400.0,0.0005055060000000001,0.023063711249999647,3.3811438147534833e-6
4,113,400.0,0.0007260570000000022,0.03312635062500007,4.856328381282344e-6
4,114,400.0,0.0003634710000000041,0.016583364375000135,2.4311239104823527e-6
4,115,400.0,0.000366117,0.016704088124999975,2.4488220318376403e-6
4,116,400.0,0.00037493700000000574,0.01710650062500019,2.5078157696887084e-6
4,117,400.0,0.0005504970000000118,0.025116425625000383,3.6820720754855632e-6
4,118,400.0,0.000391701,0.017871358124999362,2.6199440034000136e-6
4,119,400.0,0.000329946,0.015053786249999925,2.2068875089566975e-6
4,120,400.0,0.00039699300000001214,0.018112805625000398,2.6553402461107876e-6
4,121,400.0,0.000547851,0.024995701874999613,3.6643739541301396e-6
4,122,400.0,0.0004102260000000135,0.018716561250000444,2.743850918784577e-6
4,123,400.0,0.00038376000000002464,0.017509050000000446,2.566829573437011e-6
4,124,400.0,0.000401403,0.018314011874999828,2.6848371150362223e-6
4,125,400.0,0.000559320000000002,0.025518975000000065,3.7410858792337817e-6
4,126,400.0,0.0004287540000000034,0.019561901250000114,2.8677779000661628e-6
4,127,400.0,0.0007401720000000112,0.03377034750000036,4.950738427741274e-6
4,128,400.0,0.0006396,0.029181749999999684,4.278049289061529e-6
4,129,400.0,0.000556674000000007,0.02539825125000023,3.723387757878495e-6
4,130,400.0,0.00044639699999999996,0.020366863124999586,2.9857854416653875e-6
4,131,400.0,0.0005169750000000028,0.0235869843750001,3.457855739857126e-6
4,132,400.0,0.000421695,0.019239834374999994,2.8205628438880875e-6
4,133,400.0,0.00035112,0.016019849999999884,2.3485126115936364e-6
4,134,400.0,0.000548733,0.025035943124999866,3.6702733279152802e-6
4,135,400.0,0.0008142780000000294,0.03715143375000023,5.446406221073333e-6
4,136,400.0,0.00039699300000001214,0.018112805625000398,2.6553402461107876e-6
4,137,400.0,0.00017556,0.008009924999999942,1.1742563057968182e-6
4,138,400.0,0.0,0.0,0.0
4,139,400.0,0.000590196,0.026927692499999586,3.947604093506797e-6
4,140,400.0,0.0,0.0,0.0
4,141,400.0,0.0,0.0,0.0
4,142,400.0,0.000348471,0.015898989374999645,2.330794424341062e-6
4,143,400.0,0.000451689,0.020608310624992025,3.0211816843749006e-6
4,144,400.0,0.0,0.0,0.0
4,145,400.0,0.0,0.0,0.0
4,146,400.0,0.0,0.0,0.0
4,147,400.0,0.0,0.0,0.0
4,148,400.0,0.0,0.0,0.0
4,149,400.0,0.0,0.0,0.0
4,150,400.0,0.00047992200000000003,0.021896441249999798,3.2100218431910423e-6
4,151,400.0,0.0,0.0,0.0
4,152,400.0,0.00042875400000000775,0.01956190125000023,2.8677779000661793e-6
4,153,400.0,0.00017908800000000086,0.008170890000000028,1.1978538009372453e-6
4,154,400.0,0.000292011,0.013323001874999832,1.9531542385055415e-6
4,155,400.0,0.000357294000000008,0.01630153875000026,2.389808228089417e-6
4,156,400.0,0.0,0.0,0.0
4,157,400.0,0.0004561020000000138,0.02080965375000045,3.0506986191988825e-6
4,158,400.0,0.0,0.0,0.0
4,159,400.0,0.0,0.0,0.0
4,160,400.0,0.000502857,0.02294285062499985,3.363425627500974e-6
4,161,400.0,0.00047286300000000007,0.021574374374999677,3.162806787012967e-6
4,162,400.0,0.00033347400000000114,0.01521475124999999,2.2304850040971215e-6
4,163,400.0,0.0,0.0,0.0
4,164,400.0,0.0,0.0,0.0
4,165,400.0,0.0,0.0,0.0
4,166,400.0,0.0,0.0,0.0
4,167,400.0,0.0,0.0,0.0
4,168,400.0,0.0,0.0,0.0
4,169,400.0,0.0,0.0,0.0
4,170,400.0,0.0007322310000000007,0.03340803937500001,4.897623997778061e-6
4,171,400.0,0.000645777,0.02946357562499886,4.319364971454363e-6
4,172,400.0,0.00027525,0.012558281249999925,1.8410460706913566e-6
4,173,400.0,0.0,0.0,0.0
4,174,400.0,0.000518739,0.023667466874999685,3.4696544874272724e-6
4,175,400.0,0.0004314,0.019682624999999954,2.88547602142145e-6
4,176,400.0,0.000277896,0.012679004999999991,1.8587441920466773e-6
4,177,400.0,0.0009130860000000074,0.04165954875000025,6.1072966121827736e-6
4,178,400.0,0.000347589,0.0158587481249994,2.324895050555922e-6
4,179,400.0,0.000298185,0.013604690624995685,1.994449855000659e-6
4,180,400.0,0.00038111400000000005,0.017388326249999607,2.549131452081577e-6
4,181,400.0,0.000359058,0.016382021249999854,2.401606975659565e-6
4,182,400.0,0.000633426,0.028900061249999755,4.236753672565815e-6
4,183,400.0,0.0004561020000000138,0.02080965375000045,3.0506986191988825e-6
4,184,400.0,0.000257604000000064,0.011753182500002086,1.7230184631951435e-6
4,185,400.0,0.000557556,0.02543849249999957,3.729287131663502e-6
4,186,400.0,0.00031935900000000517,0.014570754375000168,2.136074957638261e-6
4,187,400.0,0.00019673100000000554,0.00897585187500018,1.3158613425365692e-6
4,188,400.0,0.0,0.0,0.0
4,189,400.0,0.0,0.0,0.0
4,190,400.0,0.0,0.0,0.0
4,191,400.0,0.0,0.0,0.0
4,192,400.0,0.0005196210000000369,0.023707708125001205,3.475553861212599e-6
4,193,400.0,0.000401403,0.0183140118749998,2.684837115036218e-6
4,194,400.0,0.0002999520000000061,0.013685310000000199,2.0062686684687565e-6
4,195,400.0,0.000900735,0.04109603437499945,6.024685313293976e-6
4,196,400.0,0.00017644200000000235,0.008050166250000077,1.1801556795819415e-6
4,197,400.0,0.00023731500000000183,0.010827496875000061,1.587312800240234e-6
4,198,400.0,0.000584022,0.02664600374999966,3.906308477011082e-6
4,199,400.0,0.0,0.0,0.0
4,200,400.0,0.0,0.0,0.0
4,201,400.0,0.000553143,0.025237149374999178,3.6997701968406976e-6
4,202,400.0,0.000202026,0.009217436249999806,1.351277651144365e-6
4,203,400.0,0.0,0.0,0.0
4,204,400.0,0.0,0.0,0.0
4,205,400.0,0.0,0.0,0.0
4,206,400.0,0.000860151,0.03924438937499906,5.753233855590237e-6
4,207,400.0,0.0,0.0,0.0
4,208,400.0,0.0,0.0,0.0
4,209,400.0,0.0004164030000000096,0.018998386875000252,2.7851666011775033e-6
4,210,400.0,0.000900735,0.04109603437499945,6.024685313293976e-6
4,211,400.0,0.00031406700000000294,0.014329306874999994,2.1006787149276134e-6
4,212,400.0,0.0,0.0,0.0
4,213,400.0,0.000362586,0.01654298624999994,2.425204470799992e-6
4,214,400.0,0.000276132,0.012598522499999947,1.8469454444764636e-6
4,215,400.0,0.00033876900000001653,0.01545633562500054,2.2659013127050527e-6
4,216,400.0,0.00030348,0.013846274999999833,2.0298661636091175e-6
4,217,400.0,0.000447279,0.020407104374999832,2.991684815450527e-6
4,218,400.0,0.00018438000000000482,0.008412337500000156,1.2332500436478862e-6
4,219,400.0,0.00023996100000000002,0.010948220624999899,1.6050109215955211e-6
4,220,400.0,0.00045345600000000003,0.020688929999999717,3.033000497843464e-6
4,221,400.0,0.0002991420000002104,0.013648353750006859,2.0008508762181066e-6
4,222,400.0,0.00027721800000000003,0.012648071249999834,1.854209299273071e-6
4,223,400.0,0.0011574570000000002,0.052808975624998936,7.741804402703636e-6
4,224,400.0,0.0,0.0,0.0
4,225,400.0,0.001060413,0.048381343124999546,7.092712759164494e-6
4,226,400.0,0.000584022,0.02664600374999966,3.906308477011082e-6
4,227,400.0,0.00036170400000000436,0.016502745000000145,2.4193050970149184e-6
4,228,400.0,0.0,0.0,0.0
4,229,400.0,0.001019832,0.04652983499999995,6.821281367358099e-6
4,230,400.0,0.0,0.0,0.0
4,231,400.0,0.0008883840000000198,0.04053252000000078,5.942074014405492e-6
4,232,400.0,0.0,0.0,0.0
4,233,400.0,0.0006263670000000001,0.028577994374999638,4.18953861638774e-6
4,234,400.0,0.0,0.0,0.0
4,235,400.0,0.0006898860000000007,0.03147604875000003,4.614393858401402e-6
4,236,400.0,0.0005796090000000087,0.026444660625000286,3.8767915421884275e-6
4,237,400.0,0.000280542,0.01279972874999983,1.8764423134019648e-6
4,238,400.0,0.0,0.0,0.0
4,239,400.0,0.000270837,0.012356938124999873,1.8115291358686025e-6
4,240,400.0,0.0,0.0,0.0
4,241,400.0,0.000297303,0.013564449374999961,1.9885504812161824e-6
4,242,400.0,0.0006396,0.029181749999999684,4.278049289061529e-6
4,243,400.0,0.000482568,0.022017164999999634,3.227719964546329e-6
4,244,400.0,0.0,0.0,0.0
4,245,400.0,0.0,0.0,0.0
4,246,400.0,0.0,0.0,0.0
4,247,400.0,0.0,0.0,0.0
4,248,400.0,0.0,0.0,0.0
4,249,400.0,0.0,0.0,0.0
4,250,400.0,0.0,0.0,0.0
4,251,400.0,0.0,0.0,0.0
4,252,400.0,0.0,0.0,0.0
4,253,400.0,0.00023202000000000002,0.010585912499999982,1.551896491632372e-6
4,254,400.0,0.00028407,0.012960693749999915,1.900039808542392e-6
4,255,400.0,0.0003308280000000191,0.015094027500000625,2.2127868827419037e-6
4,256,400.0,0.0,0.0,0.0
4,257,400.0,0.0002276100000000031,0.010384706250000101,1.5223996227068712e-6
4,258,400.0,0.00014644499999999998,0.006681553124999952,9.795167731967135e-7
4,259,400.0,0.00012880200000001119,0.005876591250000365,8.615092315974723e-7
4,260,400.0,0.000187911,0.008573439374999966,1.2568676046855012e-6
4,261,400.0,0.000129684,0.0059168324999998205,8.674086053824963e-7
4,262,400.0,0.0004066980000000109,0.018555596250000285,2.7202534236441395e-6
4,263,400.0,0.00019584899999999997,0.008935610624999932,1.3099619687514295e-6
4,264,400.0,0.0,0.0,0.0
4,265,400.0,0.0,0.0,0.0
4,266,400.0,0.0,0.0,0.0
4,267,400.0,0.0,0.0,0.0
4,268,400.0,0.0,0.0,0.0
4,269,400.0,0.0,0.0,0.0
4,270,400.0,0.0,0.0,0.0
4,271,400.0,9.439500000000406e-5,0.004306771875000121,6.313734562867085e-7
4,272,400.0,0.0002911290000000011,0.013282760625000039,1.947254864720468e-6
4,273,400.0,0.0003696450000000018,0.01686505312500006,2.4724195269780674e-6
4,274,400.0,0.000207318,0.009458883749999935,1.386673893855006e-6
4,275,400.0,0.000122628,0.005594902499999988,8.202136151016915e-7
4,276,400.0,0.0002329020000000001,0.010626153750000004,1.5577958654174791e-6
4,277,400.0,0.000249666,0.011391011249999859,1.6699240991288839e-6
4,278,400.0,0.00022584600000000177,0.01030422375000006,1.5106008751366576e-6
4,279,400.0,0.00029745600000000236,0.013571430000000044,1.989573841974835e-6
4,280,400.0,0.000164091,0.007486651874999939,1.0975443806932418e-6
4,281,400.0,0.000143799,0.0065608293750000005,9.618186518414095e-7
4,282,400.0,0.0002276100000000031,0.010384706250000101,1.5223996227068712e-6
4,283,400.0,0.00041993099999999996,0.01915935187499986,2.80876409631786e-6
4,284,400.0,0.000185265,0.008452715624999902,1.239169483330181e-6
4,285,400.0,0.00048609600000000004,0.022178129999999723,3.2513174596867574e-6
4,286,400.0,0.0006572460000000002,0.029986848750000013,4.3960768965581085e-6
4,287,400.0,0.00016938300000000212,0.0077280993750000505,1.13294062340388e-6
4,288,400.0,0.00022849199999999998,0.010424947499997636,1.5282989964916135e-6
4,289,400.0,0.0008769149999999999,0.04000924687499929,5.865362089301697e-6
4,290,400.0,0.00023202000000002027,0.01058591250000066,1.5518964916324717e-6
4,291,400.0,0.0,0.0,0.0
4,292,400.0,0.000492273,0.022459955624999594,3.2926331420796924e-6
4,293,400.0,0.0,0.0,0.0
4,294,400.0,0.000531972,0.024271222499999728,3.558165160101062e-6
4,295,400.0,0.000370527,0.016905294374999855,2.478318900763141e-6
4,296,400.0,0.000598137,0.027290000624999956,4.000718523470012e-6
4,297,400.0,0.00013409700000035704,0.0061181756250116345,8.969255402069748e-7
4,298,400.0,0.0003273000000000026,0.014933062500000087,2.18918938760141e-6
4,299,400.0,0.0008398620000000245,0.03831870375000096,5.617528192635903e-6
4,300,400.0,0.0005178570000000104,0.02362722562500034,3.463755113642265e-6
4,301,400.0,0.000384642,0.017549291249999693,2.5727289472220044e-6
4,302,400.0,0.000524913,0.02394915562499961,3.510950103922987e-6
4,303,400.0,0.0005575560000000146,0.02543849250000048,3.729287131663635e-6
4,304,400.0,0.000509916,0.023264917499999975,3.4106406836790497e-6
4,305,400.0,0.0005831400000000098,0.02660576250000032,3.900409103226074e-6
4,306,400.0,0.000436692,0.019924072499999175,2.920872264131958e-6
4,307,400.0,0.0007754610000000001,0.03538040812499926,5.186773576836945e-6
4,308,400.0,0.0005231490000000005,0.023868673125000017,3.4991513563528392e-6
4,309,400.0,0.0004975650000000192,0.02270140312500063,3.3280293847904664e-6
4,310,400.0,0.00035994000000000304,0.016422262500000097,2.407506349444704e-6
4,311,400.0,0.0,0.0,0.0
4,312,400.0,0.00032024099999999997,0.014610995624999963,2.1419743314233345e-6
4,313,400.0,0.00047903999999999997,0.02185619999999955,3.204122469405903e-6
4,314,400.0,0.00036788100000001434,0.01678457062500047,2.4606207794079204e-6
4,315,400.0,0.0004763910000000239,0.021735339375000776,3.186404282153543e-6
4,316,400.0,0.0,0.0,0.0
4,317,400.0,0.00033082800000000523,0.015094027500000173,2.2127868827418377e-6
4,318,400.0,0.000285834,0.01304117624999996,1.911838556112606e-6
4,319,400.0,0.0005972550000000001,0.02724975937499971,3.994819149684873e-6
4,320,400.0,0.00046404000000000004,0.021171824999999967,3.1037929832647447e-6
4,321,400.0,0.000338769,0.015456335624999637,2.26590131270492e-6
4,322,400.0,0.000289365,0.013202278124999993,1.935456117150254e-6
4,323,400.0,0.0005487330000000078,0.025035943125000258,3.670273327915338e-6
4,324,400.0,0.000547851,0.024995701874999783,3.6643739541301646e-6
4,325,400.0,0.00045345600000000003,0.02068892999999971,3.0330004978434627e-6
4,326,400.0,0.00031935900000000517,0.014570754375000168,2.136074957638261e-6
4,327,400.0,0.00042434100000000863,0.019360558125000284,2.8382609652434413e-6
4,328,400.0,0.000575199,0.026243454374999947,3.847294673262859e-6
4,329,400.0,0.0007066470000000047,0.03224076937500016,4.72650202621562e-6
4,330,400.0,0.000225846,0.010304223749999562,1.5106008751365848e-6
4,331,400.0,0.0005972550000000001,0.02724975937499937,3.994819149684822e-6
4,332,400.0,0.00033788700000000004,0.01541609437499984,2.2600019389198464e-6
4,333,400.0,0.0,0.0,0.0
4,334,400.0,0.0005046240000000091,0.023023470000000296,3.3752444409684748e-6
4,335,400.0,0.0,0.0,0.0
4,336,400.0,0.0005637300000000123,0.0257201812500004,3.7705827481593494e-6
4,337,400.0,0.0005213850000000131,0.02378819062500043,3.4873526087826926e-6
4,338,400.0,0.0005540250000000118,0.02527739062500039,3.705669570625979e-6
4,339,400.0,0.0007189980000000106,0.03280428375000019,4.809113325104304e-6
4,340,400.0,0.000594609,0.02712903562499987,3.977121028329585e-6
4,341,400.0,0.000832803,0.03799663687499978,5.570313136457672e-6
4,342,400.0,0.0003308280000000191,0.015094027500000625,2.2127868827419037e-6
4,343,400.0,0.000458748,0.020930377499999837,3.0683967405541037e-6
4,344,400.0,0.000621075,0.028336546874999965,4.154142373677166e-6
4,345,400.0,0.00046139400000000386,0.021051101250000127,3.086094861909457e-6
4,346,400.0,0.0006219570000000063,0.028376788125000205,4.1600417474623046e-6
4,347,400.0,0.0008522130000000001,0.038882218124999694,5.700139491524397e-6
4,348,400.0,0.000339651,0.01549657687499988,2.2718006864900595e-6
4,349,400.0,0.001019832000000026,0.04652983500000085,6.8212813673582315e-6
4,350,400.0,0.000220551,0.010062639374999979,1.4751845665287957e-6
4,351,400.0,0.00024172499999999998,0.011028703124999942,1.616809669165735e-6
4,352,400.0,0.0004649220000000217,0.021212066250000706,3.109692357049957e-6
4,353,400.0,0.00021349500000004268,0.009740709375001391,1.4279895762481733e-6
4,354,400.0,0.0006775350000000104,0.03091253437500034,4.531782559512768e-6
4,355,400.0,0.0008663280000000273,0.03952621500000107,5.794549537983486e-6
4,356,400.0,0.00019496700000000422,0.008895369375000139,1.3040625949663562e-6
4,357,400.0,0.000218787,0.00998215687499994,1.4633858189585826e-6
4,358,400.0,0.00037405500000000004,0.01706625937499994,2.501916395903568e-6
4,359,400.0,0.00024613500000000003,0.011229909374994847,1.6463065380905063e-6
4,360,400.0,0.000366117,0.01670408812499975,2.4488220318376073e-6
4,361,400.0,0.0005584380000000001,0.025478733749999823,3.7351865054486428e-6
4,362,400.0,0.0005355,0.024432187499999817,3.58176265524149e-6
4,363,400.0,0.0007936507936507937,0.03621031746031746,5.3084384201703145e-6
4,364,400.0,0.000315831,0.014409789374999675,2.1124774624977736e-6
4,365,400.0,0.0006519510000000117,0.02974526437500038,4.3606605879503116e-6
4,366,400.0,0.0004428690000000124,0.020205898125000406,2.9621879465250926e-6
4,367,400.0,0.000470217,0.021453650624999838,3.1451086656576797e-6
4,368,400.0,0.0,0.0,0.0
4,369,400.0,0.000252312,0.011511734999984318,1.6876222204819167e-6
4,370,400.0,0.00020643600000008755,0.009418642500002853,1.3807745200703299e-6
4,371,400.0,0.000526677,0.02402963812499892,3.5227488514930935e-6
4,372,400.0,0.0005072700000000041,0.023144193750000135,3.3929425623237624e-6
4,373,400.0,0.000683712000000003,0.031194360000000095,4.573098241905687e-6
4,374,400.0,0.0007816350000000027,0.0356620968750001,5.228069193332792e-6
4,375,400.0,0.00026025000000000353,0.011873906250000114,1.7407165845501656e-6
4,376,400.0,0.00030524400000000003,0.013926757499999878,2.041664911179331e-6
4,377,400.0,0.00034494300000000033,0.015738024375000013,2.307196929200701e-6
4,378,400.0,0.0005081520000001227,0.023184435000003997,3.398841936109432e-6
4,379,400.0,0.000490506,0.02237933624999965,3.280814328612265e-6
4,380,400.0,0.000358176,0.016341779999999605,2.3957076018744244e-6
4,381,400.0,0.0,0.0,0.0
4,382,400.0,0.000449925,0.020527828124999672,3.009382936805814e-6
4,383,400.0,0.0,0.0,0.0
4,384,400.0,0.0004578660000000012,0.020890136250000038,3.0624973667690296e-6
4,385,400.0,0.0,0.0,0.0
4,386,400.0,0.00013409700000000001,0.00611817562499999,8.969255402052678e-7
4,387,400.0,0.0005857860000000048,0.02672648625000016,3.9181072245813625e-6
4,388,400.0,0.00018879300000000654,0.008613680625000213,1.2627669784706412e-6
4,389,400.0,0.0,0.0,0.0
4,390,400.0,0.00018438000000000135,0.008412337499999954,1.2332500436478566e-6
4,391,400.0,0.000265545,0.01211549062499341,1.7761328931570332e-6
4,392,400.0,0.00048344999999999996,0.022057406249999884,3.23361933833147e-6
4,393,400.0,0.0003652350000000054,0.01666384687500018,2.4429226580525666e-6
4,394,400.0,0.0,0.0,0.0
4,395,400.0,0.000301716,0.013765792499999792,2.018067416038904e-6
4,396,400.0,0.000437574,0.019964313749999876,2.9267716379171643e-6
4,397,400.0,0.00018702900000000001,0.008533198124999945,1.2509682309003947e-6
4,398,400.0,0.000247899,0.011310391874999843,1.658105285661446e-6
4,399,400.0,0.000322887,0.014731719374999806,2.1596724527786226e-6
4,400,400.0,0.000282306,0.012880211249999874,1.8882410609721785e-6
4,401,400.0,0.00030524400000000003,0.01392675749999965,2.041664911179298e-6
4,402,400.0,0.00019496700000000422,0.008895369375000139,1.3040625949663562e-6
4,403,400.0,0.0003696450000000018,0.01686505312500006,2.4724195269780674e-6
4,404,400.0,0.000622839,0.02841702937499955,4.165941121247311e-6
4,405,400.0,0.000574317,0.026203213124999705,3.84139529947772e-6
4,406,400.0,0.000354648,0.016180814999999807,2.3721101067340397e-6
4,407,400.0,0.000584022,0.02664600374999966,3.906308477011082e-6
4,408,400.0,0.00046845300000000756,0.021373168125000244,3.133309918087532e-6
4,409,400.0,0.00016938300000000212,0.0077280993750000705,1.132940623403883e-6
4,410,400.0,0.00021790500000000435,0.009941915625000144,1.4574864451735089e-6
4,411,400.0,0.000454338,0.020729171249999956,3.038899871628603e-6
4,412,400.0,0.000420813,0.019199593124999744,2.814663470102947e-6
4,413,400.0,0.000548733,0.025035943124999866,3.6702733279152802e-6
4,414,400.0,0.0,0.0,0.0
4,415,400.0,0.00041375400000000006,0.018877526249999624,2.767448413924872e-6
4,416,400.0,0.000557556,0.025438492499998105,3.729287131663287e-6
4,417,400.0,9.8808e-5,0.004508114999999397,6.608903911093491e-7
4,418,400.0,0.000162327,0.007406169374999897,1.0857456331230282e-6
4,419,400.0,0.0,0.0,0.0
4,420,400.0,0.000235548,0.010746877499995772,1.5754939867721696e-6
4,421,400.0,0.0,0.0,0.0
4,422,400.0,0.00034141500000001157,0.015577059375000379,2.28359943406034e-6
4,423,400.0,0.00055932,0.025518974999999614,3.7410858792337156e-6
4,424,400.0,0.00029642100000019933,0.013524208125006496,1.9826511074320362e-6
4,425,400.0,0.00051609,0.023546606249999897,3.451936300174764e-6
4,426,400.0,0.0,0.0,0.0
4,427,400.0,0.0005972550000000001,0.02724975937499971,3.994819149684873e-6
4,428,400.0,0.000621075,0.028336546874999965,4.154142373677166e-6
4,429,400.0,0.0003564120000000004,0.016261297500000015,2.3839088543042774e-6
4,430,400.0,0.0004516890000000051,0.02060831062500017,3.0211816843760945e-6
4,431,400.0,0.00038287800000000316,0.017468808750000106,2.5609301996518574e-6
4,432,400.0,0.0003855240000000121,0.017589532500000393,2.5786283210072107e-6
4,433,400.0,0.000493155,0.02250019687499984,3.298532515864832e-6
4,434,400.0,0.00023996100000000002,0.010948220624999696,1.6050109215954915e-6
4,435,400.0,0.0002487840000000071,0.011350770000000109,1.664024725343817e-6
4,436,400.0,0.000329946,0.015053786249999925,2.2068875089566975e-6
4,437,400.0,0.000584022,0.026646003749999665,3.906308477011083e-6
4,438,400.0,0.0005884320000000001,0.026847209999999996,3.93580534593665e-6
4,439,400.0,0.0002752500000000064,0.012558281250000164,1.8410460706913918e-6
4,440,400.0,0.00024701700000001603,0.011270150625000525,1.6522059118764426e-6
4,441,400.0,0.00031759500000000385,0.014490271875000127,2.1242762100680473e-6
4,442,400.0,0.0002002620000000066,0.009136953750000214,1.3394789035742175e-6
4,443,400.0,0.0006448949999999999,0.029423334374999437,4.313465597669344e-6
4,444,400.0,0.0002796600000000227,0.012759487500000742,1.870542939616995e-6
4,445,400.0,0.0008566230000000008,0.03908342437500003,5.729636360449965e-6
4,446,400.0,0.00038640600000000146,0.01762977375000005,2.584527694792264e-6
4,447,400.0,0.00038905499999999997,0.01775063437499997,2.6022458820447916e-6
4,448,400.0,0.00031406700000000294,0.014329306875000095,2.1006787149276283e-6
4,449,400.0,0.000402288,0.018354389999999797,2.6907565547185498e-6
4,450,400.0,0.0,0.0,0.0
4,451,400.0,0.0,0.0,0.0
4,452,400.0,0.0,0.0,0.0
4,453,400.0,0.0006898860000000007,0.03147604875000002,4.614393858401402e-6
4,454,400.0,0.0008098679999999999,0.03695022749999972,5.416909352147739e-6
4,455,400.0,0.0,0.0,0.0
4,456,400.0,0.000689004,0.03143580749999978,4.608494484616263e-6
4,457,400.0,0.000559320000000002,0.02551897500000007,3.7410858792337826e-6
4,458,400.0,0.0008892660000000001,0.04057276124999999,5.947973388190479e-6
4,459,400.0,0.000277014,0.01263876374999997,1.8528448182615708e-6
4,460,400.0,0.0004905060000000017,0.022379336250000055,3.2808143286123242e-6
4,461,400.0,0.000761346,0.0347364112499992,5.092363530378048e-6
4,462,400.0,0.000763992,0.03485713499999971,5.110061651733434e-6
4,463,400.0,0.0005990190000000062,0.027330241875000202,4.006617897255152e-6
4,464,400.0,0.0008389800000000001,0.03827846249999947,5.611628818850581e-6
4,465,400.0,0.000437574,0.019964313749999876,2.9267716379171643e-6
4,466,400.0,0.0013744800000000112,0.06271065000000037,9.19339147409223e-6
4,467,400.0,0.0,0.0,0.0
4,468,400.0,0.000695181,0.031717633124999645,4.649810167009196e-6
4,469,400.0,0.0003775860000000131,0.017227361250000427,2.5255339569412824e-6
4,470,400.0,0.000239079,0.010907979374999424,1.599111547810348e-6
4,471,400.0,0.000498447,0.022741644374999967,3.333928758575473e-6
4,472,400.0,0.00018085199999999998,0.008251372499999845,1.209652548507426e-6
4,473,400.0,0.0,0.0,0.0
4,474,400.0,0.00017291400000000318,0.007889201250000104,1.156558184441531e-6
4,475,400.0,0.00032024099999999997,0.014610995624999963,2.1419743314233345e-6
4,476,400.0,0.0,0.0,0.0
4,477,400.0,0.00035200200000004567,0.01606009125000142,2.3544119853789655e-6
4,478,400.0,0.0005213850000000296,0.023788190625000646,3.4873526087827244e-6
4,479,400.0,0.000509034,0.023224676249999663,3.4047413098939e-6
4,480,400.0,0.00023290200000000705,0.01062615375000023,1.5577958654175121e-6
4,481,400.0,0.000492273,0.022459955624999597,3.2926331420796924e-6
4,482,400.0,0.0004719810000000102,0.021534133125000333,3.1569074132279593e-6
4,483,400.0,0.0010163040000000234,0.04636887000000062,6.7976838722177824e-6
4,484,400.0,0.00033876900000000265,0.01545633562500009,2.2659013127049867e-6
4,485,400.0,0.000398757,0.018193288124999988,2.6671389936809346e-6
4,486,400.0,0.00032641800000000003,0.01489282124999984,2.1832900138162704e-6
4,487,400.0,0.0005046240000000091,0.023023470000000296,3.3752444409684748e-6
4,488,400.0,0.0004278720000000123,0.019521660000000295,2.8618785262810857e-6
4,489,400.0,0.0003220050000000002,0.01469147812500001,2.1537730789935485e-6
4,490,400.0,0.000230256,0.010505429999999486,1.5400977440620921e-6
4,491,400.0,0.000449925,0.020527828124999672,3.009382936805814e-6
4,492,400.0,0.00017379600000000037,0.007929442500000014,1.1624575582266212e-6
4,493,400.0,0.0,0.0,0.0
4,494,400.0,0.00048344999999999996,0.022057406249999884,3.23361933833147e-6
4,495,400.0,0.0,0.0,0.0
4,496,400.0,0.000423459,0.019320316874999584,2.832361591458235e-6
4,497,400.0,0.0002426070000000058,0.01106894437500019,1.6227090429508749e-6
4,498,400.0,0.000356412,0.016261297499999564,2.3839088543042113e-6
4,499,400.0,0.00018173400000000284,0.008291613750000093,1.215551922292566e-6
4,500,400.0,0.00041375400000000006,0.018877526249999624,2.767448413924872e-6
4,501,400.0,0.0003140670000000012,0.014329306875000041,2.1006787149276202e-6
4,502,400.0,0.000329946,0.015053786249999925,2.2068875089566975e-6
4,503,400.0,0.0004428690000000124,0.02020589812500018,2.9621879465250595e-6
4,504,400.0,0.0003864060000000058,0.01762977375000019,2.5845276947922844e-6
4,505,400.0,0.00040405200000000197,0.01843487250000004,2.7025553022887925e-6
4,506,400.0,0.00041816700000000005,0.019078869374999925,2.7969653487476626e-6
4,507,400.0,0.0005134440000000295,0.023425882500000713,3.4342381788195724e-6
4,508,400.0,0.000135861000000001,0.006198658125000033,9.087242877754814e-7
4,509,400.0,0.000173796,0.007929442499999785,1.1624575582265877e-6
4,510,400.0,0.00014468100000000067,0.006601070625000022,9.677180256265165e-7
4,511,400.0,0.00036170400000000436,0.016502745000000145,2.4193050970149184e-6
4,512,400.0,0.00019938000000000003,0.009096712499999968,1.3335795297890777e-6
4,513,400.0,0.0002734830000000049,0.012477661875000162,1.8292272572239558e-6
4,514,400.0,0.00038287800000001357,0.017468808750000377,2.560930199651897e-6
4,515,400.0,0.00032465099999999997,0.014812201874999846,2.1714712003488357e-6
4,516,400.0,0.00038552400000000004,0.017589532499999942,2.5786283210071446e-6
4,517,400.0,0.00030259800000000114,0.01380603375000004,2.023966789824044e-6
4,518,400.0,0.0001932030000000029,0.008814886875000096,1.2922638473961424e-6
4,519,400.0,0.0001587960000000027,0.007245067500000089,1.0621280720854133e-6
4,520,400.0,0.00045698399999999996,0.020849894999999792,3.0565979929838893e-6
4,521,400.0,0.0003669990000000206,0.01674432937500067,2.4547214056228458e-6
4,522,400.0,0.00031053600000000015,0.014168204999999962,2.0770611538899657e-6
4,523,400.0,0.000129684,0.005916832499999933,8.674086053825128e-7
4,524,400.0,0.000304362,0.013886516249999854,2.0357655373942243e-6
4,525,400.0,0.000280542,0.0127997287499987,1.8764423134017994e-6
4,526,400.0,0.000232902,0.010626153749999779,1.5577958654174459e-6
4,527,400.0,0.0002276100000000031,0.010384706250000103,1.5223996227068714e-6
4,528,400.0,0.00022055100000002714,0.010062639375000884,1.4751845665289285e-6
4,529,400.0,0.0006801810000000158,0.031033258125000518,4.549480680868106e-6
4,530,400.0,0.0004225770000000073,0.01928007562500024,2.8264622176732273e-6
4,531,400.0,0.0005231490000000023,0.023868673125000055,3.499151356352845e-6
4,532,400.0,0.000636072,0.029020784999999594,4.254451793921102e-6
4,533,400.0,0.0001596810000000018,0.007285445625000058,1.0680475117677408e-6
4,534,400.0,0.000230256,0.01050542999999994,1.5400977440621586e-6
4,535,400.0,0.0003211230000000065,0.014651236875000213,2.1478737052084747e-6
4,536,400.0,0.00024172499999999998,0.011028703124999942,1.616809669165735e-6
4,537,400.0,0.000285834,0.013041176249999958,1.911838556112606e-6
4,538,400.0,0.000186147,0.008492956874999923,1.2450688571152875e-6
4,539,400.0,0.0,0.0,0.0
4,540,400.0,0.000353766,0.01614057374999068,2.366210732947598e-6
4,541,400.0,0.0005002110000000004,0.02282212687500001,3.3457275061456863e-6
4,542,400.0,0.0004887420000006804,0.022298853750022177,3.26901558104536e-6
4,543,400.0,0.000398757,0.018193288124995013,2.6671389936802053e-6
4,544,400.0,0.000430518,0.019642383749999704,2.8795766476363102e-6
4,545,400.0,0.00037846799999999997,0.01726760249999977,2.53143333072629e-6
4,546,400.0,0.00028848299999999997,0.0131620368749997,1.9295567433651072e-6
4,547,400.0,0.0004905060000000017,0.022379336250000055,3.2808143286123242e-6
4,548,400.0,0.00029818500000000636,0.013604690625000209,1.9944498550013222e-6
4,549,400.0,0.0007851660000000038,0.035823198750000125,5.25168675437044e-6
4,550,400.0,0.0003793500000000005,0.01730784375000002,2.5373327045114303e-6
4,551,400.0,0.000240843000000001,0.010988461875000034,1.6109102953806448e-6
4,552,400.0,0.000396111,0.01807256437499843,2.6494408723253954e-6
4,553,400.0,0.000290247,0.01324251937499979,1.9413554909353275e-6
4,554,400.0,0.0005725530000000104,0.026122730625000336,3.829596551907605e-6
4,555,400.0,0.000159681,0.007285445624998248,1.0680475117674754e-6
4,556,400.0,0.000449925,0.020527828124999672,3.009382936805814e-6
4,557,400.0,0.00042434099999999995,0.01936055812499983,2.8382609652433748e-6
4,558,400.0,0.000502857,0.02294285062499985,3.363425627500974e-6
4,559,400.0,0.000284952000000005,0.013000935000000163,1.9059391823275323e-6
4,560,400.0,0.00045522000000000005,0.020769412499999296,3.0447992454136097e-6
4,561,400.0,0.000345825,0.015778265624999795,2.313096302985773e-6
4,562,400.0,0.000224964,0.01026398249999981,1.5047015013515176e-6
4,563,400.0,0.00040317000000000824,0.018394631250000272,2.696655928503723e-6
4,564,400.0,0.000202026,0.009217436249999806,1.351277651144365e-6
4,565,400.0,0.000197613,0.009016093124999977,1.3217607163216434e-6
4,566,400.0,0.0005769630000000137,0.026323936875000446,3.859093420833139e-6
4,567,400.0,0.0,0.0,0.0
4,568,400.0,0.000243489,0.011109185624999983,1.6286084167359482e-6
4,569,400.0,0.0007322310000000276,0.033408039375000906,4.897623997778193e-6
4,570,400.0,0.0,0.0,0.0
4,571,400.0,0.00021966900000000567,0.010022398125000186,1.4692851927437222e-6
4,572,400.0,0.000614016,0.02801447999999984,4.10692731749909e-6
4,573,400.0,0.000139389,0.006359623124998537,9.323217829156767e-7
4,574,400.0,0.0002002620000000066,0.009136953750000214,1.3394789035742175e-6
4,575,400.0,0.0,0.0,0.0
4,576,400.0,0.000574317,0.026203213124999705,3.84139529947772e-6
4,577,400.0,0.00031053600000000015,0.014168205000000008,2.0770611538899724e-6
4,578,400.0,0.0003696450000000018,0.01686505312500006,2.4724195269780674e-6
4,579,400.0,0.0003793500000000005,0.01730784375000002,2.5373327045114303e-6
4,580,400.0,0.000340533000000115,0.015536818125003746,2.27770006027573e-6
4,581,400.0,0.00033347400000001415,0.015214751250000255,2.230485004097161e-6
4,582,400.0,0.0,0.0,0.0
4,583,400.0,0.00031053600000000015,0.014168205000000007,2.077061153889972e-6
4,584,400.0,0.000530208,0.024190739999999485,3.546366412530819e-6
4,585,400.0,0.000686358,0.03131508374999949,4.590796363260909e-6
4,586,400.0,0.00061137,0.027893756249999995,4.089229196143801e-6
4,587,400.0,0.0005178570000000104,0.02362722562500034,3.463755113642265e-6
4,588,400.0,0.0003802320000000081,0.017348085000000263,2.5432320782965697e-6
4,589,400.0,0.00030524400000000003,0.013926757499999878,2.041664911179331e-6
4,590,400.0,0.0004949190000000103,0.022580679375000405,3.310331263435122e-6
4,591,400.0,0.000329946,0.015053786249999925,2.2068875089566975e-6
4,592,400.0,0.000347589,0.0158587481249994,2.324895050555922e-6
4,593,400.0,0.000238197,0.010867738124999856,1.5932121740253074e-6
4,594,400.0,0.0011715720000000096,0.05345297250000032,7.836214449162725e-6
4,595,400.0,0.000244371,0.01114942687499978,1.6345077905210221e-6
4,596,400.0,0.000316713,0.014450030624999877,2.1183768362829075e-6
4,597,400.0,0.00019143900000000158,0.008734404375000053,1.2804650998259287e-6
4,598,400.0,0.000194085,0.008855128124999664,1.2981632211811827e-6
4,599,400.0,0.00020996400000000692,0.009579607500000227,1.4043720152103597e-6
4,600,400.0,0.00012086100000000001,0.005514283124999736,8.083948016342188e-7
4,601,400.0,0.0002911290000000011,0.013282760625000035,1.9472548647204673e-6
4,602,400.0,0.00023290200000004868,0.010626153750001588,1.5577958654177112e-6
4,603,400.0,0.00022231500000000003,0.01014312187499912,1.4869833140988769e-6
4,604,400.0,0.0,0.0,0.0
4,605,400.0,0.00045963000000000004,0.020970618749999632,3.074296114339177e-6
4,606,400.0,0.00025231200000000453,0.011511735000000148,1.6876222204842374e-6
4,607,400.0,0.00042610500000000995,0.01944104062500033,2.8500597128136548e-6
4,608,400.0,0.0,0.0,0.0
4,609,400.0,0.0,0.0,0.0
4,610,400.0,0.00023907900000000315,0.010907979375000102,1.5991115478104472e-6
4,611,400.0,0.00025407600000000585,0.011592217500000192,1.6994209680544513e-6
4,612,400.0,0.0003061260000000038,0.013966998750000124,2.047564284964471e-6
4,613,400.0,0.0002867160000000063,0.013081417500000208,1.9177379298977458e-6
4,614,400.0,0.00020820000000001254,0.009499125000000485,1.3925732676401902e-6
4,615,400.0,0.00025495800000000304,0.011632458750000033,1.7053203418395314e-6
4,616,400.0,0.00044463300000000005,0.020286380624999996,2.9739866940952396e-6
4,617,400.0,0.000437574,0.01996431374999988,2.926771637917165e-6
4,618,400.0,0.00038376000000001076,0.017509050000000356,2.566829573436998e-6
4,619,400.0,0.00045963000000000004,0.020970618749999632,3.074296114339177e-6
4,620,400.0,0.0004913910000000155,0.022419714375000507,3.2867337682947225e-6
4,621,400.0,0.00031847700000001145,0.014530513125000375,2.1301755838531875e-6
4,622,400.0,0.00035729399999999997,0.01630153874999981,2.3898082280893507e-6
4,623,400.0,0.000274368,0.012518039999999906,1.8351466969062503e-6
4,624,400.0,0.00028318800000000366,0.012920452500000117,1.8941404347573181e-6
4,625,400.0,0.0001729140000000049,0.007889201250000127,1.1565581844415341e-6
4,626,400.0,0.00021790500000000781,0.009941915625000255,1.4574864451735252e-6
4,627,400.0,0.000185265,0.008452715624999902,1.239169483330181e-6
4,628,400.0,0.00020643600000000428,0.00941864250000014,1.3807745200699322e-6
4,629,400.0,0.00016144500000000311,0.007365928125000102,1.0798462593379547e-6
4,630,400.0,0.00048080400000000134,0.021936682500000047,3.2159212169761825e-6
4,631,400.0,0.000282306,0.012880211249999874,1.8882410609721785e-6
4,632,400.0,0.00027525000000000466,0.012558281250000154,1.8410460706913903e-6
4,633,400.0,0.000187911,0.008573439374986398,1.2568676046835122e-6
4,634,400.0,0.000139389,0.006359623124999892,9.323217829158755e-7
4,635,400.0,0.000118215,0.005393559374999932,7.906966802789366e-7
4,636,400.0,0.000141153,0.006440105624999937,9.441205304860893e-7
4,637,400.0,0.00023643300000000003,0.010787255624999813,1.581413426455094e-6
4,638,400.0,9.6162e-5,0.004387391249999782,6.431922697540945e-7
4,639,400.0,0.00016585500000000002,0.0075671343749997575,1.1093431282634225e-6
4,640,400.0,0.0,0.0,0.0
4,641,400.0,0.000119097,0.005433800624999954,7.965960540640434e-7
4,642,400.0,0.0,0.0,0.0
4,643,400.0,0.00020731800000000494,0.00945888375000016,1.386673893855039e-6
4,644,400.0,0.000454338,0.020729171249999963,3.0388998716286034e-6
4,645,400.0,0.000172029,0.007848823124999908,1.15063874475917e-6
4,646,400.0,0.00035729399999999997,0.016301538749999483,2.3898082280893033e-6
4,647,400.0,0.000205554,0.00937840124999311,1.3748751462837978e-6
4,648,400.0,0.00014733000000000107,0.006721931250000037,9.854362128790578e-7
4,649,400.0,0.00020379000000000003,0.00929791874999985,1.3630763987145787e-6
4,650,400.0,0.00015174,0.006923137499999916,1.0149330818045585e-6
4,651,400.0,0.000243489,0.011109185624999985,1.6286084167359484e-6
4,652,400.0,0.0002426070000000058,0.01106894437500019,1.6227090429508749e-6
4,653,400.0,0.000284952000000005,0.013000935000000163,1.9059391823275323e-6
4,654,400.0,0.000277896,0.012679004999999991,1.8587441920466773e-6
4,655,400.0,0.00016938300000000212,0.0077280993750000705,1.132940623403883e-6
4,656,400.0,0.0,0.0,0.0
4,657,400.0,0.00017556,0.00800992499999983,1.1742563057968017e-6
4,658,400.0,0.0,0.0,0.0
4,659,400.0,0.0,0.0,0.0
4,660,400.0,0.0002293740000000044,0.010465188750000144,1.5341983702770849e-6
4,661,400.0,0.00017114700000001037,0.007808581875000339,1.1447393709741297e-6
4,662,400.0,0.000265545,0.012115490624997931,1.7761328931576957e-6
4,663,400.0,0.00016320900000000002,0.0074464106249999195,1.0916450069081352e-6
4,664,400.0,0.00015526800000000007,0.007084102500000004,1.0385305769449862e-6
4,665,400.0,0.000282306,0.012880211249999919,1.8882410609721853e-6
4,666,400.0,0.0003078900000000051,0.014047481250000165,2.0593630325346843e-6
4,667,400.0,0.000177324,0.008090407499999962,1.1860550533670283e-6
4,668,400.0,0.000390819,0.01783111687499957,2.6140446296149403e-6
4,669,400.0,0.000192321,0.008774645624999846,1.2863644736110022e-6
4,670,400.0,0.000259368,0.011833664999989465,1.7348172107635007e-6
4,671,400.0,0.000278778,0.01271924624998893,1.8646435658301595e-6
4,672,400.0,0.000381996,0.017428567499999856,2.555030825866717e-6
4,673,400.0,0.000249666,0.011391011249999859,1.6699240991288839e-6
4,674,400.0,0.00020908200000000003,0.00953936624999998,1.3984726414252199e-6
4,675,400.0,0.0,0.0,0.0
4,676,400.0,0.000486978,0.022218371249999966,3.2572168334718963e-6
4,677,400.0,0.0005637300000000123,0.0257201812500004,3.7705827481593494e-6
4,678,400.0,0.00023996100000000002,0.010948220624999899,1.6050109215955211e-6
4,679,400.0,0.000247899,0.011310391874999865,1.6581052856614494e-6
4,680,400.0,0.000169383,0.007728099374999867,1.132940623403853e-6
4,681,400.0,0.00027260100000000003,0.012437420624999912,1.8233278834388156e-6
4,682,400.0,0.000417285,0.01903862812499966,2.79106597496252e-6
4,683,400.0,0.000253194,0.011551976249999943,1.6935215942693111e-6
4,684,400.0,0.0002082000000000056,0.009499125000000183,1.3925732676401457e-6
4,685,400.0,0.000269955,0.01231669687499985,1.8056297620834955e-6
4,686,400.0,0.0001587960000000027,0.007245067500000089,1.0621280720854133e-6
4,687,400.0,0.000164091,0.007486651874999939,1.0975443806932418e-6
4,688,400.0,9.086700000000142e-5,0.0041458068750000465,6.07775961146283e-7
4,689,400.0,0.0001676190000000008,0.007647616875000025,1.121141875833669e-6
4,690,400.0,0.0001252740000000016,0.005715626250000053,8.37911736457012e-7
4,691,400.0,0.0001587960000000027,0.007245067500000089,1.0621280720854133e-6
4,692,400.0,0.000334356,0.015254992499999826,2.236384377882201e-6
4,693,400.0,0.00018173400000000284,0.008291613750000093,1.215551922292566e-6
4,694,400.0,0.00014821200000000173,0.006762172500000057,9.913355866641645e-7
4,695,400.0,0.00017732400000000648,0.008090407500000212,1.186055053367065e-6
4,696,400.0,0.000390819,0.01783111687499957,2.6140446296149403e-6
4,697,400.0,0.000278778,0.012719246249999785,1.864643565831751e-6
4,698,400.0,0.00028142400000000234,0.012839970000000077,1.8823416871871046e-6
4,699,400.0,0.0,0.0,0.0
4,700,400.0,0.000439338,0.020044796249999917,2.938570385487378e-6
4,701,400.0,0.00048344999999999996,0.022057406249999884,3.23361933833147e-6
4,702,400.0,0.0002426070000000058,0.01106894437500019,1.6227090429508749e-6
4,703,400.0,0.000760464000000044,0.034696170000001435,5.086464156593272e-6
4,704,400.0,0.0,0.0,0.0
4,705,400.0,0.00017556,0.008009924999999496,1.1742563057967528e-6
4,706,400.0,0.000493155,0.02250019687499984,3.298532515864832e-6
4,707,400.0,0.0002584860000000577,0.01179342375000188,1.728917836980217e-6
4,708,400.0,0.000282306,0.012880211249999874,1.8882410609721785e-6
4,709,400.0,0.00048168600000000894,0.021976923750000293,3.2218205907613227e-6
4,710,400.0,0.0,0.0,0.0
4,711,400.0,0.00032465100000010627,0.014812201875003464,2.171471200349366e-6
4,712,400.0,0.0005840220000000139,0.026646003750000456,3.906308477011198e-6
4,713,400.0,0.0006898860000000007,0.03147604875000002,4.614393858401402e-6
4,714,400.0,0.0,0.0,0.0
4,715,400.0,0.0,0.0,0.0
4,716,400.0,0.0,0.0,0.0
4,717,400.0,0.0006572460000000002,0.029986848750000013,4.3960768965581085e-6
4,718,400.0,0.0,0.0,0.0
4,719,400.0,0.0,0.0,0.0
4,720,400.0,0.0,0.0,0.0
4,721,400.0,0.000556674000000007,0.02539825125000023,3.723387757878495e-6
4,722,400.0,0.0003555300000000067,0.016221056250000216,2.3780094805192033e-6
4,723,400.0,0.000427872,0.019521659999999864,2.8618785262810226e-6
4,724,400.0,0.0002734830000000049,0.012477661875000162,1.8292272572239558e-6
4,725,400.0,0.00025142999999999997,0.011471493749999898,1.681722846699097e-6
4,726,400.0,0.0,0.0,0.0
4,727,400.0,0.00020908200000000003,0.00953936624999998,1.3984726414252199e-6
4,728,400.0,0.00016673700000000014,0.007607375625000005,1.1152425020485622e-6
4,729,400.0,0.000394347,0.017992081874999656,2.6376421247553678e-6
4,730,400.0,0.00017908800000000086,0.008170890000000028,1.1978538009372453e-6
4,731,400.0,0.0005143260000000371,0.023466123750001216,3.4401375526047503e-6
4,732,400.0,7.763400000000001e-5,0.003542051249998532,5.192652884722775e-7
4,733,400.0,0.00022672800000000002,0.010344464999999855,1.5165002489217314e-6
4,734,400.0,0.00020290800000000164,0.009257677500000054,1.357177024929505e-6
4,735,400.0,0.000370527,0.016905294374999855,2.478318900763141e-6
4,736,400.0,0.000434046,0.019803348749999828,2.9031741427767428e-6
4,737,400.0,0.00015791400000000205,0.007204826250000066,1.0562286983003063e-6
4,738,400.0,0.0001596810000000018,0.007285445625000058,1.0680475117677408e-6
4,739,400.0,0.0001587960000000027,0.007245067500000089,1.0621280720854133e-6
4,740,400.0,0.00030348,0.013846274999999832,2.029866163609117e-6
4,741,400.0,0.0003370020000000029,0.015375716250000095,2.254082499237552e-6
4,742,400.0,0.0,0.0,0.0
4,743,400.0,0.00012351000000000029,0.005635143750000009,8.261129888867981e-7
4,744,400.0,0.000215259,0.009821191874999852,1.4397883238181551e-6
4,745,400.0,0.000164973,0.007526893124998154,1.1034437544780838e-6
4,746,400.0,0.00013233,0.006037556249999998,8.851067267378332e-7
4,747,400.0,0.0007251750000000171,0.03308610937500056,4.850429007497313e-6
4,748,400.0,0.0003370020000000029,0.015375716250000095,2.254082499237552e-6
4,749,400.0,0.00021790500000000435,0.009941915625000143,1.4574864451735086e-6
4,750,400.0,0.00021790500000000435,0.009941915625000143,1.4574864451735086e-6
4,751,400.0,0.0001041000000000028,0.004749562500000091,6.962866338200729e-7
4,752,400.0,0.000232902,0.010626153749999779,1.5577958654174459e-6
4,753,400.0,0.0,0.0,0.0
4,754,400.0,0.00020114400000000032,0.009177195000000011,1.3453782773592914e-6
4,755,400.0,0.0002946570000000037,0.013443725625000125,1.970852359860895e-6
4,756,400.0,0.000296421,0.013524208124999713,1.9826511074310422e-6
4,757,400.0,0.00040758000000000005,0.0185958374999997,2.7261527974291573e-6
4,758,400.0,0.0,0.0,0.0
4,759,400.0,0.0,0.0,0.0
4,760,400.0,0.000916614,0.04182051374999943,6.130894107323068e-6
4,761,400.0,0.00037846799999999997,0.017267602499999545,2.531433330726257e-6
4,762,400.0,0.00022143300000000002,0.010102880624999777,1.4810839403138698e-6
4,763,400.0,0.00033171000000000003,0.015134268749999966,2.218686256526911e-6
4,764,400.0,0.000296421,0.013524208124999713,1.9826511074310422e-6
4,765,400.0,0.00033965100000001025,0.015496576875000334,2.2718006864901265e-6
4,766,400.0,0.000187911,0.008573439374999966,1.2568676046855012e-6
4,767,400.0,0.0002867160000000063,0.013081417500000105,1.917737929897731e-6
4,768,400.0,0.000257604,0.011753182499999825,1.7230184631948123e-6
4,769,400.0,0.00019496700000000422,0.008895369375000139,1.3040625949663562e-6
4,770,400.0,0.00029730300000001264,0.013564449375000414,1.9885504812162485e-6
4,771,400.0,0.0003581760000000017,0.016341780000000056,2.3957076018744905e-6
4,772,400.0,0.00017820600000000714,0.008130648750000233,1.1919544271521717e-6
4,773,400.0,0.00025407600000000585,0.011592217500000192,1.6994209680544513e-6
4,774,400.0,9.7044e-5,0.00442763249999992,6.490916435392183e-7
4,775,400.0,0.00041199000000000097,0.018797043750000034,2.7556496663547246e-6
4,776,400.0,0.000150858,0.006882896249999896,1.009033708019452e-6
4,777,400.0,0.0002928930000000024,0.01336324312500008,1.9590536122906813e-6
4,778,400.0,0.00016585500000000002,0.007567134374999983,1.1093431282634555e-6
4,779,400.0,0.000234666,0.010706636249999821,1.5695946129876598e-6
4,780,400.0,0.00033171000000000003,0.015134268749999966,2.218686256526911e-6
