ID,Resource,Zone,Village,technology,Total_MW,Start_MW,Change_in_MW,Electricity_GWh
1,pltd_bel1,1,1,diesel,2.4358860328480803e-9,0.2773,-0.27729999756411394,1.1920570854904416e-9
2,plts_bel1,1,1,solar,1.2405497707070296e-9,0.0,1.2405497707070296e-9,1.9350046438284533e-9
3,batt_bel1,1,1,battery,0.003327781361552544,0.0,0.003327781361552544,0.0029811414476774217
4,pltd_bel2,1,2,diesel,2.4358867715695085e-9,0.846,-0.8459999975641131,1.192058200208862e-9
5,plts_bel2,1,2,solar,5.680354984067768e-10,0.0,5.680354984067768e-10,8.325239757654e-10
6,batt_bel2,1,2,battery,0.003330853090100117,0.0,0.003330853090100117,0.0029810579469686546
7,pltd_bel3,1,3,diesel,2.4358867691010303e-9,0.842,-0.8419999975641133,1.1920581950037542e-9
8,plts_bel3,1,3,solar,5.680261425612387e-10,0.0,5.680261425612387e-10,8.325105449758414e-10
9,batt_bel3,1,3,battery,0.003330876928838848,0.0,0.003330876928838848,0.0029810747107158063
10,pltd_bel4,1,4,diesel,2.4358863049643654e-9,0.3891,-0.3890999975641137,1.1920573570245227e-9
11,plts_bel4,1,4,solar,5.682554819272183e-10,0.0,5.682554819272183e-10,8.328549952390265e-10
12,batt_bel4,1,4,battery,0.003329198996191209,0.0,0.003329198996191209,0.0029796923824393887
13,pltd_bel5,1,5,diesel,2.4358863841518436e-9,0.4381,-0.4380999975641136,1.192057508874222e-9
14,plts_bel5,1,5,solar,5.682690807918534e-10,0.0,5.682690807918534e-10,8.328744394034395e-10
15,batt_bel5,1,5,battery,0.0033298166286369647,0.0,0.0033298166286369647,0.0029801671755643752
16,pltd_bel6,1,6,diesel,2.4358862751510333e-9,0.3851,-0.3850999975641137,1.1920573657871598e-9
17,plts_bel6,1,6,solar,1.2405134982542715e-9,0.0,1.2405134982542715e-9,1.934947368672675e-9
18,batt_bel6,1,6,battery,0.0033287443180701065,0.0,0.0033287443180701065,0.002981463881900665
19,pltd_bel7,1,7,diesel,2.4358862489392968e-9,0.3586,-0.3585999975641137,1.1920572715484639e-9
20,plts_bel7,1,7,solar,5.682801643644358e-10,0.0,5.682801643644358e-10,8.328910751271133e-10
21,batt_bel7,1,7,battery,0.003328813046455732,0.0,0.003328813046455732,0.002979426407831278
22,pltd_bel8,1,8,diesel,2.4358866677888497e-9,0.7089,-0.7088999975641133,1.1920579413728833e-9
23,plts_bel8,1,8,solar,6.907682192491738e-10,0.0,6.907682192491738e-10,1.0386781056561709e-9
24,batt_bel8,1,8,battery,0.0033306648674391232,0.0,0.0033306648674391232,0.002980424934984801
25,pltd_bel9,1,9,diesel,2.4358866598937672e-9,0.6833,-0.6832999975641133,1.1920579724031174e-9
26,plts_bel9,1,9,solar,6.559477428165656e-10,0.0,6.559477428165656e-10,9.802736261792017e-10
27,batt_bel9,1,9,battery,0.003330506120211053,0.0,0.003330506120211053,0.0029803812090193004
28,pltd_bel10,1,10,diesel,2.435886318664062e-9,0.3968,-0.39679999756411366,1.1920573811461779e-9
29,plts_bel10,1,10,solar,5.683031042739042e-10,0.0,5.683031042739042e-10,8.329239385643092e-10
30,batt_bel10,1,10,battery,0.003329317042974274,0.0,0.003329317042974274,0.0029797765070596247
31,pltd_bel11,1,11,diesel,2.435886635913578e-9,0.6602,-0.6601999975641134,1.1920579367780852e-9
32,plts_bel11,1,11,solar,5.681868916637142e-10,0.0,5.681868916637142e-10,8.327510458342043e-10
33,batt_bel11,1,11,battery,0.0033312016794108637,0.0,0.0033312016794108637,0.0029812295024612004
34,pltd_bel12,1,12,diesel,2.4358860793180564e-9,0.284,-0.28399999756411387,1.1920570958823092e-9
35,plts_bel12,1,12,solar,5.683208416678136e-10,0.0,5.683208416678136e-10,8.329507722706478e-10
36,batt_bel12,1,12,battery,0.003328237046234809,0.0,0.003328237046234809,0.0029793569940735616
37,pltd_bel13,1,13,diesel,2.4358845156818628e-9,0.2672,-0.2671999975641155,1.1934964594412056e-9
38,plts_bel13,1,13,solar,8.77881790913019e-10,0.0,8.77881790913019e-10,1.3409533141452705e-9
39,batt_bel13,1,13,battery,0.15208399852351967,0.0,0.15208399852351967,0.16451401412342387
40,pltd_bel14,1,14,diesel,2.4358857860837047e-9,0.2055,-0.2054999975641142,1.1920569591379961e-9
41,plts_bel14,1,14,solar,1.2405852048485984e-9,0.0,1.2405852048485984e-9,1.935060651674802e-9
42,batt_bel14,1,14,battery,0.00332887551083136,0.0,0.00332887551083136,0.002983203328349478
43,pltd_bel15,1,15,diesel,2.435884164186254e-9,0.1749,-0.17489999756411584,1.1934963491866527e-9
44,plts_bel15,1,15,solar,8.778508441458473e-10,0.0,8.778508441458473e-10,1.3409043131907358e-9
45,batt_bel15,1,15,battery,0.09959899867013679,0.0,0.09959899867013679,0.107915123163788
46,pltd_bel16,1,16,diesel,2.4358864561697454e-9,0.4908,-0.4907999975641136,1.1920576227803696e-9
47,plts_bel16,1,16,solar,5.682147415716178e-10,0.0,5.682147415716178e-10,8.327948252369346e-10
48,batt_bel16,1,16,battery,0.003330371111837235,0.0,0.003330371111837235,0.0029806610953699068
49,pltd_bel17,1,17,diesel,2.435884383486263e-9,0.2234,-0.2233999975641156,1.1934964436123547e-9
50,plts_bel17,1,17,solar,6.782732213879154e-10,0.0,6.782732213879154e-10,1.0095252887060482e-9
51,batt_bel17,1,17,battery,0.12716999850651853,0.0,0.12716999850651853,0.13768573818886384
52,pltd_bel18,1,18,diesel,2.4358854080415316e-9,0.1297,-0.1296999975641146,1.1920568302956063e-9
53,plts_bel18,1,18,solar,6.909453593611696e-10,0.0,6.909453593611696e-10,1.0389480851159526e-9
54,batt_bel18,1,18,battery,0.003332343389613287,0.0,0.003332343389613287,0.0029860675878443854
55,pltd_bel19,1,19,diesel,2.4358858102173873e-9,0.203,-0.20299999756411422,1.1920569552953743e-9
56,plts_bel19,1,19,solar,5.683717907346785e-10,0.0,5.683717907346785e-10,8.330255852351734e-10
57,batt_bel19,1,19,battery,0.003329273549863621,0.0,0.003329273549863621,0.002981426290381701
58,pltd_bel20,1,20,diesel,0.006128793200509301,0.0444,-0.0382712067994907,0.012499528796109943
59,plts_bel20,1,20,solar,0.13240167114460177,0.0,0.13240167114460177,0.1810308378038554
60,batt_bel20,1,20,battery,0.04337617947829394,0.0,0.04337617947829394,0.08169719499831535
61,pltd_bel21,1,21,diesel,2.435885651668001e-9,0.1664,-0.16639999756411433,1.1920569220859062e-9
62,plts_bel21,1,21,solar,4.5344743350861256e-10,0.0,4.5344743350861256e-10,6.452042605398913e-10
63,batt_bel21,1,21,battery,0.0033309097591177417,0.0,0.0033309097591177417,0.0029837203313390773
64,pltd_bel22,1,22,diesel,2.4358853509153243e-9,0.1183,-0.11829999756411465,1.192056854976275e-9
65,plts_bel22,1,22,solar,4.5330262196112153e-10,0.0,4.5330262196112153e-10,6.450012139061232e-10
66,batt_bel22,1,22,battery,0.0033338423223308747,0.0,0.0033338423223308747,0.00298835016219569
67,pltd_bel23,1,23,diesel,2.435885263037121e-9,0.1143,-0.11429999756411474,1.1920567422802328e-9
68,plts_bel23,1,23,solar,1.2405609806507561e-9,0.0,1.2405609806507561e-9,1.9350237760344197e-9
69,batt_bel23,1,23,battery,0.0033334426385074785,0.0,0.0033334426385074785,0.0029899892827377266
70,pltd_bel24,1,24,diesel,2.435884792626728e-9,0.0672,-0.0671999975641152,1.1920563473001902e-9
71,plts_bel24,1,24,solar,4.5336927607821197e-10,0.0,4.5336927607821197e-10,6.450847811441407e-10
72,batt_bel24,1,24,battery,0.003334293971662525,0.0,0.003334293971662525,0.00299211201383328
73,pltd_bel25,1,25,diesel,0.006767179557842542,0.049,-0.04223282044215746,0.013801722979166018
74,plts_bel25,1,25,solar,0.14619262332784505,0.0,0.14619262332784505,0.19988785128833284
75,batt_bel25,1,25,battery,0.04789466939188284,0.0,0.04789466939188284,0.09020717690416921
76,pltd_bel26,1,26,diesel,2.4358854835005676e-9,0.1371,-0.1370999975641145,1.19205691315548e-9
77,plts_bel26,1,26,solar,4.5219517704189644e-10,0.0,4.5219517704189644e-10,6.434649102465123e-10
78,batt_bel26,1,26,battery,0.003333670979618086,0.0,0.003333670979618086,0.002989722018856169
79,pltd_bel27,1,27,diesel,2.4358854046606525e-9,0.1254,-0.1253999975641146,1.1920568477794448e-9
80,plts_bel27,1,27,solar,6.560941680158674e-10,0.0,6.560941680158674e-10,9.804967725307777e-10
81,batt_bel27,1,27,battery,0.0033324242380879895,0.0,0.0033324242380879895,0.002986339798815064
82,pltd_bel28,1,28,diesel,2.435885123072969e-9,0.093,-0.09299999756411488,1.1920565649006819e-9
83,plts_bel28,1,28,solar,6.560354244155555e-10,0.0,6.560354244155555e-10,9.804073641536092e-10
84,batt_bel28,1,28,battery,0.0033337877712704095,0.0,0.0033337877712704095,0.0029892552759215475
85,pltd_bel29,1,29,diesel,2.4358847640995143e-9,0.0662,-0.06619999756411524,1.1920562270791418e-9
86,plts_bel29,1,29,solar,5.682354076831551e-10,0.0,5.682354076831551e-10,8.328194709881078e-10
87,batt_bel29,1,29,battery,0.00333393509471429,0.0,0.00333393509471429,0.0029918598648668864
88,pltd_bel30,1,30,diesel,0.006968685339471386,0.0508,-0.043831314660528614,0.012335584930720756
89,plts_bel30,1,30,solar,0.15030468893587184,0.0,0.15030468893587184,0.2096470444474925
90,batt_bel30,1,30,battery,0.049597945105339256,0.0,0.049597945105339256,0.09487832329066487
91,pltd_bel31,1,31,diesel,2.4358851962670175e-9,0.1035,-0.10349999756411479,1.1920567351214683e-9
92,plts_bel31,1,31,solar,7.313768081045831e-10,0.0,7.313768081045831e-10,1.100317901330808e-9
93,batt_bel31,1,31,battery,0.0033338154064666654,0.0,0.0033338154064666654,0.0029894571648325027
94,pltd_bel32,1,32,diesel,2.4358855922587452e-9,0.1553,-0.1552999975641144,1.1920569363358187e-9
95,plts_bel32,1,32,solar,6.56043173468135e-10,0.0,6.56043173468135e-10,9.804213855798121e-10
96,batt_bel32,1,32,battery,0.003330686132983875,0.0,0.003330686132983875,0.0029838028484641802
97,pltd_bel33,1,33,diesel,2.435885109872997e-9,0.0918,-0.0917999975641149,1.1920565485817782e-9
98,plts_bel33,1,33,solar,6.559905590677184e-10,0.0,6.559905590677184e-10,9.803401813948829e-10
99,batt_bel33,1,33,battery,0.0033338218761761957,0.0,0.0033338218761761957,0.002989420254550015
100,pltd_bel34,1,34,diesel,2.4358848573310577e-9,0.0739,-0.07389999756411514,1.1920563706529694e-9
101,plts_bel34,1,34,solar,7.315099001736201e-10,0.0,7.315099001736201e-10,1.1005231706043627e-9
102,batt_bel34,1,34,battery,0.003333547990285832,0.0,0.003333547990285832,0.0029907339752154472
103,pltd_bel35,1,35,diesel,2.435884918201557e-9,0.0758,-0.07579999756411508,1.1920563356412852e-9
104,plts_bel35,1,35,solar,6.559986190912801e-10,0.0,6.559986190912801e-10,9.80350921477792e-10
105,batt_bel35,1,35,battery,0.0033336587210544837,0.0,0.0033336587210544837,0.0029904907274857675
106,pltd_bel36,1,36,diesel,2.4358843218611616e-9,0.0444,-0.04439999756411568,1.19205589324669e-9
107,plts_bel36,1,36,solar,5.681846083456047e-10,0.0,5.681846083456047e-10,8.327451039230935e-10
108,batt_bel36,1,36,battery,0.0033304755459127597,0.0,0.0033304755459127597,0.002991190612276214
109,pltd_bel37,1,37,diesel,2.4358849312540558e-9,0.0776,-0.07759999756411508,1.1920563471486654e-9
110,plts_bel37,1,37,solar,5.682603149889968e-10,0.0,5.682603149889968e-10,8.328573915204436e-10
111,batt_bel37,1,37,battery,0.0033345283895750816,0.0,0.0033345283895750816,0.002991306209425458
112,pltd_bel38,1,38,diesel,2.435885603241401e-9,0.1587,-0.1586999975641144,1.1920569452666136e-9
113,plts_bel38,1,38,solar,5.683144162688214e-10,0.0,5.683144162688214e-10,8.329428817077435e-10
114,batt_bel38,1,38,battery,0.003331214526870653,0.0,0.003331214526870653,0.002984315062643299
115,pltd_bel39,1,39,diesel,2.435884782348917e-9,0.0712,-0.07119999756411521,1.1920562141934093e-9
116,plts_bel39,1,39,solar,1.2404639181220342e-9,0.0,1.2404639181220342e-9,1.9348724271413637e-9
117,batt_bel39,1,39,battery,0.0033333460535121505,0.0,0.0033333460535121505,0.002992570114222766
118,pltd_bel40,1,40,diesel,2.435884723928594e-9,0.0638,-0.06379999756411527,1.1920561973498402e-9
119,plts_bel40,1,40,solar,5.682171082834558e-10,0.0,5.682171082834558e-10,8.327926895169025e-10
120,batt_bel40,1,40,battery,0.0033337202026112204,0.0,0.0033337202026112204,0.002991917138696631
121,pltd_bel41,1,41,diesel,2.435884807362925e-9,0.069,-0.06899999756411519,1.1920562570935723e-9
122,plts_bel41,1,41,solar,5.681297684605617e-10,0.0,5.681297684605617e-10,8.326656301719745e-10
123,batt_bel41,1,41,battery,0.0033341591915463913,0.0,0.0033341591915463913,0.002991919885225544
124,pltd_bel42,1,42,diesel,2.435884873533545e-9,0.0776,-0.07759999756411513,1.192056287143965e-9
125,plts_bel42,1,42,solar,1.2404816696740077e-9,0.0,1.2404816696740077e-9,1.9349001225998176e-9
126,batt_bel42,1,42,battery,0.0033337219569249768,0.0,0.0033337219569249768,0.0029923850802879804
127,pltd_bel43,1,43,diesel,2.4358854813219476e-9,0.1365,-0.13649999756411452,1.1920568959479405e-9
128,plts_bel43,1,43,solar,6.561282969139394e-10,0.0,6.561282969139394e-10,9.805477844089458e-10
129,batt_bel43,1,43,battery,0.0033317907091990947,0.0,0.0033317907091990947,0.002985367635568315
130,pltd_bel44,1,44,diesel,2.4358852578050133e-9,0.1069,-0.10689999756411474,1.192056706951458e-9
131,plts_bel44,1,44,solar,6.561010640844603e-10,0.0,6.561010640844603e-10,9.805059748253382e-10
132,batt_bel44,1,44,battery,0.0033333932949952253,0.0,0.0033333932949952253,0.0029880853300548946
133,pltd_bel45,1,45,diesel,2.435884986790657e-9,0.081,-0.08099999756411501,1.1920563952862916e-9
134,plts_bel45,1,45,solar,6.560466351467725e-10,0.0,6.560466351467725e-10,9.804229184989344e-10
135,batt_bel45,1,45,battery,0.0033338108508024905,0.0,0.0033338108508024905,0.002990171039856594
136,pltd_bel46,1,46,diesel,2.435885280140862e-9,0.1094,-0.10939999756411471,1.1920567291339773e-9
137,plts_bel46,1,46,solar,6.561214194657972e-10,0.0,6.561214194657972e-10,9.805362772821256e-10
138,batt_bel46,1,46,battery,0.003333303306903981,0.0,0.003333303306903981,0.0029878944734064686
139,pltd_bel47,1,47,diesel,2.435885252927327e-9,0.1131,-0.11309999756411475,1.1920567318010754e-9
140,plts_bel47,1,47,solar,1.2405591039757032e-9,0.0,1.2405591039757032e-9,1.9350208556691788e-9
141,batt_bel47,1,47,battery,0.0033334973818829124,0.0,0.0033334973818829124,0.0029900939127088526
142,pltd_bel48,1,48,diesel,2.4358852816310467e-9,0.1097,-0.10969999756411472,1.1920567309289032e-9
143,plts_bel48,1,48,solar,6.560894099977761e-10,0.0,6.560894099977761e-10,9.804888860042466e-10
144,batt_bel48,1,48,battery,0.0033332616486093382,0.0,0.0033332616486093382,0.002987819334789219
145,pltd_bel49,1,49,diesel,2.4358857948733764e-9,0.1999,-0.1998999975641142,1.1920569539228809e-9
146,plts_bel49,1,49,solar,8.334376645469426e-10,0.0,8.334376645469426e-10,1.2775800893201107e-9
147,batt_bel49,1,49,battery,0.0033286054000977628,0.0,0.0033286054000977628,0.0029808028354302114
148,pltd_bel50,1,50,diesel,2.4358859287145868e-9,0.2348,-0.23479999756411407,1.1920570066173886e-9
149,plts_bel50,1,50,solar,8.33477659931975e-10,0.0,8.33477659931975e-10,1.2776434844355076e-9
150,batt_bel50,1,50,battery,0.0033277402806774184,0.0,0.0033277402806774184,0.0029793336116737032
151,pltd_bel51,1,51,diesel,2.435885547469989e-9,0.1473,-0.14729999756411444,1.1920569200000517e-9
152,plts_bel51,1,51,solar,6.56109052566016e-10,0.0,6.56109052566016e-10,9.805195550371475e-10
153,batt_bel51,1,51,battery,0.00333112707700385,0.0,0.00333112707700385,0.002984401805727248
154,pltd_bel52,1,52,diesel,2.435885609416057e-9,0.1602,-0.1601999975641144,1.1920569512647554e-9
155,plts_bel52,1,52,solar,8.334737163640483e-10,0.0,8.334737163640483e-10,1.277637729753498e-9
156,batt_bel52,1,52,battery,0.0033303319742712984,0.0,0.0033303319742712984,0.002983307794703975
157,pltd_bel53,1,53,diesel,2.435885485774659e-9,0.1374,-0.1373999975641145,1.1920568970745742e-9
158,plts_bel53,1,53,solar,6.56069176891659e-10,0.0,6.56069176891659e-10,9.80459957243102e-10
159,batt_bel53,1,53,battery,0.0033317103226960993,0.0,0.0033317103226960993,0.002985252203656025
160,pltd_bel54,1,54,diesel,2.4358853987495595e-9,0.1263,-0.12629999756411459,1.1920568609663171e-9
161,plts_bel54,1,54,solar,8.326164576764653e-10,0.0,8.326164576764653e-10,1.2762881988956516e-9
162,batt_bel54,1,54,battery,0.003333154146070618,0.0,0.003333154146070618,0.002988457392982807
163,pltd_bel55,1,55,diesel,2.4358858296715785e-9,0.2064,-0.20639999756411417,1.192056959186388e-9
164,plts_bel55,1,55,solar,6.560124871630181e-10,0.0,6.560124871630181e-10,9.803752189352902e-10
165,batt_bel55,1,55,battery,0.0033285114194902678,0.0,0.0033285114194902678,0.002980609008475334
166,pltd_bel56,1,56,diesel,2.4358856160493365e-9,0.1596,-0.1595999975641144,1.192056918922627e-9
167,plts_bel56,1,56,solar,4.5338703364465293e-10,0.0,4.5338703364465293e-10,6.451210927312627e-10
168,batt_bel56,1,56,battery,0.0033313219891081478,0.0,0.0033313219891081478,0.0029844124985590917
169,pltd_bel57,1,57,diesel,2.435885676758068e-9,0.1731,-0.17309999756411432,1.1920569582023645e-9
170,plts_bel57,1,57,solar,5.682457065811859e-10,0.0,5.682457065811859e-10,8.328421894410398e-10
171,batt_bel57,1,57,battery,0.0033304950697114377,0.0,0.0033304950697114377,0.0029833614502584667
172,pltd_bel58,1,58,diesel,2.435885978426216e-9,0.2477,-0.24769999756411404,1.1920569167148678e-9
173,plts_bel58,1,58,solar,4.5226650604787754e-10,0.0,4.5226650604787754e-10,6.435555885999372e-10
174,batt_bel58,1,58,battery,0.0033298670717194505,0.0,0.0033298670717194505,0.0029836706565607688
175,pltd_bel59,1,59,diesel,2.4358849399294177e-9,0.0783,-0.07829999756411506,1.1920563553539114e-9
176,plts_bel59,1,59,solar,5.682152158941088e-10,0.0,5.682152158941088e-10,8.327920764119576e-10
177,batt_bel59,1,59,battery,0.0033345408323151105,0.0,0.0033345408323151105,0.002991302533732381
178,pltd_bel60,1,60,diesel,2.4358863599746025e-9,0.4227,-0.42269999756411364,1.1920574616794167e-9
179,plts_bel60,1,60,solar,5.669131672546532e-10,0.0,5.669131672546532e-10,8.308699609077513e-10
180,batt_bel60,1,60,battery,0.0033303966431172467,0.0,0.0033303966431172467,0.002983229962058346
181,pltd_bel61,1,61,diesel,2.43588457734266e-9,0.0558,-0.055799997564115425,1.1920560906913506e-9
182,plts_bel61,1,61,solar,5.682210845030542e-10,0.0,5.682210845030542e-10,8.327975573289899e-10
183,batt_bel61,1,61,battery,0.0033327681817841705,0.0,0.0033327681817841705,0.002991933508316143
184,pltd_bel62,1,62,diesel,2.4358860918952045e-9,0.2865,-0.2864999975641139,1.1920571022023297e-9
185,plts_bel62,1,62,solar,6.560913724356907e-10,0.0,6.560913724356907e-10,9.804918763875983e-10
186,batt_bel62,1,62,battery,0.0033276305411996396,0.0,0.0033276305411996396,0.0029786755874750066
187,pltd_bel63,1,63,diesel,2.4358852529273278e-9,0.1131,-0.11309999756411475,1.1920567318010741e-9
188,plts_bel63,1,63,solar,1.2405591039757049e-9,0.0,1.2405591039757049e-9,1.935020855669181e-9
189,batt_bel63,1,63,battery,0.003333497381851268,0.0,0.003333497381851268,0.0029900939124804723
190,pltd_bel64,1,64,diesel,2.4358852477898794e-9,0.1057,-0.10569999756411476,1.1920566969501438e-9
191,plts_bel64,1,64,solar,6.561162469692723e-10,0.0,6.561162469692723e-10,9.805283520483807e-10
192,batt_bel64,1,64,battery,0.0033334614295792643,0.0,0.0033334614295792643,0.0029882281925709708
193,pltd_bel65,1,65,diesel,2.4358845096845353e-9,0.0518,-0.05179999756411549,1.1920560305316007e-9
194,plts_bel65,1,65,solar,6.560236638300832e-10,0.0,6.560236638300832e-10,9.803861192166203e-10
195,batt_bel65,1,65,battery,0.0033313987635752496,0.0,0.0033313987635752496,0.00299094011146383
196,pltd_bel66,1,66,diesel,2.435886397083466e-9,0.4473,-0.4472999975641136,1.1920575436791936e-9
197,plts_bel66,1,66,solar,8.334380560436836e-10,0.0,8.334380560436836e-10,1.2775803263009995e-9
198,batt_bel66,1,66,battery,0.0033290868596541827,0.0,0.0033290868596541827,0.002979324492955644
199,pltd_bel67,1,67,diesel,2.435886259144119e-9,0.3611,-0.3610999975641137,1.1920572824600608e-9
200,plts_bel67,1,67,solar,6.560665344088003e-10,0.0,6.560665344088003e-10,9.804543351165504e-10
201,batt_bel67,1,67,battery,0.003328232138507299,0.0,0.003328232138507299,0.0029787672079831947
202,pltd_bel68,1,68,diesel,2.435885718377504e-9,0.1821,-0.1820999975641143,1.1920569539523376e-9
203,plts_bel68,1,68,solar,8.335020106865753e-10,0.0,8.335020106865753e-10,1.2776823084418877e-9
204,batt_bel68,1,68,battery,0.003329267985732217,0.0,0.003329267985732217,0.002981744404696972
205,pltd_bel69,1,69,diesel,2.435886219662431e-9,0.3444,-0.34439999756411377,1.1920572416857792e-9
206,plts_bel69,1,69,solar,8.334477043717984e-10,0.0,8.334477043717984e-10,1.2775958059019867e-9
207,batt_bel69,1,69,battery,0.0033278265265842197,0.0,0.0033278265265842197,0.0029784165763698622
208,pltd_bel70,1,70,diesel,2.435884713705501e-9,0.0632,-0.06319999756411529,1.1920561907875435e-9
209,plts_bel70,1,70,solar,5.682081548922004e-10,0.0,5.682081548922004e-10,8.327796295828285e-10
210,batt_bel70,1,70,battery,0.0033336515091956314,0.0,0.0033336515091956314,0.0029919337686859886
211,pltd_bel71,1,71,diesel,2.435885554596643e-9,0.1485,-0.14849999756411444,1.192056922575937e-9
212,plts_bel71,1,71,solar,6.561133647032158e-10,0.0,6.561133647032158e-10,9.805259779730514e-10
213,batt_bel71,1,71,battery,0.003331056200830439,0.0,0.003331056200830439,0.0029842990467454033
214,pltd_bel72,1,72,diesel,2.435885375555067e-9,0.1288,-0.12879999756411462,1.1920568378926022e-9
215,plts_bel72,1,72,solar,1.2405784487273315e-9,0.0,1.2405784487273315e-9,1.935050931827232e-9
216,batt_bel72,1,72,battery,0.0033327087975710233,0.0,0.0033327087975710233,0.002988750992824813
217,pltd_bel73,1,73,diesel,2.4358851700051456e-9,0.0986,-0.09859999756411482,1.1920566265331314e-9
218,plts_bel73,1,73,solar,5.683078095151851e-10,0.0,5.683078095151851e-10,8.329291951117605e-10
219,batt_bel73,1,73,battery,0.0033344729899962983,0.0,0.0033344729899962983,0.0029897130531830233
220,pltd_bel74,1,74,diesel,2.4358866824485647e-9,0.7113,-0.7112999975641133,1.1920580093498376e-9
221,plts_bel74,1,74,solar,6.559199330218368e-10,0.0,6.559199330218368e-10,9.802315719521113e-10
222,batt_bel74,1,74,battery,0.0033304947517384595,0.0,0.0033304947517384595,0.0029803361372073224
223,pltd_bel75,1,75,diesel,2.4358855307498753e-9,0.1528,-0.15279999756411447,1.192056916412102e-9
224,plts_bel75,1,75,solar,1.240594662461385e-9,0.0,1.240594662461385e-9,1.9350760152848455e-9
225,batt_bel75,1,75,battery,0.0033312940827166493,0.0,0.0033312940827166493,0.0029867000415429463
226,pltd_bel76,1,76,diesel,2.4358848028181232e-9,0.0687,-0.0686999975641152,1.192056253960197e-9
227,plts_bel76,1,76,solar,5.681603461616528e-10,0.0,5.681603461616528e-10,8.327105404920696e-10
228,batt_bel76,1,76,battery,0.003334122544680247,0.0,0.003334122544680247,0.002991855471769146
229,pltd_bel77,1,77,diesel,2.435886154888255e-9,0.3149,-0.31489999756411385,1.1920571702386723e-9
230,plts_bel77,1,77,solar,5.651412037456076e-10,0.0,5.651412037456076e-10,8.281978415421605e-10
231,batt_bel77,1,77,battery,0.003331296471606186,0.0,0.003331296471606186,0.0029878580768957276
232,pltd_bel78,1,78,diesel,2.435885191648935e-9,0.0998,-0.09979999756411481,1.1920566396052678e-9
233,plts_bel78,1,78,solar,6.560619852337947e-10,0.0,6.560619852337947e-10,9.804474477102665e-10
234,batt_bel78,1,78,battery,0.0033336351506970843,0.0,0.0033336351506970843,0.002988692247947642
235,pltd_bel79,1,79,diesel,2.4358847781767255e-9,0.0662,-0.06619999756411522,1.1920562370460296e-9
236,plts_bel79,1,79,solar,6.560487267569434e-10,0.0,6.560487267569434e-10,9.804242866067669e-10
237,batt_bel79,1,79,battery,0.0033331937028578226,0.0,0.0033331937028578226,0.002991003912308041
238,pltd_bel80,1,80,diesel,2.435885253989914e-9,0.1078,-0.10779999756411475,1.1920567132702035e-9
239,plts_bel80,1,80,solar,5.67606755691604e-10,0.0,5.67606755691604e-10,8.319009401233124e-10
240,batt_bel80,1,80,battery,0.0033346418522293792,0.0,0.0033346418522293792,0.002990510372657776
241,pltd_bel81,1,81,diesel,2.435885648276666e-9,0.1673,-0.16729999756411434,1.1920569606141895e-9
242,plts_bel81,1,81,solar,5.68323688355146e-10,0.0,5.68323688355146e-10,8.329564821097651e-10
243,batt_bel81,1,81,battery,0.003330743883418593,0.0,0.003330743883418593,0.0029836265005800727
244,pltd_kup82,1,82,diesel,2.435886622245579e-9,0.6676,-0.6675999975641134,1.1920580009103922e-9
245,plts_kup82,1,82,solar,1.2404474532183288e-9,0.0,1.2404474532183288e-9,1.9348433395427154e-9
246,batt_kup82,1,82,battery,0.003331205216537492,0.0,0.003331205216537492,0.002983777734554339
247,pltd_kup83,1,83,diesel,2.435886240890487e-9,0.3666,-0.36659999756411377,1.192057313211585e-9
248,plts_kup83,1,83,solar,1.2405180222333033e-9,0.0,1.2405180222333033e-9,1.9349545179240597e-9
249,batt_kup83,1,83,battery,0.003328486507945276,0.0,0.003328486507945276,0.002981268885543023
250,pltd_kup84,1,84,diesel,2.435886425684813e-9,0.4831,-0.48309999756411354,1.1920576572092577e-9
251,plts_kup84,1,84,solar,1.240495420370887e-9,0.0,1.240495420370887e-9,1.93491878670378e-9
252,batt_kup84,1,84,battery,0.003330047431385901,0.0,0.003330047431385901,0.002982659829646037
253,pltd_kup85,1,85,diesel,2.4358848221242805e-9,0.0739,-0.07389999756411517,1.1920562431426642e-9
254,plts_kup85,1,85,solar,1.2404714387257686e-9,0.0,1.2404714387257686e-9,1.934884161526771e-9
255,batt_kup85,1,85,battery,0.0033335294112944907,0.0,0.0033335294112944907,0.0029925065086016376
256,pltd_kup86,1,86,diesel,2.4358864052250514e-9,0.468,-0.46799999756411365,1.1920576210069895e-9
257,plts_kup86,1,86,solar,1.240497933860273e-9,0.0,1.240497933860273e-9,1.9349227582466733e-9
258,batt_kup86,1,86,battery,0.0033298696026835377,0.0,0.0033298696026835377,0.002982483855492582
259,pltd_kup87,1,87,diesel,2.435886346572374e-9,0.4279,-0.4278999975641137,1.1920574958816664e-9
260,plts_kup87,1,87,solar,1.240504797767807e-9,0.0,1.240504797767807e-9,1.9349336124699144e-9
261,batt_kup87,1,87,battery,0.0033293480141399615,0.0,0.0033293480141399615,0.0029819838108067695
262,pltd_kup88,1,88,diesel,2.4358857538346367e-9,0.1978,-0.19779999756411426,1.1920569519508062e-9
263,plts_kup88,1,88,solar,1.2405884648563285e-9,0.0,1.2405884648563285e-9,1.9350658275358214e-9
264,batt_kup88,1,88,battery,0.0033291420157366422,0.0,0.0033291420157366422,0.0029836055650825483
265,pltd_kup89,1,89,diesel,2.435886808837586e-9,0.9427,-0.9426999975641132,1.1920583915514033e-9
266,plts_kup89,1,89,solar,1.240303873805947e-9,0.0,1.240303873805947e-9,1.934618156073346e-9
267,batt_kup89,1,89,battery,0.003330523155826801,0.0,0.003330523155826801,0.002983893117078429
268,pltd_kup90,1,90,diesel,2.435886099322159e-9,0.3022,-0.3021999975641139,1.1920571392859035e-9
269,plts_kup90,1,90,solar,1.2405388296430644e-9,0.0,1.2405388296430644e-9,1.9349873761982664e-9
270,batt_kup90,1,90,battery,0.003327842960181671,0.0,0.003327842960181671,0.0029809873985949054
271,pltd_kup91,1,91,diesel,2.435886057477882e-9,0.2862,-0.28619999756411396,1.192057103946606e-9
272,plts_kup91,1,91,solar,1.2405456667176358e-9,0.0,1.2405456667176358e-9,1.934998166473442e-9
273,batt_kup91,1,91,battery,0.003327784877520847,0.0,0.003327784877520847,0.0029810615662309984
274,pltd_kup92,1,92,diesel,2.4358859210178267e-9,0.2412,-0.2411999975641141,1.192057020170917e-9
275,plts_kup92,1,92,solar,1.2405676723216674e-9,0.0,1.2405676723216674e-9,1.9350329099071453e-9
276,batt_kup92,1,92,battery,0.0033280448203723014,0.0,0.0033280448203723014,0.0029818213527239594
277,pltd_kup93,1,93,diesel,2.4358868705870305e-9,1.0783,-1.0782999975641132,1.1920585201860651e-9
278,plts_kup93,1,93,solar,1.2402245993163376e-9,0.0,1.2402245993163376e-9,1.934493891227429e-9
279,batt_kup93,1,93,battery,0.0033296400154147077,0.0,0.0033296400154147077,0.0029840727904882672
280,pltd_kup94,1,94,diesel,2.435885562074594e-9,0.1583,-0.15829999756411445,1.192056930337382e-9
281,plts_kup94,1,94,solar,1.2405960848399876e-9,0.0,1.2405960848399876e-9,1.9350781783487056e-9
282,batt_kup94,1,94,battery,0.003330983260643981,0.0,0.003330983260643981,0.0029862612174278136
283,pltd_kup95,1,95,diesel,2.435884544486439e-9,0.053,-0.052999997564115456,1.1920559917488263e-9
284,plts_kup95,1,95,solar,1.2209269095298669e-9,0.0,1.2209269095298669e-9,1.8291189304894928e-9
285,batt_kup95,1,95,battery,0.0033313980093708367,0.0,0.0033313980093708367,0.002990473805252587
286,pltd_kup96,1,96,diesel,2.435884517064438e-9,0.0542,-0.05419999756411548,1.1920559821157723e-9
287,plts_kup96,1,96,solar,2.0516549451052828e-9,0.0,2.0516549451052828e-9,3.1791095781872692e-9
288,batt_kup96,1,96,battery,0.0033310967788921504,0.0,0.0033310967788921504,0.002989991056356421
289,pltd_kup97,1,97,diesel,2.435885211352729e-9,0.101,-0.10099999756411479,1.1920566043102875e-9
290,plts_kup97,1,97,solar,1.220972474880782e-9,0.0,1.220972474880782e-9,1.82918824508568e-9
291,batt_kup97,1,97,battery,0.0033328799449392466,0.0,0.0033328799449392466,0.002987849930317592
292,pltd_kup98,1,98,diesel,2.43588447996796e-9,0.0524,-0.05239999756411552,1.1920559500184071e-9
293,plts_kup98,1,98,solar,2.0516703212135993e-9,0.0,2.0516703212135993e-9,3.1791336318728194e-9
294,batt_kup98,1,98,battery,0.0033308389836824792,0.0,0.0033308389836824792,0.002989978208339353
295,pltd_kup99,1,99,diesel,2.435884548061488e-9,0.0558,-0.05579999756411545,1.1920560109746005e-9
296,plts_kup99,1,99,solar,2.0515943692906374e-9,0.0,2.0515943692906374e-9,3.1790148271865147e-9
297,batt_kup99,1,99,battery,0.0033312754720622104,0.0,0.0033312754720622104,0.0029900021303116485
298,pltd_kup100,1,100,diesel,2.435885877746285e-9,0.2249,-0.2248999975641141,1.1920569603618421e-9
299,plts_kup100,1,100,solar,1.2141232465414865e-9,0.0,1.2141232465414865e-9,1.8518721320482619e-9
300,batt_kup100,1,100,battery,0.0033273935442281427,0.0,0.0033273935442281427,0.002979227801122488
301,pltd_kup101,1,101,diesel,2.435885289295469e-9,0.1201,-0.12009999756411471,1.1920567354016915e-9
302,plts_kup101,1,101,solar,3.060447282248541e-9,0.0,3.060447282248541e-9,4.875444978434528e-9
303,batt_kup101,1,101,battery,0.003331451250654084,0.0,0.003331451250654084,0.0029857667234074064
304,pltd_kup102,1,102,diesel,2.4358855131204222e-9,0.1466,-0.1465999975641145,1.1920568689338362e-9
305,plts_kup102,1,102,solar,1.2141519765750617e-9,0.0,1.2141519765750617e-9,1.8519177606837904e-9
306,batt_kup102,1,102,battery,0.0033304650991790846,0.0,0.0033304650991790846,0.0029838331311315305
307,pltd_kup103,1,103,diesel,2.4358856832591013e-9,0.1784,-0.17839999756411432,1.192056908893073e-9
308,plts_kup103,1,103,solar,1.2141475407123611e-9,0.0,1.2141475407123611e-9,1.8519103505252824e-9
309,batt_kup103,1,103,battery,0.0033288338179015362,0.0,0.0033288338179015362,0.0029814874962923333
310,pltd_kup104,1,104,diesel,2.435885818185221e-9,0.2095,-0.20949999756411417,1.1920569377584224e-9
311,plts_kup104,1,104,solar,1.2141340031538993e-9,0.0,1.2141340031538993e-9,1.851889013430085e-9
312,batt_kup104,1,104,battery,0.0033277434507034136,0.0,0.0033277434507034136,0.002979821114990148
313,pltd_kup105,1,105,diesel,2.4358852893275446e-9,0.1201,-0.12009999756411471,1.1920567354208072e-9
314,plts_kup105,1,105,solar,3.0604481471299434e-9,0.0,3.0604481471299434e-9,4.875446364705519e-9
315,batt_kup105,1,105,battery,0.003331451020403325,0.0,0.003331451020403325,0.0029857651133533827
316,pltd_kup106,1,106,diesel,2.4358848624424863e-9,0.0786,-0.07859999756411513,1.1920562593207712e-9
317,plts_kup106,1,106,solar,3.0603893337770094e-9,0.0,3.0603893337770094e-9,4.875352109775561e-9
318,batt_kup106,1,106,battery,0.003332341658953063,0.0,0.003332341658953063,0.0029889009747629583
319,pltd_kup107,1,107,diesel,2.4358849414608235e-9,0.0801,-0.08009999756411507,1.1920563219088657e-9
320,plts_kup107,1,107,solar,2.0517643416475406e-9,0.0,2.0517643416475406e-9,3.1792806219152723e-9
321,batt_kup107,1,107,battery,0.003333076225159305,0.0,0.003333076225159305,0.002989370409919704
322,pltd_kup108,1,108,diesel,2.435885260567818e-9,0.114,-0.11399999756411475,1.1920567399552556e-9
323,plts_kup108,1,108,solar,1.2405604790454429e-9,0.0,1.2405604790454429e-9,1.9350229986163302e-9
324,batt_kup108,1,108,battery,0.0033334584975973293,0.0,0.0033334584975973293,0.0029900221277554128
325,pltd_kup109,1,109,diesel,2.435885428915838e-9,0.1325,-0.13249999756411457,1.1920568389820785e-9
326,plts_kup109,1,109,solar,2.0518963646698844e-9,0.0,2.0518963646698844e-9,3.179487025645865e-9
327,batt_kup109,1,109,battery,0.0033312947453961786,0.0,0.0033312947453961786,0.0029850769490977437
328,pltd_kup110,1,110,diesel,2.4358850715967767e-9,0.0918,-0.09179999756411493,1.192056486132602e-9
329,plts_kup110,1,110,solar,1.21409073973015e-9,0.0,1.21409073973015e-9,1.851824062492435e-9
330,batt_kup110,1,110,battery,0.0033331516896807746,0.0,0.0033331516896807746,0.0029886133384342
331,pltd_kup111,1,111,diesel,2.4358855911738615e-9,0.1593,-0.1592999975641144,1.1920569093978146e-9
332,plts_kup111,1,111,solar,2.0518908407203073e-9,0.0,2.0518908407203073e-9,3.179478353642449e-9
333,batt_kup111,1,111,battery,0.0033297149386893143,0.0,0.0033297149386893143,0.002982821139078393
334,pltd_kup112,1,112,diesel,2.43588570845204e-9,0.1765,-0.17649999756411427,1.1920568991879599e-9
335,plts_kup112,1,112,solar,1.2209987156961254e-9,0.0,1.2209987156961254e-9,1.8292282647065338e-9
336,batt_kup112,1,112,battery,0.003328886912985243,0.0,0.003328886912985243,0.002981665103784035
337,pltd_kup113,1,113,diesel,2.435886002329322e-9,0.2535,-0.253499997564114,1.192056998944874e-9
338,plts_kup113,1,113,solar,1.2209704715672351e-9,0.0,1.2209704715672351e-9,1.8291847518783542e-9
339,batt_kup113,1,113,battery,0.0033271209894079595,0.0,0.0033271209894079595,0.0029786387810181985
340,pltd_kup114,1,114,diesel,2.4358853887924854e-9,0.1269,-0.12689999756411463,1.192056813584439e-9
341,plts_kup114,1,114,solar,2.0518724460219046e-9,0.0,2.0518724460219046e-9,3.1794496202602267e-9
342,batt_kup114,1,114,battery,0.003331594649554598,0.0,0.003331594649554598,0.002985523594302039
343,pltd_kup115,1,115,diesel,2.435885396277655e-9,0.1279,-0.1278999975641146,1.1920568191083165e-9
344,plts_kup115,1,115,solar,2.0518796577677715e-9,0.0,2.0518796577677715e-9,3.1794608994784336e-9
345,batt_kup115,1,115,battery,0.0033315527282365667,0.0,0.0033315527282365667,0.0029854617003237088
346,pltd_kup116,1,116,diesel,2.4358854508292214e-9,0.1309,-0.13089999756411455,1.1920568255053136e-9
347,plts_kup116,1,116,solar,1.2209895657621406e-9,0.0,1.2209895657621406e-9,1.8292142800259614e-9
348,batt_kup116,1,116,battery,0.003331311473676513,0.0,0.003331311473676513,0.00298514859188438
349,pltd_kup117,1,117,diesel,2.4358857778954256e-9,0.1922,-0.19219999756411424,1.1920568997948184e-9
350,plts_kup117,1,117,solar,1.2209879572819936e-9,0.0,1.2209879572819936e-9,1.8292116395260725e-9
351,batt_kup117,1,117,battery,0.003328269981515543,0.0,0.003328269981515543,0.0029807210661494674
352,pltd_kup118,1,118,diesel,2.4358854567334753e-9,0.1368,-0.13679999756411454,1.192056852808233e-9
353,plts_kup118,1,118,solar,2.0518754418682727e-9,0.0,2.0518754418682727e-9,3.1794542929231195e-9
354,batt_kup118,1,118,battery,0.003331005487603919,0.0,0.003331005487603919,0.0029846482325839715
355,pltd_kup119,1,119,diesel,2.4358852990177645e-9,0.1152,-0.1151999975641147,1.1920567335669641e-9
356,plts_kup119,1,119,solar,2.051854636935525e-9,0.0,2.051854636935525e-9,3.1794217825188417e-9
357,batt_kup119,1,119,battery,0.0033322390338560645,0.0,0.0033322390338560645,0.0029865747612682543
358,pltd_kup120,1,120,diesel,2.4358855020762574e-9,0.1386,-0.1385999975641145,1.1920568499832392e-9
359,plts_kup120,1,120,solar,1.2209981499385165e-9,0.0,1.2209981499385165e-9,1.8292274894051636e-9
360,batt_kup120,1,120,battery,0.0033308623912893893,0.0,0.0033308623912893893,0.002984505465644374
361,pltd_kup121,1,121,diesel,2.435885773985994e-9,0.1913,-0.19129999756411423,1.1920568990588829e-9
362,plts_kup121,1,121,solar,1.220987185741348e-9,0.0,1.220987185741348e-9,1.8292104504987739e-9
363,batt_kup121,1,121,battery,0.003328298817612481,0.0,0.003328298817612481,0.002980763510249125
364,pltd_kup122,1,122,diesel,2.435885530822429e-9,0.1433,-0.1432999975641145,1.1920568609266023e-9
365,plts_kup122,1,122,solar,1.220994590187229e-9,0.0,1.220994590187229e-9,1.8292219516956603e-9
366,batt_kup122,1,122,battery,0.0033305795306840117,0.0,0.0033305795306840117,0.0029840992742832906
367,pltd_kup123,1,123,diesel,2.4358854723577293e-9,0.134,-0.13399999756411454,1.1920568374765308e-9
368,plts_kup123,1,123,solar,1.2209975444210128e-9,0.0,1.2209975444210128e-9,1.8292265850194177e-9
369,batt_kup123,1,123,battery,0.0033311410321555475,0.0,0.0033311410321555475,0.0029849066269891137
370,pltd_kup124,1,124,diesel,2.4358855124587356e-9,0.1402,-0.14019999756411447,1.192056854245806e-9
371,plts_kup124,1,124,solar,1.2210010400047574e-9,0.0,1.2210010400047574e-9,1.8292319672520719e-9
372,batt_kup124,1,124,battery,0.003330777712739791,0.0,0.003330777712739791,0.002984389944368584
373,pltd_kup125,1,125,diesel,2.4358857916716704e-9,0.1953,-0.1952999975641142,1.1920569028072191e-9
374,plts_kup125,1,125,solar,1.2209958690051373e-9,0.0,1.2209958690051373e-9,1.8292238718656737e-9
375,batt_kup125,1,125,battery,0.0033281901075368926,0.0,0.0033281901075368926,0.002980604954672023
376,pltd_kup126,1,126,diesel,2.4358855695463922e-9,0.1497,-0.14969999756411442,1.1920568755908573e-9
377,plts_kup126,1,126,solar,1.221003470337109e-9,0.0,1.221003470337109e-9,1.829235688883857e-9
378,batt_kup126,1,126,battery,0.0033302222766902643,0.0,0.0033302222766902643,0.0029836044807343156
379,pltd_kup127,1,127,diesel,2.4358860182570254e-9,0.2585,-0.258499997564114,1.1920570096578153e-9
380,plts_kup127,1,127,solar,1.2209818944926656e-9,0.0,1.2209818944926656e-9,1.8292023554607602e-9
381,batt_kup127,1,127,battery,0.003327129401724676,0.0,0.003327129401724676,0.0029786101738255525
382,pltd_kup128,1,128,diesel,2.4358858763640182e-9,0.2234,-0.2233999975641141,1.1920569646830413e-9
383,plts_kup128,1,128,solar,2.051864190993428e-9,0.0,2.051864190993428e-9,3.179436626682884e-9
384,batt_kup128,1,128,battery,0.003327367209715966,0.0,0.003327367209715966,0.0029792793566669373
385,pltd_kup129,1,129,diesel,2.435885760237463e-9,0.1944,-0.19439999756411422,1.1920569220510248e-9
386,plts_kup129,1,129,solar,2.0518882626164804e-9,0.0,2.0518882626164804e-9,3.1794742938428126e-9
387,batt_kup129,1,129,battery,0.0033281646030835187,0.0,0.0033281646030835187,0.0029805600952667365
388,pltd_kup130,1,130,diesel,2.435885603587326e-9,0.1559,-0.1558999975641144,1.1920568888148592e-9
389,plts_kup130,1,130,solar,1.2209963264486653e-9,0.0,1.2209963264486653e-9,1.8292245798574457e-9
390,batt_kup130,1,130,battery,0.003329870069745078,0.0,0.003329870069745078,0.0029830887923583335
391,pltd_kup131,1,131,diesel,2.4358857266083318e-9,0.1805,-0.18049999756411428,1.1920568986449602e-9
392,plts_kup131,1,131,solar,1.2209931839140165e-9,0.0,1.2209931839140165e-9,1.8292197040757965e-9
393,batt_kup131,1,131,battery,0.003328708351648662,0.0,0.003328708351648662,0.0029813905231219503
394,pltd_kup132,1,132,diesel,2.435885555471489e-9,0.1473,-0.14729999756411444,1.1920568702344875e-9
395,plts_kup132,1,132,solar,1.2210020903959203e-9,0.0,1.2210020903959203e-9,1.8292335559763032e-9
396,batt_kup132,1,132,battery,0.0033303609323875483,0.0,0.0033303609323875483,0.0029838007435361554
397,pltd_kup133,1,133,diesel,2.435884941770553e-9,0.1226,-0.12259999756411506,1.1920474709573221e-9
398,plts_kup133,1,133,solar,0.35703376170688794,0.0,0.35703376170688794,0.5822245626534639
399,batt_kup133,1,133,battery,0.038121441697101036,0.0,0.038121441697101036,0.0330961977817201
400,pltd_kup134,1,134,diesel,2.4358857489938864e-9,0.1916,-0.19159999756411425,1.1920569211290997e-9
401,plts_kup134,1,134,solar,2.0519138584043136e-9,0.0,2.0519138584043136e-9,3.1795143325384746e-9
402,batt_kup134,1,134,battery,0.003328296446962638,0.0,0.003328296446962638,0.0029807654058952473
403,pltd_kup135,1,135,diesel,2.435886069532897e-9,0.2844,-0.28439999756411394,1.192057078266656e-9
404,plts_kup135,1,135,solar,2.051858496264403e-9,0.0,2.051858496264403e-9,3.179427696984977e-9
405,batt_kup135,1,135,battery,0.0033269487121462167,0.0,0.0033269487121462167,0.002978151413918538
406,pltd_kup136,1,136,diesel,2.4358854695336594e-9,0.1386,-0.13859999756411454,1.1920568586790569e-9
407,plts_kup136,1,136,solar,2.0519039662356024e-9,0.0,2.0519039662356024e-9,3.1794989076962903e-9
408,batt_kup136,1,136,battery,0.003330925642308916,0.0,0.003330925642308916,0.002984543825679656
409,pltd_kup137,1,137,diesel,2.4358846174392816e-9,0.0613,-0.06129999756411538,1.1920560977169099e-9
410,plts_kup137,1,137,solar,1.2404403446992347e-9,0.0,1.2404403446992347e-9,1.9348356438150553e-9
411,batt_kup137,1,137,battery,0.0033323619957435126,0.0,0.0033323619957435126,0.002992553143347329
412,pltd_kup138,1,138,diesel,0.006137978981283827,0.0591,-0.05296202101871617,0.01296023480866907
413,plts_kup138,1,138,solar,0.1726555039234042,0.0,0.1726555039234042,0.24551068674092463
414,batt_kup138,1,138,battery,0.05808613513914603,0.0,0.05808613513914603,0.11130371979609026
415,pltd_kup139,1,139,diesel,2.4358858122245245e-9,0.2061,-0.2060999975641142,1.1920569591694776e-9
416,plts_kup139,1,139,solar,1.2446679397846025e-9,0.0,1.2446679397846025e-9,1.892364311476554e-9
417,batt_kup139,1,139,battery,0.0033279449902301294,0.0,0.0033279449902301294,0.002980109691743631
418,pltd_kup140,1,140,diesel,0.004123774275003245,0.0397,-0.03557622572499675,0.008706942177719133
419,plts_kup140,1,140,solar,0.11600425316031295,0.0,0.11600425316031295,0.16495361072515394
420,batt_kup140,1,140,battery,0.03902678475759509,0.0,0.03902678475759509,0.0747829000833529
421,pltd_kup141,1,141,diesel,0.009206835033932126,0.0887,-0.07949316496606787,0.0194393742894724
422,plts_kup141,1,141,solar,0.25898416249817785,0.0,0.25898416249817785,0.3682671405247387
423,batt_kup141,1,141,battery,0.08712965089940874,0.0,0.08712965089940874,0.16695668684930465
424,pltd_kup142,1,142,diesel,2.435885310650976e-9,0.1217,-0.12169999756411469,1.1920567560710699e-9
425,plts_kup142,1,142,solar,1.3581148278795703e-9,0.0,1.3581148278795703e-9,2.1139306179673586e-9
426,batt_kup142,1,142,battery,0.0033318252508570813,0.0,0.0033318252508570813,0.0029857117968618585
427,pltd_kup143,1,143,diesel,2.435885577807532e-9,0.1577,-0.15769999756411443,1.1920569206666257e-9
428,plts_kup143,1,143,solar,3.79546306762568e-9,0.0,3.79546306762568e-9,6.019515549692209e-9
429,batt_kup143,1,143,battery,0.003331022166235339,0.0,0.003331022166235339,0.002986097019800847
430,pltd_kup144,1,144,diesel,2.4358853167012283e-9,0.1183,-0.11829999756411469,1.1920567566684093e-9
431,plts_kup144,1,144,solar,3.794433140821517e-9,0.0,3.794433140821517e-9,6.017873650080061e-9
432,batt_kup144,1,144,battery,0.003339811305708659,0.0,0.003339811305708659,0.003002802727338883
433,pltd_kup145,1,145,diesel,2.435885335977148e-9,0.1205,-0.12049999756411466,1.1920567773637225e-9
434,plts_kup145,1,145,solar,3.79573965309841e-9,0.0,3.79573965309841e-9,6.019956420209264e-9
435,batt_kup145,1,145,battery,0.0033321456398316567,0.0,0.0033321456398316567,0.0029869697717787047
436,pltd_kup146,1,146,diesel,2.4358852137097437e-9,0.106,-0.10599999756411478,1.1920566523670583e-9
437,plts_kup146,1,146,solar,3.795292681490404e-9,0.0,3.795292681490404e-9,6.019243956332659e-9
438,batt_kup146,1,146,battery,0.0033338335394268595,0.0,0.0033338335394268595,0.0029904605347904046
439,pltd_kup147,1,147,diesel,0.004861607047264221,0.0462,-0.04133839295273578,0.010135176323081238
440,plts_kup147,1,147,solar,0.1331120440755304,0.0,0.1331120440755304,0.19179268380637324
441,batt_kup147,1,147,battery,0.04574526301897107,0.0,0.04574526301897107,0.0869425834517366
442,pltd_kup148,1,148,diesel,0.004571518986866811,0.0441,-0.03952848101313319,0.009652697667226887
443,plts_kup148,1,148,solar,0.1285922244728735,0.0,0.1285922244728735,0.18285447247312078
444,batt_kup148,1,148,battery,0.04326215937017507,0.0,0.04326215937017507,0.08289813747842857
445,pltd_kup149,1,149,diesel,2.4358850177672e-9,0.0872,-0.08719999756411498,1.1920564229679289e-9
446,plts_kup149,1,149,solar,1.0809749249405507e-9,0.0,1.0809749249405507e-9,1.6532928569836128e-9
447,batt_kup149,1,149,battery,0.003333026020283532,0.0,0.003333026020283532,0.002988766335694435
448,pltd_kup150,1,150,diesel,2.4358856280192793e-9,0.1676,-0.16759999756411437,1.1920569267590787e-9
449,plts_kup150,1,150,solar,1.0810290007791078e-9,0.0,1.0810290007791078e-9,1.6533742204987802e-9
450,batt_kup150,1,150,battery,0.003329177761914363,0.0,0.003329177761914363,0.002981989047813316
451,pltd_kup151,1,151,diesel,2.435885166657851e-9,0.1001,-0.10009999756411483,1.192056599419144e-9
452,plts_kup151,1,151,solar,1.2401294217630844e-9,0.0,1.2401294217630844e-9,1.8854147040994764e-9
453,batt_kup151,1,151,battery,0.0033404270493286696,0.0,0.0033404270493286696,0.0030035466291752065
454,pltd_kup152,1,152,diesel,2.4358855124821134e-9,0.1497,-0.14969999756411448,1.1920569083389649e-9
455,plts_kup152,1,152,solar,1.240593515903777e-9,0.0,1.240593515903777e-9,1.935074257200859e-9
456,batt_kup152,1,152,battery,0.0033314711438342305,0.0,0.0033314711438342305,0.0029869517476879483
457,pltd_kup153,1,153,diesel,2.435884639032442e-9,0.0625,-0.06249999756411536,1.1920561122547444e-9
458,plts_kup153,1,153,solar,1.2404429965034369e-9,0.0,1.2404429965034369e-9,1.9348397794439086e-9
459,batt_kup153,1,153,battery,0.0033325171494595234,0.0,0.0033325171494595234,0.002992576590408951
460,pltd_kup154,1,154,diesel,2.435885177856658e-9,0.102,-0.10199999756411482,1.1920566117023053e-9
461,plts_kup154,1,154,solar,1.08104514718338e-9,0.0,1.08104514718338e-9,1.653405423225175e-9
462,batt_kup154,1,154,battery,0.0033328436808189913,0.0,0.0033328436808189913,0.0029877762565783425
463,pltd_kup155,1,155,diesel,2.435885334992522e-9,0.1248,-0.12479999756411465,1.1920567763752402e-9
464,plts_kup155,1,155,solar,1.3581251075505193e-9,0.0,1.3581251075505193e-9,2.1139468131198872e-9
465,batt_kup155,1,155,battery,0.0033316651624641863,0.0,0.0033316651624641863,0.0029854526287749787
466,pltd_kup156,1,156,diesel,2.435884887746077e-9,0.0798,-0.07979999756411511,1.1920562847710825e-9
467,plts_kup156,1,156,solar,1.358057153904518e-9,0.0,1.358057153904518e-9,2.1138409259793125e-9
468,batt_kup156,1,156,battery,0.0033328899602497477,0.0,0.0033328899602497477,0.002988995608576435
469,pltd_kup157,1,157,diesel,2.4358855879967517e-9,0.1593,-0.15929999756411442,1.192056914720744e-9
470,plts_kup157,1,157,solar,1.0810835258855842e-9,0.0,1.0810835258855842e-9,1.6534639604031214e-9
471,batt_kup157,1,157,battery,0.003329713575243341,0.0,0.003329713575243341,0.0029827896547890047
472,pltd_kup158,1,158,diesel,0.007670777147473476,0.0832,-0.07552922285252651,0.017581117691152056
473,plts_kup158,1,158,solar,0.23801861075502795,0.0,0.23801861075502795,0.34611564207822093
474,batt_kup158,1,158,battery,0.0838644538115964,0.0,0.0838644538115964,0.15774512280005157
475,pltd_kup159,1,159,diesel,0.008464667639562181,0.0721,-0.06363533236043782,0.017543028345658185
476,plts_kup159,1,159,solar,0.20700163004636166,0.0,0.20700163004636166,0.29718226720141855
477,batt_kup159,1,159,battery,0.07169916515325615,0.0,0.07169916515325615,0.13407633082827372
478,pltd_kup160,1,160,diesel,2.4358856302417044e-9,0.1756,-0.17559999756411437,1.1920569505523025e-9
479,plts_kup160,1,160,solar,6.679527100006069e-9,0.0,6.679527100006069e-9,1.0799407918571385e-8
480,batt_kup160,1,160,battery,0.003352980581370546,0.0,0.003352980581370546,0.003029624233750136
481,pltd_kup161,1,161,diesel,2.4358855851911776e-9,0.1651,-0.16509999756411442,1.1920569021875562e-9
482,plts_kup161,1,161,solar,1.3553955642919955e-9,0.0,1.3553955642919955e-9,2.1096873038287154e-9
483,batt_kup161,1,161,battery,0.00334158757404577,0.0,0.00334158757404577,0.0030076596172953227
484,pltd_kup162,1,162,diesel,2.435885269216831e-9,0.1165,-0.11649999756411474,1.1920567214748773e-9
485,plts_kup162,1,162,solar,1.358113946961919e-9,0.0,1.358113946961919e-9,2.1139293566415086e-9
486,batt_kup162,1,162,battery,0.003332109921737159,0.0,0.003332109921737159,0.002986186959160224
487,pltd_kup163,1,163,diesel,0.008373240031166955,0.0989,-0.09052675996883305,0.020248407956312543
488,plts_kup163,1,163,solar,0.2802220999089553,0.0,0.2802220999089553,0.4122692695832201
489,batt_kup163,1,163,battery,0.0987236347923541,0.0,0.0987236347923541,0.18821450833624273
490,pltd_kup164,1,164,diesel,0.008125306150043901,0.0881,-0.07997469384995609,0.018622599814764412
491,plts_kup164,1,164,solar,0.2521228866211603,0.0,0.2521228866211603,0.36662602707372777
492,batt_kup164,1,164,battery,0.08883425961985456,0.0,0.08883425961985456,0.1670933256044249
493,pltd_kup165,1,165,diesel,0.008451635001012607,0.0998,-0.0913483649989874,0.02043743930239279
494,plts_kup165,1,165,solar,0.2828407983822441,0.0,0.2828407983822441,0.41612201246146996
495,batt_kup165,1,165,battery,0.0996466872399557,0.0,0.0996466872399557,0.18997360126234128
496,pltd_kup166,1,166,diesel,0.008949006828540546,0.097,-0.08805099317145945,0.02051108079511671
497,plts_kup166,1,166,solar,0.27768844317485164,0.0,0.27768844317485164,0.40380114349463947
498,batt_kup166,1,166,battery,0.09784139578399068,0.0,0.09784139578399068,0.18403588978177024
499,pltd_kup167,1,167,diesel,0.005369525227627813,0.0582,-0.05283047477237219,0.012306886501269786
500,plts_kup167,1,167,solar,0.1666129680738875,0.0,0.1666129680738875,0.24228037365845054
501,batt_kup167,1,167,battery,0.058704586842876834,0.0,0.058704586842876834,0.11042117411760176
502,pltd_kup168,1,168,diesel,2.4358852235862504e-9,0.1069,-0.10689999756411477,1.1920566618898779e-9
503,plts_kup168,1,168,solar,3.796024238288115e-9,0.0,3.796024238288115e-9,6.020410017820852e-9
504,batt_kup168,1,168,battery,0.003332410946303228,0.0,0.003332410946303228,0.0029869776206861583
505,pltd_kup169,1,169,diesel,2.43588621195333e-9,0.3466,-0.3465999975641138,1.1920572482742465e-9
506,plts_kup169,1,169,solar,1.2140749041949874e-9,0.0,1.2140749041949874e-9,1.8517964623288227e-9
507,batt_kup169,1,169,battery,0.0033274571495765137,0.0,0.0033274571495765137,0.0029781523128464657
508,pltd_kup170,1,170,diesel,2.4358859823624293e-9,0.2557,-0.255699997564114,1.1920570134967634e-9
509,plts_kup170,1,170,solar,1.2141126377620767e-9,0.0,1.2141126377620767e-9,1.8518555333953988e-9
510,batt_kup170,1,170,battery,0.0033270302070825524,0.0,0.0033270302070825524,0.002978461396839483
511,pltd_kup171,1,171,diesel,2.435885879852285e-9,0.2255,-0.22549999756411412,1.192056960988778e-9
512,plts_kup171,1,171,solar,1.2141186289285859e-9,0.0,1.2141186289285859e-9,1.8518648863979505e-9
513,batt_kup171,1,171,battery,0.003327378782953137,0.0,0.003327378782953137,0.0029792042880380032
514,pltd_kup172,1,172,diesel,2.4358851155637523e-9,0.0961,-0.09609999756411489,1.1920565362216582e-9
515,plts_kup172,1,172,solar,1.214010562513739e-9,0.0,1.214010562513739e-9,1.8516986507487444e-9
516,batt_kup172,1,172,battery,0.0033331318162843544,0.0,0.0033331318162843544,0.002988501340709442
517,pltd_kup173,1,173,diesel,2.4358857027467502e-9,0.1827,-0.18269999756411429,1.192056908851956e-9
518,plts_kup173,1,173,solar,1.2141194152054145e-9,0.0,1.2141194152054145e-9,1.8518662030888636e-9
519,batt_kup173,1,173,battery,0.003328639470419253,0.0,0.003328639470419253,0.002981211641794865
520,pltd_kup174,1,174,diesel,2.4358856789640768e-9,0.1811,-0.18109999756411432,1.192056946054028e-9
521,plts_kup174,1,174,solar,1.2405940940080048e-9,0.0,1.2405940940080048e-9,1.9350748075224495e-9
522,batt_kup174,1,174,battery,0.0033298247465205267,0.0,0.0033298247465205267,0.0029846062226983024
523,pltd_kup175,1,175,diesel,2.435885536204568e-9,0.1506,-0.15059999756411446,1.1920568786072794e-9
524,plts_kup175,1,175,solar,1.2141329202910158e-9,0.0,1.2141329202910158e-9,1.851887719030716e-9
525,batt_kup175,1,175,battery,0.0033302226905832263,0.0,0.0033302226905832263,0.0029834924319904464
526,pltd_kup176,1,176,diesel,2.4358851259922905e-9,0.097,-0.09699999756411487,1.1920565472790515e-9
527,plts_kup176,1,176,solar,1.2140955123937228e-9,0.0,1.2140955123937228e-9,1.8518311909687322e-9
528,batt_kup176,1,176,battery,0.00333303886426808,0.0,0.00333303886426808,0.002988195332203303
529,pltd_kup177,1,177,diesel,2.43588615184806e-9,0.3189,-0.31889999756411386,1.1920571623205848e-9
530,plts_kup177,1,177,solar,1.2140954233072973e-9,0.0,1.2140954233072973e-9,1.8518286050835453e-9
531,batt_kup177,1,177,battery,0.0033271989936035926,0.0,0.0033271989936035926,0.0029780599445835996
532,pltd_kup178,1,178,diesel,2.4358853405765874e-9,0.1214,-0.12139999756411465,1.1920567647323813e-9
533,plts_kup178,1,178,solar,1.2140988164291609e-9,0.0,1.2140988164291609e-9,1.8518351741698388e-9
534,batt_kup178,1,178,battery,0.0033319565904019167,0.0,0.0033319565904019167,0.0029860700709429654
535,pltd_kup179,1,179,diesel,2.4358852541202405e-9,0.1041,-0.10409999756411474,1.192056645923933e-9
536,plts_kup179,1,179,solar,9.051381451757944e-10,0.0,9.051381451757944e-10,1.337554647118103e-9
537,batt_kup179,1,179,battery,0.0033331195712865795,0.0,0.0033331195712865795,0.0029879661652468426
538,pltd_kup180,1,180,diesel,2.435885436054454e-9,0.1331,-0.13309999756411456,1.192056851780155e-9
539,plts_kup180,1,180,solar,1.244613083707916e-9,0.0,1.244613083707916e-9,1.8922804841195614e-9
540,batt_kup180,1,180,battery,0.0033315014428692527,0.0,0.0033315014428692527,0.002985390544880045
541,pltd_kup181,1,181,diesel,2.435885382129346e-9,0.1254,-0.12539999756411463,1.1920568146092977e-9
542,plts_kup181,1,181,solar,1.244674840120421e-9,0.0,1.244674840120421e-9,1.8923760357330366e-9
543,batt_kup181,1,181,battery,0.0033318849513458084,0.0,0.0033318849513458084,0.002985866462905027
544,pltd_kup182,1,182,diesel,2.435885900562489e-9,0.2212,-0.2211999975641141,1.1920569648283579e-9
545,plts_kup182,1,182,solar,9.033508244266381e-10,0.0,9.033508244266381e-10,1.3348424933452808e-9
546,batt_kup182,1,182,battery,0.003329105659601701,0.0,0.003329105659601701,0.0029838438439844625
547,pltd_kup183,1,183,diesel,2.435885595445381e-9,0.1593,-0.1592999975641144,1.1920569250071148e-9
548,plts_kup183,1,183,solar,1.2447204642353837e-9,0.0,1.2447204642353837e-9,1.8924459057482732e-9
549,batt_kup183,1,183,battery,0.0033298838979144126,0.0,0.0033298838979144126,0.0029829474172210985
550,pltd_kup184,1,184,diesel,2.435885050157769e-9,0.09,-0.08999999756411495,1.192056459225747e-9
551,plts_kup184,1,184,solar,1.2137804638022849e-9,0.0,1.2137804638022849e-9,1.8513419925260432e-9
552,batt_kup184,1,184,battery,0.0033335795844114608,0.0,0.0033335795844114608,0.0029899187042828532
553,pltd_kup185,1,185,diesel,2.435885755553651e-9,0.1947,-0.19469999756411427,1.1920569130579705e-9
554,plts_kup185,1,185,solar,1.2138273681764e-9,0.0,1.2138273681764e-9,1.8514125708054264e-9
555,batt_kup185,1,185,battery,0.0033286456345609726,0.0,0.0033286456345609726,0.002981758878816373
556,pltd_kup186,1,186,diesel,2.4358853148424856e-9,0.1115,-0.11149999756411469,1.1920567081160028e-9
557,plts_kup186,1,186,solar,9.032994754213544e-10,0.0,9.032994754213544e-10,1.3347743154337975e-9
558,batt_kup186,1,186,battery,0.00333462670726012,0.0,0.00333462670726012,0.0029915292291028254
559,pltd_kup187,1,187,diesel,2.43588483998107e-9,0.0687,-0.06869999756411516,1.1920562156734496e-9
560,plts_kup187,1,187,solar,9.03724962043417e-10,0.0,9.03724962043417e-10,1.3354064849017576e-9
561,batt_kup187,1,187,battery,0.003333791683835905,0.0,0.003333791683835905,0.00299303576078943
562,pltd_kup188,1,188,diesel,2.4358868680709688e-9,1.0721,-1.0720999975641132,1.1920585139665088e-9
563,plts_kup188,1,188,solar,1.2402280827609888e-9,0.0,1.2402280827609888e-9,1.9344993511258053e-9
564,batt_kup188,1,188,battery,0.0033296833504995993,0.0,0.0033296833504995993,0.00298405875843273
565,pltd_kup189,1,189,diesel,2.4358868314695485e-9,0.9883,-0.9882999975641131,1.192058432666989e-9
566,plts_kup189,1,189,solar,1.2402768748097257e-9,0.0,1.2402768748097257e-9,1.934575831436978e-9
567,batt_kup189,1,189,battery,0.0033302567136746187,0.0,0.0033302567136746187,0.002983936639639178
568,pltd_kup190,1,190,diesel,2.435887051963203e-9,3.1485,-3.148499997564113,1.1920592890401486e-9
569,plts_kup190,1,190,solar,1.2397033349477332e-9,0.0,1.2397033349477332e-9,1.933677179220395e-9
570,batt_kup190,1,190,battery,0.0033308305754570226,0.0,0.0033308305754570226,0.003013674168417582
571,pltd_kup191,1,191,diesel,2.4358865473492216e-9,0.5887,-0.5886999975641135,1.1920578612741097e-9
572,plts_kup191,1,191,solar,1.240472529429823e-9,0.0,1.240472529429823e-9,1.9348827336107557e-9
573,batt_kup191,1,191,battery,0.0033309173188592936,0.0,0.0033309173188592936,0.0029835011442199263
574,pltd_kup192,1,192,diesel,2.4358856808775465e-9,0.1815,-0.1814999975641143,1.19205694622837e-9
575,plts_kup192,1,192,solar,1.240594018479821e-9,0.0,1.240594018479821e-9,1.9350746864769013e-9
576,batt_kup192,1,192,battery,0.0033298130234047235,0.0,0.0033298130234047235,0.0029845898696460333
577,pltd_kup193,1,193,diesel,2.43588545347925e-9,0.1402,-0.14019999756411453,1.192056881699909e-9
578,plts_kup193,1,193,solar,1.2405881201547837e-9,0.0,1.2405881201547837e-9,1.935065929174711e-9
579,batt_kup193,1,193,battery,0.0033320435831558247,0.0,0.0033320435831558247,0.002987766496477666
580,pltd_kup194,1,194,diesel,2.4358851778951707e-9,0.1047,-0.10469999756411483,1.1920566546481782e-9
581,plts_kup194,1,194,solar,1.2405449045309652e-9,0.0,1.2405449045309652e-9,1.9349987436461172e-9
582,batt_kup194,1,194,battery,0.0033338052415078407,0.0,0.0033338052415078407,0.0029907659645758136
583,pltd_kup195,1,195,diesel,2.4358861294997376e-9,0.3145,-0.3144999975641139,1.1920571685450264e-9
584,plts_kup195,1,195,solar,1.240534002327726e-9,0.0,1.240534002327726e-9,1.934979757082078e-9
585,batt_kup195,1,195,battery,0.0033279200528957584,0.0,0.0033279200528957584,0.002980973184606941
586,pltd_kup196,1,196,diesel,2.4358846229315227e-9,0.0616,-0.061599997564115376,1.1920561016639966e-9
587,plts_kup196,1,196,solar,1.2404409588843315e-9,0.0,1.2404409588843315e-9,1.9348366040909496e-9
588,batt_kup196,1,196,battery,0.0033323979068279174,0.0,0.0033323979068279174,0.002992559986555798
589,pltd_kup197,1,197,diesel,2.4358850287990003e-9,0.0829,-0.08289999756411497,1.1920563707307383e-9
590,plts_kup197,1,197,solar,8.990111983765904e-10,0.0,8.990111983765904e-10,1.3283365017949043e-9
591,batt_kup197,1,197,battery,0.0033468672613699373,0.0,0.0033468672613699373,0.003018296418544986
592,pltd_kup198,1,198,diesel,2.4358857794623373e-9,0.2039,-0.20389999756411423,1.1920569564085212e-9
593,plts_kup198,1,198,solar,1.2405858843012122e-9,0.0,1.2405858843012122e-9,1.935061729594482e-9
594,batt_kup198,1,198,battery,0.0033289252911909194,0.0,0.0033289252911909194,0.002983279257782079
595,pltd_kup199,1,199,diesel,2.435886198273657e-9,0.3453,-0.3452999975641138,1.192057257248613e-9
596,plts_kup199,1,199,solar,1.2405238324683984e-9,0.0,1.2405238324683984e-9,1.934963698134888e-9
597,batt_kup199,1,199,battery,0.003328214052284377,0.0,0.003328214052284377,0.002981087567136639
598,pltd_kup200,1,200,diesel,2.435886335408751e-9,0.4208,-0.4207999975641137,1.192057474052187e-9
599,plts_kup200,1,200,solar,1.2405060994949486e-9,0.0,1.2405060994949486e-9,1.9349356712291626e-9
600,batt_kup200,1,200,battery,0.0033292504645787463,0.0,0.0033292504645787463,0.002981894294022517
601,pltd_kup201,1,201,diesel,2.435885733998824e-9,0.1932,-0.19319999756411427,1.1920569484719147e-9
602,plts_kup201,1,201,solar,1.2405902460038469e-9,0.0,1.2405902460038469e-9,1.9350686608490077e-9
603,batt_kup201,1,201,battery,0.0033293178243392076,0.0,0.0033293178243392076,0.002983866505175479
604,pltd_kup202,1,202,diesel,2.435884771552893e-9,0.0705,-0.07049999756411522,1.1920562059433565e-9
605,plts_kup202,1,202,solar,1.2404623583297944e-9,0.0,1.2404623583297944e-9,1.9348699900957512e-9
606,batt_kup202,1,202,battery,0.0033333023258738737,0.0,0.0033333023258738737,0.0029925764184239763
607,pltd_kup203,1,203,diesel,2.43588637078334e-9,0.4439,-0.44389999756411364,1.1920575454928082e-9
608,plts_kup203,1,203,solar,1.2405019354396035e-9,0.0,1.2405019354396035e-9,1.934929085416927e-9
609,batt_kup203,1,203,battery,0.0033295642919369543,0.0,0.0033295642919369543,0.002982185387810689
610,pltd_kup204,1,204,diesel,2.435886219140346e-9,0.3555,-0.35549999756411377,1.192057283767481e-9
611,plts_kup204,1,204,solar,1.2405209524127742e-9,0.0,1.2405209524127742e-9,1.934959147890573e-9
612,batt_kup204,1,204,battery,0.003328339645465378,0.0,0.003328339645465378,0.0029811665620756464
613,pltd_kup205,1,205,diesel,2.4358863379469706e-9,0.4224,-0.42239999756411367,1.1920574789582238e-9
614,plts_kup205,1,205,solar,1.240505808517486e-9,0.0,1.240505808517486e-9,1.9349352110231892e-9
615,batt_kup205,1,205,battery,0.0033292722237412697,0.0,0.0033292722237412697,0.002981914211477494
616,pltd_kup206,1,206,diesel,2.4358860947639884e-9,0.3004,-0.3003999975641139,1.1920571352530894e-9
617,plts_kup206,1,206,solar,1.2405395786981423e-9,0.0,1.2405395786981423e-9,1.934988558314491e-9
618,batt_kup206,1,206,battery,0.0033278339719315666,0.0,0.0033278339719315666,0.002980992660212996
619,pltd_kup207,1,207,diesel,2.4358862426073367e-9,0.3675,-0.3674999975641138,1.1920573156094702e-9
620,plts_kup207,1,207,solar,1.2405177707335317e-9,0.0,1.2405177707335317e-9,1.9349541204332875e-9
621,batt_kup207,1,207,battery,0.0033284993813700735,0.0,0.0033284993813700735,0.002981277484404222
622,pltd_kup208,1,208,diesel,2.4358864609874405e-9,0.5108,-0.5107999975641135,1.1920577112970023e-9
623,plts_kup208,1,208,solar,1.2404905398303465e-9,0.0,1.2404905398303465e-9,1.9349110832260567e-9
624,batt_kup208,1,208,battery,0.0033303394868296242,0.0,0.0033303394868296242,0.0029829523061149906
625,pltd_kup209,1,209,diesel,2.435885486374974e-9,0.1454,-0.1453999975641145,1.192056896690325e-9
626,plts_kup209,1,209,solar,1.2405914482127193e-9,0.0,1.2405914482127193e-9,1.9350710730022835e-9
627,batt_kup209,1,209,battery,0.003331725978818963,0.0,0.003331725978818963,0.0029873142847854947
628,pltd_kup210,1,210,diesel,2.435886129499736e-9,0.3145,-0.3144999975641139,1.1920571685450258e-9
629,plts_kup210,1,210,solar,1.2405340023277252e-9,0.0,1.2405340023277252e-9,1.934979757082077e-9
630,batt_kup210,1,210,battery,0.0033279200534347088,0.0,0.0033279200534347088,0.002980973185132418
631,pltd_kup211,1,211,diesel,2.4358850886973587e-9,0.1097,-0.10969999756411491,1.1920681647191705e-9
632,plts_kup211,1,211,solar,3.6834944737516528e-9,0.0,3.6834944737516528e-9,5.682007573659723e-9
633,batt_kup211,1,211,battery,0.003331997391220274,0.0,0.003331997391220274,0.002986793369115204
634,pltd_kup212,1,212,diesel,2.435885694451812e-9,0.2218,-0.2217999975641143,1.1920691186559591e-9
635,plts_kup212,1,212,solar,3.683488328953645e-9,0.0,3.683488328953645e-9,5.681998035127775e-9
636,batt_kup212,1,212,battery,0.0033270491165162154,0.0,0.0033270491165162154,0.002979276474609312
637,pltd_kup213,1,213,diesel,2.435885420350271e-9,0.1266,-0.12659999756411458,1.1920568049783122e-9
638,plts_kup213,1,213,solar,1.220980829970766e-9,0.0,1.220980829970766e-9,1.8292008597344253e-9
639,batt_kup213,1,213,battery,0.0033315604360314175,0.0,0.0033315604360314175,0.002985523919945709
640,pltd_kup214,1,214,diesel,2.435884966001176e-9,0.0964,-0.09639999756411503,1.1920678360999723e-9
641,plts_kup214,1,214,solar,3.6833871961564126e-9,0.0,3.6833871961564126e-9,5.681841111983669e-9
642,batt_kup214,1,214,battery,0.003333443064274049,0.0,0.003333443064274049,0.0029898961627459596
643,pltd_kup215,1,215,diesel,2.4358851578313036e-9,0.1183,-0.11829999756411484,1.1920683346678102e-9
644,plts_kup215,1,215,solar,3.683494446235819e-9,0.0,3.683494446235819e-9,5.682007530397811e-9
645,batt_kup215,1,215,battery,0.003331531560974031,0.0,0.003331531560974031,0.0029859956945913722
646,pltd_kup216,1,216,diesel,2.4358850560806618e-9,0.106,-0.10599999756411495,1.192068078302278e-9
647,plts_kup216,1,216,solar,3.6834851282431537e-9,0.0,3.6834851282431537e-9,5.6819930714218564e-9
648,batt_kup216,1,216,battery,0.003332208307537687,0.0,0.003332208307537687,0.0029872006521612354
649,pltd_kup217,1,217,diesel,2.435885550281101e-9,0.1562,-0.15619999756411446,1.1920569250876189e-9
650,plts_kup217,1,217,solar,1.2405956290988767e-9,0.0,1.2405956290988767e-9,1.935077489016427e-9
651,batt_kup217,1,217,battery,0.003331103149060222,0.0,0.003331103149060222,0.0029864300154584435
652,pltd_kup218,1,218,diesel,2.4358845631328156e-9,0.0644,-0.06439999756411544,1.1920666043303051e-9
653,plts_kup218,1,218,solar,3.6834713664948594e-9,0.0,3.6834713664948594e-9,5.681971720886709e-9
654,batt_kup218,1,218,battery,0.0033322454929625212,0.0,0.0033322454929625212,0.002990180131120212
655,pltd_kup219,1,219,diesel,2.435884832188033e-9,0.0838,-0.08379999756411517,1.1920674152953783e-9
656,plts_kup219,1,219,solar,3.6834874822070676e-9,0.0,3.6834874822070676e-9,5.681996726455897e-9
657,batt_kup219,1,219,battery,0.003332812169920069,0.0,0.003332812169920069,0.002989042092465432
658,pltd_kup220,1,220,diesel,2.435885414516741e-9,0.1583,-0.1582999975641146,1.1920688190507266e-9
659,plts_kup220,1,220,solar,3.6835018253398162e-9,0.0,3.6835018253398162e-9,5.682018979724881e-9
660,batt_kup220,1,220,battery,0.0033292123432665716,0.0,0.0033292123432665716,0.0029825923090633227
661,pltd_kup221,1,221,diesel,2.4358830363007047e-9,0.1045,-0.10449999756411696,1.1934958286399748e-9
662,plts_kup221,1,221,solar,0.06394960626762643,0.0,0.06394960626762643,0.1003683361296823
663,batt_kup221,1,221,battery,0.09017399829745777,0.0,0.09017399829745777,0.08981458234666016
664,pltd_kup222,1,222,diesel,2.435882962910186e-9,0.0968,-0.09679999756411703,1.1934956335259765e-9
665,plts_kup222,1,222,solar,0.059262943017389554,0.0,0.059262943017389554,0.09301319824173446
666,batt_kup222,1,222,battery,0.08350899836651074,0.0,0.08350899836651074,0.08323646008200629
667,pltd_kup223,1,223,diesel,2.4358863385791103e-9,0.4042,-0.4041999975641137,1.192057414832817e-9
668,plts_kup223,1,223,solar,1.220354066720757e-9,0.0,1.220354066720757e-9,1.8282457973361602e-9
669,batt_kup223,1,223,battery,0.0033304359502470344,0.0,0.0033304359502470344,0.002983694777056718
670,pltd_kup224,1,224,diesel,2.4358866895861176e-9,0.7172,-0.7171999975641132,1.1920580909510388e-9
671,plts_kup224,1,224,solar,1.2204487272522696e-9,0.0,1.2204487272522696e-9,1.828389415459235e-9
672,batt_kup224,1,224,battery,0.003332042514118984,0.0,0.003332042514118984,0.0029849303652207354
673,pltd_kup225,1,225,diesel,2.4358862852597734e-9,0.3703,-0.37029999756411375,1.1920573256280988e-9
674,plts_kup225,1,225,solar,9.018944130178498e-10,0.0,9.018944130178498e-10,1.3326723297581195e-9
675,batt_kup225,1,225,battery,0.003329781860197643,0.0,0.003329781860197643,0.002985352398716911
676,pltd_kup226,1,226,diesel,2.435885825411518e-9,0.2039,-0.20389999756411417,1.1920569112195519e-9
677,plts_kup226,1,226,solar,1.2209664776028234e-9,0.0,1.2209664776028234e-9,1.8291786033805137e-9
678,batt_kup226,1,226,battery,0.0033279143181455585,0.0,0.0033279143181455585,0.002980173729977986
679,pltd_kup227,1,227,diesel,2.4358854178119946e-9,0.1263,-0.12629999756411459,1.1920568032663418e-9
680,plts_kup227,1,227,solar,1.2209677727317027e-9,0.0,1.2209677727317027e-9,1.8291808010901113e-9
681,batt_kup227,1,227,battery,0.003331609971248472,0.0,0.003331609971248472,0.002985628175045223
682,pltd_kup228,1,228,diesel,2.4358862841032484e-9,0.3728,-0.37279999756411375,1.192057313196522e-9
683,plts_kup228,1,228,solar,1.2208066027886386e-9,0.0,1.2208066027886386e-9,1.8289333484189692e-9
684,batt_kup228,1,228,battery,0.003328479469490324,0.0,0.003328479469490324,0.002980002954584277
685,pltd_kup229,1,229,diesel,2.4358862582384927e-9,0.3561,-0.35609999756411376,1.1920572847067849e-9
686,plts_kup229,1,229,solar,9.014825084537627e-10,0.0,9.014825084537627e-10,1.3320608851213269e-9
687,batt_kup229,1,229,battery,0.003327069707040389,0.0,0.003327069707040389,0.0029817082622395604
688,pltd_kup230,1,230,diesel,2.4358864070315394e-9,0.4489,-0.44889999756411364,1.19205755828893e-9
689,plts_kup230,1,230,solar,1.2204242878541724e-9,0.0,1.2204242878541724e-9,1.8283523553933087e-9
690,batt_kup230,1,230,battery,0.0033309469635195207,0.0,0.0033309469635195207,0.002984063472183315
691,pltd_kup231,1,231,diesel,2.4358861604803093e-9,0.3102,-0.3101999975641138,1.1920571446528508e-9
692,plts_kup231,1,231,solar,9.028338048961274e-10,0.0,9.028338048961274e-10,1.3340710674545956e-9
693,batt_kup231,1,231,battery,0.0033295417374771597,0.0,0.0033295417374771597,0.0029835123508813077
694,pltd_kup232,1,232,diesel,2.4358861533423006e-9,0.3198,-0.3197999975641138,1.1920571637301574e-9
695,plts_kup232,1,232,solar,1.2140564144690974e-9,0.0,1.2140564144690974e-9,1.8517676416314414e-9
696,batt_kup232,1,232,battery,0.003327195919106402,0.0,0.003327195919106402,0.0029780722068265745
697,pltd_kup233,1,233,diesel,2.43588588933425e-9,0.2187,-0.21869999756411412,1.1920569715202306e-9
698,plts_kup233,1,233,solar,8.991275389044429e-10,0.0,8.991275389044429e-10,1.3285102919148675e-9
699,batt_kup233,1,233,battery,0.0033424583369140986,0.0,0.0033424583369140986,0.0030102390642913913
700,pltd_kup234,1,234,diesel,2.435886659894759e-9,0.6725,-0.6724999975641133,1.1920580429115476e-9
701,plts_kup234,1,234,solar,9.049081207501257e-10,0.0,9.049081207501257e-10,1.3372003589886462e-9
702,batt_kup234,1,234,battery,0.003330137239870288,0.0,0.003330137239870288,0.0029805121658001295
703,pltd_kup235,1,235,diesel,2.4358859694204624e-9,0.2409,-0.24089999756411404,1.1920569951116575e-9
704,plts_kup235,1,235,solar,9.047048274531657e-10,0.0,9.047048274531657e-10,1.3368913031946347e-9
705,batt_kup235,1,235,battery,0.003327952592958506,0.0,0.003327952592958506,0.0029803445877796915
706,pltd_kup236,1,236,diesel,2.435885819457267e-9,0.2024,-0.20239999756411417,1.1920569076220414e-9
707,plts_kup236,1,236,solar,1.220971793259397e-9,0.0,1.220971793259397e-9,1.8291867709849898e-9
708,batt_kup236,1,236,battery,0.0033279483441759168,0.0,0.0033279483441759168,0.002980219076300821
709,pltd_kup237,1,237,diesel,2.435885194459427e-9,0.098,-0.09799999756411482,1.192056583612708e-9
710,plts_kup237,1,237,solar,9.037001961604548e-10,0.0,9.037001961604548e-10,1.3353751791215723e-9
711,batt_kup237,1,237,battery,0.0033345657682773326,0.0,0.0033345657682773326,0.0029918650048651445
712,pltd_kup238,1,238,diesel,2.4358863537385847e-9,0.4131,-0.41309999756411364,1.1920574443844573e-9
713,plts_kup238,1,238,solar,1.2209380648986105e-9,0.0,1.2209380648986105e-9,1.8291349547264668e-9
714,batt_kup238,1,238,battery,0.003328397471833282,0.0,0.003328397471833282,0.002978955680791436
715,pltd_kup239,1,239,diesel,2.4358850773233473e-9,0.0946,-0.09459999756411493,1.192056545322605e-9
716,plts_kup239,1,239,solar,1.240523921741409e-9,0.0,1.240523921741409e-9,1.934966033533306e-9
717,batt_kup239,1,239,battery,0.003334008404078077,0.0,0.003334008404078077,0.0029914962120286656
718,pltd_kup240,1,240,diesel,2.435885816857809e-9,0.1996,-0.19959999756411417,1.1920569256522342e-9
719,plts_kup240,1,240,solar,9.050677013996448e-10,0.0,9.050677013996448e-10,1.3374434593402651e-9
720,batt_kup240,1,240,battery,0.0033283858549284424,0.0,0.0033283858549284424,0.00298074768480235
721,pltd_kup241,1,241,diesel,2.435885236145509e-9,0.1038,-0.10379999756411477,1.1920566310159e-9
722,plts_kup241,1,241,solar,1.2206612293498204e-9,0.0,1.2206612293498204e-9,1.828712127578355e-9
723,batt_kup241,1,241,battery,0.003333756909519178,0.0,0.003333756909519178,0.002989941503694011
724,pltd_kup242,1,242,diesel,2.4358859081443577e-9,0.2234,-0.22339999756411408,1.1920569687231254e-9
725,plts_kup242,1,242,solar,9.016440463766187e-10,0.0,9.016440463766187e-10,1.3323030823705653e-9
726,batt_kup242,1,242,battery,0.0033317863311024634,0.0,0.0033317863311024634,0.002989549938595846
727,pltd_kup243,1,243,diesel,2.4358856680739595e-9,0.1685,-0.16849999756411435,1.1920569012755493e-9
728,plts_kup243,1,243,solar,1.2209756070215221e-9,0.0,1.2209756070215221e-9,1.8291926587477985e-9
729,batt_kup243,1,243,battery,0.00332923042355076,0.0,0.00332923042355076,0.002982169859940848
730,pltd_kup244,1,244,diesel,2.435886640663019e-9,0.6892,-0.6891999975641134,1.1920580374874555e-9
731,plts_kup244,1,244,solar,1.240439049644661e-9,0.0,1.240439049644661e-9,1.9348301479742914e-9
732,batt_kup244,1,244,battery,0.003331238523056293,0.0,0.003331238523056293,0.0029838157727107096
733,pltd_kup245,1,245,diesel,2.4358863996515374e-9,0.464,-0.46399999756411364,1.1920576085461168e-9
734,plts_kup245,1,245,solar,1.2404985746212881e-9,0.0,1.2404985746212881e-9,1.934923771133311e-9
735,batt_kup245,1,245,battery,0.0033298210011398236,0.0,0.0033298210011398236,0.0029824352350892834
736,pltd_kup246,1,246,diesel,2.4358866705350165e-9,0.7264,-0.7263999975641133,1.1920581003645543e-9
737,plts_kup246,1,246,solar,1.2404227655082143e-9,0.0,1.2404227655082143e-9,1.9348045949983927e-9
738,batt_kup246,1,246,battery,0.0033312618973490708,0.0,0.0033312618973490708,0.0029838464983660954
739,pltd_kup247,1,247,diesel,2.435886776255481e-9,0.8829,-0.8828999975641132,1.1920583389891669e-9
740,plts_kup247,1,247,solar,1.2403391534324753e-9,0.0,1.2403391534324753e-9,1.9346734659848267e-9
741,batt_kup247,1,247,battery,0.0033308447544547672,0.0,0.0033308447544547672,0.00298389500319919
742,pltd_kup248,1,248,diesel,2.435886374464614e-9,0.4464,-0.44639999756411364,1.192057553310396e-9
743,plts_kup248,1,248,solar,1.2405015327042064e-9,0.0,1.2405015327042064e-9,1.9349284484850973e-9
744,batt_kup248,1,248,battery,0.0033295964149647884,0.0,0.0033295964149647884,0.0029822168440047014
745,pltd_kup249,1,249,diesel,2.4358865901085193e-9,0.6322,-0.6321999975641134,1.1920579427037702e-9
746,plts_kup249,1,249,solar,1.2404596625532487e-9,0.0,1.2404596625532487e-9,1.93486251331788e-9
747,batt_kup249,1,249,battery,0.0033311112700763253,0.0,0.0033311112700763253,0.0029836844947297757
748,pltd_kup250,1,250,diesel,2.435886629424905e-9,0.6759,-0.6758999975641133,1.1920580148349835e-9
749,plts_kup250,1,250,solar,1.2404442879254833e-9,0.0,1.2404442879254833e-9,1.9348383703172042e-9
750,batt_kup250,1,250,battery,0.003331219530268829,0.0,0.003331219530268829,0.0029837933211799817
751,pltd_kup251,1,251,diesel,2.435886604391399e-9,0.6476,-0.6475999975641133,1.1920579689481362e-9
752,plts_kup251,1,251,solar,1.240454521675519e-9,0.0,1.240454521675519e-9,1.934854438575846e-9
753,batt_kup251,1,251,battery,0.0033311592611628836,0.0,0.0033311592611628836,0.002983730760127217
754,pltd_kup252,1,252,diesel,2.4358869410880965e-9,1.2865,-1.286499997564113,1.1920586825745714e-9
755,plts_kup252,1,252,solar,1.2401176728619248e-9,0.0,1.2401176728619248e-9,1.9343263004652402e-9
756,batt_kup252,1,252,battery,0.0033280986426285153,0.0,0.0033280986426285153,0.002984888145083956
757,pltd_kup253,1,253,diesel,2.4358849183141204e-9,0.081,-0.08099999756411508,1.1920563415534977e-9
758,plts_kup253,1,253,solar,1.2404906535000211e-9,0.0,1.2404906535000211e-9,1.9349141410429136e-9
759,batt_kup253,1,253,battery,0.0033338520216014056,0.0,0.0033338520216014056,0.0029922482550551943
760,pltd_kup254,1,254,diesel,2.43588499471464e-9,0.0992,-0.099199997564115,1.1920679094313694e-9
761,plts_kup254,1,254,solar,3.6834924053415507e-9,0.0,3.6834924053415507e-9,5.682004364708188e-9
762,batt_kup254,1,254,battery,0.0033324699984643626,0.0,0.0033324699984643626,0.002987749216669914
763,pltd_kup255,1,255,diesel,2.435885337968639e-9,0.1155,-0.11549999756411466,1.192056729008e-9
764,plts_kup255,1,255,solar,1.2209916179098318e-9,0.0,1.2209916179098318e-9,1.8292175738437374e-9
765,batt_kup255,1,255,battery,0.0033322047335054305,0.0,0.0033322047335054305,0.002986564179552954
766,pltd_kup256,1,256,diesel,2.4358854729329407e-9,0.1343,-0.13429999756411454,1.192056837394942e-9
767,plts_kup256,1,256,solar,1.2209809035070348e-9,0.0,1.2209809035070348e-9,1.8292009239725601e-9
768,batt_kup256,1,256,battery,0.00333110475735036,0.0,0.00333110475735036,0.0029848442734717456
769,pltd_kup257,1,257,diesel,2.4358849778750362e-9,0.0795,-0.07949999756411502,1.19205632698832e-9
770,plts_kup257,1,257,solar,1.2209695867697842e-9,0.0,1.2209695867697842e-9,1.8291841020682118e-9
771,batt_kup257,1,257,battery,0.003333237529508221,0.0,0.003333237529508221,0.002989588734518801
772,pltd_kup258,1,258,diesel,2.435884506802031e-9,0.0511,-0.05109999756411549,1.1920559605472783e-9
773,plts_kup258,1,258,solar,1.220950716425827e-9,0.0,1.220950716425827e-9,1.829155521518864e-9
774,batt_kup258,1,258,battery,0.0033311221912893435,0.0,0.0033311221912893435,0.0029904265598909184
775,pltd_kup259,1,259,diesel,2.435884366259886e-9,0.045,-0.04499999756411563,1.192055849602707e-9
776,plts_kup259,1,259,solar,1.2209433765140213e-9,0.0,1.2209433765140213e-9,1.8291442737481383e-9
777,batt_kup259,1,259,battery,0.0033298693280462916,0.0,0.0033298693280462916,0.002989969850513069
778,pltd_kup260,1,260,diesel,2.4358845834500175e-9,0.0656,-0.06559999756411543,1.1920666662401004e-9
779,plts_kup260,1,260,solar,3.6834768743957363e-9,0.0,3.6834768743957363e-9,5.681980267745057e-9
780,batt_kup260,1,260,battery,0.0033323516002829365,0.0,0.0033323516002829365,0.0029901660689781594
781,pltd_kup261,1,261,diesel,2.435884187500494e-9,0.0453,-0.04529999756411581,1.1920652241531698e-9
782,plts_kup261,1,261,solar,3.6834617244999455e-9,0.0,3.6834617244999455e-9,5.681956763954363e-9
783,batt_kup261,1,261,battery,0.003329643124122469,0.0,0.003329643124122469,0.0029898613445700464
784,pltd_kup262,1,262,diesel,2.4358855219977395e-9,0.142,-0.14199999756411447,1.1920568571020844e-9
785,plts_kup262,1,262,solar,1.2209833228270378e-9,0.0,1.2209833228270378e-9,1.8292046017369954e-9
786,batt_kup262,1,262,battery,0.003330640513467205,0.0,0.003330640513467205,0.002984179517906045
787,pltd_kup263,1,263,diesel,2.4358847386412666e-9,0.0684,-0.06839999756411526,1.1920561833285122e-9
788,plts_kup263,1,263,solar,1.2404568282499698e-9,0.0,1.2404568282499698e-9,1.934861357530982e-9
789,batt_kup263,1,263,battery,0.00333313034251583,0.0,0.00333313034251583,0.002992600625142531
790,pltd_kup264,1,264,diesel,2.4358867978132907e-9,0.9218,-0.9217999975641131,1.1920583736983879e-9
791,plts_kup264,1,264,solar,1.2403163123167729e-9,0.0,1.2403163123167729e-9,1.9346376561608577e-9
792,batt_kup264,1,264,battery,0.0033306414661232095,0.0,0.0033306414661232095,0.0029838867479675475
793,pltd_kup265,1,265,diesel,2.435886205940373e-9,0.349,-0.34899999756411376,1.1920572668669682e-9
794,plts_kup265,1,265,solar,1.240522747646243e-9,0.0,1.240522747646243e-9,1.9349619841989452e-9
795,batt_kup265,1,265,battery,0.003328258654359812,0.0,0.003328258654359812,0.0029811139631826396
796,pltd_kup266,1,266,diesel,2.4358868740320095e-9,1.0869,-1.0868999975641132,1.1920585287986173e-9
797,plts_kup266,1,266,solar,1.240219713951945e-9,0.0,1.240219713951945e-9,1.9344862339903862e-9
798,batt_kup266,1,266,battery,0.003329578095109464,0.0,0.003329578095109464,0.002984092588816269
799,pltd_kup267,1,267,diesel,2.4358867764283657e-9,0.8832,-0.8831999975641132,1.1920583393790853e-9
800,plts_kup267,1,267,solar,1.2403389869374363e-9,0.0,1.2403389869374363e-9,1.9346732049576397e-9
801,batt_kup267,1,267,battery,0.0033308433928704003,0.0,0.0033308433928704003,0.002983895117376142
802,pltd_kup268,1,268,diesel,2.4358869401242748e-9,1.2831,-1.2830999975641129,1.1920586802996313e-9
803,plts_kup268,1,268,solar,1.2401192099232344e-9,0.0,1.2401192099232344e-9,1.9343287085879255e-9
804,batt_kup268,1,268,battery,0.003328124512961981,0.0,0.003328124512961981,0.0029848701959025495
805,pltd_kup269,1,269,diesel,2.4358861885758247e-9,0.3407,-0.3406999975641138,1.192057244965525e-9
806,plts_kup269,1,269,solar,1.2405251953696586e-9,0.0,1.2405251953696586e-9,1.9349658510438137e-9
807,batt_kup269,1,269,battery,0.003328161934471622,0.0,0.003328161934471622,0.0029810578341626973
808,pltd_kup270,1,270,diesel,2.435886492916986e-9,0.5379,-0.5378999975641136,1.192057761652241e-9
809,plts_kup270,1,270,solar,1.2404850797296816e-9,0.0,1.2404850797296816e-9,1.9349024783701666e-9
810,batt_kup270,1,270,battery,0.0033305813627274874,0.0,0.0033305813627274874,0.0029831887304743944
811,pltd_kup271,1,271,diesel,2.435883858994119e-9,0.033,-0.032999997564116146,1.1920637534294626e-9
812,plts_kup271,1,271,solar,3.6830459716780526e-9,0.0,3.6830459716780526e-9,5.681311510316369e-9
813,batt_kup271,1,271,battery,0.0033357247102907385,0.0,0.0033357247102907385,0.0030077645521414224
814,pltd_kup272,1,272,diesel,2.4358850165196745e-9,0.1017,-0.10169999756411498,1.192067974136243e-9
815,plts_kup272,1,272,solar,3.683173207341441e-9,0.0,3.683173207341441e-9,5.68150904083283e-9
816,batt_kup272,1,272,battery,0.003334367946749684,0.0,0.003334367946749684,0.0029917712425215036
817,pltd_kup273,1,273,diesel,2.4358852354321675e-9,0.1291,-0.12909999756411475,1.1920685199263342e-9
818,plts_kup273,1,273,solar,3.6832661804977756e-9,0.0,3.6832661804977756e-9,5.6816533202211e-9
819,batt_kup273,1,273,battery,0.003332580267351115,0.0,0.003332580267351115,0.002988501326473946
820,pltd_kup274,1,274,diesel,2.4358846831557447e-9,0.0724,-0.07239999756411532,1.1920669795750304e-9
821,plts_kup274,1,274,solar,3.683283027954987e-9,0.0,3.683283027954987e-9,5.681679471297988e-9
822,batt_kup274,1,274,battery,0.0033337914127683165,0.0,0.0033337914127683165,0.002992416283386003
823,pltd_kup275,1,275,diesel,2.435884122099034e-9,0.0428,-0.04279999756411588,1.1920649903837026e-9
824,plts_kup275,1,275,solar,3.683057017416831e-9,0.0,3.683057017416831e-9,5.681328647001312e-9
825,batt_kup275,1,275,battery,0.0033386320462282884,0.0,0.0033386320462282884,0.003009793461247713
826,pltd_kup276,1,276,diesel,2.4358847990317172e-9,0.0813,-0.0812999975641152,1.1920673176447768e-9
827,plts_kup276,1,276,solar,3.683089519450741e-9,0.0,3.683089519450741e-9,5.6813791421942545e-9
828,batt_kup276,1,276,battery,0.00333810501941579,0.0,0.00333810501941579,0.003000331785919311
829,pltd_kup277,1,277,diesel,2.435884866081181e-9,0.0872,-0.08719999756411513,1.1920675181666877e-9
830,plts_kup277,1,277,solar,3.6832572669310693e-9,0.0,3.6832572669310693e-9,5.681639461237562e-9
831,batt_kup277,1,277,battery,0.003349321496980569,0.0,0.003349321496980569,0.003020403376990387
832,pltd_kup278,1,278,diesel,2.435884769202936e-9,0.0789,-0.07889999756411523,1.192067230092048e-9
833,plts_kup278,1,278,solar,3.6830961829446804e-9,0.0,3.6830961829446804e-9,5.6813894911163604e-9
834,batt_kup278,1,278,battery,0.0033378187134798527,0.0,0.0033378187134798527,0.003000046883846763
835,pltd_kup279,1,279,diesel,2.435883030559019e-9,0.1039,-0.10389999756411697,1.193495818561822e-9
836,plts_kup279,1,279,solar,0.06358893338664012,0.0,0.06358893338664012,0.09979981583182664
837,batt_kup279,1,279,battery,0.08956899830479782,0.0,0.08956899830479782,0.08921984152824172
838,pltd_kup280,1,280,diesel,2.434724902246511e-9,0.0573,-0.057299997565275096,1.1791182584149791e-9
839,plts_kup280,1,280,solar,0.179476842616095,0.0,0.179476842616095,0.29197887714619913
840,batt_kup280,1,280,battery,0.026781993679089074,0.0,0.026781993679089074,0.02556520676910214
841,pltd_kup281,1,281,diesel,2.4358842957620797e-9,0.0502,-0.05019999756411571,1.1920656695587347e-9
842,plts_kup281,1,281,solar,3.6833167262938836e-9,0.0,3.6833167262938836e-9,5.681731770131832e-9
843,batt_kup281,1,281,battery,0.0033313512010148235,0.0,0.0033313512010148235,0.002992122571642195
844,pltd_kup282,1,282,diesel,2.434725272992122e-9,0.0795,-0.07949999756527473,1.1791196538394002e-9
845,plts_kup282,1,282,solar,0.249065220638361,0.0,0.249065220638361,0.4052377697925435
846,batt_kup282,1,282,battery,0.03716474190727535,0.0,0.03716474190727535,0.035413002499779654
847,pltd_kup283,1,283,diesel,2.4358853473448074e-9,0.1466,-0.14659999756411465,1.1920687152335608e-9
848,plts_kup283,1,283,solar,3.6834594114494335e-9,0.0,3.6834594114494335e-9,5.68195316282515e-9
849,batt_kup283,1,283,battery,0.0033302612621594362,0.0,0.0033302612621594362,0.0029844153115899698
850,pltd_kup284,1,284,diesel,2.435884677584216e-9,0.0647,-0.06469999756411532,1.1920561403273564e-9
851,plts_kup284,1,284,solar,1.2404477505056595e-9,0.0,1.2404477505056595e-9,1.934847199771302e-9
852,batt_kup284,1,284,battery,0.0033327603871333086,0.0,0.0033327603871333086,0.002992604083770112
853,pltd_kup285,1,285,diesel,2.435885683038082e-9,0.1697,-0.1696999975641143,1.192056921202382e-9
854,plts_kup285,1,285,solar,9.038950426531045e-10,0.0,9.038950426531045e-10,1.3356667669713856e-9
855,batt_kup285,1,285,battery,0.0033309111598137306,0.0,0.0033309111598137306,0.0029859377232572784
856,pltd_kup286,1,286,diesel,2.435885930552635e-9,0.2295,-0.22949999756411407,1.1920569770957127e-9
857,plts_kup286,1,286,solar,9.041745184879209e-10,0.0,9.041745184879209e-10,1.3360802106283102e-9
858,batt_kup286,1,286,battery,0.0033282952366141274,0.0,0.0033282952366141274,0.002981380940706178
859,pltd_kup287,1,287,diesel,2.435884683028876e-9,0.0591,-0.05909999756411532,1.192056100114842e-9
860,plts_kup287,1,287,solar,9.050232725281792e-10,0.0,9.050232725281792e-10,1.3373823905422943e-9
861,batt_kup287,1,287,battery,0.0033324344224720504,0.0,0.0033324344224720504,0.0029907732325375196
862,pltd_kup288,1,288,diesel,2.4358849644164247e-9,0.0798,-0.07979999756411503,1.1920563327631585e-9
863,plts_kup288,1,288,solar,4.75194591543021e-9,0.0,4.75194591543021e-9,7.4106077028862755e-9
864,batt_kup288,1,288,battery,0.003332851636521673,0.0,0.003332851636521673,0.0029892729865107397
865,pltd_kup289,1,289,diesel,2.435886151664951e-9,0.3062,-0.30619999756411387,1.1920571338546273e-9
866,plts_kup289,1,289,solar,9.04938219920531e-10,0.0,9.04938219920531e-10,1.3372461520676644e-9
867,batt_kup289,1,289,battery,0.0033276224704092603,0.0,0.0033276224704092603,0.002978819618337187
868,pltd_kup290,1,290,diesel,2.4358850127313072e-9,0.081,-0.080999997564115,1.1920563543397371e-9
869,plts_kup290,1,290,solar,9.051040229725346e-10,0.0,9.051040229725346e-10,1.3375046347305898e-9
870,batt_kup290,1,290,battery,0.003333598016269592,0.0,0.003333598016269592,0.0029898643172209614
871,pltd_kup291,1,291,diesel,2.4358837533818473e-9,0.2935,-0.2934999975641162,1.1934796666393648e-9
872,plts_kup291,1,291,solar,0.4574936325188765,0.0,0.4574936325188765,0.724847709633568
873,batt_kup291,1,291,battery,0.32813393894260445,0.0,0.32813393894260445,0.31133853413872725
874,pltd_kup292,1,292,diesel,2.435885684600913e-9,0.1719,-0.1718999975641143,1.1920568990354985e-9
875,plts_kup292,1,292,solar,1.2209639534600422e-9,0.0,1.2209639534600422e-9,1.8291747535867447e-9
876,batt_kup292,1,292,battery,0.00332910843126465,0.0,0.00332910843126465,0.002982025299506353
877,pltd_kup293,1,293,diesel,2.435886057601322e-9,0.2726,-0.27259999756411396,1.192057036066969e-9
878,plts_kup293,1,293,solar,1.2209051522370671e-9,0.0,1.2209051522370671e-9,1.829084445432227e-9
879,batt_kup293,1,293,battery,0.0033272962738767164,0.0,0.0033272962738767164,0.002978966431760968
880,pltd_kup294,1,294,diesel,2.435885749680726e-9,0.1858,-0.18579999756411425,1.1920568978116688e-9
881,plts_kup294,1,294,solar,1.2209808181883698e-9,0.0,1.2209808181883698e-9,1.8292006496936692e-9
882,batt_kup294,1,294,battery,0.003328494022948413,0.0,0.003328494022948413,0.002981062935887132
883,pltd_kup295,1,295,diesel,2.4358854399049523e-9,0.1294,-0.12939999756411455,1.1920568192516778e-9
884,plts_kup295,1,295,solar,1.2209794765326758e-9,0.0,1.2209794765326758e-9,1.829198761057272e-9
885,batt_kup295,1,295,battery,0.003331403835937003,0.0,0.003331403835937003,0.002985289409560876
886,pltd_kup296,1,296,diesel,2.4358858463884842e-9,0.2089,-0.20889999756411415,1.1920569253429174e-9
887,plts_kup296,1,296,solar,1.220986211795617e-9,0.0,1.220986211795617e-9,1.8292089569357703e-9
888,batt_kup296,1,296,battery,0.003327784554008592,0.0,0.003327784554008592,0.0029799455773430847
889,pltd_kup297,1,297,diesel,2.4358844093347967e-9,0.0468,-0.04679999756411559,1.1920558785508962e-9
890,plts_kup297,1,297,solar,1.2209452864945106e-9,0.0,1.2209452864945106e-9,1.8291471994359286e-9
891,batt_kup297,1,297,battery,0.0033303055892532248,0.0,0.0033303055892532248,0.002990150921231168
892,pltd_kup298,1,298,diesel,2.43588532772767e-9,0.1143,-0.11429999756411467,1.1920567194007459e-9
893,plts_kup298,1,298,solar,1.2209857342688162e-9,0.0,1.2209857342688162e-9,1.8292085078576309e-9
894,batt_kup298,1,298,battery,0.003332258707023162,0.0,0.003332258707023162,0.0029866498241810273
895,pltd_kup299,1,299,diesel,2.4358860764181796e-9,0.2933,-0.2932999975641139,1.1920571193625344e-9
896,plts_kup299,1,299,solar,1.240542584703867e-9,0.0,1.240542584703867e-9,1.9349933026243425e-9
897,batt_kup299,1,299,battery,0.0033278034868572215,0.0,0.0033278034868572215,0.002981020749769821
898,pltd_kup300,1,300,diesel,2.435885695029438e-9,0.1808,-0.1807999975641143,1.1920569099081346e-9
899,plts_kup300,1,300,solar,1.2141563857320414e-9,0.0,1.2141563857320414e-9,1.8519242889646092e-9
900,batt_kup300,1,300,battery,0.003328740125149355,0.0,0.003328740125149355,0.002981350725140021
901,pltd_kup301,1,301,diesel,2.435885433093411e-9,0.1343,-0.13429999756411456,1.1920568319410553e-9
902,plts_kup301,1,301,solar,1.2140788131701042e-9,0.0,1.2140788131701042e-9,1.8518035761017536e-9
903,batt_kup301,1,301,battery,0.003331232720912542,0.0,0.003331232720912542,0.0029850001145673697
904,pltd_kup302,1,302,diesel,2.4358857054662207e-9,0.1833,-0.18329999756411428,1.1920569258000162e-9
905,plts_kup302,1,302,solar,1.0810473122917572e-9,0.0,1.0810473122917572e-9,1.6534038200784688e-9
906,batt_kup302,1,302,battery,0.003328484321902446,0.0,0.003328484321902446,0.0029809630127098376
907,pltd_kup303,1,303,diesel,2.435885758545259e-9,0.1947,-0.19469999756411424,1.1920569340009373e-9
908,plts_kup303,1,303,solar,1.081077207180396e-9,0.0,1.081077207180396e-9,1.6534532897374521e-9
909,batt_kup303,1,303,battery,0.0033281399017937763,0.0,0.0033281399017937763,0.0029804666201188284
910,pltd_kup304,1,304,diesel,2.435885681544035e-9,0.1781,-0.17809999756411432,1.192056908441333e-9
911,plts_kup304,1,304,solar,1.2141400741654634e-9,0.0,1.2141400741654634e-9,1.8518986137190324e-9
912,batt_kup304,1,304,battery,0.0033288391784576216,0.0,0.0033288391784576216,0.0029814949000338694
913,pltd_kup305,1,305,diesel,2.4358857916260903e-9,0.2036,-0.2035999975641142,1.1920569411532601e-9
914,plts_kup305,1,305,solar,1.0803568953704521e-9,0.0,1.0803568953704521e-9,1.652326296479348e-9
915,batt_kup305,1,305,battery,0.0033285904680849213,0.0,0.0033285904680849213,0.0029823470652051167
916,pltd_kup306,1,306,diesel,2.435885548025668e-9,0.1525,-0.15249999756411445,1.1920568843466458e-9
917,plts_kup306,1,306,solar,1.2141539723355685e-9,0.0,1.2141539723355685e-9,1.8519207732500378e-9
918,batt_kup306,1,306,battery,0.003330135889630767,0.0,0.003330135889630767,0.002983366842758021
919,pltd_kup307,1,307,diesel,2.4358860278744228e-9,0.2708,-0.27079999756411394,1.1920570445403751e-9
920,plts_kup307,1,307,solar,1.2141189449015358e-9,0.0,1.2141189449015358e-9,1.8518654871127427e-9
921,batt_kup307,1,307,battery,0.003326999882427173,0.0,0.003326999882427173,0.0029782751829432056
922,pltd_kup308,1,308,diesel,2.4358857009893992e-9,0.1827,-0.1826999975641143,1.1920569239369019e-9
923,plts_kup308,1,308,solar,1.0807408994451872e-9,0.0,1.0807408994451872e-9,1.6529191578262435e-9
924,batt_kup308,1,308,battery,0.003329040837447867,0.0,0.003329040837447867,0.0029824362594659004
925,pltd_kup309,1,309,diesel,2.4358856613472936e-9,0.1738,-0.17379999756411435,1.1920569097129075e-9
926,plts_kup309,1,309,solar,1.2141572174687309e-9,0.0,1.2141572174687309e-9,1.8519256322796717e-9
927,batt_kup309,1,309,battery,0.003329051645604197,0.0,0.003329051645604197,0.0029818089249355503
928,pltd_tim310,1,310,diesel,2.43588535357495e-9,0.1257,-0.12569999756411465,1.1920568200431369e-9
929,plts_tim310,1,310,solar,1.367424307394864e-9,0.0,1.367424307394864e-9,2.1510547116231596e-9
930,batt_tim310,1,310,battery,0.0033590844612101786,0.0,0.0033590844612101786,0.0030368668171762985
931,pltd_tim311,1,311,diesel,2.4358847673272202e-9,0.0702,-0.07019999756411523,1.1920561985072024e-9
932,plts_tim311,1,311,solar,1.3674091144686587e-9,0.0,1.3674091144686587e-9,2.1510310503232664e-9
933,batt_tim311,1,311,battery,0.003363535272962059,0.0,0.003363535272962059,0.003051272299711273
934,pltd_tim312,1,312,diesel,2.4358852372428526e-9,0.1118,-0.11179999756411475,1.1920567131919605e-9
935,plts_tim312,1,312,solar,1.875940008803137e-9,0.0,1.875940008803137e-9,2.9788893352844756e-9
936,batt_tim312,1,312,battery,0.003369655607082319,0.0,0.003369655607082319,0.00306321050097453
937,pltd_tim313,1,313,diesel,2.4358856060701344e-9,0.1673,-0.1672999975641144,1.1920569706781672e-9
938,plts_tim313,1,313,solar,1.8759386742405783e-9,0.0,1.8759386742405783e-9,2.978887439106569e-9
939,batt_tim313,1,313,battery,0.0033713827352604623,0.0,0.0033713827352604623,0.0030672162076476966
940,pltd_tim314,1,314,diesel,2.4358853734235978e-9,0.1285,-0.12849999756411462,1.1920568362755447e-9
941,plts_tim314,1,314,solar,1.3674266046102831e-9,0.0,1.3674266046102831e-9,2.1510597469761053e-9
942,batt_tim314,1,314,battery,0.003364120255763173,0.0,0.003364120255763173,0.0030486468538845563
943,pltd_tim315,1,315,diesel,2.4358856024943096e-9,0.1664,-0.1663999975641144,1.1920569545258833e-9
944,plts_tim315,1,315,solar,1.2360359087133408e-9,0.0,1.2360359087133408e-9,1.927893438084182e-9
945,batt_tim315,1,315,battery,0.003347833842483491,0.0,0.003347833842483491,0.0030184224777549625
946,pltd_tim316,1,316,diesel,2.4358849193411834e-9,0.0826,-0.08259999756411508,1.1920562922968305e-9
947,plts_tim316,1,316,solar,1.875097377512018e-9,0.0,1.875097377512018e-9,2.977526893634808e-9
948,batt_tim316,1,316,battery,0.0033736649097251136,0.0,0.0033736649097251136,0.003099648223695389
949,pltd_tim317,1,317,diesel,2.435885272795379e-9,0.1155,-0.11549999756411473,1.1920567380960898e-9
950,plts_tim317,1,317,solar,1.36737694615226e-9,0.0,1.36737694615226e-9,2.150979687908105e-9
951,batt_tim317,1,317,battery,0.0033668608806072496,0.0,0.0033668608806072496,0.0030552318594142297
952,pltd_tim318,1,318,diesel,2.43588513156373e-9,0.0998,-0.09979999756411487,1.192056592069098e-9
953,plts_tim318,1,318,solar,1.368462128429719e-9,0.0,1.368462128429719e-9,2.1527381695959256e-9
954,batt_tim318,1,318,battery,0.003351793094353852,0.0,0.003351793094353852,0.0030250140338934847
955,pltd_tim319,1,319,diesel,2.4358857988270764e-9,0.2086,-0.2085999975641142,1.1920569667041345e-9
956,plts_tim319,1,319,solar,1.2405838192706342e-9,0.0,1.2405838192706342e-9,1.9350584545696986e-9
957,batt_tim319,1,319,battery,0.0033287779975552842,0.0,0.0033287779975552842,0.0029830531400494168
958,pltd_tim320,1,320,diesel,2.4358855826979287e-9,0.162,-0.16199999756411443,1.1920569451920085e-9
959,plts_tim320,1,320,solar,1.3674211722729536e-9,0.0,1.3674211722729536e-9,2.151049738234683e-9
960,batt_tim320,1,320,battery,0.003358672548369846,0.0,0.003358672548369846,0.0030372317278862964
961,pltd_tim321,1,321,diesel,2.435885281522102e-9,0.1183,-0.11829999756411472,1.1920567240805502e-9
962,plts_tim321,1,321,solar,1.875147181544685e-9,0.0,1.875147181544685e-9,2.977609832500119e-9
963,batt_tim321,1,321,battery,0.003372832085035083,0.0,0.003372832085035083,0.0030950712556705035
964,pltd_tim322,1,322,diesel,2.4358851424816794e-9,0.101,-0.10099999756411486,1.1920566181787697e-9
965,plts_tim322,1,322,solar,1.2405377456236132e-9,0.0,1.2405377456236132e-9,1.9349875859164297e-9
966,batt_tim322,1,322,battery,0.003333904625374595,0.0,0.003333904625374595,0.0029910426837503018
967,pltd_tim323,1,323,diesel,2.435885726963944e-9,0.1916,-0.19159999756411428,1.1920569478794906e-9
968,plts_tim323,1,323,solar,1.2405908093613994e-9,0.0,1.2405908093613994e-9,1.935069558027941e-9
969,batt_tim323,1,323,battery,0.0033293779261635145,0.0,0.0033293779261635145,0.002983955102986388
970,pltd_tim324,1,324,diesel,2.4358857256355053e-9,0.1913,-0.19129999756411428,1.1920569477725209e-9
971,plts_tim324,1,324,solar,1.2405909061258664e-9,0.0,1.2405909061258664e-9,1.935069712129046e-9
972,batt_tim324,1,324,battery,0.0033293898572676795,0.0,0.0033293898572676795,0.002983972178819355
973,pltd_tim325,1,325,diesel,2.43588554983824e-9,0.1583,-0.15829999756411445,1.1920569123440448e-9
974,plts_tim325,1,325,solar,1.8751523639240404e-9,0.0,1.8751523639240404e-9,2.977618547085622e-9
975,batt_tim325,1,325,battery,0.0033714752723509275,0.0,0.0033714752723509275,0.003092405596122567
976,pltd_tim326,1,326,diesel,2.4358852093896382e-9,0.1115,-0.11149999756411479,1.1920565912809148e-9
977,plts_tim326,1,326,solar,1.8748690652830294e-9,0.0,1.8748690652830294e-9,2.977149128026087e-9
978,batt_tim326,1,326,battery,0.0033758194128066577,0.0,0.0033758194128066577,0.003094215261515115
979,pltd_tim327,1,327,diesel,2.4358854995650496e-9,0.1482,-0.1481999975641145,1.192056915200371e-9
980,plts_tim327,1,327,solar,1.875923021455022e-9,0.0,1.875923021455022e-9,2.9788616095122626e-9
981,batt_tim327,1,327,battery,0.0033666166532005113,0.0,0.0033666166532005113,0.003056655868048047
982,pltd_tim328,1,328,diesel,2.435885753488317e-9,0.2009,-0.20089999756411425,1.192056978593359e-9
983,plts_tim328,1,328,solar,1.8750701194657728e-9,0.0,1.8750701194657728e-9,2.9774813758075776e-9
984,batt_tim328,1,328,battery,0.0033727512778564377,0.0,0.0033727512778564377,0.003095456439489006
985,pltd_tim329,1,329,diesel,2.4358859228265076e-9,0.2468,-0.24679999756411408,1.192057055863889e-9
986,plts_tim329,1,329,solar,1.874960032817762e-9,0.0,1.874960032817762e-9,2.9772947147218772e-9
987,batt_tim329,1,329,battery,0.00337513292139583,0.0,0.00337513292139583,0.0030924551625947905
988,pltd_tim330,1,330,diesel,2.435884884713331e-9,0.0789,-0.07889999756411512,1.1920562915750496e-9
989,plts_tim330,1,330,solar,1.8758704207843395e-9,0.0,1.8758704207843395e-9,2.97877882766456e-9
990,batt_tim330,1,330,battery,0.0033609365798668903,0.0,0.0033609365798668903,0.003062476262552062
991,pltd_tim331,1,331,diesel,2.4358857858895183e-9,0.2086,-0.2085999975641142,1.1920569978551616e-9
992,plts_tim331,1,331,solar,1.8750757606765107e-9,0.0,1.8750757606765107e-9,2.977490881893799e-9
993,batt_tim331,1,331,battery,0.0033724706151941363,0.0,0.0033724706151941363,0.00309501191799725
994,pltd_tim332,1,332,diesel,2.435885293434282e-9,0.118,-0.1179999975641147,1.192056772662995e-9
995,plts_tim332,1,332,solar,1.2405661890800587e-9,0.0,1.2405661890800587e-9,1.935031881875035e-9
996,batt_tim332,1,332,battery,0.0033332737681570617,0.0,0.0033332737681570617,0.0029896838161397815
997,pltd_tim333,1,333,diesel,2.4358865488595228e-9,0.5995,-0.5994999975641134,1.192057861414277e-9
998,plts_tim333,1,333,solar,3.0598714412655106e-9,0.0,3.0598714412655106e-9,4.874521585379647e-9
999,batt_tim333,1,333,battery,0.003333920396064564,0.0,0.003333920396064564,0.0029902649072305336
1000,pltd_tim334,1,334,diesel,2.4358856367936175e-9,0.1762,-0.17619999756411436,1.1920568816328958e-9
1001,plts_tim334,1,334,solar,3.0598865895278546e-9,0.0,3.0598865895278546e-9,4.874545966169253e-9
1002,batt_tim334,1,334,battery,0.003332795530411975,0.0,0.003332795530411975,0.0029915074500108346
1003,pltd_tim335,1,335,diesel,2.4358862589477074e-9,0.3762,-0.3761999975641137,1.1920573390185623e-9
1004,plts_tim335,1,335,solar,1.2405156343845138e-9,0.0,1.2405156343845138e-9,1.934950744525964e-9
1005,batt_tim335,1,335,battery,0.0033286186629293457,0.0,0.0033286186629293457,0.0029813671439864412
1006,pltd_tim336,1,336,diesel,2.435885753961197e-9,0.1969,-0.19689999756411425,1.1920569485835117e-9
1007,plts_tim336,1,336,solar,1.3769304343948865e-9,0.0,1.3769304343948865e-9,2.1662402643726025e-9
1008,batt_tim336,1,336,battery,0.0033283615172077156,0.0,0.0033283615172077156,0.0029808051162871045
1009,pltd_tim337,1,337,diesel,2.4358856664486455e-9,0.1821,-0.18209999756411435,1.192056879680703e-9
1010,plts_tim337,1,337,solar,3.0600325265933118e-9,0.0,3.0600325265933118e-9,4.874780169101024e-9
1011,batt_tim337,1,337,battery,0.0033288605937385448,0.0,0.0033288605937385448,0.0029830315331812705
1012,pltd_tim338,1,338,diesel,2.435885735312023e-9,0.1935,-0.19349999756411426,1.1920569486927177e-9
1013,plts_tim338,1,338,solar,1.2405901450149896e-9,0.0,1.2405901450149896e-9,1.9350685001522487e-9
1014,batt_tim338,1,338,battery,0.0033293061796187307,0.0,0.0033293061796187307,0.002983849803980366
1015,pltd_tim339,1,339,diesel,2.43588593746382e-9,0.2511,-0.25109999756411405,1.1920569822035966e-9
1016,plts_tim339,1,339,solar,3.059943304343771e-9,0.0,3.059943304343771e-9,4.874636040227632e-9
1017,batt_tim339,1,339,battery,0.0033430058202532616,0.0,0.0033430058202532616,0.0030104554047365095
1018,pltd_tim340,1,340,diesel,2.4358857794243424e-9,0.2076,-0.20759999756411424,1.192056899094912e-9
1019,plts_tim340,1,340,solar,3.060459302990688e-9,0.0,3.060459302990688e-9,4.875464235128408e-9
1020,batt_tim340,1,340,battery,0.003327181837434334,0.0,0.003327181837434334,0.00297949970488604
1021,pltd_tim341,1,341,diesel,2.4358860569545205e-9,0.2908,-0.29079999756411395,1.1920570569214075e-9
1022,plts_tim341,1,341,solar,3.0601413132113625e-9,0.0,3.0601413132113625e-9,4.874954556033133e-9
1023,batt_tim341,1,341,battery,0.0033268577104286936,0.0,0.0033268577104286936,0.002979221884262174
1024,pltd_tim342,1,342,diesel,2.43588527306761e-9,0.1155,-0.11549999756411473,1.1920567528984677e-9
1025,plts_tim342,1,342,solar,1.2405627498294777e-9,0.0,1.2405627498294777e-9,1.9350265327256273e-9
1026,batt_tim342,1,342,battery,0.003333389058098015,0.0,0.003333389058098015,0.0029898930512204463
1027,pltd_tim343,1,343,diesel,2.4358855543751793e-9,0.1602,-0.16019999756411446,1.1920568749019145e-9
1028,plts_tim343,1,343,solar,3.0604279368678416e-9,0.0,3.0604279368678416e-9,4.875413962797473e-9
1029,batt_tim343,1,343,battery,0.00332923355765662,0.0,0.00332923355765662,0.0029826374921729706
1030,pltd_tim344,1,344,diesel,2.4358858171482253e-9,0.2169,-0.21689999756411418,1.1920569181127259e-9
1031,plts_tim344,1,344,solar,3.060458269371202e-9,0.0,3.060458269371202e-9,4.875462577914503e-9
1032,batt_tim344,1,344,battery,0.003326936029412147,0.0,0.003326936029412147,0.0029791000938876847
1033,pltd_tim345,1,345,diesel,2.435885558739375e-9,0.1611,-0.16109999756411444,1.1920568764953438e-9
1034,plts_tim345,1,345,solar,3.0598865162812694e-9,0.0,3.0598865162812694e-9,4.87454603977813e-9
1035,batt_tim345,1,345,battery,0.0033304103401604443,0.0,0.0033304103401604443,0.0029858899763089467
1036,pltd_tim346,1,346,diesel,2.435885817905945e-9,0.2172,-0.21719999756411418,1.192056918177267e-9
1037,plts_tim346,1,346,solar,3.060396501420474e-9,0.0,3.060396501420474e-9,4.875363570715338e-9
1038,batt_tim346,1,346,battery,0.0033270839354671814,0.0,0.0033270839354671814,0.002979556595671499
1039,pltd_tim347,1,347,diesel,2.435885731536591e-9,0.2976,-0.29759999756411426,1.1920479023711817e-9
1040,plts_tim347,1,347,solar,0.8665434642835939,0.0,0.8665434642835939,1.413161615152822
1041,batt_tim347,1,347,battery,0.09252087724048207,0.0,0.09252087724048207,0.07963958587406515
1042,pltd_tim348,1,348,diesel,2.4358852768754167e-9,0.1186,-0.11859999756411473,1.1920567254252783e-9
1043,plts_tim348,1,348,solar,3.060427529748556e-9,0.0,3.060427529748556e-9,4.875413318413365e-9
1044,batt_tim348,1,348,battery,0.0033315563149844303,0.0,0.0033315563149844303,0.002985981826770778
1045,pltd_tim349,1,349,diesel,2.4358862097280216e-9,0.3561,-0.3560999975641138,1.1920572431877649e-9
1046,plts_tim349,1,349,solar,3.0604356456063372e-9,0.0,3.0604356456063372e-9,4.875426311638039e-9
1047,batt_tim349,1,349,battery,0.003326860637485155,0.0,0.003326860637485155,0.0029777313306826795
1048,pltd_tim350,1,350,diesel,2.4358847971906117e-9,0.077,-0.0769999975641152,1.1920561085254306e-9
1049,plts_tim350,1,350,solar,0.179056254760907,0.0,0.179056254760907,0.29321768220503436
1050,batt_tim350,1,350,battery,0.0033332021760219504,0.0,0.0033332021760219504,0.0029905355439460244
1051,pltd_tim351,1,351,diesel,2.435884966952596e-9,0.0844,-0.08439999756411504,1.1920563943051822e-9
1052,plts_tim351,1,351,solar,1.375727354369343e-9,0.0,1.375727354369343e-9,2.1643245538530557e-9
1053,batt_tim351,1,351,battery,0.0033337233594132975,0.0,0.0033337233594132975,0.002991416283120842
1054,pltd_tim352,1,352,diesel,2.4358855845187873e-9,0.1624,-0.1623999975641144,1.1920569402715416e-9
1055,plts_tim352,1,352,solar,1.2405965131430717e-9,0.0,1.2405965131430717e-9,1.9350788011211394e-9
1056,batt_tim352,1,352,battery,0.003330763828332994,0.0,0.003330763828332994,0.0029859494511537033
1057,pltd_tim353,1,353,diesel,2.4358847622714046e-9,0.0746,-0.07459999756411524,1.1920560682983807e-9
1058,plts_tim353,1,353,solar,0.17510516860531436,0.0,0.17510516860531436,0.28674530144949617
1059,batt_tim353,1,353,battery,0.0033333033033739385,0.0,0.0033333033033739385,0.002991229538502471
1060,pltd_tim354,1,354,diesel,2.4358859051421735e-9,0.2366,-0.2365999975641141,1.1920570118599886e-9
1061,plts_tim354,1,354,solar,1.2405700338004002e-9,0.0,1.2405700338004002e-9,1.935036641348621e-9
1062,batt_tim354,1,354,battery,0.003328116969160174,0.0,0.003328116969160174,0.0029819571305837135
1063,pltd_tim355,1,355,diesel,2.4358861000796115e-9,0.3025,-0.3024999975641139,1.1920571399835943e-9
1064,plts_tim355,1,355,solar,1.2405387137408087e-9,0.0,1.2405387137408087e-9,1.9349871933491053e-9
1065,batt_tim355,1,355,battery,0.0033278444482392456,0.0,0.0033278444482392456,0.0029809869104599836
1066,pltd_tim356,1,356,diesel,2.4358847407010117e-9,0.0681,-0.06809999756411525,1.1920561821533543e-9
1067,plts_tim356,1,356,solar,1.3767349088140375e-9,0.0,1.3767349088140375e-9,2.165929775938324e-9
1068,batt_tim356,1,356,battery,0.003332498117118066,0.0,0.003332498117118066,0.0029901499981038887
1069,pltd_tim357,1,357,diesel,2.43588485724269e-9,0.0764,-0.07639999756411514,1.192056271131519e-9
1070,plts_tim357,1,357,solar,1.240478262464834e-9,0.0,1.240478262464834e-9,1.9348948071032667e-9
1071,batt_tim357,1,357,battery,0.0033336644909668874,0.0,0.0033336644909668874,0.0029924307256368092
1072,pltd_tim358,1,358,diesel,2.435885392043502e-9,0.1306,-0.1305999975641146,1.1920568456834197e-9
1073,plts_tim358,1,358,solar,1.3733893486037458e-9,0.0,1.3733893486037458e-9,2.1606067831378767e-9
1074,batt_tim358,1,358,battery,0.003332092333042304,0.0,0.003332092333042304,0.0029897391820570382
1075,pltd_tim359,1,359,diesel,2.4358849167147774e-9,0.086,-0.08599999756411508,1.1920562742057525e-9
1076,plts_tim359,1,359,solar,0.19223293540228248,0.0,0.19223293540228248,0.31479983976206466
1077,batt_tim359,1,359,battery,0.003333906845335097,0.0,0.003333906845335097,0.0029921723822753225
1078,pltd_tim360,1,360,diesel,2.435885373994791e-9,0.1279,-0.12789999756411463,1.192056835483809e-9
1079,plts_tim360,1,360,solar,1.3768056409170248e-9,0.0,1.3768056409170248e-9,2.1660414640782e-9
1080,batt_tim360,1,360,battery,0.003332030821108081,0.0,0.003332030821108081,0.0029863461143104938
1081,pltd_tim361,1,361,diesel,2.435885744680568e-9,0.195,-0.19499999756411426,1.1920569498403781e-9
1082,plts_tim361,1,361,solar,1.3735905717776734e-9,0.0,1.3735905717776734e-9,2.160925924236244e-9
1083,batt_tim361,1,361,battery,0.003331826683342606,0.0,0.003331826683342606,0.002989329510919072
1084,pltd_tim362,1,362,diesel,2.4358857078191524e-9,0.187,-0.18699999756411428,1.1920569556901047e-9
1085,plts_tim362,1,362,solar,1.3702926994918851e-9,0.0,1.3702926994918851e-9,2.1556702714173786e-9
1086,batt_tim362,1,362,battery,0.0033421070889098296,0.0,0.0033421070889098296,0.0030090070348253698
1087,pltd_tim363,1,363,diesel,2.4358860346392646e-9,0.2773,-0.27729999756411394,1.192057088349648e-9
1088,plts_tim363,1,363,solar,1.3710526688254075e-9,0.0,1.3710526688254075e-9,2.1568824720362533e-9
1089,batt_tim363,1,363,battery,0.003334692381669356,0.0,0.003334692381669356,0.0029946061890778935
1090,pltd_tim364,1,364,diesel,2.4358852272913156e-9,0.1103,-0.11029999756411477,1.1920566998059921e-9
1091,plts_tim364,1,364,solar,1.877367898377414e-9,0.0,1.877367898377414e-9,2.9811927613445672e-9
1092,batt_tim364,1,364,battery,0.0033438965823885144,0.0,0.0033438965823885144,0.003010817194969226
1093,pltd_tim365,1,365,diesel,2.435885873201022e-9,0.2277,-0.22769999756411413,1.1920569958033922e-9
1094,plts_tim365,1,365,solar,1.2405745198919639e-9,0.0,1.2405745198919639e-9,1.9350437328453804e-9
1095,batt_tim365,1,365,battery,0.0033282836342707327,0.0,0.0033282836342707327,0.0029822506837669967
1096,pltd_tim366,1,366,diesel,2.43588554505706e-9,0.1547,-0.15469999756411446,1.1920569208953542e-9
1097,plts_tim366,1,366,solar,1.3737886322785339e-9,0.0,1.3737886322785339e-9,2.1612407378427827e-9
1098,batt_tim366,1,366,battery,0.003331942448626529,0.0,0.003331942448626529,0.002989249941393494
1099,pltd_tim367,1,367,diesel,2.4358855959286164e-9,0.1642,-0.1641999975641144,1.1920569462188085e-9
1100,plts_tim367,1,367,solar,1.370448675152015e-9,0.0,1.370448675152015e-9,2.1559188339226787e-9
1101,batt_tim367,1,367,battery,0.003341698858269858,0.0,0.003341698858269858,0.003007623515500118
1102,pltd_tim368,1,368,diesel,2.4358843210100697e-9,0.0471,-0.04709999756411568,1.192055862566982e-9
1103,plts_tim368,1,368,solar,1.3704026752346928e-9,0.0,1.3704026752346928e-9,2.1558457090965706e-9
1104,batt_tim368,1,368,battery,0.0033366399688450937,0.0,0.0033366399688450937,0.0030061718238688757
1105,pltd_tim369,1,369,diesel,2.4358850030552057e-9,0.0881,-0.08809999756411499,1.1920564397310815e-9
1106,plts_tim369,1,369,solar,1.8766592918485757e-9,0.0,1.8766592918485757e-9,2.9800531507195156e-9
1107,batt_tim369,1,369,battery,0.0033479775087426893,0.0,0.0033479775087426893,0.003018414700069331
1108,pltd_tim370,1,370,diesel,2.4358847997616437e-9,0.0721,-0.0720999975641152,1.192056221679775e-9
1109,plts_tim370,1,370,solar,1.3709410307824865e-9,0.0,1.3709410307824865e-9,2.1567039004764823e-9
1110,batt_tim370,1,370,battery,0.003339230481283252,0.0,0.003339230481283252,0.0030044963743212825
1111,pltd_tim371,1,371,diesel,2.4358856747512683e-9,0.1839,-0.18389999756411432,1.1920568809346585e-9
1112,plts_tim371,1,371,solar,3.059946609465974e-9,0.0,3.059946609465974e-9,4.874642407274665e-9
1113,batt_tim371,1,371,battery,0.0033295185954905077,0.0,0.0033295185954905077,0.0029843844208634835
1114,pltd_tim372,1,372,diesel,2.4358856425853865e-9,0.1771,-0.17709999756411438,1.1920568797634938e-9
1115,plts_tim372,1,372,solar,3.060434328977586e-9,0.0,3.060434328977586e-9,4.875424207041935e-9
1116,batt_tim372,1,372,battery,0.0033283697287723804,0.0,0.0033283697287723804,0.002981367438958909
1117,pltd_tim373,1,373,diesel,2.435885896879367e-9,0.2388,-0.2387999975641141,1.1920569562465489e-9
1118,plts_tim373,1,373,solar,3.0594640781306765e-9,0.0,3.0594640781306765e-9,4.873868332236199e-9
1119,batt_tim373,1,373,battery,0.00333453408968001,0.0,0.00333453408968001,0.002995082305198783
1120,pltd_tim374,1,374,diesel,2.435886007682681e-9,0.273,-0.272999997564114,1.1920570160210866e-9
1121,plts_tim374,1,374,solar,3.0604457184300427e-9,0.0,3.0604457184300427e-9,4.87544245872481e-9
1122,batt_tim374,1,374,battery,0.003326291058215866,0.0,0.003326291058215866,0.002977751540129187
1123,pltd_tim375,1,375,diesel,2.4358850371786567e-9,0.0909,-0.09089999756411496,1.1920564969202174e-9
1124,plts_tim375,1,375,solar,1.240515249941809e-9,0.0,1.240515249941809e-9,1.9349525122818303e-9
1125,batt_tim375,1,375,battery,0.0033340183423340524,0.0,0.0033340183423340524,0.0029917331676047347
1126,pltd_tim376,1,376,diesel,2.4358851713107295e-9,0.1066,-0.10659999756411483,1.1920566234068541e-9
1127,plts_tim376,1,376,solar,3.0598878885371375e-9,0.0,3.0598878885371375e-9,4.87454803758893e-9
1128,batt_tim376,1,376,battery,0.00333384955710353,0.0,0.00333384955710353,0.0029932105288741307
1129,pltd_tim377,1,377,diesel,2.4358853132538224e-9,0.1205,-0.12049999756411468,1.1920567894838838e-9
1130,plts_tim377,1,377,solar,1.24056937763811e-9,0.0,1.24056937763811e-9,1.9350368388671347e-9
1131,batt_tim377,1,377,battery,0.003333151332260847,0.0,0.003333151332260847,0.0029894702400095753
1132,pltd_tim378,1,378,diesel,2.4358856581535634e-9,0.1774,-0.17739999756411434,1.1920569651707108e-9
1133,plts_tim378,1,378,solar,1.8759791218172523e-9,0.0,1.8759791218172523e-9,2.978952481218705e-9
1134,batt_tim378,1,378,battery,0.0033619541350409675,0.0,0.0033619541350409675,0.0030453668407150196
1135,pltd_tim379,1,379,diesel,2.435885626608852e-9,0.1713,-0.17129999756411438,1.1920569769011762e-9
1136,plts_tim379,1,379,solar,1.8759387417315763e-9,0.0,1.8759387417315763e-9,2.9788875545352786e-9
1137,batt_tim379,1,379,battery,0.0033712584179705816,0.0,0.0033712584179705816,0.003067045712355269
1138,pltd_tim380,1,380,diesel,2.435885345020693e-9,0.1251,-0.12509999756411463,1.1920568175610615e-9
1139,plts_tim380,1,380,solar,1.87598163364092e-9,0.0,1.87598163364092e-9,2.978956428766131e-9
1140,batt_tim380,1,380,battery,0.0033629585599835774,0.0,0.0033629585599835774,0.003045978698870953
1141,pltd_tim381,1,381,diesel,0.005407664559233939,0.0555,-0.050092335440766064,0.011528965767538639
1142,plts_tim381,1,381,solar,0.16095507482257215,0.0,0.16095507482257215,0.2308252955222622
1143,batt_tim381,1,381,battery,0.053492586958382396,0.0,0.053492586958382396,0.1045553315225168
1144,pltd_tim382,1,382,diesel,2.4358855523842242e-9,0.1571,-0.15709999756411444,1.1920569345118793e-9
1145,plts_tim382,1,382,solar,1.8759956391516776e-9,0.0,1.8759956391516776e-9,2.978979142060997e-9
1146,batt_tim382,1,382,battery,0.0033604159912580985,0.0,0.0033604159912580985,0.003041238846827516
1147,pltd_tim383,1,383,diesel,2.4358850674481583e-9,0.0946,-0.09459999756411494,1.1920565115849714e-9
1148,plts_tim383,1,383,solar,1.8755054245812163e-9,0.0,1.8755054245812163e-9,2.9781895608950964e-9
1149,batt_tim383,1,383,battery,0.0033750612718827415,0.0,0.0033750612718827415,0.0030921007796324246
1150,pltd_tim384,1,384,diesel,2.4358855549325675e-9,0.1599,-0.15989999756411444,1.1920569039216209e-9
1151,plts_tim384,1,384,solar,1.875069478844893e-9,0.0,1.875069478844893e-9,2.977480107212314e-9
1152,batt_tim384,1,384,battery,0.003374027705129231,0.0,0.003374027705129231,0.003097357211162105
1153,pltd_tim385,1,385,diesel,2.4358840666186133e-9,0.0379,-0.03789999756411594,1.1920557250532868e-9
1154,plts_tim385,1,385,solar,1.8760432039557583e-9,0.0,1.8760432039557583e-9,2.979056397342576e-9
1155,batt_tim385,1,385,battery,0.0033523576459456557,0.0,0.0033523576459456557,0.003037499023543326
1156,pltd_tim386,1,386,diesel,2.435884309011571e-9,0.0468,-0.046799997564115695,1.1920558584044402e-9
1157,plts_tim386,1,386,solar,1.2404269731539482e-9,0.0,1.2404269731539482e-9,1.9348147659958765e-9
1158,batt_tim386,1,386,battery,0.0033297024330996607,0.0,0.0033297024330996607,0.0029915776308029576
1159,pltd_tim387,1,387,diesel,2.435885784203567e-9,0.2046,-0.20459999756411423,1.1920569627634618e-9
1160,plts_tim387,1,387,solar,1.370479307522303e-9,0.0,1.370479307522303e-9,2.1559676224078062e-9
1161,batt_tim387,1,387,battery,0.0033378486506831923,0.0,0.0033378486506831923,0.0030006637845532923
1162,pltd_tim388,1,388,diesel,2.435884700400572e-9,0.0659,-0.0658999975641153,1.1920561506748445e-9
1163,plts_tim388,1,388,solar,1.370044189423129e-9,0.0,1.370044189423129e-9,2.155274503655301e-9
1164,batt_tim388,1,388,battery,0.0033439909954333857,0.0,0.0033439909954333857,0.003015702144829827
1165,pltd_tim389,1,389,diesel,2.4358842033042257e-9,0.0428,-0.042799997564115795,1.1920557869803426e-9
1166,plts_tim389,1,389,solar,1.8762653113087608e-9,0.0,1.8762653113087608e-9,2.979416289495448e-9
1167,batt_tim389,1,389,battery,0.0033502720017573834,0.0,0.0033502720017573834,0.00303328653257089
1168,pltd_tim390,1,390,diesel,2.435884696766813e-9,0.0644,-0.0643999975641153,1.192056188933973e-9
1169,plts_tim390,1,390,solar,8.148252642616797e-10,0.0,8.148252642616797e-10,1.247787902196726e-9
1170,batt_tim390,1,390,battery,0.003357777249867637,0.0,0.003357777249867637,0.0030394013858265545
1171,pltd_tim391,1,391,diesel,2.435885055527382e-9,0.0927,-0.09269999756411496,1.1920565113309395e-9
1172,plts_tim391,1,391,solar,1.87733032010966e-9,0.0,1.87733032010966e-9,2.9811323559384685e-9
1173,batt_tim391,1,391,battery,0.003343433063283688,0.0,0.003343433063283688,0.00301052101518166
1174,pltd_tim392,1,392,diesel,2.4358856338889306e-9,0.1688,-0.16879999756411437,1.192056970815021e-9
1175,plts_tim392,1,392,solar,8.431813725525777e-10,0.0,8.431813725525777e-10,1.2880146545219803e-9
1176,batt_tim392,1,392,battery,0.0033493801373164754,0.0,0.0033493801373164754,0.003020460227364649
1177,pltd_tim393,1,393,diesel,2.4358853666895485e-9,0.1275,-0.12749999756411465,1.1920568325745803e-9
1178,plts_tim393,1,393,solar,1.2413810541812475e-9,0.0,1.2413810541812475e-9,1.9363144005291454e-9
1179,batt_tim393,1,393,battery,0.0033316107458938172,0.0,0.0033316107458938172,0.0029859679777182436
1180,pltd_tim394,1,394,diesel,0.005968624578556109,0.0508,-0.044831375421443886,0.012370936118005405
1181,plts_tim394,1,394,solar,0.14596185101771522,0.0,0.14596185101771522,0.20955030743159578
1182,batt_tim394,1,394,battery,0.05055693346641567,0.0,0.05055693346641567,0.09454006176725303
1183,pltd_tim395,1,395,diesel,2.435885209051231e-9,0.1054,-0.10539999756411478,1.192056667231569e-9
1184,plts_tim395,1,395,solar,8.487835149467793e-10,0.0,8.487835149467793e-10,1.296813013592779e-9
1185,batt_tim395,1,395,battery,0.0033341673796836073,0.0,0.0033341673796836073,0.00299108426635825
1186,pltd_tim396,1,396,diesel,2.4358855512346392e-9,0.1528,-0.15279999756411444,1.1920569262120127e-9
1187,plts_tim396,1,396,solar,8.496603343236108e-10,0.0,8.496603343236108e-10,1.2981765315178212e-9
1188,batt_tim396,1,396,battery,0.003330982942080954,0.0,0.003330982942080954,0.002985047153433562
1189,pltd_tim397,1,397,diesel,2.435884687662655e-9,0.0653,-0.06529999756411531,1.1920561471617083e-9
1190,plts_tim397,1,397,solar,1.2404492752378764e-9,0.0,1.2404492752378764e-9,1.9348495729674895e-9
1191,batt_tim397,1,397,battery,0.0033328336811895283,0.0,0.0033328336811895283,0.0029926058207925457
1192,pltd_tim398,1,398,diesel,2.4358849902115607e-9,0.0866,-0.086599997564115,1.1920564184539336e-9
1193,plts_tim398,1,398,solar,1.3702616629249199e-9,0.0,1.3702616629249199e-9,2.15562098648467e-9
1194,batt_tim398,1,398,battery,0.0033448505851055134,0.0,0.0033448505851055134,0.0030143041559917553
1195,pltd_tim399,1,399,diesel,2.435885251282696e-9,0.1128,-0.11279999756411474,1.1920567192282773e-9
1196,plts_tim399,1,399,solar,1.3675692878625322e-9,0.0,1.3675692878625322e-9,2.151290215047949e-9
1197,batt_tim399,1,399,battery,0.0033573956388898373,0.0,0.0033573956388898373,0.0030333342795236724
1198,pltd_tim400,1,400,diesel,2.4358851187355557e-9,0.0986,-0.09859999756411487,1.1920565917170706e-9
1199,plts_tim400,1,400,solar,1.2405326177515673e-9,0.0,1.2405326177515673e-9,1.9349795950174566e-9
1200,batt_tim400,1,400,battery,0.0033339569703835018,0.0,0.0033339569703835018,0.0029912267927584097
1201,pltd_tim401,1,401,diesel,2.4358851963613434e-9,0.1066,-0.1065999975641148,1.1920566611841278e-9
1202,plts_tim401,1,401,solar,1.3680990738619388e-9,0.0,1.3680990738619388e-9,2.1521499736770887e-9
1203,batt_tim401,1,401,battery,0.003356268549292768,0.0,0.003356268549292768,0.0030340964222900072
1204,pltd_tim402,1,402,diesel,2.435884734377176e-9,0.0681,-0.06809999756411526,1.1920561748130234e-9
1205,plts_tim402,1,402,solar,1.367990509954146e-9,0.0,1.367990509954146e-9,2.151973668608298e-9
1206,batt_tim402,1,402,battery,0.0033576309046784722,0.0,0.0033576309046784722,0.003044034366704414
1207,pltd_tim403,1,403,diesel,2.4358853786929765e-9,0.1291,-0.1290999975641146,1.1920568387186434e-9
1208,plts_tim403,1,403,solar,1.36822911916356e-9,0.0,1.36822911916356e-9,2.152360771114935e-9
1209,batt_tim403,1,403,battery,0.0033540275888428624,0.0,0.0033540275888428624,0.003028873333709157
1210,pltd_tim404,1,404,diesel,2.4358857991009856e-9,0.2175,-0.2174999975641142,1.1920569441239999e-9
1211,plts_tim404,1,404,solar,0.25245142310787094,0.0,0.25245142310787094,0.4133968416525138
1212,batt_tim404,1,404,battery,0.0033553350446870653,0.0,0.0033553350446870653,0.0030328202732661383
1213,pltd_tim405,1,405,diesel,2.435885731292471e-9,0.2006,-0.20059999756411426,1.1920568950473075e-9
1214,plts_tim405,1,405,solar,0.2506419186670782,0.0,0.2506419186670782,0.41046427035538646
1215,batt_tim405,1,405,battery,0.003330088637655679,0.0,0.003330088637655679,0.0029859593852037633
1216,pltd_tim406,1,406,diesel,2.4358853386245404e-9,0.1238,-0.12379999756411465,1.1920568111808865e-9
1217,plts_tim406,1,406,solar,1.2405733611357083e-9,0.0,1.2405733611357083e-9,1.9350430309772606e-9
1218,batt_tim406,1,406,battery,0.003332972578744816,0.0,0.003332972578744816,0.002989173273731646
1219,pltd_tim407,1,407,diesel,2.435885779462338e-9,0.2039,-0.20389999756411423,1.1920569564085251e-9
1220,plts_tim407,1,407,solar,1.2405858843012097e-9,0.0,1.2405858843012097e-9,1.9350617295944786e-9
1221,batt_tim407,1,407,battery,0.0033289252906792046,0.0,0.0033289252906792046,0.002983279257247786
1222,pltd_tim408,1,408,diesel,2.4358855909433113e-9,0.1636,-0.1635999975641144,1.192056942940084e-9
1223,plts_tim408,1,408,solar,1.2405965520567815e-9,0.0,1.2405965520567815e-9,1.935078847380588e-9
1224,batt_tim408,1,408,battery,0.0033306959529138353,0.0,0.0033306959529138353,0.002985852537048677
1225,pltd_tim409,1,409,diesel,2.4358845790730103e-9,0.0591,-0.05909999756411542,1.1920560625696258e-9
1226,plts_tim409,1,409,solar,1.3698228632206456e-9,0.0,1.3698228632206456e-9,2.1549218623341542e-9
1227,batt_tim409,1,409,battery,0.003343546842637018,0.0,0.003343546842637018,0.003016198464737461
1228,pltd_tim410,1,410,diesel,2.4358848530832437e-9,0.0761,-0.07609999756411515,1.1920562674193754e-9
1229,plts_tim410,1,410,solar,1.2404774466665244e-9,0.0,1.2404774466665244e-9,1.934893532594799e-9
1230,batt_tim410,1,410,battery,0.003333650742025363,0.0,0.003333650742025363,0.002992440089062988
1231,pltd_tim411,1,411,diesel,2.4358855672309036e-9,0.1587,-0.15869999756411443,1.192056930992981e-9
1232,plts_tim411,1,411,solar,1.3718544380094274e-9,0.0,1.3718544380094274e-9,2.1581675922180207e-9
1233,batt_tim411,1,411,battery,0.0033362336923037717,0.0,0.0033362336923037717,0.0029965100569252726
1234,pltd_tim412,1,412,diesel,2.435885450276572e-9,0.147,-0.14699999756411455,1.1920568235522808e-9
1235,plts_tim412,1,412,solar,0.23848120887759766,0.0,0.23848120887759766,0.3905361143095166
1236,batt_tim412,1,412,battery,0.0033447619298284806,0.0,0.0033447619298284806,0.003012806923310018
1237,pltd_tim413,1,413,diesel,2.4358857303611865e-9,0.1916,-0.19159999756411425,1.192056946125162e-9
1238,plts_tim413,1,413,solar,1.375778127777762e-9,0.0,1.375778127777762e-9,2.1644045199941803e-9
1239,batt_tim413,1,413,battery,0.003329826110703021,0.0,0.003329826110703021,0.0029843671113464415
1240,pltd_tim414,1,414,diesel,2.4358856330249678e-9,0.1719,-0.17189999756411437,1.1920569502678969e-9
1241,plts_tim414,1,414,solar,1.2378647712412665e-9,0.0,1.2378647712412665e-9,1.9307975339626513e-9
1242,batt_tim414,1,414,battery,0.0033359723401514526,0.0,0.0033359723401514526,0.0029966005100871594
1243,pltd_tim415,1,415,diesel,2.4358854808041855e-9,0.1445,-0.1444999975641145,1.1920568943092153e-9
1244,plts_tim415,1,415,solar,1.2405909230191672e-9,0.0,1.2405909230191672e-9,1.935070263372558e-9
1245,batt_tim415,1,415,battery,0.0033317834100805572,0.0,0.0033317834100805572,0.002987396683176394
1246,pltd_tim416,1,416,diesel,2.4358857405208496e-9,0.1947,-0.19469999756411427,1.1920569494670132e-9
1247,plts_tim416,1,416,solar,1.2405896702369063e-9,0.0,1.2405896702369063e-9,1.935067744399017e-9
1248,batt_tim416,1,416,battery,0.0033292573931786975,0.0,0.0033292573931786975,0.002983777104620197
1249,pltd_tim417,1,417,diesel,2.4358839671557603e-9,0.0345,-0.034499997564116036,1.1920556921304073e-9
1250,plts_tim417,1,417,solar,1.240461615377289e-9,0.0,1.240461615377289e-9,1.93486866208948e-9
1251,batt_tim417,1,417,battery,0.003325939869718064,0.0,0.003325939869718064,0.002989024184980937
1252,pltd_tim418,1,418,diesel,2.435884529668113e-9,0.0567,-0.05669999756411547,1.19205603527364e-9
1253,plts_tim418,1,418,solar,1.240432045280542e-9,0.0,1.240432045280542e-9,1.9348226962684292e-9
1254,batt_tim418,1,418,battery,0.003331704964941687,0.0,0.003331704964941687,0.002992396508330145
1255,pltd_tim419,1,419,diesel,2.435884636342229e-9,0.0628,-0.06279999756411536,1.1920560183071105e-9
1256,plts_tim419,1,419,solar,8.735423767872166e-10,0.0,8.735423767872166e-10,1.3429715845029127e-9
1257,batt_tim419,1,419,battery,0.0033786734794428457,0.0,0.0033786734794428457,0.0030962026731466267
1258,pltd_tim420,1,420,diesel,2.43588487778636e-9,0.0823,-0.08229999756411512,1.192056108554318e-9
1259,plts_tim420,1,420,solar,1.8758373637807322e-9,0.0,1.8758373637807322e-9,2.978693776260067e-9
1260,batt_tim420,1,420,battery,0.0033804116878128343,0.0,0.0033804116878128343,0.0030853313656736157
1261,pltd_tim421,1,421,diesel,0.004489476669260703,0.0373,-0.0328105233307393,0.008550609326060067
1262,plts_tim421,1,421,solar,0.10884720146507236,0.0,0.10884720146507236,0.15428801948926923
1263,batt_tim421,1,421,battery,0.037447594669264755,0.0,0.037447594669264755,0.06985977148024047
1264,pltd_tim422,1,422,diesel,2.4358852681327223e-9,0.1192,-0.11919999756411473,1.1920566178740196e-9
1265,plts_tim422,1,422,solar,1.875123214508669e-9,0.0,1.875123214508669e-9,2.9775519127485735e-9
1266,batt_tim422,1,422,battery,0.0033826490259321437,0.0,0.0033826490259321437,0.0030954715651547405
1267,pltd_tim423,1,423,diesel,2.4358857077644733e-9,0.1953,-0.19529999756411429,1.1920568897536657e-9
1268,plts_tim423,1,423,solar,0.24960836318880342,0.0,0.24960836318880342,0.40876652606219016
1269,batt_tim423,1,423,battery,0.003327915763146895,0.0,0.003327915763146895,0.0029842826151342244
1270,pltd_tim424,1,424,diesel,2.43588510664981e-9,0.1035,-0.10349999756411489,1.1920565186263313e-9
1271,plts_tim424,1,424,solar,0.21205112066497558,0.0,0.21205112066497558,0.3472408448955059
1272,batt_tim424,1,424,battery,0.0033499733548251935,0.0,0.0033499733548251935,0.003021992844009632
1273,pltd_tim425,1,425,diesel,2.4358856107587157e-9,0.1802,-0.1801999975641144,1.1920568176480275e-9
1274,plts_tim425,1,425,solar,0.24421589517320078,0.0,0.24421589517320078,0.39989610438255435
1275,batt_tim425,1,425,battery,0.0033802905172964645,0.0,0.0033802905172964645,0.0030862030189887485
1276,pltd_tim426,1,426,diesel,0.004367566987158039,0.0499,-0.04553243301284196,0.008785378290739424
1277,plts_tim426,1,426,solar,0.1443999503587157,0.0,0.1443999503587157,0.20949701729997217
1278,batt_tim426,1,426,battery,0.04823192712124508,0.0,0.04823192712124508,0.09500100907543317
1279,pltd_tim427,1,427,diesel,2.4358857426590238e-9,0.2086,-0.20859999756411426,1.1920568898489383e-9
1280,plts_tim427,1,427,solar,0.24864761109459083,0.0,0.24864761109459083,0.40715243447996846
1281,batt_tim427,1,427,battery,0.0033777785544650404,0.0,0.0033777785544650404,0.0030847912216747536
1282,pltd_tim428,1,428,diesel,2.435885792009889e-9,0.2169,-0.2168999975641142,1.1920569633184216e-9
1283,plts_tim428,1,428,solar,0.25196267399493133,0.0,0.25196267399493133,0.41258684791253963
1284,batt_tim428,1,428,battery,0.0033717436792801907,0.0,0.0033717436792801907,0.0030874715472665143
1285,pltd_tim429,1,429,diesel,2.43588525506421e-9,0.1245,-0.12449999756411474,1.1920565130948974e-9
1286,plts_tim429,1,429,solar,0.22512270156250516,0.0,0.22512270156250516,0.36862647894817807
1287,batt_tim429,1,429,battery,0.0033822591733151173,0.0,0.0033822591733151173,0.0030852794914240497
1288,pltd_tim430,1,430,diesel,2.4358855156301387e-9,0.1577,-0.15769999756411449,1.192056857073206e-9
1289,plts_tim430,1,430,solar,0.24199647935890362,0.0,0.24199647935890362,0.3962961685637745
1290,batt_tim430,1,430,battery,0.0033411894215408067,0.0,0.0033411894215408067,0.003006693718772506
1291,pltd_tim431,1,431,diesel,2.435885359551228e-9,0.1337,-0.13369999756411466,1.1920567712802016e-9
1292,plts_tim431,1,431,solar,0.2327558712710993,0.0,0.2327558712710993,0.3811494613273254
1293,batt_tim431,1,431,battery,0.0033526587341119658,0.0,0.0033526587341119658,0.003026211709528889
1294,pltd_tim432,1,432,diesel,2.4358853345943295e-9,0.1346,-0.13459999756411467,1.1920566320645094e-9
1295,plts_tim432,1,432,solar,0.23131784508021086,0.0,0.23131784508021086,0.37877263647233544
1296,batt_tim432,1,432,battery,0.0033818744573364014,0.0,0.0033818744573364014,0.0030900204613671244
1297,pltd_tim433,1,433,diesel,2.435885635500381e-9,0.1722,-0.17219999756411436,1.1920569478866315e-9
1298,plts_tim433,1,433,solar,1.240595963703381e-9,0.0,1.240595963703381e-9,1.9350778310952144e-9
1299,batt_tim433,1,433,battery,0.0033302506447557877,0.0,0.0033302506447557877,0.0029852193368896255
1300,pltd_tim434,1,434,diesel,2.4358848320630847e-9,0.0838,-0.08379999756411517,1.1920559331946507e-9
1301,plts_tim434,1,434,solar,0.18505454974495808,0.0,0.18505454974495808,0.3029982662239607
1302,batt_tim434,1,434,battery,0.003362005360529254,0.0,0.003362005360529254,0.0030496820200797575
1303,pltd_tim435,1,435,diesel,2.43588491412372e-9,0.0869,-0.0868999975641151,1.1920562482346714e-9
1304,plts_tim435,1,435,solar,0.19337465703796353,0.0,0.19337465703796353,0.3166248295805767
1305,batt_tim435,1,435,battery,0.0033752421407221324,0.0,0.0033752421407221324,0.0030976713632647076
1306,pltd_tim436,1,436,diesel,2.435884648161429e-9,0.1152,-0.11519999756411535,1.1920411794293656e-9
1307,plts_tim436,1,436,solar,0.33823502368938835,0.0,0.33823502368938835,0.5592114788894232
1308,batt_tim436,1,436,battery,0.029595305353915656,0.0,0.029595305353915656,0.028321709244950005
1309,pltd_tim437,1,437,diesel,2.43588572243449e-9,0.2039,-0.20389999756411428,1.1920569562584566e-9
1310,plts_tim437,1,437,solar,0.24408638866159885,0.0,0.24408638866159885,0.39968168218942246
1311,batt_tim437,1,437,battery,0.0034030772488150693,0.0,0.0034030772488150693,0.003131984792532252
1312,pltd_tim438,1,438,diesel,2.435885786083699e-9,0.2055,-0.2054999975641142,1.1920569591379926e-9
1313,plts_tim438,1,438,solar,1.2405852048485939e-9,0.0,1.2405852048485939e-9,1.935060651674792e-9
1314,batt_tim438,1,438,battery,0.003328875511171863,0.0,0.003328875511171863,0.002983203328599475
1315,pltd_tim439,1,439,diesel,2.4358844380534637e-9,0.0961,-0.09609999756411557,1.1920408093952754e-9
1316,plts_tim439,1,439,solar,0.2822299723224076,0.0,0.2822299723224076,0.46659588530494384
1317,batt_tim439,1,439,battery,0.024693530372048134,0.0,0.024693530372048134,0.023625746649059046
1318,pltd_tim440,1,440,diesel,2.435884913802123e-9,0.0863,-0.08629999756411509,1.192056267595997e-9
1319,plts_tim440,1,440,solar,0.19270004600410948,0.0,0.19270004600410948,0.3155231052207675
1320,batt_tim440,1,440,battery,0.003368939051586502,0.0,0.003368939051586502,0.003070203363854663
1321,pltd_tim441,1,441,diesel,2.4358852339946276e-9,0.1109,-0.11089999756411477,1.1920567121124097e-9
1322,plts_tim441,1,441,solar,1.2405556711055327e-9,0.0,1.2405556711055327e-9,1.9350155137548543e-9
1323,batt_tim441,1,441,battery,0.0033335873781101476,0.0,0.0033335873781101476,0.0029902751955321128
1324,pltd_tim442,1,442,diesel,2.4358847622430903e-9,0.0699,-0.06989999756411525,1.1920561991730017e-9
1325,plts_tim442,1,442,solar,1.2404608039447035e-9,0.0,1.2404608039447035e-9,1.9348675612749135e-9
1326,batt_tim442,1,442,battery,0.0033332583115193585,0.0,0.0033332583115193585,0.0029925838608284207
1327,pltd_tim443,1,443,diesel,2.4358858467093062e-9,0.2252,-0.22519999756411416,1.1920569371370093e-9
1328,plts_tim443,1,443,solar,3.0595600943007663e-9,0.0,3.0595600943007663e-9,4.874022080818748e-9
1329,batt_tim443,1,443,battery,0.0033396835154624683,0.0,0.0033396835154624683,0.0030052629500800735
1330,pltd_tim444,1,444,diesel,2.435885106933729e-9,0.0977,-0.09769999756411489,1.1920565740202253e-9
1331,plts_tim444,1,444,solar,1.2370810805583183e-9,0.0,1.2370810805583183e-9,1.9295566381584263e-9
1332,batt_tim444,1,444,battery,0.0033441843291171854,0.0,0.0033441843291171854,0.00301235213120974
1333,pltd_tim445,1,445,diesel,2.43588609144653e-9,0.2991,-0.2990999975641139,1.1920571323905056e-9
1334,plts_tim445,1,445,solar,1.2405400975681622e-9,0.0,1.2405400975681622e-9,1.9349893773278988e-9
1335,batt_tim445,1,445,battery,0.003327827436787638,0.0,0.003327827436787638,0.0029809959400977793
1336,pltd_tim446,1,446,diesel,2.4358854174356936e-9,0.1349,-0.13489999756411458,1.1920568632482338e-9
1337,plts_tim446,1,446,solar,1.2393095071907714e-9,0.0,1.2393095071907714e-9,1.933062267594007e-9
1338,batt_tim446,1,446,battery,0.003333624031290394,0.0,0.003333624031290394,0.002992477929179312
1339,pltd_tim447,1,447,diesel,2.4358854231126945e-9,0.1359,-0.13589999756411458,1.1920568666786525e-9
1340,plts_tim447,1,447,solar,1.2371331490618957e-9,0.0,1.2371331490618957e-9,1.929638438905544e-9
1341,batt_tim447,1,447,battery,0.0033413734854272144,0.0,0.0033413734854272144,0.0030062511380384836
1342,pltd_tim448,1,448,diesel,2.435885196769539e-9,0.1097,-0.1096999975641148,1.192056645355571e-9
1343,plts_tim448,1,448,solar,3.060337548408521e-9,0.0,3.060337548408521e-9,4.875267694296026e-9
1344,batt_tim448,1,448,battery,0.0033546110672581166,0.0,0.0033546110672581166,0.003030636038074667
1345,pltd_tim449,1,449,diesel,2.4358854323554452e-9,0.1405,-0.14049999756411458,1.1920568270944392e-9
1346,plts_tim449,1,449,solar,3.0600148855751385e-9,0.0,3.0600148855751385e-9,4.874750722810232e-9
1347,batt_tim449,1,449,battery,0.0033474152849628735,0.0,0.0033474152849628735,0.0030169509267801435
1348,pltd_tim450,1,450,diesel,2.4358859990159226e-9,0.2659,-0.26589999756411403,1.1920570676241192e-9
1349,plts_tim450,1,450,solar,1.2378832244213198e-9,0.0,1.2378832244213198e-9,1.930827460260211e-9
1350,batt_tim450,1,450,battery,0.0033331799841274973,0.0,0.0033331799841274973,0.0029922325212867035
1351,pltd_tim451,1,451,diesel,2.4358866976410874e-9,0.7631,-0.7630999975641133,1.192058171470927e-9
1352,plts_tim451,1,451,solar,1.2372613518705014e-9,0.0,1.2372613518705014e-9,1.9298396563236174e-9
1353,batt_tim451,1,451,battery,0.0033407835298554034,0.0,0.0033407835298554034,0.0030016481740969725
1354,pltd_tim452,1,452,diesel,2.435885918201064e-9,0.2409,-0.2408999975641141,1.1920570313081765e-9
1355,plts_tim452,1,452,solar,1.2369958941996852e-9,0.0,1.2369958941996852e-9,1.929422148726287e-9
1356,batt_tim452,1,452,battery,0.003340752041534488,0.0,0.003340752041534488,0.0030073503195850834
1357,pltd_tim453,1,453,diesel,2.4358859199928862e-9,0.2409,-0.2408999975641141,1.1920570196186717e-9
1358,plts_tim453,1,453,solar,1.2405678171828662e-9,0.0,1.2405678171828662e-9,1.935033138662327e-9
1359,batt_tim453,1,453,battery,0.0033280491919024644,0.0,0.0033280491919024644,0.0029818293258468626
1360,pltd_tim454,1,454,diesel,2.4358860481947366e-9,0.2828,-0.28279999756411395,1.1920570968828152e-9
1361,plts_tim454,1,454,solar,1.2405472412517087e-9,0.0,1.2405472412517087e-9,1.9350006518387487e-9
1362,batt_tim454,1,454,battery,0.003327780527740159,0.0,0.003327780527740159,0.0029810896434329702
1363,pltd_tim455,1,455,diesel,2.4358856742938374e-9,0.1805,-0.1804999975641143,1.1920569537367346e-9
1364,plts_tim455,1,455,solar,1.2371425891550026e-9,0.0,1.2371425891550026e-9,1.92965313359364e-9
1365,batt_tim455,1,455,battery,0.003340372091461823,0.0,0.003340372091461823,0.003005688530381259
1366,pltd_tim456,1,456,diesel,2.4358858876728866e-9,0.2406,-0.24059999756411413,1.1920569742042404e-9
1367,plts_tim456,1,456,solar,0.2543491549463717,0.0,0.2543491549463717,0.41652235917945896
1368,batt_tim456,1,456,battery,0.0033372920733141477,0.0,0.0033372920733141477,0.0030004649006044872
1369,pltd_tim457,1,457,diesel,2.435885701368305e-9,0.1953,-0.1952999975641143,1.192056913974365e-9
1370,plts_tim457,1,457,solar,0.2497637199088551,0.0,0.2497637199088551,0.4089872896106299
1371,batt_tim457,1,457,battery,0.003370287167311463,0.0,0.003370287167311463,0.003082384566598127
1372,pltd_tim458,1,458,diesel,2.4358860954999823e-9,0.3105,-0.3104999975641139,1.1920571172810754e-9
1373,plts_tim458,1,458,solar,0.25724561358908377,0.0,0.25724561358908377,0.4212758121275371
1374,batt_tim458,1,458,battery,0.0033281630815200787,0.0,0.0033281630815200787,0.002981456519902176
1375,pltd_tim459,1,459,diesel,2.435885031166233e-9,0.0967,-0.09669999756411496,1.1920564238980205e-9
1376,plts_tim459,1,459,solar,0.20550979426937074,0.0,0.20550979426937074,0.3365038763315189
1377,batt_tim459,1,459,battery,0.003373058423990322,0.0,0.003373058423990322,0.0030867103646015828
1378,pltd_tim460,1,460,diesel,2.435885584758032e-9,0.1713,-0.17129999756411443,1.1920568986130495e-9
1379,plts_tim460,1,460,solar,0.24547293995353384,0.0,0.24547293995353384,0.4019610013613098
1380,batt_tim460,1,460,battery,0.0033710754557908793,0.0,0.0033710754557908793,0.0030836295381824023
1381,pltd_tim461,1,461,diesel,2.4358856394939693e-9,0.2659,-0.26589999756411437,1.1920478229597478e-9
1382,plts_tim461,1,461,solar,0.774099546458775,0.0,0.774099546458775,1.262378987249173
1383,batt_tim461,1,461,battery,0.0826517313313707,0.0,0.0826517313313707,0.07125972247844103
1384,pltd_tim462,1,462,diesel,2.4358845446599716e-9,0.2668,-0.26679999756411543,1.192016429992187e-9
1385,plts_tim462,1,462,solar,0.8421590633260402,0.0,0.8421590633260402,1.4083275448344499
1386,batt_tim462,1,462,battery,0.12647699795772332,0.0,0.12647699795772332,0.14058196425336944
1387,pltd_tim463,1,463,diesel,2.4358857591049154e-9,0.2092,-0.20919999756411423,1.1920569399212798e-9
1388,plts_tim463,1,463,solar,0.2508635431616901,0.0,0.2508635431616901,0.4107868929181789
1389,batt_tim463,1,463,battery,0.003371635824701146,0.0,0.003371635824701146,0.0030901407427180484
1390,pltd_tim464,1,464,diesel,2.4358860501686013e-9,0.293,-0.29299999756411393,1.1920570737053062e-9
1391,plts_tim464,1,464,solar,0.25676812035788277,0.0,0.25676812035788277,0.4204951764688767
1392,batt_tim464,1,464,battery,0.003327853260513655,0.0,0.003327853260513655,0.002981098671530942
1393,pltd_tim465,1,465,diesel,2.4358854866315215e-9,0.1528,-0.1527999975641145,1.1920568418688185e-9
1394,plts_tim465,1,465,solar,0.2405315382747256,0.0,0.2405315382747256,0.39389687986477967
1395,batt_tim465,1,465,battery,0.0033411492036068977,0.0,0.0033411492036068977,0.003006437021460156
1396,pltd_tim466,1,466,diesel,2.4358864028572734e-9,0.48,-0.4799999975641136,1.1920576073974756e-9
1397,plts_tim466,1,466,solar,0.258360343270348,0.0,0.258360343270348,0.4230871421550082
1398,batt_tim466,1,466,battery,0.0033322098076977043,0.0,0.0033322098076977043,0.0029882715344342185
1399,pltd_tim467,1,467,diesel,0.00452941713489881,0.0518,-0.04727058286510119,0.009111339467017686
1400,plts_tim467,1,467,solar,0.14974740698735503,0.0,0.14974740698735503,0.21725597552022594
1401,batt_tim467,1,467,battery,0.05001833917610601,0.0,0.05001833917610601,0.09851920703785075
1402,pltd_tim468,1,468,diesel,2.435885894724086e-9,0.2428,-0.2427999975641141,1.1920569825705662e-9
1403,plts_tim468,1,468,solar,0.25446228315232267,0.0,0.25446228315232267,0.4167010952823955
1404,batt_tim468,1,468,battery,0.0033442203613129515,0.0,0.0033442203613129515,0.0030122938184755643
1405,pltd_tim469,1,469,diesel,2.435885340122414e-9,0.1319,-0.13189999756411466,1.192056753603507e-9
1406,plts_tim469,1,469,solar,0.23181412896533016,0.0,0.23181412896533016,0.37959005012266517
1407,batt_tim469,1,469,battery,0.0033746889725616513,0.0,0.0033746889725616513,0.003092263864215915
1408,pltd_tim470,1,470,diesel,2.4358848790025884e-9,0.0835,-0.08349999756411512,1.1920562150074952e-9
1409,plts_tim470,1,470,solar,0.18891109538268647,0.0,0.18891109538268647,0.30931851265889154
1410,batt_tim470,1,470,battery,0.003367173224721657,0.0,0.003367173224721657,0.003059623106649642
1411,pltd_tim471,1,471,diesel,2.435885606872402e-9,0.1741,-0.1740999975641144,1.192056875235051e-9
1412,plts_tim471,1,471,solar,0.24614711228243177,0.0,0.24614711228243177,0.40310790443026806
1413,batt_tim471,1,471,battery,0.0033303389673510074,0.0,0.0033303389673510074,0.002985346621684206
1414,pltd_tim472,1,472,diesel,2.435884574913627e-9,0.0632,-0.06319999756411543,1.1920559024860628e-9
1415,plts_tim472,1,472,solar,0.1544817036098411,0.0,0.1544817036098411,0.2529603755814236
1416,batt_tim472,1,472,battery,0.0033325927028067448,0.0,0.0033325927028067448,0.0029915060073156703
1417,pltd_tim473,1,473,diesel,0.003666598773535825,0.0419,-0.038233401226464174,0.007375202276820644
1418,plts_tim473,1,473,solar,0.12122414423162962,0.0,0.12122414423162962,0.17587395578342732
1419,batt_tim473,1,473,battery,0.04049130261893542,0.0,0.04049130261893542,0.07975413716402831
1420,pltd_tim474,1,474,diesel,2.435884521745937e-9,0.0604,-0.06039999756411548,1.1920558560719119e-9
1421,plts_tim474,1,474,solar,0.1489727329269761,0.0,0.1489727329269761,0.24393524477650874
1422,batt_tim474,1,474,battery,0.003332636090360898,0.0,0.003332636090360898,0.002992649597477341
1423,pltd_tim475,1,475,diesel,2.4358851896923296e-9,0.1118,-0.11179999756411481,1.1920566160524166e-9
1424,plts_tim475,1,475,solar,0.21937559472120888,0.0,0.21937559472120888,0.359263046950978
1425,batt_tim475,1,475,battery,0.00333243519885955,0.0,0.00333243519885955,0.002987215778719873
1426,pltd_tim476,1,476,diesel,2.435884441794809e-9,0.0567,-0.05669999756411556,1.192055783436216e-9
1427,plts_tim476,1,476,solar,0.14148690379933565,0.0,0.14148690379933565,0.23163756142385264
1428,batt_tim476,1,476,battery,0.003355087853054917,0.0,0.003355087853054917,0.0030370005388076766
1429,pltd_tim477,1,477,diesel,2.4358853317948145e-9,0.1229,-0.12289999756411467,1.1920568055209359e-9
1430,plts_tim477,1,477,solar,1.2406205458965728e-9,0.0,1.2406205458965728e-9,1.9351171532816887e-9
1431,batt_tim477,1,477,battery,0.003333107664972262,0.0,0.003333107664972262,0.002989329561834774
1432,pltd_tim478,1,478,diesel,2.435885648014214e-9,0.1821,-0.18209999756411435,1.1920568788540267e-9
1433,plts_tim478,1,478,solar,0.24768661998099337,0.0,0.24768661998099337,0.40563168959417134
1434,batt_tim478,1,478,battery,0.0033284913043471714,0.0,0.0033284913043471714,0.0029812428487317097
1435,pltd_tim479,1,479,diesel,2.435885666197019e-9,0.1778,-0.17779999756411435,1.1920569457816121e-9
1436,plts_tim479,1,479,solar,1.37397970534165e-9,0.0,1.37397970534165e-9,2.1615444468875523e-9
1437,batt_tim479,1,479,battery,0.003331457234164739,0.0,0.003331457234164739,0.0029884055824902548
1438,pltd_tim480,1,480,diesel,2.435884922173894e-9,0.0813,-0.08129999756411507,1.1920563464479409e-9
1439,plts_tim480,1,480,solar,1.240491427742082e-9,0.0,1.240491427742082e-9,1.934915350259512e-9
1440,batt_tim480,1,480,battery,0.003333860926666031,0.0,0.003333860926666031,0.00299223554472885
1441,pltd_tim481,1,481,diesel,2.4358856339865255e-9,0.1719,-0.17189999756411437,1.1920569480117731e-9
1442,plts_tim481,1,481,solar,1.2405959974651183e-9,0.0,1.2405959974651183e-9,1.9350778868260333e-9
1443,batt_tim481,1,481,battery,0.00333026543016571,0.0,0.00333026543016571,0.0029852399892035804
1444,pltd_tim482,1,482,diesel,2.4358856019973262e-9,0.1648,-0.1647999975641144,1.192056945641501e-9
1445,plts_tim482,1,482,solar,1.3769952749547427e-9,0.0,1.3769952749547427e-9,2.166344012722125e-9
1446,batt_tim482,1,482,battery,0.003329757198378632,0.0,0.003329757198378632,0.0029827943412397344
1447,pltd_tim483,1,483,diesel,2.435886220578704e-9,0.3549,-0.3548999975641138,1.1920572748602254e-9
1448,plts_tim483,1,483,solar,1.3767651120100864e-9,0.0,1.3767651120100864e-9,2.1659760588146095e-9
1449,batt_tim483,1,483,battery,0.0033275695216300645,0.0,0.0033275695216300645,0.00297846482925062
1450,pltd_tim484,1,484,diesel,2.4358852458765717e-9,0.1183,-0.11829999756411476,1.192056673656723e-9
1451,plts_tim484,1,484,solar,0.22408440695787246,0.0,0.22408440695787246,0.3669759265183121
1452,batt_tim484,1,484,battery,0.003332094987362359,0.0,0.003332094987362359,0.002986589865562338
1453,pltd_tim485,1,485,diesel,2.435885452542649e-9,0.1392,-0.13919999756411452,1.1920568822635873e-9
1454,plts_tim485,1,485,solar,1.2415907153575526e-9,0.0,1.2415907153575526e-9,1.9366496817761753e-9
1455,batt_tim485,1,485,battery,0.0033308455845794953,0.0,0.0033308455845794953,0.002984565744834167
1456,pltd_tim486,1,486,diesel,2.435885262461587e-9,0.114,-0.11399999756411475,1.1920567410316765e-9
1457,plts_tim486,1,486,solar,1.2415158050280326e-9,0.0,1.2415158050280326e-9,1.936529665405009e-9
1458,batt_tim486,1,486,battery,0.00333215714818068,0.0,0.00333215714818068,0.0029866224934439315
1459,pltd_tim487,1,487,diesel,2.435885673493957e-9,0.1762,-0.17619999756411434,1.1920569099302614e-9
1460,plts_tim487,1,487,solar,1.2141655561287933e-9,0.0,1.2141655561287933e-9,1.851938808924189e-9
1461,batt_tim487,1,487,battery,0.0033289531406245523,0.0,0.0033289531406245523,0.0029816676164876833
1462,pltd_tim488,1,488,diesel,2.4358855107202055e-9,0.1494,-0.14939999756411448,1.1920569077396367e-9
1463,plts_tim488,1,488,solar,1.2405934017386195e-9,0.0,1.2405934017386195e-9,1.9350740846844487e-9
1464,batt_tim488,1,488,battery,0.0033314925381320317,0.0,0.0033314925381320317,0.0029869844150415604
1465,pltd_tim489,1,489,diesel,2.4358852684118783e-9,0.1124,-0.11239999756411473,1.1920567061651249e-9
1466,plts_tim489,1,489,solar,1.0810292594011795e-9,0.0,1.0810292594011795e-9,1.653377815909404e-9
1467,batt_tim489,1,489,battery,0.003332316897181272,0.0,0.003332316897181272,0.002986723340493326
1468,pltd_tim490,1,490,diesel,2.435884912210749e-9,0.0804,-0.08039999756411509,1.1920563335901104e-9
1469,plts_tim490,1,490,solar,1.2414458721854915e-9,0.0,1.2414458721854915e-9,1.9364197857433368e-9
1470,batt_tim490,1,490,battery,0.0033327677124761292,0.0,0.0033327677124761292,0.0029891527514683924
1471,pltd_tim491,1,491,diesel,2.435885556215781e-9,0.1571,-0.15709999756411444,1.1920569278166227e-9
1472,plts_tim491,1,491,solar,1.2415024716341647e-9,0.0,1.2415024716341647e-9,1.936506979247214e-9
1473,batt_tim491,1,491,battery,0.0033297083629178614,0.0,0.0033297083629178614,0.00298294859361378
1474,pltd_tim492,1,492,diesel,2.4358846084359964e-9,0.0607,-0.06069999756411539,1.1920560899927771e-9
1475,plts_tim492,1,492,solar,1.2414132164101702e-9,0.0,1.2414132164101702e-9,1.9363690672100474e-9
1476,batt_tim492,1,492,battery,0.003331494514315155,0.0,0.003331494514315155,0.0029897264385522425
1477,pltd_tim493,1,493,diesel,2.4358864178156014e-9,0.4772,-0.4771999975641136,1.1920576462170669e-9
1478,plts_tim493,1,493,solar,1.2403782649040614e-9,0.0,1.2403782649040614e-9,1.9347351043816365e-9
1479,batt_tim493,1,493,battery,0.0033298350690244708,0.0,0.0033298350690244708,0.0029827506147115422
1480,pltd_tim494,1,494,diesel,2.4358856182016943e-9,0.1688,-0.1687999975641144,1.192056949743105e-9
1481,plts_tim494,1,494,solar,1.2405963633962464e-9,0.0,1.2405963633962464e-9,1.935078493904045e-9
1482,batt_tim494,1,494,battery,0.0033304209831720583,0.0,0.0033304209831720583,0.002985462346069474
1483,pltd_tim495,1,495,diesel,2.435886101867995e-9,0.3035,-0.3034999975641139,1.1920571458787023e-9
1484,plts_tim495,1,495,solar,1.2378321880703345e-9,0.0,1.2378321880703345e-9,1.9307456433175065e-9
1485,batt_tim495,1,495,battery,0.0033333799481039005,0.0,0.0033333799481039005,0.0029922475363508816
1486,pltd_tim496,1,496,diesel,2.435885483241211e-9,0.1479,-0.1478999975641145,1.192056846647718e-9
1487,plts_tim496,1,496,solar,3.060467119637108e-9,0.0,3.060467119637108e-9,4.875476769525578e-9
1488,batt_tim496,1,496,battery,0.0033298413623303203,0.0,0.0033298413623303203,0.002983364484753897
1489,pltd_tim497,1,497,diesel,2.4358849655370765e-9,0.0847,-0.08469999756411503,1.1920564021935244e-9
1490,plts_tim497,1,497,solar,1.2413070220124292e-9,0.0,1.2413070220124292e-9,1.936198559293386e-9
1491,batt_tim497,1,497,battery,0.0033330251305841285,0.0,0.0033330251305841285,0.0029894982348046026
1492,pltd_tim498,1,498,diesel,2.435885340237493e-9,0.1245,-0.12449999756411466,1.1920568113068134e-9
1493,plts_tim498,1,498,solar,1.2360257324524058e-9,0.0,1.2360257324524058e-9,1.927876269457265e-9
1494,batt_tim498,1,498,battery,0.003349667027854713,0.0,0.003349667027854713,0.0030211247163854735
1495,pltd_tim499,1,499,diesel,2.4358846568945056e-9,0.0635,-0.06349999756411534,1.1920561257177265e-9
1496,plts_tim499,1,499,solar,1.2404449313740344e-9,0.0,1.2404449313740344e-9,1.934842803766708e-9
1497,batt_tim499,1,499,battery,0.0033326192394280926,0.0,0.0033326192394280926,0.002992592846900247
1498,pltd_tim500,1,500,diesel,2.4358854814936993e-9,0.1445,-0.1444999975641145,1.1920568948153708e-9
1499,plts_tim500,1,500,solar,1.2414695573903394e-9,0.0,1.2414695573903394e-9,1.9364547242345148e-9
1500,batt_tim500,1,500,battery,0.0033304716894234808,0.0,0.0033304716894234808,0.0029841013660982336
1501,pltd_tim501,1,501,diesel,2.4358852234701225e-9,0.1097,-0.10969999756411478,1.192056701398399e-9
1502,plts_tim501,1,501,solar,1.240553624344742e-9,0.0,1.240553624344742e-9,1.935012327360752e-9
1503,batt_tim501,1,501,battery,0.0033336369066285635,0.0,0.0033336369066285635,0.0029903782835967122
1504,pltd_tim502,1,502,diesel,2.435885269359456e-9,0.1152,-0.11519999756411473,1.192056747716194e-9
1505,plts_tim502,1,502,solar,1.2378317144823466e-9,0.0,1.2378317144823466e-9,1.9307442044250784e-9
1506,batt_tim502,1,502,battery,0.0033388195168303613,0.0,0.0033388195168303613,0.00300085991844583
1507,pltd_tim503,1,503,diesel,2.4358855418864933e-9,0.1547,-0.15469999756411446,1.1920569213404648e-9
1508,plts_tim503,1,503,solar,1.2406773965190361e-9,0.0,1.2406773965190361e-9,1.935205482932877e-9
1509,batt_tim503,1,503,battery,0.0033308039837978373,0.0,0.0033308039837978373,0.0029859244822876925
1510,pltd_tim504,1,504,diesel,2.4358854154965473e-9,0.1349,-0.13489999756411458,1.1920568630790169e-9
1511,plts_tim504,1,504,solar,1.2361833925976641e-9,0.0,1.2361833925976641e-9,1.9281349999145042e-9
1512,batt_tim504,1,504,battery,0.0033475578469798774,0.0,0.0033475578469798774,0.0030169319456428874
1513,pltd_tim505,1,505,diesel,2.4358854560417315e-9,0.1411,-0.14109999756411454,1.1920568847856533e-9
1514,plts_tim505,1,505,solar,1.2358323446210324e-9,0.0,1.2358323446210324e-9,1.9275558535064503e-9
1515,batt_tim505,1,505,battery,0.00335289946253204,0.0,0.00335289946253204,0.0030272501319618013
1516,pltd_tim506,1,506,diesel,2.4358854900886336e-9,0.146,-0.1459999975641145,1.192056898436984e-9
1517,plts_tim506,1,506,solar,1.240591789038338e-9,0.0,1.240591789038338e-9,1.9350716003911862e-9
1518,batt_tim506,1,506,battery,0.003331690644901214,0.0,0.003331690644901214,0.0029872653708276913
1519,pltd_tim507,1,507,diesel,2.4358856715093506e-9,0.1793,-0.17929999756411433,1.1920569466630975e-9
1520,plts_tim507,1,507,solar,1.241523417289545e-9,0.0,1.241523417289545e-9,1.936540240296606e-9
1521,batt_tim507,1,507,battery,0.0033285800159736792,0.0,0.0033285800159736792,0.0029812818671336016
1522,pltd_tim508,1,508,diesel,2.435884323746988e-9,0.0474,-0.04739999756411568,1.192055869881424e-9
1523,plts_tim508,1,508,solar,1.240426579588362e-9,0.0,1.240426579588362e-9,1.934814158971383e-9
1524,batt_tim508,1,508,battery,0.0033298439643384427,0.0,0.0033298439643384427,0.002991651102023374
1525,pltd_tim509,1,509,diesel,2.435884606360401e-9,0.0607,-0.06069999756411539,1.1920560890661793e-9
1526,plts_tim509,1,509,solar,1.2404391439101884e-9,0.0,1.2404391439101884e-9,1.934833766207017e-9
1527,batt_tim509,1,509,battery,0.0033322886181400262,0.0,0.0033322886181400262,0.002992538079957591
1528,pltd_tim510,1,510,diesel,2.435884396453653e-9,0.0505,-0.050499997564115606,1.1920559234722583e-9
1529,plts_tim510,1,510,solar,1.2404262092536572e-9,0.0,1.2404262092536572e-9,1.9348135856018864e-9
1530,batt_tim510,1,510,battery,0.0033305557293253577,0.0,0.0033305557293253577,0.002991980421967763
1531,pltd_tim511,1,511,diesel,2.4358853600149703e-9,0.1263,-0.12629999756411464,1.1920568283748393e-9
1532,plts_tim511,1,511,solar,1.2415424029825351e-9,0.0,1.2415424029825351e-9,1.9365718886620002e-9
1533,batt_tim511,1,511,battery,0.003331523172866867,0.0,0.003331523172866867,0.0029855558299685388
1534,pltd_tim512,1,512,diesel,2.4358847604298988e-9,0.0696,-0.06959999756411524,1.1920561982257341e-9
1535,plts_tim512,1,512,solar,1.2414444705530257e-9,0.0,1.2414444705530257e-9,1.936418432690949e-9
1536,batt_tim512,1,512,battery,0.0033323220628913765,0.0,0.0033323220628913765,0.002989646844339125
1537,pltd_tim513,1,513,diesel,2.4358850912078336e-9,0.0955,-0.09549999756411491,1.1920565584076536e-9
1538,plts_tim513,1,513,solar,1.2415213636820054e-9,0.0,1.2415213636820054e-9,1.936539910671599e-9
1539,batt_tim513,1,513,battery,0.003332871124025807,0.0,0.003332871124025807,0.0029882561262266783
1540,pltd_tim514,1,514,diesel,2.435885410770953e-9,0.1337,-0.1336999975641146,1.1920568596592704e-9
1541,plts_tim514,1,514,solar,1.2414610060823148e-9,0.0,1.2414610060823148e-9,1.9364413757952047e-9
1542,batt_tim514,1,514,battery,0.0033311238980936056,0.0,0.0033311238980936056,0.002985048632576594
1543,pltd_tim515,1,515,diesel,2.4358852554837253e-9,0.1134,-0.11339999756411474,1.1920567345405326e-9
1544,plts_tim515,1,515,solar,1.2405595658435684e-9,0.0,1.2405595658435684e-9,1.9350215754865525e-9
1545,batt_tim515,1,515,battery,0.0033334845260693507,0.0,0.0033334845260693507,0.002990070009209364
1546,pltd_tim516,1,516,diesel,2.4358854152712117e-9,0.1346,-0.1345999975641146,1.1920568620509505e-9
1547,plts_tim516,1,516,solar,1.238569006307042e-9,0.0,1.238569006307042e-9,1.9319128108125297e-9
1548,batt_tim516,1,516,battery,0.003336630174354165,0.0,0.003336630174354165,0.002996985371454255
1549,pltd_tim517,1,517,diesel,2.435885186198393e-9,0.1057,-0.10569999756411481,1.1920566618717537e-9
1550,plts_tim517,1,517,solar,1.2390320616429921e-9,0.0,1.2390320616429921e-9,1.932632019393899e-9
1551,batt_tim517,1,517,battery,0.0033371562800598143,0.0,0.0033371562800598143,0.0029980382278043745
1552,pltd_tim518,1,518,diesel,2.4358847242242555e-9,0.0675,-0.06749999756411527,1.192056174452695e-9
1553,plts_tim518,1,518,solar,1.2404544349778599e-9,0.0,1.2404544349778599e-9,1.934857626638548e-9
1554,batt_tim518,1,518,battery,0.0033330433550427543,0.0,0.0033330433550427543,0.002992608198245391
1555,pltd_tim519,1,519,diesel,2.43588450533414e-9,0.0555,-0.05549999756411549,1.1920560140271796e-9
1556,plts_tim519,1,519,solar,1.2404302777821638e-9,0.0,1.2404302777821638e-9,1.9348199407226493e-9
1557,batt_tim519,1,519,battery,0.0033315010114818916,0.0,0.0033315010114818916,0.002992336395782874
1558,pltd_tim520,1,520,diesel,2.4358855682978276e-9,0.1596,-0.15959999756411442,1.192056933551878e-9
1559,plts_tim520,1,520,solar,1.237884318978439e-9,0.0,1.237884318978439e-9,1.9308288394878534e-9
1560,batt_tim520,1,520,battery,0.003336418381155331,0.0,0.003336418381155331,0.0029971580880528473
1561,pltd_tim521,1,521,diesel,2.4358853662846486e-9,0.1282,-0.12819999756411465,1.1920568404793767e-9
1562,plts_tim521,1,521,solar,1.875937775034114e-9,0.0,1.875937775034114e-9,2.9788869775739645e-9
1563,batt_tim521,1,521,battery,0.0033695986724746425,0.0,0.0033695986724746425,0.0030675871285176406
1564,pltd_tim522,1,522,diesel,2.4358851997965236e-9,0.1084,-0.1083999975641148,1.1920566508482755e-9
1565,plts_tim522,1,522,solar,1.875332756709744e-9,0.0,1.875332756709744e-9,2.9779103128302444e-9
1566,batt_tim522,1,522,battery,0.0033754851494806767,0.0,0.0033754851494806767,0.0030960475148980836
1567,pltd_tim523,1,523,diesel,2.4358842716683615e-9,0.0453,-0.04529999756411573,1.1920558325265834e-9
1568,plts_tim523,1,523,solar,1.2404283468931033e-9,0.0,1.2404283468931033e-9,1.93481690473545e-9
1569,batt_tim523,1,523,battery,0.0033293000648735318,0.0,0.0033293000648735318,0.0029913646808304704
1570,pltd_tim524,1,524,diesel,2.4358851883722238e-9,0.1063,-0.10629999756411482,1.1920566588122957e-9
1571,plts_tim524,1,524,solar,1.875920105924958e-9,0.0,1.875920105924958e-9,2.9788568046760247e-9
1572,batt_tim524,1,524,battery,0.003367921070938091,0.0,0.003367921070938091,0.0030588547738299074
1573,pltd_tim525,1,525,diesel,2.4358850957334653e-9,0.098,-0.09799999756411491,1.1920565203555443e-9
1574,plts_tim525,1,525,solar,1.8751107757150873e-9,0.0,1.8751107757150873e-9,2.97754985373761e-9
1575,batt_tim525,1,525,battery,0.0033727004544380243,0.0,0.0033727004544380243,0.003096645110722667
1576,pltd_tim526,1,526,diesel,2.4358848967942028e-9,0.0813,-0.0812999975641151,1.1920563026037338e-9
1577,plts_tim526,1,526,solar,3.0600915320681727e-9,0.0,3.0600915320681727e-9,4.8748747796939415e-9
1578,batt_tim526,1,526,battery,0.003332906104128987,0.0,0.003332906104128987,0.0029902834627190773
1579,pltd_tim527,1,527,diesel,2.435884873591589e-9,0.0795,-0.07949999756411513,1.1920562731295037e-9
1580,plts_tim527,1,527,solar,3.0603529180041805e-9,0.0,3.0603529180041805e-9,4.87529374015845e-9
1581,batt_tim527,1,527,battery,0.003332416597898104,0.0,0.003332416597898104,0.002989036934694252
1582,pltd_tim528,1,528,diesel,2.435884839980486e-9,0.077,-0.07699999756411516,1.1920562332687327e-9
1583,plts_tim528,1,528,solar,3.0603502594160374e-9,0.0,3.0603502594160374e-9,4.8752894801244474e-9
1584,batt_tim528,1,528,battery,0.003332332720127952,0.0,0.003332332720127952,0.0029891447023148916
1585,pltd_tim529,1,529,diesel,2.4358859082735758e-9,0.2375,-0.23749999756411408,1.1920570134596288e-9
1586,plts_tim529,1,529,solar,1.2405695365095332e-9,0.0,1.2405695365095332e-9,1.9350358552539645e-9
1587,batt_tim529,1,529,battery,0.0033281010983143983,0.0,0.0033281010983143983,0.002981926967099299
1588,pltd_tim530,1,530,diesel,2.4358854571721143e-9,0.1476,-0.14759999756411454,1.192056823825018e-9
1589,plts_tim530,1,530,solar,0.2387573456322576,0.0,0.2387573456322576,0.3910084055826923
1590,batt_tim530,1,530,battery,0.0033303637640919505,0.0,0.0033303637640919505,0.002984012883175371
1591,pltd_tim531,1,531,diesel,2.4358856697861547e-9,0.1827,-0.18269999756411434,1.1920568804782869e-9
1592,plts_tim531,1,531,solar,3.0604431969449354e-9,0.0,3.0604431969449354e-9,4.8754384209641215e-9
1593,batt_tim531,1,531,battery,0.003328104995848965,0.0,0.003328104995848965,0.0029809459248854218
1594,pltd_tim532,1,532,diesel,2.4358858360409387e-9,0.2221,-0.22209999756411417,1.1920569267970006e-9
1595,plts_tim532,1,532,solar,3.059890898932501e-9,0.0,3.059890898932501e-9,4.874552879073663e-9
1596,batt_tim532,1,532,battery,0.003328644299640537,0.0,0.003328644299640537,0.002985260449859354
1597,pltd_tim533,1,533,diesel,2.435884511542387e-9,0.0558,-0.05579999756411549,1.1920560198414816e-9
1598,plts_tim533,1,533,solar,1.2404306693893297e-9,0.0,1.2404306693893297e-9,1.934820554143932e-9
1599,batt_tim533,1,533,battery,0.0033315483133607117,0.0,0.0033315483133607117,0.002992351765158249
1600,pltd_tim534,1,534,diesel,2.435884910657889e-9,0.0804,-0.08039999756411509,1.1920563323658597e-9
1601,plts_tim534,1,534,solar,1.2404889532737106e-9,0.0,1.2404889532737106e-9,1.9349114924209353e-9
1602,batt_tim534,1,534,battery,0.0033338286422993826,0.0,0.0033338286422993826,0.0029922795145867136
1603,pltd_tim535,1,535,diesel,2.4358852662271984e-9,0.1121,-0.11209999756411473,1.192056703709832e-9
1604,plts_tim535,1,535,solar,1.0810332089466611e-9,0.0,1.0810332089466611e-9,1.6533842885866226e-9
1605,batt_tim535,1,535,battery,0.003332340841217111,0.0,0.003332340841217111,0.0029867652662787345
1606,pltd_tim536,1,536,diesel,2.4358849634818388e-9,0.0844,-0.08439999756411504,1.1920563977186152e-9
1607,plts_tim536,1,536,solar,1.241472184231722e-9,0.0,1.241472184231722e-9,1.9364615997898447e-9
1608,batt_tim536,1,536,battery,0.003332854648593631,0.0,0.003332854648593631,0.002988923311124141
1609,pltd_tim537,1,537,diesel,2.4358851306971573e-9,0.0998,-0.09979999756411487,1.1920566050760497e-9
1610,plts_tim537,1,537,solar,1.2405352103482144e-9,0.0,1.2405352103482144e-9,1.9349836353037436e-9
1611,batt_tim537,1,537,battery,0.003333932560976328,0.0,0.003333932560976328,0.002991135577263765
1612,pltd_tim538,1,538,diesel,2.435884687028152e-9,0.065,-0.06499999756411531,1.1920561467540204e-9
1613,plts_tim538,1,538,solar,1.241452828233641e-9,0.0,1.241452828233641e-9,1.93643233083519e-9
1614,batt_tim538,1,538,battery,0.0033320017527769742,0.0,0.0033320017527769742,0.002989814049585226
1615,pltd_tim539,1,539,diesel,2.435884955262122e-9,0.0875,-0.08749999756411504,1.1920562389135e-9
1616,plts_tim539,1,539,solar,1.8751298855201367e-9,0.0,1.8751298855201367e-9,2.9775625523191243e-9
1617,batt_tim539,1,539,battery,0.0033820934589742094,0.0,0.0033820934589742094,0.0030969312023818992
1618,pltd_tim540,1,540,diesel,2.435884705522734e-9,0.1235,-0.1234999975641153,1.192041196220608e-9
1619,plts_tim540,1,540,solar,0.36272100552864206,0.0,0.36272100552864206,0.5997012780741587
1620,batt_tim540,1,540,battery,0.031699976328359795,0.0,0.031699976328359795,0.03024426083722926
1621,pltd_tim541,1,541,diesel,2.435885647953734e-9,0.1747,-0.17469999756411433,1.1920569468158054e-9
1622,plts_tim541,1,541,solar,1.2405955291402907e-9,0.0,1.2405955291402907e-9,1.9350771228134082e-9
1623,batt_tim541,1,541,battery,0.0033301288907832396,0.0,0.0033301288907832396,0.0029850436871776366
1624,pltd_tim542,1,542,diesel,2.4358850114851423e-9,0.1707,-0.17069999756411497,1.1920414427176136e-9
1625,plts_tim542,1,542,solar,0.501001732973605,0.0,0.501001732973605,0.8283581112635822
1626,batt_tim542,1,542,battery,0.043829421829375256,0.0,0.043829421829375256,0.0416545303678578
1627,pltd_tim543,1,543,diesel,2.43588483552839e-9,0.1392,-0.13919999756411516,1.1920413724088062e-9
1628,plts_tim543,1,543,solar,0.4088308132396999,0.0,0.4088308132396999,0.6759492430630454
1629,batt_tim543,1,543,battery,0.03577193595707976,0.0,0.03577193595707976,0.03406299442682876
1630,pltd_tim544,1,544,diesel,2.4358848919820026e-9,0.1503,-0.1502999975641151,1.192041343740019e-9
1631,plts_tim544,1,544,solar,0.4413546249105687,0.0,0.4413546249105687,0.7297280704723986
1632,batt_tim544,1,544,battery,0.03861824468505535,0.0,0.03861824468505535,0.03676637789733031
1633,pltd_tim545,1,545,diesel,2.43588536759771e-9,0.1322,-0.13219999756411466,1.192056730185022e-9
1634,plts_tim545,1,545,solar,1.8749540051669263e-9,0.0,1.8749540051669263e-9,2.9772827328487425e-9
1635,batt_tim545,1,545,battery,0.0033782688243164456,0.0,0.0033782688243164456,0.003092431532838539
1636,pltd_tim546,1,546,diesel,2.4358844799663273e-9,0.1007,-0.10069999756411552,1.192040762810664e-9
1637,plts_tim546,1,546,solar,0.29579438032052785,0.0,0.29579438032052785,0.48903122382854625
1638,batt_tim546,1,546,battery,0.025880309092709036,0.0,0.025880309092709036,0.02474016956225191
1639,pltd_tim547,1,547,diesel,2.4358850127434262e-9,0.1713,-0.171299997564115,1.192041363507297e-9
1640,plts_tim547,1,547,solar,0.5029078254285596,0.0,0.5029078254285596,0.8315118855165318
1641,batt_tim547,1,547,battery,0.04400315854662936,0.0,0.04400315854662936,0.041742793177820606
1642,pltd_tim548,1,548,diesel,2.435885177209366e-9,0.1041,-0.10409999756411482,1.19205664715339e-9
1643,plts_tim548,1,548,solar,1.3752336932327932e-9,0.0,1.3752336932327932e-9,2.163539111860666e-9
1644,batt_tim548,1,548,battery,0.0033340205936578525,0.0,0.0033340205936578525,0.00299137894577127
1645,pltd_tim549,1,549,diesel,2.435886026581369e-9,0.2742,-0.27419999756411395,1.1920570770072094e-9
1646,plts_tim549,1,549,solar,1.375453226506928e-9,0.0,1.375453226506928e-9,2.163887188832727e-9
1647,batt_tim549,1,549,battery,0.0033285760895696024,0.0,0.0033285760895696024,0.0029821359045134163
1648,pltd_tim550,1,550,diesel,2.4358854051822925e-9,0.1325,-0.1324999975641146,1.192056854772487e-9
1649,plts_tim550,1,550,solar,1.3737004605148127e-9,0.0,1.3737004605148127e-9,2.1611003201176235e-9
1650,batt_tim550,1,550,battery,0.0033353185111604966,0.0,0.0033353185111604966,0.002994704393357021
1651,pltd_tim551,1,551,diesel,2.435884960785445e-9,0.0841,-0.08409999756411503,1.1920563820590074e-9
1652,plts_tim551,1,551,solar,1.3703939063759667e-9,0.0,1.3703939063759667e-9,2.1558317458093733e-9
1653,batt_tim551,1,551,battery,0.0033414825536047417,0.0,0.0033414825536047417,0.003007457113513935
1654,pltd_tim552,1,552,diesel,2.4358854410454557e-9,0.1383,-0.13829999756411457,1.1920568757871204e-9
1655,plts_tim552,1,552,solar,1.2405867648360538e-9,0.0,1.2405867648360538e-9,1.935063829741257e-9
1656,batt_tim552,1,552,battery,0.0033321526940084446,0.0,0.0033321526940084446,0.0029879224244824688
1657,pltd_tim553,1,553,diesel,2.4358851513873234e-9,0.1014,-0.10139999756411486,1.192056621160158e-9
1658,plts_tim553,1,553,solar,1.3757083743420497e-9,0.0,1.3757083743420497e-9,2.1642941316991814e-9
1659,batt_tim553,1,553,battery,0.0033345124805631426,0.0,0.0033345124805631426,0.0029916766378142476
1660,pltd_tim554,1,554,diesel,2.4358857650612114e-9,0.1999,-0.19989999756411422,1.1920569558022656e-9
1661,plts_tim554,1,554,solar,1.3713380214727146e-9,0.0,1.3713380214727146e-9,2.157339948752826e-9
1662,batt_tim554,1,554,battery,0.0033355657451167925,0.0,0.0033355657451167925,0.00299600535574677
1663,pltd_tim555,1,555,diesel,2.435884518062309e-9,0.0558,-0.05579999756411549,1.1920560203627904e-9
1664,plts_tim555,1,555,solar,1.3756416421563886e-9,0.0,1.3756416421563886e-9,2.164188413081656e-9
1665,batt_tim555,1,555,battery,0.003332037774978958,0.0,0.003332037774978958,0.002992843362742558
1666,pltd_tim556,1,556,diesel,2.4358855520529847e-9,0.1571,-0.15709999756411444,1.1920569305841588e-9
1667,plts_tim556,1,556,solar,1.2360334902556521e-9,0.0,1.2360334902556521e-9,1.9278893095826626e-9
1668,batt_tim556,1,556,battery,0.0033482434871106564,0.0,0.0033482434871106564,0.0030189718664818156
1669,pltd_tim557,1,557,diesel,2.435885520749649e-9,0.1482,-0.14819999756411448,1.192056915536847e-9
1670,plts_tim557,1,557,solar,8.431041687682279e-10,0.0,8.431041687682279e-10,1.2878857380334675e-9
1671,batt_tim557,1,557,battery,0.003352449454853553,0.0,0.003352449454853553,0.0030265089733392393
1672,pltd_tim558,1,558,diesel,2.4358856561268567e-9,0.1756,-0.17559999756411435,1.1920569443081627e-9
1673,plts_tim558,1,558,solar,1.3758988862666543e-9,0.0,1.3758988862666543e-9,2.1645967373027267e-9
1674,batt_tim558,1,558,battery,0.0033299469700809876,0.0,0.0033299469700809876,0.0029842894659441455
1675,pltd_tim559,1,559,diesel,2.4358851213682425e-9,0.0995,-0.09949999756411489,1.1920565891608772e-9
1676,plts_tim559,1,559,solar,1.2352501112843961e-9,0.0,1.2352501112843961e-9,1.926598456452775e-9
1677,batt_tim559,1,559,battery,0.0033721682951467795,0.0,0.0033721682951467795,0.003074989999587466
1678,pltd_tim560,1,560,diesel,2.435885570347362e-9,0.159,-0.15899999756411443,1.1920569318775787e-9
1679,plts_tim560,1,560,solar,1.3768849857818012e-9,0.0,1.3768849857818012e-9,2.1661678396052298e-9
1680,batt_tim560,1,560,battery,0.003330158588094586,0.0,0.003330158588094586,0.0029835231957984565
1681,pltd_tim561,1,561,diesel,2.4358853156064746e-9,0.1208,-0.12079999756411469,1.1920567915508024e-9
1682,plts_tim561,1,561,solar,1.2405697513670838e-9,0.0,1.2405697513670838e-9,1.9350374206971938e-9
1683,batt_tim561,1,561,battery,0.003333135996190972,0.0,0.003333135996190972,0.0029894449464625793
1684,pltd_tim562,1,562,diesel,2.4358849149790026e-9,0.0786,-0.07859999756411509,1.1920563520391462e-9
1685,plts_tim562,1,562,solar,8.216304157457154e-10,0.0,8.216304157457154e-10,1.2585929567125303e-9
1686,batt_tim562,1,562,battery,0.003334056382212864,0.0,0.003334056382212864,0.0029925313975449745
1687,pltd_tim563,1,563,diesel,2.4358854618066634e-9,0.1408,-0.14079999756411454,1.192056883637999e-9
1688,plts_tim563,1,563,solar,1.3762764916817703e-9,0.0,1.3762764916817703e-9,2.165197864116072e-9
1689,batt_tim563,1,563,battery,0.003331684795583958,0.0,0.003331684795583958,0.0029863434735633524
1690,pltd_tim564,1,564,diesel,2.435884776976929e-9,0.0705,-0.07049999756411522,1.1920562060099638e-9
1691,plts_tim564,1,564,solar,1.375001787291171e-9,0.0,1.375001787291171e-9,2.1631703707956666e-9
1692,batt_tim564,1,564,battery,0.003333865730835967,0.0,0.003333865730835967,0.0029934058586810726
1693,pltd_tim565,1,565,diesel,2.435884744922685e-9,0.069,-0.06899999756411526,1.1920561859528663e-9
1694,plts_tim565,1,565,solar,1.2369679623167771e-9,0.0,1.2369679623167771e-9,1.9293787426889268e-9
1695,batt_tim565,1,565,battery,0.0033439003228466226,0.0,0.0033439003228466226,0.003015241268804765
1696,pltd_tim566,1,566,diesel,2.435885766578588e-9,0.2015,-0.20149999756411424,1.1920569793894012e-9
1697,plts_tim566,1,566,solar,1.875978891630525e-9,0.0,1.875978891630525e-9,2.978952118363313e-9
1698,batt_tim566,1,566,battery,0.0033611906832874496,0.0,0.0033611906832874496,0.003044259201534926
1699,pltd_tim567,1,567,diesel,0.005527794716622031,0.0567,-0.05117220528337797,0.011784936441447383
1700,plts_tim567,1,567,solar,0.16453191741336998,0.0,0.16453191741336998,0.23595477191351638
1701,batt_tim567,1,567,battery,0.054681299043369644,0.0,0.054681299043369644,0.1068789375176964
1702,pltd_tim568,1,568,diesel,2.435884946094666e-9,0.085,-0.08499999756411505,1.192056313031891e-9
1703,plts_tim568,1,568,solar,1.875027332478029e-9,0.0,1.875027332478029e-9,2.977411613826928e-9
1704,batt_tim568,1,568,battery,0.0033722273293210693,0.0,0.0033722273293210693,0.00309784366928765
1705,pltd_tim569,1,569,diesel,2.435885958480989e-9,0.2557,-0.25569999756411405,1.1920570829504142e-9
1706,plts_tim569,1,569,solar,1.8750918352781444e-9,0.0,1.8750918352781444e-9,2.9775193713916244e-9
1707,batt_tim569,1,569,battery,0.00336880334295653,0.0,0.00336880334295653,0.003089310588079683
1708,pltd_tim570,1,570,diesel,2.435884902193783e-9,0.081,-0.0809999975641151,1.1920562829289362e-9
1709,plts_tim570,1,570,solar,1.875168071301427e-9,0.0,1.875168071301427e-9,2.977643569713432e-9
1710,batt_tim570,1,570,battery,0.0033729761328018886,0.0,0.0033729761328018886,0.0030974459129896976
1711,pltd_tim571,1,571,diesel,2.4358848508938737e-9,0.0767,-0.07669999756411515,1.1920562544773123e-9
1712,plts_tim571,1,571,solar,1.2347805100842783e-9,0.0,1.2347805100842783e-9,1.9258457162755145e-9
1713,batt_tim571,1,571,battery,0.003372664521190243,0.0,0.003372664521190243,0.003088296152741292
1714,pltd_tim572,1,572,diesel,2.4358858346583567e-9,0.2144,-0.21439999756411418,1.1920570309757897e-9
1715,plts_tim572,1,572,solar,8.423014191806511e-10,0.0,8.423014191806511e-10,1.286552383536518e-9
1716,batt_tim572,1,572,battery,0.00336599079154736,0.0,0.00336599079154736,0.0030569826298744683
1717,pltd_tim573,1,573,diesel,2.4358843460656815e-9,0.0487,-0.04869999756411565,1.192055884247561e-9
1718,plts_tim573,1,573,solar,1.2350199271425915e-9,0.0,1.2350199271425915e-9,1.926242473242941e-9
1719,batt_tim573,1,573,battery,0.003364060344485674,0.0,0.003364060344485674,0.0030731810056753247
1720,pltd_tim574,1,574,diesel,2.4358847472351264e-9,0.0699,-0.06989999756411526,1.1920561708743963e-9
1721,plts_tim574,1,574,solar,1.2344973779881422e-9,0.0,1.2344973779881422e-9,1.925378364281465e-9
1722,batt_tim574,1,574,battery,0.0033740602946770587,0.0,0.0033740602946770587,0.0030978713986828106
1723,pltd_tim575,1,575,diesel,0.004340932000257756,0.037,-0.03265906799974224,0.008996607326093076
1724,plts_tim575,1,575,solar,0.10615486854533833,0.0,0.10615486854533833,0.15240158383183686
1725,batt_tim575,1,575,battery,0.036769108739825224,0.0,0.036769108739825224,0.06875726708416594
1726,pltd_tim576,1,576,diesel,2.4358857585525217e-9,0.2006,-0.20059999756411423,1.1920569832469959e-9
1727,plts_tim576,1,576,solar,1.2347360991326385e-9,0.0,1.2347360991326385e-9,1.9257753220776777e-9
1728,batt_tim576,1,576,battery,0.0033705222836260666,0.0,0.0033705222836260666,0.003082960543135214
1729,pltd_tim577,1,577,diesel,2.4358851791160223e-9,0.1084,-0.10839999756411482,1.192056561418193e-9
1730,plts_tim577,1,577,solar,1.2346580264672465e-9,0.0,1.2346580264672465e-9,1.925504151833383e-9
1731,batt_tim577,1,577,battery,0.003399335087895449,0.0,0.003399335087895449,0.003130037027875958
1732,pltd_tim578,1,578,diesel,2.4358853728078396e-9,0.1291,-0.1290999975641146,1.192056839466667e-9
1733,plts_tim578,1,578,solar,1.235354603419346e-9,0.0,1.235354603419346e-9,1.9267595590148037e-9
1734,batt_tim578,1,578,battery,0.0033669519238387563,0.0,0.0033669519238387563,0.003056878872091717
1735,pltd_tim579,1,579,diesel,2.4358853687908727e-9,0.1325,-0.13249999756411462,1.192056712890113e-9
1736,plts_tim579,1,579,solar,1.8751786399930503e-9,0.0,1.8751786399930503e-9,2.977640361102528e-9
1737,batt_tim579,1,579,battery,0.0033818803644411278,0.0,0.0033818803644411278,0.0030928869942359032
1738,pltd_tim580,1,580,diesel,2.435885294952368e-9,0.1189,-0.1188999975641147,1.1920567714442997e-9
1739,plts_tim580,1,580,solar,1.875876954747963e-9,0.0,1.875876954747963e-9,2.9787895042954774e-9
1740,batt_tim580,1,580,battery,0.003361065863630972,0.0,0.003361065863630972,0.003060306038272413
1741,pltd_tim581,1,581,diesel,2.435885281290849e-9,0.1165,-0.11649999756411472,1.1920567611284263e-9
1742,plts_tim581,1,581,solar,1.240564070852201e-9,0.0,1.240564070852201e-9,1.9350285864466627e-9
1743,batt_tim581,1,581,battery,0.003333347161835352,0.0,0.003333347161835352,0.002989814607606046
1744,pltd_tim582,1,582,diesel,0.005437620135374898,0.0558,-0.050362379864625106,0.011592820485337921
1745,plts_tim582,1,582,solar,0.16184966297905154,0.0,0.16184966297905154,0.23210774147077504
1746,batt_tim582,1,582,battery,0.05378970872509699,0.0,0.05378970872509699,0.1051363363072977
1747,pltd_tim583,1,583,diesel,2.4358852081203544e-9,0.1084,-0.1083999975641148,1.1920566770343954e-9
1748,plts_tim583,1,583,solar,1.875971657272206e-9,0.0,1.875971657272206e-9,2.978940284791242e-9
1749,batt_tim583,1,583,battery,0.0033645019321778026,0.0,0.0033645019321778026,0.003049565494697304
1750,pltd_tim584,1,584,diesel,2.435885698137336e-9,0.1852,-0.18519999756411432,1.1920569468771647e-9
1751,plts_tim584,1,584,solar,1.2405929343150416e-9,0.0,1.2405929343150416e-9,1.935072949466439e-9
1752,batt_tim584,1,584,battery,0.003329647903625865,0.0,0.003329647903625865,0.0029843492856597943
1753,pltd_tim585,1,585,diesel,2.435885912979426e-9,0.2397,-0.2396999975641141,1.1920570479524844e-9
1754,plts_tim585,1,585,solar,1.875963313085939e-9,0.0,1.875963313085939e-9,2.978926986479478e-9
1755,batt_tim585,1,585,battery,0.003362385305520194,0.0,0.003362385305520194,0.003047703959034792
1756,pltd_tim586,1,586,diesel,2.4358858147953084e-9,0.2135,-0.21349999756411417,1.1920570192523878e-9
1757,plts_tim586,1,586,solar,1.875937285944492e-9,0.0,1.875937285944492e-9,2.978885112380922e-9
1758,batt_tim586,1,586,battery,0.003368919144308195,0.0,0.003368919144308195,0.0030629653856974665
1759,pltd_tim587,1,587,diesel,2.4358856662614686e-9,0.1808,-0.18079999756411433,1.19205696274713e-9
1760,plts_tim587,1,587,solar,1.875141412138811e-9,0.0,1.875141412138811e-9,2.9776007946063977e-9
1761,batt_tim587,1,587,battery,0.003370477801966797,0.0,0.003370477801966797,0.0030910807496442867
1762,pltd_tim588,1,588,diesel,2.435885445470638e-9,0.1328,-0.13279999756411456,1.1920568866006586e-9
1763,plts_tim588,1,588,solar,8.334948183717716e-10,0.0,8.334948183717716e-10,1.277671831753257e-9
1764,batt_tim588,1,588,battery,0.003331915015379515,0.0,0.003331915015379515,0.0029855754285115464
1765,pltd_tim589,1,589,diesel,2.4358852252079645e-9,0.1066,-0.10659999756411477,1.192056671944938e-9
1766,plts_tim589,1,589,solar,6.909564137198153e-10,0.0,6.909564137198153e-10,1.038963469776511e-9
1767,batt_tim589,1,589,battery,0.003333581687689253,0.0,0.003333581687689253,0.0029882280804456214
1768,pltd_tim590,1,590,diesel,2.435885661090043e-9,0.1728,-0.17279999756411435,1.192056904755599e-9
1769,plts_tim590,1,590,solar,6.909757871968436e-10,0.0,6.909757871968436e-10,1.0389940621124638e-9
1770,batt_tim590,1,590,battery,0.0033299514844553546,0.0,0.0033299514844553546,0.00298258319163389
1771,pltd_tim591,1,591,diesel,2.4358853107460143e-9,0.1152,-0.11519999756411468,1.1920567766191088e-9
1772,plts_tim591,1,591,solar,8.280088006813788e-10,0.0,8.280088006813788e-10,1.269034706676433e-9
1773,batt_tim591,1,591,battery,0.003348857785031922,0.0,0.003348857785031922,0.003018942719553425
1774,pltd_tim592,1,592,diesel,2.4358853202891366e-9,0.1214,-0.12139999756411467,1.1920567956547941e-9
1775,plts_tim592,1,592,solar,1.2405704884713958e-9,0.0,1.2405704884713958e-9,1.9350385681390202e-9
1776,batt_tim592,1,592,battery,0.003333105156212452,0.0,0.003333105156212452,0.0029893942386180344
1777,pltd_tim593,1,593,diesel,2.4358849986976538e-9,0.0832,-0.083199997564115,1.1920564311374694e-9
1778,plts_tim593,1,593,solar,8.333330359214176e-10,0.0,8.333330359214176e-10,1.2774180276060262e-9
1779,batt_tim593,1,593,battery,0.003333642037843468,0.0,0.003333642037843468,0.002989833604222894
1780,pltd_tim594,1,594,diesel,2.4358863381331127e-9,0.4091,-0.4090999975641137,1.1920574263553484e-9
1781,plts_tim594,1,594,solar,8.33432858197707e-10,0.0,8.33432858197707e-10,1.277572015783277e-9
1782,batt_tim594,1,594,battery,0.0033286133535895325,0.0,0.0033286133535895325,0.0029789296146347883
1783,pltd_tim595,1,595,diesel,2.4358850258310928e-9,0.0853,-0.08529999756411498,1.1920564636179015e-9
1784,plts_tim595,1,595,solar,8.334444229271604e-10,0.0,8.334444229271604e-10,1.277593872516809e-9
1785,batt_tim595,1,595,battery,0.0033336675871714276,0.0,0.0033336675871714276,0.002989597712337592
1786,pltd_tim596,1,596,diesel,2.4358852601809548e-9,0.1106,-0.11059999756411475,1.1920567051711908e-9
1787,plts_tim596,1,596,solar,6.909515733412147e-10,0.0,6.909515733412147e-10,1.0389565089573379e-9
1788,batt_tim596,1,596,battery,0.0033333958397800093,0.0,0.0033333958397800093,0.0029878560610319123
1789,pltd_tim597,1,597,diesel,2.4358847713693988e-9,0.0669,-0.06689999756411523,1.1920562388523075e-9
1790,plts_tim597,1,597,solar,8.333057106777285e-10,0.0,8.333057106777285e-10,1.2773757084648505e-9
1791,batt_tim597,1,597,battery,0.0033329049383352856,0.0,0.0033329049383352856,0.002990535169328663
1792,pltd_tim598,1,598,diesel,2.4358847729540717e-9,0.0678,-0.06779999756411523,1.1920562277963804e-9
1793,plts_tim598,1,598,solar,8.270703657670032e-10,0.0,8.270703657670032e-10,1.2674760456376927e-9
1794,batt_tim598,1,598,battery,0.0033736779369113803,0.0,0.0033736779369113803,0.003091921140174471
1795,pltd_tim599,1,599,diesel,2.4358848657118904e-9,0.0733,-0.07329999756411514,1.1920563009957147e-9
1796,plts_tim599,1,599,solar,8.292862652817265e-10,0.0,8.292862652817265e-10,1.2710710302198938e-9
1797,batt_tim599,1,599,battery,0.00333988239006164,0.0,0.00333988239006164,0.003005113895820228
1798,pltd_tim600,1,600,diesel,2.4358842552370142e-9,0.0422,-0.04219999756411574,1.1920558582014977e-9
1799,plts_tim600,1,600,solar,8.277651160435353e-10,0.0,8.277651160435353e-10,1.2686331747209132e-9
1800,batt_tim600,1,600,battery,0.003346629528529147,0.0,0.003346629528529147,0.0030257257209264903
1801,pltd_tim601,1,601,diesel,2.435885196468378e-9,0.1017,-0.1016999975641148,1.1920566679548546e-9
1802,plts_tim601,1,601,solar,8.333814788602107e-10,0.0,8.333814788602107e-10,1.2774936528128629e-9
1803,batt_tim601,1,601,battery,0.003333466854457938,0.0,0.003333466854457938,0.0029884563583609603
1804,pltd_tim602,1,602,diesel,2.4358849762557532e-9,0.0813,-0.08129999756411502,1.1920564023353854e-9
1805,plts_tim602,1,602,solar,8.334100510672751e-10,0.0,8.334100510672751e-10,1.2775397354992003e-9
1806,batt_tim602,1,602,battery,0.0033335815450427596,0.0,0.0033335815450427596,0.002989811722710128
1807,pltd_tim603,1,603,diesel,2.4358849248461274e-9,0.0776,-0.07759999756411508,1.1920563467550143e-9
1808,plts_tim603,1,603,solar,8.291581970895273e-10,0.0,8.291581970895273e-10,1.27087094249103e-9
1809,batt_tim603,1,603,battery,0.003340563829785534,0.0,0.003340563829785534,0.003005800654856431
1810,pltd_tim604,1,604,diesel,0.004452060329177644,0.0385,-0.034047939670822355,0.008783729874293461
1811,plts_tim604,1,604,solar,0.11248044452722801,0.0,0.11248044452722801,0.15947779300228812
1812,batt_tim604,1,604,battery,0.03830681274941602,0.0,0.03830681274941602,0.07238595482286331
1813,pltd_tim605,1,605,diesel,2.435885610930105e-9,0.1605,-0.1604999975641144,1.192056951597682e-9
1814,plts_tim605,1,605,solar,8.334674511938777e-10,0.0,8.334674511938777e-10,1.2776278054545576e-9
1815,batt_tim605,1,605,battery,0.0033303158599704394,0.0,0.0033303158599704394,0.0029832889004563702
1816,pltd_tim606,1,606,diesel,2.4358850571326775e-9,0.0881,-0.08809999756411493,1.1920565046891041e-9
1817,plts_tim606,1,606,solar,8.334272894179285e-10,0.0,8.334272894179285e-10,1.277566669190709e-9
1818,batt_tim606,1,606,battery,0.0033336524023743247,0.0,0.0033336524023743247,0.002989367427926567
1819,pltd_tim607,1,607,diesel,2.4358855277749144e-9,0.1488,-0.14879999756411447,1.1920569256408544e-9
1820,plts_tim607,1,607,solar,8.467958794411169e-10,0.0,8.467958794411169e-10,1.3007369888956777e-9
1821,batt_tim607,1,607,battery,0.003331240622227711,0.0,0.003331240622227711,0.0029843219184820125
1822,pltd_tim608,1,608,diesel,0.005199976248108461,0.045,-0.03980002375189154,0.010259098086613313
1823,plts_tim608,1,608,solar,0.131377201906323,0.0,0.131377201906323,0.1862701398340632
1824,batt_tim608,1,608,battery,0.044742451634222795,0.0,0.044742451634222795,0.08454687982737083
1825,pltd_tim609,1,609,diesel,2.435884422811335e-9,0.0496,-0.049599997564115574,1.1920559754423237e-9
1826,plts_tim609,1,609,solar,8.744311654685936e-10,0.0,8.744311654685936e-10,1.3445822115338239e-9
1827,batt_tim609,1,609,battery,0.0033552232658345007,0.0,0.0033552232658345007,0.003037485026559059
1828,pltd_tim610,1,610,diesel,2.4358849886085343e-9,0.0835,-0.08349999756411501,1.1920564256660148e-9
1829,plts_tim610,1,610,solar,8.75136424883344e-10,0.0,8.75136424883344e-10,1.345767157410891e-9
1830,batt_tim610,1,610,battery,0.003348035968868408,0.0,0.003348035968868408,0.003019247672148384
1831,pltd_tim611,1,611,diesel,2.4358850576655804e-9,0.0887,-0.08869999756411494,1.1920564970197893e-9
1832,plts_tim611,1,611,solar,8.274505159223965e-10,0.0,8.274505159223965e-10,1.2681070969529332e-9
1833,batt_tim611,1,611,battery,0.0033563928413252357,0.0,0.0033563928413252357,0.0030331448484231414
1834,pltd_tim612,1,612,diesel,2.4358852364373383e-9,0.1069,-0.10689999756411477,1.1920567022366801e-9
1835,plts_tim612,1,612,solar,8.274416167581116e-10,0.0,8.274416167581116e-10,1.268099973335079e-9
1836,batt_tim612,1,612,battery,0.00337469778998469,0.0,0.00337469778998469,0.003074141279689721
1837,pltd_tim613,1,613,diesel,2.4358851753773834e-9,0.1001,-0.10009999756411482,1.1920566341602379e-9
1838,plts_tim613,1,613,solar,8.272742815783593e-10,0.0,8.272742815783593e-10,1.267811367917179e-9
1839,batt_tim613,1,613,battery,0.00336808680157529,0.0,0.00336808680157529,0.0030572727614196406
1840,pltd_tim614,1,614,diesel,2.4358848509071367e-9,0.0727,-0.07269999756411515,1.1920562882936713e-9
1841,plts_tim614,1,614,solar,8.272396147431631e-10,0.0,8.272396147431631e-10,1.2677591573329866e-9
1842,batt_tim614,1,614,battery,0.003352609576700437,0.0,0.003352609576700437,0.0030527385045724257
1843,pltd_tim615,1,615,diesel,2.435885063276876e-9,0.089,-0.08899999756411493,1.1920565087351983e-9
1844,plts_tim615,1,615,solar,8.287844230915006e-10,0.0,8.287844230915006e-10,1.2702862658568807e-9
1845,batt_tim615,1,615,battery,0.0033423451038628272,0.0,0.0033423451038628272,0.003008261746646289
1846,pltd_tim616,1,616,diesel,2.435885545182201e-9,0.1553,-0.15529999756411444,1.1920569229420701e-9
1847,plts_tim616,1,616,solar,1.2405954088305942e-9,0.0,1.2405954088305942e-9,1.935077156271864e-9
1848,batt_tim616,1,616,battery,0.003331157279030539,0.0,0.003331157279030539,0.0029865078299617983
1849,pltd_tim617,1,617,diesel,2.435885566771743e-9,0.1528,-0.15279999756411441,1.1920569380709697e-9
1850,plts_tim617,1,617,solar,8.299866215739992e-10,0.0,8.299866215739992e-10,1.2721626165144703e-9
1851,batt_tim617,1,617,battery,0.0033371013922399296,0.0,0.0033371013922399296,0.002997577644740827
1852,pltd_tim618,1,618,diesel,2.4358854514216457e-9,0.134,-0.13399999756411457,1.1920568900111795e-9
1853,plts_tim618,1,618,solar,8.305949024528627e-10,0.0,8.305949024528627e-10,1.27311398886007e-9
1854,batt_tim618,1,618,battery,0.00333594430540196,0.0,0.00333594430540196,0.002995264023859977
1855,pltd_tim619,1,619,diesel,2.4358855741922323e-9,0.1605,-0.16049999756411443,1.1920569356704562e-9
1856,plts_tim619,1,619,solar,1.2405963593479397e-9,0.0,1.2405963593479397e-9,1.9350785811915216e-9
1857,batt_tim619,1,619,battery,0.0033308628468660976,0.0,0.0033308628468660976,0.0029860891030007697
1858,pltd_tim620,1,620,diesel,2.4358856324700214e-9,0.1716,-0.17159999756411437,1.192056948138939e-9
1859,plts_tim620,1,620,solar,1.2405960297120344e-9,0.0,1.2405960297120344e-9,1.93507794018003e-9
1860,batt_tim620,1,620,battery,0.0033302802452965237,0.0,0.0033302802452965237,0.0029852607019399883
1861,pltd_tim621,1,621,diesel,2.4358852804583247e-9,0.1112,-0.11119999756411471,1.1920567514876565e-9
1862,plts_tim621,1,621,solar,8.321837780020443e-10,0.0,8.321837780020443e-10,1.275614666604578e-9
1863,batt_tim621,1,621,battery,0.0033344421273939838,0.0,0.0033344421273939838,0.0029911242833634893
1864,pltd_tim622,1,622,diesel,2.435885388560635e-9,0.1248,-0.12479999756411461,1.192056852374696e-9
1865,plts_tim622,1,622,solar,8.334461086894805e-10,0.0,8.334461086894805e-10,1.2775949322813478e-9
1866,batt_tim622,1,622,battery,0.003332379510047386,0.0,0.003332379510047386,0.002986328739483616
1867,pltd_tim623,1,623,diesel,2.435885090007319e-9,0.0958,-0.0957999975641149,1.192056559439905e-9
1868,plts_tim623,1,623,solar,1.2405266126560208e-9,0.0,1.2405266126560208e-9,1.9349702339921093e-9
1869,batt_tim623,1,623,battery,0.003333996345702907,0.0,0.003333996345702907,0.0029914200253339913
1870,pltd_tim624,1,624,diesel,2.435885121764906e-9,0.0989,-0.09889999756411488,1.1920565951989255e-9
1871,plts_tim624,1,624,solar,1.24053324803546e-9,0.0,1.24053324803546e-9,1.9349805785446328e-9
1872,batt_tim624,1,624,battery,0.0033339513258082223,0.0,0.0033339513258082223,0.002991206223822014
1873,pltd_tim625,1,625,diesel,2.4358846603853484e-9,0.0604,-0.06039999756411534,1.192056160020346e-9
1874,plts_tim625,1,625,solar,8.330655422206601e-10,0.0,8.330655422206601e-10,1.2769972420081922e-9
1875,batt_tim625,1,625,battery,0.0033325045992811868,0.0,0.0033325045992811868,0.0029914242861473488
1876,pltd_tim626,1,626,diesel,2.4358849079245003e-9,0.0761,-0.07609999756411509,1.19205633447622e-9
1877,plts_tim626,1,626,solar,8.333728169953563e-10,0.0,8.333728169953563e-10,1.2774812025239162e-9
1878,batt_tim626,1,626,battery,0.0033334241047325813,0.0,0.0033334241047325813,0.0029901013528199996
1879,pltd_tim627,1,627,diesel,2.4358847287953217e-9,0.0647,-0.06469999756411526,1.1920562054440056e-9
1880,plts_tim627,1,627,solar,8.272810535523598e-10,0.0,8.272810535523598e-10,1.2678221405672892e-9
1881,batt_tim627,1,627,battery,0.003365492762624044,0.0,0.003365492762624044,0.003056189853066347
1882,pltd_tim628,1,628,diesel,2.4358848454463872e-9,0.0721,-0.07209999756411516,1.1920562868158933e-9
1883,plts_tim628,1,628,solar,8.274744191250374e-10,0.0,8.274744191250374e-10,1.2681471459210197e-9
1884,batt_tim628,1,628,battery,0.003355011011149704,0.0,0.003355011011149704,0.003032649907119513
1885,pltd_tim629,1,629,diesel,2.4358845809687304e-9,0.0564,-0.056399997564115414,1.1920561003257848e-9
1886,plts_tim629,1,629,solar,8.287360601553123e-10,0.0,8.287360601553123e-10,1.2702104971661132e-9
1887,batt_tim629,1,629,battery,0.003339620587418238,0.0,0.003339620587418238,0.0030086201643651877
1888,pltd_tim630,1,630,diesel,2.435885613541908e-9,0.1679,-0.1678999975641144,1.1920569502016656e-9
1889,plts_tim630,1,630,solar,1.2405964086224924e-9,0.0,1.2405964086224924e-9,1.9350785734606635e-9
1890,batt_tim630,1,630,battery,0.0033304669531317535,0.0,0.0033304669531317535,0.0029855263202047773
1891,pltd_tim631,1,631,diesel,2.4358851410899397e-9,0.0986,-0.09859999756411485,1.192056588935924e-9
1892,plts_tim631,1,631,solar,8.43686819661865e-10,0.0,8.43686819661865e-10,1.2888478927228545e-9
1893,batt_tim631,1,631,battery,0.003347833692870622,0.0,0.003347833692870622,0.0030179717953848456
1894,pltd_tim632,1,632,diesel,2.435885109067951e-9,0.0961,-0.0960999975641149,1.1920565785449244e-9
1895,plts_tim632,1,632,solar,8.141009211100519e-10,0.0,8.141009211100519e-10,1.2466294307512655e-9
1896,batt_tim632,1,632,battery,0.00337292353274394,0.0,0.00337292353274394,0.0030836054179144406
1897,pltd_tim633,1,633,diesel,2.4358847158127807e-9,0.0656,-0.06559999756411529,1.1920561587373501e-9
1898,plts_tim633,1,633,solar,8.421906618815154e-10,0.0,8.421906618815154e-10,1.2863972321199042e-9
1899,batt_tim633,1,633,battery,0.0033685178058374624,0.0,0.0033685178058374624,0.0030704535265659704
1900,pltd_tim634,1,634,diesel,2.435884388371743e-9,0.0487,-0.04869999756411561,1.1920559089119377e-9
1901,plts_tim634,1,634,solar,8.474536031818469e-10,0.0,8.474536031818469e-10,1.2947537512886877e-9
1902,batt_tim634,1,634,battery,0.0033312707229789535,0.0,0.0033312707229789535,0.00299493602359341
1903,pltd_tim635,1,635,diesel,2.4358841978924966e-9,0.0413,-0.04129999756411581,1.1920557860267944e-9
1904,plts_tim635,1,635,solar,8.424439513483758e-10,0.0,8.424439513483758e-10,1.2867806337655603e-9
1905,batt_tim635,1,635,battery,0.003356439915125801,0.0,0.003356439915125801,0.0030447459343375905
1906,pltd_tim636,1,636,diesel,2.4358844041501445e-9,0.0493,-0.04929999756411559,1.1920559222561663e-9
1907,plts_tim636,1,636,solar,8.497511419763909e-10,0.0,8.497511419763909e-10,1.298324912408783e-9
1908,batt_tim636,1,636,battery,0.003330334824803232,0.0,0.003330334824803232,0.0029902197886652717
1909,pltd_tim637,1,637,diesel,2.4358849625282972e-9,0.0826,-0.08259999756411504,1.192056402527811e-9
1910,plts_tim637,1,637,solar,8.165310656569075e-10,0.0,8.165310656569075e-10,1.2506242749959767e-9
1911,batt_tim637,1,637,battery,0.0033467047837611365,0.0,0.0033467047837611365,0.0030179264258633157
1912,pltd_tim638,1,638,diesel,2.435883973738772e-9,0.0336,-0.033599997564116024,1.1920557410434993e-9
1913,plts_tim638,1,638,solar,8.157628139052611e-10,0.0,8.157628139052611e-10,1.2493655813992448e-9
1914,batt_tim638,1,638,battery,0.003342124341920465,0.0,0.003342124341920465,0.0030205374422962094
1915,pltd_tim639,1,639,diesel,2.4358845802813384e-9,0.0579,-0.05789999756411542,1.1920560742681612e-9
1916,plts_tim639,1,639,solar,8.739850272574916e-10,0.0,8.739850272574916e-10,1.3438235534565424e-9
1917,batt_tim639,1,639,battery,0.00336902477294217,0.0,0.00336902477294217,0.0030961747955222823
1918,pltd_tim640,1,640,diesel,0.0042668257663232775,0.0354,-0.031133174233676723,0.008127755509861927
1919,plts_tim640,1,640,solar,0.103448887754096,0.0,0.103448887754096,0.14663621284467332
1920,batt_tim640,1,640,battery,0.035590075926913184,0.0,0.035590075926913184,0.06639458475038457
1921,pltd_tim641,1,641,diesel,2.435884205188686e-9,0.0416,-0.041599997564115795,1.1920558322594845e-9
1922,plts_tim641,1,641,solar,8.154327908001291e-10,0.0,8.154327908001291e-10,1.2488120583461649e-9
1923,batt_tim641,1,641,battery,0.003348195791313392,0.0,0.003348195791313392,0.003029134440873192
1924,pltd_tim642,1,642,diesel,2.4358855433182023e-9,0.1516,-0.15159999756411446,1.192056934926518e-9
1925,plts_tim642,1,642,solar,8.216512688569212e-10,0.0,8.216512688569212e-10,1.2586261643117072e-9
1926,batt_tim642,1,642,battery,0.0033319972067403897,0.0,0.0033319972067403897,0.0029873855760778095
1927,pltd_tim643,1,643,diesel,2.435884827189568e-9,0.0724,-0.07239999756411518,1.1920562804674138e-9
1928,plts_tim643,1,643,solar,8.183399127410632e-10,0.0,8.183399127410632e-10,1.2534536583210045e-9
1929,batt_tim643,1,643,battery,0.0033382228395267893,0.0,0.0033382228395267893,0.003002239598957667
1930,pltd_tim644,1,644,diesel,2.4358855825400795e-9,0.1587,-0.15869999756411443,1.1920569521591165e-9
1931,plts_tim644,1,644,solar,8.199922916087247e-10,0.0,8.199922916087247e-10,1.25604347080571e-9
1932,batt_tim644,1,644,battery,0.003334597971996033,0.0,0.003334597971996033,0.0029935785568926507
1933,pltd_tim645,1,645,diesel,2.435884624918862e-9,0.0601,-0.060099997564115375,1.1920561376990963e-9
1934,plts_tim645,1,645,solar,8.196168117482861e-10,0.0,8.196168117482861e-10,1.2554484536478512e-9
1935,batt_tim645,1,645,battery,0.0033334210672699154,0.0,0.0033334210672699154,0.002995582370447669
1936,pltd_tim646,1,646,diesel,2.4358853671121973e-9,0.1248,-0.12479999756411463,1.1920568477431216e-9
1937,plts_tim646,1,646,solar,8.200293584962586e-10,0.0,8.200293584962586e-10,1.256102052378461e-9
1938,batt_tim646,1,646,battery,0.003333403862198343,0.0,0.003333403862198343,0.0029920373629210555
1939,pltd_tim647,1,647,diesel,2.4358848133037062e-9,0.0718,-0.07179999756411519,1.1920562705036192e-9
1940,plts_tim647,1,647,solar,8.146012964368327e-10,0.0,8.146012964368327e-10,1.2474167684973279e-9
1941,batt_tim647,1,647,battery,0.0033686915236750036,0.0,0.0033686915236750036,0.0030638221535088305
1942,pltd_tim648,1,648,diesel,2.435884416627733e-9,0.0514,-0.05139999756411558,1.1920559382890892e-9
1943,plts_tim648,1,648,solar,1.2404265889712395e-9,0.0,1.2404265889712395e-9,1.9348141739212733e-9
1944,batt_tim648,1,648,battery,0.003330761344656355,0.0,0.003330761344656355,0.0029920634736708396
1945,pltd_tim649,1,649,diesel,2.4358848053244557e-9,0.0712,-0.0711999975641152,1.192056264414182e-9
1946,plts_tim649,1,649,solar,8.146827870460406e-10,0.0,8.146827870460406e-10,1.2475490138565932e-9
1947,batt_tim649,1,649,battery,0.0033643785014571964,0.0,0.0033643785014571964,0.003052325435656823
1948,pltd_tim650,1,650,diesel,2.4358844770745477e-9,0.053,-0.05299999756411552,1.1920560193022539e-9
1949,plts_tim650,1,650,solar,8.146132248747654e-10,0.0,8.146132248747654e-10,1.2474379577885696e-9
1950,batt_tim650,1,650,battery,0.0033664252264358476,0.0,0.0033664252264358476,0.0030636921119852546
1951,pltd_tim651,1,651,diesel,2.4358849904187173e-9,0.085,-0.08499999756411501,1.1920564335145452e-9
1952,plts_tim651,1,651,solar,8.147446470088788e-10,0.0,8.147446470088788e-10,1.2476513476310159e-9
1953,batt_tim651,1,651,battery,0.003361338352634696,0.0,0.003361338352634696,0.0030434071348943007
1954,pltd_tim652,1,652,diesel,2.4358849870290338e-9,0.0847,-0.084699997564115,1.1920564307364357e-9
1955,plts_tim652,1,652,solar,8.151382401430466e-10,0.0,8.151382401430466e-10,1.2483177156016053e-9
1956,batt_tim652,1,652,battery,0.0033551177738278966,0.0,0.0033551177738278966,0.003031393062244836
1957,pltd_tim653,1,653,diesel,2.4358851468349084e-9,0.0995,-0.09949999756411486,1.1920566226702664e-9
1958,plts_tim653,1,653,solar,8.146073541262779e-10,0.0,8.146073541262779e-10,1.2474256986111555e-9
1959,batt_tim653,1,653,battery,0.003368454245560631,0.0,0.003368454245560631,0.0030591146412191897
1960,pltd_tim654,1,654,diesel,2.435885122548735e-9,0.097,-0.09699999756411488,1.1920565989217546e-9
1961,plts_tim654,1,654,solar,8.153621038036186e-10,0.0,8.153621038036186e-10,1.2486922612364114e-9
1962,batt_tim654,1,654,battery,0.0033582633402042227,0.0,0.0033582633402042227,0.003042429600550178
1963,pltd_tim655,1,655,diesel,2.435884589158165e-9,0.0591,-0.05909999756411541,1.1920560911505138e-9
1964,plts_tim655,1,655,solar,8.134250587621925e-10,0.0,8.134250587621925e-10,1.2455053141927942e-9
1965,batt_tim655,1,655,battery,0.0033719221317609098,0.0,0.0033719221317609098,0.00309767831470685
1966,pltd_tim656,1,656,diesel,2.4358839310094813e-9,0.0323,-0.03229999756411607,1.1920557286649325e-9
1967,plts_tim656,1,656,solar,8.146478666110304e-10,0.0,8.146478666110304e-10,1.2475044204883152e-9
1968,batt_tim656,1,656,battery,0.0033627701642596885,0.0,0.0033627701642596885,0.003064186245673553
1969,pltd_tim657,1,657,diesel,2.4358846174392676e-9,0.0613,-0.06129999756411538,1.1920560977169022e-9
1970,plts_tim657,1,657,solar,1.2404403446992306e-9,0.0,1.2404403446992306e-9,1.9348356438150496e-9
1971,batt_tim657,1,657,battery,0.0033323619960903567,0.0,0.0033323619960903567,0.002992553143720785
1972,pltd_tim658,1,658,diesel,0.004052113687650822,0.0379,-0.03384788631234918,0.009147388165457328
1973,plts_tim658,1,658,solar,0.10899690425695792,0.0,0.10899690425695792,0.15635315016768134
1974,batt_tim658,1,658,battery,0.03796232129851413,0.0,0.03796232129851413,0.07084963937909532
1975,pltd_tim659,1,659,diesel,2.4358843500994625e-9,0.0484,-0.04839999756411565,1.192055884509104e-9
1976,plts_tim659,1,659,solar,8.344631153797139e-10,0.0,8.344631153797139e-10,1.2810189889369582e-9
1977,batt_tim659,1,659,battery,0.0033689035712768495,0.0,0.0033689035712768495,0.0030988435170570556
1978,pltd_tim660,1,660,diesel,2.4358849067445122e-9,0.0801,-0.0800999975641151,1.1920563274494425e-9
1979,plts_tim660,1,660,solar,1.2404881715526871e-9,0.0,1.2404881715526871e-9,1.9349102714876046e-9
1980,batt_tim660,1,660,battery,0.00333381871741727,0.0,0.00333381871741727,0.002992291693501787
1981,pltd_tim661,1,661,diesel,2.435884607037994e-9,0.0598,-0.059799997564115394,1.1920561124189854e-9
1982,plts_tim661,1,661,solar,8.138261655773159e-10,0.0,8.138261655773159e-10,1.246174056613573e-9
1983,batt_tim661,1,661,battery,0.0033732854630221824,0.0,0.0033732854630221824,0.0030941445497288176
1984,pltd_tim662,1,662,diesel,2.435885047149405e-9,0.0927,-0.09269999756411496,1.1920564027178134e-9
1985,plts_tim662,1,662,solar,8.34663294827302e-10,0.0,8.34663294827302e-10,1.281200104484969e-9
1986,batt_tim662,1,662,battery,0.003400086724679719,0.0,0.003400086724679719,0.003132100934503211
1987,pltd_tim663,1,663,diesel,2.435884551566072e-9,0.057,-0.05699999756411545,1.192056067813711e-9
1988,plts_tim663,1,663,solar,8.136774875531772e-10,0.0,8.136774875531772e-10,1.2459247865020623e-9
1989,batt_tim663,1,663,battery,0.003373269837334405,0.0,0.003373269837334405,0.003096910181635375
1990,pltd_tim664,1,664,diesel,2.4358844850247526e-9,0.0542,-0.05419999756411551,1.1920559938350066e-9
1991,plts_tim664,1,664,solar,8.130435998335988e-10,0.0,8.130435998335988e-10,1.2448390365189838e-9
1992,batt_tim664,1,664,battery,0.0033704235803812405,0.0,0.0033704235803812405,0.0030995863173330254
1993,pltd_tim665,1,665,diesel,2.4358851536679075e-9,0.0986,-0.09859999756411483,1.192056630131347e-9
1994,plts_tim665,1,665,solar,8.749183471595263e-10,0.0,8.749183471595263e-10,1.3454063465702365e-9
1995,batt_tim665,1,665,battery,0.0033513291936523213,0.0,0.0033513291936523213,0.003023792494220035
1996,pltd_tim666,1,666,diesel,2.4358852382457785e-9,0.1075,-0.10749999756411475,1.1920567205068735e-9
1997,plts_tim666,1,666,solar,8.758090519079576e-10,0.0,8.758090519079576e-10,1.3468487234418086e-9
1998,batt_tim666,1,666,battery,0.0033425121226105855,0.0,0.0033425121226105855,0.003007716300578339
1999,pltd_tim667,1,667,diesel,2.4358846721282046e-9,0.0619,-0.06189999756411532,1.1920561708780338e-9
2000,plts_tim667,1,667,solar,8.757169428770628e-10,0.0,8.757169428770628e-10,1.346704315064406e-9
2001,batt_tim667,1,667,battery,0.003342953175327034,0.0,0.003342953175327034,0.0030143756598862144
2002,pltd_tim668,1,668,diesel,2.4358854598559606e-9,0.1365,-0.13649999756411454,1.1920569065155852e-9
2003,plts_tim668,1,668,solar,8.762951279489262e-10,0.0,8.762951279489262e-10,1.3476085058485935e-9
2004,batt_tim668,1,668,battery,0.0033396440234277915,0.0,0.0033396440234277915,0.003001981487374112
2005,pltd_tim669,1,669,diesel,2.4358847193122163e-9,0.0672,-0.06719999756411528,1.1920561711671343e-9
2006,plts_tim669,1,669,solar,1.2404537003155162e-9,0.0,1.2404537003155162e-9,1.9348564786012555e-9
2007,batt_tim669,1,669,battery,0.003333016814792849,0.0,0.003333016814792849,0.002992608874969485
2008,pltd_tim670,1,670,diesel,2.435885070271942e-9,0.0906,-0.09059999756411492,1.1920565303384486e-9
2009,plts_tim670,1,670,solar,8.748879224464945e-10,0.0,8.748879224464945e-10,1.3453555202662271e-9
2010,batt_tim670,1,670,battery,0.0033519059957700394,0.0,0.0033519059957700394,0.0030254581059297953
2011,pltd_tim671,1,671,diesel,2.4358851384364345e-9,0.0974,-0.09739999756411487,1.1920566143885388e-9
2012,plts_tim671,1,671,solar,8.744312279374993e-10,0.0,8.744312279374993e-10,1.3445884424001327e-9
2013,batt_tim671,1,671,battery,0.0033751924587205025,0.0,0.0033751924587205025,0.0030750376907652728
2014,pltd_tim672,1,672,diesel,2.435885438984947e-9,0.1334,-0.13339999756411455,1.1920568950973778e-9
2015,plts_tim672,1,672,solar,8.759915958084303e-10,0.0,8.759915958084303e-10,1.3471343005057314e-9
2016,batt_tim672,1,672,battery,0.003340742716740182,0.0,0.003340742716740182,0.0030040928992338908
2017,pltd_tim673,1,673,diesel,2.435885032575485e-9,0.0872,-0.08719999756411496,1.192056482012358e-9
2018,plts_tim673,1,673,solar,8.756346251430398e-10,0.0,8.756346251430398e-10,1.3465749593402077e-9
2019,batt_tim673,1,673,battery,0.0033462890647852008,0.0,0.0033462890647852008,0.0030168701842997942
2020,pltd_tim674,1,674,diesel,2.435884848457131e-9,0.073,-0.07299999756411514,1.192056294029067e-9
2021,plts_tim674,1,674,solar,8.748911032714166e-10,0.0,8.748911032714166e-10,1.3453600360012585e-9
2022,batt_tim674,1,674,battery,0.0033503705635649387,0.0,0.0033503705635649387,0.003024724485640107
2023,pltd_tim675,1,675,diesel,2.4358842167242194e-9,0.0413,-0.04129999756411579,1.1920558408260943e-9
2024,plts_tim675,1,675,solar,8.744123692286178e-10,0.0,8.744123692286178e-10,1.344553120831572e-9
2025,batt_tim675,1,675,battery,0.0033620210478948875,0.0,0.0033620210478948875,0.0030582975347544
2026,pltd_tim676,1,676,diesel,2.4358856504901783e-9,0.1701,-0.17009999756411434,1.1920569839482794e-9
2027,plts_tim676,1,676,solar,8.749041067841276e-10,0.0,8.749041067841276e-10,1.345383519201189e-9
2028,batt_tim676,1,676,battery,0.0033496646214168967,0.0,0.0033496646214168967,0.0030208382210114237
2029,pltd_tim677,1,677,diesel,2.43588575000507e-9,0.1969,-0.19689999756411425,1.1920569512797474e-9
2030,plts_tim677,1,677,solar,1.2405888576879661e-9,0.0,1.2405888576879661e-9,1.935066452240296e-9
2031,batt_tim677,1,677,battery,0.0033291776028779724,0.0,0.0033291776028779724,0.002983659593346074
2032,pltd_tim678,1,678,diesel,2.4358849947604775e-9,0.0838,-0.083799997564115,1.1920564380246176e-9
2033,plts_tim678,1,678,solar,8.775027892607732e-10,0.0,8.775027892607732e-10,1.3495024127108972e-9
2034,batt_tim678,1,678,battery,0.003336898423474889,0.0,0.003336898423474889,0.0029984528727591627
2035,pltd_tim679,1,679,diesel,2.4358850244129818e-9,0.0866,-0.08659999756411497,1.192056468778973e-9
2036,plts_tim679,1,679,solar,8.747023204828947e-10,0.0,8.747023204828947e-10,1.3450442929109462e-9
2037,batt_tim679,1,679,battery,0.0033563742110068813,0.0,0.0033563742110068813,0.003035490511637195
2038,pltd_tim680,1,680,diesel,2.435884580982403e-9,0.0591,-0.059099997564115415,1.1920560151185683e-9
2039,plts_tim680,1,680,solar,8.733664175772033e-10,0.0,8.733664175772033e-10,1.3427543132256577e-9
2040,batt_tim680,1,680,battery,0.003365922072065021,0.0,0.003365922072065021,0.00308660862174558
2041,pltd_tim681,1,681,diesel,2.4358851217189977e-9,0.0952,-0.09519999756411489,1.1920565998369909e-9
2042,plts_tim681,1,681,solar,8.775991664668599e-10,0.0,8.775991664668599e-10,1.349655349915227e-9
2043,batt_tim681,1,681,battery,0.003338025570228807,0.0,0.003338025570228807,0.0029995547705717698
2044,pltd_tim682,1,682,diesel,2.4358854882342816e-9,0.1457,-0.1456999975641145,1.192056897564902e-9
2045,plts_tim682,1,682,solar,1.2405916201922152e-9,0.0,1.2405916201922152e-9,1.9350713391500994e-9
2046,batt_tim682,1,682,battery,0.003331708280463033,0.0,0.003331708280463033,0.0029872898053361456
2047,pltd_tim683,1,683,diesel,2.435885008726566e-9,0.0884,-0.088399997564115,1.1920564585914655e-9
2048,plts_tim683,1,683,solar,1.2405093666371656e-9,0.0,1.2405093666371656e-9,1.934943332106148e-9
2049,batt_tim683,1,683,battery,0.0033340051473390118,0.0,0.0033340051473390118,0.002991872092065666
2050,pltd_tim684,1,684,diesel,2.435884832103169e-9,0.0727,-0.07269999756411517,1.1920562834588573e-9
2051,plts_tim684,1,684,solar,8.193781830846602e-10,0.0,8.193781830846602e-10,1.2550724539323476e-9
2052,batt_tim684,1,684,battery,0.003336176766040363,0.0,0.003336176766040363,0.002998864420392055
2053,pltd_tim685,1,685,diesel,2.4358850994490465e-9,0.0943,-0.09429999756411489,1.1920565833369361e-9
2054,plts_tim685,1,685,solar,8.216899422385968e-10,0.0,8.216899422385968e-10,1.2586902633279036e-9
2055,batt_tim685,1,685,battery,0.0033349978689164064,0.0,0.0033349978689164064,0.002992526387029236
2056,pltd_tim686,1,686,diesel,2.435884534485224e-9,0.0555,-0.055499997564115465,1.1920560688680341e-9
2057,plts_tim686,1,686,solar,8.177329573171416e-10,0.0,8.177329573171416e-10,1.2525111326369132e-9
2058,batt_tim686,1,686,battery,0.003337363729373087,0.0,0.003337363729373087,0.0030041993317015295
2059,pltd_tim687,1,687,diesel,2.4358845723202114e-9,0.0573,-0.057299997564115426,1.1920561012391977e-9
2060,plts_tim687,1,687,solar,8.215053769243358e-10,0.0,8.215053769243358e-10,1.2584029783477857e-9
2061,batt_tim687,1,687,battery,0.0033329320527632975,0.0,0.0033329320527632975,0.002993718122898311
2062,pltd_tim688,1,688,diesel,2.4358839170877628e-9,0.0317,-0.03169999756411608,1.19205572241413e-9
2063,plts_tim688,1,688,solar,8.200450551045228e-10,0.0,8.200450551045228e-10,1.2561264663893298e-9
2064,batt_tim688,1,688,battery,0.0033262391420841152,0.0,0.0033262391420841152,0.002991470794981178
2065,pltd_tim689,1,689,diesel,2.435884595711899e-9,0.0585,-0.058499997564115405,1.1920561169811802e-9
2066,plts_tim689,1,689,solar,8.216735179190631e-10,0.0,8.216735179190631e-10,1.2586655491860458e-9
2067,batt_tim689,1,689,battery,0.0033328827876484587,0.0,0.0033328827876484587,0.00299333462565535
2068,pltd_tim690,1,690,diesel,2.4358842650658654e-9,0.0437,-0.04369999756411574,1.1920558658832287e-9
2069,plts_tim690,1,690,solar,8.216087285607135e-10,0.0,8.216087285607135e-10,1.2585644497848177e-9
2070,batt_tim690,1,690,battery,0.0033299211650050283,0.0,0.0033299211650050283,0.0029922124810427622
2071,pltd_tim691,1,691,diesel,2.4358845360602513e-9,0.0555,-0.055499997564115465,1.1920560711755322e-9
2072,plts_tim691,1,691,solar,8.211753510056581e-10,0.0,8.211753510056581e-10,1.257887790505404e-9
2073,batt_tim691,1,691,battery,0.0033325270948210695,0.0,0.0033325270948210695,0.0029936130284387453
2074,pltd_tim692,1,692,diesel,2.435885283746936e-9,0.1168,-0.11679999756411472,1.1920567635939843e-9
2075,plts_tim692,1,692,solar,1.2405644934061644e-9,0.0,1.2405644934061644e-9,1.935029244709441e-9
2076,batt_tim692,1,692,battery,0.0033333332794432346,0.0,0.0033333332794432346,0.002989790301841678
2077,pltd_tim693,1,693,diesel,2.4358846863364246e-9,0.0635,-0.06349999756411531,1.1920561828033888e-9
2078,plts_tim693,1,693,solar,8.215070659345313e-10,0.0,8.215070659345313e-10,1.2584054727042078e-9
2079,batt_tim693,1,693,battery,0.003333763406596234,0.0,0.003333763406596234,0.002993894610495762
2080,pltd_tim694,1,694,diesel,2.435884425744175e-9,0.0518,-0.051799997564115574,1.1920559463134379e-9
2081,plts_tim694,1,694,solar,1.2404267296367512e-9,0.0,1.2404267296367512e-9,1.93481439615154e-9
2082,batt_tim694,1,694,battery,0.003330820597698367,0.0,0.003330820597698367,0.0029920894964805614
2083,pltd_tim695,1,695,diesel,2.435884654716239e-9,0.0619,-0.06189999756411534,1.192056158321085e-9
2084,plts_tim695,1,695,solar,8.167390241616354e-10,0.0,8.167390241616354e-10,1.2509558582024411e-9
2085,batt_tim695,1,695,battery,0.0033443468261900623,0.0,0.0033443468261900623,0.0030172925613861723
2086,pltd_tim696,1,696,diesel,2.435885448160904e-9,0.1365,-0.13649999756411457,1.1920568961974552e-9
2087,plts_tim696,1,696,solar,8.17244810778636e-10,0.0,8.17244810778636e-10,1.2517487890426658e-9
2088,batt_tim696,1,696,battery,0.003340704851309603,0.0,0.003340704851309603,0.003004306808549232
2089,pltd_tim697,1,697,diesel,2.435885127730158e-9,0.0974,-0.09739999756411487,1.192056605249387e-9
2090,plts_tim697,1,697,solar,8.383199506581405e-10,0.0,8.383199506581405e-10,1.2873843820990827e-9
2091,batt_tim697,1,697,battery,0.0033496597767683385,0.0,0.0033496597767683385,0.003020769480622962
2092,pltd_tim698,1,698,diesel,2.4358851398926826e-9,0.0983,-0.09829999756411485,1.1920566244611908e-9
2093,plts_tim698,1,698,solar,8.451779599920655e-10,0.0,8.451779599920655e-10,1.2981932939963317e-9
2094,batt_tim698,1,698,battery,0.0033352850541845114,0.0,0.0033352850541845114,0.0029924731238617753
2095,pltd_tim699,1,699,diesel,2.4358842015513174e-9,0.0413,-0.0412999975641158,1.1920558311594086e-9
2096,plts_tim699,1,699,solar,8.433402914334862e-10,0.0,8.433402914334862e-10,1.295320567871806e-9
2097,batt_tim699,1,699,battery,0.0033295943230321383,0.0,0.0033295943230321383,0.002994111146564579
2098,pltd_tim700,1,700,diesel,2.435885563109171e-9,0.1534,-0.15339999756411443,1.192056948609038e-9
2099,plts_tim700,1,700,solar,8.763752217164019e-10,0.0,8.763752217164019e-10,1.347733456981492e-9
2100,batt_tim700,1,700,battery,0.003338507416948398,0.0,0.003338507416948398,0.0030002395281329727
2101,pltd_tim701,1,701,diesel,2.435885636050542e-9,0.1688,-0.16879999756411437,1.192056969891111e-9
2102,plts_tim701,1,701,solar,8.203001489982229e-10,0.0,8.203001489982229e-10,1.2565270492391885e-9
2103,batt_tim701,1,701,battery,0.0033326341658371753,0.0,0.0033326341658371753,0.002990046315689226
2104,pltd_tim702,1,702,diesel,2.4358850053999914e-9,0.0847,-0.08469999756411499,1.192056452137044e-9
2105,plts_tim702,1,702,solar,8.778060201066463e-10,0.0,8.778060201066463e-10,1.3499830772492466e-9
2106,batt_tim702,1,702,battery,0.0033361799331642497,0.0,0.0033361799331642497,0.0029974055103890998
2107,pltd_tim703,1,703,diesel,2.435886011910927e-9,0.2656,-0.265599997564114,1.192057083019278e-9
2108,plts_tim703,1,703,solar,8.176543959701445e-10,0.0,8.176543959701445e-10,1.2523875572055417e-9
2109,batt_tim703,1,703,battery,0.00333536496898003,0.0,0.00333536496898003,0.002995603655815255
2110,pltd_tim704,1,704,diesel,0.003788532894132419,0.0354,-0.03161146710586758,0.008553431573649089
2111,plts_tim704,1,704,solar,0.10190636413696033,0.0,0.10190636413696033,0.1461825797622826
2112,batt_tim704,1,704,battery,0.035492984873528956,0.0,0.035492984873528956,0.0662405298960462
2113,pltd_tim705,1,705,diesel,2.4358846473314094e-9,0.0613,-0.061299997564115354,1.1920561557946543e-9
2114,plts_tim705,1,705,solar,8.449805253945716e-10,0.0,8.449805253945716e-10,1.2978849993614914e-9
2115,batt_tim705,1,705,battery,0.0033328260518486674,0.0,0.0033328260518486674,0.0029928946186229826
2116,pltd_tim706,1,706,diesel,2.4358856547537518e-9,0.1722,-0.17219999756411433,1.1920569625412703e-9
2117,plts_tim706,1,706,solar,8.468158451447601e-10,0.0,8.468158451447601e-10,1.3007682636933688e-9
2118,batt_tim706,1,706,battery,0.0033299816306925217,0.0,0.0033299816306925217,0.0029825084924736678
2119,pltd_tim707,1,707,diesel,2.435885057893782e-9,0.0903,-0.09029999756411494,1.192056528998382e-9
2120,plts_tim707,1,707,solar,8.467075979748161e-10,0.0,8.467075979748161e-10,1.3006007415885673e-9
2121,batt_tim707,1,707,battery,0.003333881309557191,0.0,0.003333881309557191,0.0029892617788673625
2122,pltd_tim708,1,708,diesel,2.4358851187355565e-9,0.0986,-0.09859999756411487,1.1920565917170723e-9
2123,plts_tim708,1,708,solar,1.2405326177515698e-9,0.0,1.2405326177515698e-9,1.9349795950174595e-9
2124,batt_tim708,1,708,battery,0.003333956970802241,0.0,0.003333956970802241,0.002991226792949916
2125,pltd_tim709,1,709,diesel,2.435885615098452e-9,0.1682,-0.16819999756411438,1.1920569500371964e-9
2126,plts_tim709,1,709,solar,1.2405963953092557e-9,0.0,1.2405963953092557e-9,1.9350785497045868e-9
2127,batt_tim709,1,709,battery,0.0033304515846710337,0.0,0.0033304515846710337,0.0029855049620073843
2128,pltd_tim710,1,710,diesel,2.4358861853737233e-9,0.3392,-0.33919999756411384,1.1920572406072062e-9
2129,plts_tim710,1,710,solar,1.2405256611597769e-9,0.0,1.2405256611597769e-9,1.9349665867499556e-9
2130,batt_tim710,1,710,battery,0.0033281454146941608,0.0,0.0033281454146941608,0.0029810492591827793
2131,pltd_tim711,1,711,diesel,2.435885280403242e-9,0.1134,-0.11339999756411472,1.1920567653306856e-9
2132,plts_tim711,1,711,solar,8.467911180290868e-10,0.0,8.467911180290868e-10,1.3007320313404322e-9
2133,batt_tim711,1,711,battery,0.0033332658922424064,0.0,0.0033332658922424064,0.002987458878304407
2134,pltd_tim712,1,712,diesel,2.435885794452563e-9,0.2039,-0.2038999975641142,1.1920569749585928e-9
2135,plts_tim712,1,712,solar,8.17205536384326e-10,0.0,8.17205536384326e-10,1.2516871494223467e-9
2136,batt_tim712,1,712,battery,0.0033378589916317264,0.0,0.0033378589916317264,0.0030003798128740793
2137,pltd_tim713,1,713,diesel,2.435885931511147e-9,0.2409,-0.24089999756411407,1.1920570663296372e-9
2138,plts_tim713,1,713,solar,8.154933681221457e-10,0.0,8.154933681221457e-10,1.2489139371545719e-9
2139,batt_tim713,1,713,battery,0.0033551013375304273,0.0,0.0033551013375304273,0.003038626481852234
2140,pltd_tim714,1,714,diesel,2.435886263485191e-9,0.3731,-0.3730999975641137,1.1920573330638086e-9
2141,plts_tim714,1,714,solar,8.177813249794144e-10,0.0,8.177813249794144e-10,1.2525849284682618e-9
2142,batt_tim714,1,714,battery,0.0033357763775291277,0.0,0.0033357763775291277,0.0029949446626024857
2143,pltd_tim715,1,715,diesel,2.4358865064834678e-9,0.5419,-0.5418999975641136,1.1920577570850642e-9
2144,plts_tim715,1,715,solar,8.195388701055395e-10,0.0,8.195388701055395e-10,1.2553277359920906e-9
2145,batt_tim715,1,715,battery,0.0033293490449035684,0.0,0.0033293490449035684,0.002983755714847081
2146,pltd_tim716,1,716,diesel,2.435886357316792e-9,0.4285,-0.4284999975641136,1.1920575000716803e-9
2147,plts_tim716,1,716,solar,8.17653110749749e-10,0.0,8.17653110749749e-10,1.2523852083214214e-9
2148,batt_tim716,1,716,battery,0.003336958307733473,0.0,0.003336958307733473,0.0029962408096737433
2149,pltd_tim717,1,717,diesel,2.4358858923939497e-9,0.2295,-0.22949999756411413,1.1920570345330574e-9
2150,plts_tim717,1,717,solar,8.153086258191149e-10,0.0,8.153086258191149e-10,1.2486059740432265e-9
2151,batt_tim717,1,717,battery,0.0033530590247176466,0.0,0.0033530590247176466,0.0030293756053805377
2152,pltd_tim718,1,718,diesel,2.4358863755329922e-9,0.4402,-0.4401999975641136,1.1920575378126662e-9
2153,plts_tim718,1,718,solar,8.196221227040671e-10,0.0,8.196221227040671e-10,1.25545906611786e-9
2154,batt_tim718,1,718,battery,0.003331275078486691,0.0,0.003331275078486691,0.0029856365912935183
2155,pltd_tim719,1,719,diesel,2.4358865435408912e-9,0.5758,-0.5757999975641135,1.1920578174303154e-9
2156,plts_tim719,1,719,solar,8.201831479004222e-10,0.0,8.201831479004222e-10,1.2563436658443222e-9
2157,batt_tim719,1,719,battery,0.0033333030243458636,0.0,0.0033333030243458636,0.002988175184543691
2158,pltd_tim720,1,720,diesel,2.435886366285487e-9,0.4341,-0.4340999975641136,1.1920575180862114e-9
2159,plts_tim720,1,720,solar,8.195550206522738e-10,0.0,8.195550206522738e-10,1.2553524982274748e-9
2160,batt_tim720,1,720,battery,0.0033328382359349065,0.0,0.0033328382359349065,0.0029891355804352823
2161,pltd_tim721,1,721,diesel,2.4358857527373477e-9,0.1944,-0.19439999756411425,1.192056993453384e-9
2162,plts_tim721,1,721,solar,8.433216883573399e-10,0.0,8.433216883573399e-10,1.2882464155468735e-9
2163,batt_tim721,1,721,battery,0.003354200481852939,0.0,0.003354200481852939,0.003039331947713216
2164,pltd_tim722,1,722,diesel,2.435885364477379e-9,0.1242,-0.12419999756411464,1.192056821977336e-9
2165,plts_tim722,1,722,solar,8.492397678793532e-10,0.0,8.492397678793532e-10,1.2975150517038375e-9
2166,batt_tim722,1,722,battery,0.003332894520583023,0.0,0.003332894520583023,0.0029883096625152048
2167,pltd_tim723,1,723,diesel,2.435885530489359e-9,0.1494,-0.14939999756411448,1.1920569171675051e-9
2168,plts_tim723,1,723,solar,8.470171572978235e-10,0.0,8.470171572978235e-10,1.2940687123809144e-9
2169,batt_tim723,1,723,battery,0.003334638643246806,0.0,0.003334638643246806,0.0029937921238594066
2170,pltd_tim724,1,724,diesel,2.4358851107930022e-9,0.0955,-0.0954999975641149,1.1920565570001541e-9
2171,plts_tim724,1,724,solar,8.448059141447083e-10,0.0,8.448059141447083e-10,1.2906266737996338e-9
2172,batt_tim724,1,724,battery,0.003341181170285351,0.0,0.003341181170285351,0.003005825038998078
2173,pltd_tim725,1,725,diesel,2.4358850270132853e-9,0.0878,-0.08779999756411498,1.1920564893299717e-9
2174,plts_tim725,1,725,solar,8.199275079204311e-10,0.0,8.199275079204311e-10,1.2559399052809476e-9
2175,batt_tim725,1,725,battery,0.003337117961984286,0.0,0.003337117961984286,0.002998601123408657
2176,pltd_tim726,1,726,diesel,2.435884161844887e-9,0.04,-0.03999999756411584,1.1920557691352454e-9
2177,plts_tim726,1,726,solar,8.42335448357843e-10,0.0,8.42335448357843e-10,1.2866063686714984e-9
2178,batt_tim726,1,726,battery,0.0033611394936822504,0.0,0.0033611394936822504,0.003056841322310883
2179,pltd_tim727,1,727,diesel,2.435884839139728e-9,0.073,-0.07299999756411515,1.1920562482307866e-9
2180,plts_tim727,1,727,solar,8.498908469480871e-10,0.0,8.498908469480871e-10,1.2985421561894354e-9
2181,batt_tim727,1,727,battery,0.0033331016998738366,0.0,0.0033331016998738366,0.0029901262683265325
2182,pltd_tim728,1,728,diesel,2.4358845591747084e-9,0.0582,-0.058199997564115445,1.192056055252889e-9
2183,plts_tim728,1,728,solar,1.2404345079055353e-9,0.0,1.2404345079055353e-9,1.9348265378643627e-9
2184,batt_tim728,1,728,battery,0.0033319394036528506,0.0,0.0033319394036528506,0.0029924596759307734
2185,pltd_tim729,1,729,diesel,2.4358854573827426e-9,0.1377,-0.13769999756411452,1.1920568836521187e-9
2186,plts_tim729,1,729,solar,8.46538445652585e-10,0.0,8.46538445652585e-10,1.293315711519739e-9
2187,batt_tim729,1,729,battery,0.0033369969451632654,0.0,0.0033369969451632654,0.002997351606574638
2188,pltd_tim730,1,730,diesel,2.4358846690817373e-9,0.0625,-0.06249999756411533,1.1920561266971206e-9
2189,plts_tim730,1,730,solar,8.46729226509865e-10,0.0,8.46729226509865e-10,1.2936146815297115e-9
2190,batt_tim730,1,730,battery,0.0033347992064781,0.0,0.0033347992064781,0.002998346710659083
2191,pltd_tim731,1,731,diesel,2.435885686824704e-9,0.1796,-0.17959999756411432,1.192056975569189e-9
2192,plts_tim731,1,731,solar,8.428035019610094e-10,0.0,8.428035019610094e-10,1.2873850170751528e-9
2193,batt_tim731,1,731,battery,0.003352470019937527,0.0,0.003352470019937527,0.003026041872278139
2194,pltd_tim732,1,732,diesel,2.4358837183906673e-9,0.0271,-0.027099997564116282,1.1920556435885024e-9
2195,plts_tim732,1,732,solar,1.240526846506068e-9,0.0,1.240526846506068e-9,1.934970128686501e-9
2196,batt_tim732,1,732,battery,0.003323085616259113,0.0,0.003323085616259113,0.0029865196374872336
2197,pltd_tim733,1,733,diesel,2.4358849180635525e-9,0.0792,-0.07919999756411508,1.1920563100003956e-9
2198,plts_tim733,1,733,solar,8.42381561402333e-10,0.0,8.42381561402333e-10,1.286676311867583e-9
2199,batt_tim733,1,733,battery,0.0033647516530559015,0.0,0.0033647516530559015,0.0030523683281032435
2200,pltd_tim734,1,734,diesel,2.4358848062019537e-9,0.0709,-0.0708999975641152,1.1920562672109067e-9
2201,plts_tim734,1,734,solar,8.216325518837969e-10,0.0,8.216325518837969e-10,1.2586013482283886e-9
2202,batt_tim734,1,734,battery,0.0033343144010886333,0.0,0.0033343144010886333,0.002993594343197302
2203,pltd_tim735,1,735,diesel,2.435885400723166e-9,0.1294,-0.12939999756411458,1.1920568685065554e-9
2204,plts_tim735,1,735,solar,8.196367958608363e-10,0.0,8.196367958608363e-10,1.255480750568873e-9
2205,batt_tim735,1,735,battery,0.0033344733910829275,0.0,0.0033344733910829275,0.002992315467000239
2206,pltd_tim736,1,736,diesel,2.435885523748243e-9,0.1516,-0.1515999975641145,1.1920569134039715e-9
2207,plts_tim736,1,736,solar,1.2405942328271439e-9,0.0,1.2405942328271439e-9,1.9350753579880406e-9
2208,batt_tim736,1,736,battery,0.0033313661512233664,0.0,0.0033313661512233664,0.0029868029654283694
2209,pltd_tim737,1,737,diesel,2.435884496885306e-9,0.0551,-0.05509999756411551,1.1920560057729573e-9
2210,plts_tim737,1,737,solar,1.2404299080625427e-9,0.0,1.2404299080625427e-9,1.9348193614878045e-9
2211,batt_tim737,1,737,battery,0.003331451711920657,0.0,0.003331451711920657,0.0029923185259889793
2212,pltd_tim738,1,738,diesel,2.4358845413685985e-9,0.0558,-0.05579999756411546,1.19205607582165e-9
2213,plts_tim738,1,738,solar,8.199186913944027e-10,0.0,8.199186913944027e-10,1.2559255463854243e-9
2214,batt_tim738,1,738,battery,0.003333867299918453,0.0,0.003333867299918453,0.002997973810737925
2215,pltd_tim739,1,739,diesel,2.4358845352407527e-9,0.0555,-0.055499997564115465,1.1920560701333016e-9
2216,plts_tim739,1,739,solar,8.199510212606864e-10,0.0,8.199510212606864e-10,1.2559767708522549e-9
2217,batt_tim739,1,739,battery,0.0033329605022526868,0.0,0.0033329605022526868,0.002996750233495954
2218,pltd_tim740,1,740,diesel,2.435885207164534e-9,0.106,-0.1059999975641148,1.1920566911602844e-9
2219,plts_tim740,1,740,solar,8.146148516530483e-10,0.0,8.146148516530483e-10,1.2474485821338395e-9
2220,batt_tim740,1,740,battery,0.003375003152453917,0.0,0.003375003152453917,0.0030741786168288062
2221,pltd_tim741,1,741,diesel,2.435885302543626e-9,0.1177,-0.1176999975641147,1.1920567685458088e-9
2222,plts_tim741,1,741,solar,8.358164389479855e-10,0.0,8.358164389479855e-10,1.2833090364779372e-9
2223,batt_tim741,1,741,battery,0.003375941072816691,0.0,0.003375941072816691,0.0030923395080689016
2224,pltd_tim742,1,742,diesel,2.4358841944086567e-9,0.0413,-0.04129999756411581,1.1920558282274762e-9
2225,plts_tim742,1,742,solar,8.366565334023712e-10,0.0,8.366565334023712e-10,1.284681726444597e-9
2226,batt_tim742,1,742,battery,0.0033583266030541544,0.0,0.0033583266030541544,0.003063991179766584
2227,pltd_tim743,1,743,diesel,2.4358842431013838e-9,0.0431,-0.043099997564115755,1.192055853593253e-9
2228,plts_tim743,1,743,solar,8.145901264756739e-10,0.0,8.145901264756739e-10,1.2473979453171449e-9
2229,batt_tim743,1,743,battery,0.003362993594081899,0.0,0.003362993594081899,0.003059689825064736
2230,pltd_tim744,1,744,diesel,2.435884863935817e-9,0.0752,-0.07519999756411513,1.1920563056632443e-9
2231,plts_tim744,1,744,solar,8.146966697204567e-10,0.0,8.146966697204567e-10,1.2475669685246611e-9
2232,batt_tim744,1,744,battery,0.003359158382099109,0.0,0.003359158382099109,0.003039825751426324
2233,pltd_tim745,1,745,diesel,2.435884573003848e-9,0.0576,-0.05759999756411543,1.1920561010411345e-9
2234,plts_tim745,1,745,solar,8.382963895237327e-10,0.0,8.382963895237327e-10,1.2873470370815508e-9
2235,batt_tim745,1,745,battery,0.0033470941326803577,0.0,0.0033470941326803577,0.0030219994745125495
2236,pltd_tim746,1,746,diesel,2.435884294427437e-9,0.0462,-0.046199997564115705,1.1920558490305032e-9
2237,plts_tim746,1,746,solar,1.2404274267175471e-9,0.0,1.2404274267175471e-9,1.93481548123664e-9
2238,batt_tim746,1,746,battery,0.003329525041730601,0.0,0.003329525041730601,0.0029914895569114787
2239,pltd_tim747,1,747,diesel,2.4358859722682285e-9,0.2532,-0.253199997564114,1.19205707301939e-9
2240,plts_tim747,1,747,solar,8.150914386171485e-10,0.0,8.150914386171485e-10,1.2482419607502113e-9
2241,batt_tim747,1,747,battery,0.0033517211161350076,0.0,0.0033517211161350076,0.003024679068827092
2242,pltd_tim748,1,748,diesel,2.435885309655154e-9,0.1177,-0.11769999756411469,1.19205679338444e-9
2243,plts_tim748,1,748,solar,8.151245575457369e-10,0.0,8.151245575457369e-10,1.2482941938464156e-9
2244,batt_tim748,1,748,battery,0.003354867648344324,0.0,0.003354867648344324,0.0030286700892502246
2245,pltd_tim749,1,749,diesel,2.435884876561035e-9,0.0761,-0.07609999756411512,1.192056314277937e-9
2246,plts_tim749,1,749,solar,8.379979585757486e-10,0.0,8.379979585757486e-10,1.2868560084927756e-9
2247,batt_tim749,1,749,battery,0.0033513701719249077,0.0,0.0033513701719249077,0.0030262074474246923
2248,pltd_tim750,1,750,diesel,2.4358848750213284e-9,0.0761,-0.07609999756411513,1.1920563141985097e-9
2249,plts_tim750,1,750,solar,8.368667766162928e-10,0.0,8.368667766162928e-10,1.28498823025903e-9
2250,batt_tim750,1,750,battery,0.003366740249873427,0.0,0.003366740249873427,0.0030566230293327776
2251,pltd_tim751,1,751,diesel,2.435884059817324e-9,0.0364,-0.036399997564115945,1.192055769570377e-9
2252,plts_tim751,1,751,solar,8.161206520478122e-10,0.0,8.161206520478122e-10,1.2499539568595923e-9
2253,batt_tim751,1,751,battery,0.0033403210348264315,0.0,0.0033403210348264315,0.0030161276293187507
2254,pltd_tim752,1,752,diesel,2.4358849484236436e-9,0.0813,-0.08129999756411505,1.1920563481773596e-9
2255,plts_tim752,1,752,solar,8.448715991680332e-10,0.0,8.448715991680332e-10,1.2907290128440075e-9
2256,batt_tim752,1,752,battery,0.0033408214043613867,0.0,0.0033408214043613867,0.0030062072362607504
2257,pltd_tim753,1,753,diesel,2.4358838733895613e-9,0.0305,-0.030499997564116126,1.1920557137590233e-9
2258,plts_tim753,1,753,solar,8.148405979524528e-10,0.0,8.148405979524528e-10,1.2478198941748036e-9
2259,batt_tim753,1,753,battery,0.0033513395247959416,0.0,0.0033513395247959416,0.0030377924026763125
2260,pltd_tim754,1,754,diesel,2.435884790020889e-9,0.0702,-0.07019999756411521,1.192056252091341e-9
2261,plts_tim754,1,754,solar,8.148262526826185e-10,0.0,8.148262526826185e-10,1.247787687839619e-9
2262,batt_tim754,1,754,battery,0.003360386015356474,0.0,0.003360386015356474,0.0030472114183454947
2263,pltd_tim755,1,755,diesel,2.43588518083103e-9,0.1029,-0.10289999756411483,1.1920566632734508e-9
2264,plts_tim755,1,755,solar,8.15102620571432e-10,0.0,8.15102620571432e-10,1.2482580957665037e-9
2265,batt_tim755,1,755,battery,0.0033557976754872375,0.0,0.0033557976754872375,0.0030313514343104
2266,pltd_tim756,1,756,diesel,2.435885186962368e-9,0.1035,-0.1034999975641148,1.1920566346239657e-9
2267,plts_tim756,1,756,solar,8.424287350604746e-10,0.0,8.424287350604746e-10,1.286752840362897e-9
2268,batt_tim756,1,756,battery,0.0033622445233034703,0.0,0.0033622445233034703,0.003044585994965025
2269,pltd_tim757,1,757,diesel,2.435885491192072e-9,0.1423,-0.14229999756411452,1.1920568993690043e-9
2270,plts_tim757,1,757,solar,8.501247304245216e-10,0.0,8.501247304245216e-10,1.2989081882992675e-9
2271,batt_tim757,1,757,battery,0.0033311331744406143,0.0,0.0033311331744406143,0.002984597201634191
2272,pltd_tim758,1,758,diesel,2.4358848561617428e-9,0.0739,-0.07389999756411514,1.192056260827986e-9
2273,plts_tim758,1,758,solar,8.500205115044462e-10,0.0,8.500205115044462e-10,1.2987481040152713e-9
2274,batt_tim758,1,758,battery,0.0033331983812022793,0.0,0.0033331983812022793,0.0029900626488502248
2275,pltd_tim759,1,759,diesel,0.006402842984641119,0.0545,-0.04809715701535888,0.013270476366884448
2276,plts_tim759,1,759,solar,0.15657754709433294,0.0,0.15657754709433294,0.22479071815153748
2277,batt_tim759,1,759,battery,0.05423375774145763,0.0,0.05423375774145763,0.10141603736896886
2278,pltd_tim760,1,760,diesel,2.4358861571627666e-9,0.3201,-0.32009999756411384,1.1920572029216057e-9
2279,plts_tim760,1,760,solar,8.500762163771509e-10,0.0,8.500762163771509e-10,1.2988289493673975e-9
2280,batt_tim760,1,760,battery,0.0033274012165876127,0.0,0.0033274012165876127,0.0029781630608444647
2281,pltd_tim761,1,761,diesel,2.4358854166072937e-9,0.1322,-0.1321999975641146,1.192056878781662e-9
2282,plts_tim761,1,761,solar,8.372608566693314e-10,0.0,8.372608566693314e-10,1.2856400308817527e-9
2283,batt_tim761,1,761,battery,0.003356724299327524,0.0,0.003356724299327524,0.003032419252105515
2284,pltd_tim762,1,762,diesel,2.435884897185335e-9,0.0773,-0.0772999975641151,1.192056334823259e-9
2285,plts_tim762,1,762,solar,8.453129395562938e-10,0.0,8.453129395562938e-10,1.2984020654008075e-9
2286,batt_tim762,1,762,battery,0.0033340904479623955,0.0,0.0033340904479623955,0.002992324019967264
2287,pltd_tim763,1,763,diesel,2.4358852989927042e-9,0.1158,-0.1157999975641147,1.1920567836254479e-9
2288,plts_tim763,1,763,solar,8.467446947745092e-10,0.0,8.467446947745092e-10,1.3006572657164206e-9
2289,batt_tim763,1,763,battery,0.0033331196233189705,0.0,0.0033331196233189705,0.0029872133136361802
2290,pltd_tim764,1,764,diesel,2.4358851810145382e-9,0.1035,-0.10349999756411482,1.1920566538181004e-9
2291,plts_tim764,1,764,solar,8.360482362795391e-10,0.0,8.360482362795391e-10,1.2836916043343994e-9
2292,batt_tim764,1,764,battery,0.0033737214595138563,0.0,0.0033737214595138563,0.0030857962123248686
2293,pltd_tim765,1,765,diesel,2.435885321170136e-9,0.1186,-0.11859999756411467,1.1920568091156883e-9
2294,plts_tim765,1,765,solar,8.225544850090546e-10,0.0,8.225544850090546e-10,1.2600422119816475e-9
2295,batt_tim765,1,765,battery,0.003333037397262569,0.0,0.003333037397262569,0.002987975685220568
2296,pltd_tim766,1,766,diesel,2.435884722676215e-9,0.0656,-0.06559999756411529,1.1920562093883272e-9
2297,plts_tim766,1,766,solar,8.220667917733332e-10,0.0,8.220667917733332e-10,1.2592770982022488e-9
2298,batt_tim766,1,766,battery,0.0033329919324194975,0.0,0.0033329919324194975,0.002991764012078142
2299,pltd_tim767,1,767,diesel,2.435885158368756e-9,0.1001,-0.10009999756411483,1.1920566467929921e-9
2300,plts_tim767,1,767,solar,8.215371131249442e-10,0.0,8.215371131249442e-10,1.2584474187462442e-9
2301,batt_tim767,1,767,battery,0.0033343903082502595,0.0,0.0033343903082502595,0.0029917913984492204
2302,pltd_tim768,1,768,diesel,2.4358850537446144e-9,0.09,-0.08999999756411495,1.1920565262688817e-9
2303,plts_tim768,1,768,solar,8.227202115437748e-10,0.0,8.227202115437748e-10,1.260311544453533e-9
2304,batt_tim768,1,768,battery,0.0033336442837888897,0.0,0.0033336442837888897,0.00298948420614211
2305,pltd_tim769,1,769,diesel,2.435884762110073e-9,0.0681,-0.06809999756411524,1.1920562374211694e-9
2306,plts_tim769,1,769,solar,8.192732360398304e-10,0.0,8.192732360398304e-10,1.2549074882733413e-9
2307,batt_tim769,1,769,battery,0.0033356618583016092,0.0,0.0033356618583016092,0.002998744593342011
2308,pltd_tim770,1,770,diesel,2.4358851935087763e-9,0.1038,-0.10379999756411482,1.1920566831542725e-9
2309,plts_tim770,1,770,solar,8.215285703224555e-10,0.0,8.215285703224555e-10,1.2584359090506754e-9
2310,batt_tim770,1,770,battery,0.003334385939330101,0.0,0.003334385939330101,0.0029914096908655466
2311,pltd_tim771,1,771,diesel,2.4358853707048743e-9,0.1251,-0.1250999975641146,1.1920568508518409e-9
2312,plts_tim771,1,771,solar,8.226405304969999e-10,0.0,8.226405304969999e-10,1.26018045826031e-9
2313,batt_tim771,1,771,battery,0.003332587059039488,0.0,0.003332587059039488,0.0029871314037688834
2314,pltd_tim772,1,772,diesel,2.435884663919007e-9,0.0622,-0.06219999756411534,1.1920561658704888e-9
2315,plts_tim772,1,772,solar,8.217581193611148e-10,0.0,8.217581193611148e-10,1.2587927717434394e-9
2316,batt_tim772,1,772,battery,0.003332632440230615,0.0,0.003332632440230615,0.0029921778467201536
2317,pltd_tim773,1,773,diesel,2.4358850380272787e-9,0.0887,-0.08869999756411497,1.1920565053513147e-9
2318,plts_tim773,1,773,solar,8.213835008109929e-10,0.0,8.213835008109929e-10,1.2582118806826267e-9
2319,batt_tim773,1,773,battery,0.0033351688445912493,0.0,0.0033351688445912493,0.002993234092160622
2320,pltd_tim774,1,774,diesel,2.4358839578168135e-9,0.0339,-0.03389999756411604,1.1920556928215124e-9
2321,plts_tim774,1,774,solar,1.3757728764443494e-9,0.0,1.3757728764443494e-9,2.1643970261768567e-9
2322,batt_tim774,1,774,battery,0.003325268694164416,0.0,0.003325268694164416,0.00298769824664995
2323,pltd_tim775,1,775,diesel,2.435885480968625e-9,0.1439,-0.1438999975641145,1.1920568926912819e-9
2324,plts_tim775,1,775,solar,1.3756502405636654e-9,0.0,1.3756502405636654e-9,2.1642012111488284e-9
2325,batt_tim775,1,775,battery,0.0033326076088025978,0.0,0.0033326076088025978,0.002988351456141129
2326,pltd_tim776,1,776,diesel,2.4358844457581573e-9,0.0527,-0.05269999756411555,1.1920559630988832e-9
2327,plts_tim776,1,776,solar,1.2404273019277829e-9,0.0,1.2404273019277829e-9,1.9348152976722487e-9
2328,batt_tim776,1,776,battery,0.0033309909703527563,0.0,0.0033309909703527563,0.00299215877248308
2329,pltd_tim777,1,777,diesel,2.435885173555346e-9,0.1023,-0.10229999756411483,1.1920566580454499e-9
2330,plts_tim777,1,777,solar,8.146118221221809e-10,0.0,8.146118221221809e-10,1.2474372204324713e-9
2331,batt_tim777,1,777,battery,0.0033712494000062375,0.0,0.0033712494000062375,0.0030660747779906045
2332,pltd_tim778,1,778,diesel,2.43588458305456e-9,0.0579,-0.057899997564115416,1.1920561075010369e-9
2333,plts_tim778,1,778,solar,8.19404596003089e-10,0.0,8.19404596003089e-10,1.2551140585935813e-9
2334,batt_tim778,1,778,battery,0.003329797459564856,0.0,0.003329797459564856,0.0029915908521057073
2335,pltd_tim779,1,779,diesel,2.4358849534087906e-9,0.0819,-0.08189999756411505,1.192056390971206e-9
2336,plts_tim779,1,779,solar,8.157907979039268e-10,0.0,8.157907979039268e-10,1.2494066469583716e-9
2337,batt_tim779,1,779,battery,0.0033493709116420305,0.0,0.0033493709116420305,0.0030215439319390834
2338,pltd_tim780,1,780,diesel,2.4358852964635615e-9,0.1158,-0.1157999975641147,1.1920567822019747e-9
2339,plts_tim780,1,780,solar,8.172919261207726e-10,0.0,8.172919261207726e-10,1.2518225313334927e-9
2340,batt_tim780,1,780,battery,0.0033413519278805296,0.0,0.0033413519278805296,0.003005228599904068
