Segment,Zone,NSE_Price,Max_NSE_MW,Total_NSE_MWh,NSE_Percent_of_Demand
1,1,2000.0,2.9691179227312286e-13,1.2030016096929266e-9,1.7636023134619261e-13
1,2,2000.0,2.9691179227831505e-13,1.203001609734608e-9,1.7636023135230312e-13
1,3,2000.0,2.9691179227830394e-13,1.2030016097345125e-9,1.763602313522891e-13
1,4,2000.0,2.9691179227538135e-13,1.2030016097107443e-9,1.763602313488047e-13
1,5,2000.0,2.969117922759973e-13,1.2030016097156869e-9,1.7636023134952926e-13
1,6,2000.0,2.969117922753262e-13,1.2030016097102914e-9,1.763602313487383e-13
1,7,2000.0,2.969117922749106e-13,1.203001609706988e-9,1.76360231348254e-13
1,8,2000.0,2.9691179227784087e-13,1.203001609730678e-9,1.7636023135172698e-13
1,9,2000.0,2.969117922777288e-13,1.20300160972977e-9,1.7636023135159387e-13
1,10,2000.0,2.969117922754889e-13,1.2030016097116025e-9,1.763602313489305e-13
1,11,2000.0,2.9691179227762136e-13,1.203001609728888e-9,1.7636023135146455e-13
1,12,2000.0,2.9691179227331703e-13,1.2030016096944103e-9,1.7636023134641014e-13
1,13,2000.0,2.969117922638836e-13,1.2053778159494724e-9,1.7670858356929367e-13
1,14,2000.0,2.9691179227030315e-13,1.2030016096712772e-9,1.7636023134301882e-13
1,15,2000.0,2.9691179225498456e-13,1.2053778160641233e-9,1.767085835861015e-13
1,16,2000.0,2.9691179227652023e-13,1.2030016097198974e-9,1.7636023135014656e-13
1,17,2000.0,2.969117922605746e-13,1.205377815991654e-9,1.767085835754775e-13
1,18,2000.0,2.9691179226360917e-13,1.2030016096223908e-9,1.7636023133585205e-13
1,19,2000.0,2.9691179227017683e-13,1.2030016096702716e-9,1.7636023134287137e-13
1,20,2000.0,1.5290763420476644e-13,1.2624775721330005e-9,1.850794170986924e-13
1,21,2000.0,2.9691179226765157e-13,1.203001609651589e-9,1.7636023134013255e-13
1,22,2000.0,2.969117922618201e-13,1.2030016096096593e-9,1.7636023133398562e-13
1,23,2000.0,2.969117922610502e-13,1.2030016096045308e-9,1.7636023133323376e-13
1,24,2000.0,2.9691179224490683e-13,1.20300160949908e-9,1.7636023131777466e-13
1,25,2000.0,1.5290763568254975e-13,1.2624775728235693e-9,1.8507941719992992e-13
1,26,2000.0,2.9691179226464223e-13,1.203001609629581e-9,1.7636023133690614e-13
1,27,2000.0,2.969117922629705e-13,1.2030016096178436e-9,1.7636023133518542e-13
1,28,2000.0,2.969117922560036e-13,1.2030016095701877e-9,1.7636023132819906e-13
1,29,2000.0,2.969117922443983e-13,1.2030016094956099e-9,1.7636023131726595e-13
1,30,2000.0,1.5288470526697005e-13,1.26123963291972e-9,1.8489793500898648e-13
1,31,2000.0,2.969117922588431e-13,1.2030016095889545e-9,1.7636023133095028e-13
1,32,2000.0,2.969117922666688e-13,1.203001609644241e-9,1.763602313390553e-13
1,33,2000.0,2.9691179225564766e-13,1.2030016095677326e-9,1.7636023132783916e-13
1,34,2000.0,2.9691179224872274e-13,1.2030016095225915e-9,1.7636023132122147e-13
1,35,2000.0,2.969117922496394e-13,1.203001609528287e-9,1.7636023132205645e-13
1,36,2000.0,2.969117922222994e-13,1.203001609367965e-9,1.763602312985532e-13
1,37,2000.0,2.969117922503767e-13,1.2030016095335417e-9,1.7636023132282676e-13
1,38,2000.0,2.9691179226699907e-13,1.203001609646614e-9,1.7636023133940318e-13
1,39,2000.0,2.969117922473099e-13,1.2030016095135967e-9,1.7636023131990282e-13
1,40,2000.0,2.9691179224265197e-13,1.2030016094854488e-9,1.7636023131577633e-13
1,41,2000.0,2.969117922460441e-13,1.203001609505973e-9,1.7636023131878519e-13
1,42,2000.0,2.9691179225037357e-13,1.2030016095335485e-9,1.7636023132282776e-13
1,43,2000.0,2.9691179226455075e-13,1.2030016096289934e-9,1.7636023133681999e-13
1,44,2000.0,2.9691179225955455e-13,1.203001609594143e-9,1.7636023133171092e-13
1,45,2000.0,2.969117922518464e-13,1.2030016095428303e-9,1.7636023132418847e-13
1,46,2000.0,2.9691179226012374e-13,1.2030016095978153e-9,1.763602313322493e-13
1,47,2000.0,2.969117922608263e-13,1.203001609602906e-9,1.7636023133299556e-13
1,48,2000.0,2.969117922602015e-13,1.2030016095982731e-9,1.763602313323164e-13
1,49,2000.0,2.9691179227000437e-13,1.2030016096689696e-9,1.763602313426805e-13
1,50,2000.0,2.969117922716744e-13,1.203001609681707e-9,1.7636023134454782e-13
1,51,2000.0,2.969117922658325e-13,1.203001609638215e-9,1.7636023133817188e-13
1,52,2000.0,2.9691179226714135e-13,1.2030016096476579e-9,1.763602313395562e-13
1,53,2000.0,2.969117922646514e-13,1.203001609629818e-9,1.763602313369409e-13
1,54,2000.0,2.9691179226314236e-13,1.203001609618887e-9,1.7636023133533842e-13
1,55,2000.0,2.9691179227034556e-13,1.203001609671641e-9,1.7636023134307213e-13
1,56,2000.0,2.9691179226707117e-13,1.2030016096472244e-9,1.7636023133949267e-13
1,57,2000.0,2.96911792268212e-13,1.203001609655651e-9,1.76360231340728e-13
1,58,2000.0,2.969117922721625e-13,1.2030016096855198e-9,1.7636023134510679e-13
1,59,2000.0,2.9691179225070083e-13,1.2030016095353543e-9,1.763602313230925e-13
1,60,2000.0,2.9691179227581907e-13,1.2030016097142556e-9,1.7636023134931946e-13
1,61,2000.0,2.9691179223635643e-13,1.2030016094470449e-9,1.7636023131014631e-13
1,62,2000.0,2.9691179227337983e-13,1.2030016096949267e-9,1.7636023134648582e-13
1,63,2000.0,2.969117922608263e-13,1.203001609602906e-9,1.7636023133299556e-13
1,64,2000.0,2.9691179225929535e-13,1.2030016095922825e-9,1.7636023133143816e-13
1,65,2000.0,2.9691179223210855e-13,1.2030016094230515e-9,1.7636023130662888e-13
1,66,2000.0,2.9691179227609816e-13,1.2030016097164963e-9,1.7636023134964793e-13
1,67,2000.0,2.969117922749494e-13,1.2030016097073119e-9,1.763602313483015e-13
1,68,2000.0,2.9691179226886386e-13,1.2030016096605135e-9,1.7636023134144087e-13
1,69,2000.0,2.969117922746605e-13,1.203001609705014e-9,1.763602313479646e-13
1,70,2000.0,2.969117922423316e-13,1.2030016094829776e-9,1.7636023131541406e-13
1,71,2000.0,2.9691179226595954e-13,1.2030016096391712e-9,1.7636023133831206e-13
1,72,2000.0,2.96911792263489e-13,1.2030016096214638e-9,1.7636023133571616e-13
1,73,2000.0,2.969117922576034e-13,1.2030016095806389e-9,1.7636023132973122e-13
1,74,2000.0,2.9691179227784976e-13,1.203001609730761e-9,1.7636023135173915e-13
1,75,2000.0,2.969117922664018e-13,1.2030016096424353e-9,1.7636023133879057e-13
1,76,2000.0,2.969117922458355e-13,1.2030016095048123e-9,1.7636023131861502e-13
1,77,2000.0,2.969117922740713e-13,1.2030016097003354e-9,1.7636023134727874e-13
1,78,2000.0,2.9691179225790614e-13,1.203001609582771e-9,1.7636023133004376e-13
1,79,2000.0,2.9691179224440075e-13,1.2030016094956103e-9,1.7636023131726603e-13
1,80,2000.0,2.969117922597957e-13,1.2030016095955714e-9,1.7636023133192031e-13
1,81,2000.0,2.969117922677471e-13,1.2030016096521848e-9,1.7636023134021986e-13
1,82,2000.0,2.969117922776583e-13,1.2030016097291784e-9,1.7636023135150714e-13
1,83,2000.0,2.969117922750437e-13,1.2030016097080384e-9,1.7636023134840799e-13
1,84,2000.0,2.9691179227645117e-13,1.2030016097193424e-9,1.7636023135006518e-13
1,85,2000.0,2.969117922487159e-13,1.2030016095225967e-9,1.7636023132122222e-13
1,86,2000.0,2.9691179227631e-13,1.203001609718194e-9,1.7636023134989683e-13
1,87,2000.0,2.96911792275883e-13,1.2030016097147553e-9,1.763602313493927e-13
1,88,2000.0,2.969117922698707e-13,1.2030016096680222e-9,1.7636023134254164e-13
1,89,2000.0,2.969117922785667e-13,1.2030016097366906e-9,1.7636023135260844e-13
1,90,2000.0,2.969117922737804e-13,1.2030016096980497e-9,1.7636023134694366e-13
1,91,2000.0,2.9691179227336933e-13,1.2030016096948618e-9,1.7636023134647633e-13
1,92,2000.0,2.9691179227193267e-13,1.2030016096836762e-9,1.763602313448365e-13
1,93,2000.0,2.9691179227884254e-13,1.203001609738987e-9,1.7636023135294506e-13
1,94,2000.0,2.969117922669626e-13,1.2030016096463975e-9,1.7636023133937145e-13
1,95,2000.0,2.9691179223338517e-13,1.2030016094306876e-9,1.7636023130774833e-13
1,96,2000.0,2.969117922348682e-13,1.2030016094383307e-9,1.7636023130886881e-13
1,97,2000.0,2.969117922582023e-13,1.2030016095848509e-9,1.763602313303487e-13
1,98,2000.0,2.969117922328928e-13,1.2030016094271107e-9,1.7636023130722397e-13
1,99,2000.0,2.9691179223635765e-13,1.203001609447058e-9,1.7636023131014823e-13
1,100,2000.0,2.9691179227124847e-13,1.2030016096784902e-9,1.7636023134407624e-13
1,101,2000.0,2.9691179226215504e-13,1.2030016096119131e-9,1.7636023133431603e-13
1,102,2000.0,2.9691179226575093e-13,1.203001609637707e-9,1.7636023133809739e-13
1,103,2000.0,2.969117922686168e-13,1.2030016096585787e-9,1.763602313411572e-13
1,104,2000.0,2.9691179227050813e-13,1.2030016096728701e-9,1.7636023134325235e-13
1,105,2000.0,2.9691179226215504e-13,1.2030016096119131e-9,1.7636023133431603e-13
1,106,2000.0,2.9691179225086643e-13,1.2030016095362582e-9,1.76360231323225e-13
1,107,2000.0,2.969117922515153e-13,1.2030016095404547e-9,1.763602313238402e-13
1,108,2000.0,2.969117922610423e-13,1.2030016096041854e-9,1.7636023133318315e-13
1,109,2000.0,2.969117922640365e-13,1.2030016096252128e-9,1.7636023133626576e-13
1,110,2000.0,2.9691179225564866e-13,1.2030016095677347e-9,1.7636023132783947e-13
1,111,2000.0,2.9691179226703754e-13,1.2030016096470102e-9,1.7636023133946127e-13
1,112,2000.0,2.969117922684755e-13,1.2030016096575623e-9,1.7636023134100822e-13
1,113,2000.0,2.969117922723829e-13,1.2030016096871363e-9,1.7636023134534375e-13
1,114,2000.0,2.969117922632072e-13,1.20300160961951e-9,1.7636023133542972e-13
1,115,2000.0,2.969117922633763e-13,1.2030016096205288e-9,1.763602313355791e-13
1,116,2000.0,2.969117922638212e-13,1.203001609623681e-9,1.763602313360412e-13
1,117,2000.0,2.9691179226954665e-13,1.2030016096655242e-9,1.763602313421754e-13
1,118,2000.0,2.969117922645992e-13,1.2030016096292893e-9,1.7636023133686338e-13
1,119,2000.0,2.9691179226126515e-13,1.203001609605784e-9,1.7636023133341748e-13
1,120,2000.0,2.9691179226484226e-13,1.2030016096309749e-9,1.763602313371105e-13
1,121,2000.0,2.9691179226947607e-13,1.2030016096650752e-9,1.763602313421096e-13
1,122,2000.0,2.969117922653973e-13,1.2030016096349716e-9,1.7636023133769642e-13
1,123,2000.0,2.969117922642449e-13,1.2030016096267002e-9,1.7636023133648382e-13
1,124,2000.0,2.969117922650318e-13,1.2030016096323368e-9,1.7636023133731014e-13
1,125,2000.0,2.9691179226973487e-13,1.203001609666936e-9,1.7636023134238238e-13
1,126,2000.0,2.9691179226608435e-13,1.2030016096401188e-9,1.7636023133845097e-13
1,127,2000.0,2.9691179227253973e-13,1.203001609688417e-9,1.7636023134553148e-13
1,128,2000.0,2.969117922711793e-13,1.2030016096779619e-9,1.7636023134399877e-13
1,129,2000.0,2.969117922696658e-13,1.2030016096665023e-9,1.7636023134231881e-13
1,130,2000.0,2.969117922667093e-13,1.2030016096446552e-9,1.7636023133911604e-13
1,131,2000.0,2.969117922687561e-13,1.2030016096597093e-9,1.7636023134132296e-13
1,132,2000.0,2.9691179226583363e-13,1.2030016096382152e-9,1.7636023133817193e-13
1,133,2000.0,2.969117922333265e-13,1.202932060030483e-9,1.7635003535438363e-13
1,134,2000.0,2.969117922694999e-13,1.2030016096652276e-9,1.7636023134213194e-13
1,135,2000.0,2.9691179227331794e-13,1.203001609694468e-9,1.763602313464186e-13
1,136,2000.0,2.9691179226484247e-13,1.2030016096309757e-9,1.7636023133711062e-13
1,137,2000.0,2.969117922409352e-13,1.2030016094747453e-9,1.763602313142072e-13
1,138,2000.0,1.550635966025682e-13,1.2599685210809631e-9,1.8471158980699853e-13
1,139,2000.0,2.9691179227034495e-13,1.2030016096715378e-9,1.76360231343057e-13
1,140,2000.0,1.5506358158767936e-13,1.2599685180822076e-9,1.847115893673805e-13
1,141,2000.0,1.5506360584769983e-13,1.2599685230906805e-9,1.8471159010162347e-13
1,142,2000.0,2.969117922624113e-13,1.2030016096137205e-9,1.7636023133458098e-13
1,143,2000.0,2.9691179226689154e-13,1.2030016096459595e-9,1.7636023133930723e-13
1,144,2000.0,2.969117922618065e-13,1.2030016096096717e-9,1.7636023133398743e-13
1,145,2000.0,2.969117922621595e-13,1.203001609612226e-9,1.763602313343619e-13
1,146,2000.0,2.96911792259375e-13,1.2030016095927838e-9,1.7636023133151167e-13
1,147,2000.0,1.5516734700033348e-13,1.2596810822221684e-9,1.8466945122361971e-13
1,148,2000.0,1.5506358528268037e-13,1.2599685189370261e-9,1.8471158949269704e-13
1,149,2000.0,2.969117922541487e-13,1.2030016095578147e-9,1.7636023132638519e-13
1,150,2000.0,2.969117922677792e-13,1.2030016096523796e-9,1.7636023134024841e-13
1,151,2000.0,2.9691179225798137e-13,1.2030016095833264e-9,1.763602313301252e-13
1,152,2000.0,2.9691179226608203e-13,1.2030016096401202e-9,1.763602313384512e-13
1,153,2000.0,2.9691179224181237e-13,1.2030016094802065e-9,1.7636023131500782e-13
1,154,2000.0,2.969117922583984e-13,1.2030016095863493e-9,1.7636023133056837e-13
1,155,2000.0,2.969117922629059e-13,1.2030016096172067e-9,1.7636023133509207e-13
1,156,2000.0,2.969117922513627e-13,1.2030016095395903e-9,1.7636023132371349e-13
1,157,2000.0,2.9691179226703704e-13,1.203001609647009e-9,1.7636023133946107e-13
1,158,2000.0,1.524857613224961e-13,1.2594584044961603e-9,1.8463680663282446e-13
1,159,2000.0,1.5129268671673704e-13,1.2604546238965325e-9,1.8478285255870321e-13
1,160,2000.0,2.969117922683697e-13,1.203001609657039e-9,1.7636023134093148e-13
1,161,2000.0,2.969117922675403e-13,1.2030016096508295e-9,1.7636023134002117e-13
1,162,2000.0,2.969117922614792e-13,1.2030016096073423e-9,1.7636023133364594e-13
1,163,2000.0,1.5248576115877866e-13,1.25880120641642e-9,1.845404612876068e-13
1,164,2000.0,1.5248576259098468e-13,1.2594584048058046e-9,1.846368066782184e-13
1,165,2000.0,1.5248576141711997e-13,1.2588012064504467e-9,1.8454046129259512e-13
1,166,2000.0,1.5248576466063809e-13,1.2594584052900248e-9,1.8463680674920515e-13
1,167,2000.0,1.524857519585811e-13,1.2594584021179019e-9,1.8463680628417142e-13
1,168,2000.0,2.9691179225955616e-13,1.2030016095941494e-9,1.7636023133171185e-13
1,169,2000.0,2.969117922747027e-13,1.2030016097053304e-9,1.76360231348011e-13
1,170,2000.0,2.9691179227244905e-13,1.2030016096876994e-9,1.763602313454263e-13
1,171,2000.0,2.969117922712823e-13,1.2030016096787065e-9,1.7636023134410795e-13
1,172,2000.0,2.9691179225689014e-13,1.2030016095761086e-9,1.7636023132906709e-13
1,173,2000.0,2.969117922689173e-13,1.2030016096608462e-9,1.7636023134148964e-13
1,174,2000.0,2.9691179226880843e-13,1.2030016096600474e-9,1.7636023134137253e-13
1,175,2000.0,2.969117922662035e-13,1.2030016096408516e-9,1.763602313385584e-13
1,176,2000.0,2.969117922571959e-13,1.2030016095778755e-9,1.763602313293261e-13
1,177,2000.0,2.9691179227415693e-13,1.203001609701017e-9,1.7636023134737868e-13
1,178,2000.0,2.969117922623491e-13,1.2030016096133491e-9,1.7636023133452653e-13
1,179,2000.0,2.9691179225894143e-13,1.2030016095898787e-9,1.763602313310858e-13
1,180,2000.0,2.969117922640915e-13,1.2030016096257794e-9,1.7636023133634882e-13
1,181,2000.0,2.969117922629708e-13,1.2030016096178453e-9,1.763602313351857e-13
1,182,2000.0,2.9691179227108954e-13,1.2030016096772238e-9,1.7636023134389058e-13
1,183,2000.0,2.9691179226703694e-13,1.2030016096470096e-9,1.7636023133946117e-13
1,184,2000.0,2.9691179225504746e-13,1.2030016095638661e-9,1.7636023132727232e-13
1,185,2000.0,2.969117922696884e-13,1.2030016096666462e-9,1.763602313423399e-13
1,186,2000.0,2.969117922605218e-13,1.2030016096008035e-9,1.7636023133268734e-13
1,187,2000.0,2.9691179224582973e-13,1.2030016095048162e-9,1.763602313186156e-13
1,188,2000.0,2.9691179227883143e-13,1.2030016097388938e-9,1.7636023135293143e-13
1,189,2000.0,2.9691179227866765e-13,1.2030016097375352e-9,1.7636023135273223e-13
1,190,2000.0,2.9691179228008907e-13,1.2030016097494693e-9,1.7636023135448179e-13
1,191,2000.0,2.9691179227723624e-13,1.2030016097257276e-9,1.7636023135100123e-13
1,192,2000.0,2.969117922688352e-13,1.2030016096602143e-9,1.7636023134139697e-13
1,193,2000.0,2.9691179226502917e-13,1.2030016096323387e-9,1.7636023133731042e-13
1,194,2000.0,2.9691179225911046e-13,1.2030016095908903e-9,1.763602313312341e-13
1,195,2000.0,2.9691179227406404e-13,1.2030016097002802e-9,1.7636023134727066e-13
1,196,2000.0,2.9691179224120794e-13,1.2030016094762003e-9,1.763602313144205e-13
1,197,2000.0,2.969117922525452e-13,1.203001609547598e-9,1.763602313248874e-13
1,198,2000.0,2.9691179227021944e-13,1.2030016096706459e-9,1.7636023134292625e-13
1,199,2000.0,2.969117922746816e-13,1.2030016097051527e-9,1.7636023134798498e-13
1,200,2000.0,2.9691179227579584e-13,1.2030016097140766e-9,1.763602313492932e-13
1,201,2000.0,2.969117922695938e-13,1.2030016096659427e-9,1.7636023134223677e-13
1,202,2000.0,2.96911792246915e-13,1.203001609511412e-9,1.7636023131958253e-13
1,203,2000.0,2.969117922760606e-13,1.203001609716202e-9,1.763602313496048e-13
1,204,2000.0,2.969117922748583e-13,1.2030016097065703e-9,1.7636023134819279e-13
1,205,2000.0,2.969117922758144e-13,1.2030016097142252e-9,1.76360231349315e-13
1,206,2000.0,2.9691179227373405e-13,1.2030016096977e-9,1.763602313468924e-13
1,207,2000.0,2.969117922750561e-13,1.2030016097081552e-9,1.7636023134842513e-13
1,208,2000.0,2.9691179227668987e-13,1.2030016097212716e-9,1.7636023135034798e-13
1,209,2000.0,2.9691179226561805e-13,1.203001609636722e-9,1.7636023133795302e-13
1,210,2000.0,2.9691179227406404e-13,1.2030016097002804e-9,1.763602313472707e-13
1,211,2000.0,2.969117922602033e-13,1.2030016095982785e-9,1.763602313323172e-13
1,212,2000.0,2.9691179227110913e-13,1.20300160967743e-9,1.763602313439208e-13
1,213,2000.0,2.9691179226314984e-13,1.2030016096191646e-9,1.7636023133537908e-13
1,214,2000.0,2.969117922569919e-13,1.203001609576706e-9,1.7636023132915466e-13
1,215,2000.0,2.9691179226182243e-13,1.2030016096096647e-9,1.763602313339864e-13
1,216,2000.0,2.9691179225937906e-13,1.2030016095927794e-9,1.7636023133151102e-13
1,217,2000.0,2.969117922667441e-13,1.203001609644884e-9,1.7636023133914956e-13
1,218,2000.0,2.969117922431522e-13,1.2030016094881373e-9,1.7636023131617046e-13
1,219,2000.0,2.969117922529056e-13,1.2030016095498241e-9,1.7636023132521379e-13
1,220,2000.0,2.9691179226696494e-13,1.203001609646397e-9,1.7636023133937138e-13
1,221,2000.0,2.969117922210452e-13,1.2053704508302723e-9,1.7670750384162286e-13
1,222,2000.0,2.9691179221635264e-13,1.2053704508508447e-9,1.7670750384463879e-13
1,223,2000.0,2.9691179227558703e-13,1.2030016097123955e-9,1.7636023134904675e-13
1,224,2000.0,2.969117922778734e-13,1.2030016097309579e-9,1.76360231351768e-13
1,225,2000.0,2.969117922750984e-13,1.2030016097085053e-9,1.7636023134847645e-13
1,226,2000.0,2.9691179227022065e-13,1.203001609670645e-9,1.7636023134292612e-13
1,227,2000.0,2.969117922631449e-13,1.2030016096188863e-9,1.763602313353383e-13
1,228,2000.0,2.9691179227514133e-13,1.2030016097088126e-9,1.763602313485215e-13
1,229,2000.0,2.9691179227487143e-13,1.203001609706662e-9,1.7636023134820622e-13
1,230,2000.0,2.969117922761145e-13,1.203001609716628e-9,1.7636023134966724e-13
1,231,2000.0,2.969117922739689e-13,1.2030016096995198e-9,1.7636023134715916e-13
1,232,2000.0,2.969117922741732e-13,1.2030016097011684e-9,1.7636023134740087e-13
1,233,2000.0,2.9691179227095686e-13,1.2030016096763367e-9,1.7636023134376052e-13
1,234,2000.0,2.969117922776797e-13,1.203001609729364e-9,1.7636023135153435e-13
1,235,2000.0,2.9691179227191833e-13,1.2030016096835805e-9,1.7636023134482247e-13
1,236,2000.0,2.9691179227013563e-13,1.2030016096700058e-9,1.7636023134283242e-13
1,237,2000.0,2.969117922574046e-13,1.2030016095795013e-9,1.7636023132956444e-13
1,238,2000.0,2.9691179227570133e-13,1.203001609713313e-9,1.7636023134918127e-13
1,239,2000.0,2.969117922564509e-13,1.2030016095731974e-9,1.763602313286403e-13
1,240,2000.0,2.9691179226998296e-13,1.2030016096688319e-9,1.763602313426603e-13
1,241,2000.0,2.969117922588532e-13,1.2030016095893735e-9,1.763602313310117e-13
1,242,2000.0,2.9691179227117617e-13,1.2030016096779616e-9,1.7636023134399875e-13
1,243,2000.0,2.9691179226784413e-13,1.2030016096529262e-9,1.7636023134032854e-13
1,244,2000.0,2.9691179227775444e-13,1.2030016097299839e-9,1.763602313516252e-13
1,245,2000.0,2.969117922762684e-13,1.2030016097178741e-9,1.7636023134984992e-13
1,246,2000.0,2.9691179227791055e-13,1.2030016097312637e-9,1.7636023135181284e-13
1,247,2000.0,2.9691179227841804e-13,1.2030016097354559e-9,1.7636023135242742e-13
1,248,2000.0,2.9691179227609e-13,1.2030016097164208e-9,1.7636023134963687e-13
1,249,2000.0,2.969117922774821e-13,1.2030016097277331e-9,1.7636023135129524e-13
1,250,2000.0,2.9691179227769557e-13,1.2030016097294942e-9,1.7636023135155343e-13
1,251,2000.0,2.9691179227755895e-13,1.2030016097283779e-9,1.7636023135138978e-13
1,252,2000.0,2.969117922791512e-13,1.2030016097415644e-9,1.763602313533229e-13
1,253,2000.0,2.9691179225184163e-13,1.2030016095428365e-9,1.7636023132418938e-13
1,254,2000.0,2.9691179225771874e-13,1.2030016095816654e-9,1.763602313298817e-13
1,255,2000.0,2.969117922613344e-13,1.2030016096061903e-9,1.7636023133347706e-13
1,256,2000.0,2.9691179226425035e-13,1.203001609626949e-9,1.7636023133652027e-13
1,257,2000.0,2.969117922512064e-13,1.2030016095387252e-9,1.7636023132358666e-13
1,258,2000.0,2.9691179223156773e-13,1.2030016094192952e-9,1.7636023130607822e-13
1,259,2000.0,2.969117922233991e-13,1.2030016093734649e-9,1.7636023129935947e-13
1,260,2000.0,2.9691179224393293e-13,1.2030016094930926e-9,1.7636023131689692e-13
1,261,2000.0,2.969117922235923e-13,1.2030016093756627e-9,1.7636023129968168e-13
1,262,2000.0,2.969117922652209e-13,1.203001609633892e-9,1.7636023133753811e-13
1,263,2000.0,2.969117922456171e-13,1.2030016095036524e-9,1.7636023131844498e-13
1,264,2000.0,2.969117922785172e-13,1.2030016097362797e-9,1.763602313525482e-13
1,265,2000.0,2.969117922747438e-13,1.2030016097056757e-9,1.7636023134806162e-13
1,266,2000.0,2.969117922788575e-13,1.2030016097391097e-9,1.7636023135296306e-13
1,267,2000.0,2.9691179227841905e-13,1.2030016097354646e-9,1.7636023135242868e-13
1,268,2000.0,2.96911792279147e-13,1.2030016097415282e-9,1.763602313533176e-13
1,269,2000.0,2.9691179227459617e-13,1.2030016097044786e-9,1.7636023134788613e-13
1,270,2000.0,2.9691179227689747e-13,1.2030016097229675e-9,1.763602313505966e-13
1,271,2000.0,2.9691179219608984e-13,1.2030016092344956e-9,1.7636023127898656e-13
1,272,2000.0,2.9691179225838274e-13,1.2030016095859275e-9,1.7636023133050652e-13
1,273,2000.0,2.9691179226354515e-13,1.2030016096217996e-9,1.7636023133576539e-13
1,274,2000.0,2.9691179224793585e-13,1.2030016095176665e-9,1.7636023132049945e-13
1,275,2000.0,2.969117922196162e-13,1.2030016093541622e-9,1.7636023129652972e-13
1,276,2000.0,2.969117922519744e-13,1.2030016095436831e-9,1.763602313243135e-13
1,277,2000.0,2.9691179225410225e-13,1.2030016095578364e-9,1.7636023132638837e-13
1,278,2000.0,2.9691179225087794e-13,1.2030016095369859e-9,1.7636023132333168e-13
1,279,2000.0,2.9691179222074905e-13,1.2053704508353197e-9,1.767075038423628e-13
1,280,2000.0,2.9691179216310097e-13,1.2026468894837789e-9,1.7630822930592565e-13
1,281,2000.0,2.9691179223031384e-13,1.2030016094129135e-9,1.7636023130514264e-13
1,282,2000.0,2.9691179219584094e-13,1.2026468896961726e-9,1.763082293370626e-13
1,283,2000.0,2.9691179226575113e-13,1.2030016096377086e-9,1.7636023133809764e-13
1,284,2000.0,2.969117922433908e-13,1.2030016094894542e-9,1.7636023131636352e-13
1,285,2000.0,2.969117922679366e-13,1.203001609653661e-9,1.7636023134043628e-13
1,286,2000.0,2.969117922714494e-13,1.2030016096800271e-9,1.7636023134430154e-13
1,287,2000.0,2.969117922391501e-13,1.203001609464415e-9,1.7636023131269278e-13
1,288,2000.0,2.9691179225136393e-13,1.2030016095395985e-9,1.763602313237147e-13
1,289,2000.0,2.96911792273872e-13,1.2030016096987888e-9,1.76360231347052e-13
1,290,2000.0,2.9691179225184517e-13,1.2030016095428295e-9,1.7636023132418834e-13
1,291,2000.0,2.9691179225283583e-13,1.2053689931548193e-9,1.7670729014616472e-13
1,292,2000.0,2.969117922681221e-13,1.2030016096549453e-9,1.7636023134062454e-13
1,293,2000.0,2.9691179227298816e-13,1.2030016096918785e-9,1.7636023134603898e-13
1,294,2000.0,2.969117922691268e-13,1.2030016096624038e-9,1.7636023134171797e-13
1,295,2000.0,2.969117922636015e-13,1.2030016096221226e-9,1.7636023133581272e-13
1,296,2000.0,2.9691179227048733e-13,1.2030016096726385e-9,1.7636023134321837e-13
1,297,2000.0,2.9691179222584583e-13,1.2030016093880923e-9,1.7636023130150386e-13
1,298,2000.0,2.969117922610536e-13,1.203001609604528e-9,1.7636023133323338e-13
1,299,2000.0,2.969117922735611e-13,1.2030016096963207e-9,1.763602313466902e-13
1,300,2000.0,2.969117922687832e-13,1.2030016096598774e-9,1.763602313413476e-13
1,301,2000.0,2.9691179226424995e-13,1.2030016096269498e-9,1.7636023133652042e-13
1,302,2000.0,2.9691179226894515e-13,1.2030016096611449e-9,1.763602313415334e-13
1,303,2000.0,2.969117922696886e-13,1.203001609666646e-9,1.763602313423399e-13
1,304,2000.0,2.969117922685889e-13,1.203001609658404e-9,1.7636023134113158e-13
1,305,2000.0,2.9691179227019864e-13,1.2030016096705133e-9,1.763602313429068e-13
1,306,2000.0,2.969117922664006e-13,1.2030016096422392e-9,1.7636023133876182e-13
1,307,2000.0,2.969117922729306e-13,1.203001609691442e-9,1.7636023134597496e-13
1,308,2000.0,2.9691179226891657e-13,1.2030016096608465e-9,1.7636023134148964e-13
1,309,2000.0,2.9691179226827115e-13,1.2030016096560163e-9,1.7636023134078156e-13
1,310,2000.0,2.9691179226298e-13,1.2030016096182045e-9,1.7636023133523835e-13
1,311,2000.0,2.969117922465431e-13,1.2030016095103285e-9,1.7636023131942372e-13
1,312,2000.0,2.969117922605137e-13,1.20300160960126e-9,1.7636023133275429e-13
1,313,2000.0,2.969117922677057e-13,1.203001609652193e-9,1.7636023134022105e-13
1,314,2000.0,2.9691179226338016e-13,1.2030016096211408e-9,1.763602313356688e-13
1,315,2000.0,2.969117922676335e-13,1.2030016096515942e-9,1.7636023134013328e-13
1,316,2000.0,2.969117922523046e-13,1.203001609546824e-9,1.7636023132477394e-13
1,317,2000.0,2.969117922612605e-13,1.2030016096062064e-9,1.763602313334794e-13
1,318,2000.0,2.969117922578494e-13,1.2030016095827846e-9,1.7636023133004578e-13
1,319,2000.0,2.9691179227046673e-13,1.2030016096725167e-9,1.7636023134320052e-13
1,320,2000.0,2.969117922672517e-13,1.2030016096488536e-9,1.763602313397315e-13
1,321,2000.0,2.969117922617443e-13,1.203001609609678e-9,1.7636023133398837e-13
1,322,2000.0,2.9691179225819847e-13,1.203001609584853e-9,1.76360231330349e-13
1,323,2000.0,2.969117922694984e-13,1.2030016096652278e-9,1.7636023134213196e-13
1,324,2000.0,2.9691179226947466e-13,1.2030016096650767e-9,1.7636023134210982e-13
1,325,2000.0,2.969117922669202e-13,1.2030016096464053e-9,1.763602313393726e-13
1,326,2000.0,2.9691179226044585e-13,1.2030016096008304e-9,1.7636023133269128e-13
1,327,2000.0,2.969117922658708e-13,1.2030016096389315e-9,1.7636023133827694e-13
1,328,2000.0,2.9691179227002073e-13,1.2030016096693602e-9,1.7636023134273778e-13
1,329,2000.0,2.9691179227211746e-13,1.2030016096852735e-9,1.7636023134507066e-13
1,330,2000.0,2.9691179225075616e-13,1.2030016095369977e-9,1.763602313233334e-13
1,331,2000.0,2.969117922704415e-13,1.2030016096725223e-9,1.7636023134320133e-13
1,332,2000.0,2.9691179226175377e-13,1.2030016096092703e-9,1.7636023133392857e-13
1,333,2000.0,2.9691179227730036e-13,1.2030016097262504e-9,1.7636023135107787e-13
1,334,2000.0,2.969117922684434e-13,1.2030016096573893e-9,1.7636023134098282e-13
1,335,2000.0,2.9691179227519424e-13,1.2030016097092307e-9,1.7636023134858282e-13
1,336,2000.0,2.9691179226982564e-13,1.2030016096676225e-9,1.7636023134248302e-13
1,337,2000.0,2.9691179226886397e-13,1.2030016096605162e-9,1.7636023134144125e-13
1,338,2000.0,2.9691179226961723e-13,1.20300160966609e-9,1.7636023134225836e-13
1,339,2000.0,2.9691179227228235e-13,1.2030016096864647e-9,1.763602313452453e-13
1,340,2000.0,2.9691179227042715e-13,1.2030016096721606e-9,1.7636023134314832e-13
1,341,2000.0,2.96911792273492e-13,1.203001609695816e-9,1.7636023134661617e-13
1,342,2000.0,2.969117922613312e-13,1.2030016096061942e-9,1.7636023133347761e-13
1,343,2000.0,2.9691179226714246e-13,1.2030016096476606e-9,1.7636023133955661e-13
1,344,2000.0,2.9691179227087386e-13,1.2030016096756613e-9,1.763602313436615e-13
1,345,2000.0,2.9691179226721233e-13,1.20300160964826e-9,1.7636023133964449e-13
1,346,2000.0,2.9691179227089223e-13,1.2030016096757804e-9,1.7636023134367899e-13
1,347,2000.0,2.969117922611135e-13,1.2029320602111986e-9,1.7635003538087659e-13
1,348,2000.0,2.9691179226188857e-13,1.2030016096100576e-9,1.76360231334044e-13
1,349,2000.0,2.9691179227487213e-13,1.2030016097066623e-9,1.7636023134820627e-13
1,350,2000.0,2.969117922336695e-13,1.203001609459443e-9,1.7636023131196388e-13
1,351,2000.0,2.969117922531749e-13,1.2030016095513765e-9,1.7636023132544136e-13
1,352,2000.0,2.9691179226731543e-13,1.2030016096490604e-9,1.7636023133976182e-13
1,353,2000.0,2.9691179223180573e-13,1.20300160944791e-9,1.7636023131027311e-13
1,354,2000.0,2.969117922717513e-13,1.2030016096822822e-9,1.7636023134463213e-13
1,355,2000.0,2.969117922737898e-13,1.2030016096981101e-9,1.7636023134695252e-13
1,356,2000.0,2.9691179224557144e-13,1.2030016095026939e-9,1.7636023131830445e-13
1,357,2000.0,2.9691179224984154e-13,1.203001609530017e-9,1.7636023132231005e-13
1,358,2000.0,2.9691179226376315e-13,1.2030016096233657e-9,1.7636023133599498e-13
1,359,2000.0,2.969117922393402e-13,1.2030016094956506e-9,1.763602313172719e-13
1,360,2000.0,2.96911792263375e-13,1.2030016096205286e-9,1.7636023133557904e-13
1,361,2000.0,2.969117922697081e-13,1.2030016096667924e-9,1.7636023134236135e-13
1,362,2000.0,2.969117922691908e-13,1.2030016096630122e-9,1.7636023134180718e-13
1,363,2000.0,2.9691179227312003e-13,1.2030016096929274e-9,1.7636023134619274e-13
1,364,2000.0,2.9691179226025723e-13,1.2030016095991094e-9,1.76360231332439e-13
1,365,2000.0,2.969117922713664e-13,1.203001609679416e-9,1.7636023134421198e-13
1,366,2000.0,2.9691179226659144e-13,1.2030016096437867e-9,1.7636023133898869e-13
1,367,2000.0,2.9691179226747133e-13,1.203001609650258e-9,1.7636023133993736e-13
1,368,2000.0,2.969117922262492e-13,1.2030016093906206e-9,1.763602313018745e-13
1,369,2000.0,2.9691179225436215e-13,1.2030016095598452e-9,1.7636023132668286e-13
1,370,2000.0,2.9691179224770836e-13,1.20300160951662e-9,1.7636023132034605e-13
1,371,2000.0,2.9691179226899564e-13,1.203001609661474e-9,1.7636023134158168e-13
1,372,2000.0,2.969117922685059e-13,1.203001609657884e-9,1.7636023134105535e-13
1,373,2000.0,2.9691179227182544e-13,1.2030016096829274e-9,1.7636023134472675e-13
1,374,2000.0,2.9691179227299987e-13,1.2030016096919503e-9,1.7636023134604948e-13
1,375,2000.0,2.9691179225539663e-13,1.2030016095658824e-9,1.7636023132756792e-13
1,376,2000.0,2.969117922594677e-13,1.2030016095936695e-9,1.763602313316415e-13
1,377,2000.0,2.9691179226215716e-13,1.2030016096122227e-9,1.7636023133436142e-13
1,378,2000.0,2.969117922685026e-13,1.2030016096580649e-9,1.7636023134108188e-13
1,379,2000.0,2.9691179226802204e-13,1.203001609654577e-9,1.7636023134057057e-13
1,380,2000.0,2.969117922628536e-13,1.203001609617502e-9,1.7636023133513536e-13
1,381,2000.0,1.5288468840032544e-13,1.259355697811585e-9,1.8462174981618637e-13
1,382,2000.0,2.9691179226681803e-13,1.2030016096455608e-9,1.7636023133924877e-13
1,383,2000.0,2.9691179225633135e-13,1.2030016095732195e-9,1.7636023132864353e-13
1,384,2000.0,2.969117922670637e-13,1.2030016096474532e-9,1.763602313395262e-13
1,385,2000.0,2.969117922093439e-13,1.2030016093021086e-9,1.7636023128889862e-13
1,386,2000.0,2.969117922258453e-13,1.2030016093881029e-9,1.763602313015054e-13
1,387,2000.0,2.969117922702543e-13,1.2030016096709151e-9,1.7636023134296573e-13
1,388,2000.0,2.9691179224408247e-13,1.2030016094943762e-9,1.7636023131708508e-13
1,389,2000.0,2.9691179221941226e-13,1.2030016093541759e-9,1.7636023129653169e-13
1,390,2000.0,2.969117922429755e-13,1.2030016094881529e-9,1.7636023131617276e-13
1,391,2000.0,2.9691179225585364e-13,1.2030016095695652e-9,1.763602313281078e-13
1,392,2000.0,2.969117922678543e-13,1.2030016096531243e-9,1.763602313403576e-13
1,393,2000.0,2.969117922633198e-13,1.2030016096201862e-9,1.7636023133552885e-13
1,394,2000.0,1.5129268654716865e-13,1.2604546218962163e-9,1.8478285226545653e-13
1,395,2000.0,2.969117922592074e-13,1.2030016095917918e-9,1.7636023133136624e-13
1,396,2000.0,2.969117922664027e-13,1.203001609642435e-9,1.7636023133879055e-13
1,397,2000.0,2.96911792243689e-13,1.203001609491808e-9,1.763602313167086e-13
1,398,2000.0,2.9691179225384113e-13,1.2030016095563715e-9,1.763602313261736e-13
1,399,2000.0,2.969117922607638e-13,1.2030016096025674e-9,1.7636023133294596e-13
1,400,2000.0,2.969117922576014e-13,1.2030016095806426e-9,1.7636023132973175e-13
1,401,2000.0,2.969117922594126e-13,1.2030016095936742e-9,1.763602313316422e-13
1,402,2000.0,2.9691179224541816e-13,1.203001609502721e-9,1.7636023131830844e-13
1,403,2000.0,2.969117922635077e-13,1.203001609621804e-9,1.7636023133576602e-13
1,404,2000.0,2.9691179226760936e-13,1.2030016096651821e-9,1.7636023134212527e-13
1,405,2000.0,2.9691179226620643e-13,1.203001609656743e-9,1.763602313408881e-13
1,406,2000.0,2.9691179226272625e-13,1.2030016096161413e-9,1.7636023133493588e-13
1,407,2000.0,2.9691179227021944e-13,1.2030016096706459e-9,1.7636023134292625e-13
1,408,2000.0,2.969117922674179e-13,1.2030016096498493e-9,1.7636023133987749e-13
1,409,2000.0,2.969117922390474e-13,1.2030016094644496e-9,1.7636023131269786e-13
1,410,2000.0,2.969117922496712e-13,1.2030016095290698e-9,1.7636023132217118e-13
1,411,2000.0,2.969117922669918e-13,1.203001609646618e-9,1.7636023133940374e-13
1,412,2000.0,2.9691179225926294e-13,1.2030016096159636e-9,1.7636023133490983e-13
1,413,2000.0,2.969117922694981e-13,1.2030016096652282e-9,1.76360231342132e-13
1,414,2000.0,2.9691179226811484e-13,1.2030016096549476e-9,1.7636023134062487e-13
1,415,2000.0,2.969117922655293e-13,1.2030016096359862e-9,1.7636023133784513e-13
1,416,2000.0,2.969117922696875e-13,1.203001609666647e-9,1.7636023134234002e-13
1,417,2000.0,2.969117922009665e-13,1.2030016092575361e-9,1.763602312823643e-13
1,418,2000.0,2.9691179223710475e-13,1.2030016094519379e-9,1.7636023131086364e-13
1,419,2000.0,2.9691179224184105e-13,1.2030016094816611e-9,1.7636023131522105e-13
1,420,2000.0,2.96911792252182e-13,1.2030016095460381e-9,1.7636023132465873e-13
1,421,2000.0,1.5277042799705343e-13,1.2604843722798678e-9,1.8478721367653123e-13
1,422,2000.0,2.9691179226188736e-13,1.2030016096107855e-9,1.763602313341507e-13
1,423,2000.0,2.9691179226573296e-13,1.2030016096538574e-9,1.7636023134046505e-13
1,424,2000.0,2.9691179224762223e-13,1.2030016095470103e-9,1.7636023132480126e-13
1,425,2000.0,2.969117922641705e-13,1.203001609644665e-9,1.7636023133911745e-13
1,426,2000.0,1.525708051240533e-13,1.2580695076637322e-9,1.844331941316363e-13
1,427,2000.0,2.9691179226694546e-13,1.2030016096611016e-9,1.7636023134152705e-13
1,428,2000.0,2.9691179226755423e-13,1.2030016096649178e-9,1.7636023134208652e-13
1,429,2000.0,2.969117922544061e-13,1.203001609587554e-9,1.7636023133074495e-13
1,430,2000.0,2.969117922610929e-13,1.2030016096266367e-9,1.763602313364745e-13
1,431,2000.0,2.9691179225657854e-13,1.2030016096002484e-9,1.7636023133260598e-13
1,432,2000.0,2.969117922568233e-13,1.203001609601791e-9,1.763602313328321e-13
1,433,2000.0,2.969117922681502e-13,1.2030016096551302e-9,1.7636023134065165e-13
1,434,2000.0,2.9691179223831624e-13,1.2030016094912112e-9,1.7636023131662108e-13
1,435,2000.0,2.969117922397623e-13,1.203001609499696e-9,1.7636023131786496e-13
1,436,2000.0,2.969117922356264e-13,1.2028865219557132e-9,1.763433594652271e-13
1,437,2000.0,2.9691179226659225e-13,1.2030016096589154e-9,1.7636023134120656e-13
1,438,2000.0,2.9691179227030315e-13,1.2030016096712772e-9,1.7636023134301882e-13
1,439,2000.0,2.96911792225727e-13,1.2028865219732898e-9,1.7634335946780382e-13
1,440,2000.0,2.9691179223945543e-13,1.2030016094974235e-9,1.7636023131753182e-13
1,441,2000.0,2.9691179226043706e-13,1.2030016096000007e-9,1.7636023133256965e-13
1,442,2000.0,2.9691179224650767e-13,1.203001609509182e-9,1.7636023131925563e-13
1,443,2000.0,2.9691179227125837e-13,1.2030016096786006e-9,1.7636023134409243e-13
1,444,2000.0,2.9691179225727445e-13,1.2030016095789365e-9,1.7636023132948164e-13
1,445,2000.0,2.969117922737056e-13,1.203001609697464e-9,1.763602313468578e-13
1,446,2000.0,2.9691179226434305e-13,1.2030016096275597e-9,1.763602313366098e-13
1,447,2000.0,2.9691179226443695e-13,1.2030016096284077e-9,1.7636023133673413e-13
1,448,2000.0,2.9691179226015585e-13,1.203001609598289e-9,1.7636023133231873e-13
1,449,2000.0,2.9691179226501533e-13,1.2030016096325728e-9,1.7636023133734475e-13
1,450,2000.0,2.969117922727854e-13,1.2030016096902788e-9,1.7636023134580444e-13
1,451,2000.0,2.9691179227804787e-13,1.2030016097323994e-9,1.7636023135197934e-13
1,452,2000.0,2.9691179227191147e-13,1.203001609683582e-9,1.763602313448227e-13
1,453,2000.0,2.9691179227191803e-13,1.2030016096835809e-9,1.7636023134482252e-13
1,454,2000.0,2.969117922732852e-13,1.2030016096941516e-9,1.763602313463722e-13
1,455,2000.0,2.969117922687452e-13,1.2030016096597124e-9,1.7636023134132339e-13
1,456,2000.0,2.969117922691603e-13,1.203001609674559e-9,1.7636023134349993e-13
1,457,2000.0,2.96911792265719e-13,1.203001609653896e-9,1.7636023134047073e-13
1,458,2000.0,2.96911792272265e-13,1.2030016096939612e-9,1.7636023134634428e-13
1,459,2000.0,2.9691179224471215e-13,1.203001609529827e-9,1.7636023132228218e-13
1,460,2000.0,2.969117922630108e-13,1.2030016096380047e-9,1.7636023133814106e-13
1,461,2000.0,2.9691179225887095e-13,1.202932060221688e-9,1.7635003538241435e-13
1,462,2000.0,2.9691179225596633e-13,1.20269956927192e-9,1.7631595217142222e-13
1,463,2000.0,2.9691179226696393e-13,1.2030016096612904e-9,1.7636023134155474e-13
1,464,2000.0,2.969117922716477e-13,1.2030016096900145e-9,1.763602313457657e-13
1,465,2000.0,2.969117922602871e-13,1.2030016096219561e-9,1.7636023133578833e-13
1,466,2000.0,2.969117922756854e-13,1.2030016097166133e-9,1.763602313496651e-13
1,467,2000.0,1.5257080653066377e-13,1.258069507973568e-9,1.8443319417705827e-13
1,468,2000.0,2.969117922692927e-13,1.2030016096753515e-9,1.763602313436161e-13
1,469,2000.0,2.9691179225612567e-13,1.203001609597793e-9,1.76360231332246e-13
1,470,2000.0,2.9691179223785317e-13,1.2030016094873393e-9,1.7636023131605348e-13
1,471,2000.0,2.9691179226336925e-13,1.2030016096399936e-9,1.7636023133843265e-13
1,472,2000.0,2.96911792221613e-13,1.2030016093818703e-9,1.763602313005917e-13
1,473,2000.0,1.5257079792569677e-13,1.2580695060150655e-9,1.8443319388994145e-13
1,474,2000.0,2.9691179221855044e-13,1.2030016093620417e-9,1.7636023129768484e-13
1,475,2000.0,2.969117922505732e-13,1.2030016095644683e-9,1.7636023132736062e-13
1,476,2000.0,2.969117922137791e-13,1.2030016093346312e-9,1.7636023129366647e-13
1,477,2000.0,2.969117922625983e-13,1.2030016096151234e-9,1.7636023133478667e-13
1,478,2000.0,2.969117922643269e-13,1.2030016096456104e-9,1.7636023133925604e-13
1,479,2000.0,2.969117922685574e-13,1.203001609658233e-9,1.7636023134110652e-13
1,480,2000.0,2.9691179225198714e-13,1.2030016095436724e-9,1.7636023132431193e-13
1,481,2000.0,2.969117922681203e-13,1.2030016096549464e-9,1.763602313406247e-13
1,482,2000.0,2.969117922675208e-13,1.2030016096506254e-9,1.7636023133999126e-13
1,483,2000.0,2.9691179227484517e-13,1.203001609706488e-9,1.7636023134818072e-13
1,484,2000.0,2.9691179225259894e-13,1.2030016095765336e-9,1.763602313291294e-13
1,485,2000.0,2.9691179226489255e-13,1.2030016096314915e-9,1.7636023133718622e-13
1,486,2000.0,2.9691179226104584e-13,1.203001609604184e-9,1.7636023133318292e-13
1,487,2000.0,2.9691179226844704e-13,1.203001609657386e-9,1.7636023134098234e-13
1,488,2000.0,2.969117922660785e-13,1.2030016096399182e-9,1.7636023133842156e-13
1,489,2000.0,2.9691179226074705e-13,1.2030016096021187e-9,1.7636023133288015e-13
1,490,2000.0,2.9691179225166826e-13,1.2030016095413042e-9,1.7636023132396476e-13
1,491,2000.0,2.969117922668551e-13,1.2030016096455533e-9,1.7636023133924768e-13
1,492,2000.0,2.9691179224039035e-13,1.2030016094717877e-9,1.763602313137736e-13
1,493,2000.0,2.9691179227639805e-13,1.2030016097189054e-9,1.7636023135000113e-13
1,494,2000.0,2.969117922678735e-13,1.2030016096531222e-9,1.763602313403573e-13
1,495,2000.0,2.9691179227380615e-13,1.203001609698279e-9,1.7636023134697728e-13
1,496,2000.0,2.9691179226591653e-13,1.2030016096387216e-9,1.7636023133824615e-13
1,497,2000.0,2.9691179225331545e-13,1.2030016095521427e-9,1.7636023132555366e-13
1,498,2000.0,2.969117922628142e-13,1.2030016096168586e-9,1.7636023133504105e-13
1,499,2000.0,2.969117922425823e-13,1.203001609484356e-9,1.7636023131561614e-13
1,500,2000.0,2.969117922655316e-13,1.2030016096359855e-9,1.7636023133784505e-13
1,501,2000.0,2.9691179226019866e-13,1.2030016095982773e-9,1.7636023133231702e-13
1,502,2000.0,2.969117922612498e-13,1.203001609605786e-9,1.7636023133341779e-13
1,503,2000.0,2.9691179226659407e-13,1.2030016096437859e-9,1.7636023133898856e-13
1,504,2000.0,2.9691179226432447e-13,1.2030016096275644e-9,1.7636023133661052e-13
1,505,2000.0,2.969117922650959e-13,1.2030016096331241e-9,1.7636023133742555e-13
1,506,2000.0,2.9691179226570287e-13,1.2030016096372398e-9,1.7636023133802893e-13
1,507,2000.0,2.9691179226867333e-13,1.2030016096590624e-9,1.7636023134122812e-13
1,508,2000.0,2.9691179222683255e-13,1.203001609393046e-9,1.7636023130223006e-13
1,509,2000.0,2.9691179224037945e-13,1.2030016094717918e-9,1.7636023131377422e-13
1,510,2000.0,2.969117922307349e-13,1.2030016094150632e-9,1.763602313054578e-13
1,511,2000.0,2.969117922631448e-13,1.2030016096188875e-9,1.7636023133533847e-13
1,512,2000.0,2.969117922464677e-13,1.2030016095082622e-9,1.763602313191208e-13
1,513,2000.0,2.969117922567722e-13,1.2030016095750205e-9,1.7636023132890755e-13
1,514,2000.0,2.969117922641942e-13,1.2030016096263944e-9,1.7636023133643899e-13
1,515,2000.0,2.969117922608988e-13,1.2030016096033313e-9,1.7636023133305794e-13
1,516,2000.0,2.9691179226428963e-13,1.2030016096272565e-9,1.7636023133656535e-13
1,517,2000.0,2.9691179225928283e-13,1.2030016095922875e-9,1.763602313314389e-13
1,518,2000.0,2.9691179224512554e-13,1.2030016095003008e-9,1.7636023131795364e-13
1,519,2000.0,2.969117922360108e-13,1.2030016094452836e-9,1.7636023130988812e-13
1,520,2000.0,2.969117922670642e-13,1.2030016096472284e-9,1.7636023133949323e-13
1,521,2000.0,2.9691179226331574e-13,1.20300160962081e-9,1.7636023133562034e-13
1,522,2000.0,2.9691179225979275e-13,1.2030016095964442e-9,1.763602313320483e-13
1,523,2000.0,2.9691179222358966e-13,1.2030016093756517e-9,1.7636023129968006e-13
1,524,2000.0,2.9691179225936987e-13,1.2030016095932803e-9,1.7636023133158442e-13
1,525,2000.0,2.969117922573e-13,1.2030016095795263e-9,1.7636023132956812e-13
1,526,2000.0,2.969117922519926e-13,1.2030016095436782e-9,1.7636023132431277e-13
1,527,2000.0,2.9691179225120984e-13,1.2030016095387356e-9,1.7636023132358818e-13
1,528,2000.0,2.9691179225018566e-13,1.2030016095318857e-9,1.76360231322584e-13
1,529,2000.0,2.969117922717822e-13,1.2030016096825577e-9,1.7636023134467252e-13
1,530,2000.0,2.9691179225937774e-13,1.203001609616503e-9,1.763602313349889e-13
1,531,2000.0,2.969117922689177e-13,1.2030016096608483e-9,1.7636023134148992e-13
1,532,2000.0,2.969117922711252e-13,1.2030016096775404e-9,1.76360231343937e-13
1,533,2000.0,2.969117922363508e-13,1.2030016094470575e-9,1.7636023131014816e-13
1,534,2000.0,2.969117922516616e-13,1.2030016095413067e-9,1.7636023132396511e-13
1,535,2000.0,2.9691179226067344e-13,1.2030016096016834e-9,1.7636023133281633e-13
1,536,2000.0,2.9691179225318106e-13,1.203001609551373e-9,1.7636023132544083e-13
1,537,2000.0,2.969117922579028e-13,1.2030016095827757e-9,1.763602313300445e-13
1,538,2000.0,2.969117922436375e-13,1.2030016094907545e-9,1.7636023131655416e-13
1,539,2000.0,2.969117922541402e-13,1.2030016095585817e-9,1.7636023132649762e-13
1,540,2000.0,2.969117922383633e-13,1.2028865220923935e-9,1.7634335948526443e-13
1,541,2000.0,2.969117922683297e-13,1.2030016096565249e-9,1.7636023134085613e-13
1,542,2000.0,2.969117922511732e-13,1.2028865221830061e-9,1.7634335949854827e-13
1,543,2000.0,2.9691179224310363e-13,1.2028865220696203e-9,1.763433594819259e-13
1,544,2000.0,2.969117922465095e-13,1.2028865220748157e-9,1.7634335948268752e-13
1,545,2000.0,2.969117922639258e-13,1.2030016096249179e-9,1.7636023133622252e-13
1,546,2000.0,2.969117922287866e-13,1.20288652193774e-9,1.7634335946259222e-13
1,547,2000.0,2.9691179224998896e-13,1.2028865223554634e-9,1.7634335952383054e-13
1,548,2000.0,2.969117922589366e-13,1.2030016095898851e-9,1.763602313310867e-13
1,549,2000.0,2.96911792273033e-13,1.20300160969223e-9,1.763602313460905e-13
1,550,2000.0,2.969117922640274e-13,1.2030016096252146e-9,1.7636023133626604e-13
1,551,2000.0,2.9691179225300496e-13,1.2030016095506114e-9,1.7636023132532917e-13
1,552,2000.0,2.969117922647926e-13,1.20300160963069e-9,1.763602313370687e-13
1,553,2000.0,2.9691179225828894e-13,1.2030016095853886e-9,1.763602313304275e-13
1,554,2000.0,2.969117922699989e-13,1.203001609668972e-9,1.7636023134268088e-13
1,555,2000.0,2.9691179223634684e-13,1.203001609447061e-9,1.763602313101487e-13
1,556,2000.0,2.969117922668342e-13,1.2030016096455575e-9,1.763602313392483e-13
1,557,2000.0,2.969117922658907e-13,1.203001609638926e-9,1.763602313382761e-13
1,558,2000.0,2.969117922683892e-13,1.2030016096570323e-9,1.763602313409305e-13
1,559,2000.0,2.969117922577037e-13,1.2030016095822322e-9,1.763602313299648e-13
1,560,2000.0,2.969117922670021e-13,1.2030016096467956e-9,1.763602313394298e-13
1,561,2000.0,2.9691179226222037e-13,1.2030016096126007e-9,1.7636023133441683e-13
1,562,2000.0,2.9691179225085754e-13,1.203001609536251e-9,1.7636023132322394e-13
1,563,2000.0,2.9691179226507905e-13,1.203001609632845e-9,1.7636023133738463e-13
1,564,2000.0,2.9691179224691127e-13,1.2030016095114142e-9,1.7636023131958286e-13
1,565,2000.0,2.96911792245974e-13,1.2030016095059951e-9,1.7636023131878842e-13
1,566,2000.0,2.969117922700677e-13,1.2030016096696317e-9,1.763602313427776e-13
1,567,2000.0,1.5288468919117917e-13,1.2593556979849495e-9,1.846217498416016e-13
1,568,2000.0,2.969117922533118e-13,1.203001609552939e-9,1.7636023132567042e-13
1,569,2000.0,2.969117922724318e-13,1.2030016096877027e-9,1.763602313454268e-13
1,570,2000.0,2.9691179225168684e-13,1.2030016095428657e-9,1.7636023132419367e-13
1,571,2000.0,2.9691179224983184e-13,1.2030016095309785e-9,1.7636023132245098e-13
1,572,2000.0,2.9691179227073694e-13,1.2030016096747596e-9,1.7636023134352932e-13
1,573,2000.0,2.9691179222801647e-13,1.2030016094021465e-9,1.763602313035642e-13
1,574,2000.0,2.969117922462911e-13,1.2030016095092141e-9,1.7636023131926035e-13
1,575,2000.0,1.5129268633557808e-13,1.2604546193557223e-9,1.8478285189301967e-13
1,576,2000.0,2.969117922699978e-13,1.203001609669218e-9,1.7636023134271693e-13
1,577,2000.0,2.9691179225977255e-13,1.2030016095964513e-9,1.763602313320493e-13
1,578,2000.0,2.969117922634878e-13,1.2030016096218033e-9,1.7636023133576594e-13
1,579,2000.0,2.969117922639773e-13,1.2030016096252338e-9,1.7636023133626884e-13
1,580,2000.0,2.969117922618309e-13,1.2030016096103847e-9,1.7636023133409197e-13
1,581,2000.0,2.96911792261476e-13,1.203001609607344e-9,1.763602313336462e-13
1,582,2000.0,1.528846885933405e-13,1.2593556978505118e-9,1.8462174982189303e-13
1,583,2000.0,2.969117922598088e-13,1.2030016095964403e-9,1.7636023133204772e-13
1,584,2000.0,2.969117922690742e-13,1.2030016096620876e-9,1.7636023134167162e-13
1,585,2000.0,2.9691179227185553e-13,1.2030016096832194e-9,1.7636023134476953e-13
1,586,2000.0,2.9691179227069624e-13,1.2030016096744265e-9,1.763602313434805e-13
1,587,2000.0,2.9691179226874906e-13,1.2030016096598855e-9,1.7636023134134878e-13
1,588,2000.0,2.969117922640397e-13,1.2030016096254644e-9,1.7636023133630265e-13
1,589,2000.0,2.969117922594759e-13,1.2030016095936604e-9,1.7636023133164016e-13
1,590,2000.0,2.969117922681847e-13,1.203001609655466e-9,1.7636023134070088e-13
1,591,2000.0,2.9691179226122577e-13,1.203001609605786e-9,1.7636023133341779e-13
1,592,2000.0,2.969117922623462e-13,1.2030016096133508e-9,1.7636023133452679e-13
1,593,2000.0,2.9691179225274e-13,1.2030016095483886e-9,1.763602313250033e-13
1,594,2000.0,2.9691179227565206e-13,1.2030016097129094e-9,1.763602313491221e-13
1,595,2000.0,2.9691179225347166e-13,1.2030016095535187e-9,1.763602313257554e-13
1,596,2000.0,2.969117922603671e-13,1.2030016095995466e-9,1.7636023133250309e-13
1,597,2000.0,2.9691179224468267e-13,1.20300160949786e-9,1.763602313175958e-13
1,598,2000.0,2.969117922451331e-13,1.203001609501532e-9,1.7636023131813413e-13
1,599,2000.0,2.969117922483116e-13,1.2030016095205765e-9,1.7636023132092607e-13
1,600,2000.0,2.969117922182121e-13,1.2030016093480735e-9,1.7636023129563708e-13
1,601,2000.0,2.9691179225838507e-13,1.2030016095859206e-9,1.7636023133050554e-13
1,602,2000.0,2.969117922519916e-13,1.2030016095436676e-9,1.7636023132431123e-13
1,603,2000.0,2.9691179225033783e-13,1.2030016095335537e-9,1.7636023132282852e-13
1,604,2000.0,1.5284943600654613e-13,1.2604289219911186e-9,1.847790846551956e-13
1,605,2000.0,2.9691179226714387e-13,1.2030016096478318e-9,1.763602313395817e-13
1,606,2000.0,2.969117922544197e-13,1.2030016095598283e-9,1.7636023132668038e-13
1,607,2000.0,2.9691179226599993e-13,1.2030016096394219e-9,1.763602313383488e-13
1,608,2000.0,1.5284943924635228e-13,1.2604289234967107e-9,1.8477908487591564e-13
1,609,2000.0,2.969117922294503e-13,1.203001609408948e-9,1.763602313045613e-13
1,610,2000.0,2.9691179225280846e-13,1.203001609549192e-9,1.763602313251211e-13
1,611,2000.0,2.9691179225457814e-13,1.2030016095612494e-9,1.763602313268887e-13
1,612,2000.0,2.9691179225946286e-13,1.2030016095941536e-9,1.7636023133171246e-13
1,613,2000.0,2.9691179225790413e-13,1.2030016095833328e-9,1.7636023133012615e-13
1,614,2000.0,2.9691179224785467e-13,1.2030016095185247e-9,1.7636023132062527e-13
1,615,2000.0,2.969117922547509e-13,1.203001609561939e-9,1.7636023132698982e-13
1,616,2000.0,2.9691179226666727e-13,1.2030016096442435e-9,1.7636023133905566e-13
1,617,2000.0,2.9691179226639414e-13,1.2030016096424376e-9,1.7636023133879093e-13
1,618,2000.0,2.969117922642358e-13,1.203001609626703e-9,1.763602313364842e-13
1,619,2000.0,2.9691179226714276e-13,1.2030016096478328e-9,1.7636023133958186e-13
1,620,2000.0,2.969117922680904e-13,1.2030016096547599e-9,1.7636023134059738e-13
1,621,2000.0,2.9691179226044605e-13,1.2030016096003603e-9,1.763602313326224e-13
1,622,2000.0,2.9691179226290497e-13,1.2030016096172065e-9,1.7636023133509202e-13
1,623,2000.0,2.9691179225686894e-13,1.2030016095756243e-9,1.7636023132899608e-13
1,624,2000.0,2.9691179225769824e-13,1.2030016095812096e-9,1.7636023132981488e-13
1,625,2000.0,2.969117922403146e-13,1.2030016094705728e-9,1.7636023131359552e-13
1,626,2000.0,2.9691179224967634e-13,1.203001609529066e-9,1.7636023132217062e-13
1,627,2000.0,2.96911792243182e-13,1.2030016094894761e-9,1.7636023131636673e-13
1,628,2000.0,2.969117922476207e-13,1.2030016095166236e-9,1.7636023132034655e-13
1,629,2000.0,2.969117922367034e-13,1.2030016094502318e-9,1.7636023131061352e-13
1,630,2000.0,2.969117922677796e-13,1.2030016096525376e-9,1.763602313402716e-13
1,631,2000.0,2.969117922575606e-13,1.2030016095806488e-9,1.7636023132973266e-13
1,632,2000.0,2.9691179225677685e-13,1.2030016095761237e-9,1.7636023132906928e-13
1,633,2000.0,2.9691179224370423e-13,1.2030016094931095e-9,1.763602313168994e-13
1,634,2000.0,2.9691179222837907e-13,1.2030016094020942e-9,1.7636023130355654e-13
1,635,2000.0,2.9691179221653984e-13,1.2030016093392453e-9,1.7636023129434287e-13
1,636,2000.0,2.969117922293149e-13,1.2030016094066553e-9,1.7636023130422521e-13
1,637,2000.0,2.9691179225239285e-13,1.2030016095467977e-9,1.763602313247701e-13
1,638,2000.0,2.9691179219806924e-13,1.2030016092443232e-9,1.7636023128042729e-13
1,639,2000.0,2.969117922378855e-13,1.2030016094583572e-9,1.763602313118047e-13
1,640,2000.0,1.527704268814739e-13,1.260484371716457e-9,1.8478721359393512e-13
1,641,2000.0,2.9691179221731704e-13,1.203001609342428e-9,1.7636023129480945e-13
1,642,2000.0,2.9691179226628195e-13,1.2030016096415279e-9,1.7636023133865754e-13
1,643,2000.0,2.9691179224790596e-13,1.203001609517665e-9,1.7636023132049925e-13
1,644,2000.0,2.969117922669932e-13,1.2030016096466158e-9,1.7636023133940344e-13
1,645,2000.0,2.969117922400108e-13,1.2030016094690648e-9,1.7636023131337446e-13
1,646,2000.0,2.96911792262899e-13,1.203001609617208e-9,1.7636023133509224e-13
1,647,2000.0,2.969117922473625e-13,1.2030016095155644e-9,1.7636023132019128e-13
1,648,2000.0,2.9691179223169446e-13,1.2030016094209976e-9,1.7636023130632777e-13
1,649,2000.0,2.969117922471407e-13,1.2030016095136166e-9,1.7636023131990572e-13
1,650,2000.0,2.9691179223305064e-13,1.2030016094307294e-9,1.7636023130775444e-13
1,651,2000.0,2.9691179225333646e-13,1.2030016095529184e-9,1.7636023132566739e-13
1,652,2000.0,2.9691179225322316e-13,1.2030016095521547e-9,1.7636023132555543e-13
1,653,2000.0,2.969117922577128e-13,1.203001609582231e-9,1.7636023132996462e-13
1,654,2000.0,2.9691179225710946e-13,1.2030016095778883e-9,1.7636023132932798e-13
1,655,2000.0,2.969117922388704e-13,1.2030016094644632e-9,1.7636023131269985e-13
1,656,2000.0,2.969117921937966e-13,1.2030016092252343e-9,1.7636023127762886e-13
1,657,2000.0,2.969117922409352e-13,1.2030016094747453e-9,1.763602313142072e-13
1,658,2000.0,1.5376136077964363e-13,1.2606036141292562e-9,1.8480469455101622e-13
1,659,2000.0,2.9691179222755865e-13,1.2030016093998335e-9,1.7636023130322511e-13
1,660,2000.0,2.9691179225150973e-13,1.2030016095404561e-9,1.763602313238404e-13
1,661,2000.0,2.9691179223945513e-13,1.2030016094675687e-9,1.7636023131315512e-13
1,662,2000.0,2.9691179225574096e-13,1.2030016095695787e-9,1.7636023132810978e-13
1,663,2000.0,2.969117922371217e-13,1.2030016094536743e-9,1.763602313111182e-13
1,664,2000.0,2.969117922345473e-13,1.203001609438378e-9,1.7636023130887576e-13
1,665,2000.0,2.9691179225754567e-13,1.2030016095806507e-9,1.7636023132973294e-13
1,666,2000.0,2.9691179225968955e-13,1.2030016095951054e-9,1.76360231331852e-13
1,667,2000.0,2.9691179224138555e-13,1.2030016094776518e-9,1.763602313146333e-13
1,668,2000.0,2.969117922645363e-13,1.2030016096289988e-9,1.7636023133682077e-13
1,669,2000.0,2.969117922449021e-13,1.2030016094990913e-9,1.7636023131777633e-13
1,670,2000.0,2.9691179225521225e-13,1.203001609565224e-9,1.763602313274714e-13
1,671,2000.0,2.969117922571777e-13,1.203001609578472e-9,1.7636023132941358e-13
1,672,2000.0,2.9691179226412575e-13,1.20300160962609e-9,1.7636023133639436e-13
1,673,2000.0,2.969117922540881e-13,1.203001609557827e-9,1.7636023132638698e-13
1,674,2000.0,2.9691179224805965e-13,1.2030016095195599e-9,1.7636023132077703e-13
1,675,2000.0,2.9691179221644644e-13,1.2030016093392577e-9,1.7636023129434469e-13
1,676,2000.0,2.969117922679468e-13,1.2030016096538551e-9,1.7636023134046473e-13
1,677,2000.0,2.9691179226982504e-13,1.203001609667623e-9,1.7636023134248307e-13
1,678,2000.0,2.969117922528844e-13,1.203001609549821e-9,1.7636023132521333e-13
1,679,2000.0,2.969117922537963e-13,1.2030016095563735e-9,1.7636023132617392e-13
1,680,2000.0,2.9691179223892603e-13,1.2030016094644804e-9,1.7636023131270235e-13
1,681,2000.0,2.969117922566474e-13,1.2030016095744239e-9,1.7636023132882008e-13
1,682,2000.0,2.9691179226566076e-13,1.2030016096369835e-9,1.7636023133799134e-13
1,683,2000.0,2.9691179225453987e-13,1.2030016095605405e-9,1.763602313267848e-13
1,684,2000.0,2.9691179224795877e-13,1.2030016095185114e-9,1.7636023132062332e-13
1,685,2000.0,2.969117922564315e-13,1.2030016095726934e-9,1.763602313285664e-13
1,686,2000.0,2.9691179223595234e-13,1.203001609445291e-9,1.763602313098892e-13
1,687,2000.0,2.9691179223774493e-13,1.2030016094553113e-9,1.7636023131135818e-13
1,688,2000.0,2.969117921922529e-13,1.2030016092144802e-9,1.7636023127605228e-13
1,689,2000.0,2.969117922387661e-13,1.2030016094615505e-9,1.7636023131227286e-13
1,690,2000.0,2.969117922211462e-13,1.2030016093623195e-9,1.7636023129772555e-13
1,691,2000.0,2.9691179223600646e-13,1.2030016094452815e-9,1.763602313098878e-13
1,692,2000.0,2.9691179226154414e-13,1.2030016096077479e-9,1.763602313337054e-13
1,693,2000.0,2.9691179224257887e-13,1.203001609484353e-9,1.7636023131561568e-13
1,694,2000.0,2.9691179223209744e-13,1.2030016094230635e-9,1.7636023130663065e-13
1,695,2000.0,2.969117922413793e-13,1.203001609477651e-9,1.7636023131463318e-13
1,696,2000.0,2.969117922645349e-13,1.203001609628998e-9,1.7636023133682067e-13
1,697,2000.0,2.9691179225724416e-13,1.2030016095784688e-9,1.7636023132941307e-13
1,698,2000.0,2.9691179225750205e-13,1.2030016095800776e-9,1.7636023132964895e-13
1,699,2000.0,2.969117922169288e-13,1.2030016093391977e-9,1.763602312943359e-13
1,700,2000.0,2.9691179226646765e-13,1.203001609642904e-9,1.763602313388593e-13
1,701,2000.0,2.969117922678708e-13,1.2030016096531214e-9,1.7636023134035716e-13
1,702,2000.0,2.969117922532969e-13,1.2030016095521452e-9,1.7636023132555402e-13
1,703,2000.0,2.9691179227277237e-13,1.2030016096901994e-9,1.763602313457928e-13
1,704,2000.0,1.537613566489329e-13,1.2606036134502455e-9,1.8480469445147318e-13
1,705,2000.0,2.969117922409347e-13,1.2030016094747438e-9,1.76360231314207e-13
1,706,2000.0,2.96911792268151e-13,1.2030016096551296e-9,1.7636023134065155e-13
1,707,2000.0,2.969117922551658e-13,1.2030016095645403e-9,1.7636023132737117e-13
1,708,2000.0,2.969117922576014e-13,1.2030016095806426e-9,1.7636023132973175e-13
1,709,2000.0,2.969117922678111e-13,1.2030016096527362e-9,1.7636023134030067e-13
1,710,2000.0,2.969117922745675e-13,1.2030016097042461e-9,1.7636023134785205e-13
1,711,2000.0,2.9691179226090084e-13,1.2030016096033295e-9,1.7636023133305766e-13
1,712,2000.0,2.969117922702129e-13,1.2030016096706473e-9,1.7636023134292645e-13
1,713,2000.0,2.9691179227189794e-13,1.2030016096835817e-9,1.7636023134482265e-13
1,714,2000.0,2.9691179227514547e-13,1.203001609708853e-9,1.7636023134852741e-13
1,715,2000.0,2.9691179227692514e-13,1.2030016097232022e-9,1.7636023135063104e-13
1,716,2000.0,2.969117922758861e-13,1.2030016097148107e-9,1.7636023134940082e-13
1,717,2000.0,2.969117922714356e-13,1.2030016096800296e-9,1.7636023134430192e-13
1,718,2000.0,2.9691179227602263e-13,1.2030016097158804e-9,1.7636023134955765e-13
1,719,2000.0,2.9691179227715465e-13,1.203001609725071e-9,1.76360231350905e-13
1,720,2000.0,2.9691179227595336e-13,1.2030016097153273e-9,1.7636023134947655e-13
1,721,2000.0,2.9691179226963864e-13,1.2030016096665056e-9,1.763602313423193e-13
1,722,2000.0,2.9691179226278653e-13,1.2030016096164953e-9,1.7636023133498778e-13
1,723,2000.0,2.9691179226607354e-13,1.2030016096399186e-9,1.7636023133842164e-13
1,724,2000.0,2.9691179225674373e-13,1.2030016095750244e-9,1.7636023132890813e-13
1,725,2000.0,2.969117922543785e-13,1.2030016095592552e-9,1.7636023132659637e-13
1,726,2000.0,2.969117922141284e-13,1.203001609326637e-9,1.7636023129249449e-13
1,727,2000.0,2.969117922481689e-13,1.2030016095195417e-9,1.7636023132077435e-13
1,728,2000.0,2.9691179223846245e-13,1.2030016094599404e-9,1.763602313120368e-13
1,729,2000.0,2.969117922646898e-13,1.2030016096301138e-9,1.7636023133698425e-13
1,730,2000.0,2.9691179224178905e-13,1.2030016094802078e-9,1.76360231315008e-13
1,731,2000.0,2.969117922686796e-13,1.2030016096592355e-9,1.763602313412535e-13
1,732,2000.0,2.969117921727747e-13,1.203001609123007e-9,1.7636023126264232e-13
1,733,2000.0,2.9691179225091116e-13,1.2030016095378701e-9,1.7636023132346133e-13
1,734,2000.0,2.96911792247113e-13,1.2030016095125063e-9,1.7636023131974295e-13
1,735,2000.0,2.9691179226359503e-13,1.2030016096221257e-9,1.7636023133581317e-13
1,736,2000.0,2.9691179226628256e-13,1.2030016096415279e-9,1.7636023133865754e-13
1,737,2000.0,2.9691179223566597e-13,1.20300160944349e-9,1.7636023130962516e-13
1,738,2000.0,2.969117922363225e-13,1.2030016094470577e-9,1.7636023131014818e-13
1,739,2000.0,2.969117922359877e-13,1.2030016094452838e-9,1.7636023130988815e-13
1,740,2000.0,2.969117922592777e-13,1.203001609592786e-9,1.76360231331512e-13
1,741,2000.0,2.969117922616103e-13,1.2030016096088832e-9,1.7636023133387184e-13
1,742,2000.0,2.9691179221649713e-13,1.2030016093392548e-9,1.7636023129434426e-13
1,743,2000.0,2.9691179221986836e-13,1.2030016093571254e-9,1.7636023129696408e-13
1,744,2000.0,2.9691179224915693e-13,1.2030016095263858e-9,1.7636023132177768e-13
1,745,2000.0,2.9691179223770323e-13,1.2030016094566836e-9,1.7636023131155937e-13
1,746,2000.0,2.9691179222517203e-13,1.203001609383511e-9,1.7636023130083223e-13
1,747,2000.0,2.9691179227235767e-13,1.203001609687051e-9,1.7636023134533125e-13
1,748,2000.0,2.969117922616409e-13,1.2030016096088823e-9,1.7636023133387172e-13
1,749,2000.0,2.9691179224958486e-13,1.203001609529083e-9,1.763602313221731e-13
1,750,2000.0,2.9691179224951903e-13,1.2030016095290859e-9,1.7636023132217355e-13
1,751,2000.0,2.969117922057989e-13,1.203001609282933e-9,1.763602312860875e-13
1,752,2000.0,2.9691179225195523e-13,1.2030016095436757e-9,1.7636023132431241e-13
1,753,2000.0,2.9691179218719947e-13,1.2030016091931e-9,1.7636023127291796e-13
1,754,2000.0,2.96911792246563e-13,1.2030016095103234e-9,1.7636023131942294e-13
1,755,2000.0,2.9691179225860236e-13,1.2030016095879299e-9,1.7636023133080008e-13
1,756,2000.0,2.9691179225876634e-13,1.2030016095889634e-9,1.763602313309516e-13
1,757,2000.0,2.9691179226526504e-13,1.2030016096341643e-9,1.7636023133757805e-13
1,758,2000.0,2.9691179224872204e-13,1.2030016095225927e-9,1.7636023132122164e-13
1,759,2000.0,1.5129268658768844e-13,1.2604546223218015e-9,1.8478285232784737e-13
1,760,2000.0,2.9691179227418127e-13,1.2030016097012205e-9,1.7636023134740852e-13
1,761,2000.0,2.96911792263942e-13,1.2030016096249036e-9,1.7636023133622043e-13
1,762,2000.0,2.969117922502095e-13,1.2030016095326306e-9,1.763602313226932e-13
1,763,2000.0,2.969117922613421e-13,1.2030016096065278e-9,1.7636023133352654e-13
1,764,2000.0,2.9691179225874544e-13,1.203001609588967e-9,1.763602313309521e-13
1,765,2000.0,2.9691179226188604e-13,1.203001609610054e-9,1.763602313340435e-13
1,766,2000.0,2.969117922439311e-13,1.2030016094930878e-9,1.763602313168962e-13
1,767,2000.0,2.969117922579961e-13,1.2030016095833206e-9,1.7636023133012436e-13
1,768,2000.0,2.9691179225504807e-13,1.2030016095638647e-9,1.7636023132727212e-13
1,769,2000.0,2.9691179224554377e-13,1.2030016095026976e-9,1.76360231318305e-13
1,770,2000.0,2.9691179225885056e-13,1.203001609589373e-9,1.7636023133101165e-13
1,771,2000.0,2.9691179226291164e-13,1.2030016096174914e-9,1.763602313351338e-13
1,772,2000.0,2.9691179224155095e-13,1.2030016094787908e-9,1.7636023131480027e-13
1,773,2000.0,2.9691179225466023e-13,1.2030016095612388e-9,1.7636023132688715e-13
1,774,2000.0,2.969117921995258e-13,1.2030016092490822e-9,1.7636023128112494e-13
1,775,2000.0,2.9691179226544175e-13,1.2030016096354578e-9,1.7636023133776768e-13
1,776,2000.0,2.969117922332655e-13,1.203001609429095e-9,1.7636023130751488e-13
1,777,2000.0,2.9691179225838587e-13,1.2030016095868895e-9,1.7636023133064753e-13
1,778,2000.0,2.9691179223815327e-13,1.203001609458314e-9,1.7636023131179835e-13
1,779,2000.0,2.969117922522121e-13,1.2030016095453253e-9,1.7636023132455425e-13
1,780,2000.0,2.969117922613217e-13,1.2030016096065334e-9,1.7636023133352734e-13
2,1,1800.0,3.817437221813177e-13,1.3414282191951211e-9,1.966535947794366e-13
2,2,1800.0,3.8174372280988047e-13,1.3414282208780393e-9,1.9665359502615269e-13
2,3,1800.0,3.8174372280842523e-13,1.3414282208741412e-9,1.9665359502558125e-13
2,4,1800.0,3.8174372245021463e-13,1.3414282199149263e-9,1.9665359488496014e-13
2,5,1800.0,3.817437225247124e-13,1.3414282201144044e-9,1.9665359491420365e-13
2,6,1800.0,3.817437224432868e-13,1.341428219896354e-9,1.9665359488223745e-13
2,7,1800.0,3.81743722393536e-13,1.3414282197631692e-9,1.9665359486271255e-13
2,8,1800.0,3.817437227509071e-13,1.341428220719492e-9,1.966535950029096e-13
2,9,1800.0,3.817437227369995e-13,1.3414282206828607e-9,1.9665359499753948e-13
2,10,1800.0,3.817437224631472e-13,1.3414282199495558e-9,1.9665359489003682e-13
2,11,1800.0,3.8174372272373737e-13,1.3414282206473298e-9,1.9665359499233062e-13
2,12,1800.0,3.817437222036635e-13,1.3414282192549178e-9,1.966535947882028e-13
2,13,1800.0,3.817437222569565e-13,1.3443763270124857e-9,1.9708578786422944e-13
2,14,1800.0,3.8174372185416456e-13,1.3414282183200004e-9,1.9665359465114376e-13
2,15,1800.0,3.8174372180348823e-13,1.3443763264282222e-9,1.970857877785763e-13
2,16,1800.0,3.81743722588229e-13,1.341428220284474e-9,1.9665359493913588e-13
2,17,1800.0,3.81743722087609e-13,1.3443763267949357e-9,1.9708578783233659e-13
2,18,1800.0,3.817437211171036e-13,1.3414282163433498e-9,1.9665359436136647e-13
2,19,1800.0,3.8174372183883607e-13,1.3414282182790097e-9,1.9665359464513453e-13
2,20,1800.0,1.726683098221249e-13,1.4155169399764466e-9,2.0751501327784846e-13
2,21,1800.0,3.8174372155669215e-13,1.3414282175248305e-9,1.9665359453457173e-13
2,22,1800.0,3.81743720921496e-13,1.3414282158265238e-9,1.9665359428559968e-13
2,23,1800.0,3.817437208443517e-13,1.341428215620391e-9,1.966535942553806e-13
2,24,1800.0,3.8174371924399815e-13,1.341428211350839e-9,1.9665359362946357e-13
2,25,1800.0,1.7266831179569256e-13,1.415516942494176e-9,2.0751501364694805e-13
2,26,1800.0,3.817437212230221e-13,1.3414282166325404e-9,1.9665359440376185e-13
2,27,1800.0,3.8174372104579e-13,1.341428216158809e-9,1.966535943343127e-13
2,28,1800.0,3.817437203237849e-13,1.341428214230186e-9,1.966535940515763e-13
2,29,1800.0,3.8174371919000604e-13,1.3414282112065483e-9,1.9665359360831054e-13
2,30,1800.0,1.7263907229269095e-13,1.4139660350323105e-9,2.072876503611741e-13
2,31,1800.0,3.817437206072128e-13,1.3414282149865784e-9,1.9665359416246354e-13
2,32,1800.0,3.817437214450906e-13,1.3414282172263922e-9,1.9665359449082064e-13
2,33,1800.0,3.817437202861993e-13,1.3414282141299063e-9,1.9665359403687527e-13
2,34,1800.0,3.8174371960019917e-13,1.3414282122997847e-9,1.9665359376857916e-13
2,35,1800.0,3.8174371968619687e-13,1.3414282125292245e-9,1.9665359380221507e-13
2,36,1800.0,3.817437172440503e-13,1.3414282060334794e-9,1.966535928499378e-13
2,37,1800.0,3.817437197679892e-13,1.3414282127474976e-9,1.9665359383421395e-13
2,38,1800.0,3.817437214809088e-13,1.341428217322037e-9,1.9665359450484217e-13
2,39,1800.0,3.817437194627632e-13,1.341428211933402e-9,1.9665359371486737e-13
2,40,1800.0,3.817437190375546e-13,1.3414282108007508e-9,1.9665359354882056e-13
2,41,1800.0,3.8174371934814294e-13,1.3414282116281922e-9,1.9665359367012358e-13
2,42,1800.0,3.817437197679577e-13,1.3414282127473938e-9,1.9665359383419873e-13
2,43,1800.0,3.8174372121444597e-13,1.34142821660964e-9,1.9665359440040464e-13
2,44,1800.0,3.81743720686815e-13,1.3414282151995778e-9,1.966535941936893e-13
2,45,1800.0,3.8174371990847056e-13,1.3414282131220994e-9,1.9665359388913063e-13
2,46,1800.0,3.8174372074177667e-13,1.3414282153462557e-9,1.9665359421519232e-13
2,47,1800.0,3.817437208195597e-13,1.3414282155540865e-9,1.9665359424566035e-13
2,48,1800.0,3.8174372074849085e-13,1.341428215364154e-9,1.9665359421781623e-13
2,49,1800.0,3.8174372181911984e-13,1.3414282182262978e-9,1.9665359463740695e-13
2,50,1800.0,3.8174372201176124e-13,1.3414282187415046e-9,1.9665359471293633e-13
2,51,1800.0,3.81743721353983e-13,1.3414282169827714e-9,1.966535944551058e-13
2,52,1800.0,3.8174372149665835e-13,1.3414282173641905e-9,1.966535945110219e-13
2,53,1800.0,3.817437212272269e-13,1.3414282166438906e-9,1.9665359440542576e-13
2,54,1800.0,3.817437210610613e-13,1.3414282161994375e-9,1.966535943402689e-13
2,55,1800.0,3.8174372185980134e-13,1.3414282183351593e-9,1.9665359465336605e-13
2,56,1800.0,3.8174372149034524e-13,1.3414282173473897e-9,1.9665359450855888e-13
2,57,1800.0,3.817437216179021e-13,1.3414282176883684e-9,1.9665359455854638e-13
2,58,1800.0,3.817437220695074e-13,1.3414282188960395e-9,1.9665359473559118e-13
2,59,1800.0,3.8174371979453673e-13,1.3414282128181116e-9,1.9665359384456597e-13
2,60,1800.0,3.817437225031449e-13,1.3414282200566637e-9,1.9665359490573886e-13
2,61,1800.0,3.817437184498343e-13,1.3414282092352964e-9,1.966535933193247e-13
2,62,1800.0,3.8174372221150315e-13,1.3414282192759464e-9,1.966535947912856e-13
2,63,1800.0,3.817437208195597e-13,1.3414282155540865e-9,1.9665359424566035e-13
2,64,1800.0,3.817437206584471e-13,1.3414282151237162e-9,1.9665359418256798e-13
2,65,1800.0,3.8174371808707095e-13,1.341428208270737e-9,1.9665359317792015e-13
2,66,1800.0,3.817437225369365e-13,1.3414282201471475e-9,1.9665359491900384e-13
2,67,1800.0,3.817437223984597e-13,1.3414282197763876e-9,1.9665359486465034e-13
2,68,1800.0,3.817437216915444e-13,1.3414282178852877e-9,1.966535945874148e-13
2,69,1800.0,3.817437223637773e-13,1.3414282196835099e-9,1.9665359485103448e-13
2,70,1800.0,3.817437189977861e-13,1.3414282106946018e-9,1.966535935332591e-13
2,71,1800.0,3.817437213686382e-13,1.3414282170219398e-9,1.9665359446084787e-13
2,72,1800.0,3.8174372110043055e-13,1.3414282163047651e-9,1.9665359435570995e-13
2,73,1800.0,3.817437204813915e-13,1.3414282146506698e-9,1.966535941132193e-13
2,74,1800.0,3.8174372275194027e-13,1.3414282207228714e-9,1.9665359500340504e-13
2,75,1800.0,3.817437214180756e-13,1.3414282171540668e-9,1.966535944802177e-13
2,76,1800.0,3.817437193312112e-13,1.3414282115829187e-9,1.966535936634865e-13
2,77,1800.0,3.8174372229304365e-13,1.3414282194941415e-9,1.9665359482327303e-13
2,78,1800.0,3.817437205139183e-13,1.341428214737753e-9,1.9665359412598573e-13
2,79,1800.0,3.817437191899408e-13,1.3414282112065514e-9,1.9665359360831097e-13
2,80,1800.0,3.817437207078053e-13,1.3414282152553678e-9,1.9665359420186814e-13
2,81,1800.0,3.817437215653834e-13,1.3414282175479504e-9,1.966535945379611e-13
2,82,1800.0,3.817437227280845e-13,1.3414282206589626e-9,1.96653594994036e-13
2,83,1800.0,3.8174372240933825e-13,1.341428219805453e-9,1.9665359486891138e-13
2,84,1800.0,3.8174372257980713e-13,1.3414282202619153e-9,1.966535949358288e-13
2,85,1800.0,3.8174371960016726e-13,1.3414282122997061e-9,1.9665359376856762e-13
2,86,1800.0,3.8174372256249834e-13,1.341428220215566e-9,1.9665359492903401e-13
2,87,1800.0,3.8174372251065536e-13,1.3414282200767493e-9,1.9665359490868342e-13
2,88,1800.0,3.8174372180493035e-13,1.3414282181883455e-9,1.9665359463184312e-13
2,89,1800.0,3.8174372284128567e-13,1.3414282209621458e-9,1.966535950384827e-13
2,90,1800.0,3.817437222585981e-13,1.3414282194019392e-9,1.9665359480975615e-13
2,91,1800.0,3.817437222105336e-13,1.3414282192733091e-9,1.96653594790899e-13
2,92,1800.0,3.817437220414291e-13,1.3414282188208176e-9,1.9665359472456364e-13
2,93,1800.0,3.817437228758039e-13,1.3414282210546035e-9,1.9665359505203702e-13
2,94,1800.0,3.817437214776946e-13,1.34142821731344e-9,1.9665359450358184e-13
2,95,1800.0,3.8174371820423737e-13,1.3414282085829388e-9,1.9665359322368895e-13
2,96,1800.0,3.8174371831670647e-13,1.3414282088810656e-9,1.966535932673944e-13
2,97,1800.0,3.817437205456975e-13,1.3414282148227482e-9,1.9665359413844602e-13
2,98,1800.0,3.8174371814662513e-13,1.3414282084287232e-9,1.966535932010809e-13
2,99,1800.0,3.8174371844971513e-13,1.3414282092351781e-9,1.9665359331930732e-13
2,100,1800.0,3.817437219632399e-13,1.3414282186117408e-9,1.9665359469391295e-13
2,101,1800.0,3.8174372095538637e-13,1.3414282159169613e-9,1.9665359429885784e-13
2,102,1800.0,3.817437213465481e-13,1.3414282169628539e-9,1.9665359445218585e-13
2,103,1800.0,3.817437216619632e-13,1.3414282178061672e-9,1.9665359457581575e-13
2,104,1800.0,3.817437218783073e-13,1.3414282183846169e-9,1.9665359466061655e-13
2,105,1800.0,3.8174372095538637e-13,1.3414282159169616e-9,1.9665359429885787e-13
2,106,1800.0,3.8174371980760703e-13,1.3414282128529e-9,1.9665359384966593e-13
2,107,1800.0,3.8174371987136113e-13,1.3414282130231337e-9,1.9665359387462226e-13
2,108,1800.0,3.8174372083830417e-13,1.3414282156040075e-9,1.9665359425297875e-13
2,109,1800.0,3.8174372115682363e-13,1.3414282164555527e-9,1.9665359437781545e-13
2,110,1800.0,3.8174372028619483e-13,1.3414282141298703e-9,1.9665359403687e-13
2,111,1800.0,3.817437214871573e-13,1.3414282173389214e-9,1.966535945073174e-13
2,112,1800.0,3.8174372164668076e-13,1.3414282177654166e-9,1.9665359456984169e-13
2,113,1800.0,3.8174372209371877e-13,1.341428218960803e-9,1.9665359474508553e-13
2,114,1800.0,3.817437210709453e-13,1.341428216226102e-9,1.966535943441779e-13
2,115,1800.0,3.8174372108582625e-13,1.341428216265766e-9,1.9665359434999267e-13
2,116,1800.0,3.817437211336945e-13,1.3414282163938421e-9,1.9665359436876867e-13
2,117,1800.0,3.817437217670091e-13,1.341428218087077e-9,1.9665359461699717e-13
2,118,1800.0,3.8174372121871253e-13,1.3414282166210957e-9,1.9665359440208407e-13
2,119,1800.0,3.8174372086264803e-13,1.3414282156693051e-9,1.9665359426255138e-13
2,120,1800.0,3.8174372124409745e-13,1.3414282166889576e-9,1.9665359441203262e-13
2,121,1800.0,3.817437217604629e-13,1.341428218069605e-9,1.9665359461443578e-13
2,122,1800.0,3.8174372130460623e-13,1.3414282168507844e-9,1.9665359443575644e-13
2,123,1800.0,3.817437211793861e-13,1.3414282165159586e-9,1.9665359438667096e-13
2,124,1800.0,3.817437212647107e-13,1.3414282167440824e-9,1.9665359442011392e-13
2,125,1800.0,3.8174372178833423e-13,1.341428218144082e-9,1.9665359462535412e-13
2,126,1800.0,3.8174372138300846e-13,1.3414282170604986e-9,1.966535944665006e-13
2,127,1800.0,3.8174372211322516e-13,1.3414282190130295e-9,1.9665359475274193e-13
2,128,1800.0,3.817437219552579e-13,1.3414282185904442e-9,1.9665359469079088e-13
2,129,1800.0,3.817437217819866e-13,1.3414282181271083e-9,1.9665359462286574e-13
2,130,1800.0,3.817437214516582e-13,1.3414282172440612e-9,1.9665359449341088e-13
2,131,1800.0,3.817437216793255e-13,1.341428217852715e-9,1.966535945826396e-13
2,132,1800.0,3.8174372135395737e-13,1.341428216982785e-9,1.9665359445510776e-13
2,133,1800.0,3.817437209505471e-13,1.3413421412383277e-9,1.966409757369918e-13
2,134,1800.0,3.817437217626591e-13,1.3414282180754027e-9,1.9665359461528568e-13
2,135,1800.0,3.8174372220462054e-13,1.3414282192575352e-9,1.966535947885865e-13
2,136,1800.0,3.817437212441027e-13,1.3414282166888995e-9,1.9665359441202412e-13
2,137,1800.0,3.817437188730973e-13,1.3414282103624878e-9,1.9665359348457113e-13
2,138,1800.0,1.7542253997765143e-13,1.4123798193629643e-9,2.0705511088644945e-13
2,139,1800.0,3.817437218579436e-13,1.3414282183301247e-9,1.96653594652628e-13
2,140,1800.0,1.7542252040027491e-13,1.4123798091341125e-9,2.0705510938689813e-13
2,141,1800.0,1.7542255205827344e-13,1.4123798263009026e-9,2.0705511190355235e-13
2,142,1800.0,3.817437209828039e-13,1.341428215990264e-9,1.9665359430960402e-13
2,143,1800.0,3.8174372147122153e-13,1.3414282172962863e-9,1.966535945010671e-13
2,144,1800.0,3.817437209214562e-13,1.341428215826522e-9,1.9665359428559943e-13
2,145,1800.0,3.817437209608006e-13,1.3414282159317052e-9,1.9665359430101932e-13
2,146,1800.0,3.817437206655759e-13,1.341428215142835e-9,1.966535941853708e-13
2,147,1800.0,1.7555533392629576e-13,1.4120240377316942e-9,2.07002953241527e-13
2,148,1800.0,1.7542252523780546e-13,1.4123798121337672e-9,2.07055109826648e-13
2,149,1800.0,3.8174372013581033e-13,1.34142821372845e-9,1.9665359397802175e-13
2,150,1800.0,3.817437215682131e-13,1.3414282175555358e-9,1.9665359453907313e-13
2,151,1800.0,3.8174372052194413e-13,1.341428214759175e-9,1.9665359412912618e-13
2,152,1800.0,3.8174372138305006e-13,1.341428217060424e-9,1.9665359446648965e-13
2,153,1800.0,3.8174371895698243e-13,1.341428210585865e-9,1.9665359351731827e-13
2,154,1800.0,3.817437205690264e-13,1.3414282148849847e-9,1.966535941475699e-13
2,155,1800.0,3.817437210355938e-13,1.3414282161314133e-9,1.9665359433029654e-13
2,156,1800.0,3.817437198587981e-13,1.3414282129895526e-9,1.9665359386969923e-13
2,157,1800.0,3.817437214871791e-13,1.3414282173389136e-9,1.9665359450731627e-13
2,158,1800.0,1.7213054377552906e-13,1.4117435382257275e-9,2.069618319683997e-13
2,159,1800.0,1.7061178997534817e-13,1.412986860671891e-9,2.071441032409205e-13
2,160,1800.0,3.81743721638912e-13,1.341428217744651e-9,1.9665359456679744e-13
2,161,1800.0,3.8174372154503226e-13,1.341428217493615e-9,1.966535945299955e-13
2,162,1800.0,3.8174372088656014e-13,1.3414282157331432e-9,1.9665359427191008e-13
2,163,1800.0,1.7213054365617918e-13,1.410921132590173e-9,2.0684126716867026e-13
2,164,1800.0,1.721305454203714e-13,1.4117435391481342e-9,2.0696183210362467e-13
2,165,1800.0,1.7213054398926725e-13,1.4109211327058968e-9,2.0684126718563536e-13
2,166,1800.0,1.721305481018232e-13,1.411743540585679e-9,2.0696183231436893e-13
2,167,1800.0,1.7213053162585493e-13,1.4117435311516452e-9,2.069618309313381e-13
2,168,1800.0,3.8174372068679804e-13,1.3414282151995712e-9,1.9665359419368832e-13
2,169,1800.0,3.8174372236846026e-13,1.3414282196960313e-9,1.966535948528701e-13
2,170,1800.0,3.8174372210235307e-13,1.341428218983859e-9,1.9665359474846552e-13
2,171,1800.0,3.817437219664006e-13,1.3414282186201921e-9,1.9665359469515193e-13
2,172,1800.0,3.8174372041349845e-13,1.3414282144696864e-9,1.966535940866871e-13
2,173,1800.0,3.817437216963542e-13,1.3414282178981052e-9,1.9665359458929386e-13
2,174,1800.0,3.817437216842767e-13,1.3414282178657722e-9,1.9665359458455383e-13
2,175,1800.0,3.817437213937303e-13,1.341428217088956e-9,1.9665359447067245e-13
2,176,1800.0,3.817437204394141e-13,1.3414282145386688e-9,1.9665359409679992e-13
2,177,1800.0,3.8174372230337836e-13,1.3414282195218171e-9,1.9665359482733028e-13
2,178,1800.0,3.817437209773398e-13,1.3414282159757433e-9,1.9665359430747528e-13
2,179,1800.0,3.817437206219524e-13,1.3414282150263352e-9,1.966535941682919e-13
2,180,1800.0,3.817437211658709e-13,1.341428216479834e-9,1.9665359438137507e-13
2,181,1800.0,3.817437210457831e-13,1.3414282161587746e-9,1.966535943343077e-13
2,182,1800.0,3.817437219439409e-13,1.3414282185601361e-9,1.9665359468634768e-13
2,183,1800.0,3.81743721487172e-13,1.3414282173389303e-9,1.9665359450731872e-13
2,184,1800.0,3.81743720227839e-13,1.3414282139741933e-9,1.9665359401404773e-13
2,185,1800.0,3.8174372178411815e-13,1.3414282181327549e-9,1.9665359462369352e-13
2,186,1800.0,3.8174372078772316e-13,1.3414282154691487e-9,1.9665359423320843e-13
2,187,1800.0,3.8174371933111303e-13,1.3414282115828548e-9,1.966535936634771e-13
2,188,1800.0,3.817437228744244e-13,1.3414282210509054e-9,1.9665359505149489e-13
2,189,1800.0,3.817437228539551e-13,1.341428220996076e-9,1.9665359504345686e-13
2,190,1800.0,3.817437230334969e-13,1.3414282214770879e-9,1.966535951139733e-13
2,191,1800.0,3.817437226760951e-13,1.3414282205197469e-9,1.9665359497362694e-13
2,192,1800.0,3.817437216867229e-13,1.3414282178722933e-9,1.966535945855098e-13
2,193,1800.0,3.8174372126475556e-13,1.341428216744e-9,1.9665359442010185e-13
2,194,1800.0,3.8174372063675583e-13,1.3414282150655934e-9,1.9665359417404715e-13
2,195,1800.0,3.81743722292232e-13,1.3414282194919547e-9,1.9665359482295244e-13
2,196,1800.0,3.817437188944663e-13,1.341428210419286e-9,1.9665359349289774e-13
2,197,1800.0,3.8174371998017456e-13,1.3414282133135458e-9,1.9665359391719671e-13
2,198,1800.0,3.8174372184461724e-13,1.341428218294462e-9,1.9665359464739981e-13
2,199,1800.0,3.817437223657998e-13,1.341428219688884e-9,1.9665359485182233e-13
2,200,1800.0,3.817437225004491e-13,1.3414282200494339e-9,1.9665359490467899e-13
2,201,1800.0,3.817437217734993e-13,1.3414282181043143e-9,1.9665359461952415e-13
2,202,1800.0,3.817437194307079e-13,1.3414282118480045e-9,1.966535937023481e-13
2,203,1800.0,3.817437225325114e-13,1.3414282201352822e-9,1.9665359491726436e-13
2,204,1800.0,3.8174372238726873e-13,1.341428219746371e-9,1.966535948602499e-13
2,205,1800.0,3.8174372250269516e-13,1.341428220055448e-9,1.9665359490556067e-13
2,206,1800.0,3.817437222533121e-13,1.3414282193877913e-9,1.9665359480768206e-13
2,207,1800.0,3.8174372241111096e-13,1.3414282198102114e-9,1.9665359486960893e-13
2,208,1800.0,3.817437226089307e-13,1.3414282203398975e-9,1.96653594947261e-13
2,209,1800.0,3.817437213315391e-13,1.3414282169226552e-9,1.9665359444629271e-13
2,210,1800.0,3.81743722292232e-13,1.3414282194919547e-9,1.9665359482295244e-13
2,211,1800.0,3.817437207484664e-13,1.3414282153642488e-9,1.9665359421783011e-13
2,212,1800.0,3.817437219471858e-13,1.3414282185688935e-9,1.9665359468763152e-13
2,213,1800.0,3.817437210659303e-13,1.3414282162128077e-9,1.9665359434222899e-13
2,214,1800.0,3.817437204221604e-13,1.3414282144929366e-9,1.9665359409009559e-13
2,215,1800.0,3.8174372092146874e-13,1.3414282158266272e-9,1.9665359428561482e-13
2,216,1800.0,3.817437206655783e-13,1.341428215142965e-9,1.9665359418538986e-13
2,217,1800.0,3.8174372145500144e-13,1.341428217252808e-9,1.9665359449469318e-13
2,218,1800.0,3.817437190767649e-13,1.3414282109053104e-9,1.96653593564149e-13
2,219,1800.0,3.817437200148158e-13,1.3414282134061088e-9,1.9665359393076646e-13
2,220,1800.0,3.817437214776627e-13,1.3414282173135344e-9,1.9665359450359567e-13
2,221,1800.0,3.817437208870969e-13,1.3443662260345987e-9,1.970843070592308e-13
2,222,1800.0,3.8174372071066713e-13,1.3443662257796233e-9,1.970843070218514e-13
2,223,1800.0,3.8174372247508477e-13,1.3414282199815563e-9,1.966535948947281e-13
2,224,1800.0,3.817437227549093e-13,1.3414282207308276e-9,1.9665359500457142e-13
2,225,1800.0,3.8174372241638565e-13,1.3414282198243645e-9,1.9665359487168377e-13
2,226,1800.0,3.8174372184458634e-13,1.3414282182945038e-9,1.9665359464740597e-13
2,227,1800.0,3.81743721061006e-13,1.3414282161994752e-9,1.9665359434027443e-13
2,228,1800.0,3.8174372242101713e-13,1.3414282198367763e-9,1.9665359487350335e-13
2,229,1800.0,3.817437223885291e-13,1.341428219749763e-9,1.966535948607472e-13
2,230,1800.0,3.817437225389166e-13,1.3414282201524634e-9,1.966535949197831e-13
2,231,1800.0,3.817437222807561e-13,1.3414282194612733e-9,1.9665359481845457e-13
2,232,1800.0,3.8174372230572257e-13,1.3414282195281064e-9,1.966535948282523e-13
2,233,1800.0,3.817437219306951e-13,1.3414282185247405e-9,1.966535946811587e-13
2,234,1800.0,3.817437227309227e-13,1.3414282206665803e-9,1.9665359499515275e-13
2,235,1800.0,3.8174372204002877e-13,1.3414282188171372e-9,1.9665359472402408e-13
2,236,1800.0,3.8174372183489383e-13,1.3414282182685895e-9,1.966535946436069e-13
2,237,1800.0,3.8174372046463583e-13,1.3414282146062461e-9,1.9665359410670678e-13
2,238,1800.0,3.817437224889556e-13,1.3414282200186998e-9,1.9665359490017337e-13
2,239,1800.0,3.817437203693982e-13,1.3414282143518231e-9,1.9665359406940835e-13
2,240,1800.0,3.8174372181708077e-13,1.3414282182208943e-9,1.9665359463661479e-13
2,241,1800.0,3.8174372061446477e-13,1.3414282150065122e-9,1.9665359416538586e-13
2,242,1800.0,3.8174372195526113e-13,1.341428218590448e-9,1.9665359469079143e-13
2,243,1800.0,3.817437215766828e-13,1.3414282175783102e-9,1.9665359454241187e-13
2,244,1800.0,3.81743722740223e-13,1.3414282206914753e-9,1.9665359499880236e-13
2,245,1800.0,3.8174372255771317e-13,1.3414282202027613e-9,1.9665359492715683e-13
2,246,1800.0,3.817437227595083e-13,1.341428220743128e-9,1.966535950063747e-13
2,247,1800.0,3.817437228226957e-13,1.3414282209123557e-9,1.966535950311835e-13
2,248,1800.0,3.8174372253573977e-13,1.3414282201439192e-9,1.9665359491853055e-13
2,249,1800.0,3.817437227063361e-13,1.341428220600724e-9,1.9665359498549818e-13
2,250,1800.0,3.8174372273285736e-13,1.341428220671749e-9,1.9665359499591048e-13
2,251,1800.0,3.817437227160815e-13,1.3414282206268277e-9,1.9665359498932502e-13
2,252,1800.0,3.8174372291464524e-13,1.3414282211586632e-9,1.9665359506729217e-13
2,253,1800.0,3.81743719908496e-13,1.3414282131220142e-9,1.9665359388911816e-13
2,254,1800.0,3.8174372049766085e-13,1.3414282146945327e-9,1.9665359411964962e-13
2,255,1800.0,3.8174372086869013e-13,1.341428215685486e-9,1.9665359426492352e-13
2,256,1800.0,3.8174372118378273e-13,1.341428216527816e-9,1.9665359438840926e-13
2,257,1800.0,3.8174371984602065e-13,1.3414282129558758e-9,1.9665359386476223e-13
2,258,1800.0,3.817437180264196e-13,1.3414282081092623e-9,1.9665359315424788e-13
2,259,1800.0,3.817437173243551e-13,1.341428206248354e-9,1.9665359288143845e-13
2,260,1800.0,3.8174371915277423e-13,1.3414282111079791e-9,1.9665359359386027e-13
2,261,1800.0,3.8174371736377845e-13,1.3414282063529374e-9,1.966535928967704e-13
2,262,1800.0,3.817437212888062e-13,1.3414282168085992e-9,1.966535944295721e-13
2,263,1800.0,3.817437193140076e-13,1.3414282115371407e-9,1.9665359365677543e-13
2,264,1800.0,3.8174372283504466e-13,1.34142822094543e-9,1.9665359503603215e-13
2,265,1800.0,3.8174372237374546e-13,1.3414282197101736e-9,1.9665359485494336e-13
2,266,1800.0,3.8174372287770807e-13,1.3414282210597045e-9,1.9665359505278483e-13
2,267,1800.0,3.817437228227985e-13,1.341428220912631e-9,1.9665359503122384e-13
2,268,1800.0,3.817437229141141e-13,1.341428221157237e-9,1.9665359506708308e-13
2,269,1800.0,3.817437223556137e-13,1.3414282196616173e-9,1.96653594847825e-13
2,270,1800.0,3.817437226345e-13,1.3414282204083703e-9,1.9665359495729914e-13
2,271,1800.0,3.817437151956498e-13,1.3414282006190992e-9,1.9665359205618877e-13
2,272,1800.0,3.817437205613794e-13,1.3414282148645366e-9,1.9665359414457217e-13
2,273,1800.0,3.817437211052238e-13,1.3414282163177624e-9,1.9665359435761536e-13
2,274,1800.0,3.8174371952506043e-13,1.3414282120998148e-9,1.9665359373926354e-13
2,275,1800.0,3.8174371703023907e-13,1.341428205470232e-9,1.9665359276736565e-13
2,276,1800.0,3.817437199205796e-13,1.3414282131547288e-9,1.966535938939141e-13
2,277,1800.0,3.8174372013570976e-13,1.3414282137286164e-9,1.9665359397804614e-13
2,278,1800.0,3.8174371982033846e-13,1.3414282128874692e-9,1.966535938547338e-13
2,279,1800.0,3.8174372087450766e-13,1.344366226021065e-9,1.9708430705724678e-13
2,280,1800.0,3.8174371845208783e-13,1.340987709990589e-9,1.9658901605851432e-13
2,281,1800.0,3.817437179321937e-13,1.3414282078589061e-9,1.9665359311754566e-13
2,282,1800.0,3.817437197544637e-13,1.340987713539266e-9,1.9658901657875097e-13
2,283,1800.0,3.817437213465287e-13,1.341428216962939e-9,1.9665359445219837e-13
2,284,1800.0,3.8174371909620343e-13,1.3414282109565124e-9,1.9665359357165524e-13
2,285,1800.0,3.817437215878758e-13,1.3414282176081993e-9,1.966535945467936e-13
2,286,1800.0,3.8174372198647993e-13,1.3414282186739376e-9,1.96653594703031e-13
2,287,1800.0,3.817437187176629e-13,1.341428209949103e-9,1.9665359342396884e-13
2,288,1800.0,3.8174371985875006e-13,1.3414282129897375e-9,1.9665359386972635e-13
2,289,1800.0,3.817437222698099e-13,1.3414282194319911e-9,1.9665359481416178e-13
2,290,1800.0,3.817437199084548e-13,1.341428213122113e-9,1.9665359388913263e-13
2,291,1800.0,3.817437223125684e-13,1.344364067813022e-9,1.970839906635972e-13
2,292,1800.0,3.8174372160709544e-13,1.3414282176596098e-9,1.966535945543304e-13
2,293,1800.0,3.8174372216542983e-13,1.3414282191526928e-9,1.966535947732166e-13
2,294,1800.0,3.817437217199339e-13,1.3414282179612224e-9,1.9665359459854683e-13
2,295,1800.0,3.817437211100427e-13,1.3414282163306073e-9,1.966535943594984e-13
2,296,1800.0,3.817437218746496e-13,1.341428218374891e-9,1.9665359465919072e-13
2,297,1800.0,3.8174371755422144e-13,1.3414282068575368e-9,1.9665359297074475e-13
2,298,1800.0,3.81743720844297e-13,1.341428215620501e-9,1.9665359425539673e-13
2,299,1800.0,3.817437222324458e-13,1.341428219331943e-9,1.9665359479949472e-13
2,300,1800.0,3.8174372168180605e-13,1.3414282178592304e-9,1.9665359458359483e-13
2,301,1800.0,3.8174372118380737e-13,1.3414282165277434e-9,1.966535943883986e-13
2,302,1800.0,3.817437217011202e-13,1.341428217910871e-9,1.9665359459116532e-13
2,303,1800.0,3.8174372178412764e-13,1.3414282181327586e-9,1.9665359462369408e-13
2,304,1800.0,3.81743721659432e-13,1.3414282177994151e-9,1.9665359457482587e-13
2,305,1800.0,3.8174372184266703e-13,1.341428218289293e-9,1.9665359464664203e-13
2,306,1800.0,3.8174372141466286e-13,1.3414282171449184e-9,1.9665359447887656e-13
2,307,1800.0,3.817437221589396e-13,1.3414282191352763e-9,1.966535947706633e-13
2,308,1800.0,3.817437216963532e-13,1.341428217898095e-9,1.9665359458929237e-13
2,309,1800.0,3.817437216232077e-13,1.3414282177025763e-9,1.966535945606293e-13
2,310,1800.0,3.8174372105085323e-13,1.3414282161723953e-9,1.966535943363045e-13
2,311,1800.0,3.8174371941414977e-13,1.3414282118046211e-9,1.966535936959881e-13
2,312,1800.0,3.8174372079409625e-13,1.3414282154861816e-9,1.9665359423570545e-13
2,313,1800.0,3.8174372156531575e-13,1.341428217547891e-9,1.966535945379524e-13
2,314,1800.0,3.817437210954814e-13,1.3414282162917457e-9,1.9665359435380129e-13
2,315,1800.0,3.8174372155667943e-13,1.3414282175247796e-9,1.9665359453456428e-13
2,316,1800.0,3.817437199683753e-13,1.3414282132818704e-9,1.9665359391255309e-13
2,317,1800.0,3.817437208686352e-13,1.3414282156853071e-9,1.966535942648973e-13
2,318,1800.0,3.8174372051385953e-13,1.3414282147376816e-9,1.9665359412597523e-13
2,319,1800.0,3.817437218728442e-13,1.3414282183699313e-9,1.9665359465846363e-13
2,320,1800.0,3.8174372151507887e-13,1.3414282174136185e-9,1.9665359451826803e-13
2,321,1800.0,3.8174372092145965e-13,1.3414282158263187e-9,1.9665359428556964e-13
2,322,1800.0,3.817437205457565e-13,1.3414282148226208e-9,1.9665359413842736e-13
2,323,1800.0,3.81743721762688e-13,1.3414282180753982e-9,1.9665359461528502e-13
2,324,1800.0,3.8174372176049564e-13,1.3414282180695589e-9,1.96653594614429e-13
2,325,1800.0,3.817437214776764e-13,1.3414282173133938e-9,1.9665359450357505e-13
2,326,1800.0,3.8174372078783726e-13,1.3414282154695085e-9,1.9665359423326117e-13
2,327,1800.0,3.8174372136493266e-13,1.341428217012102e-9,1.9665359445940563e-13
2,328,1800.0,3.817437218250874e-13,1.3414282182422498e-9,1.966535946397455e-13
2,329,1800.0,3.8174372206564956e-13,1.3414282188856168e-9,1.9665359473406322e-13
2,330,1800.0,3.8174371982023103e-13,1.3414282128869628e-9,1.9665359385465958e-13
2,331,1800.0,3.817437218728563e-13,1.341428218369961e-9,1.9665359465846798e-13
2,332,1800.0,3.8174372091577157e-13,1.3414282158110911e-9,1.9665359428333723e-13
2,333,1800.0,3.8174372268400705e-13,1.3414282205409413e-9,1.9665359497673407e-13
2,334,1800.0,3.8174372164411177e-13,1.341428217758471e-9,1.9665359456882344e-13
2,335,1800.0,3.817437224272961e-13,1.3414282198535379e-9,1.9665359487596059e-13
2,336,1800.0,3.817437217987786e-13,1.3414282181718952e-9,1.966535946294315e-13
2,337,1800.0,3.8174372169151916e-13,1.3414282178852155e-9,1.9665359458740423e-13
2,338,1800.0,3.8174372177565025e-13,1.3414282181100481e-9,1.9665359462036473e-13
2,339,1800.0,3.8174372208366093e-13,1.341428218933861e-9,1.9665359474113583e-13
2,340,1800.0,3.8174372186729746e-13,1.3414282183551128e-9,1.9665359465629122e-13
2,341,1800.0,3.8174372222492827e-13,1.341428219311858e-9,1.9665359479655026e-13
2,342,1800.0,3.8174372086874425e-13,1.3414282156853775e-9,1.966535942649076e-13
2,343,1800.0,3.817437214966341e-13,1.3414282173641128e-9,1.966535945110105e-13
2,344,1800.0,3.817437219205749e-13,1.3414282184976513e-9,1.966535946771874e-13
2,345,1800.0,3.8174372150592434e-13,1.341428217388973e-9,1.96653594514655e-13
2,346,1800.0,3.8174372192227953e-13,1.3414282185021948e-9,1.9665359467785348e-13
2,347,1800.0,3.817437222244965e-13,1.3413421446936222e-9,1.966409762435385e-13
2,348,1800.0,3.8174372092723254e-13,1.3414282158417733e-9,1.9665359428783527e-13
2,349,1800.0,3.817437223885315e-13,1.3414282197497538e-9,1.9665359486074582e-13
2,350,1800.0,3.8174371971395367e-13,1.3414282125858796e-9,1.966535938105207e-13
2,351,1800.0,3.8174372003766745e-13,1.3414282134665407e-9,1.9665359393962576e-13
2,352,1800.0,3.8174372151817433e-13,1.3414282174217268e-9,1.9665359451945672e-13
2,353,1800.0,3.8174371960084985e-13,1.3414282122822387e-9,1.9665359376600691e-13
2,354,1800.0,3.81743722020403e-13,1.341428218764576e-9,1.9665359471631862e-13
2,355,1800.0,3.817437222594762e-13,1.3414282194042797e-9,1.966535948100993e-13
2,356,1800.0,3.817437192969775e-13,1.3414282114914473e-9,1.9665359365007677e-13
2,357,1800.0,3.8174371971385734e-13,1.3414282126029687e-9,1.9665359381302598e-13
2,358,1800.0,3.81743721129042e-13,1.3414282163812398e-9,1.9665359436692114e-13
2,359,1800.0,3.8174372006915847e-13,1.3414282135403424e-9,1.9665359395044512e-13
2,360,1800.0,3.8174372108587936e-13,1.3414282162657704e-9,1.966535943499933e-13
2,361,1800.0,3.817437217862564e-13,1.341428218138439e-9,1.9665359462452684e-13
2,362,1800.0,3.8174372172916577e-13,1.341428217985843e-9,1.9665359460215623e-13
2,363,1800.0,3.817437221813171e-13,1.3414282191951391e-9,1.9665359477943923e-13
2,364,1800.0,3.8174372076165263e-13,1.3414282153994749e-9,1.9665359422299424e-13
2,365,1800.0,3.8174372197730723e-13,1.341428218649349e-9,1.9665359469942634e-13
2,366,1800.0,3.8174372143842734e-13,1.3414282172084918e-9,1.966535944881964e-13
2,367,1800.0,3.8174372153619903e-13,1.3414282174699766e-9,1.9665359452653012e-13
2,368,1800.0,3.817437175918214e-13,1.3414282069545258e-9,1.9665359298496333e-13
2,369,1800.0,3.8174372016701337e-13,1.3414282138120359e-9,1.966535939902754e-13
2,370,1800.0,3.817437195096463e-13,1.341428212058613e-9,1.9665359373322334e-13
2,371,1800.0,3.8174372170587304e-13,1.3414282179235754e-9,1.9665359459302779e-13
2,372,1800.0,3.8174372165180116e-13,1.3414282177790237e-9,1.9665359457183648e-13
2,373,1800.0,3.81743722030288e-13,1.341428218791076e-9,1.9665359472020352e-13
2,374,1800.0,3.817437221665226e-13,1.3414282191555407e-9,1.9665359477363412e-13
2,375,1800.0,3.817437202574513e-13,1.3414282140528703e-9,1.9665359402558178e-13
2,376,1800.0,3.8174372067973813e-13,1.3414282151806684e-9,1.9665359419091718e-13
2,377,1800.0,3.8174372096084443e-13,1.3414282159316829e-9,1.9665359430101604e-13
2,378,1800.0,3.8174372165432814e-13,1.3414282177858725e-9,1.9665359457284052e-13
2,379,1800.0,3.817437216016303e-13,1.3414282176450097e-9,1.9665359455219003e-13
2,380,1800.0,3.817437210405876e-13,1.3414282161450235e-9,1.9665359433229181e-13
2,381,1800.0,1.7263905085443372e-13,1.411613750410551e-9,2.0694280505361752e-13
2,382,1800.0,3.817437214647802e-13,1.3414282172790307e-9,1.9665359449853742e-13
2,383,1800.0,3.817437203692439e-13,1.3414282143515326e-9,1.9665359406936574e-13
2,384,1800.0,3.81743721493512e-13,1.341428217355748e-9,1.9665359450978418e-13
2,385,1800.0,3.817437162326534e-13,1.3414282033595112e-9,1.9665359245793361e-13
2,386,1800.0,3.81743717555004e-13,1.3414282068571968e-9,1.966535929706949e-13
2,387,1800.0,3.817437218484583e-13,1.3414282183047617e-9,1.9665359464890978e-13
2,388,1800.0,3.8174371917138983e-13,1.3414282111573858e-9,1.966535936011033e-13
2,389,1800.0,3.8174371703068013e-13,1.3414282054700526e-9,1.9665359276733933e-13
2,390,1800.0,3.8174371907655567e-13,1.3414282109049702e-9,1.9665359356409914e-13
2,391,1800.0,3.817437203144244e-13,1.3414282142052858e-9,1.966535940479259e-13
2,392,1800.0,3.8174372157952605e-13,1.3414282175858168e-9,1.966535945435123e-13
2,393,1800.0,3.817437210809387e-13,1.3414282162525787e-9,1.9665359434805941e-13
2,394,1800.0,1.7061178951754616e-13,1.4129868536291293e-9,2.0714410220845047e-13
2,395,1800.0,3.817437206512424e-13,1.341428215104412e-9,1.9665359417973795e-13
2,396,1800.0,3.8174372141808144e-13,1.3414282171540854e-9,1.9665359448022042e-13
2,397,1800.0,3.817437191340086e-13,1.3414282110576613e-9,1.9665359358648365e-13
2,398,1800.0,3.817437201144147e-13,1.3414282136716526e-9,1.9665359396969522e-13
2,399,1800.0,3.817437208132741e-13,1.3414282155373872e-9,1.9665359424321223e-13
2,400,1800.0,3.8174372048136624e-13,1.3414282146506055e-9,1.9665359411320987e-13
2,401,1800.0,3.817437206796917e-13,1.3414282151807243e-9,1.9665359419092536e-13
2,402,1800.0,3.8174371929673516e-13,1.3414282114914828e-9,1.9665359365008197e-13
2,403,1800.0,3.8174372110522844e-13,1.3414282163177082e-9,1.9665359435760738e-13
2,404,1800.0,3.8174372191852793e-13,1.341428218493425e-9,1.9665359467656783e-13
2,405,1800.0,3.817437218167526e-13,1.3414282182213997e-9,1.9665359463668885e-13
2,406,1800.0,3.8174372102000117e-13,1.3414282160897286e-9,1.9665359432418555e-13
2,407,1800.0,3.8174372184461724e-13,1.341428218294462e-9,1.9665359464739981e-13
2,408,1800.0,3.8174372153022076e-13,1.3414282174539682e-9,1.966535945241833e-13
2,409,1800.0,3.817437187175811e-13,1.3414282099490782e-9,1.9665359342396523e-13
2,410,1800.0,3.817437196999857e-13,1.34142821256607e-9,1.9665359380761664e-13
2,411,1800.0,3.8174372148089284e-13,1.34142821732201e-9,1.9665359450483818e-13
2,412,1800.0,3.8174372133948656e-13,1.3414282169454568e-9,1.9665359444963547e-13
2,413,1800.0,3.817437217626904e-13,1.3414282180754228e-9,1.9665359461528863e-13
2,414,1800.0,3.8174372160712654e-13,1.3414282176595617e-9,1.9665359455432334e-13
2,415,1800.0,3.8174372132013405e-13,1.3414282168920884e-9,1.9665359444181163e-13
2,416,1800.0,3.8174372178413875e-13,1.3414282181327625e-9,1.9665359462369466e-13
2,417,1800.0,3.817437155524577e-13,1.3414282015590266e-9,1.966535921939823e-13
2,418,1800.0,3.8174371852591915e-13,1.3414282094381283e-9,1.9665359334905987e-13
2,419,1800.0,3.817437189776056e-13,1.3414282106433772e-9,1.9665359352574954e-13
2,420,1800.0,3.8174371995715487e-13,1.3414282132549688e-9,1.9665359390860929e-13
2,421,1800.0,1.7249336915242552e-13,1.4130254305675683e-9,2.0714975759389045e-13
2,422,1800.0,3.8174372093870543e-13,1.3414282158730523e-9,1.9665359429242076e-13
2,423,1800.0,3.8174372178174223e-13,1.3414282181277837e-9,1.9665359462296477e-13
2,424,1800.0,3.817437205886406e-13,1.3414282149344056e-9,1.9665359415481502e-13
2,425,1800.0,3.817437216695494e-13,1.341428217827973e-9,1.9665359457901244e-13
2,426,1800.0,1.7223891901928052e-13,1.4100056055609734e-9,2.067070507575097e-13
2,427,1800.0,3.817437218671642e-13,1.3414282183560217e-9,1.9665359465642446e-13
2,428,1800.0,3.8174372191510006e-13,1.3414282184842671e-9,1.9665359467522527e-13
2,429,1800.0,3.817437210168738e-13,1.3414282160831742e-9,1.9665359432322468e-13
2,430,1800.0,3.817437214616611e-13,1.3414282172722598e-9,1.966535944975448e-13
2,431,1800.0,3.817437211623423e-13,1.3414282164713878e-9,1.9665359438013687e-13
2,432,1800.0,3.8174372117615777e-13,1.3414282165090074e-9,1.966535943856519e-13
2,433,1800.0,3.817437216098472e-13,1.3414282176668003e-9,1.9665359455538453e-13
2,434,1800.0,3.817437199916337e-13,1.341428213338812e-9,1.9665359392090072e-13
2,435,1800.0,3.817437201016253e-13,1.3414282136284229e-9,1.9665359396335775e-13
2,436,1800.0,3.817437208203639e-13,1.3412857505021167e-9,1.966327088459055e-13
2,437,1800.0,3.817437218386854e-13,1.3414282182799345e-9,1.966535946452701e-13
2,438,1800.0,3.8174372185416456e-13,1.3414282183200004e-9,1.9665359465114376e-13
2,439,1800.0,3.8174372036230615e-13,1.3412857493633597e-9,1.9663270867896353e-13
2,440,1800.0,3.817437200800031e-13,1.341428213570265e-9,1.9665359395483177e-13
2,441,1800.0,3.8174372077485016e-13,1.341428215434528e-9,1.9665359422813302e-13
2,442,1800.0,3.817437193980038e-13,1.3414282117610343e-9,1.9665359368959828e-13
2,443,1800.0,3.817437219648151e-13,1.3414282186159632e-9,1.9665359469453197e-13
2,444,1800.0,3.8174372045622447e-13,1.3414282145837774e-9,1.9665359410341285e-13
2,445,1800.0,3.817437222497538e-13,1.3414282193782717e-9,1.966535948062865e-13
2,446,1800.0,3.8174372119268543e-13,1.3414282165514012e-9,1.9665359439186682e-13
2,447,1800.0,3.8174372120577067e-13,1.3414282165864518e-9,1.9665359439700524e-13
2,448,1800.0,3.8174372074842703e-13,1.3414282153641026e-9,1.9665359421780866e-13
2,449,1800.0,3.8174372126873273e-13,1.3414282167548273e-9,1.9665359442168912e-13
2,450,1800.0,3.817437221411956e-13,1.341428219087737e-9,1.9665359476369404e-13
2,451,1800.0,3.8174372277663633e-13,1.341428220788998e-9,1.966535950130992e-13
2,452,1800.0,3.817437220400425e-13,1.3414282188171341e-9,1.9665359472402365e-13
2,453,1800.0,3.8174372204004674e-13,1.3414282188171287e-9,1.9665359472402287e-13
2,454,1800.0,3.8174372219967907e-13,1.341428219244242e-9,1.966535947866377e-13
2,455,1800.0,3.8174372167935237e-13,1.3414282178526734e-9,1.9665359458263355e-13
2,456,1800.0,3.81743722034122e-13,1.3414282188023458e-9,1.9665359472185566e-13
2,457,1800.0,3.8174372178172607e-13,1.3414282181277924e-9,1.9665359462296603e-13
2,458,1800.0,3.8174372227876186e-13,1.3414282194565106e-9,1.9665359481775633e-13
2,459,1800.0,3.8174372041037936e-13,1.3414282144564739e-9,1.9665359408475014e-13
2,460,1800.0,3.8174372159333023e-13,1.3414282176243422e-9,1.9665359454916013e-13
2,461,1800.0,3.817437221181721e-13,1.341342144437864e-9,1.9664097620604432e-13
2,462,1800.0,3.8174372211670736e-13,1.341054309891483e-9,1.965987796148011e-13
2,463,1800.0,3.817437218706686e-13,1.3414282183654617e-9,1.966535946578084e-13
2,464,1800.0,3.8174372222835837e-13,1.3414282193216913e-9,1.9665359479799182e-13
2,465,1800.0,3.817437214079594e-13,1.3414282171286101e-9,1.9665359447648577e-13
2,466,1800.0,3.817437225751403e-13,1.3414282202495868e-9,1.9665359493402143e-13
2,467,1800.0,1.7223892083971699e-13,1.4100056065188138e-9,2.0670705089792927e-13
2,468,1800.0,3.817437220437925e-13,1.341428218828187e-9,1.9665359472564396e-13
2,469,1800.0,3.8174372113474764e-13,1.3414282163974577e-9,1.966535943692987e-13
2,470,1800.0,3.8174371997867166e-13,1.3414282132983917e-9,1.9665359391497508e-13
2,471,1800.0,3.8174372161771934e-13,1.3414282176895106e-9,1.9665359455871383e-13
2,472,1800.0,3.8174371896348295e-13,1.3414282105688797e-9,1.966535935148282e-13
2,473,1800.0,1.722389096965998e-13,1.410005600479783e-9,2.0670705001260637e-13
2,474,1800.0,3.8174371877211847e-13,1.3414282100542666e-9,1.9665359343938583e-13
2,475,1800.0,3.817437207776332e-13,1.3414282154405959e-9,1.9665359422902257e-13
2,476,1800.0,3.8174371848732196e-13,1.34142820929228e-9,1.9665359332767848e-13
2,477,1800.0,3.8174372100422496e-13,1.341428216047535e-9,1.9665359431799995e-13
2,478,1800.0,3.8174372168402667e-13,1.3414282178667038e-9,1.966535945846904e-13
2,479,1800.0,3.8174372165691025e-13,1.3414282177926804e-9,1.9665359457383857e-13
2,480,1800.0,3.8174371992067026e-13,1.3414282131545466e-9,1.9665359389388738e-13
2,481,1800.0,3.817437216071312e-13,1.3414282176595598e-9,1.9665359455432306e-13
2,482,1800.0,3.8174372154211006e-13,1.3414282174857745e-9,1.9665359452884609e-13
2,483,1800.0,3.8174372238599827e-13,1.3414282197429926e-9,1.9665359485975466e-13
2,484,1800.0,3.8174372090625314e-13,1.3414282157853122e-9,1.966535942795581e-13
2,485,1800.0,3.817437212523965e-13,1.3414282167110394e-9,1.966535944152698e-13
2,486,1800.0,3.817437208383157e-13,1.3414282156040288e-9,1.9665359425298186e-13
2,487,1800.0,3.81743721644114e-13,1.3414282177584836e-9,1.9665359456882528e-13
2,488,1800.0,3.8174372137951455e-13,1.3414282170508882e-9,1.9665359446509169e-13
2,489,1800.0,3.8174372080698035e-13,1.3414282155204651e-9,1.9665359424073144e-13
2,490,1800.0,3.817437198839611e-13,1.3414282130563934e-9,1.9665359387949812e-13
2,491,1800.0,3.8174372146483996e-13,1.341428217279031e-9,1.966535944985375e-13
2,492,1800.0,3.8174371882973233e-13,1.3414282102472785e-9,1.966535934676814e-13
2,493,1800.0,3.8174372257322685e-13,1.3414282202442895e-9,1.9665359493324486e-13
2,494,1800.0,3.8174372157954604e-13,1.3414282175857933e-9,1.9665359454350888e-13
2,495,1800.0,3.817437222620789e-13,1.3414282194112642e-9,1.9665359481112321e-13
2,496,1800.0,3.8174372136137554e-13,1.3414282170024045e-9,1.9665359445798399e-13
2,497,1800.0,3.8174372004894223e-13,1.3414282134965378e-9,1.9665359394402336e-13
2,498,1800.0,3.817437210303781e-13,1.3414282161175682e-9,1.9665359432826686e-13
2,499,1800.0,3.8174371901788724e-13,1.3414282107479283e-9,1.9665359354107674e-13
2,500,1800.0,3.817437213201405e-13,1.3414282168921e-9,1.9665359444181332e-13
2,501,1800.0,3.8174372074851064e-13,1.3414282153640825e-9,1.9665359421780573e-13
2,502,1800.0,3.8174372086268277e-13,1.3414282156692656e-9,1.9665359426254563e-13
2,503,1800.0,3.817437214384241e-13,1.3414282172084643e-9,1.9665359448819239e-13
2,504,1800.0,3.817437211926638e-13,1.3414282165514205e-9,1.9665359439186967e-13
2,505,1800.0,3.817437212768373e-13,1.341428216776486e-9,1.966535944248643e-13
2,506,1800.0,3.81743721339117e-13,1.341428216942862e-9,1.9665359444925505e-13
2,507,1800.0,3.8174372166948396e-13,1.3414282178262373e-9,1.9665359457875799e-13
2,508,1800.0,3.8174371762805296e-13,1.3414282070501719e-9,1.9665359299898506e-13
2,509,1800.0,3.8174371882970507e-13,1.341428210247214e-9,1.9665359346767194e-13
2,510,1800.0,3.8174371796398967e-13,1.3414282079431142e-9,1.9665359312989053e-13
2,511,1800.0,3.8174372106106637e-13,1.3414282161994055e-9,1.966535943402642e-13
2,512,1800.0,3.8174371938171847e-13,1.3414282117173193e-9,1.9665359368318965e-13
2,513,1800.0,3.817437203961741e-13,1.3414282144230792e-9,1.9665359407985448e-13
2,514,1800.0,3.817437211749493e-13,1.3414282165039304e-9,1.9665359438490762e-13
2,515,1800.0,3.8174372082584213e-13,1.3414282155708117e-9,1.9665359424811223e-13
2,516,1800.0,3.8174372118825084e-13,1.3414282165395907e-9,1.9665359439013539e-13
2,517,1800.0,3.81743720658457e-13,1.3414282151236455e-9,1.966535941825576e-13
2,518,1800.0,3.8174371926182313e-13,1.3414282113980249e-9,1.96653593636381e-13
2,519,1800.0,3.8174371842368015e-13,1.3414282091657576e-9,1.9665359330913026e-13
2,520,1800.0,3.817437214903505e-13,1.3414282173473382e-9,1.966535945085513e-13
2,521,1800.0,3.81743721090611e-13,1.3414282162786459e-9,1.9665359435188086e-13
2,522,1800.0,3.817437207213286e-13,1.3414282152916819e-9,1.9665359420719178e-13
2,523,1800.0,3.817437173644182e-13,1.3414282063524663e-9,1.9665359289670133e-13
2,524,1800.0,3.8174372067264267e-13,1.3414282151617457e-9,1.966535941881431e-13
2,525,1800.0,3.817437204646013e-13,1.3414282146059913e-9,1.9665359410666944e-13
2,526,1800.0,3.8174371992063613e-13,1.3414282131545197e-9,1.9665359389388346e-13
2,527,1800.0,3.8174371984607497e-13,1.3414282129557158e-9,1.9665359386473878e-13
2,528,1800.0,3.817437197412476e-13,1.341428212675874e-9,1.966535938237139e-13
2,529,1800.0,3.817437220246597e-13,1.3414282187759951e-9,1.9665359471799264e-13
2,530,1800.0,3.817437213469516e-13,1.3414282169652792e-9,1.966535944525414e-13
2,531,1800.0,3.8174372169635845e-13,1.3414282178980978e-9,1.9665359458929275e-13
2,532,1800.0,3.8174372194882665e-13,1.3414282185731808e-9,1.9665359468826006e-13
2,533,1800.0,3.817437184497955e-13,1.3414282092350696e-9,1.9665359331929142e-13
2,534,1800.0,3.817437198839427e-13,1.341428213056357e-9,1.966535938794928e-13
2,535,1800.0,3.8174372080059414e-13,1.3414282155034465e-9,1.9665359423823652e-13
2,536,1800.0,3.8174372003767916e-13,1.3414282134665573e-9,1.966535939396282e-13
2,537,1800.0,3.817437205139391e-13,1.341428214737678e-9,1.9665359412597472e-13
2,538,1800.0,3.817437191153217e-13,1.341428211007572e-9,1.9665359357914058e-13
2,539,1800.0,3.817437201465061e-13,1.341428213758066e-9,1.9665359398236344e-13
2,540,1800.0,3.817437209747009e-13,1.3412857510669508e-9,1.9663270892871028e-13
2,541,1800.0,3.817437216311269e-13,1.341428217723703e-9,1.9665359456372649e-13
2,542,1800.0,3.8174372156848634e-13,1.3412857526872816e-9,1.9663270916625104e-13
2,543,1800.0,3.817437212163986e-13,1.341285751652758e-9,1.966327090145897e-13
2,544,1800.0,3.8174372135787517e-13,1.3412857520199543e-9,1.9663270906842072e-13
2,545,1800.0,3.8174372115238985e-13,1.341428216443855e-9,1.9665359437610053e-13
2,546,1800.0,3.817437204900462e-13,1.341285749642012e-9,1.9663270871981403e-13
2,547,1800.0,3.8174372157208607e-13,1.3412857529125928e-9,1.9663270919928167e-13
2,548,1800.0,3.8174372062198937e-13,1.341428215026278e-9,1.9665359416828354e-13
2,549,1800.0,3.817437221708049e-13,1.3414282191669945e-9,1.9665359477531322e-13
2,550,1800.0,3.8174372115686483e-13,1.3414282164555496e-9,1.9665359437781497e-13
2,551,1800.0,3.817437200262725e-13,1.3414282134363613e-9,1.9665359393520147e-13
2,552,1800.0,3.817437212399464e-13,1.341428216677686e-9,1.966535944103802e-13
2,553,1800.0,3.817437205536256e-13,1.3414282148435857e-9,1.966535941415008e-13
2,554,1800.0,3.8174372181911217e-13,1.3414282182262716e-9,1.966535946374031e-13
2,555,1800.0,3.8174371844979753e-13,1.3414282092351444e-9,1.966535933193024e-13
2,556,1800.0,3.8174372146480866e-13,1.3414282172790224e-9,1.966535944985362e-13
2,557,1800.0,3.8174372136497164e-13,1.3414282170121727e-9,1.96653594459416e-13
2,558,1800.0,3.8174372163894876e-13,1.341428217744661e-9,1.966535945667989e-13
2,559,1800.0,3.817437205056972e-13,1.3414282147158444e-9,1.9665359412277392e-13
2,560,1800.0,3.817437214840386e-13,1.3414282173304726e-9,1.9665359450607883e-13
2,561,1800.0,3.8174372096637923e-13,1.3414282159464365e-9,1.966535943031789e-13
2,562,1800.0,3.817437198076335e-13,1.3414282128529038e-9,1.966535938496665e-13
2,563,1800.0,3.81743721272824e-13,1.3414282167656944e-9,1.9665359442328224e-13
2,564,1800.0,3.8174371943071216e-13,1.341428211848046e-9,1.966535937023542e-13
2,565,1800.0,3.817437193480246e-13,1.3414282116281113e-9,1.9665359367011175e-13
2,566,1800.0,3.817437218290125e-13,1.3414282182528313e-9,1.9665359464129676e-13
2,567,1800.0,1.7263905187929878e-13,1.4116137509382635e-9,2.0694280513098026e-13
2,568,1800.0,3.817437200600393e-13,1.341428213526168e-9,1.9665359394836717e-13
2,569,1800.0,3.8174372210237145e-13,1.3414282189838764e-9,1.966535947484681e-13
2,570,1800.0,3.8174371990833364e-13,1.3414282131216873e-9,1.966535938890702e-13
2,571,1800.0,3.817437197273406e-13,1.3414282126391072e-9,1.966535938183239e-13
2,572,1800.0,3.817437219068099e-13,1.341428218460853e-9,1.9665359467179278e-13
2,573,1800.0,3.817437177668747e-13,1.3414282074199737e-9,1.9665359305319808e-13
2,574,1800.0,3.817437193976912e-13,1.3414282117604824e-9,1.9665359368951734e-13
2,575,1800.0,1.7061178894411173e-13,1.412986844645348e-9,2.071441008914267e-13
2,576,1800.0,3.817437218230447e-13,1.3414282182368686e-9,1.9665359463895663e-13
2,577,1800.0,3.8174372072138473e-13,1.3414282152920607e-9,1.966535942072473e-13
2,578,1800.0,3.817437211051828e-13,1.341428216317575e-9,1.9665359435758787e-13
2,579,1800.0,3.817437211570371e-13,1.3414282164564345e-9,1.966535943779447e-13
2,580,1800.0,3.8174372093278027e-13,1.3414282158567372e-9,1.96653594290029e-13
2,581,1800.0,3.8174372088657003e-13,1.3414282157331184e-9,1.9665359427190644e-13
2,582,1800.0,1.7263905110472138e-13,1.411613750538792e-9,2.0694280507241765e-13
2,583,1800.0,3.8174372072130395e-13,1.3414282152918597e-9,1.9665359420721783e-13
2,584,1800.0,3.817437217152925e-13,1.3414282179487159e-9,1.9665359459671337e-13
2,585,1800.0,3.8174372203448306e-13,1.341428218802329e-9,1.9665359472185321e-13
2,586,1800.0,3.817437219015693e-13,1.3414282184468504e-9,1.9665359466974e-13
2,587,1800.0,3.8174372168181554e-13,1.3414282178592408e-9,1.9665359458359632e-13
2,588,1800.0,3.8174372116135657e-13,1.3414282164677369e-9,1.966535943796016e-13
2,589,1800.0,3.8174372068261125e-13,1.3414282151808099e-9,1.966535941909379e-13
2,590,1800.0,3.8174372161679017e-13,1.3414282176812638e-9,1.9665359455750486e-13
2,591,1800.0,3.817437208626537e-13,1.3414282156693291e-9,1.9665359426255494e-13
2,592,1800.0,3.817437209773638e-13,1.3414282159757207e-9,1.9665359430747195e-13
2,593,1800.0,3.817437199920041e-13,1.3414282133446346e-9,1.966535939217543e-13
2,594,1800.0,3.8174372248282626e-13,1.3414282200022592e-9,1.9665359489776316e-13
2,595,1800.0,3.8174372007102286e-13,1.3414282135557325e-9,1.9665359395270129e-13
2,596,1800.0,3.8174372077102506e-13,1.3414282154171598e-9,1.9665359422558685e-13
2,597,1800.0,3.817437192260722e-13,1.3414282113030943e-9,1.966535936224642e-13
2,598,1800.0,3.8174371927919776e-13,1.3414282114444243e-9,1.966535936431832e-13
2,599,1800.0,3.8174371957036594e-13,1.341428212220725e-9,1.96653593756989e-13
2,600,1800.0,3.817437169409502e-13,1.34142820523295e-9,1.9665359273258004e-13
2,601,1800.0,3.8174372056145837e-13,1.3414282148644561e-9,1.9665359414456039e-13
2,602,1800.0,3.817437199206967e-13,1.3414282131546308e-9,1.9665359389389972e-13
2,603,1800.0,3.817437197679163e-13,1.3414282127474763e-9,1.9665359383421084e-13
2,604,1800.0,1.7259410092862724e-13,1.4129585150886299e-9,2.0713994777381116e-13
2,605,1800.0,3.817437214997332e-13,1.3414282173724735e-9,1.9665359451223616e-13
2,606,1800.0,3.8174372016710647e-13,1.3414282138120646e-9,1.9665359399027964e-13
2,607,1800.0,3.81743721372307e-13,1.3414282170316528e-9,1.966535944622718e-13
2,608,1800.0,1.7259410521596403e-13,1.412958519917524e-9,2.071399484817278e-13
2,609,1800.0,3.8174371786743855e-13,1.3414282076872972e-9,1.9665359309238773e-13
2,610,1800.0,3.8174372000344507e-13,1.3414282133755248e-9,1.9665359392628283e-13
2,611,1800.0,3.817437201875703e-13,1.341428213866887e-9,1.9665359399831663e-13
2,612,1800.0,3.817437206867191e-13,1.3414282151993799e-9,1.9665359419366028e-13
2,613,1800.0,3.817437205218664e-13,1.3414282147590477e-9,1.9665359412910752e-13
2,614,1800.0,3.817437195400668e-13,1.3414282121398229e-9,1.9665359374512873e-13
2,615,1800.0,3.8174372019786725e-13,1.3414282138940713e-9,1.9665359400230183e-13
2,616,1800.0,3.817437214451072e-13,1.3414282172263291e-9,1.9665359449081135e-13
2,617,1800.0,3.8174372141807114e-13,1.341428217154125e-9,1.9665359448022623e-13
2,618,1800.0,3.8174372117943014e-13,1.3414282165159286e-9,1.9665359438666654e-13
2,619,1800.0,3.817437214997233e-13,1.3414282173724032e-9,1.9665359451222586e-13
2,620,1800.0,3.817437216044055e-13,1.3414282176522845e-9,1.966535945532565e-13
2,621,1800.0,3.8174372078127636e-13,1.3414282154518604e-9,1.9665359423067398e-13
2,622,1800.0,3.8174372103561905e-13,1.3414282161314714e-9,1.9665359433030507e-13
2,623,1800.0,3.817437204049209e-13,1.3414282144464913e-9,1.966535940832867e-13
2,624,1800.0,3.8174372048962956e-13,1.3414282146726242e-9,1.966535941164378e-13
2,625,1800.0,3.817437188081412e-13,1.3414282101892263e-9,1.9665359345917097e-13
2,626,1800.0,3.8174371970001337e-13,1.3414282125661844e-9,1.966535938076334e-13
2,627,1800.0,3.817437190958773e-13,1.3414282109563979e-9,1.9665359357163845e-13
2,628,1800.0,3.817437195094894e-13,1.341428212058598e-9,1.9665359373322115e-13
2,629,1800.0,3.8174371850067075e-13,1.3414282093712491e-9,1.9665359333925538e-13
2,630,1800.0,3.8174372157103473e-13,1.34142821756311e-9,1.966535945401835e-13
2,631,1800.0,3.8174372048132565e-13,1.3414282146506678e-9,1.9665359411321898e-13
2,632,1800.0,3.8174372041339364e-13,1.3414282144693843e-9,1.9665359408664282e-13
2,633,1800.0,3.817437191524921e-13,1.3414282111073135e-9,1.9665359359376268e-13
2,634,1800.0,3.8174371776749974e-13,1.341428207420875e-9,1.966535930533302e-13
2,635,1800.0,3.8174371680170074e-13,1.3414282048643858e-9,1.9665359267854847e-13
2,636,1800.0,3.8174371783490385e-13,1.341428207599468e-9,1.9665359307951196e-13
2,637,1800.0,3.8174371996843106e-13,1.3414282132821516e-9,1.966535939125943e-13
2,638,1800.0,3.8174371534295037e-13,1.3414282010055164e-9,1.9665359211283761e-13
2,639,1800.0,3.8174371862365086e-13,1.34142820969855e-9,1.9665359338723776e-13
2,640,1800.0,1.7249336767153095e-13,1.4130254287469812e-9,2.071497573269921e-13
2,641,1800.0,3.8174371684937793e-13,1.341428204989616e-9,1.9665359269690722e-13
2,642,1800.0,3.8174372140424636e-13,1.3414282171170956e-9,1.9665359447479773e-13
2,643,1800.0,3.817437195251113e-13,1.3414282120996866e-9,1.9665359373924476e-13
2,644,1800.0,3.8174372148089567e-13,1.3414282173220054e-9,1.9665359450483755e-13
2,645,1800.0,3.8174371878586974e-13,1.3414282101300513e-9,1.9665359345049587e-13
2,646,1800.0,3.8174372103560795e-13,1.3414282161314156e-9,1.9665359433029687e-13
2,647,1800.0,3.8174371949381154e-13,1.341428212016916e-9,1.966535937271106e-13
2,648,1800.0,3.817437180567672e-13,1.3414282081899384e-9,1.9665359316607504e-13
2,649,1800.0,3.81743719462497e-13,1.3414282119332885e-9,1.9665359371485074e-13
2,650,1800.0,3.817437182038141e-13,1.3414282085822725e-9,1.9665359322359128e-13
2,651,1800.0,3.8174372005995387e-13,1.341428213526236e-9,1.9665359394837712e-13
2,652,1800.0,3.8174372004879945e-13,1.3414282134965134e-9,1.966535939440198e-13
2,653,1800.0,3.817437205057297e-13,1.341428214715959e-9,1.966535941227907e-13
2,654,1800.0,3.8174372043932563e-13,1.3414282145386704e-9,1.9665359409680015e-13
2,655,1800.0,3.817437187173828e-13,1.3414282099482928e-9,1.9665359342385005e-13
2,656,1800.0,3.8174371504431635e-13,1.341428200217642e-9,1.9665359199733507e-13
2,657,1800.0,3.817437188730973e-13,1.3414282103624876e-9,1.9665359348457108e-13
2,658,1800.0,1.7375773936576975e-13,1.413177275362835e-9,2.0717201806553586e-13
2,659,1800.0,3.8174371773281066e-13,1.3414282073296795e-9,1.9665359303996095e-13
2,660,1800.0,3.8174371987142434e-13,1.3414282130230675e-9,1.9665359387461254e-13
2,661,1800.0,3.817437187630104e-13,1.3414282100695775e-9,1.9665359344163041e-13
2,662,1800.0,3.817437203144258e-13,1.3414282142054453e-9,1.966535940479493e-13
2,663,1800.0,3.8174371855050536e-13,1.3414282095038005e-9,1.966535933586874e-13
2,664,1800.0,3.8174371831645807e-13,1.3414282088805255e-9,1.966535932673152e-13
2,665,1800.0,3.817437204812911e-13,1.341428214650674e-9,1.966535941132199e-13
2,666,1800.0,3.8174372070082477e-13,1.3414282152368849e-9,1.9665359419915852e-13
2,667,1800.0,3.8174371891549395e-13,1.3414282104756612e-9,1.9665359350116235e-13
2,668,1800.0,3.8174372121445324e-13,1.341428216609627e-9,1.9665359440040274e-13
2,669,1800.0,3.817437192440155e-13,1.3414282113506905e-9,1.966535936294418e-13
2,670,1800.0,3.8174372024756473e-13,1.3414282140268896e-9,1.96653594021773e-13
2,671,1800.0,3.817437204478097e-13,1.3414282145611786e-9,1.9665359410009988e-13
2,672,1800.0,3.817437211704166e-13,1.3414282164919377e-9,1.9665359438314949e-13
2,673,1800.0,3.81743720135757e-13,1.3414282137284915e-9,1.9665359397802778e-13
2,674,1800.0,3.8174371955518184e-13,1.3414282121806566e-9,1.9665359375111496e-13
2,675,1800.0,3.8174371680171246e-13,1.341428204864348e-9,1.966535926785429e-13
2,676,1800.0,3.817437215906635e-13,1.341428217615678e-9,1.9665359454789e-13
2,677,1800.0,3.8174372179877233e-13,1.341428218171869e-9,1.9665359462942767e-13
2,678,1800.0,3.8174372001485455e-13,1.3414282134059435e-9,1.966535939307422e-13
2,679,1800.0,3.8174372011433453e-13,1.3414282136716784e-9,1.96653593969699e-13
2,680,1800.0,3.8174371871776366e-13,1.3414282099505001e-9,1.9665359342417367e-13
2,681,1800.0,3.8174372038728353e-13,1.3414282143995072e-9,1.9665359407639882e-13
2,682,1800.0,3.817437213353359e-13,1.3414282169327811e-9,1.9665359444777719e-13
2,683,1800.0,3.8174372017742846e-13,1.3414282138395332e-9,1.9665359399430654e-13
2,684,1800.0,3.8174371954020676e-13,1.3414282121401992e-9,1.966535937451839e-13
2,685,1800.0,3.817437203605157e-13,1.3414282143279263e-9,1.9665359406590505e-13
2,686,1800.0,3.8174371842360725e-13,1.341428209165858e-9,1.9665359330914497e-13
2,687,1800.0,3.817437185756425e-13,1.3414282095701865e-9,1.9665359336841963e-13
2,688,1800.0,3.81743714887832e-13,1.3414281998007504e-9,1.9665359193621872e-13
2,689,1800.0,3.817437186715601e-13,1.3414282098255638e-9,1.9665359340585798e-13
2,690,1800.0,3.817437171604766e-13,1.3414282058123569e-9,1.9665359281752118e-13
2,691,1800.0,3.81743718423687e-13,1.3414282091658325e-9,1.9665359330914126e-13
2,692,1800.0,3.8174372089249156e-13,1.3414282157488952e-9,1.966535942742193e-13
2,693,1800.0,3.817437190178939e-13,1.341428210747986e-9,1.9665359354108523e-13
2,694,1800.0,3.817437180871067e-13,1.3414282082704841e-9,1.9665359317788301e-13
2,695,1800.0,3.817437189154899e-13,1.3414282104756153e-9,1.966535935011556e-13
2,696,1800.0,3.8174372121445445e-13,1.3414282166096004e-9,1.9665359440039883e-13
2,697,1800.0,3.817437204479123e-13,1.3414282145614063e-9,1.9665359410013325e-13
2,698,1800.0,3.8174372047305687e-13,1.3414282146285028e-9,1.9665359410996963e-13
2,699,1800.0,3.817437168024445e-13,1.341428204864755e-9,1.9665359267860262e-13
2,700,1800.0,3.8174372142491335e-13,1.3414282171724203e-9,1.966535944829083e-13
2,701,1800.0,3.8174372157954786e-13,1.3414282175858208e-9,1.9665359454351292e-13
2,702,1800.0,3.8174372004892345e-13,1.3414282134965699e-9,1.9665359394402806e-13
2,703,1800.0,3.8174372214005845e-13,1.3414282190847198e-9,1.9665359476325173e-13
2,704,1800.0,1.737577340128235e-13,1.4131772730825673e-9,2.0717201773124826e-13
2,705,1800.0,3.81743718873105e-13,1.341428210362619e-9,1.9665359348459037e-13
2,706,1800.0,3.8174372160985607e-13,1.3414282176668528e-9,1.966535945553922e-13
2,707,1800.0,3.8174372023782516e-13,1.341428214000646e-9,1.9665359401792574e-13
2,708,1800.0,3.8174372048136624e-13,1.3414282146506055e-9,1.9665359411320987e-13
2,709,1800.0,3.81743721573882e-13,1.341428217570706e-9,1.966535945412971e-13
2,710,1800.0,3.817437223521582e-13,1.341428219652364e-9,1.9665359484646847e-13
2,711,1800.0,3.817437208258591e-13,1.3414282155708684e-9,1.9665359424812056e-13
2,712,1800.0,3.8174372184461543e-13,1.341428218294488e-9,1.9665359464740365e-13
2,713,1800.0,3.817437220400225e-13,1.3414282188171544e-9,1.966535947240266e-13
2,714,1800.0,3.817437224216022e-13,1.341428219838308e-9,1.9665359487372792e-13
2,715,1800.0,3.8174372263805975e-13,1.3414282204179087e-9,1.9665359495869745e-13
2,716,1800.0,3.817437225115197e-13,1.3414282200790879e-9,1.9665359490902628e-13
2,717,1800.0,3.817437219864858e-13,1.3414282186739527e-9,1.9665359470303321e-13
2,718,1800.0,3.8174372252761296e-13,1.3414282201221652e-9,1.966535949153414e-13
2,719,1800.0,3.817437226662029e-13,1.3414282204932678e-9,1.9665359496974512e-13
2,720,1800.0,3.817437225192543e-13,1.3414282200997837e-9,1.9665359491206028e-13
2,721,1800.0,3.817437217819868e-13,1.3414282181271288e-9,1.9665359462286877e-13
2,722,1800.0,3.8174372102524436e-13,1.3414282161037216e-9,1.9665359432623692e-13
2,723,1800.0,3.8174372137951556e-13,1.3414282170509143e-9,1.9665359446509552e-13
2,724,1800.0,3.817437203961436e-13,1.3414282144231009e-9,1.9665359407985766e-13
2,725,1800.0,3.8174372015682286e-13,1.3414282137844531e-9,1.9665359398623179e-13
2,726,1800.0,3.817437166061422e-13,1.3414282043465604e-9,1.966535926026352e-13
2,727,1800.0,3.817437195553739e-13,1.34142821218067e-9,1.9665359375111693e-13
2,728,1800.0,3.8174371864786286e-13,1.341428209762492e-9,1.9665359339661162e-13
2,729,1800.0,3.817437212314973e-13,1.3414282166551952e-9,1.9665359440708305e-13
2,730,1800.0,3.8174371895696446e-13,1.3414282105859572e-9,1.9665359351733175e-13
2,731,1800.0,3.8174372167195137e-13,1.341428217832899e-9,1.966535945797346e-13
2,732,1800.0,3.8174371347627454e-13,1.3414281960720448e-9,1.9665359138958987e-13
2,733,1800.0,3.817437198330681e-13,1.3414282129215284e-9,1.966535938597269e-13
2,734,1800.0,3.817437194468535e-13,1.3414282118909401e-9,1.966535937086425e-13
2,735,1800.0,3.81743721110096e-13,1.341428216330543e-9,1.9665359435948899e-13
2,736,1800.0,3.817437214042415e-13,1.3414282171170722e-9,1.966535944747943e-13
2,737,1800.0,3.8174371839727136e-13,1.3414282090956725e-9,1.9665359329885578e-13
2,738,1800.0,3.81743718449766e-13,1.3414282092351333e-9,1.9665359331930078e-13
2,739,1800.0,3.8174371842365854e-13,1.3414282091658211e-9,1.9665359330913957e-13
2,740,1800.0,3.8174372066549067e-13,1.3414282151426376e-9,1.9665359418534187e-13
2,741,1800.0,3.817437209098997e-13,1.3414282157954665e-9,1.966535942810467e-13
2,742,1800.0,3.8174371680192087e-13,1.3414282048640468e-9,1.9665359267849877e-13
2,743,1800.0,3.8174371707438216e-13,1.3414282055856341e-9,1.966535927842836e-13
2,744,1800.0,3.8174371965771447e-13,1.3414282124539333e-9,1.9665359379117736e-13
2,745,1800.0,3.8174371859950934e-13,1.3414282096347918e-9,1.9665359337789078e-13
2,746,1800.0,3.8174371748074514e-13,1.3414282066597048e-9,1.966535929417425e-13
2,747,1800.0,3.817437220924764e-13,1.3414282189574477e-9,1.9665359474459364e-13
2,748,1800.0,3.8174372090991e-13,1.3414282157956805e-9,1.9665359428107805e-13
2,749,1800.0,3.817437196998696e-13,1.3414282125662018e-9,1.9665359380763597e-13
2,750,1800.0,3.8174371969975145e-13,1.3414282125659687e-9,1.9665359380760177e-13
2,751,1800.0,3.8174371593952995e-13,1.341428202583021e-9,1.9665359234410003e-13
2,752,1800.0,3.817437199206426e-13,1.3414282131546089e-9,1.9665359389389654e-13
2,753,1800.0,3.8174371455203504e-13,1.3414281989169741e-9,1.9665359180665694e-13
2,754,1800.0,3.817437194142049e-13,1.3414282118048536e-9,1.9665359369602218e-13
2,755,1800.0,3.8174372059198347e-13,1.3414282149462843e-9,1.9665359415655645e-13
2,756,1800.0,3.817437206070874e-13,1.3414282149865372e-9,1.966535941624575e-13
2,757,1800.0,3.817437212928468e-13,1.3414282168191768e-9,1.9665359443112276e-13
2,758,1800.0,3.817437196002006e-13,1.341428212299811e-9,1.9665359376858302e-13
2,759,1800.0,1.7061178962468513e-13,1.412986855194386e-9,2.0714410243791738e-13
2,760,1800.0,3.8174372230651785e-13,1.3414282195302101e-9,1.966535948285607e-13
2,761,1800.0,3.8174372115221315e-13,1.341428216443306e-9,1.9665359437602008e-13
2,762,1800.0,3.8174371975453237e-13,1.3414282127117086e-9,1.9665359382896728e-13
2,763,1800.0,3.817437208746775e-13,1.341428215701376e-9,1.96653594267253e-13
2,764,1800.0,3.8174372060709204e-13,1.3414282149863333e-9,1.9665359416242762e-13
2,765,1800.0,3.81743720927257e-13,1.3414282158417779e-9,1.9665359428783595e-13
2,766,1800.0,3.8174371915285177e-13,1.3414282111077153e-9,1.966535935938216e-13
2,767,1800.0,3.8174372052200654e-13,1.3414282147591302e-9,1.9665359412911961e-13
2,768,1800.0,3.817437202278992e-13,1.3414282139742154e-9,1.9665359401405096e-13
2,769,1800.0,3.8174371929693307e-13,1.3414282114914332e-9,1.9665359365007468e-13
2,770,1800.0,3.8174372061454313e-13,1.3414282150064305e-9,1.9665359416537384e-13
2,771,1800.0,3.8174372104068473e-13,1.3414282161450709e-9,1.9665359433229875e-13
2,772,1800.0,3.8174371893625667e-13,1.3414282105307895e-9,1.9665359350924418e-13
2,773,1800.0,3.8174372018770925e-13,1.3414282138668823e-9,1.9665359399831592e-13
2,774,1800.0,3.8174371541493144e-13,1.3414282011938487e-9,1.9665359214044716e-13
2,775,1800.0,3.81743721312396e-13,1.341428216871469e-9,1.9665359443878882e-13
2,776,1800.0,3.817437181758392e-13,1.3414282085062354e-9,1.966535932124442e-13
2,777,1800.0,3.817437205766275e-13,1.341428214905368e-9,1.966535941505581e-13
2,778,1800.0,3.8174371862393844e-13,1.3414282096990496e-9,1.96653593387311e-13
2,779,1800.0,3.8174371994477664e-13,1.341428213218973e-9,1.9665359390333233e-13
2,780,1800.0,3.817437208746466e-13,1.3414282157013422e-9,1.9665359426724807e-13
3,1,1100.0,0.0001588301496328067,0.0018120912640741996,2.65652873593507e-7
3,2,1100.0,0.00016285112375025057,0.0018621079117119475,2.7298532225981077e-7
3,3,1100.0,0.00016284125347776804,0.0018619868188846183,2.7296757003165904e-7
3,4,1100.0,0.00016051929752782288,0.0018331903534129855,2.687460035170256e-7
3,5,1100.0,0.00016099170103847727,0.001839082019273261,2.696097226889375e-7
3,6,1100.0,0.00016047554150778258,0.0018326458483023734,2.6866617897938326e-7
3,7,1100.0,0.00016016144246790352,0.001828723240257466,2.6809112400297564e-7
3,8,1100.0,0.00016260388781741357,0.0018582073960698568,2.724135060332439e-7
3,9,1100.0,0.0001623647219533437,0.0018561169674219222,2.7210704885397497e-7
3,10,1100.0,0.00016060112347267345,0.001834211148197279,2.688956521981782e-7
3,11,1100.0,0.0001622759795876708,0.001855028001494255,2.719474062721329e-7
3,12,1100.0,0.0001589696901786325,0.0018138340670135493,2.659083687874436e-7
3,13,1100.0,0.00015943015023636776,0.0018296620745016717,2.682287572556411e-7
3,14,1100.0,0.0001567951575698906,0.0017866479268724956,2.619228762277868e-7
3,15,1100.0,0.00015660378805088318,0.001799887946344054,2.6386386523247166e-7
3,16,1100.0,0.00016139699204639307,0.0018441295135298605,2.703496861666586e-7
3,17,1100.0,0.0001583012466995796,0.0018180702854139847,2.6652939909290134e-7
3,18,1100.0,0.00015228448878214245,0.0017300294234250915,2.536225944276584e-7
3,19,1100.0,0.00015669998695759434,0.0017854569599930125,2.6174828028984385e-7
3,20,1100.0,3.152691923963173e-13,2.462325881551515e-9,3.6097737411256616e-13
3,21,1100.0,0.00015495786131481976,0.0017636786479764228,2.585555762114547e-7
3,22,1100.0,0.00015106782256518888,0.0017150620307951584,2.514283722374337e-7
3,23,1100.0,0.00015059726960177307,0.001709199043542753,2.505688573540929e-7
3,24,1100.0,0.00014102967929035528,0.001590483068692404,2.331650761617796e-7
3,25,1100.0,3.1526919918205315e-13,2.462325893000372e-9,3.6097737579097045e-13
3,26,1100.0,0.00015290851308437652,0.0017380521129639404,2.547987220169234e-7
3,27,1100.0,0.00015182540982598068,0.001724520678799879,2.5281501157099244e-7
3,28,1100.0,0.00014744340272011393,0.001669942797736748,2.448138853437917e-7
3,29,1100.0,0.0001407134482454249,0.0015865773027764491,2.3259249024421156e-7
3,30,1100.0,3.151717346202293e-13,2.4577471925030864e-9,3.6030613755449597e-13
3,31,1100.0,0.00014915573599606462,0.0016912429945838757,2.479364976606927e-7
3,32,1100.0,0.00015427105209303972,0.0017550864861789292,2.572959638965911e-7
3,33,1100.0,0.00014721700977497328,0.00166713018015177,2.4440155514907014e-7
3,34,1100.0,0.00014312360741191646,0.001616366783582293,2.3695963296810422e-7
3,35,1100.0,0.00014363281141525393,0.001622668574261905,2.3788347650513434e-7
3,36,1100.0,0.00012974332615296088,0.0014521123413196709,2.128799050577898e-7
3,37,1100.0,0.00014411816244843713,0.0016286824120254908,2.38765106097912e-7
3,38,1100.0,0.0001544904599832587,0.0017578340841086146,2.5769876219928774e-7
3,39,1100.0,0.00014231258600245236,0.0016063316166027234,2.3548847585920695e-7
3,40,1100.0,0.00013982601029317735,0.0015756286916265676,2.30987422071605e-7
3,41,1100.0,0.0001416392978490062,0.0015980117935075922,2.3426878844233703e-7
3,42,1100.0,0.00014411793594237848,0.00162867968100106,2.3876470572928697e-7
3,43,1100.0,0.00015285604334883444,0.0017373957649063406,2.5470250128508963e-7
3,44,1100.0,0.00014963934665744626,0.0016972635190899458,2.4881910753100455e-7
3,45,1100.0,0.0001449543004161914,0.0016390416668755042,2.402837745412476e-7
3,46,1100.0,0.00014997312327010782,0.001701418739182584,2.4942826347138525e-7
3,47,1100.0,0.00015044618461260877,0.0017073141760639609,2.5029253547560305e-7
3,48,1100.0,0.00015001388537581607,0.0017019259150643689,2.4950261553801935e-7
3,49,1100.0,0.00015657805409559824,0.0017839311688551903,2.615245990612535e-7
3,50,1100.0,0.00015777331347007243,0.0017988764310787992,2.6371557693031717e-7
3,51,1100.0,0.0001537113676111036,0.001748087781604781,2.562699526694445e-7
3,52,1100.0,0.00015458750052272177,0.0017590472506345395,2.578766126090043e-7
3,53,1100.0,0.00015293438319693859,0.0017383754779352189,2.548461273742267e-7
3,54,1100.0,0.00015191793677689472,0.0017256778501490311,2.529846530787006e-7
3,55,1100.0,0.00015683083728959267,0.0017870889159391236,2.619875252965703e-7
3,56,1100.0,0.00015454928532104527,0.0017585672627902324,2.578062463130798e-7
3,57,1100.0,0.0001553345209852043,0.0017683878801261277,2.592459504093719e-7
3,58,1100.0,0.00015813339971934348,0.001803376759914837,2.643753258685252e-7
3,59,1100.0,0.00014427561483261838,0.0016306313014105157,2.3905081359825264e-7
3,60,1100.0,0.00016085480364270657,0.0018373751130560227,2.69359489960292e-7
3,61,1100.0,0.00013644369728262986,0.001534012560646058,2.248864905114805e-7
3,62,1100.0,0.0001590196222436311,0.0018144538122872621,2.659992235452154e-7
3,63,1100.0,0.00015044618460803978,0.001707314177570143,2.5029253569640956e-7
3,64,1100.0,0.00014946703942824032,0.001695117528080028,2.4850450490044564e-7
3,65,1100.0,0.0001343930034722624,0.0015088642170710707,2.2119973925934346e-7
3,66,1100.0,0.00016106966135038785,0.0018400527903273123,2.697520378831128e-7
3,67,1100.0,0.0001601934220346388,0.001829118052887361,2.681490035986351e-7
3,68,1100.0,0.00015578920249714113,0.0017740699612429952,2.6007894442386404e-7
3,69,1100.0,0.00015997418743421548,0.001826384112731301,2.677482075277699e-7
3,70,1100.0,0.00013959450235317682,0.0015727737646329426,2.305688893107048e-7
3,71,1100.0,0.00015380136803307349,0.001749212712551645,2.564348677289414e-7
3,72,1100.0,0.00015215819414116113,0.0017286802148238733,2.534248002276109e-7
3,73,1100.0,0.00014839388014020478,0.0016817627389332775,2.4654669064273925e-7
3,74,1100.0,0.00016246366252495683,0.001857337286422269,2.722859478176033e-7
3,75,1100.0,0.00015410440074268533,0.001753006055535626,2.569909724264248e-7
3,76,1100.0,0.00014154012363201752,0.0015967848852428443,2.3408892349147738e-7
3,77,1100.0,0.00015952955963451947,0.0018208305350680496,2.6693405214044664e-7
3,78,1100.0,0.0001485911233215121,0.0016842158949858074,2.4690632371842813e-7
3,79,1100.0,0.00014071345832853595,0.0015865768841838088,2.3259242887846251e-7
3,80,1100.0,0.00014976640017497577,0.0016988451276461719,2.4905097160219754e-7
3,81,1100.0,0.0001550106573314661,0.001764340096654924,2.5865254469514095e-7
3,82,1100.0,0.00016230456707929018,0.00185538318918841,2.719994768457778e-7
3,83,1100.0,0.00016026116306949023,0.0018299698903789315,2.6827388311323614e-7
3,84,1100.0,0.00016134308017035415,0.0018434605629479616,2.702516179027159e-7
3,85,1100.0,0.00014312334573837716,0.0016163636248181814,2.3695916989277246e-7
3,86,1100.0,0.00016123249043045393,0.0018420836503707013,2.700497622952815e-7
3,87,1100.0,0.00016090239732663057,0.001837970222836065,2.6944673315069095e-7
3,88,1100.0,0.00015649026755675351,0.0017828357862850993,2.6136401579859003e-7
3,89,1100.0,0.00016306587713923378,0.0018647396172444184,2.73371130718255e-7
3,90,1100.0,0.0001593136962639279,0.0018181347151006075,2.6653884449542353e-7
3,91,1100.0,0.0001590128173367252,0.0018143744757051705,2.659875927893966e-7
3,92,1100.0,0.00015795786570038631,0.0018011858757275086,2.6405414189086746e-7
3,93,1100.0,0.00016330687421818092,0.001867676784672283,2.7380171994017054e-7
3,94,1100.0,0.00015447088209565455,0.001757588697869378,2.576627885367654e-7
3,95,1100.0,0.0001350531568130261,0.0015169529150998685,2.2238554370395463e-7
3,96,1100.0,0.00013568793004802642,0.0015247360510669645,2.235265527006976e-7
3,97,1100.0,0.00014878376372528987,0.001686610081940132,2.472573119147436e-7
3,98,1100.0,0.00013472747656236375,0.0015129564936640582,2.2179966767245347e-7
3,99,1100.0,0.00013644356835579318,0.0015340093359957744,2.2488601777722526e-7
3,100,1100.0,0.00015747275835209404,0.0017951100558506027,2.6316342571021126e-7
3,101,1100.0,0.00015127411335955714,0.0017176334182620002,2.518053380576612e-7
3,102,1100.0,0.00015366599633863276,0.0017475171290472432,2.561862949118365e-7
3,103,1100.0,0.00015560741385544694,0.001771789337073914,2.597446045503076e-7
3,104,1100.0,0.00015694574505270995,0.0017885206749484162,2.621974213998476e-7
3,105,1100.0,0.00015127411300072788,0.001717633416333007,2.518053377748705e-7
3,106,1100.0,0.000144353481187045,0.0016315934663007029,2.391918671274079e-7
3,107,1100.0,0.00014473307867527097,0.001636297634308436,2.398814989212896e-7
3,108,1100.0,0.00015056017005170885,0.0017087347707157308,2.5050079488225437e-7
3,109,1100.0,0.0001525039346044158,0.001732990748953405,2.540567252310229e-7
3,110,1100.0,0.0001472170368446174,0.0016671287969339118,2.444013523691075e-7
3,111,1100.0,0.00015453035849359624,0.0017583257496515963,2.577708404477344e-7
3,112,1100.0,0.00015551351787919284,0.001770617836516517,2.595728623783437e-7
3,113,1100.0,0.00015828485923945359,0.0018052656162089182,2.6465223250798427e-7
3,114,1100.0,0.00015197942121893024,0.0017264403645766955,2.5309643781762714e-7
3,115,1100.0,0.00015207012145592168,0.0017275720582461788,2.5326234429335833e-7
3,116,1100.0,0.00015236266593783663,0.001731225983678551,2.5379801035513475e-7
3,117,1100.0,0.0001562569065373205,0.0017799106274833801,2.609351870432177e-7
3,118,1100.0,0.00015288263230408647,0.0017377245158487846,2.547506962266404e-7
3,119,1100.0,0.00015070925444385366,0.0017105894195872445,2.507726867080098e-7
3,120,1100.0,0.00015303815082672013,0.0017396664803229194,2.5503538853392e-7
3,121,1100.0,0.00015621648046821335,0.0017794048073861808,2.6086103373482407e-7
3,122,1100.0,0.00015340899500876893,0.0017443030222058862,2.557151063269286e-7
3,123,1100.0,0.00015264204720744613,0.001734717136809825,2.5430981397113626e-7
3,124,1100.0,0.0001531644386433584,0.0017412449343021143,2.552667901436079e-7
3,125,1100.0,0.00015638883839282156,0.0017815595801281376,2.6117692376872594e-7
3,126,1100.0,0.00015389027859074537,0.0017503201662185338,2.5659722061635574e-7
3,127,1100.0,0.0001584065005839551,0.0018067866705078278,2.6487521931522077e-7
3,128,1100.0,0.00015742349107840796,0.001794496628193232,2.630734971160212e-7
3,129,1100.0,0.00015634951335294272,0.0017810689854981172,2.6110500251629333e-7
3,130,1100.0,0.00015431213874291113,0.0017555961327486505,2.573706781664779e-7
3,131,1100.0,0.00015571509787859876,0.0017731373726269574,2.5994222678130225e-7
3,132,1100.0,0.00015371184494476341,0.001748089171934614,2.562701564920238e-7
3,133,1100.0,0.00015138943711835804,0.001719554763443918,2.520870075733532e-7
3,134,1100.0,0.00015622993243585989,0.0017795732881529809,2.608857330425979e-7
3,135,1100.0,0.00015897712827382733,0.0018139200567560043,2.659209748976521e-7
3,136,1100.0,0.00015303806266358936,0.0017396659743688096,2.550353143609653e-7
3,137,1100.0,0.0001388725939034152,0.001563880507240083,2.292651363326632e-7
3,138,1100.0,3.2457378137780593e-13,2.4532033246204114e-9,3.596400057849802e-13
3,139,1100.0,0.00015681951984243293,0.0017869423402710992,2.619660372798343e-7
3,140,1100.0,3.2457371352553243e-13,2.4532032771664927e-9,3.5963999882822805e-13
3,141,1100.0,3.2457382330221026e-13,2.453203356877033e-9,3.5964001051380624e-13
3,142,1100.0,0.00015144096994400963,0.0017197172189868256,2.521108235823259e-7
3,143,1100.0,0.00015443218573509723,0.0017570988926350242,2.575909830098657e-7
3,144,1100.0,0.0001510677683249604,0.0017150593927826299,2.514279855043686e-7
3,145,1100.0,0.00015130782365891046,0.001718054412161468,2.518670558316918e-7
3,146,1100.0,0.00014951036370567603,0.0016956562744405146,2.485834852043844e-7
3,147,1100.0,3.25028678808408e-13,2.4522371837008367e-9,3.5949836936927106e-13
3,148,1100.0,3.2457373033426576e-13,2.4532032911180766e-9,3.596400008735325e-13
3,149,1100.0,0.0001463134351451171,0.0016559055230187616,2.4275601859050774e-7
3,150,1100.0,0.00015502889045532962,0.0017645604891163083,2.5868485426577127e-7
3,151,1100.0,0.00014863974531031598,0.0016848189601008045,2.469947331622233e-7
3,152,1100.0,0.00015388921344075242,0.0017503148845710449,2.565964463259761e-7
3,153,1100.0,0.00013935823922886408,0.0015698613980349265,2.3014193589447275e-7
3,154,1100.0,0.00014892491439551442,0.0016883681987836384,2.475150521295165e-7
3,155,1100.0,0.00015176282806686684,0.0017237376968861936,2.5270022629529136e-7
3,156,1100.0,0.00014465810105097467,0.0016353698182389224,2.3974548093482333e-7
3,157,1100.0,0.000154529938883943,0.0017583221714264374,2.57770315879345e-7
3,158,1100.0,3.1348099565501186e-13,2.451358833564625e-9,3.5936960309665996e-13
3,159,1100.0,3.084799754692076e-13,2.454930972266645e-9,3.598932792104848e-13
3,160,1100.0,0.00015546465806220823,0.0017700082957502394,2.5948350360301916e-7
3,161,1100.0,0.00015488588725729414,0.001762775148877157,2.5842312309677574e-7
3,162,1100.0,0.00015085477697860877,0.0017124040911159367,2.510387178488154e-7
3,163,1100.0,3.1348099543867464e-13,2.4489463084197395e-9,3.5901592651863024e-13
3,164,1100.0,3.134810011736804e-13,2.4513588378291223e-9,3.5936960372183604e-13
3,165,1100.0,3.134809965522297e-13,2.448946308951415e-9,3.5901592659657404e-13
3,166,1100.0,3.1348101016547505e-13,2.4513588444757154e-9,3.5936960469622764e-13
3,167,1100.0,3.134809548740062e-13,2.4513588008780888e-9,3.5936959830480853e-13
3,168,1100.0,0.00014963927402053794,0.0016972612965080857,2.488187817001429e-7
3,169,1100.0,0.0001600046281747609,0.0018267548687203458,2.6780256041597393e-7
3,170,1100.0,0.00015833830660736385,0.0018059321097379762,2.6474994056758146e-7
3,171,1100.0,0.0001574923610527263,0.0017953551647460905,2.6319935871409497e-7
3,172,1100.0,0.00014798450565000414,0.0016766701371445749,2.458001143934865e-7
3,173,1100.0,0.00015581981110073206,0.0017744446472702368,2.60133873456306e-7
3,174,1100.0,0.00015574430970334785,0.0017735101771869887,2.599968799903456e-7
3,175,1100.0,0.00015395560130206603,0.001751137202349607,2.567169982458562e-7
3,176,1100.0,0.00014814070154484484,0.001678610585907912,2.460845844973169e-7
3,177,1100.0,0.00015959555028368614,0.0018216450689700831,2.670534629427635e-7
3,178,1100.0,0.0001514081192742827,0.0017193057200714562,2.5205049777450616e-7
3,179,1100.0,0.00014924579993238303,0.0016923621467482349,2.48100565549736e-7
3,180,1100.0,0.00015255915779597168,0.0017336837175647986,2.5415831454199004e-7
3,181,1100.0,0.00015182557168034845,0.0017245197873793357,2.52814880888596e-7
3,182,1100.0,0.0001573531560577651,0.0017936135128578303,2.62944032264435e-7
3,183,1100.0,0.00015453018113373602,0.0017583240768646667,2.577705952168989e-7
3,184,1100.0,0.00014686631296401823,0.0016627717959116594,2.437626153116765e-7
3,185,1100.0,0.00015636260574709742,0.0017812296950291096,2.611285625596357e-7
3,186,1100.0,0.00015025308212443856,0.0017049039948248508,2.499392025145406e-7
3,187,1100.0,0.00014154016828673232,0.0015967835984656302,2.3408873484972886e-7
3,188,1100.0,0.00016329711268708673,0.0018675581759583382,2.737843318834444e-7
3,189,1100.0,0.0001631536324674195,0.001865811027300442,2.735281996064631e-7
3,190,1100.0,0.00016467462125700568,0.001883503449735377,2.761219116086409e-7
3,191,1100.0,0.00016196438322980177,0.001851174400995208,2.713824678131551e-7
3,192,1100.0,0.00015575939238127908,0.001773698495201271,2.6002448744182185e-7
3,193,1100.0,0.00015316338230716024,0.001741239693815638,2.552660218874395e-7
3,194,1100.0,0.00014933481068057393,0.0016934729353811307,2.4826340734370855e-7
3,195,1100.0,0.0001595245671473901,0.001820769541723006,2.66925110506158e-7
3,196,1100.0,0.00013899591502248898,0.001565398022535753,2.2948760432145003e-7
3,197,1100.0,0.00014538227873175008,0.0016443487294693763,2.4106179077936624e-7
3,198,1100.0,0.00015673601198272355,0.0017859084247400989,2.618144650950837e-7
3,199,1100.0,0.00015998683434423404,0.0018265440947222201,2.6777166091361943e-7
3,200,1100.0,0.00016083760913313642,0.0018371625689053838,2.6932833095329156e-7
3,201,1100.0,0.00015629577647919144,0.0017804046435932485,2.610076098851517e-7
3,202,1100.0,0.00014212425958633215,0.0016040027941244077,2.3514707010568946e-7
3,203,1100.0,0.00016104137109089034,0.0018397027264237156,2.6970071845799585e-7
3,204,1100.0,0.00016012203606794638,0.0018282327119004986,2.680192124661833e-7
3,205,1100.0,0.0001608518660780539,0.001837340348567571,2.693543934806393e-7
3,206,1100.0,0.0001592805879044838,0.0018177210618762955,2.664782028655629e-7
3,207,1100.0,0.00016027235958451035,0.0018301097929794088,2.68294392857186e-7
3,208,1100.0,0.00016152991368914126,0.0018457838347381173,2.705922099244477e-7
3,209,1100.0,0.00015357297009296848,0.0017463612670005173,2.560168453480767e-7
3,210,1100.0,0.00015952456714719135,0.0018207695417266792,2.6692511050669656e-7
3,211,1100.0,0.00015001378165815387,0.0017019232641016892,2.4950222690645996e-7
3,212,1100.0,0.00015737322482147896,0.0017938691571573128,2.6298150976025533e-7
3,213,1100.0,0.00015194898102146564,0.0017260600074245442,2.530406773973525e-7
3,214,1100.0,0.00014803675360940984,0.0016773197182353994,2.458953430868921e-7
3,215,1100.0,0.00015106787683414924,0.0017150599895243306,2.5142807298679885e-7
3,216,1100.0,0.0001495103038300662,0.001695655534095971,2.4858337666975407e-7
3,217,1100.0,0.00015433136491706313,0.0017558442412893165,2.574070509188319e-7
3,218,1100.0,0.00014005397514074288,0.0015784406240397111,2.3139965182002437e-7
3,219,1100.0,0.00014558924865644274,0.00164692003217473,2.4143874417354585e-7
3,220,1100.0,0.00015447170650080213,0.001757592451252576,2.5766333878335177e-7
3,221,1100.0,0.00015106250346548963,0.0017414384032097806,2.552951527168908e-7
3,222,1100.0,0.00015000593987710725,0.001730249473213405,2.5365485376236086e-7
3,223,1100.0,0.0001606784014925522,0.0018351667871664126,2.690357490262472e-7
3,224,1100.0,0.0001624841804898831,0.0018575859707117002,2.7232240497481976e-7
3,225,1100.0,0.00016030684692012312,0.0018305283240710201,2.683557495831849e-7
3,226,1100.0,0.00015673715945288194,0.001785914506790141,2.6181535672460766e-7
3,227,1100.0,0.00015191872855881423,0.001725680507274118,2.529850426136698e-7
3,228,1100.0,0.00016033655237420282,0.0018309008649360062,2.684103641344918e-7
3,229,1100.0,0.00016013116077169838,0.0018283345069087485,2.680341356309241e-7
3,230,1100.0,0.00016108382175293722,0.001840221272824443,2.6977673744455343e-7
3,231,1100.0,0.00015945380897257843,0.0018198737478802515,2.66793786983335e-7
3,232,1100.0,0.00015961028900690906,0.0018218292886202244,2.6708046957339116e-7
3,233,1100.0,0.0001572705795568844,0.0017925825750153724,2.627928966093083e-7
3,234,1100.0,0.00016232501241458886,0.0018556196683179927,2.7203414472457843e-7
3,235,1100.0,0.00015795048683603401,0.0018010817664153712,2.640388794488009e-7
3,236,1100.0,0.00015667711816982424,0.0017851638494514378,2.6170531023684837e-7
3,237,1100.0,0.0001482934464726639,0.0016805112906556443,2.4636322812200536e-7
3,238,1100.0,0.00016076626762035005,0.0018362626351165312,2.6919640051369824e-7
3,239,1100.0,0.00014771786984807119,0.001673358292380443,2.453145974132273e-7
3,240,1100.0,0.00015656654194963043,0.0017837785967313147,2.615022319631159e-7
3,241,1100.0,0.00014920065730075942,0.0016918009545617294,2.4801829468405775e-7
3,242,1100.0,0.00015742340892691754,0.0017944928860409823,2.6307294851589366e-7
3,243,1100.0,0.00015508180914613608,0.001765222602597682,2.5878192020966656e-7
3,244,1100.0,0.00016238468601979344,0.0018563722756046832,2.7214447707502927e-7
3,245,1100.0,0.0001612019633805339,0.0018417034546889996,2.69994025546601e-7
3,246,1100.0,0.00016251256025132178,0.001857949187048375,2.7237565254876195e-7
3,247,1100.0,0.00016293828222585565,0.001863178574487129,2.73142281596526e-7
3,248,1100.0,0.00016106191068630254,0.0018399585806600463,2.697382267305922e-7
3,249,1100.0,0.0001621617377002263,0.0018536178130973803,2.717406724241391e-7
3,250,1100.0,0.0001623360382267812,0.0018557718399813614,2.7205645311514064e-7
3,251,1100.0,0.00016222564279031048,0.0018544080889872307,2.718565269979305e-7
3,252,1100.0,0.00016358788400702373,0.0018710747163206759,2.7429985727164264e-7
3,253,1100.0,0.00014495399163374869,0.0016390388826883597,2.4028336637896006e-7
3,254,1100.0,0.0001484929566156561,0.0016829932331418535,2.4672708129354645e-7
3,255,1100.0,0.0001507460861580042,0.001711047788894372,2.5083988372287305e-7
3,256,1100.0,0.00015266911581570243,0.00173505604287625,2.5435949765551185e-7
3,257,1100.0,0.0001445825288001771,0.0016344332727028304,2.39608183207139e-7
3,258,1100.0,0.00013405202072625376,0.0015046876036489741,2.205874470533899e-7
3,259,1100.0,0.0001301830902462221,0.0014574586742023908,2.1366367832663104e-7
3,260,1100.0,0.00014049692544267387,0.0015839062486173974,2.3220091327072042e-7
3,261,1100.0,0.0001303977458699204,0.0014600758019995468,2.1404734968671077e-7
3,262,1100.0,0.00015331227666040914,0.0017430934998372764,2.5553779015126627e-7
3,263,1100.0,0.00014143937675545652,0.001595541623677885,2.3390666114415102e-7
3,264,1100.0,0.00016302290046655587,0.0018642141827383053,2.732941019343293e-7
3,265,1100.0,0.00016003687112633693,0.0018271691060146075,2.678632876705841e-7
3,266,1100.0,0.00016332037357338618,0.0018678407275581083,2.7382575399385654e-7
3,267,1100.0,0.00016293898323979758,0.0018631871469864598,2.7314353832632007e-7
3,268,1100.0,0.00016358393917277644,0.0018710272414147748,2.742928974427277e-7
3,269,1100.0,0.000159922746631261,0.0018257437216800362,2.676543260956562e-7
3,270,1100.0,0.00016169476720803404,0.0018478308221766499,2.7089229861536354e-7
3,271,1100.0,0.00011917021659662727,0.0013244565916665373,1.9416555142758568e-7
3,272,1100.0,0.00014887848566041395,0.0016877882363132422,2.4743002953717155e-7
3,273,1100.0,0.00015218864176233562,0.0017290532149807664,2.5347948211118593e-7
3,274,1100.0,0.0001426804290315985,0.0016108774854135448,2.36154900965114e-7
3,275,1100.0,0.0001285973166458574,0.0014381696253832842,2.108359006372446e-7
3,276,1100.0,0.0001450265350587526,0.0016399378651322898,2.4041515735123326e-7
3,277,1100.0,0.00014631306376892815,0.0016559026302991595,2.4275559451734437e-7
3,278,1100.0,0.00014442995420156863,0.001632542938481648,2.393310599033269e-7
3,279,1100.0,0.00015098708274802569,0.001740639449381928,2.55178025955979e-7
3,280,1100.0,0.00013685589485348907,0.0015396495374780442,2.2571287223048417e-7
3,281,1100.0,0.00013352582442727117,0.0014982496063479234,2.1964363560353716e-7
3,282,1100.0,0.0001443266924734536,0.001631770407681041,2.392178067625004e-7
3,283,1100.0,0.00015366614421071954,0.0017475187551483239,2.56186533298519e-7
3,284,1100.0,0.00014016647754449302,0.001579828585697218,2.3160312722441727e-7
3,285,1100.0,0.0001551507000562577,0.0017660811477188435,2.58907783063855e-7
3,286,1100.0,0.000157617482710846,0.0017969185536620916,2.6342855178307223e-7
3,287,1100.0,0.00013797767493009463,0.0015528662055106256,2.2765043791042278e-7
3,288,1100.0,0.0001446579658304236,0.0016353678886659197,2.397451980591078e-7
3,289,1100.0,0.00015938520183396556,0.0018190163243280637,2.6666808855134025e-7
3,290,1100.0,0.0001449543372163396,0.001639040513065045,2.4028360539244686e-7
3,291,1100.0,0.0001597547574866586,0.0018333275495935927,2.6876611649938303e-7
3,292,1100.0,0.00015526930251749292,0.0017675654074028881,2.591253757745769e-7
3,293,1100.0,0.0001587323491399364,0.0018108599656830647,2.6547236504940607e-7
3,294,1100.0,0.00015596588994994313,0.0017762722034268652,2.604017934856594e-7
3,295,1100.0,0.0001522181453185696,0.001729420534997512,2.535333312852929e-7
3,296,1100.0,0.00015692343219872652,0.001788243304178092,2.6215675879987355e-7
3,297,1100.0,0.00013143779273277153,0.0014727517297356038,2.1590564275136365e-7
3,298,1100.0,0.00015059766234822437,0.0017092000504414164,2.505690049656005e-7
3,299,1100.0,0.00015914990347061907,0.0018160878149064061,2.662387685945408e-7
3,300,1100.0,0.00015572997958010178,0.0017733213145666293,2.5996919269952994e-7
3,301,1100.0,0.00015266884330703256,0.0017350539118729438,2.5435918525008104e-7
3,302,1100.0,0.00015584906382567422,0.0017748115167317466,2.6018765657894217e-7
3,303,1100.0,0.00015636218685513784,0.0017812259862490752,2.611280188518804e-7
3,304,1100.0,0.00015559181242635474,0.00177159454767743,2.597160483931496e-7
3,305,1100.0,0.0001567247930261233,0.0017857590371802856,2.617925648545548e-7
3,306,1100.0,0.00015408416954256515,0.0017527447090260595,2.569526589856802e-7
3,307,1100.0,0.00015869134527044182,0.0018103458488213072,2.6539699543398076e-7
3,308,1100.0,0.00015581978837833903,0.0017744449667734085,2.601339202955228e-7
3,309,1100.0,0.00015536823144823598,0.0017688004909922276,2.593064392293494e-7
3,310,1100.0,0.00015185536786527855,0.0017249002969178893,2.52870663648742e-7
3,311,1100.0,0.0001420277377507723,0.0016028145224429846,2.3497286928421976e-7
3,312,1100.0,0.00015029108213757608,0.001705383692753807,2.500095263088276e-7
3,313,1100.0,0.0001550099645167098,0.001764334535993192,2.58651729501228e-7
3,314,1100.0,0.00015212787905359484,0.001728303487908555,2.5336957200064547e-7
3,315,1100.0,0.00015495707499238787,0.0017636724151020053,2.5855466247105283e-7
3,316,1100.0,0.000145310717071018,0.0016434687771928731,2.409327896327283e-7
3,317,1100.0,0.00015074493119536712,0.001711039276722525,2.508386358370979e-7
3,318,1100.0,0.0001485903845401553,0.0016842095967940867,2.4690540040249907e-7
3,319,1100.0,0.00015691091430824062,0.0017880949303924177,2.6213500717879805e-7
3,320,1100.0,0.0001547007744027268,0.0017604667461387621,2.5808471088044673e-7
3,321,1100.0,0.00015106536789027283,0.0017150423393136557,2.514254854630475e-7
3,322,1100.0,0.00014878343971900954,0.001686609456936168,2.47257220289061e-7
3,323,1100.0,0.0001562289074095088,0.0017795680678670694,2.608849677478355e-7
3,324,1100.0,0.00015621536809646094,0.0017793989933471957,2.6086018139576465e-7
3,325,1100.0,0.00015446906688316916,0.0017575731412868857,2.576605079392457e-7
3,326,1100.0,0.00015025019264393677,0.0017048815576100414,2.4993591321520574e-7
3,327,1100.0,0.00015377752386089175,0.0017489207112716331,2.563920602938712e-7
3,328,1100.0,0.0001566125618941023,0.0017843694222769268,2.6158884708405156e-7
3,329,1100.0,0.00015810425705670915,0.0018030241732614099,2.6432363660787344e-7
3,330,1100.0,0.00014442906463614825,0.001632537056326139,2.3933019757837404e-7
3,331,1100.0,0.00015690854465839535,0.0017880699643590178,2.6213134715424724e-7
3,332,1100.0,0.00015103239447351502,0.0017146217472405946,2.513638265968334e-7
3,333,1100.0,0.00016201705841186365,0.0018518145937689472,2.7147632017775133e-7
3,334,1100.0,0.00015549711596957874,0.001770412731625984,2.5954279396808293e-7
3,335,1100.0,0.00016037450461555365,0.0018313848402345082,2.684813149918489e-7
3,336,1100.0,0.00015645189071861377,0.001782356669884082,2.612937772563933e-7
3,337,1100.0,0.00015578998761856216,0.0017740725367079966,2.6007932198745143e-7
3,338,1100.0,0.00015630906120362153,0.0017805705427701138,2.6103193073142186e-7
3,339,1100.0,0.00015822139612915362,0.0018044727017116442,2.6453599111391606e-7
3,340,1100.0,0.00015687724100662433,0.0017876651000807377,2.620719939853021e-7
3,341,1100.0,0.00015910389557417264,0.0018155030357346034,2.661530398729875e-7
3,342,1100.0,0.00015074568588512716,0.0017110467366690863,2.5083972946647524e-7
3,343,1100.0,0.00015458812304631602,0.0017590490494179985,2.578768763109515e-7
3,344,1100.0,0.00015720772307815521,0.0017917977828572457,2.626778459514782e-7
3,345,1100.0,0.00015464546973222314,0.0017597660383712388,2.579819870079342e-7
3,346,1100.0,0.0001572183644221969,0.0017919305164043559,2.6269730471104017e-7
3,347,1100.0,0.00015916010288845333,0.0018164378248721011,2.662900801123527e-7
3,348,1100.0,0.0001511027090222165,0.0017154946699700856,2.514917972107378e-7
3,349,1100.0,0.00016013084184421058,0.0018283323284820538,2.680338162732169e-7
3,350,1100.0,0.000143883894812112,0.0016258256903543824,2.3834631023700127e-7
3,351,1100.0,0.0001457251513062419,0.0016486070196250042,2.4168605680771964e-7
3,352,1100.0,0.0001547200733085516,0.0017607057024843938,2.581197419195224e-7
3,353,1100.0,0.0001432182594815327,0.0016175876738493558,2.371386156795259e-7
3,354,1100.0,0.0001578270538092532,0.001799550095433227,2.638143362340781e-7
3,355,1100.0,0.0001593191892613137,0.0018182032771743477,2.665488957065682e-7
3,356,1100.0,0.00014133874113988681,0.0015942966617896778,2.3372414952916032e-7
3,357,1100.0,0.00014379674353182288,0.0016247001854747618,2.3818131103886902e-7
3,358,1100.0,0.00015233273044928329,0.0017308611517322494,2.537445259325589e-7
3,359,1100.0,0.0001459886138348751,0.001651920828878241,2.421718617824006e-7
3,360,1100.0,0.00015206903454348294,0.0017275664194897008,2.5326151765074294e-7
3,361,1100.0,0.00015637448963818756,0.001781389253577731,2.6115195386877567e-7
3,362,1100.0,0.00015602128659010262,0.0017769741597652457,2.6050470039886235e-7
3,363,1100.0,0.00015882984995532274,0.0018120884203578656,2.6565245670423057e-7
3,364,1100.0,0.00015009360158863052,0.0017029233698804935,2.49648842576048e-7
3,365,1100.0,0.00015755921354136245,0.0017962014947514183,2.6332343083031845e-7
3,366,1100.0,0.00015422925465546696,0.0017545681386223983,2.57219974060625e-7
3,367,1100.0,0.00015483069148202318,0.0017620919476132536,2.583229656805369e-7
3,368,1100.0,0.00013163851595922018,0.0014752022829118408,2.1626489424496523e-7
3,369,1100.0,0.00014650055423796115,0.0016582347766877872,2.4309748755665337e-7
3,370,1100.0,0.00014258916712240016,0.001609752647153069,2.359899994934566e-7
3,371,1100.0,0.00015587856668837228,0.0017751804568890367,2.602417432659161e-7
3,372,1100.0,0.0001555446175629153,0.0017710060676242344,2.5962977712178305e-7
3,373,1100.0,0.0001578893075046252,0.0018003198407629346,2.639271810244184e-7
3,374,1100.0,0.0001587384982977756,0.0018109363215172572,2.654835588270987e-7
3,375,1100.0,0.00014704338022461367,0.0016649726097848982,2.440852549829013e-7
3,376,1100.0,0.00014959645440812245,0.0016967286211502066,2.4874069140617237e-7
3,377,1100.0,0.0001513069229146523,0.0017180496754665958,2.518663614314543e-7
3,378,1100.0,0.00015555904931161178,0.0017711965364123037,2.596576998770458e-7
3,379,1100.0,0.00015523386052969547,0.0017671324721320841,2.590619073935692e-7
3,380,1100.0,0.00015179289980689844,0.0017241201258377339,2.5275629044169294e-7
3,381,1100.0,3.151716633285801e-13,2.45095677609498e-9,3.593106614063167e-13
3,382,1100.0,0.00015439117183702484,0.0017565928404838004,2.5751679568231433e-7
3,383,1100.0,0.0001477169239737302,0.0016733505278067008,2.4531345912545576e-7
3,384,1100.0,0.0001545657520813947,0.0017587849610700504,2.5783816091625484e-7
3,385,1100.0,0.00012439731434964795,0.001387315547722167,2.0338068459351776e-7
3,386,1100.0,0.00013143766292406426,0.0014727522121715548,2.159057134765524e-7
3,387,1100.0,0.00015675942769975034,0.0017862022443406837,2.6185753909624524e-7
3,388,1100.0,0.000140605163200477,0.0015852443741856237,2.3239708269633146e-7
3,389,1100.0,0.0001285964910055854,0.001438166272199152,2.1083540905990622e-7
3,390,1100.0,0.0001400533552555606,0.0015784383822549334,2.313993231740119e-7
3,391,1100.0,0.00014738666118881957,0.0016692409118471262,2.447109887583882e-7
3,392,1100.0,0.00015509777600125334,0.00176542935638893,2.5881223034904e-7
3,393,1100.0,0.00015203907434458984,0.0017271918752594672,2.5320660940576537e-7
3,394,1100.0,3.084799734447687e-13,2.4549309396980067e-9,3.598932744359171e-13
3,395,1100.0,0.0001494229645206244,0.0016945706304005888,2.4842432961182474e-7
3,396,1100.0,0.00015410447288001204,0.001753006686325532,2.5699106490032754e-7
3,397,1100.0,0.00014038728998041987,0.0015825563835961836,2.320030228393949e-7
3,398,1100.0,0.00014618505663151302,0.0016543172408243552,2.4252317616287375e-7
3,399,1100.0,0.00015040768562775214,0.0017068353918316902,2.502223456293985e-7
3,400,1100.0,0.000148393694774688,0.001681760608925716,2.465463783832849e-7
3,401,1100.0,0.00014959571713856504,0.0016967244245083108,2.487400761777889e-7
3,402,1100.0,0.0001413379406443485,0.001594291588067665,2.3372340572068932e-7
3,403,1100.0,0.00015218719041130166,0.001729044542697351,2.534782107530289e-7
3,404,1100.0,0.0001572102106787286,0.0017918438329675307,2.626845969051244e-7
3,405,1100.0,0.00015658231009098815,0.0017839948406218852,2.615339333525911e-7
3,406,1100.0,0.00015166738956859426,0.0017225505920918655,2.525261965396593e-7
3,407,1100.0,0.00015673601198704128,0.0017859084247722357,2.61814465099795e-7
3,408,1100.0,0.00015479427850880124,0.0017616350669025962,2.58255986894158e-7
3,409,1100.0,0.00013797702487288133,0.0015528623143451442,2.2764986746493127e-7
3,410,1100.0,0.0001437146419783185,0.0016236844088637053,2.380323980227279e-7
3,411,1100.0,0.00015449029671694232,0.0017578324946454168,2.5769852918372483e-7
3,412,1100.0,0.00015365381857112884,0.0017473949630310195,2.561683853540186e-7
3,413,1100.0,0.00015622878025763138,0.0017795670289100175,2.60884815436563e-7
3,414,1100.0,0.00015526803305542986,0.0017675580365104251,2.5912429520054487e-7
3,415,1100.0,0.0001535029281793895,0.0017454849690373552,2.5588837992436795e-7
3,416,1100.0,0.00015636159933356524,0.001781227547925341,2.611282477938746e-7
3,417,1100.0,0.00012093459160150887,0.0013456279434357612,1.972692750351418e-7
3,418,1100.0,0.00013687805055263098,0.0015393506707549096,2.2566905832033725e-7
3,419,1100.0,0.00013947461657758207,0.0015713101535839845,2.3035432369323983e-7
3,420,1100.0,0.00014523715204160128,0.0016425695808536945,2.408009673033769e-7
3,421,1100.0,3.146864647152635e-13,2.455080020728713e-9,3.5991512973922914e-13
3,422,1100.0,0.0001511646511895347,0.001716302942523699,2.516102900983595e-7
3,423,1100.0,0.0001563664069513668,0.0017812963188414876,2.6113832962134996e-7
3,424,1100.0,0.00014910007791664557,0.001690588484385444,2.478405463593114e-7
3,425,1100.0,0.00015566696089668272,0.0017725675119662702,2.5985868511590115e-7
3,426,1100.0,3.1384062940372547e-13,2.4462660958557305e-9,3.58623006921485e-13
3,427,1100.0,0.0001568854615057552,0.0017877951079706786,2.6209105316308057e-7
3,428,1100.0,0.0001571887927262301,0.0017915770594989645,2.626454878713091e-7
3,429,1100.0,0.0001516780179156713,0.0017227577344046522,2.525565636363533e-7
3,430,1100.0,0.00015440074807187995,0.0017567319836755966,2.5753719409682825e-7
3,431,1100.0,0.00015257426361917013,0.0017339047298225365,2.5419071497486634e-7
3,432,1100.0,0.00015264971449041267,0.0017348784511853081,2.543334626847792e-7
3,433,1100.0,0.0001552849200131259,0.0017677684556894823,2.591551426863663e-7
3,434,1100.0,0.00014551645215351634,0.0016460824005810368,2.4131594724588065e-7
3,435,1100.0,0.00014618195711988135,0.0016543233444321446,2.425240709527669e-7
3,436,1100.0,0.00015057830729205704,0.001709302595728708,2.5058403812137055e-7
3,437,1100.0,0.00015671374718723716,0.0017856428311331981,2.6177552902918017e-7
3,438,1100.0,0.00015679515757482197,0.00178664792689876,2.6192287623163716e-7
3,439,1100.0,0.00014783513354185376,0.0016752025226323254,2.4558496186765286e-7
3,440,1100.0,0.00014605324016048825,0.0016527244204396117,2.422896684357993e-7
3,441,1100.0,0.00015017383069411178,0.0017039204980232342,2.4979502172370555e-7
3,442,1100.0,0.0001419323263007112,0.0016016325817355592,2.347995965845662e-7
3,443,1100.0,0.00015748215636220492,0.0017952297093740985,2.6318096693618726e-7
3,444,1100.0,0.00014824196398081045,0.0016798763709254328,2.4627014878644664e-7
3,445,1100.0,0.00015925829103897917,0.001817442261519346,2.664373306879574e-7
3,446,1100.0,0.00015272207699472285,0.001735726279260303,2.544577544182591e-7
3,447,1100.0,0.0001528020885889047,0.001736727014021679,2.546044622967943e-7
3,448,1100.0,0.00015001350641386283,0.0017019213007252465,2.4950193907515464e-7
3,449,1100.0,0.00015318840525282927,0.0017415492304716455,2.553114000114783e-7
3,450,1100.0,0.00015857940931841456,0.0018089570984677309,2.65193404406616e-7
3,451,1100.0,0.00016262648038428798,0.0018593526183445358,2.7258139580469374e-7
3,452,1100.0,0.00015794892402624336,0.0018010746080772697,2.640378300352727e-7
3,453,1100.0,0.0001579492774165631,0.001801078221385215,2.6403835974680434e-7
3,454,1100.0,0.00015894489760885587,0.001813525562286277,2.658631419443249e-7
3,455,1100.0,0.00015571367915055053,0.0017731284506041067,2.599409188113034e-7
3,456,1100.0,0.00015792579190403112,0.0018007885901300462,2.63995899757761e-7
3,457,1100.0,0.00015636596371624211,0.001781291522095821,2.611376264176562e-7
3,458,1100.0,0.00015944886840254076,0.0018198221409497551,2.6678622139894333e-7
3,459,1100.0,0.00014802838658929928,0.0016772598345679186,2.4588656413151443e-7
3,460,1100.0,0.00015520765007928774,0.0017668168513563858,2.590156373365956e-7
3,461,1100.0,0.00015850169993965622,0.0018082340906963718,2.6508741134991967e-7
3,462,1100.0,0.00015850585155349306,0.0018082245451134821,2.6508601196591787e-7
3,463,1100.0,0.00015691406095220522,0.0017881426896082422,2.6214200868759395e-7
3,464,1100.0,0.0001591340304503899,0.0018158887065204121,2.6620957927281926e-7
3,465,1100.0,0.00015407227996702864,0.001752625428260308,2.5693517240605005e-7
3,466,1100.0,0.0001613174988076537,0.0018431355177515067,2.702039662241289e-7
3,467,1100.0,3.1384063551191196e-13,2.446266100367214e-9,3.586230075828693e-13
3,468,1100.0,0.00015798561934707468,0.0018015367826511304,2.64105584902857e-7
3,469,1100.0,0.00015240635976275158,0.001731808085859511,2.5388334662939573e-7
3,470,1100.0,0.00014545041691659926,0.0016452430824928671,2.411929030778513e-7
3,471,1100.0,0.00015535786276844188,0.0017686934649692192,2.592907491969955e-7
3,472,1100.0,0.00013950615966285956,0.0015717377379942197,2.304170076372192e-7
3,473,1100.0,3.138405981082508e-13,2.4462660724063777e-9,3.586230034838061e-13
3,474,1100.0,0.0001384061809687497,0.0015581883707853016,2.2843066820399995e-7
3,475,1100.0,0.0001502418191092006,0.0017048010325554927,2.499241082291318e-7
3,476,1100.0,0.00013678284592316374,0.001538237275593066,2.255058344087977e-7
3,477,1100.0,0.00015157109433698297,0.0017213467617546146,2.523497148167185e-7
3,478,1100.0,0.00015576515240209852,0.0017737820548603975,2.600367373014197e-7
3,479,1100.0,0.000155575152196126,0.0017713972693416053,2.596871273570801e-7
3,480,1100.0,0.00014502646130060473,0.001639938698558832,2.404152795316997e-7
3,481,1100.0,0.0001552681961225791,0.0017675596754818616,2.591245354740236e-7
3,482,1100.0,0.00015486724225071335,0.001762548635548276,2.5838991620597643e-7
3,483,1100.0,0.00016011385790653263,0.00182813128864585,2.680043438005809e-7
3,484,1100.0,0.0001510209267070738,0.001714510279183697,2.5134748536159e-7
3,485,1100.0,0.00015308761552561897,0.0017402942257841575,2.551274161204822e-7
3,486,1100.0,0.00015056012834384938,0.0017087343557263355,2.5050073404474165e-7
3,487,1100.0,0.00015549728112884074,0.0017704133270910025,2.5954288126335136e-7
3,488,1100.0,0.00015386735899319576,0.0017500410607797009,2.565563037136966e-7
3,489,1100.0,0.00015036980152445883,0.0017063586075903698,2.50152448982192e-7
3,490,1100.0,0.00014480729319306488,0.0016372193952460985,2.400166292244432e-7
3,491,1100.0,0.00015439163545214848,0.0017565976418945563,2.575174995699109e-7
3,492,1100.0,0.00013862246295536537,0.0015608031585720838,2.2881399651817882e-7
3,493,1100.0,0.00016130102468773756,0.001842936891248952,2.7017484754659777e-7
3,494,1100.0,0.00015509811355663626,0.0017654341357834543,2.588129310090534e-7
3,495,1100.0,0.00015933535032682346,0.0018184057698484245,2.6657858116547226e-7
3,496,1100.0,0.00015375666721343385,0.0017486513455867358,2.563525712407208e-7
3,497,1100.0,0.00014579250266204404,0.0016494417516343441,2.418084286558478e-7
3,498,1100.0,0.00015173045346997578,0.0017233394949384,2.526418498250776e-7
3,499,1100.0,0.00013971094242756906,0.001574207974859907,2.3077914476289078e-7
3,500,1100.0,0.0001535028428762192,0.0017454842386325953,2.5588827284691153e-7
3,501,1100.0,0.0001500135396485312,0.0017019232238368958,2.4950222100363474e-7
3,502,1100.0,0.00015070875245473502,0.001710587401692345,2.5077239088428985e-7
3,503,1100.0,0.00015422946802460424,0.001754569725665723,2.5722020672143414e-7
3,504,1100.0,0.0001527217444874938,0.0017357235809050443,2.5445735883894e-7
3,505,1100.0,0.00015323725992299176,0.0017421657782501687,2.55401786015936e-7
3,506,1100.0,0.00015361939245706323,0.0017469410178616624,2.56101836918471e-7
3,507,1100.0,0.00015565283673054858,0.0017723672117901706,2.598293210775566e-7
3,508,1100.0,0.00013183771605157057,0.00147762888040349,2.1662063383131592e-7
3,509,1100.0,0.000138622449903617,0.0015608031177344393,2.2881399053137354e-7
3,510,1100.0,0.00013370245977159013,0.00150041549329712,2.1996115498202533e-7
3,511,1100.0,0.00015191758725604685,0.0017256745028551479,2.529841623648737e-7
3,512,1100.0,0.00014183585836523397,0.0016004384433241615,2.3462453569952947e-7
3,513,1100.0,0.0001478790017599291,0.0016753596591157216,2.456079981016374e-7
3,514,1100.0,0.00015261349014968122,0.0017343688856194068,2.542587602900656e-7
3,515,1100.0,0.00015048438181360283,0.0017077913569421288,2.503624902698357e-7
3,516,1100.0,0.0001526949737189316,0.0017353881524483463,2.5440818497271516e-7
3,517,1100.0,0.0001494666179275015,0.0016951141666576974,2.485040121153861e-7
3,518,1100.0,0.00014113340657833897,0.0015917632121916873,2.333527454066675e-7
3,519,1100.0,0.00013629507005746824,0.0015321897625698883,2.2461926801749504e-7
3,520,1100.0,0.00015454865781780577,0.0017585625137037967,2.5780555009623703e-7
3,521,1100.0,0.00015209803564082266,0.0017279316033643802,2.5331505366607605e-7
3,522,1100.0,0.00014984812756570955,0.0016998690104183805,2.4920107298288e-7
3,523,1100.0,0.00013039768300933524,0.001460076859533002,2.1404750472128705e-7
3,524,1100.0,0.00014955257139620225,0.001696186690954284,2.486612443514416e-7
3,525,1100.0,0.0001482918107867389,0.001680499367734251,2.463614802197929e-7
3,526,1100.0,0.0001450267803065556,0.0016399404390450654,2.404155346872642e-7
3,527,1100.0,0.0001445825936806701,0.0016344347291181046,2.396083967178547e-7
3,528,1100.0,0.0001439593200222382,0.0016267100561511174,2.38475958406422e-7
3,529,1100.0,0.00015785355880706638,0.0017998817621285017,2.638629586254674e-7
3,530,1100.0,0.00015369976734098929,0.0017479673962331305,2.5625230415441016e-7
3,531,1100.0,0.0001558196578338446,0.0017744439449541999,2.601337704966609e-7
3,532,1100.0,0.00015738309308045676,0.0017939904967720817,2.6299929816748574e-7
3,533,1100.0,0.0001364434545303766,0.001534009859398246,2.2488609450811258e-7
3,534,1100.0,0.00014480730175434452,0.0016372195005556344,2.400166446628383e-7
3,535,1100.0,0.00015033098636446624,0.00170587550537682,2.5008162611923074e-7
3,536,1100.0,0.0001457251527398709,0.0016486069522474078,2.416860469301531e-7
3,537,1100.0,0.00014859078867725947,0.0016842131667335843,2.4690592375620916e-7
3,538,1100.0,0.00014027750423021152,0.0015811998936921955,2.3180416119917885e-7
3,539,1100.0,0.00014637353629473132,0.0016566665608204214,2.428675868558222e-7
3,540,1100.0,0.00015150897060502952,0.0017209115348217972,2.5228591047768744e-7
3,541,1100.0,0.0001554162392783011,0.0017694103843603846,2.5939584969616673e-7
3,542,1100.0,0.00015510119546626328,0.0017657275945819554,2.5885595211657085e-7
3,543,1100.0,0.00015297422691762914,0.0017391780473116783,2.549637841751514e-7
3,544,1100.0,0.0001538219571253291,0.0017497752646874747,2.5651733796341146e-7
3,545,1100.0,0.00015246945027235135,0.0017325918625878086,2.539982484250481e-7
3,546,1100.0,0.00014858387000854224,0.0016845368953892182,2.4695338242969797e-7
3,547,1100.0,0.0001551291224952682,0.0017660871828796935,2.589086678194157e-7
3,548,1100.0,0.00014924532472142978,0.0016923603529776295,2.4810030258267395e-7
3,549,1100.0,0.00015876429900708308,0.001811268760245767,2.655322943986857e-7
3,550,1100.0,0.0001525027605883955,0.0017329844759474671,2.540558056073337e-7
3,551,1100.0,0.00014565715017761318,0.0016477651215561521,2.4156263441410326e-7
3,552,1100.0,0.00015301143908352552,0.0017393409091923876,2.549876597533119e-7
3,553,1100.0,0.00014883094059182271,0.0016872002092267549,2.4734382467079805e-7
3,554,1100.0,0.0001565777585404889,0.0017839301660623357,2.6152445205165814e-7
3,555,1100.0,0.00013644343777528142,0.001534009762781269,2.2488608034404807e-7
3,556,1100.0,0.00015439138686057738,0.001756595228737137,2.5751714580064134e-7
3,557,1100.0,0.00015377795816555727,0.0017489255614616406,2.56392771332514e-7
3,558,1100.0,0.00015546444530922956,0.0017700133114901394,2.59484238911303e-7
3,559,1100.0,0.0001485413688145024,0.0016836001528520923,2.4681605582163013e-7
3,560,1100.0,0.0001545097736661731,0.0017580762850433172,2.5773426889564813e-7
3,561,1100.0,0.00015134057909954417,0.0017184694189038671,2.519278958875238e-7
3,562,1100.0,0.00014435347738190382,0.00163159519529503,2.3919212059825696e-7
3,563,1100.0,0.00015321289455805018,0.0017418598795511343,2.5535694121698025e-7
3,564,1100.0,0.00014212422824991618,0.0016040025966315298,2.351470411532015e-7
3,565,1100.0,0.00014163872689745233,0.0015980067410655498,2.3426804775351313e-7
3,566,1100.0,0.0001566388743635185,0.001784694812655767,2.6163654936643236e-7
3,567,1100.0,3.151716667823501e-13,2.450956778523871e-9,3.5931066176239253e-13
3,568,1100.0,0.00014585797349294942,0.00165025956977274,2.4192832092774877e-7
3,569,1100.0,0.00015833528617744465,0.0018059090230673894,2.647465560579243e-7
3,570,1100.0,0.00014495282472635552,0.001639029817512427,2.4028203742269613e-7
3,571,1100.0,0.0001438773174273201,0.0016257015189887578,2.383281066946355e-7
3,572,1100.0,0.0001571211055477146,0.0017907231527896892,2.6252030500905647e-7
3,573,1100.0,0.000132607180620365,0.0014870337547010807,2.1799938993067668e-7
3,574,1100.0,0.00014193125548075334,0.0016016248904469625,2.3479846904040894e-7
3,575,1100.0,3.0847997089918527e-13,2.4549308974687953e-9,3.598932682451079e-13
3,576,1100.0,0.00015660195262434253,0.001784233726264695,2.615689540266216e-7
3,577,1100.0,0.0001498473573472133,0.0016998625285414384,2.4920012273866763e-7
3,578,1100.0,0.00015218709409059607,0.001729042152228317,2.5347786030988026e-7
3,579,1100.0,0.00015249612715697973,0.001732931079265961,2.540479776451534e-7
3,580,1100.0,0.00015113569299770783,0.0017159151842147148,2.515534446672912e-7
3,581,1100.0,0.0001508544984894577,0.001712403891196914,2.5103868854065415e-7
3,582,1100.0,3.151716641724152e-13,2.4509567766966527e-9,3.59310661494522e-13
3,583,1100.0,0.00014984842307819304,0.00169987088907048,2.4920134839358286e-7
3,584,1100.0,0.00015593595085350667,0.0017759063927496428,2.6034816558097157e-7
3,585,1100.0,0.00015791400350445385,0.0018006388094823742,2.639739418904882e-7
3,586,1100.0,0.00015708842384262685,0.001790316486642275,2.6246068768580376e-7
3,587,1100.0,0.00015572730834921108,0.0017733017387937132,2.599663228880414e-7
3,588,1100.0,0.00015253055833389274,0.0017333324965721365,2.541068254874281e-7
3,589,1100.0,0.00014962971270133382,0.0016969471530652895,2.4877272822041266e-7
3,590,1100.0,0.0001553696402784225,0.0017685217749015979,2.592655794052001e-7
3,591,1100.0,0.00015070887879387013,0.001710589057803467,2.5077263367044927e-7
3,592,1100.0,0.00015140738738026596,0.0017193026545441103,2.520500483676994e-7
3,593,1100.0,0.00014545221642734684,0.0016452163344203294,2.411889818060734e-7
3,594,1100.0,0.0001607259459520271,0.0018357674853159563,2.6912381147252254e-7
3,595,1100.0,0.00014592511599456932,0.0016510899163761088,2.4205004987464934e-7
3,596,1100.0,0.0001501675984539669,0.001703644222368412,2.4975451966784197e-7
3,597,1100.0,0.00014092477209631763,0.0015891894901943879,2.3297543734389575e-7
3,598,1100.0,0.0001412355935689902,0.0015930297387745374,2.3353841840939484e-7
3,599,1100.0,0.00014294793279000695,0.0016141920181871187,2.366408120079938e-7
3,600,1100.0,0.00012811733648742825,0.0014323513726879043,2.0998294384722852e-7
3,601,1100.0,0.00014887847499160605,0.0016877904677033075,2.4743035665931754e-7
3,602,1100.0,0.0001450267059919499,0.0016399415467313115,2.404156970742477e-7
3,603,1100.0,0.0001441180345339071,0.0016286816843697567,2.3876499942346325e-7
3,604,1100.0,3.1502188323139623e-13,2.4549318893383493e-9,3.598934136533456e-13
3,605,1100.0,0.00015460654999911437,0.0017592860153778404,2.579116155591472e-7
3,606,1100.0,0.00014650112122332253,0.0016582397345857906,2.430982143853058e-7
3,607,1100.0,0.00015382315740283803,0.0017494882595179295,2.5647526295894707e-7
3,608,1100.0,3.1502189787594285e-13,2.4549319115875593e-9,3.5989341691508333e-13
3,609,1100.0,0.00013316488127757743,0.0014938427589925418,2.1899759106557442e-7
3,610,1100.0,0.00014552080037583337,0.0016460702625739035,2.413141678120637e-7
3,611,1100.0,0.00014662418741667944,0.0016597684028917985,2.433223174072195e-7
3,612,1100.0,0.0001496384029111949,0.0016972557793619024,2.4881797288561644e-7
3,613,1100.0,0.00014863884199217632,0.0016848124247622776,2.46993775080534e-7
3,614,1100.0,0.00014276935717089963,0.0016119847408012753,2.3631722478477145e-7
3,615,1100.0,0.0001466856806046525,0.0016605304556202903,2.434340344609723e-7
3,616,1100.0,0.00015427046272643583,0.0017550825912445677,2.5729539289858117e-7
3,617,1100.0,0.00015410445621319977,0.0017530068991522924,2.5699109610076514e-7
3,618,1100.0,0.00015264111831193806,0.0017347134129329488,2.543092680501814e-7
3,619,1100.0,0.00015460652730173171,0.0017592856174910917,2.579115572288852e-7
3,620,1100.0,0.00015525141250569838,0.0017673501540983272,2.5909381960517154e-7
3,621,1100.0,0.00015021341747647823,0.0017044140399446856,2.498673750495406e-7
3,622,1100.0,0.00015176244131235472,0.0017237375940905974,2.5270021122544026e-7
3,623,1100.0,0.00014793181955410586,0.0016760171676558596,2.457043889603998e-7
3,624,1100.0,0.0001484435756862433,0.001682380479194533,2.466372514653592e-7
3,625,1100.0,0.00013849737710090268,0.0015592572661991583,2.2858736844525795e-7
3,626,1100.0,0.00014371489880552437,0.0016236874467510578,2.380328433775071e-7
3,627,1100.0,0.00014016555168921933,0.0015798218191691742,2.3160213525030718e-7
3,628,1100.0,0.0001425889783650137,0.0016097519250714112,2.3598989363616827e-7
3,629,1100.0,0.0001367347342129796,0.0015375894681965516,2.2541086573926597e-7
3,630,1100.0,0.00015504574184987645,0.0017647803889237403,2.587170916132521e-7
3,631,1100.0,0.0001483935008540664,0.0016817594004718773,2.4654620122375585e-7
3,632,1100.0,0.00014798348760957573,0.0016766640690140905,2.45799224804572e-7
3,633,1100.0,0.00014049594155447108,0.0015839008601381188,2.3220012331878307e-7
3,634,1100.0,0.00013260857626829002,0.0014870441484959062,2.1800091366268604e-7
3,635,1100.0,0.00012737677647800834,0.0014233626444566441,2.0866519482877318e-7
3,636,1100.0,0.00013298218086964678,0.0014916049615631768,2.1866952959901542e-7
3,637,1100.0,0.00014531191613384329,0.0016434795021270405,2.409343619098189e-7
3,638,1100.0,0.00011989245314143952,0.00133310950428337,1.9543406982243012e-7
3,639,1100.0,0.0001374377015440373,0.0015462331508153426,2.266780310148986e-7
3,640,1100.0,3.146864596511406e-13,2.4550800122891835e-9,3.599151285019927e-13
3,641,1100.0,0.00012762799731973686,0.0014264063569733594,2.0911140357801682e-7
3,642,1100.0,0.00015401950483675842,0.0017519435981925363,2.568352160073868e-7
3,643,1100.0,0.0001426804508835139,0.0016108804676055908,2.3615533815495223e-7
3,644,1100.0,0.00015449060634169863,0.001757835318537262,2.576989431667279e-7
3,645,1100.0,0.00013836921299349237,0.0015576818028671781,2.2835640526493734e-7
3,646,1100.0,0.00015176248569283082,0.0017237381002789725,2.527002854327383e-7
3,647,1100.0,0.00014249682235295294,0.0016086151259288152,2.3582323869724967e-7
3,648,1100.0,0.00013422269258908483,0.0015067816238238357,2.2089443075108957e-7
3,649,1100.0,0.00014231185534650624,0.0016063263482364346,2.3548770351585347e-7
3,650,1100.0,0.00013505184652576,0.001516945707519383,2.2238448707148496e-7
3,651,1100.0,0.00014585889061598977,0.0016502672357533406,2.419294447617498e-7
3,652,1100.0,0.00014579223186132607,0.0016494403354099874,2.418082210371271e-7
3,653,1100.0,0.0001485414169790229,0.0016836003133991544,2.468160793578555e-7
3,654,1100.0,0.00014814001689553914,0.0016786080440469337,2.4608421186008474e-7
3,655,1100.0,0.0001379763149490838,0.001552858344436454,2.2764928547567256e-7
3,656,1100.0,0.00011842586784336812,0.0013155599439456658,1.9286130142690696e-7
3,657,1100.0,0.00013887259390453905,0.0015638805072432102,2.2926513633312167e-7
3,658,1100.0,3.189201415997673e-13,2.455579168978755e-9,3.599883049537461e-13
3,659,1100.0,0.00013241691431530392,0.0014847146036160088,2.1765940200497934e-7
3,660,1100.0,0.00014473286361235324,0.0016362975655895573,2.398814888470908e-7
3,661,1100.0,0.0001382386671529189,0.0015560830933056683,2.2812203418359257e-7
3,662,1100.0,0.0001473852310305099,0.0016692300651291014,2.447093986277643e-7
3,663,1100.0,0.00013701942003321423,0.001541093020364679,2.2592448705608377e-7
3,664,1100.0,0.00013568651755605312,0.0015247284694766571,2.2352544123832733e-7
3,665,1100.0,0.00014839362658762087,0.0016817610947323768,2.465464496026202e-7
3,666,1100.0,0.00014972405917536695,0.0016983193438004508,2.489738916050285e-7
3,667,1100.0,0.0001391179681266113,0.001566902422510916,2.297081496021207e-7
3,668,1100.0,0.00015285544311696996,0.0017373923577344926,2.5470200179314336e-7
3,669,1100.0,0.00014102940456912165,0.0015904802521927498,2.3316466326247294e-7
3,670,1100.0,0.0001469845000721726,0.0016642434638545398,2.4397836207109887e-7
3,671,1100.0,0.000148191087603452,0.0016792429805800354,2.4617729365894994e-7
3,672,1100.0,0.00015258598318652894,0.001734026072522986,2.542085038344581e-7
3,673,1100.0,0.00014631312895818226,0.0016559055786891624,2.427560267517976e-7
3,674,1100.0,0.0001428587871026969,0.0016130914911516156,2.3647947456586553e-7
3,675,1100.0,0.00012737646816770698,0.001423360778340876,2.086649212558985e-7
3,676,1100.0,0.00015516670527811546,0.0017662908343380817,2.58938523156288e-7
3,677,1100.0,0.0001564521134584697,0.0017823587924042815,2.6129408841819926e-7
3,678,1100.0,0.00014558927605478063,0.0016469229408250315,2.414391705821524e-7
3,679,1100.0,0.00014618510721761829,0.0016543188443571683,2.425234112410445e-7
3,680,1100.0,0.0001379759929611625,0.0015528567135333962,2.2764904638501942e-7
3,681,1100.0,0.0001478258056620106,0.0016746990521795033,2.4551115301750646e-7
3,682,1100.0,0.0001535962294592277,0.0017466517432947989,2.5605942921999116e-7
3,683,1100.0,0.00014656287451499618,0.0016590061208703695,2.432105667390848e-7
3,684,1100.0,0.0001427700875848287,0.0016119908447049065,2.3631811961803504e-7
3,685,1100.0,0.00014766413903731198,0.001672688934911234,2.452164694995389e-7
3,686,1100.0,0.000136295101896445,0.0015321914008936705,2.2461950819602756e-7
3,687,1100.0,0.00013716193644217203,0.0015428355963980685,2.2617994898556974e-7
3,688,1100.0,0.00011766263517024401,0.001306420950666312,1.9152152352799828e-7
3,689,1100.0,0.00013771179068689464,0.0015495929988988272,2.2717058528957046e-7
3,690,1100.0,0.00012929368682366917,0.0014466320924954713,2.1207649969018003e-7
3,691,1100.0,0.00013629529456290687,0.0015321925931857906,2.2461968298624598e-7
3,692,1100.0,0.00015089055343033838,0.001712852824255499,2.5110450219994863e-7
3,693,1100.0,0.00013971117595787833,0.0015742109732576112,2.3077958432848116e-7
3,694,1100.0,0.0001343927217885221,0.0015088617691957598,2.2119938040042535e-7
3,695,1100.0,0.00013911792470955005,0.0015669021840216133,2.2970811463955019e-7
3,696,1100.0,0.00015285538374009322,0.0017373917932661915,2.5470191904199875e-7
3,697,1100.0,0.00014819171134124295,0.00167924865415218,2.461781254055477e-7
3,698,1100.0,0.00014834376268544117,0.0016811396719148943,2.464553489166594e-7
3,699,1100.0,0.00012737825260039252,0.0014233741570950063,2.0866688258342668e-7
3,700,1100.0,0.00015414641055145755,0.0017535319921212383,2.570680748152867e-7
3,701,1100.0,0.00015509820116497454,0.001765433702507435,2.5881286749071864e-7
3,702,1100.0,0.00014579266038002045,0.001649444085972173,2.4180877087015266e-7
3,703,1100.0,0.0001585724667135853,0.001808868543985899,2.651804223051984e-7
3,704,1100.0,3.189201233845616e-13,2.4555791586207552e-9,3.599883034352616e-13
3,705,1100.0,0.00013887284286607054,0.001563883577949092,2.292655864991026e-7
3,706,1100.0,0.00015528496517370309,0.0017677669190727435,2.5915491741810286e-7
3,707,1100.0,0.00014692568190053182,0.0016635114630790934,2.4387105063854285e-7
3,708,1100.0,0.00014839369478706173,0.0016817606090182475,2.4654637839684996e-7
3,709,1100.0,0.0001550632624217214,0.0017649990938392866,2.5874915378938845e-7
3,710,1100.0,0.0001599010029721984,0.0018254719567372454,2.676144853109089e-7
3,711,1100.0,0.00015048459273923507,0.001707793426942598,2.5036279373224065e-7
3,712,1100.0,0.0001567359326031176,0.001785906187754481,2.618141371526289e-7
3,713,1100.0,0.00015794899120332524,0.0018010743443789387,2.640377913770546e-7
3,714,1100.0,0.0001603385446826792,0.0018309343139687598,2.684152677681256e-7
3,715,1100.0,0.00016171784721192615,0.0018481152555129049,2.7093399658865e-7
3,716,1100.0,0.00016090789418790098,0.0018380372146011798,2.694565541543361e-7
3,717,1100.0,0.00015761613213389556,0.001796912111269353,2.6342760732725046e-7
3,718,1100.0,0.00016101030928639611,0.0018393135051597699,2.696436585574926e-7
3,719,1100.0,0.00016190020287239331,0.0018503768996714514,2.7126555398957963e-7
3,720,1100.0,0.00016095714215856903,0.0018386508270842135,2.695465098439983e-7
3,721,1100.0,0.00015634798522697405,0.0017810579253644788,2.6110338109890577e-7
3,722,1100.0,0.00015169929881976625,0.0017229486785817231,2.525845560837209e-7
3,723,1100.0,0.0001538672757687058,0.0017500404485554023,2.56556213961515e-7
3,724,1100.0,0.00014787895041261037,0.0016753596001508866,2.45607989457383e-7
3,725,1100.0,0.0001464391330642126,0.0016574691491177697,2.429852464305523e-7
3,726,1100.0,0.00012634348853475365,0.001410841232876818,2.0682955385771686e-7
3,727,1100.0,0.0001428591349498445,0.0016130935194970848,2.3647977192164075e-7
3,728,1100.0,0.0001375758768031181,0.001547923128229622,2.2692578197828113e-7
3,729,1100.0,0.00015295963979520335,0.0017386949741581158,2.5489296557238896e-7
3,730,1100.0,0.0001393582597619522,0.0015698622948418746,2.3014206736651696e-7
3,731,1100.0,0.00015566800274668548,0.0017725557175651142,2.598569560547763e-7
3,732,1100.0,0.00011108239250453253,0.0012282281608218383,1.8005844783843576e-7
3,733,1100.0,0.00014450546183341985,0.0016334845396190516,2.394690987829846e-7
3,734,1100.0,0.00014221928087668976,0.001605176435998147,2.353191261949769e-7
3,735,1100.0,0.00015221719779616607,0.0017294166952852386,2.5353276838285005e-7
3,736,1100.0,0.00015401935734874253,0.0017519419674974798,2.568349769472267e-7
3,737,1100.0,0.00013614516281930627,0.0015303513498939408,2.2434975642064634e-7
3,738,1100.0,0.000136443591811644,0.0015340121905395244,2.2488643625380258e-7
3,739,1100.0,0.00013629522341051728,0.0015321922136684045,2.2461962734893557e-7
3,740,1100.0,0.00014950951157914817,0.0016956510071032909,2.48582713011892e-7
3,741,1100.0,0.0001509959881601716,0.001714173589719958,2.5129812663152814e-7
3,742,1100.0,0.00012737672438349701,0.0014233634682441867,2.0866531559616066e-7
3,743,1100.0,0.00012883135052321314,0.0014410194151523803,2.112536802801946e-7
3,744,1100.0,0.0001434647462296778,0.0016205940003352825,2.3757934363058454e-7
3,745,1100.0,0.00013730018293888702,0.0015445397628859202,2.2642978006944224e-7
3,746,1100.0,0.00013103038194724854,0.0014677795502217453,2.1517672042715936e-7
3,747,1100.0,0.00015827567114821248,0.0018051581393099694,2.646364763771444e-7
3,748,1100.0,0.00015099698120266735,0.001714181675064793,2.51299311944394e-7
3,749,1100.0,0.0001437144717322784,0.0016236846565373983,2.380324343317315e-7
3,750,1100.0,0.00014371391189190043,0.0016236787526960337,2.380315688276287e-7
3,751,1100.0,0.00012288935910495402,0.0013691380684462114,2.0071586317967407e-7
3,752,1100.0,0.0001450263868223654,0.0016399387345732918,2.4041528481142535e-7
3,753,1100.0,0.00011605569917643681,0.0012872629928904651,1.8871296380684264e-7
3,754,1100.0,0.00014202812588651802,0.0016028204303612293,2.3497373538599388e-7
3,755,1100.0,0.00014906377415767517,0.0016900986963832535,2.477687433586496e-7
3,756,1100.0,0.00014915498429488627,0.001691235295879822,2.479353690294282e-7
3,757,1100.0,0.00015333543435405993,0.0017433913419046747,2.555814538467159e-7
3,758,1100.0,0.00014312345044396917,0.0016163650259959515,2.3695937530566114e-7
3,759,1100.0,3.0847997391637765e-13,2.454930946811177e-9,3.598932754787091e-13
3,760,1100.0,0.00015961405353243273,0.001821886714618572,2.670888882340748e-7
3,761,1100.0,0.00015247473266657923,0.001732633993481685,2.5400442482093235e-7
3,762,1100.0,0.00014403857816695938,0.0016276973378953443,2.3862069407045835e-7
3,763,1100.0,0.00015078221364054378,0.001711502250934729,2.5090650793179315e-7
3,764,1100.0,0.00014915487779263323,0.0016912353931674954,2.4793538329181695e-7
3,765,1100.0,0.00015110235593709796,0.001715494830745946,2.5149182078050504e-7
3,766,1100.0,0.0001404971718929469,0.0015839107236158521,2.322015693062206e-7
3,767,1100.0,0.00014863972472478574,0.0016848210683968073,2.4699504223875973e-7
3,768,1100.0,0.00014686613035979208,0.0016627725151700267,2.437627207550699e-7
3,769,1100.0,0.00014133890540778148,0.0015942992378974667,2.3372452718698055e-7
3,770,1100.0,0.00014920050161744435,0.0016918023747020893,2.480185028768651e-7
3,771,1100.0,0.00015179372870046117,0.00172412856278722,2.5275752729985773e-7
3,772,1100.0,0.00013923856806474262,0.0015683880608436535,2.299259444229649e-7
3,773,1100.0,0.00014662467659969262,0.0016597727684340901,2.433229573964284e-7
3,774,1100.0,0.00012024666234946985,0.00133734744912079,1.9605535322383023e-7
3,775,1100.0,0.0001534553882012882,0.0017448920385848548,2.558014562237406e-7
3,776,1100.0,0.00013489117005298075,0.0015149671102964027,2.2209442439727556e-7
3,777,1100.0,0.00014897079642527065,0.0016889440016308339,2.475994649204247e-7
3,778,1100.0,0.00013743910634940218,0.0015462431824672161,2.266795016566924e-7
3,779,1100.0,0.0001451704246254283,0.0016417241375862985,2.4067702518307825e-7
3,780,1100.0,0.00015078209992672685,0.0017115015889463622,2.509064108841911e-7
4,1,400.0,0.0005746949996182563,0.008193891937317687,1.2012258886834858e-6
4,2,400.0,0.001753457999618256,0.025000499437318302,3.6650772775451745e-6
4,3,400.0,0.001745156999618256,0.024882141669461164,3.647726009556238e-6
4,4,400.0,0.0008064899996182563,0.01149879747303226,1.6857255769297148e-6
4,5,400.0,0.0009080189996182564,0.012946367919460975,1.8979396394588953e-6
4,6,400.0,0.0007981889996182562,0.01138042015160368,1.6683714423840296e-6
4,7,400.0,0.0007432709996182562,0.010597436490889353,1.5535859105682284e-6
4,8,400.0,0.0014693039996182562,0.020949077651603965,3.071138185816138e-6
4,9,400.0,0.0014163029996182562,0.02019339077660396,2.9603543672190036e-6
4,10,400.0,0.0008224529996182561,0.011726381490889436,1.7190894309067953e-6
4,11,400.0,0.0013684139996182562,0.01951058006231824,2.860254205617535e-6
4,12,400.0,0.0005887439996182562,0.008394198723032006,1.2305908959986519e-6
4,13,400.0,0.0006369479996182562,0.011822839340019955,1.7332301672539037e-6
4,14,400.0,0.00042591299961825625,0.006072603187317178,8.902446134400889e-7
4,15,400.0,0.00041700299961825626,0.007740268715019259,1.1347246506269742e-6
4,16,400.0,0.001017209999618256,0.014503203723032472,2.126172021089697e-6
4,17,400.0,0.0005325899996182562,0.009885784340019882,1.4492575896797868e-6
4,18,400.0,0.0002688299996182562,0.0038329371158879384,5.619092036509847e-7
4,19,400.0,0.00042080399961825626,0.005999766133745729,8.795666895579133e-7
4,20,400.0,1.8104962019109555e-12,9.975935526446424e-9,1.4624737682503018e-12
4,21,400.0,0.00034481699961825624,0.004916341848031219,7.207365133260903e-7
4,22,400.0,0.00024520199961825624,0.00349606818731633,5.125241640155035e-7
4,23,400.0,0.0002369009996182562,0.0033777104194591128,4.951728960265554e-7
4,24,400.0,0.00013920299961825623,0.001984753098028996,2.909651264912388e-7
4,25,400.0,1.8104965446433016e-12,9.975936893851342e-9,1.462473968712085e-12
4,26,400.0,0.0002841539996182562,0.004051428723030926,5.939401087407746e-7
4,27,400.0,0.0002598899996182562,0.0037054673837450206,5.43222120217987e-7
4,28,400.0,0.00019284299961825626,0.0027495128301729074,4.0307902741908517e-7
4,29,400.0,0.00013728899961825623,0.0019574563123146596,2.8696341327257014e-7
4,30,400.0,1.8072870462782422e-12,9.914752454101063e-9,1.4535043199084554e-12
4,31,400.0,0.0002145539996182562,0.003059084973030291,4.484623538359141e-7
4,32,400.0,0.0003218279996182562,0.004588584883745417,6.726872891346741e-7
4,33,400.0,0.00019028699961825624,0.0027130845266014445,3.977386321996204e-7
4,34,400.0,0.00015325199961825623,0.002185059883743607,3.203301338064478e-7
4,35,400.0,0.00015708299961825624,0.0022396730087437078,3.2833642680053184e-7
4,36,400.0,9.194999961825626e-5,0.001311034794455658,1.92197913776796e-7
4,37,400.0,0.00016091399961825622,0.0022942861337438003,3.3634271979461465e-7
4,38,400.0,0.0003288539996182562,0.004688738276602588,6.873697927922589e-7
4,39,400.0,0.00014750399961825625,0.002103091312314925,3.0831352792346043e-7
4,40,400.0,0.00013217999961825624,0.001884599705171659,2.762826228336296e-7
4,41,400.0,0.00014303399961825624,0.0020393662230290964,2.9897141948532277e-7
4,42,400.0,0.00016091399961825622,0.0022942861337438003,3.3634271979461465e-7
4,43,400.0,0.0002828789996182562,0.0040332439016023515,5.912742109661646e-7
4,44,400.0,0.0002215769996182562,0.0031592188123160773,4.631419909367585e-7
4,45,400.0,0.00016793999961825626,0.002394459080172505,3.510280900089618e-7
4,46,400.0,0.00022668599961825621,0.0032320558658875628,4.738199148189394e-7
4,47,400.0,0.00023434799961825624,0.0033412821158876516,4.898325008070909e-7
4,48,400.0,0.0002273249996182562,0.0032411482766018553,4.7515286370624514e-7
4,49,400.0,0.00041441999961825624,0.005908724705174287,8.662200013443823e-7
4,50,400.0,0.0004865759996182562,0.006937516312317291,1.017041018025378e-6
4,51,400.0,0.00030522599961825623,0.00435186934803104,6.379847531567866e-7
4,52,400.0,0.0003320459996182562,0.004734258990888318,6.940431368990258e-7
4,53,400.0,0.00028479299961825625,0.004060540687316647,5.952759241848273e-7
4,54,400.0,0.00026180699961825623,0.0037328032766021715,5.472295665501432e-7
4,55,400.0,0.0004278299996182562,0.0060999195266028955,8.942491932154975e-7
4,56,400.0,0.0003307679996182562,0.004716035062316884,6.913715060109216e-7
4,57,400.0,0.0003588659996182562,0.005116648633745546,7.501015206412576e-7
4,58,400.0,0.0005133929996182562,0.007319866848031649,1.073093668654114e-6
4,59,400.0,0.00016219199961825623,0.0023125100623152548,3.3901435068272176e-7
4,60,400.0,0.0008760899996182563,0.012491141223032354,1.831203331834496e-6
4,61,400.0,0.00011557799961825625,0.0016479037230282352,2.4158295341241927e-7
4,62,400.0,0.0005938529996182562,0.008467035776603462,1.2412688198808287e-6
4,63,400.0,0.00023434799961825624,0.0033412821158876516,4.898325008070909e-7
4,64,400.0,0.00021902399961825622,0.0031228100623160522,4.578044622740419e-7
4,65,400.0,0.00010727699961825626,0.0015295264015993172,2.2422881886668447e-7
4,66,400.0,0.0009271739996182562,0.013219472651603847,1.9379768375427377e-6
4,67,400.0,0.0007483799996182562,0.010670273544460783,1.5642638344504014e-6
4,68,400.0,0.0003773819996182562,0.005380641401602747,7.888029032810547e-7
4,69,400.0,0.0007138979996182562,0.01017863809803219,1.4921899981632931e-6
4,70,400.0,0.00013090199961825622,0.001866375776600193,2.736109919455208e-7
4,71,400.0,0.00030778199961825625,0.004388297651602485,6.433251483762487e-7
4,72,400.0,0.0002669129996182562,0.003805601223030783,5.57901757318828e-7
4,73,400.0,0.00020433599961825627,0.0029133913123159045,4.271036395148073e-7
4,74,400.0,0.001474412999618256,0.02102189515160397,3.081813243141565e-6
4,75,400.0,0.00031672199961825623,0.004515767383745396,6.620122318092453e-7
4,76,400.0,0.00014239799961825625,0.002030273812314799,2.976384705980163e-7
4,77,400.0,0.0006525989996182562,0.00930463256231787,1.3640606446907109e-6
4,78,400.0,0.00020688899961825624,0.002949800062315931,4.32441168177524e-7
4,79,400.0,0.00013728899961825623,0.0019574563123146596,2.8696341327257014e-7
4,80,400.0,0.0002234939996182562,0.0031865351516018126,4.6714657071216963e-7
4,81,400.0,0.00034673399961825623,0.004943658187316939,7.24741093101499e-7
4,82,400.0,0.0013837379996182561,0.019729091223032527,2.8922879772640534e-6
4,83,400.0,0.0007598759996182563,0.010834171580175076,1.5882913131028508e-6
4,84,400.0,0.0010012469996182561,0.014275600151603897,2.092805300555874e-6
4,85,400.0,0.00015325199961825623,0.002185059883743607,3.203301338064478e-7
4,86,400.0,0.0009699569996182563,0.01382948541946102,2.0274048083755307e-6
4,87,400.0,0.0008869469996182562,0.012645907740889509,1.8538921284861478e-6
4,88,400.0,0.00040994999961825617,0.005844980062317134,8.56875026349513e-7
4,89,400.0,0.0019539629996182563,0.027859251133746887,4.084170740497529e-6
4,90,400.0,0.0006264179996182562,0.0089313548837464,1.3093380763925373e-6
4,91,400.0,0.0005932139996182562,0.008457923812317743,1.2399330044367762e-6
4,92,400.0,0.0004999859996182562,0.007128711133745901,1.0450702098964933e-6
4,93,400.0,0.0022349249996182563,0.031865171758745134,4.671439354676283e-6
4,94,400.0,0.00032821499961825624,0.004679626312316873,6.860339773482072e-7
4,95,400.0,0.00010982999961825625,0.0015659351515994334,2.2956634752941435e-7
4,96,400.0,0.00011238599961825625,0.0016023830087423994,2.3490960930563692e-7
4,97,400.0,0.00020944499961825623,0.002986228365887385,4.3778156339698756e-7
4,98,400.0,0.00010855499961825626,0.0015477503301708042,2.2690044975479634e-7
4,99,400.0,0.00011557799961825625,0.0016479037230282352,2.4158295341241927e-7
4,100,400.0,0.0004661429996182562,0.006646187651602972,9.743321890534297e-7
4,101,400.0,0.0002490359996182562,0.0035507008658877876,5.205333235663239e-7
4,102,400.0,0.0003039509996182562,0.004333684526602456,6.353188553821752e-7
4,103,400.0,0.00036971999961825624,0.005271415151602724,7.727903172929126e-7
4,104,400.0,0.00043421399961825625,0.006190941401602909,9.075930148722816e-7
4,105,400.0,0.0002490359996182562,0.0035507008658877876,5.205333235663239e-7
4,106,400.0,0.00016283099961825624,0.002321622026600982,3.4035016612677534e-7
4,107,400.0,0.00016602299961825624,0.0023671231873153282,3.470206436768018e-7
4,108,400.0,0.00023626499961825623,0.003368618008744819,4.938399471392496e-7
4,109,400.0,0.0002745779996182562,0.003914866580173721,5.73920076420472e-7
4,110,400.0,0.00019028699961825624,0.0027130845266014445,3.977386321996204e-7
4,111,400.0,0.00033012899961825623,0.004706923098031167,6.900356905668696e-7
4,112,400.0,0.0003658889996182562,0.00521678247303128,7.647811577420942e-7
4,113,400.0,0.0005255279996182563,0.00749287684803168,1.0984569627506189e-6
4,114,400.0,0.0002630819996182562,0.0037509880980307565,5.498954643247547e-7
4,115,400.0,0.0002649989996182562,0.0037783044373164818,5.539000441001645e-7
4,116,400.0,0.0002713829996182562,0.0038693263123165296,5.672438657569536e-7
4,117,400.0,0.0003984539996182562,0.005681101580174245,8.328504142538068e-7
4,118,400.0,0.00028351499961825624,0.00404231675874521,5.926042932967227e-7
4,119,400.0,0.0002388179996182562,0.0034050267587448424,4.991774758019658e-7
4,120,400.0,0.0002873489996182562,0.004096968990888095,6.006163194042899e-7
4,121,400.0,0.0003965399996182562,0.005653785240888527,8.28845834478398e-7
4,122,400.0,0.0002969249996182562,0.004233531133745284,6.206363517245903e-7
4,123,400.0,0.00027776999961825626,0.00396040684803089,5.805962870839873e-7
4,124,400.0,0.0002905409996182562,0.004142470151602398,6.0728679695431e-7
4,125,400.0,0.00040484099961825623,0.0057721625623171225,8.461999690240856e-7
4,126,400.0,0.0003103349996182562,0.004424706401602497,6.486626770389634e-7
4,127,400.0,0.0005357429996182562,0.007638531401603122,1.1198099439582192e-6
4,128,400.0,0.00046294799961825624,0.006600647383745822,9.676559783899173e-7
4,129,400.0,0.00040292399961825624,0.005744826669459975,8.421925226919299e-7
4,130,400.0,0.00032310599961825624,0.00460678925874542,6.753560534660309e-7
4,131,400.0,0.0003741899996182562,0.005335140240888449,7.821324257310352e-7
4,132,400.0,0.00030522599961825623,0.00435186934803104,6.379847531567866e-7
4,133,400.0,0.0002541419996182562,0.003623518363982997,5.31208380612507e-7
4,134,400.0,0.00039717899961825626,0.005662897205174242,8.301816499224499e-7
4,135,400.0,0.0005893829996182562,0.00840331068731772,1.2319267114427037e-6
4,136,400.0,0.0002873489996182562,0.004096968990888095,6.006163194042899e-7
4,137,400.0,0.00012707099961825624,0.0018117626516000718,2.656046989514338e-7
4,138,400.0,2.167290059290118e-12,9.885639626722054e-9,1.449236374686824e-12
4,139,400.0,0.0004271909996182562,0.006090807562317181,8.929133777714457e-7
4,140,400.0,2.1672863858425184e-12,9.885633962088259e-9,1.4492355442505897e-12
4,141,400.0,2.167292371034718e-12,9.885643472118981e-9,1.4492369384226382e-12
4,142,400.0,0.0002522279996182562,0.00359622158017353,5.272066676730926e-7
4,143,400.0,0.00032693699961825623,0.004661421937316865,6.833652130168496e-7
4,144,400.0,0.00024520199961825624,0.00349606818731633,5.125241640155035e-7
4,145,400.0,0.00024967199961825625,0.0035597932766020766,5.218662724536291e-7
4,146,400.0,0.0002196599996182562,0.003131882919458917,4.591345446046009e-7
4,147,400.0,2.1877348240106673e-12,9.87933210051371e-9,1.4483116903203503e-12
4,148,400.0,2.1672873286674388e-12,9.885635631542183e-9,1.4492357889928061e-12
4,149,400.0,0.00018071099961825625,0.002576541937315567,3.7772146643604986e-7
4,150,400.0,0.0003473699996182562,0.004952750598031225,7.260740419888039e-7
4,151,400.0,0.00020752799961825625,0.0029589120266016494,4.337769836215763e-7
4,152,400.0,0.0003103349996182562,0.004424706401602497,6.486626770389634e-7
4,153,400.0,0.00012962699961825623,0.001848190955171584,2.7094509417090575e-7
4,154,400.0,0.00021135899961825626,0.0030135251516016886,4.417832766156513e-7
4,155,400.0,0.00025861199961825623,0.003687263008745011,5.405533558866291e-7
4,156,400.0,0.00016538399961825624,0.002358030776601031,3.456876947894954e-7
4,157,400.0,0.00033012899961825623,0.004706923098031167,6.900356905668696e-7
4,158,400.0,1.7530693702302964e-12,9.837656096682266e-9,1.4422019813905557e-12
4,159,400.0,1.6073460182204472e-12,9.873068961567131e-9,1.4473935131336599e-12
4,160,400.0,0.0003639749996182562,0.005189485687316985,7.607794445234317e-7
4,161,400.0,0.0003422639996182562,0.004879933098031209,7.153989846633759e-7
4,162,400.0,0.00024137099961825623,0.003441435508744865,5.04515004464682e-7
4,163,400.0,1.753069461592244e-12,9.805342839146257e-9,1.4374648525881641e-12
4,164,400.0,1.7530695773736772e-12,9.8376565537613e-9,1.4422020483984164e-12
4,165,400.0,1.7530695012278834e-12,9.805342900264358e-9,1.4374648615480876e-12
4,166,400.0,1.7530699122577684e-12,9.837657265514063e-9,1.4422021527414869e-12
4,167,400.0,1.7530678301832622e-12,9.837652596923583e-9,1.4422014683253644e-12
4,168,400.0,0.0002215769996182562,0.0031592188123160773,4.631419909367585e-7
4,169,400.0,0.0007183679996182563,0.010242363187317912,1.5015321066014154e-6
4,170,400.0,0.0005299979996182562,0.007556601937317397,1.10779907118874e-6
4,171,400.0,0.0004674179996182562,0.0066643724730315445,9.769980868280393e-7
4,172,400.0,0.00019922699961825622,0.002840554258744411,4.164257156326252e-7
4,173,400.0,0.0003786599996182562,0.005398884883745608,7.914774007259054e-7
4,174,400.0,0.00037546799961825616,0.005353344615888452,7.84801190062392e-7
4,175,400.0,0.0003122519996182562,0.0044520227408882205,6.526672568143728e-7
4,176,400.0,0.00020114399961825623,0.0028678705980301465,4.2043029540803634e-7
4,177,400.0,0.0006608999996182562,0.009422990330175017,1.3814119126796487e-6
4,178,400.0,0.0002515889996182562,0.003587109615887809,5.258708522290399e-7
4,179,400.0,0.0002158289996182562,0.0030772697944588816,4.511282516105265e-7
4,180,400.0,0.0002758529996182562,0.003933090508745156,5.765917073085762e-7
4,181,400.0,0.0002598899996182562,0.0037054673837450206,5.43222120217987e-7
4,182,400.0,0.00045847799961825617,0.006536902740888673,9.583110033950483e-7
4,183,400.0,0.00033012899961825623,0.004706923098031167,6.900356905668696e-7
4,184,400.0,0.00018645599961825623,0.0026584714016013827,3.8973233920554207e-7
4,185,400.0,0.0004035629996182562,0.00575393863374569,8.435283381359818e-7
4,186,400.0,0.0002311559996182562,0.00329578095517333,4.831620232570681e-7
4,187,400.0,0.00014239799961825625,0.002030273812314799,2.976384705980163e-7
4,188,400.0,0.0022221539996182564,0.03168306934803084,4.644743111692477e-6
4,189,400.0,0.002048468999618256,0.02920668774088975,4.281705165925856e-6
4,190,400.0,0.006525983999618256,0.09304626318732045,1.3640597293800152e-5
4,191,400.0,0.001220270999618256,0.017398403276603927,2.5506087458182606e-6
4,192,400.0,0.00037610699961825625,0.005362456580174168,7.861370055064439e-7
4,193,400.0,0.0002905409996182562,0.004142470151602398,6.0728679695431e-7
4,194,400.0,0.00021710699961825623,0.003095493723030322,4.5379988249863156e-7
4,195,400.0,0.0006519599996182562,0.009295520598032155,1.3627248292466592e-6
4,196,400.0,0.00012770999961825622,0.0018208746158858097,2.669405143954889e-7
4,197,400.0,0.00017177099961825624,0.0024490722051725687,3.590343830030404e-7
4,198,400.0,0.00042272099961825624,0.006027082473031456,8.835712693333232e-7
4,199,400.0,0.0007158149996182563,0.010205954437317906,1.4961945779387015e-6
4,200,400.0,0.0008722589996182562,0.012436528098032352,1.8231970388404265e-6
4,201,400.0,0.0004003709996182562,0.005708437473031393,8.368578605859625e-7
4,202,400.0,0.00014622899961825624,0.0020849064908863204,3.0564763014884605e-7
4,203,400.0,0.0009201509996182562,0.01311933881231813,1.9232972004419037e-6
4,204,400.0,0.0007368869996182562,0.01050639506231792,1.5402392223546987e-6
4,205,400.0,0.0008754509996182562,0.01248202925874664,1.8298675163904444e-6
4,206,400.0,0.0006225869996182562,0.008876741758746384,1.3013317833984656e-6
4,207,400.0,0.0007617899996182562,0.010861468365889363,1.5922930263215122e-6
4,208,400.0,0.001058714999618256,0.01509497300874677,2.2129254944776376e-6
4,209,400.0,0.0003013949996182562,0.004297256223031015,6.299784601627136e-7
4,210,400.0,0.0006519599996182562,0.009295520598032155,1.3627248292466592e-6
4,211,400.0,0.0002273249996182562,0.0032411482766018553,4.7515286370624514e-7
4,212,400.0,0.00045975599961825623,0.006555126669460103,9.60982634283152e-7
4,213,400.0,0.0002624429996182562,0.0037418761337450336,5.485596488807017e-7
4,214,400.0,0.00019986599961825625,0.002849666223030134,4.1776153107667813e-7
4,215,400.0,0.00024520199961825624,0.00349606818731633,5.125241640155035e-7
4,216,400.0,0.0002196599996182562,0.003131882919458917,4.591345446046009e-7
4,217,400.0,0.0003237449996182562,0.0046159012230311365,6.76691868910083e-7
4,218,400.0,0.00013345799961825625,0.001902823633743128,2.789542537217389e-7
4,219,400.0,0.00017368499961825624,0.002476388544458315,3.630389627784532e-7
4,220,400.0,0.00032821499961825624,0.004679626312316873,6.860339773482072e-7
4,221,400.0,0.00024899999961825624,0.0046218846961843755,6.775690470460526e-7
4,222,400.0,0.00023075099961825622,0.0042831190711842505,6.279059514061308e-7
4,223,400.0,0.0008377769996182562,0.011944873098032308,1.7511203359965686e-6
4,224,400.0,0.001486544999618256,0.021194885598032544,3.1071736706813186e-6
4,225,400.0,0.0007675379996182563,0.010943417383746507,1.6043067656477366e-6
4,226,400.0,0.00042272099961825624,0.006027082473031456,8.835712693333232e-7
4,227,400.0,0.00026180699961825623,0.0037328032766021715,5.472295665501432e-7
4,228,400.0,0.0007726469996182561,0.011016254437317937,1.6149846895299094e-6
4,229,400.0,0.0007381649996182563,0.01052461899088935,1.5429108532428024e-6
4,230,400.0,0.0009303689996182562,0.013265032473032422,1.9446559147629964e-6
4,231,400.0,0.0006430199996182562,0.009168070419460718,1.344040612370416e-6
4,232,400.0,0.0006628139996182562,0.009450287115889302,1.3854136258983097e-6
4,233,400.0,0.0004533719996182562,0.006464085240888662,9.476359460696211e-7
4,234,400.0,0.0013939559996182561,0.019874765330175386,2.9136438250283985e-6
4,235,400.0,0.0004993469996182562,0.007119579615888756,1.0437315278956945e-6
4,236,400.0,0.0004195289996182562,0.0059815617587457275,8.768979252265567e-7
4,237,400.0,0.00020305799961825623,0.0028951869373158847,4.24434875183448e-7
4,238,400.0,0.0008562959996182563,0.01220890497303233,1.7898274517498539e-6
4,239,400.0,0.00019603499961825624,0.002795053098030085,4.097552380826016e-7
4,240,400.0,0.0004137809996182562,0.005899612740888571,8.648841859003306e-7
4,241,400.0,0.00021518999961825621,0.003068157830173156,4.497924361664731e-7
4,242,400.0,0.00046294799961825624,0.006600647383745822,9.676559783899173e-7
4,243,400.0,0.00034928699961825626,0.0049800669373169446,7.300786217642127e-7
4,244,400.0,0.001428437999618256,0.020366400776603958,2.9857176613155037e-6
4,245,400.0,0.0009616559996182563,0.013711127651603873,2.010053540386593e-6
4,246,400.0,0.0015056999996182561,0.021468009883746836,3.1472137353219065e-6
4,247,400.0,0.0018300839996182562,0.026093016133746882,3.82524040266427e-6
4,248,400.0,0.0009252599996182563,0.013192175865889562,1.933975124324077e-6
4,249,400.0,0.001310303999618256,0.018682075687318233,2.7387953296949747e-6
4,250,400.0,0.001400978999618256,0.019974918723032527,2.928326328685979e-6
4,251,400.0,0.001342232999618256,0.019137321937318236,2.8055345038761137e-6
4,252,400.0,0.0026665859996182566,0.03801969747303088,5.573693823874029e-6
4,253,400.0,0.00016793999961825626,0.002394459080172505,3.510280900089618e-7
4,254,400.0,0.00020561399961825625,0.002931595687315917,4.297724038461655e-7
4,255,400.0,0.00023945699961825623,0.003414138723030563,5.005132912460184e-7
4,256,400.0,0.0002784089996182562,0.003969499258745176,5.819292359712921e-7
4,257,400.0,0.00016474499961825623,0.0023489188123153046,3.443518793454419e-7
4,258,400.0,0.00010599899961825628,0.001511322026599259,2.2156005453531952e-7
4,259,400.0,9.322799961825626e-5,0.0013292391694557345,1.9486667810816364e-7
4,260,400.0,0.00013601099961825625,0.0019392323837431986,2.842917823844621e-7
4,261,400.0,9.386699961825625e-5,0.0013383511337414864,1.9620249355222081e-7
4,262,400.0,0.0002943719996182562,0.004197102830173841,6.152959565051284e-7
4,263,400.0,0.00014175899961825625,0.0020211814016005015,2.963055217107098e-7
4,264,400.0,0.0019105409996182563,0.02724016550874689,3.993412687334183e-6
4,265,400.0,0.0007234769996182562,0.010315200240889342,1.5122100304835881e-6
4,266,400.0,0.0022528049996182564,0.032120072115887986,4.708807788428767e-6
4,267,400.0,0.0018307229996182563,0.0261021280980326,3.8265762181083235e-6
4,268,400.0,0.0026595629996182565,0.03791954408017374,5.559011320216449e-6
4,269,400.0,0.0007062359996182563,0.010069392294460758,1.4761745456184074e-6
4,270,400.0,0.0011149079996182563,0.01589616104446105,2.3303797906247884e-6
4,271,400.0,6.83249996182563e-5,0.000974165865882276,1.4281287414105477e-7
4,272,400.0,0.00021072299961825625,0.003004432740887397,4.4045032772834566e-7
4,273,400.0,0.0002675519996182562,0.0038147131873165012,5.592375727628801e-7
4,274,400.0,0.00015005999961825625,0.0021395196158864017,3.136539231429272e-7
4,275,400.0,8.875799961825628e-5,0.001265494526598314,1.8552170311325515e-7
4,276,400.0,0.00016857599961825624,0.002403531937315376,3.5235817233952167e-7
4,277,400.0,0.00018071099961825625,0.002576541937315567,3.7772146643604986e-7
4,278,400.0,0.00016346999961825624,0.0023307144373152827,3.416831150140823e-7
4,279,400.0,0.0002475959996182562,0.004595839339041508,6.737507934591911e-7
4,280,400.0,0.00011876999961825625,0.001693404871635801,2.482534291875898e-7
4,281,400.0,0.00010408499961825625,0.0014840252408848827,2.1755834131664504e-7
4,282,400.0,0.00016474499961825623,0.002348918800208472,3.4435187757057835e-7
4,283,400.0,0.0003039509996182562,0.004333684526602456,6.353188553821752e-7
4,284,400.0,0.00013409699961825625,0.00191193559802886,2.802900691657931e-7
4,285,400.0,0.00035183999961825623,0.005016475687316948,7.354161504269261e-7
4,286,400.0,0.0004757189996182562,0.006782710687317278,9.943464882602323e-7
4,287,400.0,0.00012260099961825625,0.0017480375623142113,2.5626259051329145e-7
4,288,400.0,0.00016538399961825624,0.002358030776601031,3.456876947894954e-7
4,289,400.0,0.0006347189996182563,0.009049712651603552,1.3266893443814755e-6
4,290,400.0,0.00016793999961825626,0.002394459080172505,3.510280900089618e-7
4,291,400.0,0.0006996539996182563,0.012986785231535654,1.9038648239727393e-6
4,292,400.0,0.00035630999961825625,0.005080200776602672,7.447582588650485e-7
4,293,400.0,0.0005651159996182563,0.008057329794460534,1.1812058563631909e-6
4,294,400.0,0.00038504699961825617,0.0054899263123170585,8.048240889394376e-7
4,295,400.0,0.00026819099961825624,0.003823825151602222,5.605733882069327e-7
4,296,400.0,0.0004329359996182562,0.006172737026602907,9.049242505409249e-7
4,297,400.0,9.705899961825627e-5,0.001383871848027378,2.0287583765901131e-7
4,298,400.0,0.0002369009996182562,0.0033777104194591128,4.951728960265554e-7
4,299,400.0,0.0006078989996182563,0.008667323008746348,1.2706309606392473e-6
4,300,400.0,0.00037482899961825624,0.005344232651602737,7.834653746183402e-7
4,301,400.0,0.0002784089996182562,0.003969499258745176,5.819292359712921e-7
4,302,400.0,0.00037993799961825623,0.005417089258745613,7.941461650572626e-7
4,303,400.0,0.0004035629996182562,0.00575393863374569,8.435283381359818e-7
4,304,400.0,0.0003690809996182562,0.005262303187317003,7.714545018488601e-7
4,305,400.0,0.00042208199961825627,0.006017970508745737,8.822354538892708e-7
4,306,400.0,0.0003160829996182562,0.0045066358658882475,6.60673549808446e-7
4,307,400.0,0.0005612849996182562,0.008002716669460525,1.1731995633691203e-6
4,308,400.0,0.0003786599996182562,0.005398884883745608,7.914774007259054e-7
4,309,400.0,0.00036014099961825623,0.005134853008745549,7.527702849726145e-7
4,310,400.0,0.0002605289996182562,0.003714579348030738,5.445579356620392e-7
4,311,400.0,0.00014558999961825623,0.0020757945266005914,3.0431181470479226e-7
4,312,400.0,0.0002317949996182562,0.003304873365887622,4.844949721443738e-7
4,313,400.0,0.00034673399961825623,0.004943658187316939,7.24741093101499e-7
4,314,400.0,0.0002662739996182562,0.0037965088123164945,5.565688084315227e-7
4,315,400.0,0.00034481699961825624,0.004916341848031219,7.207365133260903e-7
4,316,400.0,0.00017113199961825624,0.002439960240886848,3.5769856755898777e-7
4,317,400.0,0.00023945699961825623,0.003414138723030563,5.005132912460184e-7
4,318,400.0,0.00020688899961825624,0.002949800062315931,4.32441168177524e-7
4,319,400.0,0.00043229999961825626,0.006163644615888622,9.035913016536202e-7
4,320,400.0,0.0003358769996182562,0.004788872115888331,7.020494298930968e-7
4,321,400.0,0.00024520199961825624,0.00349606818731633,5.125241640155035e-7
4,322,400.0,0.00020944499961825623,0.002986228365887385,4.3778156339698756e-7
4,323,400.0,0.00039717899961825626,0.005662897205174242,8.301816499224499e-7
4,324,400.0,0.0003965399996182562,0.005653785240888527,8.28845834478398e-7
4,325,400.0,0.00032821499961825624,0.004679626312316873,6.860339773482072e-7
4,326,400.0,0.0002311559996182562,0.00329578095517333,4.831620232570681e-7
4,327,400.0,0.0003071429996182562,0.004379185687316768,6.419893329321966e-7
4,328,400.0,0.00041633399961825624,0.005936021490888577,8.702217145630441e-7
4,329,400.0,0.0005114789996182562,0.0072925700623173596,1.0690919554354524e-6
4,330,400.0,0.00016346999961825624,0.0023307144373152827,3.416831150140823e-7
4,331,400.0,0.00043229999961825626,0.006163644615888622,9.035913016536202e-7
4,332,400.0,0.0002445659996182562,0.0034869757766020372,5.111912151281977e-7
4,333,400.0,0.0012426179996182561,0.017717028723032508,2.597319288008867e-6
4,334,400.0,0.0003652499996182562,0.005207690062316988,7.634482088547885e-7
4,335,400.0,0.0007796699996182562,0.011116388276603656,1.629664326630744e-6
4,336,400.0,0.0004080329996182562,0.0058176637230314115,8.528704465741038e-7
4,337,400.0,0.0003773819996182562,0.005380641401602747,7.888029032810547e-7
4,338,400.0,0.00040100999961825625,0.0057175298837456815,8.381908094732677e-7
4,339,400.0,0.0005204189996182561,0.007420039794460238,1.0877790388684442e-6
4,340,400.0,0.0004303829996182562,0.006136328276602902,8.995867218782112e-7
4,341,400.0,0.0006027899996182562,0.008594485955174916,1.2599530367570741e-6
4,342,400.0,0.00023945699961825623,0.003414138723030563,5.005132912460184e-7
4,343,400.0,0.0003320459996182562,0.004734258990888318,6.940431368990258e-7
4,344,400.0,0.00044953799961825624,0.006409452562317225,9.396267865188037e-7
4,345,400.0,0.0003339629996182562,0.004761575330174042,6.980477166744353e-7
4,346,400.0,0.0004501769996182562,0.006418544973031512,9.409597354061087e-7
4,347,400.0,0.0006168389996182562,0.008794773185412955,1.289315177236242e-6
4,348,400.0,0.0002458409996182562,0.0035051605980306196,5.138571129028088e-7
4,349,400.0,0.0007381649996182563,0.01052461899088935,1.5429108532428024e-6
4,350,400.0,0.00015963899961825626,0.0022761013123151967,3.3367682202000043e-7
4,351,400.0,0.00017496299961825622,0.002494612473029762,3.657105936665592e-7
4,352,400.0,0.0003365159996182562,0.004797984080174047,7.033852453371488e-7
4,353,400.0,0.00015452999961825624,0.0022032642587436414,3.229988981378093e-7
4,354,400.0,0.0004904069996182562,0.0069921294373173045,1.0250473110194493e-6
4,355,400.0,0.0006270569996182563,0.008940466848032116,1.310673891836589e-6
4,356,400.0,0.00014111999961825624,0.0020120694373147664,2.9496970626665507e-7
4,357,400.0,0.00015836099961825625,0.002257896937315165,3.310080576886393e-7
4,358,400.0,0.0002707439996182562,0.003860233901602236,5.659109168696476e-7
4,359,400.0,0.00017815499961825625,0.0025401136337440925,3.723810712165834e-7
4,360,400.0,0.0002649989996182562,0.0037783044373164818,5.539000441001645e-7
4,361,400.0,0.0004042019996182562,0.005763050598031405,8.448641535800336e-7
4,362,400.0,0.00038759999961825625,0.005526335062317068,8.101616176021517e-7
4,363,400.0,0.0005746949996182563,0.008193891937317687,1.2012258886834858e-6
4,364,400.0,0.00022859999961825624,0.0032593526516018754,4.778216280376045e-7
4,365,400.0,0.0004718879996182562,0.006728097562317267,9.863401952661615e-7
4,366,400.0,0.0003205529996182562,0.00457040006231684,6.700213913600637e-7
4,367,400.0,0.0003403469996182562,0.004852616758745489,7.11394404887967e-7
4,368,400.0,9.769799961825626e-5,0.001392964258741697,2.0420878654632097e-7
4,369,400.0,0.00018262499961825624,0.0026038387230298784,3.8172317965471475e-7
4,370,400.0,0.00014942099961825624,0.0021304076516006753,3.123181076988738e-7
4,371,400.0,0.0003812129996182562,0.005435293633745616,7.968149293886192e-7
4,372,400.0,0.0003671669996182562,0.005235006401602712,7.674527886301981e-7
4,373,400.0,0.0004948769996182562,0.007055854526603027,1.0343894194575715e-6
4,374,400.0,0.0005657549996182562,0.008066441758746249,1.1825416718072425e-6
4,375,400.0,0.00018837299961825624,0.0026857877408871214,3.937369189809537e-7
4,376,400.0,0.00022093799961825621,0.003150106848030357,4.6180617549270596e-7
4,377,400.0,0.00024967199961825625,0.0035597932766020766,5.218662724536291e-7
4,378,400.0,0.00036780599961825625,0.005244098812316998,7.687857375175029e-7
4,379,400.0,0.00035503499961825623,0.005062015955174096,7.420923610904381e-7
4,380,400.0,0.0002592509996182562,0.003696374973030732,5.418891713306819e-7
4,381,400.0,1.8072847934787184e-12,9.835250418284426e-9,1.4418493085467548e-12
4,382,400.0,0.0003256619996182562,0.004643217562316856,6.806964486854918e-7
4,383,400.0,0.00019603499961825624,0.002795053098030085,4.097552380826016e-7
4,384,400.0,0.0003314069996182562,0.0047251470266025985,6.927073214549733e-7
4,385,400.0,7.854299961825627e-5,0.0011198595265975474,1.6417158846229135e-7
4,386,400.0,9.705899961825627e-5,0.001383871848027378,2.0287583765901131e-7
4,387,400.0,0.00042399599961825626,0.00604528684803146,8.862400336646803e-7
4,388,400.0,0.00013664999961825625,0.0019483443480289376,2.8562759782851735e-7
4,389,400.0,8.875799961825628e-5,0.001265494526598314,1.8552170311325515e-7
4,390,400.0,0.00013345799961825625,0.001902823633743128,2.789542537217389e-7
4,391,400.0,0.00019220399961825623,0.0027404008658871767,4.017432119750311e-7
4,392,400.0,0.0003499259996182562,0.004989178901602659,7.314144372082644e-7
4,393,400.0,0.0002643599996182562,0.0037691924730307636,5.525642286561122e-7
4,394,400.0,1.607345712746505e-12,9.873065185710234e-9,1.4473929595924255e-12
4,395,400.0,0.00021838499961825621,0.0031136980980303306,4.564686468299892e-7
4,396,400.0,0.00031672199961825623,0.004515767383745396,6.620122318092453e-7
4,397,400.0,0.00013537199961825624,0.0019301204194574655,2.8295596694040765e-7
4,398,400.0,0.00017943299961825624,0.002558337562315545,3.750527021046902e-7
4,399,400.0,0.0002337089996182562,0.003332189705173359,4.884995519197852e-7
4,400,400.0,0.00020433599961825627,0.0029133913123159045,4.271036395148073e-7
4,401,400.0,0.00022093799961825621,0.003150106848030357,4.6180617549270596e-7
4,402,400.0,0.00014111999961825624,0.0020120694373147664,2.9496970626665507e-7
4,403,400.0,0.0002675519996182562,0.0038147131873165012,5.592375727628801e-7
4,404,400.0,0.0004508159996182562,0.006427656937317228,9.422955508501605e-7
4,405,400.0,0.0004156949996182562,0.005926909526602861,8.688858991189923e-7
4,406,400.0,0.00025669799961825624,0.003659966223030707,5.365516426679653e-7
4,407,400.0,0.00042272099961825624,0.006027082473031456,8.835712693333232e-7
4,408,400.0,0.0003390689996182562,0.004834412383745485,7.0872564055661e-7
4,409,400.0,0.00012260099961825625,0.0017480375623142113,2.5626259051329145e-7
4,410,400.0,0.00015772199961825624,0.002248784973029436,3.296722422445855e-7
4,411,400.0,0.0003288539996182562,0.004688738276602588,6.873697927922589e-7
4,412,400.0,0.0003045869996182562,0.004342757383745318,6.366489377127337e-7
4,413,400.0,0.00039717899961825626,0.005662897205174242,8.301816499224499e-7
4,414,400.0,0.00035630999961825625,0.005080200776602672,7.447582588650485e-7
4,415,400.0,0.0002994809996182562,0.004269959437316725,6.259767469440517e-7
4,416,400.0,0.0004035629996182562,0.00575393863374569,8.435283381359818e-7
4,417,400.0,7.151699961825629e-5,0.0010197061337397528,1.4948908480461514e-7
4,418,400.0,0.00011749199961825624,0.0016752005087425934,2.455846666310911e-7
4,419,400.0,0.00013026299961825625,0.0018572833658858894,2.7227804305821345e-7
4,420,400.0,0.00017049299961825623,0.0024308482766011233,3.563627521149346e-7
4,421,400.0,1.7914454265094457e-12,9.887005674408856e-9,1.4494366374995529e-12
4,422,400.0,0.0002471189996182562,0.00352338452660206,5.165287437909139e-7
4,423,400.0,0.00040484099961825623,0.005772162562317121,8.461999690240853e-7
4,424,400.0,0.0002145539996182562,0.0030590849730302893,4.484623538359139e-7
4,425,400.0,0.0003735509996182562,0.005326028276602735,7.807966102869835e-7
4,426,400.0,1.764375558802997e-12,9.771526695084412e-9,1.4325074003770195e-12
4,427,400.0,0.00043229999961825626,0.006163644615888621,9.0359130165362e-7
4,428,400.0,0.00044953799961825624,0.006409452562317225,9.396267865188037e-7
4,429,400.0,0.0002579729996182562,0.00367815104445929,5.392175404425766e-7
4,430,400.0,0.00032693699961825623,0.004661421937316865,6.833652130168496e-7
4,431,400.0,0.0002771309996182562,0.003951294883745168,5.792604716399346e-7
4,432,400.0,0.0002790449996182562,0.0039785916694594645,5.832621848585973e-7
4,433,400.0,0.0003569489996182562,0.005089312740888388,7.460940743091004e-7
4,434,400.0,0.00017368499961825624,0.0024763885444583143,3.630389627784531e-7
4,435,400.0,0.00018007199961825624,0.0025674299730298385,3.763856509919961e-7
4,436,400.0,0.0002388179996182562,0.0034050267555661936,4.991774753359754e-7
4,437,400.0,0.00042272099961825624,0.006027082473031454,8.83571269333323e-7
4,438,400.0,0.00042591299961825625,0.006072603187317178,8.902446134400889e-7
4,439,400.0,0.00019922699961825622,0.0028405542555657655,4.164257151666352e-7
4,440,400.0,0.00017879399961825623,0.0025492255980298223,3.737168866606373e-7
4,441,400.0,0.00022987799961825622,0.0032775570266018895,4.804903923689631e-7
4,442,400.0,0.00014495099961825623,0.002066682562314864,3.029759992607387e-7
4,443,400.0,0.0004667789996182562,0.006655260508745831,9.756622713839879e-7
4,444,400.0,0.00020241899961825625,0.0028860749730301623,4.230990597393951e-7
4,445,400.0,0.0006200309996182563,0.008840293901603518,1.2959885216222576e-6
4,446,400.0,0.00027968399961825625,0.0039877036337451835,5.845980003026496e-7
4,447,400.0,0.00028160099961825624,0.004015019973030907,5.886025800780591e-7
4,448,400.0,0.0002273249996182562,0.0032411482766018553,4.7515286370624514e-7
4,449,400.0,0.0002911799996182562,0.00415158211588812,6.086226123983628e-7
4,450,400.0,0.0005510699996182562,0.00785704256231766,1.151843715604774e-6
4,451,400.0,0.001581689999618256,0.022551453723032563,3.3060467781104453e-6
4,452,400.0,0.0004993469996182562,0.007119579615888756,1.0437315278956945e-6
4,453,400.0,0.0004993469996182562,0.007119579615888756,1.0437315278956945e-6
4,454,400.0,0.0005861879996182562,0.008357770419460574,1.225250500779192e-6
4,455,400.0,0.0003741899996182562,0.005335140240888449,7.821324257310352e-7
4,456,400.0,0.0004987079996182562,0.007110487205174465,1.0423985790083888e-6
4,457,400.0,0.00040484099961825623,0.005772162562317121,8.461999690240853e-7
4,458,400.0,0.0006436589996182562,0.009177182383746431,1.3453764278144675e-6
4,459,400.0,0.00020050499961825626,0.002858778187315852,4.190973465207303e-7
4,460,400.0,0.00035503499961825623,0.005062015955174096,7.420923610904381e-7
4,461,400.0,0.0005510699996182562,0.00785704256041282,1.151843715325524e-6
4,462,400.0,0.0005529839996182562,0.007884358893260716,1.155848294157147e-6
4,463,400.0,0.00043357499961825616,0.006181829437317194,9.062571994282299e-7
4,464,400.0,0.0006072599996182562,0.008658211044460634,1.2692951451951957e-6
4,465,400.0,0.00031672199961825623,0.004515767383745396,6.620122318092453e-7
4,466,400.0,0.0009948599996182563,0.014184539169461037,2.0794557457855977e-6
4,467,400.0,1.7643757872655615e-12,9.771527192087463e-9,1.4325074732377471e-12
4,468,400.0,0.0005031779996182562,0.007174231848031622,1.0517435540032588e-6
4,469,400.0,0.00027329999961825624,0.003896662205173685,5.712513120891103e-7
4,470,400.0,0.00017304599961825623,0.0024672570266011575,3.6170028077765245e-7
4,471,400.0,0.0003607799996182562,0.005143945419459837,7.541032338599196e-7
4,472,400.0,0.00013090199961825622,0.0018663757766001904,2.7361099194552045e-7
4,473,400.0,1.7643743801737576e-12,9.771524112908794e-9,1.4325070218296542e-12
4,474,400.0,0.00012515699961825624,0.001784465865885723,2.616029857327634e-7
4,475,400.0,0.0002317949996182562,0.0033048733658876213,4.844949721443736e-7
4,476,400.0,0.00011749199961825624,0.0016752005087425886,2.4558466663109036e-7
4,477,400.0,0.00025478099961825625,0.003632630330173551,5.325441963358084e-7
4,478,400.0,0.0003773819996182562,0.005380641401602747,7.888029032810547e-7
4,479,400.0,0.00036844199961825623,0.005253191223031284,7.701186864048078e-7
4,480,400.0,0.00016857599961825624,0.002403531937315376,3.5235817233952167e-7
4,481,400.0,0.00035630999961825625,0.005080200776602672,7.447582588650485e-7
4,482,400.0,0.00034162499961825623,0.004870840687316919,7.140660357760704e-7
4,483,400.0,0.0007356089996182562,0.010488190687317921,1.5375704580233424e-6
4,484,400.0,0.00024520199961825624,0.003496068187316328,5.125241640155032e-7
4,485,400.0,0.00028862399961825623,0.004115153812316673,6.032822171789004e-7
4,486,400.0,0.00023626499961825623,0.003368618008744819,4.938399471392496e-7
4,487,400.0,0.0003652499996182562,0.005207690062316988,7.634482088547885e-7
4,488,400.0,0.00030969599961825625,0.004415594437316779,6.473268615949111e-7
4,489,400.0,0.0002330699996182562,0.0033230777408876384,4.871637364757326e-7
4,490,400.0,0.00016666199961825625,0.002376235151601055,3.4835645912085535e-7
4,491,400.0,0.0003256619996182562,0.004643217562316856,6.806964486854918e-7
4,492,400.0,0.00012579299961825626,0.0017935387230286013,2.6293306806332434e-7
4,493,400.0,0.0009891149996182561,0.014102609705175321,2.0674448730161202e-6
4,494,400.0,0.0003499259996182562,0.004989178901602659,7.314144372082644e-7
4,495,400.0,0.0006289709996182563,0.008967763633746404,1.3146756050552507e-6
4,496,400.0,0.0003065039996182562,0.004370093276602476,6.40656384044891e-7
4,497,400.0,0.00017560199961825625,0.002503704883744056,3.670435425538652e-7
4,498,400.0,0.0002579729996182562,0.0036781510444592906,5.392175404425767e-7
4,499,400.0,0.00013154099961825623,0.0018754877408859285,2.7494680738957557e-7
4,500,400.0,0.0002994809996182562,0.004269959437316725,6.259767469440517e-7
4,501,400.0,0.0002273249996182562,0.0032411482766018553,4.7515286370624514e-7
4,502,400.0,0.0002388179996182562,0.0034050267587448424,4.991774758019658e-7
4,503,400.0,0.0003205529996182562,0.00457040006231684,6.700213913600637e-7
4,504,400.0,0.00027968399961825625,0.0039877036337451835,5.845980003026496e-7
4,505,400.0,0.0002924549996182562,0.004169786490888124,6.112913767297199e-7
4,506,400.0,0.0003026729996182562,0.004315460598031021,6.326472244940708e-7
4,507,400.0,0.00037163699961825623,0.005298731490888445,7.767948970683216e-7
4,508,400.0,9.833699961825627e-5,0.0014020762230274567,2.0554460199037928e-7
4,509,400.0,0.00012579299961825626,0.0017935387230286013,2.6293306806332434e-7
4,510,400.0,0.00010472099961825627,0.0014930980980277665,2.1888842364720683e-7
4,511,400.0,0.00026180699961825623,0.0037328032766021715,5.472295665501432e-7
4,512,400.0,0.00014431199961825625,0.0020575901516005604,3.016430503734313e-7
4,513,400.0,0.00019795199961825626,0.002822369437315824,4.137598178580134e-7
4,514,400.0,0.0002771309996182562,0.003951294883745169,5.792604716399346e-7
4,515,400.0,0.00023498699961825621,0.003350413633744806,4.911711828078913e-7
4,516,400.0,0.0002790449996182562,0.003978591669459465,5.832621848585974e-7
4,517,400.0,0.00021902399961825622,0.0031228100623160522,4.578044622740419e-7
4,518,400.0,0.00013984199961825626,0.0019938455087432994,2.922980753785461e-7
4,519,400.0,0.00011493899961825626,0.001638791758742497,2.402471379683641e-7
4,520,400.0,0.0003307679996182562,0.004716035062316884,6.913715060109216e-7
4,521,400.0,0.0002656379996182562,0.0037874164016022003,5.552358595442167e-7
4,522,400.0,0.00022476899961825623,0.0032047199730303975,4.698124684867811e-7
4,523,400.0,9.386699961825625e-5,0.0013383511337414864,1.9620249355222081e-7
4,524,400.0,0.0002202989996182562,0.0031409948837446363,4.604703600486533e-7
4,525,400.0,0.00020305799961825623,0.0028951869373158847,4.24434875183448e-7
4,526,400.0,0.00016857599961825624,0.002403531937315376,3.5235817233952167e-7
4,527,400.0,0.00016474499961825623,0.0023489188123153046,3.443518793454419e-7
4,528,400.0,0.00015963899961825626,0.002276101312315199,3.3367682202000074e-7
4,529,400.0,0.0004923209996182562,0.0070194262230315945,1.029049024238111e-6
4,530,400.0,0.0003058649996182562,0.004360981312316759,6.393205686008388e-7
4,531,400.0,0.0003786599996182562,0.005398884883745608,7.914774007259054e-7
4,532,400.0,0.0004603949996182562,0.006564238633745819,9.623184497272038e-7
4,533,400.0,0.00011557799961825625,0.0016479037230282352,2.4158295341241927e-7
4,534,400.0,0.00016666199961825625,0.002376235151601055,3.4835645912085535e-7
4,535,400.0,0.00023243099961825622,0.0033139657766019176,4.8582792103168e-7
4,536,400.0,0.00017496299961825622,0.002494612473029762,3.657105936665592e-7
4,537,400.0,0.00020688899961825624,0.002949800062315931,4.32441168177524e-7
4,538,400.0,0.00013473299961825624,0.0019210280087431618,2.816230180531003e-7
4,539,400.0,0.00018134699961825626,0.002585634348029861,3.790544153233558e-7
4,540,400.0,0.0002560589996182562,0.0036508542555663413,5.352158267579229e-7
4,541,400.0,0.0003620579996182562,0.005162169348031267,7.567748647480231e-7
4,542,400.0,0.0003537569996182562,0.0050437920234240275,7.394207297363458e-7
4,543,400.0,0.00028862399961825623,0.004115153809138026,6.032822167129102e-7
4,544,400.0,0.00031161299961825624,0.004442910773423865,6.513314409043318e-7
4,545,400.0,0.0002739389996182562,0.003905754615887981,5.725842609764166e-7
4,546,400.0,0.00020880599961825623,0.002977116398423018,4.364457474869448e-7
4,547,400.0,0.00035503499961825623,0.0050620159519954595,7.420923606244496e-7
4,548,400.0,0.0002158289996182562,0.0030772697944588816,4.511282516105265e-7
4,549,400.0,0.0005683109996182562,0.008102870062317677,1.1878820670267022e-6
4,550,400.0,0.0002745779996182562,0.003914866580173721,5.73920076420472e-7
4,551,400.0,0.00017432399961825624,0.0024855005087440376,3.64374778222506e-7
4,552,400.0,0.00028670999961825623,0.004087857026602376,5.992805039602376e-7
4,553,400.0,0.00021008399961825627,0.0029953403301731046,4.391173788410399e-7
4,554,400.0,0.00041441999961825624,0.005908724705174287,8.662200013443823e-7
4,555,400.0,0.00011557799961825625,0.0016479037230282352,2.4158295341241927e-7
4,556,400.0,0.0003256619996182562,0.004643217562316856,6.806964486854918e-7
4,557,400.0,0.0003071429996182562,0.004379185687316768,6.419893329321966e-7
4,558,400.0,0.0003639749996182562,0.005189485687316985,7.607794445234317e-7
4,559,400.0,0.00020625299961825626,0.0029407076516016345,4.311082192902177e-7
4,560,400.0,0.0003294929996182562,0.004697850240888308,6.887056082363115e-7
4,561,400.0,0.00025031099961825623,0.0035688856873163704,5.231992213409351e-7
4,562,400.0,0.00016283099961825624,0.002321622026600982,3.4035016612677534e-7
4,563,400.0,0.0002918159996182562,0.004160674526602409,6.099555612856681e-7
4,564,400.0,0.00014622899961825624,0.0020849064908863204,3.0564763014884605e-7
4,565,400.0,0.00014303399961825624,0.0020393662230290964,2.9897141948532277e-7
4,566,400.0,0.0004176119996182562,0.00595422586588858,8.728904788944011e-7
4,567,400.0,1.8072849289122924e-12,9.835250688621218e-9,1.441849348178172e-12
4,568,400.0,0.00017624099961825623,0.0025128168480297816,3.683793579979185e-7
4,569,400.0,0.0005299979996182562,0.007556601937317397,1.10779907118874e-6
4,570,400.0,0.00016793999961825626,0.002394459080172505,3.510280900089618e-7
4,571,400.0,0.00015899999961825623,0.00226698934802947,3.323410065759469e-7
4,572,400.0,0.0004444319996182562,0.0063366350623172175,9.289517291933769e-7
4,573,400.0,0.00010088999961825627,0.0014384849730275848,2.1088213065311094e-7
4,574,400.0,0.00014495099961825623,0.002066682562314864,3.029759992607387e-7
4,575,400.0,1.6073453250824642e-12,9.87306030497653e-9,1.4473922440760718e-12
4,576,400.0,0.0004156949996182562,0.005926909526602861,8.688858991189923e-7
4,577,400.0,0.00022476899961825623,0.0032047199730303975,4.698124684867811e-7
4,578,400.0,0.0002675519996182562,0.0038147131873165012,5.592375727628801e-7
4,579,400.0,0.0002745779996182562,0.003914866580173721,5.73920076420472e-7
4,580,400.0,0.0002464799996182562,0.0035142725623163403,5.151929283468614e-7
4,581,400.0,0.00024137099961825623,0.003441435508744865,5.04515004464682e-7
4,582,400.0,1.8072848267773917e-12,9.835250486812791e-9,1.441849318593024e-12
4,583,400.0,0.00022476899961825623,0.0032047199730303975,4.698124684867811e-7
4,584,400.0,0.00038376899961825627,0.005471721937317049,8.021553246080798e-7
4,585,400.0,0.0004967909996182562,0.007083170865888745,1.03839399923298e-6
4,586,400.0,0.0004425149996182562,0.006309318723031496,9.249471494179678e-7
4,587,400.0,0.00037482899961825624,0.005344232651602737,7.834653746183402e-7
4,588,400.0,0.00027521399961825623,0.00392395899088801,5.752530253077772e-7
4,589,400.0,0.00022093799961825621,0.003150106848030357,4.6180617549270596e-7
4,590,400.0,0.00035822699961825623,0.005107556223031252,7.487685717539516e-7
4,591,400.0,0.0002388179996182562,0.0034050267587448424,4.991774758019658e-7
4,592,400.0,0.0002515889996182562,0.003587109615887809,5.258708522290399e-7
4,593,400.0,0.00017240999961825625,0.0024581841694582937,3.6037019844709366e-7
4,594,400.0,0.0008479949996182563,0.012090566758746603,1.7724790503176617e-6
4,595,400.0,0.00017687699961825624,0.0025219092587440797,3.69712306885225e-7
4,596,400.0,0.0002292389996182562,0.003268445062316169,4.791545769249105e-7
4,597,400.0,0.00013856399961825625,0.001975641133743264,2.896293110471845e-7
4,598,400.0,0.00014048099961825624,0.0020029574730290305,2.936338908226003e-7
4,599,400.0,0.00015197399961825624,0.002166816401600725,3.1765563636159397e-7
4,600,400.0,8.747999961825627e-5,0.001247290151598223,1.8285293878188536e-7
4,601,400.0,0.00021072299961825625,0.003004432740887397,4.4045032772834566e-7
4,602,400.0,0.00016857599961825624,0.002403531937315376,3.5235817233952167e-7
4,603,400.0,0.00016091399961825622,0.0022942861337438003,3.3634271979461465e-7
4,604,400.0,1.802370333213478e-12,9.888940716736032e-9,1.449720315018964e-12
4,605,400.0,0.0003326849996182562,0.004743351401602609,6.953760857863312e-7
4,606,400.0,0.00018262499961825624,0.0026038387230298784,3.8172317965471475e-7
4,607,400.0,0.0003084209996182562,0.004397409615888201,6.446609638203006e-7
4,608,400.0,1.8023710196538864e-12,9.888943202466919e-9,1.4497206794275157e-12
4,609,400.0,0.00010280699961825627,0.001465801312313398,2.148867104285335e-7
4,610,400.0,0.00017304599961825623,0.0024672570266011593,3.6170028077765277e-7
4,611,400.0,0.00018390299961825625,0.0026220626516013385,3.8439481054282275e-7
4,612,400.0,0.0002215769996182562,0.0031592188123160773,4.631419909367585e-7
4,613,400.0,0.00020752799961825625,0.0029589120266016494,4.337769836215763e-7
4,614,400.0,0.00015069899961825625,0.0021486315801721306,3.1498973858698107e-7
4,615,400.0,0.00018454199961825623,0.0026311550623156353,3.857277594301292e-7
4,616,400.0,0.0003218279996182562,0.004588584883745417,6.726872891346741e-7
4,617,400.0,0.00031672199961825623,0.004515767383745396,6.620122318092453e-7
4,618,400.0,0.00027776999961825626,0.00396040684803089,5.805962870839873e-7
4,619,400.0,0.0003326849996182562,0.004743351401602609,6.953760857863312e-7
4,620,400.0,0.0003556709996182562,0.005071108365888384,7.434253099777434e-7
4,621,400.0,0.00023051699961825623,0.003286668990887613,4.81826207813016e-7
4,622,400.0,0.00025861199961825623,0.003687263008745011,5.405533558866291e-7
4,623,400.0,0.00019858799961825627,0.0028314422944586888,4.150899001885723e-7
4,624,400.0,0.00020497499961825622,0.0029225032766016274,4.284394549588602e-7
4,625,400.0,0.00012515699961825624,0.0017844658658857254,2.616029857327637e-7
4,626,400.0,0.00015772199961825624,0.002248784973029436,3.296722422445855e-7
4,627,400.0,0.00013409699961825625,0.00191193559802886,2.802900691657931e-7
4,628,400.0,0.00014942099961825624,0.0021304076516006753,3.123181076988738e-7
4,629,400.0,0.00011685599961825626,0.0016661080980282822,2.442517177437826e-7
4,630,400.0,0.0003480089996182562,0.004961862562316942,7.27409857432856e-7
4,631,400.0,0.00020433599961825627,0.0029133913123159045,4.271036395148073e-7
4,632,400.0,0.00019922699961825622,0.002840554258744411,4.164257156326252e-7
4,633,400.0,0.00013601099961825625,0.0019392323837431986,2.842917823844621e-7
4,634,400.0,0.00010088999961825627,0.0014384849730275848,2.1088213065311094e-7
4,635,400.0,8.556599961825628e-5,0.0012199933658838048,1.7885122556320477e-7
4,636,400.0,0.00010216799961825628,0.0014567089015990798,2.1355376154122397e-7
4,637,400.0,0.00017113199961825624,0.002439960240886848,3.5769856755898777e-7
4,638,400.0,6.96029996182563e-5,0.00099237024088241,1.4548163847243084e-7
4,639,400.0,0.00012004799961825626,0.0017116288123141168,2.509250618505647e-7
4,640,400.0,1.7914451856438177e-12,9.887004734998777e-9,1.4494364997818827e-12
4,641,400.0,8.620499961825628e-5,0.0012290857765981397,1.8018417445051675e-7
4,642,400.0,0.0003141659996182562,0.004479319526602525,6.566689700330367e-7
4,643,400.0,0.00015005999961825625,0.0021395196158864017,3.136539231429272e-7
4,644,400.0,0.0003288539996182562,0.004688738276602588,6.873697927922589e-7
4,645,400.0,0.00012451799961825624,0.00177535390159999,2.6026717028870895e-7
4,646,400.0,0.00025861199961825623,0.003687263008745011,5.405533558866291e-7
4,647,400.0,0.00014878199961825624,0.002121315240886376,3.1098515881156706e-7
4,648,400.0,0.00010663799961825627,0.001520433990885006,2.22895869979376e-7
4,649,400.0,0.00014750399961825625,0.002103091312314925,3.0831352792346043e-7
4,650,400.0,0.00010982999961825625,0.0015659351515994332,2.2956634752941433e-7
4,651,400.0,0.00017624099961825623,0.0025128168480297816,3.683793579979185e-7
4,652,400.0,0.00017560199961825625,0.002503704883744056,3.670435425538652e-7
4,653,400.0,0.00020625299961825626,0.0029407076516016345,4.311082192902177e-7
4,654,400.0,0.00020114399961825623,0.0028678705980301465,4.2043029540803634e-7
4,655,400.0,0.00012260099961825625,0.0017480375623142113,2.5626259051329145e-7
4,656,400.0,6.704699961825632e-5,0.0009559419373107003,1.401412432529299e-7
4,657,400.0,0.00012707099961825624,0.0018117626516000718,2.656046989514338e-7
4,658,400.0,1.9378962724261354e-12,9.901939684894784e-9,1.4516259658620451e-12
4,659,400.0,0.00010025099961825628,0.0014293730087418413,2.09546315209055e-7
4,660,400.0,0.00016602299961825624,0.0023671231873153282,3.470206436768018e-7
4,661,400.0,0.00012387899961825626,0.001766241937314256,2.589313548446544e-7
4,662,400.0,0.00019220399961825623,0.0027404008658871767,4.017432119750311e-7
4,663,400.0,0.00011813099961825626,0.001684312473028335,2.4692048207514674e-7
4,664,400.0,0.00011238599961825625,0.0016023830087423994,2.3490960930563692e-7
4,665,400.0,0.00020433599961825627,0.0029133913123159045,4.271036395148073e-7
4,666,400.0,0.00022285499961825623,0.003177423187316093,4.6581075526811716e-7
4,667,400.0,0.00012834899961825625,0.0018299670266001121,2.6827346328279616e-7
4,668,400.0,0.0002828789996182562,0.0040332439016023515,5.912742109661646e-7
4,669,400.0,0.00013920299961825623,0.001984753098028996,2.909651264912388e-7
4,670,400.0,0.0001877339996182562,0.0026766757766013985,3.9240110353690086e-7
4,671,400.0,0.00020178299961825624,0.0028769825623158685,4.217661108520891e-7
4,672,400.0,0.0002764919996182562,0.003942182919459445,5.779246561958815e-7
4,673,400.0,0.00018071099961825625,0.002576541937315567,3.7772146643604986e-7
4,674,400.0,0.00015133499961825624,0.002157723990886429,3.163226874742877e-7
4,675,400.0,8.556599961825628e-5,0.0012199933658838048,1.7885122556320477e-7
4,676,400.0,0.0003524789996182562,0.005025587651602663,7.367519658709778e-7
4,677,400.0,0.0004080329996182562,0.0058176637230314115,8.528704465741038e-7
4,678,400.0,0.00017368499961825624,0.002476388544458315,3.630389627784532e-7
4,679,400.0,0.00017943299961825624,0.002558337562315545,3.750527021046902e-7
4,680,400.0,0.00012260099961825625,0.0017480375623142115,2.5626259051329145e-7
4,681,400.0,0.00019731299961825622,0.0028132574730301,4.1242400241396024e-7
4,682,400.0,0.0003020339996182562,0.004306348633745303,6.313114090500188e-7
4,683,400.0,0.00018326399961825625,0.0026129506873156065,3.830589950987685e-7
4,684,400.0,0.00015069899961825625,0.0021486315801721306,3.1498973858698107e-7
4,685,400.0,0.00019539599961825623,0.0027859411337443673,4.084194226385495e-7
4,686,400.0,0.00011493899961825626,0.001638791758742497,2.402471379683641e-7
4,687,400.0,0.00011876999961825625,0.001693404883742642,2.482534309624546e-7
4,688,400.0,6.57719996182563e-5,0.0009377571158819768,1.3747534547829808e-7
4,689,400.0,0.00012132599961825625,0.0017298331873141666,2.5359382618192843e-7
4,690,400.0,9.067499961825626e-5,0.0012928108658841482,1.895262828886808e-7
4,691,400.0,0.00011493899961825626,0.001638791758742497,2.402471379683641e-7
4,692,400.0,0.00024200999961825623,0.003450547473030588,5.05850819908735e-7
4,693,400.0,0.00013154099961825623,0.0018754877408859285,2.7494680738957557e-7
4,694,400.0,0.00010727699961825626,0.0015295264015993172,2.2422881886668447e-7
4,695,400.0,0.00012834899961825625,0.0018299670266001121,2.6827346328279616e-7
4,696,400.0,0.0002828789996182562,0.0040332439016023515,5.912742109661646e-7
4,697,400.0,0.00020178299961825624,0.0028769825623158685,4.217661108520891e-7
4,698,400.0,0.00020369699961825623,0.0029042793480301837,4.2576782407075465e-7
4,699,400.0,8.556599961825628e-5,0.0012199933658838045,1.7885122556320471e-7
4,700,400.0,0.0003179969996182562,0.004533971758745399,6.646809961406022e-7
4,701,400.0,0.0003499259996182562,0.004989178901602659,7.314144372082644e-7
4,702,400.0,0.00017560199961825625,0.002503704883744056,3.670435425538652e-7
4,703,400.0,0.0005504309996182562,0.007847950151603372,1.1505107667174686e-6
4,704,400.0,1.9378954821794635e-12,9.901938461610285e-9,1.451625786528339e-12
4,705,400.0,0.00012707099961825624,0.0018117626516000718,2.656046989514338e-7
4,706,400.0,0.0003569489996182562,0.005089312740888388,7.460940743091004e-7
4,707,400.0,0.00018709499961825623,0.0026675638123156774,3.910652880928481e-7
4,708,400.0,0.00020433599961825627,0.0029133913123159045,4.271036395148073e-7
4,709,400.0,0.0003486479996182562,0.004970974526602658,7.287456728769078e-7
4,710,400.0,0.0007030439996182562,0.010023871580175042,1.4695012015116425e-6
4,711,400.0,0.00023498699961825621,0.003350413633744806,4.911711828078913e-7
4,712,400.0,0.00042272099961825624,0.006027082473031455,8.83571269333323e-7
4,713,400.0,0.0004993469996182562,0.007119579615888756,1.0437315278956945e-6
4,714,400.0,0.0007732829996182563,0.011025346848032224,1.6163176384172145e-6
4,715,400.0,0.0011232089996182561,0.01601451881231819,2.3477310586137247e-6
4,716,400.0,0.0008882219996182562,0.01266413166946094,1.8565637593742516e-6
4,717,400.0,0.0004757189996182562,0.006782710687317278,9.943464882602323e-7
4,718,400.0,0.0009124889996182563,0.01301011256231812,1.9072846144537634e-6
4,719,400.0,0.001193450999618256,0.017016013633746777,2.49455036207604e-6
4,720,400.0,0.0008997179996182563,0.012828010151603826,1.8805883714699573e-6
4,721,400.0,0.00040292399961825624,0.005744826669459975,8.421925226919299e-7
4,722,400.0,0.0002573369996182562,0.003669058633744998,5.378845915552708e-7
4,723,400.0,0.00030969599961825625,0.004415594437316779,6.473268615949111e-7
4,724,400.0,0.00019795199961825626,0.002822369437315824,4.137598178580134e-7
4,725,400.0,0.00018198599961825624,0.002594746312315583,3.8039023076740864e-7
4,726,400.0,8.301299961825628e-5,0.0011835846158836194,1.7351369690046472e-7
4,727,400.0,0.00015133499961825624,0.002157723990886429,3.163226874742877e-7
4,728,400.0,0.00012068699961825626,0.001720740776599855,2.522608772946199e-7
4,729,400.0,0.0002854319996182562,0.004069633098030942,5.966088730721336e-7
4,730,400.0,0.00012962699961825623,0.001848190955171584,2.7094509417090575e-7
4,731,400.0,0.0003722759996182562,0.005307843455174159,7.781307125123734e-7
4,732,400.0,5.619299961825632e-5,0.0008011949730234876,1.174553131578072e-7
4,733,400.0,0.00016410599961825625,0.002339806848029578,3.4301606390138845e-7
4,734,400.0,0.00014686799961825624,0.002093998901600624,3.069805790361535e-7
4,735,400.0,0.00026819099961825624,0.003823825151602222,5.605733882069327e-7
4,736,400.0,0.0003141659996182562,0.004479319526602525,6.566689700330367e-7
4,737,400.0,0.00011429999961825626,0.0016296797944567569,2.389113225243087e-7
4,738,400.0,0.00011557799961825625,0.0016479037230282352,2.4158295341241927e-7
4,739,400.0,0.00011493899961825626,0.001638791758742497,2.402471379683641e-7
4,740,400.0,0.0002196599996182562,0.003131882919458917,4.591345446046009e-7
4,741,400.0,0.00024392699961825622,0.0034778638123163148,5.098553996841448e-7
4,742,400.0,8.556599961825628e-5,0.0012199933658838045,1.7885122556320471e-7
4,743,400.0,8.939699961825628e-5,0.0012746064908840669,1.8685751855731246e-7
4,744,400.0,0.00015580499961825625,0.002221468633743679,3.256676624691712e-7
4,745,400.0,0.00011940899961825625,0.0017025168480283813,2.4958924640651e-7
4,746,400.0,9.578399961825625e-5,0.0013656674730273084,2.0020707332764472e-7
4,747,400.0,0.0005248889996182563,0.007483784437317394,1.0971240138633142e-6
4,748,400.0,0.00024392699961825622,0.0034778638123163148,5.098553996841448e-7
4,749,400.0,0.00015772199961825624,0.002248784973029436,3.296722422445855e-7
4,750,400.0,0.00015772199961825624,0.002248784973029436,3.296722422445855e-7
4,751,400.0,7.534799961825629e-5,0.0010743192587401263,1.5749537779873916e-7
4,752,400.0,0.00016857599961825624,0.002403531937315376,3.5235817233952167e-7
4,753,400.0,6.32159996182563e-5,0.0009013288123102305,1.3213495025879177e-7
4,754,400.0,0.00014558999961825623,0.0020757945266005914,3.0431181470479226e-7
4,755,400.0,0.00021327599961825622,0.0030408414908874217,4.457878563910621e-7
4,756,400.0,0.0002145539996182562,0.003059084973030291,4.484623538359141e-7
4,757,400.0,0.0002950109996182562,0.004206195240888131,6.166289053924337e-7
4,758,400.0,0.00015325199961825623,0.002185059883743607,3.203301338064478e-7
4,759,400.0,1.6073457831495732e-12,9.873066031434673e-9,1.4473930835757656e-12
4,760,400.0,0.0006634529996182561,0.009459418633746447,1.3867523078991086e-6
4,761,400.0,0.0002739389996182562,0.003905754615887981,5.725842609764166e-7
4,762,400.0,0.00016027499961825624,0.0022851937230294983,3.3500977090730754e-7
4,763,400.0,0.00024009599961825624,0.003423250687316283,5.018491066900709e-7
4,764,400.0,0.0002145539996182562,0.003059084973030291,4.484623538359141e-7
4,765,400.0,0.0002458409996182562,0.0035051605980306196,5.138571129028088e-7
4,766,400.0,0.00013601099961825625,0.0019392323837431986,2.842917823844621e-7
4,767,400.0,0.00020752799961825625,0.0029589120266016494,4.337769836215763e-7
4,768,400.0,0.00018645599961825623,0.0026584714016013827,3.8973233920554207e-7
4,769,400.0,0.00014111999961825624,0.0020120694373147664,2.9496970626665507e-7
4,770,400.0,0.00021518999961825621,0.003068157830173156,4.497924361664731e-7
4,771,400.0,0.0002592509996182562,0.003696374973030732,5.418891713306819e-7
4,772,400.0,0.00012898799961825623,0.0018390789908858476,2.696092787268509e-7
4,773,400.0,0.00018390299961825625,0.0026220626516013385,3.8439481054282275e-7
4,774,400.0,7.02419996182563e-5,0.0010014822051681968,1.4681745391649316e-7
4,775,400.0,0.00029820299961825624,0.004251735508745292,6.233051160559479e-7
4,776,400.0,0.00010919099961825626,0.0015568427408851212,2.2823339864210573e-7
4,777,400.0,0.00021199799961825624,0.003022637115887409,4.4311909205970386e-7
4,778,400.0,0.00012004799961825626,0.001711628812314117,2.509250618505647e-7
4,779,400.0,0.00016985399961825625,0.00242175586588683,3.550298032276287e-7
4,780,400.0,0.00024009599961825624,0.003423250687316283,5.018491066900709e-7
