ID,Resource,Zone,Village,technology,Total_MW,Start_MW,Change_in_MW,Electricity_GWh
1,pltd_bel1,1,1,diesel,0.027916625385489557,0.2773,-0.24938337461451043,0.06136081956769479
2,plts_bel1,1,1,solar,0.7929880607405512,0.0,0.7929880607405512,1.1498920148579348
3,batt_bel1,1,1,battery,0.2761395789019366,0.0,0.2761395789019366,0.5199231799614641
4,pltd_bel2,1,2,diesel,0.10709376820643653,0.846,-0.7389062317935634,0.22939408421216229
5,plts_bel2,1,2,solar,2.4624407329090814,0.0,2.4624407329090814,3.4623802801389965
6,batt_bel2,1,2,battery,0.8358340153331576,0.0,0.8358340153331576,1.5648944674809893
7,pltd_bel3,1,3,diesel,0.10658683115088063,0.842,-0.7354131688491193,0.2283089350767969
8,plts_bel3,1,3,solar,2.4507827455794953,0.0,2.4507827455794953,3.445987789015483
9,batt_bel3,1,3,battery,0.8318766283050555,0.0,0.8318766283050555,1.5574851908005942
10,pltd_bel4,1,4,diesel,0.04925683049610207,0.3891,-0.3398431695038979,0.10550818077349872
11,plts_bel4,1,4,solar,1.1325796959441274,0.0,1.1325796959441274,1.5924930939424051
12,batt_bel4,1,4,battery,0.38443465358303963,0.0,0.38443465358303963,0.7197601123229099
13,pltd_bel5,1,5,diesel,0.05545784317252591,0.4381,-0.3826421568274741,0.11879050285776738
14,plts_bel5,1,5,solar,1.275160357101314,0.0,1.275160357101314,1.7929733397510903
15,batt_bel5,1,5,battery,0.43283178126224,0.0,0.43283178126224,0.8103712743124641
16,pltd_bel6,1,6,diesel,0.03877410779906994,0.3851,-0.3463258922009301,0.08522454898378523
17,plts_bel6,1,6,solar,1.1013633862469283,0.0,1.1013633862469283,1.5970704856681373
18,batt_bel6,1,6,battery,0.38353479294085924,0.0,0.38353479294085924,0.7221152571655075
19,pltd_bel7,1,7,diesel,0.04539576206236829,0.3586,-0.3132042379376317,0.0972376786779987
20,plts_bel7,1,7,solar,1.0438018001038258,0.0,1.0438018001038258,1.4676650779367824
21,batt_bel7,1,7,battery,0.3543006992061039,0.0,0.3543006992061039,0.6633416322005637
22,pltd_bel8,1,8,diesel,0.08426965166760744,0.7089,-0.6246303483323925,0.1695618427907107
23,plts_bel8,1,8,solar,2.041723426477397,0.0,2.041723426477397,2.9273861668457286
24,batt_bel8,1,8,battery,0.7219464036180606,0.0,0.7219464036180606,1.3302542150101275
25,pltd_bel9,1,9,diesel,0.09024767438262486,0.6833,-0.5930523256173752,0.15968100636008417
26,plts_bel9,1,9,solar,2.027692065344841,0.0,2.027692065344841,2.8252908771350205
27,batt_bel9,1,9,battery,0.6725800140089767,0.0,0.6725800140089767,1.2808103110581877
28,pltd_bel10,1,10,diesel,0.050231717477538275,0.3968,-0.3465682825224617,0.10759538199799704
29,plts_bel10,1,10,solar,1.1549991404896633,0.0,1.1549991404896633,1.6240162320750617
30,batt_bel10,1,10,battery,0.3920447549884725,0.0,0.3920447549884725,0.7340079178821269
31,pltd_bel11,1,11,diesel,0.08357675588437205,0.6602,-0.5766232441156279,0.17902078975982771
32,plts_bel11,1,11,solar,1.921708499501569,0.0,1.921708499501569,2.702069235281779
33,batt_bel11,1,11,battery,0.6522913111558377,0.0,0.6522913111558377,1.2212559955174251
34,pltd_bel12,1,12,diesel,0.03595799920517789,0.284,-0.24804200079482208,0.07702223885350239
35,plts_bel12,1,12,solar,0.8267910596112806,0.0,0.8267910596112806,1.1625312935127508
36,batt_bel12,1,12,battery,0.2806401488488893,0.0,0.2806401488488893,0.5254299415172548
37,pltd_bel13,1,13,diesel,0.05132715406993591,0.2672,-0.2158728459300641,0.09526115017122819
38,plts_bel13,1,13,solar,1.1954375243522453,0.0,1.1954375243522453,1.7278752854533475
39,batt_bel13,1,13,battery,0.4289740276488421,0.0,0.4289740276488421,0.7385299499925185
40,pltd_bel14,1,14,diesel,0.02068740910422698,0.2055,-0.184812590895773,0.045472216222984536
41,plts_bel14,1,14,solar,0.5877103585807896,0.0,0.5877103585807896,0.8522009990298994
42,batt_bel14,1,14,battery,0.20463559863071945,0.0,0.20463559863071945,0.38532258197438873
43,pltd_bel15,1,15,diesel,0.033603107691005,0.1749,-0.141296892308995,0.062365548198560064
44,plts_bel15,1,15,solar,0.7826398054958983,0.0,0.7826398054958983,1.1312212595745659
45,batt_bel15,1,15,battery,0.2808443364391749,0.0,0.2808443364391749,0.4835079060506906
46,pltd_bel16,1,16,diesel,0.062126889078016806,0.4908,-0.42867311092198324,0.1330756388784829
47,plts_bel16,1,16,solar,1.4285024322952422,0.0,1.4285024322952422,2.0085833696628996
48,batt_bel16,1,16,battery,0.48488060040933467,0.0,0.48488060040933467,0.9078206597179865
49,pltd_bel17,1,17,diesel,0.04341616747497549,0.2234,-0.1799838325250245,0.08247706251462207
50,plts_bel17,1,17,solar,1.010128052331438,0.0,1.010128052331438,1.4418033375084642
51,batt_bel17,1,17,battery,0.3605278148000899,0.0,0.3605278148000899,0.6166784128897954
52,pltd_bel18,1,18,diesel,0.015418300879880643,0.1297,-0.11428169912011937,0.031023771570533477
53,plts_bel18,1,18,solar,0.37356174715369667,0.0,0.37356174715369667,0.535606282515676
54,batt_bel18,1,18,battery,0.13209035212969308,0.0,0.13209035212969308,0.24338863473240854
55,pltd_bel19,1,19,diesel,0.025700943148418042,0.203,-0.17729905685158198,0.05505117542565191
56,plts_bel19,1,19,solar,0.5909501102203,0.0,0.5909501102203,0.8309208644324674
57,batt_bel19,1,19,battery,0.20058784051967057,0.0,0.20058784051967057,0.3755518981391043
58,pltd_bel20,1,20,diesel,0.006128793154437876,0.0444,-0.03827120684556212,0.012499528508767203
59,plts_bel20,1,20,solar,0.13240167166831654,0.0,0.13240167166831654,0.1810308380475665
60,batt_bel20,1,20,battery,0.04337617938788133,0.0,0.04337617938788133,0.08169719467132097
61,pltd_bel21,1,21,diesel,0.022983034872030374,0.1664,-0.14341696512796961,0.046874489110779446
62,plts_bel21,1,21,solar,0.49650251630034786,0.0,0.49650251630034786,0.6788623919150419
63,batt_bel21,1,21,battery,0.16265979179141224,0.0,0.16265979179141224,0.3063627340657511
64,pltd_bel22,1,22,diesel,0.016343491497021898,0.1183,-0.1019565085029781,0.03333330708367199
65,plts_bel22,1,22,solar,0.35306839408329915,0.0,0.35306839408329915,0.4827461120579669
66,batt_bel22,1,22,battery,0.11566877644700284,0.0,0.11566877644700284,0.2178576382208378
67,pltd_bel23,1,23,diesel,0.01150799985269073,0.1143,-0.10279200014730927,0.0252943522527142
68,plts_bel23,1,23,solar,0.32688679018940153,0.0,0.32688679018940153,0.4740112261754137
69,batt_bel23,1,23,battery,0.11383128527844036,0.0,0.11383128527844036,0.21432407615743573
70,pltd_bel24,1,24,diesel,0.009278242726650216,0.0672,-0.05792175727334978,0.01892331683673825
71,plts_bel24,1,24,solar,0.20044025776332616,0.0,0.20044025776332616,0.2740596143496869
72,batt_bel24,1,24,battery,0.06566641142630235,0.0,0.06566641142630235,0.12367991724885544
73,pltd_bel25,1,25,diesel,0.0067671795130311956,0.049,-0.0422328204869688,0.013801722693979713
74,plts_bel25,1,25,solar,0.1461926238238604,0.0,0.1461926238238604,0.1998878515297836
75,batt_bel25,1,25,battery,0.04789466931986443,0.0,0.04789466931986443,0.09020717657698155
76,pltd_bel26,1,26,diesel,0.018939880062356303,0.1371,-0.11816011993764369,0.03862902501079041
77,plts_bel26,1,26,solar,0.4091545334360216,0.0,0.4091545334360216,0.559431718455145
78,batt_bel26,1,26,battery,0.13404303942105697,0.0,0.13404303942105697,0.2524645906367626
79,pltd_bel27,1,27,diesel,0.016560239948279053,0.1254,-0.10883976005172095,0.029301900755282415
80,plts_bel27,1,27,solar,0.37207821370850236,0.0,0.37207821370850236,0.5184359674205432
81,batt_bel27,1,27,battery,0.12341681964705128,0.0,0.12341681964705128,0.23502606615489577
82,pltd_bel28,1,28,diesel,0.012288035233389847,0.093,-0.08071196476661015,0.021742332632979464
83,plts_bel28,1,28,solar,0.27608746539615764,0.0,0.27608746539615764,0.3846876687875073
84,batt_bel28,1,28,battery,0.09157761649225739,0.0,0.09157761649225739,0.174393171677703
85,pltd_bel29,1,29,diesel,0.008385063168204794,0.0662,-0.0578149368317952,0.017960391806631053
86,plts_bel29,1,29,solar,0.19279830003028553,0.0,0.19279830003028553,0.2710894217507114
87,batt_bel29,1,29,battery,0.06544213778534953,0.0,0.06544213778534953,0.1225245956913895
88,pltd_bel30,1,30,diesel,0.0069686853022416255,0.0508,-0.043831314697758375,0.012335584819142861
89,plts_bel30,1,30,solar,0.1503046893807376,0.0,0.1503046893807376,0.20964704448368443
90,batt_bel30,1,30,battery,0.04959794477576165,0.0,0.04959794477576165,0.09487832278136146
91,pltd_bel31,1,31,diesel,0.014190853959988125,0.1035,-0.08930914604001187,0.025118611299060074
92,plts_bel31,1,31,solar,0.30607727488314096,0.0,0.30607727488314096,0.42691952769630925
93,batt_bel31,1,31,battery,0.10099952100868474,0.0,0.10099952100868474,0.1932082521611312
94,pltd_bel32,1,32,diesel,0.02050715838309954,0.1553,-0.13479284161690044,0.036284838943644364
95,plts_bel32,1,32,solar,0.46075577173820065,0.0,0.46075577173820065,0.6419959126554645
96,batt_bel32,1,32,battery,0.15283166155846628,0.0,0.15283166155846628,0.29104079982313164
97,pltd_bel33,1,33,diesel,0.012125246394985797,0.0918,-0.0796747536050142,0.021454643194774192
98,plts_bel33,1,33,solar,0.27243075464200006,0.0,0.27243075464200006,0.3795925302365756
99,batt_bel33,1,33,battery,0.09036438034447802,0.0,0.09036438034447802,0.1720832436438256
100,pltd_bel34,1,34,diesel,0.010136376572593543,0.0739,-0.06376362342740645,0.01794116990994831
101,plts_bel34,1,34,solar,0.21862714741072115,0.0,0.21862714741072115,0.3049433451471772
102,batt_bel34,1,34,battery,0.07214276533678134,0.0,0.07214276533678134,0.13800646742599815
103,pltd_bel35,1,35,diesel,0.01000942355871729,0.0758,-0.06579057644128272,0.017710527559871764
104,plts_bel35,1,35,solar,0.22489249552069296,0.0,0.22489249552069296,0.31335465862867984
105,batt_bel35,1,35,battery,0.07459582086761136,0.0,0.07459582086761136,0.14205506288685654
106,pltd_bel36,1,36,diesel,0.0056159563154818525,0.0444,-0.03878404368451815,0.012028932639396774
107,plts_bel36,1,36,solar,0.12913099711850065,0.0,0.12913099711850065,0.18156791139346806
108,batt_bel36,1,36,battery,0.043831129423511694,0.0,0.043831129423511694,0.08206351326626228
109,pltd_bel37,1,37,diesel,0.009827987959678479,0.0776,-0.06777201204032152,0.021051249626468854
110,plts_bel37,1,37,solar,0.2259779257602553,0.0,0.2259779257602553,0.3177421149782632
111,batt_bel37,1,37,battery,0.07670427654155627,0.0,0.07670427654155627,0.14361023494598987
112,pltd_bel38,1,38,diesel,0.020084888325774965,0.1587,-0.13861511167422505,0.04302130439020801
113,plts_bel38,1,38,solar,0.461819956430839,0.0,0.461819956430839,0.649354337571608
114,batt_bel38,1,38,battery,0.15675715856222608,0.0,0.15675715856222608,0.29348933480295514
115,pltd_bel39,1,39,diesel,0.007167517626147377,0.0712,-0.06403248237385262,0.015753267391173234
116,plts_bel39,1,39,solar,0.20351142757853552,0.0,0.20351142757853552,0.2951342829351365
117,batt_bel39,1,39,battery,0.07089334358866196,0.0,0.07089334358866196,0.13344479101168402
118,pltd_bel40,1,40,diesel,0.008072763802794319,0.0638,-0.055727236197205675,0.017291647140651567
119,plts_bel40,1,40,solar,0.1856251487612272,0.0,0.1856251487612272,0.2610031029714992
120,batt_bel40,1,40,battery,0.06300727356969076,0.0,0.06300727356969076,0.1179658744348225
121,pltd_bel41,1,41,diesel,0.008735923535979484,0.069,-0.06026407646402052,0.018712002517890736
122,plts_bel41,1,41,solar,0.20086988489202992,0.0,0.20086988489202992,0.28243812556912695
123,batt_bel41,1,41,battery,0.06818168458214394,0.0,0.06818168458214394,0.12765401267000445
124,pltd_bel42,1,42,diesel,0.007815678304662683,0.0776,-0.06978432169533733,0.01717940893846782
125,plts_bel42,1,42,solar,0.22204583134865905,0.0,0.22204583134865905,0.32197129152079773
126,batt_bel42,1,42,battery,0.07731220363093355,0.0,0.07731220363093355,0.1455793043940618
127,pltd_bel43,1,43,diesel,0.018025091618842578,0.1365,-0.11847490838115743,0.03189311343040974
128,plts_bel43,1,43,solar,0.40498997713086005,0.0,0.40498997713086005,0.5642939517024794
129,batt_bel43,1,43,battery,0.13433360134375935,0.0,0.13433360134375935,0.2558154394260555
130,pltd_bel44,1,44,diesel,0.014119011088584458,0.1069,-0.09278098891141554,0.024981657101383347
131,plts_bel44,1,44,solar,0.3172272277194649,0.0,0.3172272277194649,0.44200932845007884
132,batt_bel44,1,44,battery,0.10522312149287782,0.0,0.10522312149287782,0.20037945499454346
133,pltd_bel45,1,45,diesel,0.010701154484185902,0.081,-0.0702988455158141,0.0189338814483908
134,plts_bel45,1,45,solar,0.2404345643259213,0.0,0.2404345643259213,0.33501022103849565
135,batt_bel45,1,45,battery,0.07975132787485706,0.0,0.07975132787485706,0.15187265567919336
136,pltd_bel46,1,46,diesel,0.014444507640494065,0.1094,-0.09495549235950593,0.025557874987881493
137,plts_bel46,1,46,solar,0.32454009332415573,0.0,0.32454009332415573,0.452199411678063
138,batt_bel46,1,46,battery,0.10764932680025152,0.0,0.10764932680025152,0.2049988434274238
139,pltd_bel47,1,47,diesel,0.011387258387203097,0.1131,-0.1017127416127969,0.025026673116725098
140,plts_bel47,1,47,solar,0.3233313044288112,0.0,0.3233313044288112,0.468895038818471
141,batt_bel47,1,47,battery,0.11262912966931135,0.0,0.11262912966931135,0.21201093966254236
142,pltd_bel48,1,48,diesel,0.01448516863365916,0.1097,-0.09521483136634085,0.02562993441514528
143,plts_bel48,1,48,solar,0.32545471696382755,0.0,0.32545471696382755,0.45347338110873964
144,batt_bel48,1,48,battery,0.10795260001783698,0.0,0.10795260001783698,0.20557633913290244
145,pltd_bel49,1,49,diesel,0.02311485427325186,0.1999,-0.17678514572674814,0.04560423352175363
146,plts_bel49,1,49,solar,0.5839981242227656,0.0,0.5839981242227656,0.8280081619720245
147,batt_bel49,1,49,battery,0.19888915517662462,0.0,0.19888915517662462,0.37582761878381754
148,pltd_bel50,1,50,diesel,0.027139559090256386,0.2348,-0.20766044090974362,0.053544009749231784
149,plts_bel50,1,50,solar,0.6856809290421181,0.0,0.6856809290421181,0.9721766189392828
150,batt_bel50,1,50,battery,0.23351858422551902,0.0,0.23351858422551902,0.44126510170064365
151,pltd_bel51,1,51,diesel,0.019449225128863618,0.1473,-0.12785077487113636,0.03441304023220877
152,plts_bel51,1,51,solar,0.43698646851942546,0.0,0.43698646851942546,0.6088763370731395
153,batt_bel51,1,51,battery,0.14494679841396088,0.0,0.14494679841396088,0.27602637167057475
154,pltd_bel52,1,52,diesel,0.01852048862836229,0.1602,-0.14167951137163773,0.03653887576884615
155,plts_bel52,1,52,solar,0.46791856968806583,0.0,0.46791856968806583,0.663428205713317
156,batt_bel52,1,52,battery,0.1593569364964545,0.0,0.1593569364964545,0.30112617729014507
157,pltd_bel53,1,53,diesel,0.018147171495934308,0.1374,-0.11925282850406568,0.03210884047712015
158,plts_bel53,1,53,solar,0.4077328749779275,0.0,0.4077328749779275,0.5681157257010583
159,batt_bel53,1,53,battery,0.13524395365136793,0.0,0.13524395365136793,0.2575482198149254
160,pltd_bel54,1,54,diesel,0.014602592985545127,0.1263,-0.11169740701445487,0.028809723868249683
161,plts_bel54,1,54,solar,0.36893617366707787,0.0,0.36893617366707787,0.5230874154619721
162,batt_bel54,1,54,battery,0.1256466303663869,0.0,0.1256466303663869,0.23742607939039675
163,pltd_bel55,1,55,diesel,0.027261481772366005,0.2064,-0.179138518227634,0.04823474726168528
164,plts_bel55,1,55,solar,0.6125134727082071,0.0,0.6125134727082071,0.8534475222116207
165,batt_bel55,1,55,battery,0.20316948111652697,0.0,0.20316948111652697,0.3869001169826094
166,pltd_bel56,1,56,diesel,0.022046495112329,0.1596,-0.13755350488767099,0.04496502274490572
167,plts_bel56,1,56,solar,0.4762746103344676,0.0,0.4762746103344676,0.6512045552691452
168,batt_bel56,1,56,battery,0.1560328837029554,0.0,0.1560328837029554,0.29388097624567283
169,pltd_bel57,1,57,diesel,0.02191788084645327,0.1731,-0.15118211915354673,0.046947658976003774
170,plts_bel57,1,57,solar,0.5039665726789554,0.0,0.5039665726789554,0.7086157761523497
171,batt_bel57,1,57,battery,0.17106292016358265,0.0,0.17106292016358265,0.32027382765553386
172,pltd_bel58,1,58,diesel,0.03421920245593078,0.2477,-0.21348079754406923,0.06979195126180515
173,plts_bel58,1,58,solar,0.7392373664777239,0.0,0.7392373664777239,1.0107492854054867
174,batt_bel58,1,58,battery,0.24218167812031868,0.0,0.24218167812031868,0.4561390758622535
175,pltd_bel59,1,59,diesel,0.00990594408800637,0.0783,-0.06839405591199363,0.021217789549524805
176,plts_bel59,1,59,solar,0.2277722840595585,0.0,0.2277722840595585,0.32026496448957864
177,batt_bel59,1,59,battery,0.07731331056204079,0.0,0.07731331056204079,0.1447507744267921
178,pltd_bel60,1,60,diesel,0.053507789986041464,0.4227,-0.3691922100139586,0.11461334189802687
179,plts_bel60,1,60,solar,1.2303233494499726,0.0,1.2303233494499726,1.7299291048638075
180,batt_bel60,1,60,battery,0.41761257668819013,0.0,0.41761257668819013,0.7818772425746761
181,pltd_bel61,1,61,diesel,0.007058953246478174,0.0558,-0.048741046753521824,0.015120296249409266
182,plts_bel61,1,61,solar,0.16230910888241507,0.0,0.16230910888241507,0.22821953389641
183,batt_bel61,1,61,battery,0.05509346491155755,0.0,0.05509346491155755,0.10314855362428942
184,pltd_bel62,1,62,diesel,0.037840512704243635,0.2865,-0.24865948729575635,0.0669535141015079
185,plts_bel62,1,62,solar,0.8502047918978327,0.0,0.8502047918978327,1.184635295849794
186,batt_bel62,1,62,battery,0.2820102898523771,0.0,0.2820102898523771,0.5370394049159541
187,pltd_bel63,1,63,diesel,0.01138725838720314,0.1131,-0.10171274161279686,0.02502667311672654
188,plts_bel63,1,63,solar,0.32333130442881075,0.0,0.32333130442881075,0.46889503881847056
189,batt_bel63,1,63,battery,0.11262912966931173,0.0,0.11262912966931173,0.2120109396625392
190,pltd_bel64,1,64,diesel,0.013956325312992483,0.1057,-0.09174367468700752,0.02469331276152974
191,plts_bel64,1,64,solar,0.3135703083811485,0.0,0.3135703083811485,0.43691441522496594
192,batt_bel64,1,64,battery,0.10401078516658654,0.0,0.10401078516658654,0.19806992535921478
193,pltd_bel65,1,65,diesel,0.006835697494293939,0.0518,-0.04496430250570606,0.012094309968124507
194,plts_bel65,1,65,solar,0.1535862299599926,0.0,0.1535862299599926,0.21399992941499812
195,batt_bel65,1,65,battery,0.05094402107018941,0.0,0.05094402107018941,0.09701444657823466
196,pltd_bel66,1,66,diesel,0.05171460333489008,0.4473,-0.3955853966651099,0.10202991923155753
197,plts_bel66,1,66,solar,1.30657189168837,0.0,1.30657189168837,1.852492205986703
198,batt_bel66,1,66,battery,0.44497169134791614,0.0,0.44497169134791614,0.8408344149413783
199,pltd_bel67,1,67,diesel,0.047687235876314224,0.3611,-0.31341276412368574,0.08437598894582468
200,plts_bel67,1,67,solar,1.0714406691854166,0.0,1.0714406691854166,1.4928949935818114
201,batt_bel67,1,67,battery,0.3553939189709003,0.0,0.3553939189709003,0.6767852767883382
202,pltd_bel68,1,68,diesel,0.02104910604731145,0.1821,-0.16105089395268857,0.0415291981290814
203,plts_bel68,1,68,solar,0.5318068615156734,0.0,0.5318068615156734,0.7540095511861339
204,batt_bel68,1,68,battery,0.1811145607903223,0.0,0.1811145607903223,0.34224007978946314
205,pltd_bel69,1,69,diesel,0.03981880217934792,0.3444,-0.30458119782065207,0.07856019574408192
206,plts_bel69,1,69,solar,1.0060244615077285,0.0,1.0060244615077285,1.4263677819861258
207,batt_bel69,1,69,battery,0.342615768941336,0.0,0.342615768941336,0.6474189828717973
208,pltd_bel70,1,70,diesel,0.007994998456674946,0.0632,-0.05520500154332506,0.01712539839629329
209,plts_bel70,1,70,solar,0.18383107157590167,0.0,0.18383107157590167,0.25848069758718767
210,batt_bel70,1,70,battery,0.062398388700128926,0.0,0.062398388700128926,0.11682561560340166
211,pltd_bel71,1,71,diesel,0.019611926473136913,0.1485,-0.12888807352686307,0.03470050786101743
212,plts_bel71,1,71,solar,0.4406437351770449,0.0,0.4406437351770449,0.613972164855296
213,batt_bel71,1,71,battery,0.14616030155014204,0.0,0.14616030155014204,0.27833661267865845
214,pltd_bel72,1,72,diesel,0.012967904448169434,0.1288,-0.11583209555183056,0.028501962397114198
215,plts_bel72,1,72,solar,0.36827952846047796,0.0,0.36827952846047796,0.5340578007077795
216,batt_bel72,1,72,battery,0.1282674863903593,0.0,0.1282674863903593,0.2414741624817689
217,pltd_bel73,1,73,diesel,0.012480040611336432,0.0986,-0.08611995938866356,0.026732448477240246
218,plts_bel73,1,73,solar,0.28695526995655013,0.0,0.28695526995655013,0.40348143588449087
219,batt_bel73,1,73,battery,0.0974020715063611,0.0,0.0974020715063611,0.18236159478531272
220,pltd_bel74,1,74,diesel,0.0939502955280409,0.7113,-0.6173497044719591,0.1662319405967255
221,plts_bel74,1,74,solar,2.11088514806884,0.0,2.11088514806884,2.941207690990725
222,batt_bel74,1,74,battery,0.7001747854623875,0.0,0.7001747854623875,1.3333600068027136
223,pltd_bel75,1,75,diesel,0.015386313379431091,0.1528,-0.1374136866205689,0.0338178885398444
224,plts_bel75,1,75,solar,0.4370151005319095,0.0,0.4370151005319095,0.6337171294857401
225,batt_bel75,1,75,battery,0.152191824328635,0.0,0.152191824328635,0.286535249935371
226,pltd_bel76,1,76,diesel,0.008697038938082775,0.0687,-0.06000296106191722,0.01862925158324636
227,plts_bel76,1,76,solar,0.19997216510392885,0.0,0.19997216510392885,0.28117630267378235
228,batt_bel76,1,76,battery,0.06787738072497941,0.0,0.06787738072497941,0.12708327771100333
229,pltd_bel77,1,77,diesel,0.039858049109877135,0.3149,-0.2750419508901229,0.08537602226112315
230,plts_bel77,1,77,solar,0.9164646422232442,0.0,0.9164646422232442,1.2886198864303047
231,batt_bel77,1,77,battery,0.31107832842386773,0.0,0.31107832842386773,0.5824182302647983
232,pltd_bel78,1,78,diesel,0.013183116112594285,0.0998,-0.08661688388740571,0.02332587038938306
233,plts_bel78,1,78,solar,0.2962005212723777,0.0,0.2962005212723777,0.41271162667495925
234,batt_bel78,1,78,battery,0.09824846605739813,0.0,0.09824846605739813,0.18709741329866642
235,pltd_bel79,1,79,diesel,0.008748139239531895,0.0662,-0.0574518607604681,0.015478075371584805
236,plts_bel79,1,79,solar,0.19655280737327493,0.0,0.19655280737327493,0.27386755036063415
237,batt_bel79,1,79,battery,0.06519590436825788,0.0,0.06519590436825788,0.12415464403134531
238,pltd_bel80,1,80,diesel,0.013650113225109301,0.1078,-0.09414988677489071,0.02923876486947974
239,plts_bel80,1,80,solar,0.3138576259444777,0.0,0.3138576259444777,0.44130796591598964
240,batt_bel80,1,80,battery,0.10653367457708653,0.0,0.10653367457708653,0.19945806295620436
241,pltd_bel81,1,81,diesel,0.021176946779422414,0.1673,-0.1461230532205776,0.04536091028397122
242,plts_bel81,1,81,solar,0.48692851634722323,0.0,0.48692851634722323,0.6846589715242255
243,batt_bel81,1,81,battery,0.16528002591445567,0.0,0.16528002591445567,0.3094458061699936
244,pltd_kup82,1,82,diesel,0.06721565011546567,0.6676,-0.6003843498845343,0.14774088802533458
245,plts_kup82,1,82,solar,1.909353304312289,0.0,1.909353304312289,2.768687358069156
246,batt_kup82,1,82,battery,0.6648710167479833,0.0,0.6648710167479833,1.2518613135392165
247,pltd_kup83,1,83,diesel,0.0369126536007139,0.3666,-0.3296873463992861,0.08113304183655869
248,plts_kup83,1,83,solar,1.048501338596425,0.0,1.048501338596425,1.5204121432123865
249,batt_kup83,1,83,battery,0.3651226151275138,0.0,0.3651226151275138,0.6874543080185928
250,pltd_kup84,1,84,diesel,0.04863222103892821,0.4831,-0.43446777896107175,0.10689771117797267
251,plts_kup84,1,84,solar,1.3816044954064624,0.0,1.3816044954064624,2.003374208752685
252,batt_kup84,1,84,battery,0.48106017937592344,0.0,0.48106017937592344,0.9058248977770037
253,pltd_kup85,1,85,diesel,0.007441096886644388,0.0739,-0.0664589031133556,0.01635789784521233
254,plts_kup85,1,85,solar,0.21149406626742256,0.0,0.21149406626742256,0.3066431274176881
255,batt_kup85,1,85,battery,0.07361256379074248,0.0,0.07361256379074248,0.13864848720521583
256,pltd_kup86,1,86,diesel,0.04711707300691421,0.468,-0.4208829269930858,0.10356294051106196
257,plts_kup86,1,86,solar,1.3383881370920043,0.0,1.3383881370920043,1.9407626552493757
258,batt_kup86,1,86,battery,0.4660623059425117,0.0,0.4660623059425117,0.8775155982218549
259,pltd_kup87,1,87,diesel,0.043087294094703646,0.4279,-0.38481270590529637,0.09470406241729742
260,plts_kup87,1,87,solar,1.223821204158497,0.0,1.223821204158497,1.7746624589751623
261,batt_kup87,1,87,battery,0.4261954289792989,0.0,0.4261954289792989,0.802413216847766
262,pltd_kup88,1,88,diesel,0.019913721726060207,0.1978,-0.1778862782739398,0.04377039064616326
263,plts_kup88,1,88,solar,0.5656663456628559,0.0,0.5656663456628559,0.8202565008042291
264,batt_kup88,1,88,battery,0.1969786470776705,0.0,0.1969786470776705,0.3708790012554379
265,pltd_kup89,1,89,diesel,0.09491914642320744,0.9427,-0.8477808535767926,0.20863008725195423
266,plts_kup89,1,89,solar,2.696136469002393,0.0,2.696136469002393,3.909628957521608
267,batt_kup89,1,89,battery,0.9388934077684822,0.0,0.9388934077684822,1.76773791145575
268,pltd_kup90,1,90,diesel,0.030431134210720995,0.3022,-0.27176886578927906,0.06688652096872748
269,plts_kup90,1,90,solar,0.864338635384079,0.0,0.864338635384079,1.2533789503816417
270,batt_kup90,1,90,battery,0.30100667377876716,0.0,0.30100667377876716,0.5667151347733377
271,pltd_kup91,1,91,diesel,0.02881729045296485,0.2862,-0.2573827095470352,0.06333922723828589
272,plts_kup91,1,91,solar,0.8185302130882713,0.0,0.8185302130882713,1.186943005305177
273,batt_kup91,1,91,battery,0.2850455301661296,0.0,0.2850455301661296,0.5366760347722873
274,pltd_kup92,1,92,diesel,0.02428603097763214,0.2412,-0.21691396902236787,0.05338132642668768
275,plts_kup92,1,92,solar,0.6899133759053766,0.0,0.6899133759053766,1.0004085435013477
276,batt_kup92,1,92,battery,0.24023019490844366,0.0,0.24023019490844366,0.45233436465049714
277,pltd_kup93,1,93,diesel,0.10856716889594707,1.0783,-0.969732831104053,0.23862818469230515
278,plts_kup93,1,93,solar,3.0838220698452976,0.0,3.0838220698452976,4.47179960696557
279,batt_kup93,1,93,battery,1.0738938743331148,0.0,1.0738938743331148,2.0219235101463515
280,pltd_kup94,1,94,diesel,0.015945552919627598,0.1583,-0.1423544470803724,0.03504673922848086
281,plts_kup94,1,94,solar,0.4528656863469501,0.0,0.4528656863469501,0.656712418076244
282,batt_kup94,1,94,battery,0.15772140759978856,0.0,0.15772140759978856,0.29693243444622897
283,pltd_kup95,1,95,diesel,0.005875291604836145,0.053,-0.047124708395163854,0.010924575250957726
284,plts_kup95,1,95,solar,0.16188352602438297,0.0,0.16188352602438297,0.220553029954488
285,batt_kup95,1,95,battery,0.052108484364819685,0.0,0.052108484364819685,0.09932708688331043
286,pltd_kup96,1,96,diesel,0.005291949486478035,0.0542,-0.04890805051352196,0.010453225424494405
287,plts_kup96,1,96,solar,0.15943198844814147,0.0,0.15943198844814147,0.2265678738056602
288,batt_kup96,1,96,battery,0.05310066630858784,0.0,0.05310066630858784,0.10252335736671205
289,pltd_kup97,1,97,diesel,0.011204063604190913,0.101,-0.0897959363958091,0.0208330993292122
290,plts_kup97,1,97,solar,0.3087079508476596,0.0,0.3087079508476596,0.42058863117715456
291,batt_kup97,1,97,battery,0.09936900014022272,0.0,0.09936900014022272,0.1894138288991167
292,pltd_kup98,1,98,diesel,0.005111535761822215,0.0524,-0.047288464238177785,0.010097279450728944
293,plts_kup98,1,98,solar,0.15399705655608648,0.0,0.15399705655608648,0.2188439598429113
294,batt_kup98,1,98,battery,0.05129023189188047,0.0,0.05129023189188047,0.09902826229334892
295,pltd_kup99,1,99,diesel,0.005442390591409749,0.0558,-0.050357609408590256,0.010751204970012503
296,plts_kup99,1,99,solar,0.16396096762146561,0.0,0.16396096762146561,0.2330036128773007
297,batt_kup99,1,99,battery,0.05460862788975495,0.0,0.05460862788975495,0.10543530877012791
298,pltd_kup100,1,100,diesel,0.023867254731481866,0.2249,-0.2010327452685181,0.047409406042984735
299,plts_kup100,1,100,solar,0.6580247793364354,0.0,0.6580247793364354,0.9352030878689124
300,batt_kup100,1,100,battery,0.21901776350292132,0.0,0.21901776350292132,0.4225517382634098
301,pltd_kup101,1,101,diesel,0.011621436858778526,0.1201,-0.10847856314122148,0.022256304522915323
302,plts_kup101,1,101,solar,0.34641457174164025,0.0,0.34641457174164025,0.5030744145517146
303,batt_kup101,1,101,battery,0.11774347389074623,0.0,0.11774347389074623,0.22780559306080328
304,pltd_kup102,1,102,diesel,0.015562737139789435,0.1466,-0.13103726286021058,0.03091350876937376
305,plts_kup102,1,102,solar,0.4290684760661698,0.0,0.4290684760661698,0.6098037376101719
306,batt_kup102,1,102,battery,0.14281162934266922,0.0,0.14281162934266922,0.2755269471736176
307,pltd_kup103,1,103,diesel,0.018930396459642503,0.1784,-0.1594696035403575,0.03760319134342591
308,plts_kup103,1,103,solar,0.5219127566955859,0.0,0.5219127566955859,0.7417565518666435
309,batt_kup103,1,103,battery,0.17371406571756232,0.0,0.17371406571756232,0.3351468828335172
310,pltd_kup104,1,104,diesel,0.022232391580605325,0.2095,-0.18726760841939466,0.044162079925698365
311,plts_kup104,1,104,solar,0.6129546848564468,0.0,0.6129546848564468,0.8711483228981338
312,batt_kup104,1,104,battery,0.20401661031328308,0.0,0.20401661031328308,0.39361002517136146
313,pltd_kup105,1,105,diesel,0.011621436858777996,0.1201,-0.108478563141222,0.02225630452291627
314,plts_kup105,1,105,solar,0.3464145717416418,0.0,0.3464145717416418,0.5030744145517109
315,batt_kup105,1,105,battery,0.11774347389074427,0.0,0.11774347389074427,0.22780559306078024
316,pltd_kup106,1,106,diesel,0.007598625326227577,0.0786,-0.07100137467377243,0.014551952174442512
317,plts_kup106,1,106,solar,0.22650210255566539,0.0,0.22650210255566539,0.32893366878263003
318,batt_kup106,1,106,battery,0.07698656472095466,0.0,0.07698656472095466,0.14894998424167838
319,pltd_kup107,1,107,diesel,0.007817780373938587,0.0801,-0.07228221962606142,0.015443077420723407
320,plts_kup107,1,107,solar,0.23552440126959673,0.0,0.23552440126959673,0.33470181600947574
321,batt_kup107,1,107,battery,0.07844347588693772,0.0,0.07844347588693772,0.15145447191067135
322,pltd_kup108,1,108,diesel,0.01147592530747383,0.114,-0.10252407469252617,0.02522441821798706
323,plts_kup108,1,108,solar,0.3260151226213137,0.0,0.3260151226213137,0.47273497349448007
324,batt_kup108,1,108,battery,0.11351677045234199,0.0,0.11351677045234199,0.21374696765394197
325,pltd_kup109,1,109,diesel,0.012929127378483687,0.1325,-0.11957087262151632,0.025540199233265032
326,plts_kup109,1,109,solar,0.3895223666078241,0.0,0.3895223666078241,0.553546299496364
327,batt_kup109,1,109,battery,0.12973267419159348,0.0,0.12973267419159348,0.25048299115200845
328,pltd_kup110,1,110,diesel,0.009743178583388879,0.0918,-0.08205682141661112,0.01935419597320297
329,plts_kup110,1,110,solar,0.2686179273232739,0.0,0.2686179273232739,0.3817673740208364
330,batt_kup110,1,110,battery,0.08940687829202489,0.0,0.08940687829202489,0.17249319970156946
331,pltd_kup111,1,111,diesel,0.015545179931100161,0.1593,-0.14375482006889984,0.030708234791242822
332,plts_kup111,1,111,solar,0.46833133659450915,0.0,0.46833133659450915,0.6655416848005409
333,batt_kup111,1,111,battery,0.15598123455647545,0.0,0.15598123455647545,0.3011613646594135
334,pltd_kup112,1,112,diesel,0.019573240651662355,0.1765,-0.15692675934833764,0.036395254692033745
335,plts_kup112,1,112,solar,0.5392964209505932,0.0,0.5392964209505932,0.7347468898668452
336,batt_kup112,1,112,battery,0.173592524610154,0.0,0.173592524610154,0.3308958070047054
337,pltd_kup113,1,113,diesel,0.02811298925685245,0.2535,-0.22538701074314754,0.05227438253493477
338,plts_kup113,1,113,solar,0.7745921594158289,0.0,0.7745921594158289,1.0553174374996965
339,batt_kup113,1,113,battery,0.2493307668531814,0.0,0.2493307668531814,0.4752661811692003
340,pltd_kup114,1,114,diesel,0.01238797439764905,0.1269,-0.11451202560235096,0.024471306076100655
341,plts_kup114,1,114,solar,0.37321616844872046,0.0,0.37321616844872046,0.5303740836649956
342,batt_kup114,1,114,battery,0.1243021511276446,0.0,0.1243021511276446,0.23999732472690116
343,pltd_kup115,1,115,diesel,0.012478062845887358,0.1279,-0.11542193715411266,0.02464913636789288
344,plts_kup115,1,115,solar,0.3759336791920386,0.0,0.3759336791920386,0.5342363202377454
345,batt_kup115,1,115,battery,0.12520789132794674,0.0,0.12520789132794674,0.24174524950000936
346,pltd_kup116,1,116,diesel,0.014517619890919469,0.1309,-0.11638238010908052,0.02699498238264409
347,plts_kup116,1,116,solar,0.4000012130325019,0.0,0.4000012130325019,0.5449686967201656
348,batt_kup116,1,116,battery,0.12875532227305314,0.0,0.12875532227305314,0.24542869094998823
349,pltd_kup117,1,117,diesel,0.021315222466269764,0.1922,-0.17088477753373024,0.03963450862293773
350,plts_kup117,1,117,solar,0.5872968086550694,0.0,0.5872968086550694,0.8001436290210996
351,batt_kup117,1,117,battery,0.18904360723619304,0.0,0.18904360723619304,0.3603474375078044
352,pltd_kup118,1,118,diesel,0.013350209405661027,0.1368,-0.12344979059433897,0.026372279217944744
353,plts_kup118,1,118,solar,0.4022042373229432,0.0,0.4022042373229432,0.5715679596420465
354,batt_kup118,1,118,battery,0.13395604078772594,0.0,0.13395604078772594,0.258637730066985
355,pltd_kup119,1,119,diesel,0.011245429119444969,0.1152,-0.10395457088055503,0.022214798175275125
356,plts_kup119,1,119,solar,0.3387930780878908,0.0,0.3387930780878908,0.48145561722098656
357,batt_kup119,1,119,battery,0.11283778106693537,0.0,0.11283778106693537,0.21786136810923384
358,pltd_kup120,1,120,diesel,0.015371608919115931,0.1386,-0.12322839108088407,0.02858257869080757
359,plts_kup120,1,120,solar,0.4235317907117482,0.0,0.4235317907117482,0.577026540298474
360,batt_kup120,1,120,battery,0.13632896037318684,0.0,0.13632896037318684,0.25986614385954504
361,pltd_kup121,1,121,diesel,0.021212996057863566,0.1913,-0.17008700394213644,0.03944494990873565
362,plts_kup121,1,121,solar,0.5844723897758717,0.0,0.5844723897758717,0.7962954837754939
363,batt_kup121,1,121,battery,0.18813374695488577,0.0,0.18813374695488577,0.3586142932136491
364,pltd_kup122,1,122,diesel,0.015884010196827735,0.1433,-0.12741598980317229,0.02953570338086747
365,plts_kup122,1,122,solar,0.43764854355557586,0.0,0.43764854355557586,0.5962605798069648
366,batt_kup122,1,122,battery,0.1408735273629568,0.0,0.1408735273629568,0.268528166598163
367,pltd_kup123,1,123,diesel,0.014859287104333315,0.134,-0.11914071289566669,0.027630341525403414
368,plts_kup123,1,123,solar,0.40941299011855464,0.0,0.40941299011855464,0.557791339720496
369,batt_kup123,1,123,battery,0.13178434511139164,0.0,0.13178434511139164,0.25120311660045186
370,pltd_kup124,1,124,diesel,0.015542398032186322,0.1402,-0.12465760196781367,0.02889976125025705
371,plts_kup124,1,124,solar,0.4282375010487416,0.0,0.4282375010487416,0.583438202198835
372,batt_kup124,1,124,battery,0.13784388056615302,0.0,0.13784388056615302,0.26275375075266605
373,pltd_kup125,1,125,diesel,0.021656816115827728,0.1953,-0.17364318388417227,0.04026978862423111
374,plts_kup125,1,125,solar,0.5967086301767687,0.0,0.5967086301767687,0.8129661989791013
375,batt_kup125,1,125,battery,0.19207265282190786,0.0,0.19207265282190786,0.36612228162594307
376,pltd_kup126,1,126,diesel,0.016601388498445925,0.1497,-0.13309861150155408,0.030869914073549616
377,plts_kup126,1,126,solar,0.4574131329639341,0.0,0.4574131329639341,0.623187898959415
378,batt_kup126,1,126,battery,0.14723530238990354,0.0,0.14723530238990354,0.28065475717054317
379,pltd_kup127,1,127,diesel,0.028659562911868608,0.2585,-0.2298404370881314,0.053290961533154574
380,plts_kup127,1,127,solar,0.789650392779389,0.0,0.789650392779389,1.0758335821603473
381,batt_kup127,1,127,battery,0.25417829114038376,0.0,0.25417829114038376,0.4845056271644375
382,pltd_kup128,1,128,diesel,0.02179922927794819,0.2234,-0.2016007707220518,0.043062426117001444
383,plts_kup128,1,128,solar,0.6567518089938451,0.0,0.6567518089938451,0.9333038088559177
384,batt_kup128,1,128,battery,0.2187355035498015,0.0,0.2187355035498015,0.4223253899693634
385,pltd_kup129,1,129,diesel,0.018972906397269333,0.1944,-0.17542709360273065,0.037479456240576914
386,plts_kup129,1,129,solar,0.5716003050613248,0.0,0.5716003050613248,0.8122960684132104
387,batt_kup129,1,129,battery,0.19037568942415267,0.0,0.19037568942415267,0.36756846733838033
388,pltd_kup130,1,130,diesel,0.017284571390119345,0.1559,-0.13861542860988066,0.03213985069965797
389,plts_kup130,1,130,solar,0.47623731016265064,0.0,0.47623731016265064,0.6488340924053853
390,batt_kup130,1,130,battery,0.15329466700292607,0.0,0.15329466700292607,0.2922048044297021
391,pltd_kup131,1,131,diesel,0.020017267247700688,0.1805,-0.1604827327522993,0.037220669163023246
392,plts_kup131,1,131,solar,0.5515316819126176,0.0,0.5515316819126176,0.7514169020180586
393,batt_kup131,1,131,battery,0.17753092908843604,0.0,0.17753092908843604,0.33840359678356446
394,pltd_kup132,1,132,diesel,0.016328077451642855,0.1473,-0.13097192254835713,0.030361468168644816
395,plts_kup132,1,132,solar,0.4498836267745973,0.0,0.4498836267745973,0.6129294626305768
396,batt_kup132,1,132,battery,0.14481184085193255,0.0,0.14481184085193255,0.27603493206872876
397,pltd_kup133,1,133,diesel,0.011562627622524201,0.1226,-0.1110373723774758,0.021666942769566686
398,plts_kup133,1,133,solar,0.35016370649810885,0.0,0.35016370649810885,0.5146464170961319
399,batt_kup133,1,133,battery,0.1214354606621726,0.0,0.1214354606621726,0.23361559476612592
400,pltd_kup134,1,134,diesel,0.0187021396798278,0.1916,-0.17289786032017218,0.03694460474776722
401,plts_kup134,1,134,solar,0.5634476603714536,0.0,0.5634476603714536,0.8007101541901684
402,batt_kup134,1,134,battery,0.18766041110396925,0.0,0.18766041110396925,0.36232585297706454
403,pltd_kup135,1,135,diesel,0.02775273938080302,0.2844,-0.25664726061919696,0.05482283305680712
404,plts_kup135,1,135,solar,0.8361119221890989,0.0,0.8361119221890989,1.1881922758190093
405,batt_kup135,1,135,battery,0.2784746171603461,0.0,0.2784746171603461,0.5376642320228865
406,pltd_kup136,1,136,diesel,0.013530624321718228,0.1386,-0.12506937567828177,0.026728474304945984
407,plts_kup136,1,136,solar,0.4076385968822174,0.0,0.4076385968822174,0.5792920581670248
408,batt_kup136,1,136,battery,0.13576768145948725,0.0,0.13576768145948725,0.2621332035707658
409,pltd_kup137,1,137,diesel,0.006176048031236889,0.0613,-0.05512395196876311,0.013572054010588534
410,plts_kup137,1,137,solar,0.17530839564151088,0.0,0.17530839564151088,0.25424921848892645
411,batt_kup137,1,137,battery,0.06108332839775955,0.0,0.06108332839775955,0.11495880844267348
412,pltd_kup138,1,138,diesel,0.006137978929153613,0.0591,-0.05296202107084639,0.012960234635508888
413,plts_kup138,1,138,solar,0.17265550474224728,0.0,0.17265550474224728,0.24551068683432783
414,batt_kup138,1,138,battery,0.0580861346076816,0.0,0.0580861346076816,0.11130371928520962
415,pltd_kup139,1,139,diesel,0.021386484794996566,0.2061,-0.18471351520500345,0.04515643257075845
416,plts_kup139,1,139,solar,0.6015982210331463,0.0,0.6015982210331463,0.8554530651826353
417,batt_kup139,1,139,battery,0.20239421548041542,0.0,0.20239421548041542,0.3878253650109882
418,pltd_kup140,1,140,diesel,0.004123774197615442,0.0397,-0.03557622580238456,0.00870694191951387
419,plts_kup140,1,140,solar,0.11600425439383792,0.0,0.11600425439383792,0.16495361091090197
420,batt_kup140,1,140,battery,0.03902678395961424,0.0,0.03902678395961424,0.07478289961437501
421,pltd_kup141,1,141,diesel,0.00920683499919688,0.0887,-0.07949316500080313,0.01943937417480537
422,plts_kup141,1,141,solar,0.25898416303154,0.0,0.25898416303154,0.36826714055538434
423,batt_kup141,1,141,battery,0.08712965055152834,0.0,0.08712965055152834,0.16695668631382005
424,pltd_kup142,1,142,diesel,0.011221864986306932,0.1217,-0.11047813501369307,0.025720112213693344
425,plts_kup142,1,142,solar,0.34821223371330323,0.0,0.34821223371330323,0.5063549424363342
426,batt_kup142,1,142,battery,0.12269066525955272,0.0,0.12269066525955272,0.23077579691411085
427,pltd_kup143,1,143,diesel,0.013355472528247102,0.1577,-0.14434452747175291,0.032295804775021336
428,plts_kup143,1,143,solar,0.44695899342431455,0.0,0.44695899342431455,0.6575760789308042
429,batt_kup143,1,143,battery,0.15746639423663017,0.0,0.15746639423663017,0.30020585352782914
430,pltd_kup144,1,144,diesel,0.010016655735442501,0.1183,-0.1082833442645575,0.024221968512895282
431,plts_kup144,1,144,solar,0.33521875000444806,0.0,0.33521875000444806,0.49318158696459585
432,batt_kup144,1,144,battery,0.1180997902700426,0.0,0.1180997902700426,0.22515418115506816
433,pltd_kup145,1,145,diesel,0.010199126085809,0.1205,-0.110300873914191,0.024663304350222407
434,plts_kup145,1,145,solar,0.3413297557298946,0.0,0.3413297557298946,0.5021721468529602
435,batt_kup145,1,145,battery,0.12025261193154312,0.0,0.12025261193154312,0.22925861556409743
436,pltd_kup146,1,146,diesel,0.008973151431218499,0.106,-0.09702684856878149,0.021698432640623294
437,plts_kup146,1,146,solar,0.30030075466580086,0.0,0.30030075466580086,0.4418090894930575
438,batt_kup146,1,146,battery,0.10579771762546633,0.0,0.10579771762546633,0.20170116125796958
439,pltd_kup147,1,147,diesel,0.004861607077184945,0.0462,-0.041338392922815055,0.01013517642817682
440,plts_kup147,1,147,solar,0.13311204340207866,0.0,0.13311204340207866,0.19179268358848467
441,batt_kup147,1,147,battery,0.04574526318343818,0.0,0.04574526318343818,0.0869425828062043
442,pltd_kup148,1,148,diesel,0.004571518917053821,0.0441,-0.03952848108294618,0.009652697434598574
443,plts_kup148,1,148,solar,0.12859222558179773,0.0,0.12859222558179773,0.18285447263145607
444,batt_kup148,1,148,battery,0.04326215865225015,0.0,0.04326215865225015,0.08289813699885387
445,pltd_kup149,1,149,diesel,0.00917188299805798,0.0872,-0.07802811700194202,0.01912081237107262
446,plts_kup149,1,149,solar,0.25113856507072146,0.0,0.25113856507072146,0.3618498445709754
447,batt_kup149,1,149,battery,0.08630635465353427,0.0,0.08630635465353427,0.16403269577363505
448,pltd_kup150,1,150,diesel,0.017630996171522032,0.1676,-0.14996900382847797,0.03675566967665069
449,plts_kup150,1,150,solar,0.4827536064736689,0.0,0.4827536064736689,0.6955698286545865
450,batt_kup150,1,150,battery,0.16590305610904754,0.0,0.16590305610904754,0.31531304103985786
451,pltd_kup151,1,151,diesel,0.010389543718310022,0.1001,-0.08971045628168997,0.021937195940838695
452,plts_kup151,1,151,solar,0.29225558137394336,0.0,0.29225558137394336,0.41557805753829236
453,batt_kup151,1,151,battery,0.09832280144352641,0.0,0.09832280144352641,0.18840480533146253
454,pltd_kup152,1,152,diesel,0.015077049358621801,0.1497,-0.1346229506413782,0.03313794846011698
455,plts_kup152,1,152,solar,0.42819520152585566,0.0,0.42819520152585566,0.6209384557142942
456,batt_kup152,1,152,battery,0.14913042551249597,0.0,0.14913042551249597,0.2807572021057491
457,pltd_kup153,1,153,diesel,0.006297854156849583,0.0625,-0.05620214584315042,0.013842057262776339
458,plts_kup153,1,153,solar,0.17885241167644975,0.0,0.17885241167644975,0.259362501400276
459,batt_kup153,1,153,battery,0.06229342308941616,0.0,0.06229342308941616,0.11727075838288832
460,pltd_kup154,1,154,diesel,0.010727637240143435,0.102,-0.09127236275985656,0.02236439038045583
461,plts_kup154,1,154,solar,0.29373391428653367,0.0,0.29373391428653367,0.4232229459894881
462,batt_kup154,1,154,battery,0.1009447834194549,0.0,0.1009447834194549,0.19185377727621764
463,pltd_kup155,1,155,diesel,0.011506076802847666,0.1248,-0.11329392319715233,0.02637190606778997
464,plts_kup155,1,155,solar,0.3570276384557419,0.0,0.3570276384557419,0.519173064600847
465,batt_kup155,1,155,battery,0.12579603837980383,0.0,0.12579603837980383,0.23661738145937075
466,pltd_kup156,1,156,diesel,0.007358083932720077,0.0798,-0.07244191606727991,0.016864927980191236
467,plts_kup156,1,156,solar,0.22832141807350043,0.0,0.22832141807350043,0.332014430251954
468,batt_kup156,1,156,battery,0.08044751641101158,0.0,0.08044751641101158,0.15131826709573315
469,pltd_kup157,1,157,diesel,0.01675590576386298,0.1593,-0.142544094236137,0.034931436504772345
470,plts_kup157,1,157,solar,0.4587933337191584,0.0,0.4587933337191584,0.6610465824502357
471,batt_kup157,1,157,battery,0.15766855561103033,0.0,0.15766855561103033,0.29966307885858084
472,pltd_kup158,1,158,diesel,0.00767077715234423,0.0832,-0.07552922284765577,0.017581117716925145
473,plts_kup158,1,158,solar,0.23801861050478437,0.0,0.23801861050478437,0.3461156419538626
474,batt_kup158,1,158,battery,0.08386445400318934,0.0,0.08386445400318934,0.15774512219773257
475,pltd_kup159,1,159,diesel,0.008464667693305119,0.0721,-0.06363533230669488,0.01754302822461804
476,plts_kup159,1,159,solar,0.20700163006757757,0.0,0.20700163006757757,0.2971822672423759
477,batt_kup159,1,159,battery,0.07169916516048759,0.0,0.07169916516048759,0.13407633030915536
478,pltd_kup160,1,160,diesel,0.015112118824590924,0.1756,-0.16048788117540908,0.03347703420044845
479,plts_kup160,1,160,solar,0.49548138759625504,0.0,0.49548138759625504,0.7348096805268369
480,batt_kup160,1,160,battery,0.17601213409583752,0.0,0.17601213409583752,0.3356734631663821
481,pltd_kup161,1,161,diesel,0.01522772356614714,0.1651,-0.14987227643385287,0.03490183047656465
482,plts_kup161,1,161,solar,0.4725110933534663,0.0,0.4725110933534663,0.6871037112693014
483,batt_kup161,1,161,battery,0.1664861763893391,0.0,0.1664861763893391,0.3131531969396143
484,pltd_kup162,1,162,diesel,0.010739107585762317,0.1165,-0.1057608924142377,0.024613959511078816
485,plts_kup162,1,162,solar,0.3332250392228077,0.0,0.3332250392228077,0.48456102653727123
486,batt_kup162,1,162,battery,0.11740971327928376,0.0,0.11740971327928376,0.2208426517678841
487,pltd_kup163,1,163,diesel,0.00837324000424961,0.0989,-0.0905267599957504,0.020248407920269013
488,plts_kup163,1,163,solar,0.28022210016943677,0.0,0.28022210016943677,0.41226926952262705
489,batt_kup163,1,163,battery,0.09872363441221453,0.0,0.09872363441221453,0.18821450771451328
490,pltd_kup164,1,164,diesel,0.008125306154672877,0.0881,-0.07997469384532713,0.01862259984089007
491,plts_kup164,1,164,solar,0.252122886383201,0.0,0.252122886383201,0.366626026948601
492,batt_kup164,1,164,battery,0.08883425979993911,0.0,0.08883425979993911,0.16709332499898993
493,pltd_kup165,1,165,diesel,0.008451634974226331,0.0998,-0.09134836502577368,0.02043743926638489
494,plts_kup165,1,165,solar,0.28284079864058315,0.0,0.28284079864058315,0.41612201240058494
495,batt_kup165,1,165,battery,0.09964668686322671,0.0,0.09964668686322671,0.1899736006393591
496,pltd_kup166,1,166,diesel,0.00894900683254318,0.097,-0.08805099316745682,0.02051108082184084
497,plts_kup166,1,166,solar,0.2776884429570991,0.0,0.2776884429570991,0.4038011433688115
498,batt_kup166,1,166,battery,0.0978413959451155,0.0,0.0978413959451155,0.18403588917441063
499,pltd_kup167,1,167,diesel,0.005369525235312556,0.0582,-0.05283047476468745,0.012306886524272911
500,plts_kup167,1,167,solar,0.1666129677281102,0.0,0.1666129677281102,0.2422803735374
501,batt_kup167,1,167,battery,0.05870458712359285,0.0,0.05870458712359285,0.11042117352483576
502,pltd_kup168,1,168,diesel,0.009051385575854096,0.1069,-0.0978486144241459,0.021888087968998368
503,plts_kup168,1,168,solar,0.30291917932097556,0.0,0.30291917932097556,0.44566191743895767
504,batt_kup168,1,168,battery,0.10672062880802845,0.0,0.10672062880802845,0.20345988732794829
505,pltd_kup169,1,169,diesel,0.03678203874592032,0.3466,-0.3098179612540797,0.07306427766163943
506,plts_kup169,1,169,solar,1.0140769705565078,0.0,1.0140769705565078,1.4412349358157148
507,batt_kup169,1,169,battery,0.3375268661612408,0.0,0.3375268661612408,0.651190915413232
508,pltd_kup170,1,170,diesel,0.027136752391825916,0.2557,-0.22856324760817406,0.053904327816157685
509,plts_kup170,1,170,solar,0.7481647252858991,0.0,0.7481647252858991,1.063312569937419
510,batt_kup170,1,170,battery,0.24901994369633787,0.0,0.24901994369633787,0.4804351288532611
511,pltd_kup171,1,171,diesel,0.023932622730142496,0.2255,-0.20156737726985752,0.04753985571028566
512,plts_kup171,1,171,solar,0.6598272200060779,0.0,0.6598272200060779,0.9377648533840472
513,batt_kup171,1,171,battery,0.2196177010817989,0.0,0.2196177010817989,0.4237091058572587
514,pltd_kup172,1,172,diesel,0.010200902015955405,0.0961,-0.0858990979840446,0.020262893070011452
515,plts_kup172,1,172,solar,0.2812373088938827,0.0,0.2812373088938827,0.399702628516909
516,batt_kup172,1,172,battery,0.09360763402625706,0.0,0.09360763402625706,0.18059726806233964
517,pltd_kup173,1,173,diesel,0.01938795948353576,0.1827,-0.16331204051646425,0.038511813233209485
518,plts_kup173,1,173,solar,0.5345316963456546,0.0,0.5345316963456546,0.7596924083129386
519,batt_kup173,1,173,battery,0.17791459197980208,0.0,0.17791459197980208,0.3432510882284183
520,pltd_kup174,1,174,diesel,0.01823949303801438,0.1811,-0.16286050696198562,0.04008997831857316
521,plts_kup174,1,174,solar,0.5180801803874863,0.0,0.5180801803874863,0.7512618049219749
522,batt_kup174,1,174,battery,0.1804155319181611,0.0,0.1804155319181611,0.33968293057306614
523,pltd_kup175,1,175,diesel,0.015987877132931073,0.1506,-0.13461212286706895,0.03175820580047098
524,plts_kup175,1,175,solar,0.4407859195256746,0.0,0.4407859195256746,0.6264574571338538
525,batt_kup175,1,175,battery,0.14671204357424275,0.0,0.14671204357424275,0.28305146413953775
526,pltd_kup176,1,176,diesel,0.010298780581581762,0.097,-0.08670121941841824,0.020457404905267974
527,plts_kup176,1,176,solar,0.283941643573799,0.0,0.283941643573799,0.40354594885203016
528,batt_kup176,1,176,battery,0.09450789020800841,0.0,0.09450789020800841,0.1823338843905296
529,pltd_kup177,1,177,diesel,0.03383924755777005,0.3189,-0.28506075244222995,0.06721817385694724
530,plts_kup177,1,177,solar,0.9329522097664223,0.0,0.9329522097664223,1.3259376594489412
531,batt_kup177,1,177,battery,0.31052492220098477,0.0,0.31052492220098477,0.599096589045195
532,pltd_kup178,1,178,diesel,0.012881798234467487,0.1214,-0.10851820176553251,0.02558845928116872
533,plts_kup178,1,178,solar,0.355153234947294,0.0,0.355153234947294,0.5047532870185973
534,batt_kup178,1,178,battery,0.11820930951416257,0.0,0.11820930951416257,0.2280619671245815
535,pltd_kup179,1,179,diesel,0.012825054415118565,0.1041,-0.09127494558488143,0.027254464536103723
536,plts_kup179,1,179,solar,0.3102149638915126,0.0,0.3102149638915126,0.4268857919122965
537,batt_kup179,1,179,battery,0.09934529707987755,0.0,0.09934529707987755,0.19111569528124653
538,pltd_kup180,1,180,diesel,0.013809981855971471,0.1331,-0.11929001814402852,0.029158615455971346
539,plts_kup180,1,180,solar,0.3884763465518194,0.0,0.3884763465518194,0.5524009438114272
540,batt_kup180,1,180,battery,0.13069452632859307,0.0,0.13069452632859307,0.25043498805417375
541,pltd_kup181,1,181,diesel,0.013011035511048017,0.1254,-0.112388964488952,0.027472752915457765
542,plts_kup181,1,181,solar,0.3659932558940634,0.0,0.3659932558940634,0.5204310647098768
543,batt_kup181,1,181,battery,0.12313045067306722,0.0,0.12313045067306722,0.23594051676611685
544,pltd_kup182,1,182,diesel,0.02724406791849677,0.2212,-0.19395593208150325,0.057896309022881634
545,plts_kup182,1,182,solar,0.6589776979105452,0.0,0.6589776979105452,0.9068162714268964
546,batt_kup182,1,182,battery,0.21103416425496907,0.0,0.21103416425496907,0.40597864167937325
547,pltd_kup183,1,183,diesel,0.016527397271690718,0.1593,-0.14277260272830927,0.03489699881934819
548,plts_kup183,1,183,solar,0.4649114258010257,0.0,0.4649114258010257,0.6610893797048104
549,batt_kup183,1,183,battery,0.15640910424482193,0.0,0.15640910424482193,0.29970914356805434
550,pltd_kup184,1,184,diesel,0.009547023472598764,0.09,-0.08045297652740123,0.018964170952854714
551,plts_kup184,1,184,solar,0.2632100310939997,0.0,0.2632100310939997,0.3740813234365945
552,batt_kup184,1,184,battery,0.08760676738520844,0.0,0.08760676738520844,0.16902046635047663
553,pltd_kup185,1,185,diesel,0.02066314716070858,0.1947,-0.17403685283929143,0.04104543738761871
554,plts_kup185,1,185,solar,0.5696864127255532,0.0,0.5696864127255532,0.8096541466410576
555,batt_kup185,1,185,battery,0.18961507363264626,0.0,0.18961507363264626,0.36582475797589387
556,pltd_kup186,1,186,diesel,0.013735694158955935,0.1115,-0.09776430584104406,0.029189729210318264
557,plts_kup186,1,186,solar,0.33224245032464594,0.0,0.33224245032464594,0.45719749110168756
558,batt_kup186,1,186,battery,0.10639885922714301,0.0,0.10639885922714301,0.2046858925152911
559,pltd_kup187,1,187,diesel,0.008461558501768874,0.0687,-0.06023844149823113,0.017981534165511865
560,plts_kup187,1,187,solar,0.20466864169181315,0.0,0.20466864169181315,0.28164398023259196
561,batt_kup187,1,187,battery,0.06554432501033813,0.0,0.06554432501033813,0.12609118307188494
562,pltd_kup188,1,188,diesel,0.10794366488185313,1.0721,-0.9641563351181469,0.237260238077877
563,plts_kup188,1,188,solar,3.066228148978632,0.0,3.066228148978632,4.44625069662109
564,batt_kup188,1,188,battery,1.0677334131976257,0.0,1.0677334131976257,2.010371217327225
565,pltd_kup189,1,189,diesel,0.09950697651123287,0.9883,-0.8887930234887671,0.2187160053925334
566,plts_kup189,1,189,solar,2.8265654570127294,0.0,2.8265654570127294,4.0987268819199025
567,batt_kup189,1,189,battery,0.9842815354809925,0.0,0.9842815354809925,1.8532384286685308
568,pltd_kup190,1,190,diesel,0.31700948387484484,3.1485,-2.831490516125155,0.6967853836591249
569,plts_kup190,1,190,solar,9.004818708108948,0.0,9.004818708108948,13.057663553221806
570,batt_kup190,1,190,battery,3.135720019393273,0.0,3.135720019393273,5.904019870946585
571,pltd_kup191,1,191,diesel,0.059274167569197775,0.5887,-0.5294258324308022,0.13028643096190953
572,plts_kup191,1,191,solar,1.6837978630197876,0.0,1.6837978630197876,2.441607538596015
573,batt_kup191,1,191,battery,0.5863198741286297,0.0,0.5863198741286297,1.1039722328585129
574,pltd_kup192,1,192,diesel,0.018274091519052883,0.1815,-0.16322590848094712,0.040163070548729585
575,plts_kup192,1,192,solar,0.5189289093673464,0.0,0.5189289093673464,0.7525341604416487
576,batt_kup192,1,192,battery,0.18074977233322623,0.0,0.18074977233322623,0.34025848119453983
577,pltd_kup193,1,193,diesel,0.014109731306788092,0.1402,-0.1260902686932119,0.03101602656457748
578,plts_kup193,1,193,solar,0.40093265256716537,0.0,0.40093265256716537,0.5813398778663599
579,batt_kup193,1,193,battery,0.13957623386737306,0.0,0.13957623386737306,0.26285261303751406
580,pltd_kup194,1,194,diesel,0.010547030133467784,0.1047,-0.09415296986653221,0.023181948245598497
581,plts_kup194,1,194,solar,0.2995668948611354,0.0,0.2995668948611354,0.4344019671367689
582,batt_kup194,1,194,battery,0.10432408962639905,0.0,0.10432408962639905,0.19641458528547176
583,pltd_kup195,1,195,diesel,0.031673022472547885,0.3145,-0.2828269775274521,0.06961462778761343
584,plts_kup195,1,195,solar,0.8995723542854449,0.0,0.8995723542854449,1.3044838551576476
585,batt_kup195,1,195,battery,0.31328869056109737,0.0,0.31328869056109737,0.5898223870514444
586,pltd_kup196,1,196,diesel,0.006199310705397933,0.0616,-0.05540068929460207,0.013629298258228506
587,plts_kup196,1,196,solar,0.17626034680497607,0.0,0.17626034680497607,0.25553893929724303
588,batt_kup196,1,196,battery,0.06133100179160477,0.0,0.06133100179160477,0.1155417144019876
589,pltd_kup197,1,197,diesel,0.01020710670999238,0.0829,-0.07269289329000762,0.021691040130017457
590,plts_kup197,1,197,solar,0.24688747541861003,0.0,0.24688747541861003,0.33974071331747097
591,batt_kup197,1,197,battery,0.07906406448683789,0.0,0.07906406448683789,0.15210066134914615
592,pltd_kup198,1,198,diesel,0.020534614846565546,0.2039,-0.18336538515343445,0.045134827124608985
593,plts_kup198,1,198,solar,0.5832832051288122,0.0,0.5832832051288122,0.845808876173635
594,batt_kup198,1,198,battery,0.2031192616313063,0.0,0.2031192616313063,0.3824323025576766
595,pltd_kup199,1,199,diesel,0.03477390791648432,0.3453,-0.31052609208351567,0.0764313098163369
596,plts_kup199,1,199,solar,0.9876910594448316,0.0,0.9876910594448316,1.4322505846904814
597,batt_kup199,1,199,battery,0.34396309906027556,0.0,0.34396309906027556,0.6475918613203232
598,pltd_kup200,1,200,diesel,0.04237533389536877,0.4208,-0.3784246661046312,0.09313768548203236
599,plts_kup200,1,200,solar,1.2035434649043586,0.0,1.2035434649043586,1.7452746216973074
600,batt_kup200,1,200,battery,0.41914884203134806,0.0,0.41914884203134806,0.7891256676226093
601,pltd_kup201,1,201,diesel,0.019449365287489476,0.1932,-0.17375063471251054,0.04274873627436036
602,plts_kup201,1,201,solar,0.5524422317770201,0.0,0.5524422317770201,0.8010910458063911
603,batt_kup201,1,201,battery,0.19238270049428766,0.0,0.19238270049428766,0.3622130066300356
604,pltd_kup202,1,202,diesel,0.007102412673261947,0.0705,-0.06339758732673804,0.0156115135856523
605,plts_kup202,1,202,solar,0.20177956126434823,0.0,0.20177956126434823,0.29258550496875957
606,batt_kup202,1,202,battery,0.0702562237461679,0.0,0.0702562237461679,0.1322924256943894
607,pltd_kup203,1,203,diesel,0.04470126161036788,0.4439,-0.39919873838963216,0.09825033617026692
608,plts_kup203,1,203,solar,1.2696296264424045,0.0,1.2696296264424045,1.841099238121701
609,batt_kup203,1,203,battery,0.44215702691814285,0.0,0.44215702691814285,0.8324528008981422
610,pltd_kup204,1,204,diesel,0.03579765607218548,0.3555,-0.3197023439278145,0.07868149578771338
611,plts_kup204,1,204,solar,1.01676575911926,0.0,1.01676575911926,1.4744135005729733
612,batt_kup204,1,204,battery,0.35408947707796407,0.0,0.35408947707796407,0.666655698703916
613,pltd_kup205,1,205,diesel,0.042526764164088945,0.4224,-0.37987323583591104,0.09347329059276792
614,plts_kup205,1,205,solar,1.2079820876827485,0.0,1.2079820876827485,1.7516684282402994
615,batt_kup205,1,205,battery,0.4206553921388662,0.0,0.4206553921388662,0.7920163999905313
616,pltd_kup206,1,206,diesel,0.03024646276205562,0.3004,-0.2701535372379444,0.06647868222372032
617,plts_kup206,1,206,solar,0.859039814384483,0.0,0.859039814384483,1.2457113089795677
618,batt_kup206,1,206,battery,0.2991766095858816,0.0,0.2991766095858816,0.5632481967688604
619,pltd_kup207,1,207,diesel,0.037001218478495086,0.3675,-0.3304987815215049,0.08133157269546587
620,plts_kup207,1,207,solar,1.05118515701135,0.0,1.05118515701135,1.5242517738660126
621,batt_kup207,1,207,battery,0.36600919523417785,0.0,0.36600919523417785,0.6891899736189506
622,pltd_kup208,1,208,diesel,0.05143022250371151,0.5108,-0.45936977749628854,0.11304247283350714
623,plts_kup208,1,208,solar,1.4608459549939372,0.0,1.4608459549939372,2.118354335251128
624,batt_kup208,1,208,battery,0.5087219419889284,0.0,0.5087219419889284,0.9578135542322632
625,pltd_kup209,1,209,diesel,0.01463955904752849,0.1454,-0.13076044095247152,0.03217896881874703
626,plts_kup209,1,209,solar,0.4158886322922181,0.0,0.4158886322922181,0.6030555270845416
627,batt_kup209,1,209,battery,0.14481042167105895,0.0,0.14481042167105895,0.2726711814437717
628,pltd_kup210,1,210,diesel,0.031673022472548544,0.3145,-0.28282697752745145,0.06961462778761604
629,plts_kup210,1,210,solar,0.899572354285439,0.0,0.899572354285439,1.304483855157647
630,batt_kup210,1,210,battery,0.3132886905611019,0.0,0.3132886905611019,0.5898223870514447
631,pltd_kup211,1,211,diesel,0.010713433149788934,0.1097,-0.09898656685021107,0.019024982102768814
632,plts_kup211,1,211,solar,0.3258940450637295,0.0,0.3258940450637295,0.46072188532925523
633,batt_kup211,1,211,battery,0.10789224558440291,0.0,0.10789224558440291,0.20912257830957448
634,pltd_kup212,1,212,diesel,0.021668423745659998,0.2218,-0.20013157625434,0.038482354892765164
635,plts_kup212,1,212,solar,0.6591060572130287,0.0,0.6591060572130287,0.9317897421312076
636,batt_kup212,1,212,battery,0.2182063598491337,0.0,0.2182063598491337,0.42293930302513577
637,pltd_kup213,1,213,diesel,0.014039416400090416,0.1266,-0.11256058359990957,0.02610562205156584
638,plts_kup213,1,213,solar,0.3868247608457816,0.0,0.3868247608457816,0.5270168877396694
639,batt_kup213,1,213,battery,0.12451410859210967,0.0,0.12451410859210967,0.23734397672267354
640,pltd_kup214,1,214,diesel,0.009419213100752864,0.0964,-0.08698078689924714,0.016725594133940685
641,plts_kup214,1,214,solar,0.2865308634676517,0.0,0.2865308634676517,0.4050737354777601
642,batt_kup214,1,214,battery,0.09486011331387491,0.0,0.09486011331387491,0.18386439012539219
643,pltd_kup215,1,215,diesel,0.011556284580490803,0.1183,-0.1067437154195092,0.02052275660894294
644,plts_kup215,1,215,solar,0.3515243939777236,0.0,0.3515243939777236,0.49695604610086686
645,batt_kup215,1,215,battery,0.11637711334353813,0.0,0.11637711334353813,0.22556882477156728
646,pltd_kup216,1,216,diesel,0.010352752821490702,0.106,-0.0956472471785093,0.01838699687185202
647,plts_kup216,1,216,solar,0.3149054481768426,0.0,0.3149054481768426,0.4451875419934894
648,batt_kup216,1,216,battery,0.10425405590084001,0.0,0.10425405590084001,0.2020704513905635
649,pltd_kup217,1,217,diesel,0.01572749977161347,0.1562,-0.14047250022838653,0.0345682172998262
650,plts_kup217,1,217,solar,0.4467066671053934,0.0,0.4467066671053934,0.6477709525678862
651,batt_kup217,1,217,battery,0.15556688983028705,0.0,0.15556688983028705,0.29288959706544276
652,pltd_kup218,1,218,diesel,0.006290237556476927,0.0644,-0.058109762443523075,0.011173326319256022
653,plts_kup218,1,218,solar,0.19132160382474797,0.0,0.19132160382474797,0.27047472114737275
654,batt_kup218,1,218,battery,0.06333956368657016,0.0,0.06333956368657016,0.12276733733963502
655,pltd_kup219,1,219,diesel,0.008185683778834565,0.0838,-0.07561431622116543,0.014536010591199239
656,plts_kup219,1,219,solar,0.2489971728778937,0.0,0.2489971728778937,0.3520116823879539
657,batt_kup219,1,219,battery,0.08243469783717514,0.0,0.08243469783717514,0.15977860129091961
658,pltd_kup220,1,220,diesel,0.015468800218086203,0.1583,-0.1428311997819138,0.027471908253109027
659,plts_kup220,1,220,solar,0.4705286839769053,0.0,0.4705286839769053,0.6651945151015805
660,batt_kup220,1,220,battery,0.15577486840936502,0.0,0.15577486840936502,0.3019318484195894
661,pltd_kup221,1,221,diesel,0.01612063307735036,0.1045,-0.08837936692264964,0.02583589062666281
662,plts_kup221,1,221,solar,0.48050304231775504,0.0,0.48050304231775504,0.6881359976849307
663,batt_kup221,1,221,battery,0.16648446468300657,0.0,0.16648446468300657,0.29562870296311633
664,pltd_kup222,1,222,diesel,0.014938952755580454,0.0968,-0.08186104724441955,0.023941873730249457
665,plts_kup222,1,222,solar,0.4452849311249843,0.0,0.4452849311249843,0.6376991274163124
666,batt_kup222,1,222,battery,0.15428190967207042,0.0,0.15428190967207042,0.2739608579209255
667,pltd_kup223,1,223,diesel,0.04481689368053738,0.4042,-0.35938310631946263,0.08333513880269985
668,plts_kup223,1,223,solar,1.234827819514381,0.0,1.234827819514381,1.6823513655604285
669,batt_kup223,1,223,battery,0.39747496110194763,0.0,0.39747496110194763,0.7576527626641919
670,pltd_kup224,1,224,diesel,0.07952232106572596,0.7172,-0.637677678934274,0.14786809964873365
671,plts_kup224,1,224,solar,2.191068138844528,0.0,2.191068138844528,2.9851494506441223
672,batt_kup224,1,224,battery,0.7052760100829947,0.0,0.7052760100829947,1.3443728704501157
673,pltd_kup225,1,225,diesel,0.04560892285571352,0.3703,-0.3246910771442865,0.096922905002074
674,plts_kup225,1,225,solar,1.1031917094064356,0.0,1.1031917094064356,1.5180983441226708
675,batt_kup225,1,225,battery,0.3532922256487948,0.0,0.3532922256487948,0.6796481399117076
676,pltd_kup226,1,226,diesel,0.022613282553785034,0.2039,-0.18128671744621497,0.042048408753774615
677,plts_kup226,1,226,solar,0.6230617349735265,0.0,0.6230617349735265,0.8488697392494162
678,batt_kup226,1,226,battery,0.2005551827841303,0.0,0.2005551827841303,0.38229148223427073
679,pltd_kup227,1,227,diesel,0.014005124441505808,0.1263,-0.11229487555849418,0.02604159580963748
680,plts_kup227,1,227,solar,0.3858850387794858,0.0,0.3858850387794858,0.5257359594402482
681,batt_kup227,1,227,battery,0.12421105147244021,0.0,0.12421105147244021,0.2367671212812749
682,pltd_kup228,1,228,diesel,0.04133249863449362,0.3728,-0.3314675013655064,0.0768555826045122
683,plts_kup228,1,228,solar,1.1388291807272133,0.0,1.1388291807272133,1.5515602313016499
684,batt_kup228,1,228,battery,0.36657388961613635,0.0,0.36657388961613635,0.6987508590849237
685,pltd_kup229,1,229,diesel,0.04386371457794691,0.3561,-0.3122362854220531,0.09321477346981123
686,plts_kup229,1,229,solar,1.0609721693624912,0.0,1.0609721693624912,1.4599997797826116
687,batt_kup229,1,229,battery,0.33977113711997603,0.0,0.33977113711997603,0.65363715000069
688,pltd_kup230,1,230,diesel,0.049769656862656594,0.4489,-0.3991303431373434,0.09254359940884216
689,plts_kup230,1,230,solar,1.3713010789027482,0.0,1.3713010789027482,1.8682840342880658
690,batt_kup230,1,230,battery,0.4414035677678823,0.0,0.4414035677678823,0.8413887613627994
691,pltd_kup231,1,231,diesel,0.038209793728042174,0.3102,-0.2719902062719578,0.08119963024807275
692,plts_kup231,1,231,solar,0.9242208007478466,0.0,0.9242208007478466,1.271816926868786
693,batt_kup231,1,231,battery,0.2959772284275266,0.0,0.2959772284275266,0.5693886622914442
694,pltd_kup232,1,232,diesel,0.033937326654288086,0.3198,-0.2858626733457119,0.06741346821562429
695,plts_kup232,1,232,solar,0.9356560584264104,0.0,0.9356560584264104,1.3297806754678647
696,batt_kup232,1,232,battery,0.31142492601158295,0.0,0.31142492601158295,0.6008330749540487
697,pltd_kup233,1,233,diesel,0.026940468542240487,0.2187,-0.1917595314577595,0.057251435366097135
698,plts_kup233,1,233,solar,0.6516351730410619,0.0,0.6516351730410619,0.8967121292415458
699,batt_kup233,1,233,battery,0.20868262901414752,0.0,0.20868262901414752,0.4014550051247813
700,pltd_kup234,1,234,diesel,0.08283217748824184,0.6725,-0.5896678225117582,0.1760262429069426
701,plts_kup234,1,234,solar,2.0035497685811117,0.0,2.0035497685811117,2.75707700706008
702,batt_kup234,1,234,battery,0.6416269439589782,0.0,0.6416269439589782,1.234334962176775
703,pltd_kup235,1,235,diesel,0.02967241285290323,0.2409,-0.21122758714709677,0.06305662537168628
704,plts_kup235,1,235,solar,0.7177170357816445,0.0,0.7177170357816445,0.9876473388433171
705,batt_kup235,1,235,battery,0.22984502064989729,0.0,0.22984502064989729,0.44216665698462776
706,pltd_kup236,1,236,diesel,0.02244248551288755,0.2024,-0.17995751448711245,0.041730262547775274
707,plts_kup236,1,236,solar,0.6183569369589568,0.0,0.6183569369589568,0.842459877962684
708,batt_kup236,1,236,battery,0.19904072962191222,0.0,0.19904072962191222,0.3794049675998448
709,pltd_kup237,1,237,diesel,0.012066419213563004,0.098,-0.085933580786437,0.02564277554485879
710,plts_kup237,1,237,solar,0.29185860762942895,0.0,0.29185860762942895,0.4016254149536198
711,batt_kup237,1,237,battery,0.09346593719101806,0.0,0.09346593719101806,0.1798061969803644
712,pltd_kup238,1,238,diesel,0.0458073707676918,0.4131,-0.3672926292323082,0.08517691292767628
713,plts_kup238,1,238,solar,1.262122782997979,0.0,1.262122782997979,1.7195381207012597
714,batt_kup238,1,238,battery,0.40626064195077827,0.0,0.40626064195077827,0.7744000755000167
715,pltd_kup239,1,239,diesel,0.009523251866239498,0.0946,-0.08507674813376051,0.02093185885498868
716,plts_kup239,1,239,solar,0.2704921950965322,0.0,0.2704921950965322,0.39223981372124733
717,batt_kup239,1,239,battery,0.09419743884191306,0.0,0.09419743884191306,0.17735095618318075
718,pltd_kup240,1,240,diesel,0.02458777678310518,0.1996,-0.17501222321689483,0.052251172732523575
719,plts_kup240,1,240,solar,0.5947324376896524,0.0,0.5947324376896524,0.8184089832715801
720,batt_kup240,1,240,battery,0.19046038642878454,0.0,0.19046038642878454,0.3663994846558322
721,pltd_kup241,1,241,diesel,0.011511540309791101,0.1038,-0.09228845969020891,0.021405226101820368
722,plts_kup241,1,241,solar,0.3171772235393391,0.0,0.3171772235393391,0.4321286089244911
723,batt_kup241,1,241,battery,0.10209554154499768,0.0,0.10209554154499768,0.19461072776419688
724,pltd_kup242,1,242,diesel,0.027509530475616186,0.2234,-0.1958904695243838,0.05846035212288443
725,plts_kup242,1,242,solar,0.6654021199135511,0.0,0.6654021199135511,0.9156577489018963
726,batt_kup242,1,242,battery,0.2130919906333663,0.0,0.2130919906333663,0.4099372351929296
727,pltd_kup243,1,243,diesel,0.018685015208362476,0.1685,-0.14981498479163755,0.034744265165916756
728,plts_kup243,1,243,solar,0.5148252977546142,0.0,0.5148252977546142,0.7014070595069031
729,batt_kup243,1,243,battery,0.16571540785417938,0.0,0.16571540785417938,0.31588091409091085
730,pltd_kup244,1,244,diesel,0.0693850194069026,0.6892,-0.6198149805930975,0.15251094627223535
731,plts_kup244,1,244,solar,1.9710467202920912,0.0,1.9710467202920912,2.8581257016729484
732,batt_kup244,1,244,battery,0.6863344731548626,0.0,0.6863344731548626,1.2923007252932968
733,pltd_kup245,1,245,diesel,0.04671551674277196,0.464,-0.41728448325722806,0.10267929559182479
734,plts_kup245,1,245,solar,1.326918827561746,0.0,1.326918827561746,1.9241508960975813
735,batt_kup245,1,245,battery,0.46208626887503657,0.0,0.46208626887503657,0.8700044129306977
736,pltd_kup246,1,246,diesel,0.07313759549503815,0.7264,-0.6532624045049619,0.16075983719779732
737,plts_kup246,1,246,solar,2.077665421715912,0.0,2.077665421715912,3.0127228708974467
738,batt_kup246,1,246,battery,0.7234550118713443,0.0,0.7234550118713443,1.3622016978128748
739,pltd_kup247,1,247,diesel,0.08889713294537901,0.8829,-0.794002867054621,0.19539739115706797
740,plts_kup247,1,247,solar,2.5252437569522295,0.0,2.5252437569522295,3.6617699197969285
741,batt_kup247,1,247,battery,0.8793364160585443,0.0,0.8793364160585443,1.6556685240541198
742,pltd_kup248,1,248,diesel,0.04495011895842131,0.4464,-0.4014498810415787,0.0987966335684528
743,plts_kup248,1,248,solar,1.2766717824989942,0.0,1.2766717824989942,1.8513199432353573
744,batt_kup248,1,248,battery,0.4446174541623848,0.0,0.4446174541623848,0.8370740430206915
745,pltd_kup249,1,249,diesel,0.06365258264039424,0.6322,-0.5685474173596058,0.1399069791877004
746,plts_kup249,1,249,solar,1.807987546660126,0.0,1.807987546660126,2.6217487827414696
747,batt_kup249,1,249,battery,0.6296184181458103,0.0,0.6296184181458103,1.1854230716152203
748,pltd_kup250,1,250,diesel,0.06805844751446745,0.6759,-0.6078415524855325,0.1495892907589611
749,plts_kup250,1,250,solar,1.9330947750547371,0.0,1.9330947750547371,2.8031756615427192
750,batt_kup250,1,250,battery,0.6731949949272338,0.0,0.6731949949272338,1.2674554308487935
751,pltd_kup251,1,251,diesel,0.06520008115263363,0.6476,-0.5823999188473663,0.14331038406767307
752,plts_kup251,1,251,solar,1.852075572501943,0.0,1.852075572501943,2.68563831561706
753,batt_kup251,1,251,battery,0.6449334422299793,0.0,0.6449334422299793,1.214310826252626
754,pltd_kup252,1,252,diesel,0.12953533592848884,1.2865,-1.1569646640715112,0.2847169867852643
755,plts_kup252,1,252,solar,3.679446252486797,0.0,3.679446252486797,5.335495674096219
756,batt_kup252,1,252,battery,1.2813025060383119,0.0,1.2813025060383119,2.4124432738041373
757,pltd_kup253,1,253,diesel,0.008158228669625539,0.081,-0.07284177133037446,0.017931042041043496
758,plts_kup253,1,253,solar,0.2317259287391046,0.0,0.2317259287391046,0.33602404361905597
759,batt_kup253,1,253,battery,0.0806970559052477,0.0,0.0806970559052477,0.15193317753851257
760,pltd_kup254,1,254,diesel,0.009690316576676329,0.0992,-0.08950968342332366,0.01720784129532706
761,plts_kup254,1,254,solar,0.2947693979147902,0.0,0.2947693979147902,0.41672029542874467
762,batt_kup254,1,254,battery,0.09758828308928971,0.0,0.09758828308928971,0.189150058868399
763,pltd_kup255,1,255,diesel,0.012809594499773624,0.1155,-0.10269040550022639,0.023818871988494777
764,plts_kup255,1,255,solar,0.35294263957826605,0.0,0.35294263957826605,0.48085515719787686
765,batt_kup255,1,255,battery,0.1136073677866707,0.0,0.1136073677866707,0.21655477965919842
766,pltd_kup256,1,256,diesel,0.014893201981826382,0.1343,-0.11940679801817362,0.02769297696933116
767,plts_kup256,1,256,solar,0.4103551381011331,0.0,0.4103551381011331,0.5590749067770927
768,batt_kup256,1,256,battery,0.13208764409235785,0.0,0.13208764409235785,0.25178156914890093
769,pltd_kup257,1,257,diesel,0.008813137516114199,0.0795,-0.07068686248388581,0.01638745191817817
770,plts_kup257,1,257,solar,0.24282442117748862,0.0,0.24282442117748862,0.33082819567870964
771,batt_kup257,1,257,battery,0.07816228225300889,0.0,0.07816228225300889,0.14898970960509522
772,pltd_kup258,1,258,diesel,0.005670334521849128,0.0511,-0.045429665478150874,0.01054356450715611
773,plts_kup258,1,258,solar,0.15623580101107193,0.0,0.15623580101107193,0.21285880310008373
774,batt_kup258,1,258,battery,0.05029033343332132,0.0,0.05029033343332132,0.0958617368369972
775,pltd_kup259,1,259,diesel,0.004987269005214457,0.045,-0.04001273099478554,0.009273458012430121
776,plts_kup259,1,259,solar,0.13741240282308662,0.0,0.13741240282308662,0.18721318892209246
777,batt_kup259,1,259,battery,0.0442313676110089,0.0,0.0442313676110089,0.08431218564972888
778,pltd_kup260,1,260,diesel,0.006410059326790062,0.0656,-0.05918994067320994,0.011383243155287942
779,plts_kup260,1,260,solar,0.19498641186698445,0.0,0.19498641186698445,0.27565561319328674
780,batt_kup260,1,260,battery,0.06455294204097668,0.0,0.06455294204097668,0.12512048917754395
781,pltd_kup261,1,261,diesel,0.00442418850615565,0.0453,-0.04087581149384435,0.007857800507987633
782,plts_kup261,1,261,solar,0.13456660693833417,0.0,0.13456660693833417,0.190239299407455
783,batt_kup261,1,261,battery,0.04454973303052112,0.0,0.04454973303052112,0.0863492826080983
784,pltd_kup262,1,262,diesel,0.0157473097042047,0.142,-0.12625269029579528,0.029281458765281463
785,plts_kup262,1,262,solar,0.4338841133146831,0.0,0.4338841133146831,0.5911311807512605
786,batt_kup262,1,262,battery,0.1396614618674654,0.0,0.1396614618674654,0.26621801783266164
787,pltd_kup263,1,263,diesel,0.006885549592842505,0.0684,-0.0615144504071575,0.015135001629781025
788,plts_kup263,1,263,solar,0.19560907276989747,0.0,0.19560907276989747,0.28364108088574136
789,batt_kup263,1,263,battery,0.0681102508415245,0.0,0.0681102508415245,0.12824813231342422
790,pltd_kup264,1,264,diesel,0.0928076314449013,0.9218,-0.8289923685550986,0.2039906357582571
791,plts_kup264,1,264,solar,2.636243734617503,0.0,2.636243734617503,3.8227523625318764
792,batt_kup264,1,264,battery,0.9180114701388357,0.0,0.9180114701388357,1.7284566397722094
793,pltd_kup265,1,265,diesel,0.035145941986602265,0.349,-0.3138540580133977,0.07724879548588177
794,plts_kup265,1,265,solar,0.9982657628365973,0.0,0.9982657628365973,1.4475835907835857
795,batt_kup265,1,265,battery,0.34764446785878766,0.0,0.34764446785878766,0.654524915414793
796,pltd_kup266,1,266,diesel,0.1094317627934761,1.0869,-0.9774682372065239,0.24053199145692092
797,plts_kup266,1,266,solar,3.1085269625778302,0.0,3.1085269625778302,4.50757905023437
798,batt_kup266,1,266,battery,1.0824556772755518,0.0,1.0824556772755518,2.0381007263916975
799,pltd_kup267,1,267,diesel,0.08893300178662372,0.8832,-0.7942669982133763,0.19547244045779888
800,plts_kup267,1,267,solar,2.526081016552125,0.0,2.526081016552125,3.6630397337566483
801,batt_kup267,1,267,battery,0.8796789286022012,0.0,0.8796789286022012,1.6562426137848525
802,pltd_kup268,1,268,diesel,0.12919273368334608,1.2831,-1.1539072663166539,0.2839650946494772
803,plts_kup268,1,268,solar,3.669766155267856,0.0,3.669766155267856,5.3214435976040875
804,batt_kup268,1,268,battery,1.277917714112149,0.0,1.277917714112149,2.4060896848481104
805,pltd_kup269,1,269,diesel,0.03430820084848572,0.3407,-0.30639179915151427,0.07540800720205391
806,plts_kup269,1,269,solar,0.9744784148587717,0.0,0.9744784148587717,1.4130866914946612
807,batt_kup269,1,269,battery,0.33935748659010556,0.0,0.33935748659010556,0.638926898848521
808,pltd_kup270,1,270,diesel,0.054159057113168756,0.5379,-0.4837409428868313,0.11904098488213792
809,plts_kup270,1,270,solar,1.5383899567533081,0.0,1.5383899567533081,2.2307893728035015
810,batt_kup270,1,270,battery,0.5357164965042436,0.0,0.5357164965042436,1.0086509307511107
811,pltd_kup271,1,271,diesel,0.003219679016315266,0.033,-0.029780320983684737,0.005715761258640164
812,plts_kup271,1,271,solar,0.09795348909902991,0.0,0.09795348909902991,0.1384783048616967
813,batt_kup271,1,271,battery,0.03242962135295,0.0,0.03242962135295,0.06285643023802981
814,pltd_kup272,1,272,diesel,0.009930943824954729,0.1017,-0.09176905617504527,0.01763475132562737
815,plts_kup272,1,272,solar,0.30209318696194654,0.0,0.30209318696194654,0.4270742488681084
816,batt_kup272,1,272,battery,0.1000130945205417,0.0,0.1000130945205417,0.19385019477220589
817,pltd_kup273,1,273,diesel,0.012609727269773828,0.1291,-0.11649027273022616,0.022394306741356854
818,plts_kup273,1,273,solar,0.3835637865518054,0.0,0.3835637865518054,0.5422503729033575
819,batt_kup273,1,273,battery,0.12698443419648445,0.0,0.12698443419648445,0.24612751121236984
820,pltd_kup274,1,274,diesel,0.007072748908209567,0.0724,-0.06532725109179044,0.012563386562878249
821,plts_kup274,1,274,solar,0.21512246383690184,0.0,0.21512246383690184,0.3041222968104695
822,batt_kup274,1,274,battery,0.07121871571367724,0.0,0.07121871571367724,0.1380397031939649
823,pltd_kup275,1,275,diesel,0.004183373797738387,0.0428,-0.03861662620226161,0.007430704482941243
824,plts_kup275,1,275,solar,0.12724281023648068,0.0,0.12724281023648068,0.17988539126028832
825,batt_kup275,1,275,battery,0.04212491773321029,0.0,0.04212491773321029,0.08164937707520269
826,pltd_kup276,1,276,diesel,0.007945003823848655,0.0813,-0.07335499617615135,0.014109116881820205
827,plts_kup276,1,276,solar,0.24167338363872332,0.0,0.24167338363872332,0.3416576220354097
828,batt_kup276,1,276,battery,0.08000988630928149,0.0,0.08000988630928149,0.15507872042599047
829,pltd_kup277,1,277,diesel,0.008516774133288576,0.0872,-0.07868322586671142,0.01512561239196591
830,plts_kup277,1,277,solar,0.2590651978663013,0.0,0.2590651978663013,0.36624544471695447
831,batt_kup277,1,277,battery,0.08576758417041568,0.0,0.08576758417041568,0.16623906754426251
832,pltd_kup278,1,278,diesel,0.00770418993254757,0.0789,-0.07119581006745243,0.013681461235694747
833,plts_kup278,1,278,solar,0.2343495945913846,0.0,0.2343495945913846,0.33130430971087177
834,batt_kup278,1,278,battery,0.0775850748783343,0.0,0.0775850748783343,0.1503795171552089
835,pltd_kup279,1,279,diesel,0.016029789213334998,0.1039,-0.08787021078666502,0.02569007726272601
836,plts_kup279,1,279,solar,0.4777941067248237,0.0,0.4777941067248237,0.6842567846224635
837,batt_kup279,1,279,battery,0.16554573075860712,0.0,0.16554573075860712,0.29396240020719666
838,pltd_kup280,1,280,diesel,0.0045913634957186625,0.0573,-0.052708636504281335,0.008809852761755086
839,plts_kup280,1,280,solar,0.16219821405775628,0.0,0.16219821405775628,0.24203293346655266
840,batt_kup280,1,280,battery,0.0588493318001386,0.0,0.0588493318001386,0.11030208951746041
841,pltd_kup281,1,281,diesel,0.00490544951699109,0.0502,-0.045294550483008914,0.008711750659326068
842,plts_kup281,1,281,solar,0.1492141824279688,0.0,0.1492141824279688,0.21094715712061746
843,batt_kup281,1,281,battery,0.0493993545715122,0.0,0.0493993545715122,0.09574899471455002
844,pltd_kup282,1,282,diesel,0.0063687088142177295,0.0795,-0.07313129118578227,0.012220151513027782
845,plts_kup282,1,282,solar,0.22498520922691256,0.0,0.22498520922691256,0.33572321794477356
846,batt_kup282,1,282,battery,0.08162987533056228,0.0,0.08162987533056228,0.1529997602754997
847,pltd_kup283,1,283,diesel,0.0143248558930167,0.1466,-0.13227514410698332,0.02543849835958341
848,plts_kup283,1,283,solar,0.43574505553677134,0.0,0.43574505553677134,0.6160201833718825
849,batt_kup283,1,283,battery,0.14426047269102765,0.0,0.14426047269102765,0.2796125649053571
850,pltd_kup284,1,284,diesel,0.006513498763937146,0.0647,-0.05818650123606285,0.01431688068579245
851,plts_kup284,1,284,solar,0.18503436932080267,0.0,0.18503436932080267,0.26830938455171455
852,batt_kup284,1,284,battery,0.0644300635652146,0.0,0.0644300635652146,0.12131602936997672
853,pltd_kup285,1,285,diesel,0.020907185195123704,0.1697,-0.14879281480487627,0.04442988139724837
854,plts_kup285,1,285,solar,0.5057054274414844,0.0,0.5057054274414844,0.695899436962747
855,batt_kup285,1,285,battery,0.16194994210846997,0.0,0.16194994210846997,0.31155220593204325
856,pltd_kup286,1,286,diesel,0.028268511312575254,0.2295,-0.20123148868742474,0.060072952543472884
857,plts_kup286,1,286,solar,0.6837586309401266,0.0,0.6837586309401266,0.9409175564556824
858,batt_kup286,1,286,battery,0.21897042700470115,0.0,0.21897042700470115,0.4212461040634465
859,pltd_kup287,1,287,diesel,0.00728536055873769,0.0591,-0.05181463944126231,0.015481526628410828
860,plts_kup287,1,287,solar,0.1762171084565658,0.0,0.1762171084565658,0.24249204931669818
861,batt_kup287,1,287,battery,0.056433121904387436,0.0,0.056433121904387436,0.10856313821770074
862,pltd_kup288,1,288,diesel,0.00843524320451214,0.0798,-0.07136475679548786,0.015454367690841379
863,plts_kup288,1,288,solar,0.2335372245985544,0.0,0.2335372245985544,0.33338439550147597
864,batt_kup288,1,288,battery,0.07890753180995061,0.0,0.07890753180995061,0.15109457151263722
865,pltd_kup289,1,289,diesel,0.037716506469865956,0.3062,-0.26848349353013407,0.0801514010589798
866,plts_kup289,1,289,solar,0.912289794164721,0.0,0.912289794164721,1.2553980706819632
867,batt_kup289,1,289,battery,0.29215615335597567,0.0,0.29215615335597567,0.562037798826796
868,pltd_kup290,1,290,diesel,0.009979383369651863,0.081,-0.07102061663034814,0.02120735850993709
869,plts_kup290,1,290,solar,0.2413803167828596,0.0,0.2413803167828596,0.3321624021233646
870,batt_kup290,1,290,battery,0.0773005321067274,0.0,0.0773005321067274,0.1487077927559148
871,pltd_kup291,1,291,diesel,0.04845687334917567,0.2935,-0.2450431266508243,0.07816868267478462
872,plts_kup291,1,291,solar,1.335152779199057,0.0,1.335152779199057,1.9274442329984178
873,batt_kup291,1,291,battery,0.4632926773275904,0.0,0.4632926773275904,0.8277046718883583
874,pltd_kup292,1,292,diesel,0.01906078961966991,0.1719,-0.15283921038033008,0.035442383061152154
875,plts_kup292,1,292,solar,0.5251782433842653,0.0,0.5251782433842653,0.7155126435425673
876,batt_kup292,1,292,battery,0.16904822828472554,0.0,0.16904822828472554,0.3222337876736676
877,pltd_kup293,1,293,diesel,0.030230995486940485,0.2726,-0.24236900451305954,0.056213329474171916
878,plts_kup293,1,293,solar,0.832943512116754,0.0,0.832943512116754,1.1348175239778395
879,batt_kup293,1,293,battery,0.2681136559958994,0.0,0.2681136559958994,0.5110687994600066
880,pltd_kup294,1,294,diesel,0.02059791993138104,0.1858,-0.16520208006861895,0.0383006658555487
881,plts_kup294,1,294,solar,0.5675326645305578,0.0,0.5675326645305578,0.7732158616233171
882,batt_kup294,1,294,battery,0.18268106015619875,0.0,0.18268106015619875,0.34822065575129296
883,pltd_kup295,1,295,diesel,0.014346811549902383,0.1294,-0.1150531884500976,0.02667712003975132
884,plts_kup295,1,295,solar,0.39529583642678806,0.0,0.39529583642678806,0.5385579503482567
885,batt_kup295,1,295,battery,0.1272405729219856,0.0,0.1272405729219856,0.24254162887181108
886,pltd_kup296,1,296,diesel,0.02315993716002526,0.2089,-0.18574006283997474,0.04306508839001819
887,plts_kup296,1,296,solar,0.6381194786177806,0.0,0.6381194786177806,0.8693855300180402
888,batt_kup296,1,296,battery,0.20540245637682616,0.0,0.20540245637682616,0.3915307897582309
889,pltd_kup297,1,297,diesel,0.00519218067715745,0.0468,-0.04160781932284255,0.009655155527075158
890,plts_kup297,1,297,solar,0.14305901509046426,0.0,0.14305901509046426,0.19490616747459727
891,batt_kup297,1,297,battery,0.04604894891162795,0.0,0.04604894891162795,0.08777645272802935
892,pltd_kup298,1,298,diesel,0.012672931209679092,0.1143,-0.1016270687903209,0.023564974992802717
893,plts_kup298,1,298,solar,0.349177563629794,0.0,0.349177563629794,0.4757262645003696
894,batt_kup298,1,298,battery,0.11239597174422108,0.0,0.11239597174422108,0.214245062651875
895,pltd_kup299,1,299,diesel,0.029531796329227242,0.2933,-0.26376820367077275,0.0649094113284103
896,plts_kup299,1,299,solar,0.8387850137366564,0.0,0.8387850137366564,1.2163265825914662
897,batt_kup299,1,299,battery,0.2921105093842798,0.0,0.2921105093842798,0.5499618429167732
898,pltd_kup300,1,300,diesel,0.019191878485124363,0.1808,-0.16160812151487564,0.03812277360378336
899,plts_kup300,1,300,solar,0.5291234248053249,0.0,0.5291234248053249,0.7520048306062413
900,batt_kup300,1,300,battery,0.17611428618833125,0.0,0.17611428618833125,0.33977763242572134
901,pltd_kup301,1,301,diesel,0.014254800023016887,0.1343,-0.12004519997698311,0.02831548144962928
902,plts_kup301,1,301,solar,0.393012020488016,0.0,0.393012020488016,0.5585598381938006
903,batt_kup301,1,301,battery,0.13081090947494645,0.0,0.13081090947494645,0.2523735857058338
904,pltd_kup302,1,302,diesel,0.019283787393773854,0.1833,-0.16401621260622615,0.04020102466580317
905,plts_kup302,1,302,solar,0.5280123532710558,0.0,0.5280123532710558,0.7607802947264888
906,batt_kup302,1,302,battery,0.18145667565686885,0.0,0.18145667565686885,0.34487418336464165
907,pltd_kup303,1,303,diesel,0.020482993985215244,0.1947,-0.17421700601478476,0.04270171614707613
908,plts_kup303,1,303,solar,0.5608460379517423,0.0,0.5608460379517423,0.8080875475232338
909,batt_kup303,1,303,battery,0.1927398270667464,0.0,0.1927398270667464,0.3663189301674873
910,pltd_kup304,1,304,diesel,0.018897649846776516,0.1781,-0.15920235015322348,0.037537856017051896
911,plts_kup304,1,304,solar,0.5210114369059039,0.0,0.5210114369059039,0.7404756639879698
912,batt_kup304,1,304,battery,0.17341404528507642,0.0,0.17341404528507642,0.3345683161945053
913,pltd_kup305,1,305,diesel,0.02142278213785248,0.2036,-0.18217721786214752,0.04466062618590557
914,plts_kup305,1,305,solar,0.5865818659531945,0.0,0.5865818659531945,0.8451686278400998
915,batt_kup305,1,305,battery,0.2015840995826999,0.0,0.2015840995826999,0.3831286441457553
916,pltd_kup306,1,306,diesel,0.016184056210045233,0.1525,-0.13631594378995476,0.0321483275548621
917,plts_kup306,1,306,solar,0.4461942576747561,0.0,0.4461942576747561,0.6341434437803353
918,batt_kup306,1,306,battery,0.14851138395295452,0.0,0.14851138395295452,0.28652387538628066
919,pltd_kup307,1,307,diesel,0.02873884559207916,0.2708,-0.24206115440792084,0.0570860549266519
920,plts_kup307,1,307,solar,0.7923339859964842,0.0,0.7923339859964842,1.1260868230422623
921,batt_kup307,1,307,battery,0.26372132882509525,0.0,0.26372132882509525,0.5087983914786717
922,pltd_kup308,1,308,diesel,0.019218947913287623,0.1827,-0.16348105208671238,0.04006621854608292
923,plts_kup308,1,308,solar,0.5262370357422809,0.0,0.5262370357422809,0.7582220853715614
924,batt_kup308,1,308,battery,0.18084602396998048,0.0,0.18084602396998048,0.34371441712932055
925,pltd_kup309,1,309,diesel,0.018439960394168366,0.1738,-0.15536003960583164,0.0366289801863693
926,plts_kup309,1,309,solar,0.5083911273951985,0.0,0.5083911273951985,0.7225402188900679
927,batt_kup309,1,309,battery,0.16921380770731131,0.0,0.16921380770731131,0.3264644753549606
928,pltd_tim310,1,310,diesel,0.013052162238339843,0.1257,-0.11264783776166017,0.02838568243745508
929,plts_tim310,1,310,solar,0.35899837673650026,0.0,0.35899837673650026,0.520546529187092
930,batt_tim310,1,310,battery,0.12295322041644667,0.0,0.12295322041644667,0.23476796345645906
931,pltd_tim311,1,311,diesel,0.0072939425197109655,0.0702,-0.06290605748028903,0.01586279323846413
932,plts_tim311,1,311,solar,0.20061710805165409,0.0,0.20061710805165409,0.29089378490283313
933,batt_tim311,1,311,battery,0.06870878796194228,0.0,0.06870878796194228,0.13119367731884202
934,pltd_tim312,1,312,diesel,0.01090524351790928,0.1118,-0.10089475648209072,0.02324927775117099
935,plts_tim312,1,312,solar,0.32459342646515643,0.0,0.32459342646515643,0.4654979567235432
936,batt_tim312,1,312,battery,0.10787728729896423,0.0,0.10787728729896423,0.21085388669771554
937,pltd_tim313,1,313,diesel,0.01631293560475379,0.1673,-0.15098706439524623,0.034778173066286604
938,plts_tim313,1,313,solar,0.485549278947575,0.0,0.485549278947575,0.6963239832711962
939,batt_tim313,1,313,battery,0.16137027252087296,0.0,0.16137027252087296,0.31540958977454825
940,pltd_tim314,1,314,diesel,0.013340023256495652,0.1285,-0.11515997674350435,0.029011315128201876
941,plts_tim314,1,314,solar,0.36691759657543466,0.0,0.36691759657543466,0.5320294865800772
942,batt_tim314,1,314,battery,0.12566547455001556,0.0,0.12566547455001556,0.239946753373097
943,pltd_tim315,1,315,diesel,0.016749994341426586,0.1664,-0.1496500056585734,0.03681652861189537
944,plts_tim315,1,315,solar,0.4757928360787455,0.0,0.4757928360787455,0.6899350002867867
945,batt_tim315,1,315,battery,0.16568314764552694,0.0,0.16568314764552694,0.3119538666149871
946,pltd_tim316,1,316,diesel,0.008051276920128832,0.0826,-0.07454872307987118,0.01716463587438349
947,plts_tim316,1,316,solar,0.23964501314447303,0.0,0.23964501314447303,0.34367400167085976
948,batt_tim316,1,316,battery,0.07964494512324079,0.0,0.07964494512324079,0.1556720297442245
949,pltd_tim317,1,317,diesel,0.011996284597210236,0.1155,-0.10350371540278977,0.02608942837896639
950,plts_tim317,1,317,solar,0.3299619917443402,0.0,0.3299619917443402,0.4784439051806638
951,batt_tim317,1,317,battery,0.11300868646055619,0.0,0.11300868646055619,0.21577948809933212
952,pltd_tim318,1,318,diesel,0.010364923567406665,0.0998,-0.08943507643259334,0.0225408270720629
953,plts_tim318,1,318,solar,0.2850872553949906,0.0,0.2850872553949906,0.41337624441105847
954,batt_tim318,1,318,battery,0.0976396911216062,0.0,0.0976396911216062,0.18643381815971535
955,pltd_tim319,1,319,diesel,0.021004179711957387,0.2086,-0.18759582028804261,0.046163016041060864
956,plts_tim319,1,319,solar,0.5964614418499044,0.0,0.5964614418499044,0.8649679618754592
957,batt_tim319,1,319,battery,0.2077534470325435,0.0,0.2077534470325435,0.39109543658053275
958,pltd_tim320,1,320,diesel,0.016826811235172143,0.162,-0.14517318876482788,0.03659385380360927
959,plts_tim320,1,320,solar,0.46282748964168285,0.0,0.46282748964168285,0.6710984190351771
960,batt_tim320,1,320,battery,0.15851353869542947,0.0,0.15851353869542947,0.3026676549418503
961,pltd_tim321,1,321,diesel,0.01153627409976678,0.1183,-0.10676372590023323,0.024594950248749574
962,plts_tim321,1,321,solar,0.34337082878513375,0.0,0.34337082878513375,0.4924270275391676
963,batt_tim321,1,321,battery,0.11411825168800882,0.0,0.11411825168800882,0.22305152909539724
964,pltd_tim322,1,322,diesel,0.010172440316829222,0.101,-0.09082755968317079,0.02236000757111917
965,plts_tim322,1,322,solar,0.28901512992170575,0.0,0.28901512992170575,0.4190745502249929
966,batt_tim322,1,322,battery,0.10062523731788821,0.0,0.10062523731788821,0.1894845126096379
967,pltd_tim323,1,323,diesel,0.019295309062448203,0.1916,-0.1723046909375518,0.0424095033191625
968,plts_tim323,1,323,solar,0.5480265476144234,0.0,0.5480265476144234,0.7947004282622622
969,batt_tim323,1,323,battery,0.19085636428339547,0.0,0.19085636428339547,0.3593236272314021
970,pltd_tim324,1,324,diesel,0.019267005354231356,0.1913,-0.17203299464576866,0.04234554423903253
971,plts_tim324,1,324,solar,0.5471204722158624,0.0,0.5471204722158624,0.7934184775329033
972,batt_tim324,1,324,battery,0.19057063471004038,0.0,0.19057063471004038,0.35874427340490156
973,pltd_tim325,1,325,diesel,0.015441701962372744,0.1583,-0.14285829803762726,0.032920773579986795
974,plts_tim325,1,325,solar,0.4596166370974453,0.0,0.4596166370974453,0.6591344858276516
975,batt_tim325,1,325,battery,0.15275208620279726,0.0,0.15275208620279726,0.2985640804098471
976,pltd_tim326,1,326,diesel,0.010875333381564118,0.1115,-0.10062466661843589,0.023185334528138923
977,plts_tim326,1,326,solar,0.32369932687881786,0.0,0.32369932687881786,0.4642157904903856
978,batt_tim326,1,326,battery,0.10758041627210824,0.0,0.10758041627210824,0.2102729299091487
979,pltd_tim327,1,327,diesel,0.01445032361531131,0.1482,-0.13374967638468868,0.030807043928279723
980,plts_tim327,1,327,solar,0.4301085070797728,0.0,0.4301085070797728,0.616817073920405
981,batt_tim327,1,327,battery,0.14294488290110463,0.0,0.14294488290110463,0.2793958084795929
982,pltd_tim328,1,328,diesel,0.01958752238779618,0.2009,-0.18131247761220382,0.04175907957076505
983,plts_tim328,1,328,solar,0.5830166191407917,0.0,0.5830166191407917,0.836101734152695
984,batt_tim328,1,328,battery,0.1937635956565174,0.0,0.1937635956565174,0.37872389780496596
985,pltd_tim329,1,329,diesel,0.024063837704240507,0.2468,-0.2227361622957595,0.05130298345424171
986,plts_tim329,1,329,solar,0.7162516748512574,0.0,0.7162516748512574,1.0271736313210296
987,batt_tim329,1,329,battery,0.2380436753817653,0.0,0.2380436753817653,0.4652724019731969
988,pltd_tim330,1,330,diesel,0.007690902964187169,0.0789,-0.07120909703581282,0.016396923287196875
989,plts_tim330,1,330,solar,0.22891390816719856,0.0,0.22891390816719856,0.32828417989686376
990,batt_tim330,1,330,battery,0.07607851258578667,0.0,0.07607851258578667,0.14870067082304467
991,pltd_tim331,1,331,diesel,0.020338585785224378,0.2086,-0.18826141421477563,0.0433608032020991
992,plts_tim331,1,331,solar,0.6053711083261946,0.0,0.6053711083261946,0.8681602890611493
993,batt_tim331,1,331,battery,0.20119239751523665,0.0,0.20119239751523665,0.39324512917916477
994,pltd_tim332,1,332,diesel,0.011879940286107536,0.118,-0.10612005971389246,0.026112116164881502
995,plts_tim332,1,332,solar,0.33746149359806626,0.0,0.33746149359806626,0.489343065895357
996,batt_tim332,1,332,battery,0.11751147258840622,0.0,0.11751147258840622,0.22125625888671954
997,pltd_tim333,1,333,diesel,0.057987929644362515,0.5995,-0.5415120703556375,0.11105162825942806
998,plts_tim333,1,333,solar,1.7285225516005707,0.0,1.7285225516005707,2.5102154923853424
999,batt_tim333,1,333,battery,0.5875121800930314,0.0,0.5875121800930314,1.1366931653385561
1000,pltd_tim334,1,334,diesel,0.017044887745948294,0.1762,-0.1591551122540517,0.03264201530886383
1001,plts_tim334,1,334,solar,0.5080752392804415,0.0,0.5080752392804415,0.7378435551261728
1002,batt_tim334,1,334,battery,0.17269110712537739,0.0,0.17269110712537739,0.33411523144232197
1003,pltd_tim335,1,335,diesel,0.037874696317008516,0.3762,-0.33832530368299146,0.08324765211427539
1004,plts_tim335,1,335,solar,1.0758097646042522,0.0,1.0758097646042522,1.5600182308549713
1005,batt_tim335,1,335,battery,0.3746382952090908,0.0,0.3746382952090908,0.7053620004257884
1006,pltd_tim336,1,336,diesel,0.02044190294301058,0.1969,-0.17645809705698942,0.04445593896923447
1007,plts_tim336,1,336,solar,0.5622562671677718,0.0,0.5622562671677718,0.8152693905919233
1008,batt_tim336,1,336,battery,0.19256664336916846,0.0,0.19256664336916846,0.3676888728716817
1009,pltd_tim337,1,337,diesel,0.017610812491699376,0.1821,-0.16448918750830063,0.033726039413334956
1010,plts_tim337,1,337,solar,0.5249523552951719,0.0,0.5249523552951719,0.7623524052662106
1011,batt_tim337,1,337,battery,0.1784276239336031,0.0,0.1784276239336031,0.34521402612040325
1012,pltd_tim338,1,338,diesel,0.019483846691531553,0.1935,-0.17401615330846845,0.04282213930639006
1013,plts_tim338,1,338,solar,0.553290960745653,0.0,0.553290960745653,0.8023627257464336
1014,batt_tim338,1,338,battery,0.19271588042719445,0.0,0.19271588042719445,0.36278830706338233
1015,pltd_tim339,1,339,diesel,0.0242858304792683,0.2511,-0.2268141695207317,0.04650912780975062
1016,plts_tim339,1,339,solar,0.7239192340956536,0.0,0.7239192340956536,1.051298006974625
1017,batt_tim339,1,339,battery,0.24605435286322674,0.0,0.24605435286322674,0.47605590515491375
1018,pltd_tim340,1,340,diesel,0.02008433140686818,0.2076,-0.18751566859313182,0.03846254794280213
1019,plts_tim340,1,340,solar,0.598676657828556,0.0,0.598676657828556,0.8694173049095143
1020,batt_tim340,1,340,battery,0.20348623445552755,0.0,0.20348623445552755,0.3936956640919127
1021,pltd_tim341,1,341,diesel,0.028129651444024076,0.2908,-0.26267034855597593,0.05387004742077409
1022,plts_tim341,1,341,solar,0.8385026816695136,0.0,0.8385026816695136,1.2177003395103332
1023,batt_tim341,1,341,battery,0.28500061940815946,0.0,0.28500061940815946,0.551407737739472
1024,pltd_tim342,1,342,diesel,0.011631082943357405,0.1155,-0.1038689170566426,0.025565863940381038
1025,plts_tim342,1,342,solar,0.3304193374945575,0.0,0.3304193374945575,0.47912273663682725
1026,batt_tim342,1,342,battery,0.11505137871651032,0.0,0.11505137871651032,0.21663507409350474
1027,pltd_tim343,1,343,diesel,0.015495332833298604,0.1602,-0.1447046671667014,0.02967483270177523
1028,plts_tim343,1,343,solar,0.4618867904265932,0.0,0.4618867904265932,0.6707667950431146
1029,batt_tim343,1,343,battery,0.15699166116578486,0.0,0.15699166116578486,0.3037411249258723
1030,pltd_tim344,1,344,diesel,0.020977982343459597,0.2169,-0.1959220176565404,0.040174553324930674
1031,plts_tim344,1,344,solar,0.6253241314284088,0.0,0.6253241314284088,0.908115296088347
1032,batt_tim344,1,344,battery,0.21254268239483998,0.0,0.21254268239483998,0.4112190215541253
1033,pltd_tim345,1,345,diesel,0.01558478002856603,0.1611,-0.14551521997143396,0.029846176140926266
1034,plts_tim345,1,345,solar,0.46455108404032497,0.0,0.46455108404032497,0.6746358582454008
1035,batt_tim345,1,345,battery,0.1578973691134969,0.0,0.1578973691134969,0.30549318472608233
1036,pltd_tim346,1,346,diesel,0.02100792393002291,0.2172,-0.1961920760699771,0.04023143937778922
1037,plts_tim346,1,346,solar,0.6262120337856498,0.0,0.6262120337856498,0.909405213582515
1038,batt_tim346,1,346,battery,0.2128451496563171,0.0,0.2128451496563171,0.41180330024683703
1039,pltd_tim347,1,347,diesel,0.02806425330033964,0.2976,-0.26953574669966035,0.05258853830269215
1040,plts_tim347,1,347,solar,0.8498942916742003,0.0,0.8498942916742003,1.2491166034554693
1041,batt_tim347,1,347,battery,0.2947408769202497,0.0,0.2947408769202497,0.567016391497371
1042,pltd_tim348,1,348,diesel,0.011472382405921494,0.1186,-0.1071276175940785,0.021970518532226643
1043,plts_tim348,1,348,solar,0.34197356131464907,0.0,0.34197356131464907,0.4966251076657526
1044,batt_tim348,1,348,battery,0.1162343553240216,0.0,0.1162343553240216,0.22488531467674805
1045,pltd_tim349,1,349,diesel,0.03444715117841259,0.3561,-0.32165284882158746,0.06596903621150862
1046,plts_tim349,1,349,solar,1.0268097373167262,0.0,1.0268097373167262,1.4911658671660564
1047,batt_tim349,1,349,battery,0.34900513398232447,0.0,0.34900513398232447,0.6752399126696738
1048,pltd_tim350,1,350,diesel,0.006740240817093087,0.077,-0.07025975918290692,0.013557979645543713
1049,plts_tim350,1,350,solar,0.22283864345069207,0.0,0.22283864345069207,0.3232971499280318
1050,batt_tim350,1,350,battery,0.07443188033209905,0.0,0.07443188033209905,0.14660585225664272
1051,pltd_tim351,1,351,diesel,0.00876535600249064,0.0844,-0.07563464399750937,0.019062045254887316
1052,plts_tim351,1,351,solar,0.24109283941780793,0.0,0.24109283941780793,0.34958372946740335
1053,batt_tim351,1,351,battery,0.08257127196862968,0.0,0.08257127196862968,0.15766330311297014
1054,pltd_tim352,1,352,diesel,0.01634961137981743,0.1624,-0.14605038862018255,0.03593460057787391
1055,plts_tim352,1,352,solar,0.46431205729445507,0.0,0.46431205729445507,0.6733209036094339
1056,batt_tim352,1,352,battery,0.1617165035850122,0.0,0.1617165035850122,0.30444202687734423
1057,pltd_tim353,1,353,diesel,0.006524468368966374,0.0746,-0.06807553163103362,0.013123522005722307
1058,plts_tim353,1,353,solar,0.21570862396545215,0.0,0.21570862396545215,0.31295241501928256
1059,batt_tim353,1,353,battery,0.07205029021173656,0.0,0.07205029021173656,0.14191492382502485
1060,pltd_tim354,1,354,diesel,0.023825386844727858,0.2366,-0.21277461315527216,0.0523652201596886
1061,plts_tim354,1,354,solar,0.6766548541195271,0.0,0.6766548541195271,0.9812367386576442
1062,batt_tim354,1,354,battery,0.2356630336356114,0.0,0.2356630336356114,0.4436662148126457
1063,pltd_tim355,1,355,diesel,0.03045943791454859,0.3025,-0.2720405620854514,0.06695043449224186
1064,plts_tim355,1,355,solar,0.8652447108215218,0.0,0.8652447108215218,1.2546609032901708
1065,batt_tim355,1,355,battery,0.3012930699864611,0.0,0.3012930699864611,0.5672945009848135
1066,pltd_tim356,1,356,diesel,0.007069893895504597,0.0681,-0.0610301061044954,0.015375681029771535
1067,plts_tim356,1,356,solar,0.19445792929333802,0.0,0.19445792929333802,0.28196296063789583
1068,batt_tim356,1,356,battery,0.06659937011895364,0.0,0.06659937011895364,0.12716591279227143
1069,pltd_tim357,1,357,diesel,0.007691231237303405,0.0764,-0.06870876876269659,0.016906216058750916
1070,plts_tim357,1,357,solar,0.21852475326143062,0.0,0.21852475326143062,0.3168612539837368
1071,batt_tim357,1,357,battery,0.07608165672449914,0.0,0.07608165672449914,0.14326866729275745
1072,pltd_tim358,1,358,diesel,0.01356383164359206,0.1306,-0.11703616835640793,0.02949815928440597
1073,plts_tim358,1,358,solar,0.3730773077395175,0.0,0.3730773077395175,0.5409608880399984
1074,batt_tim358,1,358,battery,0.1277751733631618,0.0,0.1277751733631618,0.24397496434031252
1075,pltd_tim359,1,359,diesel,0.007522102309407769,0.086,-0.07847789769059223,0.015130384064496325
1076,plts_tim359,1,359,solar,0.24868905299827504,0.0,0.24868905299827504,0.3608001265779534
1077,batt_tim359,1,359,battery,0.0830661715481126,0.0,0.0830661715481126,0.16361234369974878
1078,pltd_tim360,1,360,diesel,0.013275733393049197,0.1279,-0.11462426660695081,0.028871346123878372
1079,plts_tim360,1,360,solar,0.365158464878611,0.0,0.365158464878611,0.5294790904147789
1080,batt_tim360,1,360,battery,0.12506311812290882,0.0,0.12506311812290882,0.23879706599013029
1081,pltd_tim361,1,361,diesel,0.02024994892891732,0.195,-0.17475005107108268,0.04403879346373946
1082,plts_tim361,1,361,solar,0.5569764323547335,0.0,0.5569764323547335,0.8076139116168293
1083,batt_tim361,1,361,battery,0.19075828662404395,0.0,0.19075828662404395,0.36423616230325745
1084,pltd_tim362,1,362,diesel,0.01941807372938565,0.187,-0.16758192627061436,0.042229709327412025
1085,plts_tim362,1,362,solar,0.5340992259844076,0.0,0.5340992259844076,0.7744418967378697
1086,batt_tim362,1,362,battery,0.18292317058379778,0.0,0.18292317058379778,0.34927558967311606
1087,pltd_tim363,1,363,diesel,0.02879137952177868,0.2773,-0.2485086204782213,0.06261423268628098
1088,plts_tim363,1,363,solar,0.7919097603036808,0.0,0.7919097603036808,1.1482662036813924
1089,batt_tim363,1,363,battery,0.2712199652946519,0.0,0.2712199652946519,0.5178711114936753
1090,pltd_tim364,1,364,diesel,0.010755046713804589,0.1103,-0.0995449532861954,0.022929085779299935
1091,plts_tim364,1,364,solar,0.3201222843441088,0.0,0.3201222843441088,0.4590862706149843
1092,batt_tim364,1,364,battery,0.10639160155569223,0.0,0.10639160155569223,0.20794956329100353
1093,pltd_tim365,1,365,diesel,0.022924641499228033,0.2277,-0.20477535850077197,0.05038744301219482
1094,plts_tim365,1,365,solar,0.6511127017693605,0.0,0.6511127017693605,0.9441854876024464
1095,batt_tim365,1,365,battery,0.22675635521529602,0.0,0.22675635521529602,0.42691313567357686
1096,pltd_tim366,1,366,diesel,0.016059313357262184,0.1547,-0.13864068664273782,0.03492514277641972
1097,plts_tim366,1,366,solar,0.4417091709098298,0.0,0.4417091709098298,0.6404771695810717
1098,batt_tim366,1,366,battery,0.15128065028358656,0.0,0.15128065028358656,0.2888567572382522
1099,pltd_tim367,1,367,diesel,0.017050557558346384,0.1642,-0.14714944244165362,0.037081250837147625
1100,plts_tim367,1,367,solar,0.4689864243720677,0.0,0.4689864243720677,0.680029254087331
1101,batt_tim367,1,367,battery,0.16062282772286196,0.0,0.16062282772286196,0.30669553993287
1102,pltd_tim368,1,368,diesel,0.004894579504805071,0.0471,-0.042205420495194934,0.010645194316831781
1103,plts_tim368,1,368,solar,0.13462434254577563,0.0,0.13462434254577563,0.1952048438470911
1104,batt_tim368,1,368,battery,0.046107055679356,0.0,0.046107055679356,0.08803762308452755
1105,pltd_tim369,1,369,diesel,0.008592010620484215,0.0881,-0.07950798937951578,0.0183172645479968
1106,plts_tim369,1,369,solar,0.2557404939836394,0.0,0.2557404939836394,0.3667561305041769
1107,batt_tim369,1,369,battery,0.08499449006068056,0.0,0.08499449006068056,0.16612772511440096
1108,pltd_tim370,1,370,diesel,0.007485747007953581,0.0721,-0.06461425299204641,0.016279988361104003
1109,plts_tim370,1,370,solar,0.20589641059486402,0.0,0.20589641059486402,0.298548719323633
1110,batt_tim370,1,370,battery,0.07051686366470974,0.0,0.07051686366470974,0.13464617468390253
1111,pltd_tim371,1,371,diesel,0.01778976082914777,0.1839,-0.16611023917085224,0.034068858577955115
1112,plts_tim371,1,371,solar,0.5302821801766979,0.0,0.5302821801766979,0.770092340552457
1113,batt_tim371,1,371,battery,0.18023868585893593,0.0,0.18023868585893593,0.34871828302933844
1114,pltd_tim372,1,372,diesel,0.01713420747556302,0.1771,-0.159965792524437,0.03281315810272415
1115,plts_tim372,1,372,solar,0.5107398151028525,0.0,0.5107398151028525,0.7417130671311548
1116,batt_tim372,1,372,battery,0.17359696238008376,0.0,0.17359696238008376,0.3358676530422082
1117,pltd_tim373,1,373,diesel,0.02309382264740788,0.2388,-0.21570617735259212,0.04422647733352357
1118,plts_tim373,1,373,solar,0.688389652949084,0.0,0.688389652949084,0.9997010943683595
1119,batt_tim373,1,373,battery,0.23397862253658777,0.0,0.23397862253658777,0.4526916319581694
1120,pltd_tim374,1,374,diesel,0.026401394183415684,0.273,-0.24659860581658433,0.05056085115300954
1121,plts_tim374,1,374,solar,0.7869842778937078,0.0,0.7869842778937078,1.1428833871132142
1122,batt_tim374,1,374,battery,0.26749004364344126,0.0,0.26749004364344126,0.5175283740418967
1123,pltd_tim375,1,375,diesel,0.009151179289107528,0.0909,-0.08174882071089247,0.020113669984922002
1124,plts_tim375,1,375,solar,0.2599174917277931,0.0,0.2599174917277931,0.3769082846925128
1125,batt_tim375,1,375,battery,0.09051758483211031,0.0,0.09051758483211031,0.1704188980350896
1126,pltd_tim376,1,376,diesel,0.010310465665135339,0.1066,-0.09628953433486466,0.019745485319532068
1127,plts_tim376,1,376,solar,0.30733179582929165,0.0,0.30733179582929165,0.44631769054434867
1128,batt_tim376,1,376,battery,0.10446004700700944,0.0,0.10446004700700944,0.202104509873566
1129,pltd_tim377,1,377,diesel,0.012130111452452066,0.1205,-0.10836988854754794,0.026660506903906464
1130,plts_tim377,1,377,solar,0.3444921804534568,0.0,0.3444921804534568,0.4995611707117877
1131,batt_tim377,1,377,battery,0.1199808989708106,0.0,0.1199808989708106,0.22587646735767802
1132,pltd_tim378,1,378,diesel,0.017304336178134642,0.1774,-0.16009566382186535,0.036892022605772117
1133,plts_tim378,1,378,solar,0.5150566317831362,0.0,0.5150566317831362,0.738640827721833
1134,batt_tim378,1,378,battery,0.1711770769544489,0.0,0.1711770769544489,0.3345774067161871
1135,pltd_tim379,1,379,diesel,0.016703506187483095,0.1713,-0.15459649381251692,0.03561109439769795
1136,plts_tim379,1,379,solar,0.4971725518664958,0.0,0.4971725518664958,0.7129934646936297
1137,batt_tim379,1,379,battery,0.16523358472443728,0.0,0.16523358472443728,0.3229603463751526
1138,pltd_tim380,1,380,diesel,0.012197240823265653,0.1251,-0.11290275917673434,0.026004174772751902
1139,plts_tim380,1,380,solar,0.3630430635434251,0.0,0.3630430635434251,0.5206385656478589
1140,batt_tim380,1,380,battery,0.12065546321902212,0.0,0.12065546321902212,0.23583013441642472
1141,pltd_tim381,1,381,diesel,0.00540766451250868,0.0555,-0.05009233548749132,0.011528965669014788
1142,plts_tim381,1,381,solar,0.1609550752704509,0.0,0.1609550752704509,0.23082529553524633
1143,batt_tim381,1,381,battery,0.05349258638142958,0.0,0.05349258638142958,0.10455533094873432
1144,pltd_tim382,1,382,diesel,0.015321615207373516,0.1571,-0.14177838479262647,0.032665156140867235
1145,plts_tim382,1,382,solar,0.45603979451566656,0.0,0.45603979451566656,0.6540048429455689
1146,batt_tim382,1,382,battery,0.15156337410571455,0.0,0.15156337410571455,0.2962404978000813
1147,pltd_tim383,1,383,diesel,0.009222961890264395,0.0946,-0.08537703810973561,0.019662922978324407
1148,plts_tim383,1,383,solar,0.27451882910825837,0.0,0.27451882910825837,0.3936855417148553
1149,batt_tim383,1,383,battery,0.09123493318469775,0.0,0.09123493318469775,0.17832515441212768
1150,pltd_tim384,1,384,diesel,0.015591954972829981,0.1599,-0.14430804502717,0.03324133060531737
1151,plts_tim384,1,384,solar,0.4640877792185412,0.0,0.4640877792185412,0.6655465084999289
1152,batt_tim384,1,384,battery,0.15423777194608546,0.0,0.15423777194608546,0.30146824741540823
1153,pltd_tim385,1,385,diesel,0.0036952488027300907,0.0379,-0.034204751197269914,0.007877969665719303
1154,plts_tim385,1,385,solar,0.10998622270110256,0.0,0.10998622270110256,0.15773085129868122
1155,batt_tim385,1,385,battery,0.03655328138830971,0.0,0.03655328138830971,0.0714463217103327
1156,pltd_tim386,1,386,diesel,0.004718623756808912,0.0468,-0.04208137624319109,0.010368544107748387
1157,plts_tim386,1,386,solar,0.13389271999254862,0.0,0.13389271999254862,0.19419828868296007
1158,batt_tim386,1,386,battery,0.04666545804479855,0.0,0.04666545804479855,0.0878068139600246
1159,pltd_tim387,1,387,diesel,0.021241495556722303,0.2046,-0.1833585044432777,0.046195389234966355
1160,plts_tim387,1,387,solar,0.5842535972150239,0.0,0.5842535972150239,0.8471655546926048
1161,batt_tim387,1,387,battery,0.200100417326898,0.0,0.200100417326898,0.3820741943716682
1162,pltd_tim388,1,388,diesel,0.00684589562155817,0.0659,-0.05905410437844183,0.014888153294651874
1163,plts_tim388,1,388,solar,0.18829855086587954,0.0,0.18829855086587954,0.2730320745905014
1164,batt_tim388,1,388,battery,0.0644898467982706,0.0,0.0644898467982706,0.12313828361954961
1165,pltd_tim389,1,389,diesel,0.00417593356495785,0.0428,-0.03862406643504215,0.00890297609455612
1166,plts_tim389,1,389,solar,0.12429321575505718,0.0,0.12429321575505718,0.17824804407242037
1167,batt_tim389,1,389,battery,0.041307936142062525,0.0,0.041307936142062525,0.08073974178883568
1168,pltd_tim390,1,390,diesel,0.007136336168784735,0.0644,-0.05726366383121526,0.01587918677021762
1169,plts_tim390,1,390,solar,0.1857840415215122,0.0,0.1857840415215122,0.26523662027729616
1170,batt_tim390,1,390,battery,0.06455935151394679,0.0,0.06455935151394679,0.11983447080524305
1171,pltd_tim391,1,391,diesel,0.009042706644926674,0.0927,-0.08365729335507333,0.01927837548495316
1172,plts_tim391,1,391,solar,0.269153187495368,0.0,0.269153187495368,0.38599183998546166
1173,batt_tim391,1,391,battery,0.08945217117545226,0.0,0.08945217117545226,0.17484044351928973
1174,pltd_tim392,1,392,diesel,0.019823405879777708,0.1688,-0.1489765941202223,0.041084781157260934
1175,plts_tim392,1,392,solar,0.4847714584226437,0.0,0.4847714584226437,0.6959640566814416
1176,batt_tim392,1,392,battery,0.16791114350423653,0.0,0.16791114350423653,0.31398991840434265
1177,pltd_tim393,1,393,diesel,0.012844667478482244,0.1275,-0.11465533252151776,0.028230057203975322
1178,plts_tim393,1,393,solar,0.36474698116185955,0.0,0.36474698116185955,0.5289456885390932
1179,batt_tim393,1,393,battery,0.12704699912204934,0.0,0.12704699912204934,0.2391629601767693
1180,pltd_tim394,1,394,diesel,0.00596862464771063,0.0508,-0.04483137535228937,0.012370936005652382
1181,plts_tim394,1,394,solar,0.1459618508540826,0.0,0.1459618508540826,0.20955030746251524
1182,batt_tim394,1,394,battery,0.05055693359084702,0.0,0.05055693359084702,0.0945400612542504
1183,pltd_tim395,1,395,diesel,0.01237158222707281,0.1054,-0.09302841777292718,0.0256404823151095
1184,plts_tim395,1,395,solar,0.3025403269839708,0.0,0.3025403269839708,0.4343429494199582
1185,batt_tim395,1,395,battery,0.10479119293724024,0.0,0.10479119293724024,0.1959575518931586
1186,pltd_tim396,1,396,diesel,0.017942426060608332,0.1528,-0.13485757393939166,0.0371863531293453
1187,plts_tim396,1,396,solar,0.4387719221436699,0.0,0.4387719221436699,0.6299240397909325
1188,batt_tim396,1,396,battery,0.1519775529226149,0.0,0.1519775529226149,0.2841953886780961
1189,pltd_tim397,1,397,diesel,0.006576277188204439,0.0653,-0.05872372281179556,0.014454453187438562
1190,plts_tim397,1,397,solar,0.18678917377431312,0.0,0.18678917377431312,0.2708626633781855
1191,batt_tim397,1,397,battery,0.0650492458415237,0.0,0.0650492458415237,0.12247040698795275
1192,pltd_tim398,1,398,diesel,0.0089893542749688,0.0866,-0.0776106457250312,0.019549822107928046
1193,plts_tim398,1,398,solar,0.24725221790702262,0.0,0.24725221790702262,0.3585142309820087
1194,batt_tim398,1,398,battery,0.08468079525569999,0.0,0.08468079525569999,0.16169094032182132
1195,pltd_tim399,1,399,diesel,0.011708393896975613,0.1128,-0.10109160610302438,0.025463083343350568
1196,plts_tim399,1,399,solar,0.322043060165052,0.0,0.322043060165052,0.46696139233281436
1197,batt_tim399,1,399,battery,0.1102965845459853,0.0,0.1102965845459853,0.21060098239766561
1198,pltd_tim400,1,400,diesel,0.009926070098941477,0.0986,-0.08867392990105852,0.02181716613558731
1199,plts_tim400,1,400,solar,0.28195003532712337,0.0,0.28195003532712337,0.4088504150715577
1200,batt_tim400,1,400,battery,0.09818386895418972,0.0,0.09818386895418972,0.1848616534436087
1201,pltd_tim401,1,401,diesel,0.011068702709332984,0.1066,-0.09553129729066702,0.024071938546633705
1202,plts_tim401,1,401,solar,0.30444515614616213,0.0,0.30444515614616213,0.44144469635605293
1203,batt_tim401,1,401,battery,0.10426954430835429,0.0,0.10426954430835429,0.1990928414421662
1204,pltd_tim402,1,402,diesel,0.0070698938955252285,0.0681,-0.06103010610447476,0.015375681029901852
1205,plts_tim402,1,402,solar,0.19445792929294803,0.0,0.19445792929294803,0.28196296063699583
1206,batt_tim402,1,402,battery,0.06659937011914807,0.0,0.06659937011914807,0.1271659127879087
1207,pltd_tim403,1,403,diesel,0.01340396156146058,0.1291,-0.11569603843853941,0.029150518033937083
1208,plts_tim403,1,403,solar,0.36867739362061436,0.0,0.36867739362061436,0.5345813828149515
1209,batt_tim403,1,403,battery,0.12626818203114362,0.0,0.12626818203114362,0.2410977196908937
1210,pltd_tim404,1,404,diesel,0.019034488229194107,0.2175,-0.1984655117708059,0.03828712020552183
1211,plts_tim404,1,404,solar,0.6292979023928762,0.0,0.6292979023928762,0.9129921393536938
1212,batt_tim404,1,404,battery,0.21019585805581467,0.0,0.21019585805581467,0.4140155657048232
1213,pltd_tim405,1,405,diesel,0.017551607561700103,0.2006,-0.1830483924382999,0.035304511217425824
1214,plts_tim405,1,405,solar,0.5802733109754014,0.0,0.5802733109754014,0.8418666921307142
1215,batt_tim405,1,405,battery,0.1938207970933838,0.0,0.1938207970933838,0.38176228438293713
1216,pltd_tim406,1,406,diesel,0.012471369742298493,0.1238,-0.1113286302577015,0.02741018900505299
1217,plts_tim406,1,406,solar,0.3541837470093549,0.0,0.3541837470093549,0.5136156670893169
1218,batt_tim406,1,406,battery,0.12335708547004096,0.0,0.12335708547004096,0.2322314640917338
1219,pltd_tim407,1,407,diesel,0.020534614846565703,0.2039,-0.18336538515343428,0.045134827124609395
1220,plts_tim407,1,407,solar,0.5832832051288109,0.0,0.5832832051288109,0.8458088761736351
1221,batt_tim407,1,407,battery,0.2031192616313073,0.0,0.2031192616313073,0.3824323025576799
1222,pltd_tim408,1,408,diesel,0.016470426432068017,0.1636,-0.147129573567932,0.03620205814400255
1223,plts_tim408,1,408,solar,0.46786754317235174,0.0,0.46786754317235174,0.6784367542302059
1224,batt_tim408,1,408,battery,0.16291832576331625,0.0,0.16291832576331625,0.3067551038265125
1225,pltd_tim409,1,409,diesel,0.006142340342756115,0.0591,-0.05295765965724389,0.01335836322670506
1226,plts_tim409,1,409,solar,0.16894076121895166,0.0,0.16894076121895166,0.2449628063117029
1227,batt_tim409,1,409,battery,0.057860052332197626,0.0,0.057860052332197626,0.1104785237331268
1228,pltd_tim410,1,410,diesel,0.007664204514446413,0.0761,-0.06843579548555359,0.016843917671220454
1229,plts_tim410,1,410,solar,0.2176072089535021,0.0,0.2176072089535021,0.31557730916698074
1230,batt_tim410,1,410,battery,0.07580492604668793,0.0,0.07580492604668793,0.14268823056029623
1231,pltd_tim411,1,411,diesel,0.016475001670650184,0.1587,-0.14222499832934982,0.03582881461168519
1232,plts_tim411,1,411,solar,0.4531484728522378,0.0,0.4531484728522378,0.6570637544602267
1233,batt_tim411,1,411,battery,0.1551985770308468,0.0,0.1551985770308468,0.2963378185572007
1234,pltd_tim412,1,412,diesel,0.012860585380101548,0.147,-0.13413941461989845,0.025868928183878606
1235,plts_tim412,1,412,solar,0.4251764642891888,0.0,0.4251764642891888,0.6168513148634294
1236,batt_tim412,1,412,battery,0.1420160026954007,0.0,0.1420160026954007,0.2797238550106317
1237,pltd_tim413,1,413,diesel,0.01989767968112715,0.1916,-0.17170232031887284,0.04327276056262657
1238,plts_tim413,1,413,solar,0.5472982363744716,0.0,0.5472982363744716,0.7935800993694249
1239,batt_tim413,1,413,battery,0.18744375807366004,0.0,0.18744375807366004,0.3579070553145871
1240,pltd_tim414,1,414,diesel,0.017305556676055885,0.1719,-0.15459444332394412,0.038039681805060795
1241,plts_tim414,1,414,solar,0.4916778297543339,0.0,0.4916778297543339,0.7129371967597328
1242,batt_tim414,1,414,battery,0.17118546044683425,0.0,0.17118546044683425,0.32235420108373064
1243,pltd_tim415,1,415,diesel,0.014547273478683617,0.1445,-0.12995272652131637,0.03197481805900027
1244,plts_tim415,1,415,solar,0.4132392218015272,0.0,0.4132392218015272,0.5992224655018253
1245,batt_tim415,1,415,battery,0.14389584388336252,0.0,0.14389584388336252,0.2709382320384247
1246,pltd_tim416,1,416,diesel,0.019605726352541233,0.1947,-0.17509427364745878,0.04309180478308979
1247,plts_tim416,1,416,solar,0.5568349773527436,0.0,0.5568349773527436,0.8074762911947213
1248,batt_tim416,1,416,battery,0.19392664131002943,0.0,0.19392664131002943,0.3651002040289346
1249,pltd_tim417,1,417,diesel,0.003471664580981455,0.0345,-0.031028335419018546,0.007632345680094015
1250,plts_tim417,1,417,solar,0.09870487471488029,0.0,0.09870487471488029,0.14310168798081968
1251,batt_tim417,1,417,battery,0.034346114021212196,0.0,0.034346114021212196,0.06470349799344968
1252,pltd_tim418,1,418,diesel,0.00570392259080973,0.0567,-0.05099607740919027,0.012540407234315522
1253,plts_tim418,1,418,solar,0.16215309608338974,0.0,0.16215309608338974,0.23509374074944847
1254,batt_tim418,1,418,battery,0.05642875192592175,0.0,0.05642875192592175,0.10629725578550901
1255,pltd_tim419,1,419,diesel,0.0075690639529626584,0.0628,-0.055230936047037334,0.014417047342784801
1256,plts_tim419,1,419,solar,0.18350991083596752,0.0,0.18350991083596752,0.26012066431776565
1257,batt_tim419,1,419,battery,0.06313485684294404,0.0,0.06313485684294404,0.11777906262248497
1258,pltd_tim420,1,420,diesel,0.008021286839023188,0.0823,-0.07427871316097681,0.017100929444172026
1259,plts_tim420,1,420,solar,0.23875042499000565,0.0,0.23875042499000565,0.34239145143648275
1260,batt_tim420,1,420,battery,0.07934782335304054,0.0,0.07934782335304054,0.1550910160143544
1261,pltd_tim421,1,421,diesel,0.004489476632095226,0.0373,-0.03281052336790477,0.008550609215174644
1262,plts_tim421,1,421,solar,0.10884720183520877,0.0,0.10884720183520877,0.1542880195257767
1263,batt_tim421,1,421,battery,0.03744759427800491,0.0,0.03744759427800491,0.06985977095539071
1264,pltd_tim422,1,422,diesel,0.011626418480536617,0.1192,-0.10757358151946339,0.0247870856437316
1265,plts_tim422,1,422,solar,0.3460538160648487,0.0,0.3460538160648487,0.49627425830114247
1266,batt_tim422,1,422,battery,0.11500921813012409,0.0,0.11500921813012409,0.22479408420115923
1267,pltd_tim423,1,423,diesel,0.017093335491419795,0.1953,-0.1782066645085802,0.034382393048699306
1268,plts_tim423,1,423,solar,0.5651202611640854,0.0,0.5651202611640854,0.819882712603379
1269,batt_tim423,1,423,battery,0.18875961762337293,0.0,0.18875961762337293,0.37179315087418185
1270,pltd_tim424,1,424,diesel,0.009058959861449643,0.1035,-0.09444104013855036,0.018221697307163373
1271,plts_tim424,1,424,solar,0.29949597527489075,0.0,0.29949597527489075,0.4345115180132292
1272,batt_tim424,1,424,battery,0.10003628845505294,0.0,0.10003628845505294,0.19703841232838865
1273,pltd_tim425,1,425,diesel,0.015772199864543524,0.1802,-0.16442780013545646,0.03172513261404127
1274,plts_tim425,1,425,solar,0.5214431684598392,0.0,0.5214431684598392,0.7565161508323407
1275,batt_tim425,1,425,battery,0.17417099088262641,0.0,0.17417099088262641,0.34305831332926046
1276,pltd_tim426,1,426,diesel,0.004367566924020616,0.0499,-0.04553243307597939,0.008785378056956982
1277,plts_tim426,1,426,solar,0.1443999509484254,0.0,0.1443999509484254,0.20949701746301352
1278,batt_tim426,1,426,battery,0.04823192688160385,0.0,0.04823192688160385,0.09500100858604048
1279,pltd_tim427,1,427,diesel,0.018252587060366296,0.2086,-0.1903474129396337,0.03671461508281951
1280,plts_tim427,1,427,solar,0.6034479568870663,0.0,0.6034479568870663,0.8754895535516535
1281,batt_tim427,1,427,battery,0.20156181106762733,0.0,0.20156181106762733,0.3970091645999736
1282,pltd_tim428,1,428,diesel,0.018980583107468026,0.2169,-0.19791941689253198,0.038178458601910645
1283,plts_tim428,1,428,solar,0.6275148754765639,0.0,0.6275148754765639,0.9104060571158958
1284,batt_tim428,1,428,battery,0.2096004357688688,0.0,0.2096004357688688,0.41284275566984024
1285,pltd_tim429,1,429,diesel,0.010892406043908101,0.1245,-0.11360759395609189,0.021909765676952755
1286,plts_tim429,1,429,solar,0.3601077525873552,0.0,0.3601077525873552,0.5224483507558517
1287,batt_tim429,1,429,battery,0.120281784267012,0.0,0.120281784267012,0.23691499294361462
1288,pltd_tim430,1,430,diesel,0.01380409496984001,0.1577,-0.14389590503016,0.027766446822798628
1289,plts_tim430,1,430,solar,0.4563744146545772,0.0,0.4563744146545772,0.6621133056899423
1290,batt_tim430,1,430,battery,0.15243675029443352,0.0,0.15243675029443352,0.3002492139333659
1291,pltd_tim431,1,431,diesel,0.011701251583542297,0.1337,-0.12199874841645772,0.023536300394115285
1292,plts_tim431,1,431,solar,0.3868493168161338,0.0,0.3868493168161338,0.5612451044107158
1293,batt_tim431,1,431,battery,0.12921409780027648,0.0,0.12921409780027648,0.25450857686989675
1294,pltd_tim432,1,432,diesel,0.011781858981808864,0.1346,-0.12281814101819113,0.023698473900563254
1295,plts_tim432,1,432,solar,0.3895229501625748,0.0,0.3895229501625748,0.5651244569854503
1296,batt_tim432,1,432,battery,0.13010725385397776,0.0,0.13010725385397776,0.25626781090053447
1297,pltd_tim433,1,433,diesel,0.017341365263608747,0.1722,-0.15485863473639125,0.038114608333239576
1298,plts_tim433,1,433,solar,0.49251508944467337,0.0,0.49251508944467337,0.7142074906700839
1299,batt_tim433,1,433,battery,0.1715287605649535,0.0,0.1715287605649535,0.32292900195074836
1300,pltd_tim434,1,434,diesel,0.0073333497308466335,0.0838,-0.07646665026915336,0.014751066190066274
1301,plts_tim434,1,434,solar,0.24244881756598105,0.0,0.24244881756598105,0.3517473296031515
1302,batt_tim434,1,434,battery,0.0809818823708554,0.0,0.0809818823708554,0.15950695324148872
1303,pltd_tim435,1,435,diesel,0.007603029931045312,0.0869,-0.0792969700689547,0.015293341670892118
1304,plts_tim435,1,435,solar,0.25136272845099805,0.0,0.25136272845099805,0.36467985079756665
1305,batt_tim435,1,435,battery,0.08395934976261814,0.0,0.08395934976261814,0.16537191245965976
1306,pltd_tim436,1,436,diesel,0.01036990320518716,0.1152,-0.10483009679481284,0.022287256275237446
1307,plts_tim436,1,436,solar,0.33142923905323557,0.0,0.33142923905323557,0.4812828160616829
1308,batt_tim436,1,436,battery,0.11013000001188927,0.0,0.11013000001188927,0.21730843604333444
1309,pltd_tim437,1,437,diesel,0.017848245257340942,0.2039,-0.18605175474265906,0.03590079747687551
1310,plts_tim437,1,437,solar,0.5900777440778916,0.0,0.5900777440778916,0.8560919595905746
1311,batt_tim437,1,437,battery,0.19709595393086315,0.0,0.19709595393086315,0.3882130259324967
1312,pltd_tim438,1,438,diesel,0.020687409104227634,0.2055,-0.18481259089577234,0.04547221622298694
1313,plts_tim438,1,438,solar,0.5877103585807838,0.0,0.5877103585807838,0.852200999029898
1314,batt_tim438,1,438,battery,0.204635598630724,0.0,0.204635598630724,0.38532258197439934
1315,pltd_tim439,1,439,diesel,0.008650588449632889,0.0961,-0.08744941155036712,0.018592771049053405
1316,plts_tim439,1,439,solar,0.2764861294513197,0.0,0.2764861294513197,0.4014973366073848
1317,batt_tim439,1,439,battery,0.0918728532544656,0.0,0.0918728532544656,0.18128378921685162
1318,pltd_tim440,1,440,diesel,0.007548918887927093,0.0863,-0.07875108111207291,0.01518456844387914
1319,plts_tim440,1,440,solar,0.24957993355482297,0.0,0.24957993355482297,0.36209375038215375
1320,batt_tim440,1,440,battery,0.08336404958993547,0.0,0.08336404958993547,0.16419914140533073
1321,pltd_tim441,1,441,diesel,0.011164150716629594,0.1109,-0.0997358492833704,0.024540653231744047
1322,plts_tim441,1,441,solar,0.317218162121589,0.0,0.317218162121589,0.4599608571330727
1323,batt_tim441,1,441,battery,0.11043676709833038,0.0,0.11043676709833038,0.20797119633459385
1324,pltd_tim442,1,442,diesel,0.007044551589582041,0.0699,-0.06285544841041796,0.015481194957728147
1325,plts_tim442,1,442,solar,0.19997888048742857,0.0,0.19997888048742857,0.2900229049327804
1326,batt_tim442,1,442,battery,0.0696736437975582,0.0,0.0696736437975582,0.13113394716492643
1327,pltd_tim443,1,443,diesel,0.02178269337748983,0.2252,-0.20341730662251017,0.04171580715189936
1328,plts_tim443,1,443,solar,0.6493065514833315,0.0,0.6493065514833315,0.9429428824987933
1329,batt_tim443,1,443,battery,0.22069402571784244,0.0,0.22069402571784244,0.4269899593467001
1330,pltd_tim444,1,444,diesel,0.009832370390435859,0.0977,-0.08786762960956414,0.021611997293343267
1331,plts_tim444,1,444,solar,0.2793120941114975,0.0,0.2793120941114975,0.4050177099100276
1332,batt_tim444,1,444,battery,0.09725871666764832,0.0,0.09725871666764832,0.1831285777873811
1333,pltd_tim445,1,445,diesel,0.03012191367050252,0.2991,-0.26897808632949743,0.06620608076632678
1334,plts_tim445,1,445,solar,0.8555187363574446,0.0,0.8555187363574446,1.2406006936428273
1335,batt_tim445,1,445,battery,0.2979460021378941,0.0,0.2979460021378941,0.56093738332124
1336,pltd_tim446,1,446,diesel,0.013583712907144592,0.1349,-0.1213162870928554,0.029859108733568195
1337,plts_tim446,1,446,solar,0.38594226501387324,0.0,0.38594226501387324,0.5596172534203744
1338,batt_tim446,1,446,battery,0.1343696498400911,0.0,0.1343696498400911,0.2530308166035907
1339,pltd_tim447,1,447,diesel,0.013682423675350814,0.1359,-0.12221757632464918,0.030071474748587148
1340,plts_tim447,1,447,solar,0.3885343291589058,0.0,0.3885343291589058,0.5634421642769324
1341,batt_tim447,1,447,battery,0.13533325321656178,0.0,0.13533325321656178,0.25476060181260335
1342,pltd_tim448,1,448,diesel,0.010608123334970451,0.1097,-0.09909187666502955,0.020315428735607082
1343,plts_tim448,1,448,solar,0.3162154232389988,0.0,0.3162154232389988,0.459217993921114
1344,batt_tim448,1,448,battery,0.10747912273119818,0.0,0.10747912273119818,0.20794640864603486
1345,pltd_tim449,1,449,diesel,0.01358809434250342,0.1405,-0.1269119056574966,0.02602216114021093
1346,plts_tim449,1,449,solar,0.40503932169898077,0.0,0.40503932169898077,0.5882111582770384
1347,batt_tim449,1,449,battery,0.13766942014516015,0.0,0.13766942014516015,0.2663577648965378
1348,pltd_tim450,1,450,diesel,0.026769727221090785,0.2659,-0.23913027277890925,0.058838773541374546
1349,plts_tim450,1,450,solar,0.7603808137276847,0.0,0.7603808137276847,1.1026178078360542
1350,batt_tim450,1,450,battery,0.2647931679653567,0.0,0.2647931679653567,0.49854863919975956
1351,pltd_tim451,1,451,diesel,0.07683621855230623,0.7631,-0.6862637814476937,0.16888317146346812
1352,plts_tim451,1,451,solar,2.1824490336223885,0.0,2.1824490336223885,3.164753635980605
1353,batt_tim451,1,451,battery,0.760022998614243,0.0,0.760022998614243,1.4309429332935686
1354,pltd_tim452,1,452,diesel,0.024258939084410427,0.2409,-0.21664106091558957,0.05331949181043742
1355,plts_tim452,1,452,solar,0.6889958311806518,0.0,0.6889958311806518,0.9991242923816626
1356,batt_tim452,1,452,battery,0.2399537374189812,0.0,0.2399537374189812,0.45175378998320637
1357,pltd_tim453,1,453,diesel,0.024258939084431014,0.2409,-0.21664106091556898,0.05331949181045813
1358,plts_tim453,1,453,solar,0.6889958311805152,0.0,0.6889958311805152,0.9991242923818333
1359,batt_tim453,1,453,battery,0.23995373741909864,0.0,0.23995373741909864,0.4517537899842636
1360,pltd_tim454,1,454,diesel,0.028479751147946913,0.2828,-0.25432024885205307,0.06259442572968714
1361,plts_tim454,1,454,solar,0.8088042386249287,0.0,0.8088042386249287,1.1728820873841463
1362,batt_tim454,1,454,battery,0.28169812898361696,0.0,0.28169812898361696,0.5303188320753948
1363,pltd_tim455,1,455,diesel,0.01817286348591068,0.1805,-0.1623271365140893,0.03994700211335188
1364,plts_tim455,1,455,solar,0.5163597838759317,0.0,0.5163597838759317,0.7487136072455255
1365,batt_tim455,1,455,battery,0.17976750380490417,0.0,0.17976750380490417,0.33853054674201166
1366,pltd_tim456,1,456,diesel,0.02105667247270888,0.2406,-0.21954332752729114,0.04235489307334957
1367,plts_tim456,1,456,solar,0.6961491348627875,0.0,0.6961491348627875,1.0099807212347407
1368,batt_tim456,1,456,battery,0.23252523238199835,0.0,0.23252523238199835,0.4579969101738221
1369,pltd_tim457,1,457,diesel,0.017093335491432455,0.1953,-0.17820666450856754,0.0343823930488221
1370,plts_tim457,1,457,solar,0.5651202611638363,0.0,0.5651202611638363,0.8198827126010884
1371,batt_tim457,1,457,battery,0.18875961762312746,0.0,0.18875961762312746,0.3717931508621995
1372,pltd_tim458,1,458,diesel,0.027176980006709813,0.3105,-0.2833230199932902,0.054665304622511506
1373,plts_tim458,1,458,solar,0.8984872298167829,0.0,0.8984872298167829,1.3035350606993492
1374,batt_tim458,1,458,battery,0.3001094990203096,0.0,0.3001094990203096,0.5911151783381208
1375,pltd_tim459,1,459,diesel,0.008466014548009352,0.0967,-0.08823398545199064,0.017028906596056704
1376,plts_tim459,1,459,solar,0.2798862230935595,0.0,0.2798862230935595,0.4060612176939749
1377,batt_tim459,1,459,battery,0.09348650848356979,0.0,0.09348650848356979,0.18413701964553558
1378,pltd_tim460,1,460,diesel,0.01499033261791843,0.1713,-0.15630966738208157,0.03015259509311184
1379,plts_tim460,1,460,solar,0.4955941089291734,0.0,0.4955941089291734,0.7190129654249612
1380,batt_tim460,1,460,battery,0.16553641019077922,0.0,0.16553641019077922,0.3260516979873815
1381,pltd_tim461,1,461,diesel,0.02507186919167616,0.2659,-0.24082813080832385,0.04698209500432377
1382,plts_tim461,1,461,solar,0.7592732622536565,0.0,0.7592732622536565,1.1159278375209458
1383,batt_tim461,1,461,battery,0.26331379838605373,0.0,0.26331379838605373,0.5065572095844353
1384,pltd_tim462,1,462,diesel,0.025871696320645093,0.2668,-0.2409283036793549,0.046436173929399624
1385,plts_tim462,1,462,solar,0.7599999096989626,0.0,0.7599999096989626,1.1203232779672356
1386,batt_tim462,1,462,battery,0.26319591186102986,0.0,0.26319591186102986,0.5072531269763544
1387,pltd_tim463,1,463,diesel,0.01830656927012746,0.2092,-0.19089343072987253,0.03682302086128037
1388,plts_tim463,1,463,solar,0.605230751783656,0.0,0.605230751783656,0.8780756871618403
1389,batt_tim463,1,463,battery,0.2021571112403472,0.0,0.2021571112403472,0.3981818536660811
1390,pltd_tim464,1,464,diesel,0.025639989322821858,0.293,-0.26736001067717813,0.05157358928417004
1391,plts_tim464,1,464,solar,0.8476801597349366,0.0,0.8476801597349366,1.229823782521537
1392,batt_tim464,1,464,battery,0.28313930432038537,0.0,0.28313930432038537,0.5576897808051394
1393,pltd_tim465,1,465,diesel,0.013372552536576363,0.1528,-0.13942744746342361,0.02689825198255573
1394,plts_tim465,1,465,solar,0.44211340549977285,0.0,0.44211340549977285,0.6414228590684601
1395,batt_tim465,1,465,battery,0.1476730594369343,0.0,0.1476730594369343,0.2908669500453586
1396,pltd_tim466,1,466,diesel,0.042005375185472545,0.48,-0.43799462481452744,0.08449195548387856
1397,plts_tim466,1,466,solar,1.3887332703041158,0.0,1.3887332703041158,2.014789974786447
1398,batt_tim466,1,466,battery,0.46386017512739797,0.0,0.46386017512739797,0.9136492435943113
1399,pltd_tim467,1,467,diesel,0.004529417073158686,0.0518,-0.04727058292684131,0.009111339241268782
1400,plts_tim467,1,467,solar,0.14974740755833552,0.0,0.14974740755833552,0.2172559756761527
1401,batt_tim467,1,467,battery,0.05001833894344159,0.0,0.05001833894344159,0.09851920655470846
1402,pltd_tim468,1,468,diesel,0.021245329993583452,0.2428,-0.22155467000641654,0.042734273184159094
1403,plts_tim468,1,468,solar,0.7023882101933968,0.0,0.7023882101933968,1.019033482899948
1404,batt_tim468,1,468,battery,0.2346099109885053,0.0,0.2346099109885053,0.46210219759713056
1405,pltd_tim469,1,469,diesel,0.011539266516025439,0.1319,-0.12036073348397455,0.023210728456685936
1406,plts_tim469,1,469,solar,0.3815003838759893,0.0,0.3815003838759893,0.5534855996679449
1407,batt_tim469,1,469,battery,0.12742790873261228,0.0,0.12742790873261228,0.2509897636204033
1408,pltd_tim470,1,470,diesel,0.007306426010659457,0.0835,-0.07619357398934054,0.014696668931350963
1409,plts_tim470,1,470,solar,0.24155713524738362,0.0,0.24155713524738362,0.35045467423482013
1410,batt_tim470,1,470,battery,0.08068458235432284,0.0,0.08068458235432284,0.15892105060131742
1411,pltd_tim471,1,471,diesel,0.015233085243788568,0.1741,-0.15886691475621142,0.030641103984734328
1412,plts_tim471,1,471,solar,0.5036154309048241,0.0,0.5036154309048241,0.7306514026106572
1413,batt_tim471,1,471,battery,0.16821610042078342,0.0,0.16821610042078342,0.33132912295384115
1414,pltd_tim472,1,472,diesel,0.005527037704905184,0.0632,-0.057672962295094825,0.011117290851945556
1415,plts_tim472,1,472,solar,0.18272815282607374,0.0,0.18272815282607374,0.2651042849834751
1416,batt_tim472,1,472,battery,0.061034386714786684,0.0,0.061034386714786684,0.1202171660398399
1417,pltd_tim473,1,473,diesel,0.0036665987004563605,0.0419,-0.03823340129954364,0.0073752020017331275
1418,plts_tim473,1,473,solar,0.12122414492947506,0.0,0.12122414492947506,0.17587395599689115
1419,batt_tim473,1,473,battery,0.040491302336563895,0.0,0.040491302336563895,0.07975413671781087
1420,pltd_tim474,1,474,diesel,0.005284401280268263,0.0604,-0.05511559871973174,0.010630013834383346
1421,plts_tim474,1,474,solar,0.17470484837232944,0.0,0.17470484837232944,0.25346480243372016
1422,batt_tim474,1,474,battery,0.05835465309043509,0.0,0.05835465309043509,0.11493875751922698
1423,pltd_tim475,1,475,diesel,0.009786761261846286,0.1118,-0.10201323873815371,0.01968567157123571
1424,plts_tim475,1,475,solar,0.32356196578490437,0.0,0.32356196578490437,0.4694278276450191
1425,batt_tim475,1,475,battery,0.10807542469987785,0.0,0.10807542469987785,0.21287215803441645
1426,pltd_tim476,1,476,diesel,0.004960912423820578,0.0567,-0.05173908757617942,0.009978387757428549
1427,plts_tim476,1,476,solar,0.16400989304770658,0.0,0.16400989304770658,0.23794699017098603
1428,batt_tim476,1,476,battery,0.0547818068063626,0.0,0.0547818068063626,0.1079020541293695
1429,pltd_tim477,1,477,diesel,0.012375167844579638,0.1229,-0.11052483215542036,0.02720151461120305
1430,plts_tim477,1,477,solar,0.3515687443156244,0.0,0.3515687443156244,0.5097872695962651
1431,batt_tim477,1,477,battery,0.1224129348078213,0.0,0.1224129348078213,0.23050029430608882
1432,pltd_tim478,1,478,diesel,0.015933917875026325,0.1821,-0.1661660821249737,0.03205050132979499
1433,plts_tim478,1,478,solar,0.5267920592945813,0.0,0.5267920592945813,0.7642752768118473
1434,batt_tim478,1,478,battery,0.17595715779008325,0.0,0.17595715779008325,0.34657693655243077
1435,pltd_tim479,1,479,diesel,0.018458341112247038,0.1778,-0.15934165888775298,0.040141856565603845
1436,plts_tim479,1,479,solar,0.5077028025260377,0.0,0.5077028025260377,0.736167320863624
1437,batt_tim479,1,479,battery,0.17388283846191757,0.0,0.17388283846191757,0.3320138484732783
1438,pltd_tim480,1,480,diesel,0.00819271002447254,0.0813,-0.07310728997552746,0.018004397609399755
1439,plts_tim480,1,480,solar,0.2325746581436597,0.0,0.2325746581436597,0.3372959213409329
1440,batt_tim480,1,480,battery,0.08103090214246016,0.0,0.08103090214246016,0.15250855204928715
1441,pltd_tim481,1,481,diesel,0.01730555667602179,0.1719,-0.1545944433239782,0.038039681805029715
1442,plts_tim481,1,481,solar,0.4916778297545898,0.0,0.4916778297545898,0.7129371967598817
1443,batt_tim481,1,481,battery,0.17118546044659955,0.0,0.17118546044659955,0.3223542010843982
1444,pltd_tim482,1,482,diesel,0.017114603928174973,0.1648,-0.14768539607182501,0.03722028961590575
1445,plts_tim482,1,482,solar,0.4707469092554496,0.0,0.4707469092554496,0.6825810993194705
1446,batt_tim482,1,482,battery,0.16122589825007375,0.0,0.16122589825007375,0.30784632645488685
1447,pltd_tim483,1,483,diesel,0.03685265376621244,0.3549,-0.31804734623378755,0.0801457465380508
1448,plts_tim483,1,483,solar,1.0136446989230508,0.0,1.0136446989230508,1.4697812009527678
1449,batt_tim483,1,483,battery,0.347162384152862,0.0,0.347162384152862,0.6628757863990028
1450,pltd_tim484,1,484,diesel,0.010352996330507767,0.1183,-0.10794700366949224,0.020824897250037343
1451,plts_tim484,1,484,solar,0.3422808374092036,0.0,0.3422808374092036,0.4965845675486995
1452,batt_tim484,1,484,battery,0.11432732662929429,0.0,0.11432732662929429,0.22518674397843585
1453,pltd_tim485,1,485,diesel,0.014022319685835524,0.1392,-0.12517768031416446,0.030819950373109802
1454,plts_tim485,1,485,solar,0.39823736499442836,0.0,0.39823736499442836,0.5774975363328669
1455,batt_tim485,1,485,battery,0.1386981985464735,0.0,0.1386981985464735,0.2611152841872606
1456,pltd_tim486,1,486,diesel,0.011475925307740368,0.114,-0.10252407469225963,0.025224418218392552
1457,plts_tim486,1,486,solar,0.32601512261865634,0.0,0.32601512261865634,0.47273497349437554
1458,batt_tim486,1,486,battery,0.11351677045458006,0.0,0.11351677045458006,0.21374696765562679
1459,pltd_tim487,1,487,diesel,0.018701398804107733,0.1762,-0.15749860119589226,0.037148456207695475
1460,plts_tim487,1,487,solar,0.5156029664557554,0.0,0.5156029664557554,0.7327890128236679
1461,batt_tim487,1,487,battery,0.17161363620746387,0.0,0.17161363620746387,0.3310949643318546
1462,pltd_tim488,1,488,diesel,0.015046104637817945,0.1494,-0.13435389536218206,0.03307031332366677
1463,plts_tim488,1,488,solar,0.42731206470231287,0.0,0.42731206470231287,0.6196601176376495
1464,batt_tim488,1,488,battery,0.1488249098696647,0.0,0.1488249098696647,0.28017925878827266
1465,pltd_tim489,1,489,diesel,0.011829623442172112,0.1124,-0.10057037655782788,0.02466198451877169
1466,plts_tim489,1,489,solar,0.3239057350959237,0.0,0.3239057350959237,0.4666958935081639
1467,batt_tim489,1,489,battery,0.1113135203985021,0.0,0.1113135203985021,0.21156075496821736
1468,pltd_tim490,1,490,diesel,0.008097770112588618,0.0804,-0.07230222988741138,0.017797394651024437
1469,plts_tim490,1,490,solar,0.2299481859967457,0.0,0.2299481859967457,0.33346530806223906
1470,batt_tim490,1,490,battery,0.08009575082790772,0.0,0.08009575082790772,0.15077639396951317
1471,pltd_tim491,1,491,diesel,0.01581987229840119,0.1571,-0.1412801277015988,0.03477177804819113
1472,plts_tim491,1,491,solar,0.4493560775831422,0.0,0.4493560775831422,0.6516047026555759
1473,batt_tim491,1,491,battery,0.156482255278421,0.0,0.156482255278421,0.2946230892115273
1474,pltd_tim492,1,492,diesel,0.006113145863220836,0.0607,-0.05458685413677916,0.01343457550217295
1475,plts_tim492,1,492,solar,0.17355359107465926,0.0,0.17355359107465926,0.25169456241690685
1476,batt_tim492,1,492,battery,0.06046302523267483,0.0,0.06046302523267483,0.11380389630153999
1477,pltd_tim493,1,493,diesel,0.048049734051634325,0.4772,-0.4291502659483657,0.10561175935826972
1478,plts_tim493,1,493,solar,1.3648019569551584,0.0,1.3648019569551584,1.9790887797901848
1479,batt_tim493,1,493,battery,0.4752822572687462,0.0,0.4752822572687462,0.8948447924445364
1480,pltd_tim494,1,494,diesel,0.016996254153430587,0.1688,-0.15180374584656942,0.03735920285670996
1481,plts_tim494,1,494,solar,0.48285793072564553,0.0,0.48285793072564553,0.7001590876519502
1482,batt_tim494,1,494,battery,0.16812484929912655,0.0,0.16812484929912655,0.3165767982210626
1483,pltd_tim495,1,495,diesel,0.03055429757661165,0.3035,-0.27294570242338834,0.06715762793484038
1484,plts_tim495,1,495,solar,0.8678711827162815,0.0,0.8678711827162815,1.2584908279133429
1485,batt_tim495,1,495,battery,0.30222716101919356,0.0,0.30222716101919356,0.5690264280607572
1486,pltd_tim496,1,496,diesel,0.014303587973026149,0.1479,-0.13359641202697387,0.027392285720986318
1487,plts_tim496,1,496,solar,0.4263561671395366,0.0,0.4263561671395366,0.6191686211984967
1488,batt_tim496,1,496,battery,0.1449153868637468,0.0,0.1449153868637468,0.2803760031640795
1489,pltd_tim497,1,497,diesel,0.008530227640631242,0.0847,-0.07616977235936875,0.01874937925513019
1490,plts_tim497,1,497,solar,0.2423006321617345,0.0,0.2423006321617345,0.35135573343105814
1491,batt_tim497,1,497,battery,0.08437724320360623,0.0,0.08437724320360623,0.15886543063019548
1492,pltd_tim498,1,498,diesel,0.012530501097934944,0.1245,-0.11196949890206506,0.027542513673181467
1493,plts_tim498,1,498,solar,0.35597295918828,0.0,0.35597295918828,0.5161756648632789
1494,batt_tim498,1,498,battery,0.1239482702305838,0.0,0.1239482702305838,0.2333886684926564
1495,pltd_tim499,1,499,diesel,0.006392837513042964,0.0635,-0.05710716248695703,0.014048699725640747
1496,plts_tim499,1,499,solar,0.18147888412407182,0.0,0.18147888412407182,0.2631932949508979
1497,batt_tim499,1,499,battery,0.06322863464560226,0.0,0.06322863464560226,0.11900318041944928
1498,pltd_tim500,1,500,diesel,0.014547273478751293,0.1445,-0.1299527265212487,0.03197481805912229
1499,plts_tim500,1,500,solar,0.41323922180072553,0.0,0.41323922180072553,0.5992224655021181
1500,batt_tim500,1,500,battery,0.1438958438840582,0.0,0.1438958438840582,0.27093823204071665
1501,pltd_tim501,1,501,diesel,0.011044751493430217,0.1097,-0.09865524850656979,0.024274816230692293
1502,plts_tim501,1,501,solar,0.31365120710132355,0.0,0.31365120710132355,0.45484319912410254
1503,batt_tim501,1,501,battery,0.10924500450077619,0.0,0.10924500450077619,0.20565734132495717
1504,pltd_tim502,1,502,diesel,0.011602779225491888,0.1152,-0.10359722077450811,0.025501950397474868
1505,plts_tim502,1,502,solar,0.32951326218161725,0.0,0.32951326218161725,0.4778407837491752
1506,batt_tim502,1,502,battery,0.11476498240534298,0.0,0.11476498240534298,0.2160557078902162
1507,pltd_tim503,1,503,diesel,0.015568491019107318,0.1547,-0.1391315089808927,0.034221583957690746
1508,plts_tim503,1,503,solar,0.4423368600746013,0.0,0.4423368600746013,0.6413888332673805
1509,batt_tim503,1,503,battery,0.15400310247858676,0.0,0.15400310247858676,0.290003501774224
1510,pltd_tim504,1,504,diesel,0.013583712907106629,0.1349,-0.12131628709289337,0.029859108733528986
1511,plts_tim504,1,504,solar,0.38594226501418233,0.0,0.38594226501418233,0.5596172534202078
1512,batt_tim504,1,504,battery,0.13436964983980304,0.0,0.13436964983980304,0.25303081660246135
1513,pltd_tim505,1,505,diesel,0.014208428721685581,0.1411,-0.1268915712783144,0.031228793146201056
1514,plts_tim505,1,505,solar,0.40352471668376955,0.0,0.40352471668376955,0.5851641458361323
1515,batt_tim505,1,505,battery,0.14053904961779784,0.0,0.14053904961779784,0.2645818171996331
1516,pltd_tim506,1,506,diesel,0.014701147410138305,0.146,-0.13129885258986168,0.03231450256484617
1517,plts_tim506,1,506,solar,0.417654905945844,0.0,0.417654905945844,0.605612129476673
1518,batt_tim506,1,506,battery,0.14542105912646294,0.0,0.14542105912646294,0.2738271078200669
1519,pltd_tim507,1,507,diesel,0.01805098382604903,0.1793,-0.16124901617395096,0.039677336638269826
1520,plts_tim507,1,507,solar,0.5128157672584006,0.0,0.5128157672584006,0.7436000417960681
1521,batt_tim507,1,507,battery,0.17855674293076962,0.0,0.17855674293076962,0.33621864977897054
1522,pltd_tim508,1,508,diesel,0.004778965377138458,0.0474,-0.04262103462286154,0.010502346480496381
1523,plts_tim508,1,508,solar,0.13567046148055437,0.0,0.13567046148055437,0.19675637234966742
1524,batt_tim508,1,508,battery,0.04726603700626003,0.0,0.04726603700626003,0.08896337348992735
1525,pltd_tim509,1,509,diesel,0.006113145861978864,0.0607,-0.05458685413802113,0.013434575500446265
1526,plts_tim509,1,509,solar,0.17355359108582616,0.0,0.17355359108582616,0.2516945624182822
1527,batt_tim509,1,509,battery,0.060463025223341266,0.0,0.060463025223341266,0.11380389629958648
1528,pltd_tim510,1,510,diesel,0.005086880552881974,0.0505,-0.04541311944711803,0.011180930825880477
1529,plts_tim510,1,510,solar,0.14450182907724105,0.0,0.14450182907724105,0.20953621477324527
1530,batt_tim510,1,510,battery,0.050317649541867744,0.0,0.050317649541867744,0.09474189889518726
1531,pltd_tim511,1,511,diesel,0.012715209351341423,0.1263,-0.11358479064865858,0.027949995378405482
1532,plts_tim511,1,511,solar,0.36127178014572553,0.0,0.36127178014572553,0.523843603907929
1533,batt_tim511,1,511,battery,0.12577866779192842,0.0,0.12577866779192842,0.23685553060660894
1534,pltd_tim512,1,512,diesel,0.0070087564516199624,0.0696,-0.06259124354838003,0.015406028635304965
1535,plts_tim512,1,512,solar,0.19914161997202248,0.0,0.19914161997202248,0.2887531299259679
1536,batt_tim512,1,512,battery,0.0693311320148928,0.0,0.0693311320148928,0.13055967865538562
1537,pltd_tim513,1,513,diesel,0.00961314395040188,0.0955,-0.08588685604959811,0.02113127448137286
1538,plts_tim513,1,513,solar,0.2731645440303178,0.0,0.2731645440303178,0.39607801051325153
1539,batt_tim513,1,513,battery,0.09509447263581591,0.0,0.09509447263581591,0.1790863615863441
1540,pltd_tim514,1,514,diesel,0.013463153747183283,0.1337,-0.12023684625281673,0.029591418510896934
1541,plts_tim514,1,514,solar,0.3823867791654615,0.0,0.3823867791654615,0.5545021173831703
1542,batt_tim514,1,514,battery,0.1331686152869291,0.0,0.1331686152869291,0.2507181325583334
1543,pltd_tim515,1,515,diesel,0.011418107770643235,0.1134,-0.10198189222935676,0.025094111643988316
1544,plts_tim515,1,515,solar,0.3242144412366879,0.0,0.3242144412366879,0.4701731423564029
1545,batt_tim515,1,515,battery,0.11293491816699634,0.0,0.11293491816699634,0.21258876989027403
1546,pltd_tim516,1,516,diesel,0.013554199090863353,0.1346,-0.12104580090913665,0.029793020406513573
1547,plts_tim516,1,516,solar,0.38504765891850007,0.0,0.38504765891850007,0.5583374338265462
1548,batt_tim516,1,516,battery,0.13407419388562364,0.0,0.13407419388562364,0.2524519760096183
1549,pltd_tim517,1,517,diesel,0.010635645191268904,0.1057,-0.0950643548087311,0.023380173272245224
1550,plts_tim517,1,517,solar,0.30225071306791895,0.0,0.30225071306791895,0.43824224498214837
1551,batt_tim517,1,517,battery,0.1052107908891367,0.0,0.1052107908891367,0.19815087485500552
1552,pltd_tim518,1,518,diesel,0.006793140262395794,0.0675,-0.06070685973760421,0.014931388705207597
1553,plts_tim518,1,518,solar,0.19295966232418185,0.0,0.19295966232418185,0.2798071548217505
1554,batt_tim518,1,518,battery,0.06719488536679832,0.0,0.06719488536679832,0.12651464001576576
1555,pltd_tim519,1,519,diesel,0.005584647051120863,0.0555,-0.04991535294887914,0.012273818744847094
1556,plts_tim519,1,519,solar,0.1585861417100088,0.0,0.1585861417100088,0.2299767626656167
1557,batt_tim519,1,519,battery,0.055238109773429356,0.0,0.055238109773429356,0.10398401208345824
1558,pltd_tim520,1,520,diesel,0.016074974248687496,0.1596,-0.14352502575131248,0.03532721001439217
1559,plts_tim520,1,520,solar,0.45634088734595346,0.0,0.45634088734595346,0.6618148677043396
1560,batt_tim520,1,520,battery,0.15898973894422103,0.0,0.15898973894422103,0.29923985482653326
1561,pltd_tim521,1,521,diesel,0.012497718047254901,0.1282,-0.11570228195274511,0.026644868595101977
1562,plts_tim521,1,521,solar,0.371985147833024,0.0,0.371985147833024,0.5334624762532592
1563,batt_tim521,1,521,battery,0.12362773208577882,0.0,0.12362773208577882,0.2416389301042013
1564,pltd_tim522,1,522,diesel,0.010574829627535216,0.1084,-0.09782517037246478,0.022544973131214986
1565,plts_tim522,1,522,solar,0.314757286920456,0.0,0.314757286920456,0.4513920834972008
1566,batt_tim522,1,522,battery,0.10460817015734117,0.0,0.10460817015734117,0.20446432247177207
1567,pltd_tim523,1,523,diesel,0.004562065499565315,0.0453,-0.04073793450043468,0.010025801726692032
1568,plts_tim523,1,523,solar,0.1294999729609077,0.0,0.1294999729609077,0.187811763589709
1569,batt_tim523,1,523,battery,0.045120397455979025,0.0,0.045120397455979025,0.08491913879559733
1570,pltd_tim524,1,524,diesel,0.010364428424195667,0.1063,-0.09593557157580435,0.02209609250662934
1571,plts_tim524,1,524,solar,0.3084982785731814,0.0,0.3084982785731814,0.4424161130664968
1572,batt_tim524,1,524,battery,0.10252791323669734,0.0,0.10252791323669734,0.20039870713198576
1573,pltd_tim525,1,525,diesel,0.009553601360770346,0.098,-0.08844639863922965,0.02036805612887579
1574,plts_tim525,1,525,solar,0.28435394718573187,0.0,0.28435394718573187,0.40779082256552873
1575,batt_tim525,1,525,battery,0.09450352608744063,0.0,0.09450352608744063,0.18471426006075284
1576,pltd_tim526,1,526,diesel,0.007866721236560468,0.0813,-0.07343327876343952,0.015064841300473036
1577,plts_tim526,1,526,solar,0.23449734988517765,0.0,0.23449734988517765,0.34054380362121833
1578,batt_tim526,1,526,battery,0.07970392382246703,0.0,0.07970392382246703,0.1542075566221871
1579,pltd_tim527,1,527,diesel,0.007687945055801078,0.0795,-0.07181205494419893,0.01472312404293213
1580,plts_tim527,1,527,solar,0.22916667837882534,0.0,0.22916667837882534,0.33280333839870235
1581,batt_tim527,1,527,battery,0.07789241997516941,0.0,0.07789241997516941,0.1507024289065467
1582,pltd_tim528,1,528,diesel,0.007449523478359062,0.077,-0.06955047652164094,0.014266486007806065
1583,plts_tim528,1,528,solar,0.22206152650429026,0.0,0.22206152650429026,0.32248404849971224
1584,batt_tim528,1,528,battery,0.07547667288914955,0.0,0.07547667288914955,0.14602948986080816
1585,pltd_tim529,1,529,diesel,0.023915235432750887,0.2375,-0.2135847645672491,0.05256550125061831
1586,plts_tim529,1,529,solar,0.679327203212038,0.0,0.679327203212038,0.9850743815653296
1587,batt_tim529,1,529,battery,0.2365593401393529,0.0,0.2365593401393529,0.4454013258505564
1588,pltd_tim530,1,530,diesel,0.012914545089564078,0.1476,-0.13468545491043593,0.02597741863177292
1589,plts_tim530,1,530,solar,0.42695925918526206,0.0,0.42695925918526206,0.6194372902581
1590,batt_tim530,1,530,battery,0.1426113028682242,0.0,0.1426113028682242,0.2808966416327099
1591,pltd_tim531,1,531,diesel,0.01767060711256705,0.1827,-0.16502939288743296,0.03384068525335797
1592,plts_tim531,1,531,solar,0.5267284643434781,0.0,0.5267284643434781,0.7649316123276386
1593,batt_tim531,1,531,battery,0.17903071731246742,0.0,0.17903071731246742,0.34638142387944976
1594,pltd_tim532,1,532,diesel,0.02148466941860654,0.2221,-0.20061533058139344,0.04114476153913879
1595,plts_tim532,1,532,solar,0.6404240529082219,0.0,0.6404240529082219,0.9300443216326014
1596,batt_tim532,1,532,battery,0.21767553922188732,0.0,0.21767553922188732,0.4211493262556499
1597,pltd_tim533,1,533,diesel,0.005614110747407662,0.0558,-0.05018588925259234,0.012340395618821663
1598,plts_tim533,1,533,solar,0.15948074748169824,0.0,0.15948074748169824,0.23125596539462687
1599,batt_tim533,1,533,battery,0.055532778347300665,0.0,0.055532778347300665,0.10456214559234377
1600,pltd_tim534,1,534,diesel,0.008097770112110837,0.0804,-0.07230222988788916,0.017797394650341823
1601,plts_tim534,1,534,solar,0.22994818600118713,0.0,0.22994818600118713,0.3334653080624224
1602,batt_tim534,1,534,battery,0.08009575082416799,0.0,0.08009575082416799,0.15077639396674417
1603,pltd_tim535,1,535,diesel,0.011797223231553217,0.1121,-0.10030277676844679,0.024593710373109024
1604,plts_tim535,1,535,solar,0.3230190161946504,0.0,0.3230190161946504,0.46541802692562134
1605,batt_tim535,1,535,battery,0.11100867030628071,0.0,0.11100867030628071,0.2109816371599301
1606,pltd_tim536,1,536,diesel,0.008502071099091348,0.0844,-0.07589792890090866,0.018684878485283586
1607,plts_tim536,1,536,solar,0.24139455705831084,0.0,0.24139455705831084,0.3500738761740418
1608,batt_tim536,1,536,battery,0.08409118005157937,0.0,0.08409118005157937,0.15828586965407648
1609,pltd_tim537,1,537,diesel,0.010051757389461166,0.0998,-0.08974824261053883,0.02209225067582165
1610,plts_tim537,1,537,solar,0.28545964417009706,0.0,0.28545964417009706,0.4139586518278772
1611,batt_tim537,1,537,battery,0.09942374836793422,0.0,0.09942374836793422,0.1871712828538009
1612,pltd_tim538,1,538,diesel,0.006543159798236883,0.065,-0.058456840201763116,0.014382754578088125
1613,plts_tim538,1,538,solar,0.18592897525622426,0.0,0.18592897525622426,0.26958925408914014
1614,batt_tim538,1,538,battery,0.06472585298606735,0.0,0.06472585298606735,0.1218947177874237
1615,pltd_tim539,1,539,diesel,0.008531960463976274,0.0875,-0.07896803953602372,0.01818943108291542
1616,plts_tim539,1,539,solar,0.2539525834261947,0.0,0.2539525834261947,0.36419183158432933
1617,batt_tim539,1,539,battery,0.0843998961304731,0.0,0.0843998961304731,0.1649660369268341
1618,pltd_tim540,1,540,diesel,0.011118451030085552,0.1235,-0.11238154896991445,0.023896294866070818
1619,plts_tim540,1,540,solar,0.35535577616324837,0.0,0.35535577616324837,0.5160276043168774
1620,batt_tim540,1,540,battery,0.11808041399050903,0.0,0.11808041399050903,0.23299614096828636
1621,pltd_tim541,1,541,diesel,0.017587707058829533,0.1747,-0.15711229294117046,0.038657517216091265
1622,plts_tim541,1,541,solar,0.499580184086256,0.0,0.499580184086256,0.7244313088425831
1623,batt_tim541,1,541,battery,0.17396934123993696,0.0,0.17396934123993696,0.32755124032086513
1624,pltd_tim542,1,542,diesel,0.015360644643062263,0.1707,-0.15533935535693771,0.03301398062599339
1625,plts_tim542,1,542,solar,0.4909396173607351,0.0,0.4909396173607351,0.7129155951931193
1626,batt_tim542,1,542,battery,0.16313349175567737,0.0,0.16313349175567737,0.3218949168330857
1627,pltd_tim543,1,543,diesel,0.012532240503117206,0.1392,-0.12666775949688278,0.026934812583551217
1628,plts_tim543,1,543,solar,0.4005508644733709,0.0,0.4005508644733709,0.5816574795490037
1629,batt_tim543,1,543,battery,0.1330980096841402,0.0,0.1330980096841402,0.26262957659030084
1630,pltd_tim544,1,544,diesel,0.013530274155044621,0.1503,-0.13676972584495536,0.029080472668608626
1631,plts_tim544,1,544,solar,0.4324528919326899,0.0,0.4324528919326899,0.6279838883749532
1632,batt_tim544,1,544,battery,0.14369888401831205,0.0,0.14369888401831205,0.2835469951597777
1633,pltd_tim545,1,545,diesel,0.012888011501684556,0.1322,-0.11931198849831545,0.027476574657071533
1634,plts_tim545,1,545,solar,0.38361079663308906,0.0,0.38361079663308906,0.5501345178392879
1635,batt_tim545,1,545,battery,0.12749126364117414,0.0,0.12749126364117414,0.24919106372567304
1636,pltd_tim546,1,546,diesel,0.009066757587067467,0.1007,-0.09163324241293253,0.01948657961191956
1637,plts_tim546,1,546,solar,0.28977813878956704,0.0,0.28977813878956704,0.42080006482362836
1638,batt_tim546,1,546,battery,0.09629005074164922,0.0,0.09629005074164922,0.1899992186689205
1639,pltd_tim547,1,547,diesel,0.015415735649570626,0.1713,-0.15588426435042937,0.03313279477555312
1640,plts_tim547,1,547,solar,0.4927122357756391,0.0,0.4927122357756391,0.7154893751247362
1641,batt_tim547,1,547,battery,0.1637226260451082,0.0,0.1637226260451082,0.32305738927000144
1642,pltd_tim548,1,548,diesel,0.010812592289348584,0.1041,-0.09328740771065142,0.023514954237583867
1643,plts_tim548,1,548,solar,0.29740585705860534,0.0,0.29740585705860534,0.431237588894493
1644,batt_tim548,1,548,battery,0.10185865555742614,0.0,0.10185865555742614,0.19448965000597468
1645,pltd_tim549,1,549,diesel,0.028471223893606852,0.2742,-0.24572877610639315,0.06191859159314224
1646,plts_tim549,1,549,solar,0.7831111965682488,0.0,0.7831111965682488,1.135507549051983
1647,batt_tim549,1,549,battery,0.2682066500391051,0.0,0.2682066500391051,0.5121173611738226
1648,pltd_tim550,1,550,diesel,0.013755729543264343,0.1325,-0.11874427045673566,0.029915466405543448
1649,plts_tim550,1,550,solar,0.3783568984776854,0.0,0.3783568984776854,0.5486165928743258
1650,batt_tim550,1,550,battery,0.12958340131889617,0.0,0.12958340131889617,0.24742779875729864
1651,pltd_tim551,1,551,diesel,0.008733264647126244,0.0841,-0.07536673535287375,0.018992828715135936
1652,plts_tim551,1,551,solar,0.2402126747690993,0.0,0.2402126747690993,0.3483074015306318
1653,batt_tim551,1,551,battery,0.0822697777017049,0.0,0.0822697777017049,0.15708772230444015
1654,pltd_tim552,1,552,diesel,0.01392887416947388,0.1383,-0.12437112583052612,0.03061397644766956
1655,plts_tim552,1,552,solar,0.3955994237715971,0.0,0.3955994237715971,0.5736668555172525
1656,batt_tim552,1,552,battery,0.1377750153900224,0.0,0.1377750153900224,0.25938364750864684
1657,pltd_tim553,1,553,diesel,0.010524643997511157,0.1014,-0.09087535600248885,0.022888685161781178
1658,plts_tim553,1,553,solar,0.28948696994047635,0.0,0.28948696994047635,0.4197555966409323
1659,batt_tim553,1,553,battery,0.09914657692574294,0.0,0.09914657692574294,0.18931141458544218
1660,pltd_tim554,1,554,diesel,0.02076150548149425,0.1999,-0.17913849451850575,0.04515153071600461
1661,plts_tim554,1,554,solar,0.5710553633579879,0.0,0.5710553633579879,0.8280281661830798
1662,batt_tim554,1,554,battery,0.19558023957010404,0.0,0.19558023957010404,0.3734432692270118
1663,pltd_tim555,1,555,diesel,0.005790344023045294,0.0558,-0.05000965597695471,0.012592890605362493
1664,plts_tim555,1,555,solar,0.1592615889627379,0.0,0.1592615889627379,0.2309285287619118
1665,batt_tim555,1,555,battery,0.05454500861222214,0.0,0.05454500861222214,0.10414918587798114
1666,pltd_tim556,1,556,diesel,0.015819872298258625,0.1571,-0.14128012770174136,0.034771778047966044
1667,plts_tim556,1,556,solar,0.4493560775847284,0.0,0.4493560775847284,0.6516047026547653
1668,batt_tim556,1,556,battery,0.15648225527701615,0.0,0.15648225527701615,0.29462308920578206
1669,pltd_tim557,1,557,diesel,0.01739975070991301,0.1482,-0.130800249290087,0.036061819952510156
1670,plts_tim557,1,557,solar,0.42550243126098325,0.0,0.42550243126098325,0.6108735264858993
1671,batt_tim557,1,557,battery,0.14738134289365526,0.0,0.14738134289365526,0.27560039102011374
1672,pltd_tim558,1,558,diesel,0.0182345208263448,0.1756,-0.1573654791736552,0.039655638743008065
1673,plts_tim558,1,558,solar,0.5015432911328944,0.0,0.5015432911328944,0.7272358899722655
1674,batt_tim558,1,558,battery,0.17177324507225933,0.0,0.17177324507225933,0.32798540690697453
1675,pltd_tim559,1,559,diesel,0.010018399147322577,0.0995,-0.08948160085267742,0.02202095052120719
1676,plts_tim559,1,559,solar,0.284599445806456,0.0,0.284599445806456,0.4126840935678224
1677,batt_tim559,1,559,battery,0.09909850724262688,0.0,0.09909850724262688,0.1865947263617143
1678,pltd_tim560,1,560,diesel,0.016506968584908528,0.159,-0.14249303141509148,0.03589867868053133
1679,plts_tim560,1,560,solar,0.45402859325291695,0.0,0.45402859325291695,0.6583397052726354
1680,batt_tim560,1,560,battery,0.15550004790152586,0.0,0.15550004790152586,0.29691312951230714
1681,pltd_tim561,1,561,diesel,0.012162149196627841,0.1208,-0.10863785080337217,0.02673033230873051
1682,plts_tim561,1,561,solar,0.345363848030797,0.0,0.345363848030797,0.5008374972633295
1683,batt_tim561,1,561,battery,0.12029608045588633,0.0,0.12029608045588633,0.2264536357357305
1684,pltd_tim562,1,562,diesel,0.00870687897038311,0.0786,-0.0698931210296169,0.01937432073388484
1685,plts_tim562,1,562,solar,0.22667454164366865,0.0,0.22667454164366865,0.32361397390825425
1686,batt_tim562,1,562,battery,0.0787679820976681,0.0,0.0787679820976681,0.14620950901279525
1687,pltd_tim563,1,563,diesel,0.01461942035044401,0.1408,-0.126180579649556,0.03179392782261278
1688,plts_tim563,1,563,solar,0.40211422527920687,0.0,0.40211422527920687,0.5830642913450447
1689,batt_tim563,1,563,battery,0.13771998821437068,0.0,0.13771998821437068,0.26296380145232956
1690,pltd_tim564,1,564,diesel,0.007325652879088608,0.0705,-0.06317434712091138,0.015931784085376557
1691,plts_tim564,1,564,solar,0.20149756124139445,0.0,0.20149756124139445,0.2921703749876786
1692,batt_tim564,1,564,battery,0.06901043429855973,0.0,0.06901043429855973,0.13176971039365906
1693,pltd_tim565,1,565,diesel,0.006948414974529515,0.069,-0.06205158502547049,0.015272454778881589
1694,plts_tim565,1,565,solar,0.19736387721551615,0.0,0.19736387721551615,0.2861951003602021
1695,batt_tim565,1,565,battery,0.06873022077404684,0.0,0.06873022077404684,0.12940316798778279
1696,pltd_tim566,1,566,diesel,0.019647532101862885,0.2015,-0.18185246789813714,0.04188761072380738
1697,plts_tim566,1,566,solar,0.5848049739329654,0.0,0.5848049739329654,0.8386661838172692
1698,batt_tim566,1,566,battery,0.1943574175808262,0.0,0.1943574175808262,0.37988523295494375
1699,pltd_tim567,1,567,diesel,0.005527794670696393,0.0567,-0.05117220532930361,0.011784936344863139
1700,plts_tim567,1,567,solar,0.16453191785267704,0.0,0.16453191785267704,0.23595477192522013
1701,batt_tim567,1,567,battery,0.05468129847796613,0.0,0.05468129847796613,0.10687893694818733
1702,pltd_tim568,1,568,diesel,0.008291643941325864,0.085,-0.07670835605867414,0.01767705549519404
1703,plts_tim568,1,568,solar,0.24679889826164259,0.0,0.24679889826164259,0.35393295941049463
1704,batt_tim568,1,568,battery,0.0820224719369629,0.0,0.0820224719369629,0.16031888758195023
1705,pltd_tim569,1,569,diesel,0.02493507827683079,0.2557,-0.2307649217231692,0.053159974076837535
1706,plts_tim569,1,569,solar,0.7421835394697688,0.0,0.7421835394697688,1.0643622431104658
1707,batt_tim569,1,569,battery,0.2466614629068418,0.0,0.2466614629068418,0.48211756614991264
1708,pltd_tim570,1,570,diesel,0.00790124220892693,0.081,-0.07309875779107307,0.016845244736317783
1709,plts_tim570,1,570,solar,0.2351730051773992,0.0,0.2351730051773992,0.33726110978364643
1710,batt_tim570,1,570,battery,0.07815881500962292,0.0,0.07815881500962292,0.1527667319864609
1711,pltd_tim571,1,571,diesel,0.007722065559599431,0.0767,-0.06897793444040057,0.016974066981762286
1712,plts_tim571,1,571,solar,0.21940789007175493,0.0,0.21940789007175493,0.31813962030013726
1713,batt_tim571,1,571,battery,0.07638683904469999,0.0,0.07638683904469999,0.14384669823306265
1714,pltd_tim572,1,572,diesel,0.02517729000874848,0.2144,-0.18922270999125151,0.052179820526021
1715,plts_tim572,1,572,solar,0.6156968258283476,0.0,0.6156968258283476,0.8839269025884492
1716,batt_tim572,1,572,battery,0.213259466720687,0.0,0.213259466720687,0.3987910789473716
1717,pltd_tim573,1,573,diesel,0.004899481163740642,0.0487,-0.04380051883625936,0.010770594596797366
1718,plts_tim573,1,573,solar,0.13922594639927083,0.0,0.13922594639927083,0.2018713106274349
1719,batt_tim573,1,573,battery,0.048466678507041144,0.0,0.048466678507041144,0.09127577930978092
1720,pltd_tim574,1,574,diesel,0.007044551586992671,0.0699,-0.06285544841300733,0.015481194954273152
1721,plts_tim574,1,574,solar,0.19997888051031676,0.0,0.19997888051031676,0.29002290493428234
1722,batt_tim574,1,574,battery,0.06967364377817899,0.0,0.06967364377817899,0.13113394715411564
1723,pltd_tim575,1,575,diesel,0.004340932022282942,0.037,-0.03265906797771706,0.00899660708437521
1724,plts_tim575,1,575,solar,0.10615486877777944,0.0,0.10615486877777944,0.15240158401045922
1725,batt_tim575,1,575,battery,0.03676910862103202,0.0,0.03676910862103202,0.06875726664674664
1726,pltd_tim576,1,576,diesel,0.020195843692583464,0.2006,-0.18040415630741655,0.044388958906528435
1727,plts_tim576,1,576,solar,0.5735686999841754,0.0,0.5735686999841754,0.831750284924114
1728,batt_tim576,1,576,battery,0.199762134054446,0.0,0.199762134054446,0.37607575745750255
1729,pltd_tim577,1,577,diesel,0.010919020722190689,0.1084,-0.09748097927780931,0.023999753481861678
1730,plts_tim577,1,577,solar,0.3101415982799677,0.0,0.3101415982799677,0.44973461920105345
1731,batt_tim577,1,577,battery,0.10800506457687593,0.0,0.10800506457687593,0.20334744947930586
1732,pltd_tim578,1,578,diesel,0.012997374788065204,0.1291,-0.11610262521193479,0.028567853938429918
1733,plts_tim578,1,578,solar,0.3691741345391959,0.0,0.3691741345391959,0.5353373488270898
1734,batt_tim578,1,578,battery,0.12856288186705586,0.0,0.12856288186705586,0.24205268548143505
1735,pltd_tim579,1,579,diesel,0.012918174796535098,0.1325,-0.11958182520346491,0.027540429196767732
1736,plts_tim579,1,579,solar,0.3845046519354677,0.0,0.3845046519354677,0.5514170615007252
1737,batt_tim579,1,579,battery,0.12778900929572615,0.0,0.12778900929572615,0.24977210314259052
1738,pltd_tim580,1,580,diesel,0.011596353053174914,0.1189,-0.1073036469468251,0.024723506767086872
1739,plts_tim580,1,580,solar,0.34515893929527597,0.0,0.34515893929527597,0.4949911169322472
1740,batt_tim580,1,580,battery,0.11471194823734585,0.0,0.11471194823734585,0.22421277866196937
1741,pltd_tim581,1,581,diesel,0.011725942595526766,0.1165,-0.10477405740447324,0.025773057369346042
1742,plts_tim581,1,581,solar,0.33304580947685963,0.0,0.33304580947685963,0.48295266127486813
1743,batt_tim581,1,581,battery,0.11598546967645203,0.0,0.11598546967645203,0.21836700117628305
1744,pltd_tim582,1,582,diesel,0.005437620088847813,0.0558,-0.05036237991115219,0.011592820387258548
1745,plts_tim582,1,582,solar,0.1618496634247838,0.0,0.1618496634247838,0.23210774148394714
1746,batt_tim582,1,582,battery,0.053789708151153,0.0,0.053789708151153,0.105136335737174
1747,pltd_tim583,1,583,diesel,0.010574829627550242,0.1084,-0.09782517037244975,0.02254497313116175
1748,plts_tim583,1,583,solar,0.31475728692050586,0.0,0.31475728692050586,0.45139208349875587
1749,batt_tim583,1,583,battery,0.10460817015758063,0.0,0.10460817015758063,0.20446432248007304
1750,pltd_tim584,1,584,diesel,0.01864365351651678,0.1852,-0.16655634648348322,0.04097738251964101
1751,plts_tim584,1,584,solar,0.5295265513271381,0.0,0.5295265513271381,0.7678709855851408
1752,batt_tim584,1,584,battery,0.18441168840140415,0.0,0.18441168840140415,0.3471928287311992
1753,pltd_tim585,1,585,diesel,0.02337287322085426,0.2397,-0.21632712677914573,0.04983006103598253
1754,plts_tim585,1,585,solar,0.6956842746949518,0.0,0.6956842746949518,0.9976784964011054
1755,batt_tim585,1,585,battery,0.2312080458553753,0.0,0.2312080458553753,0.4519120911396605
1756,pltd_tim586,1,586,diesel,0.020819284231247903,0.2135,-0.1926807157687521,0.04438542529402145
1757,plts_tim586,1,586,solar,0.6196779457420493,0.0,0.6196779457420493,0.8886781930080483
1758,batt_tim586,1,586,battery,0.20594797242890456,0.0,0.20594797242890456,0.40253909319778014
1759,pltd_tim587,1,587,diesel,0.017634728721439844,0.1808,-0.16316527127856015,0.037596010318156736
1760,plts_tim587,1,587,solar,0.5248933928896157,0.0,0.5248933928896157,0.7527475849556778
1761,batt_tim587,1,587,battery,0.17444651309411202,0.0,0.17444651309411202,0.34096783318417245
1762,pltd_tim588,1,588,diesel,0.015350518029044892,0.1328,-0.11744948197095512,0.030286358573316383
1763,plts_tim588,1,588,solar,0.3878318656663305,0.0,0.3878318656663305,0.5498784488724662
1764,batt_tim588,1,588,battery,0.1320817070908947,0.0,0.1320817070908947,0.2495862429777181
1765,pltd_tim589,1,589,diesel,0.012671548227379238,0.1066,-0.09392845177262077,0.025496362203066964
1766,plts_tim589,1,589,solar,0.30701311126808034,0.0,0.30701311126808034,0.4401904049658959
1767,batt_tim589,1,589,battery,0.10855931775623791,0.0,0.10855931775623791,0.2000303411272956
1768,pltd_tim590,1,590,diesel,0.020545650688287894,0.1728,-0.1522543493117121,0.04134037808034595
1769,plts_tim590,1,590,solar,0.49778626837190426,0.0,0.49778626837190426,0.7137175384184875
1770,batt_tim590,1,590,battery,0.1760159611059172,0.0,0.1760159611059172,0.3243253793939968
1771,pltd_tim591,1,591,diesel,0.01332038336027353,0.1152,-0.10187961663972647,0.026280912471717384
1772,plts_tim591,1,591,solar,0.3365409463164181,0.0,0.3365409463164181,0.47715664820889087
1773,batt_tim591,1,591,battery,0.11461426296895616,0.0,0.11461426296895616,0.216578241603704
1774,pltd_tim592,1,592,diesel,0.012223811158205452,0.1214,-0.10917618884179454,0.026865806389631996
1775,plts_tim592,1,592,solar,0.3471301216935778,0.0,0.3471301216935778,0.5033938454605841
1776,batt_tim592,1,592,battery,0.12090671790368195,0.0,0.12090671790368195,0.22760959250155324
1777,pltd_tim593,1,593,diesel,0.00961626929730997,0.0832,-0.07358373070269003,0.01897254075042236
1778,plts_tim593,1,593,solar,0.24295803579703384,0.0,0.24295803579703384,0.344471664038888
1779,batt_tim593,1,593,battery,0.0827424996727656,0.0,0.0827424996727656,0.15635343957000133
1780,pltd_tim594,1,594,diesel,0.047298233478921085,0.4091,-0.3618017665210789,0.09331671708047624
1781,plts_tim594,1,594,solar,1.1949912577430646,0.0,1.1949912577430646,1.6942903974037598
1782,batt_tim594,1,594,battery,0.4069717483114026,0.0,0.4069717483114026,0.7690276133835812
1783,pltd_tim595,1,595,diesel,0.009865762125095406,0.0853,-0.0754342378749046,0.019464064472671135
1784,plts_tim595,1,595,solar,0.24925675503878988,0.0,0.24925675503878988,0.35340262381462567
1785,batt_tim595,1,595,battery,0.0848876071753667,0.0,0.0848876071753667,0.1604072657464094
1786,pltd_tim596,1,596,diesel,0.013147451999250832,0.1106,-0.09745254800074918,0.02645454544467363
1787,plts_tim596,1,596,solar,0.31854865367190555,0.0,0.31854865367190555,0.45672880779810404
1788,batt_tim596,1,596,battery,0.11263742539539517,0.0,0.11263742539539517,0.20754552561865325
1789,pltd_tim597,1,597,diesel,0.00772870718413618,0.0669,-0.05917129281586382,0.015248322605262151
1790,plts_tim597,1,597,solar,0.19526615940380615,0.0,0.19526615940380615,0.2768532749715102
1791,batt_tim597,1,597,battery,0.06650042671605169,0.0,0.06650042671605169,0.12566182892103978
1792,pltd_tim598,1,598,diesel,0.007835563514907062,0.0678,-0.059964436485092934,0.01545947148554822
1793,plts_tim598,1,598,solar,0.19796505886220836,0.0,0.19796505886220836,0.28068021167053836
1794,batt_tim598,1,598,battery,0.0674197530898621,0.0,0.0674197530898621,0.12739883598693208
1795,pltd_tim599,1,599,diesel,0.008476638607566277,0.0733,-0.06482336139243372,0.01672401432751861
1796,plts_tim599,1,599,solar,0.21416267253878427,0.0,0.21416267253878427,0.3036454388712886
1797,batt_tim599,1,599,battery,0.07293593678862761,0.0,0.07293593678862761,0.13782277433432383
1798,pltd_tim600,1,600,diesel,0.004879362860126429,0.0422,-0.037320637139873575,0.00962693703931176
1799,plts_tim600,1,600,solar,0.12327784033909299,0.0,0.12327784033909299,0.17478677582295649
1800,batt_tim600,1,600,battery,0.04198406652190214,0.0,0.04198406652190214,0.07933440063769769
1801,pltd_tim601,1,601,diesel,0.011753220231360521,0.1017,-0.08994677976863948,0.023188887880572898
1802,plts_tim601,1,601,solar,0.2969478546064361,0.0,0.2969478546064361,0.42102075988652915
1803,batt_tim601,1,601,battery,0.10113027016848299,0.0,0.10113027016848299,0.1910985548199728
1804,pltd_tim602,1,602,diesel,0.009402581913185031,0.0813,-0.07189741808681496,0.018551266142599675
1805,plts_tim602,1,602,solar,0.23755815057445626,0.0,0.23755815057445626,0.33681618472992103
1806,batt_tim602,1,602,battery,0.0809037458906171,0.0,0.0809037458906171,0.1528784769126547
1807,pltd_tim603,1,603,diesel,0.008975265172790337,0.0776,-0.06862473482720967,0.017707386147603546
1808,plts_tim603,1,603,solar,0.22676075491446113,0.0,0.22676075491446113,0.3215069668786641
1809,batt_tim603,1,603,battery,0.07722649160360097,0.0,0.07722649160360097,0.14593005656062003
1810,pltd_tim604,1,604,diesel,0.0044520603347950796,0.0385,-0.03404793966520492,0.008783730122535426
1811,plts_tim604,1,604,solar,0.11248044467895782,0.0,0.11248044467895782,0.1594777926164797
1812,batt_tim604,1,604,battery,0.038306812236358276,0.0,0.038306812236358276,0.07238595396254041
1813,pltd_tim605,1,605,diesel,0.01855596989866599,0.1605,-0.14194403010133402,0.036609391418784616
1814,plts_tim605,1,605,solar,0.46881853594202283,0.0,0.46881853594202283,0.6647032758919722
1815,batt_tim605,1,605,battery,0.15966288774642776,0.0,0.15966288774642776,0.30170475149797327
1816,pltd_tim606,1,606,diesel,0.010186237991028144,0.0881,-0.07791376200897185,0.020096999307390898
1817,plts_tim606,1,606,solar,0.257354274553341,0.0,0.257354274553341,0.3648840299500067
1818,batt_tim606,1,606,battery,0.08764601964830826,0.0,0.08764601964830826,0.16561875109856963
1819,pltd_tim607,1,607,diesel,0.01591202883462705,0.1488,-0.13288797116537293,0.03592149387324736
1820,plts_tim607,1,607,solar,0.428009768537844,0.0,0.428009768537844,0.6139702008689243
1821,batt_tim607,1,607,battery,0.1490721347068609,0.0,0.1490721347068609,0.2782132421680562
1822,pltd_tim608,1,608,diesel,0.005199976258727469,0.045,-0.039800023741272526,0.010259098358183975
1823,plts_tim608,1,608,solar,0.13137720198645045,0.0,0.13137720198645045,0.1862701394209399
1824,batt_tim608,1,608,battery,0.044742451167274065,0.0,0.044742451167274065,0.08454687894902432
1825,pltd_tim609,1,609,diesel,0.005973647293672775,0.0496,-0.043626352706327226,0.011378133602266513
1826,plts_tim609,1,609,solar,0.14482892828655636,0.0,0.14482892828655636,0.20529135216858482
1827,batt_tim609,1,609,battery,0.04982656892844289,0.0,0.04982656892844289,0.09295313938026849
1828,pltd_tim610,1,610,diesel,0.010055023767705396,0.0835,-0.07344497623229461,0.019151643870369623
1829,plts_tim610,1,610,solar,0.24378079767960362,0.0,0.24378079767960362,0.34555345414409083
1830,batt_tim610,1,610,battery,0.08387040098245688,0.0,0.08387040098245688,0.15646205387854503
1831,pltd_tim611,1,611,diesel,0.01025748837599056,0.0887,-0.07844251162400945,0.020237105372566476
1832,plts_tim611,1,611,solar,0.2591549612686408,0.0,0.2591549612686408,0.3674369071588392
1833,batt_tim611,1,611,battery,0.08825932017609472,0.0,0.08825932017609472,0.16677758565658513
1834,pltd_tim612,1,612,diesel,0.012358809012725189,0.1069,-0.0945411909872748,0.024383197274374917
1835,plts_tim612,1,612,solar,0.31224565757646133,0.0,0.31224565757646133,0.44271012044210756
1836,batt_tim612,1,612,battery,0.10633958470675992,0.0,0.10633958470675992,0.20094334786127926
1837,pltd_tim613,1,613,diesel,0.01157524145174428,0.1001,-0.08852475854825571,0.02283739231447745
1838,plts_tim613,1,613,solar,0.292448268430222,0.0,0.292448268430222,0.41464119364978785
1839,batt_tim613,1,613,battery,0.09959764326511293,0.0,0.09959764326511293,0.18820275204699707
1840,pltd_tim614,1,614,diesel,0.008405331999849858,0.0727,-0.06429466800015014,0.01658331557190493
1841,plts_tim614,1,614,solar,0.2123630068183853,0.0,0.2123630068183853,0.3010935580947776
1842,batt_tim614,1,614,battery,0.07232317508409881,0.0,0.07232317508409881,0.1366644046729006
1843,pltd_tim615,1,615,diesel,0.01029300006202913,0.089,-0.07870699993797087,0.02030791236951256
1844,plts_tim615,1,615,solar,0.2600546390407411,0.0,0.2600546390407411,0.36871194024174264
1845,batt_tim615,1,615,battery,0.08856511918165832,0.0,0.08856511918165832,0.16735580100545788
1846,pltd_tim616,1,616,diesel,0.015635127246256746,0.1553,-0.13966487275374326,0.03436454745692185
1847,plts_tim616,1,616,solar,0.4440572566146679,0.0,0.4440572566146679,0.6439371438177723
1848,batt_tim616,1,616,battery,0.1546515243929657,0.0,0.1546515243929657,0.29115618615965233
1849,pltd_tim617,1,617,diesel,0.01766565383509927,0.1528,-0.13513434616490072,0.03485313389488262
1850,plts_tim617,1,617,solar,0.44632204747537385,0.0,0.44632204747537385,0.6328074943069969
1851,batt_tim617,1,617,battery,0.15200151445444862,0.0,0.15200151445444862,0.28722741434459037
1852,pltd_tim618,1,618,diesel,0.01549296795912244,0.134,-0.11850703204087756,0.03056711134429718
1853,plts_tim618,1,618,solar,0.39143130834405876,0.0,0.39143130834405876,0.5549814554822305
1854,batt_tim618,1,618,battery,0.1333072892045847,0.0,0.1333072892045847,0.25190230901845645
1855,pltd_tim619,1,619,diesel,0.016158578235798013,0.1605,-0.144341421764202,0.03551803052579744
1856,plts_tim619,1,619,solar,0.45907058272059165,0.0,0.45907058272059165,0.6656629941864317
1857,batt_tim619,1,619,battery,0.15983865570273953,0.0,0.15983865570273953,0.30097934592870373
1858,pltd_tim620,1,620,diesel,0.017279696624180784,0.1716,-0.15432030337581923,0.03797902216126281
1859,plts_tim620,1,620,solar,0.4907488157782455,0.0,0.4907488157782455,0.7116507232635237
1860,batt_tim620,1,620,battery,0.17091772929535806,0.0,0.17091772929535806,0.32177288303881724
1861,pltd_tim621,1,621,diesel,0.012857402582343832,0.1112,-0.09834259741765616,0.02536663467494859
1862,plts_tim621,1,621,solar,0.3248440284348667,0.0,0.3248440284348667,0.46057197233359076
1863,batt_tim621,1,621,battery,0.11063029176698387,0.0,0.11063029176698387,0.20905101631051407
1864,pltd_tim622,1,622,diesel,0.014424486270112872,0.1248,-0.11037551372988712,0.028458665951590276
1865,plts_tim622,1,622,solar,0.364436587491842,0.0,0.364436587491842,0.5167075494064874
1866,batt_tim622,1,622,battery,0.12411400346365378,0.0,0.12411400346365378,0.2345302818837518
1867,pltd_tim623,1,623,diesel,0.00965139613629018,0.0958,-0.08614860386370982,0.0212098551220735
1868,plts_tim623,1,623,solar,0.27397886565756796,0.0,0.27397886565756796,0.3973439207909244
1869,batt_tim623,1,623,battery,0.09545643741485305,0.0,0.09545643741485305,0.17965940520816076
1870,pltd_tim624,1,624,diesel,0.009959465133175163,0.0989,-0.08894053486682484,0.02188852420902024
1871,plts_tim624,1,624,solar,0.2828102337607818,0.0,0.2828102337607818,0.410125297062074
1872,batt_tim624,1,624,battery,0.0985084433544578,0.0,0.0985084433544578,0.1854380502673626
1873,pltd_tim625,1,625,diesel,0.00698080735370821,0.0604,-0.053419192646291795,0.013772562855426312
1874,plts_tim625,1,625,solar,0.17636944640784086,0.0,0.17636944640784086,0.2500613820002097
1875,batt_tim625,1,625,battery,0.06006481116831519,0.0,0.06006481116831519,0.11350124733794192
1876,pltd_tim626,1,626,diesel,0.008797156578892799,0.0761,-0.0673028434211072,0.017356704914402606
1877,plts_tim626,1,626,solar,0.222261124428381,0.0,0.222261124428381,0.3151272661853061
1878,batt_tim626,1,626,battery,0.07569384131626689,0.0,0.07569384131626689,0.14303397758514674
1879,pltd_tim627,1,627,diesel,0.007479373194634357,0.0647,-0.05722062680536564,0.014756172471030124
1880,plts_tim627,1,627,solar,0.18896777295454797,0.0,0.18896777295454797,0.26792319067866144
1881,batt_tim627,1,627,battery,0.06435549484254117,0.0,0.06435549484254117,0.1216086209907878
1882,pltd_tim628,1,628,diesel,0.008334112453756226,0.0721,-0.06376588754624377,0.016442220743830414
1883,plts_tim628,1,628,solar,0.21056371820308667,0.0,0.21056371820308667,0.29854266771253274
1884,batt_tim628,1,628,battery,0.07171061239433005,0.0,0.07171061239433005,0.13550679584469655
1885,pltd_tim629,1,629,diesel,0.006517762051444061,0.0564,-0.04988223794855594,0.012858545797222126
1886,plts_tim629,1,629,solar,0.16467195156111852,0.0,0.16467195156111852,0.2334761300559762
1887,batt_tim629,1,629,battery,0.0560815354774157,0.0,0.0560815354774157,0.1059735415068101
1888,pltd_tim630,1,630,diesel,0.016906442360753435,0.1679,-0.15099355763924655,0.03715926572080352
1889,plts_tim630,1,630,solar,0.48018558167443903,0.0,0.48018558167443903,0.6963213687095524
1890,batt_tim630,1,630,battery,0.16722820942771194,0.0,0.16722820942771194,0.3148416550590783
1891,pltd_tim631,1,631,diesel,0.011575758794904292,0.0986,-0.0870242412050957,0.023991112864976353
1892,plts_tim631,1,631,solar,0.28307817358486104,0.0,0.28307817358486104,0.4064024564044067
1893,batt_tim631,1,631,battery,0.09805015880931726,0.0,0.09805015880931726,0.18335173349501266
1894,pltd_tim632,1,632,diesel,0.01065337267963944,0.0961,-0.08544662732036057,0.02370534085980118
1895,plts_tim632,1,632,solar,0.27734232858064656,0.0,0.27734232858064656,0.39595060324890435
1896,batt_tim632,1,632,battery,0.09637504074557258,0.0,0.09637504074557258,0.17889136716143522
1897,pltd_tim633,1,633,diesel,0.007705124305004962,0.0656,-0.057894875694995046,0.015969007577478708
1898,plts_tim633,1,633,solar,0.1884238370998821,0.0,0.1884238370998821,0.2705114504931037
1899,batt_tim633,1,633,battery,0.06526479796175824,0.0,0.06526479796175824,0.1220434819737598
1900,pltd_tim634,1,634,diesel,0.005715550575613644,0.0487,-0.04298444942438635,0.01184596871494421
1901,plts_tim634,1,634,solar,0.13976923147375137,0.0,0.13976923147375137,0.20066048981753198
1902,batt_tim634,1,634,battery,0.048412132795092294,0.0,0.048412132795092294,0.09052941160248504
1903,pltd_tim635,1,635,diesel,0.004847265598680952,0.0413,-0.03645273440131905,0.010046278455988973
1904,plts_tim635,1,635,solar,0.11853943750670085,0.0,0.11853943750670085,0.17018108328453743
1905,batt_tim635,1,635,battery,0.04105834831723613,0.0,0.04105834831723613,0.07677862876626002
1906,pltd_tim636,1,636,diesel,0.005787889578166028,0.0493,-0.04351211042183397,0.011995042198005484
1907,plts_tim636,1,636,solar,0.14153970266109037,0.0,0.14153970266109037,0.20320160069529805
1908,batt_tim636,1,636,battery,0.049025412055978636,0.0,0.049025412055978636,0.09167609134891397
1909,pltd_tim637,1,637,diesel,0.009151019104699438,0.0826,-0.07344898089530057,0.0203627886097843
1910,plts_tim637,1,637,solar,0.23822928334028753,0.0,0.23822928334028753,0.34011121786897996
1911,batt_tim637,1,637,battery,0.08278327393896925,0.0,0.08278327393896925,0.15366276062715362
1912,pltd_tim638,1,638,diesel,0.00372185281484611,0.0336,-0.029878147185153886,0.0082813625817374
1913,plts_tim638,1,638,solar,0.09689218538874585,0.0,0.09689218538874585,0.1383290342596421
1914,batt_tim638,1,638,battery,0.03367008899778846,0.0,0.03367008899778846,0.06249733052394308
1915,pltd_tim639,1,639,diesel,0.006975438849607744,0.0579,-0.050924561150392254,0.013285980988897057
1916,plts_tim639,1,639,solar,0.16911751560075577,0.0,0.16911751560075577,0.23971981059232775
1917,batt_tim639,1,639,battery,0.0581828273122786,0.0,0.0581828273122786,0.10854203338336336
1918,pltd_tim640,1,640,diesel,0.004266825727275532,0.0354,-0.031133174272724468,0.008127755390424037
1919,plts_tim640,1,640,solar,0.10344888814662245,0.0,0.10344888814662245,0.1466362128919467
1920,batt_tim640,1,640,battery,0.03559007551680609,0.0,0.03559007551680609,0.0663945842357897
1921,pltd_tim641,1,641,diesel,0.004609448033388963,0.0416,-0.03699055196661104,0.010256414807813962
1922,plts_tim641,1,641,solar,0.12000486784123196,0.0,0.12000486784123196,0.1713261330730929
1923,batt_tim641,1,641,battery,0.0417013588391921,0.0,0.0417013588391921,0.07740583061876137
1924,pltd_tim642,1,642,diesel,0.01679938962468533,0.1516,-0.13480061037531468,0.03738141235355738
1925,plts_tim642,1,642,solar,0.4373480901614918,0.0,0.4373480901614918,0.6243841578998713
1926,batt_tim642,1,642,battery,0.15197613496693635,0.0,0.15197613496693635,0.2820981541703526
1927,pltd_tim643,1,643,diesel,0.008023998674445181,0.0724,-0.06437600132555482,0.01785411930580905
1928,plts_tim643,1,643,solar,0.2088961837071666,0.0,0.2088961837071666,0.29823319780080215
1929,batt_tim643,1,643,battery,0.07259033659713326,0.0,0.07259033659713326,0.13474245571240093
1930,pltd_tim644,1,644,diesel,0.017584730104560537,0.1587,-0.14111526989543946,0.039128317280698835
1931,plts_tim644,1,644,solar,0.4577930134321025,0.0,0.4577930134321025,0.6535733733450714
1932,batt_tim644,1,644,battery,0.15908127801519067,0.0,0.15908127801519067,0.2952859987940472
1933,pltd_tim645,1,645,diesel,0.006658369063098125,0.0601,-0.05344163093690188,0.01481597902505428
1934,plts_tim645,1,645,solar,0.17333899507916548,0.0,0.17333899507916548,0.24746914119751848
1935,batt_tim645,1,645,battery,0.060234796415379696,0.0,0.060234796415379696,0.11180701661251481
1936,pltd_tim646,1,646,diesel,0.013828690404055561,0.1248,-0.11097130959594444,0.03077068574261628
1937,plts_tim646,1,646,solar,0.3600123494008551,0.0,0.3600123494008551,0.5139754385887285
1938,batt_tim646,1,646,battery,0.1251028883132849,0.0,0.1251028883132849,0.23221540528535634
1939,pltd_tim647,1,647,diesel,0.007955869832810134,0.0718,-0.06384413016718987,0.01770297215069208
1940,plts_tim647,1,647,solar,0.20711764721519224,0.0,0.20711764721519224,0.2956939899252638
1941,batt_tim647,1,647,battery,0.07197190272164233,0.0,0.07197190272164233,0.13359508691696256
1942,pltd_tim648,1,648,diesel,0.005181696670062549,0.0514,-0.046218303329937455,0.011388247970668815
1943,plts_tim648,1,648,solar,0.14712830156200912,0.0,0.14712830156200912,0.21336631123978556
1944,batt_tim648,1,648,battery,0.05125167959264829,0.0,0.05125167959264829,0.09647344324824894
1945,pltd_tim649,1,649,diesel,0.007887577290535254,0.0712,-0.06331242270946474,0.017551220166338928
1946,plts_tim649,1,649,solar,0.20533960650542574,0.0,0.20533960650542574,0.2931554290340002
1947,batt_tim649,1,649,battery,0.07135473016413603,0.0,0.07135473016413603,0.13244795041271581
1948,pltd_tim650,1,650,diesel,0.005872897211782267,0.053,-0.04712710278821773,0.0130680702963188
1949,plts_tim650,1,650,solar,0.15289445472840776,0.0,0.15289445472840776,0.21828123334702318
1950,batt_tim650,1,650,battery,0.05312985519994914,0.0,0.05312985519994914,0.09862009176644679
1951,pltd_tim651,1,651,diesel,0.00942416519127387,0.085,-0.07557583480872614,0.02097032586512239
1952,plts_tim651,1,651,solar,0.2453411762815764,0.0,0.2453411762815764,0.3502642364872788
1953,batt_tim651,1,651,battery,0.08525482191135549,0.0,0.08525482191135549,0.1582499875649276
1954,pltd_tim652,1,652,diesel,0.009390039582685628,0.0847,-0.07530996041731437,0.02089412470807601
1955,plts_tim652,1,652,solar,0.24445220091014117,0.0,0.24445220091014117,0.3489952677448242
1956,batt_tim652,1,652,battery,0.08494625934248375,0.0,0.08494625934248375,0.1576767222527746
1957,pltd_tim653,1,653,diesel,0.01102868317089811,0.0995,-0.08847131682910189,0.024540976027769827
1958,plts_tim653,1,653,solar,0.2871203589941378,0.0,0.2871203589941378,0.4099106570551228
1959,batt_tim653,1,653,battery,0.099772860746054,0.0,0.099772860746054,0.1851983261250515
1960,pltd_tim654,1,654,diesel,0.010755562251437565,0.097,-0.08624443774856244,0.02393313176845132
1961,plts_tim654,1,654,solar,0.2800092546982806,0.0,0.2800092546982806,0.3997576528754842
1962,batt_tim654,1,654,battery,0.0973017284541408,0.0,0.0973017284541408,0.18061149833346063
1963,pltd_tim655,1,655,diesel,0.006556112285029139,0.0591,-0.05254388771497086,0.01458858795186162
1964,plts_tim655,1,655,solar,0.17067173109398,0.0,0.17067173109398,0.24366140863221464
1965,batt_tim655,1,655,battery,0.059307930623356764,0.0,0.059307930623356764,0.11008633107574335
1966,pltd_tim656,1,656,diesel,0.0035850114611819,0.0323,-0.0287149885388181,0.00797724252513531
1967,plts_tim656,1,656,solar,0.0933370727173867,0.0,0.0933370727173867,0.13325314137479335
1968,batt_tim656,1,656,battery,0.032434254493231396,0.0,0.032434254493231396,0.06020442302806318
1969,pltd_tim657,1,657,diesel,0.006176048031236884,0.0613,-0.055123951968763116,0.013572054010587892
1970,plts_tim657,1,657,solar,0.17530839564151093,0.0,0.17530839564151093,0.2542492184889266
1971,batt_tim657,1,657,battery,0.061083328397759484,0.0,0.061083328397759484,0.11495880844267484
1972,pltd_tim658,1,658,diesel,0.004052113569047428,0.0379,-0.03384788643095257,0.009147387267349158
1973,plts_tim658,1,658,solar,0.10899690502462023,0.0,0.10899690502462023,0.15635315111818196
1974,batt_tim658,1,658,battery,0.03796232152204686,0.0,0.03796232152204686,0.0708496395816816
1975,pltd_tim659,1,659,diesel,0.005172242538333209,0.0484,-0.04322775746166679,0.011676492757885194
1976,plts_tim659,1,659,solar,0.13912525320652744,0.0,0.13912525320652744,0.19957181772521587
1977,batt_tim659,1,659,battery,0.048455859258253006,0.0,0.048455859258253006,0.09043341022866992
1978,pltd_tim660,1,660,diesel,0.008063208471645461,0.0801,-0.07203679152835454,0.01772436272973734
1979,plts_tim660,1,660,solar,0.22909945666183779,0.0,0.22909945666183779,0.3321930285237999
1980,batt_tim660,1,660,battery,0.07976184404129506,0.0,0.07976184404129506,0.15020084012500087
1981,pltd_tim661,1,661,diesel,0.006624230169445455,0.0598,-0.053175769830554546,0.014739884790326972
1982,plts_tim661,1,661,solar,0.17245080834692808,0.0,0.17245080834692808,0.24620078652584929
1983,batt_tim661,1,661,battery,0.05992564952374078,0.0,0.05992564952374078,0.11123395308301479
1984,pltd_tim662,1,662,diesel,0.009916181877181048,0.0927,-0.08278381812281896,0.02238624455558513
1985,plts_tim662,1,662,solar,0.2667303282562321,0.0,0.2667303282562321,0.3826187680752781
1986,batt_tim662,1,662,battery,0.09289994751730585,0.0,0.09289994751730585,0.17337906537099096
1987,pltd_tim663,1,663,diesel,0.0063168422150501925,0.057,-0.050683157784949806,0.014055939829330679
1988,plts_tim663,1,663,solar,0.1644502329331035,0.0,0.1644502329331035,0.23477924211662457
1989,batt_tim663,1,663,battery,0.05714569336461721,0.0,0.05714569336461721,0.10607375785698396
1990,pltd_tim664,1,664,diesel,0.006009576991386938,0.0542,-0.04819042300861306,0.013371951854148675
1991,plts_tim664,1,664,solar,0.1564495675394714,0.0,0.1564495675394714,0.2233569178541212
1992,batt_tim664,1,664,battery,0.054365689778973394,0.0,0.054365689778973394,0.10091305089368065
1993,pltd_tim665,1,665,diesel,0.011873058069809938,0.0986,-0.08672694193019005,0.02261448496784158
1994,plts_tim665,1,665,solar,0.2878592342953223,0.0,0.2878592342953223,0.4080332116682919
1995,batt_tim665,1,665,battery,0.09903474100843446,0.0,0.09903474100843446,0.18475208117263656
1996,pltd_tim666,1,666,diesel,0.012949062668428282,0.1075,-0.09455093733157172,0.024663950978055436
1997,plts_tim666,1,666,solar,0.3139471714797997,0.0,0.3139471714797997,0.44501148862468953
1998,batt_tim666,1,666,battery,0.10800979119589205,0.0,0.10800979119589205,0.2014953125849807
1999,pltd_tim667,1,667,diesel,0.0074577209762385546,0.0619,-0.05444227902376144,0.014204711434858252
2000,plts_tim667,1,667,solar,0.1808122419413076,0.0,0.1808122419413076,0.25629639801781184
2001,batt_tim667,1,667,battery,0.062206405207704527,0.0,0.062206405207704527,0.11604771542365434
2002,pltd_tim668,1,668,diesel,0.01643674129242709,0.1365,-0.12006325870757292,0.03130736387033162
2003,plts_tim668,1,668,solar,0.3985050144147227,0.0,0.3985050144147227,0.564870693739177
2004,batt_tim668,1,668,battery,0.1371007082006835,0.0,0.1371007082006835,0.25576580421853273
2005,pltd_tim669,1,669,diesel,0.006764866613724756,0.0672,-0.060435133386275236,0.0148672307101229
2006,plts_tim669,1,669,solar,0.19205358747664905,0.0,0.19205358747664905,0.27852494357779883
2007,batt_tim669,1,669,battery,0.06690842817727786,0.0,0.06690842817727786,0.12593501725587458
2008,pltd_tim670,1,670,diesel,0.010908295542733003,0.0906,-0.079691704457267,0.020777721129861343
2009,plts_tim670,1,670,solar,0.2644704651877666,0.0,0.2644704651877666,0.37488022179625025
2010,batt_tim670,1,670,battery,0.09098795629987777,0.0,0.09098795629987777,0.1697405492054615
2011,pltd_tim671,1,671,diesel,0.011724628180255539,0.0974,-0.08567537181974447,0.022331586144411473
2012,plts_tim671,1,671,solar,0.28426170318083327,0.0,0.28426170318083327,0.4029329317993082
2013,batt_tim671,1,671,battery,0.09779679180308369,0.0,0.09779679180308369,0.18244298615791502
2014,pltd_tim672,1,672,diesel,0.01606576108416859,0.1334,-0.1173342389158314,0.03060046038713764
2015,plts_tim672,1,672,solar,0.3895095441775176,0.0,0.3895095441775176,0.5521199554748681
2016,batt_tim672,1,672,battery,0.1340064435691742,0.0,0.1340064435691742,0.249992610259645
2017,pltd_tim673,1,673,diesel,0.010500236834322245,0.0872,-0.07669976316567775,0.019999692325408176
2018,plts_tim673,1,673,solar,0.2545759483414826,0.0,0.2545759483414826,0.3608543905076388
2019,batt_tim673,1,673,battery,0.0875836368596468,0.0,0.0875836368596468,0.1633903238619313
2020,pltd_tim674,1,674,diesel,0.008793427338038227,0.073,-0.06420657266196177,0.016749298662744654
2021,plts_tim674,1,674,solar,0.2131956656772828,0.0,0.2131956656772828,0.3021994141865006
2022,batt_tim674,1,674,battery,0.07334801178658508,0.0,0.07334801178658508,0.13683182729111987
2023,pltd_tim675,1,675,diesel,0.004971773940371218,0.0413,-0.036328226059628786,0.00946969541880433
2024,plts_tim675,1,675,solar,0.12054164163692162,0.0,0.12054164163692162,0.17086409453755358
2025,batt_tim675,1,675,battery,0.041471016622047226,0.0,0.041471016622047226,0.07736509258106686
2026,pltd_tim676,1,676,diesel,0.02048102648780782,0.1701,-0.14961897351219217,0.039010064490999974
2027,plts_tim676,1,676,solar,0.4965575506538465,0.0,0.4965575506538465,0.7038573858075655
2028,batt_tim676,1,676,battery,0.17083532989825334,0.0,0.17083532989825334,0.31869742925765987
2029,pltd_tim677,1,677,diesel,0.019822589429799725,0.1969,-0.17707741057020027,0.0435688165486825
2030,plts_tim677,1,677,solar,0.563005465875177,0.0,0.563005465875177,0.8164206761752194
2031,batt_tim677,1,677,battery,0.19607261419145164,0.0,0.19607261419145164,0.3691445219709429
2032,pltd_tim678,1,678,diesel,0.010092096647308984,0.0838,-0.07370790335269102,0.01922191646550176
2033,plts_tim678,1,678,solar,0.24468085841363,0.0,0.24468085841363,0.3468286945668649
2034,batt_tim678,1,678,battery,0.0841800063174343,0.0,0.0841800063174343,0.15703947263087542
2035,pltd_tim679,1,679,diesel,0.010426049789441444,0.0866,-0.07617395021055855,0.019858642835609813
2036,plts_tim679,1,679,solar,0.252776554457709,0.0,0.252776554457709,0.35830423553785534
2037,batt_tim679,1,679,battery,0.08696482116478416,0.0,0.08696482116478416,0.16223550881902546
2038,pltd_tim680,1,680,diesel,0.007123793710631344,0.0591,-0.05197620628936866,0.013569246306840053
2039,plts_tim680,1,680,solar,0.17271524523021176,0.0,0.17271524523021176,0.24481948678274845
2040,batt_tim680,1,680,battery,0.05942088428288928,0.0,0.05942088428288928,0.11085082706613744
2041,pltd_tim681,1,681,diesel,0.011464896372297521,0.0952,-0.08373510362770248,0.0218365389173052
2042,plts_tim681,1,681,solar,0.27796491596455575,0.0,0.27796491596455575,0.39400734375674085
2043,batt_tim681,1,681,battery,0.0956305293338783,0.0,0.0956305293338783,0.17840160720449347
2044,pltd_tim682,1,682,diesel,0.014672960777368266,0.1457,-0.13102703922263173,0.03224999172631954
2045,plts_tim682,1,682,solar,0.4167488305722143,0.0,0.4167488305722143,0.6043305349542574
2046,batt_tim682,1,682,battery,0.1451353900238716,0.0,0.1451353900238716,0.2732479334873662
2047,pltd_tim683,1,683,diesel,0.008902285150858308,0.0884,-0.0794977148491417,0.01956740479279535
2048,plts_tim683,1,683,solar,0.25287533558392933,0.0,0.25287533558392933,0.36668775120095815
2049,batt_tim683,1,683,battery,0.08805782432710889,0.0,0.08805782432710889,0.16579777343959584
2050,pltd_tim684,1,684,diesel,0.008058392738465321,0.0727,-0.06464160726153467,0.017930767468879494
2051,plts_tim684,1,684,solar,0.20978457333014713,0.0,0.20978457333014713,0.29950126767265817
2052,batt_tim684,1,684,battery,0.07289959042874083,0.0,0.07289959042874083,0.13531524236463158
2053,pltd_tim685,1,685,diesel,0.010448276375594812,0.0943,-0.08385172362440518,0.023248880131116898
2054,plts_tim685,1,685,solar,0.27200946790547614,0.0,0.27200946790547614,0.3883369767102329
2055,batt_tim685,1,685,battery,0.09452218796206066,0.0,0.09452218796206066,0.17545163204313202
2056,pltd_tim686,1,686,diesel,0.006146369441389454,0.0555,-0.04935363055861055,0.013675838227039083
2057,plts_tim686,1,686,solar,0.1600055590068653,0.0,0.1600055590068653,0.2284336900035904
2058,batt_tim686,1,686,battery,0.05560098748201417,0.0,0.05560098748201417,0.10320675024386892
2059,pltd_tim687,1,687,diesel,0.006351056579421863,0.0573,-0.05094894342057813,0.01413228578460535
2060,plts_tim687,1,687,solar,0.16533837468219262,0.0,0.16533837468219262,0.23604708954988968
2061,batt_tim687,1,687,battery,0.05745381654656925,0.0,0.05745381654656925,0.10664641902730598
2062,pltd_tim688,1,688,diesel,0.003516947839081158,0.0317,-0.02818305216091884,0.007825962929026695
2063,plts_tim688,1,688,solar,0.09155849129959996,0.0,0.09155849129959996,0.13071405205754408
2064,batt_tim688,1,688,battery,0.03181579693928643,0.0,0.03181579693928643,0.05905672631173233
2065,pltd_tim689,1,689,diesel,0.0064874867693875795,0.0585,-0.05201251323061242,0.014435717966039117
2066,plts_tim689,1,689,solar,0.1688949068904696,0.0,0.1688949068904696,0.24112466392014534
2067,batt_tim689,1,689,battery,0.05869039926401571,0.0,0.05869039926401571,0.10894077910340658
2068,pltd_tim690,1,690,diesel,0.004848642087110763,0.0437,-0.03885135791288924,0.010789234950366211
2069,plts_tim690,1,690,solar,0.1262260731477948,0.0,0.1262260731477948,0.1802077784848414
2070,batt_tim690,1,690,battery,0.04386244173898479,0.0,0.04386244173898479,0.08141798871388901
2071,pltd_tim691,1,691,diesel,0.006146369440940818,0.0555,-0.04935363055905918,0.013675838224487008
2072,plts_tim691,1,691,solar,0.1600055590090372,0.0,0.1600055590090372,0.22843369000667965
2073,batt_tim691,1,691,battery,0.05560098748316807,0.0,0.05560098748316807,0.1032067502465775
2074,pltd_tim692,1,692,diesel,0.01175813421816897,0.1168,-0.10504186578183103,0.025842308453494705
2075,plts_tim692,1,692,solar,0.3339174770523656,0.0,0.3339174770523656,0.4842292201895547
2076,batt_tim692,1,692,battery,0.11630071165454614,0.0,0.11630071165454614,0.2189442965279481
2077,pltd_tim693,1,693,diesel,0.007033880644551004,0.0635,-0.056466119355449,0.015650698021492774
2078,plts_tim693,1,693,solar,0.18311770117111226,0.0,0.18311770117111226,0.26143013062122195
2079,batt_tim693,1,693,battery,0.06363297255284549,0.0,0.06363297255284549,0.11811508838834973
2080,pltd_tim694,1,694,diesel,0.005208773607757373,0.0518,-0.04659122639224263,0.011450413041701687
2081,plts_tim694,1,694,solar,0.14804584535324425,0.0,0.14804584535324425,0.21465109873205068
2082,batt_tim694,1,694,battery,0.05152953168298368,0.0,0.05152953168298368,0.09705452047852245
2083,pltd_tim695,1,695,diesel,0.0068632350053997844,0.0619,-0.05503676499460021,0.015272422678737144
2084,plts_tim695,1,695,solar,0.1786723515080468,0.0,0.1786723515080468,0.2550833690557777
2085,batt_tim695,1,695,battery,0.06208791050135096,0.0,0.06208791050135096,0.11524695421231472
2086,pltd_tim696,1,696,diesel,0.015126249363206298,0.1365,-0.12137375063679372,0.03365838752904751
2087,plts_tim696,1,696,solar,0.3937904159213103,0.0,0.3937904159213103,0.5621997601510061
2088,batt_tim696,1,696,battery,0.13684068595505913,0.0,0.13684068595505913,0.25400296720909876
2089,pltd_tim697,1,697,diesel,0.010410324548281655,0.0974,-0.08698967545171835,0.02350127702569017
2090,plts_tim697,1,697,solar,0.2800234380407898,0.0,0.2800234380407898,0.4016864122914517
2091,batt_tim697,1,697,battery,0.09752945864600168,0.0,0.09752945864600168,0.18201962841314043
2092,pltd_tim698,1,698,diesel,0.010509137631672005,0.0983,-0.08779086236832799,0.023724974567662312
2093,plts_tim698,1,698,solar,0.282680759554086,0.0,0.282680759554086,0.4054992433620811
2094,batt_tim698,1,698,battery,0.09845547670761665,0.0,0.09845547670761665,0.1837467988799784
2095,pltd_tim699,1,699,diesel,0.004414451541131642,0.0413,-0.036885548458868364,0.009965702020454723
2096,plts_tim699,1,699,solar,0.11874448113098363,0.0,0.11874448113098363,0.17033550753812596
2097,batt_tim699,1,699,battery,0.04135752576137443,0.0,0.04135752576137443,0.07718556101311648
2098,pltd_tim700,1,700,diesel,0.018477572630652618,0.1534,-0.1349224273693474,0.03519366316427837
2099,plts_tim700,1,700,solar,0.44798127966262663,0.0,0.44798127966262663,0.6350023100525793
2100,batt_tim700,1,700,battery,0.15412330367299315,0.0,0.15412330367299315,0.2875208647787913
2101,pltd_tim701,1,701,diesel,0.018711565449061204,0.1688,-0.1500884345509388,0.041636104608792614
2102,plts_tim701,1,701,solar,0.48712690177569756,0.0,0.48712690177569756,0.6954520727651398
2103,batt_tim701,1,701,battery,0.169274631074307,0.0,0.169274631074307,0.31420669563449294
2104,pltd_tim702,1,702,diesel,0.010203424442116124,0.0847,-0.07449657555788387,0.01943469984285689
2105,plts_tim702,1,702,solar,0.24737881385013977,0.0,0.24737881385013977,0.35065329078644386
2106,batt_tim702,1,702,battery,0.08510761350443247,0.0,0.08510761350443247,0.15877108096318893
2107,pltd_tim703,1,703,diesel,0.029432903275751827,0.2656,-0.23616709672424818,0.06549290738943439
2108,plts_tim703,1,703,solar,0.7662482626209922,0.0,0.7662482626209922,1.0939420224472216
2109,batt_tim703,1,703,battery,0.26626736698812536,0.0,0.26626736698812536,0.4942454154621938
2110,pltd_tim704,1,704,diesel,0.0037885327770579916,0.0354,-0.03161146722294201,0.008553430680530464
2111,plts_tim704,1,704,solar,0.10190636488322685,0.0,0.10190636488322685,0.14618258070980883
2112,batt_tim704,1,704,battery,0.035492985114689166,0.0,0.035492985114689166,0.06624053011078126
2113,pltd_tim705,1,705,diesel,0.006555888953792637,0.0613,-0.05474411104620736,0.01480041636275582
2114,plts_tim705,1,705,solar,0.17634308704380916,0.0,0.17634308704380916,0.252960403165271
2115,batt_tim705,1,705,battery,0.06141917863554187,0.0,0.06141917863554187,0.11462568738117124
2116,pltd_tim706,1,706,diesel,0.018415686596906844,0.1722,-0.15378431340309315,0.041574104900817824
2117,plts_tim706,1,706,solar,0.4953569611605615,0.0,0.4953569611605615,0.710577537027194
2118,batt_tim706,1,706,battery,0.1725285235038809,0.0,0.1725285235038809,0.32198971244212243
2119,pltd_tim707,1,707,diesel,0.009652619616565269,0.0903,-0.08064738038343473,0.021791426409648873
2120,plts_tim707,1,707,solar,0.2596408425828106,0.0,0.2596408425828106,0.3724491644452425
2121,batt_tim707,1,707,battery,0.09043016586692611,0.0,0.09043016586692611,0.168770535701916
2122,pltd_tim708,1,708,diesel,0.00992607009894135,0.0986,-0.08867392990105864,0.021817166135586406
2123,plts_tim708,1,708,solar,0.28195003532712454,0.0,0.28195003532712454,0.40885041507155817
2124,batt_tim708,1,708,battery,0.09818386895418883,0.0,0.09818386895418883,0.18486165344360933
2125,pltd_tim709,1,709,diesel,0.016938627308249188,0.1682,-0.1512613726917508,0.037229129058374395
2126,plts_tim709,1,709,solar,0.48105724922235915,0.0,0.48105724922235915,0.6975978647204162
2127,batt_tim709,1,709,battery,0.16754339093724224,0.0,0.16754339093724224,0.3154187091900454
2128,pltd_tim710,1,710,diesel,0.03415041725592569,0.3392,-0.3050495827440743,0.0750639716274169
2129,plts_tim710,1,710,solar,0.9700971386044103,0.0,0.9700971386044103,1.4067026757148324
2130,batt_tim710,1,710,battery,0.3378034255533197,0.0,0.3378034255533197,0.6360401425176843
2131,pltd_tim711,1,711,diesel,0.012123446408922515,0.1134,-0.10127655359107748,0.027369253860725078
2132,plts_tim711,1,711,solar,0.326102019690871,0.0,0.326102019690871,0.46778595090881414
2133,batt_tim711,1,711,battery,0.11357842149629663,0.0,0.11357842149629663,0.21197133194123632
2134,pltd_tim712,1,712,diesel,0.022603967231903842,0.2039,-0.18129603276809617,0.050297483005774406
2135,plts_tim712,1,712,solar,0.5884640530580946,0.0,0.5884640530580946,0.8401269964757024
2136,batt_tim712,1,712,battery,0.20448857979896692,0.0,0.20448857979896692,0.3795711629839825
2137,pltd_tim713,1,713,diesel,0.026701445014059282,0.2409,-0.21419855498594073,0.05941493761038765
2138,plts_tim713,1,713,solar,0.6951343129116865,0.0,0.6951343129116865,0.9924157561629542
2139,batt_tim713,1,713,battery,0.2415555119697337,0.0,0.2415555119697337,0.44837540632153416
2140,pltd_tim714,1,714,diesel,0.04134980114057178,0.3731,-0.3317501988594282,0.09200960867440974
2141,plts_tim714,1,714,solar,1.0764804710138118,0.0,1.0764804710138118,1.5368486838546338
2142,batt_tim714,1,714,battery,0.37407205847926106,0.0,0.37407205847926106,0.6943514278180224
2143,pltd_tim715,1,715,diesel,0.06006100575653247,0.5419,-0.4818389942434676,0.13364489825058762
2144,plts_tim715,1,715,solar,1.563607958579655,0.0,1.563607958579655,2.232301720709838
2145,batt_tim715,1,715,battery,0.5433469983014941,0.0,0.5433469983014941,1.0085589448136278
2146,pltd_tim716,1,716,diesel,0.04749577962542404,0.4285,-0.38100422037457593,0.10568530601458977
2147,plts_tim716,1,716,solar,1.2364862326289792,0.0,1.2364862326289792,1.7652819256960466
2148,batt_tim716,1,716,battery,0.42967315272367335,0.0,0.42967315272367335,0.7975582005608599
2149,pltd_tim717,1,717,diesel,0.025438168525491855,0.2295,-0.20406183147450815,0.056603765347227525
2150,plts_tim717,1,717,solar,0.6622444331049467,0.0,0.6622444331049467,0.9454601281727458
2151,batt_tim717,1,717,battery,0.23012686120914175,0.0,0.23012686120914175,0.4271609000164936
2152,pltd_tim718,1,718,diesel,0.0487933297785804,0.4402,-0.39140667022141956,0.10857276253878706
2153,plts_tim718,1,718,solar,1.2702643441421944,0.0,1.2702643441421944,1.8135063699572587
2154,batt_tim718,1,718,battery,0.4414109740812727,0.0,0.4414109740812727,0.819346092759883
2155,pltd_tim719,1,719,diesel,0.06381721347460013,0.5758,-0.5119827865253999,0.1420032734729829
2156,plts_tim719,1,719,solar,1.66138882553324,0.0,1.66138882553324,2.371899318570278
2157,batt_tim719,1,719,battery,0.5773244949623797,0.0,0.5773244949623797,1.0716290143533678
2158,pltd_tim720,1,720,diesel,0.04811041768867202,0.4341,-0.38598958231132796,0.10705315242345874
2159,plts_tim720,1,720,solar,1.2524864369575122,0.0,1.2524864369575122,1.7881252381705421
2160,batt_tim720,1,720,battery,0.4352335661618058,0.0,0.4352335661618058,0.8078788294272573
2161,pltd_tim721,1,721,diesel,0.02282581715573495,0.1944,-0.17157418284426504,0.04730786901991524
2162,plts_tim721,1,721,solar,0.5581956338065659,0.0,0.5581956338065659,0.8013748177100887
2163,batt_tim721,1,721,battery,0.19334252156475928,0.0,0.19334252156475928,0.3615464750293451
2164,pltd_tim722,1,722,diesel,0.01457824942595482,0.1242,-0.10962175057404519,0.030213852205861987
2165,plts_tim722,1,722,solar,0.3565017220849498,0.0,0.3565017220849498,0.5118133886407177
2166,batt_tim722,1,722,battery,0.12348219827499346,0.0,0.12348219827499346,0.23090882152204567
2167,pltd_tim723,1,723,diesel,0.017544358316065083,0.1494,-0.13185564168393493,0.03636249108800688
2168,plts_tim723,1,723,solar,0.4290402621505965,0.0,0.4290402621505965,0.6159528422853291
2169,batt_tim723,1,723,battery,0.1486072208068514,0.0,0.1486072208068514,0.27789189812129494
2170,pltd_tim724,1,724,diesel,0.011214055166712419,0.0955,-0.08428594483328758,0.023240752424419375
2171,plts_tim724,1,724,solar,0.27423271063395593,0.0,0.27423271063395593,0.39370284224128194
2172,batt_tim724,1,724,battery,0.09498648562366281,0.0,0.09498648562366281,0.177622297169727
2173,pltd_tim725,1,725,diesel,0.009731296713431899,0.0878,-0.0780687032865681,0.02165408394064962
2174,plts_tim725,1,725,solar,0.2533417517238784,0.0,0.2533417517238784,0.36168548763341724
2175,batt_tim725,1,725,battery,0.08803477808608962,0.0,0.08803477808608962,0.1634103025086998
2176,pltd_tim726,1,726,diesel,0.0047026716674762785,0.04,-0.03529732833252372,0.009746308217715088
2177,plts_tim726,1,726,solar,0.11500033172929709,0.0,0.11500033172929709,0.16510061987282415
2178,batt_tim726,1,726,battery,0.0398327818047858,0.0,0.0398327818047858,0.0744866713812
2179,pltd_tim727,1,727,diesel,0.008573207012318338,0.073,-0.06442679298768166,0.017768912088095976
2180,plts_tim727,1,727,solar,0.20965486280170834,0.0,0.20965486280170834,0.300991583037209
2181,batt_tim727,1,727,battery,0.07261824774636866,0.0,0.07261824774636866,0.1357946692078021
2182,pltd_tim728,1,728,diesel,0.005860450859556748,0.0582,-0.05233954914044325,0.012882608612026631
2183,plts_tim728,1,728,solar,0.16654584193463368,0.0,0.16654584193463368,0.24148036547703625
2184,batt_tim728,1,728,battery,0.05797420732026051,0.0,0.05797420732026051,0.10918526436316214
2185,pltd_tim729,1,729,diesel,0.016169827445050616,0.1377,-0.12153017255494937,0.03351336409824197
2186,plts_tim729,1,729,solar,0.39542466771894885,0.0,0.39542466771894885,0.5676929586410412
2187,batt_tim729,1,729,battery,0.13696353132581424,0.0,0.13696353132581424,0.2561191776221009
2188,pltd_tim730,1,730,diesel,0.007343305511649991,0.0625,-0.055156694488350005,0.015219783227867616
2189,plts_tim730,1,730,solar,0.17957757470107363,0.0,0.17957757470107363,0.2578110553193579
2190,batt_tim730,1,730,battery,0.062200692978346246,0.0,0.062200692978346246,0.11631348816171898
2191,pltd_tim731,1,731,diesel,0.021089616905274826,0.1796,-0.15851038309472518,0.04370894355295244
2192,plts_tim731,1,731,solar,0.5157331069547231,0.0,0.5157331069547231,0.7404143009560031
2193,batt_tim731,1,731,battery,0.1786353652015349,0.0,0.1786353652015349,0.3340440627514101
2194,pltd_tim732,1,732,diesel,0.00273008850438763,0.0271,-0.024369911495612368,0.00600007463462545
2195,plts_tim732,1,732,solar,0.07753252975208408,0.0,0.07753252975208408,0.112433509850106
2196,batt_tim732,1,732,battery,0.027004343638858484,0.0,0.027004343638858484,0.050837065925281574
2197,pltd_tim733,1,733,diesel,0.009296713206208678,0.0792,-0.06990328679379133,0.01926837007984963
2198,plts_tim733,1,733,solar,0.22734702045207225,0.0,0.22734702045207225,0.3263912737166455
2199,batt_tim733,1,733,battery,0.07874625941402992,0.0,0.07874625941402992,0.1472539074127047
2200,pltd_tim734,1,734,diesel,0.00785342041977156,0.0709,-0.06304657958022844,0.017475254942951816
2201,plts_tim734,1,734,solar,0.20445141979272022,0.0,0.20445141979272022,0.2918869701065029
2202,batt_tim734,1,734,battery,0.071045583282933,0.0,0.071045583282933,0.13187502329367418
2203,pltd_tim735,1,735,diesel,0.01434081382647275,0.1294,-0.11505918617352724,0.031910199191295584
2204,plts_tim735,1,735,solar,0.3733463712752821,0.0,0.3733463712752821,0.5330117431039266
2205,batt_tim735,1,735,battery,0.12973600601385246,0.0,0.12973600601385246,0.24081616260749336
2206,pltd_tim736,1,736,diesel,0.015258073730123098,0.1516,-0.1363419262698769,0.03353943644716145
2207,plts_tim736,1,736,solar,0.43352843032659766,0.0,0.43352843032659766,0.6286124510772525
2208,batt_tim736,1,736,battery,0.15093249212667684,0.0,0.15093249212667684,0.2842269233000225
2209,pltd_tim737,1,737,diesel,0.005550048644048738,0.0551,-0.04954995135595126,0.012200770877189801
2210,plts_tim737,1,737,solar,0.15773741207479838,0.0,0.15773741207479838,0.22870413328545688
2211,batt_tim737,1,737,battery,0.05490386990326202,0.0,0.05490386990326202,0.10340845389623306
2212,pltd_tim738,1,738,diesel,0.006180383808907804,0.0558,-0.049619616191092196,0.013752520646863439
2213,plts_tim738,1,738,solar,0.160893700739647,0.0,0.160893700739647,0.2297018176798541
2214,batt_tim738,1,738,battery,0.05591011065518937,0.0,0.05591011065518937,0.10377954136627096
2215,pltd_tim739,1,739,diesel,0.006146369441214754,0.0555,-0.04935363055878525,0.013675838226013669
2216,plts_tim739,1,739,solar,0.16000555900773983,0.0,0.16000555900773983,0.22843369000483169
2217,batt_tim739,1,739,battery,0.05560098748247899,0.0,0.05560098748247899,0.10320675024499187
2218,pltd_tim740,1,740,diesel,0.011745920152827896,0.106,-0.0942540798471721,0.026136737954474066
2219,plts_tim740,1,740,solar,0.30578778230819265,0.0,0.30578778230819265,0.4365610644734575
2220,batt_tim740,1,740,battery,0.10626011625710484,0.0,0.10626011625710484,0.19723926829139063
2221,pltd_tim741,1,741,diesel,0.012584686393158143,0.1177,-0.10511531360684186,0.028410065534435675
2222,plts_tim741,1,741,solar,0.33850863058258496,0.0,0.33850863058258496,0.4855829220905816
2223,batt_tim741,1,741,battery,0.11789954515265602,0.0,0.11789954515265602,0.2200361283205718
2224,pltd_tim742,1,742,diesel,0.004414451541018382,0.0413,-0.03688554845898162,0.00996570201957386
2225,plts_tim742,1,742,solar,0.11874448113162218,0.0,0.11874448113162218,0.17033550753762766
2226,batt_tim742,1,742,battery,0.041357525761634116,0.0,0.041357525761634116,0.07718556100548543
2227,pltd_tim743,1,743,diesel,0.004780131759967426,0.0431,-0.03831986824003257,0.010636466074115798
2228,plts_tim743,1,743,solar,0.1244490010284068,0.0,0.1244490010284068,0.17767116975255698
2229,batt_tim743,1,743,battery,0.043245779707770125,0.0,0.043245779707770125,0.08027248614270184
2230,pltd_tim744,1,744,diesel,0.008331473055241106,0.0752,-0.0668685269447589,0.018539124539066785
2231,plts_tim744,1,744,solar,0.21689617338464598,0.0,0.21689617338464598,0.3096538889808781
2232,batt_tim744,1,744,battery,0.07536998402546184,0.0,0.07536998402546184,0.1399020319411805
2233,pltd_tim745,1,745,diesel,0.00616053133284125,0.0576,-0.05143946866715875,0.013907672802162372
2234,plts_tim745,1,745,solar,0.16570993493145353,0.0,0.16570993493145353,0.23770667789731004
2235,batt_tim745,1,745,battery,0.05771507245425632,0.0,0.05771507245425632,0.10771379567879252
2236,pltd_tim746,1,746,diesel,0.004650717484131043,0.0462,-0.04154928251586895,0.010223615857189488
2237,plts_tim746,1,746,solar,0.13218379004445963,0.0,0.13218379004445963,0.1916521346684113
2238,batt_tim746,1,746,battery,0.04600776631897717,0.0,0.04600776631897717,0.08665543779989172
2239,pltd_tim747,1,747,diesel,0.02806730549416518,0.2532,-0.22513269450583479,0.06245417601210234
2240,plts_tim747,1,747,solar,0.7306906230585384,0.0,0.7306906230585384,1.0431783212661112
2241,batt_tim747,1,747,battery,0.2539115891236657,0.0,0.2539115891236657,0.4713101861948012
2242,pltd_tim748,1,748,diesel,0.01304358190220609,0.1177,-0.10465641809779391,0.029024518710656675
2243,plts_tim748,1,748,solar,0.3395660967172427,0.0,0.3395660967172427,0.48478528260498016
2244,batt_tim748,1,748,battery,0.1179970445561149,0.0,0.1179970445561149,0.21902669542484618
2245,pltd_tim749,1,749,diesel,0.00813716699396473,0.0761,-0.06796283300603527,0.01837035892130638
2246,plts_tim749,1,749,solar,0.2188784856395877,0.0,0.2188784856395877,0.3139757017517779
2247,batt_tim749,1,749,battery,0.07623307126271035,0.0,0.07623307126271035,0.14227403367138386
2248,pltd_tim750,1,750,diesel,0.008137166994011307,0.0761,-0.0679628330059887,0.018370358921673505
2249,plts_tim750,1,750,solar,0.21887848563923726,0.0,0.21887848563923726,0.31397570175084344
2250,batt_tim750,1,750,battery,0.07623307126251991,0.0,0.07623307126251991,0.14227403366825192
2251,pltd_tim751,1,751,diesel,0.004029179377173359,0.0364,-0.032370820622826646,0.008966098087371966
2252,plts_tim751,1,751,solar,0.10489147599524903,0.0,0.10489147599524903,0.14974989064480274
2253,batt_tim751,1,751,battery,0.03644936795625808,0.0,0.03644936795625808,0.06765708508477307
2254,pltd_tim752,1,752,diesel,0.009549886422613455,0.0813,-0.07175011357738655,0.019793149023747732
2255,plts_tim752,1,752,solar,0.23353944524888595,0.0,0.23353944524888595,0.33528144933450205
2256,batt_tim752,1,752,battery,0.08089095511225461,0.0,0.08089095511225461,0.1512647375367528
2257,pltd_tim753,1,753,diesel,0.0033803732126975405,0.0305,-0.02711962678730246,0.0075215745948401845
2258,plts_tim753,1,753,solar,0.08800337831861457,0.0,0.08800337831861457,0.12563861499023735
2259,batt_tim753,1,753,battery,0.030580962271663875,0.0,0.030580962271663875,0.05676384663293582
2260,pltd_tim754,1,754,diesel,0.007785272533768465,0.0702,-0.062414727466231536,0.017323603580525513
2261,plts_tim754,1,754,solar,0.20267292828567646,0.0,0.20267292828567646,0.2893484650083903
2262,batt_tim754,1,754,battery,0.07042817311831574,0.0,0.07042817311831574,0.1307279944641249
2263,pltd_tim755,1,755,diesel,0.011404517296620828,0.1029,-0.09149548270337918,0.025376854808209892
2264,plts_tim755,1,755,solar,0.2968987272672149,0.0,0.2968987272672149,0.42387070941277194
2265,batt_tim755,1,755,battery,0.10317085882609525,0.0,0.10317085882609525,0.1915056138616522
2266,pltd_tim756,1,756,diesel,0.012154473348115086,0.1035,-0.0913455266518849,0.025190964273658616
2267,plts_tim756,1,756,solar,0.2972324140627842,0.0,0.2972324140627842,0.4267221113473572
2268,batt_tim756,1,756,battery,0.10295224596278492,0.0,0.10295224596278492,0.192519100858383
2269,pltd_tim757,1,757,diesel,0.016712469149677067,0.1423,-0.12558753085032295,0.03463746612542832
2270,plts_tim757,1,757,solar,0.4086943531819943,0.0,0.4086943531819943,0.5867432194406348
2271,batt_tim757,1,757,battery,0.14155984645331096,0.0,0.14155984645331096,0.2647139278343547
2272,pltd_tim758,1,758,diesel,0.00868189058116201,0.0739,-0.06521810941883799,0.017993058926782986
2273,plts_tim758,1,758,solar,0.212308743543542,0.0,0.212308743543542,0.30480209678088155
2274,batt_tim758,1,758,battery,0.07353768033345244,0.0,0.07353768033345244,0.13751406017720827
2275,pltd_tim759,1,759,diesel,0.006402843017919901,0.0545,-0.0480971569820801,0.013270476192822433
2276,plts_tim759,1,759,solar,0.1565775472694801,0.0,0.1565775472694801,0.2247907182540936
2277,batt_tim759,1,759,battery,0.05423375763795006,0.0,0.05423375763795006,0.10141603688901384
2278,pltd_tim760,1,760,diesel,0.03758497399523431,0.3201,-0.2825150260047657,0.0778958167690359
2279,plts_tim760,1,760,solar,0.9191209083761308,0.0,0.9191209083761308,1.3195387205133722
2280,batt_tim760,1,760,battery,0.31835699988910976,0.0,0.31835699988910976,0.5953208252413877
2281,pltd_tim761,1,761,diesel,0.014132968706992002,0.1322,-0.11806703129300801,0.03190600975417706
2282,plts_tim761,1,761,solar,0.38015744256128375,0.0,0.38015744256128375,0.5453271125486432
2283,batt_tim761,1,761,battery,0.13240600415585144,0.0,0.13240600415585144,0.24710829047094485
2284,pltd_tim762,1,762,diesel,0.008268997316393724,0.0773,-0.06903100268360626,0.01866714711148657
2285,plts_tim762,1,762,solar,0.222423052580412,0.0,0.222423052580412,0.31906073399508095
2286,batt_tim762,1,762,battery,0.07746786954903635,0.0,0.07746786954903635,0.1445786610665947
2287,pltd_tim763,1,763,diesel,0.01238707542491745,0.1158,-0.10341292457508255,0.02796297033624199
2288,plts_tim763,1,763,solar,0.3331926475461753,0.0,0.3331926475461753,0.4779572449522499
2289,batt_tim763,1,763,battery,0.1160488040492892,0.0,0.1160488040492892,0.21658109452744018
2290,pltd_tim764,1,764,diesel,0.01106919088970485,0.1035,-0.09243080911029515,0.02498923562192848
2291,plts_tim764,1,764,solar,0.2977457464203529,0.0,0.2977457464203529,0.42710897425639127
2292,batt_tim764,1,764,battery,0.10370217317813796,0.0,0.10370217317813796,0.19353926775542923
2293,pltd_tim765,1,765,diesel,0.013145714694055385,0.1186,-0.10545428530594461,0.029251163629744583
2294,plts_tim765,1,765,solar,0.3422336535685687,0.0,0.3422336535685687,0.48859362102150344
2295,batt_tim765,1,765,battery,0.11892506471273519,0.0,0.11892506471273519,0.22074786489919995
2296,pltd_tim766,1,766,diesel,0.007272959517691718,0.0656,-0.05832704048230829,0.01618379008563735
2297,plts_tim766,1,766,solar,0.18933915435324009,0.0,0.18933915435324009,0.2703118811548379
2298,batt_tim766,1,766,battery,0.0657941861043674,0.0,0.0657941861043674,0.12212731284992734
2299,pltd_tim767,1,767,diesel,0.011097146957479806,0.1001,-0.08900285304252019,0.02469290374734592
2300,plts_tim767,1,767,solar,0.2888980618506027,0.0,0.2888980618506027,0.41244853502956086
2301,batt_tim767,1,767,battery,0.10039085522763347,0.0,0.10039085522763347,0.18634493056138038
2302,pltd_tim768,1,768,diesel,0.009970462022517017,0.09,-0.08002953797748298,0.022185454740664787
2303,plts_tim768,1,768,solar,0.25956446639500513,0.0,0.25956446639500513,0.3705703958683737
2304,batt_tim768,1,768,battery,0.09019765654554113,0.0,0.09019765654554113,0.16742440842850484
2305,pltd_tim769,1,769,diesel,0.007546146214731636,0.0681,-0.060553853785268355,0.01679174776200771
2306,plts_tim769,1,769,solar,0.19645055149644497,0.0,0.19645055149644497,0.2804649632146217
2307,batt_tim769,1,769,battery,0.06826547275052665,0.0,0.06826547275052665,0.12671444053438374
2308,pltd_tim770,1,770,diesel,0.011506621875206697,0.1038,-0.09229337812479331,0.025603686326432576
2309,plts_tim770,1,770,solar,0.299566284118262,0.0,0.299566284118262,0.4276789826503933
2310,batt_tim770,1,770,battery,0.10409787898261111,0.0,0.10409787898261111,0.1932266981738558
2311,pltd_tim771,1,771,diesel,0.01386278923453613,0.1251,-0.11123721076546386,0.030846163625221006
2312,plts_tim771,1,771,solar,0.3609013697588958,0.0,0.3609013697588958,0.5152446799321279
2313,batt_tim771,1,771,battery,0.12541147459382762,0.0,0.12541147459382762,0.2327889527390146
2314,pltd_tim772,1,772,diesel,0.006897333835469154,0.0622,-0.05530266616453085,0.015347900558900548
2315,plts_tim772,1,772,solar,0.1795613718681798,0.0,0.1795613718681798,0.25635261040215807
2316,batt_tim772,1,772,battery,0.06239649678294181,0.0,0.06239649678294181,0.1158205016686843
2317,pltd_tim773,1,773,diesel,0.009833953316610007,0.0887,-0.07886604668338999,0.02188184761790644
2318,plts_tim773,1,773,solar,0.2560087678102614,0.0,0.2560087678102614,0.36549331057845574
2319,batt_tim773,1,773,battery,0.08896151321537091,0.0,0.08896151321537091,0.16513077374016644
2320,pltd_tim774,1,774,diesel,0.003518958415111955,0.0339,-0.030381041584888045,0.007653026024256103
2321,plts_tim774,1,774,solar,0.0967888251377297,0.0,0.0967888251377297,0.1403435680038213
2322,batt_tim774,1,774,battery,0.03314928228500854,0.0,0.03314928228500854,0.06329520770024065
2323,pltd_tim775,1,775,diesel,0.014939623325860905,0.1439,-0.1289603766741391,0.032490154149954445
2324,plts_tim775,1,775,solar,0.41091274471722977,0.0,0.41091274471722977,0.5958219366002421
2325,batt_tim775,1,775,battery,0.14073328010051783,0.0,0.14073328010051783,0.2687172258870228
2326,pltd_tim776,1,776,diesel,0.005304860064383363,0.0527,-0.047395139935616636,0.011659918545419192
2327,plts_tim776,1,776,solar,0.15066084864200766,0.0,0.15066084864200766,0.21847804533627024
2328,batt_tim776,1,776,battery,0.052472167042619346,0.0,0.052472167042619346,0.0987847891514585
2329,pltd_tim777,1,777,diesel,0.011335984690199485,0.1023,-0.09096401530980051,0.025224461794525668
2330,plts_tim777,1,777,solar,0.29512152018861176,0.0,0.29512152018861176,0.4213327810049057
2331,batt_tim777,1,777,battery,0.10255312566003792,0.0,0.10255312566003792,0.1903591845048258
2332,pltd_tim778,1,778,diesel,0.006419272392462195,0.0579,-0.0514807276075378,0.014283912794669545
2333,plts_tim778,1,778,solar,0.16711666327758684,0.0,0.16711666327758684,0.23858608146986987
2334,batt_tim778,1,778,battery,0.058072119760008784,0.0,0.058072119760008784,0.10779373354286154
2335,pltd_tim779,1,779,diesel,0.009082610309116685,0.0819,-0.07281738969088332,0.020209755741541234
2336,plts_tim779,1,779,solar,0.23645266201215173,0.0,0.23645266201215173,0.3375742665494378
2337,batt_tim779,1,779,battery,0.08216584951128417,0.0,0.08216584951128417,0.15251693250483614
2338,pltd_tim780,1,780,diesel,0.012838446968988849,0.1158,-0.10296155303101115,0.028567366255704454
2339,plts_tim780,1,780,solar,0.33423411466140973,0.0,0.33423411466140973,0.4771726198125485
2340,batt_tim780,1,780,battery,0.11614465487638466,0.0,0.11614465487638466,0.2155879564247616
