ID,Resource,Zone,Village,technology,Total_MW,Start_MW,Change_in_MW,Electricity_GWh
1,pltd_bel1,1,1,diesel,0.028879222839736204,0.2773,-0.24842077716026378,0.06138333025880029
2,plts_bel1,1,1,solar,0.7843877236977866,0.0,0.7843877236977866,1.1499992033991278
3,batt_bel1,1,1,battery,0.40722027770449093,0.0,0.40722027770449093,0.5206378767743011
4,pltd_bel2,1,2,diesel,0.14085623368396574,0.846,-0.7051437663160343,0.5196875072722148
5,plts_bel2,1,2,solar,2.2260346262618143,0.0,2.2260346262618143,3.1239673622036106
6,batt_bel2,1,2,battery,1.0121610094178821,0.0,1.0121610094178821,1.2997360009296985
7,pltd_bel3,1,3,diesel,0.14018913924921894,0.842,-0.701810860750781,0.5172254952107083
8,plts_bel3,1,3,solar,2.215498197767985,0.0,2.215498197767985,3.109179960718262
9,batt_bel3,1,3,battery,1.0073703513505208,0.0,1.0073703513505208,1.2935843485269924
10,pltd_bel4,1,4,diesel,0.06478522266818951,0.3891,-0.32431477733181047,0.2390231104936759
11,plts_bel4,1,4,solar,1.0238493945996765,0.0,1.0238493945996765,1.4368465130838626
12,batt_bel4,1,4,battery,0.4655370597805007,0.0,0.4655370597805007,0.5978054930305822
13,pltd_bel5,1,5,diesel,0.07294122263126222,0.4381,-0.36515877736873775,0.2691143931925246
14,plts_bel5,1,5,solar,1.1527410310715356,0.0,1.1527410310715356,1.61773152443759
15,batt_bel5,1,5,battery,0.5241436419122876,0.0,0.5241436419122876,0.6730631252122248
16,pltd_bel6,1,6,diesel,0.04010995603906833,0.3851,-0.3449900439609317,0.0852542705545475
17,plts_bel6,1,6,solar,1.089428236152806,0.0,1.089428236152806,1.5972210321076203
18,batt_bel6,1,6,battery,0.5655838954863297,0.0,0.5655838954863297,0.7231086090151145
19,pltd_bel7,1,7,diesel,0.059707003967876454,0.3586,-0.2988929960321235,0.22028730129028104
20,plts_bel7,1,7,solar,0.9435939147727065,0.0,0.9435939147727065,1.3242185539805242
21,batt_bel7,1,7,battery,0.4290457860134588,0.0,0.4290457860134588,0.5509462070877622
22,pltd_bel8,1,8,diesel,0.08563771670914477,0.7089,-0.6232622832908552,0.16959504475230464
23,plts_bel8,1,8,solar,2.0301202343192752,0.0,2.0301202343192752,2.9275447914341277
24,batt_bel8,1,8,battery,1.0460947896783637,0.0,1.0460947896783637,1.331311259229566
25,pltd_bel9,1,9,diesel,0.10860908031952445,0.6833,-0.5746909196804756,0.32205986149728894
26,plts_bel9,1,9,solar,1.8653064476432315,0.0,1.8653064476432315,2.636499818804077
27,batt_bel9,1,9,battery,0.8835421920990596,0.0,0.8835421920990596,1.1352680663772403
28,pltd_bel10,1,10,diesel,0.06606787318146441,0.3968,-0.3307321268185356,0.24375645581792163
29,plts_bel10,1,10,solar,1.0441135403853732,0.0,1.0441135403853732,1.4652848865423966
30,batt_bel10,1,10,battery,0.4747502754531757,0.0,0.4747502754531757,0.6096363164664276
31,pltd_bel11,1,11,diesel,0.10992509082046029,0.6602,-0.5502749091795397,0.4055667977483493
32,plts_bel11,1,11,solar,1.7372163558389484,0.0,1.7372163558389484,2.4379706045429805
33,batt_bel11,1,11,battery,0.7898993094126127,0.0,0.7898993094126127,1.014325397238587
34,pltd_bel12,1,12,diesel,0.04729410709865301,0.284,-0.23670589290134697,0.17449138636681133
35,plts_bel12,1,12,solar,0.7474153946337767,0.0,0.7474153946337767,1.0489055022485176
36,batt_bel12,1,12,battery,0.33984368407959625,0.0,0.33984368407959625,0.4364001025161767
37,pltd_bel13,1,13,diesel,0.05158901173694241,0.2672,-0.21561098826305758,0.0948684952256982
38,plts_bel13,1,13,solar,1.1930411105893282,0.0,1.1930411105893282,1.7283820507689338
39,batt_bel13,1,13,battery,0.584003648787139,0.0,0.584003648787139,0.7391587456787411
40,pltd_bel14,1,14,diesel,0.021402706716944112,0.2055,-0.18409729328305588,0.04549124815288359
41,plts_bel14,1,14,solar,0.5813195245629204,0.0,0.5813195245629204,0.8522779219621688
42,batt_bel14,1,14,battery,0.3017960451861661,0.0,0.3017960451861661,0.38585133324768006
43,pltd_bel15,1,15,diesel,0.03377464259258064,0.1749,-0.14112535740741936,0.06210873340433512
44,plts_bel15,1,15,solar,0.7810699629417733,0.0,0.7810699629417733,1.1315527521752322
45,batt_bel15,1,15,battery,0.3823413767789315,0.0,0.3823413767789315,0.4839194118811165
46,pltd_bel16,1,16,diesel,0.08171298095394268,0.4908,-0.4090870190460573,0.3014790275691145
47,plts_bel16,1,16,solar,1.2913597891789514,0.0,1.2913597891789514,1.812265171984947
48,batt_bel16,1,16,battery,0.587171351831151,0.0,0.587171351831151,0.7539984310288151
49,pltd_bel17,1,17,diesel,0.043305468633455205,0.2234,-0.1800945313665448,0.08033582219820513
50,plts_bel17,1,17,solar,1.0125443701380406,0.0,1.0125443701380406,1.4442847521302744
51,batt_bel17,1,17,battery,0.48740207011342523,0.0,0.48740207011342523,0.6185529150522402
52,pltd_bel18,1,18,diesel,0.01566859463572547,0.1297,-0.11403140536427454,0.031029927248746886
53,plts_bel18,1,18,solar,0.37143898783558077,0.0,0.37143898783558077,0.5356352063546019
54,batt_bel18,1,18,battery,0.19139760356428925,0.0,0.19139760356428925,0.24358193748922968
55,pltd_bel19,1,19,diesel,0.033803644610849386,0.203,-0.16919635538915062,0.12471919069693181
56,plts_bel19,1,19,solar,0.5342145277279445,0.0,0.5342145277279445,0.7497045704709719
57,batt_bel19,1,19,battery,0.24290258038354948,0.0,0.24290258038354948,0.3119160707746401
58,pltd_bel20,1,20,diesel,0.009507357258589965,0.0444,-0.03489264274141004,0.041078342831982285
59,plts_bel20,1,20,solar,0.10598736491586358,0.0,0.10598736491586358,0.1478256837285256
60,batt_bel20,1,20,battery,0.0442961532830183,0.0,0.0442961532830183,0.05620413367644174
61,pltd_bel21,1,21,diesel,0.035653378591186,0.1664,-0.130746621408814,0.15405125189973307
62,plts_bel21,1,21,solar,0.39744497401824347,0.0,0.39744497401824347,0.5543358708608138
63,batt_bel21,1,21,battery,0.16610469205174624,0.0,0.16610469205174624,0.21075833696029278
64,pltd_bel22,1,22,diesel,0.025353040935415117,0.1183,-0.09294695906458489,0.10954553178208637
65,plts_bel22,1,22,solar,0.28262957820469875,0.0,0.28262957820469875,0.39419667209421216
66,batt_bel22,1,22,battery,0.11812023311479938,0.0,0.11812023311479938,0.14987444160524024
67,pltd_bel23,1,23,diesel,0.01190469963780783,0.1143,-0.10239530036219217,0.02530340725772803
68,plts_bel23,1,23,solar,0.3233424717963576,0.0,0.3233424717963576,0.4740556620680284
69,batt_bel23,1,23,battery,0.16786552020023543,0.0,0.16786552020023543,0.2146188332928687
70,pltd_bel24,1,24,diesel,0.014393300046554666,0.0672,-0.05280669995344533,0.06219040954395949
71,plts_bel24,1,24,solar,0.160450688347359,0.0,0.160450688347359,0.2237884598824683
72,batt_bel24,1,24,battery,0.0670576413246114,0.0,0.0670576413246114,0.08508461859452424
73,pltd_bel25,1,25,diesel,0.010498260034654852,0.049,-0.03850173996534515,0.045360822113518155
74,plts_bel25,1,25,solar,0.11702495381526035,0.0,0.11702495381526035,0.163219945925855
75,batt_bel25,1,25,battery,0.04890769310481258,0.0,0.04890769310481258,0.06205552583772783
76,pltd_bel26,1,26,diesel,0.029380706745096453,0.1371,-0.10771929325490355,0.12694899985644373
77,plts_bel26,1,26,solar,0.3275249493858082,0.0,0.3275249493858082,0.4568145341837168
78,batt_bel26,1,26,battery,0.13688289900989828,0.0,0.13688289900989828,0.173681009532567
79,pltd_bel27,1,27,diesel,0.019929070786238626,0.1254,-0.10547092921376139,0.05909346528789245
80,plts_bel27,1,27,solar,0.3422842631860431,0.0,0.3422842631860431,0.48379859068539377
81,batt_bel27,1,27,battery,0.16213152819840956,0.0,0.16213152819840956,0.2083236218311372
82,pltd_bel28,1,28,diesel,0.014788135887078065,0.093,-0.07821186411292194,0.04385198398195354
83,plts_bel28,1,28,solar,0.25397695783114504,0.0,0.25397695783114504,0.3589817068878272
84,batt_bel28,1,28,battery,0.1203015119462448,0.0,0.1203015119462448,0.15457600208110053
85,pltd_bel29,1,29,diesel,0.011028927024738077,0.0662,-0.055171072975261914,0.04069271965094656
86,plts_bel29,1,29,solar,0.17428573905458566,0.0,0.17428573905458566,0.24458895027056865
87,batt_bel29,1,29,battery,0.07924538829765584,0.0,0.07924538829765584,0.10176055419951066
88,pltd_bel30,1,30,diesel,0.009149362231334779,0.0508,-0.04165063776866522,0.033593508334178734
89,plts_bel30,1,30,solar,0.13260887541760225,0.0,0.13260887541760225,0.18488556865065003
90,batt_bel30,1,30,battery,0.058693196079505544,0.0,0.058693196079505544,0.07557228969685023
91,pltd_bel31,1,31,diesel,0.018631269475229768,0.1035,-0.08486873052477023,0.068404568976865
92,plts_bel31,1,31,solar,0.2700435121194446,0.0,0.2700435121194446,0.3764995533416141
93,batt_bel31,1,31,battery,0.11952401619615684,0.0,0.11952401619615684,0.15389684776585727
94,pltd_bel32,1,32,diesel,0.02467946597798525,0.1553,-0.13062053402201473,0.07318276356266903
95,plts_bel32,1,32,solar,0.4238566810631263,0.0,0.4238566810631263,0.599096242530509
96,batt_bel32,1,32,battery,0.20076860278192193,0.0,0.20076860278192193,0.25796868135897827
97,pltd_bel33,1,33,diesel,0.014592314240638428,0.0918,-0.07720768575936157,0.04327232614926123
98,plts_bel33,1,33,solar,0.2506125781889315,0.0,0.2506125781889315,0.35422602212913507
99,batt_bel33,1,33,battery,0.11870736730805546,0.0,0.11870736730805546,0.15252773837441017
100,pltd_bel34,1,34,diesel,0.01330801205765929,0.0739,-0.060591987942340705,0.048859209331670476
101,plts_bel34,1,34,solar,0.19288989624998862,0.0,0.19288989624998862,0.26892964511996315
102,batt_bel34,1,34,battery,0.08537486041838908,0.0,0.08537486041838908,0.10992725429908222
103,pltd_bel35,1,35,diesel,0.01204597499673965,0.0758,-0.06375402500326036,0.035720935695388645
104,plts_bel35,1,35,solar,0.20688177103915142,0.0,0.20688177103915142,0.29241470815560877
105,batt_bel35,1,35,battery,0.09799319940873834,0.0,0.09799319940873834,0.12591206396457624
106,pltd_bel36,1,36,diesel,0.007386558347616784,0.0444,-0.03701344165238322,0.02725274637866244
107,plts_bel36,1,36,solar,0.1167330396850902,0.0,0.1167330396850902,0.16382057449733595
108,batt_bel36,1,36,battery,0.05307750116746665,0.0,0.05307750116746665,0.06815784920520744
109,pltd_bel37,1,37,diesel,0.012926745610738135,0.0776,-0.06467325438926187,0.04769471206053559
110,plts_bel37,1,37,solar,0.20428022497539752,0.0,0.20428022497539752,0.28668219489684826
111,batt_bel37,1,37,battery,0.09288363644946467,0.0,0.09288363644946467,0.11927371311981473
112,pltd_bel38,1,38,diesel,0.02641676030820777,0.1587,-0.13228323969179223,0.0974634650453212
113,plts_bel38,1,38,solar,0.41748385281407735,0.0,0.41748385281407735,0.5858877608149207
114,batt_bel38,1,38,battery,0.1898273332093777,0.0,0.1898273332093777,0.24376104191133482
115,pltd_bel39,1,39,diesel,0.007412198139787524,0.0712,-0.06378780186021248,0.015756014756029342
116,plts_bel39,1,39,solar,0.20132532695822816,0.0,0.20132532695822816,0.29516505094814155
117,batt_bel39,1,39,battery,0.10451900443055938,0.0,0.10451900443055938,0.13362947471012915
118,pltd_bel40,1,40,diesel,0.010617627847041884,0.0638,-0.05318237215295811,0.03917261562350825
119,plts_bel40,1,40,solar,0.16780609387247775,0.0,0.16780609387247775,0.23549510607242788
120,batt_bel40,1,40,battery,0.0763008036990623,0.0,0.0763008036990623,0.09797943660100765
121,pltd_bel41,1,41,diesel,0.011490339406721834,0.069,-0.057509660593278174,0.04239478579552647
122,plts_bel41,1,41,solar,0.18158319372829507,0.0,0.18158319372829507,0.2548296506990931
123,batt_bel41,1,41,battery,0.08256379052302959,0.0,0.08256379052302959,0.10602181629244528
124,pltd_bel42,1,42,diesel,0.008086196720087811,0.0776,-0.06951380327991219,0.01718705262233911
125,plts_bel42,1,42,solar,0.2196288817214474,0.0,0.2196288817214474,0.32199985641135814
126,batt_bel42,1,42,battery,0.11402187048476439,0.0,0.11402187048476439,0.14577882872777917
127,pltd_bel43,1,43,diesel,0.021692307363096783,0.1365,-0.11480769263690323,0.06432391256914845
128,plts_bel43,1,43,solar,0.37255755176933364,0.0,0.37255755176933364,0.5265880325025689
129,batt_bel43,1,43,battery,0.1764700375470315,0.0,0.1764700375470315,0.2267473299230116
130,pltd_bel44,1,44,diesel,0.016991301519823226,0.1069,-0.08990869848017677,0.05038222116103869
131,plts_bel44,1,44,solar,0.2918246967543938,0.0,0.2918246967543938,0.41247717818023955
132,batt_bel44,1,44,battery,0.13823022102495192,0.0,0.13823022102495192,0.17761269348262976
133,pltd_bel45,1,45,diesel,0.012878438908765959,0.081,-0.06812156109123405,0.03818856169188501
134,plts_bel45,1,45,solar,0.22117885247017338,0.0,0.22117885247017338,0.31262361899892327
135,batt_bel45,1,45,battery,0.10476611602294686,0.0,0.10476611602294686,0.13461446161572188
136,pltd_bel46,1,46,diesel,0.017383637157414398,0.1094,-0.0920163628425856,0.051550585406708926
137,plts_bel46,1,46,solar,0.29854732784133164,0.0,0.29854732784133164,0.4219787624888627
138,batt_bel46,1,46,battery,0.1414120179054906,0.0,0.1414120179054906,0.18170113916201633
139,pltd_bel47,1,47,diesel,0.011776231975776158,0.1131,-0.10132376802422385,0.025031120033675535
140,plts_bel47,1,47,solar,0.3198560158212643,0.0,0.3198560158212643,0.46894385449610365
141,batt_bel47,1,47,battery,0.16605511902939446,0.0,0.16605511902939446,0.21230443875305718
142,pltd_bel48,1,48,diesel,0.01743200082799485,0.1097,-0.09226799917200515,0.051689843420541184
143,plts_bel48,1,48,solar,0.29939301889966746,0.0,0.29939301889966746,0.4231746347721268
144,batt_bel48,1,48,battery,0.1418148483616257,0.0,0.1418148483616257,0.18221857925617344
145,pltd_bel49,1,49,diesel,0.023346623318629144,0.1999,-0.17655337668137086,0.0444571008325791
146,plts_bel49,1,49,solar,0.5805781741885124,0.0,0.5805781741885124,0.8294280103683149
147,batt_bel49,1,49,battery,0.29306922881690917,0.0,0.29306922881690917,0.37733039596293366
148,pltd_bel50,1,50,diesel,0.02741171597859981,0.2348,-0.2073882840214002,0.052197222686237624
149,plts_bel50,1,50,solar,0.6816650532751968,0.0,0.6816650532751968,0.9738435995276609
150,batt_bel50,1,50,battery,0.3440972404911495,0.0,0.3440972404911495,0.44302950144084197
151,pltd_bel51,1,51,diesel,0.023406246551273,0.1473,-0.12389375344872698,0.06940695412123195
152,plts_bel51,1,51,solar,0.40199127748834484,0.0,0.40199127748834484,0.5681903834903119
153,batt_bel51,1,51,battery,0.1904115188323585,0.0,0.1904115188323585,0.24466086127528608
154,pltd_bel52,1,52,diesel,0.01870618117324463,0.1602,-0.14149381882675538,0.03561971711092963
155,plts_bel52,1,52,solar,0.4651785082313073,0.0,0.4651785082313073,0.6645658779359966
156,batt_bel52,1,52,battery,0.23481737863258645,0.0,0.23481737863258645,0.3023302780806553
157,pltd_bel53,1,53,diesel,0.02183901678805111,0.1374,-0.11556098321194888,0.06475720994616319
158,plts_bel53,1,53,solar,0.3750823685495132,0.0,0.3750823685495132,0.5301568545600536
159,batt_bel53,1,53,battery,0.1776669241238867,0.0,0.1776669241238867,0.22828514289410629
160,pltd_bel54,1,54,diesel,0.014749023347942732,0.1263,-0.11155097665205727,0.028085066127908887
161,plts_bel54,1,54,solar,0.3667755615795507,0.0,0.3667755615795507,0.5239843536408582
162,batt_bel54,1,54,battery,0.18514406969403238,0.0,0.18514406969403238,0.23837541639163468
163,pltd_bel55,1,55,diesel,0.032807708906384785,0.2064,-0.1735922910936152,0.09728238044375682
164,plts_bel55,1,55,solar,0.5634631157113864,0.0,0.5634631157113864,0.7964219164447
165,batt_bel55,1,55,battery,0.2668976442686047,0.0,0.2668976442686047,0.34293816388582166
166,pltd_bel56,1,56,diesel,0.03420085011180938,0.1596,-0.12539914988819062,0.14777469133036514
167,plts_bel56,1,56,solar,0.3812534518635878,0.0,0.3812534518635878,0.5317520557529739
168,batt_bel56,1,56,battery,0.15933756595359092,0.0,0.15933756595359092,0.20217204330575694
169,pltd_bel57,1,57,diesel,0.028827638023418048,0.1731,-0.14427236197658194,0.10635858721843416
170,plts_bel57,1,57,solar,0.4555842944713159,0.0,0.4555842944713159,0.6393567973584213
171,batt_bel57,1,57,battery,0.20715121419188245,0.0,0.20715121419188245,0.2660069657638189
172,pltd_bel58,1,58,diesel,0.053083338628356805,0.2477,-0.19461666137164318,0.22936303531270516
173,plts_bel58,1,58,solar,0.5917534468338806,0.0,0.5917534468338806,0.8253468973659087
174,batt_bel58,1,58,battery,0.24731300134301307,0.0,0.24731300134301307,0.3137978278432987
175,pltd_bel59,1,59,diesel,0.013029111224541132,0.0783,-0.06527088877545886,0.04807119605508612
176,plts_bel59,1,59,solar,0.20590384070789677,0.0,0.20590384070789677,0.28896029222927455
177,batt_bel59,1,59,battery,0.09362237820172938,0.0,0.09362237820172938,0.12022244542549257
178,pltd_bel60,1,60,diesel,0.07037637797503386,0.4227,-0.35232362202496614,0.25965127912059294
179,plts_bel60,1,60,solar,1.1122092070361251,0.0,1.1122092070361251,1.5608494442233636
180,batt_bel60,1,60,battery,0.5057139571548182,0.0,0.5057139571548182,0.6493973291588284
181,pltd_bel61,1,61,diesel,0.009284254255873108,0.0558,-0.046515745744126896,0.03425371582418891
182,plts_bel61,1,61,solar,0.14672770632490942,0.0,0.14672770632490942,0.20591452269786617
183,batt_bel61,1,61,battery,0.06671636399543034,0.0,0.06671636399543034,0.08567176228217747
184,pltd_bel62,1,62,diesel,0.04553935282475498,0.2865,-0.240960647175245,0.13503790143579536
185,plts_bel62,1,62,solar,0.7821171514551541,0.0,0.7821171514551541,1.1054764527338363
186,batt_bel62,1,62,battery,0.3704666437606941,0.0,0.3704666437606941,0.4760145392034423
187,pltd_bel63,1,63,diesel,0.011776231975776161,0.1131,-0.10132376802422384,0.025031120033675545
188,plts_bel63,1,63,solar,0.3198560158212643,0.0,0.3198560158212643,0.46894385449610354
189,batt_bel63,1,63,battery,0.16605511902939446,0.0,0.16605511902939446,0.21230443875305718
190,pltd_bel64,1,64,diesel,0.016795571832890016,0.1057,-0.08890442816710999,0.04980200136282
191,plts_bel64,1,64,solar,0.2884603171122788,0.0,0.2884603171122788,0.40772160422526416
192,batt_bel64,1,64,battery,0.13663630638684743,0.0,0.13663630638684743,0.17556470922674786
193,pltd_bel65,1,65,diesel,0.008226574639040479,0.0518,-0.04357342536095952,0.024394555607968847
194,plts_bel65,1,65,solar,0.14128556031330108,0.0,0.14128556031330108,0.19969894951497685
195,batt_bel65,1,65,battery,0.06692286755873522,0.0,0.06692286755873522,0.08598956716495337
196,pltd_bel66,1,66,diesel,0.0522331735979204,0.4473,-0.3950668264020796,0.09946351330598638
197,plts_bel66,1,66,solar,1.2989199339257973,0.0,1.2989199339257973,1.8556687540113712
198,batt_bel66,1,66,battery,0.6556802074433031,0.0,0.6556802074433031,0.8441965521346407
199,pltd_bel67,1,67,diesel,0.05738957767334687,0.3611,-0.30371042232665313,0.17017853044045314
200,plts_bel67,1,67,solar,0.9856345429105374,0.0,0.9856345429105374,1.3931359911100567
201,batt_bel67,1,67,battery,0.466866618581328,0.0,0.466866618581328,0.5998793616134426
202,pltd_bel68,1,68,diesel,0.021260169536054963,0.1821,-0.16083983046394504,0.04048460881454377
203,plts_bel68,1,68,solar,0.5286925028612972,0.0,0.5286925028612972,0.7553024793620351
204,batt_bel68,1,68,battery,0.266877756007345,0.0,0.266877756007345,0.34360853039144357
205,pltd_bel69,1,69,diesel,0.040218098718149076,0.3444,-0.3041819012818509,0.0765841635534291
206,plts_bel69,1,69,solar,1.0001325759969015,0.0,1.0001325759969015,1.4288136033195085
207,batt_bel69,1,69,battery,0.5048553645374818,0.0,0.5048553645374818,0.6500077167950724
208,pltd_bel70,1,70,diesel,0.010515422684608203,0.0632,-0.052684577315391806,0.03879624831565672
209,plts_bel70,1,70,solar,0.1661831168135012,0.0,0.1661831168135012,0.23321765163893762
210,batt_bel70,1,70,battery,0.0755623785831618,0.0,0.0755623785831618,0.09703111873726054
211,pltd_bel71,1,71,diesel,0.023602075847729134,0.1485,-0.12489792415227086,0.06998750776011428
212,plts_bel71,1,71,solar,0.4053556571305169,0.0,0.4053556571305169,0.5729454490525244
213,batt_bel71,1,71,battery,0.1920049734705134,0.0,0.1920049734705134,0.24670838650188842
214,pltd_bel72,1,72,diesel,0.013412817891111936,0.1288,-0.11538718210888806,0.02850962515209081
215,plts_bel72,1,72,solar,0.3643044446379628,0.0,0.3643044446379628,0.5341105883092394
216,batt_bel72,1,72,battery,0.18913110489552637,0.0,0.18913110489552637,0.24180726913498735
217,pltd_bel73,1,73,diesel,0.016414522878420313,0.0986,-0.08218547712157968,0.060561592388772
218,plts_bel73,1,73,solar,0.2594059098080779,0.0,0.2594059098080779,0.3640447180614212
219,batt_bel73,1,73,battery,0.11794968821068776,0.0,0.11794968821068776,0.1514615260450371
220,pltd_bel74,1,74,diesel,0.11306523785285913,0.7113,-0.5982347621471409,0.33527473874885766
221,plts_bel74,1,74,solar,1.9418353601536782,0.0,1.9418353601536782,2.7446687448625764
222,batt_bel74,1,74,battery,0.9197912959213972,0.0,0.9197912959213972,1.1818447747277492
223,pltd_bel75,1,75,diesel,0.015915676733946154,0.1528,-0.13688432326605385,0.033828761150845696
224,plts_bel75,1,75,solar,0.4322854980903666,0.0,0.4322854980903666,0.6337778584706377
225,batt_bel75,1,75,battery,0.22442397560424254,0.0,0.22442397560424254,0.28692980456436806
226,pltd_bel76,1,76,diesel,0.011439026508038595,0.0687,-0.0572609734919614,0.04220520136802041
227,plts_bel76,1,76,solar,0.1807725217288775,0.0,0.1807725217288775,0.25369237022049107
228,batt_bel76,1,76,battery,0.08219539182765759,0.0,0.08219539182765759,0.10554866488274543
229,pltd_bel77,1,77,diesel,0.05242359655604951,0.3149,-0.2624764034439505,0.19341601800616562
230,plts_bel77,1,77,solar,0.8284806256889329,0.0,0.8284806256889329,1.1626709997442695
231,batt_bel77,1,77,battery,0.3767037184601059,0.0,0.3767037184601059,0.48373277914348206
232,pltd_bel78,1,78,diesel,0.0158654698108026,0.0998,-0.0839345301891974,0.04704710404289016
233,plts_bel78,1,78,solar,0.2724779817654063,0.0,0.2724779817654063,0.38513195286817564
234,batt_bel78,1,78,battery,0.12906468125910264,0.0,0.12906468125910264,0.16583580037109708
235,pltd_bel79,1,79,diesel,0.010527943013896552,0.0662,-0.055672056986103446,0.03121764820821422
236,plts_bel79,1,79,solar,0.18081242495466918,0.0,0.18081242495466918,0.25556781379061555
237,batt_bel79,1,79,battery,0.08564609275490324,0.0,0.08564609275490324,0.11004707512555109
238,pltd_bel80,1,80,diesel,0.0179536320585512,0.1078,-0.0898463679414488,0.06624101926469232
239,plts_bel80,1,80,solar,0.28372427185234544,0.0,0.28372427185234544,0.3981721566373406
240,batt_bel80,1,80,battery,0.1290063202286601,0.0,0.1290063202286601,0.16565961990204767
241,pltd_bel81,1,81,diesel,0.02785271747871536,0.1673,-0.13944728252128463,0.10275993371157463
242,plts_bel81,1,81,solar,0.44018495457570395,0.0,0.44018495457570395,0.6177453837999981
243,batt_bel81,1,81,battery,0.20014997306172067,0.0,0.20014997306172067,0.2570165924952296
244,pltd_kup82,1,82,diesel,0.0695347170950532,0.6676,-0.5980652829049468,0.14779645128665023
245,plts_kup82,1,82,solar,1.8886335760958217,0.0,1.8886335760958217,2.7689440165766492
246,batt_kup82,1,82,battery,0.9804968698152924,0.0,0.9804968698152924,1.253581785579121
247,pltd_kup83,1,83,diesel,0.038184714752432104,0.3666,-0.32841528524756786,0.08116174215676497
248,plts_kup83,1,83,solar,1.0371360949102877,0.0,1.0371360949102877,1.520555029595821
249,batt_kup83,1,83,battery,0.5384362104082129,0.0,0.5384362104082129,0.6883998222516463
250,pltd_kup84,1,84,diesel,0.05031392924323788,0.4831,-0.4327860707567621,0.1069425928518908
251,plts_kup84,1,84,solar,1.366579255839804,0.0,1.366579255839804,2.0035548970464983
252,batt_kup84,1,84,battery,0.709468756890605,0.0,0.709468756890605,0.9070678822881425
253,pltd_kup85,1,85,diesel,0.0077011603246560974,0.0739,-0.0661988396753439,0.016368301279360755
254,plts_kup85,1,85,solar,0.20917052674226486,0.0,0.20917052674226486,0.3066669716847418
255,batt_kup85,1,85,battery,0.10859249084917337,0.0,0.10859249084917337,0.13883720631042973
256,pltd_kup86,1,86,diesel,0.04874155635377524,0.468,-0.4192584436462248,0.10360045327417423
257,plts_kup86,1,86,solar,1.3238741736136863,0.0,1.3238741736136863,1.940944110196708
258,batt_kup86,1,86,battery,0.6872979624423182,0.0,0.6872979624423182,0.8787222015443755
259,pltd_kup87,1,87,diesel,0.04457019994514626,0.4279,-0.38332980005485373,0.09473529730238044
260,plts_kup87,1,87,solar,1.2105721663046882,0.0,1.2105721663046882,1.7748316621318523
261,batt_kup87,1,87,battery,0.6284764401256868,0.0,0.6284764401256868,0.8035177139752118
262,pltd_kup88,1,88,diesel,0.020600486266594165,0.1978,-0.17719951373340584,0.04378655213501112
263,plts_kup88,1,88,solar,0.5595304406770026,0.0,0.5595304406770026,0.8203328540728222
264,batt_kup88,1,88,battery,0.290484065014512,0.0,0.290484065014512,0.3713887961183137
265,pltd_kup89,1,89,diesel,0.09818910879722503,0.9427,-0.844510891202775,0.20870244118662012
266,plts_kup89,1,89,solar,2.666920955928272,0.0,2.666920955928272,3.9099979489449432
267,batt_kup89,1,89,battery,1.3845492793312884,0.0,1.3845492793312884,1.770169908273534
268,pltd_kup90,1,90,diesel,0.031478183227191744,0.3022,-0.27072181677280827,0.06690795488633983
269,plts_kup90,1,90,solar,0.8549837649751179,0.0,0.8549837649751179,1.2534991543275873
270,batt_kup90,1,90,battery,0.44386998693121116,0.0,0.44386998693121116,0.5674956184188138
271,pltd_kup91,1,91,diesel,0.02980971174313972,0.2862,-0.2563902882568603,0.06336077058315763
272,plts_kup91,1,91,solar,0.8096634146711638,0.0,0.8096634146711638,1.1870554852289523
273,batt_kup91,1,91,battery,0.4203421038883002,0.0,0.4203421038883002,0.5374145588270294
274,pltd_kup92,1,92,diesel,0.025124902210498578,0.2412,-0.21607509778950143,0.05340256118058267
275,plts_kup92,1,92,solar,0.6824184720845056,0.0,0.6824184720845056,1.000500039894559
276,batt_kup92,1,92,battery,0.35428201447803115,0.0,0.35428201447803115,0.45295556024389405
277,pltd_kup93,1,93,diesel,0.11230792914321837,1.0783,-0.9659920708567816,0.2387117649368667
278,plts_kup93,1,93,solar,3.050400208243517,0.0,3.050400208243517,4.472220766282781
279,batt_kup93,1,93,battery,1.583635470874645,0.0,1.583635470874645,2.024704835441238
280,pltd_kup94,1,94,diesel,0.01649325298502365,0.1583,-0.14180674701497634,0.035056938841264824
281,plts_kup94,1,94,solar,0.44797225437070415,0.0,0.44797225437070415,0.6567764930915119
282,batt_kup94,1,94,battery,0.2325676974454269,0.0,0.2325676974454269,0.2973417185961345
283,pltd_kup95,1,95,diesel,0.006097106347314669,0.053,-0.04690289365268533,0.012417531122789411
284,plts_kup95,1,95,solar,0.16023790894017578,0.0,0.16023790894017578,0.21881983859264972
285,batt_kup95,1,95,battery,0.07527593056888529,0.0,0.07527593056888529,0.09800328923581866
286,pltd_kup96,1,96,diesel,0.005421439647323552,0.0542,-0.04877856035267645,0.011095452101133139
287,plts_kup96,1,96,solar,0.15804305338018318,0.0,0.15804305338018318,0.2258374225484804
288,batt_kup96,1,96,battery,0.07848770124447771,0.0,0.07848770124447771,0.10203720316994128
289,pltd_kup97,1,97,diesel,0.011626978311400998,0.101,-0.08937302168859901,0.02367951806592109
290,plts_kup97,1,97,solar,0.30557020390499356,0.0,0.30557020390499356,0.4172841933606723
291,batt_kup97,1,97,battery,0.14354936413215175,0.0,0.14354936413215175,0.18688995292930438
292,pltd_kup98,1,98,diesel,0.005236595623054884,0.0524,-0.04716340437694512,0.01071759993979338
293,plts_kup98,1,98,solar,0.15265544374213777,0.0,0.15265544374213777,0.21813842582385248
294,batt_kup98,1,98,battery,0.07581195607087436,0.0,0.07581195607087436,0.09855870023971136
295,pltd_kup99,1,99,diesel,0.005575393929458979,0.0558,-0.05022460607054102,0.011410431061959098
296,plts_kup99,1,99,solar,0.16253347589790257,0.0,0.16253347589790257,0.23225386507155327
297,batt_kup99,1,99,battery,0.0807178574774473,0.0,0.0807178574774473,0.10493649641194526
298,pltd_kup100,1,100,diesel,0.024209969958220653,0.2249,-0.20069003004177932,0.047521547473906585
299,plts_kup100,1,100,solar,0.6533184525748384,0.0,0.6533184525748384,0.9351602851184151
300,batt_kup100,1,100,battery,0.327457163806539,0.0,0.327457163806539,0.4229338232852105
301,pltd_kup101,1,101,diesel,0.012055082674483264,0.1201,-0.10804491732551673,0.02248915304474038
302,plts_kup101,1,101,solar,0.3425109198012364,0.0,0.3425109198012364,0.5028647806671551
303,batt_kup101,1,101,battery,0.17597512931871973,0.0,0.17597512931871973,0.2279335153854663
304,pltd_kup102,1,102,diesel,0.015786200694064386,0.1466,-0.13081379930593562,0.030986584290187576
305,plts_kup102,1,102,solar,0.42599967518133464,0.0,0.42599967518133464,0.6097758841076113
306,batt_kup102,1,102,battery,0.21352003793984195,0.0,0.21352003793984195,0.2757761393383212
307,pltd_kup103,1,103,diesel,0.019202150909419506,0.1784,-0.1591978490905805,0.03769154798348515
308,plts_kup103,1,103,solar,0.5181802490214056,0.0,0.5181802490214056,0.7417232911453783
309,batt_kup103,1,103,battery,0.25972305310993665,0.0,0.25972305310993665,0.33545048430428703
310,pltd_kup104,1,104,diesel,0.022551662834730812,0.2095,-0.18694833716526918,0.044266820965208294
311,plts_kup104,1,104,solar,0.6085706003586429,0.0,0.6085706003586429,0.8711081218715389
312,batt_kup104,1,104,battery,0.3050285104815213,0.0,0.3050285104815213,0.3939656675357509
313,pltd_kup105,1,105,diesel,0.0120550826744832,0.1201,-0.1080449173255168,0.02248915304474001
314,plts_kup105,1,105,solar,0.342510919801237,0.0,0.342510919801237,0.5028647806671555
315,batt_kup105,1,105,battery,0.17597512931872006,0.0,0.17597512931872006,0.22793351538546933
316,pltd_kup106,1,106,diesel,0.007882166575334582,0.0786,-0.07071783342466542,0.014704257376314643
317,plts_kup106,1,106,solar,0.22394968569990945,0.0,0.22394968569990945,0.32879653232759665
318,batt_kup106,1,106,battery,0.1150608100938633,0.0,0.1150608100938633,0.1490335703571019
319,pltd_kup107,1,107,diesel,0.008008906107280233,0.0801,-0.07209109389271977,0.01639054082270743
320,plts_kup107,1,107,solar,0.23347349052777483,0.0,0.23347349052777483,0.33362423585211737
321,batt_kup107,1,107,battery,0.11594823721172243,0.0,0.11594823721172243,0.15073747437526216
322,pltd_kup108,1,108,diesel,0.011872636599255887,0.114,-0.10212736340074412,0.025234900399980432
323,plts_kup108,1,108,solar,0.32247070142146417,0.0,0.32247070142146417,0.47277772252607464
324,batt_kup108,1,108,battery,0.1674130678647717,0.0,0.1674130678647717,0.21404029382211867
325,pltd_kup109,1,109,diesel,0.01324523874817965,0.1325,-0.11925476125182036,0.027107328312544574
326,plts_kup109,1,109,solar,0.3861297795340711,0.0,0.3861297795340711,0.5517639606518421
327,batt_kup109,1,109,battery,0.19176091320160407,0.0,0.19176091320160407,0.24929709567658925
328,pltd_kup110,1,110,diesel,0.00988290479098365,0.0918,-0.08191709520901636,0.019398615484174455
329,plts_kup110,1,110,solar,0.2666981654454389,0.0,0.2666981654454389,0.3817514786235309
330,batt_kup110,1,110,battery,0.13367476516558258,0.0,0.13367476516558258,0.17265037945463338
331,pltd_kup111,1,111,diesel,0.01592522888144638,0.1593,-0.14337477111855362,0.03259224760356598
332,plts_kup111,1,111,solar,0.4642528185131062,0.0,0.4642528185131062,0.6633989440281238
333,batt_kup111,1,111,battery,0.23055864216488084,0.0,0.23055864216488084,0.299735665797726
334,pltd_kup112,1,112,diesel,0.020311922004558565,0.1765,-0.15618807799544143,0.041366859445154266
335,plts_kup112,1,112,solar,0.5338160521341108,0.0,0.5338160521341108,0.7289752992654162
336,batt_kup112,1,112,battery,0.2507737381540082,0.0,0.2507737381540082,0.32648755165428306
337,pltd_kup113,1,113,diesel,0.029174004186938468,0.2535,-0.22432599581306154,0.05941549963746126
338,plts_kup113,1,113,solar,0.7667200073041089,0.0,0.7667200073041089,1.047027242902384
339,batt_kup113,1,113,battery,0.3601865332834735,0.0,0.3601865332834735,0.46893428539189674
340,pltd_kup114,1,114,diesel,0.01269086145433497,0.1269,-0.11420913854566504,0.025973039472216252
341,plts_kup114,1,114,solar,0.3699656716707732,0.0,0.3699656716707732,0.5286661110684793
342,batt_kup114,1,114,battery,0.1837332783931347,0.0,0.1837332783931347,0.23886086080151636
343,pltd_kup115,1,115,diesel,0.012783256933595246,0.1279,-0.11511674306640476,0.02616252960858287
344,plts_kup115,1,115,solar,0.3726590754939272,0.0,0.3726590754939272,0.5325150623818509
345,batt_kup115,1,115,battery,0.18507092444966736,0.0,0.18507092444966736,0.24059982886178966
346,pltd_kup116,1,116,diesel,0.015065500028668697,0.1309,-0.11583449997133129,0.03068237760415103
347,plts_kup116,1,116,solar,0.39593641800303736,0.0,0.39593641800303736,0.540687959974566
348,batt_kup116,1,116,battery,0.18600143441115558,0.0,0.18600143441115558,0.24215913192771935
349,pltd_kup117,1,117,diesel,0.022119708262925242,0.1922,-0.17008029173707476,0.04504922264654434
350,plts_kup117,1,117,solar,0.5813283927177003,0.0,0.5813283927177003,0.7938576211051739
351,batt_kup117,1,117,battery,0.2730935550659012,0.0,0.2730935550659012,0.3555462451232019
352,pltd_kup118,1,118,diesel,0.013676526461733642,0.1368,-0.12312347353826636,0.027989894187942444
353,plts_kup118,1,118,solar,0.3987016491926106,0.0,0.3987016491926106,0.5697282179681576
354,batt_kup118,1,118,battery,0.1980041400319053,0.0,0.1980041400319053,0.25741371937754215
355,pltd_kup119,1,119,diesel,0.011520319920577164,0.1152,-0.10367968007942283,0.0235774398908551
356,plts_kup119,1,119,solar,0.33584288650263483,0.0,0.33584288650263483,0.4799058538635007
357,batt_kup119,1,119,battery,0.16678712464130202,0.0,0.16678712464130202,0.21683024989684044
358,pltd_kup120,1,120,diesel,0.01595170340720709,0.1386,-0.12264829659279292,0.03248674256564577
359,plts_kup120,1,120,solar,0.4192274026337902,0.0,0.4192274026337902,0.5724941675072999
360,batt_kup120,1,120,battery,0.1969432153057547,0.0,0.1969432153057547,0.2564044509779447
361,pltd_kup121,1,121,diesel,0.0220134734055361,0.1913,-0.1692865265944639,0.04483255163450763
362,plts_kup121,1,121,solar,0.5785333439991363,0.0,0.5785333439991363,0.7900409603891663
363,batt_kup121,1,121,battery,0.2717809045367791,0.0,0.2717809045367791,0.3538371936478431
364,pltd_kup122,1,122,diesel,0.016483457677712993,0.1433,-0.126816542322287,0.033570194402004545
365,plts_kup122,1,122,solar,0.43320134134619004,0.0,0.43320134134619004,0.5915768917863402
366,batt_kup122,1,122,battery,0.20350770834132342,0.0,0.20350770834132342,0.26495082063337483
367,pltd_kup123,1,123,diesel,0.015419990959910862,0.134,-0.11858000904008914,0.031404083283358794
368,plts_kup123,1,123,solar,0.4052528343984331,0.0,0.4052528343984331,0.553410366709044
369,batt_kup123,1,123,battery,0.19037798107480378,0.0,0.19037798107480378,0.24785701938178176
370,pltd_kup124,1,124,diesel,0.016129058925540552,0.1402,-0.12407094107445944,0.0328483645474943
371,plts_kup124,1,124,solar,0.42388463263887144,0.0,0.42388463263887144,0.578854231475916
372,batt_kup124,1,124,battery,0.19913092430983667,0.0,0.19913092430983667,0.25925261150186424
373,pltd_kup125,1,125,diesel,0.02247413376011048,0.1953,-0.17282586623988952,0.04577062255251423
374,plts_kup125,1,125,solar,0.5906446514985078,0.0,0.5906446514985078,0.80658022441906
375,batt_kup125,1,125,battery,0.27747066374080886,0.0,0.27747066374080886,0.3612447879375692
376,pltd_kup126,1,126,diesel,0.017227846086406554,0.1497,-0.13247215391359346,0.03508614352831193
377,plts_kup126,1,126,solar,0.4527652647802376,0.0,0.4527652647802376,0.6182932341583722
378,batt_kup126,1,126,battery,0.21269833090609586,0.0,0.21269833090609586,0.2769162957322949
379,pltd_kup127,1,127,diesel,0.029741112030779438,0.2585,-0.22875888796922056,0.06057015496434653
380,plts_kup127,1,127,solar,0.7816261610083419,0.0,0.7816261610083419,1.067383088163995
381,batt_kup127,1,127,battery,0.367189238568183,0.0,0.367189238568183,0.47805127300975325
382,pltd_kup128,1,128,diesel,0.02233217732239966,0.2234,-0.20106782267760032,0.04570453926221359
383,plts_kup128,1,128,solar,0.651032131166273,0.0,0.651032131166273,0.9302988608315411
384,batt_kup128,1,128,battery,0.32331744502018955,0.0,0.32331744502018955,0.4203260186056013
385,pltd_kup129,1,129,diesel,0.019436749578484656,0.1944,-0.17496325042151534,0.039778926231555885
386,plts_kup129,1,129,solar,0.5666224529666873,0.0,0.5666224529666873,0.8096808162132358
387,batt_kup129,1,129,battery,0.28139750270804653,0.0,0.28139750270804653,0.3658283757925623
388,pltd_kup130,1,130,diesel,0.017936848400738926,0.1559,-0.1379631515992611,0.03652989935467868
389,plts_kup130,1,130,solar,0.47139785015821556,0.0,0.47139785015821556,0.6437376399364447
390,batt_kup130,1,130,battery,0.22145145332524735,0.0,0.22145145332524735,0.2883122250812366
391,pltd_kup131,1,131,diesel,0.020772732416032422,0.1805,-0.15972726758396757,0.04230528529010112
392,plts_kup131,1,131,solar,0.5459268648078611,0.0,0.5459268648078611,0.7455141129136
393,batt_kup131,1,131,battery,0.25646355554175637,0.0,0.25646355554175637,0.3338951227739722
394,pltd_kup132,1,132,diesel,0.016944291400122862,0.1473,-0.13035570859987713,0.034508816558522684
395,plts_kup132,1,132,solar,0.4453117719097927,0.0,0.4453117719097927,0.6081147628561832
396,batt_kup132,1,132,battery,0.20919675544183036,0.0,0.20919675544183036,0.27235754787811084
397,pltd_kup133,1,133,diesel,0.01170099335732937,0.1226,-0.11089900664267063,0.021675706378799404
398,plts_kup133,1,133,solar,0.3500575748696773,0.0,0.3500575748696773,0.5146410232154707
399,batt_kup133,1,133,battery,0.17794908534354603,0.0,0.17794908534354603,0.23363416338571225
400,pltd_kup134,1,134,diesel,0.019159463597758327,0.1916,-0.17244053640224166,0.03921195211587199
401,plts_kup134,1,134,solar,0.5585401172785313,0.0,0.5585401172785313,0.7981314193166043
402,batt_kup134,1,134,battery,0.27738344533032355,0.0,0.27738344533032355,0.36060997807886463
403,pltd_kup135,1,135,diesel,0.028431421086940016,0.2844,-0.25596857891305996,0.058187757939724576
404,plts_kup135,1,135,solar,0.8288296448691697,0.0,0.8288296448691697,1.1843652083050178
405,batt_kup135,1,135,battery,0.4116160429553224,0.0,0.4116160429553224,0.5351176335678008
406,pltd_kup136,1,136,diesel,0.013861381366220686,0.1386,-0.12473861863377932,0.02836803728451758
407,plts_kup136,1,136,solar,0.40408906362974856,0.0,0.40408906362974856,0.5774273413968992
408,batt_kup136,1,136,battery,0.20068017895187656,0.0,0.20068017895187656,0.2608925123725184
409,pltd_kup137,1,137,diesel,0.0063855196673965045,0.0613,-0.054914480332603495,0.013572803687858412
410,plts_kup137,1,137,solar,0.173436869108134,0.0,0.173436869108134,0.254277454280159
411,batt_kup137,1,137,battery,0.09004071153593896,0.0,0.09004071153593896,0.11511853045309986
412,pltd_kup138,1,138,diesel,0.006322584122219455,0.0591,-0.052777415877780544,0.013568173169984713
413,plts_kup138,1,138,solar,0.17021224207158248,0.0,0.17021224207158248,0.2448389660557912
414,batt_kup138,1,138,battery,0.0862595027641951,0.0,0.0862595027641951,0.11095225254667526
415,pltd_kup139,1,139,diesel,0.02203018625130458,0.2061,-0.1840698137486954,0.0472784905077838
416,plts_kup139,1,139,solar,0.5930817693055521,0.0,0.5930817693055521,0.8531081446928656
417,batt_kup139,1,139,battery,0.3005588683609913,0.0,0.3005588683609913,0.38659729948762317
418,pltd_kup140,1,140,diesel,0.004247907656426107,0.0397,-0.035452092343573896,0.009116166974703145
419,plts_kup140,1,140,solar,0.11436187899116221,0.0,0.11436187899116221,0.16450140887076567
420,batt_kup140,1,140,battery,0.05795554075533483,0.0,0.05795554075533483,0.07454607852264891
421,pltd_kup141,1,141,diesel,0.009483949491454962,0.0887,-0.07921605050854504,0.020352983401312696
422,plts_kup141,1,141,solar,0.255317948913574,0.0,0.255317948913574,0.36725757535588294
423,batt_kup141,1,141,battery,0.1293888922908457,0.0,0.1293888922908457,0.16642792892293096
424,pltd_kup142,1,142,diesel,0.011658319096225092,0.1217,-0.1100416809037749,0.026979554061927927
425,plts_kup142,1,142,solar,0.3418995167022439,0.0,0.3418995167022439,0.504994178074477
426,batt_kup142,1,142,battery,0.1793699157922798,0.0,0.1793699157922798,0.23021746764790343
427,pltd_kup143,1,143,diesel,0.01360871433544089,0.1577,-0.14409128566455912,0.03204098112784278
428,plts_kup143,1,143,solar,0.44322305367061016,0.0,0.44322305367061016,0.6579521512033855
429,batt_kup143,1,143,battery,0.23230556068997613,0.0,0.23230556068997613,0.3008739839753457
430,pltd_kup144,1,144,diesel,0.010206536827954743,0.1183,-0.10809346317204525,0.02403047604365424
431,plts_kup144,1,144,solar,0.3324170784201587,0.0,0.3324170784201587,0.4934640776037293
432,batt_kup144,1,144,battery,0.1742293225638312,0.0,0.1742293225638312,0.22565561898832895
433,pltd_kup145,1,145,diesel,0.010392494861248262,0.1205,-0.11010750513875173,0.024468619329649333
434,plts_kup145,1,145,solar,0.3384770956336195,0.0,0.3384770956336195,0.5024594337058385
435,batt_kup145,1,145,battery,0.1774051007280989,0.0,0.1774051007280989,0.22976889024543354
436,pltd_kup146,1,146,diesel,0.00914333586543352,0.106,-0.09685666413456648,0.021527523720863032
437,plts_kup146,1,146,solar,0.29779056330766784,0.0,0.29779056330766784,0.4420614105095106
438,batt_kup146,1,146,battery,0.1560803014181998,0.0,0.1560803014181998,0.20214977583366237
439,pltd_kup147,1,147,diesel,0.0050021028651363875,0.0462,-0.04119789713486361,0.010501884668554659
440,plts_kup147,1,147,solar,0.13085977740085822,0.0,0.13085977740085822,0.1914031694549779
441,batt_kup147,1,147,battery,0.06784556938083644,0.0,0.06784556938083644,0.08681691283613513
442,pltd_kup148,1,148,diesel,0.004708996374891567,0.0441,-0.03939100362510843,0.010105395267402258
443,plts_kup148,1,148,solar,0.12677267414281793,0.0,0.12677267414281793,0.1823542833340095
444,batt_kup148,1,148,battery,0.06424547467813035,0.0,0.06424547467813035,0.0826364392428934
445,pltd_kup149,1,149,diesel,0.009437190630653647,0.0872,-0.07776280936934635,0.019814528163536654
446,plts_kup149,1,149,solar,0.2468875657556259,0.0,0.2468875657556259,0.3611127990761771
447,batt_kup149,1,149,battery,0.1280015247511255,0.0,0.1280015247511255,0.16379393106226953
448,pltd_kup150,1,150,diesel,0.018141019708771824,0.1676,-0.14945898029122817,0.03808955583964468
449,plts_kup150,1,150,solar,0.4745820213678817,0.0,0.4745820213678817,0.6941525833077826
450,batt_kup150,1,150,battery,0.24605157731095934,0.0,0.24605157731095934,0.3148536972060602
451,pltd_kup151,1,151,diesel,0.010702192387729449,0.1001,-0.08939780761227055,0.022967581989364064
452,plts_kup151,1,151,solar,0.2881186635857083,0.0,0.2881186635857083,0.4144394899120264
453,batt_kup151,1,151,battery,0.1460112738933455,0.0,0.1460112738933455,0.1878086797643747
454,pltd_kup152,1,152,diesel,0.015594771693501229,0.1497,-0.13410522830649876,0.0331473666645955
455,plts_kup152,1,152,solar,0.4235696058962001,0.0,0.4235696058962001,0.6209992886349973
456,batt_kup152,1,152,battery,0.2198987687448703,0.0,0.2198987687448703,0.2811443150783824
457,pltd_kup153,1,153,diesel,0.006513830968698244,0.0625,-0.055986169031301755,0.013845681194238492
458,plts_kup153,1,153,solar,0.17692276457741984,0.0,0.17692276457741984,0.25938823969211117
459,batt_kup153,1,153,battery,0.09185061255354167,0.0,0.09185061255354167,0.11743255646922104
460,pltd_kup154,1,154,diesel,0.01103793452255581,0.102,-0.09096206547744418,0.023175685675904712
461,plts_kup154,1,154,solar,0.28876167380969375,0.0,0.28876167380969375,0.4223609908568143
462,batt_kup154,1,154,battery,0.1497116424889594,0.0,0.1497116424889594,0.19157462046720777
463,pltd_kup155,1,155,diesel,0.011953519057841906,0.1248,-0.11284648094215809,0.027662634527004997
464,plts_kup155,1,155,solar,0.3505553013195997,0.0,0.3505553013195997,0.5177785521302188
465,batt_kup155,1,155,battery,0.18391066757418123,0.0,0.18391066757418123,0.23604548831471017
466,pltd_kup156,1,156,diesel,0.007644240836488837,0.0798,-0.07215575916351116,0.01769051287575358
467,plts_kup156,1,156,solar,0.22418229047082075,0.0,0.22418229047082075,0.33112244733789503
468,batt_kup156,1,156,battery,0.11761188620171736,0.0,0.11761188620171736,0.15095238634960131
469,pltd_kup157,1,157,diesel,0.017240566733093647,0.1593,-0.14205943326690634,0.036198626161435515
470,plts_kup157,1,157,solar,0.451027514276009,0.0,0.451027514276009,0.6597002562196422
471,batt_kup157,1,157,battery,0.23383962698909366,0.0,0.23383962698909366,0.29922700336467156
472,pltd_kup158,1,158,diesel,0.007969100645580896,0.0832,-0.0752308993544191,0.01844192074609301
473,plts_kup158,1,158,solar,0.23370367701882522,0.0,0.23370367701882522,0.3451855933456713
474,batt_kup158,1,158,battery,0.12260701029254582,0.0,0.12260701029254582,0.1573635502066091
475,pltd_kup159,1,159,diesel,0.008394081241660564,0.0721,-0.06370591875833943,0.01665194481947924
476,plts_kup159,1,159,solar,0.20779276184532627,0.0,0.20779276184532627,0.29822216737261104
477,batt_kup159,1,159,battery,0.1057096858786171,0.0,0.1057096858786171,0.13489637247303105
478,pltd_kup160,1,160,diesel,0.015663915694285116,0.1756,-0.15993608430571488,0.03392323658203813
479,plts_kup160,1,160,solar,0.49102669072935945,0.0,0.49102669072935945,0.7343615586491203
480,batt_kup160,1,160,battery,0.2591386282477308,0.0,0.2591386282477308,0.33566288594472715
481,pltd_kup161,1,161,diesel,0.015819858224971277,0.1651,-0.1492801417750287,0.036609925384542594
482,plts_kup161,1,161,solar,0.46394567397717923,0.0,0.46394567397717923,0.6852582770549035
483,batt_kup161,1,161,battery,0.24339810651962543,0.0,0.24339810651962543,0.3123964001380917
484,pltd_kup162,1,162,diesel,0.011156716877572066,0.1165,-0.10534328312242794,0.02581875401786251
485,plts_kup162,1,162,solar,0.3271844539970956,0.0,0.3271844539970956,0.4832593411502001
486,batt_kup162,1,162,battery,0.1716496497082438,0.0,0.1716496497082438,0.22030874264787603
487,pltd_kup163,1,163,diesel,0.008531925811231073,0.0989,-0.09036807418876892,0.020087944677728852
488,plts_kup163,1,163,solar,0.2778803128020773,0.0,0.2778803128020773,0.412505866615532
489,batt_kup163,1,163,battery,0.14564488632820177,0.0,0.14564488632820177,0.18863403695363745
490,pltd_kup164,1,164,diesel,0.008441358047647854,0.0881,-0.07965864195235214,0.019534774247828793
491,plts_kup164,1,164,solar,0.24755191714092648,0.0,0.24755191714092648,0.3656404453441397
492,batt_kup164,1,164,battery,0.12987272502849614,0.0,0.12987272502849614,0.16668882075591343
493,pltd_kup165,1,165,diesel,0.008611863972759462,0.0998,-0.09118813602724053,0.02027594976011969
494,plts_kup165,1,165,solar,0.2804766068397035,0.0,0.2804766068397035,0.4163602722884166
495,batt_kup165,1,165,battery,0.14700584422187796,0.0,0.14700584422187796,0.19039663743062288
496,pltd_kup166,1,166,diesel,0.009297031217557471,0.097,-0.08770296878244253,0.021515088267605995
497,plts_kup166,1,166,solar,0.27265431122967787,0.0,0.27265431122967787,0.40271639750710236
498,batt_kup166,1,166,battery,0.1430416462536886,0.0,0.1430416462536886,0.18359098686314268
499,pltd_kup167,1,167,diesel,0.005578255373374861,0.0582,-0.05262174462662514,0.012908604715918898
500,plts_kup167,1,167,solar,0.16359299787095824,0.0,0.16359299787095824,0.2416303255951027
501,batt_kup167,1,167,battery,0.08582517392231914,0.0,0.08582517392231914,0.11015485646299342
502,pltd_kup168,1,168,diesel,0.009222980321403285,0.1069,-0.09767701967859671,0.021715138213545444
503,plts_kup168,1,168,solar,0.3003874078428418,0.0,0.3003874078428418,0.44591708185929374
504,batt_kup168,1,168,battery,0.15744176074815497,0.0,0.15744176074815497,0.20391292438875952
505,pltd_kup169,1,169,diesel,0.03731001490056277,0.3466,-0.3092899850994372,0.07323579174678284
506,plts_kup169,1,169,solar,1.0068255736426055,0.0,1.0068255736426055,1.4411704879565843
507,batt_kup169,1,169,battery,0.504642375513195,0.0,0.504642375513195,0.6517808949309681
508,pltd_kup170,1,170,diesel,0.027526329196401893,0.2557,-0.2281736708035981,0.05403118862890011
509,plts_kup170,1,170,solar,0.7428143946843884,0.0,0.7428143946843884,1.063264649656732
510,batt_kup170,1,170,battery,0.37231444426500077,0.0,0.37231444426500077,0.48087012407829643
511,pltd_kup171,1,171,diesel,0.024276186079739175,0.2255,-0.20122381392026084,0.04765168928664399
512,plts_kup171,1,171,solar,0.6551088696224876,0.0,0.6551088696224876,0.9377226426247931
513,batt_kup171,1,171,battery,0.3283544284274457,0.0,0.3283544284274457,0.424092756590548
514,pltd_kup172,1,172,diesel,0.010347402557348555,0.0961,-0.08575259744265146,0.02031107983154838
515,plts_kup172,1,172,solar,0.27922574850007165,0.0,0.27922574850007165,0.3996840324346765
516,batt_kup172,1,172,battery,0.13995403164679532,0.0,0.13995403164679532,0.18076032503647427
517,pltd_kup173,1,173,diesel,0.019666327511305048,0.1827,-0.16303367248869496,0.03860286252441308
518,plts_kup173,1,173,solar,0.5307093875359734,0.0,0.5307093875359734,0.7596576780587891
519,batt_kup173,1,173,battery,0.26600296339978324,0.0,0.26600296339978324,0.3435614295904332
520,pltd_kup174,1,174,diesel,0.0188677317367873,0.1811,-0.16223226826321271,0.04010372122288986
521,plts_kup174,1,174,solar,0.5124671751477493,0.0,0.5124671751477493,0.7513328849683331
522,batt_kup174,1,174,battery,0.266050685471689,0.0,0.266050685471689,0.3401503403757499
523,pltd_kup175,1,175,diesel,0.016217421986493025,0.1506,-0.13438257801350698,0.03183317662815319
524,plts_kup175,1,175,solar,0.4376336051720813,0.0,0.4376336051720813,0.6264289553928376
525,batt_kup175,1,175,battery,0.2193513159192357,0.0,0.2193513159192357,0.28330752817080307
526,pltd_kup176,1,176,diesel,0.01044666900149532,0.097,-0.08655333099850468,0.02050584037135707
527,plts_kup176,1,176,solar,0.28191066104009294,0.0,0.28191066104009294,0.4035274284891894
528,batt_kup176,1,176,battery,0.1413000071528871,0.0,0.1413000071528871,0.18249872907575754
529,pltd_kup177,1,177,diesel,0.03432500686630138,0.3189,-0.2845749931336986,0.06737609258257586
530,plts_kup177,1,177,solar,0.926280766062687,0.0,0.926280766062687,1.325878221539893
531,batt_kup177,1,177,battery,0.46427152292556784,0.0,0.46427152292556784,0.5996392593797113
532,pltd_kup178,1,178,diesel,0.013066732250368562,0.1214,-0.10833326774963144,0.02564862801162536
533,plts_kup178,1,178,solar,0.35261323032734204,0.0,0.35261323032734204,0.5047306040671098
534,batt_kup178,1,178,battery,0.17673724939619218,0.0,0.17673724939619218,0.22826852938743844
535,pltd_kup179,1,179,diesel,0.013184761441579195,0.1041,-0.0909152385584208,0.028730833962653267
536,plts_kup179,1,179,solar,0.3064677525938378,0.0,0.3064677525938378,0.42520678442103815
537,batt_kup179,1,179,battery,0.14821112905824257,0.0,0.14821112905824257,0.1899990751134919
538,pltd_kup180,1,180,diesel,0.014225689357140754,0.1331,-0.11887431064285925,0.03052937312742919
539,plts_kup180,1,180,solar,0.3829768597499925,0.0,0.3829768597499925,0.5508861931577744
540,batt_kup180,1,180,battery,0.1940829378553963,0.0,0.1940829378553963,0.2496415267269967
541,pltd_kup181,1,181,diesel,0.013402543191527143,0.1254,-0.11199745680847287,0.02876308129747139
542,plts_kup181,1,181,solar,0.3608131078448698,0.0,0.3608131078448698,0.519005255268179
543,batt_kup181,1,181,battery,0.18285078113113518,0.0,0.18285078113113518,0.23519395967862788
544,pltd_kup182,1,182,diesel,0.028007420360590465,0.2212,-0.19319257963940956,0.06102595001514676
545,plts_kup182,1,182,solar,0.6510232347365211,0.0,0.6510232347365211,0.9032572485989756
546,batt_kup182,1,182,battery,0.31484284566525794,0.0,0.31484284566525794,0.4036125688572138
547,pltd_kup183,1,183,diesel,0.017024777596454058,0.1593,-0.14227522240354595,0.03653636464375434
548,plts_kup183,1,183,solar,0.4583303958121914,0.0,0.4583303958121914,0.6592778778700911
549,batt_kup183,1,183,battery,0.23227056123774162,0.0,0.23227056123774162,0.29876060242961694
550,pltd_kup184,1,184,diesel,0.00968405665688415,0.09,-0.08031594334311584,0.01900863996341984
551,plts_kup184,1,184,solar,0.26132810268824763,0.0,0.26132810268824763,0.374064648469968
552,batt_kup184,1,184,battery,0.13098284034497557,0.0,0.13098284034497557,0.1691736231151659
553,pltd_kup185,1,185,diesel,0.020959803818821406,0.1947,-0.1737401961811786,0.04114218050533874
554,plts_kup185,1,185,solar,0.5656123658939554,0.0,0.5656123658939554,0.8096174862443279
555,batt_kup185,1,185,battery,0.2834966663800756,0.0,0.2834966663800756,0.36615583880459857
556,pltd_kup186,1,186,diesel,0.014120724995657566,0.1115,-0.09737927500434243,0.030768953377441958
557,plts_kup186,1,186,solar,0.32823056773977577,0.0,0.32823056773977577,0.45540156989632247
558,batt_kup186,1,186,battery,0.15873631309156214,0.0,0.15873631309156214,0.20349180154550825
559,pltd_kup187,1,187,diesel,0.008698415794470738,0.0687,-0.06000158420552926,0.01895174856984112
560,plts_kup187,1,187,solar,0.20220021037416563,0.0,0.20220021037416563,0.28054069163412787
561,batt_kup187,1,187,battery,0.09778688360374371,0.0,0.09778688360374371,0.12535788881586332
562,pltd_kup188,1,188,diesel,0.11166615244467935,1.0721,-0.9604338475553207,0.23734723794517307
563,plts_kup188,1,188,solar,3.032969544866799,0.0,3.032969544866799,4.446665266824314
564,batt_kup188,1,188,battery,1.5745860574623773,0.0,1.5745860574623773,2.0131350774046637
565,pltd_kup189,1,189,diesel,0.10293818507685634,0.9883,-0.8853618149231436,0.2187959170900274
566,plts_kup189,1,189,solar,2.7959092881523273,0.0,2.7959092881523273,4.099109345566075
567,batt_kup189,1,189,battery,1.4515148285711705,0.0,1.4515148285711705,1.8557863094699496
568,pltd_kup190,1,190,diesel,0.3279390550645698,3.1485,-2.82056094493543,0.6970377363825274
569,plts_kup190,1,190,solar,8.907168339867606,0.0,8.907168339867606,13.058884427077526
570,batt_kup190,1,190,battery,4.624215400031874,0.0,4.624215400031874,5.912137963242527
571,pltd_kup191,1,191,diesel,0.061320035326763285,0.5887,-0.5273799646732367,0.13033633976240433
572,plts_kup191,1,191,solar,1.6655190361129897,0.0,1.6655190361129897,2.441832907105282
573,batt_kup191,1,191,battery,0.864665079978147,0.0,0.864665079978147,1.1054891255355943
574,pltd_kup192,1,192,diesel,0.018899782664538272,0.1815,-0.16260021733546173,0.04017228578168283
575,plts_kup192,1,192,solar,0.5133386652697394,0.0,0.5133386652697394,0.7526102449928007
576,batt_kup192,1,192,battery,0.26650288773053377,0.0,0.26650288773053377,0.3407285185480823
577,pltd_kup193,1,193,diesel,0.014600015107915466,0.1402,-0.12559998489208452,0.031031972028781118
578,plts_kup193,1,193,solar,0.3965522068028194,0.0,0.3965522068028194,0.5813891703911649
579,batt_kup193,1,193,battery,0.20587298319116035,0.0,0.20587298319116035,0.2632121015410574
580,pltd_kup194,1,194,diesel,0.010909976599411892,0.1047,-0.0937900234005881,0.02318949995657125
581,plts_kup194,1,194,solar,0.2963241458505763,0.0,0.2963241458505763,0.43444349028554063
582,batt_kup194,1,194,battery,0.15383844759313323,0.0,0.15383844759313323,0.1966850082121652
583,pltd_kup195,1,195,diesel,0.03276177823455941,0.3145,-0.2817382217654406,0.06963582978153258
584,plts_kup195,1,195,solar,0.8898448545225006,0.0,0.8898448545225006,1.3046101320683585
585,batt_kup195,1,195,battery,0.46196883209089673,0.0,0.46196883209089673,0.5906350572669832
586,pltd_kup196,1,196,diesel,0.006417684247987745,0.0616,-0.055182315752012254,0.013639943948270845
587,plts_kup196,1,196,solar,0.17430928608252363,0.0,0.17430928608252363,0.2555566983790008
588,batt_kup196,1,196,battery,0.0904942008481766,0.0,0.0904942008481766,0.11569823653169967
589,pltd_kup197,1,197,diesel,0.010492827814248897,0.0829,-0.0724071721857511,0.022861270556709938
590,plts_kup197,1,197,solar,0.24390946969529767,0.0,0.24390946969529767,0.3384099868810227
591,batt_kup197,1,197,battery,0.11795802417747087,0.0,0.11795802417747087,0.1512162614633699
592,pltd_kup198,1,198,diesel,0.021242224304910323,0.2039,-0.18265777569508967,0.045150807679677954
593,plts_kup198,1,198,solar,0.5769610610068766,0.0,0.5769610610068766,0.8458883426899753
594,batt_kup198,1,198,battery,0.29953321001501093,0.0,0.29953321001501093,0.38295825569230285
595,pltd_kup199,1,199,diesel,0.03597064528028598,0.3453,-0.309329354719714,0.07645636015553632
596,plts_kup199,1,199,solar,0.9769987969305746,0.0,0.9769987969305746,1.4323873192423058
597,batt_kup199,1,199,battery,0.5072153073232494,0.0,0.5072153073232494,0.6484833634817314
598,pltd_kup200,1,200,diesel,0.0438321617832108,0.4208,-0.3769678382167892,0.0931662919128022
599,plts_kup200,1,200,solar,1.1905274208804222,0.0,1.1905274208804222,1.7454433080911298
600,batt_kup200,1,200,battery,0.6180698464430483,0.0,0.6180698464430483,0.7902128332928968
601,pltd_kup201,1,201,diesel,0.020119216047041914,0.1932,-0.1730807839529581,0.04276337137087053
602,plts_kup201,1,201,solar,0.5464574431444637,0.0,0.5464574431444637,0.8011668551932574
603,batt_kup201,1,201,battery,0.28369700495531147,0.0,0.28369700495531147,0.36271139342019304
604,pltd_kup202,1,202,diesel,0.00734816336843035,0.0705,-0.06315183663156965,0.015618268179903274
605,plts_kup202,1,202,solar,0.19958389909112945,0.0,0.19958389909112945,0.29261167673019095
606,batt_kup202,1,202,battery,0.1036152951372778,0.0,0.1036152951372778,0.13247386363521776
607,pltd_kup203,1,203,diesel,0.04623873245077014,0.4439,-0.39766126754922987,0.09828135018433101
608,plts_kup203,1,203,solar,1.2558930771144443,0.0,1.2558930771144443,1.8412762882118716
609,batt_kup203,1,203,battery,0.6520048233218348,0.0,0.6520048233218348,0.8335993208073357
610,pltd_kup204,1,204,diesel,0.037029470174182726,0.3555,-0.31847052982581725,0.07870701578869528
611,plts_kup204,1,204,solar,1.0057601031203312,0.0,1.0057601031203312,1.4745545565201497
612,batt_kup204,1,204,battery,0.5221467844480422,0.0,0.5221467844480422,0.6675736015863861
613,pltd_kup205,1,205,diesel,0.043992648383281485,0.4224,-0.3784073516167185,0.09350681513849761
614,plts_kup205,1,205,solar,1.1948851297714476,0.0,1.1948851297714476,1.7518325522792046
615,batt_kup205,1,205,battery,0.6203324682078839,0.0,0.6203324682078839,0.7931055260468967
616,pltd_kup206,1,206,diesel,0.03128579894762353,0.3004,-0.2691142010523765,0.06649848599107697
617,plts_kup206,1,206,solar,0.8497538543439298,0.0,0.8497538543439298,1.245832369265098
618,batt_kup206,1,206,battery,0.4411552179129796,0.0,0.4411552179129796,0.5640244163951066
619,pltd_kup207,1,207,diesel,0.038280942528307195,0.3675,-0.3292190574716928,0.0813659754573192
620,plts_kup207,1,207,solar,1.0397514490818132,0.0,1.0397514490818132,1.5243889763844267
621,batt_kup207,1,207,battery,0.5397938358263727,0.0,0.5397938358263727,0.690135590216901
622,pltd_kup208,1,208,diesel,0.05320179000928014,0.5108,-0.4575982099907199,0.11308137453261037
623,plts_kup208,1,208,solar,1.4450178665595237,0.0,1.4450178665595237,2.1185545952055063
624,batt_kup208,1,208,battery,0.7501905254168232,0.0,0.7501905254168232,0.9591314345950603
625,pltd_kup209,1,209,diesel,0.015145570560738312,0.1454,-0.1302544294392617,0.03219223751515149
626,plts_kup209,1,209,solar,0.41136766712038064,0.0,0.41136766712038064,0.6031101750545788
627,batt_kup209,1,209,battery,0.2135642160265817,0.0,0.2135642160265817,0.2730454305760609
628,pltd_kup210,1,210,diesel,0.03276177823455942,0.3145,-0.2817382217654406,0.06963582978153265
629,plts_kup210,1,210,solar,0.8898448545225006,0.0,0.8898448545225006,1.3046101320683583
630,batt_kup210,1,210,battery,0.46196883209089673,0.0,0.46196883209089673,0.5906350572669822
631,pltd_kup211,1,211,diesel,0.011573234000227105,0.1097,-0.09812676599977291,0.024226908881714495
632,plts_kup211,1,211,solar,0.31765261294523073,0.0,0.31765261294523073,0.45474193403344193
633,batt_kup211,1,211,battery,0.1570467791826123,0.0,0.1570467791826123,0.20483533902901097
634,pltd_kup212,1,212,diesel,0.02340675869604269,0.2218,-0.1983932413039573,0.04899905186420796
635,plts_kup212,1,212,solar,0.6424422486183227,0.0,0.6424422486183227,0.919700163849186
636,batt_kup212,1,212,battery,0.31762137496660764,0.0,0.31762137496660764,0.41427207162944546
637,pltd_kup213,1,213,diesel,0.014569173975639501,0.1266,-0.11203082602436049,0.0296710580431181
638,plts_kup213,1,213,solar,0.38289435707144,0.0,0.38289435707144,0.5228777357883966
639,batt_kup213,1,213,battery,0.1798746497971867,0.0,0.1798746497971867,0.2341825627374083
640,pltd_kup214,1,214,diesel,0.010175374137781992,0.0964,-0.086224625862218,0.021300935236628276
641,plts_kup214,1,214,solar,0.27928359557638355,0.0,0.27928359557638355,0.3998140566612488
642,batt_kup214,1,214,battery,0.1380772348056101,0.0,0.1380772348056101,0.18009340416556935
643,pltd_kup215,1,215,diesel,0.012483561883772702,0.1183,-0.1058164381162273,0.026132695384943304
644,plts_kup215,1,215,solar,0.3426357085024218,0.0,0.3426357085024218,0.49050707571067925
645,batt_kup215,1,215,battery,0.16939833898698,0.0,0.16939833898698,0.22094541096876627
646,pltd_kup216,1,216,diesel,0.01118311882926018,0.106,-0.09481688117073982,0.023410105013223687
647,plts_kup216,1,216,solar,0.3069449690523835,0.0,0.3069449690523835,0.43941320112656707
648,batt_kup216,1,216,battery,0.1517531311151475,0.0,0.1517531311151475,0.19793084604288103
649,pltd_kup217,1,217,diesel,0.016268586741409238,0.1562,-0.13993141325859076,0.034579254124562066
650,plts_kup217,1,217,solar,0.4418723199007164,0.0,0.4418723199007164,0.6478331181350522
651,batt_kup217,1,217,battery,0.22940088456922145,0.0,0.22940088456922145,0.2932929727474083
652,pltd_kup218,1,218,diesel,0.0067944661663896285,0.0644,-0.05760553383361037,0.01422324735659914
653,plts_kup218,1,218,solar,0.18648689731433357,0.0,0.18648689731433357,0.2669686939642199
654,batt_kup218,1,218,battery,0.09219842783814686,0.0,0.09219842783814686,0.12025400240501599
655,pltd_kup219,1,219,diesel,0.00884262516802082,0.0838,-0.07495737483197917,0.01851072577845001
656,plts_kup219,1,219,solar,0.24270046756769434,0.0,0.24270046756769434,0.3474424810733248
657,batt_kup219,1,219,battery,0.11999026562780041,0.0,0.11999026562780041,0.15650273501179038
658,pltd_kup220,1,220,diesel,0.016709734656355134,0.1583,-0.14159026534364486,0.03497922473181388
659,plts_kup220,1,220,solar,0.4586327897203134,0.0,0.4586327897203134,0.6565644109470407
660,batt_kup220,1,220,battery,0.22674683994292666,0.0,0.22674683994292666,0.29574482048860273
661,pltd_kup221,1,221,diesel,0.016367905357202,0.1045,-0.088132094642798,0.02625826087895736
662,plts_kup221,1,221,solar,0.47632307603953766,0.0,0.47632307603953766,0.6877112824927348
663,batt_kup221,1,221,battery,0.22824703686912107,0.0,0.22824703686912107,0.29561578136847616
664,pltd_kup222,1,222,diesel,0.015168115978091833,0.0968,-0.08163188402190816,0.024333345167916402
665,plts_kup222,1,222,solar,0.44141108589177075,0.0,0.44141108589177075,0.6373054776669879
666,batt_kup222,1,222,battery,0.2115177895787603,0.0,0.2115177895787603,0.2739488545173245
667,pltd_kup223,1,223,diesel,0.04650818983700924,0.4042,-0.3576918101629908,0.09471837244563311
668,plts_kup223,1,223,solar,1.2222797810824801,0.0,1.2222797810824801,1.6691364439124352
669,batt_kup223,1,223,battery,0.5741973064459062,0.0,0.5741973064459062,0.7475593985542739
670,pltd_kup224,1,224,diesel,0.08252343423033912,0.7172,-0.6346765657696608,0.16806680882445443
671,plts_kup224,1,224,solar,2.1688017105675286,0.0,2.1688017105675286,2.961700563283122
672,batt_kup224,1,224,battery,1.0188509257887708,0.0,1.0188509257887708,1.326463034409628
673,pltd_kup225,1,225,diesel,0.04688719673215878,0.3703,-0.3234128032678412,0.10216533008979618
674,plts_kup225,1,225,solar,1.0898730370111587,0.0,1.0898730370111587,1.5121365734905112
675,batt_kup225,1,225,battery,0.527075714456493,0.0,0.527075714456493,0.6756842462359752
676,pltd_kup226,1,226,diesel,0.023466673385191313,0.2039,-0.18043332661480868,0.04779194975030485
677,plts_kup226,1,226,solar,0.6167298977102865,0.0,0.6167298977102865,0.8422020106743946
678,batt_kup226,1,226,battery,0.2897249159804074,0.0,0.2897249159804074,0.37719882359984613
679,pltd_kup227,1,227,diesel,0.01453371277784954,0.1263,-0.11176628722215046,0.029599248644521025
680,plts_kup227,1,227,solar,0.38196297411625635,0.0,0.38196297411625635,0.5216058490236282
681,batt_kup227,1,227,battery,0.17943688319186682,0.0,0.17943688319186682,0.2336126414830267
682,pltd_kup228,1,228,diesel,0.04289233142303414,0.3728,-0.32990766857696585,0.08735382741483415
683,plts_kup228,1,228,solar,1.1272558870528242,0.0,1.1272558870528242,1.5393727192798026
684,batt_kup228,1,228,battery,0.5295578518062317,0.0,0.5295578518062317,0.6894422928893801
685,pltd_kup229,1,229,diesel,0.04509298312770318,0.3561,-0.31100701687229687,0.09825584064613632
686,plts_kup229,1,229,solar,1.0481637776899697,0.0,1.0481637776899697,1.4542670175292634
687,batt_kup229,1,229,battery,0.5069043438827151,0.0,0.5069043438827151,0.6498256219214157
688,pltd_kup230,1,230,diesel,0.051648094134596916,0.4489,-0.3972519058654031,0.1051865529442976
689,plts_kup230,1,230,solar,1.357364074183078,0.0,1.357364074183078,1.8536066994469769
690,batt_kup230,1,230,battery,0.6376567222917936,0.0,0.6376567222917936,0.8301784727112083
691,pltd_kup231,1,231,diesel,0.039280725212583925,0.3102,-0.27091927478741606,0.08559188422487865
692,plts_kup231,1,231,solar,0.9130627776386651,0.0,0.9130627776386651,1.266821971411285
693,batt_kup231,1,231,battery,0.44156782889108004,0.0,0.44156782889108004,0.5660675260086122
694,pltd_kup232,1,232,diesel,0.03442444643705623,0.3198,-0.28537555356294375,0.06757149176769711
695,plts_kup232,1,232,solar,0.9289656786026986,0.0,0.9289656786026986,1.3297214742015464
696,batt_kup232,1,232,battery,0.46561749843165523,0.0,0.46561749843165523,0.6013776269260054
697,pltd_kup233,1,233,diesel,0.027695375642276494,0.2187,-0.1910046243577235,0.060346751897715475
698,plts_kup233,1,233,solar,0.6437689630212577,0.0,0.6437689630212577,0.8931921245715839
699,batt_kup233,1,233,battery,0.3113342976541705,0.0,0.3113342976541705,0.39911479653052756
700,pltd_kup234,1,234,diesel,0.08515349275838435,0.6725,-0.5873465072416156,0.1855452669264577
701,plts_kup234,1,234,solar,1.9793622346176873,0.0,1.9793622346176873,2.74625188372753
702,batt_kup234,1,234,battery,0.957243772801291,0.0,0.957243772801291,1.2271378107552482
703,pltd_kup235,1,235,diesel,0.030504113678366317,0.2409,-0.2103958863216337,0.06646794677280836
704,plts_kup235,1,235,solar,0.7090518023754921,0.0,0.7090518023754921,0.9837679049969965
705,batt_kup235,1,235,battery,0.3429052087740501,0.0,0.3429052087740501,0.43958716236612677
706,pltd_kup236,1,236,diesel,0.023289524055629937,0.2024,-0.17911047594437007,0.04743132811569404
707,plts_kup236,1,236,solar,0.6120720830813638,0.0,0.6120720830813638,0.8358414591074169
708,batt_kup236,1,236,battery,0.287536732240645,0.0,0.287536732240645,0.3743499687572393
709,pltd_kup237,1,237,diesel,0.012404232818336369,0.098,-0.08559576718166363,0.027026558757334104
710,plts_kup237,1,237,solar,0.28833767938893723,0.0,0.28833767938893723,0.4000518399061217
711,batt_kup237,1,237,battery,0.13944417001045917,0.0,0.13944417001045917,0.1787603648907911
712,pltd_kup238,1,238,diesel,0.047536045357978056,0.4131,-0.36556395464202196,0.09681148682734207
713,plts_kup238,1,238,solar,1.2492972422860453,0.0,1.2492972422860453,1.706031422846671
714,batt_kup238,1,238,battery,0.5868897709346244,0.0,0.5868897709346244,0.7640838924580247
715,pltd_kup239,1,239,diesel,0.009851037117484461,0.0946,-0.08474896288251554,0.020938619622016683
716,plts_kup239,1,239,solar,0.26756359432583526,0.0,0.26756359432583526,0.39227738327039585
717,batt_kup239,1,239,battery,0.13890718387466192,0.0,0.13890718387466192,0.17759523469793828
718,pltd_kup240,1,240,diesel,0.025277044786734863,0.1996,-0.17432295521326513,0.05507863652947613
719,plts_kup240,1,240,solar,0.5875511602694796,0.0,0.5875511602694796,0.8151935133232513
720,batt_kup240,1,240,battery,0.2841465210582209,0.0,0.2841465210582209,0.364261409093899
721,pltd_kup241,1,241,diesel,0.0119459926667453,0.1038,-0.0918540073332547,0.0243292760608974
722,plts_kup241,1,241,solar,0.3139542476939638,0.0,0.3139542476939638,0.4287340406920124
723,batt_kup241,1,241,battery,0.14748826055791298,0.0,0.14748826055791298,0.19201797602952414
724,pltd_kup242,1,242,diesel,0.02828049723427506,0.2234,-0.19511950276572493,0.06162208329865341
725,plts_kup242,1,242,solar,0.6573693209665922,0.0,0.6573693209665922,0.9120621793730017
726,batt_kup242,1,242,battery,0.3179116649299842,0.0,0.3179116649299842,0.40754660510262
727,pltd_kup243,1,243,diesel,0.019390123276006668,0.1685,-0.14910987672399334,0.03948993812705882
728,plts_kup243,1,243,solar,0.509594021759219,0.0,0.509594021759219,0.6958977541611571
729,batt_kup243,1,243,battery,0.23939469448163272,0.0,0.23939469448163272,0.31167298147277167
730,pltd_kup244,1,244,diesel,0.07178072337452444,0.6892,-0.6174192766254756,0.15257040944163186
731,plts_kup244,1,244,solar,1.949642278103835,0.0,1.949642278103835,2.8583884004505897
732,batt_kup244,1,244,battery,1.0121694383355633,0.0,1.0121694383355633,1.294075971856991
733,pltd_kup245,1,245,diesel,0.048324484559066294,0.464,-0.41567551544093373,0.1027145203427044
734,plts_kup245,1,245,solar,1.3125434877538003,0.0,1.3125434877538003,1.9243329025181568
735,batt_kup245,1,245,battery,0.6814156303180244,0.0,0.6814156303180244,0.871201447199824
736,pltd_kup246,1,246,diesel,0.07566341990678732,0.7264,-0.6507365800932128,0.16082329956273209
737,plts_kup246,1,246,solar,2.0550984170574624,0.0,2.0550984170574624,3.0129989272345115
738,batt_kup246,1,246,battery,1.066917797650798,0.0,1.066917797650798,1.3640725873284145
739,pltd_kup247,1,247,diesel,0.09196411253240186,0.8829,-0.7909358874675981,0.19547070297208327
740,plts_kup247,1,247,solar,2.497841795713029,0.0,2.497841795713029,3.6621095563679544
741,batt_kup247,1,247,battery,1.2967711895605638,0.0,1.2967711895605638,1.65794404172441
742,pltd_kup248,1,248,diesel,0.04649546545336954,0.4464,-0.3999045345466305,0.09882709303583755
743,plts_kup248,1,248,solar,1.2628648680530177,0.0,1.2628648680530177,1.851498745464341
744,batt_kup248,1,248,battery,0.6556246253570414,0.0,0.6556246253570414,0.8382271621615416
745,pltd_kup249,1,249,diesel,0.06584437502580938,0.6322,-0.5663556249741906,0.13995427869885058
746,plts_kup249,1,249,solar,1.7884049546377871,0.0,1.7884049546377871,2.6219975294003346
747,batt_kup249,1,249,battery,0.9284618340640238,0.0,0.9284618340640238,1.1870544093659476
748,pltd_kup250,1,250,diesel,0.07040106827815083,0.6759,-0.6054989317218491,0.14963874742778535
749,plts_kup250,1,250,solar,1.912164605307797,0.0,1.912164605307797,2.803442824734752
750,batt_kup250,1,250,battery,0.9927127910216975,0.0,0.9927127910216975,1.269200138208524
751,pltd_kup251,1,251,diesel,0.0674489300469616,0.6476,-0.5801510699530383,0.1433635204780737
752,plts_kup251,1,251,solar,1.831983208503313,0.0,1.831983208503313,2.6858880844509505
753,batt_kup251,1,251,battery,0.9510863312308705,0.0,0.9510863312308705,1.2159799603605979
754,pltd_kup252,1,252,diesel,0.13399933035670195,1.2865,-1.152500669643298,0.284817599465743
755,plts_kup252,1,252,solar,3.639562647518538,0.0,3.639562647518538,5.335997226449563
756,batt_kup252,1,252,battery,1.8895027334543268,0.0,1.8895027334543268,2.4157614540441386
757,pltd_kup253,1,253,diesel,0.008439155638345146,0.081,-0.07256084436165486,0.017937155739867802
758,plts_kup253,1,253,solar,0.22921598378469635,0.0,0.22921598378469635,0.3360558650575374
759,batt_kup253,1,253,battery,0.11899902952636109,0.0,0.11899902952636109,0.15214221595305463
760,pltd_kup254,1,254,diesel,0.010468065637977555,0.0992,-0.08873193436202244,0.021913518872228286
761,plts_kup254,1,254,solar,0.2873143909034154,0.0,0.2873143909034154,0.41131081052106894
762,batt_kup254,1,254,battery,0.14204746343880814,0.0,0.14204746343880814,0.1852717872067359
763,pltd_kup255,1,255,diesel,0.013293082581200997,0.1155,-0.102206917418799,0.02707307383772835
764,plts_kup255,1,255,solar,0.3493553256772871,0.0,0.3493553256772871,0.4770773224227408
765,batt_kup255,1,255,battery,0.16411858472548055,0.0,0.16411858472548055,0.21366934405815705
766,pltd_kup256,1,256,diesel,0.015455327157700406,0.1343,-0.1188446728422996,0.03147641261924079
767,plts_kup256,1,256,solar,0.40618421735361865,0.0,0.40618421735361865,0.5546826836523739
768,batt_kup256,1,256,battery,0.19081574768012302,0.0,0.19081574768012302,0.24842689650238373
769,pltd_kup257,1,257,diesel,0.009145677464259875,0.0795,-0.07035432253574013,0.018625533498823697
770,plts_kup257,1,257,solar,0.2403571557242323,0.0,0.2403571557242323,0.3282299853893281
771,batt_kup257,1,257,battery,0.1129141332227136,0.0,0.1129141332227136,0.14700525036721737
772,pltd_kup258,1,258,diesel,0.005884376963167861,0.0511,-0.04521562303683214,0.011984293146435964
773,plts_kup258,1,258,solar,0.15464792421853096,0.0,0.15464792421853096,0.21118624005324774
774,batt_kup258,1,258,battery,0.0726498010396854,0.0,0.0726498010396854,0.09458423265420866
775,pltd_kup259,1,259,diesel,0.005175424845312797,0.045,-0.0398245751546872,0.010539819943296135
776,plts_kup259,1,259,solar,0.13601646318913757,0.0,0.13601646318913757,0.1857430548367055
777,batt_kup259,1,259,battery,0.06389736163219523,0.0,0.06389736163219523,0.0831893161736192
778,pltd_kup260,1,260,diesel,0.006924443030560519,0.0656,-0.058675556969439484,0.014495340091951836
779,plts_kup260,1,260,solar,0.19005579420647245,0.0,0.19005579420647245,0.27207805927608963
780,batt_kup260,1,260,battery,0.0939631055384904,0.0,0.0939631055384904,0.12255562724986642
781,pltd_kup261,1,261,diesel,0.004778963527579455,0.0453,-0.040521036472420544,0.010003840823724703
782,plts_kup261,1,261,solar,0.13116537538688444,0.0,0.13116537538688444,0.18777231267312472
783,batt_kup261,1,261,battery,0.06484784831449121,0.0,0.06484784831449121,0.08458073408336289
784,pltd_kup262,1,262,diesel,0.016341672461923317,0.142,-0.12565832753807668,0.03328179446283961
785,plts_kup262,1,262,solar,0.4294742801494936,0.0,0.4294742801494936,0.5864871504649205
786,batt_kup262,1,262,battery,0.20175655001149914,0.0,0.20175655001149914,0.26267099244354397
787,pltd_kup263,1,263,diesel,0.007123550691252282,0.0684,-0.06127644930874772,0.015141256338751123
788,plts_kup263,1,263,solar,0.19348264945031887,0.0,0.19348264945031887,0.2836667685474965
789,batt_kup263,1,263,battery,0.10044776870151527,0.0,0.10044776870151527,0.1284241480871479
790,pltd_kup264,1,264,diesel,0.09600728961646907,0.9218,-0.8257927103835309,0.20406435902376546
791,plts_kup264,1,264,solar,2.607656355175853,0.0,2.607656355175853,3.8231099579220347
792,batt_kup264,1,264,battery,1.3537821156351837,0.0,1.3537821156351837,1.7308333852824507
793,pltd_kup265,1,265,diesel,0.036355581058693937,0.349,-0.312644418941306,0.07727418090836065
794,plts_kup265,1,265,solar,0.9874582298745264,0.0,0.9874582298745264,1.4477217225368484
795,batt_kup265,1,265,battery,0.5126454188535488,0.0,0.5126454188535488,0.655425963186763
796,pltd_kup266,1,266,diesel,0.1132062987967533,1.0869,-0.9736937012032467,0.2406211535161855
797,plts_kup266,1,266,solar,3.0748033311301337,0.0,3.0748033311301337,4.507998299877356
798,batt_kup266,1,266,battery,1.5963043629049014,0.0,1.5963043629049014,2.040902286710641
799,pltd_kup267,1,267,diesel,0.09199618628913392,0.8832,-0.7912038137108661,0.19553945688898322
800,plts_kup267,1,267,solar,2.4987129625352695,0.0,2.4987129625352695,3.663386293444335
801,batt_kup267,1,267,battery,1.2972228733310205,0.0,1.2972228733310205,1.6585215905246071
802,pltd_kup268,1,268,diesel,0.13364631475953534,1.2831,-1.1494536852404647,0.2840671905640738
803,plts_kup268,1,268,solar,3.629975588502131,0.0,3.629975588502131,5.321941945608978
804,batt_kup268,1,268,battery,1.884525842824498,0.0,1.884525842824498,2.4093983810308197
805,pltd_kup269,1,269,diesel,0.03548925022211323,0.3407,-0.30521074977788676,0.07543302650002327
806,plts_kup269,1,269,solar,0.9639263168569964,0.0,0.9639263168569964,1.413221282306401
807,batt_kup269,1,269,battery,0.5004284790055179,0.0,0.5004284790055179,0.6398064170587168
808,pltd_kup270,1,270,diesel,0.05602561040901472,0.5379,-0.48187438959098533,0.11908333490166881
809,plts_kup270,1,270,solar,1.5217132167823615,0.0,1.5217132167823615,2.2309987591552347
810,batt_kup270,1,270,battery,0.7900076393487331,0.0,0.7900076393487331,1.010038103048347
811,pltd_kup271,1,271,diesel,0.003478408126949938,0.033,-0.029521591873050063,0.007281496740383585
812,plts_kup271,1,271,solar,0.09547434034093125,0.0,0.09547434034093125,0.13667836086455815
813,batt_kup271,1,271,battery,0.047202403691564906,0.0,0.047202403691564906,0.061565843782960296
814,pltd_kup272,1,272,diesel,0.010728044215078336,0.1017,-0.09097195578492166,0.02245752892519585
815,plts_kup272,1,272,solar,0.294452978877464,0.0,0.294452978877464,0.4215301434358283
816,batt_kup272,1,272,battery,0.14557699618527406,0.0,0.14557699618527406,0.1898753778439972
817,pltd_kup273,1,273,diesel,0.01362133999977195,0.1291,-0.11547866000022804,0.02851434478266121
818,plts_kup273,1,273,solar,0.3738661378971187,0.0,0.3738661378971187,0.5352150270431477
819,batt_kup273,1,273,battery,0.18483835061750573,0.0,0.18483835061750573,0.2410837837423934
820,pltd_kup274,1,274,diesel,0.00763969830838494,0.0724,-0.06476030169161506,0.015992746693470755
821,plts_kup274,1,274,solar,0.20968623645116719,0.0,0.20968623645116719,0.3001800882972893
822,batt_kup274,1,274,battery,0.10366797415031528,0.0,0.10366797415031528,0.13521369490656165
823,pltd_kup275,1,275,diesel,0.004518751875894415,0.0428,-0.038281248124105584,0.009459402584832296
824,plts_kup275,1,275,solar,0.12402758160139633,0.0,0.12402758160139633,0.1775532952632716
825,batt_kup275,1,275,battery,0.06131849291379458,0.0,0.06131849291379458,0.07997752817784064
826,pltd_kup276,1,276,diesel,0.00858256045986339,0.0813,-0.07271743954013661,0.01796653258330648
827,plts_kup276,1,276,solar,0.23556242415398534,0.0,0.23556242415398534,0.33722326614177317
828,batt_kup276,1,276,battery,0.11646093989679232,0.0,0.11646093989679232,0.15189953955973892
829,pltd_kup277,1,277,diesel,0.009199977248600784,0.0872,-0.07800002275139922,0.019258808229984672
830,plts_kup277,1,277,solar,0.2525159494090223,0.0,0.2525159494090223,0.3614940895454202
831,batt_kup277,1,277,battery,0.12484348416336936,0.0,0.12484348416336936,0.16283275203496655
832,pltd_kup278,1,278,diesel,0.008322472320344282,0.0789,-0.07057752767965572,0.017422349833444806
833,plts_kup278,1,278,solar,0.22842363185188805,0.0,0.22842363185188805,0.32700390185799033
834,batt_kup278,1,278,battery,0.11293170317486079,0.0,0.11293170317486079,0.14729633291080074
835,pltd_kup279,1,279,diesel,0.01627566862787115,0.1039,-0.08762433137212886,0.02611005542387562
836,plts_kup279,1,279,solar,0.4736376858676816,0.0,0.4736376858676816,0.6838344779983593
837,batt_kup279,1,279,battery,0.226960618675718,0.0,0.226960618675718,0.2939495694074086
838,pltd_kup280,1,280,diesel,0.004678687396310441,0.0573,-0.05262131260368955,0.009396973825183425
839,plts_kup280,1,280,solar,0.16214065328028587,0.0,0.16214065328028587,0.2413423016119369
840,batt_kup280,1,280,battery,0.08330210496582717,0.0,0.08330210496582717,0.10973170192995413
841,pltd_kup281,1,281,diesel,0.00529901037104739,0.0502,-0.044900989628952614,0.0110928466888854
842,plts_kup281,1,281,solar,0.14544212050042152,0.0,0.14544212050042152,0.208209927350432
843,batt_kup281,1,281,battery,0.07190587805772097,0.0,0.07190587805772097,0.09378654936424591
844,pltd_kup282,1,282,diesel,0.006489824644932404,0.0795,-0.0730101753550676,0.013034206408897854
845,plts_kup282,1,282,solar,0.22490480811686522,0.0,0.22490480811686522,0.3347656558831842
846,batt_kup282,1,282,battery,0.115548515829465,0.0,0.115548515829465,0.1522089759992023
847,pltd_kup283,1,283,diesel,0.015474395153854275,0.1466,-0.13112560484614574,0.03239343330310797
848,plts_kup283,1,283,solar,0.4247260563201382,0.0,0.4247260563201382,0.6080250417648927
849,batt_kup283,1,283,battery,0.20998361589349898,0.0,0.20998361589349898,0.27388059276056154
850,pltd_kup284,1,284,diesel,0.006738450946393987,0.0647,-0.05796154905360601,0.014322549644133103
851,plts_kup284,1,284,solar,0.18302453167719201,0.0,0.18302453167719201,0.2683339506220432
852,batt_kup284,1,284,battery,0.09501837073077386,0.0,0.09501837073077386,0.12148263697758838
853,pltd_kup285,1,285,diesel,0.021492770054672546,0.1697,-0.14820722994532745,0.04682981285673481
854,plts_kup285,1,285,solar,0.49960292636747955,0.0,0.49960292636747955,0.6931702807943616
855,batt_kup285,1,285,battery,0.2416148781386698,0.0,0.2416148781386698,0.3097380406104387
856,pltd_kup286,1,286,diesel,0.02906061897558618,0.2295,-0.20043938102441383,0.06332079782428057
857,plts_kup286,1,286,solar,0.6755050002547698,0.0,0.6755050002547698,0.9372240899772745
858,batt_kup286,1,286,battery,0.32668257495770403,0.0,0.32668257495770403,0.418790545590566
859,pltd_kup287,1,287,diesel,0.007489375366692987,0.0591,-0.05161062463330701,0.016317630253914327
860,plts_kup287,1,287,solar,0.17409130899838418,0.0,0.17409130899838418,0.24154124261722182
861,batt_kup287,1,287,battery,0.08419288030582728,0.0,0.08419288030582728,0.10793107648832727
862,pltd_kup288,1,288,diesel,0.009031577792417141,0.0798,-0.07076842220758285,0.018804341691815062
863,plts_kup288,1,288,solar,0.22681164019636815,0.0,0.22681164019636815,0.32956065372296534
864,batt_kup288,1,288,battery,0.11489961806678142,0.0,0.11489961806678142,0.14848391365585684
865,pltd_kup289,1,289,diesel,0.038773134555797395,0.3062,-0.26742686544420263,0.08448273771860361
866,plts_kup289,1,289,solar,0.9012787906637588,0.0,0.9012787906637588,1.2504725182059873
867,batt_kup289,1,289,battery,0.435870149108,0.0,0.435870149108,0.5587634220901564
868,pltd_kup290,1,290,diesel,0.010259109820309217,0.081,-0.07074089017969079,0.02235471586169758
869,plts_kup290,1,290,solar,0.23846596286717628,0.0,0.23846596286717628,0.33085759889609856
870,batt_kup290,1,290,battery,0.11532452267918941,0.0,0.11532452267918941,0.14784020038070342
871,pltd_kup291,1,291,diesel,0.04900360894200382,0.2935,-0.24449639105799617,0.07893754584400364
872,plts_kup291,1,291,solar,1.3256366038776626,0.0,1.3256366038776626,1.9267147347635845
873,batt_kup291,1,291,battery,0.6422882986352461,0.0,0.6422882986352461,0.8279215890798048
874,pltd_kup292,1,292,diesel,0.019780180112553426,0.1719,-0.15211981988744658,0.040284292640462786
875,plts_kup292,1,292,solar,0.5198412813850588,0.0,0.5198412813850588,0.7098916080007247
876,batt_kup292,1,292,battery,0.24420879947461824,0.0,0.24420879947461824,0.31794047898549616
877,pltd_kup293,1,293,diesel,0.031371797385280925,0.2726,-0.24122820261471908,0.06389135615604734
878,plts_kup293,1,293,solar,0.8244796524126528,0.0,0.8244796524126528,1.125904020538317
879,batt_kup293,1,293,battery,0.38732072164805276,0.0,0.38732072164805276,0.5042608077446629
880,pltd_kup294,1,294,diesel,0.0213752341182641,0.1858,-0.16442476588173588,0.04353221301899811
881,plts_kup294,1,294,solar,0.5617651437057175,0.0,0.5617651437057175,0.7671425139946267
882,batt_kup294,1,294,battery,0.263903940156209,0.0,0.263903940156209,0.3435819844388175
883,pltd_kup295,1,295,diesel,0.014888255453150732,0.1294,-0.11451174454684926,0.030321357215139268
884,plts_kup295,1,295,solar,0.3912786033741117,0.0,0.3912786033741117,0.5343273171575857
885,batt_kup295,1,295,battery,0.18381325067139312,0.0,0.18381325067139312,0.23931034249704458
886,pltd_kup296,1,296,diesel,0.02403390147403653,0.2089,-0.18486609852596347,0.048947143776397084
887,plts_kup296,1,296,solar,0.6316357142034861,0.0,0.6316357142034861,0.8625569808498997
888,batt_kup296,1,296,battery,0.2967271174375761,0.0,0.2967271174375761,0.3863152146495334
889,pltd_kup297,1,297,diesel,0.005388038381694348,0.0468,-0.041411961618305654,0.010973249858641674
890,plts_kup297,1,297,solar,0.14160611069975454,0.0,0.14160611069975454,0.19337597382575092
891,batt_kup297,1,297,battery,0.06652298733385904,0.0,0.06652298733385904,0.08660769711552242
892,pltd_kup298,1,298,diesel,0.013151208403185061,0.1143,-0.10114879159681493,0.02678406395393796
893,plts_kup298,1,298,solar,0.34562943372827615,0.0,0.34562943372827615,0.471989182012337
894,batt_kup298,1,298,battery,0.16236837586701688,0.0,0.16236837586701688,0.21139070248910818
895,pltd_kup299,1,299,diesel,0.030547706434582433,0.2933,-0.26275229356541757,0.0649300872772746
896,plts_kup299,1,299,solar,0.8297083542546438,0.0,0.8297083542546438,1.2164433542473954
897,batt_kup299,1,299,battery,0.43074841082402093,0.0,0.43074841082402093,0.5507192364905112
898,pltd_kup300,1,300,diesel,0.019467366581077228,0.1808,-0.16133263341892276,0.03821218967620019
899,plts_kup300,1,300,solar,0.5253394541757977,0.0,0.5253394541757977,0.7519712990795243
900,batt_kup300,1,300,battery,0.26331183953726667,0.0,0.26331183953726667,0.3400855795593295
901,pltd_kup301,1,301,diesel,0.014459511844178345,0.1343,-0.11984048815582166,0.028382670578745127
902,plts_kup301,1,301,solar,0.3902009266805339,0.0,0.3902009266805339,0.5585340271123989
903,batt_kup301,1,301,battery,0.1955772210601818,0.0,0.1955772210601818,0.25260159599123266
904,pltd_kup302,1,302,diesel,0.019841633941667165,0.1833,-0.16345836605833283,0.04165997696222018
905,plts_kup302,1,302,solar,0.519074477338858,0.0,0.519074477338858,0.7592301696553565
906,batt_kup302,1,302,battery,0.2691193324478702,0.0,0.2691193324478702,0.34437178338922825
907,pltd_kup303,1,303,diesel,0.021075453617079958,0.1947,-0.17362454638292005,0.044250671652645096
908,plts_kup303,1,303,solar,0.5513526039820621,0.0,0.5513526039820621,0.8064418752533982
909,batt_kup303,1,303,battery,0.2858540772914556,0.0,0.2858540772914556,0.365785980499632
910,pltd_kup304,1,304,diesel,0.019169070743042717,0.1781,-0.1589309292569573,0.03762716137360774
911,plts_kup304,1,304,solar,0.5172844788786009,0.0,0.5172844788786009,0.7404411771571416
912,batt_kup304,1,304,battery,0.2592739392105795,0.0,0.2592739392105795,0.3348703891138997
913,pltd_kup305,1,305,diesel,0.02204252722239606,0.2036,-0.18155747277760395,0.04628139914871168
914,plts_kup305,1,305,solar,0.5766520414444781,0.0,0.5766520414444781,0.8434465810946958
915,batt_kup305,1,305,battery,0.29897089662235826,0.0,0.29897089662235826,0.3825705834081361
916,pltd_kup306,1,306,diesel,0.01641626719841349,0.1525,-0.1360837328015865,0.03222290325679803
917,plts_kup306,1,306,solar,0.4430041432835666,0.0,0.4430041432835666,0.6341161288676409
918,batt_kup306,1,306,battery,0.222043188356683,0.0,0.222043188356683,0.2867843020286083
919,pltd_kup307,1,307,diesel,0.02915154755470361,0.2708,-0.24164845244529637,0.05722136616356612
920,plts_kup307,1,307,solar,0.7866667144349321,0.0,0.7866667144349321,1.1260349585670764
921,batt_kup307,1,307,battery,0.3942939574990871,0.0,0.3942939574990871,0.5092582179067916
922,pltd_kup308,1,308,diesel,0.01977476798199818,0.1827,-0.16292523201800183,0.041518933479344156
923,plts_kup308,1,308,solar,0.5173301893527739,0.0,0.5173301893527739,0.7566787259795634
924,batt_kup308,1,308,battery,0.2682152289286799,0.0,0.2682152289286799,0.3432149283951057
925,pltd_kup309,1,309,diesel,0.01870471464950306,0.1738,-0.15509528535049694,0.036715480880420565
926,plts_kup309,1,309,solar,0.5047553834963685,0.0,0.5047553834963685,0.7225073078077838
927,batt_kup309,1,309,battery,0.25299429590676065,0.0,0.25299429590676065,0.3267597764463918
928,pltd_tim310,1,310,diesel,0.012797616548090994,0.1257,-0.112902383451909,0.02609606465735444
929,plts_tim310,1,310,solar,0.3621781856213406,0.0,0.3621781856213406,0.5231912558954751
930,batt_tim310,1,310,battery,0.183950588945336,0.0,0.183950588945336,0.23672476162356054
931,pltd_tim311,1,311,diesel,0.007151733162500313,0.0702,-0.06304826683749969,0.014583409335042714
932,plts_tim311,1,311,solar,0.202393628416445,0.0,0.202393628416445,0.29237160051099614
933,batt_tim311,1,311,battery,0.10279580090996096,0.0,0.10279580090996096,0.1322871187054202
934,pltd_tim312,1,312,diesel,0.010787695894029206,0.1118,-0.10101230410597078,0.021310451749968054
935,plts_tim312,1,312,solar,0.3261640674588574,0.0,0.3261640674588574,0.4677593902472162
936,batt_tim312,1,312,battery,0.1635890736120449,0.0,0.1635890736120449,0.2126315885669287
937,pltd_tim313,1,313,diesel,0.01613718065939248,0.1673,-0.15116281934060752,0.031878492524819356
938,plts_tim313,1,313,solar,0.48789798965931497,0.0,0.48789798965931497,0.6997061574454004
939,batt_tim313,1,313,battery,0.2447074379219248,0.0,0.2447074379219248,0.3180683307308346
940,pltd_tim314,1,314,diesel,0.013079850010586754,0.1285,-0.11542014998941325,0.026671148390400346
941,plts_tim314,1,314,solar,0.37016769606618943,0.0,0.37016769606618943,0.5347326004869649
942,batt_tim314,1,314,battery,0.18800844890520213,0.0,0.18800844890520213,0.24194674351735768
943,pltd_tim315,1,315,diesel,0.017327552772776707,0.1664,-0.1490724472272233,0.036829928247676814
944,plts_tim315,1,315,solar,0.470632634219406,0.0,0.470632634219406,0.689999438616929
945,batt_tim315,1,315,battery,0.24433216662284404,0.0,0.24433216662284404,0.3123827862413051
946,pltd_tim316,1,316,diesel,0.00796458540455109,0.0826,-0.07463541459544892,0.01573410324578729
947,plts_tim316,1,316,solar,0.24080401333919577,0.0,0.24080401333919577,0.3453425639169737
948,batt_tim316,1,316,battery,0.12077604081303325,0.0,0.12077604081303325,0.1569836721160487
949,pltd_tim317,1,317,diesel,0.011762302043328586,0.1155,-0.10373769795667143,0.023984939964416932
950,plts_tim317,1,317,solar,0.3328849052115085,0.0,0.3328849052115085,0.4808747858482734
951,batt_tim317,1,317,battery,0.16907231693227126,0.0,0.16907231693227126,0.2175780454448232
952,pltd_tim318,1,318,diesel,0.01016273805172495,0.0998,-0.08963726194827505,0.02072245824553809
953,plts_tim318,1,318,solar,0.2876129415431122,0.0,0.2876129415431122,0.415476627177304
954,batt_tim318,1,318,battery,0.14607885018364763,0.0,0.14607885018364763,0.18798783248279766
955,pltd_tim319,1,319,diesel,0.02172354157504574,0.2086,-0.18687645842495426,0.046173807007391404
956,plts_tim319,1,319,solar,0.5900342957454748,0.0,0.5900342957454748,0.8650552035492863
957,batt_tim319,1,319,battery,0.30632025173906197,0.0,0.30632025173906197,0.39163563727627154
958,pltd_tim320,1,320,diesel,0.016498635181657582,0.162,-0.14550136481834242,0.03364197032305365
959,plts_tim320,1,320,solar,0.4669270878690887,0.0,0.4669270878690887,0.6745081250213809
960,batt_tim320,1,320,battery,0.2371528992734262,0.0,0.2371528992734262,0.30519044771479736
961,pltd_tim321,1,321,diesel,0.01141185637324955,0.1183,-0.10688814362675045,0.02254336883104889
962,plts_tim321,1,321,solar,0.34503281812916403,0.0,0.34503281812916403,0.49481997740568373
963,batt_tim321,1,321,battery,0.1730530297742333,0.0,0.1730530297742333,0.2249326114858962
964,pltd_tim322,1,322,diesel,0.0105249487347107,0.101,-0.0904750512652893,0.022370406871706935
965,plts_tim322,1,322,solar,0.28586563975902407,0.0,0.28586563975902407,0.4191112513332344
966,batt_tim322,1,322,battery,0.14840962311622882,0.0,0.14840962311622882,0.18974405548910675
967,pltd_tim323,1,323,diesel,0.019958670907842264,0.1916,-0.17164132909215774,0.04242242876573173
968,plts_tim323,1,323,solar,0.5420997342534383,0.0,0.5420997342534383,0.7947773568087552
969,batt_tim323,1,323,battery,0.28143438319047587,0.0,0.28143438319047587,0.35981876017388864
970,pltd_tim324,1,324,diesel,0.019926479310234734,0.1913,-0.17137352068976527,0.04235488430971165
971,plts_tim324,1,324,solar,0.5412283952438139,0.0,0.5412283952438139,0.7934991098492618
972,batt_tim324,1,324,battery,0.28098162577294433,0.0,0.28098162577294433,0.35924005874751735
973,pltd_tim325,1,325,diesel,0.015275276403614896,0.1583,-0.1430247235963851,0.030175750625099102
974,plts_tim325,1,325,solar,0.46184057349439345,0.0,0.46184057349439345,0.6623362586918392
975,batt_tim325,1,325,battery,0.2316380663678057,0.0,0.2316380663678057,0.3010809627234364
976,pltd_tim326,1,326,diesel,0.010758252842429915,0.1115,-0.10074174715757009,0.02125295328714289
977,plts_tim326,1,326,solar,0.3252643658735108,0.0,0.3252643658735108,0.46646971500424245
978,batt_tim326,1,326,battery,0.16313770952583892,0.0,0.16313770952583892,0.21204476731961042
979,pltd_tim327,1,327,diesel,0.014294662307042275,0.1482,-0.13390533769295773,0.028239023203144357
980,plts_tim327,1,327,solar,0.43218920811599293,0.0,0.43218920811599293,0.6198123906601922
981,batt_tim327,1,327,battery,0.21676596650055416,0.0,0.21676596650055416,0.2817503875611422
982,pltd_tim328,1,328,diesel,0.019376532419319917,0.2009,-0.18152346758068008,0.03827785154164405
983,plts_tim328,1,328,solar,0.585836529376885,0.0,0.585836529376885,0.840162220367934
984,batt_tim328,1,328,battery,0.2938288150876584,0.0,0.2938288150876584,0.3819158517690608
985,pltd_tim329,1,329,diesel,0.023804494825240878,0.2468,-0.2229955051747591,0.04702529884724322
986,plts_tim329,1,329,solar,0.7197173274096031,0.0,0.7197173274096031,1.0321630886254203
987,batt_tim329,1,329,battery,0.3609770549473576,0.0,0.3609770549473576,0.46919456610887506
988,pltd_tim330,1,330,diesel,0.0076079032633994195,0.0789,-0.07129209673660059,0.015028712650450344
989,plts_tim330,1,330,solar,0.2300223049018229,0.0,0.2300223049018229,0.32988005033035045
990,batt_tim330,1,330,battery,0.1153686636080558,0.0,0.1153686636080558,0.14995517116154955
991,pltd_tim331,1,331,diesel,0.02011928379143225,0.2086,-0.18848071620856777,0.039744172921336696
992,plts_tim331,1,331,solar,0.6083009025989841,0.0,0.6083009025989841,0.872378702040465
993,batt_tim331,1,331,battery,0.305096224828735,0.0,0.305096224828735,0.3965612025920001
994,pltd_tim332,1,332,diesel,0.01228966243323486,0.118,-0.10571033756676514,0.02612168620366798
995,plts_tim332,1,332,solar,0.33380082677554496,0.0,0.33380082677554496,0.4893887032232257
996,batt_tim332,1,332,battery,0.17329489983582708,0.0,0.17329489983582708,0.2215604744816864
997,pltd_tim333,1,333,diesel,0.060152140080073246,0.5995,-0.5393478599199268,0.11221561838800535
998,plts_tim333,1,333,solar,1.7090415107790258,0.0,1.7090415107790258,2.5091669970413273
999,batt_tim333,1,333,battery,0.8780710462575023,0.0,0.8780710462575023,1.1373295897255329
1000,pltd_tim334,1,334,diesel,0.017681012575422272,0.1762,-0.15851898742457773,0.03298417896481277
1001,plts_tim334,1,334,solar,0.5023493591976743,0.0,0.5023493591976743,0.737535329981787
1002,batt_tim334,1,334,battery,0.2580968193121697,0.0,0.2580968193121697,0.3343022467829471
1003,pltd_tim335,1,335,diesel,0.03917927289937378,0.3762,-0.3370207271006262,0.08327624945564334
1004,plts_tim335,1,335,solar,1.064154011462623,0.0,1.064154011462623,1.560165761569018
1005,batt_tim335,1,335,battery,0.5524622277033915,0.0,0.5524622277033915,0.7063325393993263
1006,pltd_tim336,1,336,diesel,0.020043221550246647,0.1969,-0.17685677844975334,0.04086988176835169
1007,plts_tim336,1,336,solar,0.5672366203620722,0.0,0.5672366203620722,0.8194116273214056
1008,batt_tim336,1,336,battery,0.2880998269855332,0.0,0.2880998269855332,0.37075365382183034
1009,pltd_tim337,1,337,diesel,0.018268211452886776,0.1821,-0.16383178854711322,0.034080356193769756
1010,plts_tim337,1,337,solar,0.5190355557367402,0.0,0.5190355557367402,0.7620330235506536
1011,batt_tim337,1,337,battery,0.2666697660487852,0.0,0.2666697660487852,0.34540653288502005
1012,pltd_tim338,1,338,diesel,0.02015123436282941,0.1935,-0.1733487656371706,0.042832288484259066
1013,plts_tim338,1,338,solar,0.5473281786014361,0.0,0.5473281786014361,0.8024435020978908
1014,batt_tim338,1,338,battery,0.28414899380783654,0.0,0.28414899380783654,0.3632893446171532
1015,pltd_tim339,1,339,diesel,0.025192372699258437,0.2511,-0.22590762730074154,0.046997096613969065
1016,plts_tim339,1,339,solar,0.7157591285529852,0.0,0.7157591285529852,1.050858342757118
1017,batt_tim339,1,339,battery,0.36774279227736567,0.0,0.36774279227736567,0.47632208355563493
1018,pltd_tim340,1,340,diesel,0.02083391029659826,0.2076,-0.18676608970340175,0.03886585050245186
1019,plts_tim340,1,340,solar,0.5919295550152557,0.0,0.5919295550152557,0.8690539733048668
1020,batt_tim340,1,340,battery,0.30412133562219684,0.0,0.30412133562219684,0.3939159207094608
1021,pltd_tim341,1,341,diesel,0.029179631234397027,0.2908,-0.26162036876560296,0.054435280353391576
1022,plts_tim341,1,341,solar,0.8290518275686601,0.0,0.8290518275686601,1.2171910376854065
1023,batt_tim341,1,341,battery,0.42595026109738005,0.0,0.42595026109738005,0.5517159414485491
1024,pltd_tim342,1,342,diesel,0.01203295598005215,0.1155,-0.10346704401994786,0.02557612359066242
1025,plts_tim342,1,342,solar,0.3268287986309133,0.0,0.3268287986309133,0.47916646595529494
1026,batt_tim342,1,342,battery,0.16967511613577047,0.0,0.16967511613577047,0.21693257580835185
1027,pltd_tim343,1,343,diesel,0.016073482125934728,0.1602,-0.14412651787406527,0.029984817440350767
1028,plts_tim343,1,343,solar,0.45668168969816225,0.0,0.45668168969816225,0.6704878541365159
1029,batt_tim343,1,343,battery,0.2346343753606792,0.0,0.2346343753606792,0.3039121893757695
1030,pltd_tim344,1,344,diesel,0.021760988112912247,0.2169,-0.19513901188708777,0.04059582707701495
1031,plts_tim344,1,344,solar,0.6182759672159153,0.0,0.6182759672159153,0.9077357812762196
1032,batt_tim344,1,344,battery,0.31765774134724667,0.0,0.31765774134724667,0.4114491307137696
1033,pltd_tim345,1,345,diesel,0.016166430724662468,0.1611,-0.14493356927533751,0.03015892078876413
1034,plts_tim345,1,345,solar,0.459315229542051,0.0,0.459315229542051,0.674354172368387
1035,batt_tim345,1,345,battery,0.2359870422005362,0.0,0.2359870422005362,0.305664331495256
1036,pltd_tim346,1,346,diesel,0.02179217586009845,0.2172,-0.19540782413990154,0.04065419273173934
1037,plts_tim346,1,346,solar,0.619153386534226,0.0,0.619153386534226,0.9090241264766147
1038,batt_tim346,1,346,battery,0.3181084825188761,0.0,0.3181084825188761,0.4120328986354769
1039,pltd_tim347,1,347,diesel,0.028400033609759644,0.2976,-0.26919996639024035,0.05260978198893286
1040,plts_tim347,1,347,solar,0.8496374817044426,0.0,0.8496374817044426,1.2491035273980449
1041,batt_tim347,1,347,battery,0.4319063008421101,0.0,0.4319063008421101,0.5670613985390032
1042,pltd_tim348,1,348,diesel,0.011900541751028873,0.1186,-0.10669945824897112,0.022200788665986553
1043,plts_tim348,1,348,solar,0.3381195650068872,0.0,0.3381195650068872,0.49641768727384444
1044,batt_tim348,1,348,battery,0.17371903876041278,0.0,0.17371903876041278,0.2250112262755989
1045,pltd_tim349,1,349,diesel,0.035732660829027374,0.3561,-0.32036733917097265,0.06665982578156089
1046,plts_tim349,1,349,solar,1.015237722027674,0.0,1.015237722027674,1.4905437987606012
1047,batt_tim349,1,349,battery,0.5216088188157675,0.0,0.5216088188157675,0.6756185949215167
1048,pltd_tim350,1,350,diesel,0.006651875964162708,0.077,-0.07034812403583729,0.012234107752533982
1049,plts_tim350,1,350,solar,0.22413996582911566,0.0,0.22413996582911566,0.3248357023277816
1050,batt_tim350,1,350,battery,0.11273037854029691,0.0,0.11273037854029691,0.14778883129842887
1051,pltd_tim351,1,351,diesel,0.008594430802303805,0.0844,-0.0758055691976962,0.017524409803707463
1052,plts_tim351,1,351,solar,0.24322806829664767,0.0,0.24322806829664767,0.351359849290112
1053,batt_tim351,1,351,battery,0.12353595893442425,0.0,0.12353595893442425,0.1589774513832957
1054,pltd_tim352,1,352,diesel,0.016910290929807174,0.1624,-0.14548970907019282,0.03594385346933558
1055,plts_tim352,1,352,solar,0.4593026599776856,0.0,0.4593026599776856,0.6733879033954339
1056,batt_tim352,1,352,battery,0.23844977949310195,0.0,0.23844977949310195,0.3048622109036769
1057,pltd_tim353,1,353,diesel,0.006438938370470558,0.0746,-0.06816106162952944,0.011842002674631747
1058,plts_tim353,1,353,solar,0.21696819830580033,0.0,0.21696819830580033,0.3144417486647646
1059,batt_tim353,1,353,battery,0.10912330395203261,0.0,0.10912330395203261,0.1430600672859665
1060,pltd_tim354,1,354,diesel,0.024643577639849534,0.2366,-0.21195642236015047,0.05238022889071057
1061,plts_tim354,1,354,solar,0.6693447198869467,0.0,0.6693447198869467,0.9813327282522973
1062,batt_tim354,1,354,battery,0.3474947410125108,0.0,0.3474947410125108,0.4442778618379157
1063,pltd_tim355,1,355,diesel,0.03151034827538138,0.3025,-0.27098965172461864,0.06697554490492377
1064,plts_tim355,1,355,solar,0.8558553411907998,0.0,0.8558553411907998,1.2547772921061104
1065,batt_tim355,1,355,battery,0.4443227260135931,0.0,0.4443227260135931,0.5680742206940209
1066,pltd_tim356,1,356,diesel,0.006932070636350285,0.0681,-0.06116792936364971,0.014135647261846558
1067,plts_tim356,1,356,solar,0.19617967228577635,0.0,0.19617967228577635,0.2833953254969152
1068,batt_tim356,1,356,battery,0.09963983274664338,0.0,0.09963983274664338,0.12822573725574207
1069,pltd_tim357,1,357,diesel,0.007957864917622523,0.0764,-0.06844213508237747,0.016914203032638842
1070,plts_tim357,1,357,solar,0.21614251184004749,0.0,0.21614251184004749,0.31688887221849427
1071,batt_tim357,1,357,battery,0.11221200613746085,0.0,0.11221200613746085,0.14346486682958698
1072,pltd_tim358,1,358,diesel,0.013299313828917523,0.1306,-0.11730068617108247,0.027118802653147756
1073,plts_tim358,1,358,solar,0.3763816971518678,0.0,0.3763816971518678,0.5437092725750187
1074,batt_tim358,1,358,battery,0.19116468637182146,0.0,0.19116468637182146,0.24600846186578124
1075,pltd_tim359,1,359,diesel,0.0074234799878947905,0.086,-0.0785765200121052,0.013652948452238712
1076,plts_tim359,1,359,solar,0.25014143400579864,0.0,0.25014143400579864,0.3625171423748231
1077,batt_tim359,1,359,battery,0.125807109275803,0.0,0.125807109275803,0.1649325303416927
1078,pltd_tim360,1,360,diesel,0.013016779391403652,0.1279,-0.11488322060859636,0.026542275472298725
1079,plts_tim360,1,360,solar,0.36839331245624224,0.0,0.36839331245624224,0.5321693843143527
1080,batt_tim360,1,360,battery,0.18710758063212873,0.0,0.18710758063212873,0.24078755661384363
1081,pltd_tim361,1,361,diesel,0.019855054832426628,0.195,-0.17514494516757337,0.04048657970951346
1082,plts_tim361,1,361,solar,0.5619095069324105,0.0,0.5619095069324105,0.8117170611443997
1083,batt_tim361,1,361,battery,0.28539444774405365,0.0,0.28539444774405365,0.3672720479766647
1084,pltd_tim362,1,362,diesel,0.019039398852901603,0.187,-0.1679606011470984,0.03882339487362899
1085,plts_tim362,1,362,solar,0.5388296872111475,0.0,0.5388296872111475,0.7783765184675758
1086,batt_tim362,1,362,battery,0.27367217073916966,0.0,0.27367217073916966,0.3521867829001253
1087,pltd_tim363,1,363,diesel,0.028229988925078223,0.2773,-0.24907001107492177,0.05756390038189754
1088,plts_tim363,1,363,solar,0.7989227860249938,0.0,0.7989227860249938,1.1540998347042366
1089,batt_tim363,1,363,battery,0.4057739401763977,0.0,0.4057739401763977,0.5221874138109759
1090,pltd_tim364,1,364,diesel,0.010639141984586679,0.1103,-0.09966085801541331,0.021017371211572215
1091,plts_tim364,1,364,solar,0.32167127652969557,0.0,0.32167127652969557,0.46131607618004894
1092,batt_tim364,1,364,battery,0.16133547846799745,0.0,0.16133547846799745,0.20970237722482
1093,pltd_tim365,1,365,diesel,0.023712960177394264,0.2277,-0.20398703982260574,0.050403212272042634
1094,plts_tim365,1,365,solar,0.6440694602788343,0.0,0.6440694602788343,0.9442764257906423
1095,batt_tim365,1,365,battery,0.33437260974663474,0.0,0.33437260974663474,0.4275011381752567
1096,pltd_tim366,1,366,diesel,0.01574613758097816,0.1547,-0.13895386241902186,0.03210807537766183
1097,plts_tim366,1,366,solar,0.4456214040367026,0.0,0.4456214040367026,0.6437311526416798
1098,batt_tim366,1,366,battery,0.22633150396404425,0.0,0.22633150396404425,0.2912643445900614
1099,pltd_tim367,1,367,diesel,0.01671803789314689,0.1642,-0.14748196210685313,0.03409015020843855
1100,plts_tim367,1,367,solar,0.47314030083662206,0.0,0.47314030083662206,0.683484263123469
1101,batt_tim367,1,367,battery,0.24030890770403976,0.0,0.24030890770403976,0.3092518685650379
1102,pltd_tim368,1,368,diesel,0.004799146034868739,0.0471,-0.042300853965131266,0.009786631776690811
1103,plts_tim368,1,368,solar,0.13581652131276856,0.0,0.13581652131276856,0.1961965689100901
1104,batt_tim368,1,368,battery,0.06898118131039721,0.0,0.06898118131039721,0.08877140424972649
1105,pltd_tim369,1,369,diesel,0.008499521133706896,0.0881,-0.0796004788662931,0.016791050977829555
1106,plts_tim369,1,369,solar,0.2569773080203763,0.0,0.2569773080203763,0.368536289259379
1107,batt_tim369,1,369,battery,0.12888761074817093,0.0,0.12888761074817093,0.16752706889478028
1108,pltd_tim370,1,370,diesel,0.00733977210679845,0.0721,-0.06476022789320154,0.014966805802059181
1109,plts_tim370,1,370,solar,0.20771995372800361,0.0,0.20771995372800361,0.30006557404136325
1110,batt_tim370,1,370,battery,0.10550095111543861,0.0,0.10550095111543861,0.13576849317668088
1111,pltd_tim371,1,371,diesel,0.018453702172312438,0.1839,-0.16544629782768758,0.034425750640797954
1112,plts_tim371,1,371,solar,0.524305459466033,0.0,0.524305459466033,0.769770921183455
1113,batt_tim371,1,371,battery,0.26937759647890197,0.0,0.26937759647890197,0.3489137523535558
1114,pltd_tim372,1,372,diesel,0.017773658722364197,0.1771,-0.1593263412776358,0.033156899002331965
1115,plts_tim372,1,372,solar,0.5049835939816251,0.0,0.5049835939816251,0.7414034873825164
1116,batt_tim372,1,372,battery,0.2594507905523162,0.0,0.2594507905523162,0.33605589521871426
1117,pltd_tim373,1,373,diesel,0.02395568190577103,0.2388,-0.214844318094229,0.044689609912874524
1118,plts_tim373,1,373,solar,0.6806310930029738,0.0,0.6806310930029738,0.9992840389325647
1119,batt_tim373,1,373,battery,0.34969493578579125,0.0,0.34969493578579125,0.4529455362189915
1120,pltd_tim374,1,374,diesel,0.02738678502111192,0.273,-0.2456132149788881,0.05109119405167226
1121,plts_tim374,1,374,solar,0.778114841288732,0.0,0.778114841288732,1.1424055556393446
1122,batt_tim374,1,374,battery,0.399779125640446,0.0,0.399779125640446,0.5178177338732696
1123,pltd_tim375,1,375,diesel,0.009465915633506397,0.0909,-0.0814340843664936,0.020119927927978943
1124,plts_tim375,1,375,solar,0.25710547655270855,0.0,0.25710547655270855,0.3769446370413815
1125,batt_tim375,1,375,battery,0.13347778590392076,0.0,0.13347778590392076,0.17065369849955722
1126,pltd_tim376,1,376,diesel,0.010695136878283374,0.1066,-0.09590486312171663,0.019951784635624456
1127,plts_tim376,1,376,solar,0.3038687097483623,0.0,0.3038687097483623,0.44613203485115877
1128,batt_tim376,1,376,battery,0.15612194211556257,0.0,0.15612194211556257,0.20221826483771338
1129,pltd_tim377,1,377,diesel,0.012546350727361474,0.1205,-0.10795364927263852,0.026667627535240792
1130,plts_tim377,1,377,solar,0.34077328628544507,0.0,0.34077328628544507,0.4996106135200443
1131,batt_tim377,1,377,battery,0.17691437845381572,0.0,0.17691437845381572,0.2261881554795427
1132,pltd_tim378,1,378,diesel,0.017117881386550605,0.1774,-0.1602821186134494,0.03381616374524066
1133,plts_tim378,1,378,solar,0.517548402365969,0.0,0.517548402365969,0.7422284889472492
1134,batt_tim378,1,378,battery,0.2595785020442828,0.0,0.2595785020442828,0.33739765099861235
1135,pltd_tim379,1,379,diesel,0.016523396494473565,0.1713,-0.15477660350552644,0.03264126115472327
1136,plts_tim379,1,379,solar,0.49957909759176816,0.0,0.49957909759176816,0.7164574452449005
1137,batt_tim379,1,379,battery,0.25056592371307324,0.0,0.25056592371307324,0.32568330393947537
1138,pltd_tim380,1,380,diesel,0.012065625699607667,0.1251,-0.11303437430039232,0.023834440658280012
1139,plts_tim380,1,380,solar,0.364800875492462,0.0,0.364800875492462,0.523169325468954
1140,batt_tim380,1,380,battery,0.1829675560329805,0.0,0.1829675560329805,0.2378195364879827
1141,pltd_tim381,1,381,diesel,0.0053492763775195955,0.0555,-0.05015072362248041,0.010567005203410302
1142,plts_tim381,1,381,solar,0.16173499135945504,0.0,0.16173499135945504,0.2319473075307683
1143,batt_tim381,1,381,battery,0.0811185785751672,0.0,0.0811185785751672,0.10543728156688938
1144,pltd_tim382,1,382,diesel,0.015156446629058233,0.1571,-0.14194355337094175,0.029941134827020002
1145,plts_tim382,1,382,solar,0.45824667068196306,0.0,0.45824667068196306,0.6571821200856363
1146,batt_tim382,1,382,battery,0.22983560729947933,0.0,0.22983560729947933,0.2987381262599945
1147,pltd_tim383,1,383,diesel,0.009123680613752922,0.0946,-0.08547631938624708,0.018023747387098235
1148,plts_tim383,1,383,solar,0.27584559371337647,0.0,0.27584559371337647,0.3955974863735638
1149,batt_tim383,1,383,battery,0.13835186364471033,0.0,0.13835186364471033,0.17982822562817724
1150,pltd_tim384,1,384,diesel,0.015423968194522386,0.1599,-0.1444760318054776,0.030469913181663148
1151,plts_tim384,1,384,solar,0.4663327602430831,0.0,0.4663327602430831,0.6687790742703728
1152,batt_tim384,1,384,battery,0.2338911505117939,0.0,0.2338911505117939,0.3040093669522499
1153,pltd_tim385,1,385,diesel,0.0036554105450192567,0.0379,-0.034244589454980746,0.007220952051306733
1154,plts_tim385,1,385,solar,0.11051853576805035,0.0,0.11051853576805035,0.1584971910183426
1155,batt_tim385,1,385,battery,0.055430999032209105,0.0,0.055430999032209105,0.0720487320613148
1156,pltd_tim386,1,386,diesel,0.004877377192493472,0.0468,-0.04192262280750653,0.010367449284246634
1157,plts_tim386,1,386,solar,0.13247433576072187,0.0,0.13247433576072187,0.19422165578959455
1158,batt_tim386,1,386,battery,0.06877462668741105,0.0,0.06877462668741105,0.08792954352191434
1159,pltd_tim387,1,387,diesel,0.020827236587396845,0.2046,-0.18377276341260315,0.04246910216255306
1160,plts_tim387,1,387,solar,0.5894285615432725,0.0,0.5894285615432725,0.8514697729071053
1161,batt_tim387,1,387,battery,0.29937129945501423,0.0,0.29937129945501423,0.38525883577748715
1162,pltd_tim388,1,388,diesel,0.006712395429879616,0.0659,-0.059187604570120386,0.01368721103373942
1163,plts_tim388,1,388,solar,0.18996625655230828,0.0,0.18996625655230828,0.2744192802899523
1164,batt_tim388,1,388,battery,0.0964841070417659,0.0,0.0964841070417659,0.12416467280493784
1165,pltd_tim389,1,389,diesel,0.004130905701290478,0.0428,-0.03866909429870952,0.008160573547079867
1166,plts_tim389,1,389,solar,0.1248949604864922,0.0,0.1248949604864922,0.179113971475443
1167,batt_tim389,1,389,battery,0.06264106331598882,0.0,0.06264106331598882,0.08142041521178342
1168,pltd_tim390,1,390,diesel,0.0078010716655944135,0.0644,-0.056598928334405586,0.019088600971467425
1169,plts_tim390,1,390,solar,0.1819087150408657,0.0,0.1819087150408657,0.2615071425018728
1170,batt_tim390,1,390,battery,0.09176950870615916,0.0,0.09176950870615916,0.11696870384965706
1171,pltd_tim391,1,391,diesel,0.008945291331713807,0.0927,-0.0837547086682862,0.017671374703861393
1172,plts_tim391,1,391,solar,0.27045533231659413,0.0,0.27045533231659413,0.387866229758954
1173,batt_tim391,1,391,battery,0.13564787143547882,0.0,0.13564787143547882,0.1763138682798901
1174,pltd_tim392,1,392,diesel,0.019657835368260563,0.1688,-0.14914216463173943,0.03899641096974363
1175,plts_tim392,1,392,solar,0.4866257664657788,0.0,0.4866257664657788,0.6984011908456684
1176,batt_tim392,1,392,battery,0.2475599820529556,0.0,0.2475599820529556,0.3159117532358914
1177,pltd_tim393,1,393,diesel,0.013284385939229468,0.1275,-0.11421561406077053,0.028236408467275903
1178,plts_tim393,1,393,solar,0.36081831196259784,0.0,0.36081831196259784,0.5289993059175176
1179,batt_tim393,1,393,battery,0.1873212222130714,0.0,0.1873212222130714,0.23949341238120794
1180,pltd_tim394,1,394,diesel,0.005918687166529266,0.0508,-0.04488131283347073,0.011741467061523101
1181,plts_tim394,1,394,solar,0.14652055595280172,0.0,0.14652055595280172,0.21028490239531128
1182,batt_tim394,1,394,battery,0.0745389358112606,0.0,0.0745389358112606,0.0951193492561161
1183,pltd_tim395,1,395,diesel,0.012268195327077756,0.1054,-0.09313180467292223,0.02433674377909179
1184,plts_tim395,1,395,solar,0.30369787912568824,0.0,0.30369787912568824,0.43586441736550324
1185,batt_tim395,1,395,battery,0.15449967160383768,0.0,0.15449967160383768,0.19715733166181815
1186,pltd_tim396,1,396,diesel,0.017792492673251028,0.1528,-0.13500750732674896,0.03529543715791402
1187,plts_tim396,1,396,solar,0.4404505331202905,0.0,0.4404505331202905,0.6321307493809316
1188,batt_tim396,1,396,battery,0.2240695552412879,0.0,0.2240695552412879,0.2859355430986206
1189,pltd_tim397,1,397,diesel,0.006802579351318205,0.0653,-0.05849742064868179,0.01445915172182983
1190,plts_tim397,1,397,solar,0.1847672747151147,0.0,0.1847672747151147,0.2708885647626603
1191,batt_tim397,1,397,battery,0.09592279358361294,0.0,0.09592279358361294,0.12263902529256743
1192,pltd_tim398,1,398,diesel,0.008814106008703342,0.0866,-0.07778589399129665,0.017973078617462276
1193,plts_tim398,1,398,solar,0.24944148403019747,0.0,0.24944148403019747,0.36033552949718517
1194,batt_tim398,1,398,battery,0.12669168463930552,0.0,0.12669168463930552,0.16303854041473287
1195,pltd_tim399,1,399,diesel,0.0114800385401203,0.1128,-0.1013199614598797,0.023409119625264038
1196,plts_tim399,1,399,solar,0.32489568744274033,0.0,0.32489568744274033,0.4693339143847998
1197,batt_tim399,1,399,battery,0.16501471285327501,0.0,0.16501471285327501,0.21235637156628986
1198,pltd_tim400,1,400,diesel,0.010268166821312246,0.0986,-0.08833183317868774,0.021824907323064784
1199,plts_tim400,1,400,solar,0.2788935685675477,0.0,0.2788935685675477,0.4088888142061364
1200,batt_tim400,1,400,battery,0.14478957100440393,0.0,0.14478957100440393,0.18511590584492935
1201,pltd_tim401,1,401,diesel,0.010852864303561043,0.1066,-0.09574713569643896,0.022130396257279774
1202,plts_tim401,1,401,solar,0.3071414498699364,0.0,0.3071414498699364,0.4436873647549642
1203,batt_tim401,1,401,battery,0.155997626321165,0.0,0.155997626321165,0.20075217178533578
1204,pltd_tim402,1,402,diesel,0.006932070636333418,0.0681,-0.06116792936366658,0.014135647261832324
1205,plts_tim402,1,402,solar,0.1961796722858236,0.0,0.1961796722858236,0.28339532549698243
1206,batt_tim402,1,402,battery,0.09963983274664462,0.0,0.09963983274664462,0.12822573725602956
1207,pltd_tim403,1,403,diesel,0.013142504974059391,0.1291,-0.1159574950259406,0.026798990071152638
1208,plts_tim403,1,403,solar,0.37194349810145333,0.0,0.37194349810145333,0.5372976157612799
1209,batt_tim403,1,403,battery,0.18891032727932008,0.0,0.18891032727932008,0.24310739613303717
1210,pltd_tim404,1,404,diesel,0.018784940939706923,0.2175,-0.19871505906029308,0.034548493052371745
1211,plts_tim404,1,404,solar,0.6329729096764035,0.0,0.6329729096764035,0.9173370240917168
1212,batt_tim404,1,404,battery,0.31835083833050104,0.0,0.31835083833050104,0.417356297605551
1213,pltd_tim405,1,405,diesel,0.017321517024403574,0.2006,-0.18327848297559643,0.03185719137226966
1214,plts_tim405,1,405,solar,0.5836617845686242,0.0,0.5836617845686242,0.8458730350512684
1215,batt_tim405,1,405,battery,0.2935501798978717,0.0,0.2935501798978717,0.3848427344553344
1216,pltd_tim406,1,406,diesel,0.01289932299438672,0.1238,-0.11090067700561328,0.02741758641380734
1217,plts_tim406,1,406,solar,0.3503601941894881,0.0,0.3503601941894881,0.5136664097778046
1218,batt_tim406,1,406,battery,0.18189182424233138,0.0,0.18189182424233138,0.2325518402541987
1219,pltd_tim407,1,407,diesel,0.02124222430491032,0.2039,-0.18265777569508967,0.04515080767967801
1220,plts_tim407,1,407,solar,0.5769610610068766,0.0,0.5769610610068766,0.8458883426899756
1221,batt_tim407,1,407,battery,0.29953321001501093,0.0,0.29953321001501093,0.3829582556923031
1222,pltd_tim408,1,408,diesel,0.01703877909300237,0.1636,-0.14656122090699764,0.03621572990929293
1223,plts_tim408,1,408,solar,0.46278959036489264,0.0,0.46278959036489264,0.6784995903732753
1224,batt_tim408,1,408,battery,0.2402601439936439,0.0,0.2402601439936439,0.3071766942814436
1225,pltd_tim409,1,409,diesel,0.006022619458909418,0.0591,-0.05307738054109058,0.01228111940258754
1226,plts_tim409,1,409,solar,0.17043637475518417,0.0,0.17043637475518417,0.24620713416670342
1227,batt_tim409,1,409,battery,0.08656459010650287,0.0,0.08656459010650287,0.11139922637704404
1228,pltd_tim410,1,410,diesel,0.007925698009213611,0.0761,-0.06817430199078639,0.016846633576194467
1229,plts_tim410,1,410,solar,0.21527089257752033,0.0,0.21527089257752033,0.31561044984865666
1230,batt_tim410,1,410,battery,0.11175899864331054,0.0,0.11175899864331054,0.14288581529466085
1231,pltd_tim411,1,411,diesel,0.016153736515718907,0.1587,-0.1425462634842811,0.032938846859178465
1232,plts_tim411,1,411,solar,0.45716177538897795,0.0,0.45716177538897795,0.6604019476555747
1233,batt_tim411,1,411,battery,0.23219316093944226,0.0,0.23219316093944226,0.29880772751790396
1234,pltd_tim412,1,412,diesel,0.01269196832354546,0.147,-0.13430803167645453,0.023342953364039246
1235,plts_tim412,1,412,solar,0.4276596365635912,0.0,0.4276596365635912,0.6197868983169696
1236,batt_tim412,1,412,battery,0.21508935196526363,0.0,0.21508935196526363,0.2819809692530165
1237,pltd_tim413,1,413,diesel,0.019509653286370915,0.1916,-0.17209034671362908,0.039782292138435225
1238,plts_tim413,1,413,solar,0.552145522967538,0.0,0.552145522967538,0.7976119278393964
1239,batt_tim413,1,413,battery,0.28043518090451086,0.0,0.28043518090451086,0.36089017475065643
1240,pltd_tim414,1,414,diesel,0.017905177467037518,0.1719,-0.15399482253296248,0.038057221162498225
1241,plts_tim414,1,414,solar,0.4863205115113606,0.0,0.4863205115113606,0.7129998047006084
1242,batt_tim414,1,414,battery,0.2524768887705057,0.0,0.2524768887705057,0.3227958460937296
1243,pltd_tim415,1,415,diesel,0.015049299469006211,0.1445,-0.12945070053099378,0.03198695863836096
1244,plts_tim415,1,415,solar,0.4087538653257361,0.0,0.4087538653257361,0.5992778934719549
1245,batt_tim415,1,415,battery,0.21220728583282986,0.0,0.21220728583282986,0.2713105629012717
1246,pltd_tim416,1,416,diesel,0.0202795396158731,0.1947,-0.1744204603841269,0.04310475592952293
1247,plts_tim416,1,416,solar,0.5508147856888943,0.0,0.5508147856888943,0.8075546443419286
1248,batt_tim416,1,416,battery,0.2859588398199907,0.0,0.2859588398199907,0.3656033287319042
1249,pltd_tim417,1,417,diesel,0.0035938264261045683,0.0345,-0.030906173573895433,0.0076380936725082985
1250,plts_tim417,1,417,solar,0.09761341840070166,0.0,0.09761341840070166,0.14311186855677582
1251,batt_tim417,1,417,battery,0.05067685517480384,0.0,0.05067685517480384,0.06479127104384104
1252,pltd_tim418,1,418,diesel,0.005904177708059094,0.0567,-0.050795822291940906,0.012549367699777056
1253,plts_tim418,1,418,solar,0.16036391462243976,0.0,0.16036391462243976,0.23511097740260242
1254,batt_tim418,1,418,battery,0.08325391988850613,0.0,0.08325391988850613,0.10644161282630435
1255,pltd_tim419,1,419,diesel,0.0084026472079467,0.0628,-0.054397352792053294,0.020772798980767258
1256,plts_tim419,1,419,solar,0.1760156098094413,0.0,0.1760156098094413,0.2527533165367655
1257,batt_tim419,1,419,battery,0.08747169188790717,0.0,0.08747169188790717,0.11220474637894406
1258,pltd_tim420,1,420,diesel,0.007934798837550515,0.0823,-0.07436520116244949,0.015674799918967555
1259,plts_tim420,1,420,solar,0.2399060778941705,0.0,0.2399060778941705,0.3440548728427433
1260,batt_tim420,1,420,battery,0.12032594048217925,0.0,0.12032594048217925,0.15639859315089244
1261,pltd_tim421,1,421,diesel,0.004983873987694113,0.0373,-0.032316126012305886,0.01231996810404866
1262,plts_tim421,1,421,solar,0.10440218623063141,0.0,0.10440218623063141,0.14991872722269114
1263,batt_tim421,1,421,battery,0.05188351327614867,0.0,0.05188351327614867,0.06655388787187808
1264,pltd_tim422,1,422,diesel,0.0115010870779405,0.1192,-0.1076989129220595,0.022719936618394113
1265,plts_tim422,1,422,solar,0.3477283906042827,0.0,0.3477283906042827,0.4986853672068911
1266,batt_tim422,1,422,battery,0.17440459452207538,0.0,0.17440459452207538,0.22668944645953765
1267,pltd_tim423,1,423,diesel,0.016869231129427554,0.1953,-0.17843076887057244,0.031025016184058615
1268,plts_tim423,1,423,solar,0.5684205781687219,0.0,0.5684205781687219,0.8237845224609002
1269,batt_tim423,1,423,battery,0.2858845959494951,0.0,0.2858845959494951,0.3747932035126918
1270,pltd_tim424,1,424,diesel,0.0089402204467019,0.1035,-0.0945597795532981,0.016442463523523118
1271,plts_tim424,1,424,solar,0.30124461463373997,0.0,0.30124461463373997,0.4365792789292009
1272,batt_tim424,1,424,battery,0.15150963153239635,0.0,0.15150963153239635,0.19862831704715944
1273,pltd_tim425,1,425,diesel,0.015565410084234652,0.1802,-0.16463458991576535,0.02862722519823716
1274,plts_tim425,1,425,solar,0.5244884988693458,0.0,0.5244884988693458,0.7601164130230441
1275,batt_tim425,1,425,battery,0.2637894915558883,0.0,0.2637894915558883,0.34582649745409577
1276,pltd_tim426,1,426,diesel,0.0043103159916318195,0.0499,-0.04558968400836818,0.007927517086846261
1277,plts_tim426,1,426,solar,0.14524306803579332,0.0,0.14524306803579332,0.21049399188578943
1278,batt_tim426,1,426,battery,0.07304955423834668,0.0,0.07304955423834668,0.09576758167251331
1279,pltd_tim427,1,427,diesel,0.018013296649696937,0.2086,-0.19058670335030306,0.03312961309693192
1280,plts_tim427,1,427,solar,0.6069719142254876,0.0,0.6069719142254876,0.8796559022993495
1281,batt_tim427,1,427,battery,0.30527405683408393,0.0,0.30527405683408393,0.4002126274861274
1282,pltd_tim428,1,428,diesel,0.018731745195082552,0.2169,-0.19816825480491745,0.03445041195504154
1283,plts_tim428,1,428,solar,0.6311794359791052,0.0,0.6311794359791052,0.9147386452954528
1284,batt_tim428,1,428,battery,0.31744912678952136,0.0,0.31744912678952136,0.41617403140803194
1285,pltd_tim429,1,429,diesel,0.01074961011416016,0.1245,-0.11375038988583984,0.019770405744600254
1286,plts_tim429,1,429,solar,0.3622106649414072,0.0,0.3622106649414072,0.5249346301382978
1287,batt_tim429,1,429,battery,0.1821721075566227,0.0,0.1821721075566227,0.23882666366368707
1288,pltd_tim430,1,430,diesel,0.01362311032104646,0.1577,-0.14407688967895355,0.02505515231391821
1289,plts_tim430,1,430,solar,0.45903972071675675,0.0,0.45903972071675675,0.6652642615300292
1290,batt_tim430,1,430,battery,0.23087195463393828,0.0,0.23087195463393828,0.30267193106102763
1291,pltd_tim431,1,431,diesel,0.011547851977725086,0.1337,-0.12215214802227492,0.021238056212651294
1292,plts_tim431,1,431,solar,0.38910838629431965,0.0,0.38910838629431965,0.5639160335428288
1293,batt_tim431,1,431,battery,0.19570042534700996,0.0,0.19570042534700996,0.2565622262337023
1294,pltd_tim432,1,432,diesel,0.011627404487909323,0.1346,-0.12297259551209068,0.021384333844121042
1295,plts_tim432,1,432,solar,0.39179755465397886,0.0,0.39179755465397886,0.5678138617507681
1296,batt_tim432,1,432,battery,0.1970532404370582,0.0,0.1970532404370582,0.25833567580710776
1297,pltd_tim433,1,433,diesel,0.017937101695946672,0.1722,-0.15426289830405332,0.03812571798008944
1298,plts_tim433,1,433,solar,0.4871924760454516,0.0,0.4871924760454516,0.7142771679702431
1299,batt_tim433,1,433,battery,0.25292905435905044,0.0,0.25292905435905044,0.323374171691571
1300,pltd_tim434,1,434,diesel,0.007237201747598425,0.0838,-0.07656279825240157,0.013310686598073305
1301,plts_tim434,1,434,solar,0.24386475973722122,0.0,0.24386475973722122,0.3534212800385149
1302,batt_tim434,1,434,battery,0.12265038759757936,0.0,0.12265038759757936,0.16079402590929187
1303,pltd_tim435,1,435,diesel,0.007503352668168376,0.0869,-0.07939664733183163,0.01380000646589253
1304,plts_tim435,1,435,solar,0.2528306452596998,0.0,0.2528306452596998,0.3664153454373222
1305,batt_tim435,1,435,battery,0.12716019149939262,0.0,0.12716019149939262,0.16670631184465218
1306,pltd_tim436,1,436,diesel,0.010307937156771531,0.1152,-0.10489206284322847,0.02154973705316313
1307,plts_tim436,1,436,solar,0.33006521158762575,0.0,0.33006521158762575,0.4821939546471357
1308,batt_tim436,1,436,battery,0.167135653547258,0.0,0.167135653547258,0.21826515107804562
1309,pltd_tim437,1,437,diesel,0.017614247936217912,0.2039,-0.1862857520637821,0.03239514803111777
1310,plts_tim437,1,437,solar,0.5935237516910045,0.0,0.5935237516910045,0.8601660858186052
1311,batt_tim437,1,437,battery,0.2985105023208976,0.0,0.2985105023208976,0.39134556986888813
1312,pltd_tim438,1,438,diesel,0.021402706716944116,0.2055,-0.18409729328305588,0.04549124815288349
1313,plts_tim438,1,438,solar,0.5813195245629204,0.0,0.5813195245629204,0.8522779219621686
1314,batt_tim438,1,438,battery,0.3017960451861661,0.0,0.3017960451861661,0.38585133324768023
1315,pltd_tim439,1,439,diesel,0.00859939130530748,0.0961,-0.08750060869469252,0.017977639425103338
1316,plts_tim439,1,439,solar,0.2753474020294292,0.0,0.2753474020294292,0.4022572622342834
1317,batt_tim439,1,439,battery,0.13942846770204054,0.0,0.13942846770204054,0.18208166450495533
1318,pltd_tim440,1,440,diesel,0.007449950707280105,0.0863,-0.0788500492927199,0.013701824659535134
1319,plts_tim440,1,440,solar,0.25103740792524487,0.0,0.25103740792524487,0.3638169367506514
1320,batt_tim440,1,440,battery,0.12625845457789586,0.0,0.12625845457789586,0.16552408022812576
1321,pltd_tim441,1,441,diesel,0.011551694291221432,0.1109,-0.09934830570877856,0.02455278773684289
1322,plts_tim441,1,441,solar,0.31375564998600636,0.0,0.31375564998600636,0.4600003763321838
1323,batt_tim441,1,441,battery,0.16288861123525716,0.0,0.16288861123525716,0.20825582976880824
1324,pltd_tim442,1,442,diesel,0.007283947860087389,0.0699,-0.06261605213991261,0.015482507555776829
1325,plts_tim442,1,442,solar,0.19783999199474903,0.0,0.19783999199474903,0.29005463591045416
1326,batt_tim442,1,442,battery,0.10270960356619467,0.0,0.10270960356619467,0.13131603103700415
1327,pltd_tim443,1,443,diesel,0.022595715468001164,0.2252,-0.20260428453199886,0.04215317407006134
1328,plts_tim443,1,443,solar,0.641988188009905,0.0,0.641988188009905,0.9425488857110202
1329,batt_tim443,1,443,battery,0.329840444182238,0.0,0.329840444182238,0.427228946837015
1330,pltd_tim444,1,444,diesel,0.010171885946605971,0.0977,-0.08752811405339403,0.021620510635076504
1331,plts_tim444,1,444,solar,0.2762786888081484,0.0,0.2762786888081484,0.4050548380734842
1332,batt_tim444,1,444,battery,0.14343190891594512,0.0,0.14343190891594512,0.18338008149993756
1333,pltd_tim445,1,445,diesel,0.031157369945809702,0.2991,-0.2679426300541903,0.06622629116038894
1334,plts_tim445,1,445,solar,0.8462674414156824,0.0,0.8462674414156824,1.2407207354809142
1335,batt_tim445,1,445,battery,0.4393450851539069,0.0,0.4393450851539069,0.5617102315603015
1336,pltd_tim446,1,446,diesel,0.014054543351032222,0.1349,-0.12084545664896777,0.029873017714989937
1337,plts_tim446,1,446,solar,0.381735625473655,0.0,0.381735625473655,0.5596662517649711
1338,batt_tim446,1,446,battery,0.19818075004926416,0.0,0.19818075004926416,0.2533774621829596
1339,pltd_tim447,1,447,diesel,0.014150657006469659,0.1359,-0.12174934299353034,0.03007793467651902
1340,plts_tim447,1,447,solar,0.3843508935514893,0.0,0.3843508935514893,0.5634996163352388
1341,batt_tim447,1,447,battery,0.19953783864388633,0.0,0.19953783864388633,0.25511278348838
1342,pltd_tim448,1,448,diesel,0.011004132473757288,0.1097,-0.09869586752624272,0.02052895058745328
1343,plts_tim448,1,448,solar,0.3126513325825006,0.0,0.3126513325825006,0.4590254990004254
1344,batt_tim448,1,448,battery,0.16063358653199797,0.0,0.16063358653199797,0.20806227579843586
1345,pltd_tim449,1,449,diesel,0.014095290913774774,0.1405,-0.12640470908622525,0.026295171348811944
1346,plts_tim449,1,449,solar,0.400474082608374,0.0,0.400474082608374,0.5879651702965051
1347,batt_tim449,1,449,battery,0.20575546549879356,0.0,0.20575546549879356,0.2665066686331713
1348,pltd_tim450,1,450,diesel,0.02769193711673282,0.2659,-0.2382080628832672,0.05885924469323243
1349,plts_tim450,1,450,solar,0.7521413197506148,0.0,0.7521413197506148,1.102721793866924
1350,batt_tim450,1,450,battery,0.3904793813801847,0.0,0.3904793813801847,0.49923445013527745
1351,pltd_tim451,1,451,diesel,0.07948178401484926,0.7631,-0.6836182159851507,0.1689398854076156
1352,plts_tim451,1,451,solar,2.158812201291597,0.0,2.158812201291597,3.1650543260832626
1353,batt_tim451,1,451,battery,1.1207611606193573,0.0,1.1207611606193573,1.4329123785113287
1354,pltd_tim452,1,452,diesel,0.02509280764983538,0.2409,-0.21580719235016463,0.053335875988102806
1355,plts_tim452,1,452,solar,0.681545623744853,0.0,0.681545623744853,0.9992208359811408
1356,batt_tim452,1,452,battery,0.3538288302478614,0.0,0.3538288302478614,0.4523760690900369
1357,pltd_tim453,1,453,diesel,0.025092807649833217,0.2409,-0.2158071923501668,0.05333587598810561
1358,plts_tim453,1,453,solar,0.6815456237448454,0.0,0.6815456237448454,0.9992208359811121
1359,batt_tim453,1,453,battery,0.3538288302478601,0.0,0.3538288302478601,0.4523760690898999
1360,pltd_tim454,1,454,diesel,0.029456691803278916,0.2828,-0.2533433081967211,0.0626109374983215
1361,plts_tim454,1,454,solar,0.8000757521021042,0.0,0.8000757521021042,1.1729983696906439
1362,batt_tim454,1,454,battery,0.4153644446934643,0.0,0.4153644446934643,0.5310505827617338
1363,pltd_tim455,1,455,diesel,0.018803550233034632,0.1805,-0.16169644976696537,0.039966554143044265
1364,plts_tim455,1,455,solar,0.5107249065219555,0.0,0.5107249065219555,0.7487781502336738
1365,batt_tim455,1,455,battery,0.26514622594855086,0.0,0.26514622594855086,0.3389939453314929
1366,pltd_tim456,1,456,diesel,0.02078062742244931,0.2406,-0.2198193725775507,0.038219154061304744
1367,plts_tim456,1,456,solar,0.7002143666502038,0.0,0.7002143666502038,1.0147871159522848
1368,batt_tim456,1,456,battery,0.35216962866854784,0.0,0.35216962866854784,0.46169250255180644
1369,pltd_tim457,1,457,diesel,0.01686923112942079,0.1953,-0.1784307688705792,0.031025016184045386
1370,plts_tim457,1,457,solar,0.568420578168722,0.0,0.568420578168722,0.823784522460877
1371,batt_tim457,1,457,battery,0.28588459594950116,0.0,0.28588459594950116,0.37479320351248585
1372,pltd_tim458,1,458,diesel,0.02682071450241551,0.3105,-0.2836792854975845,0.049327530411315865
1373,plts_tim458,1,458,solar,0.9037338439152132,0.0,0.9037338439152132,1.3097384168636816
1374,batt_tim458,1,458,battery,0.4545288946068396,0.0,0.4545288946068396,0.5958848955599783
1375,pltd_tim459,1,459,diesel,0.008355025626643597,0.0967,-0.0883449743733564,0.015366141516298858
1376,plts_tim459,1,459,solar,0.281520723282785,0.0,0.281520723282785,0.40799361742668244
1377,batt_tim459,1,459,battery,0.14158925381956838,0.0,0.14158925381956838,0.1856228189309725
1378,pltd_tim460,1,460,diesel,0.014793830690581464,0.1713,-0.15650616930941855,0.027208385143857552
1379,plts_tim460,1,460,solar,0.49848793325059254,0.0,0.49848793325059254,0.7224346154360568
1380,batt_tim460,1,460,battery,0.25071239216543534,0.0,0.25071239216543534,0.32868259166208325
1381,pltd_tim461,1,461,diesel,0.025371897365749387,0.2659,-0.24052810263425065,0.047001288009218836
1382,plts_tim461,1,461,solar,0.759043064937032,0.0,0.759043064937032,1.1159159180402052
1383,batt_tim461,1,461,battery,0.38585341611046503,0.0,0.38585341611046503,0.5065972897375338
1384,pltd_tim462,1,462,diesel,0.026986460816226836,0.2668,-0.23981353918377316,0.050801995587902035
1385,plts_tim462,1,462,solar,0.7492025315668621,0.0,0.7492025315668621,1.115388451699584
1386,batt_tim462,1,462,battery,0.3838506949252115,0.0,0.3838506949252115,0.5041176744959831
1387,pltd_tim463,1,463,diesel,0.01806658582724196,0.2092,-0.19113341417275803,0.03322742763719098
1388,plts_tim463,1,463,solar,0.6087649151971224,0.0,0.6087649151971224,0.8822543473945782
1389,batt_tim463,1,463,battery,0.30617581913608233,0.0,0.30617581913608233,0.4013947958290698
1390,pltd_tim464,1,464,diesel,0.025303857151101315,0.293,-0.26769614284889864,0.046537601596911914
1391,plts_tim464,1,464,solar,0.8526302763493242,0.0,0.8526302763493242,1.2356764119408152
1392,batt_tim464,1,464,battery,0.4288269573777725,0.0,0.4288269573777725,0.5621898170168523
1393,pltd_tim465,1,465,diesel,0.013197254879171005,0.1528,-0.13960274512082899,0.024271738650911884
1394,plts_tim465,1,465,solar,0.4446949609619098,0.0,0.4446949609619098,0.6444752945165756
1395,batt_tim465,1,465,battery,0.22365766522658706,0.0,0.22365766522658706,0.2932139583751158
1396,pltd_tim466,1,466,diesel,0.04145468644962749,0.48,-0.4385453135503725,0.0762415996141876
1397,plts_tim466,1,466,solar,1.3968430964082486,0.0,1.3968430964082486,2.0243782147712666
1398,batt_tim466,1,466,battery,0.7025365087568478,0.0,0.7025365087568478,0.9210215425215142
1399,pltd_tim467,1,467,diesel,0.004470024024478178,0.0518,-0.04732997597552182,0.008221679233935148
1400,plts_tim467,1,467,solar,0.15062207095040814,0.0,0.15062207095040814,0.21828990074208776
1401,batt_tim467,1,467,battery,0.07575484114415236,0.0,0.07575484114415236,0.09931416713649463
1402,pltd_tim468,1,468,diesel,0.02096677997918485,0.2428,-0.22183322002081513,0.038561370071342776
1403,plts_tim468,1,468,solar,0.7064903318295136,0.0,0.7064903318295136,1.0238830614405798
1404,batt_tim468,1,468,battery,0.35532642648769286,0.0,0.35532642648769286,0.4658309611533077
1405,pltd_tim469,1,469,diesel,0.011387962753588258,0.1319,-0.12051203724641173,0.02094423174464357
1406,plts_tim469,1,469,solar,0.3837285885034028,0.0,0.3837285885034028,0.5561196275966737
1407,batt_tim469,1,469,battery,0.192994680316189,0.0,0.192994680316189,0.2530150137626804
1408,pltd_tim470,1,470,diesel,0.007210608856076772,0.0835,-0.07628939114392323,0.01326153450890857
1409,plts_tim470,1,470,solar,0.24296820541148145,0.0,0.24296820541148145,0.35212252391495585
1410,batt_tim470,1,470,battery,0.12219991983725399,0.0,0.12219991983725399,0.16020340863552754
1411,pltd_tim471,1,471,diesel,0.015033369966846287,0.1741,-0.15906663003315372,0.027649147679136052
1412,plts_tim471,1,471,solar,0.5065565772508965,0.0,0.5065565772508965,0.7341285338806636
1413,batt_tim471,1,471,battery,0.2547704434005464,0.0,0.2547704434005464,0.3340026391645254
1414,pltd_tim472,1,472,diesel,0.005454567982795605,0.0632,-0.057745432017204404,0.01003167160077949
1415,plts_tim472,1,472,solar,0.18379539243780724,0.0,0.18379539243780724,0.2663659463915732
1416,batt_tim472,1,472,battery,0.0924391807341546,0.0,0.0924391807341546,0.12118723167439666
1417,pltd_tim473,1,473,diesel,0.0036185170158686605,0.0419,-0.03828148298413134,0.00665496874147291
1418,plts_tim473,1,473,solar,0.12193222929031043,0.0,0.12193222929031043,0.17671097966591462
1419,batt_tim473,1,473,battery,0.06132575344358899,0.0,0.06132575344358899,0.08039770053042723
1420,pltd_tim474,1,474,diesel,0.005215099277399071,0.0604,-0.05518490072260093,0.009592036646946883
1421,plts_tim474,1,474,solar,0.17572543794163306,0.0,0.17572543794163306,0.25467109194482795
1422,batt_tim474,1,474,battery,0.08838045500176635,0.0,0.08838045500176635,0.11586622855168147
1423,pltd_tim475,1,475,diesel,0.009658443425356234,0.1118,-0.10214155657464376,0.017763398755587745
1424,plts_tim475,1,475,solar,0.3254516636614559,0.0,0.3254516636614559,0.4716618144735877
1425,batt_tim475,1,475,battery,0.16368475224870016,0.0,0.16368475224870016,0.21458983212651428
1426,pltd_tim476,1,476,diesel,0.004895894707567185,0.0567,-0.05180410529243282,0.009004051980805405
1427,plts_tim476,1,476,solar,0.16496738921864232,0.0,0.16496738921864232,0.23907932955730493
1428,batt_tim476,1,476,battery,0.08296961405697058,0.0,0.08296961405697058,0.10877271985231877
1429,pltd_tim477,1,477,diesel,0.012802991503308417,0.1229,-0.11009700849669157,0.027212695092272657
1430,plts_tim477,1,477,solar,0.3477463493479984,0.0,0.3477463493479984,0.5098335177110108
1431,batt_tim477,1,477,battery,0.18053462563681105,0.0,0.18053462563681105,0.230816749799243
1432,pltd_tim478,1,478,diesel,0.015725032304825047,0.1821,-0.16637496769517496,0.028920900302940603
1433,plts_tim478,1,478,solar,0.5298682537665538,0.0,0.5298682537665538,0.7679123789371535
1434,batt_tim478,1,478,battery,0.26649496945357803,0.0,0.26649496945357803,0.3493734790642763
1435,pltd_tim479,1,479,diesel,0.018098409490995587,0.1778,-0.15970159050900443,0.03690400783940486
1436,plts_tim479,1,479,solar,0.5121991414475953,0.0,0.5121991414475953,0.7399073515904319
1437,batt_tim479,1,479,battery,0.2601469046286582,0.0,0.2601469046286582,0.3347810805460732
1438,pltd_tim480,1,480,diesel,0.008471147404714652,0.0813,-0.07282885259528535,0.018006066920145607
1439,plts_tim480,1,480,solar,0.23008695644772587,0.0,0.23008695644772587,0.3373326569776285
1440,batt_tim480,1,480,battery,0.11945100004373664,0.0,0.11945100004373664,0.15272017931341922
1441,pltd_tim481,1,481,diesel,0.01790517746703272,0.1719,-0.15399482253296728,0.038057221162502264
1442,plts_tim481,1,481,solar,0.48632051151134686,0.0,0.48632051151134686,0.7129998047005739
1443,batt_tim481,1,481,battery,0.2524768887705049,0.0,0.2524768887705049,0.3227958460935655
1444,pltd_tim482,1,482,diesel,0.016780842258226722,0.1648,-0.14801915774177327,0.034218030956623305
1445,plts_tim482,1,482,solar,0.474916305637829,0.0,0.474916305637829,0.6860489964847958
1446,batt_tim482,1,482,battery,0.24121050335242122,0.0,0.24121050335242122,0.31041218865156456
1447,pltd_tim483,1,483,diesel,0.036133990864384014,0.3549,-0.318766009135616,0.07368107915585272
1448,plts_tim483,1,483,solar,1.0226223459945165,0.0,1.0226223459945165,1.4772485162245774
1449,batt_tim483,1,483,battery,0.5193911229738366,0.0,0.5193911229738366,0.6684007940459472
1450,pltd_tim484,1,484,diesel,0.010217273859225022,0.1183,-0.10808272614077498,0.01879146239011068
1451,plts_tim484,1,484,solar,0.34427958109310897,0.0,0.34427958109310897,0.4989477467790346
1452,batt_tim484,1,484,battery,0.1731537846595525,0.0,0.1731537846595525,0.22700377285300974
1453,pltd_tim485,1,485,diesel,0.014503644801961367,0.1392,-0.12469635519803862,0.030828415500187396
1454,plts_tim485,1,485,solar,0.39393696069685397,0.0,0.39393696069685397,0.5775544366299978
1455,batt_tim485,1,485,battery,0.20451453420257057,0.0,0.20451453420257057,0.2614754749118065
1456,pltd_tim486,1,486,diesel,0.011872636599249869,0.114,-0.10212736340075014,0.0252349003999804
1457,plts_tim486,1,486,solar,0.32247070142145257,0.0,0.32247070142145257,0.47277772252605127
1458,batt_tim486,1,486,battery,0.16741306786477708,0.0,0.16741306786477708,0.21404029382198994
1459,pltd_tim487,1,487,diesel,0.018969891701249787,0.1762,-0.1572301082987502,0.0372359891812294
1460,plts_tim487,1,487,solar,0.5119157339041892,0.0,0.5119157339041892,0.7327558617934472
1461,batt_tim487,1,487,battery,0.2565826843901836,0.0,0.2565826843901836,0.33139463150022785
1462,pltd_tim488,1,488,diesel,0.015562586144147886,0.1494,-0.13383741385585213,0.03307951357753558
1463,plts_tim488,1,488,solar,0.4226975552684035,0.0,0.4226975552684035,0.619721036807698
1464,batt_tim488,1,488,battery,0.21944606633278754,0.0,0.21944606633278754,0.28056564603207435
1465,pltd_tim489,1,489,diesel,0.012171676711452022,0.1124,-0.10022832328854797,0.025555843949511534
1466,plts_tim489,1,489,solar,0.31842425211025893,0.0,0.31842425211025893,0.46574628107774707
1467,batt_tim489,1,489,battery,0.16509016365064783,0.0,0.16509016365064783,0.21125353271185623
1468,pltd_tim490,1,490,diesel,0.008374852091380235,0.0804,-0.07202514790861976,0.017801233969199633
1469,plts_tim490,1,490,solar,0.22747259414726398,0.0,0.22747259414726398,0.33349928805643936
1470,batt_tim490,1,490,battery,0.11809356969675168,0.0,0.11809356969675168,0.15098479414040758
1471,pltd_tim491,1,491,diesel,0.016364855505316942,0.1571,-0.14073514449468305,0.034783795611386455
1472,plts_tim491,1,491,solar,0.44448691940720586,0.0,0.44448691940720586,0.6516662475180763
1473,batt_tim491,1,491,battery,0.2307582965810652,0.0,0.2307582965810652,0.2950284488296923
1474,pltd_tim492,1,492,diesel,0.0063213567902888085,0.0607,-0.05437864320971119,0.013436398665209653
1475,plts_tim492,1,492,solar,0.17169332835833892,0.0,0.17169332835833892,0.2517213535890917
1476,batt_tim492,1,492,battery,0.08913580686501557,0.0,0.08913580686501557,0.11396157321293506
1477,pltd_tim493,1,493,diesel,0.04970428312070458,0.4772,-0.42749571687929544,0.10564749016310525
1478,plts_tim493,1,493,solar,1.3500193709668935,0.0,1.3500193709668935,1.9792765246196857
1479,batt_tim493,1,493,battery,0.7008716007426298,0.0,0.7008716007426298,0.896076236306089
1480,pltd_tim494,1,494,diesel,0.017584144637914738,0.1688,-0.15121585536208526,0.03737512939409711
1481,plts_tim494,1,494,solar,0.4776054170290454,0.0,0.4776054170290454,0.7002219718617999
1482,batt_tim494,1,494,battery,0.2479521637292213,0.0,0.2479521637292213,0.3170110782777008
1483,pltd_tim495,1,495,diesel,0.03160662122733026,0.3035,-0.2718933787726697,0.06718057444738808
1484,plts_tim495,1,495,solar,0.858469186032301,0.0,0.858469186032301,1.2586099756015043
1485,batt_tim495,1,495,battery,0.44567992461911526,0.0,0.44567992461911526,0.5698094263141008
1486,pltd_tim496,1,496,diesel,0.014837254739267763,0.1479,-0.13306274526073225,0.027678639373030767
1487,plts_tim496,1,496,solar,0.4215519597232104,0.0,0.4215519597232104,0.618910876173389
1488,batt_tim496,1,496,battery,0.21658502081883457,0.0,0.21658502081883457,0.28053364861945573
1489,pltd_tim497,1,497,diesel,0.008824230071746087,0.0847,-0.07587576992825391,0.018756138377493913
1490,plts_tim497,1,497,solar,0.23967386435174307,0.0,0.23967386435174307,0.35138860966393204
1491,batt_tim497,1,497,battery,0.1244284458322494,0.0,0.1244284458322494,0.1590838379539578
1492,pltd_tim498,1,498,diesel,0.012963561331712652,0.1245,-0.11153643866828734,0.027553740118790897
1493,plts_tim498,1,498,solar,0.3521037779861269,0.0,0.3521037779861269,0.5162225864887716
1494,batt_tim498,1,498,battery,0.18279699732502666,0.0,0.18279699732502666,0.23370908859442868
1495,pltd_tim499,1,499,diesel,0.006610111843412917,0.0635,-0.05688988815658708,0.014049997086559811
1496,plts_tim499,1,499,solar,0.17953764433683123,0.0,0.17953764433683123,0.2632219681462285
1497,batt_tim499,1,499,battery,0.09320827464200114,0.0,0.09320827464200114,0.11916833067381723
1498,pltd_tim500,1,500,diesel,0.015049299469005557,0.1445,-0.12945070053099444,0.03198695863836397
1499,plts_tim500,1,500,solar,0.4087538653257177,0.0,0.4087538653257177,0.5992778934719225
1500,batt_tim500,1,500,battery,0.21220728583283116,0.0,0.21220728583283116,0.2713105629011108
1501,pltd_tim501,1,501,diesel,0.01142323206948378,0.1097,-0.09827676793051622,0.02428070357653076
1502,plts_tim501,1,501,solar,0.3102696684230278,0.0,0.3102696684230278,0.4548888522733202
1503,batt_tim501,1,501,battery,0.16107817339411698,0.0,0.16107817339411698,0.20594135092954513
1504,pltd_tim502,1,502,diesel,0.012000790931864652,0.1152,-0.10319920906813534,0.025508533572075446
1505,plts_tim502,1,502,solar,0.325957222415242,0.0,0.325957222415242,0.4778883281767998
1506,batt_tim502,1,502,battery,0.1692223770533892,0.0,0.1692223770533892,0.21635397353328276
1507,pltd_tim503,1,503,diesel,0.016108214261772308,0.1547,-0.1385917857382277,0.034237663774415165
1508,plts_tim503,1,503,solar,0.43751469710337043,0.0,0.43751469710337043,0.6414448407188791
1509,batt_tim503,1,503,battery,0.22713879962792122,0.0,0.22713879962792122,0.2904007326600804
1510,pltd_tim504,1,504,diesel,0.014054543351032955,0.1349,-0.12084545664896704,0.029873017714989993
1511,plts_tim504,1,504,solar,0.3817356254736542,0.0,0.3817356254736542,0.5596662517649784
1512,batt_tim504,1,504,battery,0.19818075004926322,0.0,0.19818075004926322,0.25337746218299806
1513,pltd_tim505,1,505,diesel,0.014696231240589835,0.1411,-0.12640376875941017,0.031237527704111017
1514,plts_tim505,1,505,solar,0.3991664399627408,0.0,0.3991664399627408,0.5852216268777094
1515,batt_tim505,1,505,battery,0.20722960830284398,0.0,0.20722960830284398,0.26494669274424515
1516,pltd_tim506,1,506,diesel,0.01520969849806357,0.146,-0.13079030150193643,0.03232829038066141
1517,plts_tim506,1,506,solar,0.41311125091701323,0.0,0.41311125091701323,0.6056665147119422
1518,batt_tim506,1,506,battery,0.21446938910927787,0.0,0.21446938910927787,0.27420276973856816
1519,pltd_tim507,1,507,diesel,0.01867524497997602,0.1793,-0.16062475502002396,0.03969408669778656
1520,plts_tim507,1,507,solar,0.5072382994344707,0.0,0.5072382994344707,0.7436670079895678
1521,batt_tim507,1,507,battery,0.2633363799364017,0.0,0.2633363799364017,0.33667996121640487
1522,pltd_tim508,1,508,diesel,0.0049415684792339185,0.0474,-0.04245843152076608,0.010503454929424663
1523,plts_tim508,1,508,solar,0.13421768235129794,0.0,0.13421768235129794,0.19677766793150758
1524,batt_tim508,1,508,battery,0.06967981810525652,0.0,0.06967981810525652,0.0890868290361963
1525,pltd_tim509,1,509,diesel,0.006321356790292334,0.0607,-0.054378643209707665,0.013436398665209173
1526,plts_tim509,1,509,solar,0.17169332835834797,0.0,0.17169332835834797,0.2517213535891076
1527,batt_tim509,1,509,battery,0.08913580686501148,0.0,0.08913580686501148,0.1139615732130206
1528,pltd_tim510,1,510,diesel,0.005262413120321242,0.0505,-0.045237586879678764,0.011185148175530223
1529,plts_tim510,1,510,solar,0.14293353149862162,0.0,0.14293353149862162,0.20955562728300625
1530,batt_tim510,1,510,battery,0.07420475655285894,0.0,0.07420475655285894,0.09487210926804551
1531,pltd_tim511,1,511,diesel,0.013156035510106636,0.1263,-0.11314396448989336,0.027963022647822362
1532,plts_tim511,1,511,solar,0.3573332142051776,0.0,0.3573332142051776,0.5238894725917203
1533,batt_tim511,1,511,battery,0.1855118030135635,0.0,0.1855118030135635,0.23718007185034898
1534,pltd_tim512,1,512,diesel,0.00725200080218744,0.0696,-0.06234799919781255,0.015413715209460586
1535,plts_tim512,1,512,solar,0.19696835076038166,0.0,0.19696835076038166,0.28877784996385986
1536,batt_tim512,1,512,battery,0.10225795646604055,0.0,0.10225795646604055,0.1307382525922144
1537,pltd_tim513,1,513,diesel,0.009947383201823885,0.0955,-0.08555261679817612,0.02114239081182786
1538,plts_tim513,1,513,solar,0.27017827992602045,0.0,0.27017827992602045,0.39611132299679597
1539,batt_tim513,1,513,battery,0.14026513271004407,0.0,0.14026513271004407,0.17933118286513092
1540,pltd_tim514,1,514,diesel,0.013926168700310713,0.1337,-0.1197738312996893,0.02960061079439033
1541,plts_tim514,1,514,solar,0.3782499672103979,0.0,0.3782499672103979,0.554555611368423
1542,batt_tim514,1,514,battery,0.19637083069651168,0.0,0.19637083069651168,0.2510635600199805
1543,pltd_tim515,1,515,diesel,0.011808406652295548,0.1134,-0.10159159334770446,0.02509906467681524
1544,plts_tim515,1,515,solar,0.32072731178404307,0.0,0.32072731178404307,0.47022154311428294
1545,batt_tim515,1,515,battery,0.16650760803515746,0.0,0.16650760803515746,0.21288277150943913
1546,pltd_tim516,1,516,diesel,0.014022478452261419,0.1346,-0.12057752154773858,0.029805056646200978
1547,plts_tim516,1,516,solar,0.38086381205191594,0.0,0.38086381205191594,0.5583882948638464
1548,batt_tim516,1,516,battery,0.19772802930203173,0.0,0.19772802930203173,0.2527985662146403
1549,pltd_tim517,1,517,diesel,0.011006244895726665,0.1057,-0.09469375510427333,0.023393354392891898
1550,plts_tim517,1,517,solar,0.29893958611580373,0.0,0.29893958611580373,0.43827816920322565
1551,batt_tim517,1,517,battery,0.15519660983483108,0.0,0.15519660983483108,0.19842146575012107
1552,pltd_tim518,1,518,diesel,0.007027192028501547,0.0675,-0.060472807971498455,0.014936524774137013
1553,plts_tim518,1,518,solar,0.19086852435592608,0.0,0.19086852435592608,0.2798336163382152
1554,batt_tim518,1,518,battery,0.09909032001937595,0.0,0.09909032001937595,0.1266887558786501
1555,pltd_tim519,1,519,diesel,0.005775882705593238,0.0555,-0.04972411729440676,0.012276777107905583
1556,plts_tim519,1,519,solar,0.15687754474103968,0.0,0.15687754474103968,0.22999984981687355
1557,batt_tim519,1,519,battery,0.08144405554120338,0.0,0.08144405554120338,0.10412753372135038
1558,pltd_tim520,1,520,diesel,0.016621460416471365,0.1596,-0.14297853958352863,0.035330489393450806
1559,plts_tim520,1,520,solar,0.4514583009523688,0.0,0.4514583009523688,0.661886965139896
1560,batt_tim520,1,520,battery,0.23437704330434414,0.0,0.23437704330434414,0.2996552124836422
1561,pltd_tim521,1,521,diesel,0.012363042340056073,0.1282,-0.11583695765994394,0.02442333402158394
1562,plts_tim521,1,521,solar,0.3737849004985403,0.0,0.3737849004985403,0.5360536578705208
1563,batt_tim521,1,521,battery,0.1874731995761258,0.0,0.1874731995761258,0.24367583933555306
1564,pltd_tim522,1,522,diesel,0.01046089096220947,0.1084,-0.09793910903779053,0.020665295941510918
1565,plts_tim522,1,522,solar,0.3162799923761439,0.0,0.3162799923761439,0.4535845270615037
1566,batt_tim522,1,522,battery,0.15863154123786755,0.0,0.15863154123786755,0.20618779551572278
1567,pltd_tim523,1,523,diesel,0.004716892452644834,0.0453,-0.04058310754735517,0.010026363318255566
1568,plts_tim523,1,523,solar,0.12811666991653836,0.0,0.12811666991653836,0.1878326244963864
1569,batt_tim523,1,523,battery,0.06651227333434424,0.0,0.06651227333434424,0.08503718568867144
1570,pltd_tim524,1,524,diesel,0.010252820138401703,0.1063,-0.0960471798615983,0.020254266727576405
1571,plts_tim524,1,524,solar,0.30999016859722944,0.0,0.30999016859722944,0.4445644103448232
1572,batt_tim524,1,524,battery,0.15547699267684764,0.0,0.15547699267684764,0.20208749278999202
1573,pltd_tim525,1,525,diesel,0.009450470043152644,0.098,-0.08854952995684737,0.018668186715524834
1574,plts_tim525,1,525,solar,0.2857310400440813,0.0,0.2857310400440813,0.40977353671141675
1575,batt_tim525,1,525,battery,0.14330986578462102,0.0,0.14330986578462102,0.18627285238949762
1576,pltd_tim526,1,526,diesel,0.008160549466827446,0.0813,-0.07313945053317256,0.01522384669623995
1577,plts_tim526,1,526,solar,0.23185312927301982,0.0,0.23185312927301982,0.340400290759339
1578,batt_tim526,1,526,battery,0.11912130736378315,0.0,0.11912130736378315,0.15429292693920993
1579,pltd_tim527,1,527,diesel,0.007974911791023796,0.0795,-0.07152508820897621,0.014877631901445277
1580,plts_tim527,1,527,solar,0.22658359470247347,0.0,0.22658359470247347,0.3326641138944546
1581,batt_tim527,1,527,battery,0.11641426330890678,0.0,0.11641426330890678,0.15078664655670757
1582,pltd_tim528,1,528,diesel,0.007727610972066475,0.077,-0.06927238902793352,0.014416025441364706
1583,plts_tim528,1,528,solar,0.21955809187869355,0.0,0.21955809187869355,0.32234935821642835
1584,batt_tim528,1,528,battery,0.11280473821060602,0.0,0.11280473821060602,0.14611131486599485
1585,pltd_tim529,1,529,diesel,0.024739805415724136,0.2375,-0.21276019458427586,0.05258456948981117
1586,plts_tim529,1,529,solar,0.6719600740584726,0.0,0.6719600740584726,0.9851664534337579
1587,batt_tim529,1,529,battery,0.34885236643067064,0.0,0.34885236643067064,0.4460137541534631
1588,pltd_tim530,1,530,diesel,0.012745251050948408,0.1476,-0.1348547489490516,0.023440947520442304
1589,plts_tim530,1,530,solar,0.42945240117216843,0.0,0.42945240117216843,0.622385079998607
1590,batt_tim530,1,530,battery,0.21599113964762828,0.0,0.21599113964762828,0.28316317866263
1591,pltd_tim531,1,531,diesel,0.01833001227966816,0.1827,-0.16436998772033184,0.034194514954190354
1592,plts_tim531,1,531,solar,0.5207918931486702,0.0,0.5207918931486702,0.7646131376869129
1593,batt_tim531,1,531,battery,0.2675730334674175,0.0,0.2675730334674175,0.346576244992763
1594,pltd_tim532,1,532,diesel,0.02228658687976935,0.2221,-0.19981341312023065,0.0415764131344224
1595,plts_tim532,1,532,solar,0.633205999852236,0.0,0.633205999852236,0.9296553949811242
1596,batt_tim532,1,532,battery,0.32532849406562003,0.0,0.32532849406562003,0.42138475849905965
1597,pltd_tim533,1,533,diesel,0.005807960182763871,0.0558,-0.04999203981723613,0.012345268236745035
1598,plts_tim533,1,533,solar,0.15774879765697206,0.0,0.15774879765697206,0.2312771495580249
1599,batt_tim533,1,533,battery,0.08189627613519732,0.0,0.08189627613519732,0.10470572931614328
1600,pltd_tim534,1,534,diesel,0.008374852091384891,0.0804,-0.07202514790861511,0.017801233969199
1601,plts_tim534,1,534,solar,0.22747259414727633,0.0,0.22747259414727633,0.33349928805646195
1602,batt_tim534,1,534,battery,0.11809356969674698,0.0,0.11809356969674698,0.15098479414052543
1603,pltd_tim535,1,535,diesel,0.012138562537463612,0.1121,-0.0999614374625364,0.02548681380354628
1604,plts_tim535,1,535,solar,0.31755078874743686,0.0,0.31755078874743686,0.464469051450401
1605,batt_tim535,1,535,battery,0.16463712706814637,0.0,0.16463712706814637,0.21067375891543721
1606,pltd_tim536,1,536,diesel,0.00879221222355243,0.0844,-0.07560778777644757,0.018688053109793306
1607,plts_tim536,1,536,solar,0.23880228813606894,0.0,0.23880228813606894,0.3501104588496931
1608,batt_tim536,1,536,battery,0.12397570674987522,0.0,0.12397570674987522,0.15850494894514602
1609,pltd_tim537,1,537,diesel,0.010396459963554906,0.0998,-0.0894035400364451,0.02209798054846529
1610,plts_tim537,1,537,solar,0.282379895402103,0.0,0.282379895402103,0.41399979407554444
1611,batt_tim537,1,537,battery,0.14659916693993902,0.0,0.14659916693993902,0.1874295677684023
1612,pltd_tim538,1,538,diesel,0.006770689594581754,0.065,-0.05822931040541825,0.014390431325456804
1613,plts_tim538,1,538,solar,0.18389610789285687,0.0,0.18389610789285687,0.2696118016148496
1614,batt_tim538,1,538,battery,0.09547110981315916,0.0,0.09547110981315916,0.12206126612722323
1615,pltd_tim539,1,539,diesel,0.008440036145156765,0.0875,-0.07905996385484323,0.016672905452291973
1616,plts_tim539,1,539,solar,0.2551811350401997,0.0,0.2551811350401997,0.3659606969742255
1617,batt_tim539,1,539,battery,0.12798715458647128,0.0,0.12798715458647128,0.16635653414237808
1618,pltd_tim540,1,540,diesel,0.011052360147416411,0.1235,-0.11244763985258359,0.02310563346297287
1619,plts_tim540,1,540,solar,0.35389275146086263,0.0,0.35389275146086263,0.517004385083952
1620,batt_tim540,1,540,battery,0.1792013516554285,0.0,0.1792013516554285,0.23402173621466243
1621,pltd_tim541,1,541,diesel,0.01819386482803569,0.1747,-0.1565061351719643,0.03867123477631669
1622,plts_tim541,1,541,solar,0.4941644611432354,0.0,0.4941644611432354,0.7244993487718555
1623,batt_tim541,1,541,battery,0.2565485696473385,0.0,0.2565485696473385,0.32800175815519045
1624,pltd_tim542,1,542,diesel,0.015269263475977336,0.1707,-0.15543073652402264,0.03192137551191662
1625,plts_tim542,1,542,solar,0.4889194039394228,0.0,0.4889194039394228,0.714265362008168
1626,batt_tim542,1,542,battery,0.24757500624370074,0.0,0.24757500624370074,0.32331198495738445
1627,pltd_tim543,1,543,diesel,0.012457653009710622,0.1392,-0.12674234699028936,0.026043462904354
1628,plts_tim543,1,543,solar,0.39890209376200997,0.0,0.39890209376200997,0.5827586426889789
1629,batt_tim543,1,543,battery,0.20199297067814545,0.0,0.20199297067814545,0.26378573618262613
1630,pltd_tim544,1,544,diesel,0.013450154655522278,0.1503,-0.13684984534447772,0.028118173828073967
1631,plts_tim544,1,544,solar,0.4306725134396036,0.0,0.4306725134396036,0.6291726764737677
1632,batt_tim544,1,544,battery,0.21808088881700166,0.0,0.21808088881700166,0.28479504534461925
1633,pltd_tim545,1,545,diesel,0.012749236662641767,0.1322,-0.11945076333735824,0.025186346982005788
1634,plts_tim545,1,545,solar,0.38546579914282286,0.0,0.38546579914282286,0.5528058308051239
1635,batt_tim545,1,545,battery,0.19333196835684474,0.0,0.19333196835684474,0.25129100246412567
1636,pltd_tim546,1,546,diesel,0.009012625563299865,0.1007,-0.09168737443670014,0.018841688551213123
1637,plts_tim546,1,546,solar,0.2885857748829645,0.0,0.2885857748829645,0.4215967564386957
1638,batt_tim546,1,546,battery,0.14613168759392794,0.0,0.14613168759392794,0.19083570297470806
1639,pltd_tim547,1,547,diesel,0.015324314299472501,0.1713,-0.1559756857005275,0.03203637850275053
1640,plts_tim547,1,547,solar,0.49068414518618525,0.0,0.49068414518618525,0.7168438476073824
1641,batt_tim547,1,547,battery,0.24846899269268768,0.0,0.24846899269268768,0.3244793865108819
1642,pltd_tim548,1,548,diesel,0.010601697556452946,0.1041,-0.09349830244354705,0.021618104873269494
1643,plts_tim548,1,548,solar,0.30004035836227944,0.0,0.30004035836227944,0.4334286275080596
1644,batt_tim548,1,548,battery,0.15239081335514376,0.0,0.15239081335514376,0.19611075537123257
1645,pltd_tim549,1,549,diesel,0.02791605965423596,0.2742,-0.24628394034576404,0.056924331501695305
1646,plts_tim549,1,549,solar,0.7900464328792005,0.0,0.7900464328792005,1.1412764097578887
1647,batt_tim549,1,549,battery,0.40126549129469563,0.0,0.40126549129469563,0.5163857333175386
1648,pltd_tim550,1,550,diesel,0.013487488011583134,0.1325,-0.11901251198841688,0.027502489699685845
1649,plts_tim550,1,550,solar,0.38170781969743595,0.0,0.38170781969743595,0.5514038148040166
1650,batt_tim550,1,550,battery,0.19387011930303227,0.0,0.19387011930303227,0.24949004588800514
1651,pltd_tim551,1,551,diesel,0.0085629392615813,0.0841,-0.07553706073841869,0.01746070613872542
1652,plts_tim551,1,551,solar,0.24234039252256317,0.0,0.24234039252256317,0.3500771507324676
1653,batt_tim551,1,551,battery,0.12308487167328501,0.0,0.12308487167328501,0.15839714404455246
1654,pltd_tim552,1,552,diesel,0.014407487830671752,0.1383,-0.12389251216932826,0.030623065434686538
1655,plts_tim552,1,552,solar,0.39132324499586024,0.0,0.39132324499586024,0.5737226394976532
1656,batt_tim552,1,552,battery,0.20315814083233044,0.0,0.20315814083233044,0.25974112459112253
1657,pltd_tim553,1,553,diesel,0.010319376412096352,0.1014,-0.09108062358790366,0.021042382279073263
1658,plts_tim553,1,553,solar,0.2920511855485616,0.0,0.2920511855485616,0.4218882508864813
1659,batt_tim553,1,553,battery,0.14833347857944995,0.0,0.14833347857944995,0.19088932994004187
1660,pltd_tim554,1,554,diesel,0.020356618167017313,0.1999,-0.17954338183298268,0.04150947116241702
1661,plts_tim554,1,554,solar,0.5761132661839745,0.0,0.5761132661839745,0.8322350952172333
1662,batt_tim554,1,554,battery,0.29260853174810786,0.0,0.29260853174810786,0.3765559354374928
1663,pltd_tim555,1,555,diesel,0.005677449858287618,0.0558,-0.05012255014171239,0.01157720760868686
1664,plts_tim555,1,555,solar,0.1606718953482483,0.0,0.1606718953482483,0.2321017444680089
1665,batt_tim555,1,555,battery,0.08160535011182651,0.0,0.08160535011182651,0.10501725676550697
1666,pltd_tim556,1,556,diesel,0.01636485550532401,0.1571,-0.14073514449467597,0.03478379561138194
1667,plts_tim556,1,556,solar,0.4444869194072317,0.0,0.4444869194072317,0.6516662475181404
1668,batt_tim556,1,556,battery,0.23075829658106078,0.0,0.23075829658106078,0.2950284488300173
1669,pltd_tim557,1,557,diesel,0.017254468818385684,0.1482,-0.1309455311816143,0.034228885248694475
1670,plts_tim557,1,557,solar,0.4271296472970713,0.0,0.4271296472970713,0.6130125704328003
1671,batt_tim557,1,557,battery,0.21729236931391352,0.0,0.21729236931391352,0.2772871804966536
1672,pltd_tim558,1,558,diesel,0.017878933527620905,0.1756,-0.1577210664723791,0.03645700599345083
1673,plts_tim558,1,558,solar,0.505985343127879,0.0,0.505985343127879,0.7309306191965689
1674,batt_tim558,1,558,battery,0.25699038443630146,0.0,0.25699038443630146,0.33071910519723957
1675,pltd_tim559,1,559,diesel,0.010364396925014004,0.0995,-0.089135603074986,0.022029584984431735
1676,plts_tim559,1,559,solar,0.28150812502720435,0.0,0.28150812502720435,0.41272197837288666
1677,batt_tim559,1,559,battery,0.14614671460447265,0.0,0.14614671460447265,0.18685106691469883
1678,pltd_tim560,1,560,diesel,0.016185082578025988,0.159,-0.14281491742197402,0.03300310800112706
1679,plts_tim560,1,560,solar,0.45804965392904373,0.0,0.45804965392904373,0.6616843708181539
1680,batt_tim560,1,560,battery,0.23264396547484611,0.0,0.23264396547484611,0.2993878293561404
1681,pltd_tim561,1,561,diesel,0.012578403515331937,0.1208,-0.10822159648466807,0.026736175547918968
1682,plts_tim561,1,561,solar,0.3416448194542812,0.0,0.3416448194542812,0.5008884536715397
1683,batt_tim561,1,561,battery,0.1773668491244291,0.0,0.1773668491244291,0.22676662546102858
1684,pltd_tim562,1,562,diesel,0.009547824984582549,0.0786,-0.06905217501541745,0.023476794366631134
1685,plts_tim562,1,562,solar,0.22179381225954412,0.0,0.22179381225954412,0.3188454593531145
1686,batt_tim562,1,562,battery,0.111833770647372,0.0,0.111833770647372,0.14253934602776636
1687,pltd_tim563,1,563,diesel,0.014334338746655453,0.1408,-0.12646566125334455,0.029229470966112815
1688,plts_tim563,1,563,solar,0.4056755179587727,0.0,0.4056755179587727,0.5860264873398845
1689,batt_tim563,1,563,battery,0.2060432008433205,0.0,0.2060432008433205,0.2651555098415367
1690,pltd_tim564,1,564,diesel,0.007182801170067853,0.0705,-0.06331719882993214,0.014646682335422944
1691,plts_tim564,1,564,solar,0.20328209230870659,0.0,0.20328209230870659,0.29365479394750005
1692,batt_tim564,1,564,battery,0.10324711720710872,0.0,0.10324711720710872,0.13286803130424307
1693,pltd_tim565,1,565,diesel,0.007187729867195043,0.069,-0.061812270132804964,0.015277735109361357
1694,plts_tim565,1,565,solar,0.19522571578800038,0.0,0.19522571578800038,0.2862221229576562
1695,batt_tim565,1,565,battery,0.10135271004274242,0.0,0.10135271004274242,0.12958117058196172
1696,pltd_tim566,1,566,diesel,0.019435750491790155,0.2015,-0.18206424950820985,0.03839451360208652
1697,plts_tim566,1,566,solar,0.5876347241865802,0.0,0.5876347241865802,0.8427405086978983
1698,batt_tim566,1,566,battery,0.29473052125994287,0.0,0.29473052125994287,0.3830880400857397
1699,pltd_tim567,1,567,diesel,0.005468333607947358,0.0567,-0.05123166639205264,0.010803269594628096
1700,plts_tim567,1,567,solar,0.16532722083367718,0.0,0.16532722083367718,0.23709978161555406
1701,batt_tim567,1,567,battery,0.08292031237773155,0.0,0.08292031237773155,0.10777902460783678
1702,pltd_tim568,1,568,diesel,0.008202315069358548,0.085,-0.07679768493064146,0.01620347669838609
1703,plts_tim568,1,568,solar,0.24799293452295623,0.0,0.24799293452295623,0.3556517270307659
1704,batt_tim568,1,568,battery,0.12438144246019266,0.0,0.12438144246019266,0.1616699801615769
1705,pltd_tim569,1,569,diesel,0.024666429574026347,0.2557,-0.23103357042597364,0.04872811385920659
1706,plts_tim569,1,569,solar,0.7457740929929796,0.0,0.7457740929929796,1.0695315306291606
1707,batt_tim569,1,569,battery,0.3740456462566178,0.0,0.3740456462566178,0.48618109784124025
1708,pltd_tim570,1,570,diesel,0.007815952385609469,0.081,-0.07318404761439054,0.015439693355882304
1709,plts_tim570,1,570,solar,0.23631212868074308,0.0,0.23631212868074308,0.3389005255291749
1710,batt_tim570,1,570,battery,0.11852321216907387,0.0,0.11852321216907387,0.15405542208188064
1711,pltd_tim571,1,571,diesel,0.007989913517564942,0.0767,-0.06871008648243507,0.01698215889882887
1712,plts_tim571,1,571,solar,0.21701479967388748,0.0,0.21701479967388748,0.3181672820969518
1713,batt_tim571,1,571,battery,0.11266469021439014,0.0,0.11266469021439014,0.14404371609565877
1714,pltd_tim572,1,572,diesel,0.024967271978212323,0.2144,-0.18943272802178768,0.049528891581689403
1715,plts_tim572,1,572,solar,0.6180501832424832,0.0,0.6180501832424832,0.8870205530737103
1716,batt_tim572,1,572,battery,0.31441909378939764,0.0,0.31441909378939764,0.4012306591067515
1717,pltd_tim573,1,573,diesel,0.005069904469734834,0.0487,-0.043630095530265166,0.010776355878344648
1718,plts_tim573,1,573,solar,0.13770329756767413,0.0,0.13770329756767413,0.20188818668312122
1719,batt_tim573,1,573,battery,0.071489469046236,0.0,0.071489469046236,0.09140052047194368
1720,pltd_tim574,1,574,diesel,0.00728394786009681,0.0699,-0.06261605213990319,0.015482507555779224
1721,plts_tim574,1,574,solar,0.19783999199473257,0.0,0.19783999199473257,0.29005463591042363
1722,batt_tim574,1,574,battery,0.10270960356618986,0.0,0.10270960356618986,0.1313160310368414
1723,pltd_tim575,1,575,diesel,0.004304702448728149,0.037,-0.032695297551271846,0.00853937190455342
1724,plts_tim575,1,575,solar,0.10656066840343928,0.0,0.10656066840343928,0.15293518167055165
1725,batt_tim575,1,575,battery,0.05421049164933251,0.0,0.05421049164933251,0.06917805573204637
1726,pltd_tim576,1,576,diesel,0.020889203127096943,0.2006,-0.17971079687290306,0.04440141491386198
1727,plts_tim576,1,576,solar,0.5673738728499176,0.0,0.5673738728499176,0.8318319408432907
1728,batt_tim576,1,576,battery,0.2945555141498723,0.0,0.2945555141498723,0.3765943533874748
1729,pltd_tim577,1,577,diesel,0.011294953365870608,0.1084,-0.09710504663412939,0.02400781627460821
1730,plts_tim577,1,577,solar,0.30678282412948304,0.0,0.30678282412948304,0.44977734340659
1731,batt_tim577,1,577,battery,0.15926834571710236,0.0,0.15926834571710236,0.20362730700279505
1732,pltd_tim578,1,578,diesel,0.013444817580250568,0.1291,-0.11565518241974942,0.028577346946741265
1733,plts_tim578,1,578,solar,0.3651764522189135,0.0,0.3651764522189135,0.5353883209023866
1734,batt_tim578,1,578,battery,0.18958353889583882,0.0,0.18958353889583882,0.24238587328753464
1735,pltd_tim579,1,579,diesel,0.012778933762280039,0.1325,-0.11972106623771997,0.025244112115514118
1736,plts_tim579,1,579,solar,0.38636545432705066,0.0,0.38636545432705066,0.5540954602866909
1737,batt_tim579,1,579,battery,0.1937830631982321,0.0,0.1937830631982321,0.25187753253704315
1738,pltd_tim580,1,580,diesel,0.011471246952276554,0.1189,-0.10742875304772345,0.022660824501385127
1739,plts_tim580,1,580,solar,0.34682989737999825,0.0,0.34682989737999825,0.49739701483434384
1740,batt_tim580,1,580,battery,0.17395425243600748,0.0,0.17395425243600748,0.22610403982568206
1741,pltd_tim581,1,581,diesel,0.012129228931999884,0.1165,-0.10437077106800012,0.02578115313313051
1742,plts_tim581,1,581,solar,0.329442643472404,0.0,0.329442643472404,0.48299914945066125
1743,batt_tim581,1,581,battery,0.1710323147412909,0.0,0.1710323147412909,0.21866778142829288
1744,pltd_tim582,1,582,diesel,0.0053790694664384,0.0558,-0.0504209305335616,0.010626594229841345
1745,plts_tim582,1,582,solar,0.16263241542603993,0.0,0.16263241542603993,0.23323474154920615
1746,batt_tim582,1,582,battery,0.08156870639554727,0.0,0.08156870639554727,0.10602226695866795
1747,pltd_tim583,1,583,diesel,0.010460890962207767,0.1084,-0.09793910903779222,0.020665295941510477
1748,plts_tim583,1,583,solar,0.31627999237616605,0.0,0.31627999237616605,0.45358452706155367
1749,batt_tim583,1,583,battery,0.1586315412378662,0.0,0.1586315412378662,0.2061877955159998
1750,pltd_tim584,1,584,diesel,0.019284866880909482,0.1852,-0.1659151331190905,0.040990315978119696
1751,plts_tim584,1,584,solar,0.5237976238015762,0.0,0.5237976238015762,0.7679448275421387
1752,batt_tim584,1,584,battery,0.2719330359311323,0.0,0.2719330359311323,0.3476709974284541
1753,pltd_tim585,1,585,diesel,0.023120933611528064,0.2397,-0.21657906638847194,0.045674994248552245
1754,plts_tim585,1,585,solar,0.6990509397090959,0.0,0.6990509397090959,1.0025249265788765
1755,batt_tim585,1,585,battery,0.35061163436815007,0.0,0.35061163436815007,0.45572179148956965
1756,pltd_tim586,1,586,diesel,0.0205948542900071,0.2135,-0.1929051457099929,0.04068433653225621
1757,plts_tim586,1,586,solar,0.6226770252272178,0.0,0.6226770252272178,0.8929951028961294
1758,batt_tim586,1,586,battery,0.31230603361248904,0.0,0.31230603361248904,0.40593252419692094
1759,pltd_tim587,1,587,diesel,0.017444743712977075,0.1808,-0.1633552562870229,0.034461899787824324
1760,plts_tim587,1,587,solar,0.5274327331378091,0.0,0.5274327331378091,0.7564031840980907
1761,batt_tim587,1,587,battery,0.264536020673685,0.0,0.264536020673685,0.3438414527246066
1762,pltd_tim588,1,588,diesel,0.015504441206445407,0.1328,-0.11729555879355459,0.02952455827803622
1763,plts_tim588,1,588,solar,0.3855605655157245,0.0,0.3855605655157245,0.5508213597756226
1764,batt_tim588,1,588,battery,0.19462663790276877,0.0,0.19462663790276877,0.25058423789119755
1765,pltd_tim589,1,589,diesel,0.012877320516371797,0.1066,-0.0937226794836282,0.025501812047453075
1766,plts_tim589,1,589,solar,0.3052680551442295,0.0,0.3052680551442295,0.44021372158928834
1767,batt_tim589,1,589,battery,0.15730099991907104,0.0,0.15730099991907104,0.20018885635161493
1768,pltd_tim590,1,590,diesel,0.02087920131577246,0.1728,-0.15192079868422756,0.04134904871558956
1769,plts_tim590,1,590,solar,0.4949577419620493,0.0,0.4949577419620493,0.7137555248820217
1770,batt_tim590,1,590,battery,0.25504481997862233,0.0,0.25504481997862233,0.32458247944978724
1771,pltd_tim591,1,591,diesel,0.013453923473597626,0.1152,-0.10174607652640237,0.025619829722243977
1772,plts_tim591,1,591,solar,0.3345704752564212,0.0,0.3345704752564212,0.4779748866912172
1773,batt_tim591,1,591,battery,0.16888693291545717,0.0,0.16888693291545717,0.21744423517463465
1774,pltd_tim592,1,592,diesel,0.012642658151492008,0.1214,-0.108757341848508,0.026872356306634777
1775,plts_tim592,1,592,solar,0.3433879288387993,0.0,0.3433879288387993,0.503444327315844
1776,batt_tim592,1,592,battery,0.1782720588774245,0.0,0.1782720588774245,0.22792386133157974
1777,pltd_tim593,1,593,diesel,0.009712714179906176,0.0832,-0.07348728582009383,0.018495407683948674
1778,plts_tim593,1,593,solar,0.24153479560507257,0.0,0.24153479560507257,0.345062244297354
1779,batt_tim593,1,593,battery,0.12192389028837891,0.0,0.12192389028837891,0.15697858086879168
1780,pltd_tim594,1,594,diesel,0.04777251397114203,0.4091,-0.361327486028858,0.09096948472874143
1781,plts_tim594,1,594,solar,1.1879929503508495,0.0,1.1879929503508495,1.6971956612236885
1782,batt_tim594,1,594,battery,0.5996854210153216,0.0,0.5996854210153216,0.7721025992877807
1783,pltd_tim595,1,595,diesel,0.009964722055442077,0.0853,-0.07533527794455792,0.018974526533526704
1784,plts_tim595,1,595,solar,0.24779653722435238,0.0,0.24779653722435238,0.3540085566646258
1785,batt_tim595,1,595,battery,0.1250851936370684,0.0,0.1250851936370684,0.1610486502043482
1786,pltd_tim596,1,596,diesel,0.01336100451931962,0.1106,-0.09723899548068038,0.026460357535949483
1787,plts_tim596,1,596,solar,0.3167376850691731,0.0,0.3167376850691731,0.45675282028149217
1788,batt_tim596,1,596,battery,0.16321062849123721,0.0,0.16321062849123721,0.20770987145282316
1789,pltd_tim597,1,597,diesel,0.007806231017207571,0.0669,-0.05909376898279243,0.014864804362282059
1790,plts_tim597,1,597,solar,0.1941222710559425,0.0,0.1941222710559425,0.27732797840757695
1791,batt_tim597,1,597,battery,0.09799080449326342,0.0,0.09799080449326342,0.1261642973299538
1792,pltd_tim598,1,598,diesel,0.007914140535764384,0.0678,-0.059885859464235615,0.015070603651833188
1793,plts_tim598,1,598,solar,0.196805672358883,0.0,0.196805672358883,0.2811615282303441
1794,batt_tim598,1,598,battery,0.09934527602048118,0.0,0.09934527602048118,0.12790826698923116
1795,pltd_tim599,1,599,diesel,0.00856163835734014,0.0733,-0.06473836164265986,0.016303335233820004
1796,plts_tim599,1,599,solar,0.2129083372574201,0.0,0.2129083372574201,0.3041661319485385
1797,batt_tim599,1,599,battery,0.10747383512005107,0.0,0.10747383512005107,0.13837389305742037
1798,pltd_tim600,1,600,diesel,0.0049282812734414054,0.0422,-0.03727171872655859,0.009384773301321337
1799,plts_tim600,1,600,solar,0.1225559705412097,0.0,0.1225559705412097,0.17508650945602905
1800,batt_tim600,1,600,battery,0.06186472728600648,0.0,0.06186472728600648,0.07965163474800992
1801,pltd_tim601,1,601,diesel,0.011871045572591473,0.1017,-0.08982895442740853,0.022605562558497928
1802,plts_tim601,1,601,solar,0.2952092610636947,0.0,0.2952092610636947,0.4217427543306502
1803,batt_tim601,1,601,battery,0.149017992485831,0.0,0.149017992485831,0.1918626794625402
1804,pltd_tim602,1,602,diesel,0.009496875734937122,0.0813,-0.07180312426506287,0.018084646290899013
1805,plts_tim602,1,602,solar,0.2361668865505023,0.0,0.2361668865505023,0.3373937388035921
1806,batt_tim602,1,602,battery,0.11921421644919454,0.0,0.11921421644919454,0.15348977069953643
1807,pltd_tim603,1,603,diesel,0.009065286649569074,0.0776,-0.06853471335043093,0.017262041360633203
1808,plts_tim603,1,603,solar,0.2254324625495835,0.0,0.2254324625495835,0.32205819777475825
1809,batt_tim603,1,603,battery,0.1137958493446776,0.0,0.1137958493446776,0.14651353314236268
1810,pltd_tim604,1,604,diesel,0.004496702627161683,0.0385,-0.03400329737283832,0.00856279620347435
1811,plts_tim604,1,604,solar,0.1118217900139831,0.0,0.1118217900139831,0.15975124989552386
1812,batt_tim604,1,604,battery,0.05644634160191547,0.0,0.05644634160191547,0.07267537956162755
1813,pltd_tim605,1,605,diesel,0.01874203920834084,0.1605,-0.14175796079165917,0.03568851534368141
1814,plts_tim605,1,605,solar,0.4660729828496425,0.0,0.4660729828496425,0.6658430802762265
1815,batt_tim605,1,605,battery,0.2352684156693593,0.0,0.2352684156693593,0.30291113770286654
1816,pltd_tim606,1,606,diesel,0.010288380744067469,0.0881,-0.07781161925593252,0.019591491374526173
1817,plts_tim606,1,606,solar,0.2558470729749169,0.0,0.2558470729749169,0.3655097177016034
1818,batt_tim606,1,606,battery,0.12914912637353615,0.0,0.12914912637353615,0.1662809919759603
1819,pltd_tim607,1,607,diesel,0.016116948997397643,0.1488,-0.13268305100260236,0.03539507960527885
1820,plts_tim607,1,607,solar,0.42452073799051404,0.0,0.42452073799051404,0.6146626852254967
1821,batt_tim607,1,607,battery,0.21896482764083045,0.0,0.21896482764083045,0.27912835755363286
1822,pltd_tim608,1,608,diesel,0.005252130103454112,0.045,-0.039747869896545884,0.010001111921750188
1823,plts_tim608,1,608,solar,0.13060761274108326,0.0,0.13060761274108326,0.18658946741358082
1824,batt_tim608,1,608,battery,0.0659293908077335,0.0,0.0659293908077335,0.08488489648370444
1825,pltd_tim609,1,609,diesel,0.006631605826508497,0.0496,-0.0429683941734915,0.016394852220716533
1826,plts_tim609,1,609,solar,0.13891363420255404,0.0,0.13891363420255404,0.1994761591570786
1827,batt_tim609,1,609,battery,0.0690336234456231,0.0,0.0690336234456231,0.08855321312469087
1828,pltd_tim610,1,610,diesel,0.011161984218989063,0.0835,-0.07233801578101094,0.027590972828394497
1829,plts_tim610,1,610,solar,0.23382820289817224,0.0,0.23382820289817224,0.33577092712478035
1830,batt_tim610,1,610,battery,0.11620337839960553,0.0,0.11620337839960553,0.1490604728963051
1831,pltd_tim611,1,611,diesel,0.010360328566094933,0.0887,-0.07833967143390506,0.01972804218113978
1832,plts_tim611,1,611,solar,0.25763750468856633,0.0,0.25763750468856633,0.36806698913839664
1833,batt_tim611,1,611,battery,0.13005271775594437,0.0,0.13005271775594437,0.16744444960499108
1834,pltd_tim612,1,612,diesel,0.01248274733064384,0.1069,-0.09441725266935616,0.023769896337069857
1835,plts_tim612,1,612,solar,0.3104168760276174,0.0,0.3104168760276174,0.44346923231311686
1836,batt_tim612,1,612,battery,0.15669501497273192,0.0,0.15669501497273192,0.20174682686189918
1837,pltd_tim613,1,613,diesel,0.011691310797659572,0.1001,-0.08840868920234042,0.022262966295102004
1838,plts_tim613,1,613,solar,0.29073567152238156,0.0,0.29073567152238156,0.41535218195256496
1839,batt_tim613,1,613,battery,0.14675991099790522,0.0,0.14675991099790522,0.18895526713082947
1840,pltd_tim614,1,614,diesel,0.008489632498155143,0.0727,-0.06421036750184486,0.016166244766417877
1841,plts_tim614,1,614,solar,0.2111191670991287,0.0,0.2111191670991287,0.301609789783243
1842,batt_tim614,1,614,battery,0.10657041920922765,0.0,0.10657041920922765,0.13721082245640515
1843,pltd_tim615,1,615,diesel,0.0103962022994164,0.089,-0.0786037977005836,0.019797089252722968
1844,plts_tim615,1,615,solar,0.2585316916484253,0.0,0.2585316916484253,0.3693442055839781
1845,batt_tim615,1,615,battery,0.13050350500447727,0.0,0.13050350500447727,0.1680249982698901
1846,pltd_tim616,1,616,diesel,0.016172344526914618,0.1553,-0.13912765547308537,0.034374699832955075
1847,plts_tim616,1,616,solar,0.4392574831881513,0.0,0.4392574831881513,0.6439998176651097
1848,batt_tim616,1,616,battery,0.22804349089253087,0.0,0.22804349089253087,0.29155748899626144
1849,pltd_tim617,1,617,diesel,0.01784278168973793,0.1528,-0.13495721831026206,0.03397639636262046
1850,plts_tim617,1,617,solar,0.44370842122639487,0.0,0.44370842122639487,0.6338926603228939
1851,batt_tim617,1,617,battery,0.22397910853527075,0.0,0.22397910853527075,0.28837594213599654
1852,pltd_tim618,1,618,diesel,0.015648337658282958,0.134,-0.11835166234171705,0.029798274910271136
1853,plts_tim618,1,618,solar,0.3891387732795862,0.0,0.3891387732795862,0.5559330797585141
1854,batt_tim618,1,618,battery,0.19643266462226575,0.0,0.19643266462226575,0.25290954619225403
1855,pltd_tim619,1,619,diesel,0.016717789734384345,0.1605,-0.14378221026561566,0.03553342900997043
1856,plts_tim619,1,619,solar,0.45407430172337965,0.0,0.45407430172337965,0.6657225163067855
1857,batt_tim619,1,619,battery,0.23573570569927846,0.0,0.23573570569927846,0.30139218967815923
1858,pltd_tim620,1,620,diesel,0.01787295139724285,0.1716,-0.15372704860275715,0.037989715968451965
1859,plts_tim620,1,620,solar,0.48544837478985886,0.0,0.48544837478985886,0.7117205469942186
1860,batt_tim620,1,620,battery,0.2520236495348849,0.0,0.2520236495348849,0.32221656822309946
1861,pltd_tim621,1,621,diesel,0.012986331756826053,0.1112,-0.09821366824317394,0.024728606897923167
1862,plts_tim621,1,621,solar,0.3229415324521897,0.0,0.3229415324521897,0.4613616893420599
1863,batt_tim621,1,621,battery,0.16301726040618356,0.0,0.16301726040618356,0.20988688718094253
1864,pltd_tim622,1,622,diesel,0.014569148414626972,0.1248,-0.11023085158537302,0.02774290366503539
1865,plts_tim622,1,622,solar,0.36230197203780296,0.0,0.36230197203780296,0.5175934879585414
1866,batt_tim622,1,622,battery,0.18288598820575458,0.0,0.18288598820575458,0.23546802401475309
1867,pltd_tim623,1,623,diesel,0.009979299507982474,0.0958,-0.08582070049201752,0.021211516184053664
1868,plts_tim623,1,623,solar,0.27104920954221856,0.0,0.27104920954221856,0.39738754353985617
1869,batt_tim623,1,623,battery,0.14071683481564615,0.0,0.14071683481564615,0.17990893787618653
1870,pltd_tim624,1,624,diesel,0.010300187011608336,0.0989,-0.08859981298839166,0.02189306609795825
1871,plts_tim624,1,624,solar,0.27976605056061293,0.0,0.27976605056061293,0.4101672930801804
1872,batt_tim624,1,624,battery,0.14524196833441885,0.0,0.14524196833441885,0.18569449352761278
1873,pltd_tim625,1,625,diesel,0.007050823027937159,0.0604,-0.053349176972062845,0.01342614227048208
1874,plts_tim625,1,625,solar,0.17533624903919603,0.0,0.17533624903919603,0.25049016804275676
1875,batt_tim625,1,625,battery,0.0885080422342574,0.0,0.0885080422342574,0.1139551153294146
1876,pltd_tim626,1,626,diesel,0.008885374636581598,0.0761,-0.0672146253634184,0.016920151169337507
1877,plts_tim626,1,626,solar,0.22095931577144468,0.0,0.22095931577144468,0.3156676105153034
1878,batt_tim626,1,626,battery,0.11153746233019957,0.0,0.11153746233019957,0.14360590695541517
1879,pltd_tim627,1,627,diesel,0.0075543800714778595,0.0647,-0.057145619928522136,0.014385052735920915
1880,plts_tim627,1,627,solar,0.18786086127979937,0.0,0.18786086127979937,0.2683825491288521
1881,batt_tim627,1,627,battery,0.09483001930053636,0.0,0.09483001930053636,0.12209485307822501
1882,pltd_tim628,1,628,diesel,0.00841768123202563,0.0721,-0.06368231876797437,0.016028603130007098
1883,plts_tim628,1,628,solar,0.2093306164419896,0.0,0.2093306164419896,0.2990546164219223
1884,batt_tim628,1,628,battery,0.10566777124220876,0.0,0.10566777124220876,0.13604864115380502
1885,pltd_tim629,1,629,diesel,0.006583128378069177,0.0564,-0.049816871621930825,0.012535144351911505
1886,plts_tim629,1,629,solar,0.16370746134095143,0.0,0.16370746134095143,0.23387642241951323
1887,batt_tim629,1,629,battery,0.08263781441123351,0.0,0.08263781441123351,0.10639724250524893
1888,pltd_tim630,1,630,diesel,0.01748790056320405,0.1679,-0.15041209943679595,0.03717095104294187
1889,plts_tim630,1,630,solar,0.4749905372696347,0.0,0.4749905372696347,0.6963883802826847
1890,batt_tim630,1,630,battery,0.24659450164076227,0.0,0.24659450164076227,0.3152753077439758
1891,pltd_tim631,1,631,diesel,0.011479032155585786,0.0986,-0.08712096784441421,0.022771312389478774
1892,plts_tim631,1,631,solar,0.2841611968614818,0.0,0.2841611968614818,0.40782596804440296
1893,batt_tim631,1,631,battery,0.14456079872226005,0.0,0.14456079872226005,0.18447426689263133
1894,pltd_tim632,1,632,diesel,0.011646316159192632,0.0961,-0.08445368384080737,0.028500113509154643
1895,plts_tim632,1,632,solar,0.2715539971358034,0.0,0.2715539971358034,0.39037884806190143
1896,batt_tim632,1,632,battery,0.1369928743328681,0.0,0.1369928743328681,0.17460986964330685
1897,pltd_tim633,1,633,diesel,0.0076408261533550135,0.0656,-0.05795917384664499,0.015157713652585303
1898,plts_tim633,1,633,solar,0.1891443143032198,0.0,0.1891443143032198,0.2714582325949689
1899,batt_tim633,1,633,battery,0.09622277909719514,0.0,0.09622277909719514,0.12279007828386793
1900,pltd_tim634,1,634,diesel,0.0056678320696000595,0.0487,-0.04303216793039994,0.01124405622707441
1901,plts_tim634,1,634,solar,0.14030383620503284,0.0,0.14030383620503284,0.20136292019065183
1902,batt_tim634,1,634,battery,0.0713762109836595,0.0,0.0713762109836595,0.09108330703410476
1903,pltd_tim635,1,635,diesel,0.004806785632934105,0.0413,-0.0364932143670659,0.009535676243419517
1904,plts_tim635,1,635,solar,0.11899289181354816,0.0,0.11899289181354816,0.17077695677734767
1905,batt_tim635,1,635,battery,0.06053464725616743,0.0,0.06053464725616743,0.07724850905111286
1906,pltd_tim636,1,636,diesel,0.005739654771381535,0.0493,-0.04356034522861846,0.011385816895867408
1907,plts_tim636,1,636,solar,0.14208030564916296,0.0,0.14208030564916296,0.20391257499179816
1908,batt_tim636,1,636,battery,0.07228014318392939,0.0,0.07228014318392939,0.09223677070439312
1909,pltd_tim637,1,637,diesel,0.0100038844813688,0.0826,-0.07259611551863121,0.02448102136636302
1910,plts_tim637,1,637,solar,0.23325750109601742,0.0,0.23325750109601742,0.33532563744513216
1911,batt_tim637,1,637,battery,0.1176734314741171,0.0,0.1176734314741171,0.14998539693047425
1912,pltd_tim638,1,638,diesel,0.004075230407191611,0.0336,-0.029524769592808385,0.009997115735378396
1913,plts_tim638,1,638,solar,0.09483706024414132,0.0,0.09483706024414132,0.13633496704497475
1914,batt_tim638,1,638,battery,0.04783051220197952,0.0,0.04783051220197952,0.06096370422372794
1915,pltd_tim639,1,639,diesel,0.007743139883371859,0.0579,-0.05015686011662814,0.019138212798546522
1916,plts_tim639,1,639,solar,0.16221477909991158,0.0,0.16221477909991158,0.23293616151485325
1917,batt_tim639,1,639,battery,0.08061519959606384,0.0,0.08061519959606384,0.1034095361481791
1918,pltd_tim640,1,640,diesel,0.00473626843858241,0.0354,-0.030663731561417593,0.011705944672030698
1919,plts_tim640,1,640,solar,0.09922766061722989,0.0,0.09922766061722989,0.1424885463633385
1920,batt_tim640,1,640,battery,0.04931307296284145,0.0,0.04931307296284145,0.06325652732305562
1921,pltd_tim641,1,641,diesel,0.005044751180594446,0.0416,-0.036555248819405556,0.012366514618041658
1922,plts_tim641,1,641,solar,0.11747149906350884,0.0,0.11747149906350884,0.16887385399546934
1923,batt_tim641,1,641,battery,0.059250979793513285,0.0,0.059250979793513285,0.07552028033821018
1924,pltd_tim642,1,642,diesel,0.018351753555598604,0.1516,-0.13324824644440142,0.044858613110871845
1925,plts_tim642,1,642,solar,0.42828895985997867,0.0,0.42828895985997867,0.6156958557698824
1926,batt_tim642,1,642,battery,0.21608721896513658,0.0,0.21608721896513658,0.27542448098399047
1927,pltd_tim643,1,643,diesel,0.008770433266876149,0.0724,-0.06362956673312385,0.021456440527950052
1928,plts_tim643,1,643,solar,0.2045437692929299,0.0,0.2045437692929299,0.2940471911142639
1929,batt_tim643,1,643,battery,0.10319074673950746,0.0,0.10319074673950746,0.13152610562136766
1930,pltd_tim644,1,644,diesel,0.01915035994962373,0.1587,-0.1395496400503763,0.046584646480756685
1931,plts_tim644,1,644,solar,0.4486127187703686,0.0,0.4486127187703686,0.6449118588421673
1932,batt_tim644,1,644,battery,0.22645468451136647,0.0,0.22645468451136647,0.2886449256171421
1933,pltd_tim645,1,645,diesel,0.0072809364404611675,0.0601,-0.05281906355953883,0.017825190357778884
1934,plts_tim645,1,645,solar,0.1697113312290138,0.0,0.1697113312290138,0.24397220507237827
1935,batt_tim645,1,645,battery,0.08561146411839021,0.0,0.08561146411839021,0.10911944982784837
1936,pltd_tim646,1,646,diesel,0.015119485659484917,0.1248,-0.10968051434051508,0.03700650572148911
1937,plts_tim646,1,646,solar,0.3524891574035936,0.0,0.3524891574035936,0.5067290343469828
1938,batt_tim646,1,646,battery,0.1778191921945556,0.0,0.1778191921945556,0.2266466649246446
1939,pltd_tim647,1,647,diesel,0.008697259784203106,0.0718,-0.0631027402157969,0.021282742339555148
1940,plts_tim647,1,647,solar,0.202795601186585,0.0,0.202795601186585,0.2915341341036633
1941,batt_tim647,1,647,battery,0.10230626406445298,0.0,0.10230626406445298,0.13039857339851035
1942,pltd_tim648,1,648,diesel,0.005358620862629624,0.0514,-0.04604137913737038,0.01139024799289881
1943,plts_tim648,1,648,solar,0.14554757049932443,0.0,0.14554757049932443,0.21338854272038196
1944,batt_tim648,1,648,battery,0.07556166841146142,0.0,0.07556166841146142,0.09660696892700227
1945,pltd_tim649,1,649,diesel,0.008621443571260988,0.0712,-0.06257855642873901,0.02109321580385388
1946,plts_tim649,1,649,solar,0.2010607098717211,0.0,0.2010607098717211,0.28903951140833656
1947,batt_tim649,1,649,battery,0.101432750395122,0.0,0.101432750395122,0.12928540114498388
1948,pltd_tim650,1,650,diesel,0.006421515015498247,0.053,-0.046578484984501754,0.01571896503551834
1949,plts_tim650,1,650,solar,0.14969718022579975,0.0,0.14969718022579975,0.21520071611073519
1950,batt_tim650,1,650,battery,0.07551657055260434,0.0,0.07551657055260434,0.09625269284935693
1951,pltd_tim651,1,651,diesel,0.010304110761914531,0.085,-0.07469588923808547,0.025221676090780513
1952,plts_tim651,1,651,solar,0.24021274046904453,0.0,0.24021274046904453,0.34532389712514977
1953,batt_tim651,1,651,battery,0.12117895036398177,0.0,0.12117895036398177,0.1544533703543891
1954,pltd_tim652,1,652,diesel,0.010266347131571783,0.0847,-0.07443365286842821,0.025127336040254945
1955,plts_tim652,1,652,solar,0.23934470848510273,0.0,0.23934470848510273,0.34407602307679935
1956,batt_tim652,1,652,battery,0.12074190864707672,0.0,0.12074190864707672,0.1538963927353222
1957,pltd_tim653,1,653,diesel,0.012056918393622489,0.0995,-0.08744308160637751,0.029506658099033637
1958,plts_tim653,1,653,solar,0.2811266108506057,0.0,0.2811266108506057,0.40414028104508737
1959,batt_tim653,1,653,battery,0.14182117878286082,0.0,0.14182117878286082,0.1807641272399356
1960,pltd_tim654,1,654,diesel,0.011755824970385395,0.097,-0.08524417502961461,0.02876015173604776
1961,plts_tim654,1,654,solar,0.2741767074393645,0.0,0.2741767074393645,0.3941485161390304
1962,batt_tim654,1,654,battery,0.13831988566433473,0.0,0.13831988566433473,0.1763017090620857
1963,pltd_tim655,1,655,diesel,0.007167803599015136,0.0591,-0.05193219640098486,0.01754335734689389
1964,plts_tim655,1,655,solar,0.16710641674968763,0.0,0.16710641674968763,0.2402277952237494
1965,batt_tim655,1,655,battery,0.08429985017828814,0.0,0.08429985017828814,0.10744770108244804
1966,pltd_tim656,1,656,diesel,0.003927617049165497,0.0323,-0.028372382950834506,0.009643603213067333
1967,plts_tim656,1,656,solar,0.09134601674471819,0.0,0.09134601674471819,0.13131639389490654
1968,batt_tim656,1,656,battery,0.046065964644553675,0.0,0.046065964644553675,0.05871447930770035
1969,pltd_tim657,1,657,diesel,0.006385519667396505,0.0613,-0.054914480332603495,0.01357280368785843
1970,plts_tim657,1,657,solar,0.17343686910813397,0.0,0.17343686910813397,0.2542774542801589
1971,batt_tim657,1,657,battery,0.09004071153593894,0.0,0.09004071153593894,0.11511853045309975
1972,pltd_tim658,1,658,diesel,0.004104339131892325,0.0379,-0.03379566086810768,0.00901352693269724
1973,plts_tim658,1,658,solar,0.10810784488176321,0.0,0.10810784488176321,0.15652927874735748
1974,batt_tim658,1,658,battery,0.05576138393747313,0.0,0.05576138393747313,0.07108254998743026
1975,pltd_tim659,1,659,diesel,0.005238874508195707,0.0484,-0.04316112549180429,0.011505500414712575
1976,plts_tim659,1,659,solar,0.1379908894356047,0.0,0.1379908894356047,0.19979677440775334
1977,batt_tim659,1,659,battery,0.07117464501928505,0.0,0.07117464501928505,0.09073077622529005
1978,pltd_tim660,1,660,diesel,0.008342837963633488,0.0801,-0.07175716203636652,0.01773279754009308
1979,plts_tim660,1,660,solar,0.22660110402528613,0.0,0.22660110402528613,0.33222192151413843
1980,batt_tim660,1,660,battery,0.11764136743790189,0.0,0.11764136743790189,0.15040653186176595
1981,pltd_tim661,1,661,diesel,0.0072434547747874944,0.0598,-0.052556545225212505,0.017732621523374584
1982,plts_tim661,1,661,solar,0.16884243710312188,0.0,0.16884243710312188,0.2427230050543087
1983,batt_tim661,1,661,battery,0.08517343531209777,0.0,0.08517343531209777,0.10856115451056253
1984,pltd_tim662,1,662,diesel,0.010043894746306674,0.0927,-0.08265610525369332,0.02205827464901985
1985,plts_tim662,1,662,solar,0.2645560167816381,0.0,0.2645560167816381,0.3830502150664821
1986,batt_tim662,1,662,battery,0.13645613401665366,0.0,0.13645613401665366,0.17394926722440257
1987,pltd_tim663,1,663,diesel,0.006906666388492968,0.057,-0.050093333611507036,0.016905667107802905
1988,plts_tim663,1,663,solar,0.1610127398408682,0.0,0.1610127398408682,0.23146767496046344
1989,batt_tim663,1,663,battery,0.08122523180081889,0.0,0.08122523180081889,0.10352882774122539
1990,pltd_tim664,1,664,diesel,0.006569629290875015,0.0542,-0.047630370709124986,0.016076371900173407
1991,plts_tim664,1,664,solar,0.15318484643596614,0.0,0.15318484643596614,0.22021425041022943
1992,batt_tim664,1,664,battery,0.07727815234568952,0.0,0.07727815234568952,0.09849812517576047
1993,pltd_tim665,1,665,diesel,0.013180467370430287,0.0986,-0.08541953262956971,0.032582399040821775
1994,plts_tim665,1,665,solar,0.27610464370189963,0.0,0.27610464370189963,0.396478798124899
1995,batt_tim665,1,665,battery,0.13721229435738375,0.0,0.13721229435738375,0.17600980805105018
1996,pltd_tim666,1,666,diesel,0.014374807810944298,0.1075,-0.0931251921890557,0.03553378758664307
1997,plts_tim666,1,666,solar,0.30112847400016457,0.0,0.30112847400016457,0.43241161231634445
1998,batt_tim666,1,666,battery,0.14964818608436264,0.0,0.14964818608436264,0.19196207299112947
1999,pltd_tim667,1,667,diesel,0.008278606880257073,0.0619,-0.05362139311974293,0.020462701278023035
2000,plts_tim667,1,667,solar,0.17343149097510355,0.0,0.17343149097510355,0.24904240143362674
2001,batt_tim667,1,667,battery,0.08618887423190201,0.0,0.08618887423190201,0.11055930327881033
2002,pltd_tim668,1,668,diesel,0.018246212542291317,0.1365,-0.11825378745770869,0.04510204072146746
2003,plts_tim668,1,668,solar,0.38223586362790624,0.0,0.38223586362790624,0.5488804818383287
2004,batt_tim668,1,668,battery,0.18995636094996793,0.0,0.18995636094996793,0.24366749128971682
2005,pltd_tim669,1,669,diesel,0.006995194667184441,0.0672,-0.06020480533281555,0.014869083186402005
2006,plts_tim669,1,669,solar,0.18999571906311255,0.0,0.18999571906311255,0.2785547752303698
2007,batt_tim669,1,669,battery,0.09863740420097392,0.0,0.09863740420097392,0.12610961000925527
2008,pltd_tim670,1,670,diesel,0.012109436801760043,0.0906,-0.07849056319823995,0.029935313016276343
2009,plts_tim670,1,670,solar,0.2536712200127321,0.0,0.2536712200127321,0.3642651060536826
2010,batt_tim670,1,670,battery,0.12606379513917756,0.0,0.12606379513917756,0.16170898545810025
2011,pltd_tim671,1,671,diesel,0.013015838276106162,0.0974,-0.08438416172389383,0.03217618859145208
2012,plts_tim671,1,671,solar,0.27265286409442663,0.0,0.27265286409442663,0.391521450625685
2013,batt_tim671,1,671,battery,0.13549645258312043,0.0,0.13549645258312043,0.17380883151018361
2014,pltd_tim672,1,672,diesel,0.01783415452576048,0.1334,-0.11556584547423951,0.04408170445894914
2015,plts_tim672,1,672,solar,0.3736095583275349,0.0,0.3736095583275349,0.5364930706872584
2016,batt_tim672,1,672,battery,0.18567007879293917,0.0,0.18567007879293917,0.23816923589995015
2017,pltd_tim673,1,673,diesel,0.011656067176052666,0.0872,-0.07554393282394734,0.02881100490318135
2018,plts_tim673,1,673,solar,0.24418354169755052,0.0,0.24418354169755052,0.3506406948572762
2019,batt_tim673,1,673,battery,0.12135021370228913,0.0,0.12135021370228913,0.1556626088070506
2020,pltd_tim674,1,674,diesel,0.009761582377115658,0.073,-0.06323841762288433,0.024130655262479917
2021,plts_tim674,1,674,solar,0.20449121999542158,0.0,0.20449121999542158,0.2936432374678207
2022,batt_tim674,1,674,battery,0.10162342563404082,0.0,0.10162342563404082,0.1303580789284851
2023,pltd_tim675,1,675,diesel,0.005519319382167447,0.0413,-0.03578068061783256,0.013644457645743837
2024,plts_tim675,1,675,solar,0.11561889819068955,0.0,0.11561889819068955,0.16602486949527362
2025,batt_tim675,1,675,battery,0.057457187986134035,0.0,0.057457187986134035,0.07370362560960372
2026,pltd_tim676,1,676,diesel,0.022736087439768998,0.1701,-0.14736391256023101,0.05620279183812737
2027,plts_tim676,1,676,solar,0.4762827111681041,0.0,0.4762827111681041,0.6839282617377802
2028,batt_tim676,1,676,battery,0.23669257901782734,0.0,0.23669257901782734,0.3036187431518246
2029,pltd_tim677,1,677,diesel,0.020504125743627845,0.1969,-0.17639587425637215,0.04358220790764172
2030,plts_tim677,1,677,solar,0.5569162725357636,0.0,0.5569162725357636,0.816499580218654
2031,batt_tim677,1,677,battery,0.28912634792060404,0.0,0.28912634792060404,0.36965310809609553
2032,pltd_tim678,1,678,diesel,0.011203392393950188,0.0838,-0.07259660760604981,0.027694773297810244
2033,plts_tim678,1,678,solar,0.2346895759226487,0.0,0.2346895759226487,0.3370072884339326
2034,batt_tim678,1,678,battery,0.11663044768791492,0.0,0.11663044768791492,0.14960840409034196
2035,pltd_tim679,1,679,diesel,0.011574124825561428,0.0866,-0.07502587517443857,0.028611732614646206
2036,plts_tim679,1,679,solar,0.24245450817293654,0.0,0.24245450817293654,0.3481579993106393
2037,batt_tim679,1,679,battery,0.12048966053425796,0.0,0.12048966053425796,0.15455869141338435
2038,pltd_tim680,1,680,diesel,0.007907719425324512,0.0591,-0.05119228057467549,0.01954508743939089
2039,plts_tim680,1,680,solar,0.1656665587098686,0.0,0.1656665587098686,0.23789255741041274
2040,batt_tim680,1,680,battery,0.08233058137251507,0.0,0.08233058137251507,0.10560993457920351
2041,pltd_tim681,1,681,diesel,0.01272702023015565,0.0952,-0.08247297976984436,0.03145846033018338
2042,plts_tim681,1,681,solar,0.2666169654019118,0.0,0.2666169654019118,0.38285401543236286
2043,batt_tim681,1,681,battery,0.1324982529337756,0.0,0.1324982529337756,0.16996291703738253
2044,pltd_tim682,1,682,diesel,0.015177698808928853,0.1457,-0.13052230119107114,0.03226033394315276
2045,plts_tim682,1,682,solar,0.41223924333606277,0.0,0.41223924333606277,0.6043884692616742
2046,batt_tim682,1,682,battery,0.21401695510896387,0.0,0.21401695510896387,0.2736241655861258
2047,pltd_tim683,1,683,diesel,0.009209225479153411,0.0884,-0.0791907745208466,0.019574513989975856
2048,plts_tim683,1,683,solar,0.2501329739959648,0.0,0.2501329739959648,0.36672201197468385
2049,batt_tim683,1,683,battery,0.12985803887416342,0.0,0.12985803887416342,0.1660257392184449
2050,pltd_tim684,1,684,diesel,0.008812595597815406,0.0727,-0.0638874044021846,0.021577311468818538
2051,plts_tim684,1,684,solar,0.20539044820308758,0.0,0.20539044820308758,0.2952636695492412
2052,batt_tim684,1,684,battery,0.10360857726868708,0.0,0.10360857726868708,0.13205828789165078
2053,pltd_tim685,1,685,diesel,0.011436395041680964,0.0943,-0.08286360495831903,0.028040698313377407
2054,plts_tim685,1,685,solar,0.26625982279161214,0.0,0.26625982279161214,0.3827680465682664
2055,batt_tim685,1,685,battery,0.13429465860771905,0.0,0.13429465860771905,0.17116942135608532
2056,pltd_tim686,1,686,diesel,0.006718012764739213,0.0555,-0.04878198723526079,0.016434487380909486
2057,plts_tim686,1,686,solar,0.15667230370118793,0.0,0.15667230370118793,0.22522805904002735
2058,batt_tim686,1,686,battery,0.07904001065390702,0.0,0.07904001065390702,0.10074369427834412
2059,pltd_tim687,1,687,diesel,0.006948587843504499,0.0573,-0.050351412156495495,0.017025552001897017
2060,plts_tim687,1,687,solar,0.16185919563878945,0.0,0.16185919563878945,0.2326847398466335
2061,batt_tim687,1,687,battery,0.08164355640413491,0.0,0.08164355640413491,0.1040615736137299
2062,pltd_tim688,1,688,diesel,0.003851682450432945,0.0317,-0.027848317549567056,0.009452156230028697
2063,plts_tim688,1,688,solar,0.08961221267422767,0.0,0.08961221267422767,0.12882404526478142
2064,batt_tim688,1,688,battery,0.04519386573815587,0.0,0.04519386573815587,0.057603004223187294
2065,pltd_tim689,1,689,diesel,0.007101247879889252,0.0585,-0.051398752120110754,0.01741241380922673
2066,plts_tim689,1,689,solar,0.16532368723184826,0.0,0.16532368723184826,0.2376652148923005
2067,batt_tim689,1,689,battery,0.08338478742241905,0.0,0.08338478742241905,0.10628060795211697
2068,pltd_tim690,1,690,diesel,0.0053091424274135865,0.0437,-0.038390857572586416,0.013025069675787392
2069,plts_tim690,1,690,solar,0.12354790691957786,0.0,0.12354790691957786,0.1776092683943435
2070,batt_tim690,1,690,battery,0.062310433363650275,0.0,0.062310433363650275,0.07941949639343912
2071,pltd_tim691,1,691,diesel,0.006722828412617328,0.0555,-0.04877717158738267,0.01646456913946364
2072,plts_tim691,1,691,solar,0.15664775318146193,0.0,0.15664775318146193,0.22519289892511626
2073,batt_tim691,1,691,battery,0.07901845163112727,0.0,0.07901845163112727,0.10071571041883592
2074,pltd_tim692,1,692,diesel,0.01216137768135233,0.1168,-0.10463862231864768,0.025848951662438963
2075,plts_tim692,1,692,solar,0.3303146941002007,0.0,0.3303146941002007,0.48427742083153097
2076,batt_tim692,1,692,battery,0.17148501715337372,0.0,0.17148501715337372,0.2192465089997441
2077,pltd_tim693,1,693,diesel,0.007695633131138176,0.0635,-0.055804366868861824,0.018855015019921026
2078,plts_tim693,1,693,solar,0.1792646266347429,0.0,0.1792646266347429,0.25770629716276594
2079,batt_tim693,1,693,battery,0.09042349420795891,0.0,0.09042349420795891,0.11525233626236106
2080,pltd_tim694,1,694,diesel,0.005390775192638355,0.0518,-0.04640922480736164,0.011457649681137763
2081,plts_tim694,1,694,solar,0.14641975026765777,0.0,0.14641975026765777,0.21466783733948255
2082,batt_tim694,1,694,battery,0.07601517605884922,0.0,0.07601517605884922,0.0971866340802053
2083,pltd_tim695,1,695,diesel,0.007501650989098157,0.0619,-0.05439834901090184,0.01835356367375661
2084,plts_tim695,1,695,solar,0.17494994397465205,0.0,0.17494994397465205,0.2515029840912056
2085,batt_tim695,1,695,battery,0.08826019846224031,0.0,0.08826019846224031,0.11249591195791928
2086,pltd_tim696,1,696,diesel,0.016517945469997505,0.1365,-0.1199820545300025,0.04035309338195773
2087,plts_tim696,1,696,solar,0.38566449693953925,0.0,0.38566449693953925,0.55442095230521
2088,batt_tim696,1,696,battery,0.19459350483109006,0.0,0.19459350483109006,0.24802911352271476
2089,pltd_tim697,1,697,diesel,0.01054446471369367,0.0974,-0.08685553528630632,0.023157404903185654
2090,plts_tim697,1,697,solar,0.27774017087153957,0.0,0.27774017087153957,0.4021388496479859
2091,batt_tim697,1,697,battery,0.1432562507582155,0.0,0.1432562507582155,0.18261786808972
2092,pltd_tim698,1,698,diesel,0.010644421516618454,0.0983,-0.08765557848338154,0.0233768819087596
2093,plts_tim698,1,698,solar,0.2803768523785017,0.0,0.2803768523785017,0.40595708578160133
2094,batt_tim698,1,698,battery,0.14461623384283664,0.0,0.14461623384283664,0.18435156579160641
2095,pltd_tim699,1,699,diesel,0.0044713451425680475,0.0413,-0.036828654857431954,0.00982001409369863
2096,plts_tim699,1,699,solar,0.11777619621721738,0.0,0.11777619621721738,0.17052720965141063
2097,batt_tim699,1,699,battery,0.06074775845206993,0.0,0.06074775845206993,0.0774391183550254
2098,pltd_tim700,1,700,diesel,0.020511605141766972,0.1534,-0.13288839485823303,0.050700370596345114
2099,plts_tim700,1,700,solar,0.4296931176244737,0.0,0.4296931176244737,0.6170275812390986
2100,batt_tim700,1,700,battery,0.21354121190313524,0.0,0.21354121190313524,0.2739210386262866
2101,pltd_tim701,1,701,diesel,0.020355092284132965,0.1688,-0.14844490771586705,0.04943014453308028
2102,plts_tim701,1,701,solar,0.47747270487980426,0.0,0.47747270487980426,0.6863992684454143
2103,batt_tim701,1,701,battery,0.2410653423690985,0.0,0.2410653423690985,0.3072703793324734
2104,pltd_tim702,1,702,diesel,0.011326618388523066,0.0847,-0.07337338161147693,0.027997342311209317
2105,plts_tim702,1,702,solar,0.23727998249722812,0.0,0.23727998249722812,0.3407278379154989
2106,batt_tim702,1,702,battery,0.11791922016652509,0.0,0.11791922016652509,0.1512614278085531
2107,pltd_tim703,1,703,diesel,0.03168644173812987,0.2656,-0.23391355826187013,0.07568059203354362
2108,plts_tim703,1,703,solar,0.7527532968935993,0.0,0.7527532968935993,1.0821241543219897
2109,batt_tim703,1,703,battery,0.380679593546315,0.0,0.380679593546315,0.48526242523952934
2110,pltd_tim704,1,704,diesel,0.003837208637770079,0.0354,-0.03156279136222992,0.008427113711665072
2111,plts_tim704,1,704,solar,0.1010763671257822,0.0,0.1010763671257822,0.14634860333616637
2112,batt_tim704,1,704,battery,0.05213470265046866,0.0,0.05213470265046866,0.06645932482915162
2113,pltd_tim705,1,705,diesel,0.006640203649325434,0.0613,-0.05465979635067457,0.014582691653194977
2114,plts_tim705,1,705,solar,0.17490652070958848,0.0,0.17490652070958848,0.25324668342568873
2115,batt_tim705,1,705,battery,0.09021556973825284,0.0,0.09021556973825284,0.11500345703279316
2116,pltd_tim706,1,706,diesel,0.01865277683078954,0.1722,-0.15354722316921046,0.04096425736794131
2117,plts_tim706,1,706,solar,0.4913194138186588,0.0,0.4913194138186588,0.711379685796893
2118,batt_tim706,1,706,battery,0.253419013441908,0.0,0.253419013441908,0.3230493723840177
2119,pltd_tim707,1,707,diesel,0.00977694567203498,0.0903,-0.08052305432796503,0.02147208898501351
2120,plts_tim707,1,707,solar,0.2575240271274071,0.0,0.2575240271274071,0.3728692503323365
2121,batt_tim707,1,707,battery,0.1328292292764727,0.0,0.1328292292764727,0.16932570171012087
2122,pltd_tim708,1,708,diesel,0.010268166821312246,0.0986,-0.08833183317868774,0.021824907323064864
2123,plts_tim708,1,708,solar,0.2788935685675477,0.0,0.2788935685675477,0.40888881420613676
2124,batt_tim708,1,708,battery,0.14478957100440393,0.0,0.14478957100440393,0.1851159058449293
2125,pltd_tim709,1,709,diesel,0.017520074001755672,0.1682,-0.1506799259982443,0.03723949937358057
2126,plts_tim709,1,709,solar,0.47586230764452786,0.0,0.47586230764452786,0.6976664306282108
2127,batt_tim709,1,709,battery,0.247046953976226,0.0,0.247046953976226,0.3158536806704389
2128,pltd_tim710,1,710,diesel,0.035328792653932024,0.3392,-0.303871207346068,0.0750922651216827
2129,plts_tim710,1,710,solar,0.95956893126572,0.0,0.95956893126572,1.4068330195485566
2130,batt_tim710,1,710,battery,0.4981663757290699,0.0,0.4981663757290699,0.6369143002952613
2131,pltd_tim711,1,711,diesel,0.012279481528118384,0.1134,-0.10112051847188161,0.02696739944823335
2132,plts_tim711,1,711,solar,0.3234444134319821,0.0,0.3234444134319821,0.4683144627358656
2133,batt_tim711,1,711,battery,0.16683039269849673,0.0,0.16683039269849673,0.21266926707091
2134,pltd_tim712,1,712,diesel,0.024477467446065125,0.2039,-0.17942253255393487,0.05901363149456868
2135,plts_tim712,1,712,solar,0.5773720157583329,0.0,0.5773720157583329,0.8300082784704103
2136,batt_tim712,1,712,battery,0.29171539664116986,0.0,0.29171539664116986,0.3718424205457498
2137,pltd_tim713,1,713,diesel,0.02882333774470737,0.2409,-0.21207666225529265,0.06914116621656902
2138,plts_tim713,1,713,solar,0.6824965873204929,0.0,0.6824965873204929,0.9811289257571549
2139,batt_tim713,1,713,battery,0.3450026901526054,0.0,0.3450026901526054,0.43977584015643895
2140,pltd_tim714,1,714,diesel,0.04402917082058567,0.3731,-0.3290708291794143,0.10328273303078234
2141,plts_tim714,1,714,solar,1.0600024205602765,0.0,1.0600024205602765,1.523798441060565
2142,batt_tim714,1,714,battery,0.5369842898097311,0.0,0.5369842898097311,0.6845587647616094
2143,pltd_tim715,1,715,diesel,0.06338629046186359,0.5419,-0.47851370953813643,0.14648032546817485
2144,plts_tim715,1,715,solar,1.5425616067892862,0.0,1.5425616067892862,2.2174824428052293
2145,batt_tim715,1,715,battery,0.7825163224352668,0.0,0.7825163224352668,0.9976271009249633
2146,pltd_tim716,1,716,diesel,0.05038699682220413,0.4285,-0.37811300317779584,0.11746961945079401
2147,plts_tim716,1,716,solar,1.2185091913444768,0.0,1.2185091913444768,1.7516529239664629
2148,batt_tim716,1,716,battery,0.6176347765268757,0.0,0.6176347765268757,0.7873931994455271
2149,pltd_tim717,1,717,diesel,0.027488817307120446,0.2295,-0.20201118269287957,0.06605201875625304
2150,plts_tim717,1,717,solar,0.6500561343931903,0.0,0.6500561343931903,0.9344943471311162
2151,batt_tim717,1,717,battery,0.328548497709058,0.0,0.328548497709058,0.41879869045923646
2152,pltd_tim718,1,718,diesel,0.05175909124083143,0.4402,-0.38844090875916854,0.12065122725088988
2153,plts_tim718,1,718,solar,1.2518187997143861,0.0,1.2518187997143861,1.7995375135526215
2154,batt_tim718,1,718,battery,0.6345274572518224,0.0,0.6345274572518224,0.8089292468721228
2155,pltd_tim719,1,719,diesel,0.06725373420492711,0.5758,-0.5085462657950729,0.1550370700350783
2156,plts_tim719,1,719,solar,1.6395192640641398,0.0,1.6395192640641398,2.356859631729541
2157,batt_tim719,1,719,battery,0.8318840455262347,0.0,0.8318840455262347,1.0605757231317832
2158,pltd_tim720,1,720,diesel,0.05106767587132419,0.4341,-0.38303232412867577,0.11916883151728026
2159,plts_tim720,1,720,solar,1.2341308746325121,0.0,1.2341308746325121,1.7741108012286493
2160,batt_tim720,1,720,battery,0.6254989874518816,0.0,0.6254989874518816,0.7974158825365978
2161,pltd_tim721,1,721,diesel,0.02263516506533323,0.1944,-0.17176483493466677,0.04490281629606473
2162,plts_tim721,1,721,solar,0.5603305335179513,0.0,0.5603305335179513,0.8041815288013571
2163,batt_tim721,1,721,battery,0.2850554132506541,0.0,0.2850554132506541,0.3637597799930076
2164,pltd_tim722,1,722,diesel,0.014456444120285912,0.1242,-0.1097435558797141,0.02867785367976753
2165,plts_tim722,1,722,solar,0.3578657161057554,0.0,0.3578657161057554,0.5136058993760947
2166,batt_tim722,1,722,battery,0.18205624309343624,0.0,0.18205624309343624,0.23232231067676454
2167,pltd_tim723,1,723,diesel,0.017397719324714775,0.1494,-0.13200228067528524,0.03451330596676356
2168,plts_tim723,1,723,solar,0.4306817528202016,0.0,0.4306817528202016,0.6181108508798824
2169,batt_tim723,1,723,battery,0.21909973453803608,0.0,0.21909973453803608,0.27959364413717924
2170,pltd_tim724,1,724,diesel,0.011120530259780813,0.0955,-0.08437946974021919,0.022060032702278343
2171,plts_tim724,1,724,solar,0.27528065128344936,0.0,0.27528065128344936,0.3950807535510706
2172,batt_tim724,1,724,battery,0.1400429441191435,0.0,0.1400429441191435,0.17870890498245676
2173,pltd_tim725,1,725,diesel,0.010640878526359096,0.0878,-0.0771591214736409,0.026049944232550925
2174,plts_tim725,1,725,solar,0.24804123558148886,0.0,0.24804123558148886,0.3565771796629475
2175,batt_tim725,1,725,battery,0.12512609820819465,0.0,0.12512609820819465,0.1594844189558684
2176,pltd_tim726,1,726,diesel,0.004663478018695234,0.04,-0.03533652198130477,0.009251462889828104
2177,plts_tim726,1,726,solar,0.11543979505896595,0.0,0.11543979505896595,0.165678105727407
2178,batt_tim726,1,726,battery,0.058727334726045355,0.0,0.058727334726045355,0.07494205511784695
2179,pltd_tim727,1,727,diesel,0.008501504248334272,0.073,-0.06449849575166572,0.01686512897291597
2180,plts_tim727,1,727,solar,0.21045742104076628,0.0,0.21045742104076628,0.3020462984594117
2181,batt_tim727,1,727,battery,0.10706531483057347,0.0,0.10706531483057347,0.13662636910933654
2182,pltd_tim728,1,728,diesel,0.006064574409294205,0.0582,-0.052135425590705796,0.012889796160939876
2183,plts_tim728,1,728,solar,0.16472209792558049,0.0,0.16472209792558049,0.24150023787160213
2184,batt_tim728,1,728,battery,0.08551650498304252,0.0,0.08551650498304252,0.10933437592844941
2185,pltd_tim729,1,729,diesel,0.0160346047404048,0.1377,-0.12166539525959519,0.03180883345815595
2186,plts_tim729,1,729,solar,0.3969382472691264,0.0,0.3969382472691264,0.569682146898986
2187,batt_tim729,1,729,battery,0.20193348968022765,0.0,0.20193348968022765,0.25768775970543306
2188,pltd_tim730,1,730,diesel,0.007281923749934783,0.0625,-0.055218076250065216,0.014445753660179852
2189,plts_tim730,1,730,solar,0.1802646470611793,0.0,0.1802646470611793,0.25871435274689664
2190,batt_tim730,1,730,battery,0.09170569301900225,0.0,0.09170569301900225,0.11702580793244337
2191,pltd_tim731,1,731,diesel,0.020913353961707605,0.1796,-0.1586866460382924,0.04148648439714922
2192,plts_tim731,1,731,solar,0.5177065723304491,0.0,0.5177065723304491,0.7430079149677963
2193,batt_tim731,1,731,battery,0.26337185248668216,0.0,0.26337185248668216,0.3360892806572795
2194,pltd_tim732,1,732,diesel,0.002823785462557703,0.0271,-0.024276214537442296,0.006001832821858374
2195,plts_tim732,1,732,solar,0.07669539327150107,0.0,0.07669539327150107,0.11244445507361941
2196,batt_tim732,1,732,battery,0.039817382344060785,0.0,0.039817382344060785,0.05090706701302666
2197,pltd_tim733,1,733,diesel,0.009219102185647346,0.0792,-0.06998089781435265,0.018289063616303322
2198,plts_tim733,1,733,solar,0.22821630487995653,0.0,0.22821630487995653,0.32753413048703256
2199,batt_tim733,1,733,battery,0.116099782682444,0.0,0.116099782682444,0.14815513775087977
2200,pltd_tim734,1,734,diesel,0.008593715449197448,0.0709,-0.06230628455080256,0.021061831985922177
2201,plts_tim734,1,734,solar,0.20014199984888253,0.0,0.20014199984888253,0.2877188435354753
2202,batt_tim734,1,734,battery,0.10095097579163052,0.0,0.10095097579163052,0.12867044310405557
2203,pltd_tim735,1,735,diesel,0.015678112655330197,0.1294,-0.11372188734466979,0.0383687834869757
2204,plts_tim735,1,735,solar,0.36555116153351086,0.0,0.36555116153351086,0.5255065296167145
2205,batt_tim735,1,735,battery,0.1844110525470828,0.0,0.1844110525470828,0.23504879967079495
2206,pltd_tim736,1,736,diesel,0.015787319004312805,0.1516,-0.13581268099568722,0.03355538859064085
2207,plts_tim736,1,736,solar,0.42879988287398296,0.0,0.42879988287398296,0.6286671507011746
2208,batt_tim736,1,736,battery,0.22261432466325817,0.0,0.22261432466325817,0.2846162439782322
2209,pltd_tim737,1,737,diesel,0.0057438052284228,0.0551,-0.049356194771577204,0.012208208165976347
2210,plts_tim737,1,737,solar,0.15600629182510606,0.0,0.15600629182510606,0.22872226980786295
2211,batt_tim737,1,737,battery,0.08099183494720841,0.0,0.08099183494720841,0.1035493762534127
2212,pltd_tim738,1,738,diesel,0.006756132297395792,0.0558,-0.04904386770260421,0.016532407033701634
2213,plts_tim738,1,738,solar,0.15753726619215064,0.0,0.15753726619215064,0.22647146540656832
2214,batt_tim738,1,738,battery,0.07947435689756792,0.0,0.07947435689756792,0.10129728668565843
2215,pltd_tim739,1,739,diesel,0.006718912715095785,0.0555,-0.04878108728490421,0.016440109072941054
2216,plts_tim739,1,739,solar,0.15666771568945753,0.0,0.15666771568945753,0.22522148830256547
2217,batt_tim739,1,739,battery,0.07903598169441833,0.0,0.07903598169441833,0.1007384646425868
2218,pltd_tim740,1,740,diesel,0.012843543507299987,0.106,-0.0931564564927,0.03144115883605122
2219,plts_tim740,1,740,solar,0.29939140284757426,0.0,0.29939140284757426,0.43039694878379703
2220,batt_tim740,1,740,battery,0.15103054388562276,0.0,0.15103054388562276,0.1925019916986329
2221,pltd_tim741,1,741,diesel,0.01274686198251417,0.1177,-0.10495313801748583,0.02799458043214357
2222,plts_tim741,1,741,solar,0.3357484650630664,0.0,0.3357484650630664,0.48612961073506283
2223,batt_tim741,1,741,battery,0.1731765711144323,0.0,0.1731765711144323,0.2207591145077538
2224,pltd_tim742,1,742,diesel,0.004471345142558827,0.0413,-0.036828654857441176,0.009820014093617062
2225,plts_tim742,1,742,solar,0.11777619621728036,0.0,0.11777619621728036,0.17052720965149798
2226,batt_tim742,1,742,battery,0.060747758452123726,0.0,0.060747758452123726,0.0774391183550521
2227,pltd_tim743,1,743,diesel,0.005231594528448221,0.0431,-0.03786840547155178,0.012824949199266375
2228,plts_tim743,1,743,solar,0.12182155619676018,0.0,0.12182155619676018,0.1751277961564115
2229,batt_tim743,1,743,battery,0.06144510960961628,0.0,0.06144510960961628,0.07831689183280267
2230,pltd_tim744,1,744,diesel,0.009105876361383956,0.0752,-0.06609412363861605,0.02227560805875189
2231,plts_tim744,1,744,solar,0.21238032494967585,0.0,0.21238032494967585,0.3053120045537955
2232,batt_tim744,1,744,battery,0.10714474294540505,0.0,0.10714474294540505,0.1365660207078873
2233,pltd_tim745,1,745,diesel,0.006239947387104036,0.0576,-0.05136005261289596,0.013704441976065733
2234,plts_tim745,1,745,solar,0.16435845106047128,0.0,0.16435845106047128,0.23797411287204742
2235,batt_tim745,1,745,battery,0.08477467718407992,0.0,0.08477467718407992,0.10806758729109708
2236,pltd_tim746,1,746,diesel,0.0048131975489556,0.0462,-0.0413868024510444,0.010229924373474602
2237,plts_tim746,1,746,solar,0.13073211018175693,0.0,0.13073211018175693,0.1916672577890578
2238,batt_tim746,1,746,battery,0.06787043557604032,0.0,0.06787043557604032,0.08677353505100577
2239,pltd_tim747,1,747,diesel,0.030263675448720866,0.2532,-0.22293632455127912,0.07246529313314334
2240,plts_tim747,1,747,solar,0.7175802302445118,0.0,0.7175802302445118,1.0315626654727448
2241,batt_tim747,1,747,battery,0.3628021081567263,0.0,0.3628021081567263,0.46246850955398205
2242,pltd_tim748,1,748,diesel,0.01425998549655325,0.1177,-0.10344001450344675,0.0348993236074681
2243,plts_tim748,1,748,solar,0.33247569547993244,0.0,0.33247569547993244,0.47795844752099476
2244,batt_tim748,1,748,battery,0.16772490374352952,0.0,0.16772490374352952,0.2137806124192765
2245,pltd_tim749,1,749,diesel,0.008241890867246892,0.0761,-0.06785810913275311,0.018100542677306073
2246,plts_tim749,1,749,solar,0.21709468327476358,0.0,0.21709468327476358,0.3143305473007434
2247,batt_tim749,1,749,battery,0.11197572386418501,0.0,0.11197572386418501,0.14274258057220246
2248,pltd_tim750,1,750,diesel,0.008241890867245513,0.0761,-0.06785810913275449,0.01810054267729383
2249,plts_tim750,1,750,solar,0.21709468327477,0.0,0.21709468327477,0.31433054730074383
2250,batt_tim750,1,750,battery,0.11197572386419313,0.0,0.11197572386419313,0.1427425805721326
2251,pltd_tim751,1,751,diesel,0.004410208552274001,0.0364,-0.031989791447726,0.01081385962293903
2252,plts_tim751,1,751,solar,0.1026743912978001,0.0,0.1026743912978001,0.1476024682934424
2253,batt_tim751,1,751,battery,0.05178633932217066,0.0,0.05178633932217066,0.06600582921158124
2254,pltd_tim752,1,752,diesel,0.009469951621970408,0.0813,-0.07183004837802959,0.018785786042393265
2255,plts_tim752,1,752,solar,0.2344336101850594,0.0,0.2344336101850594,0.3364570480801972
2256,batt_tim752,1,752,battery,0.1192630198599997,0.0,0.1192630198599997,0.15219178669812822
2257,pltd_tim753,1,753,diesel,0.003703761289999034,0.0305,-0.026796238710000964,0.009095061840773112
2258,plts_tim753,1,753,solar,0.08612438552674838,0.0,0.08612438552674838,0.1238097916389945
2259,batt_tim753,1,753,battery,0.04343168261807505,0.0,0.04343168261807505,0.055356838455399196
2260,pltd_tim754,1,754,diesel,0.008508560034006981,0.0702,-0.061691439965993015,0.020813088468635367
2261,plts_tim754,1,754,solar,0.19845500812688802,0.0,0.19845500812688802,0.2852936090746395
2262,batt_tim754,1,754,battery,0.10012021511833129,0.0,0.10012021511833129,0.12761256445377261
2263,pltd_tim755,1,755,diesel,0.012467106473844131,0.1029,-0.09043289352615587,0.030507460017767732
2264,plts_tim755,1,755,solar,0.2907041987587727,0.0,0.2907041987587727,0.41790871399784074
2265,batt_tim755,1,755,battery,0.14665431131749407,0.0,0.14665431131749407,0.18692430742370647
2266,pltd_tim756,1,756,diesel,0.012052985084420677,0.1035,-0.09144701491557931,0.02391049514228703
2267,plts_tim756,1,756,solar,0.2983690563505528,0.0,0.2983690563505528,0.42821642745762317
2268,batt_tim756,1,756,battery,0.1517883873529396,0.0,0.1517883873529396,0.19369748681662668
2269,pltd_tim757,1,757,diesel,0.016572647000236213,0.1423,-0.1257273529997638,0.03287511284675905
2270,plts_tim757,1,757,solar,0.41025884031366744,0.0,0.41025884031366744,0.5887998940010736
2271,batt_tim757,1,757,battery,0.20871041943261934,0.0,0.20871041943261934,0.26633576073226356
2272,pltd_tim758,1,758,diesel,0.008609463315037733,0.0739,-0.06529053668496226,0.01707908632198826
2273,plts_tim758,1,758,solar,0.21312045847662747,0.0,0.21312045847662747,0.3058687027970748
2274,batt_tim758,1,758,battery,0.10842021477810514,0.0,0.10842021477810514,0.13835513387270607
2275,pltd_tim759,1,759,diesel,0.006349293987114005,0.0545,-0.04815070601288599,0.012595524029577247
2276,plts_tim759,1,759,solar,0.157176940446836,0.0,0.157176940446836,0.2255783874184689
2277,batt_tim759,1,759,battery,0.07995994091622345,0.0,0.07995994091622345,0.10203715453190851
2278,pltd_tim760,1,760,diesel,0.03727101603099628,0.3201,-0.2828289839690037,0.07393592086317169
2279,plts_tim760,1,760,solar,0.9226367927118653,0.0,0.9226367927118653,1.3241599332242404
2280,batt_tim760,1,760,battery,0.46937070515084567,0.0,0.46937070515084567,0.5989649563870729
2281,pltd_tim761,1,761,diesel,0.01431495562719918,0.1322,-0.11788504437280083,0.031438408976932626
2282,plts_tim761,1,761,solar,0.3770588500019903,0.0,0.3770588500019903,0.5459422169246027
2283,batt_tim761,1,761,battery,0.1944839263136646,0.0,0.1944839263136646,0.24792109676125043
2284,pltd_tim762,1,762,diesel,0.008375575470261219,0.0773,-0.06892442452973878,0.01839419829755248
2285,plts_tim762,1,762,solar,0.2206091849920694,0.0,0.2206091849920694,0.3194198875115435
2286,batt_tim762,1,762,battery,0.1137887735976362,0.0,0.1137887735976362,0.1450536848977073
2287,pltd_tim763,1,763,diesel,0.012546677022362592,0.1158,-0.10325332297763741,0.027553903376176837
2288,plts_tim763,1,763,solar,0.33047616842899574,0.0,0.33047616842899574,0.4784954667185029
2289,batt_tim763,1,763,battery,0.1704573195730313,0.0,0.1704573195730313,0.21729279132556775
2290,pltd_tim764,1,764,diesel,0.011211774730229978,0.1035,-0.09228822526977001,0.024623280818127008
2291,plts_tim764,1,764,solar,0.2953183746556327,0.0,0.2953183746556327,0.427590416469166
2292,batt_tim764,1,764,battery,0.15232286438393738,0.0,0.15232286438393738,0.19417565150021
2293,pltd_tim765,1,765,diesel,0.014437053211017552,0.1186,-0.10416294678898244,0.035580706992462706
2294,plts_tim765,1,765,solar,0.3347543254997501,0.0,0.3347543254997501,0.4812355874639298
2295,batt_tim765,1,765,battery,0.16874999119971434,0.0,0.16874999119971434,0.2150804553929772
2296,pltd_tim766,1,766,diesel,0.007980474974341036,0.0656,-0.057619525025658966,0.019642291869389587
2297,plts_tim766,1,766,solar,0.18523643600454365,0.0,0.18523643600454365,0.26629168233928535
2298,batt_tim766,1,766,battery,0.09339086468603908,0.0,0.09339086468603908,0.11903212819462625
2299,pltd_tim767,1,767,diesel,0.012168854012266275,0.1001,-0.08793114598773372,0.029921155199449666
2300,plts_tim767,1,767,solar,0.2826780425765429,0.0,0.2826780425765429,0.4063714705391136
2301,batt_tim767,1,767,battery,0.14253312753460995,0.0,0.14253312753460995,0.1816676170546313
2302,pltd_tim768,1,768,diesel,0.010948703286970599,0.09,-0.07905129671302939,0.026978707823674203
2303,plts_tim768,1,768,solar,0.2538977195736798,0.0,0.2538977195736798,0.36499833323973574
2304,batt_tim768,1,768,battery,0.12799242578163483,0.0,0.12799242578163483,0.16313284333686243
2305,pltd_tim769,1,769,diesel,0.008252489871132513,0.0681,-0.05984751012886748,0.020206866461575785
2306,plts_tim769,1,769,solar,0.19233521137690207,0.0,0.19233521137690207,0.2764963027942552
2307,batt_tim769,1,769,battery,0.09702288961949161,0.0,0.09702288961949161,0.1236641950365077
2308,pltd_tim770,1,770,diesel,0.012606801302428349,0.1038,-0.09119319869757166,0.03095554082774714
2309,plts_tim770,1,770,solar,0.29317307077562127,0.0,0.29317307077562127,0.42145870077072
2310,batt_tim770,1,770,battery,0.1478466896584796,0.0,0.1478466896584796,0.1884413014805544
2311,pltd_tim771,1,771,diesel,0.01522139659409453,0.1251,-0.10987860340590545,0.03750097998666532
2312,plts_tim771,1,771,solar,0.3530300701804879,0.0,0.3530300701804879,0.5075086515744437
2313,batt_tim771,1,771,battery,0.17796920439453967,0.0,0.17796920439453967,0.22683102413927964
2314,pltd_tim772,1,772,diesel,0.007564357801134385,0.0622,-0.05463564219886562,0.01860314275947262
2315,plts_tim772,1,772,solar,0.17569072219236428,0.0,0.17569072219236428,0.2525688393267246
2316,batt_tim772,1,772,battery,0.0885857223678706,0.0,0.0885857223678706,0.11290808738430788
2317,pltd_tim773,1,773,diesel,0.010760695284310893,0.0887,-0.0779393047156891,0.026371383605749834
2318,plts_tim773,1,773,solar,0.25061386595958074,0.0,0.25061386595958074,0.360275823005829
2319,batt_tim773,1,773,battery,0.12640959188599152,0.0,0.12640959188599152,0.16111945720385318
2320,pltd_tim774,1,774,diesel,0.003450313111906418,0.0339,-0.03044968688809358,0.007035583497065724
2321,plts_tim774,1,774,solar,0.09764664003607615,0.0,0.09764664003607615,0.1410567738445251
2322,batt_tim774,1,774,battery,0.04959447383805918,0.0,0.04959447383805918,0.06382286070566728
2323,pltd_tim775,1,775,diesel,0.014648273232871567,0.1439,-0.12925172676712843,0.029869477716732942
2324,plts_tim775,1,775,solar,0.4145523215916055,0.0,0.4145523215916055,0.5988490676772991
2325,batt_tim775,1,775,battery,0.2105513535768594,0.0,0.2105513535768594,0.2709569603383604
2326,pltd_tim776,1,776,diesel,0.005487032313345503,0.0527,-0.04721296768665449,0.011663332829295768
2327,plts_tim776,1,776,solar,0.14903322876255437,0.0,0.14903322876255437,0.21849933302759722
2328,batt_tim776,1,776,battery,0.07737158776421389,0.0,0.07737158776421389,0.0989209073290407
2329,pltd_tim777,1,777,diesel,0.01239433699934675,0.1023,-0.08990566300065325,0.030337643771674305
2330,plts_tim777,1,777,solar,0.2889532390424883,0.0,0.2889532390424883,0.4153909420087614
2331,batt_tim777,1,777,battery,0.14576668719200683,0.0,0.14576668719200683,0.1857929390627009
2332,pltd_tim778,1,778,diesel,0.0070184617922829755,0.0579,-0.05088153820771703,0.017178532719505372
2333,plts_tim778,1,778,solar,0.16362438104433885,0.0,0.16362438104433885,0.2352223572612017
2334,batt_tim778,1,778,battery,0.08254321280931357,0.0,0.08254321280931357,0.10520877352306665
2335,pltd_tim779,1,779,diesel,0.009928821954039949,0.0819,-0.07197117804596005,0.02429545960041401
2336,plts_tim779,1,779,solar,0.2315194471805601,0.0,0.2315194471805601,0.3328264984557305
2337,batt_tim779,1,779,battery,0.11679714056915151,0.0,0.11679714056915151,0.1488686827226022
2338,pltd_tim780,1,780,diesel,0.014037293111908957,0.1158,-0.10176270688809104,0.03435959894650532
2339,plts_tim780,1,780,solar,0.327247165884756,0.0,0.327247165884756,0.4704416724258581
2340,batt_tim780,1,780,battery,0.1650845639116362,0.0,0.1650845639116362,0.21041524732447384
