Segment,Zone,NSE_Price,Max_NSE_MW,Total_NSE_MWh,NSE_Percent_of_Demand
1,1,2000.0,1.1032205920485318e-14,4.468112380240092e-11,6.5502600055628444e-15
1,2,2000.0,1.1032205922698673e-14,4.468112399832007e-11,6.550260034284624e-15
1,3,2000.0,1.1032205922711598e-14,4.468112399749664e-11,6.5502600341639085e-15
1,4,2000.0,1.103220592209929e-14,4.468112388492117e-11,6.550260017660325e-15
1,5,2000.0,1.103220592240302e-14,4.4681123910223035e-11,6.550260021369583e-15
1,6,2000.0,1.1032205922087981e-14,4.4681123881939526e-11,6.550260017223217e-15
1,7,2000.0,1.1032205921821409e-14,4.468112386564211e-11,6.550260014834012e-15
1,8,2000.0,1.1032205922708366e-14,4.468112397984826e-11,6.550260031576653e-15
1,9,2000.0,1.103220592270352e-14,4.46811239757478e-11,6.550260030975525e-15
1,10,2000.0,1.1032205922189763e-14,4.4681123888742486e-11,6.550260018220532e-15
1,11,2000.0,1.103220592269221e-14,4.468112397197552e-11,6.550260030422508e-15
1,12,2000.0,1.1032205920633952e-14,4.468112380985994e-11,6.550260006656337e-15
1,13,2000.0,1.1032205892251318e-14,4.4769662911869997e-11,6.563239853389596e-15
1,14,2000.0,1.1032205917653194e-14,4.468112371942249e-11,6.550259993398193e-15
1,15,2000.0,1.1032205897784704e-14,4.4770773745360195e-11,6.5634027017596564e-15
1,16,2000.0,1.1032205922577504e-14,4.4681123929605706e-11,6.5502600242110855e-15
1,17,2000.0,1.1032205890273839e-14,4.4770972292016124e-11,6.563431808731659e-15
1,18,2000.0,1.1032205910565613e-14,4.468112357711366e-11,6.550259972535695e-15
1,19,2000.0,1.103220591751587e-14,4.468112371582758e-11,6.550259992871178e-15
1,20,2000.0,5.588445454445123e-15,4.668107492973165e-11,6.843453165617848e-15
1,21,2000.0,1.1032205914764524e-14,4.468112365781183e-11,6.5502599843660604e-15
1,22,2000.0,1.1032205908756156e-14,4.4681123545824656e-11,6.550259967948723e-15
1,23,2000.0,1.1032205907943516e-14,4.4681123533484704e-11,6.550259966139683e-15
1,24,2000.0,1.1032205891346589e-14,4.468112332904528e-11,6.55025993616883e-15
1,25,2000.0,5.588447002710741e-15,4.67043450927492e-11,6.846864575295253e-15
1,26,2000.0,1.1032205911606052e-14,4.4681123596169505e-11,6.5502599753292856e-15
1,27,2000.0,1.1032205910005005e-14,4.4681123565427796e-11,6.550259970822545e-15
1,28,2000.0,1.1032205902437595e-14,4.4681123459841965e-11,6.550259955343646e-15
1,29,2000.0,1.1032205891025087e-14,4.468112332256097e-11,6.550259935218229e-15
1,30,2000.0,5.588447562045586e-15,4.676705785441811e-11,6.8560582763403496e-15
1,31,2000.0,1.1032205905623532e-14,4.4681123497564186e-11,6.55025996087373e-15
1,32,2000.0,1.1032205913824253e-14,4.4681123637040776e-11,6.55025998132102e-15
1,33,2000.0,1.1032205902133864e-14,4.468112345457797e-11,6.550259954571943e-15
1,34,2000.0,1.1032205894558376e-14,4.468112337098373e-11,6.550259942317013e-15
1,35,2000.0,1.103220589557135e-14,4.4681123380803435e-11,6.550259943756584e-15
1,36,2000.0,5.588445449343906e-15,4.6701252386357624e-11,6.8464111840359975e-15
1,37,2000.0,1.1032205896451844e-14,4.468112338982567e-11,6.550259945079245e-15
1,38,2000.0,1.1032205914166757e-14,4.468112364381215e-11,6.550259982313705e-15
1,39,2000.0,1.1032205893419387e-14,4.4681123355093615e-11,6.55025993998752e-15
1,40,2000.0,1.103220588958883e-14,4.468112330384963e-11,6.550259932475144e-15
1,41,2000.0,1.1032205892315941e-14,4.468112334162817e-11,6.5502599380134834e-15
1,42,2000.0,1.1032205896338753e-14,4.468112339026115e-11,6.550259945143086e-15
1,43,2000.0,1.1032205911543044e-14,4.468112359444258e-11,6.550259975076118e-15
1,44,2000.0,1.1032205906313388e-14,4.468112350967177e-11,6.550259962648704e-15
1,45,2000.0,1.1032205897936569e-14,4.468112340720933e-11,6.5502599476276926e-15
1,46,2000.0,1.1032205906959623e-14,4.4681123517804475e-11,6.550259963840958e-15
1,47,2000.0,1.103220590770764e-14,4.4681123529654716e-11,6.550259965578207e-15
1,48,2000.0,1.1032205907040402e-14,4.468112351885588e-11,6.550259963995095e-15
1,49,2000.0,1.1032205917307459e-14,4.468112371143588e-11,6.550259992227355e-15
1,50,2000.0,1.1032205919089451e-14,4.468112375914872e-11,6.550259999222064e-15
1,51,2000.0,1.1032205912861363e-14,4.468112362125231e-11,6.550259979006428e-15
1,52,2000.0,1.1032205914273386e-14,4.4681123647092346e-11,6.550259982794582e-15
1,53,2000.0,1.1032205911630285e-14,4.468112359704696e-11,6.5502599754579204e-15
1,54,2000.0,1.1032205910106787e-14,4.468112356842793e-11,6.550259971262366e-15
1,55,2000.0,1.103220591766935e-14,4.468112372137664e-11,6.550259993684671e-15
1,56,2000.0,1.1032205914199069e-14,4.4681123645922945e-11,6.550259982623147e-15
1,57,2000.0,1.1032205915363907e-14,4.468112366897535e-11,6.5502599860026336e-15
1,58,2000.0,1.1032205919562818e-14,4.468112377311815e-11,6.550260001269985e-15
1,59,2000.0,1.1032205896681258e-14,4.468112339353045e-11,6.550259945622366e-15
1,60,2000.0,1.1032205922325472e-14,4.468112390285543e-11,6.550260020289491e-15
1,61,2000.0,1.1032205883859958e-14,4.4681123237775397e-11,6.55025992278865e-15
1,62,2000.0,1.1032205920684036e-14,4.468112381216463e-11,6.550260006994205e-15
1,63,2000.0,1.103220590770764e-14,4.4681123529654716e-11,6.550259965578207e-15
1,64,2000.0,1.1032205906017736e-14,4.4681123505601196e-11,6.550259962051957e-15
1,65,2000.0,1.1032205879774138e-14,4.468112319643392e-11,6.5502599167279825e-15
1,66,2000.0,1.1032205922454719e-14,4.468112391371324e-11,6.550260021881248e-15
1,67,2000.0,1.103220592187957e-14,4.468112386641381e-11,6.550260014947145e-15
1,68,2000.0,1.1032205916079612e-14,4.468112368337687e-11,6.550259988113899e-15
1,69,2000.0,1.1032205921669544e-14,4.468112385643196e-11,6.550260013483802e-15
1,70,2000.0,1.1032205889243094e-14,4.468112329986982e-11,6.5502599318917035e-15
1,71,2000.0,1.1032205913022921e-14,4.468112362353906e-11,6.550259979341666e-15
1,72,2000.0,1.1032205910476756e-14,4.468112357500715e-11,6.55025997222688e-15
1,73,2000.0,1.1032205904184044e-14,4.468112348078882e-11,6.550259958414458e-15
1,74,2000.0,1.1032205922714829e-14,4.468112398007348e-11,6.550260031609671e-15
1,75,2000.0,1.1032205913489826e-14,4.468112363256989e-11,6.550259980665588e-15
1,76,2000.0,1.103220589212207e-14,4.4681123339569005e-11,6.55025993771161e-15
1,77,2000.0,1.1032205921207486e-14,4.4681123837662364e-11,6.5502600107321766e-15
1,78,2000.0,1.103220590451524e-14,4.468112348519263e-11,6.550259959060057e-15
1,79,2000.0,1.1032205891076786e-14,4.468112332247013e-11,6.550259935204912e-15
1,80,2000.0,1.1032205906576729e-14,4.46811235125033e-11,6.550259963063806e-15
1,81,2000.0,1.103220591484692e-14,4.468112365975838e-11,6.5502599846514245e-15
1,82,2000.0,1.1032205922701904e-14,4.468112397297942e-11,6.550260030569679e-15
1,83,2000.0,1.1032205921913497e-14,4.4681123870526334e-11,6.5502600155500404e-15
1,84,2000.0,1.1032205922556501e-14,4.468112392708627e-11,6.550260023841736e-15
1,85,2000.0,1.103220589455353e-14,4.4681123370478897e-11,6.550259942243005e-15
1,86,2000.0,1.1032205922520958e-14,4.468112392185018e-11,6.5502600230741255e-15
1,87,2000.0,1.103220592236263e-14,4.468112390500158e-11,6.550260020604118e-15
1,88,2000.0,1.1032205917152362e-14,4.468112370821482e-11,6.550259991755147e-15
1,89,2000.0,1.1032205922653436e-14,4.468112400883758e-11,6.550260035826492e-15
1,90,2000.0,1.1032205921018462e-14,4.468112382621032e-11,6.550260009053306e-15
1,91,2000.0,1.1032205920677573e-14,4.4681123811493407e-11,6.550260006895803e-15
1,92,2000.0,1.1032205919339867e-14,4.468112376621805e-11,6.55026000025843e-15
1,93,2000.0,1.1032205922583966e-14,4.468112402055805e-11,6.550260037544715e-15
1,94,2000.0,1.103220591404882e-14,4.468112364380361e-11,6.550259982312452e-15
1,95,2000.0,1.1032205880572238e-14,4.468112320907623e-11,6.550259918581348e-15
1,96,2000.0,1.1032205882447935e-14,4.468112322181844e-11,6.550259920449359e-15
1,97,2000.0,1.1032205904810892e-14,4.4681123489037156e-11,6.550259959623665e-15
1,98,2000.0,1.1032205880331516e-14,4.4681123202571094e-11,6.550259917627694e-15
1,99,2000.0,1.1032205883674166e-14,4.468112323664051e-11,6.550259922622276e-15
1,100,2000.0,1.1032205918645165e-14,4.4681123746852034e-11,6.550259997419368e-15
1,101,2000.0,1.1032205909066349e-14,4.4681123551063365e-11,6.550259968716718e-15
1,102,2000.0,1.1032205912827435e-14,4.4681123619201974e-11,6.550259978705849e-15
1,103,2000.0,1.1032205915808194e-14,4.468112367753102e-11,6.5502599872568964e-15
1,104,2000.0,1.1032205917882608e-14,4.468112372510652e-11,6.550259994231472e-15
1,105,2000.0,1.1032205909092198e-14,4.4681123550922706e-11,6.550259968696097e-15
1,106,2000.0,1.1032205896791118e-14,4.46811233947165e-11,6.550259945796241e-15
1,107,2000.0,1.1032205897493898e-14,4.468112340232767e-11,6.55025994691204e-15
1,108,2000.0,1.1032205907917666e-14,4.4681123532452764e-11,6.550259965988401e-15
1,109,2000.0,1.103220591090004e-14,4.468112358446689e-11,6.5502599736136796e-15
1,110,2000.0,1.1032205902049854e-14,4.468112345463083e-11,6.550259954579692e-15
1,111,2000.0,1.103220591417645e-14,4.468112364521569e-11,6.550259982519464e-15
1,112,2000.0,1.103220591564502e-14,4.4681123674983855e-11,6.550259986883482e-15
1,113,2000.0,1.103220591980354e-14,4.468112377815004e-11,6.550260002007661e-15
1,114,2000.0,1.1032205910216647e-14,4.468112356974886e-11,6.550259971456014e-15
1,115,2000.0,1.10322059103362e-14,4.468112357242995e-11,6.5502599718490624e-15
1,116,2000.0,1.1032205910795027e-14,4.4681123580249263e-11,6.550259972995375e-15
1,117,2000.0,1.1032205916805011e-14,4.468112369928513e-11,6.550259990446052e-15
1,118,2000.0,1.103220591157374e-14,4.468112359500162e-11,6.550259975158073e-15
1,119,2000.0,1.1032205908155157e-14,4.468112353617113e-11,6.550259966533513e-15
1,120,2000.0,1.1032205911811231e-14,4.4681123599750835e-11,6.550259975854308e-15
1,121,2000.0,1.1032205916690304e-14,4.468112369841472e-11,6.55025999031845e-15
1,122,2000.0,1.1032205912447772e-14,4.468112361113827e-11,6.550259977523708e-15
1,123,2000.0,1.1032205911287781e-14,4.468112358770445e-11,6.5502599740883064e-15
1,124,2000.0,1.1032205912037413e-14,4.468112360371842e-11,6.550259976435957e-15
1,125,2000.0,1.1032205917008575e-14,4.468112370426733e-11,6.550259991176443e-15
1,126,2000.0,1.1032205913145706e-14,4.4681123626003285e-11,6.550259979702922e-15
1,127,2000.0,1.1032205919971562e-14,4.468112378278792e-11,6.550260002687574e-15
1,128,2000.0,1.1032205918601544e-14,4.4681123744502175e-11,6.5502599970748786e-15
1,129,2000.0,1.1032205916979494e-14,4.4681123702423026e-11,6.550259990906068e-15
1,130,2000.0,1.103220591383233e-14,4.4681123638502863e-11,6.5502599815353624e-15
1,131,2000.0,1.1032205915951981e-14,4.4681123680879824e-11,6.550259987747832e-15
1,132,2000.0,1.1032205912862978e-14,4.46811236212501e-11,6.550259979006105e-15
1,133,2000.0,1.1032205883531994e-14,4.4680654001594285e-11,6.5501911326882966e-15
1,134,2000.0,1.1032205916683842e-14,4.4681123699232435e-11,6.5502599904383275e-15
1,135,2000.0,1.103220590755739e-14,4.467905293631042e-11,6.549956416257672e-15
1,136,2000.0,1.1032205888089565e-14,4.467996405689772e-11,6.550089986683735e-15
1,137,2000.0,1.1032205887929622e-14,4.468112328503189e-11,6.5502599297164606e-15
1,138,2000.0,5.5884498070630436e-15,4.6687749900377155e-11,6.844431717398482e-15
1,139,2000.0,1.1032205917703277e-14,4.4681123720335085e-11,6.55025999353198e-15
1,140,2000.0,5.588443618624382e-15,4.666072387052306e-11,6.840469697032895e-15
1,141,2000.0,5.588455946870109e-15,4.674191842244778e-11,6.852372831530903e-15
1,142,2000.0,1.1032205909478323e-14,4.468112355517872e-11,6.550259969320029e-15
1,143,2000.0,1.1032205913972887e-14,4.468112364258799e-11,6.550259982134242e-15
1,144,2000.0,1.103220590871415e-14,4.46811235461834e-11,6.550259968001314e-15
1,145,2000.0,1.1032205909097045e-14,4.468112355190257e-11,6.550259968839746e-15
1,146,2000.0,5.588458240754231e-15,4.665016488130253e-11,6.838921747498405e-15
1,147,2000.0,5.588446104512149e-15,4.6681174415771614e-11,6.843467750287464e-15
1,148,2000.0,5.588445343026156e-15,4.6666983047241095e-11,6.841387293356238e-15
1,149,2000.0,5.58845570218863e-15,4.6746333962256037e-11,6.853020150383868e-15
1,150,2000.0,1.1032205914990707e-14,4.468112365930611e-11,6.550259984585121e-15
1,151,2000.0,1.1032205904684876e-14,4.468112348589386e-11,6.550259959162858e-15
1,152,2000.0,1.103220591312955e-14,4.4681123626054816e-11,6.550259979710477e-15
1,153,2000.0,1.103220588866633e-14,4.46811232947204e-11,6.550259931136797e-15
1,154,2000.0,1.1032205905037074e-14,4.468112349276224e-11,6.550259960169764e-15
1,155,2000.0,1.1032205909950075e-14,4.4681123563776504e-11,6.550259970580466e-15
1,156,2000.0,1.1032205897472895e-14,4.468112340080452e-11,6.550259946688746e-15
1,157,2000.0,1.1032205914157064e-14,4.4681123645364424e-11,6.550259982541269e-15
1,158,2000.0,5.588455026433768e-15,4.662027549842404e-11,6.834539959114438e-15
1,159,2000.0,5.588452845416179e-15,4.668236850093219e-11,6.843642803365921e-15
1,160,2000.0,1.1032205881698303e-14,4.46749479701593e-11,6.549354627553278e-15
1,161,2000.0,1.1032205914635277e-14,4.4681123655788056e-11,6.5502599840693745e-15
1,162,2000.0,1.1032205908358721e-14,4.4681123540483596e-11,6.5502599671657214e-15
1,163,2000.0,5.588457387536816e-15,4.666016748536595e-11,6.8403881308785065e-15
1,164,2000.0,5.588455849818559e-15,4.6682529629384454e-11,6.8436664248231895e-15
1,165,2000.0,5.5884575051871026e-15,4.6678225221319556e-11,6.843035397901848e-15
1,166,2000.0,5.5884571463991275e-15,4.665558636906889e-11,6.839716538485393e-15
1,167,2000.0,5.588449585617746e-15,4.6615780953225363e-11,6.833881058058407e-15
1,168,2000.0,5.5884583431154085e-15,4.668350165171177e-11,6.843808923454229e-15
1,169,2000.0,1.1032205921693778e-14,4.4681123857889424e-11,6.5502600136974684e-15
1,170,2000.0,1.1032205919877858e-14,4.468112378010751e-11,6.550260002294627e-15
1,171,2000.0,1.1032205918695248e-14,4.468112374772777e-11,6.550259997547751e-15
1,172,2000.0,1.1032205903395638e-14,4.4681123471526285e-11,6.550259957056568e-15
1,173,2000.0,1.1032205916152314e-14,4.4681123684082014e-11,6.550259988217273e-15
1,174,2000.0,1.1032205916011758e-14,4.468112368199306e-11,6.5502599879110325e-15
1,175,2000.0,1.1032205913292725e-14,4.468112362782829e-11,6.550259979970468e-15
1,176,2000.0,1.1032205903726833e-14,4.468112347481827e-11,6.550259957539174e-15
1,177,2000.0,1.103220592133027e-14,4.468112383921001e-11,6.550260010959063e-15
1,178,2000.0,1.1032205909268297e-14,4.468112355520258e-11,6.5502599693235266e-15
1,179,2000.0,1.1032205905633226e-14,4.4681123500283e-11,6.550259961272308e-15
1,180,2000.0,1.103220591103898e-14,4.468112358605342e-11,6.550259973846265e-15
1,181,2000.0,1.1032205909929072e-14,4.4681123566237845e-11,6.550259970941298e-15
1,182,2000.0,1.1032205918498146e-14,4.4681123741974376e-11,6.5502599967043025e-15
1,183,2000.0,1.1032205914126368e-14,4.4681123645474044e-11,6.550259982557338e-15
1,184,2000.0,1.1032205901369691e-14,4.468112344772802e-11,6.550259953567739e-15
1,185,2000.0,1.1032205916977879e-14,4.468112370314265e-11,6.550259991011565e-15
1,186,2000.0,1.1032205907449146e-14,4.468112352417911e-11,6.5502599647754816e-15
1,187,2000.0,1.1032205892149536e-14,4.4681123339514786e-11,6.550259937703662e-15
1,188,2000.0,1.1032205922585582e-14,4.468112402011787e-11,6.550260037480185e-15
1,189,2000.0,1.1032205922627587e-14,4.4681124013228386e-11,6.550260036470185e-15
1,190,2000.0,1.1032205923921672e-14,4.4681124071297434e-11,6.550260044983116e-15
1,191,2000.0,1.103220592267767e-14,4.468112395704685e-11,6.550260028233962e-15
1,192,2000.0,1.1032205916040838e-14,4.4681123682486435e-11,6.550259987983361e-15
1,193,2000.0,1.1032205912021257e-14,4.468112360378381e-11,6.5502599764455435e-15
1,194,2000.0,1.1032205905827096e-14,4.468112350202451e-11,6.550259961527614e-15
1,195,2000.0,1.1032205921241413e-14,4.468112383641048e-11,6.550260010548651e-15
1,196,2000.0,1.1032205888180038e-14,4.4681123287574364e-11,6.550259930089187e-15
1,197,2000.0,1.1032205898413167e-14,4.468112341570646e-11,6.5502599488733726e-15
1,198,2000.0,1.1032205917541719e-14,4.468112371735348e-11,6.550259993094876e-15
1,199,2000.0,1.1032205921676006e-14,4.468112385715354e-11,6.550260013589586e-15
1,200,2000.0,1.103220592231901e-14,4.4681123901534175e-11,6.550260020095795e-15
1,201,2000.0,1.1032205916848632e-14,4.4681123700891346e-11,6.550259990681525e-15
1,202,2000.0,1.103220589301226e-14,4.468112335106036e-11,6.5502599393962446e-15
1,203,2000.0,1.1032205922432101e-14,4.468112391234491e-11,6.550260021680651e-15
1,204,2000.0,1.103220592179556e-14,4.4681123863453397e-11,6.550260014513147e-15
1,205,2000.0,1.1032205922328703e-14,4.46811239023004e-11,6.5502600202081244e-15
1,206,2000.0,1.1032205920979688e-14,4.468112382458243e-11,6.550260008814657e-15
1,207,2000.0,1.103220592191996e-14,4.468112387112315e-11,6.5502600156375346e-15
1,208,2000.0,1.1032205922613047e-14,4.468112393573227e-11,6.550260025109242e-15
1,209,2000.0,1.1032205912643259e-14,4.468112361678201e-11,6.550259978351082e-15
1,210,2000.0,1.1032205921241413e-14,4.4681123836410465e-11,6.550260010548648e-15
1,211,2000.0,1.1032205907027478e-14,4.468112351864822e-11,6.550259963964652e-15
1,212,2000.0,1.1032205918506224e-14,4.4681123742908586e-11,6.550259996841258e-15
1,213,2000.0,1.1032205910108402e-14,4.468112356895183e-11,6.55025997133917e-15
1,214,2000.0,1.103220586741005e-14,4.467777955246003e-11,6.549769737978409e-15
1,215,2000.0,1.1032205908778774e-14,4.4681123545593446e-11,6.550259967914826e-15
1,216,2000.0,1.1032205906122749e-14,4.468112350621835e-11,6.550259962142431e-15
1,217,2000.0,1.1032205913821022e-14,4.4681123639499054e-11,6.550259981681404e-15
1,218,2000.0,1.1032205889792394e-14,4.468112330865834e-11,6.550259933180101e-15
1,219,2000.0,1.1032205899109485e-14,4.468112341998506e-11,6.550259949500617e-15
1,220,2000.0,1.1032205914076284e-14,4.4681123643480636e-11,6.5502599822651045e-15
1,221,2000.0,1.1032205836334231e-14,4.47684146808463e-11,6.563056862518812e-15
1,222,2000.0,1.1032205873547665e-14,4.477088427283576e-11,6.5634189051055234e-15
1,223,2000.0,1.1032205913995505e-14,4.468104787227108e-11,6.5502488741934786e-15
1,224,2000.0,1.1032205918863269e-14,4.4681123971914346e-11,6.550260030413539e-15
1,225,2000.0,1.1032205921806869e-14,4.468112387377072e-11,6.5502600160256675e-15
1,226,2000.0,1.1032205917535256e-14,4.4681123717276876e-11,6.5502599930836455e-15
1,227,2000.0,1.1032205910085784e-14,4.468112356833598e-11,6.550259971248886e-15
1,228,2000.0,1.1032205921976505e-14,4.468112387431867e-11,6.550260016105999e-15
1,229,2000.0,1.1032205912352453e-14,4.46806461850728e-11,6.5501899867849785e-15
1,230,2000.0,1.103220592241756e-14,4.468112391507569e-11,6.5502600220809836e-15
1,231,2000.0,1.1032205921125091e-14,4.4681123834151053e-11,6.550260010217418e-15
1,232,2000.0,1.1032205921296343e-14,4.468112384095899e-11,6.550260011215463e-15
1,233,2000.0,1.1032205918270349e-14,4.4681123739787045e-11,6.55025999638364e-15
1,234,2000.0,1.1032205922695442e-14,4.4681123974056944e-11,6.550260030727645e-15
1,235,2000.0,1.103220591932048e-14,4.4681123765822736e-11,6.550260000200476e-15
1,236,2000.0,1.1032205917457708e-14,4.4681123714788923e-11,6.55025999271891e-15
1,237,2000.0,1.103220590394009e-14,4.4681123478415265e-11,6.550259958066494e-15
1,238,2000.0,1.1032205922259233e-14,4.468112389837083e-11,6.550260019632048e-15
1,239,2000.0,1.1032205902889959e-14,4.4681123465598496e-11,6.550259956187554e-15
1,240,2000.0,1.1032205917210523e-14,4.468112371180284e-11,6.550259992281151e-15
1,241,2000.0,1.103220590538281e-14,4.4681123498989735e-11,6.550259961082715e-15
1,242,2000.0,1.1032205918446448e-14,4.4681123745804435e-11,6.55025999726579e-15
1,243,2000.0,1.1032205914943855e-14,4.4681123661366355e-11,6.5502599848871535e-15
1,244,2000.0,1.1032205922705135e-14,4.4681123976556755e-11,6.550260031094118e-15
1,245,2000.0,1.1032205922506418e-14,4.468112392033929e-11,6.550260022852629e-15
1,246,2000.0,1.1032205922719675e-14,4.4681123982037486e-11,6.550260031897594e-15
1,247,2000.0,1.1032205922685748e-14,4.4681124002441944e-11,6.55026003488889e-15
1,248,2000.0,1.1032205922446641e-14,4.4681123913356667e-11,6.550260021828975e-15
1,249,2000.0,1.1032205922679286e-14,4.468112396651935e-11,6.550260029622632e-15
1,250,2000.0,1.1032205922701904e-14,4.4681123974383164e-11,6.5502600307754685e-15
1,251,2000.0,1.1032205922687364e-14,4.4681123969407524e-11,6.5502600300460396e-15
1,252,2000.0,1.1032205922488647e-14,4.4681124031305985e-11,6.550260039120363e-15
1,253,2000.0,1.1032205897896179e-14,4.468112340694642e-11,6.5502599475891504e-15
1,254,2000.0,1.1032205904187275e-14,4.468112348283597e-11,6.55025995871457e-15
1,255,2000.0,1.1032205908290867e-14,4.468112353711234e-11,6.5502599666714946e-15
1,256,2000.0,1.1032205911194077e-14,4.468112358919011e-11,6.5502599743061046e-15
1,257,2000.0,1.1032205897261253e-14,4.468112339943758e-11,6.5502599464883534e-15
1,258,2000.0,1.1032205879116594e-14,4.468112318973446e-11,6.550259915745841e-15
1,259,2000.0,1.1032205870268024e-14,4.4681123114389104e-11,6.550259904700199e-15
1,260,2000.0,1.1032205890503252e-14,4.468112331771823e-11,6.5502599345082826e-15
1,261,2000.0,1.1032205807135725e-14,4.4680661522337326e-11,6.550192235230447e-15
1,262,2000.0,1.10322059122329e-14,4.468112360839512e-11,6.550259977121561e-15
1,263,2000.0,1.1032205891889426e-14,4.468112333712018e-11,6.550259937352611e-15
1,264,2000.0,1.1032205922664746e-14,4.468112400668632e-11,6.5502600355111164e-15
1,265,2000.0,1.1032205921718011e-14,4.468112385946915e-11,6.550260013929056e-15
1,266,2000.0,1.1032205922577504e-14,4.4681124021166916e-11,6.550260037633974e-15
1,267,2000.0,1.1032205922685748e-14,4.468112400247774e-11,6.550260034894139e-15
1,268,2000.0,1.1032205922488647e-14,4.468112403114776e-11,6.5502600390971685e-15
1,269,2000.0,1.1032205921621076e-14,4.468112385424586e-11,6.5502600131633205e-15
1,270,2000.0,1.1032205922646974e-14,4.468112394399909e-11,6.550260026321158e-15
1,271,2000.0,1.1032205840649465e-14,4.4681122900897885e-11,6.5502598734023524e-15
1,272,2000.0,1.1032205904878747e-14,4.468112349163611e-11,6.5502599600046725e-15
1,273,2000.0,1.1032205910492912e-14,4.468112357562605e-11,6.55025997231761e-15
1,274,2000.0,1.103220589382813e-14,4.46811233617412e-11,6.550259940962057e-15
1,275,2000.0,1.1032205865928557e-14,4.4681123083496196e-11,6.550259900171295e-15
1,276,2000.0,1.1032205897878408e-14,4.468112340855777e-11,6.550259947825374e-15
1,277,2000.0,1.1032205900061066e-14,4.468112343527175e-11,6.550259951741648e-15
1,278,2000.0,1.1032205896799195e-14,4.4681123396046855e-11,6.5502599459912724e-15
1,279,2000.0,1.1032205854432038e-14,4.47654844980318e-11,6.56262729724235e-15
1,280,2000.0,1.1032205807937056e-14,4.4676011050597564e-11,6.5495104753181706e-15
1,281,2000.0,1.1032205877318446e-14,4.468112317866478e-11,6.550259914123024e-15
1,282,2000.0,1.1032205858752118e-14,4.468086254272495e-11,6.550221704851919e-15
1,283,2000.0,1.1032205890598572e-14,4.468045513918089e-11,6.550161979426198e-15
1,284,2000.0,1.1032205890063813e-14,4.4681123311208304e-11,6.550259933553927e-15
1,285,2000.0,1.1032205915061792e-14,4.468112366374781e-11,6.550259985236275e-15
1,286,2000.0,1.1032205918863269e-14,4.46811237528975e-11,6.550259998305634e-15
1,287,2000.0,1.1032205886377043e-14,4.4681123267248675e-11,6.550259927109438e-15
1,288,2000.0,1.1032205897364651e-14,4.4681123400882e-11,6.550259946700104e-15
1,289,2000.0,1.103220592109278e-14,4.468112382961949e-11,6.5502600095530914e-15
1,290,2000.0,1.1032205897920413e-14,4.468112340692696e-11,6.550259947586297e-15
1,291,2000.0,1.1032205906407092e-14,4.477102853972955e-11,6.5634400546555825e-15
1,292,2000.0,1.1032205915271819e-14,4.468112366705738e-11,6.550259985721459e-15
1,293,2000.0,1.1032205920362534e-14,4.468112379791579e-11,6.550260004905323e-15
1,294,2000.0,1.1032205916389805e-14,4.468112368893182e-11,6.550259988928255e-15
1,295,2000.0,1.1032205910604388e-14,4.468112357635507e-11,6.550259972424486e-15
1,296,2000.0,1.1032205917842218e-14,4.468112372455799e-11,6.550259994151058e-15
1,297,2000.0,1.1032205873134075e-14,4.4681123138635784e-11,6.550259908254767e-15
1,298,2000.0,1.1032205907972596e-14,4.4681123533254716e-11,6.5502599661059665e-15
1,299,2000.0,1.1032205920837516e-14,4.46811238181645e-11,6.550260007873787e-15
1,300,2000.0,1.1032205916035992e-14,4.468112368110464e-11,6.55025998778079e-15
1,301,2000.0,1.1032205911216695e-14,4.468112358866417e-11,6.550259974229002e-15
1,302,2000.0,1.1032205916205628e-14,4.468112368484928e-11,6.550259988329755e-15
1,303,2000.0,1.1032205916968185e-14,4.468112370321433e-11,6.5502599910220735e-15
1,304,2000.0,1.1032205915811425e-14,4.468112367679113e-11,6.550259987148428e-15
1,305,2000.0,1.1032205917522332e-14,4.4681123716891035e-11,6.550259993027082e-15
1,306,2000.0,1.1032205913476901e-14,4.4681123631926874e-11,6.5502599805713215e-15
1,307,2000.0,1.1032205920305988e-14,4.468112379618022e-11,6.550260004650887e-15
1,308,2000.0,1.1032205916108693e-14,4.468112368476749e-11,6.5502599883177644e-15
1,309,2000.0,1.1032205915436609e-14,4.468112367002109e-11,6.550259986155939e-15
1,310,2000.0,1.1032205909948459e-14,4.468112356722289e-11,6.550259971085707e-15
1,311,2000.0,5.588452435864033e-15,4.667367943571128e-11,6.842368984993447e-15
1,312,2000.0,1.1032205907423296e-14,4.468112352553107e-11,6.550259964973679e-15
1,313,2000.0,1.1032205914885693e-14,4.468112365887076e-11,6.550259984521299e-15
1,314,2000.0,1.1032205910387899e-14,4.468112357415633e-11,6.55025997210215e-15
1,315,2000.0,1.1032205914774218e-14,4.4681123657813744e-11,6.5502599843663404e-15
1,316,2000.0,1.103220589872336e-14,4.4681123413975575e-11,6.5502599486196244e-15
1,317,2000.0,1.1032205908213319e-14,4.4681123537184153e-11,6.550259966682023e-15
1,318,2000.0,1.1032205904478081e-14,4.468112348522812e-11,6.55025995906526e-15
1,319,2000.0,1.103220591780506e-14,4.4681123724591434e-11,6.550259994155961e-15
1,320,2000.0,1.103220591434124e-14,4.4681123650873905e-11,6.550259983348958e-15
1,321,2000.0,1.1032205908840166e-14,4.4681123544558514e-11,6.550259967763106e-15
1,322,2000.0,1.1032205904801199e-14,4.4681123489686984e-11,6.55025995971893e-15
1,323,2000.0,1.103220591673231e-14,4.4681123698773757e-11,6.550259990371085e-15
1,324,2000.0,1.1032205916704845e-14,4.468112369821517e-11,6.5502599902891965e-15
1,325,2000.0,1.1032205914136061e-14,4.468112364229119e-11,6.5502599820907315e-15
1,326,2000.0,1.1032205907544466e-14,4.46811235228209e-11,6.5502599645763676e-15
1,327,2000.0,1.1032205912940527e-14,4.468112362254344e-11,6.550259979195708e-15
1,328,2000.0,1.1032205917422165e-14,4.4681123711076724e-11,6.550259992174703e-15
1,329,2000.0,1.103220591967591e-14,4.4681123769035195e-11,6.550260000671423e-15
1,330,2000.0,1.1032205896860588e-14,4.468112339609994e-11,6.550259945999054e-15
1,331,2000.0,1.1032205917884223e-14,4.468112372230948e-11,6.550259993821426e-15
1,332,2000.0,1.1032205908646296e-14,4.468112354517378e-11,6.550259967853304e-15
1,333,2000.0,1.1032205922671208e-14,4.468112395978717e-11,6.5502600286356935e-15
1,334,2000.0,1.1032205915603014e-14,4.468112367458218e-11,6.550259986824596e-15
1,335,2000.0,1.1032205921995892e-14,4.468112387707694e-11,6.55026001651036e-15
1,336,2000.0,1.1032205917095817e-14,4.468112370720968e-11,6.5502599916077925e-15
1,337,2000.0,1.1032205916068303e-14,4.4681123683672134e-11,6.550259988157184e-15
1,338,2000.0,1.1032205916859941e-14,4.468112370187293e-11,6.550259990825425e-15
1,339,2000.0,1.103220591967591e-14,4.468112377646725e-11,6.550260001760963e-15
1,340,2000.0,1.103220591777921e-14,4.468112372252093e-11,6.550259993852424e-15
1,341,2000.0,1.1032205908273095e-14,4.467938444379328e-11,6.550005015308496e-15
1,342,2000.0,1.1032205908208472e-14,4.4681123537705684e-11,6.550259966758479e-15
1,343,2000.0,1.103220591422815e-14,4.468112364715659e-11,6.550259982804e-15
1,344,2000.0,1.103220591824773e-14,4.468112373615798e-11,6.550259995851617e-15
1,345,2000.0,1.1032205914302467e-14,4.4681123648863326e-11,6.550259983054208e-15
1,346,2000.0,1.1032205918267117e-14,4.4681123736608106e-11,6.550259995917607e-15
1,347,2000.0,1.1032205908487968e-14,4.4678997168728596e-11,6.549948240721119e-15
1,348,2000.0,1.1032205908801392e-14,4.4681123546366776e-11,6.5502599680281965e-15
1,349,2000.0,1.1032205921813331e-14,4.468112386359976e-11,6.550260014534604e-15
1,350,2000.0,1.1032205896112571e-14,4.468112338737968e-11,6.550259944720664e-15
1,351,2000.0,1.1032205899364748e-14,4.468112342344074e-11,6.55025995000722e-15
1,352,2000.0,1.1032205914386477e-14,4.468112365138908e-11,6.550259983424483e-15
1,353,2000.0,1.1032205894739322e-14,4.468112337416716e-11,6.550259942783705e-15
1,354,2000.0,1.1032205919152459e-14,4.4681123761542167e-11,6.550259999572945e-15
1,355,2000.0,1.1032205921018462e-14,4.4681123826921346e-11,6.550260009157543e-15
1,356,2000.0,1.1032205891866808e-14,4.468112333588777e-11,6.55025993717194e-15
1,357,2000.0,1.1032205895719983e-14,4.4681123384131454e-11,6.5502599442444725e-15
1,358,2000.0,1.1032205910711016e-14,4.4681123580006454e-11,6.5502599729597786e-15
1,359,2000.0,1.1032205899994827e-14,4.4681123430089015e-11,6.550259950981857e-15
1,360,2000.0,1.1032205910320044e-14,4.4681123572994004e-11,6.5502599719317524e-15
1,361,2000.0,1.1032205916989188e-14,4.4681123703821846e-11,6.550259991111136e-15
1,362,2000.0,1.103220591643181e-14,4.468112369117552e-11,6.5502599892571826e-15
1,363,2000.0,1.1032205920480472e-14,4.468112380263618e-11,6.5502600055973334e-15
1,364,2000.0,1.1032205907105026e-14,4.468112352077651e-11,6.5502599642766596e-15
1,365,2000.0,1.1032205918759871e-14,4.468112375092833e-11,6.550259998016954e-15
1,366,2000.0,1.1032205913682081e-14,4.468112363636057e-11,6.550259981221301e-15
1,367,2000.0,1.1032205914564192e-14,4.4681123654577497e-11,6.550259983891906e-15
1,368,2000.0,5.588446418976491e-15,4.664162302563099e-11,6.837669510069777e-15
1,369,2000.0,1.1032205900679836e-14,4.4681123439582444e-11,6.5502599523735966e-15
1,370,2000.0,1.103220589370373e-14,4.468112336013248e-11,6.55025994072622e-15
1,371,2000.0,1.1032205916216937e-14,4.4681123686303014e-11,6.550259988542872e-15
1,372,2000.0,1.1032205915709643e-14,4.4681123675488474e-11,6.550259986957459e-15
1,373,2000.0,1.1032205919241316e-14,4.468112376360566e-11,6.550259999875453e-15
1,374,2000.0,1.1032205920380305e-14,4.4681123798131364e-11,6.550260004936926e-15
1,375,2000.0,1.1032205901746123e-14,4.4681123451634414e-11,6.550259954140417e-15
1,376,2000.0,1.1032205906226146e-14,4.468112350822934e-11,6.5502599624372434e-15
1,377,2000.0,1.1032205909061502e-14,4.468112355246508e-11,6.5502599689222086e-15
1,378,2000.0,1.1032205915677331e-14,4.468112367596757e-11,6.5502599870276944e-15
1,379,2000.0,1.1032205915171652e-14,4.468112366558832e-11,6.550259985506094e-15
1,380,2000.0,1.1032205909773976e-14,4.468112356480554e-11,6.550259970731323e-15
1,381,2000.0,5.588448875145533e-15,4.6657533706409213e-11,6.8400020184557286e-15
1,382,2000.0,1.1032205913919572e-14,4.4681123641116463e-11,6.550259981918516e-15
1,383,2000.0,1.103220590295943e-14,4.4681123465023986e-11,6.550259956103331e-15
1,384,2000.0,1.1032205914346087e-14,4.4681123644628065e-11,6.550259982433318e-15
1,385,2000.0,5.588442813880236e-15,4.6636392817811394e-11,6.836902760754048e-15
1,386,2000.0,1.103220587296767e-14,4.4681123139266445e-11,6.550259908347221e-15
1,387,2000.0,1.1032205917591802e-14,4.468112371833341e-11,6.550259993238533e-15
1,388,2000.0,1.1032205890708432e-14,4.468112332031012e-11,6.550259934888255e-15
1,389,2000.0,1.1032205866500474e-14,4.4681123084460494e-11,6.550259900312661e-15
1,390,2000.0,1.1032205889815012e-14,4.468112330896605e-11,6.550259933225211e-15
1,391,2000.0,1.1032205902293807e-14,4.4681123458524654e-11,6.550259955150528e-15
1,392,2000.0,1.1032205915116722e-14,4.468112366124746e-11,6.550259984869724e-15
1,393,2000.0,1.1032205910399208e-14,4.468112357125e-11,6.550259971676082e-15
1,394,2000.0,5.5884475215694735e-15,4.678911263669629e-11,6.8592915110039864e-15
1,395,2000.0,1.1032205906053279e-14,4.468112350384226e-11,6.550259961794096e-15
1,396,2000.0,1.103220591359807e-14,4.468112363163956e-11,6.5502599805292e-15
1,397,2000.0,1.1032205890249605e-14,4.4681123316127696e-11,6.55025993427511e-15
1,398,2000.0,1.1032205900080453e-14,4.4681123433169985e-11,6.550259951433528e-15
1,399,2000.0,1.103220590765271e-14,4.4681123529098204e-11,6.550259965496621e-15
1,400,2000.0,1.1032205904138808e-14,4.46811234810347e-11,6.5502599584505045e-15
1,401,2000.0,1.1032205906174448e-14,4.4681123508763694e-11,6.550259962515578e-15
1,402,2000.0,1.1032205891824803e-14,4.468112333593742e-11,6.550259937179219e-15
1,403,2000.0,1.103220591047514e-14,4.4681123576158015e-11,6.550259972395598e-15
1,404,2000.0,1.103220591830266e-14,4.468112373685513e-11,6.5502599959538205e-15
1,405,2000.0,1.1032205917313921e-14,4.468112371276145e-11,6.550259992421684e-15
1,406,2000.0,1.1032205909651191e-14,4.468112356210935e-11,6.550259970336061e-15
1,407,2000.0,1.1032205917532025e-14,4.468112371775509e-11,6.5502599931537516e-15
1,408,2000.0,1.1032205914488259e-14,4.4681123653500294e-11,6.550259983733988e-15
1,409,2000.0,1.1032205886338269e-14,4.4681123267363595e-11,6.550259927126285e-15
1,410,2000.0,1.1032205895532575e-14,4.4681123382464123e-11,6.5502599440000416e-15
1,411,2000.0,1.1032205914068206e-14,4.468112364479664e-11,6.5502599824580315e-15
1,412,2000.0,1.103220591279997e-14,4.468112362064284e-11,6.55025997891708e-15
1,413,2000.0,1.1032205916729078e-14,4.46811236987774e-11,6.550259990371619e-15
1,414,2000.0,1.1032205915278281e-14,4.4681123667053364e-11,6.55025998572087e-15
1,415,2000.0,1.1032205912535014e-14,4.46811236150986e-11,6.550259978104293e-15
1,416,2000.0,1.1032205916934258e-14,4.468112370388306e-11,6.5502599911201084e-15
1,417,2000.0,1.1032205846518893e-14,4.4681122936936975e-11,6.550259878685689e-15
1,418,2000.0,1.1032205884480344e-14,4.468112324618341e-11,6.550259924021267e-15
1,419,2000.0,5.588450706129206e-15,4.666260706330505e-11,6.840745773400563e-15
1,420,2000.0,1.103220589876698e-14,4.468112340882253e-11,6.550259947864188e-15
1,421,2000.0,5.588442496948084e-15,4.666529499267598e-11,6.841139824282855e-15
1,422,2000.0,1.1032205909077658e-14,4.4681123546010287e-11,6.550259967975936e-15
1,423,2000.0,1.1032205916985957e-14,4.4681123704922714e-11,6.550259991272523e-15
1,424,2000.0,1.1032205905544369e-14,4.468112349800308e-11,6.550259960938071e-15
1,425,2000.0,1.1032205916048916e-14,4.468112367757532e-11,6.550259987263391e-15
1,426,2000.0,5.58844732503653e-15,4.6601444397885215e-11,6.831779316717312e-15
1,427,2000.0,1.1032205918021548e-14,4.468112371793701e-11,6.550259993180421e-15
1,428,2000.0,1.103220591828812e-14,4.4681123735051313e-11,6.550259995689381e-15
1,429,2000.0,1.1032205910082553e-14,4.468112355704118e-11,6.550259969593066e-15
1,430,2000.0,1.1032205913945422e-14,4.4681123643053746e-11,6.550259982202522e-15
1,431,2000.0,1.1032205911121375e-14,4.468112358760148e-11,6.550259974073211e-15
1,432,2000.0,1.1032205911612514e-14,4.4681123584373405e-11,6.5502599735999755e-15
1,433,2000.0,1.1032205915284743e-14,4.468112366798056e-11,6.550259985856798e-15
1,434,2000.0,1.1032205899453605e-14,4.4681123412576735e-11,6.550259948414555e-15
1,435,2000.0,1.1032205900335716e-14,4.468112343374423e-11,6.550259951517713e-15
1,436,2000.0,1.1032205908371646e-14,4.468112353402792e-11,6.550259966219319e-15
1,437,2000.0,1.1032205917672581e-14,4.468112371436338e-11,6.550259992656526e-15
1,438,2000.0,1.1032205917624114e-14,4.468112372004878e-11,6.550259993490006e-15
1,439,2000.0,1.1032205903700984e-14,4.468112346821337e-11,6.550259956570894e-15
1,440,2000.0,1.1032205900106302e-14,4.4681123431348985e-11,6.550259951166571e-15
1,441,2000.0,1.1032205907255275e-14,4.4681123523141884e-11,6.550259964623423e-15
1,442,2000.0,1.1032205892618056e-14,4.468112334767368e-11,6.550259938899757e-15
1,443,2000.0,1.1032205918654858e-14,4.4681123747810174e-11,6.550259997559832e-15
1,444,2000.0,1.1032205903791457e-14,4.468112347762671e-11,6.550259957950891e-15
1,445,2000.0,1.1032205920948992e-14,4.468112382393997e-11,6.550260008720472e-15
1,446,2000.0,1.103220591132494e-14,4.468112359051304e-11,6.550259974500047e-15
1,447,2000.0,1.1032205911392794e-14,4.468112359327134e-11,6.550259974904414e-15
1,448,2000.0,1.1032205906980626e-14,4.468112351917621e-11,6.5502599640420555e-15
1,449,2000.0,1.1032205911995408e-14,4.468112360510362e-11,6.5502599766390274e-15
1,450,2000.0,1.1032205920162201e-14,4.468112379164061e-11,6.550260003985381e-15
1,451,2000.0,1.1032205922719675e-14,4.468112398729311e-11,6.550260032668069e-15
1,452,2000.0,1.1032205919315633e-14,4.46811237662119e-11,6.550260000257528e-15
1,453,2000.0,1.1032205919314018e-14,4.4681123766173745e-11,6.550260000251935e-15
1,454,2000.0,1.1032205920603256e-14,4.468112380873604e-11,6.5502600064915735e-15
1,455,2000.0,1.103220591593421e-14,4.4681123681444375e-11,6.550259987830595e-15
1,456,2000.0,1.1032205919226776e-14,4.468112376635e-11,6.550260000277773e-15
1,457,2000.0,1.1032205917029578e-14,4.468112370301726e-11,6.550259990993184e-15
1,458,2000.0,1.1032205921171943e-14,4.468112383322971e-11,6.550260010082349e-15
1,459,2000.0,1.1032205903610511e-14,4.4681123473337824e-11,6.550259957322141e-15
1,460,2000.0,1.1032205915210426e-14,4.468112366505691e-11,6.55025998542819e-15
1,461,2000.0,1.1032205906353778e-14,4.4679176424663615e-11,6.5499745196703044e-15
1,462,2000.0,1.1032205906846532e-14,4.4679654306154714e-11,6.550044577174506e-15
1,463,2000.0,1.103220591780506e-14,4.46811237245818e-11,6.550259994154549e-15
1,464,2000.0,1.1032205920829439e-14,4.468112381787328e-11,6.550260007831096e-15
1,465,2000.0,1.1032205913438127e-14,4.468112363307755e-11,6.550259980740009e-15
1,466,2000.0,1.103220592255327e-14,4.46811239260165e-11,6.550260023684908e-15
1,467,2000.0,5.588447847036772e-15,4.666445931219342e-11,6.841017313388398e-15
1,468,2000.0,1.1032205919407722e-14,4.468112376782252e-11,6.550260000493645e-15
1,469,2000.0,1.1032205910992128e-14,4.468112358140278e-11,6.550259973164481e-15
1,470,2000.0,1.103220589897216e-14,4.4681123418895794e-11,6.55025994934093e-15
1,471,2000.0,1.1032205915446302e-14,4.468112367054144e-11,6.550259986232223e-15
1,472,2000.0,1.1032205889155853e-14,4.4681123299617494e-11,6.550259931854712e-15
1,473,2000.0,5.5884445206389905e-15,4.664521796149222e-11,6.838196528250844e-15
1,474,2000.0,1.103220588742879e-14,4.468112327769778e-11,6.550259928641279e-15
1,475,2000.0,1.103220590747338e-14,4.4681123525489926e-11,6.550259964967648e-15
1,476,2000.0,5.588449189130853e-15,4.665496582149869e-11,6.839625566110825e-15
1,477,2000.0,1.1032205909572027e-14,4.4681123559242236e-11,6.550259969915741e-15
1,478,2000.0,1.1032205916055379e-14,4.468112368376519e-11,6.5502599881708265e-15
1,479,2000.0,1.1032205915725799e-14,4.4681123677041505e-11,6.550259987185134e-15
1,480,2000.0,1.103220589804966e-14,4.4681123408954886e-11,6.550259947883592e-15
1,481,2000.0,1.1032205915250816e-14,4.46811236674549e-11,6.550259985779736e-15
1,482,2000.0,1.1032205914620737e-14,4.468112365543655e-11,6.550259984017844e-15
1,483,2000.0,1.1032205921777788e-14,4.468112386343148e-11,6.5502600145099344e-15
1,484,2000.0,1.1032205908778774e-14,4.468112354559505e-11,6.550259967915061e-15
1,485,2000.0,1.1032205911869392e-14,4.4681123601849896e-11,6.550259976162032e-15
1,486,2000.0,1.1032205907972596e-14,4.468112353238516e-11,6.5502599659784905e-15
1,487,2000.0,1.1032205915680562e-14,4.4681123673711406e-11,6.55025998669694e-15
1,488,2000.0,1.1032205913116626e-14,4.4681123625920425e-11,6.550259979690775e-15
1,489,2000.0,1.1032205907613936e-14,4.4681123527586454e-11,6.550259965274999e-15
1,490,2000.0,1.1032205897699078e-14,4.468112340454745e-11,6.5502599472374605e-15
1,491,2000.0,1.1032205913919572e-14,4.4681123641831406e-11,6.550259982023327e-15
1,492,2000.0,1.1032205887391632e-14,4.4681123280507347e-11,6.550259929053161e-15
1,493,2000.0,1.1032205922533883e-14,4.468112392540368e-11,6.550260023595068e-15
1,494,2000.0,1.1032205914981013e-14,4.4681123662347165e-11,6.550259985030941e-15
1,495,2000.0,1.1032205921045927e-14,4.468112382713996e-11,6.5502600091895914e-15
1,496,2000.0,1.1032205912969607e-14,4.468112362214886e-11,6.550259979137863e-15
1,497,2000.0,1.1032205899531153e-14,4.468112342472076e-11,6.5502599501948716e-15
1,498,2000.0,1.1032205909819212e-14,4.468112356351616e-11,6.5502599705423e-15
1,499,2000.0,1.1032205889351339e-14,4.468112330267217e-11,6.550259932302527e-15
1,500,2000.0,1.1032205912568942e-14,4.468112361466517e-11,6.550259978040753e-15
1,501,2000.0,1.1032205907003244e-14,4.468112351914139e-11,6.550259964036951e-15
1,502,2000.0,1.1032205908129308e-14,4.468112353677504e-11,6.550259966622047e-15
1,503,2000.0,1.1032205913741858e-14,4.4681123635781304e-11,6.550259981136381e-15
1,504,2000.0,1.103220591139441e-14,4.468112358985569e-11,6.550259974403679e-15
1,505,2000.0,1.1032205912121424e-14,4.4681123606271254e-11,6.550259976810203e-15
1,506,2000.0,1.1032205912719191e-14,4.4681123618623135e-11,6.550259978620991e-15
1,507,2000.0,1.1032205915935825e-14,4.468112367844818e-11,6.550259987391352e-15
1,508,2000.0,1.1032205874011339e-14,4.468112314719925e-11,6.550259909510173e-15
1,509,2000.0,1.1032205887391632e-14,4.468112328053672e-11,6.550259929057467e-15
1,510,2000.0,1.1032205878186016e-14,4.468112318339694e-11,6.55025991481676e-15
1,511,2000.0,1.103220591013102e-14,4.468112356855617e-11,6.5502599712811654e-15
1,512,2000.0,1.1032205892703682e-14,4.468112334567701e-11,6.5502599386070445e-15
1,513,2000.0,1.1032205903279315e-14,4.468112346942334e-11,6.550259956748277e-15
1,514,2000.0,1.1032205911247391e-14,4.468112358677438e-11,6.550259973951959e-15
1,515,2000.0,1.1032205907744798e-14,4.4681123530951095e-11,6.550259965768255e-15
1,516,2000.0,1.1032205911345942e-14,4.468112358903248e-11,6.550259974282996e-15
1,517,2000.0,1.1032205906053279e-14,4.468112350535347e-11,6.550259962015639e-15
1,518,2000.0,1.1032205891477451e-14,4.468112333153971e-11,6.550259936534515e-15
1,519,2000.0,1.1032205883491604e-14,4.468112323479317e-11,6.550259922351456e-15
1,520,2000.0,1.1032205914237843e-14,4.468112364557322e-11,6.5502599825718775e-15
1,521,2000.0,1.1032205910308735e-14,4.468112357325726e-11,6.550259971970347e-15
1,522,2000.0,1.103220590673021e-14,4.468112351385345e-11,6.550259963261739e-15
1,523,2000.0,1.103220587060245e-14,4.468112311929186e-11,6.550259905418945e-15
1,524,2000.0,1.1032205906156676e-14,4.468112350755363e-11,6.550259962338184e-15
1,525,2000.0,1.1032205904030564e-14,4.4681123477829615e-11,6.550259957980638e-15
1,526,2000.0,1.1032205898044813e-14,4.4681123408954246e-11,6.550259947883498e-15
1,527,2000.0,1.1032205897180474e-14,4.4681123399335965e-11,6.550259946473456e-15
1,528,2000.0,1.1032205896115802e-14,4.468112338681141e-11,6.550259944637354e-15
1,529,2000.0,1.103220591918154e-14,4.468112376253352e-11,6.550259999718276e-15
1,530,2000.0,1.1032205912948604e-14,4.468112362143958e-11,6.550259979033882e-15
1,531,2000.0,1.103220591615716e-14,4.4681123684212573e-11,6.550259988236413e-15
1,532,2000.0,1.1032205918509455e-14,4.4681123743741214e-11,6.550259996963321e-15
1,533,2000.0,1.1032205883819568e-14,4.468112323778291e-11,6.550259922789752e-15
1,534,2000.0,1.1032205897697462e-14,4.468112340455602e-11,6.550259947238716e-15
1,535,2000.0,1.1032205907552543e-14,4.4681123526766305e-11,6.550259965154764e-15
1,536,2000.0,1.103220589949238e-14,4.4681123422786425e-11,6.5502599499112974e-15
1,537,2000.0,1.1032205904473234e-14,4.468112348542457e-11,6.5502599590940596e-15
1,538,2000.0,1.1032205890532333e-14,4.468112331318945e-11,6.550259933844364e-15
1,539,2000.0,5.588455748778932e-15,4.668117826897404e-11,6.8434683151675646e-15
1,540,2000.0,1.1032205909961384e-14,4.4681123556509684e-11,6.550259969515149e-15
1,541,2000.0,1.1032205915478614e-14,4.46811236720454e-11,6.550259986452703e-15
1,542,2000.0,1.1032205915433377e-14,4.468112366122419e-11,6.5502599848663126e-15
1,543,2000.0,1.1032205912024489e-14,4.468112359849882e-11,6.550259975670764e-15
1,544,2000.0,1.103220591341874e-14,4.4681123624420223e-11,6.550259979470845e-15
1,545,2000.0,1.103220591121831e-14,4.4681123581094526e-11,6.55025997311929e-15
1,546,2000.0,1.1032205904986991e-14,4.468112348208577e-11,6.550259958604591e-15
1,547,2000.0,1.1032205915326749e-14,4.4681123663685653e-11,6.550259985227164e-15
1,548,2000.0,1.1032205905660691e-14,4.468112349988918e-11,6.550259961214573e-15
1,549,2000.0,1.1032205920383536e-14,4.4681123800132934e-11,6.550260005230357e-15
1,550,2000.0,1.1032205911014747e-14,4.468112358423773e-11,6.550259973580085e-15
1,551,2000.0,1.1032205899214498e-14,4.468112342175912e-11,6.5502599497606936e-15
1,552,2000.0,1.1032205911748223e-14,4.4681123599629265e-11,6.550259975836486e-15
1,553,2000.0,1.1032205904932061e-14,4.4681123490459745e-11,6.550259959832217e-15
1,554,2000.0,1.1032205917289687e-14,4.4681123711907336e-11,6.55025999229647e-15
1,555,2000.0,1.1032205883847033e-14,4.4681123237722916e-11,6.5502599227809564e-15
1,556,2000.0,1.1032205914010045e-14,4.468112364071227e-11,6.5502599818592616e-15
1,557,2000.0,1.1032205913024537e-14,4.468112362225841e-11,6.550259979153923e-15
1,558,2000.0,1.103220591553839e-14,4.4681123673542706e-11,6.550259986672209e-15
1,559,2000.0,1.1032205904387608e-14,4.468112348373082e-11,6.550259958845755e-15
1,560,2000.0,1.1032205914087593e-14,4.468112364518034e-11,6.550259982514281e-15
1,561,2000.0,1.1032205909130972e-14,4.46811235533777e-11,6.5502599690559994e-15
1,562,2000.0,1.103220589685251e-14,4.4681123395126e-11,6.550259945856275e-15
1,563,2000.0,1.1032205912047107e-14,4.468112360586398e-11,6.550259976750496e-15
1,564,2000.0,1.1032205893038109e-14,4.468112335139476e-11,6.5502599394452676e-15
1,565,2000.0,1.1032205892411261e-14,4.46811233411804e-11,6.550259937947841e-15
1,566,2000.0,1.103220591740601e-14,4.468112371348832e-11,6.550259992528242e-15
1,567,2000.0,5.588449190529144e-15,4.666201806217256e-11,6.840659425738886e-15
1,568,2000.0,1.103220589993505e-14,4.46811234246874e-11,6.550259950189981e-15
1,569,2000.0,1.1032205919905323e-14,4.46811237788361e-11,6.550260002108237e-15
1,570,2000.0,1.1032205897962418e-14,4.468112340695978e-11,6.5502599475911076e-15
1,571,2000.0,1.1032205896170732e-14,4.4681123384965524e-11,6.5502599443667475e-15
1,572,2000.0,1.1032205918265502e-14,4.4681123729619516e-11,6.550259994893078e-15
1,573,2000.0,1.103220587591127e-14,4.4681123160932243e-11,6.5502599115234325e-15
1,574,2000.0,1.1032205893031646e-14,4.468112334632587e-11,6.550259938702168e-15
1,575,2000.0,5.588442282613794e-15,4.679503004943744e-11,6.860159004672816e-15
1,576,2000.0,1.1032205917438321e-14,4.468112371027376e-11,6.550259992056987e-15
1,577,2000.0,1.1032205906948314e-14,4.468112351258708e-11,6.5502599630760874e-15
1,578,2000.0,1.103220591061085e-14,4.468112357505644e-11,6.550259972234107e-15
1,579,2000.0,1.1032205911216695e-14,4.468112358225626e-11,6.550259973289601e-15
1,580,2000.0,1.1032205908799777e-14,4.4681123546777536e-11,6.550259968088415e-15
1,581,2000.0,1.103220590835549e-14,4.468112354050317e-11,6.5502599671685905e-15
1,582,2000.0,5.588448962769324e-15,4.662987895764445e-11,6.835947827795734e-15
1,583,2000.0,1.1032205906638121e-14,4.468112351443255e-11,6.550259963346635e-15
1,584,2000.0,1.1032205916276714e-14,4.4681123688637557e-11,6.550259988885116e-15
1,585,2000.0,1.1032205919230007e-14,4.468112376511695e-11,6.550260000097008e-15
1,586,2000.0,1.1032205918089403e-14,4.468112373061717e-11,6.550259995039335e-15
1,587,2000.0,1.1032205916132927e-14,4.468112367921758e-11,6.550259987504147e-15
1,588,2000.0,1.1032205911026056e-14,4.4681123585136906e-11,6.5502599737119046e-15
1,589,2000.0,1.1032205906187372e-14,4.4681123508115766e-11,6.550259962420592e-15
1,590,2000.0,1.103220589625959e-14,4.4680279647330397e-11,6.550136252292416e-15
1,591,2000.0,1.1032205908129308e-14,4.468112353674519e-11,6.550259966617671e-15
1,592,2000.0,1.1032205909281222e-14,4.46811235551506e-11,6.550259969315907e-15
1,593,2000.0,1.1032205898870378e-14,4.4681123417146126e-11,6.550259949084429e-15
1,594,2000.0,1.1032205922270542e-14,4.468112389542781e-11,6.5502600192006016e-15
1,595,2000.0,1.1032205899662016e-14,4.4681123427589895e-11,6.5502599506154875e-15
1,596,2000.0,1.1032205876181072e-14,4.467877792064521e-11,6.54991609891649e-15
1,597,2000.0,1.1032205891146256e-14,4.4681123326843704e-11,6.550259935846079e-15
1,598,2000.0,1.103220589185873e-14,4.468112333274132e-11,6.55025993671067e-15
1,599,2000.0,1.103220589420941e-14,4.468112336733489e-11,6.550259941782094e-15
1,600,2000.0,1.1032205865296862e-14,4.4681123075484053e-11,6.5502598989967126e-15
1,601,2000.0,1.1032205905043537e-14,4.4681123491638917e-11,6.550259960005084e-15
1,602,2000.0,1.1032205898102974e-14,4.468112340833364e-11,6.5502599477925164e-15
1,603,2000.0,1.1032205896311288e-14,4.468112339021324e-11,6.550259945136063e-15
1,604,2000.0,5.5884430816581485e-15,4.663835751635909e-11,6.837190785880203e-15
1,605,2000.0,1.103220589440328e-14,4.468084664999556e-11,6.5502193749752095e-15
1,606,2000.0,1.1032205900652371e-14,4.468112343927086e-11,6.550259952327918e-15
1,607,2000.0,1.1032205890879684e-14,4.468013164720107e-11,6.550114555449422e-15
1,608,2000.0,5.588445679153906e-15,4.664455953741501e-11,6.8381000031741984e-15
1,609,2000.0,5.5884472021234684e-15,4.666025553701041e-11,6.840401039263884e-15
1,610,2000.0,1.1032205899015781e-14,4.468112341932118e-11,6.5502599494032915e-15
1,611,2000.0,1.103220590089794e-14,4.4681123442609285e-11,6.550259952817332e-15
1,612,2000.0,1.1032205906287539e-14,4.4681123509239724e-11,6.5502599625853655e-15
1,613,2000.0,1.1032205904575016e-14,4.46811234863654e-11,6.5502599592319856e-15
1,614,2000.0,1.103220589386852e-14,4.4681123363643044e-11,6.550259941240867e-15
1,615,2000.0,1.1032205901057883e-14,4.4681123444015815e-11,6.5502599530235296e-15
1,616,2000.0,1.1032205913740242e-14,4.4681123638021554e-11,6.550259981464803e-15
1,617,2000.0,1.1032205913481748e-14,4.4681123632563616e-11,6.5502599806646674e-15
1,618,2000.0,1.1032205911226389e-14,4.468112358801448e-11,6.550259974133757e-15
1,619,2000.0,1.1032205914224918e-14,4.4681123648019835e-11,6.550259982930552e-15
1,620,2000.0,1.1032205915229814e-14,4.4681123666832824e-11,6.550259985688539e-15
1,621,2000.0,1.103220590725366e-14,4.468112352406253e-11,6.55025996475839e-15
1,622,2000.0,1.1032205909870911e-14,4.4681123564296975e-11,6.550259970656767e-15
1,623,2000.0,1.1032205903352017e-14,4.4681123470835835e-11,6.550259956955349e-15
1,624,2000.0,1.1032205904263208e-14,4.468112348214668e-11,6.550259958613521e-15
1,625,2000.0,1.1032205887380323e-14,4.4681123278297114e-11,6.5502599287291404e-15
1,626,2000.0,1.1032205895577812e-14,4.468112338238877e-11,6.550259943988995e-15
1,627,2000.0,1.1032205889991111e-14,4.468112331176517e-11,6.550259933635563e-15
1,628,2000.0,1.1032205893635876e-14,4.4681123360599284e-11,6.550259940794652e-15
1,629,2000.0,1.1032205884173382e-14,4.4681123243284904e-11,6.550259923596345e-15
1,630,2000.0,1.1032205914887309e-14,4.468112366070237e-11,6.550259984789813e-15
1,631,2000.0,1.1032205904164657e-14,4.468112348085997e-11,6.5502599584248886e-15
1,632,2000.0,1.1032205903392407e-14,4.468112347104565e-11,6.550259956986107e-15
1,633,2000.0,1.103220589044186e-14,4.4681123318095914e-11,6.550259934563652e-15
1,634,2000.0,1.103220587588542e-14,4.468112316124942e-11,6.55025991156993e-15
1,635,2000.0,1.103220586366835e-14,4.4681123061788896e-11,6.550259896989002e-15
1,636,2000.0,1.1032205876879006e-14,4.468112316869902e-11,6.550259912662042e-15
1,637,2000.0,1.1032205898534336e-14,4.4681123414878566e-11,6.550259948752004e-15
1,638,2000.0,1.103220584378855e-14,4.4681122916770563e-11,6.55025987572929e-15
1,639,2000.0,1.1032205885619333e-14,4.46811232558003e-11,6.550259925431104e-15
1,640,2000.0,5.58844165525546e-15,4.663170540817097e-11,6.836215585739535e-15
1,641,2000.0,1.1032205864403442e-14,4.4681123066028914e-11,6.550259897610588e-15
1,642,2000.0,1.1032205913347655e-14,4.468112363002055e-11,6.550259980291854e-15
1,643,2000.0,1.1032205893874983e-14,4.468112336191186e-11,6.5502599409870765e-15
1,644,2000.0,1.1032205914095671e-14,4.468112364443064e-11,6.5502599824043755e-15
1,645,2000.0,1.103220588717999e-14,4.4681123275286616e-11,6.550259928287801e-15
1,646,2000.0,1.1032205909859602e-14,4.468112356424862e-11,6.5502599706496775e-15
1,647,2000.0,1.103220589348401e-14,4.468112335832196e-11,6.550259940460797e-15
1,648,2000.0,1.1032205879194142e-14,4.4681123193378526e-11,6.5502599162800626e-15
1,649,2000.0,1.1032205893349917e-14,4.468112335489756e-11,6.550259939958779e-15
1,650,2000.0,1.1032205880827501e-14,4.468112320934284e-11,6.550259918620433e-15
1,651,2000.0,1.1032205899628089e-14,4.4681123426037646e-11,6.550259950387927e-15
1,652,2000.0,1.1032205899479455e-14,4.46811234246117e-11,6.550259950178884e-15
1,653,2000.0,1.1032205904342372e-14,4.468112348384402e-11,6.55025995886235e-15
1,654,2000.0,1.1032205903679981e-14,4.4681123475147055e-11,6.550259957587375e-15
1,655,2000.0,1.1032205886467516e-14,4.468112326650051e-11,6.550259926999756e-15
1,656,2000.0,5.5884400814514486e-15,4.664241896138464e-11,6.8377861943805195e-15
1,657,2000.0,1.1032205887929622e-14,4.468112328559964e-11,6.5502599297996925e-15
1,658,2000.0,5.588442785691471e-15,4.6654302421164266e-11,6.839528311514064e-15
1,659,2000.0,1.1032205875559071e-14,4.468112315721063e-11,6.550259910977842e-15
1,660,2000.0,1.1032205897539134e-14,4.468112340296402e-11,6.5502599470053295e-15
1,661,2000.0,1.1032205887066899e-14,4.4681123271842326e-11,6.550259927782869e-15
1,662,2000.0,1.1032205902557148e-14,4.468112345657765e-11,6.550259954865097e-15
1,663,2000.0,1.1032205884948864e-14,4.468112324804829e-11,6.550259924294659e-15
1,664,2000.0,1.1032205882892221e-14,4.468112322079645e-11,6.5502599202995345e-15
1,665,2000.0,1.1032205904146886e-14,4.4681123480611875e-11,6.550259958388518e-15
1,666,2000.0,1.1032205906479794e-14,4.468112351150417e-11,6.550259962917333e-15
1,667,2000.0,1.1032205888430454e-14,4.468112329034583e-11,6.550259930495485e-15
1,668,2000.0,1.103220591149296e-14,4.468112359490583e-11,6.55025997514403e-15
1,669,2000.0,1.1032205891307815e-14,4.468112332926426e-11,6.550259936200933e-15
1,670,2000.0,1.1032205901582949e-14,4.4681123450402244e-11,6.5502599539597805e-15
1,671,2000.0,1.1032205903789841e-14,4.468112347594787e-11,6.550259957704773e-15
1,672,2000.0,1.1032205911084217e-14,4.4681123586898283e-11,6.5502599739701224e-15
1,673,2000.0,1.1032205900405186e-14,4.46811234355892e-11,6.550259951788186e-15
1,674,2000.0,1.103220589398969e-14,4.468112336518237e-11,6.5502599414665335e-15
1,675,2000.0,5.5884442832623885e-15,4.662659207165429e-11,6.835465969775793e-15
1,676,2000.0,1.1032205915079564e-14,4.468112366440568e-11,6.5502599853327195e-15
1,677,2000.0,1.1032205917100663e-14,4.468112370713313e-11,6.550259991596569e-15
1,678,2000.0,1.1032205899049708e-14,4.468112342009289e-11,6.550259949516425e-15
1,679,2000.0,1.1032205900083684e-14,4.468112343259201e-11,6.5502599513487976e-15
1,680,2000.0,1.1032205886784171e-14,4.468112326542592e-11,6.550259926842221e-15
1,681,2000.0,1.1032205903129066e-14,4.4681123467952096e-11,6.550259956532593e-15
1,682,2000.0,1.103220591268688e-14,4.468112361787463e-11,6.5502599785112594e-15
1,683,2000.0,1.103220590081393e-14,4.468112344120463e-11,6.550259952611409e-15
1,684,2000.0,1.1032205893849133e-14,4.468112336388619e-11,6.550259941276513e-15
1,685,2000.0,1.1032205902912577e-14,4.468112346463078e-11,6.5502599560456865e-15
1,686,2000.0,1.103220588350776e-14,4.468112323420488e-11,6.550259922265212e-15
1,687,2000.0,1.1032205885121732e-14,4.468112325184098e-11,6.550259924850668e-15
1,688,2000.0,1.103220583697885e-14,4.468112287354767e-11,6.550259869392807e-15
1,689,2000.0,1.1032205886091084e-14,4.468112326237009e-11,6.550259926394237e-15
1,690,2000.0,1.1032205868038513e-14,4.468112309791565e-11,6.550259902285188e-15
1,691,2000.0,1.1032205883546534e-14,4.468112323456211e-11,6.550259922317582e-15
1,692,2000.0,1.1032205908444348e-14,4.468112354139933e-11,6.550259967299968e-15
1,693,2000.0,1.1032205889346492e-14,4.4681123302671696e-11,6.550259932302459e-15
1,694,2000.0,1.1032205879619042e-14,4.468112319682837e-11,6.55025991678581e-15
1,695,2000.0,1.1032205888435301e-14,4.4681123290537474e-11,6.55025993052358e-15
1,696,2000.0,1.103220591148973e-14,4.468112359492114e-11,6.5502599751462746e-15
1,697,2000.0,1.103220590381246e-14,4.468112347641017e-11,6.550259957772547e-15
1,698,2000.0,1.1032205904027332e-14,4.468112347989351e-11,6.550259958283205e-15
1,699,2000.0,5.588444263408438e-15,4.6659891972859506e-11,6.8403477407003196e-15
1,700,2000.0,1.1032205913551218e-14,4.4681123633923184e-11,6.55025998086398e-15
1,701,2000.0,1.1032205914998785e-14,4.4681123662009546e-11,6.550259984981446e-15
1,702,2000.0,1.103220589950692e-14,4.4681123424455734e-11,6.550259950156018e-15
1,703,2000.0,1.1032205920150892e-14,4.468112379131785e-11,6.550260003938065e-15
1,704,2000.0,5.588441631306804e-15,4.666275583230216e-11,6.840767582959698e-15
1,705,2000.0,1.1032205887924775e-14,4.4681123285587644e-11,6.550259929797933e-15
1,706,2000.0,1.1032205915297668e-14,4.46811236674961e-11,6.550259985785776e-15
1,707,2000.0,1.103220590154579e-14,4.468112344853093e-11,6.5502599536854454e-15
1,708,2000.0,1.1032205904151733e-14,4.468112348099418e-11,6.550259958444564e-15
1,709,2000.0,1.1032205914921236e-14,4.468112366122133e-11,6.550259984865893e-15
1,710,2000.0,1.1032205921600074e-14,4.468112385354758e-11,6.550260013060952e-15
1,711,2000.0,1.103220587874824e-14,4.467948637461663e-11,6.550019958383752e-15
1,712,2000.0,1.103220591753041e-14,4.4681123717801366e-11,6.550259993160536e-15
1,713,2000.0,1.1032205919330174e-14,4.468112376589311e-11,6.550260000210792e-15
1,714,2000.0,1.1032205921979737e-14,4.468112387467612e-11,6.5502600161584e-15
1,715,2000.0,1.1032205922638896e-14,4.468112394555815e-11,6.550260026549717e-15
1,716,2000.0,1.1032205922352937e-14,4.468112390574851e-11,6.550260020713618e-15
1,717,2000.0,1.1032205918847113e-14,4.4681123753251575e-11,6.550259998357541e-15
1,718,2000.0,1.1032205922425639e-14,4.4681123910774396e-11,6.550260021450413e-15
1,719,2000.0,1.1032205922682517e-14,4.468112395400603e-11,6.550260027788177e-15
1,720,2000.0,1.103220592238848e-14,4.4681123908306645e-11,6.55026002108864e-15
1,721,2000.0,1.10322059170215e-14,4.468112370165632e-11,6.55025999079367e-15
1,722,2000.0,1.1032205909859602e-14,4.4681123562034985e-11,6.550259970325158e-15
1,723,2000.0,1.1032205913208714e-14,4.468112362491987e-11,6.550259979544094e-15
1,724,2000.0,1.1032205903327783e-14,4.468112346905201e-11,6.550259956693839e-15
1,725,2000.0,1.1032205900763846e-14,4.468112343801011e-11,6.550259952143091e-15
1,726,2000.0,5.588443741488168e-15,4.674706321590282e-11,6.853127059086916e-15
1,727,2000.0,1.1032205894236874e-14,4.468112336533096e-11,6.550259941488316e-15
1,728,2000.0,1.1032205885742117e-14,4.4681123259843464e-11,6.5502599260238335e-15
1,729,2000.0,1.1032205911856468e-14,4.468112359570574e-11,6.550259975261297e-15
1,730,2000.0,1.1032205888895743e-14,4.4681123294733386e-11,6.550259931138701e-15
1,731,2000.0,1.1032205915985908e-14,4.468112367866209e-11,6.550259987422712e-15
1,732,2000.0,1.1032205813913113e-14,4.4681122743843125e-11,6.5502598503780995e-15
1,733,2000.0,1.103220589708677e-14,4.468112339771186e-11,6.550259946235362e-15
1,734,2000.0,1.1032205893167356e-14,4.468112335346425e-11,6.5502599397486556e-15
1,735,2000.0,1.1032205910549458e-14,4.468112357691337e-11,6.550259972506333e-15
1,736,2000.0,1.1032205913337961e-14,4.468112363038528e-11,6.550259980345324e-15
1,737,2000.0,1.1032205883179796e-14,4.468112323170917e-11,6.5502599218993405e-15
1,738,2000.0,1.103220588388096e-14,4.468112323758108e-11,6.5502599227601644e-15
1,739,2000.0,1.1032205883580462e-14,4.4681123234557315e-11,6.55025992231688e-15
1,740,2000.0,1.1032205906074281e-14,4.468112350639694e-11,6.550259962168612e-15
1,741,2000.0,1.1032205908652758e-14,4.468112354293511e-11,6.550259967525114e-15
1,742,2000.0,5.58844427243957e-15,4.666832721767609e-11,6.841584348960299e-15
1,743,2000.0,1.1032205867083701e-14,4.468112308954163e-11,6.5502599010575565e-15
1,744,2000.0,1.1032205895164221e-14,4.468112337746962e-11,6.550259943267845e-15
1,745,2000.0,1.103220588512981e-14,4.468112325435945e-11,6.550259925219875e-15
1,746,2000.0,1.1032205872326282e-14,4.4681123131724826e-11,6.550259907241619e-15
1,747,2000.0,1.1032205919761535e-14,4.46811237783762e-11,6.5502600020408156e-15
1,748,2000.0,1.1032205908607522e-14,4.4681123543937204e-11,6.550259967672021e-15
1,749,2000.0,1.1032205895514804e-14,4.468112338252335e-11,6.5502599440087246e-15
1,750,2000.0,1.1032205895511573e-14,4.4681123382391797e-11,6.550259943989438e-15
1,751,2000.0,1.103220585220576e-14,4.4681122975006935e-11,6.550259884266751e-15
1,752,2000.0,1.103220589815952e-14,4.4681123408374806e-11,6.550259947798551e-15
1,753,2000.0,1.1032205831737886e-14,4.4681122842413566e-11,6.550259864828541e-15
1,754,2000.0,1.1032205892773152e-14,4.468112334972197e-11,6.550259939200037e-15
1,755,2000.0,1.103220590528749e-14,4.4681123496098945e-11,6.550259960658925e-15
1,756,2000.0,1.1032205905526597e-14,4.4681123497988407e-11,6.5502599609359204e-15
1,757,2000.0,1.1032205912260364e-14,4.4681123609651767e-11,6.550259977305786e-15
1,758,2000.0,5.5884532406267584e-15,4.666478323398743e-11,6.841064800376005e-15
1,759,2000.0,5.5884486271496765e-15,4.667342427083092e-11,6.842331577780548e-15
1,760,2000.0,1.1032205921377123e-14,4.4681123839640095e-11,6.550260011022113e-15
1,761,2000.0,1.1032205910953354e-14,4.468112358344295e-11,6.55025997346357e-15
1,762,2000.0,1.1032205896141652e-14,4.468112338865806e-11,6.550259944908073e-15
1,763,2000.0,1.103220590827148e-14,4.4681123538193514e-11,6.550259966829996e-15
1,764,2000.0,1.1032205905583143e-14,4.468112349747375e-11,6.550259960860472e-15
1,765,2000.0,1.1032205908807855e-14,4.468112354698722e-11,6.5502599681191545e-15
1,766,2000.0,1.1032205890461247e-14,4.468112331841886e-11,6.550259934610996e-15
1,767,2000.0,1.1032205904623484e-14,4.468112348616662e-11,6.550259959202844e-15
1,768,2000.0,1.1032205901353536e-14,4.4681123447770466e-11,6.550259953573962e-15
1,769,2000.0,1.103220589185873e-14,4.4681123335898534e-11,6.550259937173518e-15
1,770,2000.0,1.103220590551852e-14,4.4681123499224454e-11,6.550259961117125e-15
1,771,2000.0,1.1032205909835368e-14,4.4681123565491133e-11,6.55025997083183e-15
1,772,2000.0,1.1032205888491846e-14,4.468112329237068e-11,6.550259930792329e-15
1,773,2000.0,1.1032205900965795e-14,4.4681123442254883e-11,6.550259952765376e-15
1,774,2000.0,1.1032205844864531e-14,4.4681122924283205e-11,6.550259876830645e-15
1,775,2000.0,1.103220591246716e-14,4.468112361303745e-11,6.550259977802129e-15
1,776,2000.0,1.1032205880840426e-14,4.4681123207030534e-11,6.5502599182814485e-15
1,777,2000.0,1.1032205905085542e-14,4.468112349332589e-11,6.5502599602523945e-15
1,778,2000.0,1.103220588547393e-14,4.468112325671569e-11,6.5502599255653e-15
1,779,2000.0,1.1032205898397011e-14,4.468112341171104e-11,6.550259948287643e-15
1,780,2000.0,1.1032205908229474e-14,4.468112353824762e-11,6.550259966837928e-15
2,1,1800.0,1.4184246175669657e-14,4.9819277092809456e-11,7.303514112363212e-15
2,2,1800.0,1.4184246904126586e-14,4.981927919229496e-11,7.303514420148129e-15
2,3,1800.0,1.418424690277434e-14,4.981927918634538e-11,7.303514419275918e-15
2,4,1800.0,1.4184246497423528e-14,4.981927794704038e-11,7.303514237593605e-15
2,5,1800.0,1.4184246585319546e-14,4.9819278191692346e-11,7.303514273459623e-15
2,6,1800.0,1.4184246489290663e-14,4.981927792445553e-11,7.30351423428266e-15
2,7,1800.0,1.4184246429921067e-14,4.981927776358418e-11,7.303514210698896e-15
2,8,1800.0,1.4184246841558128e-14,4.9819278971188465e-11,7.30351438773388e-15
2,9,1800.0,1.4184246826836898e-14,4.981927892127112e-11,7.303514380415988e-15
2,10,1800.0,1.4184246512923471e-14,4.981927798914677e-11,7.303514243766408e-15
2,11,1800.0,1.4184246812322463e-14,4.981927887343183e-11,7.30351437340274e-15
2,12,1800.0,1.4184246202475479e-14,4.981927716234966e-11,7.303514122557818e-15
2,13,1800.0,1.4184246239650139e-14,4.992943038861464e-11,7.319662603416941e-15
2,14,1800.0,1.4184245780503506e-14,4.981927609043642e-11,7.303513965415162e-15
2,15,1800.0,1.4184245716999623e-14,4.993077587327213e-11,7.319859851686233e-15
2,16,1800.0,1.4184246659303743e-14,4.981927840296718e-11,7.303514304432547e-15
2,17,1800.0,1.4184246039600062e-14,4.993105654977569e-11,7.319900998907238e-15
2,18,1800.0,1.418424488932141e-14,4.981927390043421e-11,7.303513644360482e-15
2,19,1800.0,1.4184245761987262e-14,4.9819276044028663e-11,7.303513958611778e-15
2,20,1800.0,6.297320742519314e-15,5.230889354900836e-11,7.668492289151024e-15
2,21,1800.0,1.4184245422248675e-14,4.981927519959051e-11,7.303513834817007e-15
2,22,1800.0,1.4184244656785107e-14,4.9819273340437784e-11,7.303513562264915e-15
2,23,1800.0,1.4184244563890462e-14,4.9819273118269175e-11,7.303513529694961e-15
2,24,1800.0,1.4184242674458078e-14,4.981926859157411e-11,7.303512866080729e-15
2,25,1800.0,6.297322776100037e-15,5.2337934439766753e-11,7.67274968845239e-15
2,26,1800.0,1.4184245019991712e-14,4.981927421589284e-11,7.303513690606768e-15
2,27,1800.0,1.4184244806356163e-14,4.981927370005575e-11,7.303513614984968e-15
2,28,1800.0,1.4184243939669599e-14,4.9819271630136356e-11,7.303513311534448e-15
2,29,1800.0,1.4184242612608555e-14,4.981926844106466e-11,7.30351284401602e-15
2,30,1800.0,6.297323510056425e-15,5.2416345423029705e-11,7.684244751332535e-15
2,31,1800.0,1.4184244278847577e-14,4.9819272437862534e-11,7.303513429947237e-15
2,32,1800.0,1.4184245287854444e-14,4.9819274868698904e-11,7.303513786308244e-15
2,33,1800.0,1.4184243894869367e-14,4.981927152381478e-11,7.303513295947687e-15
2,34,1800.0,1.4184243084584565e-14,4.9819269586424015e-11,7.303513011925887e-15
2,35,1800.0,1.4184243185235644e-14,4.98192698280443e-11,7.30351304734746e-15
2,36,1800.0,6.2973207358542096e-15,5.23340715059701e-11,7.672183381730469e-15
2,37,1800.0,1.4184243281432548e-14,4.981927005867274e-11,7.303513081157626e-15
2,38,1800.0,1.418424533097608e-14,4.9819274974536153e-11,7.303513801824002e-15
2,39,1800.0,1.4184242925749732e-14,4.9819269201787344e-11,7.303512955538089e-15
2,40,1800.0,1.4184242438015285e-14,4.9819268018480895e-11,7.303512782065171e-15
2,41,1800.0,1.4184242793932362e-14,4.9819268881699136e-11,7.303512908613105e-15
2,42,1800.0,1.4184243281419624e-14,4.9819270058220856e-11,7.303513081091381e-15
2,43,1800.0,1.418424500955502e-14,4.981927419069419e-11,7.303513686912643e-15
2,44,1800.0,1.4184244374501645e-14,4.98192726657716e-11,7.303513463358744e-15
2,45,1800.0,1.4184243447262874e-14,4.9819270454044984e-11,7.303513139119262e-15
2,46,1800.0,1.4184244440469298e-14,4.981927282330636e-11,7.303513486453365e-15
2,47,1800.0,1.4184244534036027e-14,4.981927304688223e-11,7.303513519229623e-15
2,48,1800.0,1.4184244448540772e-14,4.981927284252552e-11,7.303513489270896e-15
2,49,1800.0,1.4184245738142812e-14,4.981927598445922e-11,7.303513949878887e-15
2,50,1800.0,1.4184245970932762e-14,4.9819276569631884e-11,7.303514035665296e-15
2,51,1800.0,1.4184245177836191e-14,4.98192745997196e-11,7.303513746875834e-15
2,52,1800.0,1.4184245349897836e-14,4.981927502119938e-11,7.303513808664838e-15
2,53,1800.0,1.418424502495318e-14,4.9819274227992196e-11,7.303513692380536e-15
2,54,1800.0,1.4184244824646225e-14,4.9819273744197947e-11,7.303513621456221e-15
2,55,1800.0,1.4184245787269585e-14,4.9819276107298545e-11,7.303513967887152e-15
2,56,1800.0,1.4184245342349813e-14,4.9819275002732647e-11,7.303513805957611e-15
2,57,1800.0,1.4184245495959838e-14,4.981927538194226e-11,7.303513861549804e-15
2,58,1800.0,1.4184246040782672e-14,4.981927674688715e-11,7.303514061650945e-15
2,59,1800.0,1.4184243312671541e-14,4.981927013273017e-11,7.303513092014459e-15
2,60,1800.0,1.418424655998714e-14,4.981927812051519e-11,7.30351426302504e-15
2,61,1800.0,1.4184241766291313e-14,4.981926639533631e-11,7.303512544111912e-15
2,62,1800.0,1.4184246211925048e-14,4.9819277186892456e-11,7.303514126155795e-15
2,63,1800.0,1.4184244534036027e-14,4.981927304688223e-11,7.303513519229623e-15
2,64,1800.0,1.4184244340280278e-14,4.9819272584192704e-11,7.303513451399264e-15
2,65,1800.0,1.4184241352919111e-14,4.9819265400537194e-11,7.3035123982742e-15
2,66,1800.0,1.4184246599699887e-14,4.9819278232118466e-11,7.303514279386098e-15
2,67,1800.0,1.418424643599729e-14,4.981927777930576e-11,7.303514213003682e-15
2,68,1800.0,1.4184245584398693e-14,4.9819275601450847e-11,7.303513893729797e-15
2,69,1800.0,1.4184246394408846e-14,4.981927766805942e-11,7.303514196694948e-15
2,70,1800.0,1.4184242392465421e-14,4.981926790775769e-11,7.30351276583313e-15
2,71,1800.0,1.4184245195559182e-14,4.981927464309359e-11,7.30351375323447e-15
2,72,1800.0,1.4184244872079864e-14,4.9819273858467235e-11,7.303513638208118e-15
2,73,1800.0,1.4184244128263547e-14,4.981927207836588e-11,7.303513377244969e-15
2,74,1800.0,1.4184246842979845e-14,4.9819278975696994e-11,7.303514388394832e-15
2,75,1800.0,1.4184245255253511e-14,4.981927478892723e-11,7.303513774613703e-15
2,76,1800.0,1.4184242774466152e-14,4.9819268834264064e-11,7.303512901659116e-15
2,77,1800.0,1.4184246309603446e-14,4.981927744285865e-11,7.30351416368048e-15
2,78,1800.0,1.4184244167246049e-14,4.981927217132898e-11,7.303513390873374e-15
2,79,1800.0,1.4184242612681257e-14,4.981926844116461e-11,7.303512844030672e-15
2,80,1800.0,1.4184244399528705e-14,4.981927272598903e-11,7.303513472186629e-15
2,81,1800.0,1.4184245432656287e-14,4.981927522503053e-11,7.303513838546519e-15
2,82,1800.0,1.4184246817154684e-14,4.981927888864633e-11,7.303514375633189e-15
2,83,1800.0,1.4184246448828283e-14,4.981927781433032e-11,7.303514218138288e-15
2,84,1800.0,1.418424664955529e-14,4.981927837472522e-11,7.303514300292271e-15
2,85,1800.0,1.4184243084295375e-14,4.98192695869124e-11,7.303513011997485e-15
2,86,1800.0,1.4184246629480005e-14,4.981927831687587e-11,7.303514291811548e-15
2,87,1800.0,1.4184246568879331e-14,4.981927814502083e-11,7.30351426661757e-15
2,88,1800.0,1.4184245721006279e-14,4.981927594174598e-11,7.30351394361712e-15
2,89,1800.0,1.4184246936905234e-14,4.981927931259995e-11,7.303514437784859e-15
2,90,1800.0,1.4184246268467366e-14,4.9819277334351585e-11,7.303514147773328e-15
2,91,1800.0,1.4184246210758594e-14,4.9819277183766876e-11,7.303514125697585e-15
2,92,1800.0,1.4184246006826261e-14,4.9819276660515595e-11,7.303514048988861e-15
2,93,1800.0,1.4184246972039407e-14,4.981927945018736e-11,7.303514457955195e-15
2,94,1800.0,1.4184245327037278e-14,4.981927496508337e-11,7.303513800438221e-15
2,95,1800.0,1.4184241485363329e-14,4.981926572117246e-11,7.303512445279382e-15
2,96,1800.0,1.4184241614432585e-14,4.981926603003988e-11,7.303512490559397e-15
2,97,1800.0,1.4184244205205884e-14,4.9819272262435213e-11,7.303513404229563e-15
2,98,1800.0,1.4184241420169541e-14,4.981926556332028e-11,7.303512422138228e-15
2,99,1800.0,1.4184241765764632e-14,4.9819266395203734e-11,7.303512544092476e-15
2,100,1800.0,1.4184245912253021e-14,4.9819276421502086e-11,7.303514013949443e-15
2,101,1800.0,1.4184244697496287e-14,4.9819273438352607e-11,7.303513576619245e-15
2,102,1800.0,1.4184245168847064e-14,4.981927457835028e-11,7.303513743743088e-15
2,103,1800.0,1.418424554885416e-14,4.98192755131819e-11,7.303513880789555e-15
2,104,1800.0,1.4184245809674548e-14,4.981927616354501e-11,7.303513976132893e-15
2,105,1800.0,1.4184244697493056e-14,4.9819273438446556e-11,7.303513576633018e-15
2,106,1800.0,1.4184243327964689e-14,4.9819270169817505e-11,7.303513097451468e-15
2,107,1800.0,1.4184243403244587e-14,4.9819270349613826e-11,7.303513123809638e-15
2,108,1800.0,1.418424455655085e-14,4.9819273100836234e-11,7.303513527139289e-15
2,109,1800.0,1.4184244939897365e-14,4.9819274022119175e-11,7.303513662199517e-15
2,110,1800.0,1.418424389478051e-14,4.981927152384168e-11,7.303513295951632e-15
2,111,1800.0,1.4184245338509563e-14,4.981927499350918e-11,7.303513804605452e-15
2,112,1800.0,1.4184245530517247e-14,4.981927546742627e-11,7.303513874081773e-15
2,113,1800.0,1.4184246070100731e-14,4.9819276821444165e-11,7.303514072581017e-15
2,114,1800.0,1.418424483660157e-14,4.981927377331441e-11,7.303513625724698e-15
2,115,1800.0,1.4184244854490966e-14,4.98192738162191e-11,7.303513632014534e-15
2,116,1800.0,1.4184244912135115e-14,4.9819273955436455e-11,7.30351365242382e-15
2,117,1800.0,1.4184245675301319e-14,4.981927582780166e-11,7.303513926912863e-15
2,118,1800.0,1.41842450146732e-14,4.981927420344474e-11,7.303513688781875e-15
2,119,1800.0,1.4184244585918992e-14,4.981927317114442e-11,7.30351353744648e-15
2,120,1800.0,1.4184245045278882e-14,4.981927427759973e-11,7.303513699653008e-15
2,121,1800.0,1.4184245667341321e-14,4.9819275807821514e-11,7.30351392398377e-15
2,122,1800.0,1.4184245118240413e-14,4.98192744551145e-11,7.303513725676703e-15
2,123,1800.0,1.4184244967278335e-14,4.981927408871799e-11,7.303513671962916e-15
2,124,1800.0,1.418424507016054e-14,4.981927433800797e-11,7.303513708508866e-15
2,125,1800.0,1.4184245701023082e-14,4.981927589190938e-11,7.303513936311065e-15
2,126,1800.0,1.4184245212908972e-14,4.981927468565551e-11,7.303513759474053e-15
2,127,1800.0,1.4184246093694766e-14,4.981927688168177e-11,7.303514081411859e-15
2,128,1800.0,1.4184245902682283e-14,4.981927639732257e-11,7.303514010404721e-15
2,129,1800.0,1.4184245693418513e-14,4.981927587290309e-11,7.30351393352474e-15
2,130,1800.0,1.4184245295738509e-14,4.981927488846297e-11,7.303513789205659e-15
2,131,1800.0,1.4184245569740471e-14,4.981927556514919e-11,7.30351388840797e-15
2,132,1800.0,1.4184245177837807e-14,4.9819274599726594e-11,7.30351374687686e-15
2,133,1800.0,1.4184244709257761e-14,4.9818692238149496e-11,7.303428372575083e-15
2,134,1800.0,1.4184245669945648e-14,4.981927581425116e-11,7.303513924926359e-15
2,135,1800.0,1.4184246182964033e-14,4.981671381930037e-11,7.303138336050509e-15
2,136,1800.0,1.4184245008115531e-14,4.981783939717644e-11,7.303303345949932e-15
2,137,1800.0,1.4184242249587742e-14,4.981926756318262e-11,7.30351271531837e-15
2,138,1800.0,6.297326448025862e-15,5.2317224968042356e-11,7.669713676534414e-15
2,139,1800.0,1.418424578506754e-14,4.981927610181522e-11,7.303513967083295e-15
2,140,1800.0,6.2973183205312495e-15,5.22835196825793e-11,7.664772476211853e-15
2,141,1800.0,6.2973344095859436e-15,5.238489400954613e-11,7.679633969008193e-15
2,142,1800.0,1.4184244730588358e-14,4.9819273517790793e-11,7.303513588264895e-15
2,143,1800.0,1.4184245319277613e-14,4.981927494607839e-11,7.303513797652088e-15
2,144,1800.0,1.4184244656773797e-14,4.9819273340856e-11,7.303513562326226e-15
2,145,1800.0,1.4184244704073342e-14,4.981927345436278e-11,7.303513578966338e-15
2,146,1800.0,6.297337370678471e-15,5.2270378022047255e-11,7.662845906643676e-15
2,147,1800.0,6.2973215968741024e-15,5.230901838294379e-11,7.66851058982623e-15
2,148,1800.0,6.297320596017873e-15,5.229132258976879e-11,7.665916383673011e-15
2,149,1800.0,6.2973340934527e-15,5.239041670351207e-11,7.680443596840476e-15
2,150,1800.0,1.4184245436181498e-14,4.9819275233854283e-11,7.303513839840082e-15
2,151,1800.0,1.4184244176908876e-14,4.981927219499498e-11,7.303513394342815e-15
2,152,1800.0,1.4184245212900894e-14,4.9819274685626135e-11,7.303513759469746e-15
2,153,1800.0,1.4184242345552002e-14,4.98192677951964e-11,7.303512749331628e-15
2,154,1800.0,1.4184244233176544e-14,4.98192723285861e-11,7.303513413927295e-15
2,155,1800.0,1.4184244794082548e-14,4.9819273670439014e-11,7.30351361064315e-15
2,156,1800.0,1.4184243388500739e-14,4.98192703143357e-11,7.303513118637858e-15
2,157,1800.0,1.4184245338535412e-14,4.981927499338492e-11,7.303513804587234e-15
2,158,1800.0,6.297333220078412e-15,5.2233171664206514e-11,7.657391448541982e-15
2,159,1800.0,6.297330397628302e-15,5.2310514390540335e-11,7.668729904782832e-15
2,160,1800.0,1.4184245466704786e-14,4.981160440121108e-11,7.302389294528858e-15
2,161,1800.0,1.4184245408160755e-14,4.9819275165514237e-11,7.303513829821419e-15
2,162,1800.0,1.4184244614700677e-14,4.9819273239468874e-11,7.303513547462857e-15
2,163,1800.0,6.297336269596063e-15,5.2282839021893374e-11,7.664672691244761e-15
2,164,1800.0,6.2973342847309465e-15,5.231071748911901e-11,7.66875967906745e-15
2,165,1800.0,6.297336422405564e-15,5.230535000729722e-11,7.667972805360707e-15
2,166,1800.0,6.297335958380666e-15,5.227713088065623e-11,7.663835876812403e-15
2,167,1800.0,6.297326156613525e-15,5.2227577036888876e-11,7.656571275268658e-15
2,168,1800.0,6.2973375035621286e-15,5.231193158893009e-11,7.66893766629692e-15
2,169,1800.0,1.418424640000524e-14,4.9819277682921017e-11,7.303514198873662e-15
2,170,1800.0,1.4184246080530962e-14,4.9819276848032315e-11,7.303514076478843e-15
2,171,1800.0,1.4184245916096503e-14,4.981927643109145e-11,7.303514015355243e-15
2,172,1800.0,1.4184244047022132e-14,4.981927188533967e-11,7.303513348947295e-15
2,173,1800.0,1.41842455902245e-14,4.9819275616072414e-11,7.303513895873321e-15
2,174,1800.0,1.4184245575658367e-14,4.9819275579781894e-11,7.303513890553127e-15
2,175,1800.0,1.4184245225838516e-14,4.9819274717180044e-11,7.303513764095554e-15
2,176,1800.0,1.4184244078012325e-14,4.981927195930349e-11,7.303513359790404e-15
2,177,1800.0,1.4184246322219566e-14,4.981927747566171e-11,7.303514168489414e-15
2,178,1800.0,1.4184244723985453e-14,4.981927350145867e-11,7.303513585870603e-15
2,179,1800.0,1.4184244296523716e-14,4.981927247983659e-11,7.303513436100641e-15
2,180,1800.0,1.4184244950956059e-14,4.981927404874698e-11,7.30351366610316e-15
2,181,1800.0,1.4184244806338392e-14,4.9819273699722e-11,7.303513614936041e-15
2,182,1800.0,1.418424588898372e-14,4.9819276362788483e-11,7.303514005342019e-15
2,183,1800.0,1.4184245338480482e-14,4.98192749932952e-11,7.303513804574082e-15
2,184,1800.0,1.4184243825557448e-14,4.981927135764856e-11,7.303513271587693e-15
2,185,1800.0,1.4184245695974372e-14,4.981927587930358e-11,7.303513934463053e-15
2,186,1800.0,1.4184244495759537e-14,4.9819272955713606e-11,7.303513505864289e-15
2,187,1800.0,1.4184242774506542e-14,4.981926883434603e-11,7.303512901671132e-15
2,188,1800.0,1.4184246970667774e-14,4.9819279444658854e-11,7.303514457144716e-15
2,189,1800.0,1.4184246949986643e-14,4.981927936251897e-11,7.303514445102995e-15
2,190,1800.0,1.4184247138076528e-14,4.9819280175739627e-11,7.303514564321275e-15
2,191,1800.0,1.4184246759531538e-14,4.9819278703971284e-11,7.303514348559797e-15
2,192,1800.0,1.4184245578600351e-14,4.981927558707532e-11,7.303513891622344e-15
2,193,1800.0,1.4184245070152462e-14,4.981927433797247e-11,7.303513708503661e-15
2,194,1800.0,1.4184244314167543e-14,4.9819272522489166e-11,7.303513442353516e-15
2,195,1800.0,1.4184246308776265e-14,4.9819277440371156e-11,7.303514163315814e-15
2,196,1800.0,1.418424227402996e-14,4.9819267622176376e-11,7.303512723966864e-15
2,197,1800.0,1.4184243531707998e-14,4.9819270656426863e-11,7.303513168788478e-15
2,198,1800.0,1.4184245768921362e-14,4.981927606144604e-11,7.303513961165168e-15
2,199,1800.0,1.418424639680153e-14,4.981927767437475e-11,7.303514197620779e-15
2,200,1800.0,1.4184246556873904e-14,4.9819278111393e-11,7.303514261687725e-15
2,201,1800.0,1.4184245683073909e-14,4.981927584719746e-11,7.30351392975629e-15
2,202,1800.0,1.4184242888726937e-14,4.98192691125902e-11,7.303512942461774e-15
2,203,1800.0,1.418424659450739e-14,4.981927821725308e-11,7.30351427720683e-15
2,204,1800.0,1.4184246422481288e-14,4.9819277743254666e-11,7.303514207718585e-15
2,205,1800.0,1.4184246559517004e-14,4.981927811879952e-11,7.303514262773522e-15
2,206,1800.0,1.4184246262126187e-14,4.981927731773847e-11,7.303514145337843e-15
2,207,1800.0,1.418424645094147e-14,4.9819277820066845e-11,7.303514218979262e-15
2,208,1800.0,1.4184246683151425e-14,4.9819278472803286e-11,7.303514314670531e-15
2,209,1800.0,1.4184245150681402e-14,4.9819274534009764e-11,7.30351373724276e-15
2,210,1800.0,1.4184246308776265e-14,4.981927744037117e-11,7.303514163315815e-15
2,211,1800.0,1.4184244448489073e-14,4.981927284281369e-11,7.303513489313143e-15
2,212,1800.0,1.4184245892874054e-14,4.9819276372611305e-11,7.303514006782045e-15
2,213,1800.0,1.4184244830536656e-14,4.981927375869848e-11,7.303513623582002e-15
2,214,1800.0,1.4184243993504193e-14,4.981513162116578e-11,7.302906385547032e-15
2,215,1800.0,1.4184244656746332e-14,4.981927334049654e-11,7.30351356227353e-15
2,216,1800.0,1.4184244348838043e-14,4.9819272605260205e-11,7.303513454487763e-15
2,217,1800.0,1.4184245299695082e-14,4.981927489798315e-11,7.30351379060132e-15
2,218,1800.0,1.4184242482662035e-14,4.981926812705782e-11,7.303512797982565e-15
2,219,1800.0,1.4184243572997558e-14,4.9819270755162495e-11,7.303513183263139e-15
2,220,1800.0,1.4184245327038894e-14,4.981927496524625e-11,7.3035138004621e-15
2,221,1800.0,1.4184244583187035e-14,4.9927890280651046e-11,7.319436823339368e-15
2,222,1800.0,1.4184244437884359e-14,4.993092833974173e-11,7.319882203295438e-15
2,223,1800.0,1.418424651380235e-14,4.9819183900586354e-11,7.303500450368171e-15
2,224,1800.0,1.4184246839929616e-14,4.981927897551663e-11,7.303514388368389e-15
2,225,1800.0,1.4184246456919143e-14,4.981927783696265e-11,7.303514221456191e-15
2,226,1800.0,1.41842457689149e-14,4.981927606144822e-11,7.303513961165486e-15
2,227,1800.0,1.4184244824615529e-14,4.9819273744155314e-11,7.30351362144997e-15
2,228,1800.0,1.418424646279988e-14,4.981927785210852e-11,7.303514223676577e-15
2,229,1800.0,1.4184246408929743e-14,4.981868634917427e-11,7.303427509250357e-15
2,230,1800.0,1.4184246601847003e-14,4.981927823861535e-11,7.30351428033854e-15
2,231,1800.0,1.4184246294901603e-14,4.981927740408355e-11,7.303514157996045e-15
2,232,1800.0,1.4184246324856204e-14,4.981927748303478e-11,7.303514169570307e-15
2,233,1800.0,1.418424587276161e-14,4.9819276322486176e-11,7.303513999433694e-15
2,234,1800.0,1.4184246820227531e-14,4.981927889905114e-11,7.303514377158537e-15
2,235,1800.0,1.4184246005149282e-14,4.9819276656289684e-11,7.303514048369344e-15
2,236,1800.0,1.418424575724713e-14,4.9819276032262885e-11,7.303513956886913e-15
2,237,1800.0,1.4184244108243191e-14,4.981927203089239e-11,7.303513370285348e-15
2,238,1800.0,1.4184246543267429e-14,4.9819278073655954e-11,7.303514256155468e-15
2,239,1800.0,1.4184243994179509e-14,4.981927176006199e-11,7.303513330581567e-15
2,240,1800.0,1.418424573557726e-14,4.981927597793976e-11,7.303513948923133e-15
2,241,1800.0,1.41842442873698e-14,4.981927245833192e-11,7.303513432948052e-15
2,242,1800.0,1.4184245902385015e-14,4.9819276396708905e-11,7.303514010314758e-15
2,243,1800.0,1.418424544627084e-14,4.981927525901919e-11,7.303513843529262e-15
2,244,1800.0,1.4184246830363725e-14,4.9819278932554555e-11,7.303514382070142e-15
2,245,1800.0,1.4184246623914307e-14,4.9819278300941916e-11,7.303514289475626e-15
2,246,1800.0,1.4184246851170871e-14,4.981927900305464e-11,7.303514392405467e-15
2,247,1800.0,1.4184246917382479e-14,4.981927924060742e-11,7.303514427230741e-15
2,248,1800.0,1.4184246598284633e-14,4.9819278227939924e-11,7.303514278773523e-15
2,249,1800.0,1.4184246793240764e-14,4.981927881069455e-11,7.303514364205445e-15
2,250,1800.0,1.4184246822361722e-14,4.981927890587359e-11,7.303514378158708e-15
2,251,1800.0,1.418424680399088e-14,4.981927884550658e-11,7.303514369308894e-15
2,252,1800.0,1.418424701195895e-14,4.981927960978395e-11,7.303514481352082e-15
2,253,1800.0,1.418424344716917e-14,4.981927045437376e-11,7.303513139167461e-15
2,254,1800.0,1.4184244147606972e-14,4.981927212485697e-11,7.303513384060571e-15
2,255,1800.0,1.4184244593226293e-14,4.981927318837275e-11,7.303513539972156e-15
2,256,1800.0,1.4184244972585539e-14,4.981927410103891e-11,7.303513673769164e-15
2,257,1800.0,1.4184243373462854e-14,4.981927027829371e-11,7.303513113354097e-15
2,258,1800.0,1.4184241283477945e-14,4.981926523475878e-11,7.303512373971056e-15
2,259,1800.0,1.4184240488515371e-14,4.9819263326998717e-11,7.303512094293123e-15
2,260,1800.0,1.4184242569803574e-14,4.981926833842533e-11,7.303512828969077e-15
2,261,1800.0,1.4184240432166923e-14,4.981869196006969e-11,7.303428331808537e-15
2,262,1800.0,1.4184245099210412e-14,4.981927440848833e-11,7.303513718841299e-15
2,263,1800.0,1.4184242754597662e-14,4.9819268786966606e-11,7.3035128947253e-15
2,264,1800.0,1.4184246930394418e-14,4.981927928827445e-11,7.303514434218736e-15
2,265,1800.0,1.4184246406310876e-14,4.9819277699851484e-11,7.303514201355671e-15
2,266,1800.0,1.4184246973926413e-14,4.981927945783922e-11,7.30351445907696e-15
2,267,1800.0,1.4184246917492339e-14,4.9819279240999943e-11,7.303514427288287e-15
2,268,1800.0,1.4184247011398341e-14,4.981927960752492e-11,7.303514481020907e-15
2,269,1800.0,1.4184246384603847e-14,4.9819277641792084e-11,7.303514192844154e-15
2,270,1800.0,1.4184246712432326e-14,4.981927855996454e-11,7.303514327448385e-15
2,271,1800.0,1.4184238109996294e-14,4.9819257624281874e-11,7.303511258273906e-15
2,272,1800.0,1.4184244223848144e-14,4.981927230636718e-11,7.303513410669998e-15
2,273,1800.0,1.4184244877831354e-14,4.981927387259572e-11,7.303513640279356e-15
2,274,1800.0,1.4184242997570658e-14,4.981926937648864e-11,7.303512981149327e-15
2,275,1800.0,1.4184240157891926e-14,4.981926253215043e-11,7.303511977768233e-15
2,276,1800.0,1.4184243461316866e-14,4.981927048796959e-11,7.303513144092616e-15
2,277,1800.0,1.418424371584131e-14,4.981927109644695e-11,7.303513233295494e-15
2,278,1800.0,1.418424334305912e-14,4.981927020619102e-11,7.30351310278383e-15
2,279,1800.0,1.4184244596963146e-14,4.9924239169390865e-11,7.318901569835691e-15
2,280,1800.0,1.418424178805004e-14,4.9812924246851854e-11,7.302582784114137e-15
2,281,1800.0,1.4184241175223914e-14,4.981926497567514e-11,7.303512335989354e-15
2,282,1800.0,1.4184243313183682e-14,4.9818947323580314e-11,7.303465768140665e-15
2,283,1800.0,1.4184245134095785e-14,4.9818447173756704e-11,7.3033924460953e-15
2,284,1800.0,1.4184242504924826e-14,4.9819268180903017e-11,7.30351280587628e-15
2,285,1800.0,1.4184245459778764e-14,4.981927529219382e-11,7.303513848392667e-15
2,286,1800.0,1.4184245940375547e-14,4.981927649240248e-11,7.303514024343452e-15
2,287,1800.0,1.4184242072089646e-14,4.9819267133630374e-11,7.303512652345941e-15
2,288,1800.0,1.4184243388398957e-14,4.981927031427536e-11,7.303513118629013e-15
2,289,1800.0,1.4184246281939747e-14,4.981927736968503e-11,7.303514152953215e-15
2,290,1800.0,1.4184243447186941e-14,4.981927045444878e-11,7.303513139178458e-15
2,291,1800.0,1.4184246351754114e-14,4.993113350163541e-11,7.319912280062368e-15
2,292,1800.0,1.41842454828962e-14,4.981927534958548e-11,7.303513856806295e-15
2,293,1800.0,1.4184246156549183e-14,4.981927704334608e-11,7.303514105111872e-15
2,294,1800.0,1.418424561862006e-14,4.981927568659935e-11,7.303513906212582e-15
2,295,1800.0,1.4184244883657161e-14,4.9819273886710755e-11,7.303513642348621e-15
2,296,1800.0,1.4184245805231683e-14,4.981927615238539e-11,7.303513974496892e-15
2,297,1800.0,1.4184240747466524e-14,4.9819263949745033e-11,7.303512185587833e-15
2,298,1800.0,1.4184244563853303e-14,4.9819273118315846e-11,7.303513529701802e-15
2,299,1800.0,1.4184246237081355e-14,4.981927725228624e-11,7.303514135742535e-15
2,300,1800.0,1.4184245572756772e-14,4.981927557266675e-11,7.303513889510044e-15
2,301,1800.0,1.4184244972561305e-14,4.981927410146071e-11,7.303513673831e-15
2,302,1800.0,1.4184245595974375e-14,4.981927563043772e-11,7.303513897979277e-15
2,303,1800.0,1.4184245695937213e-14,4.981927587925039e-11,7.303513934455256e-15
2,304,1800.0,1.4184245545839475e-14,4.981927550577479e-11,7.303513879703672e-15
2,305,1800.0,1.4184245766593301e-14,4.981927605554245e-11,7.3035139602997e-15
2,306,1800.0,1.4184245251111145e-14,4.981927477880547e-11,7.303513773129851e-15
2,307,1800.0,1.4184246148695814e-14,4.98192770231481e-11,7.303514102150846e-15
2,308,1800.0,1.4184245590211576e-14,4.981927561577244e-11,7.303513895829344e-15
2,309,1800.0,1.4184245502255781e-14,4.9819275397570187e-11,7.303513863840859e-15
2,310,1800.0,1.4184244812472776e-14,4.981927371524734e-11,7.303513617212056e-15
2,311,1800.0,6.2973298692578e-15,5.2299677764809544e-11,7.66714125369085e-15
2,312,1800.0,1.4184244503509508e-14,4.9819272976199386e-11,7.303513508867506e-15
2,313,1800.0,1.4184245432646594e-14,4.981927522762824e-11,7.303513838927341e-15
2,314,1800.0,1.4184244866205589e-14,4.981927384561655e-11,7.303513636324204e-15
2,315,1800.0,1.4184245422230903e-14,4.98192752004269e-11,7.303513834939622e-15
2,316,1800.0,1.418424351894486e-14,4.981927062944586e-11,7.30351316483306e-15
2,317,1800.0,1.4184244593218215e-14,4.9819273189634034e-11,7.30351354015706e-15
2,318,1800.0,1.418424416726059e-14,4.9819272172282686e-11,7.303513391013189e-15
2,319,1800.0,1.4184245802994095e-14,4.981927614670284e-11,7.303513973663828e-15
2,320,1800.0,1.4184245372110544e-14,4.981927507653455e-11,7.303513816776984e-15
2,321,1800.0,1.4184244656831959e-14,4.9819273346574876e-11,7.303513563164615e-15
2,322,1800.0,1.418424420530282e-14,4.981927226185458e-11,7.303513404144441e-15
2,323,1800.0,1.418424567004743e-14,4.981927581455374e-11,7.303513924970716e-15
2,324,1800.0,1.4184245667404329e-14,4.98192758079934e-11,7.30351392400897e-15
2,325,1800.0,1.4184245327016276e-14,4.9819274970073456e-11,7.30351380116977e-15
2,326,1800.0,1.418424449580962e-14,4.981927296224776e-11,7.303513506822196e-15
2,327,1800.0,1.4184245191059772e-14,4.9819274633918545e-11,7.303513751889405e-15
2,328,1800.0,1.4184245745406491e-14,4.981927600711435e-11,7.303513953200132e-15
2,329,1800.0,1.4184246036532062e-14,4.9819276737822454e-11,7.30351406032206e-15
2,330,1800.0,1.4184243343509868e-14,4.981927020888508e-11,7.30351310317878e-15
2,331,1800.0,1.4184245803094261e-14,4.9819276151181414e-11,7.303513974320389e-15
2,332,1800.0,1.4184244649857469e-14,4.981927332359069e-11,7.30351355979513e-15
2,333,1800.0,1.4184246768318716e-14,4.981927873215015e-11,7.303514352690823e-15
2,334,1800.0,1.4184245527394317e-14,4.9819275459870115e-11,7.303513872974038e-15
2,335,1800.0,1.418424647017342e-14,4.981927787259223e-11,7.303514226679493e-15
2,336,1800.0,1.4184245713571347e-14,4.981927592305721e-11,7.303513940877342e-15
2,337,1800.0,1.4184245584411618e-14,4.981927560141916e-11,7.303513893725154e-15
2,338,1800.0,1.4184245685671773e-14,4.981927585349973e-11,7.303513930680204e-15
2,339,1800.0,1.4184246057827116e-14,4.9819276790855866e-11,7.303514068096765e-15
2,340,1800.0,1.4184245796334645e-14,4.98192761301026e-11,7.30351397123023e-15
2,341,1800.0,1.4184246208239894e-14,4.9817124508563465e-11,7.303198543163174e-15
2,342,1800.0,1.4184244593240833e-14,4.9819273188004055e-11,7.303513539918106e-15
2,343,1800.0,1.4184245349863909e-14,4.9819275021227035e-11,7.303513808668891e-15
2,344,1800.0,1.4184245860689943e-14,4.981927629165556e-11,7.30351399491392e-15
2,345,1800.0,1.4184245361069621e-14,4.9819275048794063e-11,7.303513812710223e-15
2,346,1800.0,1.4184245862749816e-14,4.981927629682029e-11,7.303513995671072e-15
2,347,1800.0,1.418424623274835e-14,4.9816644803550645e-11,7.303128218330391e-15
2,348,1800.0,1.4184244663598037e-14,4.9819273357199856e-11,7.303513564722238e-15
2,349,1800.0,1.4184246424059716e-14,4.981927774731557e-11,7.303514208313915e-15
2,350,1800.0,1.4184243249959295e-14,4.981926998250846e-11,7.303513069991931e-15
2,351,1800.0,1.4184243599989173e-14,4.981927081867698e-11,7.303513192574371e-15
2,352,1800.0,1.4184245375818316e-14,4.9819275084847396e-11,7.303513817995648e-15
2,353,1800.0,1.4184243118078918e-14,4.9819269667778405e-11,7.303513023852454e-15
2,354,1800.0,1.4184245981366223e-14,4.981927659606142e-11,7.30351403953987e-15
2,355,1800.0,1.4184246269485186e-14,4.9819277337200505e-11,7.303514148190979e-15
2,356,1800.0,1.4184242735061982e-14,4.981926873837952e-11,7.303512887602426e-15
2,357,1800.0,1.4184243217694405e-14,4.981926990554981e-11,7.303513058709781e-15
2,358,1800.0,1.4184244906487023e-14,4.9819273941418155e-11,7.303513650368735e-15
2,359,1800.0,1.4184243665454379e-14,4.981927097541708e-11,7.303513215552495e-15
2,360,1800.0,1.4184244854537818e-14,4.981927381577274e-11,7.303513631949097e-15
2,361,1800.0,1.4184245698484994e-14,4.9819275885542894e-11,7.303513935377737e-15
2,362,1800.0,1.4184245629638364e-14,4.981927571463426e-11,7.303513910322505e-15
2,363,1800.0,1.4184246175626036e-14,4.981927709298062e-11,7.303514112388304e-15
2,364,1800.0,1.4184244464339598e-14,4.981927288112351e-11,7.303513494929369e-15
2,365,1800.0,1.4184245929232842e-14,4.9819276464349725e-11,7.303514020230913e-15
2,366,1800.0,1.4184245279734503e-14,4.9819274848941676e-11,7.303513783411831e-15
2,367,1800.0,1.4184245397528576e-14,4.9819275139001734e-11,7.303513825934682e-15
2,368,1800.0,6.2973220092301e-15,5.2259730693388415e-11,7.661285006533183e-15
2,369,1800.0,1.4184243753390786e-14,4.981927118604442e-11,7.303513246430499e-15
2,370,1800.0,1.4184242979963989e-14,4.981926933396644e-11,7.303512974915566e-15
2,371,1800.0,1.418424560165801e-14,4.9819275644373203e-11,7.303513900022222e-15
2,372,1800.0,1.4184245536653247e-14,4.9819275482814496e-11,7.30351387633769e-15
2,373,1800.0,1.4184245993352264e-14,4.981927662677675e-11,7.303514044042741e-15
2,374,1800.0,1.4184246157869118e-14,4.981927704669821e-11,7.303514105603296e-15
2,375,1800.0,1.418424386067385e-14,4.981927144127229e-11,7.303513283846945e-15
2,376,1800.0,1.4184244365842097e-14,4.98192726461062e-11,7.303513460475793e-15
2,377,1800.0,1.4184244704105654e-14,4.9819273453838966e-11,7.303513578889547e-15
2,378,1800.0,1.4184245539637236e-14,4.981927549145175e-11,7.303513877603912e-15
2,379,1800.0,1.4184245476272293e-14,4.981927533531355e-11,7.303513854714026e-15
2,380,1800.0,1.4184244800024677e-14,4.981927368627057e-11,7.303513612964058e-15
2,381,1800.0,6.2973252331826934e-15,5.227955024623366e-11,7.664190556198954e-15
2,382,1800.0,1.418424531149533e-14,4.981927492805146e-11,7.303513795009337e-15
2,383,1800.0,1.4184243994342683e-14,4.981927176442245e-11,7.303513331220812e-15
2,384,1800.0,1.4184245346128672e-14,4.981927501789135e-11,7.303513808179881e-15
2,385,1800.0,6.297317260568765e-15,5.2253215080069734e-11,7.660329816562541e-15
2,386,1800.0,1.4184240746994772e-14,4.981926394942058e-11,7.303512185540268e-15
2,387,1800.0,1.4184245773546788e-14,4.981927607352385e-11,7.303513962935775e-15
2,388,1800.0,1.4184242591462135e-14,4.981926839012606e-11,7.303512836548413e-15
2,389,1800.0,1.4184240159203783e-14,4.981926253425422e-11,7.30351197807665e-15
2,390,1800.0,1.4184242483153174e-14,4.981926812749882e-11,7.303512798047217e-15
2,391,1800.0,1.4184243928463886e-14,4.981927160427942e-11,7.303513307743816e-15
2,392,1800.0,1.4184245449808976e-14,4.981927526862625e-11,7.303513844937657e-15
2,393,1800.0,1.4184244848642541e-14,4.9819273802079483e-11,7.303513629941663e-15
2,394,1800.0,6.297323459046685e-15,5.244397310768761e-11,7.688294974390069e-15
2,395,1800.0,1.4184244331633656e-14,4.9819272564247854e-11,7.303513448475346e-15
2,396,1800.0,1.418424525530521e-14,4.981927478924342e-11,7.303513774660057e-15
2,397,1800.0,1.418424254824841e-14,4.981926828554213e-11,7.303512821216392e-15
2,398,1800.0,1.4184243691024276e-14,4.9819271036709075e-11,7.303513224537913e-15
2,399,1800.0,1.4184244526531625e-14,4.98192730294536e-11,7.303513516674583e-15
2,400,1800.0,1.4184244128240929e-14,4.981927207810939e-11,7.303513377207367e-15
2,401,1800.0,1.4184244365866331e-14,4.981927264608634e-11,7.30351346047288e-15
2,402,1800.0,1.4184242735310783e-14,4.9819268739010384e-11,7.30351288769491e-15
2,403,1800.0,1.418424487787659e-14,4.981927387292626e-11,7.303513640327812e-15
2,404,1800.0,1.4184245864820999e-14,4.981927630292095e-11,7.303513996565428e-15
2,405,1800.0,1.4184245742916872e-14,4.981927599637019e-11,7.303513951625036e-15
2,406,1800.0,1.4184244775285192e-14,4.9819273624857317e-11,7.303513603960865e-15
2,407,1800.0,1.4184245768918131e-14,4.981927606133631e-11,7.303513961149081e-15
2,408,1800.0,1.4184245390326289e-14,4.981927512063412e-11,7.303513823241988e-15
2,409,1800.0,1.4184242072343293e-14,4.98192671340911e-11,7.303512652413483e-15
2,410,1800.0,1.4184243201373743e-14,4.9819269866650505e-11,7.303513053007136e-15
2,411,1800.0,1.4184245330903378e-14,4.9819274974548826e-11,7.303513801825859e-15
2,412,1800.0,1.4184245173330318e-14,4.9819274589433404e-11,7.303513745367876e-15
2,413,1800.0,1.418424567004743e-14,4.981927581455421e-11,7.303513924970784e-15
2,414,1800.0,1.4184245482928512e-14,4.9819275350002985e-11,7.303513856867499e-15
2,415,1800.0,1.418424513694245e-14,4.9819274500063564e-11,7.303513732266242e-15
2,416,1800.0,1.418424569591298e-14,4.981927587904137e-11,7.303513934424613e-15
2,417,1800.0,1.4184238507143154e-14,4.981925857111661e-11,7.303511397080033e-15
2,418,1800.0,1.4184241852956254e-14,4.9819266604821156e-11,7.303512574822425e-15
2,419,1800.0,6.297327623212829e-15,5.22858740144214e-11,7.665117621642247e-15
2,420,1800.0,1.4184243501425433e-14,4.9819270570507335e-11,7.303513156192662e-15
2,421,1800.0,6.297316848748334e-15,5.228921497623196e-11,7.66560740718624e-15
2,422,1800.0,1.4184244677291754e-14,4.981927339305896e-11,7.30351356997919e-15
2,423,1800.0,1.4184245701006926e-14,4.9819275891822726e-11,7.303513936298363e-15
2,424,1800.0,1.418424427888312e-14,4.981927243850251e-11,7.303513430041058e-15
2,425,1800.0,1.4184245566953583e-14,4.981927555478082e-11,7.303513886887964e-15
2,426,1800.0,6.297323203794419e-15,5.220975026760178e-11,7.653957867996135e-15
2,427,1800.0,1.4184245803927904e-14,4.981927614067807e-11,7.303513972780595e-15
2,428,1800.0,1.4184245860720639e-14,4.981927629469569e-11,7.303513995359604e-15
2,429,1800.0,1.4184244787562038e-14,4.981927363820308e-11,7.303513605917356e-15
2,430,1800.0,1.4184245319275998e-14,4.981927494638581e-11,7.303513797697157e-15
2,431,1800.0,1.41842449618435e-14,4.981927407605472e-11,7.303513670106477e-15
2,432,1800.0,1.4184244977991294e-14,4.98192741093335e-11,7.303513674985152e-15
2,433,1800.0,1.4184245486172611e-14,4.981927535742947e-11,7.303513857956223e-15
2,434,1800.0,1.4184243566372035e-14,4.9819270702993894e-11,7.303513175615213e-15
2,435,1800.0,1.4184243704142844e-14,4.981927107165617e-11,7.303513229661162e-15
2,436,1800.0,1.4184244586046624e-14,4.981927317861277e-11,7.303513538541342e-15
2,437,1800.0,1.418424576909423e-14,4.981927606629458e-11,7.303513961875964e-15
2,438,1800.0,1.4184245780440498e-14,4.981927609020279e-11,7.303513965380911e-15
2,439,1800.0,1.4184244047012439e-14,4.981927188848453e-11,7.303513349408333e-15
2,440,1800.0,1.418424367862303e-14,4.981927100918411e-11,7.303513220502749e-15
2,441,1800.0,1.4184244480193355e-14,4.9819272917983184e-11,7.303513500333003e-15
2,442,1800.0,1.4184242851183923e-14,4.981926902067741e-11,7.303512928987344e-15
2,443,1800.0,1.4184245914127103e-14,4.9819276426731044e-11,7.303514014716007e-15
2,444,1800.0,1.4184244098224936e-14,4.9819272007396296e-11,7.303513366840817e-15
2,445,1800.0,1.4184246257819031e-14,4.9819277306656033e-11,7.303514143713155e-15
2,446,1800.0,1.4184244983288804e-14,4.981927412728395e-11,7.303513677616691e-15
2,447,1800.0,1.4184244999060166e-14,4.9819274165840094e-11,7.303513683269028e-15
2,448,1800.0,1.4184244448516538e-14,4.98192728430194e-11,7.3035134893433e-15
2,449,1800.0,1.4184245075015379e-14,4.981927435011987e-11,7.303513710284472e-15
2,450,1800.0,1.4184246127253742e-14,4.981927696831853e-11,7.303514094112822e-15
2,451,1800.0,1.418424686935592e-14,4.981927906716393e-11,7.303514401803899e-15
2,452,1800.0,1.4184246005108892e-14,4.9819276656714254e-11,7.303514048431585e-15
2,453,1800.0,1.4184246005134741e-14,4.98192766562782e-11,7.303514048367659e-15
2,454,1800.0,1.418424619767557e-14,4.981927714993399e-11,7.303514120737678e-15
2,455,1800.0,1.4184245569740471e-14,4.9819275565499974e-11,7.303513888459394e-15
2,456,1800.0,1.4184246003280047e-14,4.9819276652148165e-11,7.303514047762195e-15
2,457,1800.0,1.4184245700985923e-14,4.9819275895060886e-11,7.303513936773077e-15
2,458,1800.0,1.4184246296053517e-14,4.981927740678318e-11,7.30351415839181e-15
2,459,1800.0,1.4184244067877747e-14,4.981927193902573e-11,7.303513356817681e-15
2,460,1800.0,1.4184245476264215e-14,4.9819275336854755e-11,7.303513854939968e-15
2,461,1800.0,1.4184246105443315e-14,4.98168665371195e-11,7.303160724507594e-15
2,462,1800.0,1.4184246110241609e-14,4.981745837042367e-11,7.303247487366098e-15
2,463,1800.0,1.4184245807289941e-14,4.981927616086128e-11,7.303513975739458e-15
2,464,1800.0,1.4184246235961753e-14,4.9819277249365536e-11,7.303514135314358e-15
2,465,1800.0,1.4184245255211506e-14,4.981927478918029e-11,7.303513774650802e-15
2,466,1800.0,1.41842466455761e-14,4.981927836331739e-11,7.303514298619881e-15
2,467,1800.0,6.297323885845224e-15,5.2288179730198193e-11,7.665455639949568e-15
2,468,1800.0,1.4184246015080296e-14,4.9819276681928386e-11,7.30351405212798e-15
2,469,1800.0,1.4184244928903294e-14,4.981927400120168e-11,7.30351365913301e-15
2,470,1800.0,1.4184243559673811e-14,4.9819270723774416e-11,7.30351317866164e-15
2,471,1800.0,1.4184245505407791e-14,4.981927540532135e-11,7.30351386497718e-15
2,472,1800.0,1.4184242392229546e-14,4.981926790814084e-11,7.303512765889302e-15
2,473,1800.0,6.297319510815878e-15,5.226420486490659e-11,7.661940920804345e-15
2,474,1800.0,1.4184242175340204e-14,4.9819267383307637e-11,7.303512688948667e-15
2,475,1800.0,1.4184244503477197e-14,4.9819272974272876e-11,7.303513508585081e-15
2,476,1800.0,6.2973256411588344e-15,5.2276351393038655e-11,7.66372160380108e-15
2,477,1800.0,1.4184244756327892e-14,4.9819273579457535e-11,7.303513597305249e-15
2,478,1800.0,1.4184245584400309e-14,4.981927560136459e-11,7.303513893717152e-15
2,479,1800.0,1.4184245542763397e-14,4.9819275497913535e-11,7.30351387855121e-15
2,480,1800.0,1.4184243461620597e-14,4.981927048815718e-11,7.303513144120116e-15
2,481,1800.0,1.4184245482905894e-14,4.9819275349358966e-11,7.303513856773087e-15
2,482,1800.0,1.4184245404654931e-14,4.9819275156042185e-11,7.303513828432815e-15
2,483,1800.0,1.4184246420915784e-14,4.9819277739340486e-11,7.303514207144766e-15
2,484,1800.0,1.4184244656746332e-14,4.981927334049596e-11,7.303513562273445e-15
2,485,1800.0,1.4184245055272904e-14,4.9819274301510884e-11,7.303513703158387e-15
2,486,1800.0,1.4184244556570237e-14,4.9819273100673706e-11,7.303513527115463e-15
2,487,1800.0,1.4184245527439553e-14,4.9819275460146555e-11,7.303513873014565e-15
2,488,1800.0,1.41842452086519e-14,4.9819274674791975e-11,7.303513757881457e-15
2,489,1800.0,1.4184244518854355e-14,4.981927301092032e-11,7.303513513957601e-15
2,490,1800.0,1.4184243418182306e-14,4.9819270384300695e-11,7.303513128894738e-15
2,491,1800.0,1.418424531156157e-14,4.981927492669411e-11,7.30351379481035e-15
2,492,1800.0,1.418424219999891e-14,4.9819267442739924e-11,7.303512697661452e-15
2,493,1800.0,1.4184246641855402e-14,4.9819278353008663e-11,7.303514297108619e-15
2,494,1800.0,1.418424544971204e-14,4.981927526719261e-11,7.303513844727487e-15
2,495,1800.0,1.4184246272648506e-14,4.981927734568866e-11,7.303514149435344e-15
2,496,1800.0,1.4184245186742923e-14,4.981927462174964e-11,7.303513750105442e-15
2,497,1800.0,1.4184243613340385e-14,4.98192708506661e-11,7.303513197263982e-15
2,498,1800.0,1.4184244787847997e-14,4.9819273656206706e-11,7.30351360855669e-15
2,499,1800.0,1.4184242415296899e-14,4.981926796304756e-11,7.303512773938635e-15
2,500,1800.0,1.4184245136965068e-14,4.9819274500291724e-11,7.303513732299692e-15
2,501,1800.0,1.4184244448521385e-14,4.9819272842273106e-11,7.303513489233893e-15
2,502,1800.0,1.4184244585964229e-14,4.9819273171064055e-11,7.3035135374347e-15
2,503,1800.0,1.4184245279803973e-14,4.9819274848944196e-11,7.3035137834122e-15
2,504,1800.0,1.4184244983298497e-14,4.981927412801214e-11,7.303513677723445e-15
2,505,1800.0,1.4184245084794528e-14,4.9819274374133885e-11,7.303513713804931e-15
2,506,1800.0,1.4184245159851475e-14,4.981927455587616e-11,7.303513740448379e-15
2,507,1800.0,1.4184245557962841e-14,4.9819275535543635e-11,7.303513884067789e-15
2,508,1800.0,1.4184240829825925e-14,4.981926414705083e-11,7.303512214512895e-15
2,509,1800.0,1.418424219999568e-14,4.9819267442762193e-11,7.303512697664716e-15
2,510,1800.0,1.4184241212172391e-14,4.9819265063289377e-11,7.303512348833615e-15
2,511,1800.0,1.4184244824694693e-14,4.981927374399965e-11,7.30351362142715e-15
2,512,1800.0,1.4184242832544894e-14,4.981926897516051e-11,7.303512922314559e-15
2,513,1800.0,1.4184244026286072e-14,4.981927183569035e-11,7.303513341668698e-15
2,514,1800.0,1.4184244961901661e-14,4.9819274075434713e-11,7.303513670015584e-15
2,515,1800.0,1.4184244541579204e-14,4.981927306459368e-11,7.303513521826124e-15
2,516,1800.0,1.4184244977960598e-14,4.981927411452143e-11,7.303513675745703e-15
2,517,1800.0,1.4184244340314205e-14,4.981927258482411e-11,7.303513451491827e-15
2,518,1800.0,1.4184242694775701e-14,4.9819268640778486e-11,7.3035128732941e-15
2,519,1800.0,1.4184241736243008e-14,4.981926632336251e-11,7.303512533560541e-15
2,520,1800.0,1.4184245342367585e-14,4.9819275002879245e-11,7.303513805979103e-15
2,521,1800.0,1.4184244860326467e-14,4.981927383275726e-11,7.30351363443903e-15
2,522,1800.0,1.4184244416031927e-14,4.9819272770330624e-11,7.303513478687113e-15
2,523,1800.0,1.418424053281477e-14,4.981926343331204e-11,7.303512109878671e-15
2,524,1800.0,1.4184244357445891e-14,4.981927262697315e-11,7.303513457670883e-15
2,525,1800.0,1.4184244108525919e-14,4.9819272037047515e-11,7.303513371187691e-15
2,526,1800.0,1.4184243461617366e-14,4.981927048813605e-11,7.303513144117017e-15
2,527,1800.0,1.4184243373391768e-14,4.981927027851283e-11,7.30351311338622e-15
2,528,1800.0,1.4184243249878516e-14,4.9819269983138855e-11,7.303513070084346e-15
2,529,1800.0,1.4184245986516715e-14,4.9819276609131116e-11,7.30351404145589e-15
2,530,1800.0,1.4184245182300058e-14,4.981927461079536e-11,7.303513748499542e-15
2,531,1800.0,1.4184245590232578e-14,4.981927561593706e-11,7.303513895853478e-15
2,532,1800.0,1.4184245894820836e-14,4.981927637758498e-11,7.303514007511188e-15
2,533,1800.0,1.4184241766040897e-14,4.981926639498595e-11,7.30351254406055e-15
2,534,1800.0,1.4184243418183921e-14,4.981927038430582e-11,7.303513128895489e-15
2,535,1800.0,1.4184244511215859e-14,4.9819272992349616e-11,7.303513511235133e-15
2,536,1800.0,1.4184243600018253e-14,4.9819270819359685e-11,7.303513192674457e-15
2,537,1800.0,1.4184244167221815e-14,4.9819272171078485e-11,7.303513390836653e-15
2,538,1800.0,1.4184242527122993e-14,4.981926823413025e-11,7.303512813679402e-15
2,539,1800.0,6.297334158841974e-15,5.2309031621579354e-11,7.668512530612353e-15
2,540,1800.0,1.4184244769065181e-14,4.98192736175689e-11,7.303513602892382e-15
2,541,1800.0,1.4184245511765127e-14,4.98192754208818e-11,7.303513867258347e-15
2,542,1800.0,1.4184245470008662e-14,4.981927532049634e-11,7.303513852541821e-15
2,543,1800.0,1.418424505523413e-14,4.9819274308244865e-11,7.30351370414559e-15
2,544,1800.0,1.4184245221639605e-14,4.9819274709713757e-11,7.303513763000995e-15
2,545,1800.0,1.4184244934582083e-14,4.981927401448698e-11,7.303513661080636e-15
2,546,1800.0,1.4184244193887081e-14,4.981927219978699e-11,7.303513395045324e-15
2,547,1800.0,1.418424547664711e-14,4.981927532036346e-11,7.303513852522341e-15
2,548,1800.0,1.4184244296489789e-14,4.98192724800702e-11,7.303513436134887e-15
2,549,1800.0,1.4184246162927521e-14,4.981927706000979e-11,7.303514107554775e-15
2,550,1800.0,1.4184244940041152e-14,4.981927402264503e-11,7.303513662276608e-15
2,551,1800.0,1.418424358660888e-14,4.9819270787436213e-11,7.30351318799447e-15
2,552,1800.0,1.4184245040262484e-14,4.981927426495994e-11,7.303513697800013e-15
2,553,1800.0,1.4184244214684534e-14,4.9819272284470866e-11,7.303513407459994e-15
2,554,1800.0,1.4184245738118578e-14,4.9819275984701577e-11,7.303513949914416e-15
2,555,1800.0,1.4184241766115214e-14,4.9819266395052573e-11,7.303512544070315e-15
2,556,1800.0,1.4184245311603575e-14,4.981927492788937e-11,7.303513794985575e-15
2,557,1800.0,1.4184245191147013e-14,4.9819274633144355e-11,7.303513751775908e-15
2,558,1800.0,1.4184245521166228e-14,4.9819275444233636e-11,7.303513870681728e-15
2,559,1800.0,1.418424415764623e-14,4.981927215149577e-11,7.303513387965824e-15
2,560,1800.0,1.4184245334698393e-14,4.9819274983709554e-11,7.303513803168824e-15
2,561,1800.0,1.4184244710768335e-14,4.981927346979284e-11,7.303513581228387e-15
2,562,1800.0,1.4184243328116554e-14,4.9819270169562074e-11,7.30351309741402e-15
2,563,1800.0,1.4184245079900915e-14,4.98192743613231e-11,7.303513711926868e-15
2,564,1800.0,1.4184242888862646e-14,4.981926911213942e-11,7.303512942395688e-15
2,565,1800.0,1.418424279421509e-14,4.981926888276146e-11,7.303512908768843e-15
2,566,1800.0,1.4184245750111081e-14,4.9819276015353943e-11,7.303513954408058e-15
2,567,1800.0,6.297325644145247e-15,5.228513853096458e-11,7.665009799648035e-15
2,568,1800.0,1.4184243627332985e-14,4.981927089002372e-11,7.303513203033817e-15
2,569,1800.0,1.4184246080619819e-14,4.981927685116646e-11,7.303514076938309e-15
2,570,1800.0,1.418424344788326e-14,4.9819270459068826e-11,7.303513139855758e-15
2,571,1800.0,1.4184243234680688e-14,4.981926994961295e-11,7.303513065169445e-15
2,572,1800.0,1.41842458443402e-14,4.9819276252229584e-11,7.303513989134065e-15
2,573,1800.0,1.418424099082726e-14,4.981926452988837e-11,7.30351227063694e-15
2,574,1800.0,1.4184242853243797e-14,4.981926902676013e-11,7.303512929879072e-15
2,575,1800.0,6.297316569683122e-15,5.245138436466641e-11,7.689381465866736e-15
2,576,1800.0,1.4184245743052581e-14,4.981927599995894e-11,7.303513952151149e-15
2,577,1800.0,1.4184244416106244e-14,4.9819272772912073e-11,7.303513479065554e-15
2,578,1800.0,1.4184244877904055e-14,4.9819273874846756e-11,7.303513640609357e-15
2,579,1800.0,1.4184244940102544e-14,4.981927402484183e-11,7.30351366259866e-15
2,580,1800.0,1.418424467037381e-14,4.9819273376711385e-11,7.303513567582632e-15
2,581,1800.0,1.4184244614702293e-14,4.981927323946974e-11,7.303513547462983e-15
2,582,1800.0,6.2973253462398655e-15,5.224511472983716e-11,7.659142303902965e-15
2,583,1800.0,1.4184244415904296e-14,4.981927276655161e-11,7.303513478133108e-15
2,584,1800.0,1.418424561296712e-14,4.9819275672443054e-11,7.303513904137266e-15
2,585,1800.0,1.4184245998300808e-14,4.981927663981939e-11,7.303514045954793e-15
2,586,1800.0,1.418424583772114e-14,4.981927623553395e-11,7.303513986686484e-15
2,587,1800.0,1.4184245572768081e-14,4.981927557742139e-11,7.303513890207076e-15
2,588,1800.0,1.4184244945472756e-14,4.981927403563445e-11,7.30351366418086e-15
2,589,1800.0,1.418424436578232e-14,4.98192726458111e-11,7.30351346043253e-15
2,590,1800.0,1.4184245462677127e-14,4.981823105769117e-11,7.303360763444997e-15
2,591,1800.0,1.4184244585959382e-14,4.98192731713525e-11,7.303513537476986e-15
2,592,1800.0,1.4184244723988685e-14,4.981927350152245e-11,7.303513585879954e-15
2,593,1800.0,1.4184243545852463e-14,4.9819270689972075e-11,7.303513173706212e-15
2,594,1800.0,1.4184246536196004e-14,4.981927805338545e-11,7.303514253183807e-15
2,595,1800.0,1.4184243639433732e-14,4.9819270913097744e-11,7.303513206416471e-15
2,596,1800.0,1.4184244423610647e-14,4.981636919538458e-11,7.303087814128488e-15
2,597,1800.0,1.418424265385288e-14,4.981926854169003e-11,7.303512858767715e-15
2,598,1800.0,1.4184242716681447e-14,4.981926869402363e-11,7.303512881099845e-15
2,599,1800.0,1.4184243050212949e-14,4.9819269503763643e-11,7.303512999807863e-15
2,600,1800.0,1.4184240058838664e-14,4.9819262291833006e-11,7.303511942537661e-15
2,601,1800.0,1.4184244224092098e-14,4.981927230677679e-11,7.303513410730046e-15
2,602,1800.0,1.4184243461585054e-14,4.981927048897502e-11,7.30351314424001e-15
2,603,1800.0,1.4184243281421239e-14,4.9819270058528374e-11,7.303513081136463e-15
2,604,1800.0,6.297317611161674e-15,5.225566129057931e-11,7.660688431420506e-15
2,605,1800.0,1.4184245322542715e-14,4.98189320924602e-11,7.303463535255984e-15
2,606,1800.0,1.4184243753263155e-14,4.9819271185715e-11,7.303513246382205e-15
2,607,1800.0,1.4184245165178066e-14,4.981804722796584e-11,7.30333381397741e-15
2,608,1800.0,6.297321038037666e-15,5.226338625873552e-11,7.661820913006727e-15
2,609,1800.0,6.2973230386523335e-15,5.228294010739645e-11,7.664687510395927e-15
2,610,1800.0,1.418424355969966e-14,4.981927072275446e-11,7.303513178512115e-15
2,611,1800.0,1.4184243777892781e-14,4.981927124445137e-11,7.303513254992967e-15
2,612,1800.0,1.4184244374383707e-14,4.9819272668360955e-11,7.303513463738344e-15
2,613,1800.0,1.4184244176873333e-14,4.981927219525455e-11,7.303513394380868e-15
2,614,1800.0,1.418424301597381e-14,4.981926942145934e-11,7.30351298774204e-15
2,615,1800.0,1.4184243790016147e-14,4.9819271272961164e-11,7.303513259172507e-15
2,616,1800.0,1.4184245287797898e-14,4.981927486847835e-11,7.30351378627591e-15
2,617,1800.0,1.4184245255213121e-14,4.981927478905336e-11,7.303513774632194e-15
2,618,1800.0,1.4184244967263795e-14,4.9819274088319486e-11,7.303513671904494e-15
2,619,1800.0,1.4184245353597531e-14,4.9819275030201576e-11,7.303513809984562e-15
2,620,1800.0,1.4184245479635946e-14,4.981927534132015e-11,7.303513855594595e-15
2,621,1800.0,1.4184244487915861e-14,4.981927293655006e-11,7.303513503054909e-15
2,622,1800.0,1.4184244794029234e-14,4.9819273670190995e-11,7.30351361060679e-15
2,623,1800.0,1.418424403675023e-14,4.9819271860462484e-11,7.303513345300296e-15
2,624,1800.0,1.4184244138133169e-14,4.981927210167609e-11,7.30351338066225e-15
2,625,1800.0,1.4184242175332126e-14,4.9819267382494486e-11,7.30351268882946e-15
2,626,1800.0,1.4184243201402824e-14,4.981926986677799e-11,7.303513053025826e-15
2,627,1800.0,1.4184242505399809e-14,4.981926818114935e-11,7.303512805912392e-15
2,628,1800.0,1.4184242980101314e-14,4.981926933361012e-11,7.303512974863329e-15
2,629,1800.0,1.4184241824589775e-14,4.981926653594147e-11,7.30351256472465e-15
2,630,1800.0,1.418424543947568e-14,4.981927524201698e-11,7.303513841036733e-15
2,631,1800.0,1.4184244128291012e-14,4.981927207902221e-11,7.303513377341187e-15
2,632,1800.0,1.418424404712553e-14,4.981927188926403e-11,7.303513349522606e-15
2,633,1800.0,1.4184242570793929e-14,4.9819268339975516e-11,7.303512829196335e-15
2,634,1800.0,1.4184240988796467e-14,4.9819264527496654e-11,7.303512270286314e-15
2,635,1800.0,1.4184239903428875e-14,4.981926191729769e-11,7.303511887630722e-15
2,636,1800.0,1.4184241065478695e-14,4.9819264710764936e-11,7.303512297153474e-15
2,637,1800.0,1.4184243518263082e-14,4.981927062376222e-11,7.303513163999837e-15
2,638,1800.0,1.4184238275293476e-14,4.981925801560808e-11,7.303511315642392e-15
2,639,1800.0,1.418424196756762e-14,4.9819266879154973e-11,7.303512615039805e-15
2,640,1800.0,6.297315732608654e-15,5.224737928064246e-11,7.65947428741878e-15
2,641,1800.0,1.418423995610994e-14,4.9819262045120805e-11,7.303511906369612e-15
2,642,1800.0,1.4184245238503103e-14,4.9819274747894385e-11,7.303513768598282e-15
2,643,1800.0,1.4184242997735448e-14,4.981926937689509e-11,7.303512981208913e-15
2,644,1800.0,1.4184245330900147e-14,4.9819274974529555e-11,7.303513801823033e-15
2,645,1800.0,1.4184242149967408e-14,4.981926732138251e-11,7.303512679870434e-15
2,646,1800.0,1.4184244794026002e-14,4.981927367057858e-11,7.30351361066361e-15
2,647,1800.0,1.418424296225877e-14,4.9819269291073956e-11,7.30351296862752e-15
2,648,1800.0,1.4184241317936803e-14,4.981926531718683e-11,7.303512386055023e-15
2,649,1800.0,1.418424292595168e-14,4.981926920274349e-11,7.30351295567826e-15
2,650,1800.0,1.4184241486890059e-14,4.9819265722829863e-11,7.303512445522357e-15
2,651,1800.0,1.4184243626589815e-14,4.981927088322511e-11,7.303513202037138e-15
2,652,1800.0,1.4184243613348463e-14,4.9819270851507575e-11,7.303513197387343e-15
2,653,1800.0,1.4184244157523446e-14,4.9819272149740805e-11,7.303513387708545e-15
2,654,1800.0,1.4184244078046252e-14,4.981927195954276e-11,7.30351335982548e-15
2,655,1800.0,1.418424207437247e-14,4.981926713784565e-11,7.303512652963902e-15
2,656,1800.0,6.297313640419276e-15,5.2260713733498764e-11,7.661429120373005e-15
2,657,1800.0,1.4184242249668521e-14,4.9819267562504794e-11,7.303512715219001e-15
2,658,1800.0,6.297317230513997e-15,5.2275517595275005e-11,7.66359936891352e-15
2,659,1800.0,1.4184240953545972e-14,4.981926443730014e-11,7.30351225706349e-15
2,660,1800.0,1.4184243403386759e-14,4.9819270349162295e-11,7.303513123743443e-15
2,661,1800.0,1.418424212637822e-14,4.981926726298211e-11,7.303512671308927e-15
2,662,1800.0,1.4184243928848396e-14,4.981927161196311e-11,7.303513308870248e-15
2,663,1800.0,1.4184241883738036e-14,4.981926667671981e-11,7.303512585362779e-15
2,664,1800.0,1.418424161811774e-14,4.981926603400412e-11,7.303512491140554e-15
2,665,1800.0,1.4184244128224773e-14,4.981927207938609e-11,7.303513377394532e-15
2,666,1800.0,1.4184244391192275e-14,4.9819272706779604e-11,7.303513469370523e-15
2,667,1800.0,1.4184242298552957e-14,4.981926768045335e-11,7.303512732510278e-15
2,668,1800.0,1.4184245009527555e-14,4.981927419088435e-11,7.303513686940521e-15
2,669,1800.0,1.4184242674401532e-14,4.981926859137345e-11,7.303512866051312e-15
2,670,1800.0,1.418424384909009e-14,4.981927141421787e-11,7.303513279880763e-15
2,671,1800.0,1.4184244088266456e-14,4.981927198568251e-11,7.303513363657572e-15
2,672,1800.0,1.418424495642159e-14,4.98192740624931e-11,7.303513668118342e-15
2,673,1800.0,1.4184243716324371e-14,4.98192710973211e-11,7.303513233423647e-15
2,674,1800.0,1.4184243032743605e-14,4.9819269462394344e-11,7.303512993743118e-15
2,675,1800.0,6.297319201311389e-15,5.224101953136666e-11,7.658541947142136e-15
2,676,1800.0,1.4184245463102027e-14,4.981927530101488e-11,7.303513849685836e-15
2,677,1800.0,1.4184245713582656e-14,4.981927592311469e-11,7.303513940885769e-15
2,678,1800.0,1.418424357297494e-14,4.9819270754981175e-11,7.303513183236557e-15
2,679,1800.0,1.4184243690954806e-14,4.981927103746893e-11,7.303513224649308e-15
2,680,1800.0,1.4184242075406446e-14,4.98192671388344e-11,7.303512653108852e-15
2,681,1800.0,1.4184244015613503e-14,4.981927181108641e-11,7.303513338061756e-15
2,682,1800.0,1.4184245155293904e-14,4.9819274544841836e-11,7.303513738830745e-15
2,683,1800.0,1.4184243765645015e-14,4.981927121451828e-11,7.30351325060477e-15
2,684,1800.0,1.4184243015148246e-14,4.9819269418532536e-11,7.303512987312969e-15
2,685,1800.0,1.4184243983555408e-14,4.9819271734309156e-11,7.303513326806197e-15
2,686,1800.0,1.4184241736448188e-14,4.981926632446132e-11,7.303512533721628e-15
2,687,1800.0,1.4184241909813612e-14,4.981926674144444e-11,7.303512594851419e-15
2,688,1800.0,1.4184237767007145e-14,4.98192568042668e-11,7.303511138059563e-15
2,689,1800.0,1.418424201948936e-14,4.981926700596125e-11,7.303512633629628e-15
2,690,1800.0,1.4184240303894151e-14,4.981926288207449e-11,7.303512029067158e-15
2,691,1800.0,1.4184241736393258e-14,4.9819266323597145e-11,7.303512533594938e-15
2,692,1800.0,1.4184244621833494e-14,4.981927325654633e-11,7.303513549966415e-15
2,693,1800.0,1.4184242415295283e-14,4.981926796303868e-11,7.303512773937334e-15
2,694,1800.0,1.4184241352497443e-14,4.9819265400116146e-11,7.303512398212474e-15
2,695,1800.0,1.4184242298646661e-14,4.9819267680545426e-11,7.303512732523777e-15
2,696,1800.0,1.4184245009527555e-14,4.981927419109916e-11,7.30351368697201e-15
2,697,1800.0,1.4184244088319771e-14,4.981927198376095e-11,7.303513363375871e-15
2,698,1800.0,1.4184244118290528e-14,4.981927205448714e-11,7.303513373744342e-15
2,699,1800.0,6.297319171624975e-15,5.2282483804100217e-11,7.664620616258597e-15
2,700,1800.0,1.4184245263468771e-14,4.9819274809304176e-11,7.303513777600968e-15
2,701,1800.0,1.4184245449700732e-14,4.981927526745782e-11,7.303513844766365e-15
2,702,1800.0,1.4184243613267683e-14,4.9819270851125256e-11,7.303513197331294e-15
2,703,1800.0,1.4184246125875646e-14,4.9819276964892534e-11,7.30351409361057e-15
2,704,1800.0,6.297315692025105e-15,5.228604942905885e-11,7.665143337456584e-15
2,705,1800.0,1.4184242249662059e-14,4.9819267562480864e-11,7.303512715215492e-15
2,706,1800.0,1.4184245486156455e-14,4.9819275357668015e-11,7.303513857991195e-15
2,707,1800.0,1.4184243837307613e-14,4.981927138642238e-11,7.30351327580594e-15
2,708,1800.0,1.4184244128242544e-14,4.981927207816841e-11,7.30351337721602e-15
2,709,1800.0,1.4184245442905572e-14,4.9819275250469104e-11,7.303513842275817e-15
2,710,1800.0,1.4184246380446942e-14,4.9819277630900946e-11,7.303514191247512e-15
2,711,1800.0,1.4184244496118197e-14,4.981724688605997e-11,7.303216483724035e-15
2,712,1800.0,1.4184245768898744e-14,4.9819276061873095e-11,7.303513961227773e-15
2,713,1800.0,1.4184246005133126e-14,4.981927665676204e-11,7.30351404843859e-15
2,714,1800.0,1.4184246463442884e-14,4.981927785422029e-11,7.303514223986164e-15
2,715,1800.0,1.418424671639213e-14,4.981927857259779e-11,7.303514329300422e-15
2,716,1800.0,1.4184246569806679e-14,4.9819278148353866e-11,7.303514267106194e-15
2,717,1800.0,1.418424594033031e-14,4.981927649295597e-11,7.303514024424593e-15
2,718,1800.0,1.4184246588786596e-14,4.981927820109702e-11,7.30351427483835e-15
2,719,1800.0,1.4184246748442148e-14,4.981927866954341e-11,7.303514343512666e-15
2,720,1800.0,1.4184246578937977e-14,4.981927817366128e-11,7.303514270816265e-15
2,721,1800.0,1.4184245693481521e-14,4.981927587377695e-11,7.303513933652848e-15
2,722,1800.0,1.4184244781626371e-14,4.981927364060376e-11,7.303513606269296e-15
2,723,1800.0,1.4184245208698752e-14,4.981927467509736e-11,7.303513757926225e-15
2,724,1800.0,1.4184244026318383e-14,4.981927183667448e-11,7.303513341812971e-15
2,725,1800.0,1.4184243741236724e-14,4.9819271156695436e-11,7.303513242127933e-15
2,726,1800.0,6.297318490025727e-15,5.239131759712574e-11,7.680575667990543e-15
2,727,1800.0,1.4184243032717756e-14,4.981926946173149e-11,7.303512993645943e-15
2,728,1800.0,1.4184241992299029e-14,4.9819266940476334e-11,7.303512624029528e-15
2,729,1800.0,1.4184245030169911e-14,4.9819274241864506e-11,7.303513694414219e-15
2,730,1800.0,1.4184242345888044e-14,4.981926779510417e-11,7.303512749318107e-15
2,731,1800.0,1.4184245560971064e-14,4.981927554425529e-11,7.30351388534492e-15
2,732,1800.0,1.4184236197624188e-14,4.981925308809029e-11,7.303510593267484e-15
2,733,1800.0,1.4184243358528366e-14,4.981927024387156e-11,7.303513108307805e-15
2,734,1800.0,1.4184242907336885e-14,4.981926915688399e-11,7.30351294895525e-15
2,735,1800.0,1.4184244883686242e-14,4.98192738862413e-11,7.3035136422798e-15
2,736,1800.0,1.4184245238524106e-14,4.981927474780476e-11,7.303513768585143e-15
2,737,1800.0,1.4184241706189856e-14,4.9819266251022496e-11,7.303512522955483e-15
2,738,1800.0,1.418424176628162e-14,4.981926639537337e-11,7.303512544117344e-15
2,739,1800.0,1.4184241736588744e-14,4.981926632387811e-11,7.303512533636126e-15
2,740,1800.0,1.418424434888651e-14,4.981927260734614e-11,7.303513454793562e-15
2,741,1800.0,1.4184244642905597e-14,4.981927331197388e-11,7.303513558092102e-15
2,742,1800.0,6.297319189853645e-15,5.2292996675214505e-11,7.666161804871223e-15
2,743,1800.0,1.4184240209270829e-14,4.981926265243075e-11,7.303511995401348e-15
2,744,1800.0,1.4184243152051484e-14,4.981926974954979e-11,7.303513035840153e-15
2,745,1800.0,1.4184241937693799e-14,4.981926680874548e-11,7.303512604717762e-15
2,746,1800.0,1.4184240663638554e-14,4.9819263747531485e-11,7.303512155943294e-15
2,747,1800.0,1.4184246068473835e-14,4.981927681816783e-11,7.303514072100705e-15
2,748,1800.0,1.418424464290075e-14,4.9819273308076255e-11,7.30351355752071e-15
2,749,1800.0,1.4184243201483603e-14,4.9819269867317717e-11,7.303513053104948e-15
2,750,1800.0,1.4184243201719479e-14,4.981926986821938e-11,7.303513053237133e-15
2,751,1800.0,1.418423893927717e-14,4.9819259604198434e-11,7.303511548529996e-15
2,752,1800.0,1.4184243461727226e-14,4.981927048933712e-11,7.303513144293094e-15
2,753,1800.0,1.4184237395297704e-14,4.9819255920368995e-11,7.303511008480002e-15
2,754,1800.0,1.4184242870323784e-14,4.981926906719304e-11,7.303512935806541e-15
2,755,1800.0,1.4184244260743308e-14,4.9819272395169713e-11,7.303513423688462e-15
2,756,1800.0,1.4184244278876658e-14,4.981927243888078e-11,7.303513430096512e-15
2,757,1800.0,1.4184245104029708e-14,4.9819274419988106e-11,7.303513720527168e-15
2,758,1800.0,6.2973309100093385e-15,5.228858848472899e-11,7.665515563430164e-15
2,759,1800.0,6.297324904377592e-15,5.229935630070315e-11,7.667094127000648e-15
2,760,1800.0,1.4184246326075972e-14,4.9819277485330283e-11,7.303514169906829e-15
2,761,1800.0,1.4184244934519075e-14,4.9819274010308044e-11,7.303513660468005e-15
2,762,1800.0,1.418424326558687e-14,4.981927002041302e-11,7.303513075548746e-15
2,763,1800.0,1.4184244600391422e-14,4.981927320550186e-11,7.303513542483286e-15
2,764,1800.0,1.41842442789639e-14,4.9819272442017036e-11,7.303513430556287e-15
2,765,1800.0,1.4184244663675586e-14,4.981927335677325e-11,7.303513564659698e-15
2,766,1800.0,1.4184242569829424e-14,4.9819268337673944e-11,7.303512828858925e-15
2,767,1800.0,1.4184244176839405e-14,4.981927219425278e-11,7.303513394234007e-15
2,768,1800.0,1.4184243825552601e-14,4.981927135757936e-11,7.303513271577548e-15
2,769,1800.0,1.4184242735063598e-14,4.981926873838823e-11,7.303512887603704e-15
2,770,1800.0,1.418424428760406e-14,4.9819272458529545e-11,7.303513432977023e-15
2,771,1800.0,1.418424480015554e-14,4.981927368479265e-11,7.303513612747395e-15
2,772,1800.0,1.4184242321927271e-14,4.981926773738096e-11,7.303512740855874e-15
2,773,1800.0,1.4184243777803924e-14,4.9819271243733144e-11,7.303513254887675e-15
2,774,1800.0,1.4184238353791623e-14,4.9819258203413394e-11,7.303511343174682e-15
2,775,1800.0,1.4184245127584969e-14,4.9819274477560245e-11,7.303513728967253e-15
2,776,1800.0,1.4184241453618657e-14,4.981926564300469e-11,7.303512433819974e-15
2,777,1800.0,1.4184244242388622e-14,4.981927235319816e-11,7.303513417535426e-15
2,778,1800.0,1.4184241964958447e-14,4.981926687484599e-11,7.303512614408107e-15
2,779,1800.0,1.4184243490287575e-14,4.981927055719899e-11,7.303513154241656e-15
2,780,1800.0,1.4184244600347801e-14,4.981927320598709e-11,7.303513542554423e-15
3,1,1100.0,0.000929056912411468,0.00919191277062243,1.3475359049226764e-6
3,2,1100.0,0.0015694442604895402,0.014582599658829578,2.1378114781713044e-6
3,3,1100.0,0.001564515493200967,0.014539083093082134,2.1314319425657203e-6
3,4,1100.0,0.0010688597103258213,0.010343519032969246,1.5163615700014208e-6
3,5,1100.0,0.0011281992058861975,0.010834108536509377,1.588282070891221e-6
3,6,1100.0,0.0010635355037116477,0.010300576090388596,1.510066127645244e-6
3,7,1100.0,0.001031837754337392,0.010037011463217678,1.4714275104995854e-6
3,8,1100.0,0.0014310776894643307,0.013377723205852416,1.9611763944951717e-6
3,9,1100.0,0.0014037976602314106,0.013143694544725127,1.926867754768095e-6
3,10,1100.0,0.001077153375193394,0.01041408898563087,1.5267071365220433e-6
3,11,1100.0,0.0013795668079571188,0.012937911541281415,1.8966999330444718e-6
3,12,1100.0,0.0009381729112376555,0.009265356836660023,1.3583028169309663e-6
3,13,1100.0,0.0009679361168033722,0.009819727720838892,1.4395736785803825e-6
3,14,1100.0,0.000832888569784227,0.008402250623669116,1.231771305939666e-6
3,15,1100.0,0.0008261579372871434,0.008556079938125247,1.2543227084205273e-6
3,16,1100.0,0.0011901547417445405,0.011348635889664681,1.663711864422068e-6
3,17,1100.0,0.0009025435272587782,0.009232727617607742,1.3535193681189778e-6
3,18,1100.0,0.0007198459657711933,0.007452817263822086,1.0925842211998908e-6
3,19,1100.0,0.0008294843284500262,0.008374184741539519,1.2276568430616201e-6
3,20,1100.0,1.132536732946721e-14,9.062783938205104e-11,1.3286055971200155e-14
3,21,1100.0,0.0007770022674821059,0.007938903748771849,1.1638445788330615e-6
3,22,1100.0,0.0007002150118429795,0.007284647035868864,1.0679304384714184e-6
3,23,1100.0,0.0006930900748583269,0.0072235487511201095,1.058973420005004e-6
3,24,1100.0,0.0005813573891838997,0.006124791997686002,8.978955015155235e-7
3,25,1100.0,1.13253741336239e-14,9.071126237784587e-11,1.3298285795931418e-14
3,26,1100.0,0.0007317590832646478,0.007554334234538441,1.1074666255930746e-6
3,27,1100.0,0.0007124556550628726,0.007390234013789106,1.0834095065816533e-6
3,28,1100.0,0.00065111042161021,0.006840847174627733,1.002869306741202e-6
3,29,1100.0,0.0005782496881042055,0.006091045660426496,8.929482829929379e-7
3,30,1100.0,1.1325376586366281e-14,9.093940785875045e-11,1.3331731960482427e-14
3,31,1100.0,0.0006728361092669172,0.0070444047545141514,1.0327108810099207e-6
3,32,1100.0,0.0007601896044084122,0.007800225432640521,1.1435143151671097e-6
3,33,1100.0,0.0006484635190897113,0.006815443380666554,9.991451064209644e-7
3,34,1100.0,0.000602721434708837,0.006352545182705274,9.312841554260398e-7
3,35,1100.0,0.0006083357263404378,0.006410752287448293,9.398173264340912e-7
3,36,1100.0,1.1325367308235164e-14,9.070012742571522e-11,1.3296653410140768e-14
3,37,1100.0,0.0006136451055502987,0.00646572174212518,9.478758574166595e-7
3,38,1100.0,0.0007652996720409639,0.007843311852881413,1.1498307913715787e-6
3,39,1100.0,0.0005945494868090983,0.006265339014579565,9.184997170166924e-7
3,40,1100.0,0.0005693504807891455,0.005995107541773716,8.788837392182696e-7
3,41,1100.0,0.0005875868520957291,0.006191402089108162,9.076605517353664e-7
3,42,1100.0,0.0006135322311317844,0.006464731652138398,9.477307100638083e-7
3,43,1100.0,0.0007309433730395442,0.00754870343641972,1.106641149674439e-6
3,44,1100.0,0.000679147860426396,0.00710101129657543,1.0410094092689006e-6
3,45,1100.0,0.0006225827715524827,0.00655792675277887,9.613931269524115e-7
3,46,1100.0,0.0006840431692439884,0.007144503547835072,1.0473853803666243e-6
3,47,1100.0,0.000690861305929549,0.007204230378199083,1.0561413433975137e-6
3,48,1100.0,0.0006846117309254918,0.007149520650053249,1.048120888366577e-6
3,49,1100.0,0.0008252871104897859,0.008339350978045423,1.2225502076764478e-6
3,50,1100.0,0.000873007232872438,0.00873174493836263,1.2800752259829951e-6
3,51,1100.0,0.0007480999874736069,0.007694412985410842,1.1280021932194955e-6
3,52,1100.0,0.000767797167416885,0.00786248251882219,1.1526412141117768e-6
3,53,1100.0,0.0007324524923251689,0.007561079948318075,1.1084555483286602e-6
3,54,1100.0,0.0007141472603644953,0.007403165178554218,1.0853052174362158e-6
3,55,1100.0,0.0008344089509075442,0.008413099181284555,1.2333617062478748e-6
3,56,1100.0,0.0007668410096234767,0.007854166316590923,1.1514220575141371e-6
3,57,1100.0,0.0007868439966106705,0.008019293592536962,1.1756297429841872e-6
3,58,1100.0,0.000890448836015872,0.008873753080531312,1.3008936426867804e-6
3,59,1100.0,0.0006151877205435944,0.006482003930749853,9.502628289132335e-7
3,60,1100.0,0.0011096147493069586,0.010680498095020217,1.5657627552228622e-6
3,61,1100.0,0.0005357174192937266,0.005633807690719537,8.259171223793076e-7
3,62,1100.0,0.000941314392436847,0.009291207389420764,1.3620925121637721e-6
3,63,1100.0,0.000690861305946347,0.007204230378324109,1.0561413434158427e-6
3,64,1100.0,0.0006770048453460447,0.007081551586644808,1.038156612632851e-6
3,65,1100.0,0.0005164594542039228,0.005422346331610598,7.949168527930081e-7
3,66,1100.0,0.0011388500259809232,0.010922903809787918,1.6012994723740413e-6
3,67,1100.0,0.0010337961488237138,0.010055880393558014,1.4741936987517576e-6
3,68,1100.0,0.0007999474312458631,0.008130043443145843,1.1918656890690174e-6
3,69,1100.0,0.0010140088227874702,0.009890794733566848,1.4499921141874506e-6
3,70,1100.0,0.0005669584217062583,0.005969481743847232,8.751269930806655e-7
3,71,1100.0,0.0007499649646866634,0.007711193193852183,1.1304621745020705e-6
3,72,1100.0,0.0007182690445327428,0.00743911072836764,1.0905748408763534e-6
3,73,1100.0,0.0006628979430716046,0.006952490975382412,1.019236306062582e-6
3,74,1100.0,0.0014332249411851937,0.013396351490330277,1.9639073040248246e-6
3,75,1100.0,0.0007566060275756843,0.0077675943290123695,1.1387305900759926e-6
3,76,1100.0,0.0005865648767155053,0.006180479714523528,9.06059329847486e-7
3,77,1100.0,0.0009779302012079413,0.009591183934193457,1.4060691223430784e-6
3,78,1100.0,0.0006654219353622495,0.006975943966111833,1.0226745183122367e-6
3,79,1100.0,0.0005783295121647026,0.006091588572783867,8.930278740326966e-7
3,80,1100.0,0.0006811709104528883,0.007118939271843212,1.043637653354627e-6
3,81,1100.0,0.0007784692868631133,0.007949997663463132,1.1654709485284346e-6
3,82,1100.0,0.0013869172663814116,0.013000205682990675,1.9058322643355015e-6
3,83,1100.0,0.0010413400858269592,0.010116705665823468,1.4831106935437835e-6
3,84,1100.0,0.0011812322599170362,0.011274399455528553,1.6528287911218535e-6
3,85,1100.0,0.0006029764709237225,0.006354404788228095,9.315567738976818e-7
3,86,1100.0,0.0011634713647616646,0.011126974588642846,1.6312162816948864e-6
3,87,1100.0,0.0011155866731200083,0.010730657549399966,1.5731161393807348e-6
3,88,1100.0,0.0008222869082293768,0.008314498392049296,1.218906814533402e-6
3,89,1100.0,0.0016612411099444877,0.015392647592199295,2.256564636753573e-6
3,90,1100.0,0.0009612824939695428,0.009456431146438576,1.3863143417746123e-6
3,91,1100.0,0.0009407952510620983,0.009288039725450954,1.3616281321113755e-6
3,92,1100.0,0.00088175178927921,0.008803345026701558,1.2905718105612023e-6
3,93,1100.0,0.0017840869382013632,0.016492970915987764,2.4178722147114107e-6
3,94,1100.0,0.000765088043592834,0.00783901116474445,1.1492003097922762e-6
3,95,1100.0,0.00052241315693783,0.00548869747654269,8.046439414153544e-7
3,96,1100.0,0.0005287505612431624,0.00555673914467314,8.14618861013118e-7
3,97,1100.0,0.0006679913756509646,0.0069993765884402235,1.026109744550993e-6
3,98,1100.0,0.0005194791421580446,0.005456298390573694,7.998942301507488e-7
3,99,1100.0,0.0005358491546949962,0.005634233137033817,8.259794928780725e-7
3,100,1100.0,0.0008596458825568188,0.008621847204185325,1.2639642003054158e-6
3,101,1100.0,0.0007034928026880484,0.007312200289419913,1.0719697499165988e-6
3,102,1100.0,0.000747075911492461,0.007687339622456659,1.1269652370617114e-6
3,103,1100.0,0.0007946181843247155,0.008085578606069833,1.185347136732668e-6
3,104,1100.0,0.0008383024135214647,0.008447448951589907,1.2383973881529779e-6
3,105,1100.0,0.0007035099420492817,0.007312377546787965,1.0719957358755415e-6
3,106,1100.0,0.0006160361221888731,0.006490520164101701,9.515113101056347e-7
3,107,1100.0,0.0006201688591896614,0.006532933771192624,9.577291517930544e-7
3,108,1100.0,0.0006925606503665278,0.0072188937341615715,1.0582909937629162e-6
3,109,1100.0,0.0007244542972934209,0.007491126948201067,1.0982004271512706e-6
3,110,1100.0,0.0006485058997803651,0.00681534707687929,9.991309882701119e-7
3,111,1100.0,0.0007663581255695275,0.007850603524816344,1.1508997516613933e-6
3,112,1100.0,0.0007919863064348179,0.008062542276825001,1.181970007124319e-6
3,113,1100.0,0.0008978163167313674,0.008935990897802223,1.3100177168060008e-6
3,114,1100.0,0.0007151916496928106,0.0074128208110515546,1.086720734728382e-6
3,115,1100.0,0.0007167405242629221,0.007425771776487079,1.0886193483644424e-6
3,116,1100.0,0.0007218953637708747,0.007470628358680738,1.0951953305986576e-6
3,117,1100.0,0.0008144347712908887,0.008249804271381826,1.2094226459373469e-6
3,118,1100.0,0.0007314757169339072,0.007553368961764816,1.1073251164477027e-6
3,119,1100.0,0.0006947811052747695,0.007238029540132258,1.061096306025838e-6
3,120,1100.0,0.0007344457061202368,0.007578796073906903,1.111052735217048e-6
3,121,1100.0,0.0008132263677324491,0.008238175265352858,1.2077178317649714e-6
3,122,1100.0,0.0007417569048433785,0.007641968865057299,1.120313876658839e-6
3,123,1100.0,0.0007269617924025767,0.007515175408868361,1.1017259353905209e-6
3,124,1100.0,0.0007369229344688019,0.0076002205618003315,1.1141935686215213e-6
3,125,1100.0,0.0008187560507799735,0.00828556622646007,1.214665354359492e-6
3,126,1100.0,0.0007519038290883685,0.007727862063093126,1.1329058334397857e-6
3,127,1100.0,0.000904126512605892,0.008988534344331967,1.3177205946002186e-6
3,128,1100.0,0.0008572581201442591,0.008603346458159338,1.2612519879335196e-6
3,129,1100.0,0.0008172330179462077,0.008274318505524332,1.213016436643704e-6
3,130,1100.0,0.0007612473833874546,0.007807511146384707,1.1445824019851936e-6
3,131,1100.0,0.0007977188198669186,0.008111309718781646,1.1891193220349045e-6
3,132,1100.0,0.0007480881876252998,0.007694277829003417,1.1279823792682178e-6
3,133,1100.0,0.0007071043262114147,0.007338439925615547,1.0758164848441467e-6
3,134,1100.0,0.000813812272813923,0.00824218429805236,1.208305556609778e-6
3,135,1100.0,0.0009383869792883861,0.009263764003689187,1.3580693073587685e-6
3,136,1100.0,0.0007337927147477328,0.0075679855423761875,1.1094679095390351e-6
3,137,1100.0,0.0005596906083177538,0.005890983187582439,8.636190919842281e-7
3,138,1100.0,1.132538638361301e-14,9.065172733743122e-11,1.3289557949338248e-14
3,139,1100.0,0.0008337278904159139,0.00840952776996032,1.2328381367677512e-6
3,140,1100.0,1.1325359220948476e-14,9.055541698062866e-11,1.3275438835390374e-14
3,141,1100.0,1.1325412735202719e-14,9.084740293930169e-11,1.3318244024349811e-14
3,142,1100.0,0.000706105230594128,0.007335113167362343,1.0753287815439677e-6
3,143,1100.0,0.000764158599063281,0.007831198926935264,1.1480550344607565e-6
3,144,1100.0,0.000700475173733908,0.007286884947380588,1.0682585166624696e-6
3,145,1100.0,0.000704053806646157,0.0073170191796064505,1.072676200000524e-6
3,146,1100.0,1.1325422507024953e-14,9.051812539159848e-11,1.3269971882382466e-14
3,147,1100.0,1.1325370189048359e-14,9.062819913685268e-11,1.3286108711312498e-14
3,148,1100.0,1.132536683881986e-14,9.05776461069722e-11,1.3278697628922303e-14
3,149,1100.0,1.1325411691656215e-14,9.086351129927343e-11,1.3320605512537636e-14
3,150,1100.0,0.0007785282175914289,0.007954918312211404,1.1661923164340354e-6
3,151,1100.0,0.0006662213126393665,0.006983581789390063,1.0237942244451936e-6
3,152,1100.0,0.0007519259172052976,0.007727867325098243,1.1329066048505905e-6
3,153,1100.0,0.0005645183642283248,0.005943287741309388,8.712869480547605e-7
3,154,1100.0,0.0006697748770794695,0.007015875775961083,1.0285285281209882e-6
3,155,1100.0,0.0007114073281185193,0.00738106206163949,1.0820648969070117e-6
3,156,1100.0,0.0006194092732225867,0.00652546691162784,9.56634508968253e-7
3,157,1100.0,0.0007663768833561445,0.00785013625133844,1.1508312492936483e-6
3,158,1100.0,1.132540880879284e-14,9.041303913177492e-11,1.3254566219626517e-14
3,159,1100.0,1.1325399483363794e-14,9.063250574829881e-11,1.328674006124989e-14
3,160,1100.0,0.000790403807208573,0.008046599041699232,1.1796327262657297e-6
3,161,1100.0,0.000775514494525695,0.00792792598707271,1.1622352371851998e-6
3,162,1100.0,0.0006969287216185271,0.007256346659010913,1.0637815986281146e-6
3,163,1100.0,1.1325418874112326e-14,9.055352261169446e-11,1.3275161120596977e-14
3,164,1100.0,1.132541232331201e-14,9.063309389426567e-11,1.3286826283544142e-14
3,165,1100.0,1.1325419378301527e-14,9.061773549484352e-11,1.3284574739694682e-14
3,166,1100.0,1.1325417847159518e-14,9.053729384392889e-11,1.3272781980607021e-14
3,167,1100.0,1.1325385412553054e-14,9.039730213357138e-11,1.325225917313422e-14
3,168,1100.0,1.1325422945448449e-14,9.06365753465795e-11,1.3287336665018732e-14
3,169,1100.0,0.001016731721771636,0.009913392250964725,1.453304913907774e-6
3,170,1100.0,0.0009006099500945683,0.008959368869462338,1.3134449312479124e-6
3,171,1100.0,0.0008604755524778191,0.008629048574264277,1.2650199223284792e-6
3,172,1100.0,0.0006578127637350053,0.006904592443728824,1.012214373543534e-6
3,173,1100.0,0.0008007293595377693,0.008136887534094365,1.1928690339135384e-6
3,174,1100.0,0.0007986596454196317,0.00811905942138267,1.1902554296947517e-6
3,175,1100.0,0.0007532929534368527,0.007739952581168936,1.1346783053531773e-6
3,176,1100.0,0.0006597838695808453,0.006923043674012895,1.0149193268996242e-6
3,177,1100.0,0.000981768694327873,0.009626024107990749,1.4111766974797404e-6
3,178,1100.0,0.0007056208179164927,0.007329964211957267,1.0745739438454027e-6
3,179,1100.0,0.0006740178745774057,0.007054587978172626,1.0342037432519897e-6
3,180,1100.0,0.0007254387811675343,0.007500318120522788,1.099547854506264e-6
3,181,1100.0,0.0007125401403239773,0.007388465620016376,1.0831502597673872e-6
3,182,1100.0,0.0008545848523086166,0.008580350149053442,1.2578807252840376e-6
3,183,1100.0,0.0007664614714320808,0.007850615970567965,1.1509015762106019e-6
3,184,1100.0,0.0006442228701534536,0.006774008545942375,9.9307075292146e-7
3,185,1100.0,0.0008177950341949548,0.008277919165200267,1.2135442939369366e-6
3,186,1100.0,0.0006880301718612001,0.007180032285956304,1.0525938991449975e-6
3,187,1100.0,0.0005866133352285574,0.006180814451063582,9.061084022786183e-7
3,188,1100.0,0.0017786627247060416,0.016444005023177936,2.4106938068735203e-6
3,189,1100.0,0.00170325205099571,0.015767314529748444,2.3114908706434875e-6
3,190,1100.0,0.0025389026127306826,0.02559482695014078,3.7522057874426257e-6
3,191,1100.0,0.0013014750494653082,0.012278982051883925,1.800100762889884e-6
3,192,1100.0,0.0007991028653245391,0.00812274241778884,1.190795357566008e-6
3,193,1100.0,0.0007369333782237705,0.007600140781195405,1.1141818727718829e-6
3,194,1100.0,0.0006752654047595288,0.007065936074772863,1.0358673760564938e-6
3,195,1100.0,0.0009768790605150966,0.009584732474320264,1.4051233372779633e-6
3,196,1100.0,0.0005609134248741523,0.005904237900519973,8.655622350534113e-7
3,197,1100.0,0.00062729381268628,0.006604721776068187,9.682532849660496e-7
3,198,1100.0,0.0008308949869073127,0.008385459346985114,1.2293097020509192e-6
3,199,1100.0,0.0010152825582446735,0.009901362306387667,1.4515413220791368e-6
3,200,1100.0,0.0011069890563656735,0.010659676725058558,1.5627103390051315e-6
3,201,1100.0,0.0008157870855634914,0.00826083721362183,1.2110400770614609e-6
3,202,1100.0,0.0005925873710563824,0.006244470117231064,9.154403332763323e-7
3,203,1100.0,0.0011348803473946786,0.010890138172990692,1.59649602469849e-6
3,204,1100.0,0.001027788703920231,0.010004668269884082,1.4666859931044061e-6
3,205,1100.0,0.0011088594683063076,0.010675117413093179,1.5649739463785456e-6
3,206,1100.0,0.0009589304666474757,0.009437094629598314,1.383479605265616e-6
3,207,1100.0,0.0010424645107079177,0.010126007180114038,1.4844742970493295e-6
3,208,1100.0,0.0012134668227617308,0.011542638229254134,1.6921526389114983e-6
3,209,1100.0,0.0007452139479376886,0.007670814624912519,1.1245426697381118e-6
3,210,1100.0,0.000976879060402556,0.009584732475597655,1.405123337465229e-6
3,211,1100.0,0.0006846557020809712,0.007149849794982014,1.0481691410665865e-6
3,212,1100.0,0.0008554807937819203,0.00858775323727074,1.258966019218941e-6
3,213,1100.0,0.000714651459773393,0.007407770851345206,1.0859804098153273e-6
3,214,1100.0,0.0006573102102214979,0.006896352485116468,1.0110063942728088e-6
3,215,1100.0,0.0007002835567293678,0.0072852238075846116,1.0680149932986135e-6
3,216,1100.0,0.0006776498547692803,0.007087453673313482,1.0390218594969662e-6
3,217,1100.0,0.0007618289101800847,0.007811572555294016,1.1451778051908638e-6
3,218,1100.0,0.0005714875017269874,0.006018423212041405,8.823018202659339e-7
3,219,1100.0,0.0006297543669866227,0.006630183539593381,9.719859836337857e-7
3,220,1100.0,0.0007649786453385393,0.00783870203742263,1.1491549916766955e-6
3,221,1100.0,0.0007014384832081999,0.007457962342601759,1.093338490584542e-6
3,222,1100.0,0.000686378925896015,0.007334458706501506,1.0752328374754859e-6
3,223,1100.0,0.0010872603382094353,0.010494670089252192,1.5385203393991492e-6
3,224,1100.0,0.0014396323964977796,0.013451009546905954,1.971920183995185e-6
3,225,1100.0,0.0010465896132407168,0.010158380915007228,1.4892202918421052e-6
3,226,1100.0,0.0008308661446389905,0.008385106172310652,1.2292579265862883e-6
3,227,1100.0,0.0007141281242598499,0.007402858233852516,1.085260219293099e-6
3,228,1100.0,0.0010486017280328713,0.010177047077175122,1.4919567542472683e-6
3,229,1100.0,0.0010289273701585694,0.010010755569704348,1.4675783922466233e-6
3,230,1100.0,0.0011416059839758704,0.010944425537480026,1.6044545611487926e-6
3,231,1100.0,0.0009720858783326132,0.009543013569935983,1.3990073391201558e-6
3,232,1100.0,0.000983768960907998,0.009639994928676671,1.4132248220611318e-6
3,233,1100.0,0.0008519528208441094,0.008557860074231245,1.2545836766627574e-6
3,234,1100.0,0.0013923395771651356,0.01304677770333066,1.912659730080552e-6
3,235,1100.0,0.0008813258171542238,0.008799704138525362,1.2900380557632985e-6
3,236,1100.0,0.000828556002081229,0.008366787654455574,1.2265724288938408e-6
3,237,1100.0,0.0006616499827117436,0.006940757175131205,1.0175161290402078e-6
3,238,1100.0,0.00109794980669382,0.010584285566580021,1.5516579829287949e-6
3,239,1100.0,0.0006544648103859009,0.0068728534876442565,1.0075614374271893e-6
3,240,1100.0,0.0008251699133462034,0.00833553588575342,1.2219909145268763e-6
3,241,1100.0,0.0006733638365618409,0.007048191580796234,1.0332660303578474e-6
3,242,1100.0,0.0008579678379737204,0.008605126363047198,1.261512922279133e-6
3,243,1100.0,0.0007802312034416424,0.007965657266766617,1.1677666489158156e-6
3,244,1100.0,0.0014097276867289456,0.01319384104873108,1.9342192403990656e-6
3,245,1100.0,0.0011587330946696672,0.011087681110033856,1.625455851349621e-6
3,246,1100.0,0.001448594725764967,0.01352900932915303,1.9833549647396246e-6
3,247,1100.0,0.0016045124148762412,0.014890686283725892,2.1829770274137954e-6
3,248,1100.0,0.0011378313334557098,0.01091455325005812,1.6000752789615379e-6
3,249,1100.0,0.0013489463606614388,0.012678875596481967,1.8587252214699201e-6
3,250,1100.0,0.0013957452618433687,0.013075086202107046,1.9168097605984176e-6
3,251,1100.0,0.0013655332051302573,0.01281908135481201,1.8792794084102572e-6
3,252,1100.0,0.0019392294527490247,0.01796296963968582,2.6333742663305865e-6
3,253,1100.0,0.0006225826354740769,0.006557817377598234,9.61377092533168e-7
3,254,1100.0,0.0006641798957389131,0.006963835288324328,1.020899384182162e-6
3,255,1100.0,0.0006953888717573101,0.007243351300249215,1.0618764769232275e-6
3,256,1100.0,0.0007274564929481387,0.007517700672324103,1.1020961394232307e-6
3,257,1100.0,0.0006186884142989229,0.006517489349170689,9.554649970164936e-7
3,258,1100.0,0.0005131231797396016,0.005385443338145825,7.895068679580953e-7
3,259,1100.0,0.0004774637632692815,0.0049873987858201725,7.311534719454645e-7
3,260,1100.0,0.0005759878898281307,0.006066900366511185,8.894085789838029e-7
3,261,1100.0,0.0004786265582384353,0.0049987107097258544,7.328118018270726e-7
3,262,1100.0,0.0007398692415493326,0.0076254764862587554,1.1178960912486413e-6
3,263,1100.0,0.0005855566126107605,0.006169541859147068,9.044558384730096e-7
3,264,1100.0,0.0016415752136414133,0.015218122060211767,2.2309791654215815e-6
3,265,1100.0,0.0010198399484984174,0.009938996563600758,1.4570585102983087e-6
3,266,1100.0,0.0017916428166395515,0.016561263080064503,2.42788385705558e-6
3,267,1100.0,0.001604808771811044,0.014893298071990522,2.1833599159975394e-6
3,268,1100.0,0.0019368817059119108,0.017940223376432307,2.630039660443671e-6
3,269,1100.0,0.0010095707797125092,0.009854208879845984,1.4446286220904978e-6
3,270,1100.0,0.0012445177481630143,0.011801759063170788,1.7301397952444183e-6
3,271,1100.0,0.00038428548915780475,0.003986348269048095,5.843993036179478e-7
3,272,1100.0,0.000669094746344555,0.007009251520146793,1.0275574111428465e-6
3,273,1100.0,0.0007188119498602585,0.0074436969809593,1.0912471862510897e-6
3,274,1100.0,0.0005983270356149092,0.006305272817228541,9.243540189702071e-7
3,275,1100.0,0.00046314331155371784,0.00483019373643774,7.08107186176194e-7
3,276,1100.0,0.0006232480192811936,0.0065644909087395,9.623554332822467e-7
3,277,1100.0,0.0006378039900474397,0.00670977631194227,9.836542969858502e-7
3,278,1100.0,0.0006169087714362234,0.006499358202246478,9.528069679329399e-7
3,279,1100.0,0.0007003757611541765,0.007448343675732833,1.091928392459504e-6
3,280,1100.0,0.0005416604564168542,0.00569526241261467,8.349263945892658e-7
3,281,1100.0,0.0005079578742642215,0.00532791257940858,7.810728493843278e-7
3,282,1100.0,0.0006176414449309078,0.006504672465457358,9.535860397826813e-7
3,283,1100.0,0.0007465448033697923,0.007676923930373683,1.1254382949108582e-6
3,284,1100.0,0.0005726293971051521,0.006030848542475321,8.841233757253964e-7
3,285,1100.0,0.0007820833185887045,0.007980331744152153,1.169917929683643e-6
3,286,1100.0,0.0008659503987274747,0.008673961474809283,1.271604160842148e-6
3,287,1100.0,0.0005508977068454376,0.00579558709460394,8.496340092614332e-7
3,288,1100.0,0.0006193684410167283,0.006524816534398851,9.565391635608632e-7
3,289,1100.0,0.0009662967469038438,0.009497941180550728,1.3923997195166058e-6
3,290,1100.0,0.000622625647776677,0.006558151817868949,9.614261215311672e-7
3,291,1100.0,0.0010063802401525136,0.010169669561478866,1.4908752092481025e-6
3,292,1100.0,0.0007852337253698291,0.00800756946249119,1.1739109836155003e-6
3,293,1100.0,0.0009230453126552033,0.009142769140630051,1.34033144078496e-6
3,294,1100.0,0.0008051119579342981,0.008173583014701346,1.198248597329799e-6
3,295,1100.0,0.0007193352970342403,0.007448705734503208,1.0919814703340387e-6
3,296,1100.0,0.0008376739167025012,0.008441431467681317,1.2375152240347501e-6
3,297,1100.0,0.0004889771965239514,0.005113869699770827,7.496941284692701e-7
3,298,1100.0,0.0006931685731052555,0.007224223224618736,1.0590722979294356e-6
3,299,1100.0,0.0009498884405132889,0.00936276054068097,1.3725822157586162e-6
3,300,1100.0,0.0007979809664652239,0.0081147177584547,1.1896189412044335e-6
3,301,1100.0,0.0007274795001300514,0.007518935348202865,1.1022771431075662e-6
3,302,1100.0,0.0008015215861993625,0.008144058909005339,1.193920358640105e-6
3,303,1100.0,0.0008178362193522287,0.00827825337383184,1.2135932889765999e-6
3,304,1100.0,0.0007940434941270815,0.00808165055976555,1.184771284506553e-6
3,305,1100.0,0.0008304467807931835,0.008381949762978297,1.2287951964655701e-6
3,306,1100.0,0.0007561770078107026,0.007763957268563157,1.1381973964234862e-6
3,307,1100.0,0.0009207426495908771,0.00912350879886148,1.337507871553844e-6
3,308,1100.0,0.0008009330841280385,0.008136592868948826,1.1928258359553492e-6
3,309,1100.0,0.0007879039188919164,0.008029871712529722,1.1771804970929926e-6
3,310,1100.0,0.0007133876884743399,0.0073967838729030256,1.0843697169914387e-6
3,311,1100.0,1.1325397735731492e-14,9.060150860773781e-11,1.3282195875409769e-14
3,312,1100.0,0.000689394147863762,0.007191360709040724,1.054254647808888e-6
3,313,1100.0,0.0007790823398210712,0.007964321468406529,1.1675708206592954e-6
3,314,1100.0,0.000718213880581751,0.007440540203243867,1.0907844021253524e-6
3,315,1100.0,0.0007773876007615233,0.007944578541740932,1.1646765044039046e-6
3,316,1100.0,0.0006286302228979472,0.006613201484164692,9.694964115500859e-7
3,317,1100.0,0.0006957688152217684,0.007246608555426918,1.062353991061251e-6
3,318,1100.0,0.000665757188691477,0.006978631052815724,1.0230684456594052e-6
3,319,1100.0,0.0008374209951485717,0.008437885041922628,1.2369953174425936e-6
3,320,1100.0,0.0007709917414344082,0.007889322374616904,1.1565759413300243e-6
3,321,1100.0,0.0007022096580704943,0.0073061068052362255,1.0710764441457e-6
3,322,1100.0,0.000667879887180715,0.006998522574002812,1.025984545895778e-6
3,323,1100.0,0.0008136942910111984,0.00824226288107547,1.2083170768937274e-6
3,324,1100.0,0.0008132572752485114,0.00823865271624402,1.207787826143153e-6
3,325,1100.0,0.0007666302010065761,0.007867842603372924,1.153427003377382e-6
3,326,1100.0,0.0006903154039988729,0.007199983662823504,1.0555187742337953e-6
3,327,1100.0,0.0007501290170650444,0.0077164901597335965,1.131238710560503e-6
3,328,1100.0,0.0008274945389118724,0.008380715004573859,1.2286141806829571e-6
3,329,1100.0,0.0008875245624627952,0.008883648972869924,1.3023443821106952e-6
3,330,1100.0,0.00061792856373301,0.006506719514434879,9.538861374952228e-7
3,331,1100.0,0.000838078292287985,0.008468282591682837,1.2414516031739454e-6
3,332,1100.0,0.0006996682215702058,0.007279753863995265,1.0672130986801067e-6
3,333,1100.0,0.0013139630927245043,0.012383839495707268,1.815472881183039e-6
3,334,1100.0,0.0007916837075095102,0.0080604215741127,1.1816591117622975e-6
3,335,1100.0,0.0010532875407334487,0.01021452082695725,1.4974504120509952e-6
3,336,1100.0,0.0008210653156434744,0.008303228778688788,1.2172546873845877e-6
3,337,1100.0,0.000799986646828831,0.008129233380724927,1.1917469337865587e-6
3,338,1100.0,0.0008163093568496502,0.008263873641095206,1.2114852178221679e-6
3,339,1100.0,0.0008953622655891628,0.008915930702435031,1.3070768889074323e-6
3,340,1100.0,0.0008358376483776392,0.00842670411428137,1.2353561916346234e-6
3,341,1100.0,0.0009468563874118662,0.009333200562193378,1.3682487181118503e-6
3,342,1100.0,0.0006952831575910743,0.007242228431678215,1.0617118642083671e-6
3,343,1100.0,0.0007678538422736674,0.00786219113839243,1.1525984976934544e-6
3,344,1100.0,0.0008487292116350399,0.008532087844563541,1.2508054636081103e-6
3,345,1100.0,0.00076925326456496,0.007874003747733574,1.1543302281412117e-6
3,346,1100.0,0.000849168116537938,0.008535676126833255,1.2513315063715806e-6
3,347,1100.0,0.0009555193287054296,0.00940442676776897,1.3786904914162345e-6
3,348,1100.0,0.0007007930263284196,0.007289392088602089,1.0686260639726969e-6
3,349,1100.0,0.0010281540743515144,0.01000822291278549,1.4672071043310199e-6
3,350,1100.0,0.0006117908923725702,0.006446659195255695,9.450812849498709e-7
3,351,1100.0,0.0006311114398709225,0.006644232264925139,9.74045529048908e-7
3,352,1100.0,0.0007711330855277989,0.007888598020429852,1.1564697508885685e-6
3,353,1100.0,0.0006046924475766085,0.006372737878742675,9.342444079443789e-7
3,354,1100.0,0.0008757080847442566,0.008752427503186432,1.2831072933449742e-6
3,355,1100.0,0.0009619311827248184,0.009460523343141725,1.3869142584758591e-6
3,356,1100.0,0.0005844403276961183,0.006157954079946177,9.027570681603254e-7
3,357,1100.0,0.0006100024285717867,0.006428285214558338,9.423876563957384e-7
3,358,1100.0,0.0007214006248646216,0.007465458837424483,1.0944374779429704e-6
3,359,1100.0,0.0006349558130858758,0.006682509384158512,9.796569609446531e-7
3,360,1100.0,0.0007167207498053635,0.007424686346263514,1.088460224117396e-6
3,361,1100.0,0.0008183541988597369,0.008282751534505074,1.214252720061789e-6
3,362,1100.0,0.0008073146114962012,0.008192824416037553,1.2010693898904547e-6
3,363,1100.0,0.0009293544594161876,0.00919657474702866,1.3482193514209259e-6
3,364,1100.0,0.0006860594017128661,0.007162290541348372,1.0499929565042486e-6
3,365,1100.0,0.000863615487367158,0.008653177670381278,1.2685572517377516e-6
3,366,1100.0,0.0007595192263524516,0.007792673900457399,1.1424072593227094e-6
3,367,1100.0,0.0007741546856869002,0.007915561736999166,1.1604226361164872e-6
3,368,1100.0,1.1325371568774311e-14,9.04879268007878e-11,1.3265544764065422e-14
3,369,1100.0,0.0006402429778788058,0.0067345216942536305,9.872819740512994e-7
3,370,1100.0,0.0005975569066760521,0.006296695859042086,9.230966355071909e-7
3,371,1100.0,0.0008026373451048667,0.008152332704274541,1.1951332983702191e-6
3,372,1100.0,0.0007927785053287446,0.008070953167433396,1.1832030450534227e-6
3,373,1100.0,0.0008786690761222036,0.008780229246332915,1.2871830334051997e-6
3,374,1100.0,0.0009233509865363003,0.009145505459891564,1.3407325856330708e-6
3,375,1100.0,0.0006462702970189058,0.0067940506440572505,9.960089277599e-7
3,376,1100.0,0.0006789166066298579,0.007098819998130243,1.0406881645609733e-6
3,377,1100.0,0.0007040062430322681,0.007316439748818374,1.0725912553528935e-6
3,378,1100.0,0.0007937082151713784,0.008081115302072986,1.1846928156418982e-6
3,379,1100.0,0.0007849963526821385,0.008011636251299584,1.1745071755152497e-6
3,380,1100.0,0.0007124300535720553,0.007389428020727284,1.0832913478678985e-6
3,381,1100.0,1.1325382337011526e-14,9.05441420210607e-11,1.3273785924486678e-14
3,382,1100.0,0.0007635940359434596,0.007829219385001324,1.1477648332917671e-6
3,383,1100.0,0.0006561458197650599,0.006886140339490147,1.0095092920655568e-6
3,384,1100.0,0.0007689393156386217,0.00789097904453519,1.156818809409085e-6
3,385,1100.0,1.1325355666561462e-14,9.046949002603775e-11,1.3262841929892969e-14
3,386,1100.0,0.00048880261566773,0.005112772625642749,7.495332972239311e-7
3,387,1100.0,0.000832032124033995,0.008397087992447028,1.2310144633641062e-6
3,388,1100.0,0.0005772436546285758,0.0060798089282907974,8.913009762370203e-7
3,389,1100.0,0.0004633382936340163,0.004832249873399937,7.084086161887649e-7
3,390,1100.0,0.0005717782277620564,0.006020275677972584,8.825733920722818e-7
3,391,1100.0,0.0006507230617398006,0.006836636130436866,1.0022519669789549e-6
3,392,1100.0,0.0007807028416576927,0.007976980969586593,1.1694267055881722e-6
3,393,1100.0,0.0007160986384732814,0.007422993955634864,1.0882121193763946e-6
3,394,1100.0,1.1325376421287203e-14,9.102082698743684e-11,1.3343668017970167e-14
3,395,1100.0,0.0006764588457326825,0.007077419112253481,1.0375507912159764e-6
3,396,1100.0,0.000756361922819178,0.007769533562264878,1.1390148819857383e-6
3,397,1100.0,0.0005747774867491877,0.006054369659121882,8.875715752455677e-7
3,398,1100.0,0.0006365004668067522,0.006697643004849199,9.818755521955796e-7
3,399,1100.0,0.0006905972103345748,0.007201795693976489,1.055784418295093e-6
3,400,1100.0,0.0006628459116162732,0.006951902670809631,1.0191500605166728e-6
3,401,1100.0,0.0006790439874912369,0.007099732121110617,1.0408218819380233e-6
3,402,1100.0,0.0005846231773141284,0.006159048479801518,9.029175073568468e-7
3,403,1100.0,0.0007190870582565418,0.007446356112367693,1.091637015347398e-6
3,404,1100.0,0.0008498860526210903,0.008545815627545389,1.2528179588226156e-6
3,405,1100.0,0.0008262765987742852,0.008346081082963523,1.2235368421503977e-6
3,406,1100.0,0.0007098967262636571,0.007365578668653019,1.079795028980721e-6
3,407,1100.0,0.0008309997552150919,0.008385019079285655,1.22924515873468e-6
3,408,1100.0,0.0007729764360801448,0.007904030384980587,1.1587321380378932e-6
3,409,1100.0,0.0005510111847577703,0.005796282954357707,8.49736022414342e-7
3,410,1100.0,0.0006091307944103196,0.006419199291272025,9.41055658566428e-7
3,411,1100.0,0.0007657241123859533,0.007843890002424872,1.14991554818854e-6
3,412,1100.0,0.0007479048553757345,0.0076939280902855855,1.1279311075153868e-6
3,413,1100.0,0.0008136928825721402,0.008242188278594055,1.2083061401578367e-6
3,414,1100.0,0.0007853802377189624,0.008009788139381198,1.1742362420078843e-6
3,415,1100.0,0.0007437687961469485,0.007657446754233957,1.1225829377257174e-6
3,416,1100.0,0.0008180483259760203,0.00827822943550488,1.2135897796139803e-6
3,417,1100.0,0.00039808062263737285,0.004131131901338574,6.056246076243229e-7
3,418,1100.0,0.0005400368822875061,0.005680084131698648,8.327012561420524e-7
3,419,1100.0,1.1325390293863786e-14,9.05621393457421e-11,1.3276424335207703e-14
3,420,1100.0,0.0006197664433211712,0.0065385989530338485,9.58559668370993e-7
3,421,1100.0,1.132535429183252e-14,9.057162575526453e-11,1.3277815044384265e-14
3,422,1100.0,0.0007028756244853368,0.007312776142688166,1.0720541700992423e-6
3,423,1100.0,0.0008189710945868862,0.008286091619582095,1.2147423770765037e-6
3,424,1100.0,0.0006731649041362509,0.007046796198925605,1.0330614671490058e-6
3,425,1100.0,0.0007944745015064708,0.008092857367206885,1.1864142042974172e-6
3,426,1100.0,1.1325375563323194e-14,9.034733057677583e-11,1.3244933334792705e-14
3,427,1100.0,0.0008301874818564752,0.008392114206080943,1.2302853054751046e-6
3,428,1100.0,0.0008495038806960774,0.008555104297648847,1.2541796793682451e-6
3,429,1100.0,0.0007037475348118001,0.007307035615683172,1.0712126079080592e-6
3,430,1100.0,0.0007644592648679378,0.007833904574113449,1.1484516827764706e-6
3,431,1100.0,0.0007268311019901306,0.0075139713421943765,1.1015494190205765e-6
3,432,1100.0,0.0007248372309528956,0.007504843494327751,1.100211275040984e-6
3,433,1100.0,0.0007857480675455966,0.00801055218989106,1.1743482519367106e-6
3,434,1100.0,0.0006115810015344862,0.00647930430542148,9.498670634016799e-7
3,435,1100.0,0.0006388487058875014,0.00671703512323932,9.84718439900815e-7
3,436,1100.0,0.0006970789416856037,0.007263490169373474,1.0648288384073584e-6
3,437,1100.0,0.0008311203694494758,0.008418095529691886,1.2340941717357871e-6
3,438,1100.0,0.0008331428240754945,0.00840267259157099,1.2318331665026074e-6
3,439,1100.0,0.0006585492297893761,0.006908194703328808,1.012742465385892e-6
3,440,1100.0,0.0006366683421227779,0.006697077640890205,9.81792669747377e-7
3,441,1100.0,0.0006868787577554785,0.0071693004800385055,1.051020614654623e-6
3,442,1100.0,0.0005905263061884356,0.006222883097619226,9.122756726955454e-7
3,443,1100.0,0.0008605354644774313,0.008629983299047987,1.2651569531335686e-6
3,444,1100.0,0.0006611639249169891,0.006935958109499933,1.0168125852393041e-6
3,445,1100.0,0.0009576138131952243,0.00942501294685285,1.381708428613088e-6
3,446,1100.0,0.0007285139810644283,0.0075279010472987145,1.1035915160510304e-6
3,447,1100.0,0.0007302626292709254,0.0075430324549847425,1.1058097828751146e-6
3,448,1100.0,0.0006848704405429946,0.0071515607212353175,1.0484199631331719e-6
3,449,1100.0,0.0007377083289608603,0.007607028037665487,1.1151915456888746e-6
3,450,1100.0,0.0009147755436884016,0.009074566393873348,1.330332907034429e-6
3,451,1100.0,0.001487127058958556,0.013865803274392512,2.0327290118064392e-6
3,452,1100.0,0.0008817727787464404,0.008804484829486713,1.2907389058346078e-6
3,453,1100.0,0.0008815032642097065,0.008799978558972084,1.2900782858453531e-6
3,454,1100.0,0.0009366543691599596,0.009252750412501695,1.3564547131020956e-6
3,455,1100.0,0.0007981186026538334,0.008115127015802559,1.189678938398092e-6
3,456,1100.0,0.0008816443603692234,0.00880180155310108,1.290345537080715e-6
3,457,1100.0,0.0008196458955345838,0.00830728399644364,1.2178491829660086e-6
3,458,1100.0,0.0009716845333240932,0.009542467950850966,1.3989273512736847e-6
3,459,1100.0,0.0006605115743725925,0.006928034127471902,1.015650928187155e-6
3,460,1100.0,0.0007853826753078756,0.008021376821122007,1.1759351446330672e-6
3,461,1100.0,0.0009143863778256946,0.00906694604660699,1.3292157628876508e-6
3,462,1100.0,0.0009159789434130369,0.009080242611399551,1.3311650414455774e-6
3,463,1100.0,0.0008393223011850401,0.008469730062245898,1.2416638025935567e-6
3,464,1100.0,0.0009494892058548191,0.009359557954953465,1.3721127161708702e-6
3,465,1100.0,0.0007569587152854599,0.007770595263384558,1.1391705275423016e-6
3,466,1100.0,0.0011775937801039003,0.011245177745594364,1.6485448836999504e-6
3,467,1100.0,1.1325377839976271e-14,9.056869847095598e-11,1.3277385904029246e-14
3,468,1100.0,0.0008840041620647155,0.008824700763423239,1.2937025650327322e-6
3,469,1100.0,0.000724979790487618,0.0075080648612872,1.100683527960383e-6
3,470,1100.0,0.0006293855903710272,0.006625142558960687,9.71246975054387e-7
3,471,1100.0,0.0007883488643749843,0.008033998397679452,1.177785469806109e-6
3,472,1100.0,0.0005668892981172274,0.0059689017313967535,8.750419631612324e-7
3,473,1100.0,1.1325363206558314e-14,9.050058641047455e-11,1.3267400664901399e-14
3,474,1100.0,0.0005559794045546516,0.00585068362496971,8.577111695606287e-7
3,475,1100.0,0.0006886734219372587,0.007185116924873588,1.0533393080360072e-6
3,476,1100.0,1.1325383696234062e-14,9.053505542847082e-11,1.3272453828537355e-14
3,477,1100.0,0.0007083055166789553,0.007352625269372635,1.077896058542609e-6
3,478,1100.0,0.0008000304441616678,0.008129188165388195,1.1917403052108508e-6
3,479,1100.0,0.0007938591829382498,0.008078149511348415,1.1842580302400371e-6
3,480,1100.0,0.0006232933932359432,0.006565306089308962,9.624749388861134e-7
3,481,1100.0,0.0007852972523068129,0.008006798063917102,1.1737978964592652e-6
3,482,1100.0,0.0007747363357449844,0.007919236776317895,1.1609613974774323e-6
3,483,1100.0,0.001027321580479808,0.009999746511339306,1.4659644625024577e-6
3,484,1100.0,0.0007002836255297907,0.007285225584837479,1.0680152538441727e-6
3,485,1100.0,0.0007354264730175273,0.007586435956618003,1.1121727432631977e-6
3,486,1100.0,0.0006926129674495676,0.007219413874690882,1.058367246448983e-6
3,487,1100.0,0.0007912895991018829,0.008059315442253115,1.1814969526520487e-6
3,488,1100.0,0.0007514633953792372,0.007722847922956597,1.1321707596814838e-6
3,489,1100.0,0.0006897730655250472,0.007194697643020827,1.054743842872283e-6
3,490,1100.0,0.0006208955881876766,0.00654076821488762,9.588776825110397e-7
3,491,1100.0,0.0007632425894346717,0.007822260674381572,1.14674468518483e-6
3,492,1100.0,0.0005571404989131312,0.005863664392811965,8.596141522343555e-7
3,493,1100.0,0.00117485656120342,0.011220661142893815,1.6449507457625995e-6
3,494,1100.0,0.0007807646089011818,0.007969046954827948,1.1682635777360858e-6
3,495,1100.0,0.0009629868478270125,0.009471997375805138,1.388596353527677e-6
3,496,1100.0,0.0007490558915266472,0.007703608235041903,1.1293502183087003e-6
3,497,1100.0,0.0006318732694746427,0.006651960885020934,9.751785460100652e-7
3,498,1100.0,0.0007113091341858556,0.007379556993270804,1.081844253639742e-6
3,499,1100.0,0.0005679657711596378,0.005980924409899891,8.768044897822528e-7
3,500,1100.0,0.0007437226209617478,0.007658050390634529,1.1226714309200705e-6
3,501,1100.0,0.0006845913876319346,0.00714918296460018,1.0480713836243175e-6
3,502,1100.0,0.0006949051212819055,0.00723911617735054,1.0612556072185058e-6
3,503,1100.0,0.0007592618266705339,0.0077923875487566985,1.1423652801168839e-6
3,504,1100.0,0.0007286440099886503,0.007532244017711902,1.104228196218894e-6
3,505,1100.0,0.0007386713353749696,0.007616360809252633,1.1165597315191746e-6
3,506,1100.0,0.0007461868907844945,0.00767803143834094,1.1256006557587154e-6
3,507,1100.0,0.0007956245601701562,0.008096797516353421,1.1869918308021722e-6
3,508,1100.0,0.0004924583953609298,0.005153873454960185,7.555586854765648e-7
3,509,1100.0,0.0005571355599580599,0.005863665300030324,8.596142852327143e-7
3,510,1100.0,0.0005097523057103842,0.00534826060168955,7.840558727551987e-7
3,511,1100.0,0.0007141072857658453,0.007402810325219494,1.0852531958797178e-6
3,512,1100.0,0.0005896163922316311,0.00621295416375511,9.108200893786256e-7
3,513,1100.0,0.000656440241594407,0.006891732511050827,1.0103291053245107e-6
3,514,1100.0,0.0007263282361458304,0.00751100701677466,1.1011148484326452e-6
3,515,1100.0,0.0006913944068198889,0.007208678891136278,1.0567934961165368e-6
3,516,1100.0,0.0007279060216400356,0.007524920709668392,1.103154598070424e-6
3,517,1100.0,0.0006771750319064959,0.007083275389014844,1.0384093223402405e-6
3,518,1100.0,0.0005823468684048131,0.006135587991155941,8.994781959114658e-7
3,519,1100.0,0.0005343940999963276,0.005619080942460425,8.237581786929252e-7
3,520,1100.0,0.0007668314123860538,0.007857065353455078,1.1518470567892206e-6
3,521,1100.0,0.0007181828033868556,0.007442236721083007,1.0910331119160815e-6
3,522,1100.0,0.0006841024887393276,0.0071445034526051955,1.047385366405909e-6
3,523,1100.0,0.00047937723648719594,0.005009021980742877,7.343234358326993e-7
3,524,1100.0,0.0006788073338755343,0.007097289829458002,1.0404638415851264e-6
3,525,1100.0,0.000663707079555645,0.00695728920111973,1.0199397267348958e-6
3,526,1100.0,0.0006232876323190109,0.006565244686074567,9.624659371619795e-7
3,527,1100.0,0.0006185261798240458,0.006516241259192431,9.552820268229935e-7
3,528,1100.0,0.0006118729169946024,0.006447206258300411,9.451614844810683e-7
3,529,1100.0,0.0008769511354297096,0.00876262847535508,1.2846027575215168e-6
3,530,1100.0,0.0007485510032179743,0.007699717849415923,1.1287798871441403e-6
3,531,1100.0,0.0008007604277347429,0.00813726132958516,1.1929238323931926e-6
3,532,1100.0,0.0008561098414565453,0.008591778546718361,1.2595561302376652e-6
3,533,1100.0,0.0005358262775849666,0.005634575449259857,8.260296759060008e-7
3,534,1100.0,0.0006208898841193037,0.006540742514218075,9.588739147887108e-7
3,535,1100.0,0.0006891771046725158,0.007189606302608475,1.0539974515410082e-6
3,536,1100.0,0.0006312634363997155,0.0066456806997081735,9.742578698233242e-7
3,537,1100.0,0.0006653771333901961,0.00697542354096704,1.0225982239014942e-6
3,538,1100.0,0.0005739648864373392,0.006044590442536145,8.861379405059721e-7
3,539,1100.0,1.132541190903831e-14,9.062826216300024e-11,1.3286117950955966e-14
3,540,1100.0,0.0007111175256507757,0.007395264004190275,1.0841469039913258e-6
3,541,1100.0,0.0007893487570963941,0.008040515185942728,1.1787408320238193e-6
3,542,1100.0,0.0007825083869945022,0.008014004247666668,1.1748543241672224e-6
3,543,1100.0,0.0007371876175197111,0.0076188595782157205,1.1169260514549588e-6
3,544,1100.0,0.0007532054259935486,0.007755087407421577,1.1368970733396818e-6
3,545,1100.0,0.0007251487989783794,0.00751415928914321,1.1015769720737978e-6
3,546,1100.0,0.0006532069877666946,0.006867738739119823,1.0068116144628817e-6
3,547,1100.0,0.00077773431261306,0.007927083156232887,1.1621116780472075e-6
3,548,1100.0,0.0006741036485391287,0.007055428328626202,1.0343269387649551e-6
3,549,1100.0,0.0009254756556070258,0.009160959931823174,1.3429982137280221e-6
3,550,1100.0,0.0007245272319185188,0.007493779069982847,1.098589228635179e-6
3,551,1100.0,0.0006306335706649844,0.006638895151274934,9.732631073210509e-7
3,552,1100.0,0.0007339659765666877,0.007573701097185215,1.1103058108022339e-6
3,553,1100.0,0.0006685821029879019,0.0070050317723356695,1.0269387954284565e-6
3,554,1100.0,0.0008256057828062896,0.008341781556390199,1.2229065308565133e-6
3,555,1100.0,0.0005358668520672385,0.005634833034368091,8.260674379246994e-7
3,556,1100.0,0.0007633440941985597,0.007829086439778322,1.147745343500485e-6
3,557,1100.0,0.0007496558154057694,0.007712613261622571,1.1306703566678258e-6
3,558,1100.0,0.0007906891938284392,0.008051568599781272,1.1803612642876037e-6
3,559,1100.0,0.0006658977658352809,0.00697905013087155,1.0231298825704468e-6
3,560,1100.0,0.0007659953218323831,0.007845839155465833,1.1502012943408838e-6
3,561,1100.0,0.0007045471141470782,0.007320980696173395,1.0732569589725811e-6
3,562,1100.0,0.0006160240897540869,0.006490663116720177,9.515322669827186e-7
3,563,1100.0,0.0007379024887790476,0.0076073426956336145,1.1152376745981018e-6
3,564,1100.0,0.0005925613940282384,0.006244375708699932,9.154264929703366e-7
3,565,1100.0,0.0005878677053134867,0.006193451850532182,9.079610470930051e-7
3,566,1100.0,0.0008277526855479736,0.008364142703720786,1.226184678686586e-6
3,567,1100.0,1.1325383706276552e-14,9.056004080826868e-11,1.3276116689273303e-14
3,568,1100.0,0.0006353011949635317,0.006678997362130065,9.79142097944937e-7
3,569,1100.0,0.0009010981056836257,0.008986262379563306,1.3173875241961702e-6
3,570,1100.0,0.000624367081406809,0.006570552034349457,9.632439952809818e-7
3,571,1100.0,0.0006126000500630987,0.00644975008682903,9.455344101564769e-7
3,572,1100.0,0.0008447401344411268,0.008516611032327464,1.248536560420896e-6
3,573,1100.0,0.0005003590445093896,0.005238601785170281,7.679798724450872e-7
3,574,1100.0,0.0005924859533395755,0.006236222200084111,9.142311872831427e-7
3,575,1100.0,1.1325353372736309e-14,9.104274343743168e-11,1.3346880973098601e-14
3,576,1100.0,0.0008265354856874973,0.008370219363340693,1.2270755179737024e-6
3,577,1100.0,0.0006848063810975954,0.0071509254636899725,1.0483268342738596e-6
3,578,1100.0,0.0007193794903950285,0.007454902404732289,1.0928899031959495e-6
3,579,1100.0,0.0007247870453819055,0.007506690789285194,1.1004820887817423e-6
3,580,1100.0,0.00070241440760434,0.007304096548073302,1.0707817401191534e-6
3,581,1100.0,0.0006969313575334121,0.007256388096378062,1.063787673352868e-6
3,582,1100.0,1.1325382712019996e-14,9.044664740707024e-11,1.3259493198242732e-14
3,583,1100.0,0.000682789369322482,0.007133099141445293,1.0457134925378285e-6
3,584,1100.0,0.000804478931686306,0.008166050609773337,1.1971443455441047e-6
3,585,1100.0,0.000880366941250463,0.008794145264464615,1.2892231239232422e-6
3,586,1100.0,0.0008444656246615646,0.00850560137856866,1.2469225433919084e-6
3,587,1100.0,0.0007991069067783226,0.008147051578413545,1.194359084461352e-6
3,588,1100.0,0.0007249212925209102,0.007496269116679366,1.0989542698852676e-6
3,589,1100.0,0.0006788193650903481,0.007097837357877176,1.0405441093402947e-6
3,590,1100.0,0.0007861132414602167,0.008009614679376581,1.174210812743038e-6
3,591,1100.0,0.0006950046714027899,0.007239950774823949,1.0613779593436448e-6
3,592,1100.0,0.0007056363678355291,0.007330130540614636,1.0745983276535846e-6
3,593,1100.0,0.0006281335826609646,0.006613911147397465,9.696004482952585e-7
3,594,1100.0,0.0010920572774932918,0.010537522814448292,1.5448025558721e-6
3,595,1100.0,0.0006333411511802848,0.006666614123819445,9.773267131975854e-7
3,596,1100.0,0.0006855749892297071,0.007153507383205602,1.04870534409415e-6
3,597,1100.0,0.0005802900298420701,0.006113387932140629,8.96223663654573e-7
3,598,1100.0,0.0005847367603594084,0.006155500356700827,9.02397351934077e-7
3,599,1100.0,0.0006012665406557382,0.006336075639392866,9.288697177018179e-7
3,600,1100.0,0.0004590409457430905,0.004785613197374121,7.015716719096714e-7
3,601,1100.0,0.0006691494015432432,0.007010300700118034,1.0277112210970152e-6
3,602,1100.0,0.0006234936248109454,0.006566757232617877,9.626876767308633e-7
3,603,1100.0,0.000613686255579621,0.0064658886877791266,9.479003316766397e-7
3,604,1100.0,1.1325356842479482e-14,9.047640627900812e-11,1.3263855853701612e-14
3,605,1100.0,0.0007678915281564152,0.007858035868938039,1.1519893345166325e-6
3,606,1100.0,0.0006399954049010007,0.006732426581761412,9.869748302196977e-7
3,607,1100.0,0.0007498924867641034,0.007705328649992697,1.1296024314198789e-6
3,608,1100.0,1.1325368319439229e-14,9.049827141967604e-11,1.3267061286874387e-14
3,609,1100.0,1.1325375010731001e-14,9.055377915673041e-11,1.327519873014091e-14
3,610,1100.0,0.000629007780420981,0.0066225878572821655,9.70872455373437e-7
3,611,1100.0,0.0006416828863210034,0.00674844513152124,9.89323152215871e-7
3,612,1100.0,0.0006802543402799679,0.007110346318088164,1.0423779249386575e-6
3,613,1100.0,0.0006664165669578189,0.00698450928643711,1.0239301956629145e-6
3,614,1100.0,0.000600200336445172,0.006321559976138463,9.267417191114057e-7
3,615,1100.0,0.0006422872652955146,0.006754792430736891,9.90253667311675e-7
3,616,1100.0,0.0007604260005906977,0.007798855010927293,1.1433134111213967e-6
3,617,1100.0,0.000756794178656733,0.0077701048539827846,1.13909863344436e-6
3,618,1100.0,0.0007269946071675178,0.007514899459856754,1.1016854812206056e-6
3,619,1100.0,0.0007683338295075769,0.007865380498064371,1.153066058339307e-6
3,620,1100.0,0.0007848034475335794,0.00800299649339398,1.1732405856032075e-6
3,621,1100.0,0.0006874429035638489,0.007174231277370317,1.051743470344219e-6
3,622,1100.0,0.0007115150208085257,0.007380185458251458,1.0819363867079675e-6
3,623,1100.0,0.0006570561132803715,0.006897480910389886,1.0111718216011462e-6
3,624,1100.0,0.0006635139075076008,0.006958072025837099,1.0200544889655911e-6
3,625,1100.0,0.0005558874199509838,0.005850078167333476,8.576224093728315e-7
3,626,1100.0,0.0006092220553542422,0.006419829646308705,9.411480687171738e-7
3,627,1100.0,0.0005728515222399287,0.006032054845602044,8.843002199596755e-7
3,628,1100.0,0.0005975844087900348,0.006296680835248543,9.230944330166175e-7
3,629,1100.0,0.0005388060509588959,0.0056660458428221755,8.306432407129698e-7
3,630,1100.0,0.0007793596417789748,0.007957610299680683,1.1665869622342054e-6
3,631,1100.0,0.0006631375719481047,0.0069544975344701275,1.0195304679507024e-6
3,632,1100.0,0.000659163071706929,0.006915353591073082,1.0137919594917925e-6
3,633,1100.0,0.0005766286790291252,0.006070846165032932,8.899870336878814e-7
3,634,1100.0,0.0004996947470876547,0.0052348651492232145,7.674320810084246e-7
3,635,1100.0,0.0004525979840055223,0.004714675180828702,6.911721471639118e-7
3,636,1100.0,0.0005031594200978725,0.00527373728388501,7.731307422626057e-7
3,637,1100.0,0.0006266463266178416,0.006598808774177476,9.67386437928611e-7
3,638,1100.0,0.00038999228643491943,0.004045990625663088,5.931428827835129e-7
3,639,1100.0,0.0005469519043028696,0.00574739658342847,8.425692724970605e-7
3,640,1100.0,1.1325350538943161e-14,9.045300842776467e-11,1.3260425724909554e-14
3,641,1100.0,0.00045473530910618217,0.0047382805367029435,6.946326961685414e-7
3,642,1100.0,0.0007547729657814897,0.007752123055852927,1.1364624989183126e-6
3,643,1100.0,0.0005984299247263149,0.006306164450709837,9.244847325833647e-7
3,644,1100.0,0.0007656261010610791,0.007844102673644576,1.149946725823886e-6
3,645,1100.0,0.0005547409919782781,0.005837182249898017,8.557318657825203e-7
3,646,1100.0,0.0007115645204467205,0.007380665389772868,1.0820067447469461e-6
3,647,1100.0,0.0005969947074669364,0.006288926877336129,9.219577015274295e-7
3,648,1100.0,0.0005146878015589079,0.005403259160039913,7.921186703410248e-7
3,649,1100.0,0.0005948987067971966,0.006267397139093906,9.188014384047303e-7
3,650,1100.0,0.0005229524201542587,0.005492352072116205,8.051797057199314e-7
3,651,1100.0,0.0006330298480661717,0.006662331592082598,9.766988933494883e-7
3,652,1100.0,0.0006322298675698528,0.006654486344178564,9.755487787327035e-7
3,653,1100.0,0.0006653748177461262,0.006974591096107166,1.0224761873498492e-6
3,654,1100.0,0.0006599809162563357,0.006924701954883653,1.015162431144579e-6
3,655,1100.0,0.0005521356880775339,0.005802930867001883,8.507106074875867e-7
3,656,1100.0,1.1325343489495108e-14,9.049068286411975e-11,1.3265948803397468e-14
3,657,1100.0,0.0005596539821734687,0.0058907896594604815,8.635907207301206e-7
3,658,1100.0,1.132535557811776e-14,9.053266210784415e-11,1.3272102967344814e-14
3,659,1100.0,0.000499079937606244,0.005221254599932865,7.654367722721317e-7
3,660,1100.0,0.0006201208733718598,0.006532729509916008,9.576992070567308e-7
3,661,1100.0,0.0005546916681768015,0.005830718943000702,8.54784343941745e-7
3,662,1100.0,0.0006533070455034771,0.006856030034979602,1.0050951165344538e-6
3,663,1100.0,0.0005426223249921898,0.005702080691973125,8.35925955450491e-7
3,664,1100.0,0.0005303145302460823,0.005565983114323133,8.159740284650103e-7
3,665,1100.0,0.0006631870287928738,0.006954771592297002,1.0195706448726286e-6
3,666,1100.0,0.0006808428071130172,0.00711604299662077,1.0432130589366674e-6
3,667,1100.0,0.000562296651421876,0.005918525975772517,8.676568692057909e-7
3,668,1100.0,0.0007311686929198907,0.0075503440572169955,1.1068816649497532e-6
3,669,1100.0,0.0005813321662647463,0.0061245482051643825,8.978597614922628e-7
3,670,1100.0,0.0006458062957492383,0.006789033173881953,9.952733658173737e-7
3,671,1100.0,0.0006612873767056779,0.0069359754231133695,1.0168151234178454e-6
3,672,1100.0,0.0007261913990954859,0.007507642195968043,1.1006215651559545e-6
3,673,1100.0,0.0006380933105511884,0.006713231204145556,9.8416078474392e-7
3,674,1100.0,0.0006004631695901872,0.0063268301426753215,9.275143263815745e-7
3,675,1100.0,1.1325362170761782e-14,9.043508887784273e-11,1.3257798715980898e-14
3,676,1100.0,0.0007828741340848569,0.007988398296394607,1.1711004875523797e-6
3,677,1100.0,0.000821013646913697,0.008303059519231267,1.2172298739206276e-6
3,678,1100.0,0.0006296289464538698,0.006629272097155332,9.718523660243513e-7
3,679,1100.0,0.0006366290417542663,0.006698532436806263,9.820059430649271e-7
3,680,1100.0,0.0005527581239758984,0.0058057017553392815,8.511168201678362e-7
3,681,1100.0,0.0006558847045574295,0.006886235803304865,1.0095232870762975e-6
3,682,1100.0,0.0007456907648500937,0.007674015319703095,1.125011892114197e-6
3,683,1100.0,0.0006406754746286188,0.00673925444532825,9.879757961274285e-7
3,684,1100.0,0.0005992447370994716,0.0063151663507264215,9.258044125876877e-7
3,685,1100.0,0.000653852903791536,0.006866965648715584,1.006698279284072e-6
3,686,1100.0,0.0005345489585114469,0.005619987738313292,8.238911151122176e-7
3,687,1100.0,0.0005428382549907438,0.005710090954894883,8.371002612956724e-7
3,688,1100.0,0.0003729348296758674,0.0038701440731772467,5.673637496319375e-7
3,689,1100.0,0.0005482644852113365,0.005767786330271442,8.45558412695497e-7
3,690,1100.0,0.0004695311960900986,0.00490044509285298,7.18406046435357e-7
3,691,1100.0,0.0005344500597858356,0.005619475844207562,8.238160713531868e-7
3,692,1100.0,0.0006974964654379713,0.007261236246794744,1.064498412991284e-6
3,693,1100.0,0.0005679627788261582,0.005980890057829229,8.76799453763115e-7
3,694,1100.0,0.0005162931066473059,0.005421198867905898,7.94748634427553e-7
3,695,1100.0,0.0005622538040263218,0.005918277690533251,8.676204705493934e-7
3,696,1100.0,0.0007312576677951211,0.007551455621661282,1.1070446204778016e-6
3,697,1100.0,0.0006605655919339525,0.006930410325706223,1.0159992792341965e-6
3,698,1100.0,0.0006622113515592369,0.006945988111077314,1.0182829850994017e-6
3,699,1100.0,1.1325362071773143e-14,9.055247210107688e-11,1.3275007115569838e-14
3,700,1100.0,0.0007577879366862175,0.007778474530174166,1.1403256293332363e-6
3,701,1100.0,0.0007807371157783292,0.007970164152534499,1.1684273591012968e-6
3,702,1100.0,0.0006319365781821319,0.006652382086770277,9.752402942549212e-7
3,703,1100.0,0.0009144315866005024,0.009072204745768444,1.3299866890387228e-6
3,704,1100.0,1.132535039973125e-14,9.056261007897126e-11,1.3276493344775543e-14
3,705,1100.0,0.0005596501364116648,0.005890739755135402,8.635834047479595e-7
3,706,1100.0,0.0007856645643623182,0.008011069043022822,1.1744240226897629e-6
3,707,1100.0,0.0006450599416645193,0.006781951910246546,9.942352514184392e-7
3,708,1100.0,0.0006628770369803608,0.006952141325049634,1.019185047267014e-6
3,709,1100.0,0.0007798158242675741,0.007961416115551304,1.1671448954588957e-6
3,710,1100.0,0.0010078037628119838,0.009838822268159299,1.4423729423184728e-6
3,711,1100.0,0.0006906225158227474,0.007197585040775709,1.0551671358520567e-6
3,712,1100.0,0.0008312932939500661,0.008389525335260188,1.2299057765923541e-6
3,713,1100.0,0.0008815968051255275,0.008804902587877615,1.290800149282557e-6
3,714,1100.0,0.0010493364157497106,0.010185027198759529,1.4931266413674991e-6
3,715,1100.0,0.0012497320155699927,0.011845122863979651,1.7364969354851976e-6
3,716,1100.0,0.0011169875942802243,0.01074343794137792,1.5749897469202147e-6
3,717,1100.0,0.0008663595464364634,0.0086784003682918,1.272254903347553e-6
3,718,1100.0,0.0011303865741183025,0.010853386721889716,1.5911082559987201e-6
3,719,1100.0,0.0012868474081663471,0.012156852812548191,1.7821965965697057e-6
3,720,1100.0,0.0011232955670244379,0.010793998953312922,1.5824019994808998e-6
3,721,1100.0,0.0008172272559530303,0.008280106610663706,1.2138649737971137e-6
3,722,1100.0,0.0007103566755610871,0.007372790040660346,1.0808522172881086e-6
3,723,1100.0,0.00075125486444848,0.0077245279343899215,1.13241704963044e-6
3,724,1100.0,0.0006566941467232609,0.006894204004383739,1.0106914266484816e-6
3,725,1100.0,0.0006393319254943415,0.006726209464795944,9.860633998629121e-7
3,726,1100.0,1.1325359792076299e-14,9.086610429106112e-11,1.332098564555481e-14
3,727,1100.0,0.0006003448179578154,0.006326542633922701,9.274721775517493e-7
3,728,1100.0,0.000546880009661447,0.005753288025603032,8.434329588766106e-7
3,729,1100.0,0.0007328256481994336,0.007570638931546575,1.1098568968223194e-6
3,730,1100.0,0.0005646723162384182,0.005944641237343452,8.714853707931596e-7
3,731,1100.0,0.0007963499528279693,0.008107433263093738,1.188551033001528e-6
3,732,1100.0,0.00032735815454300614,0.00342331985256117,5.018592463262036e-7
3,733,1100.0,0.0006181838517027291,0.006511432525993927,9.545770657551636e-7
3,734,1100.0,0.000593485025348414,0.006254341596176494,9.16887493692842e-7
3,735,1100.0,0.0007193433566800057,0.007447633956510666,1.0918243475062773e-6
3,736,1100.0,0.0007547730662887415,0.007751099752743628,1.1363124825163068e-6
3,737,1100.0,0.0005329900851443064,0.005603698223878897,8.215030696507485e-7
3,738,1100.0,0.000535924660521649,0.005635278842786263,8.261327935112018e-7
3,739,1100.0,0.0005345455162321073,0.005620151791950455,8.239151654020676e-7
3,740,1100.0,0.0006784859687248066,0.007094320890418247,1.040028594639748e-6
3,741,1100.0,0.0007007037293670029,0.007290707861794502,1.0688189565363836e-6
3,742,1100.0,1.1325362134819815e-14,9.058241147611515e-11,1.3279396232812546e-14
3,743,1100.0,0.0004655904256655814,0.004856150150086949,7.119124006324411e-7
3,744,1100.0,0.000606810436240431,0.006393927502016095,9.373508101574174e-7
3,745,1100.0,0.000544346493563564,0.005725671140475862,8.393843190320369e-7
3,746,1100.0,0.00048512360271175546,0.005072099873505837,7.435706651554809e-7
3,747,1100.0,0.0008982298603496168,0.008940834506591637,1.310727790641122e-6
3,748,1100.0,0.0006994722680622909,0.0072785380840228835,1.0670348651387153e-6
3,749,1100.0,0.0006093403729682641,0.006420695420969441,9.412749914230379e-7
3,750,1100.0,0.000609391042147386,0.006420681639082447,9.412729709961663e-7
3,751,1100.0,0.00041433033707993555,0.004301531875239019,6.306052714707649e-7
3,752,1100.0,0.000623595646103399,0.006567881507890686,9.628524956684374e-7
3,753,1100.0,0.0003611993137976271,0.0037508489614329938,5.498750668769272e-7
3,754,1100.0,0.000591728743997093,0.00623478009537895,9.140197744991709e-7
3,755,1100.0,0.0006719376761003016,0.007035305048716049,1.0313768626621436e-6
3,756,1100.0,0.0006732987238680821,0.007047821821317095,1.0332118235581576e-6
3,757,1100.0,0.0007403411572928709,0.0076283245224665385,1.1183136138192178e-6
3,758,1100.0,1.1325401177599325e-14,9.056988203585593e-11,1.3277559414835789e-14
3,759,1100.0,1.132538123797445e-14,9.060058170386607e-11,1.3282059991151645e-14
3,760,1100.0,0.000982739788839133,0.009635835177441801,1.412615001854564e-6
3,761,1100.0,0.0007242958302267296,0.0074931982518271715,1.0985040805992334e-6
3,762,1100.0,0.0006126359144650222,0.006455587757866902,9.463902136786558e-7
3,763,1100.0,0.0006958659661445333,0.007247460993919718,1.0624789586827298e-6
3,764,1100.0,0.000674327824145235,0.0070564643182005424,1.0344788150047962e-6
3,765,1100.0,0.0007007649399432912,0.007289093474642505,1.0685822871177275e-6
3,766,1100.0,0.0005758794849274117,0.006066215004360672,8.893081047812361e-7
3,767,1100.0,0.0006661190221053697,0.006982275009254942,1.0236026502651661e-6
3,768,1100.0,0.0006441802599859673,0.006773702434937005,9.93025876998361e-7
3,769,1100.0,0.0005844385704384509,0.0061579326780779875,9.027539306429731e-7
3,770,1100.0,0.0006733908892484647,0.00704889897217083,1.0333697340482422e-6
3,771,1100.0,0.000712001656944209,0.0073834473724500626,1.0824145838592119e-6
3,772,1100.0,0.0005633957546852192,0.005930914944993772,8.694730941055723e-7
3,773,1100.0,0.0006414518468868819,0.006746875020385948,9.890929736684543e-7
3,774,1100.0,0.00039266754734078123,0.004074240535884816,5.972843242097507e-7
3,775,1100.0,0.0007428024749322163,0.0076504929955763645,1.121563515577237e-6
3,776,1100.0,0.0005210129278285945,0.005473490976527822,8.024146660436677e-7
3,777,1100.0,0.0006711487133938941,0.007027697955107649,1.0302616615037744e-6
3,778,1100.0,0.0005456098586766102,0.005739552958047007,8.414193957423481e-7
3,779,1100.0,0.0006252209609882151,0.006584029245241026,9.652197565863596e-7
3,780,1100.0,0.0006961386743460333,0.007249959305410276,1.0628452115529668e-6
4,1,400.0,0.0005746949999858158,0.007365196316289063,1.0797389760620718e-6
4,2,400.0,0.001753457999985816,0.020460773127733967,2.9995526633170563e-6
4,3,400.0,0.0017451569999858163,0.020372057506854207,2.9865469388888323e-6
4,4,400.0,0.0008064899999858158,0.010059069094242291,1.4746611627899118e-6
4,5,400.0,0.000908018999985816,0.011212349986628737,1.6437323289044226e-6
4,6,400.0,0.0007981889999858157,0.009964151746356346,1.4607462641754325e-6
4,7,400.0,0.0007432709999858157,0.00933316431249509,1.3682434039001943e-6
4,8,400.0,0.001469303999985816,0.01740534999488518,2.5516271358464266e-6
4,9,400.0,0.001416302999985816,0.016829900984697697,2.4672662175010994e-6
4,10,400.0,0.0008224529999858156,0.010241459751406416,1.501399662750074e-6
4,11,400.0,0.0013684139999858161,0.01630883178607506,2.3908773883623577e-6
4,12,400.0,0.0005887439999858157,0.007530849262672834,1.1040237249036611e-6
4,13,400.0,0.0006369479999858157,0.009336740278735545,1.368767641131775e-6
4,14,400.0,0.0004259129999858157,0.005583646970730504,8.185635526829082e-7
4,15,400.0,0.0004170029999858157,0.006287129680777173,9.216942322200251e-7
4,16,400.0,0.0010172099999858158,0.012439336651885364,1.823608773291382e-6
4,17,400.0,0.0005325899999858156,0.007902292876286751,1.158477418981209e-6
4,18,400.0,0.00026882999998581567,0.003627062536031033,5.317279568103159e-7
4,19,400.0,0.0004208039999858157,0.0055214022066634744,8.094384601622485e-7
4,20,400.0,5.618848000356576e-14,3.5763606955633805e-10,5.242950587638741e-14
4,21,400.0,0.0003448169999858157,0.004585327511728464,6.722097578679976e-7
4,22,400.0,0.0002452019999858157,0.003324372968549005,4.873536170612315e-7
4,23,400.0,0.00023690099998581563,0.0032175830629941763,4.7169819956441283e-7
4,24,400.0,0.00013920299998581564,0.0019443807916118118,2.850465398140926e-7
4,25,400.0,5.618871680607856e-14,3.585430485843449e-10,5.256246914918491e-14
4,26,400.0,0.00028415399998581566,0.0038221410869085,5.603265040493442e-7
4,27,400.0,0.00025988999998581563,0.0035128040484038495,5.149776439688064e-7
4,28,400.0,0.00019284299998581568,0.002646559973569804,3.87986121921719e-7
4,29,400.0,0.00013728899998581565,0.0019190267018385158,2.8132962613587066e-7
4,30,400.0,5.618880114715219e-14,3.6121913913565707e-10,5.295478445859938e-14
4,31,400.0,0.00021455399998581565,0.0029285978778916598,4.293329244977308e-7
4,32,400.0,0.0003218279999858156,0.004297775286773758,6.300545549916946e-7
4,33,400.0,0.00019028699998581566,0.002613251657414044,3.831031173640764e-7
4,34,400.0,0.00015325199998581564,0.0021296246929322477,3.122033258309313e-7
4,35,400.0,0.00015708299998581565,0.002179939219002407,3.195794435238015e-7
4,36,400.0,5.618847980161737e-14,3.584188030557351e-10,5.254425473451348e-14
4,37,400.0,0.00016091399998581564,0.0022301677014474894,3.269429472072621e-7
4,38,400.0,0.00032885399998581566,0.004385877761345743,6.429703920716247e-7
4,39,400.0,0.00014750399998581567,0.0020539778709453334,3.011134894427474e-7
4,40,400.0,0.00013217999998581565,0.0018512075651942912,2.713873296901265e-7
4,41,400.0,0.00014303399998581565,0.0019950227397926954,2.924706576415677e-7
4,42,400.0,0.00016091399998581564,0.0022301670477413793,3.269428513738402e-7
4,43,400.0,0.00028287899998581564,0.0038059419481674137,5.579517076791911e-7
4,44,400.0,0.0002215769999858156,0.0030195839690191346,4.4267150023298946e-7
4,45,400.0,0.00016793999998581568,0.0023220943771874417,3.404194127994592e-7
4,46,400.0,0.00022668599998581563,0.0030857086991123834,4.523653964031922e-7
4,47,400.0,0.00023434799998581565,0.0031846515526009903,4.668704347927561e-7
4,48,400.0,0.0002273249999858156,0.003093965361560838,4.5357582445900213e-7
4,49,400.0,0.0004144199999858157,0.005443509627708184,7.980193954377938e-7
4,50,400.0,0.00048657599998581567,0.006316877554571121,9.26055275349217e-7
4,51,400.0,0.0003052259999858157,0.004088798811940322,5.994185698437246e-7
4,52,400.0,0.00033204599998581567,0.00442583361129472,6.488279261628999e-7
4,53,400.0,0.0002847929999858157,0.0038302522892514046,5.615156076300581e-7
4,54,400.0,0.0002618069999858157,0.0035373243307023896,5.185723213358203e-7
4,55,400.0,0.00042782999998581563,0.005606967573159711,8.219823567862522e-7
4,56,400.0,0.00033076799998581566,0.004409851758212814,6.464849839056695e-7
4,57,400.0,0.00035886599998581566,0.0047600779475458835,6.97828200137975e-7
4,58,400.0,0.0005133929999858156,0.006637418100606212,9.730465714531458e-7
4,59,400.0,0.00016219199998581565,0.0022469006955622667,3.293960068618954e-7
4,60,400.0,0.0008760899999858158,0.010850988750447111,1.5907567129958081e-6
4,61,400.0,0.00011557799998581568,0.001629556624475266,2.388932657850195e-7
4,62,400.0,0.0005938529999858157,0.0075909892899725835,1.1128402626724322e-6
4,63,400.0,0.00023434799998581565,0.0031846515526036036,4.668704347931392e-7
4,64,400.0,0.00021902399998581564,0.002986530005903072,4.37825783872273e-7
4,65,400.0,0.00010727699998581568,0.001517844336591899,2.2251622623945148e-7
4,66,400.0,0.0009271739999858158,0.011428575905633988,1.675431083745277e-6
4,67,400.0,0.0007483799999858157,0.009392262254685913,1.3769071718227642e-6
4,68,400.0,0.00037738199998581565,0.004989242006958566,7.314236884636886e-7
4,69,400.0,0.0007138979999858157,0.00899378848658631,1.3184908527079682e-6
4,70,400.0,0.00013090199998581564,0.0018342230587756975,2.688973982909086e-7
4,71,400.0,0.0003077819999858157,0.004121020777983036,6.041423152983735e-7
4,72,400.0,0.0002669129999858156,0.003602598642476168,5.281415460422823e-7
4,73,400.0,0.00020433599998581568,0.0027960108312571853,4.0989564192922866e-7
4,74,400.0,0.001474412999985816,0.01746076605637631,2.5597511394604907e-6
4,75,400.0,0.0003167219999858157,0.004233601244097538,6.206466299136165e-7
4,76,400.0,0.00014239799998581567,0.0019866077090186438,2.9123701276350647e-7
4,77,400.0,0.0006525989999858157,0.00828020258374531,1.2138790434664626e-6
4,78,400.0,0.00020688899998581566,0.0028291229638002743,4.147498859373938e-7
4,79,400.0,0.00013728899998581565,0.0019190246623402853,2.813293271450989e-7
4,80,400.0,0.00022349399998581563,0.0030444006766422965,4.4630963360073183e-7
4,81,400.0,0.00034673399998581567,0.004609217988520202,6.757121056454352e-7
4,82,400.0,0.001383737999985816,0.01647579101218767,2.4153536380243327e-6
4,83,400.0,0.0007598759999858157,0.009524473245601756,1.396289324561844e-6
4,84,400.0,0.0010012469999858158,0.012260686220632937,1.7974185910572805e-6
4,85,400.0,0.00015325199998581564,0.002129614287070671,3.1220180032993434e-7
4,86,400.0,0.000969956999985816,0.01190994013471901,1.7459991579017912e-6
4,87,400.0,0.0008869469999858157,0.010974059249105286,1.6087988680855153e-6
4,88,400.0,0.0004099499999858156,0.005388964984778907,7.900231419264141e-7
4,89,400.0,0.0019539629999858164,0.02260155191345365,3.3133911809620288e-6
4,90,400.0,0.0006264179999858157,0.007973417921597694,1.1689043621743673e-6
4,91,400.0,0.0005932139999858157,0.007583518250461157,1.1117450070667743e-6
4,92,400.0,0.0004999859999858156,0.0064774529925698,9.495956606369738e-7
4,93,400.0,0.0022349249999858165,0.025589692319946625,3.751453049822308e-6
4,94,400.0,0.0003282149999858157,0.004377874856910149,6.417971649817098e-7
4,95,400.0,0.00010982999998581568,0.001552270650862709,2.275631295023212e-7
4,96,400.0,0.00011238599998581569,0.0015866575844660777,2.3260425955294874e-7
4,97,400.0,0.00020944499998581565,0.0028622472125095903,4.1960590617749555e-7
4,98,400.0,0.00010855499998581569,0.0015350681935589385,2.2504124646794158e-7
4,99,400.0,0.00011557799998581568,0.001629540613080354,2.388909185119252e-7
4,100,400.0,0.0004661429999858156,0.006071091582311744,8.900230119008103e-7
4,101,400.0,0.00024903599998581566,0.0033735801069317366,4.945673915392871e-7
4,102,400.0,0.00030395099998581566,0.0040726983302897405,5.970582366190613e-7
4,103,400.0,0.0003697199999858157,0.00489458247685383,7.175465859778037e-7
4,104,400.0,0.0004342139999858157,0.005684635997771645,8.333685604475685e-7
4,105,400.0,0.00024903599998581566,0.003373580363455859,4.945674291457651e-7
4,106,400.0,0.00016283099998581565,0.002255256572526373,3.3062097978181213e-7
4,107,400.0,0.00016602299998581566,0.002297031948357298,3.3674525666286855e-7
4,108,400.0,0.00023626499998581564,0.0032093735523015038,4.7049468396365786e-7
4,109,400.0,0.00027457799998581564,0.003700345420706353,5.424712396047211e-7
4,110,400.0,0.00019028699998581566,0.002613246888733265,3.8310241827469974e-7
4,111,400.0,0.0003301289999858157,0.004401846965457512,6.453114799877788e-7
4,112,400.0,0.00036588899998581565,0.004847159914288594,7.105944306044047e-7
4,113,400.0,0.0005255279999858156,0.006781792119377636,9.94211826051107e-7
4,114,400.0,0.00026308199998581564,0.00355363930153388,5.209640987092375e-7
4,115,400.0,0.00026499899998581563,0.003578136049232649,5.24555325900103e-7
4,116,400.0,0.00027138299998581564,0.003659644519827761,5.365044809261695e-7
4,117,400.0,0.0003984539999858156,0.005248309322104032,7.69402998936061e-7
4,118,400.0,0.0002835149999858157,0.003814030738955152,5.591375257222781e-7
4,119,400.0,0.00023881799998581562,0.0032422631665931234,4.753163067600211e-7
4,120,400.0,0.00028734899998581566,0.0038626671433041456,5.662676304983015e-7
4,121,400.0,0.0003965399999858156,0.005224814396319308,7.659586390004883e-7
4,122,400.0,0.0002969249999858156,0.003983956164466527,5.840486206978165e-7
4,123,400.0,0.0002777699999858157,0.003741000830163327,5.484313292334759e-7
4,124,400.0,0.00029054099998581566,0.00390313515934765,5.722002482222093e-7
4,125,400.0,0.0004048409999858157,0.005326509383531697,7.808671406409002e-7
4,126,400.0,0.00031033499998581567,0.0041531921012238505,6.088586365100396e-7
4,127,400.0,0.0005357429999858156,0.006903256041055758,1.0120184566946333e-6
4,128,400.0,0.0004629479999858157,0.006032603761197559,8.843806910751208e-7
4,129,400.0,0.0004029239999858157,0.005303064988760426,7.774301885601059e-7
4,130,400.0,0.0003231059999858157,0.004313812462413685,6.324056075449152e-7
4,131,400.0,0.00037418999998581565,0.004949839196288656,7.256472300205371e-7
4,132,400.0,0.0003052259999858157,0.004088798021311554,5.994184539374189e-7
4,133,400.0,0.00025414199998581566,0.003438879132283863,5.041402392603483e-7
4,134,400.0,0.0003971789999858157,0.005232641827139457,7.671061416298824e-7
4,135,400.0,0.0005893829999858157,0.007537896105033918,1.10505679313819e-6
4,136,400.0,0.00028734899998581566,0.0038623898823284307,5.66226983994235e-7
4,137,400.0,0.00012707099998581568,0.0017832174670509332,2.6141997026084556e-7
4,138,400.0,5.618913031613539e-14,3.578950501774076e-10,5.246747247749418e-14
4,139,400.0,0.00042719099998581565,0.005599205913184272,8.208444961733735e-7
4,140,400.0,5.618819354367534e-14,3.5687661459576865e-10,5.2318169655833877e-14
4,141,400.0,5.618995831435136e-14,3.601077582217449e-10,5.279185583613367e-14
4,142,400.0,0.00025222799998581567,0.0034145751942521547,5.005772779979858e-7
4,143,400.0,0.00032693699998581567,0.004361872245126756,6.394511794954702e-7
4,144,400.0,0.0002452019999858157,0.0033243702817242135,4.873532231722808e-7
4,145,400.0,0.0002496719999858157,0.0033817623046586967,4.957669030548331e-7
4,146,400.0,5.619025745728579e-14,3.565051765056356e-10,5.2263716771499525e-14
4,147,400.0,5.6188580059423127e-14,3.5764042429131487e-10,5.243014428124221e-14
4,148,400.0,5.618846267813212e-14,3.571079657177875e-10,5.235208576789283e-14
4,149,400.0,5.618992628686154e-14,3.602992810935041e-10,5.281993312023652e-14
4,150,400.0,0.00034736999998581566,0.00461716362442172,6.768769371589541e-7
4,151,400.0,0.00020752799998581566,0.002837413567193757,4.1596528974125684e-7
4,152,400.0,0.00031033499998581567,0.00415319268980305,6.088587227958458e-7
4,153,400.0,0.00012962699998581568,0.001817242145696007,2.6640799367575747e-7
4,154,400.0,0.00021135899998581567,0.0028871218653262623,4.2325253432001674e-7
4,155,400.0,0.0002586119999858157,0.0034964451695034086,5.125794296653504e-7
4,156,400.0,0.00016538399998581565,0.0022886864225316853,3.35521801221536e-7
4,157,400.0,0.0003301289999858157,0.004401851523488087,6.453121481958013e-7
4,158,400.0,5.6189837365585466e-14,3.554653786182457e-10,5.211128223234693e-14
4,159,400.0,5.6189549104548036e-14,3.576909389167843e-10,5.243754973353952e-14
4,160,400.0,0.00036397499998581565,0.0048228998305113015,7.070378983828615e-7
4,161,400.0,0.00034226399998581566,0.004553488527216893,6.675421575680099e-7
4,162,400.0,0.00024137099998581564,0.003275123182426198,4.801335904175549e-7
4,163,400.0,5.61901463240066e-14,3.568658431587746e-10,5.231659056142129e-14
4,164,400.0,5.6189945506267366e-14,3.57698624077401e-10,5.243867637933397e-14
4,165,400.0,5.6190161784871744e-14,3.5753604307465073e-10,5.2414841977927943e-14
4,166,400.0,5.6190114858508466e-14,3.5669949615106545e-10,5.2292204063076685e-14
4,167,400.0,5.618909767764991e-14,3.55311031812137e-10,5.208865496550577e-14
4,168,400.0,5.6190270944795255e-14,3.5773683658392857e-10,5.2444278338996555e-14
4,169,400.0,0.0007183679999858158,0.009045569252866145,1.3260819214536914e-6
4,170,400.0,0.0005299979999858155,0.006834825821148552,1.0019865753432972e-6
4,171,400.0,0.00046741799998581564,0.006086476307973496,8.92278415181274e-7
4,172,400.0,0.00019922699998581564,0.0027296696515823116,4.001700142152088e-7
4,173,400.0,0.00037865999998581566,0.005005008306605922,7.337350305524086e-7
4,174,400.0,0.0003754679999858156,0.004965621785826029,7.279609602097789e-7
4,175,400.0,0.00031225199998581566,0.00417733224200983,6.123975850695778e-7
4,176,400.0,0.00020114399998581565,0.0027545685074919207,4.0382019053508503e-7
4,177,400.0,0.0006608999999858157,0.00837739873235177,1.2281280146366424e-6
4,178,400.0,0.00025158899998581563,0.0034063663028813715,4.993738531899205e-7
4,179,400.0,0.00021582899998581564,0.002945143669907031,4.317585402941899e-7
4,180,400.0,0.00027585299998581566,0.0037166146250187187,5.448563075990023e-7
4,181,400.0,0.00025988999998581563,0.0035128011401596632,5.149772176197363e-7
4,182,400.0,0.0004584779999858156,0.005978603443494757,8.764642357303396e-7
4,183,400.0,0.0003301289999858157,0.004401851933173163,6.453122082557e-7
4,184,400.0,0.00018645599998581565,0.0025634032247205288,3.757953290359149e-7
4,185,400.0,0.00040356299998581567,0.00531087491117534,7.785751244544493e-7
4,186,400.0,0.00023115599998581562,0.0031434625076483145,4.6083211411367004e-7
4,187,400.0,0.00014239799998581567,0.0019866067500273706,2.912368721752301e-7
4,188,400.0,0.0022221539999858165,0.025454058222947384,3.7315690691754954e-6
4,189,400.0,0.0020484689999858163,0.02360782878065827,3.460911533111706e-6
4,190,400.0,0.006525983999985816,0.07130686912334497,1.0453598593584442e-5
4,191,400.0,0.001220270999985816,0.01468894710740973,2.1534020314037813e-6
4,192,400.0,0.0003761069999858157,0.004973504212215719,7.291165251985988e-7
4,193,400.0,0.00029054099998581566,0.003903135206254395,5.722002550987457e-7
4,194,400.0,0.00021710699998581565,0.002961705316602913,4.341864803893866e-7
4,195,400.0,0.0006519599999858157,0.008272801347873773,1.2127940210857486e-6
4,196,400.0,0.00012770999998581566,0.0017917263661312425,2.6266737624784816e-7
4,197,400.0,0.00017177099998581566,0.0023721245089552813,3.477538382414242e-7
4,198,400.0,0.0004227209999858157,0.005544761410262652,8.128629232033787e-7
4,199,400.0,0.0007158149999858158,0.00901600237693752,1.3217474126409499e-6
4,200,400.0,0.0008722589999858157,0.010807678767540749,1.5844074624682752e-6
4,201,400.0,0.00040037099998581566,0.005271789701000695,7.728452262954812e-7
4,202,400.0,0.00014622899998581565,0.0020371617747577627,2.98648247010747e-7
4,203,400.0,0.0009201509999858158,0.011349410319148856,1.6638253959102137e-6
4,204,400.0,0.0007368869999858157,0.009259591180191123,1.3574575707562939e-6
4,205,400.0,0.0008754509999858157,0.010843849357453523,1.589710076823524e-6
4,206,400.0,0.0006225869999858157,0.00792841905160283,1.1623075205253881e-6
4,207,400.0,0.0007617899999858157,0.009546494081993673,1.3995175827530417e-6
4,208,400.0,0.0010587149999858158,0.0129025988540344,1.891523087359345e-6
4,209,400.0,0.00030139499998581564,0.004040439503230127,5.923290873333488e-7
4,210,400.0,0.0006519599999858157,0.008272801347036198,1.21279402096296e-6
4,211,400.0,0.0002273249999858156,0.003093964528556455,4.535757023404243e-7
4,212,400.0,0.0004597559999858157,0.0059940523514228706,8.787290481414747e-7
4,213,400.0,0.00026244299998581566,0.003545471702620012,5.197667273820617e-7
4,214,400.0,0.00019986599998581567,0.0027376380780333004,4.0133818682698125e-7
4,215,400.0,0.0002452019999858157,0.0033243721689063858,4.873534998334937e-7
4,216,400.0,0.00021965999998581562,0.0029947793982928895,4.3903514613630604e-7
4,217,400.0,0.00032374499998581567,0.004321835421073075,6.335817745872954e-7
4,218,400.0,0.00013345799998581566,0.001868193668573849,2.7387749520408103e-7
4,219,400.0,0.00017368499998581566,0.002397134735827881,3.5142034156256135e-7
4,220,400.0,0.0003282149999858157,0.004377869726697046,6.417964128916358e-7
4,221,400.0,0.0002489999999858157,0.0038576539418678367,5.655326943536041e-7
4,222,400.0,0.00023075099998581564,0.0035875555947433163,5.259362328016834e-7
4,223,400.0,0.0008377769999858157,0.010415445489206164,1.526906000166475e-6
4,224,400.0,0.001486544999985816,0.0175917030541522,2.5789465245983595e-6
4,225,400.0,0.0007675379999858158,0.00961251700674608,1.409196554243744e-6
4,226,400.0,0.0004227209999858157,0.005544760469201236,8.128627852436224e-7
4,227,400.0,0.0002618069999858157,0.0035373232983467373,5.18572169992314e-7
4,228,400.0,0.0007726469999858156,0.009671312140016422,1.4178159303293956e-6
4,229,400.0,0.0007381649999858158,0.009273769267618245,1.3595360806756048e-6
4,230,400.0,0.0009303689999858158,0.011464572311032853,1.6807081626224996e-6
4,231,400.0,0.0006430199999858157,0.008168035301473385,1.197435301669642e-6
4,232,400.0,0.0006628139999858157,0.008399660235863807,1.2313915546667336e-6
4,233,400.0,0.00045337199998581566,0.005916910858409684,8.674200927381075e-7
4,234,400.0,0.001393955999985816,0.01658699312386302,2.4316558856549533e-6
4,235,400.0,0.0004993469999858156,0.006469797001677248,9.484732911288071e-7
4,236,400.0,0.00041952899998581563,0.005505847794557584,8.071581808215176e-7
4,237,400.0,0.00020305799998581565,0.0027794294108011517,4.074648029975825e-7
4,238,400.0,0.0008562959999858158,0.010626561986174524,1.5578557129069605e-6
4,239,400.0,0.00019603499998581566,0.00268815252866961,3.9408359725390365e-7
4,240,400.0,0.00041378099998581566,0.005435708642288424,7.968757697083916e-7
4,241,400.0,0.00021518999998581566,0.0029368604881460495,4.3054422450285674e-7
4,242,400.0,0.0004629479999858157,0.006032522967453676,8.843688466991468e-7
4,243,400.0,0.0003492869999858157,0.004641015202207177,6.803735823357538e-7
4,244,400.0,0.001428437999985816,0.016961836083381057,2.4866079243940927e-6
4,245,400.0,0.0009616559999858159,0.011816708249819367,1.7323313484348198e-6
4,246,400.0,0.0015056999999858163,0.017798937382136427,2.6093271107353144e-6
4,247,400.0,0.0018300839999858163,0.02127998019094056,3.119648551820836e-6
4,248,400.0,0.0009252599999858159,0.011407035202285205,1.6722732131361758e-6
4,249,400.0,0.001310303999985816,0.0156750422814853,2.29796374406327e-6
4,250,400.0,0.001400978999985816,0.016663381062849748,2.4428543699156662e-6
4,251,400.0,0.001342232999985816,0.016023569692673368,2.3490579191436403e-6
4,252,400.0,0.0026665859999858168,0.030167861954304705,4.422613461705381e-6
4,253,400.0,0.00016793999998581568,0.002322090026455352,3.4041877498142825e-7
4,254,400.0,0.00020561399998581567,0.002812576830995636,4.1232422018117287e-7
4,255,400.0,0.00023945699998581565,0.003250485881464484,4.7652175809551605e-7
4,256,400.0,0.0002784089999858156,0.0037491247266859635,5.496222937830001e-7
4,257,400.0,0.00016474499998581565,0.0022803194219255334,3.342951975738889e-7
4,258,400.0,0.0001059989999858157,0.0015006032770635254,2.1998868411267612e-7
4,259,400.0,9.322799998581569e-5,0.001327270194608308,1.945780260757731e-7
4,260,400.0,0.00013601099998581566,0.001902090598074859,2.78846790573727e-7
4,261,400.0,9.386699998581568e-5,0.001335875446568352,1.9583955741059236e-7
4,262,400.0,0.00029437199998581565,0.003951642431049426,5.793114221311798e-7
4,263,400.0,0.00014175899998581566,0.0019781669252387554,2.8999959249060734e-7
4,264,400.0,0.0019105409999858164,0.02213860837964165,3.245523583724026e-6
4,265,400.0,0.0007234769999858157,0.009104658178428964,1.3347443675371318e-6
4,266,400.0,0.0022528049999858166,0.025779533362524466,3.7792837774940496e-6
4,267,400.0,0.0018307229999858165,0.021286801461611014,3.1206485512088862e-6
4,268,400.0,0.0026595629999858167,0.030093436145470793,4.4117026260437175e-6
4,269,400.0,0.0007062359999858158,0.00890501335150948,1.305476403488789e-6
4,270,400.0,0.001114907999985816,0.013527260660430251,1.983098609620885e-6
4,271,400.0,6.832499998581573e-5,0.0009831751677349633,1.441336392557525e-7
4,272,400.0,0.00021072299998581566,0.0028788362197046387,4.2203785732631335e-7
4,273,400.0,0.00026755199998581566,0.0036107583313640707,5.293377577583669e-7
4,274,400.0,0.00015005999998581566,0.002087621626651807,3.0604566949299936e-7
4,275,400.0,8.87579999858157e-5,0.001266149561949974,1.85617731402185e-7
4,276,400.0,0.00016857599998581566,0.0023304137892088106,3.4163903995284884e-7
4,277,400.0,0.00018071099998581567,0.0024886289907081922,3.6483341418651074e-7
4,278,400.0,0.00016346999998581566,0.0022636234322455638,3.3184756277540784e-7
4,279,400.0,0.00024759599998581565,0.0038370478964577528,5.625118447501026e-7
4,280,400.0,0.00011876999998581567,0.0016721195686746299,2.4513300031678874e-7
4,281,400.0,0.00010408499998581567,0.0014747353581559138,2.1619644299991864e-7
4,282,400.0,0.00016474499998581565,0.00228013700501512,3.3426845522519816e-7
4,283,400.0,0.00030395099998581566,0.004072413631760856,5.970164997684922e-7
4,284,400.0,0.00013409699998581567,0.0018766826024396316,2.751219742873917e-7
4,285,400.0,0.0003518399999858157,0.004672784512286983,6.850309683527297e-7
4,286,400.0,0.00047571899998581564,0.006186435637780704,9.069324691642186e-7
4,287,400.0,0.0001226009999858157,0.0017235729207420577,2.5267607008580173e-7
4,288,400.0,0.00016538399998581565,0.002288680010494699,3.355208612158725e-7
4,289,400.0,0.0006347189999858158,0.008070824688272233,1.1831842099875315e-6
4,290,400.0,0.00016793999998581568,0.002322090251808642,3.4041880801825715e-7
4,291,400.0,0.0006996539999858158,0.010191058683253977,1.494010857973887e-6
4,292,400.0,0.0003563099999858157,0.00472834514942295,6.93176166779806e-7
4,293,400.0,0.0005651159999858158,0.007251983968794412,1.0631420275338827e-6
4,294,400.0,0.0003850469999858156,0.005083666447667341,7.452663268059475e-7
4,295,400.0,0.0002681909999858157,0.0036189119951423195,5.305330861923979e-7
4,296,400.0,0.00043293599998581563,0.005669106163239394,8.310918841831245e-7
4,297,400.0,9.70589999858157e-5,0.0013794477763378376,2.0222726803086376e-7
4,298,400.0,0.00023690099998581563,0.003217583304243296,4.7169823493157294e-7
4,299,400.0,0.0006078989999858158,0.007756088469379721,1.1370438291853163e-6
4,300,400.0,0.0003748289999858157,0.004957733903196931,7.268045953353758e-7
4,301,400.0,0.0002784089999858156,0.0037491242773612806,5.496222279119286e-7
4,302,400.0,0.0003799379999858157,0.0050207591924397955,7.360441129735687e-7
4,303,400.0,0.00040356299998581567,0.005310876438859491,7.78575348413194e-7
4,304,400.0,0.00036908099998581565,0.004886679180956818,7.163879615158213e-7
4,305,400.0,0.0004220819999858157,0.005536978653344916,8.117219697753336e-7
4,306,400.0,0.00031608299998581564,0.004225550594445353,6.194664033671956e-7
4,307,400.0,0.0005612849999858157,0.007206608831626237,1.056490025056191e-6
4,308,400.0,0.00037865999998581566,0.005005001966262948,7.337341010570989e-7
4,309,400.0,0.0003601409999858157,0.004775921038170924,7.001507997964942e-7
4,310,400.0,0.00026052899998581567,0.0035209707464057753,5.161748832221452e-7
4,311,400.0,5.618949440202138e-14,3.5736222457498104e-10,5.2389360157648563e-14
4,312,400.0,0.00023179499998581563,0.003151688033962027,4.6203797760707036e-7
4,313,400.0,0.00034673399998581567,0.0046092007800187604,6.757095828763292e-7
4,314,400.0,0.00026627399998581565,0.0035944306074758084,5.269441107847559e-7
4,315,400.0,0.0003448169999858157,0.004585329889303598,6.722101064208984e-7
4,316,400.0,0.00017113199998581565,0.002363769819865554,3.465290394640843e-7
4,317,400.0,0.00023945699998581565,0.003250470996512111,4.76519575959081e-7
4,318,400.0,0.00020688899998581566,0.0028291161448355693,4.147488862760607e-7
4,319,400.0,0.0004322999999858157,0.005661349417734045,8.299547440323592e-7
4,320,400.0,0.00033587699998581565,0.0044737386230516395,6.558508086661485e-7
4,321,400.0,0.0002452019999858157,0.0033243395195865777,4.873487134379076e-7
4,322,400.0,0.00020944499998581565,0.0028622478591957437,4.196060009817907e-7
4,323,400.0,0.0003971789999858157,0.005232640947494256,7.67106012673753e-7
4,324,400.0,0.0003965399999858156,0.00522480948384586,7.659579188310832e-7
4,325,400.0,0.0003282149999858157,0.004377812683959985,6.41788050417119e-7
4,326,400.0,0.00023115599998581562,0.003143402509539098,4.6082331838111537e-7
4,327,400.0,0.00030714299998581566,0.004112943429591405,6.029581747124141e-7
4,328,400.0,0.0004163339999858157,0.005466918694000131,8.014511683577818e-7
4,329,400.0,0.0005114789999858156,0.006615312826604641,9.698059346946606e-7
4,330,400.0,0.00016346999998581566,0.0022636084828095405,3.3184537118565913e-7
4,331,400.0,0.0004322999999858157,0.005661531262660514,8.299814025281108e-7
4,332,400.0,0.00024456599998581564,0.0033161863152866484,4.861534523634729e-7
4,333,400.0,0.001242617999985816,0.014934097243352458,2.1893410811449085e-6
4,334,400.0,0.00036524999998581567,0.00483924607507419,7.094342604903805e-7
4,335,400.0,0.0007796699999858157,0.009751828652911071,1.4296196641954823e-6
4,336,400.0,0.00040803299998581563,0.005365552406085602,7.865908540878163e-7
4,337,400.0,0.00037738199998581565,0.004989239258147543,7.314232854875462e-7
4,338,400.0,0.0004010099999858157,0.005279608268586132,7.739914295732272e-7
4,339,400.0,0.0005204189999858155,0.006721059732262343,9.853084482371792e-7
4,340,400.0,0.00043038299998581566,0.005638050639785803,8.265391394014691e-7
4,341,400.0,0.0006027899999858157,0.007695575828104022,1.128172666147159e-6
4,342,400.0,0.00023945699998581565,0.003250484620220687,4.765215731969706e-7
4,343,400.0,0.00033204599998581567,0.0044258357307503,6.488282368754321e-7
4,344,400.0,0.0004495379999858157,0.005870560996162393,8.606251954055238e-7
4,345,400.0,0.00033396299998581565,0.0044498055061745,6.523422098452666e-7
4,346,400.0,0.00045017699998581566,0.0058782874624547544,8.617578966187477e-7
4,347,400.0,0.0006168389999858157,0.007860316506490597,1.1523236763522089e-6
4,348,400.0,0.00024584099998581566,0.003332573308986844,4.885557883011386e-7
4,349,400.0,0.0007381649999858158,0.009274392731827147,1.3596274806298791e-6
4,350,400.0,0.00015963899998581568,0.002213451394309746,3.2449233386617193e-7
4,351,400.0,0.00017496299998581564,0.0024137987870719874,3.538632941811581e-7
4,352,400.0,0.00033651599998581563,0.0044817311201516856,6.570225100389819e-7
4,353,400.0,0.00015452999998581565,0.0021464096066443126,3.146639969069586e-7
4,354,400.0,0.0004904069999858156,0.0063627607219744345,9.327817551418831e-7
4,355,400.0,0.0006270569999858158,0.007980852636248295,1.1699942925495292e-6
4,356,400.0,0.00014111999998581566,0.0019697249945038087,2.887620040739104e-7
4,357,400.0,0.00015836099998581566,0.0021967000152226337,3.2203657897160864e-7
4,358,400.0,0.00027074399998581566,0.0036514941875744294,5.353096408942324e-7
4,359,400.0,0.00017815499998581567,0.002455382193947129,3.599594283821213e-7
4,360,400.0,0.00026499899998581563,0.003578137118934642,5.245554827185889e-7
4,361,400.0,0.00040420199998581564,0.00531869811449571,7.79722007331689e-7
4,362,400.0,0.0003875999999858157,0.005115062185675232,7.498689470965134e-7
4,363,400.0,0.0005746949999858158,0.007365276035975734,1.0797506629810842e-6
4,364,400.0,0.00022859999998581565,0.0031104573017052364,4.5599354556243114e-7
4,365,400.0,0.00047188799998581566,0.0061402845900379276,9.001667180702839e-7
4,366,400.0,0.00032055299998581566,0.004281746491063794,6.277047309375676e-7
4,367,400.0,0.00034034699998581567,0.0045295821144915715,6.64037473580121e-7
4,368,400.0,5.6188627848871826e-14,3.5619493309963433e-10,5.221823503779678e-14
4,369,400.0,0.00018262499998581566,0.002513557902720793,3.684879967359667e-7
4,370,400.0,0.00014942099998581566,0.0020792110403556256,3.048126761761157e-7
4,371,400.0,0.00038121299998581564,0.005036482072592362,7.383490897573013e-7
4,372,400.0,0.00036716699998581566,0.004862980214924475,7.129136892468123e-7
4,373,400.0,0.0004948769999858156,0.006416373347710424,9.406413747813695e-7
4,374,400.0,0.0005657549999858157,0.007259556603843803,1.0642521770619052e-6
4,375,400.0,0.00018837299998581566,0.002588297495842474,3.794448332251751e-7
4,376,400.0,0.00022093799998581563,0.0030113171527635825,4.4145958362741e-7
4,377,400.0,0.0002496719999858157,0.003381762510993928,4.957669333036114e-7
4,378,400.0,0.0003678059999858157,0.004870884974927134,7.140725283469202e-7
4,379,400.0,0.00035503499998581567,0.004712484593706444,6.908510067360416e-7
4,380,400.0,0.00025925099998581566,0.003504607022428558,5.137759586296469e-7
4,381,400.0,5.6188994612451314e-14,3.567647334268678e-10,5.230176785830372e-14
4,382,400.0,0.00032566199998581565,0.004345860777841034,6.371038957911511e-7
4,383,400.0,0.00019603499998581566,0.002688131682449907,3.940805411947098e-7
4,384,400.0,0.00033140699998581563,0.004417764635650105,6.476450130230128e-7
4,385,400.0,5.6188064903157264e-14,3.560086556173657e-10,5.219092672864509e-14
4,386,400.0,9.70589999858157e-5,0.001379464793052185,2.0222976268395059e-7
4,387,400.0,0.0004239959999858157,0.005560325421201338,8.151446097345566e-7
4,388,400.0,0.00013664999998581567,0.0019105587311377581,2.80088220255957e-7
4,389,400.0,8.87579999858157e-5,0.001266141671577584,1.8561657467231126e-7
4,390,400.0,0.00013345799998581566,0.001868188789218908,2.738767798898543e-7
4,391,400.0,0.00019220399998581565,0.0026382334516815353,3.867654524606872e-7
4,392,400.0,0.0003499259999858156,0.004648975914012152,6.815406239791677e-7
4,393,400.0,0.00026435999998581565,0.0035699790963427064,5.233595152817635e-7
4,394,400.0,5.61887971110084e-14,3.6225290797502717e-10,5.3106335138333157e-14
4,395,400.0,0.00021838499998581563,0.002978258468131663,4.3661317509170214e-7
4,396,400.0,0.0003167219999858157,0.004233599901941562,6.206464331533323e-7
4,397,400.0,0.00013537199998581566,0.0018936176780618627,2.7760465912383543e-7
4,398,400.0,0.00017943299998581566,0.0024720116432051602,3.623973083439401e-7
4,399,400.0,0.00023370899998581562,0.003176404759368272,4.656614535655759e-7
4,400,400.0,0.00020433599998581568,0.0027960086070333793,4.098953158576575e-7
4,401,400.0,0.00022093799998581563,0.0030113134152240624,4.4145903570350944e-7
4,402,400.0,0.00014111999998581566,0.0019697220141898287,2.8876156715939696e-7
4,403,400.0,0.00026755199998581566,0.0036107555257591704,5.29337346456233e-7
4,404,400.0,0.00045081599998581564,0.005886063783430213,8.628979065366097e-7
4,405,400.0,0.00041569499998581565,0.005459073030149673,8.003009927631834e-7
4,406,400.0,0.0002566979999858157,0.0034719115907871907,5.089828030413456e-7
4,407,400.0,0.0004227209999858157,0.005544755984567787,8.128621277956305e-7
4,408,400.0,0.00033906899998581566,0.00451363758445327,6.617000028871443e-7
4,409,400.0,0.0001226009999858157,0.001723573542053147,2.526761611701083e-7
4,410,400.0,0.00015772199998581566,0.0021883237318857892,3.2080861447413455e-7
4,411,400.0,0.00032885399998581566,0.004385883103121101,6.429711751767596e-7
4,412,400.0,0.00030458699998581564,0.004080740158112005,5.982371698837829e-7
4,413,400.0,0.0003971789999858157,0.00523264043199396,7.671059371013259e-7
4,414,400.0,0.0003563099999858157,0.004728348003718159,6.931765852199471e-7
4,415,400.0,0.00029948099998581564,0.004016251077936676,5.887830602571741e-7
4,416,400.0,0.00040356299998581567,0.005310869409971045,7.785743179770063e-7
4,417,400.0,7.151699998581572e-5,0.0010278373985475944,1.506811295459469e-7
4,418,400.0,0.00011749199998581567,0.001655224182057787,2.4265613389498044e-7
4,419,400.0,5.618925793138895e-14,3.5695103761041523e-10,5.232908008186722e-14
4,420,400.0,0.00017049299998581565,0.002355387211416798,3.453001477041768e-7
4,421,400.0,5.6188016330950136e-14,3.5704287877687077e-10,5.2342544011784443e-14
4,422,400.0,0.00024711899998581567,0.0033488987593159867,4.909491019706135e-7
4,423,400.0,0.0004048409999858157,0.005326505361411865,7.808665509974798e-7
4,424,400.0,0.00021455399998581565,0.0029285908571679677,4.293318952584974e-7
4,425,400.0,0.00037355099998581567,0.00494178892664351,7.2446705918321e-7
4,426,400.0,5.618876358306465e-14,3.548353733078638e-10,5.201892335153325e-14
4,427,400.0,0.0004322999999858157,0.005661213917738207,8.299348797109643e-7
4,428,400.0,0.0004495379999858157,0.005870788846110101,8.606585982448601e-7
4,429,400.0,0.00025797299998581565,0.0034881149640811205,5.113582201976332e-7
4,430,400.0,0.00032693699998581567,0.004361873661900175,6.394513871946836e-7
4,431,400.0,0.00027713099998581567,0.0037328671535111417,5.472389309153718e-7
4,432,400.0,0.00027904499998581566,0.003757086194909621,5.507894463175158e-7
4,433,400.0,0.00035694899998581567,0.00473627402578166,6.943385413416276e-7
4,434,400.0,0.00017368499998581566,0.0023970326001381136,3.5140536845385484e-7
4,435,400.0,0.00018007199998581566,0.0024803008569890908,3.636125084308171e-7
4,436,400.0,0.00023881799998581562,0.003242227432267925,4.753110681021438e-7
4,437,400.0,0.0004227209999858157,0.005544933867070722,8.128882053994485e-7
4,438,400.0,0.0004259129999858157,0.005583642082216737,8.18562836025996e-7
4,439,400.0,0.00019922699998581564,0.002729605882748481,4.0016066569381324e-7
4,440,400.0,0.00017879399998581565,0.0024636888885112757,3.6117719115421684e-7
4,441,400.0,0.00022987799998581564,0.0031269592709430058,4.5841273693257704e-7
4,442,400.0,0.00014495099998581564,0.0020203151269615883,2.9617852570796374e-7
4,443,400.0,0.00046677899998581567,0.006078771925650681,8.911489514815719e-7
4,444,400.0,0.00020241899998581567,0.0027711381977030495,4.0624930981092315e-7
4,445,400.0,0.0006200309999858158,0.00789830834258635,1.157893285693649e-6
4,446,400.0,0.0002796839999858157,0.003765353892239175,5.52001492088687e-7
4,447,400.0,0.0002816009999858157,0.003789708983706275,5.555719524529851e-7
4,448,400.0,0.0002273249999858156,0.0030939603620957455,4.535750915366077e-7
4,449,400.0,0.00029117999998581564,0.0039112246381693885,5.733861671311924e-7
4,450,400.0,0.0005510699999858157,0.007085432341418731,1.0387255319129354e-6
4,451,400.0,0.0015816899999858162,0.018618509011483028,2.7294764446944243e-6
4,452,400.0,0.0004993469999858156,0.006469805589085211,9.48474550044209e-7
4,453,400.0,0.0004993469999858156,0.0064697591573970245,9.484677431511807e-7
4,454,400.0,0.0005861879999858157,0.007500740708229011,1.0996098059326236e-6
4,455,400.0,0.00037418999998581565,0.004949842864694513,7.256477678094315e-7
4,456,400.0,0.0004987079999858155,0.006462159996787868,9.473537049717886e-7
4,457,400.0,0.0004048409999858157,0.005326536914254819,7.808711766493808e-7
4,458,400.0,0.0006436589999858157,0.008175623441393168,1.1985477242141818e-6
4,459,400.0,0.00020050499998581567,0.0027462537554361495,4.0260124653340877e-7
4,460,400.0,0.00035503499998581567,0.004712474191780958,6.908494818120762e-7
4,461,400.0,0.0005510699999858157,0.007084943820913272,1.0386539147275003e-6
4,462,400.0,0.0005529839999858157,0.007107641668101544,1.0419814228113888e-6
4,463,400.0,0.0004335749999858156,0.00567695745149694,8.322428843167151e-7
4,464,400.0,0.0006072599999858157,0.007748596364727077,1.1359454854265348e-6
4,465,400.0,0.0003167219999858157,0.00423360158295151,6.206466795896637e-7
4,466,400.0,0.000994859999985816,0.01218921575610254,1.7869410093504548e-6
4,467,400.0,5.618884301382614e-14,3.57017032739209e-10,5.233875497846587e-14
4,468,400.0,0.0005031779999858156,0.006515661800962194,9.551970781523378e-7
4,469,400.0,0.0002732999999858157,0.003684040022525434,5.400808655834323e-7
4,470,400.0,0.00017304599998581565,0.002388772208736313,3.5019439373287873e-7
4,471,400.0,0.00036077999998581565,0.004783844424283108,7.013123694872835e-7
4,472,400.0,0.00013090199998581564,0.0018342214153609971,2.6889715736604665e-7
4,473,400.0,5.618833458322367e-14,3.56320112581316e-10,5.2236586370140235e-14
4,474,400.0,0.0001251569999858157,0.0017576850602044596,2.5767691527073745e-7
4,475,400.0,0.00023179499998581563,0.003151702405057575,4.6204008441201156e-7
4,476,400.0,5.6189040632399124e-14,3.5667226757541896e-10,5.228821234946504e-14
4,477,400.0,0.0002547809999858157,0.003447327621521605,5.053787891546201e-7
4,478,400.0,0.00037738199998581565,0.004989237318366558,7.314230011153387e-7
4,479,400.0,0.0003684419999858157,0.004878771257049382,7.152286585867592e-7
4,480,400.0,0.00016857599998581566,0.0023304187730913604,3.4163977059084e-7
4,481,400.0,0.0003563099999858157,0.004728342573245079,6.931757891117117e-7
4,482,400.0,0.0003416249999858157,0.004545520710380769,6.663740743258756e-7
4,483,400.0,0.0007356089999858157,0.009244769262783281,1.3552846752572523e-6
4,484,400.0,0.0002452019999858157,0.0033243721974244244,4.873535040142427e-7
4,485,400.0,0.0002886239999858157,0.0038788496718349576,5.686399918089309e-7
4,486,400.0,0.00023626499998581564,0.0032093750574987588,4.704949046258199e-7
4,487,400.0,0.00036524999998581567,0.0048392518612897254,7.094351087505176e-7
4,488,400.0,0.0003096959999858157,0.004145149973248014,6.076796592427554e-7
4,489,400.0,0.00023306999998581562,0.0031681707432328747,4.644543454629378e-7
4,490,400.0,0.00016666199998581567,0.0023053883664011965,3.3797030890517075e-7
4,491,400.0,0.00032566199998581565,0.004345880586262383,6.371067997089377e-7
4,492,400.0,0.0001257929999858157,0.0017661872531631103,2.589233381392159e-7
4,493,400.0,0.0009891149999858159,0.01212466172052977,1.7774773772520322e-6
4,494,400.0,0.0003499259999858156,0.004648962674636626,6.815386830845655e-7
4,495,400.0,0.0006289709999858158,0.008003422675013866,1.173303063897894e-6
4,496,400.0,0.00030650399998581563,0.0041049117848888554,6.017807342946963e-7
4,497,400.0,0.00017560199998581567,0.0024221235276662904,3.550837025042052e-7
4,498,400.0,0.00025797299998581565,0.00348826053192332,5.113795604669396e-7
4,499,400.0,0.00013154099998581565,0.001842717993650178,2.7014275712306897e-7
4,500,400.0,0.00029948099998581564,0.004016251099959525,5.887830634857272e-7
4,501,400.0,0.0002273249999858156,0.0030939643076192944,4.5357566995100066e-7
4,502,400.0,0.00023881799998581562,0.0032422629067857646,4.7531626867222013e-7
4,503,400.0,0.00032055299998581566,0.004281746755584156,6.277047697162957e-7
4,504,400.0,0.0002796839999858157,0.003765354534076617,5.520015861821603e-7
4,505,400.0,0.00029245499998581566,0.00392738342631472,5.757550480974549e-7
4,506,400.0,0.00030267299998581565,0.004056575864636773,5.946946805360781e-7
4,507,400.0,0.0003716369999858157,0.004918286669474071,7.210216244654476e-7
4,508,400.0,9.83369999858157e-5,0.0013968338954213995,2.0477607591198713e-7
4,509,400.0,0.0001257929999858157,0.0017661882495654353,2.5892348421195854e-7
4,510,400.0,0.00010472099998581568,0.001483351682524377,2.174595975516103e-7
4,511,400.0,0.0002618069999858157,0.0035373258068668147,5.185725377417647e-7
4,512,400.0,0.00014431199998581566,0.002011889569622372,2.949433376337399e-7
4,513,400.0,0.00019795199998581567,0.0027130862365256007,3.977388828747794e-7
4,514,400.0,0.00027713099998581567,0.0037328785000421325,5.472405943186577e-7
4,515,400.0,0.00023498699998581563,0.0031929043098512374,4.6808029034587467e-7
4,516,400.0,0.00027904499998581566,0.003757235244006881,5.508112969393794e-7
4,517,400.0,0.00021902399998581564,0.0029865313442433957,4.378259800731818e-7
4,518,400.0,0.00013984199998581567,0.0019528378387859075,2.8628634430322364e-7
4,519,400.0,0.00011493899998581569,0.0016209807300684232,2.3763603827226715e-7
4,520,400.0,0.00033076799998581566,0.004409851722834159,6.464849787191529e-7
4,521,400.0,0.00026563799998581566,0.003586282344152289,5.257495740582652e-7
4,522,400.0,0.00022476899998581564,0.0030608934955001035,4.487274835236893e-7
4,523,400.0,9.386699998581568e-5,0.0013359986510002961,1.9585761920032353e-7
4,524,400.0,0.00022029899998581563,0.0030030330272041356,4.4024512947506865e-7
4,525,400.0,0.00020305799998581565,0.0027794023309259635,4.0746083308348217e-7
4,526,400.0,0.00016857599998581566,0.0023304184719098674,3.416397264375842e-7
4,527,400.0,0.00016474499998581565,0.002280319262405045,3.3429517418815936e-7
4,528,400.0,0.00015963899998581568,0.002213447842221559,3.2449181312946684e-7
4,529,400.0,0.0004923209999858156,0.0063856972397663934,9.36144252375032e-7
4,530,400.0,0.00030586499998581565,0.0040968572338213926,6.005999358001623e-7
4,531,400.0,0.00037865999998581566,0.005005009218253959,7.337351642001587e-7
4,532,400.0,0.00046039499998581565,0.006001733702498348,8.798551354565767e-7
4,533,400.0,0.00011557799998581568,0.0016295497346340497,2.3889225573317834e-7
4,534,400.0,0.00016666199998581567,0.0023053885921407407,3.379703419986246e-7
4,535,400.0,0.00023243099998581564,0.00315993285172275,4.632466692297353e-7
4,536,400.0,0.00017496299998581564,0.0024138020876123935,3.5386377804091763e-7
4,537,400.0,0.00020688899998581566,0.0028291211500102893,4.147496200354875e-7
4,538,400.0,0.00013473299998581565,0.0018851377381106117,2.763614985498557e-7
4,539,400.0,5.6189932717473485e-14,3.5764679365079764e-10,5.2431078030376767e-14
4,540,400.0,0.00025605899998581565,0.0034636536320851027,5.077721849545424e-7
4,541,400.0,0.00036205799998581566,0.004799685361814557,7.036346535019325e-7
4,542,400.0,0.00035375699998581566,0.004696432953644062,6.884978336961401e-7
4,543,400.0,0.0002886239999858157,0.0038787975567298604,5.686323517260602e-7
4,544,400.0,0.0003116129999858157,0.0041691654823865195,6.11200336782534e-7
4,545,400.0,0.00027393899998581566,0.0036921227971799054,5.412658016604053e-7
4,546,400.0,0.00020880599998581565,0.0028538270073455467,4.183715027330212e-7
4,547,400.0,0.00035503499998581567,0.004712212777159541,6.908111583861232e-7
4,548,400.0,0.00021582899998581564,0.0029451437972103215,4.3175855895687296e-7
4,549,400.0,0.0005683109999858157,0.00728968673394476,1.0686692590277823e-6
4,550,400.0,0.00027457799998581564,0.003700345979656202,5.424713215468598e-7
4,551,400.0,0.00017432399998581566,0.0024054624654029563,3.526411880706751e-7
4,552,400.0,0.0002867099999858157,0.0038545694034746573,5.650805005242408e-7
4,553,400.0,0.00021008399998581568,0.00287054038183756,4.208216861477711e-7
4,554,400.0,0.0004144199999858157,0.005443512275347611,7.980197835821638e-7
4,555,400.0,0.00011557799998581568,0.0016295476362884285,2.3889194811536945e-7
4,556,400.0,0.00032566199998581565,0.004345868141439537,6.371049752958875e-7
4,557,400.0,0.00030714299998581566,0.0041129598961510165,6.029605887127274e-7
4,558,400.0,0.00036397499998581565,0.004823438159895477,7.071168175580054e-7
4,559,400.0,0.00020625299998581567,0.0028208421893270775,4.1353592305484095e-7
4,560,400.0,0.00032949299998581564,0.004393877423625382,6.441431438609499e-7
4,561,400.0,0.0002503109999858157,0.0033899691687496354,4.969700306633441e-7
4,562,400.0,0.00016283099998581565,0.002255261766918067,3.3062174128047807e-7
4,563,400.0,0.0002918159999858156,0.003919294543440185,5.745692165544286e-7
4,564,400.0,0.00014622899998581565,0.0020371656422759074,2.9864881398953504e-7
4,565,400.0,0.00014303399998581565,0.0019950201730203174,2.9247028135232027e-7
4,566,400.0,0.00041761199998581564,0.005482457362176682,8.037291396359149e-7
4,567,400.0,5.618904087197777e-14,3.5692839335225137e-10,5.2325760429943017e-14
4,568,400.0,0.00017624099998581565,0.0024304112484890778,3.5629868372273623e-7
4,569,400.0,0.0005299979999858155,0.006835342696825487,1.0020623494014756e-6
4,570,400.0,0.00016793999998581568,0.0023220688536806497,3.4041567104921854e-7
4,571,400.0,0.00015899999998581564,0.0022050563121034676,3.232616134513859e-7
4,572,400.0,0.00044443199998581563,0.0058088717853554345,8.515815470830114e-7
4,573,400.0,0.00010088999998581569,0.0014314671389294843,2.0985331503464624e-7
4,574,400.0,0.00014495099998581564,0.002020291540011827,2.9617506785729824e-7
4,575,400.0,5.618798791500196e-14,3.625346950826345e-10,5.314764517407008e-14
4,576,400.0,0.00041569499998581565,0.005459132666161085,8.003097354121414e-7
4,577,400.0,0.00022476899998581564,0.0030608796600099953,4.4872545523859256e-7
4,578,400.0,0.00026755199998581566,0.003610748287477239,5.293362853229263e-7
4,579,400.0,0.00027457799998581564,0.003700243045946214,5.424562314482593e-7
4,580,400.0,0.00024647999998581564,0.0033407604905188056,4.897560304433072e-7
4,581,400.0,0.00024137099998581564,0.003275123332207263,4.801336123754834e-7
4,582,400.0,5.618900701893912e-14,3.557885018581378e-10,5.215865215178972e-14
4,583,400.0,0.00022476899998581564,0.0030609088711325795,4.4872973759390723e-7
4,584,400.0,0.0003837689999858157,0.005067936716077178,7.429603456003505e-7
4,585,400.0,0.0004967909999858156,0.006439282152949538,9.439998093497705e-7
4,586,400.0,0.00044251499998581564,0.005785508449699159,8.481564782816393e-7
4,587,400.0,0.0003748289999858157,0.004957728372461699,7.268037845286927e-7
4,588,400.0,0.0002752139999858157,0.003708464012860168,5.436614265329146e-7
4,589,400.0,0.00022093799998581563,0.0030113164219734687,4.414594764934607e-7
4,590,400.0,0.0003582269999858157,0.004751830933541877,6.96619186545688e-7
4,591,400.0,0.00023881799998581562,0.003242261230953467,4.753160229949332e-7
4,592,400.0,0.00025158899998581563,0.0034063664134647382,4.9937386940146e-7
4,593,400.0,0.00017240999998581567,0.0023804637479282547,3.4897637202913895e-7
4,594,400.0,0.0008479949999858158,0.010532362446608901,1.5440460451088113e-6
4,595,400.0,0.00017687699998581566,0.002438750455990797,3.5752121289675997e-7
4,596,400.0,0.0002292389999858156,0.0031184561439435345,4.5716617713356266e-7
4,597,400.0,0.00013856399998581566,0.0019359305450841185,2.8380773230082855e-7
4,598,400.0,0.00014048099998581565,0.0019612613824639136,2.8752123717438705e-7
4,599,400.0,0.00015197399998581566,0.002112812499559317,3.0973865555219095e-7
4,600,400.0,8.747999998581569e-5,0.0012486210795789024,1.8304805303999318e-7
4,601,400.0,0.00021072299998581566,0.0028788392849665653,4.220383066942096e-7
4,602,400.0,0.00016857599998581566,0.00233041541675833,3.416392785518727e-7
4,603,400.0,0.00016091399998581564,0.0022301644578981063,3.269424717023958e-7
4,604,400.0,5.6188108090341056e-14,3.5607757349073114e-10,5.2201030100072596e-14
4,605,400.0,0.00033268499998581564,0.004433517419637361,6.499543737137672e-7
4,606,400.0,0.00018262499998581566,0.0025135583114639566,3.684880566577808e-7
4,607,400.0,0.0003084209999858156,0.004128776671485553,6.05279330545385e-7
4,608,400.0,5.618851451380587e-14,3.562977870165446e-10,5.2233313438719116e-14
4,609,400.0,5.618874638910103e-14,3.568625413852761e-10,5.23161065208902e-14
4,610,400.0,0.00017304599998581565,0.002388785805094237,3.501963869611584e-7
4,611,400.0,0.00018390299998581567,0.00253018820207156,3.709260013215186e-7
4,612,400.0,0.0002215769999858156,0.003019568753566474,4.426692696451585e-7
4,613,400.0,0.00020752799998581566,0.002837399055067383,4.159631622611737e-7
4,614,400.0,0.00015069899998581567,0.002096010844493633,3.0727553019100436e-7
4,615,400.0,0.00018454199998581565,0.0025385075390284635,3.7214561747044537e-7
4,616,400.0,0.0003218279999858156,0.004297777704682404,6.300549094574948e-7
4,617,400.0,0.0003167219999858157,0.004233600514042063,6.206465228873652e-7
4,618,400.0,0.0002777699999858157,0.0037410017852618576,5.484314692510756e-7
4,619,400.0,0.00033268499998581564,0.004433833035590489,6.500006430637511e-7
4,620,400.0,0.00035567099998581566,0.004720405159617518,6.920121629848903e-7
4,621,400.0,0.00023051699998581564,0.0031352124060786157,4.596226478837512e-7
4,622,400.0,0.0002586119999858157,0.0034964419524573073,5.125789580458695e-7
4,623,400.0,0.00019858799998581568,0.0027213686896692055,3.9895309185068673e-7
4,624,400.0,0.00020497499998581564,0.002804291821483339,4.1110963644120007e-7
4,625,400.0,0.0001251569999858157,0.0017576903807251477,2.5767769525993437e-7
4,626,400.0,0.00015772199998581566,0.0021883225032311962,3.208084343531717e-7
4,627,400.0,0.00013409699998581567,0.0018766807535096502,2.7512170323395625e-7
4,628,400.0,0.00014942099998581566,0.0020792094483262666,3.048124427843531e-7
4,629,400.0,0.00011685599998581569,0.0016466848605110982,2.41404267969466e-7
4,630,400.0,0.00034800899998581564,0.004625108256882734,6.780416215679322e-7
4,631,400.0,0.00020433599998581568,0.0027960087344102197,4.098953345311229e-7
4,632,400.0,0.00019922699998581564,0.0027296504830631014,4.001672041071796e-7
4,633,400.0,0.00013601099998581566,0.0019020828435132632,2.7884565375373777e-7
4,634,400.0,0.00010088999998581569,0.0014314822206213712,2.0985552601312615e-7
4,635,400.0,8.556599998581571e-5,0.0012223236827457469,1.7919285039360456e-7
4,636,400.0,0.0001021679999858157,0.00144880047336984,2.1239438467850347e-7
4,637,400.0,0.00017113199998581565,0.0023637930736696384,3.465324484755395e-7
4,638,400.0,6.960299998581573e-5,0.001001053191120649,1.4675456038745157e-7
4,639,400.0,0.00012004799998581568,0.001689405251949172,2.476670842919992e-7
4,640,400.0,5.618787737099203e-14,3.5584503391024054e-10,5.216693975980868e-14
4,641,400.0,8.620499998581571e-5,0.0012311018927777056,1.8047973740985458e-7
4,642,400.0,0.00031416599998581565,0.004201442116164317,6.159320965360241e-7
4,643,400.0,0.00015005999998581566,0.002087622845814567,3.0604584822245795e-7
4,644,400.0,0.00032885399998581566,0.004385880146086086,6.429707416749461e-7
4,645,400.0,0.00012451799998581568,0.001749164626846336,2.5642781835673407e-7
4,646,400.0,0.0002586119999858157,0.0034964414984404953,5.125788914869311e-7
4,647,400.0,0.00014878199998581565,0.0020707912165246535,3.0357832863513155e-7
4,648,400.0,0.00010663799998581569,0.0015092291001964097,2.2125323118477446e-7
4,649,400.0,0.00014750399998581567,0.0020539651853965298,3.0111162973923266e-7
4,650,400.0,0.00010982999998581568,0.0015522595688172314,2.275615048726545e-7
4,651,400.0,0.00017624099998581565,0.002430433862323708,3.5630199891456543e-7
4,652,400.0,0.00017560199998581567,0.0024221140324672177,3.5508231050647916e-7
4,653,400.0,0.00020625299998581567,0.0028208442460323077,4.135362245681617e-7
4,654,400.0,0.00020114399998581565,0.002754564816991254,4.0381964950708794e-7
4,655,400.0,0.0001226009999858157,0.0017235531875079743,2.5267317719048043e-7
4,656,400.0,5.618761420437841e-14,3.562168124881436e-10,5.2221442559705417e-14
4,657,400.0,0.00012707099998581568,0.0017832215188117071,2.61420564249633e-7
4,658,400.0,5.61880633868835e-14,3.566427274356693e-10,5.2283881760180473e-14
4,659,400.0,0.00010025099998581571,0.0014228025660674003,2.0858308724595434e-7
4,660,400.0,0.00016602299998581566,0.002297035791289774,3.3674582003739367e-7
4,661,400.0,0.0001238789999858157,0.0017406087738216672,2.551735289138631e-7
4,662,400.0,0.00019220399998581565,0.0026381936597051443,3.867596189504862e-7
4,663,400.0,0.00011813099998581569,0.0016637526594548923,2.439064100664048e-7
4,664,400.0,0.00011238599998581569,0.0015866267618584024,2.3259974095365797e-7
4,665,400.0,0.00020433599998581568,0.0027960056478039015,4.0989488203413543e-7
4,666,400.0,0.00022285499998581565,0.003036130884178437,4.450972806825312e-7
4,667,400.0,0.0001283489999858157,0.0018002395056873227,2.6391540388928745e-7
4,668,400.0,0.00028287899998581564,0.003805940895432963,5.579515533481496e-7
4,669,400.0,0.00013920299998581564,0.0019443808140540704,2.8504654310413135e-7
4,670,400.0,0.00018773399998581563,0.0025799930964802644,3.7822740693005624e-7
4,671,400.0,0.00020178299998581566,0.002762852896410292,4.050346832958875e-7
4,672,400.0,0.00027649199998581564,0.0037247424300803724,5.460478451409811e-7
4,673,400.0,0.00018071099998581567,0.002488633846959178,3.648341261136939e-7
4,674,400.0,0.00015133499998581565,0.002104398627246988,3.0850518050480637e-7
4,675,400.0,5.6188297091895715e-14,3.556719853664652e-10,5.214157081518846e-14
4,676,400.0,0.00035247899998581565,0.004680734675584724,6.861964635832702e-7
4,677,400.0,0.00040803299998581563,0.005365553478471848,7.865910112998144e-7
4,678,400.0,0.00017368499998581566,0.0023971345247525283,3.514203106188804e-7
4,679,400.0,0.00017943299998581566,0.002472007849171477,3.62396752137986e-7
4,680,400.0,0.0001226009999858157,0.0017235395509493368,2.5267117806876964e-7
4,681,400.0,0.00019731299998581564,0.0027047701555590825,3.965197440545718e-7
4,682,400.0,0.00030203399998581567,0.004048511785954034,5.935124852915972e-7
4,683,400.0,0.00018326399998581567,0.0025218776704361715,3.6970767603415584e-7
4,684,400.0,0.00015069899998581567,0.002096027065906437,3.072779082527557e-7
4,685,400.0,0.00019539599998581565,0.0026798348704744172,3.928642272117163e-7
4,686,400.0,0.00011493899998581569,0.0016209753359813358,2.3763524749822416e-7
4,687,400.0,0.00011876999998581567,0.0016723385200958282,2.451650986306937e-7
4,688,400.0,6.577199998581573e-5,0.000947322223549185,1.388775918156664e-7
4,689,400.0,0.00012132599998581566,0.0017065198775859595,2.501760911897354e-7
4,690,400.0,9.067499998581569e-5,0.0012923851724765886,1.8946387616600073e-7
4,691,400.0,0.00011493899998581569,0.0016209782988011283,2.376356818480869e-7
4,692,400.0,0.00024200999998581565,0.0032833439194160903,4.813387517953054e-7
4,693,400.0,0.00013154099998581565,0.0018427178801999438,2.7014274049124623e-7
4,694,400.0,0.00010727699998581568,0.0015178542730882314,2.225176829314275e-7
4,695,400.0,0.0001283489999858157,0.001800243381280344,2.6391597205185377e-7
4,696,400.0,0.00028287899998581564,0.003805940423178937,5.579514841156328e-7
4,697,400.0,0.00020178299998581566,0.002762869122581671,4.0503706205524684e-7
4,698,400.0,0.00020369699998581565,0.0027877236424550538,4.086807387050122e-7
4,699,400.0,5.6188294926375646e-14,3.568468631856347e-10,5.231380809427667e-14
4,700,400.0,0.00031799699998581564,0.004249644277248212,6.229985411788638e-7
4,701,400.0,0.0003499259999858156,0.0046489651073037125,6.815390397139555e-7
4,702,400.0,0.00017560199998581567,0.0024221198779695737,3.5508316745807386e-7
4,703,400.0,0.0005504309999858157,0.0070778578052489325,1.0376151036803524e-6
4,704,400.0,5.618787401352408e-14,3.569490208132342e-10,5.2328784419072966e-14
4,705,400.0,0.00012707099998581568,0.0017832211366972752,2.6142050823159523e-7
4,706,400.0,0.00035694899998581567,0.004736275808740092,6.943388027236232e-7
4,707,400.0,0.00018709499998581565,0.00257170027458885,3.7701167789403614e-7
4,708,400.0,0.00020433599998581568,0.0027960087749045602,4.0989534046759985e-7
4,709,400.0,0.00034864799998581567,0.004633065211052016,6.792081123413434e-7
4,710,400.0,0.0007030439999858157,0.00886792112143479,1.300038676536131e-6
4,711,400.0,0.00023498699998581563,0.0031926570930903165,4.680440483285761e-7
4,712,400.0,0.0004227209999858157,0.005544770385671144,8.128642389997214e-7
4,713,400.0,0.0004993469999858156,0.006469851733638073,9.484813148431525e-7
4,714,400.0,0.0007732829999858158,0.00967869355473265,1.4188980469255228e-6
4,715,400.0,0.0011232089999858158,0.013619214229835927,1.9965790178288447e-6
4,716,400.0,0.0008882219999858157,0.010988545251441915,1.6109225183805648e-6
4,717,400.0,0.00047571899998581564,0.006186443762226546,9.069336602092985e-7
4,718,400.0,0.0009124889999858159,0.01126294843605299,1.6511500698071119e-6
4,719,400.0,0.001193450999985816,0.014394232245178036,2.110196784739473e-6
4,720,400.0,0.0008997179999858159,0.011118538909734969,1.6299796097970532e-6
4,721,400.0,0.0004029239999858157,0.0053030743117939965,7.774315553183415e-7
4,722,400.0,0.00025733699998581566,0.0034800997461786128,5.101831879514691e-7
4,723,400.0,0.0003096959999858157,0.004145148163743541,6.076793939691058e-7
4,724,400.0,0.00019795199998581567,0.0027130875460146552,3.9773907484608744e-7
4,725,400.0,0.00018198599998581566,0.002505247653585287,3.6726971286313255e-7
4,726,400.0,5.61882142883699e-14,3.6032232847828286e-10,5.282331187058794e-14
4,727,400.0,0.00015133499998581565,0.002104408299674166,3.0850659848420146e-7
4,728,400.0,0.00012068699998581567,0.0016979825282944106,2.489245143971448e-7
4,729,400.0,0.00028543199998581567,0.0038383595033450613,5.627041265327845e-7
4,730,400.0,0.00012962699998581568,0.0018172438520228863,2.664082438235551e-7
4,731,400.0,0.00037227599998581565,0.004926186253645209,7.221797047878141e-7
4,732,400.0,5.619299998581576e-5,0.0008117223729920396,1.1899863170282696e-7
4,733,400.0,0.00016410599998581567,0.002271961654645547,3.3306994753335714e-7
4,734,400.0,0.00014686799998581566,0.0020455840946495274,2.998829604746486e-7
4,735,400.0,0.0002681909999858157,0.003618912970584878,5.305332291924354e-7
4,736,400.0,0.00031416599998581565,0.004201443588991244,6.159323124526907e-7
4,737,400.0,0.0001142999999858157,0.0016123977718712774,2.3637777520670924e-7
4,738,400.0,0.00011557799998581568,0.0016295482909304507,2.3889204408599623e-7
4,739,400.0,0.00011493899998581569,0.001620978350808495,2.3763568947237533e-7
4,740,400.0,0.00021965999998581562,0.0029947645201212183,4.3903296499392295e-7
4,741,400.0,0.00024392699998581564,0.0033079464521761355,4.849454870933332e-7
4,742,400.0,5.6188296325066976e-14,3.571564546971274e-10,5.235919426013858e-14
4,743,400.0,8.939699998581569e-5,0.0012748914903777911,1.8689929952937578e-7
4,744,400.0,0.00015580499998581567,0.0021631716472426334,3.171213147807964e-7
4,745,400.0,0.00011940899998581566,0.001680889190459586,2.4641862829463343e-7
4,746,400.0,9.578399998581568e-5,0.0013621047118290116,1.9968477195738866e-7
4,747,400.0,0.0005248889999858157,0.00677419004792983,9.930973611422966e-7
4,748,400.0,0.00024392699998581564,0.0033079715943637625,4.849491729421225e-7
4,749,400.0,0.00015772199998581566,0.0021883224522058126,3.208084268728422e-7
4,750,400.0,0.00015772199998581566,0.002188319149493427,3.2080794269467006e-7
4,751,400.0,7.534799998581572e-5,0.0010811771805776856,1.5850075025383904e-7
4,752,400.0,0.00016857599998581566,0.0023304206709007405,3.416400488100033e-7
4,753,400.0,6.321599998581573e-5,0.0009113544441646994,1.3360470951680076e-7
4,754,400.0,0.00014558999998581565,0.0020287353117014037,2.974129261582429e-7
4,755,400.0,0.00021327599998581566,0.0029119957614166716,4.268990515263449e-7
4,756,400.0,0.00021455399998581565,0.002928587687639337,4.2933143060508534e-7
4,757,400.0,0.0002950109999858156,0.003959723016011952,5.80496037198958e-7
4,758,400.0,5.618960178680237e-14,3.5703281137596543e-10,5.2341068129176785e-14
4,759,400.0,5.6188958071586196e-14,3.5735027978650274e-10,5.238760904971784e-14
4,760,400.0,0.0006634529999858156,0.008407242822871312,1.2325031631534318e-6
4,761,400.0,0.00027393899998581566,0.0036922026715447112,5.412775112552573e-7
4,762,400.0,0.00016027499998581566,0.0022218010863471935,3.257164000748361e-7
4,763,400.0,0.00024009599998581565,0.003258711437287116,4.777276259149287e-7
4,764,400.0,0.00021455399998581565,0.0029285756994624538,4.2932967313640743e-7
4,765,400.0,0.00024584099998581566,0.003332574328730291,4.885559377956935e-7
4,766,400.0,0.00013601099998581566,0.0019020962351052409,2.7884761696329644e-7
4,767,400.0,0.00020752799998581566,0.0028374099592497625,4.1596476081608134e-7
4,768,400.0,0.00018645599998581565,0.002563403252420038,3.7579533309666745e-7
4,769,400.0,0.00014111999998581566,0.00196972511647782,2.8876202195532026e-7
4,770,400.0,0.00021518999998581566,0.0029368621715802476,4.3054447129458356e-7
4,771,400.0,0.00025925099998581566,0.0035046185097066416,5.137776426664795e-7
4,772,400.0,0.00012898799998581567,0.0018087408906935418,2.651617083118082e-7
4,773,400.0,0.00018390299998581567,0.0025301943079342596,3.709268964419819e-7
4,774,400.0,7.024199998581573e-5,0.0010099887964764294,1.4806452158373453e-7
4,775,400.0,0.0002982029999858157,0.0040001102303729615,5.864168093830899e-7
4,776,400.0,0.00010919099998581569,0.001543671163682282,2.2630244328513003e-7
4,777,400.0,0.00021199799998581568,0.002895401595436955,4.2446634409885696e-7
4,778,400.0,0.00012004799998581568,0.0016894282492487837,2.47670455699857e-7
4,779,400.0,0.00016985399998581567,0.0023471055911836597,3.440860608330791e-7
4,780,400.0,0.00024009599998581565,0.003258708983508701,4.777272661906147e-7
