Segment,Zone,NSE_Price,Max_NSE_MW,Total_NSE_MWh,NSE_Percent_of_Demand
1,1,2000.0,2.291005909914989e-14,1.3278214659332475e-10,1.9465884254153465e-14
1,2,2000.0,2.3094290899197053e-14,1.641246128105191e-10,2.4060694891552002e-14
1,3,2000.0,2.3094100435852693e-14,1.639482757648175e-10,2.4034843852015344e-14
1,4,2000.0,2.2991328777447135e-14,1.4055616365897092e-10,2.0605556418463014e-14
1,5,2000.0,2.302526861062375e-14,1.4372490124320126e-10,2.1070093862908234e-14
1,6,2000.0,2.316726465396158e-14,1.3977189958299882e-10,2.0490583177562488e-14
1,7,2000.0,2.29509858096562e-14,1.3857922661820212e-10,2.0315737127235432e-14
1,8,2000.0,2.3083551877711267e-14,1.586040853940969e-10,2.325138467578119e-14
1,9,2000.0,2.3081644102499987e-14,1.5742409826394942e-10,2.3078398370873866e-14
1,10,2000.0,2.2996209270285453e-14,1.411629866311608e-10,2.0694516764732966e-14
1,11,2000.0,2.3079958582334403e-14,1.560982118935562e-10,2.288402321365276e-14
1,12,2000.0,2.2716509476340765e-14,1.3371808240904895e-10,1.9603092596732858e-14
1,13,2000.0,2.250755741354997e-14,1.4176445157018428e-10,2.0782691622470588e-14
1,14,2000.0,2.2232664864637467e-14,1.2815523525579867e-10,1.87875783006704e-14
1,15,2000.0,2.1316268990570033e-14,1.3184059455601328e-10,1.9327852572577317e-14
1,16,2000.0,2.3046970756992253e-14,1.4688836107869895e-10,2.153385758853215e-14
1,17,2000.0,2.2109962603743082e-14,1.367378906578719e-10,2.0045796976421512e-14
1,18,2000.0,2.0477422249211335e-14,1.2383873702987973e-10,1.8154778959759456e-14
1,19,2000.0,2.1894682909710532e-14,1.285250510561443e-10,1.8841793357058468e-14
1,20,2000.0,1.8424941395506382e-14,1.178377965511109e-10,1.7275040111030443e-14
1,21,2000.0,2.1236765367017462e-14,1.2583201086045036e-10,1.8446993227025048e-14
1,22,2000.0,2.0247090013200453e-14,1.2268889467904222e-10,1.798621188439443e-14
1,23,2000.0,2.0396464267474308e-14,1.2235801068416833e-10,1.7937704237010978e-14
1,24,2000.0,1.8624127748705155e-14,1.1914804042126913e-10,1.7467122075176792e-14
1,25,2000.0,1.863552554974578e-14,1.1836489972365142e-10,1.7352313521725453e-14
1,26,2000.0,2.0655405874792418e-14,1.23883310488999e-10,1.8161313436104985e-14
1,27,2000.0,2.0382733412392012e-14,1.235438715985979e-10,1.8111551639647944e-14
1,28,2000.0,1.962213997446465e-14,1.2134170879689096e-10,1.778871421529059e-14
1,29,2000.0,1.858523771296498e-14,1.1923311916353225e-10,1.7479594632609193e-14
1,30,2000.0,1.8714903804793356e-14,1.1841288537243185e-10,1.7359348225629443e-14
1,31,2000.0,1.991852317723415e-14,1.2180570208824712e-10,1.7856735707155047e-14
1,32,2000.0,2.1021296662832097e-14,1.2539432688410674e-10,1.8382828685014014e-14
1,33,2000.0,1.9583342615568556e-14,1.2121782816340512e-10,1.7770553294303583e-14
1,34,2000.0,1.8896330443199568e-14,1.1973817569017063e-10,1.7553636001434616e-14
1,35,2000.0,1.8966353648237867e-14,1.200599391772711e-10,1.760080658089733e-14
1,36,2000.0,1.7679447345386843e-14,1.1700026378524957e-10,1.715225767154142e-14
1,37,2000.0,1.9036476893982557e-14,1.201622460916752e-10,1.7615804791163426e-14
1,38,2000.0,2.1086396466734168e-14,1.2556231402870131e-10,1.8407455627692376e-14
1,39,2000.0,1.9021494933587523e-14,1.1935110837475694e-10,1.7496891870135962e-14
1,40,2000.0,1.8486865935121607e-14,1.190083065580033e-10,1.7446637068129502e-14
1,41,2000.0,1.8703065247293867e-14,1.193870646218995e-10,1.750216306180629e-14
1,42,2000.0,1.9284791535426298e-14,1.1985157499698086e-10,1.757026035822883e-14
1,43,2000.0,2.062182910555245e-14,1.2440426963411845e-10,1.8237686131382285e-14
1,44,2000.0,1.997635325829149e-14,1.2243002103951575e-10,1.7948260966799258e-14
1,45,2000.0,1.916427836202727e-14,1.2055634452977258e-10,1.767357968618935e-14
1,46,2000.0,2.003620333321981e-14,1.2269399458390316e-10,1.7986959531275258e-14
1,47,2000.0,2.0368110213205038e-14,1.2227865471312107e-10,1.7926070638768187e-14
1,48,2000.0,2.0042253353930284e-14,1.2256314492508126e-10,1.796777695004223e-14
1,49,2000.0,2.1861163464384284e-14,1.2824886656495185e-10,1.880130466579781e-14
1,50,2000.0,2.2325382327504455e-14,1.3058239331697523e-10,1.9143400066604815e-14
1,51,2000.0,2.0840495453428446e-14,1.2497294647169382e-10,1.8321054248122892e-14
1,52,2000.0,2.1114140279618536e-14,1.2572700503057948e-10,1.8431599355313228e-14
1,53,2000.0,2.0646888003912268e-14,1.2427167465985924e-10,1.821824768662271e-14
1,54,2000.0,2.042463068041958e-14,1.2341035324404238e-10,1.8091977827186973e-14
1,55,2000.0,2.1968737660401786e-14,1.2866572980413654e-10,1.8862416884360096e-14
1,56,2000.0,2.111346058769704e-14,1.253450360606071e-10,1.8375602642284228e-14
1,57,2000.0,2.137806329491789e-14,1.2643897277457255e-10,1.853597394220484e-14
1,58,2000.0,2.2485767664234185e-14,1.3093466850715962e-10,1.9195043666694676e-14
1,59,2000.0,1.9064804612595038e-14,1.2018079597858824e-10,1.7618524207597342e-14
1,60,2000.0,2.3018799452230084e-14,1.4249159599147785e-10,2.0889291112719118e-14
1,61,2000.0,1.81573710139593e-14,1.1826729430543884e-10,1.733800455156455e-14
1,62,2000.0,2.2730490756873537e-14,1.342166945651055e-10,1.967618921978443e-14
1,63,2000.0,2.0368110213205038e-14,1.2227865471312104e-10,1.792607063876818e-14
1,64,2000.0,1.9953823247690894e-14,1.2244156051298827e-10,1.7949952655484315e-14
1,65,2000.0,1.7985598012783287e-14,1.1805690459288695e-10,1.730716138553755e-14
1,66,2000.0,2.3028236758472108e-14,1.4461783862052212e-10,2.1200998627434832e-14
1,67,2000.0,2.2952701283582728e-14,1.390979312777743e-10,2.039177931456538e-14
1,68,2000.0,2.1518964670548888e-14,1.2718105524116033e-10,1.864476335231941e-14
1,69,2000.0,2.2920993718244863e-14,1.3783084207108104e-10,2.0206023831091232e-14
1,70,2000.0,1.8462673576026987e-14,1.189517865462323e-10,1.7438351225225133e-14
1,71,2000.0,2.0869346695813835e-14,1.2508351819548806e-10,1.8337264080787767e-14
1,72,2000.0,2.0723716391315347e-14,1.2328120126309007e-10,1.8073044125805325e-14
1,73,2000.0,1.9796769313685954e-14,1.2168071969230597e-10,1.7838413267613162e-14
1,74,2000.0,2.3083806176050452e-14,1.586092396174091e-10,2.3252140285755793e-14
1,75,2000.0,2.1241943846346477e-14,1.2480302793032132e-10,1.829614416236323e-14
1,76,2000.0,1.8689751518333687e-14,1.19387098852826e-10,1.7502168080065673e-14
1,77,2000.0,2.2856393129109573e-14,1.3553154130418696e-10,1.986894596526242e-14
1,78,2000.0,1.982247966456076e-14,1.218395142654206e-10,1.7861692577819712e-14
1,79,2000.0,1.8580655109161913e-14,1.1948655770343265e-10,1.7516748763716537e-14
1,80,2000.0,2.001688364284304e-14,1.2219677060291816e-10,1.7914066414914614e-14
1,81,2000.0,2.1253362488054003e-14,1.2612646321377957e-10,1.849015998984162e-14
1,82,2000.0,2.3250124109922963e-14,1.559776713946565e-10,2.2866351956938508e-14
1,83,2000.0,2.3149679294062754e-14,1.385759471228366e-10,2.0315256352682262e-14
1,84,2000.0,2.3217363047431268e-14,1.4588387576074075e-10,2.1386599877792945e-14
1,85,2000.0,1.9134972974906143e-14,1.195690395296502e-10,1.7528840612834924e-14
1,86,2000.0,2.3211869817100075e-14,1.449735248388976e-10,2.1253142284811455e-14
1,87,2000.0,2.319554152265403e-14,1.4250101340431584e-10,2.0890671706970538e-14
1,88,2000.0,2.2108741979043947e-14,1.276652782046907e-10,1.8715750517409863e-14
1,89,2000.0,2.3262243252246416e-14,1.6713512368717816e-10,2.450203627497155e-14
1,90,2000.0,2.301274390878686e-14,1.344102321370221e-10,1.970456185925754e-14
1,91,2000.0,2.2952619114653077e-14,1.3336511440500467e-10,1.9551347430018625e-14
1,92,2000.0,2.266463160597713e-14,1.3044349412526563e-10,1.9123037422543215e-14
1,93,2000.0,2.326351679274593e-14,1.7136061292225748e-10,2.5121493683045726e-14
1,94,2000.0,2.1356299062537498e-14,1.2515473515599078e-10,1.8347704498762967e-14
1,95,2000.0,1.8250062127039573e-14,1.1795646868185798e-10,1.7292437464670095e-14
1,96,2000.0,1.8292511776754704e-14,1.180906417626043e-10,1.7312107260096967e-14
1,97,2000.0,2.007551311668888e-14,1.218478140426852e-10,1.786290932651457e-14
1,98,2000.0,1.821407683471983e-14,1.179944309661795e-10,1.7298002741716636e-14
1,99,2000.0,1.8367376735307543e-14,1.1812976171580942e-10,1.7317842251589843e-14
1,100,2000.0,2.2462423442072437e-14,1.2963518336023128e-10,1.9004538933121024e-14
1,101,2000.0,2.0516645796568305e-14,1.2274144630162185e-10,1.7993915960798888e-14
1,102,2000.0,2.10860848771549e-14,1.246988180010956e-10,1.828086696981524e-14
1,103,2000.0,2.1722949041176217e-14,1.2670654679396047e-10,1.857520033690063e-14
1,104,2000.0,2.225881887246057e-14,1.2867164530683646e-10,1.886328409801657e-14
1,105,2000.0,2.0516165813424418e-14,1.2274319602369626e-10,1.799417247033915e-14
1,106,2000.0,1.9309927146441806e-14,1.199188540379141e-10,1.758012347655563e-14
1,107,2000.0,1.9366527784712176e-14,1.2041038643157766e-10,1.765218220529065e-14
1,108,2000.0,2.0389352427652823e-14,1.2233815947269165e-10,1.79347940461847e-14
1,109,2000.0,2.0790773775125245e-14,1.2402466914624414e-10,1.8182036638213505e-14
1,110,2000.0,1.98243797395251e-14,1.2108516285363768e-10,1.7751104538347078e-14
1,111,2000.0,2.1348953138897085e-14,1.255734706666073e-10,1.840909119262121e-14
1,112,2000.0,2.1696443863915014e-14,1.2696840540388808e-10,1.8613588851641362e-14
1,113,2000.0,2.2747603907879e-14,1.316930329018555e-10,1.9306220010114053e-14
1,114,2000.0,2.066305124845483e-14,1.2356265426677542e-10,1.811430518185304e-14
1,115,2000.0,2.0687186211160495e-14,1.2366644858234682e-10,1.812952144537181e-14
1,116,2000.0,2.074597236861446e-14,1.2385175130917636e-10,1.8156686855217835e-14
1,117,2000.0,2.1977480299124617e-14,1.278140929472695e-10,1.8737566782839158e-14
1,118,2000.0,2.087537634067152e-14,1.2413261637172502e-10,1.819786171899943e-14
1,119,2000.0,2.039900506021724e-14,1.2280637537569424e-10,1.800343457360226e-14
1,120,2000.0,2.0922269229475336e-14,1.2449252020753769e-10,1.8250623679777275e-14
1,121,2000.0,2.1963235765922364e-14,1.2774464980233022e-10,1.872738640651362e-14
1,122,2000.0,2.1013920587854128e-14,1.2468981916385328e-10,1.827954773881412e-14
1,123,2000.0,2.0821710302899327e-14,1.2419563010301533e-10,1.82070995422399e-14
1,124,2000.0,2.0956143156503503e-14,1.2463959423128583e-10,1.8272184755543297e-14
1,125,2000.0,2.2042713584638686e-14,1.2819671714454898e-10,1.8793659552297782e-14
1,126,2000.0,2.116244203594796e-14,1.2529971903104339e-10,1.836895915839079e-14
1,127,2000.0,2.2785537553743713e-14,1.3227762708701373e-10,1.9391921612595248e-14
1,128,2000.0,2.244584053524615e-14,1.2965410401594388e-10,1.9007312704321172e-14
1,129,2000.0,2.2020302789686117e-14,1.278550221231918e-10,1.8743567006676186e-14
1,130,2000.0,2.127940604698971e-14,1.2552887868784366e-10,1.8402554001292807e-14
1,131,2000.0,2.1762265264963676e-14,1.2711108188604693e-10,1.8634505247096247e-14
1,132,2000.0,2.1108037943469556e-14,1.2510661579923598e-10,1.834065019324822e-14
1,133,2000.0,2.0570021583743057e-14,1.2287392652084145e-10,1.801333758245102e-14
1,134,2000.0,2.1981739141886536e-14,1.2786264126551306e-10,1.8744683974177815e-14
1,135,2000.0,2.2935368647009807e-14,1.338100166672386e-10,1.9616570173913413e-14
1,136,2000.0,2.0926195818342116e-14,1.2443297756163393e-10,1.824189471821817e-14
1,137,2000.0,1.8611007453598312e-14,1.185247084147655e-10,1.7375741501795407e-14
1,138,2000.0,1.9826333930813232e-14,1.1927234453287645e-10,1.748534507812518e-14
1,139,2000.0,2.2229447316932734e-14,1.2851330664629628e-10,1.8840071624667477e-14
1,140,2000.0,1.8980866780274836e-14,1.1695122344412103e-10,1.7145068349567917e-14
1,141,2000.0,2.1156737249548065e-14,1.2149671663384822e-10,1.7811438389361506e-14
1,142,2000.0,2.0543996243615438e-14,1.229163424627315e-10,1.801955576642037e-14
1,143,2000.0,2.134249326009018e-14,1.2527352266002866e-10,1.8365118766145788e-14
1,144,2000.0,2.049332714519916e-14,1.227841054900961e-10,1.800016980475699e-14
1,145,2000.0,2.053300242847084e-14,1.2291756933212146e-10,1.8019735625672183e-14
1,146,2000.0,2.020412874237937e-14,1.2197238710783678e-10,1.7881171758096222e-14
1,147,2000.0,1.9273019472588414e-14,1.17609009390328e-10,1.7241499876105065e-14
1,148,2000.0,1.91712383894394e-14,1.1746802795735766e-10,1.722083197513649e-14
1,149,2000.0,1.9648936579837516e-14,1.2068917630729138e-10,1.7693052846345235e-14
1,150,2000.0,2.1522199560479673e-14,1.2589065548003363e-10,1.8455590537779732e-14
1,151,2000.0,2.0071695105058262e-14,1.2168901103896297e-10,1.783962878037958e-14
1,152,2000.0,2.117768901907882e-14,1.246077620701541e-10,1.8267518155551903e-14
1,153,2000.0,1.8662908609458082e-14,1.1863316833280557e-10,1.739164174339377e-14
1,154,2000.0,2.0104206463426825e-14,1.2226364038364482e-10,1.792386953562867e-14
1,155,2000.0,2.0611100889717647e-14,1.2318006300084303e-10,1.8058217240135245e-14
1,156,2000.0,1.9359524787561357e-14,1.2006214376988745e-10,1.760112977453291e-14
1,157,2000.0,2.136661793431369e-14,1.2610490105263664e-10,1.8486998973516415e-14
1,158,2000.0,2.0473536101398572e-14,1.2092052354066927e-10,1.772696838832879e-14
1,159,2000.0,1.950504715652843e-14,1.2023968670472252e-10,1.7627157597612374e-14
1,160,2000.0,2.1704514866566942e-14,1.2607089040285272e-10,1.8482013006734825e-14
1,161,2000.0,2.1500385596769775e-14,1.2550033217572495e-10,1.8398369077980304e-14
1,162,2000.0,2.042396354393979e-14,1.225948469234555e-10,1.7972424468152237e-14
1,163,2000.0,2.1115012763116705e-14,1.2215468777302102e-10,1.790789706521752e-14
1,164,2000.0,2.0692105844324243e-14,1.2159686133917739e-10,1.7826119619426075e-14
1,165,2000.0,2.1161742938786114e-14,1.223579996652401e-10,1.793770262163431e-14
1,166,2000.0,2.1060369472465044e-14,1.2223301189496746e-10,1.7919379394214556e-14
1,167,2000.0,1.9403399022626372e-14,1.1906258566031555e-10,1.7454594393343302e-14
1,168,2000.0,2.0209588700960162e-14,1.2214543062507777e-10,1.7906539965825694e-14
1,169,2000.0,2.3115859889465284e-14,1.3752873991724876e-10,2.0161735606278597e-14
1,170,2000.0,2.2759452884568104e-14,1.316345529962957e-10,1.9297646846461955e-14
1,171,2000.0,2.2474642058874534e-14,1.2966858907153128e-10,1.900943621582263e-14
1,172,2000.0,1.9967383546648258e-14,1.212584916102721e-10,1.7776514562217952e-14
1,173,2000.0,2.1811522044355996e-14,1.2690066792866453e-10,1.8603658526773155e-14
1,174,2000.0,2.1801762645605978e-14,1.2660501410044983e-10,1.856031562754325e-14
1,175,2000.0,2.1177633026208567e-14,1.248721403701e-10,1.8306276057258514e-14
1,176,2000.0,1.997828839203947e-14,1.2143145268876926e-10,1.7801870684414186e-14
1,177,2000.0,2.3053028893656392e-14,1.357906183733209e-10,1.9906926705671085e-14
1,178,2000.0,2.0546866062294258e-14,1.2298347361479388e-10,1.8029397204214692e-14
1,179,2000.0,2.013992787799027e-14,1.2212314047680005e-10,1.7903272226468305e-14
1,180,2000.0,2.081499732339444e-14,1.2380222433781676e-10,1.814942619317343e-14
1,181,2000.0,2.063691348665283e-14,1.2337115321911999e-10,1.808623109716734e-14
1,182,2000.0,2.244482532062176e-14,1.2937349895021195e-10,1.8966175956115132e-14
1,183,2000.0,2.13539086717285e-14,1.2555857279530188e-10,1.840690716226845e-14
1,184,2000.0,1.9769412676969082e-14,1.2083229115696587e-10,1.7714033506549102e-14
1,185,2000.0,2.2051077921862948e-14,1.275583166809347e-10,1.8700069940656886e-14
1,186,2000.0,2.0335161936114376e-14,1.2239636382531655e-10,1.7943326813731785e-14
1,187,2000.0,1.8920166404166654e-14,1.1932657595053323e-10,1.7493295412760746e-14
1,188,2000.0,2.3263496512484202e-14,1.7118415825142248e-10,2.50956253996454e-14
1,189,2000.0,2.326288379805868e-14,1.686407496752526e-10,2.4722761289334104e-14
1,190,2000.0,2.3225513764483626e-14,1.907169191681532e-10,2.7959131322121938e-14
1,191,2000.0,2.324204163524529e-14,1.5193801279483215e-10,2.2274137350171262e-14
1,192,2000.0,2.1807922981782197e-14,1.266246749968823e-10,1.856319791815314e-14
1,193,2000.0,2.097378608594022e-14,1.2400286549695194e-10,1.8178840219686395e-14
1,194,2000.0,2.017498232649898e-14,1.2173797720054304e-10,1.784680722761923e-14
1,195,2000.0,2.305154146389601e-14,1.3521103584674005e-10,1.982195981315122e-14
1,196,2000.0,1.8623989876479858e-14,1.1855196142256261e-10,1.73797367971643e-14
1,197,2000.0,1.9503469746681402e-14,1.2051063903023213e-10,1.766687925253423e-14
1,198,2000.0,2.2208565175995664e-14,1.2805752710748521e-10,1.877325427026003e-14
1,199,2000.0,2.3118896118055297e-14,1.3720015052736636e-10,2.0113564348359535e-14
1,200,2000.0,2.3191991897951257e-14,1.4205266334458805e-10,2.082494351540323e-14
1,201,2000.0,2.2029633036358377e-14,1.2737112377613683e-10,1.867262743041374e-14
1,202,2000.0,1.8996170578600106e-14,1.193019483591304e-10,1.7489685003861613e-14
1,203,2000.0,2.3202401799829412e-14,1.4350244471994366e-10,2.1037481700472146e-14
1,204,2000.0,2.313516285043082e-14,1.3785722543739514e-10,2.020989163687749e-14
1,205,2000.0,2.319283250565678e-14,1.4215033531757634e-10,2.0839262242505062e-14
1,206,2000.0,2.300647462038701e-14,1.3428982934196862e-10,1.9686910789949515e-14
1,207,2000.0,2.3150662072269607e-14,1.386357980300754e-10,2.0324030505403147e-14
1,208,2000.0,2.3225873351285792e-14,1.4752916320163998e-10,2.162779928382037e-14
1,209,2000.0,2.1086358224969222e-14,1.2433450049899302e-10,1.8227457964842522e-14
1,210,2000.0,2.305154146389601e-14,1.3521103584674e-10,1.982195981315121e-14
1,211,2000.0,2.0274996467975066e-14,1.226668367765012e-10,1.7982978192299755e-14
1,212,2000.0,2.2446587576545932e-14,1.2988019341097142e-10,1.9040457446348702e-14
1,213,2000.0,2.065968715426946e-14,1.235138083352687e-10,1.8107144360361665e-14
1,214,2000.0,1.997945038094875e-14,1.2161024855030726e-10,1.7828082186751772e-14
1,215,2000.0,2.0473925180595234e-14,1.2321035891396896e-10,1.8062658625919507e-14
1,216,2000.0,2.0198848411067224e-14,1.2234400470279291e-10,1.7935650957866795e-14
1,217,2000.0,2.131203850341734e-14,1.2501793344459998e-10,1.8327649345656732e-14
1,218,2000.0,1.8729697391234402e-14,1.1925508420135687e-10,1.7482814710721364e-14
1,219,2000.0,1.9514217546999485e-14,1.2093198958956039e-10,1.7728649312958294e-14
1,220,2000.0,2.1325419115242096e-14,1.258683465563273e-10,1.8452320045941456e-14
1,221,2000.0,1.9629548472922536e-14,1.2459088945395323e-10,1.8265044627276775e-14
1,222,2000.0,1.945049315140312e-14,1.2401444845563068e-10,1.818053828330975e-14
1,223,2000.0,2.3182232166235192e-14,1.4109347855976902e-10,2.068432687017895e-14
1,224,2000.0,2.3253906383816215e-14,1.5830444960585506e-10,2.3207458020564648e-14
1,225,2000.0,2.3154673677276637e-14,1.3893412720302814e-10,2.036776561060612e-14
1,226,2000.0,2.2195599537261444e-14,1.2843912814388348e-10,1.882919704416731e-14
1,227,2000.0,2.066119249275829e-14,1.2345786950595762e-10,1.80989437189003e-14
1,228,2000.0,2.3155627918857418e-14,1.3916194705239127e-10,2.040116403752027e-14
1,229,2000.0,2.3137465817890897e-14,1.3802802155463967e-10,2.0234930375402508e-14
1,230,2000.0,2.3204732601455043e-14,1.438713375677255e-10,2.1091561451864472e-14
1,231,2000.0,2.303944010689923e-14,1.3509713216048418e-10,1.9805261514248362e-14
1,232,2000.0,2.3062056398460624e-14,1.3573610902254172e-10,1.9898935625994644e-14
1,233,2000.0,2.242373623835646e-14,1.2916529403541226e-10,1.893565308179341e-14
1,234,2000.0,2.324991735262303e-14,1.5647565043293402e-10,2.293935576482086e-14
1,235,2000.0,2.265802151974006e-14,1.3064628942388985e-10,1.9152767246255102e-14
1,236,2000.0,2.216611445244177e-14,1.2835346027888152e-10,1.881663812124572e-14
1,237,2000.0,2.0015874009707076e-14,1.2150046175814768e-10,1.781198742519201e-14
1,238,2000.0,2.3186152268707038e-14,1.4196793257476355e-10,2.0812521970786842e-14
1,239,2000.0,1.9934745224194996e-14,1.2105934886623184e-10,1.7747320203601238e-14
1,240,2000.0,2.2129521313088954e-14,1.2806394438473323e-10,1.8774195044146743e-14
1,241,2000.0,2.0153707441596474e-14,1.2190906920732948e-10,1.7871889343599144e-14
1,242,2000.0,2.2474531320751806e-14,1.2950530516375945e-10,1.898549876842628e-14
1,243,2000.0,2.154683951051603e-14,1.2617867196129623e-10,1.8497813800706165e-14
1,244,2000.0,2.3251821636253247e-14,1.570104584842634e-10,2.3017758711997573e-14
1,245,2000.0,2.3210332732072033e-14,1.4473031029114282e-10,2.1217486992613016e-14
1,246,2000.0,2.3254356790836188e-14,1.5872323085715419e-10,2.3268851420014386e-14
1,247,2000.0,2.3260985635687783e-14,1.6503645568915447e-10,2.4194371205641524e-14
1,248,2000.0,2.3203417940401718e-14,1.4365497101961964e-10,2.105984208077463e-14
1,249,2000.0,2.3246972433550776e-14,1.542191100362841e-10,2.2608546576214043e-14
1,250,2000.0,2.325080061461093e-14,1.5637964541816338e-10,2.2925281414064447e-14
1,251,2000.0,2.3248398691404928e-14,1.549939221783592e-10,2.2722134162070294e-14
1,252,2000.0,2.326271783642445e-14,1.7649607069228775e-10,2.5874352626120892e-14
1,253,2000.0,1.9420636922116495e-14,1.2010345513584106e-10,1.76071860274906e-14
1,254,2000.0,2.0027782290547972e-14,1.219796212293554e-10,1.7882232281485662e-14
1,255,2000.0,2.040254452001735e-14,1.2294224338104954e-10,1.8023352845252057e-14
1,256,2000.0,2.082999000819904e-14,1.2400303542978367e-10,1.8178865131867125e-14
1,257,2000.0,1.9342002298365094e-14,1.204086692976476e-10,1.7651930473177646e-14
1,258,2000.0,1.815832042909307e-14,1.1789385249934797e-10,1.728325792214538e-14
1,259,2000.0,1.7891921733441888e-14,1.1712353726200442e-10,1.717032958325306e-14
1,260,2000.0,1.8776970877505823e-14,1.1946730610012467e-10,1.7513926475545163e-14
1,261,2000.0,1.790672130171385e-14,1.173047824385778e-10,1.71969001555726e-14
1,262,2000.0,2.09957610786448e-14,1.2449978046881328e-10,1.825168803525933e-14
1,263,2000.0,1.890717715807257e-14,1.191274591814977e-10,1.7464104862083942e-14
1,264,2000.0,2.326185801461869e-14,1.6641530546938884e-10,2.439651080734651e-14
1,265,2000.0,2.3125138941157183e-14,1.3743885432088408e-10,2.0148558363254284e-14
1,266,2000.0,2.3263540110721828e-14,1.7160549557802898e-10,2.5157393520150312e-14
1,267,2000.0,2.32609934110983e-14,1.6504762459012824e-10,2.4196008568338092e-14
1,268,2000.0,2.3262749549944293e-14,1.7642542242230518e-10,2.58639955782683e-14
1,269,2000.0,2.3110717132599875e-14,1.3690222090180614e-10,2.0069887816869195e-14
1,270,2000.0,2.3232492343760363e-14,1.490990220088881e-10,2.185794083990508e-14
1,271,2000.0,1.7357000084714648e-14,1.1562959995882465e-10,1.6951318131994285e-14
1,272,2000.0,2.0104899556717915e-14,1.219582208782666e-10,1.7879094986540667e-14
1,273,2000.0,2.0732014929914947e-14,1.2376334621435259e-10,1.8143726653959847e-14
1,274,2000.0,1.907405833125706e-14,1.1981619617628238e-10,1.7565073817368977e-14
1,275,2000.0,1.7817532458154242e-14,1.1704475918054505e-10,1.7158780703717704e-14
1,276,2000.0,1.9441135707229422e-14,1.2053450318900766e-10,1.767037774208622e-14
1,277,2000.0,1.96767904952694e-14,1.210233525706691e-10,1.774204314082601e-14
1,278,2000.0,1.934213015681298e-14,1.203448407107103e-10,1.7642573191966993e-14
1,279,2000.0,1.962224969974026e-14,1.2452596849687308e-10,1.8255527204425784e-14
1,280,2000.0,1.849184423984431e-14,1.1841321182130557e-10,1.7359396083087346e-14
1,281,2000.0,1.8136994405452023e-14,1.1775970074463693e-10,1.7263591253118748e-14
1,282,2000.0,1.9412127830233433e-14,1.2031504113343256e-10,1.763820456909868e-14
1,283,2000.0,2.1111060883483808e-14,1.2490949766476489e-10,1.831175264272314e-14
1,284,2000.0,1.8753309830377152e-14,1.1881906339873664e-10,1.7418893990248275e-14
1,285,2000.0,2.1585066211049377e-14,1.2609402462480986e-10,1.8485404487430697e-14
1,286,2000.0,2.2540699231588008e-14,1.2990933138758763e-10,1.9044729078452593e-14
1,287,2000.0,1.8502286711761984e-14,1.1866604393160104e-10,1.739646131151612e-14
1,288,2000.0,1.934990220749611e-14,1.2063780829317107e-10,1.768552228713313e-14
1,289,2000.0,2.302456992850624e-14,1.3489770842522544e-10,1.9776025962273388e-14
1,290,2000.0,1.9404400379271008e-14,1.2059246234884508e-10,1.767887456433084e-14
1,291,2000.0,2.235761369104209e-14,1.4471908368103927e-10,2.1215841169748656e-14
1,292,2000.0,2.1620699591504107e-14,1.263470009597508e-10,1.852249085921592e-14
1,293,2000.0,2.288307920088981e-14,1.3273662423986182e-10,1.9459210669743057e-14
1,294,2000.0,2.1868254541972393e-14,1.2730375922838914e-10,1.866275177677405e-14
1,295,2000.0,2.0722196732711296e-14,1.2368653743718297e-10,1.813246647475318e-14
1,296,2000.0,2.2251039967384068e-14,1.2890312846569766e-10,1.889721956669805e-14
1,297,2000.0,1.7973821779384765e-14,1.1736556917532235e-10,1.7205811501051e-14
1,298,2000.0,2.0374291194051588e-14,1.2278025840154585e-10,1.799960582095076e-14
1,299,2000.0,2.298062382199901e-14,1.3382772626583433e-10,1.961916640394355e-14
1,300,2000.0,2.177012787285349e-14,1.2694218210000413e-10,1.860974451103336e-14
1,301,2000.0,2.0840793767007683e-14,1.2375771746639851e-10,1.8142901478595683e-14
1,302,2000.0,2.1811983290191723e-14,1.2702295163828396e-10,1.8621585338462007e-14
1,303,2000.0,2.204256997120479e-14,1.2835931374443951e-10,1.8817496240247117e-14
1,304,2000.0,2.1716531098129003e-14,1.2663168993679731e-10,1.85642263094839e-14
1,305,2000.0,2.2201150781953365e-14,1.2807061579047983e-10,1.877517307331262e-14
1,306,2000.0,2.120820334592926e-14,1.250731379027411e-10,1.8335742328185322e-14
1,307,2000.0,2.28582334660465e-14,1.3273386187284862e-10,1.945880570629032e-14
1,308,2000.0,2.182724065664293e-14,1.267394952010242e-10,1.858003057872693e-14
1,309,2000.0,2.1637626800579675e-14,1.2647139180187166e-10,1.8540726576871678e-14
1,310,2000.0,2.061247314902431e-14,1.2305735062707561e-10,1.8040227586212682e-14
1,311,2000.0,1.893876575275004e-14,1.192336332992787e-10,1.747967000499312e-14
1,312,2000.0,2.00796606945465e-14,1.2156626994604834e-10,1.7821634916225372e-14
1,313,2000.0,2.1234586278578286e-14,1.2467471416872772e-10,1.827733334407569e-14
1,314,2000.0,2.066718901970178e-14,1.2297891352050649e-10,1.802872869365161e-14
1,315,2000.0,2.1524296057791043e-14,1.254130939133705e-10,1.8385579934551813e-14
1,316,2000.0,1.9036653810169973e-14,1.1357401530057522e-10,1.6649969087271817e-14
1,317,2000.0,2.03735083286193e-14,1.2213168424912052e-10,1.790452474487798e-14
1,318,2000.0,2.001663408906968e-14,1.2140410806020806e-10,1.77978619574264e-14
1,319,2000.0,2.227924262161937e-14,1.2835082232627787e-10,1.8816251396965626e-14
1,320,2000.0,2.1387987024047043e-14,1.25312425774218e-10,1.8370821969003738e-14
1,321,2000.0,2.0129215341011778e-14,1.172464535311802e-10,1.7188349128275603e-14
1,322,2000.0,2.008811485864482e-14,1.2149416898271136e-10,1.7811064903291108e-14
1,323,2000.0,2.200216477364702e-14,1.2727310767895223e-10,1.8658258254648848e-14
1,324,2000.0,2.199665281958829e-14,1.2725353697025057e-10,1.865538918557494e-14
1,325,2000.0,2.0982411766429693e-14,1.1995602815048002e-10,1.7585573207494803e-14
1,326,2000.0,1.9873891341992844e-14,1.0914678633818356e-10,1.6000936602411507e-14
1,327,2000.0,2.0864368337831685e-14,1.239346248059379e-10,1.8168836123301576e-14
1,328,2000.0,2.1777011303473375e-14,1.208727105826805e-10,1.7719959000922904e-14
1,329,2000.0,2.2400173318917454e-14,1.1971143193739542e-10,1.754971536293463e-14
1,330,2000.0,1.9033166905244842e-14,1.1868830270545038e-10,1.739972445137722e-14
1,331,2000.0,2.191105222837939e-14,1.2154266774100372e-10,1.7818174829132877e-14
1,332,2000.0,2.0480996292980494e-14,1.2259515985905036e-10,1.797247034456126e-14
1,333,2000.0,2.3243704898345812e-14,1.523333978095431e-10,2.2332100857537676e-14
1,334,2000.0,2.1716985783110615e-14,1.2618624346147635e-10,1.849892378386217e-14
1,335,2000.0,2.3159363662749076e-14,1.3919432599499826e-10,2.0405910795764735e-14
1,336,2000.0,2.2037884499721575e-14,1.2776932846909693e-10,1.873100430306939e-14
1,337,2000.0,2.1818249205623684e-14,1.2656532553699567e-10,1.855449727769552e-14
1,338,2000.0,2.2035099849507022e-14,1.2739074097875784e-10,1.8675503315503778e-14
1,339,2000.0,2.275350985825138e-14,1.3089125469439e-10,1.9188679194692325e-14
1,340,2000.0,2.2250686802553684e-14,1.2829639995775933e-10,1.8808273068902717e-14
1,341,2000.0,2.296988771827005e-14,1.3356181564488843e-10,1.9580183863729496e-14
1,342,2000.0,2.0424707464290354e-14,1.2243717730928204e-10,1.794931007710916e-14
1,343,2000.0,2.138860064763453e-14,1.2519270391892383e-10,1.835327072557501e-14
1,344,2000.0,2.2379219634088766e-14,1.288919241324272e-10,1.889557700962104e-14
1,345,2000.0,2.141244580124071e-14,1.2522709436731904e-10,1.835831237089469e-14
1,346,2000.0,2.2392607476874404e-14,1.2880970860377242e-10,1.8883524199768602e-14
1,347,2000.0,2.2994930171109605e-14,1.3398482827637465e-10,1.9642197584201837e-14
1,348,2000.0,2.0488983626122822e-14,1.225779834920074e-10,1.7969952286363356e-14
1,349,2000.0,2.3132366643068468e-14,1.3797394199891358e-10,2.0227002303750645e-14
1,350,2000.0,1.9213544172138077e-14,1.1972951065481944e-10,1.7552365705844943e-14
1,351,2000.0,1.951300276600503e-14,1.2041813402190494e-10,1.7653318003290823e-14
1,352,2000.0,2.1437803260477686e-14,1.2540896120051613e-10,1.8384974078176217e-14
1,353,2000.0,1.911691605444261e-14,1.195417617209947e-10,1.752484168165616e-14
1,354,2000.0,2.2621299228694167e-14,1.301454226572126e-10,1.9079340096920392e-14
1,355,2000.0,2.3013777594680676e-14,1.344302911957919e-10,1.9707502520530752e-14
1,356,2000.0,1.8849960084537336e-14,1.191516852389392e-10,1.7467656406039134e-14
1,357,2000.0,1.923504160428783e-14,1.1975835587904892e-10,1.7556594420401395e-14
1,358,2000.0,2.0721887470058945e-14,1.2349224076013261e-10,1.810398255034418e-14
1,359,2000.0,1.9573226756843097e-14,1.2038527677392633e-10,1.7648501125401205e-14
1,360,2000.0,2.0651675584202038e-14,1.2332134429632786e-10,1.8078929100997137e-14
1,361,2000.0,2.2016431948488698e-14,1.275957122215846e-10,1.870555213298913e-14
1,362,2000.0,2.1876360639096284e-14,1.2704525266092787e-10,1.8624854672003248e-14
1,363,2000.0,2.2871106622899235e-14,1.3288518306270467e-10,1.9480989417297493e-14
1,364,2000.0,2.007665204283656e-14,1.2224950870371798e-10,1.7921797829056435e-14
1,365,2000.0,2.2522764730333152e-14,1.29570626233349e-10,1.8995074847836126e-14
1,366,2000.0,2.1235878965245827e-14,1.2501723962460487e-10,1.8327547631532776e-14
1,367,2000.0,2.1433248404370717e-14,1.2559872484236966e-10,1.8412793458889204e-14
1,368,2000.0,1.797045936645368e-14,1.1731346410566833e-10,1.7198172889377956e-14
1,369,2000.0,1.9458613021588274e-14,1.2079022401630213e-10,1.7707866456896173e-14
1,370,2000.0,1.9027667071986416e-14,1.1957080291255006e-10,1.7529099125054415e-14
1,371,2000.0,2.1857727336028297e-14,1.2667092121790636e-10,1.856997762166557e-14
1,372,2000.0,2.1723550425311453e-14,1.2627167848437835e-10,1.851144857209409e-14
1,373,2000.0,2.2648116466226257e-14,1.3016247238829507e-10,1.9081839590265926e-14
1,374,2000.0,2.287823841383888e-14,1.32527583040798e-10,1.94285651960124e-14
1,375,2000.0,1.980819792187619e-14,1.2080536752362613e-10,1.7710086497529147e-14
1,376,2000.0,2.0222063770561202e-14,1.2178607665748095e-10,1.7853858615817592e-14
1,377,2000.0,2.0536982990478386e-14,1.227526292401463e-10,1.7995555381402662e-14
1,378,2000.0,2.145063774891476e-14,1.2600635454585624e-10,1.8472552039618637e-14
1,379,2000.0,2.1312107633886737e-14,1.2491128867167064e-10,1.831201520462638e-14
1,380,2000.0,2.038741200470844e-14,1.2286350770427374e-10,1.80118101822502e-14
1,381,2000.0,1.8793362698799295e-14,1.160137869735927e-10,1.7007640010750534e-14
1,382,2000.0,2.105715688485192e-14,1.248166326229492e-10,1.8298138612511854e-14
1,383,2000.0,1.9578421388922137e-14,1.180052381812034e-10,1.729958708119421e-14
1,384,2000.0,2.0978506255346304e-14,1.1808206195261249e-10,1.731084945855882e-14
1,385,2000.0,1.7395864015587885e-14,1.1605812167181952e-10,1.7014139484710457e-14
1,386,2000.0,1.7987094531313433e-14,1.170857852030824e-10,1.716479512528423e-14
1,387,2000.0,2.2177637666315872e-14,1.281801106985081e-10,1.8791225044611332e-14
1,388,2000.0,1.8774020408697892e-14,1.191104482581144e-10,1.7461611057953413e-14
1,389,2000.0,1.7624014170397516e-14,1.1684861527028256e-10,1.713002597461982e-14
1,390,2000.0,1.8493741817359743e-14,1.1883677935665615e-10,1.7421491152556314e-14
1,391,2000.0,1.963249599703211e-14,1.211029866313685e-10,1.7753717507056966e-14
1,392,2000.0,2.157426415103707e-14,1.2562154563560575e-10,1.8416138990883667e-14
1,393,2000.0,2.069194998894686e-14,1.2321615830313448e-10,1.8063508817312982e-14
1,394,2000.0,1.862399491789689e-14,1.1830727945071682e-10,1.7343866380355817e-14
1,395,2000.0,2.0189410086068264e-14,1.218126019950273e-10,1.7857747234609553e-14
1,396,2000.0,2.123843679521781e-14,1.2485071941067736e-10,1.8303135741128433e-14
1,397,2000.0,1.877906415532039e-14,1.1887138504167144e-10,1.7426564351599453e-14
1,398,2000.0,1.9606316615902545e-14,1.2063239197692315e-10,1.7684728254291582e-14
1,399,2000.0,2.0319102353868796e-14,1.222549788873695e-10,1.7922599758868095e-14
1,400,2000.0,2.0029835163203636e-14,1.2132991451755742e-10,1.7786985172024925e-14
1,401,2000.0,2.0178027771325352e-14,1.219088758771427e-10,1.787186100136237e-14
1,402,2000.0,1.8860945494906525e-14,1.1927714515007153e-10,1.7486048849385587e-14
1,403,2000.0,2.0689109894870874e-14,1.2331405538766466e-10,1.807786054580341e-14
1,404,2000.0,2.2358627806708568e-14,1.2840787761525005e-10,1.8824615711594622e-14
1,405,2000.0,2.2108348668498566e-14,1.277830952178344e-10,1.8733022510669995e-14
1,406,2000.0,2.061348246906272e-14,1.2296840576160824e-10,1.8027188254490685e-14
1,407,2000.0,2.2208565175995664e-14,1.2805752710748521e-10,1.877325427026003e-14
1,408,2000.0,2.1462724969979715e-14,1.254872272588532e-10,1.8396447895038694e-14
1,409,2000.0,1.8489521235963073e-14,1.1853242843800615e-10,1.7376873258456208e-14
1,410,2000.0,1.9222581967683052e-14,1.1973492317318793e-10,1.7553159181916747e-14
1,411,2000.0,2.1319661967278683e-14,1.2527099625274183e-10,1.8364748394427253e-14
1,412,2000.0,2.1077671582347817e-14,1.2434403516620805e-10,1.822885574860466e-14
1,413,2000.0,2.195228603472874e-14,1.2738069344704882e-10,1.8674030345723534e-14
1,414,2000.0,2.1635251825169964e-14,1.2601221524500728e-10,1.8473411219065948e-14
1,415,2000.0,2.106660784918033e-14,1.2427597490196045e-10,1.82188781028131e-14
1,416,2000.0,2.2056418950454137e-14,1.2746921240775714e-10,1.8687007239738688e-14
1,417,2000.0,1.7421808927286953e-14,1.1547018593763245e-10,1.692794801059897e-14
1,418,2000.0,1.8414774469990938e-14,1.1810121421958877e-10,1.7313657184007835e-14
1,419,2000.0,1.802531388475426e-14,1.0152381007261753e-10,1.488340704392245e-14
1,420,2000.0,1.889066053662473e-14,1.0537142406601933e-10,1.544746788020046e-14
1,421,2000.0,1.7484723237276442e-14,9.759704949867535e-11,1.4307743306083957e-14
1,422,2000.0,2.000812925297917e-14,1.0774591072640999e-10,1.579556801022592e-14
1,423,2000.0,2.202328683804611e-14,1.2745404239817844e-10,1.868478331387087e-14
1,424,2000.0,2.0104075151344785e-14,1.215177480640097e-10,1.7814521600438643e-14
1,425,2000.0,2.1537077384115325e-14,1.1263464028206504e-10,1.6512256557005482e-14
1,426,2000.0,1.8219666193803807e-14,1.0832080881663788e-10,1.5879848163615703e-14
1,427,2000.0,2.2099145936897304e-14,1.1477053998498181e-10,1.6825379800319193e-14
1,428,2000.0,2.2319080855219495e-14,1.251897369896006e-10,1.8352835773254396e-14
1,429,2000.0,2.033527391478184e-14,1.0878074727158972e-10,1.594727521580479e-14
1,430,2000.0,2.1301823901153325e-14,1.2503747475306605e-10,1.833051410465133e-14
1,431,2000.0,2.0787458646804193e-14,1.2330928424067545e-10,1.8077161094879965e-14
1,432,2000.0,2.057513232846996e-14,1.086968129291224e-10,1.5934970427568296e-14
1,433,2000.0,2.1634282344124102e-14,1.260357841929196e-10,1.8476866430657448e-14
1,434,2000.0,1.9240560377342415e-14,1.0866883470786927e-10,1.5930868815788978e-14
1,435,2000.0,1.9500054938194845e-14,1.1638913226748019e-10,1.7062665691789812e-14
1,436,2000.0,2.0029932757820633e-14,1.1587991997989124e-10,1.698801508773415e-14
1,437,2000.0,2.207795220944735e-14,1.1790942580711314e-10,1.7285540971592828e-14
1,438,2000.0,2.2232664864637467e-14,1.281552352557987e-10,1.8787578300670407e-14
1,439,2000.0,1.9386240474695196e-14,1.0574788440388677e-10,1.5502657026868282e-14
1,440,2000.0,1.954765007555708e-14,1.192577513358708e-10,1.7483205713074245e-14
1,441,2000.0,2.0318359772306824e-14,1.2213935009689532e-10,1.7905648559406682e-14
1,442,2000.0,1.8970805009522845e-14,1.1925248851931525e-10,1.7482434183312527e-14
1,443,2000.0,2.250175566987897e-14,1.292650343947661e-10,1.8950275034672332e-14
1,444,2000.0,2.0013297187797478e-14,1.2130310774016744e-10,1.778305529410618e-14
1,445,2000.0,2.3002233498315354e-14,1.3420953686692014e-10,1.967513990006806e-14
1,446,2000.0,2.0864601467633486e-14,1.2368139436471445e-10,1.813171249949407e-14
1,447,2000.0,2.0886718255024743e-14,1.2372440098566216e-10,1.81380172771092e-14
1,448,2000.0,2.029503068483287e-14,1.2193973872351468e-10,1.7876385499652566e-14
1,449,2000.0,2.0987401536825654e-14,1.2387983524529044e-10,1.8160803964812937e-14
1,450,2000.0,2.284990105060742e-14,1.3203069091716616e-10,1.935572072999362e-14
1,451,2000.0,2.3256918648231018e-14,1.6022838015481277e-10,2.3489506551484565e-14
1,452,2000.0,2.2668553422496453e-14,1.303784392103505e-10,1.9113500361451865e-14
1,453,2000.0,2.2661891006603708e-14,1.3042361730811021e-10,1.9120123477920274e-14
1,454,2000.0,2.2938348914071958e-14,1.3314393282632822e-10,1.9518922174665183e-14
1,455,2000.0,2.179852513642394e-14,1.2653455753562296e-10,1.8549986683697615e-14
1,456,2000.0,2.2620209622502272e-14,1.303273152989262e-10,1.9106005587734633e-14
1,457,2000.0,2.198577874252736e-14,1.2444945051831543e-10,1.8244309656342857e-14
1,458,2000.0,2.2998341352657976e-14,1.349008600844032e-10,1.9776487996020673e-14
1,459,2000.0,1.9892079799447534e-14,1.1862052755517444e-10,1.7389788603340207e-14
1,460,2000.0,2.152291708454046e-14,1.2298786584301337e-10,1.8030041105584957e-14
1,461,2000.0,2.284890168708355e-14,1.318722609652978e-10,1.9332494873320993e-14
1,462,2000.0,2.2856054541337388e-14,1.315876110425894e-10,1.9290765148425325e-14
1,463,2000.0,2.2203295180079087e-14,1.240865917165774e-10,1.819111449708047e-14
1,464,2000.0,2.2937314759383223e-14,1.3375688401109187e-10,1.960878091789366e-14
1,465,2000.0,2.120021265224937e-14,1.247274563787569e-10,1.8285065360631204e-14
1,466,2000.0,2.317743194326201e-14,1.4564134816074904e-10,2.1351045292248132e-14
1,467,2000.0,1.8678574059819632e-14,1.1821194943655396e-10,1.732989098479812e-14
1,468,2000.0,2.2639865844125128e-14,1.3040876075631703e-10,1.9117945505014718e-14
1,469,2000.0,2.0685366389808484e-14,1.1995286041539165e-10,1.7585108817016415e-14
1,470,2000.0,1.9464823174849362e-14,1.1986225842481798e-10,1.757182655048472e-14
1,471,2000.0,2.1620605614002526e-14,1.2609156574413097e-10,1.8485044015123853e-14
1,472,2000.0,1.8642980122984504e-14,1.1863795662754396e-10,1.7392343708180027e-14
1,473,2000.0,1.8272982977852654e-14,1.1705675043873076e-10,1.716053862411509e-14
1,474,2000.0,1.8531773352760422e-14,1.183560686692985e-10,1.735101888772317e-14
1,475,2000.0,2.028339713311714e-14,1.2221583072727793e-10,1.7916860632241084e-14
1,476,2000.0,1.8375960894309408e-14,1.18072572407011e-10,1.730945828963256e-14
1,477,2000.0,2.0592882686486237e-14,1.2290951525897991e-10,1.8018554897241666e-14
1,478,2000.0,2.1748640628980712e-14,1.267314846337684e-10,1.857885622826633e-14
1,479,2000.0,2.1693705986095054e-14,1.264923521434605e-10,1.8543799366352523e-14
1,480,2000.0,1.9432905059585226e-14,1.201260207522921e-10,1.7610494150526935e-14
1,481,2000.0,2.1628308756789235e-14,1.2601617060047778e-10,1.8473991074820264e-14
1,482,2000.0,2.1422416542275247e-14,1.257685374062666e-10,1.843768800833374e-14
1,483,2000.0,2.3092914113777798e-14,1.3801832537632552e-10,2.0233508914087013e-14
1,484,2000.0,2.0427664431535805e-14,1.2265231272271964e-10,1.79808489636567e-14
1,485,2000.0,2.095016462575312e-14,1.247620780193604e-10,1.8290140898766168e-14
1,486,2000.0,2.0370553600325586e-14,1.2246180214145626e-10,1.7952920081504926e-14
1,487,2000.0,2.1691744046166685e-14,1.2673143431932157e-10,1.8578848852160253e-14
1,488,2000.0,2.1171236590804013e-14,1.2458824437583442e-10,1.8264656858395003e-14
1,489,2000.0,2.03372547589893e-14,1.225461973562963e-10,1.79652924337061e-14
1,490,2000.0,1.938400010527181e-14,1.2013936106700075e-10,1.7612449842829664e-14
1,491,2000.0,2.1321233628084745e-14,1.251488756052074e-10,1.8346845487666543e-14
1,492,2000.0,1.857266607114541e-14,1.1853632205135615e-10,1.7377444062805628e-14
1,493,2000.0,2.3215149690902642e-14,1.455578769617128e-10,2.1338808400913852e-14
1,494,2000.0,2.1567595532730833e-14,1.2582014404107618e-10,1.8445253549377643e-14
1,495,2000.0,2.3019890125578673e-14,1.3447644279421187e-10,1.9714268352354048e-14
1,496,2000.0,2.1121357373930436e-14,1.2450837911507715e-10,1.8252948598198018e-14
1,497,2000.0,1.9562713593769777e-14,1.2037283854165928e-10,1.7646677678530912e-14
1,498,2000.0,2.063126510089092e-14,1.228513670761295e-10,1.801003036419264e-14
1,499,2000.0,1.870170447716079e-14,1.1871339447932036e-10,1.7403402909501413e-14
1,500,2000.0,2.1062958853991027e-14,1.2430633933714361e-10,1.822332953394208e-14
1,501,2000.0,2.028982827499425e-14,1.2205949927104645e-10,1.7893942415369614e-14
1,502,2000.0,2.0422812859914075e-14,1.2243363444105658e-10,1.794879069205195e-14
1,503,2000.0,2.1278847394643027e-14,1.2492873148194003e-10,1.8314572323444555e-14
1,504,2000.0,2.0866619623276502e-14,1.236334821704549e-10,1.8124688564034772e-14
1,505,2000.0,2.1000436801374747e-14,1.2397070299943138e-10,1.8174125192326752e-14
1,506,2000.0,2.1099499486658593e-14,1.2437353493074385e-10,1.8233180418876312e-14
1,507,2000.0,2.1747660885218082e-14,1.2660813983214283e-10,1.8560773860317057e-14
1,508,2000.0,1.8014275282603636e-14,1.1715474896536587e-10,1.7174905224034574e-14
1,509,2000.0,1.8585011737005627e-14,1.184698698706619e-10,1.7367702162324145e-14
1,510,2000.0,1.814923970019243e-14,1.1748753195147158e-10,1.7223691263841004e-14
1,511,2000.0,2.0648126001123252e-14,1.2336344667313245e-10,1.808510131627404e-14
1,512,2000.0,1.89427457820145e-14,1.1935674223051e-10,1.7497717794304284e-14
1,513,2000.0,1.9947443939590836e-14,1.214888505405318e-10,1.7810285218803883e-14
1,514,2000.0,2.082862793489784e-14,1.2361700259467353e-10,1.812227265554897e-14
1,515,2000.0,2.0375195191341025e-14,1.2229849528408812e-10,1.7928979269694028e-14
1,516,2000.0,2.0858328537997505e-14,1.2366228560738656e-10,1.8128911152566574e-14
1,517,2000.0,2.0200958176507485e-14,1.2181940337651465e-10,1.7858744318240128e-14
1,518,2000.0,1.8868856331158056e-14,1.1905148392136803e-10,1.7452966876610694e-14
1,519,2000.0,1.8362051422220647e-14,1.1798336675865158e-10,1.7296380727096234e-14
1,520,2000.0,2.1388013055647102e-14,1.2523244702727847e-10,1.8359097071714002e-14
1,521,2000.0,2.0424446397561963e-14,1.2211860497174824e-10,1.790260732069115e-14
1,522,2000.0,1.993236468637048e-14,1.1790633525487905e-10,1.728508789613341e-14
1,523,2000.0,1.7918727322729682e-14,1.1690912446878982e-10,1.7138896632947568e-14
1,524,2000.0,1.996483885135444e-14,1.214979360810812e-10,1.7811617160523896e-14
1,525,2000.0,1.963127364555467e-14,1.1523646073053739e-10,1.6893683857282296e-14
1,526,2000.0,1.943030411751225e-14,1.200381892162451e-10,1.759761803307877e-14
1,527,2000.0,1.9352127076372303e-14,1.1989944601996964e-10,1.7577278257973148e-14
1,528,2000.0,1.9252911585044547e-14,1.1971339933279694e-10,1.7550003783419997e-14
1,529,2000.0,2.2630635768844102e-14,1.3020499764565736e-10,1.9088073799901263e-14
1,530,2000.0,2.1077881763626185e-14,1.2443115194544477e-10,1.8241627082588363e-14
1,531,2000.0,2.1826594069255337e-14,1.2662362599088417e-10,1.856304413370346e-14
1,532,2000.0,2.2462130554064542e-14,1.2910410627962738e-10,1.892668294685857e-14
1,533,2000.0,1.8375239250746998e-14,1.1801299712480652e-10,1.7300724543586466e-14
1,534,2000.0,1.9396031381875964e-14,1.2005807557361026e-10,1.7600533376298006e-14
1,535,2000.0,2.0331535263528043e-14,1.2256991344276245e-10,1.7968769215833485e-14
1,536,2000.0,1.9537883798790576e-14,1.2046792579643895e-10,1.76606174855236e-14
1,537,2000.0,2.0058994400645247e-14,1.2141228870684196e-10,1.7799061241551452e-14
1,538,2000.0,1.8750406155670843e-14,1.1909481403288953e-10,1.7459319077996475e-14
1,539,2000.0,1.9063333535067687e-14,1.0487346156477374e-10,1.537446649664968e-14
1,540,2000.0,2.0135221038363882e-14,1.101350899815117e-10,1.6145822077022073e-14
1,541,2000.0,2.1681861675069728e-14,1.2619269695628496e-10,1.8499869867249147e-14
1,542,2000.0,2.1115855432098155e-14,1.1271958957222228e-10,1.652471013673814e-14
1,543,2000.0,2.0576820032130637e-14,1.186730959329668e-10,1.7397495136061574e-14
1,544,2000.0,2.0681137369095153e-14,1.1052608655605557e-10,1.6203142238347316e-14
1,545,2000.0,2.0310555839491486e-14,1.094708066347881e-10,1.604843803051402e-14
1,546,2000.0,1.957354161676816e-14,1.0879881386354272e-10,1.5949923781119077e-14
1,547,2000.0,2.106104633893467e-14,1.1319207531004808e-10,1.6593976622634198e-14
1,548,2000.0,2.01158443881298e-14,1.217745101695819e-10,1.785216296681321e-14
1,549,2000.0,2.2851128071025045e-14,1.3269398115166824e-10,1.945295918608872e-14
1,550,2000.0,2.076338839292889e-14,1.2361161079171794e-10,1.812148221636006e-14
1,551,2000.0,1.9509767736956036e-14,1.2045773273678962e-10,1.7659123181323675e-14
1,552,2000.0,2.09337074906953e-14,1.2388583683296227e-10,1.8161683798540274e-14
1,553,2000.0,2.005224391069678e-14,1.2158815854392386e-10,1.7824843788228588e-14
1,554,2000.0,2.210280956556111e-14,1.279037739793507e-10,1.8750714036706288e-14
1,555,2000.0,1.833968712199171e-14,1.1807468143691987e-10,1.73097674737597e-14
1,556,2000.0,2.1336484573711238e-14,1.248458169977345e-10,1.8302417046594866e-14
1,557,2000.0,2.115254066632502e-14,1.244351651085006e-10,1.8242215412944076e-14
1,558,2000.0,2.164747300111701e-14,1.2636411040262822e-10,1.8524999106320292e-14
1,559,2000.0,2.002616576779849e-14,1.2004555775964747e-10,1.759869826273819e-14
1,560,2000.0,2.1314341316773023e-14,1.253128062482026e-10,1.837087774655167e-14
1,561,2000.0,2.0543957092956713e-14,1.2277228245156564e-10,1.799843654538838e-14
1,562,2000.0,1.9059136196816152e-14,1.199817441502026e-10,1.7589343177230362e-14
1,563,2000.0,2.0936309498180138e-14,1.2414244125405625e-10,1.819930204834473e-14
1,564,2000.0,1.8960780224083993e-14,1.1938060440678216e-10,1.750121599322096e-14
1,565,2000.0,1.893936883934253e-14,1.1929174256660594e-10,1.7488188833020128e-14
1,566,2000.0,2.188835524006304e-14,1.2749504623611855e-10,1.8690794483171835e-14
1,567,2000.0,1.8940231512174906e-14,1.1856470638663041e-10,1.7381605210966402e-14
1,568,2000.0,1.910208974619702e-14,1.1233521698156818e-10,1.6468361052526855e-14
1,569,2000.0,2.2510741273642478e-14,1.254026967609371e-10,1.8384055710316598e-14
1,570,2000.0,1.9009212223448527e-14,1.1481179639749943e-10,1.6831427997094238e-14
1,571,2000.0,1.9170163421529993e-14,1.171065036525189e-10,1.7167832453336255e-14
1,572,2000.0,2.2358219886344112e-14,1.2754126418861924e-10,1.8697570042514148e-14
1,573,2000.0,1.8012353727287134e-14,1.1568333524911738e-10,1.695919573427771e-14
1,574,2000.0,1.8854949679587162e-14,1.1504103085602671e-10,1.686503380594159e-14
1,575,2000.0,1.7395174597418252e-14,9.920113086731381e-11,1.454290189522617e-14
1,576,2000.0,2.212688331969641e-14,1.2466127883250532e-10,1.8275363721603616e-14
1,577,2000.0,2.0105278279131862e-14,1.1117747281084909e-10,1.6298635569083954e-14
1,578,2000.0,2.072525441091531e-14,1.2274354408472313e-10,1.7994223496142212e-14
1,579,2000.0,2.029559257982449e-14,1.0874434204954534e-10,1.594193820434094e-14
1,580,2000.0,2.0216595343505634e-14,1.2128406247462587e-10,1.7780263255084874e-14
1,581,2000.0,2.044585716044778e-14,1.2249648805069323e-10,1.7958005041431993e-14
1,582,2000.0,1.8883537349717316e-14,1.18125758527084e-10,1.7317255383472582e-14
1,583,2000.0,2.0020979574683914e-14,1.218430333567134e-10,1.786220847717473e-14
1,584,2000.0,2.1881388655680668e-14,1.2686068427081386e-10,1.8597796916038975e-14
1,585,2000.0,2.239983254292943e-14,1.2980742335549946e-10,1.902978934439879e-14
1,586,2000.0,2.2062845858174637e-14,1.2750250894263031e-10,1.869188851715839e-14
1,587,2000.0,2.1421205565978798e-14,1.212968905808951e-10,1.77821438575472e-14
1,588,2000.0,2.0540580571591096e-14,1.2400330769183816e-10,1.8178905045528526e-14
1,589,2000.0,1.996896277331349e-14,1.2242185322587038e-10,1.7947063563992406e-14
1,590,2000.0,2.134675813263041e-14,1.2671962652900414e-10,1.8577117828182153e-14
1,591,2000.0,2.0189788631397706e-14,1.226736423694529e-10,1.798397589333169e-14
1,592,2000.0,2.0557916566859807e-14,1.2281155685111757e-10,1.8004194178740784e-14
1,593,2000.0,1.925990718098068e-14,1.205419124411599e-10,1.7671463939654984e-14
1,594,2000.0,2.300511045757265e-14,1.4204372089963908e-10,2.082363255152148e-14
1,595,2000.0,1.9322959367651254e-14,1.2091501023943367e-10,1.7726160137472304e-14
1,596,2000.0,2.0059686488175185e-14,1.2266234334648343e-10,1.7982319454729423e-14
1,597,2000.0,1.8618137234385672e-14,1.1926930591230114e-10,1.7484899615855372e-14
1,598,2000.0,1.8538687768525616e-14,1.1599029682792639e-10,1.70041963515811e-14
1,599,2000.0,1.8890684513333663e-14,1.198136250042937e-10,1.7564696883137883e-14
1,600,2000.0,1.7601015767825098e-14,1.1687546627410325e-10,1.7133962336140487e-14
1,601,2000.0,1.987558070985044e-14,1.2185813527194e-10,1.786442242039947e-14
1,602,2000.0,1.917728879394875e-14,1.2051183920428392e-10,1.766705519824513e-14
1,603,2000.0,1.906015907302325e-14,1.201421765380891e-10,1.7612862591348445e-14
1,604,2000.0,1.8150815992741402e-14,1.1704576362408964e-10,1.7158927955304463e-14
1,605,2000.0,2.112205325487189e-14,1.2573754901498388e-10,1.8433145105139235e-14
1,606,2000.0,1.943419251790584e-14,1.2101444319842196e-10,1.7740737025407713e-14
1,607,2000.0,2.0879328335069265e-14,1.2486221846370881e-10,1.8304821504170267e-14
1,608,2000.0,1.8454722245245504e-14,1.1807794610305077e-10,1.7310246074344663e-14
1,609,2000.0,1.791522857480123e-14,1.176794800835245e-10,1.7251830891171978e-14
1,610,2000.0,1.928624219108894e-14,1.2054840790115166e-10,1.7672416175144627e-14
1,611,2000.0,1.9475686294739856e-14,1.2084524342696422e-10,1.7715932311434283e-14
1,612,2000.0,1.996639280242715e-14,1.2106902473351924e-10,1.7748738687316915e-14
1,613,2000.0,1.983680072570863e-14,1.2137451959225506e-10,1.7793524283219378e-14
1,614,2000.0,1.8788415192243537e-14,1.1812310326081567e-10,1.731686612100644e-14
1,615,2000.0,1.9497146424956935e-14,1.2096399503316436e-10,1.773334131618826e-14
1,616,2000.0,2.129297037331176e-14,1.2495931711897001e-10,1.8319056182800198e-14
1,617,2000.0,2.0987695848143196e-14,1.2509125581839276e-10,1.8338398417562172e-14
1,618,2000.0,2.0593732116331488e-14,1.2388634643423257e-10,1.816175850616926e-14
1,619,2000.0,2.140029324728286e-14,1.2529159401783677e-10,1.8367768030135212e-14
1,620,2000.0,2.1622320958575455e-14,1.2599654789633985e-10,1.8471114383206954e-14
1,621,2000.0,2.0095502761488063e-14,1.224205043579715e-10,1.7946865819739374e-14
1,622,2000.0,2.038203501520591e-14,1.2342836624716077e-10,1.8094618536369407e-14
1,623,2000.0,1.9964039451366882e-14,1.2114296834745454e-10,1.7759578833128133e-14
1,624,2000.0,2.003712322668465e-14,1.2135057074595986e-10,1.7790013378463255e-14
1,625,2000.0,1.8360109756796053e-14,1.1864308196900745e-10,1.7393095084070923e-14
1,626,2000.0,1.8979441027039632e-14,1.2007473492097088e-10,1.760297563932652e-14
1,627,2000.0,1.852559289507976e-14,1.188973077575279e-10,1.7430364625953813e-14
1,628,2000.0,1.8832517896044536e-14,1.196663920950774e-10,1.7543112514736425e-14
1,629,2000.0,1.8204761607582773e-14,1.183985270651026e-10,1.7357243295443213e-14
1,630,2000.0,2.1549196082297718e-14,1.2576135827879363e-10,1.8436635547080325e-14
1,631,2000.0,2.003568429894383e-14,1.213874484467488e-10,1.779541965538778e-14
1,632,2000.0,1.9640226371263743e-14,1.1883005681301868e-10,1.7420505626567334e-14
1,633,2000.0,1.875275198104513e-14,1.1779306293581443e-10,1.7268482155763325e-14
1,634,2000.0,1.8072734710533422e-14,1.1738143828331492e-10,1.7208137914859824e-14
1,635,2000.0,1.7734276327151728e-14,1.1639813142328469e-10,1.7063984969492197e-14
1,636,2000.0,1.8091693318559016e-14,1.173571519242677e-10,1.7204577530679442e-14
1,637,2000.0,1.9220942379402854e-14,1.2034706287869447e-10,1.7642898962154347e-14
1,638,2000.0,1.718310975041682e-14,1.1544359231534565e-10,1.692404938125297e-14
1,639,2000.0,1.8044464740465888e-14,1.1182058804676203e-10,1.63929163671095e-14
1,640,2000.0,1.782098290755926e-14,1.1197626262066074e-10,1.641573828492431e-14
1,641,2000.0,1.7546816587381164e-14,1.1664919242101007e-10,1.7100790552530576e-14
1,642,2000.0,2.0922361317641468e-14,1.2480184791759454e-10,1.829597117230585e-14
1,643,2000.0,1.8824956408978164e-14,1.1957681080787127e-10,1.7529979883484174e-14
1,644,2000.0,2.107007538517705e-14,1.252470014589106e-10,1.8361230753754887e-14
1,645,2000.0,1.832798606982091e-14,1.1852465499432792e-10,1.7375733670350583e-14
1,646,2000.0,2.03640713440536e-14,1.2310493355127402e-10,1.8047203250627548e-14
1,647,2000.0,1.876582227106769e-14,1.188735031978284e-10,1.742687487363605e-14
1,648,2000.0,1.8189410178976448e-14,1.175838119874004e-10,1.7237805932743866e-14
1,649,2000.0,1.8760399257003232e-14,1.1927807476873662e-10,1.748618513163286e-14
1,650,2000.0,1.8000206049306962e-14,1.1723415009506456e-10,1.7186545442542995e-14
1,651,2000.0,1.9302780364611316e-14,1.2034104529647546e-10,1.76420167836238e-14
1,652,2000.0,1.9294624082646458e-14,1.2038715129286268e-10,1.7648775930181694e-14
1,653,2000.0,1.979014980053996e-14,1.2106002345500785e-10,1.7747419098425353e-14
1,654,2000.0,1.9747964167663795e-14,1.2128371956670056e-10,1.7780212984727335e-14
1,655,2000.0,1.8127200501092165e-14,1.1341010422353016e-10,1.662593969675816e-14
1,656,2000.0,1.7092427351023064e-14,1.1450026963094872e-10,1.6785758122526542e-14
1,657,2000.0,1.8611007453598312e-14,1.185247084147655e-10,1.7375741501795407e-14
1,658,2000.0,1.7710034177726362e-14,1.038442672615813e-10,1.522358644466244e-14
1,659,2000.0,1.7584926376714122e-14,1.0825993319771945e-10,1.5870923787996175e-14
1,660,2000.0,1.9383723941537582e-14,1.2003535234474325e-10,1.7597202147255893e-14
1,661,2000.0,1.8192197562754738e-14,1.1500904267309039e-10,1.68603443331283e-14
1,662,2000.0,1.9354759314633116e-14,1.0999880235177385e-10,1.6125842288369647e-14
1,663,2000.0,1.806299235450545e-14,1.1420673772637105e-10,1.6742726297646422e-14
1,664,2000.0,1.786508920100423e-14,1.107438401726812e-10,1.623506495390741e-14
1,665,2000.0,1.9815458610377056e-14,1.2155686480635594e-10,1.782025612121909e-14
1,666,2000.0,2.0017676059216104e-14,1.221488728072691e-10,1.790704459029395e-14
1,667,2000.0,1.8433414286854217e-14,1.1887814337200427e-10,1.7427555123923787e-14
1,668,2000.0,2.0647767683620042e-14,1.2399785940797845e-10,1.81781063262299e-14
1,669,2000.0,1.8856072286559954e-14,1.1902603126406507e-10,1.744923551291662e-14
1,670,2000.0,1.9552140616994944e-14,1.2102297165234819e-10,1.77419872981383e-14
1,671,2000.0,1.9743919266595007e-14,1.203568246214071e-10,1.764433003522131e-14
1,672,2000.0,2.0582613751461453e-14,1.2380066599883015e-10,1.814919774042492e-14
1,673,2000.0,1.9427379927560295e-14,1.208022050159687e-10,1.7709622873392983e-14
1,674,2000.0,1.8871329679985005e-14,1.1974293834903012e-10,1.7554334207996863e-14
1,675,2000.0,1.7531937663689e-14,1.1628717504509477e-10,1.7047718746430448e-14
1,676,2000.0,2.1326187352741345e-14,1.2604978903307497e-10,1.8478919542498584e-14
1,677,2000.0,2.2093128564960372e-14,1.2760648003015303e-10,1.8707130695473932e-14
1,678,2000.0,1.9296359417738487e-14,1.2050849314240427e-10,1.766656466503018e-14
1,679,2000.0,1.9400282304793877e-14,1.207451173354696e-10,1.7701253810160883e-14
1,680,2000.0,1.7904379126522818e-14,1.0296709162271063e-10,1.5094992353552317e-14
1,681,2000.0,1.972594602925078e-14,1.2132466553184425e-10,1.7786215669866948e-14
1,682,2000.0,2.1092931459214636e-14,1.243540195599845e-10,1.823031946235373e-14
1,683,2000.0,1.9712298628068285e-14,1.206335684318309e-10,1.7684900722772115e-14
1,684,2000.0,1.8834885786132082e-14,1.1955507485475598e-10,1.7526793389227592e-14
1,685,2000.0,1.9655768247439835e-14,1.211032544422388e-10,1.7753756768174043e-14
1,686,2000.0,1.8138840842442073e-14,1.18150280431784e-10,1.7320850298683916e-14
1,687,2000.0,1.8211687739421072e-14,1.1822925443536884e-10,1.7332427900434683e-14
1,688,2000.0,1.7102280896151988e-14,1.1512950612800429e-10,1.687800429518172e-14
1,689,2000.0,1.8261409133293696e-14,1.1833357237729415e-10,1.7347720927661976e-14
1,690,2000.0,1.7639229367956578e-14,1.1678862243732794e-10,1.7121231015565948e-14
1,691,2000.0,1.8135827480019323e-14,1.1806239922817914e-10,1.73079668999637e-14
1,692,2000.0,2.0452892646128516e-14,1.2251623455079955e-10,1.7960899881554374e-14
1,693,2000.0,1.846368505485816e-14,1.1878306344266379e-10,1.741361639084167e-14
1,694,2000.0,1.8202762271555618e-14,1.17615531712906e-10,1.724245604965421e-14
1,695,2000.0,1.8404769385677525e-14,1.1876762350818634e-10,1.741135289393986e-14
1,696,2000.0,2.0615654001917858e-14,1.2383437535374105e-10,1.8154139537329194e-14
1,697,2000.0,1.9786810143395996e-14,1.2143944102812978e-10,1.7803041776261732e-14
1,698,2000.0,1.980588363058818e-14,1.214811779429782e-10,1.7809160414756506e-14
1,699,2000.0,1.755902464436648e-14,1.165826420373538e-10,1.7091034255478908e-14
1,700,2000.0,2.099859624359675e-14,1.25073546966738e-10,1.8335802297033702e-14
1,701,2000.0,2.1267684367470905e-14,1.2589409067298475e-10,1.8456094137624232e-14
1,702,2000.0,1.933285214931059e-14,1.2059011056936705e-10,1.7678529793077436e-14
1,703,2000.0,2.2585404344029437e-14,1.320760033082181e-10,1.9362363533880484e-14
1,704,2000.0,1.8024854278965657e-14,1.165985467233781e-10,1.7093365885032964e-14
1,705,2000.0,1.8400894503757744e-14,1.186675468460838e-10,1.7396681639023363e-14
1,706,2000.0,2.133364617847036e-14,1.2638060725480337e-10,1.8527417547528228e-14
1,707,2000.0,1.951698275771355e-14,1.210350986373502e-10,1.7743765116108997e-14
1,708,2000.0,2.0029835163203636e-14,1.2132991451755737e-10,1.7786985172024915e-14
1,709,2000.0,2.1555334503415745e-14,1.2578096224998016e-10,1.8439509492439918e-14
1,710,2000.0,2.310794384383059e-14,1.3680296400668353e-10,2.0055336739925085e-14
1,711,2000.0,2.0118724278369118e-14,1.226688942994035e-10,1.798327982549137e-14
1,712,2000.0,2.1909497489824272e-14,1.2809912566984205e-10,1.877935262625707e-14
1,713,2000.0,2.2385919925521934e-14,1.302967384575607e-10,1.9101523017824826e-14
1,714,2000.0,2.293130698995984e-14,1.390420658599531e-10,2.0383589435240355e-14
1,715,2000.0,2.3014002615007315e-14,1.4937049205775651e-10,2.1897738393155417e-14
1,716,2000.0,2.297422001399828e-14,1.4257834118398418e-10,2.0902007972027803e-14
1,717,2000.0,2.2260162912730047e-14,1.2958768034602267e-10,1.8997574983523642e-14
1,718,2000.0,2.2979629309779573e-14,1.4333455065552142e-10,2.1012868403362164e-14
1,719,2000.0,2.3020996222572507e-14,1.5128378178094194e-10,2.2178226977289067e-14
1,720,2000.0,2.297661676012963e-14,1.429544362209745e-10,2.0957143565527715e-14
1,721,2000.0,2.2059977918559364e-14,1.273024384248514e-10,1.8662558146760926e-14
1,722,2000.0,2.061896733712783e-14,1.2302851258369047e-10,1.8035999924369174e-14
1,723,2000.0,2.1174549447935904e-14,1.246224522417494e-10,1.8269671737093432e-14
1,724,2000.0,1.9962279051461522e-14,1.2119186109165746e-10,1.776674651736837e-14
1,725,2000.0,1.9419186155052658e-14,1.2068671812539787e-10,1.7692692476480443e-14
1,726,2000.0,1.767154680035427e-14,1.1607194620047312e-10,1.7016166162856155e-14
1,727,2000.0,1.9090259897494128e-14,1.1951738270528745e-10,1.7521267713994373e-14
1,728,2000.0,1.848043039897674e-14,1.1824548858646895e-10,1.7334807829622357e-14
1,729,2000.0,2.0926107056656968e-14,1.2388705519218328e-10,1.8161862410199934e-14
1,730,2000.0,1.8666134413258972e-14,1.1869317554986512e-10,1.740043881115976e-14
1,731,2000.0,2.1777337593234738e-14,1.261837598300175e-10,1.8498559683086968e-14
1,732,2000.0,1.70539977226709e-14,1.1419169635731343e-10,1.6740521230499888e-14
1,733,2000.0,1.9342478778001653e-14,1.1983304090790756e-10,1.7567543257760782e-14
1,734,2000.0,1.875958910407161e-14,1.193901704170741e-10,1.750261837188326e-14
1,735,2000.0,2.0462834828506836e-14,1.2339568120778848e-10,1.8089826904289442e-14
1,736,2000.0,2.1216306316116563e-14,1.2472490576178893e-10,1.8284691439769485e-14
1,737,2000.0,1.8348849802415673e-14,1.1795355500842283e-10,1.7292010319671328e-14
1,738,2000.0,1.8151062453612137e-14,1.1815116649214883e-10,1.7320980195277294e-14
1,739,2000.0,1.8138244102945363e-14,1.1811988297502017e-10,1.731639402658585e-14
1,740,2000.0,1.9918655414194587e-14,1.2082791388269024e-10,1.771339179742943e-14
1,741,2000.0,2.0157687487291453e-14,1.192602941597912e-10,1.7483578491473923e-14
1,742,2000.0,1.748869402097194e-14,1.1517101951643944e-10,1.6884090164668007e-14
1,743,2000.0,1.7588865267084624e-14,1.1634586969230155e-10,1.7056323391242866e-14
1,744,2000.0,1.893009956799832e-14,1.197892557941541e-10,1.7561124352973906e-14
1,745,2000.0,1.824542782353703e-14,1.1840905196637325e-10,1.7358786247678714e-14
1,746,2000.0,1.7959775801592467e-14,1.170157046500781e-10,1.7154521304832847e-14
1,747,2000.0,2.249612413043864e-14,1.308574430158864e-10,1.9183722397132745e-14
1,748,2000.0,2.0207304140905353e-14,1.22526753158511e-10,1.7962441911153072e-14
1,749,2000.0,1.8996140011782005e-14,1.199825083098515e-10,1.758945520315899e-14
1,750,2000.0,1.8976721666404085e-14,1.1968704829756412e-10,1.7546140717375506e-14
1,751,2000.0,1.7316015382527223e-14,1.1593850777011597e-10,1.6996604067295644e-14
1,752,2000.0,1.9440074396256107e-14,1.2022012427640462e-10,1.7624289742444067e-14
1,753,2000.0,1.703378515056083e-14,1.1484456609599163e-10,1.6836232040214934e-14
1,754,2000.0,1.873593818659672e-14,1.1942607531060718e-10,1.7507882035106098e-14
1,755,2000.0,1.987582896778398e-14,1.2154960941528449e-10,1.7819192479709753e-14
1,756,2000.0,2.0145733981772283e-14,1.2147701064894198e-10,1.7808549488774037e-14
1,757,2000.0,2.100673504413334e-14,1.245767316877414e-10,1.8262969096450925e-14
1,758,2000.0,1.9122069647325575e-14,1.19946570360428e-10,1.758418669393725e-14
1,759,2000.0,1.8744358310009173e-14,1.1887497201496088e-10,1.7427090202466205e-14
1,760,2000.0,2.3059990514670746e-14,1.3610919202007123e-10,1.995362965402045e-14
1,761,2000.0,2.0548044881097826e-14,1.2341416701699812e-10,1.8092536926921635e-14
1,762,2000.0,1.9039839550589417e-14,1.199843676779635e-10,1.7589727786826164e-14
1,763,2000.0,2.0183340294820267e-14,1.227351851627921e-10,1.799299807682965e-14
1,764,2000.0,1.9854267489953917e-14,1.191212488399108e-10,1.7463194424998754e-14
1,765,2000.0,2.022259027002266e-14,1.227128940384625e-10,1.7989730194382893e-14
1,766,2000.0,1.854670442415114e-14,1.1894828442349885e-10,1.743783781346367e-14
1,767,2000.0,1.9813864264885865e-14,1.2150124492993176e-10,1.781210223830274e-14
1,768,2000.0,1.9488135242665393e-14,1.2080649170180435e-10,1.7710251302232637e-14
1,769,2000.0,1.865108454698697e-14,1.1918595397420872e-10,1.7472680208194826e-14
1,770,2000.0,1.989776881518376e-14,1.2174452613624213e-10,1.784776730265625e-14
1,771,2000.0,2.0362875455731856e-14,1.2312844866293113e-10,1.8050650569815287e-14
1,772,2000.0,1.8410256009860003e-14,1.186557814550837e-10,1.739495683079207e-14
1,773,2000.0,1.9450699935020967e-14,1.207238941375759e-10,1.7698142485903055e-14
1,774,2000.0,1.7357266311237372e-14,1.1541205968679617e-10,1.6919426692786777e-14
1,775,2000.0,2.100639170697442e-14,1.2432640716104847e-10,1.822627148018551e-14
1,776,2000.0,1.8242763351479154e-14,1.177095573590068e-10,1.7256240224642177e-14
1,777,2000.0,1.984135866581957e-14,1.2082398055803483e-10,1.7712815171396187e-14
1,778,2000.0,1.8239728857176693e-14,1.1833587819303132e-10,1.7348058960623502e-14
1,779,2000.0,1.9196665533343857e-14,1.20303613536721e-10,1.7636529281564947e-14
1,780,2000.0,2.0169948736106672e-14,1.2253437982537422e-10,1.796355998175378e-14
2,1,1800.0,1.8249216873816643e-14,1.2353782606091254e-10,1.8110665362841485e-14
2,2,1800.0,1.9509187217369308e-14,1.3009804889101593e-10,1.9072395095102552e-14
2,3,1800.0,1.9502505995244225e-14,1.3006561191475622e-10,1.9067639829115174e-14
2,4,1800.0,1.843158530898118e-14,1.2561176877339615e-10,1.8414705701295996e-14
2,5,1800.0,1.8570374481131377e-14,1.2628209142342996e-10,1.8512975110650098e-14
2,6,1800.0,1.862334688644905e-14,1.253796519068361e-10,1.838067733096295e-14
2,7,1800.0,1.8335623812961893e-14,1.251532923241767e-10,1.8347492979384706e-14
2,8,1800.0,1.921539925801552e-14,1.2918134934077156e-10,1.8938006792166436e-14
2,9,1800.0,1.9158832851933022e-14,1.2896169411381043e-10,1.8905805300222335e-14
2,10,1800.0,1.8448911452477097e-14,1.2575562726961634e-10,1.8435795380204228e-14
2,11,1800.0,1.9110697070369322e-14,1.2864310306960114e-10,1.8859099801402666e-14
2,12,1800.0,1.807398438546024e-14,1.238542012601525e-10,1.8157046018428804e-14
2,13,1800.0,1.795157044846255e-14,1.2531024823117691e-10,1.8370502740840285e-14
2,14,1800.0,1.7931695130567344e-14,1.218408221635114e-10,1.7861884315892222e-14
2,15,1800.0,1.7538449494821512e-14,1.2297745383990893e-10,1.8028514704238956e-14
2,16,1800.0,1.8714843057298636e-14,1.26916414683357e-10,1.8605967003568314e-14
2,17,1800.0,1.7781359464640073e-14,1.242687028423124e-10,1.8217812017687725e-14
2,18,1800.0,1.7288763246264247e-14,1.194463795804267e-10,1.7510858644359014e-14
2,19,1800.0,1.7721710024650534e-14,1.2197637938618347e-10,1.788175702675019e-14
2,20,1800.0,1.6831024728900264e-14,1.1511165281401969e-10,1.687538699645223e-14
2,21,1800.0,1.7535931737391354e-14,1.2068250377741641e-10,1.769207465238196e-14
2,22,1800.0,1.7207098848203126e-14,1.1870910603870488e-10,1.740277422341075e-14
2,23,1800.0,1.7354545252826543e-14,1.1850814846161848e-10,1.737331380997475e-14
2,24,1800.0,1.6574864246676055e-14,1.1576231855897652e-10,1.69707747003298e-14
2,25,1800.0,1.6978470249917072e-14,1.1553939162165349e-10,1.693809357511533e-14
2,26,1800.0,1.735957260729162e-14,1.1956745353866842e-10,1.7528608106299433e-14
2,27,1800.0,1.7254754299924403e-14,1.1924608992438482e-10,1.7481496148256607e-14
2,28,1800.0,1.6947281132881736e-14,1.1756529291358902e-10,1.7235091033515653e-14
2,29,1800.0,1.6555689688646812e-14,1.1578597576170546e-10,1.6974242850091748e-14
2,30,1800.0,1.7031497590121606e-14,1.1554010579084246e-10,1.693819827243441e-14
2,31,1800.0,1.7070767874553203e-14,1.1801806892595732e-10,1.7301468070458825e-14
2,32,1800.0,1.7473094464144336e-14,1.204206335802358e-10,1.765368443894805e-14
2,33,1800.0,1.6937881703592158e-14,1.1747474650035617e-10,1.722181691463115e-14
2,34,1800.0,1.6691508668891654e-14,1.1626087104987483e-10,1.7043862576459483e-14
2,35,1800.0,1.671855257509193e-14,1.164869346669482e-10,1.707700353943475e-14
2,36,1800.0,1.6041359542389042e-14,1.1394626214577804e-10,1.670454053523074e-14
2,37,1800.0,1.67428222709694e-14,1.1658086802345606e-10,1.7090774184753404e-14
2,38,1800.0,1.7490637291223858e-14,1.2051787465553644e-10,1.7667939996378895e-14
2,39,1800.0,1.6830816599553266e-14,1.1600085802865985e-10,1.7005744625323742e-14
2,40,1800.0,1.6511113495706276e-14,1.1560011473133533e-10,1.6946995592856007e-14
2,41,1800.0,1.6611275564178977e-14,1.1594415339202285e-10,1.699743171638403e-14
2,42,1800.0,1.693250462285096e-14,1.1643799159427333e-10,1.706982847703235e-14
2,43,1800.0,1.7335099865909503e-14,1.197964486837896e-10,1.756217883176258e-14
2,44,1800.0,1.708649154203813e-14,1.1840539254123799e-10,1.73582497753596e-14
2,45,1800.0,1.67884770087648e-14,1.1687565099635724e-10,1.713398941645292e-14
2,46,1800.0,1.7108453626670027e-14,1.1857531487380055e-10,1.738316041690834e-14
2,47,1800.0,1.7343441844735845e-14,1.1844789981004929e-10,1.7364481347870436e-14
2,48,1800.0,1.7115985591983454e-14,1.1851292252028617e-10,1.737401368775073e-14
2,49,1800.0,1.7716094183514955e-14,1.218585907138411e-10,1.7864489188256138e-14
2,50,1800.0,1.787181209908967e-14,1.2281829302279695e-10,1.8005181702602922e-14
2,51,1800.0,1.7411907319426305e-14,1.2017317266213909e-10,1.7617406628167886e-14
2,52,1800.0,1.7501143614311613e-14,1.2061040935692126e-10,1.768150559862937e-14
2,53,1800.0,1.735099582649202e-14,1.1973754065620584e-10,1.7553542905352246e-14
2,54,1800.0,1.7281156467908943e-14,1.1920314052743695e-10,1.747519975968915e-14
2,55,1800.0,1.774710978170028e-14,1.2203896016292622e-10,1.7890931378783677e-14
2,56,1800.0,1.7499581297706104e-14,1.2040733446384044e-10,1.7651734786324742e-14
2,57,1800.0,1.75779707083758e-14,1.2098041648671603e-10,1.773574870394575e-14
2,58,1800.0,1.7941978722001505e-14,1.229563082156856e-10,1.802541475229381e-14
2,59,1800.0,1.6756193108976672e-14,1.1661053400761113e-10,1.7095123222848238e-14
2,60,1800.0,1.8538851407517467e-14,1.2605324805496758e-10,1.8479426635669778e-14
2,61,1800.0,1.634120649128511e-14,1.1496970177894676e-10,1.685457695165796e-14
2,62,1800.0,1.8080514526390707e-14,1.240562260281353e-10,1.8186662882223525e-14
2,63,1800.0,1.7343441844735845e-14,1.1844789981004926e-10,1.7364481347870433e-14
2,64,1800.0,1.707263656341582e-14,1.1838113991689846e-10,1.7354694336692843e-14
2,65,1800.0,1.6239203206188286e-14,1.1473527036853761e-10,1.6820209268820754e-14
2,66,1800.0,1.8590065198528377e-14,1.2654533067804294e-10,1.8551566028125923e-14
2,67,1800.0,1.8337656337346073e-14,1.253493125755429e-10,1.8376229580068315e-14
2,68,1800.0,1.7616084082037448e-14,1.2136652234074316e-10,1.7792351884848994e-14
2,69,1800.0,1.8284046175969993e-14,1.2501710874578794e-10,1.8327528444676957e-14
2,70,1800.0,1.649995154573657e-14,1.1555316952932673e-10,1.6940113418617733e-14
2,71,1800.0,1.7419553285505133e-14,1.2023052491690171e-10,1.7625814478029983e-14
2,72,1800.0,1.747489993394503e-14,1.191766800378288e-10,1.7471320647615457e-14
2,73,1800.0,1.7006279432319697e-14,1.1784894047642956e-10,1.727667381229191e-14
2,74,1800.0,1.9220913164811798e-14,1.2915415349167755e-10,1.89340198762727e-14
2,75,1800.0,1.7643812081580798e-14,1.2014857116942156e-10,1.7613800045340258e-14
2,76,1800.0,1.660526895280199e-14,1.1593804482124599e-10,1.699653619891612e-14
2,77,1800.0,1.820384822098559e-14,1.2446534234584478e-10,1.8246639400839462e-14
2,78,1800.0,1.7019845754974302e-14,1.1796191683656624e-10,1.7293236165035096e-14
2,79,1800.0,1.6548760006171277e-14,1.1591950723817389e-10,1.6993818586227283e-14
2,80,1800.0,1.711520387886546e-14,1.1830586414709698e-10,1.7343658896615303e-14
2,81,1800.0,1.7540443821953402e-14,1.2082653438070084e-10,1.771318956221376e-14
2,82,1800.0,1.93521089921297e-14,1.2850104925357992e-10,1.883827468890468e-14
2,83,1800.0,1.8565292981995416e-14,1.2510437254640116e-10,1.8340321332018336e-14
2,84,1800.0,1.8902573753459135e-14,1.2665189228862713e-10,1.856718797754297e-14
2,85,1800.0,1.6875833919157994e-14,1.1619140897151241e-10,1.7033679424491043e-14
2,86,1800.0,1.88620979750677e-14,1.2647302358258136e-10,1.8540965796188718e-14
2,87,1800.0,1.875059195445972e-14,1.2597034788069057e-10,1.8467273456657935e-14
2,88,1800.0,1.789462585119054e-14,1.216229623186309e-10,1.7829946027252713e-14
2,89,1800.0,1.995010174379749e-14,1.3052660525070054e-10,1.9135221527029066e-14
2,90,1800.0,1.8344339642053445e-14,1.24022361878512e-10,1.8181698392389277e-14
2,91,1800.0,1.8284006376491475e-14,1.237162982631449e-10,1.81368294166723e-14
2,92,1800.0,1.80988086583917e-14,1.227516230358582e-10,1.799540787169062e-14
2,93,1800.0,2.0231912554726095e-14,1.3132618524423093e-10,1.9252440083930915e-14
2,94,1800.0,1.767864412708511e-14,1.2035211829050164e-10,1.7643640086346268e-14
2,95,1800.0,1.6453485240592093e-14,1.1472099426334802e-10,1.681811638948155e-14
2,96,1800.0,1.647344470596189e-14,1.1481821061896072e-10,1.6832368323002123e-14
2,97,1800.0,1.7207975254201454e-14,1.17969112901528e-10,1.729429110932712e-14
2,98,1800.0,1.642643319430451e-14,1.1470577702485383e-10,1.6815885539847047e-14
2,99,1800.0,1.6518003806811266e-14,1.148852971215055e-10,1.684220321516991e-14
2,100,1800.0,1.8010243060682063e-14,1.2241370382476115e-10,1.7945868860466344e-14
2,101,1800.0,1.7390212892850117e-14,1.1871691504219742e-10,1.7403919024590923e-14
2,102,1800.0,1.7581776863445086e-14,1.2000649814672066e-10,1.7592972117139914e-14
2,103,1800.0,1.7771796380626057e-14,1.2111441454964542e-10,1.7755392841732235e-14
2,104,1800.0,1.7935422416556626e-14,1.220241919978631e-10,1.7888766363387102e-14
2,105,1800.0,1.7389925177234904e-14,1.1871779226116483e-10,1.7404047625034006e-14
2,106,1800.0,1.6930297622384623e-14,1.1643713420734319e-10,1.7069702783969154e-14
2,107,1800.0,1.694334204121554e-14,1.167405243870977e-10,1.7114179833591162e-14
2,108,1800.0,1.7351773077067545e-14,1.1849313145663146e-10,1.7371112314604918e-14
2,109,1800.0,1.747906050520418e-14,1.1953236053531378e-10,1.7523463466308605e-14
2,110,1800.0,1.710081100591316e-14,1.1737748841380425e-10,1.720755886334811e-14
2,111,1800.0,1.7660676734799424e-14,1.205096166415831e-10,1.7666729370192248e-14
2,112,1800.0,1.7759884578486987e-14,1.212589927400326e-10,1.777658802792222e-14
2,113,1800.0,1.8138573707416542e-14,1.2320223917195558e-10,1.8061468270421712e-14
2,114,1800.0,1.743625903854301e-14,1.1923452187278856e-10,1.7479800270013967e-14
2,115,1800.0,1.744329158966481e-14,1.1929278752283804e-10,1.7488342023773452e-14
2,116,1800.0,1.7471847448215446e-14,1.194525730561282e-10,1.751176660890266e-14
2,117,1800.0,1.7846632171407555e-14,1.21668378463247e-10,1.783660404142893e-14
2,118,1800.0,1.7512579888941014e-14,1.1963543426835443e-10,1.7538574092311346e-14
2,119,1800.0,1.733695603149029e-14,1.1868990920038853e-10,1.7399959963796044e-14
2,120,1800.0,1.7525660959017194e-14,1.198458803300381e-10,1.7569425519130218e-14
2,121,1800.0,1.784215503922335e-14,1.216318472833756e-10,1.7831248564527185e-14
2,122,1800.0,1.755831890809794e-14,1.1999603091301404e-10,1.7591437618978662e-14
2,123,1800.0,1.7491760879766e-14,1.1965195999657195e-10,1.754099676675178e-14
2,124,1800.0,1.7536090468410438e-14,1.1993730440109765e-10,1.7582828302794645e-14
2,125,1800.0,1.7863126442351233e-14,1.2184757369302418e-10,1.7862874091215235e-14
2,126,1800.0,1.7601004067158232e-14,1.2034309492825734e-10,1.7642317259975877e-14
2,127,1800.0,1.8157962616693486e-14,1.2343067336386957e-10,1.809495676005359e-14
2,128,1800.0,1.8002400154557462e-14,1.2242015430829432e-10,1.7946814502399855e-14
2,129,1800.0,1.7857506134033217e-14,1.2166266479703433e-10,1.7835766417034263e-14
2,130,1800.0,1.7639876714990012e-14,1.2049470431745167e-10,1.7664543221052848e-14
2,131,1800.0,1.77816519267275e-14,1.2133754552891455e-10,1.778810387952914e-14
2,132,1800.0,1.75843099981079e-14,1.202271105646624e-10,1.7625313933437215e-14
2,133,1800.0,1.740944817413704e-14,1.1879326670317845e-10,1.741511219049011e-14
2,134,1800.0,1.7843893447892354e-14,1.2167337111400197e-10,1.7837335964840403e-14
2,135,1800.0,1.8261398989946198e-14,1.2386908960368804e-10,1.815922865200895e-14
2,136,1800.0,1.7525592378154385e-14,1.198006519003633e-10,1.756279502399488e-14
2,137,1800.0,1.664995570981482e-14,1.1528008829226465e-10,1.6900079664916548e-14
2,138,1800.0,1.8075836797560364e-14,1.1618842309882591e-10,1.7033241695070302e-14
2,139,1800.0,1.7925976899887863e-14,1.219638581344321e-10,1.7879921409210008e-14
2,140,1800.0,1.74819896394473e-14,1.1433189723069501e-10,1.6761074701305986e-14
2,141,1800.0,1.86641815290293e-14,1.181159436553878e-10,1.7315816521688006e-14
2,142,1800.0,1.7398847774021074e-14,1.1884866009664958e-10,1.742323287096876e-14
2,143,1800.0,1.7676665373806064e-14,1.2038091637284038e-10,1.7647861889893883e-14
2,144,1800.0,1.7403486614654515e-14,1.188482135528988e-10,1.7423167407582377e-14
2,145,1800.0,1.7403608576383846e-14,1.188210541478381e-10,1.7419185834389843e-14
2,146,1800.0,1.7279347078920044e-14,1.1813808173591986e-10,1.7319061967889187e-14
2,147,1800.0,1.7706641719773048e-14,1.1487746716687733e-10,1.684105534254985e-14
2,148,1800.0,1.7628780366540107e-14,1.1473243991570303e-10,1.6819794323975544e-14
2,149,1800.0,1.7045652446802803e-14,1.170683586553937e-10,1.7162240390563024e-14
2,150,1800.0,1.7717151025402673e-14,1.2069855116466326e-10,1.7694427201958413e-14
2,151,1800.0,1.722946252971712e-14,1.1798280612386078e-10,1.729629853794486e-14
2,152,1800.0,1.762387146115927e-14,1.2003237310815096e-10,1.759676539068764e-14
2,153,1800.0,1.6674595031940315e-14,1.153741970908513e-10,1.6913876030072444e-14
2,154,1800.0,1.7208556952417158e-14,1.1821366096090117e-10,1.7330141894545374e-14
2,155,1800.0,1.7420828562786666e-14,1.190261700451167e-10,1.7449255858241325e-14
2,156,1800.0,1.6948848001381376e-14,1.1656276025681885e-10,1.708811958322372e-14
2,157,1800.0,1.766344593368403e-14,1.2083713195815685e-10,1.7714743168789837e-14
2,158,1800.0,1.8125265417382147e-14,1.1763399086188586e-10,1.7245162163892387e-14
2,159,1800.0,1.7423469130552684e-14,1.1707789526344597e-10,1.7163638458852218e-14
2,160,1800.0,1.7797026004938095e-14,1.210026937759856e-10,1.7739014558170457e-14
2,161,1800.0,1.7734538952627666e-14,1.206840250309185e-10,1.7692297668392415e-14
2,162,1800.0,1.735265032965615e-14,1.1861208348540823e-10,1.738855070134118e-14
2,163,1800.0,1.8359274006479263e-14,1.1855660048997488e-10,1.7380416885200318e-14
2,164,1800.0,1.8206942877966077e-14,1.1810496590385922e-10,1.7314207181531148e-14
2,165,1800.0,1.83771695542158e-14,1.1868058204048213e-10,1.7398592600639048e-14
2,166,1800.0,1.8339634798022903e-14,1.1863195880201906e-10,1.739146442598404e-14
2,167,1800.0,1.762460084101237e-14,1.1597218181707577e-10,1.7001540688048553e-14
2,168,1800.0,1.726640669707954e-14,1.1819608718470089e-10,1.7327565576100465e-14
2,169,1800.0,1.8487020373561218e-14,1.2483809363888482e-10,1.8301284800933242e-14
2,170,1800.0,1.8145658135008902e-14,1.2314630649811982e-10,1.805326853135403e-14
2,171,1800.0,1.801456589801681e-14,1.2242081808110213e-10,1.7946911811601275e-14
2,172,1800.0,1.7160490680678868e-14,1.1755701307408732e-10,1.7233877207700076e-14
2,173,1800.0,1.7801702447224704e-14,1.2121459167624404e-10,1.777007882476017e-14
2,174,1800.0,1.7809414168423665e-14,1.211210696650222e-10,1.7756368482727246e-14
2,175,1800.0,1.7613069509672413e-14,1.201141707463706e-10,1.7608756937734423e-14
2,176,1800.0,1.7161779104839477e-14,1.176654640556247e-10,1.724977613920569e-14
2,177,1800.0,1.838821087402632e-14,1.2440181066855589e-10,1.8237325646631482e-14
2,178,1800.0,1.740260859242605e-14,1.1888028620119383e-10,1.7427869263030968e-14
2,179,1800.0,1.7231669129666483e-14,1.1816927150973526e-10,1.7323634393795686e-14
2,180,1800.0,1.749908825777151e-14,1.1943380264378656e-10,1.7509014863405096e-14
2,181,1800.0,1.7436761730796472e-14,1.1913495520533304e-10,1.7465203780395547e-14
2,182,1800.0,1.8006701733314922e-14,1.2236179156464397e-10,1.7938258514702712e-14
2,183,1800.0,1.7667670570630922e-14,1.20508708257101e-10,1.7666596200879652e-14
2,184,1800.0,1.709270209990363e-14,1.1721706402770504e-10,1.7184040622293345e-14
2,185,1800.0,1.787328683430306e-14,1.2154089845877708e-10,1.7817915452071124e-14
2,186,1800.0,1.7334056104358058e-14,1.1849917387775584e-10,1.7371998134523033e-14
2,187,1800.0,1.6786879716769025e-14,1.1591020721576718e-10,1.6992455201432153e-14
2,188,1800.0,2.0219227199660703e-14,1.312919500271241e-10,1.9247421195543318e-14
2,189,1800.0,2.004556757958403e-14,1.3080703267963876e-10,1.91763322336523e-14
2,190,1800.0,2.340059612332963e-14,1.38535640471439e-10,2.0309347391041656e-14
2,191,1800.0,1.9168045456875168e-14,1.2777637258979502e-10,1.873203697230768e-14
2,192,1800.0,1.7811062830057696e-14,1.2113078317986993e-10,1.775779248558138e-14
2,193,1800.0,1.7559049777906887e-14,1.1965708935712936e-10,1.7541748731842494e-14
2,194,1800.0,1.7264070529562357e-14,1.1802608460651472e-10,1.730264317053027e-14
2,195,1800.0,1.8389147715530106e-14,1.2424661323198793e-10,1.8214573677226847e-14
2,196,1800.0,1.66561758309868e-14,1.1530373113528518e-10,1.6903545709542912e-14
2,197,1800.0,1.702576847926734e-14,1.1698517571005185e-10,1.7150045757267158e-14
2,198,1800.0,1.7924387236442502e-14,1.2179793192217117e-10,1.7855596599546452e-14
2,199,1800.0,1.8495806282447628e-14,1.2477007709550047e-10,1.829131356462734e-14
2,200,1800.0,1.8730159935320407e-14,1.2587670615837627e-10,1.845354556495942e-14
2,201,1800.0,1.7871691866468317e-14,1.214880094268496e-10,1.7810161911401474e-14
2,202,1800.0,1.6820506456487396e-14,1.159578579480178e-10,1.6999440806518484e-14
2,203,1800.0,1.8795965391286615e-14,1.2617662640769556e-10,1.8497513922216115e-14
2,204,1800.0,1.8529422401189553e-14,1.24932462794895e-10,1.831511933452971e-14
2,205,1800.0,1.8734619620368793e-14,1.2589719086867206e-10,1.845654862681546e-14
2,206,1800.0,1.8337495045000997e-14,1.2398791004665482e-10,1.81766477482441e-14
2,207,1800.0,1.8568242609185848e-14,1.2511845719260824e-10,1.8342386143439614e-14
2,208,1800.0,1.8975016867779736e-14,1.2696731984877172e-10,1.8613429709085014e-14
2,209,1800.0,1.759518004526444e-14,1.1986577986857989e-10,1.757234279471209e-14
2,210,1800.0,1.8389147715530106e-14,1.2424661323198799e-10,1.8214573677226856e-14
2,211,1800.0,1.7292670601604972e-14,1.1854130389348756e-10,1.7378174401671137e-14
2,212,1800.0,1.8004333284722135e-14,1.225362104689326e-10,1.7963828354396732e-14
2,213,1800.0,1.744270362754637e-14,1.192250341186378e-10,1.747840936371467e-14
2,214,1800.0,1.717330559742165e-14,1.1776968464038397e-10,1.7265054893856628e-14
2,215,1800.0,1.7374004022097715e-14,1.1895649602503846e-10,1.7439041635582926e-14
2,216,1800.0,1.726459447938498e-14,1.1831302209567903e-10,1.734470825303987e-14
2,217,1800.0,1.7665258173069466e-14,1.2027380064433592e-10,1.7632158706699735e-14
2,218,1800.0,1.6694978750316987e-14,1.1573494954684296e-10,1.6966762398706342e-14
2,219,1800.0,1.6998452458966776e-14,1.1712018789163896e-10,1.7169838565013553e-14
2,220,1800.0,1.7657908139734045e-14,1.2065942229091013e-10,1.7688690902711748e-14
2,221,1800.0,1.6870899547438725e-14,1.1989756773256844e-10,1.75770029007351e-14
2,222,1800.0,1.6778061914793494e-14,1.1952993300371862e-10,1.7523107589782528e-14
2,223,1800.0,1.8684940664910255e-14,1.2580027591970948e-10,1.844234087955874e-14
2,224,1800.0,1.946747475254766e-14,1.290671742855292e-10,1.892126871052609e-14
2,225,1800.0,1.858225151356704e-14,1.2537226898328357e-10,1.8379594993171175e-14
2,226,1800.0,1.7914943556263332e-14,1.2194015273556949e-10,1.787644619388704e-14
2,227,1800.0,1.744503240642783e-14,1.1919302433783875e-10,1.7473716724651203e-14
2,228,1800.0,1.858229045386986e-14,1.2529201225177895e-10,1.8367829343299058e-14
2,229,1800.0,1.8536386306776593e-14,1.251467272578525e-10,1.8346530539595427e-14
2,230,1800.0,1.8813151172420474e-14,1.2638450052262545e-10,1.8527988301223205e-14
2,231,1800.0,1.837625756978992e-14,1.243178949005949e-10,1.822502358142064e-14
2,232,1800.0,1.8398891074634124e-14,1.243702076993203e-10,1.8232692646209285e-14
2,233,1800.0,1.8009244936782045e-14,1.2244787944176552e-10,1.7950879011469244e-14
2,234,1800.0,1.9353817740224817e-14,1.2867155068353564e-10,1.88632702262253e-14
2,235,1800.0,1.8094141965546595e-14,1.228208393524165e-10,1.8005554994938664e-14
2,236,1800.0,1.790543717141872e-14,1.219035204452079e-10,1.787107589417101e-14
2,237,1800.0,1.719248649841077e-14,1.1775918033143706e-10,1.726351496045913e-14
2,238,1800.0,1.8699092025328416e-14,1.2592814574718458e-10,1.8461086617032407e-14
2,239,1800.0,1.7153936603623017e-14,1.174717233966805e-10,1.722137372714135e-14
2,240,1800.0,1.7893700355790407e-14,1.2176275735086337e-10,1.785044000168044e-14
2,241,1800.0,1.7252035882446007e-14,1.1807222391062128e-10,1.730940720000523e-14
2,242,1800.0,1.802042556872282e-14,1.2247133790925343e-10,1.795431802661258e-14
2,243,1800.0,1.7725592298433984e-14,1.2085365477425396e-10,1.7717165416312948e-14
2,244,1800.0,1.9401037110598962e-14,1.286856456252533e-10,1.8865336546970103e-14
2,245,1800.0,1.8851222207333608e-14,1.2642464772055547e-10,1.853387388695957e-14
2,246,1800.0,1.9484503090673124e-14,1.2899257482940424e-10,1.891033241814336e-14
2,247,1800.0,1.9823793763276672e-14,1.3013888693692382e-10,1.9078381959264668e-14
2,248,1800.0,1.8802853404125203e-14,1.2620773024369435e-10,1.8502073749624743e-14
2,249,1800.0,1.9270526938244197e-14,1.2818569643963116e-10,1.8792043915167087e-14
2,250,1800.0,1.937104239816892e-14,1.285728830880909e-10,1.8848805540709672e-14
2,251,1800.0,1.930619509775335e-14,1.283247282386239e-10,1.8812425999477922e-14
2,252,1800.0,2.0654776114239192e-14,1.323876101839457e-10,1.9408045152466525e-14
2,253,1800.0,1.69814366931756e-14,1.1665693516730259e-10,1.7101925640394467e-14
2,254,1800.0,1.7185235588163792e-14,1.1800030503322156e-10,1.729886388089894e-14
2,255,1800.0,1.734026045348989e-14,1.1879145518536815e-10,1.7414846621684934e-14
2,256,1800.0,1.750208184342057e-14,1.1955872235408086e-10,1.7527328113220968e-14
2,257,1800.0,1.6938480960257633e-14,1.1674570493447683e-10,1.7114939302678255e-14
2,258,1800.0,1.6396816546809075e-14,1.1463466092100305e-10,1.6805459907473403e-14
2,259,1800.0,1.6227135819056496e-14,1.1403738759677665e-10,1.671789954114574e-14
2,260,1800.0,1.6713515291687154e-14,1.1588170582433925e-10,1.6988276892820245e-14
2,261,1800.0,1.6237326096849984e-14,1.1412760823671404e-10,1.6731125901612227e-14
2,262,1800.0,1.755610306065384e-14,1.1987735270912617e-10,1.7574039375015585e-14
2,263,1800.0,1.6783455487890826e-14,1.1580525347672751e-10,1.6977068966244646e-14
2,264,1800.0,1.9905986419117044e-14,1.3039342918445612e-10,1.911569789409009e-14
2,265,1800.0,1.850811188624795e-14,1.2482967545670748e-10,1.8300050694058948e-14
2,266,1800.0,2.0249655582487503e-14,1.313738069334172e-10,1.9259421431299295e-14
2,267,1800.0,1.98244504218241e-14,1.3014094675169003e-10,1.9078683928443907e-14
2,268,1800.0,2.064798359570263e-14,1.3237161538688298e-10,1.9405700312619604e-14
2,269,1800.0,1.8480274402054536e-14,1.2469466276735302e-10,1.8280257811873776e-14
2,270,1800.0,1.9043758718880315e-14,1.2726083319284573e-10,1.865645881299228e-14
2,271,1800.0,1.5815184913351573e-14,1.1284856866594065e-10,1.6543618492823215e-14
2,272,1800.0,1.7235268041806502e-14,1.180712983066372e-10,1.7309271506310846e-14
2,273,1800.0,1.7478635870269272e-14,1.1940525557150848e-10,1.7504829857973138e-14
2,274,1800.0,1.6851493208748955e-14,1.1627028299615776e-10,1.7045242369313048e-14
2,275,1800.0,1.6192419916505344e-14,1.1392450342227263e-10,1.6701350702831273e-14
2,276,1800.0,1.699697122761e-14,1.1691540638551881e-10,1.7139817562960205e-14
2,277,1800.0,1.708623170904639e-14,1.173671788213278e-10,1.7206047475416802e-14
2,278,1800.0,1.696096091328029e-14,1.1674980696024276e-10,1.71155406603217e-14
2,279,1800.0,1.687193042622728e-14,1.1988800018130033e-10,1.7575600296165444e-14
2,280,1800.0,1.6593583279269408e-14,1.1503902303414675e-10,1.6864739458927918e-14
2,281,1800.0,1.6392851436580608e-14,1.1452779236425825e-10,1.678979295969936e-14
2,282,1800.0,1.698634205920246e-14,1.1664542651785644e-10,1.7100238470516676e-14
2,283,1800.0,1.759995294409354e-14,1.2011742558835452e-10,1.7609234098097844e-14
2,284,1800.0,1.6716198078118327e-14,1.1553599216374523e-10,1.6937595214033913e-14
2,285,1800.0,1.7746522530621124e-14,1.2085439054177636e-10,1.7717273279951218e-14
2,286,1800.0,1.804403700395265e-14,1.225572573419634e-10,1.7966913829401018e-14
2,287,1800.0,1.6583310180227114e-14,1.1527528439896584e-10,1.68993754133788e-14
2,288,1800.0,1.6940427519634928e-14,1.1687602434059763e-10,1.713404414877919e-14
2,289,1800.0,1.835447715950158e-14,1.2416066446021122e-10,1.8201973573326463e-14
2,290,1800.0,1.695618294132018e-14,1.1687008981017737e-10,1.7133174145655825e-14
2,291,1800.0,1.7865436992514592e-14,1.2583330715416912e-10,1.8447183263894734e-14
2,292,1800.0,1.7748072946760106e-14,1.20939649362087e-10,1.7729772236854632e-14
2,293,1800.0,1.8227676826591583e-14,1.2352836417500363e-10,1.8109278248830646e-14
2,294,1800.0,1.78154793245134e-14,1.2141692688850298e-10,1.779974119973619e-14
2,295,1800.0,1.746543622540971e-14,1.1934650426906384e-10,1.7496216907493652e-14
2,296,1800.0,1.7932211057952946e-14,1.2215861065715597e-10,1.7908472160668774e-14
2,297,1800.0,1.6281784273014777e-14,1.142220506552566e-10,1.6744971175507836e-14
2,298,1800.0,1.7332992043086754e-14,1.1868607366643983e-10,1.7399397673896282e-14
2,299,1800.0,1.8311007797189763e-14,1.2385380539593337e-10,1.815698798466999e-14
2,300,1800.0,1.7783261244119925e-14,1.2123503567657855e-10,1.7773075918529274e-14
2,301,1800.0,1.750627372469698e-14,1.1941691049161797e-10,1.7506538471153926e-14
2,302,1800.0,1.7796999616584085e-14,1.21278510196203e-10,1.7779449290166403e-14
2,303,1800.0,1.7863172789319728e-14,1.2196564235039156e-10,1.7880182975559417e-14
2,304,1800.0,1.7771757648669356e-14,1.2107989539484557e-10,1.775033232803273e-14
2,305,1800.0,1.7920152410863207e-14,1.2178612887013712e-10,1.7853866270201466e-14
2,306,1800.0,1.761956881585904e-14,1.2023266225787635e-10,1.7626127812563966e-14
2,307,1800.0,1.8207333306539887e-14,1.2352440069714667e-10,1.8108697202333156e-14
2,308,1800.0,1.7812482594938242e-14,1.2115557259384387e-10,1.7761426617695715e-14
2,309,1800.0,1.7744727015645065e-14,1.210003175369785e-10,1.7738666201146122e-14
2,310,1800.0,1.742931002026506e-14,1.1918309245960884e-10,1.7472260709689778e-14
2,311,1800.0,1.6799209856255273e-14,1.1590822573700108e-10,1.6992164716323255e-14
2,312,1800.0,1.715911782270993e-14,1.179909305271536e-10,1.7297489576786976e-14
2,313,1800.0,1.754944458571126e-14,1.2007639048045127e-10,1.7603218344615205e-14
2,314,1800.0,1.7449015102176847e-14,1.1913961164963286e-10,1.74658864158861e-14
2,315,1800.0,1.7745177017446704e-14,1.2070695981321685e-10,1.7695659911201918e-14
2,316,1800.0,1.6619636621635342e-14,1.1167402826504233e-10,1.637143067930836e-14
2,317,1800.0,1.7340730566543456e-14,1.1848096162932164e-10,1.7369328215944943e-14
2,318,1800.0,1.7192846492970974e-14,1.1785565750966644e-10,1.727765853045527e-14
2,319,1800.0,1.794613629508313e-14,1.219256010939412e-10,1.787431292086117e-14
2,320,1800.0,1.7679030009564747e-14,1.2063823376079036e-10,1.7685584660755213e-14
2,321,1800.0,1.7039534654916556e-14,1.1419052470424643e-10,1.6740349465969992e-14
2,322,1800.0,1.7225660756317242e-14,1.178296802436309e-10,1.72738502590358e-14
2,323,1800.0,1.7863929262934186e-14,1.214422808692471e-10,1.7803458097430717e-14
2,324,1800.0,1.7862368976730732e-14,1.214330958155849e-10,1.7802111567072203e-14
2,325,1800.0,1.7329061483174653e-14,1.1568271011587864e-10,1.695910408964339e-14
2,326,1800.0,1.6614303228321873e-14,1.0699631945428442e-10,1.5685677808000093e-14
2,327,1800.0,1.7445232426700333e-14,1.1973963980275784e-10,1.755385064057767e-14
2,328,1800.0,1.7473942948360588e-14,1.148800120280772e-10,1.6841428419615032e-14
2,329,1800.0,1.7424565948812786e-14,1.102368043478925e-10,1.616073341965172e-14
2,330,1800.0,1.6760837390645855e-14,1.1560316638304466e-10,1.6947442965492175e-14
2,331,1800.0,1.7518491852205588e-14,1.1524129877928638e-10,1.6894393116014592e-14
2,332,1800.0,1.7386957808849177e-14,1.1868559233180843e-10,1.739932711016115e-14
2,333,1800.0,1.9197986511785546e-14,1.2784882770476735e-10,1.8742658903929198e-14
2,334,1800.0,1.7792306028458965e-14,1.2096179324646266e-10,1.7733018533900224e-14
2,335,1800.0,1.8595544919345805e-14,1.2524828365116307e-10,1.8361418723347326e-14
2,336,1800.0,1.783806322174007e-14,1.2161319451706125e-10,1.7828514065956327e-14
2,337,1800.0,1.7811051564998357e-14,1.2104828187606685e-10,1.7745697781045794e-14
2,338,1800.0,1.787323783228513e-14,1.2149710902895802e-10,1.7811495914548328e-14
2,339,1800.0,1.814564587026948e-14,1.2303503784957905e-10,1.8036956529408132e-14
2,340,1800.0,1.7932372499426408e-14,1.218151886201992e-10,1.7858126434279817e-14
2,341,1800.0,1.8299181230775083e-14,1.236931601862485e-10,1.813343737084171e-14
2,342,1800.0,1.7365490379283412e-14,1.1856783737295384e-10,1.7382064214069882e-14
2,343,1800.0,1.768051826647343e-14,1.202947280426912e-10,1.763522666669719e-14
2,344,1800.0,1.797757281121558e-14,1.220647713516847e-10,1.7894715303247355e-14
2,345,1800.0,1.769509912956145e-14,1.2036361828315234e-10,1.7645325987136438e-14
2,346,1800.0,1.7983636369909694e-14,1.220326402116724e-10,1.7890004872903517e-14
2,347,1800.0,1.8322350978176224e-14,1.2376137043092573e-10,1.8143437003788607e-14
2,348,1800.0,1.7380443224979142e-14,1.1860443878543102e-10,1.7387429987083035e-14
2,349,1800.0,1.85207755272665e-14,1.2486171625234425e-10,1.8304747879902663e-14
2,350,1800.0,1.6875989582358056e-14,1.1628495303191865e-10,1.7047392998937978e-14
2,351,1800.0,1.6988383043799305e-14,1.1689400235387993e-10,1.7136679728445972e-14
2,352,1800.0,1.7702996004913865e-14,1.2049485100005757e-10,1.7664564724746692e-14
2,353,1800.0,1.6842529339469465e-14,1.1613050935160076e-10,1.702475153032201e-14
2,354,1800.0,1.807824315566614e-14,1.226420844402795e-10,1.7979349495789922e-14
2,355,1800.0,1.834547829308602e-14,1.2402808301328397e-10,1.818253711167595e-14
2,356,1800.0,1.673212422107383e-14,1.1578267328289414e-10,1.6973758706161696e-14
2,357,1800.0,1.6914013405159015e-14,1.1635671598587604e-10,1.70579134596423e-14
2,358,1800.0,1.745794432215941e-14,1.1936200754789333e-10,1.749848969068776e-14
2,359,1800.0,1.7009179396074058e-14,1.168750879287372e-10,1.713390687064838e-14
2,360,1800.0,1.7421132579142916e-14,1.1914843041057824e-10,1.7467179247672843e-14
2,361,1800.0,1.784626411816625e-14,1.2163948259627974e-10,1.7832367902638892e-14
2,362,1800.0,1.781475669008232e-14,1.214854819750137e-10,1.7809791386551876e-14
2,363,1800.0,1.821125050628633e-14,1.2371154492167076e-10,1.813613257604026e-14
2,364,1800.0,1.716193132935926e-14,1.184852897588655e-10,1.7369962720438954e-14
2,365,1800.0,1.803749524837564e-14,1.2242382455716134e-10,1.79473525614798e-14
2,366,1800.0,1.762343094816939e-14,1.2032506108995276e-10,1.7639673496351767e-14
2,367,1800.0,1.7688413333996765e-14,1.2073501471360971e-10,1.7699772764155574e-14
2,368,1800.0,1.6288102702825413e-14,1.1420345499056811e-10,1.6742245048044604e-14
2,369,1800.0,1.6924851504083213e-14,1.1726208576927226e-10,1.7190640816918544e-14
2,370,1800.0,1.6825344304698088e-14,1.1618431304638916e-10,1.703263916071561e-14
2,371,1800.0,1.782522820012693e-14,1.211277165763343e-10,1.7757342921005047e-14
2,372,1800.0,1.777771545885882e-14,1.208657632388047e-10,1.7718940519182476e-14
2,373,1800.0,1.809246853874541e-14,1.2272286035534323e-10,1.799119125805612e-14
2,374,1800.0,1.8222576275456938e-14,1.2336458607654928e-10,1.8085268352999984e-14
2,375,1800.0,1.7110110587155112e-14,1.1725857431685718e-10,1.719012603742424e-14
2,376,1800.0,1.7290471828057288e-14,1.1810681851212507e-10,1.7314478774203784e-14
2,377,1800.0,1.7407873691119975e-14,1.1880123233117614e-10,1.7416279952848172e-14
2,378,1800.0,1.7626775591858586e-14,1.2099999657969874e-10,1.7738619148756786e-14
2,379,1800.0,1.7572078847574358e-14,1.2020788875654054e-10,1.7622496013244965e-14
2,380,1800.0,1.728714822045318e-14,1.1902672355274794e-10,1.7449337002549952e-14
2,381,1800.0,1.7088086871496203e-14,1.1391052723317275e-10,1.6699301791239523e-14
2,382,1800.0,1.7511046160708833e-14,1.203426463166856e-10,1.7642251493446604e-14
2,383,1800.0,1.6899719010472327e-14,1.1511020797763019e-10,1.687517518320289e-14
2,384,1800.0,1.7249956620098627e-14,1.1375415202657426e-10,1.6676377160557144e-14
2,385,1800.0,1.5854845113023556e-14,1.1321114542107377e-10,1.6596772304007515e-14
2,386,1800.0,1.6299602749286644e-14,1.1406832151692987e-10,1.6722434458863814e-14
2,387,1800.0,1.7900678084870878e-14,1.2199423179591347e-10,1.7884374192915805e-14
2,388,1800.0,1.6722182362284688e-14,1.1576002692756532e-10,1.6970438746792764e-14
2,389,1800.0,1.602777352263181e-14,1.1380334660255681e-10,1.6683589093385293e-14
2,390,1800.0,1.6533499492446472e-14,1.1553403179039139e-10,1.693730782298188e-14
2,391,1800.0,1.697939259496107e-14,1.1753017866661903e-10,1.7229943279207365e-14
2,392,1800.0,1.77597064365213e-14,1.2082296717992178e-10,1.771266661000024e-14
2,393,1800.0,1.7457813408885052e-14,1.1908997957350926e-10,1.7458610345466222e-14
2,394,1800.0,1.6967417353164577e-14,1.1544456359841118e-10,1.6924191771508113e-14
2,395,1800.0,1.726949119006856e-14,1.1807632312595024e-10,1.731000814563816e-14
2,396,1800.0,1.7638411745357842e-14,1.201466549970777e-10,1.7613519134163465e-14
2,397,1800.0,1.6727752168680142e-14,1.1558156596876433e-10,1.6944276341250813e-14
2,398,1800.0,1.7036485767383862e-14,1.1714866642511774e-10,1.7174013522646402e-14
2,399,1800.0,1.7319530428521302e-14,1.1856741240886766e-10,1.7382001914265833e-14
2,400,1800.0,1.7199026740118014e-14,1.176955020126991e-10,1.7254179708590907e-14
2,401,1800.0,1.7261226057235545e-14,1.1827443755472566e-10,1.7339051753070048e-14
2,402,1800.0,1.6764061385357508e-14,1.1590647571984399e-10,1.6991908163523828e-14
2,403,1800.0,1.7455304595616687e-14,1.1935367857088407e-10,1.749726866130559e-14
2,404,1800.0,1.796348062589288e-14,1.2209466985773518e-10,1.789909842908982e-14
2,405,1800.0,1.7871571224066214e-14,1.2165662496668993e-10,1.7834880976924916e-14
2,406,1800.0,1.743581858224085e-14,1.189568906366715e-10,1.7439099485712414e-14
2,407,1800.0,1.7924387236442502e-14,1.2179793192217115e-10,1.7855596599546446e-14
2,408,1800.0,1.7710366827976723e-14,1.2053806822377273e-10,1.767090037676173e-14
2,409,1800.0,1.6588078818158405e-14,1.1524004161907796e-10,1.6894208816123876e-14
2,410,1800.0,1.690933083429771e-14,1.1633625727279344e-10,1.7054914208981935e-14
2,411,1800.0,1.7651454381659775e-14,1.2050454289589523e-10,1.766598555825044e-14
2,412,1800.0,1.758082891192663e-14,1.199787940351283e-10,1.7588910689881377e-14
2,413,1800.0,1.782291328314787e-14,1.2149196900267017e-10,1.7810742385859798e-14
2,414,1800.0,1.7769788584341e-14,1.2092063354137444e-10,1.7726984514450033e-14
2,415,1800.0,1.75889116898597e-14,1.198294761969798e-10,1.756702067055987e-14
2,416,1800.0,1.787939427490605e-14,1.2153335205444432e-10,1.7816809147970417e-14
2,417,1800.0,1.5866334985140634e-14,1.128221805143525e-10,1.6539749985515004e-14
2,418,1800.0,1.6551313702598952e-14,1.1491574563036799e-10,1.6846666971513932e-14
2,419,1800.0,1.581751239751766e-14,1.0288247607394923e-10,1.508258770036249e-14
2,420,1800.0,1.6110406045876676e-14,1.0456915588324834e-10,1.5329855234319384e-14
2,421,1800.0,1.578581821468256e-14,1.0174305333466566e-10,1.49155481417434e-14
2,422,1800.0,1.6535121596842707e-14,1.0516326654257616e-10,1.54169519534593e-14
2,423,1800.0,1.785012393199274e-14,1.2154504256961914e-10,1.7818522979393566e-14
2,424,1800.0,1.723094315593635e-14,1.1795993850347943e-10,1.7292946141083293e-14
2,425,1800.0,1.7065404793226718e-14,1.058914321530451e-10,1.552370115020678e-14
2,426,1800.0,1.6573659938515168e-14,1.0860024839515682e-10,1.5920814051207046e-14
2,427,1800.0,1.722827981993673e-14,1.0633798930922732e-10,1.5589166501823138e-14
2,428,1800.0,1.7866682225824026e-14,1.1903530305286516e-10,1.7450594758660433e-14
2,429,1800.0,1.6690670379941408e-14,1.0533809715250719e-10,1.5442582149267355e-14
2,430,1800.0,1.7648986946695992e-14,1.2037929212012276e-10,1.7647623774181704e-14
2,431,1800.0,1.7490526473950285e-14,1.1936447806276158e-10,1.749885186856865e-14
2,432,1800.0,1.6779608213721756e-14,1.0502947873867611e-10,1.5397338639680665e-14
2,433,1800.0,1.7760332646227263e-14,1.2083188327815235e-10,1.77139737114488e-14
2,434,1800.0,1.638693473091833e-14,1.0679676565524204e-10,1.565642318865332e-14
2,435,1800.0,1.6928616157155336e-14,1.1387099327967654e-10,1.6693506107236738e-14
2,436,1800.0,1.6950548336287108e-14,1.1302976440936128e-10,1.6570181818234527e-14
2,437,1800.0,1.7499848355693978e-14,1.1125938774652233e-10,1.6310644311956483e-14
2,438,1800.0,1.7931695130567344e-14,1.2184082216351141e-10,1.7861884315892225e-14
2,439,1800.0,1.6308927214186142e-14,1.0458354275787871e-10,1.53319643524766e-14
2,440,1800.0,1.7010526311254992e-14,1.1610462385706276e-10,1.7020956712618983e-14
2,441,1800.0,1.7323663963311044e-14,1.183411105525118e-10,1.7348826025373067e-14
2,442,1800.0,1.6810074677740297e-14,1.1591456907656758e-10,1.699309465093385e-14
2,443,1800.0,1.803622509849592e-14,1.2241212239228605e-10,1.7945637022208676e-14
2,444,1800.0,1.7203287036711252e-14,1.177551489503471e-10,1.7262923959336654e-14
2,445,1800.0,1.8332925582690637e-14,1.2396482689423085e-10,1.8173263754350086e-14
2,446,1800.0,1.752999701789376e-14,1.1951363921272392e-10,1.7520718917376622e-14
2,447,1800.0,1.7541527025234212e-14,1.1959680596468775e-10,1.7532911176720644e-14
2,448,1800.0,1.732857626051367e-14,1.1831330145436583e-10,1.7344749207068722e-14
2,449,1800.0,1.757711818243552e-14,1.1971608976814195e-10,1.7550398201678497e-14
2,450,1800.0,1.820802946996675e-14,1.2340855863199442e-10,1.80917147367693e-14
2,451,1800.0,1.9572131115774098e-14,1.2941739137907948e-10,1.897261059331516e-14
2,452,1800.0,1.810227593128682e-14,1.22881250904361e-10,1.801441133826445e-14
2,453,1800.0,1.80974470710171e-14,1.227443888682807e-10,1.7994347341548942e-14
2,454,1800.0,1.827091777969857e-14,1.236492932934945e-10,1.8127006477240072e-14
2,455,1800.0,1.7820548366764933e-14,1.2122826832634148e-10,1.7772083823885515e-14
2,456,1800.0,1.80584093456036e-14,1.227955185915314e-10,1.8001842967280866e-14
2,457,1800.0,1.7786876813050536e-14,1.1910524661264726e-10,1.746084849588319e-14
2,458,1800.0,1.833339674648007e-14,1.241172168421445e-10,1.8195604145462067e-14
2,459,1800.0,1.7095043431816338e-14,1.1563236881199455e-10,1.6951724046318648e-14
2,460,1800.0,1.765967300181029e-14,1.184031317023269e-10,1.735791833600808e-14
2,461,1800.0,1.8207077698347278e-14,1.2324633598541098e-10,1.8067932870435515e-14
2,462,1800.0,1.8205614410160036e-14,1.232097580372664e-10,1.806257053729733e-14
2,463,1800.0,1.7806149807734328e-14,1.1814601257448758e-10,1.732022463011117e-14
2,464,1800.0,1.826757903410764e-14,1.23774014242528e-10,1.814529058862283e-14
2,465,1800.0,1.7617975705409894e-14,1.2019646546552112e-10,1.7620821356926398e-14
2,466,1800.0,1.8855840490961707e-14,1.2663781633772476e-10,1.8565124440854776e-14
2,467,1800.0,1.7038189570635284e-14,1.1525598953423202e-10,1.689654678307537e-14
2,468,1800.0,1.8069589075384366e-14,1.2285603116595458e-10,1.8010714120518434e-14
2,469,1800.0,1.738114708704059e-14,1.1643016063911427e-10,1.70686804577343e-14
2,470,1800.0,1.6993544230290767e-14,1.1653089692494756e-10,1.7083448413596843e-14
2,471,1800.0,1.7731317896801488e-14,1.2082098956163958e-10,1.7712376690838907e-14
2,472,1800.0,1.663898578683225e-14,1.1533267142085471e-10,1.6907788360107255e-14
2,473,1800.0,1.673275510502557e-14,1.1434429176443283e-10,1.67628917419648e-14
2,474,1800.0,1.6590385178118818e-14,1.151113938215092e-10,1.6875349028108134e-14
2,475,1800.0,1.727873774673265e-14,1.1831478590993537e-10,1.7344966828496288e-14
2,476,1800.0,1.6537650700379746e-14,1.1485596429386487e-10,1.68379030178742e-14
2,477,1800.0,1.7428667361894902e-14,1.1891701415339246e-10,1.7433253586787838e-14
2,478,1800.0,1.775692823029575e-14,1.210869101763938e-10,1.7751360696146886e-14
2,479,1800.0,1.775823147795945e-14,1.211226811093802e-10,1.7756604720731824e-14
2,480,1800.0,1.6985749182270857e-14,1.166765112644446e-10,1.7104795499414604e-14
2,481,1800.0,1.7758593619256908e-14,1.2082164446173278e-10,1.7712472699298924e-14
2,482,1800.0,1.766265929924529e-14,1.206341157905145e-10,1.768498096564402e-14
2,483,1800.0,1.847878456937648e-14,1.24932268173006e-10,1.8315090802929178e-14
2,484,1800.0,1.7334970710461802e-14,1.1863711420188063e-10,1.7392220208440976e-14
2,485,1800.0,1.7532242459569275e-14,1.20031522798006e-10,1.75966407350823e-14
2,486,1800.0,1.733090578331161e-14,1.185123670961909e-10,1.7373932262488167e-14
2,487,1800.0,1.7758124928685808e-14,1.211233091672206e-10,1.7756696794113223e-14
2,488,1800.0,1.7621852447497314e-14,1.200206270235499e-10,1.7595043412777585e-14
2,489,1800.0,1.7311922704889198e-14,1.185221021918608e-10,1.7375359429094333e-14
2,490,1800.0,1.6956933469819555e-14,1.1662788000836934e-10,1.709766614937635e-14
2,491,1800.0,1.765854223548593e-14,1.2029060863984294e-10,1.7634622761570654e-14
2,492,1800.0,1.6620370481023657e-14,1.1524606241800575e-10,1.6895091466224456e-14
2,493,1800.0,1.8885642115044645e-14,1.2656981142378824e-10,1.855515490942781e-14
2,494,1800.0,1.7741019870120755e-14,1.207182411098153e-10,1.769731375111531e-14
2,495,1800.0,1.8353665044555705e-14,1.2415698180209315e-10,1.8201433695048296e-14
2,496,1800.0,1.7596015760174023e-14,1.1989014205043794e-10,1.7575914294528855e-14
2,497,1800.0,1.7023510997364086e-14,1.1686053176452897e-10,1.713177293461156e-14
2,498,1800.0,1.7458399708745277e-14,1.190535739495782e-10,1.7453273275085723e-14
2,499,1800.0,1.6692651469750423e-14,1.1544396311855107e-10,1.6924103741063102e-14
2,500,1800.0,1.7578566012911247e-14,1.1978661601593558e-10,1.7560737361058373e-14
2,501,1800.0,1.731214533409841e-14,1.1827930051272282e-10,1.7339764663502167e-14
2,502,1800.0,1.7373124644698606e-14,1.1864307712801892e-10,1.739309437438122e-14
2,503,1800.0,1.7652742468605344e-14,1.2020381406578679e-10,1.7621898662918745e-14
2,504,1800.0,1.7536914919973204e-14,1.1956599437709816e-10,1.7528394192976267e-14
2,505,1800.0,1.7582534988577336e-14,1.1981225218619433e-10,1.756449562778157e-14
2,506,1800.0,1.7599333935062664e-14,1.1988986828444763e-10,1.7575874160390215e-14
2,507,1800.0,1.7782334104924506e-14,1.2107012575859658e-10,1.7748900097772054e-14
2,508,1800.0,1.6317348000451378e-14,1.1412449998300003e-10,1.6730670231112978e-14
2,509,1800.0,1.663739040144255e-14,1.1523256818833084e-10,1.6893113209962678e-14
2,510,1800.0,1.6401709790626843e-14,1.1439858396691042e-10,1.6770850987664966e-14
2,511,1800.0,1.74315933301947e-14,1.191442014947814e-10,1.7466559287930256e-14
2,512,1800.0,1.6784708840042595e-14,1.1593087807150356e-10,1.6995485552240015e-14
2,513,1800.0,1.7137880024350022e-14,1.1766852093237128e-10,1.725022427783317e-14
2,514,1800.0,1.7502123843302914e-14,1.1934708970328865e-10,1.7496302732246085e-14
2,515,1800.0,1.7346228029257343e-14,1.184630093897979e-10,1.7366696414715352e-14
2,516,1800.0,1.7528763495991615e-14,1.1951120213984633e-10,1.752036164209699e-14
2,517,1800.0,1.7282340087639706e-14,1.1814840956054849e-10,1.7320576028656965e-14
2,518,1800.0,1.6767100349563054e-14,1.157388591938144e-10,1.696733555358728e-14
2,519,1800.0,1.6523191697752824e-14,1.1481533996001884e-10,1.6831947483935055e-14
2,520,1800.0,1.7697133203930233e-14,1.2049284568399518e-10,1.7664270745086286e-14
2,521,1800.0,1.728203906325066e-14,1.183789546909987e-10,1.7354373982221064e-14
2,522,1800.0,1.7003876525124194e-14,1.1492034826625842e-10,1.684734171868293e-14
2,523,1800.0,1.6253805406529455e-14,1.1392563771276907e-10,1.670151699000226e-14
2,524,1800.0,1.7115061758999863e-14,1.1792968502722196e-10,1.7288510976550843e-14
2,525,1800.0,1.6822459628831184e-14,1.1281152816517098e-10,1.6538188349395074e-14
2,526,1800.0,1.6980816263962854e-14,1.1658347359041465e-10,1.709115616129267e-14
2,527,1800.0,1.6948426564459196e-14,1.1644908328257404e-10,1.7071454520338503e-14
2,528,1800.0,1.6912004428868503e-14,1.1628849611390895e-10,1.7047912415333147e-14
2,529,1800.0,1.8082379809356538e-14,1.226641670606228e-10,1.7982586811518424e-14
2,530,1800.0,1.7559067848921064e-14,1.1982862164139516e-10,1.7566895392572384e-14
2,531,1800.0,1.780650178780943e-14,1.210365124025812e-10,1.7743972374321457e-14
2,532,1800.0,1.80158608406256e-14,1.222678722048378e-10,1.79244899213028e-14
2,533,1800.0,1.6530298259460836e-14,1.1484056447578424e-10,1.6835645402042675e-14
2,534,1800.0,1.6972742790774468e-14,1.1661760223965879e-10,1.709615942681429e-14
2,535,1800.0,1.7308455724874174e-14,1.185290455083998e-10,1.737637732042653e-14
2,536,1800.0,1.7007795667921127e-14,1.1689496035331527e-10,1.713682017131877e-14
2,537,1800.0,1.721244322328596e-14,1.1776292493952107e-10,1.7264063920612362e-14
2,538,1800.0,1.6697925970004708e-14,1.1565968845096334e-10,1.695572910982813e-14
2,539,1800.0,1.6218494080965388e-14,1.0429316148011241e-10,1.528939440999868e-14
2,540,1800.0,1.670528929705992e-14,1.0732764609105855e-10,1.573425034675801e-14
2,541,1800.0,1.7774125959410555e-14,1.2091312907759744e-10,1.7725884358841615e-14
2,542,1800.0,1.6944533595356442e-14,1.0715510595463391e-10,1.570895593473796e-14
2,543,1800.0,1.718686120581904e-14,1.1499090864315843e-10,1.6857685881395344e-14
2,544,1800.0,1.6768099741055968e-14,1.060351517855486e-10,1.5544770471671593e-14
2,545,1800.0,1.6692860949204816e-14,1.0617821402018808e-10,1.556574341850278e-14
2,546,1800.0,1.6353318053774562e-14,1.0625374662668462e-10,1.5576816510881526e-14
2,547,1800.0,1.68359781869656e-14,1.0651765464804514e-10,1.5615505469671146e-14
2,548,1800.0,1.7218912981660222e-14,1.1802947646900902e-10,1.730314041812277e-14
2,549,1800.0,1.8196060376041528e-14,1.2355081948217815e-10,1.811257020050913e-14
2,550,1800.0,1.747354109287469e-14,1.194590314091081e-10,1.751271340449834e-14
2,551,1800.0,1.7003614229176332e-14,1.1698892576251905e-10,1.715059551556785e-14
2,552,1800.0,1.7545941467703618e-14,1.1958168537561961e-10,1.7530694495907702e-14
2,553,1800.0,1.719329960544993e-14,1.1789258121654635e-10,1.7283071551880207e-14
2,554,1800.0,1.7876373603615575e-14,1.2184314964682998e-10,1.7862225525324706e-14
2,555,1800.0,1.6496444240705458e-14,1.1487032693637512e-10,1.6840008583598666e-14
2,556,1800.0,1.768930778561224e-14,1.2038123646107662e-10,1.7647908814881296e-14
2,557,1800.0,1.7631188760760655e-14,1.2011118418818586e-10,1.760831910781953e-14
2,558,1800.0,1.773537362752242e-14,1.2097720117746934e-10,1.7735277339088023e-14
2,559,1800.0,1.719944286766834e-14,1.1680124025232076e-10,1.7123080789293007e-14
2,560,1800.0,1.7633107279632838e-14,1.2038390381955947e-10,1.7648299850068057e-14
2,561,1800.0,1.7410451231481172e-14,1.1881554813925875e-10,1.7418378652637944e-14
2,562,1800.0,1.6747337445099504e-14,1.1652041222605412e-10,1.7081911355036372e-14
2,563,1800.0,1.7519478581262922e-14,1.1970727905829142e-10,1.7549106550183568e-14
2,564,1800.0,1.678974491860711e-14,1.1601038468436556e-10,1.700714123459731e-14
2,565,1800.0,1.6811497706549526e-14,1.1595020228233518e-10,1.6998318484686146e-14
2,566,1800.0,1.7748337144535136e-14,1.2172565021776593e-10,1.784500008994223e-14
2,567,1800.0,1.718875216090387e-14,1.1563707706396107e-10,1.6952414276821554e-14
2,568,1800.0,1.6593803652385506e-14,1.1065356542813322e-10,1.622183066169623e-14
2,569,1800.0,1.7757843914467865e-14,1.1716347111302385e-10,1.7176183892297693e-14
2,570,1800.0,1.6650654626218315e-14,1.1264814450857509e-10,1.6514236278804915e-14
2,571,1800.0,1.687090103017936e-14,1.1444486720421315e-10,1.6777636117769857e-14
2,572,1800.0,1.798012417051552e-14,1.2156589178251427e-10,1.7821579477389864e-14
2,573,1800.0,1.63400594625996e-14,1.1318533013991337e-10,1.6592987779597047e-14
2,574,1800.0,1.6713678266246178e-14,1.1289196517367037e-10,1.6549980427903903e-14
2,575,1800.0,1.578941390983963e-14,1.0294141095965281e-10,1.509122756417755e-14
2,576,1800.0,1.784819410676358e-14,1.1915005029197365e-10,1.7467416722548473e-14
2,577,1800.0,1.6910981831896253e-14,1.0906318660249627e-10,1.5988680867583308e-14
2,578,1800.0,1.7490204916017455e-14,1.1896355380026733e-10,1.7440076306577647e-14
2,579,1800.0,1.6622122910749778e-14,1.0528689475500948e-10,1.5435075869479017e-14
2,580,1800.0,1.7197713782080936e-14,1.1773156879217515e-10,1.7259467104319274e-14
2,581,1800.0,1.737360970982692e-14,1.1861224423137327e-10,1.738857426672576e-14
2,582,1800.0,1.7157638861902542e-14,1.1533068597262142e-10,1.690749729307382e-14
2,583,1800.0,1.7141894633874138e-14,1.1821048276579642e-10,1.7329675970626883e-14
2,584,1800.0,1.783062701948482e-14,1.212460673001787e-10,1.7774693156340572e-14
2,585,1800.0,1.7913587330612073e-14,1.2266024323050454e-10,1.7982011577385863e-14
2,586,1800.0,1.7784424453689292e-14,1.2148738331483433e-10,1.7810070123278356e-14
2,587,1800.0,1.745258041029189e-14,1.16236379226627e-10,1.7040272071193927e-14
2,588,1800.0,1.731275980800172e-14,1.1955864854018954e-10,1.7527317292092514e-14
2,589,1800.0,1.7082558583593058e-14,1.1840199746963286e-10,1.7357752057310936e-14
2,590,1800.0,1.7562196440194544e-14,1.211499894250863e-10,1.776060812424916e-14
2,591,1800.0,1.7208317385366583e-14,1.1882411681205363e-10,1.7419634821461213e-14
2,592,1800.0,1.7415592345611122e-14,1.1884407298416708e-10,1.742256039953389e-14
2,593,1800.0,1.6830632221201523e-14,1.1692094609148066e-10,1.714062968475385e-14
2,594,1800.0,1.848303133547594e-14,1.2598012834057793e-10,1.846870727366575e-14
2,595,1800.0,1.6843482482444533e-14,1.1717384496082978e-10,1.7177704700070735e-14
2,596,1800.0,1.7122714670280985e-14,1.185900736760752e-10,1.7385324059718605e-14
2,597,1800.0,1.6575312482149818e-14,1.1582509401702236e-10,1.697997759267394e-14
2,598,1800.0,1.6534106192302818e-14,1.1357530927088725e-10,1.66501587835297e-14
2,599,1800.0,1.6712536285155708e-14,1.163550708320287e-10,1.7057672279821113e-14
2,600,1800.0,1.6007324208435127e-14,1.1381972940424325e-10,1.668599081477306e-14
2,601,1800.0,1.7049656759889616e-14,1.1800470905622453e-10,1.729950951138638e-14
2,602,1800.0,1.6795730936466487e-14,1.1686008135869722e-10,1.713170690504348e-14
2,603,1800.0,1.6779444167065573e-14,1.166504450350218e-10,1.7100974185948114e-14
2,604,1800.0,1.6618131480170594e-14,1.1437785415320177e-10,1.6767811993608794e-14
2,605,1800.0,1.750391149515177e-14,1.2061612649639232e-10,1.7682343732204282e-14
2,606,1800.0,1.6884800374048982e-14,1.1728411685289544e-10,1.7193870577355512e-14
2,607,1800.0,1.7427028032431763e-14,1.201159461044338e-10,1.7609017205514804e-14
2,608,1800.0,1.6871335454848515e-14,1.1515228801163459e-10,1.6881344123021657e-14
2,609,1800.0,1.623023877723387e-14,1.1447778063470869e-10,1.6782461232025583e-14
2,610,1800.0,1.686671489790191e-14,1.1703234085736067e-10,1.715696017552216e-14
2,611,1800.0,1.693448253688096e-14,1.1730695892523442e-10,1.7197219228869912e-14
2,612,1800.0,1.711116242316225e-14,1.1759281019901052e-10,1.72391250720272e-14
2,613,1800.0,1.7061192052733236e-14,1.178035254532303e-10,1.7270015962515585e-14
2,614,1800.0,1.6670205011978494e-14,1.1515285892043259e-10,1.6881427818344157e-14
2,615,1800.0,1.6933664865882463e-14,1.1738209406692669e-10,1.7208234052843807e-14
2,616,1800.0,1.765945392221403e-14,1.202399119660102e-10,1.7627190620953727e-14
2,617,1800.0,1.748185859378204e-14,1.2038430263823696e-10,1.7648358316950947e-14
2,618,1800.0,1.7347990975130925e-14,1.1957816807753455e-10,1.7530178859437228e-14
2,619,1800.0,1.7691836633201504e-14,1.20429409281718e-10,1.76549709582105e-14
2,620,1800.0,1.7756851368314572e-14,1.208113792554392e-10,1.7710967818389238e-14
2,621,1800.0,1.7156427121843737e-14,1.1849979611773672e-10,1.737208935500528e-14
2,622,1800.0,1.7258943697264677e-14,1.1917539520538164e-10,1.747113229097005e-14
2,623,1800.0,1.7168057762106663e-14,1.175413415244249e-10,1.723157975597453e-14
2,624,1800.0,1.7202398952292692e-14,1.1771242813296988e-10,1.7256661080571374e-14
2,625,1800.0,1.645571393856812e-14,1.153114180992867e-10,1.6904672619713884e-14
2,626,1800.0,1.6724220082439096e-14,1.1650095772796406e-10,1.7079059322456993e-14
2,627,1800.0,1.6566461280340137e-14,1.1557473780998873e-10,1.6943275332065428e-14
2,628,1800.0,1.6698875981626175e-14,1.1623111619537728e-10,1.703950050995801e-14
2,629,1800.0,1.6391017127379888e-14,1.1509159768295296e-10,1.6872446910980934e-14
2,630,1800.0,1.7735683263556342e-14,1.2068685303403475e-10,1.7692712254108518e-14
2,631,1800.0,1.721474724152714e-14,1.1782903272625595e-10,1.727375533288348e-14
2,632,1800.0,1.69257526555353e-14,1.1580810369000426e-10,1.697748680797389e-14
2,633,1800.0,1.6731436009935194e-14,1.1483985640863267e-10,1.6835541599283268e-14
2,634,1800.0,1.6359195730231493e-14,1.1428796932757946e-10,1.6754634863575436e-14
2,635,1800.0,1.614640094813844e-14,1.1350938018399915e-10,1.6640493568685146e-14
2,636,1800.0,1.6361894257560756e-14,1.1428206371630589e-10,1.6753769100003674e-14
2,637,1800.0,1.68232052236538e-14,1.1689364381641358e-10,1.713662716679518e-14
2,638,1800.0,1.5656711152055955e-14,1.1276691842616332e-10,1.6531648554412012e-14
2,639,1800.0,1.6230221632726603e-14,1.1059881214573716e-10,1.6213803821605134e-14
2,640,1800.0,1.640053273107811e-14,1.1117147871622895e-10,1.629775683383921e-14
2,641,1800.0,1.5958132981209653e-14,1.136690189204401e-10,1.666389663337242e-14
2,642,1800.0,1.7432256116379784e-14,1.2014252396674203e-10,1.7612913524445385e-14
2,643,1800.0,1.6667830281666275e-14,1.1619035490963704e-10,1.7033524898848936e-14
2,644,1800.0,1.748596691473346e-14,1.204851011224033e-10,1.7663135391099214e-14
2,645,1800.0,1.6436392921626293e-14,1.152546937250229e-10,1.689635681723488e-14
2,646,1800.0,1.725114604889265e-14,1.191074456235495e-10,1.7461170871238576e-14
2,647,1800.0,1.6652157462514873e-14,1.1567816592755987e-10,1.695843791089789e-14
2,648,1800.0,1.642567334341501e-14,1.1447870255307007e-10,1.6782596385407078e-14
2,649,1800.0,1.6651958202347036e-14,1.1595442093314188e-10,1.699893693957951e-14
2,650,1800.0,1.6276169433439823e-14,1.1425720921889228e-10,1.6750125426646514e-14
2,651,1800.0,1.6856536947067334e-14,1.169145066051134e-10,1.713968565500665e-14
2,652,1800.0,1.685347978452642e-14,1.1694550859435025e-10,1.7144230551663437e-14
2,653,1800.0,1.702180259166035e-14,1.1758656847311075e-10,1.723821003399665e-14
2,654,1800.0,1.700094547819716e-14,1.1774307143355756e-10,1.726115339341394e-14
2,655,1800.0,1.628534562747791e-14,1.1169963794457605e-10,1.6375185062486967e-14
2,656,1800.0,1.5591482713574707e-14,1.1217458479997051e-10,1.6444812348618276e-14
2,657,1800.0,1.664995570981482e-14,1.1528008829226475e-10,1.6900079664916567e-14
2,658,1800.0,1.61912362591314e-14,1.0593206194266726e-10,1.5529657483963593e-14
2,659,1800.0,1.5905551904464146e-14,1.0818276298020316e-10,1.5859610621575988e-14
2,660,1800.0,1.6968365251585148e-14,1.1659786274131894e-10,1.709326561315201e-14
2,661,1800.0,1.6348127096387232e-14,1.1282319879033552e-10,1.653989926493948e-14
2,662,1800.0,1.655672534453588e-14,1.0850999476255872e-10,1.5907582854011143e-14
2,663,1800.0,1.6271891571766444e-14,1.1225034589044883e-10,1.6455918936785855e-14
2,664,1800.0,1.6102110966184506e-14,1.0985690861531353e-10,1.6105040643561287e-14
2,665,1800.0,1.7048450014363506e-14,1.1792838270979886e-10,1.7288320056605122e-14
2,666,1800.0,1.7136135308209128e-14,1.1838892021374868e-10,1.7355834929474592e-14
2,667,1800.0,1.651358994474477e-14,1.1551832548322664e-10,1.693500527580085e-14
2,668,1800.0,1.7374524192464263e-14,1.1972184068739544e-10,1.7551241287374996e-14
2,669,1800.0,1.6761584200228437e-14,1.157165945121616e-10,1.6964071547641235e-14
2,670,1800.0,1.6957846480973676e-14,1.174638146365101e-10,1.7220214301616e-14
2,671,1800.0,1.7010017963635536e-14,1.170119239002027e-10,1.7153967046287127e-14
2,672,1800.0,1.7352737255840443e-14,1.1959878844030995e-10,1.753320180796881e-14
2,673,1800.0,1.6913968846777955e-14,1.1725718282041242e-10,1.718992204381946e-14
2,674,1800.0,1.6714991481200384e-14,1.1630116086776822e-10,1.7049769070305645e-14
2,675,1800.0,1.5973097745980242e-14,1.134329858782425e-10,1.6629294151054928e-14
2,676,1800.0,1.7592960595532783e-14,1.210233039129838e-10,1.7742036007601446e-14
2,677,1800.0,1.7890078895931505e-14,1.2159623714517657e-10,1.7826028112484188e-14
2,678,1800.0,1.6861662597288376e-14,1.1696949051267617e-10,1.7147746304784637e-14
2,679,1800.0,1.6908584609008372e-14,1.1721501763476653e-10,1.7183740620756228e-14
2,680,1800.0,1.5869855475744134e-14,1.0416633699597206e-10,1.527080192002765e-14
2,681,1800.0,1.7004616734186766e-14,1.1768189260503372e-10,1.7252184567217017e-14
2,682,1800.0,1.7597259421436396e-14,1.1987783892635875e-10,1.7574110654540842e-14
2,683,1800.0,1.7079650657873103e-14,1.1711282904724806e-10,1.7168759757230786e-14
2,684,1800.0,1.6666329912154783e-14,1.161676743435948e-10,1.7030199924183862e-14
2,685,1800.0,1.6955099083312992e-14,1.1749697935125168e-10,1.7225076254183005e-14
2,686,1800.0,1.6339383885313578e-14,1.1491624211375873e-10,1.6846739756059642e-14
2,687,1800.0,1.6371443196424405e-14,1.1500314359255249e-10,1.6859479526963445e-14
2,688,1800.0,1.5561722542494638e-14,1.1254736330108913e-10,1.6499461737420795e-14
2,689,1800.0,1.6396653672067487e-14,1.1509358352072777e-10,1.6872738035121215e-14
2,690,1800.0,1.6011231786500695e-14,1.1380789115951481e-10,1.6684255326173362e-14
2,691,1800.0,1.6330537852452147e-14,1.1485883316612587e-10,1.683832359501356e-14
2,692,1800.0,1.7376297369379413e-14,1.1862698136563988e-10,1.739073473300253e-14
2,693,1800.0,1.6499601898291408e-14,1.1548421926512698e-10,1.6930005298688657e-14
2,694,1800.0,1.6433528230097254e-14,1.145051882374963e-10,1.6786479191045192e-14
2,695,1800.0,1.6483500286940743e-14,1.154518506998693e-10,1.6925260061765286e-14
2,696,1800.0,1.7343415560018518e-14,1.196564828742576e-10,1.7541659821355005e-14
2,697,1800.0,1.7031519028281095e-14,1.1783626150275199e-10,1.7274815072691736e-14
2,698,1800.0,1.7030265913039022e-14,1.17788276361714e-10,1.7267780443222873e-14
2,699,1800.0,1.5960592352067192e-14,1.136203070720563e-10,1.665675546848864e-14
2,700,1800.0,1.7488430083568165e-14,1.20391671711979e-10,1.7649438624358254e-14
2,701,1800.0,1.7542303783129978e-14,1.2080873548054594e-10,1.7710580240560543e-14
2,702,1800.0,1.6876728026950677e-14,1.1704903551866436e-10,1.7159407615580466e-14
2,703,1800.0,1.7989449702952992e-14,1.2345790728254594e-10,1.8098949256954283e-14
2,704,1800.0,1.6518970390463162e-14,1.1406377065620403e-10,1.6721767301942356e-14
2,705,1800.0,1.648007204179694e-14,1.1535440925049455e-10,1.6910975129462638e-14
2,706,1800.0,1.7563308978133615e-14,1.2096322842956458e-10,1.7733228931976038e-14
2,707,1800.0,1.691242734699328e-14,1.1733212177552497e-10,1.7200908106808907e-14
2,708,1800.0,1.7199026740118014e-14,1.176955020126991e-10,1.7254179708590907e-14
2,709,1800.0,1.7737465542854194e-14,1.2069734185730768e-10,1.7694249917303695e-14
2,710,1800.0,1.8475062867528418e-14,1.2466929620231334e-10,1.8276539069319477e-14
2,711,1800.0,1.71481024072429e-14,1.186234802803628e-10,1.739022147333234e-14
2,712,1800.0,1.773047438694571e-14,1.2196856125546812e-10,1.7880610887517667e-14
2,713,1800.0,1.789377264162103e-14,1.2290561189423252e-10,1.8017982663335798e-14
2,714,1800.0,1.8368548148773447e-14,1.2537313817803705e-10,1.837972241726319e-14
2,715,1800.0,1.8829192544578906e-14,1.2744323242083e-10,1.8683198569436068e-14
2,716,1800.0,1.853303917037862e-14,1.2615478416058447e-10,1.8494311845242487e-14
2,717,1800.0,1.7846986340309187e-14,1.2263575566242036e-10,1.7978421695927988e-14
2,718,1800.0,1.8564640865965252e-14,1.262457059073428e-10,1.850764098808278e-14
2,719,1800.0,1.8909824720713722e-14,1.2776358682535755e-10,1.8730162577164763e-14
2,720,1800.0,1.85467421043897e-14,1.2614753305692752e-10,1.8493248832268814e-14
2,721,1800.0,1.7896525864639785e-14,1.2166006932697744e-10,1.783538592070242e-14
2,722,1800.0,1.7434891825296577e-14,1.1897666683588176e-10,1.7441998679728256e-14
2,723,1800.0,1.762697547801797e-14,1.2008020220998294e-10,1.7603777144783565e-14
2,724,1800.0,1.7178693576858725e-14,1.1764604203457442e-10,1.724692886776562e-14
2,725,1800.0,1.6886646985338265e-14,1.1717751791055443e-10,1.7178243155096848e-14
2,726,1800.0,1.6101459494925474e-14,1.1328350813410674e-10,1.6607380689489722e-14
2,727,1800.0,1.6849426083386827e-14,1.1610891840658877e-10,1.7021586294276926e-14
2,728,1800.0,1.658533841678488e-14,1.1503926977092886e-10,1.6864775630580245e-14
2,729,1800.0,1.755149081009985e-14,1.1966162230063944e-10,1.7542413262097213e-14
2,730,1800.0,1.667973001607062e-14,1.1541579631703137e-10,1.6919974483386082e-14
2,731,1800.0,1.781990919703547e-14,1.211246068226027e-10,1.775688703060298e-14
2,732,1800.0,1.5514817766042364e-14,1.1191083622178834e-10,1.6406146764224494e-14
2,733,1800.0,1.6974134886524917e-14,1.1647567231669923e-10,1.7075352477059267e-14
2,734,1800.0,1.6631780235082628e-14,1.1601636944877043e-10,1.700801860203098e-14
2,735,1800.0,1.7285392757223106e-14,1.1929556625603347e-10,1.7488749386511164e-14
2,736,1800.0,1.7635889103910844e-14,1.2010236169809824e-10,1.7607025729339926e-14
2,737,1800.0,1.6516034557249383e-14,1.1479002286947867e-10,1.682823599435042e-14
2,738,1800.0,1.63438581666198e-14,1.1492410289399739e-10,1.6847892147719206e-14
2,739,1800.0,1.633652803696244e-14,1.1489744683331205e-10,1.684398436489384e-14
2,740,1800.0,1.7070859114985224e-14,1.1742489245718397e-10,1.7214508303805903e-14
2,741,1800.0,1.7119353271903078e-14,1.1598923887638622e-10,1.70040412557135e-14
2,742,1800.0,1.5942967620623337e-14,1.1272831154638731e-10,1.6525988779567164e-14
2,743,1800.0,1.6003906812424217e-14,1.1350717513394213e-10,1.664017030798869e-14
2,744,1800.0,1.6718540264641088e-14,1.1638228422278012e-10,1.7061661767324674e-14
2,745,1800.0,1.6421828908310747e-14,1.1511070421360235e-10,1.6875247931477002e-14
2,746,1800.0,1.6281513588554007e-14,1.1401157050982037e-10,1.6714114752005305e-14
2,747,1800.0,1.794163162441813e-14,1.2309711912799807e-10,1.8046057654906246e-14
2,748,1800.0,1.7200291783123573e-14,1.187888801619058e-10,1.7414469122827175e-14
2,749,1800.0,1.6759154448918562e-14,1.1652519985820925e-10,1.7082613222687814e-14
2,750,1800.0,1.675460901142286e-14,1.1630647765462348e-10,1.7050548512122065e-14
2,751,1800.0,1.5765179767344878e-14,1.1312756889991245e-10,1.6584519972432597e-14
2,752,1800.0,1.7000903915192194e-14,1.167856544035214e-10,1.7120795901327908e-14
2,753,1800.0,1.5518769709694517e-14,1.1234469902741862e-10,1.6469751121988402e-14
2,754,1800.0,1.6639139229595205e-14,1.1604665513337402e-10,1.7012458488312203e-14
2,755,1800.0,1.7062225006300792e-14,1.1798858732999416e-10,1.7297146063702868e-14
2,756,1800.0,1.726824211860554e-14,1.179428312261187e-10,1.7290438211444022e-14
2,757,1800.0,1.755177107035236e-14,1.199217506021314e-10,1.7580548113340286e-14
2,758,1800.0,1.6850666659646794e-14,1.1635191753185289e-10,1.7057210005503248e-14
2,759,1800.0,1.702070791468651e-14,1.1583910302454504e-10,1.69820313154518e-14
2,760,1800.0,1.8393090281406574e-14,1.2450189863035214e-10,1.8251998558084912e-14
2,761,1800.0,1.7343801237202266e-14,1.1944162713070363e-10,1.7510161934457822e-14
2,762,1800.0,1.6756494738865157e-14,1.1649261232221664e-10,1.7077835884619143e-14
2,763,1800.0,1.718095522454371e-14,1.1869472593979809e-10,1.7400666098575715e-14
2,764,1800.0,1.701627966687964e-14,1.1599833693947595e-10,1.7005375033239962e-14
2,765,1800.0,1.7186525817471604e-14,1.187287204764013e-10,1.7405649703162394e-14
2,766,1800.0,1.6532989353221664e-14,1.1561798156867065e-10,1.6949614874110904e-14
2,767,1800.0,1.7015037127959187e-14,1.178061966825482e-10,1.727040756516739e-14
2,768,1800.0,1.6891469156208064e-14,1.1720547765657352e-10,1.718234205840386e-14
2,769,1800.0,1.658784287902183e-14,1.1583994586794574e-10,1.698215487643122e-14
2,770,1800.0,1.7055638107823296e-14,1.1801187755339575e-10,1.730056041423583e-14
2,771,1800.0,1.723878638042209e-14,1.1902465646289722e-10,1.7449033966842145e-14
2,772,1800.0,1.6469195301482624e-14,1.1536810549792685e-10,1.6912983001560455e-14
2,773,1800.0,1.689099597433058e-14,1.1718380041255245e-10,1.7179164170910027e-14
2,774,1800.0,1.5804857611364168e-14,1.127608085252665e-10,1.65307528419483e-14
2,775,1800.0,1.7547595012414218e-14,1.1986513869687384e-10,1.757224879883586e-14
2,776,1800.0,1.6456747230271602e-14,1.1458400438028857e-10,1.6798033650378133e-14
2,777,1800.0,1.704031125222296e-14,1.1741399764847417e-10,1.721291112307975e-14
2,778,1800.0,1.639089869575368e-14,1.150885682015201e-10,1.6872002788510892e-14
2,779,1800.0,1.6815748849297148e-14,1.1685548654751952e-10,1.7131033304978642e-14
2,780,1800.0,1.7180029167025883e-14,1.187229184568117e-10,1.740479912614832e-14
3,1,1100.0,3.203068895253583e-14,2.071548452321641e-10,3.036893395259436e-14
3,2,1100.0,3.386860882264635e-14,2.2109033518876776e-10,3.241187904332994e-14
3,3,1100.0,3.3860354448318254e-14,2.2103247435150524e-10,3.2403396635190763e-14
3,4,1100.0,3.2228044405148085e-14,2.1185812750638913e-10,3.1058435897799983e-14
3,5,1100.0,3.247851165617503e-14,2.1336187850076753e-10,3.127888603778221e-14
3,6,1100.0,3.275961565173275e-14,2.1144640893299733e-10,3.099807788807842e-14
3,7,1100.0,3.2046013934042164e-14,2.108032000102807e-10,3.090378335555224e-14
3,8,1100.0,3.347101946112273e-14,2.192958698564466e-10,3.214881013419385e-14
3,9,1100.0,3.339169565631496e-14,2.1886816191182118e-10,3.208610808005279e-14
3,10,1100.0,3.2262255356864654e-14,2.1216018559799432e-10,3.1102717663082977e-14
3,11,1100.0,3.332464662821509e-14,2.1829168380841157e-10,3.200159629647398e-14
3,12,1100.0,3.1522692320334624e-14,2.0775525562080445e-10,3.045695421307456e-14
3,13,1100.0,3.1257192071610355e-14,2.106529264468464e-10,3.088175322674863e-14
3,14,1100.0,3.131210982293476e-14,2.032204099253766e-10,2.979214509767438e-14
3,15,1100.0,3.01972968480861e-14,2.049148498330413e-10,3.00405502633119e-14
3,16,1100.0,3.272232252043485e-14,2.147558493092856e-10,3.14832423846892e-14
3,17,1100.0,3.083798020307141e-14,2.0826182143687978e-10,3.0531216843976546e-14
3,18,1100.0,2.958183691433372e-14,1.9791939476470953e-10,2.901501541424565e-14
3,19,1100.0,3.072183876920116e-14,2.0336884656656977e-10,2.9813905933379136e-14
3,20,1100.0,2.913305717983163e-14,1.9214358971192984e-10,2.8168281455528217e-14
3,21,1100.0,3.0234338962438e-14,2.0061141353533607e-10,2.940966580319831e-14
3,22,1100.0,2.935943280683031e-14,1.965662572470088e-10,2.881664523440372e-14
3,23,1100.0,2.9785487606237615e-14,1.9618640754877914e-10,2.876095920695638e-14
3,24,1100.0,2.7847454255064195e-14,1.9107309604857155e-10,2.801134691063373e-14
3,25,1100.0,2.943193936344497e-14,1.9293107772696992e-10,2.8283727326419676e-14
3,26,1100.0,2.975629292106299e-14,1.982769629299874e-10,2.9067434965343785e-14
3,27,1100.0,2.949405818253123e-14,1.9752222641284547e-10,2.895679046936298e-14
3,28,1100.0,2.871703643433147e-14,1.943042408649995e-10,2.8485033265453933e-14
3,29,1100.0,2.780644914905817e-14,1.9108101268422862e-10,2.80125074907067e-14
3,30,1100.0,2.9543648316996414e-14,1.9275954553961523e-10,2.8258580679896972e-14
3,31,1100.0,2.9012974687004424e-14,1.952087813626661e-10,2.861763904930754e-14
3,32,1100.0,3.006409617580218e-14,1.9997097932290767e-10,2.931577804365099e-14
3,33,1100.0,2.8689655968033956e-14,1.9414522109594253e-10,2.8461720941485667e-14
3,34,1100.0,2.8109708991520908e-14,1.9196044562749215e-10,2.8141432503007398e-14
3,35,1100.0,2.817285604908367e-14,1.9233148498488983e-10,2.8195826933057995e-14
3,36,1100.0,2.6721354841605743e-14,1.8772882225512875e-10,2.752107582941121e-14
3,37,1100.0,2.8232191454390053e-14,1.9251325176274258e-10,2.8222473972209792e-14
3,38,1100.0,3.011306779092741e-14,2.0019496549899895e-10,2.934861445344091e-14
3,39,1100.0,2.8504709540802984e-14,1.9153144042903722e-10,2.8078540271244262e-14
3,40,1100.0,2.770658455491889e-14,1.907475236707493e-10,2.7963617947172642e-14
3,41,1100.0,2.7926929973494625e-14,1.9138020544188756e-10,2.8056369197567847e-14
3,42,1100.0,2.8742035084823353e-14,1.9231974144687105e-10,2.8194105328477314e-14
3,43,1100.0,2.9705816709976004e-14,1.9859151612846834e-10,2.911354851532394e-14
3,44,1100.0,2.907003804901086e-14,1.95851112621915e-10,2.871180491622682e-14
3,45,1100.0,2.8340941196739218e-14,1.930185637469385e-10,2.8296552791154637e-14
3,46,1100.0,2.9125991232882336e-14,1.9615294807674234e-10,2.875605404292202e-14
3,47,1100.0,2.975652976595587e-14,1.9606932351757594e-10,2.874379466896776e-14
3,48,1100.0,2.914104672505202e-14,1.960734442934555e-10,2.874439877538091e-14
3,49,1100.0,3.0709435667299014e-14,2.0312829690114416e-10,2.977864131336293e-14
3,50,1100.0,3.108255882231276e-14,2.0528974333127173e-10,3.009550971103448e-14
3,51,1100.0,2.990942486517672e-14,1.9940932333802437e-10,2.923343918505522e-14
3,52,1100.0,3.014134847078022e-14,2.0036524564341964e-10,2.9373577550266155e-14
3,53,1100.0,2.97417263580666e-14,1.9853614901351405e-10,2.910543168728013e-14
3,54,1100.0,2.95478038602996e-14,1.9748874590227822e-10,2.895188222107665e-14
3,55,1100.0,3.078803550844816e-14,2.0354142441683898e-10,2.983920587425492e-14
3,56,1100.0,3.0133395804783824e-14,2.0004492022551573e-10,2.93266177919812e-14
3,57,1100.0,3.034217502214656e-14,2.0121898839617925e-10,2.949873637646694e-14
3,58,1100.0,3.12436569695955e-14,2.0575663880874098e-10,3.0163956663854423e-14
3,59,1100.0,2.826008916572019e-14,1.9257175666170382e-10,2.8231050799898597e-14
3,60,1100.0,3.2420736882804516e-14,2.1288031740953928e-10,3.1208289103603525e-14
3,61,1100.0,2.7340432755229415e-14,1.8960975550231623e-10,2.7796820948908935e-14
3,62,1100.0,3.153402942802209e-14,2.0809453134941716e-10,3.050669208998692e-14
3,63,1100.0,2.975652976595587e-14,1.9606932351757594e-10,2.874379466896776e-14
3,64,1100.0,2.903589768940152e-14,1.9578247863671924e-10,2.8701743162851097e-14
3,65,1100.0,2.7129388533831732e-14,1.891433848379991e-10,2.772845093378232e-14
3,66,1100.0,3.2513767040842284e-14,2.1383899202095783e-10,3.134883095732445e-14
3,67,1100.0,3.205225155713452e-14,2.1112826068753402e-10,3.095143730362682e-14
3,68,1100.0,3.0454833893114585e-14,2.0199205182173835e-10,2.961206760019796e-14
3,69,1100.0,3.194956678353484e-14,2.1041404864634765e-10,3.08467337024022e-14
3,70,1100.0,2.7681540247605025e-14,1.9066315187149884e-10,2.7951249027700702e-14
3,71,1100.0,2.9929476398637364e-14,1.9952222809438205e-10,2.9249991040672775e-14
3,72,1100.0,3.010254739689644e-14,1.9750852526766587e-10,2.895478187925461e-14
3,73,1100.0,2.8864865651725266e-14,1.9484734111304365e-10,2.856465185001567e-14
3,74,1100.0,3.347876394987643e-14,2.1926211504675704e-10,3.214386167361164e-14
3,75,1100.0,3.055352263248723e-14,1.9950991497369405e-10,2.924818593518029e-14
3,76,1100.0,2.791374149746357e-14,1.9136410600075982e-10,2.8054009016884e-14
3,77,1100.0,3.1799369591816787e-14,2.0917993749178382e-10,3.06658128067258e-14
3,78,1100.0,2.889802706901628e-14,1.9503931313271448e-10,2.859279497927531e-14
3,79,1100.0,2.779564625127669e-14,1.912725662939125e-10,2.8040589280994306e-14
3,80,1100.0,2.9122876218172717e-14,1.9573573638819124e-10,2.8694890741626033e-14
3,81,1100.0,3.024708235982024e-14,2.0085480705849322e-10,2.94453473332198e-14
3,82,1100.0,3.392812767911256e-14,2.1810071081517081e-10,3.1973599624651225e-14
3,83,1100.0,3.2650356113173776e-14,2.1081458126923604e-10,3.0905451849963385e-14
3,84,1100.0,3.324720836201979e-14,2.1428241372576923e-10,3.1413836651260654e-14
3,85,1100.0,2.860910614059517e-14,1.9187449744760628e-10,2.8128832485878305e-14
3,86,1100.0,3.3180146436649054e-14,2.13893241082479e-10,3.1356783878553396e-14
3,87,1100.0,3.298927364553681e-14,2.1278202983343445e-10,3.119388012898484e-14
3,88,1100.0,3.121677385009061e-14,2.0272797843232384e-10,2.9719954560822896e-14
3,89,1100.0,3.473060300180223e-14,2.219722066380426e-10,3.25411615410079e-14
3,90,1100.0,3.222606898799831e-14,2.0829287001824065e-10,3.053576857104628e-14
3,91,1100.0,3.210321876020877e-14,2.075740518094839e-10,3.0430389704907805e-14
3,92,1100.0,3.170354358133208e-14,2.0531541461597568e-10,3.009927312554105e-14
3,93,1100.0,3.5094453232218895e-14,2.2346939098043552e-10,3.276064900874264e-14
3,94,1100.0,3.0646815653182055e-14,1.9994138115657435e-10,2.931143894765984e-14
3,95,1100.0,2.767497502198013e-14,1.8917989172108426e-10,2.7733802848771252e-14
3,96,1100.0,2.772349816050199e-14,1.8935404424951128e-10,2.7759333637720697e-14
3,97,1100.0,2.942759749672976e-14,1.9509078233774234e-10,2.8600340373090895e-14
3,98,1100.0,2.7624730730549096e-14,1.8913254326861995e-10,2.7726861557950687e-14
3,99,1100.0,2.7814442001954108e-14,1.8949562069838872e-10,2.778008876811788e-14
3,100,1100.0,3.1499075624087464e-14,2.0448163406473022e-10,2.9977040761324067e-14
3,101,1100.0,2.9890806687464895e-14,1.9657209704503524e-10,2.8817501349742775e-14
3,102,1100.0,3.040324418699209e-14,1.991483690246646e-10,2.919518324033818e-14
3,103,1100.0,3.091228339304263e-14,2.0152997545375067e-10,2.9544327129610626e-14
3,104,1100.0,3.132140035577724e-14,2.0357644232395516e-10,2.9844339505124996e-14
3,105,1100.0,2.9890374854808195e-14,1.9657330974788816e-10,2.8817679132177954e-14
3,106,1100.0,2.8749276893311247e-14,1.922906303190829e-10,2.8189837632415978e-14
3,107,1100.0,2.8787781783273055e-14,1.9280412536955655e-10,2.8265116090206047e-14
3,108,1100.0,2.9778259592501856e-14,1.96157198249169e-10,2.875667711889e-14
3,109,1100.0,3.0129927833722416e-14,1.9809248109428666e-10,2.9040389898270556e-14
3,110,1100.0,2.916406482642343e-14,1.9401603468896565e-10,2.844278219324323e-14
3,111,1100.0,3.061574819865962e-14,2.0017560028124484e-10,2.934577550937328e-14
3,112,1100.0,3.087911222433263e-14,2.0170257955223372e-10,2.956963091847883e-14
3,113,1100.0,3.1787480232961816e-14,2.062350357133679e-10,3.0234089727763486e-14
3,114,1100.0,3.0019640763360904e-14,1.9752844659319555e-10,2.895770234881245e-14
3,115,1100.0,3.003754090030517e-14,1.9763414808554072e-10,2.897319820475598e-14
3,116,1100.0,3.010885332743287e-14,1.9796329534491108e-10,2.902145124643257e-14
3,117,1100.0,3.1102987820892205e-14,2.0267500666836324e-10,2.9712188891623756e-14
3,118,1100.0,3.021877387723151e-14,1.983537979911073e-10,2.907869899778184e-14
3,119,1100.0,2.9763556435316225e-14,1.9645504982427966e-10,2.880034220817175e-14
3,120,1100.0,3.0251943786164826e-14,1.9872019720217027e-10,2.913241318162621e-14
3,121,1100.0,3.109173465512495e-14,2.0259975634214834e-10,2.970115718158014e-14
3,122,1100.0,3.034097381257517e-14,1.9905687392290917e-10,2.9181770043562204e-14
3,123,1100.0,3.016287434357724e-14,1.983247312730207e-10,2.907443781218996e-14
3,124,1100.0,3.027962571381924e-14,1.9889011215676464e-10,2.915732274156362e-14
3,125,1100.0,3.113720051812789e-14,2.0300438765696308e-10,2.976047619804335e-14
3,126,1100.0,3.0451950910205283e-14,1.9971386882741707e-10,2.9278085603257806e-14
3,127,1100.0,3.182401830290752e-14,2.0666272435791576e-10,3.029678895251005e-14
3,128,1100.0,3.147899658711056e-14,2.044421869741262e-10,2.997125781143538e-14
3,129,1100.0,3.112660874421324e-14,2.0269040311533685e-10,2.971444601325044e-14
3,130,1100.0,3.055986879535675e-14,2.0009288617224858e-10,2.933364960756181e-14
3,131,1100.0,3.0938864944397083e-14,2.0191741722582192e-10,2.9601126156316096e-14
3,132,1100.0,3.0408544689840185e-14,1.9948587319301842e-10,2.92446614062289e-14
3,133,1100.0,2.994239653147452e-14,1.9668828130968337e-10,2.883453398180829e-14
3,134,1100.0,3.1087726041341956e-14,2.0263800387633577e-10,2.9706764276303343e-14
3,135,1100.0,3.204296718098442e-14,2.077504688001536e-10,3.045625246438977e-14
3,136,1100.0,3.024967524507327e-14,1.9863077963569053e-10,2.9119304551859036e-14
3,137,1100.0,2.8095534344178433e-14,1.902360558258157e-10,2.7888636678043954e-14
3,138,1100.0,3.2722358166322856e-14,1.9370646811994501e-10,2.839739968395177e-14
3,139,1100.0,3.1299470969090893e-14,2.0342315241666632e-10,2.9821867179822457e-14
3,140,1100.0,3.1472391276820476e-14,1.9033939115194946e-10,2.7903785653636625e-14
3,141,1100.0,3.417278204729572e-14,1.972343388855317e-10,2.891458611110639e-14
3,142,1100.0,2.991764545565207e-14,1.9684070139550255e-10,2.8856878791142124e-14
3,143,1100.0,3.0641461588043467e-14,1.99898440120908e-10,2.930514378485761e-14
3,144,1100.0,2.99086984837144e-14,1.9670877988698555e-10,2.8837539076569725e-14
3,145,1100.0,2.991643420226627e-14,1.9671253926364455e-10,2.883809020179845e-14
3,146,1100.0,2.95892424740063e-14,1.953769981717993e-10,2.8642299660844565e-14
3,147,1100.0,3.1946769900692276e-14,1.9146286039078804e-10,2.8068486426499663e-14
3,148,1100.0,3.1773962237326373e-14,1.9110200196748448e-10,2.8015584523040633e-14
3,149,1100.0,2.90277493541705e-14,1.9345869155410177e-10,2.8361075599160703e-14
3,150,1100.0,3.0761993083573843e-14,2.0066605569001586e-10,2.941767635194815e-14
3,151,1100.0,2.945800347450372e-14,1.950971171163649e-10,2.860126905266572e-14
3,152,1100.0,3.050011431846407e-14,1.9926552415157237e-10,2.9212358200968634e-14
3,153,1100.0,2.8150345504508273e-14,1.904053666429158e-10,2.7913457671326588e-14
3,154,1100.0,2.943572405638915e-14,1.9545808244617337e-10,2.865418662863574e-14
3,155,1100.0,2.9978261015645844e-14,1.9717101153846477e-10,2.8905302311742135e-14
3,156,1100.0,2.87924673680994e-14,1.925423836015118e-10,2.8226744704504316e-14
3,157,1100.0,3.061532704022589e-14,2.0066059672424863e-10,2.941687606668015e-14
3,158,1100.0,3.250402272869049e-14,1.963843805122693e-10,2.878998207555447e-14
3,159,1100.0,3.0358803460767777e-14,1.9547958813051719e-10,2.8657339365453024e-14
3,160,1100.0,3.09466925474057e-14,2.0122163303486645e-10,2.949912408092797e-14
3,161,1100.0,3.078398470499657e-14,2.0058890118606514e-10,2.940636548913923e-14
3,162,1100.0,2.979945976399251e-14,1.963704336584591e-10,2.8787937464520954e-14
3,163,1100.0,3.3094612970943296e-14,1.9787334238831362e-10,2.900826412838719e-14
3,164,1100.0,3.272636420478887e-14,1.971858359868567e-10,2.890747557828385e-14
3,165,1100.0,3.315277269803441e-14,1.9807736679765571e-10,2.903817413992992e-14
3,166,1100.0,3.3074342347730814e-14,1.9817091539425686e-10,2.905188837938377e-14
3,167,1100.0,3.1337695758313574e-14,1.9336248650641697e-10,2.834697192354659e-14
3,168,1100.0,2.9576551052924976e-14,1.9547587717408168e-10,2.8656795338636925e-14
3,169,1100.0,3.250426079365539e-14,2.1015914722597575e-10,3.0809365112780166e-14
3,170,1100.0,3.180430065743732e-14,2.061812108568716e-10,3.022619899506008e-14
3,171,1100.0,3.1507865245890376e-14,2.0450435515401553e-10,2.998037167670315e-14
3,172,1100.0,2.930313774781257e-14,1.9438023702401828e-10,2.849617431470773e-14
3,173,1100.0,3.0986570788510577e-14,2.0178298916538899e-10,2.958141898082576e-14
3,174,1100.0,3.0995144894589355e-14,2.0160910896591146e-10,2.955592811534453e-14
3,175,1100.0,3.0483135970721046e-14,1.9940674995186976e-10,2.923306192622704e-14
3,176,1100.0,2.9314530984968175e-14,1.94556183154876e-10,2.852196804606479e-14
3,177,1100.0,3.230885460119098e-14,2.0911752590005924e-10,3.065666325724345e-14
3,178,1100.0,2.992062724021906e-14,1.9690045984537305e-10,2.88656393895978e-14
3,179,1100.0,2.949548311995309e-14,1.9545213383299636e-10,2.865331456097795e-14
3,180,1100.0,3.017157910965155e-14,1.97992181206544e-10,2.902568591843896e-14
3,181,1100.0,3.0008683421530494e-14,1.9736927290168573e-10,2.89343674597876e-14
3,182,1100.0,3.149254596551962e-14,2.0434659180614577e-10,2.995724354428497e-14
3,183,1100.0,3.0629819829723476e-14,2.0019674386952632e-10,2.934887516284902e-14
3,184,1100.0,2.913175888141249e-14,1.9374440770975952e-10,2.8402961633979897e-14
3,185,1100.0,3.116772912726942e-14,2.025413700723697e-10,2.969259774494877e-14
3,186,1100.0,2.972940806547401e-14,1.9611877595178104e-10,2.875104440385321e-14
3,187,1100.0,2.840514155595038e-14,1.913421482830132e-10,2.8050790011896456e-14
3,188,1100.0,3.507814273059908e-14,2.2340534475342625e-10,3.2751259821462097e-14
3,189,1100.0,3.4854300847433266e-14,2.2249782881055386e-10,3.2618217836858115e-14
3,190,1100.0,4.005758064460209e-14,2.362635587651454e-10,3.463627608373001e-14
3,191,1100.0,3.3661609398716314e-14,2.1664703641352467e-10,3.17604907212959e-14
3,192,1100.0,3.099945884208804e-14,2.0163054479293566e-10,2.955907061106742e-14
3,193,1100.0,3.032669904183086e-14,1.984857556490344e-10,2.9098044011863625e-14
3,194,1100.0,2.9552053317579485e-14,1.9525852485468218e-10,2.862493145331535e-14
3,195,1100.0,3.231486595110765e-14,2.08818829117033e-10,3.0612874260344005e-14
3,196,1100.0,2.810934470954142e-14,1.9027861072515675e-10,2.789487523319819e-14
3,197,1100.0,2.89512823079195e-14,1.93242713146644e-10,2.8329413129552906e-14
3,198,1100.0,3.1293374270691545e-14,2.031231640642074e-10,2.977788883863443e-14
3,199,1100.0,3.2517909690112245e-14,2.1004083236598492e-10,3.07920201350914e-14
3,200,1100.0,3.2953276235961365e-14,2.125723358107583e-10,3.11631389512066e-14
3,201,1100.0,3.115743965040643e-14,2.0242493257288987e-10,2.96755279886158e-14
3,202,1100.0,2.848094316522555e-14,1.914541078367382e-10,2.8067203300654558e-14
3,203,1100.0,3.306806365379626e-14,2.1324106861141368e-10,3.1261175288383636e-14
3,204,1100.0,3.2581397227797325e-14,2.1041747133687238e-10,3.0847235469388964e-14
3,205,1100.0,3.2961161825629856e-14,2.1261827847022376e-10,3.116987415254524e-14
3,206,1100.0,3.221232416235245e-14,2.0821199713935463e-10,3.0523912593867984e-14
3,207,1100.0,3.2655979482496266e-14,2.108470408597368e-10,3.091021043120218e-14
3,208,1100.0,3.336448962741275e-14,2.1495995266771898e-10,3.151316397018154e-14
3,209,1100.0,3.0423304628677406e-14,1.9891758088402358e-10,2.916134966144065e-14
3,210,1100.0,3.231486595110765e-14,2.0881882911703292e-10,3.0612874260344e-14
3,211,1100.0,2.96436945215537e-14,1.960793386731408e-10,2.874526289240001e-14
3,212,1100.0,3.148188423947381e-14,2.0457508568057304e-10,2.9990740783382985e-14
3,213,1100.0,3.00277891671736e-14,1.9753013317091902e-10,2.895794960138061e-14
3,214,1100.0,2.932674197561739e-14,1.9464712639689119e-10,2.8535300340113225e-14
3,215,1100.0,2.984951984326079e-14,1.9689401426504473e-10,2.886469446647492e-14
3,216,1100.0,2.956454672432714e-14,1.9566159935162758e-10,2.868402224002609e-14
3,217,1100.0,3.0610967150605453e-14,1.9977486467601885e-10,2.928702760456844e-14
3,218,1100.0,2.8206195645628122e-14,1.9091267582900298e-10,2.7987829280393035e-14
3,219,1100.0,2.891608625798064e-14,1.9339799307747006e-10,2.8352177192629174e-14
3,220,1100.0,3.06074899246273e-14,2.0035641368041846e-10,2.937228278305589e-14
3,221,1100.0,2.8474351811472495e-14,1.9752513691902656e-10,2.895721715004179e-14
3,222,1100.0,2.8260421850715367e-14,1.9667873400434915e-10,2.8833134345295834e-14
3,223,1100.0,3.2872024551207664e-14,2.12318860486521e-10,3.112597942750949e-14
3,224,1100.0,3.4089535669162987e-14,2.191668354847529e-10,3.212989367434861e-14
3,225,1100.0,3.268560586846337e-14,2.1129800398780477e-10,3.0976321699012504e-14
3,226,1100.0,3.127130612467716e-14,2.0334375878843292e-10,2.9810228061030064e-14
3,227,1100.0,3.002933897478553e-14,1.9747779478192226e-10,2.8950276785054026e-14
3,228,1100.0,3.2683987597445044e-14,2.1119359047443713e-10,3.0961014660996254e-14
3,229,1100.0,3.26027519530999e-14,2.107822378455821e-10,3.090071029880321e-14
3,230,1100.0,3.309736836601879e-14,2.1362874284611025e-10,3.1318008394147717e-14
3,231,1100.0,3.229418021730847e-14,2.0888775892709783e-10,3.062297938169358e-14
3,232,1100.0,3.232586216397096e-14,2.0908320987192907e-10,3.0651632521946716e-14
3,233,1100.0,3.1495517689579956e-14,2.0443867804587866e-10,2.997074340198445e-14
3,234,1100.0,3.392798341067117e-14,2.183815148689477e-10,3.201476554453697e-14
3,235,1100.0,3.169043569741763e-14,2.0542622199262603e-10,3.01155175049529e-14
3,236,1100.0,3.124842070923139e-14,2.0325553336571827e-10,2.9797294199732454e-14
3,237,1100.0,2.9372431083917537e-14,1.9471933596004413e-10,2.8545886273798144e-14
3,238,1100.0,3.2899843037346847e-14,2.125917526040617e-10,3.116598545625813e-14
3,239,1100.0,2.927717134294327e-14,1.9421477111868407e-10,2.8471916986114375e-14
3,240,1100.0,3.122025280041076e-14,2.029836941953023e-10,2.97574425332033e-14
3,241,1100.0,2.9523932044581403e-14,1.953111806991526e-10,2.8632650808665924e-14
3,242,1100.0,3.152935905343808e-14,2.0456119709193634e-10,2.9988704714033365e-14
3,243,1100.0,3.078148031400701e-14,2.009273258939844e-10,2.945597860627973e-14
3,244,1100.0,3.399681450560626e-14,2.1846329687484692e-10,3.202675479988304e-14
3,245,1100.0,3.316193225761901e-14,2.137874137309116e-10,3.134126957162745e-14
3,246,1100.0,3.4112294791719734e-14,2.1906032636271504e-10,3.211427941976097e-14
3,247,1100.0,3.456583172055201e-14,2.2124351350277514e-10,3.2434335009039295e-14
3,248,1100.0,3.307988660968712e-14,2.1330991798525825e-10,3.1271268617770254e-14
3,249,1100.0,3.3811714026203174e-14,2.1747431162424598e-10,3.1881769401535586e-14
3,250,1100.0,3.39548002370848e-14,2.182421501086552e-10,3.199433464804551e-14
3,251,1100.0,3.3862915269691985e-14,2.177515918520823e-10,3.1922418727966187e-14
3,252,1100.0,3.563784201591824e-14,2.2545666949176177e-10,3.305198436123338e-14
3,253,1100.0,2.885820524186829e-14,1.9271678022988669e-10,2.825231127854576e-14
3,254,1100.0,2.9373505844802376e-14,1.9504152057137018e-10,2.859311859014072e-14
3,255,1100.0,2.97722420213081e-14,1.9662807498379148e-10,2.882570772465515e-14
3,256,1100.0,3.0184655760014476e-14,1.982043802460782e-10,2.905679433209541e-14
3,257,1100.0,2.877252404635156e-14,1.9280907437181823e-10,2.826584161474132e-14
3,258,1100.0,2.7559891789859905e-14,1.8899625597958986e-10,2.7706881819246072e-14
3,259,1100.0,2.7206073125342966e-14,1.8790416714048024e-10,2.754678141807942e-14
3,260,1100.0,2.825103007888552e-14,1.9115835936209214e-10,2.8023846526242447e-14
3,261,1100.0,2.722630579476891e-14,1.8797793520191288e-10,2.755759582786524e-14
3,262,1100.0,3.0329757944853487e-14,1.9885643228345043e-10,2.9152385266666206e-14
3,263,1100.0,2.839599562031804e-14,1.911798410591162e-10,2.8026995746514766e-14
3,264,1100.0,3.467321773823728e-14,2.2172218420894846e-10,3.250450821229953e-14
3,265,1100.0,3.254060042611931e-14,2.1017923068230083e-10,3.081230935073894e-14
3,266,1100.0,3.5117261679213064e-14,2.2355848015348636e-10,3.277370949597981e-14
3,267,1100.0,3.4566692878629276e-14,2.2124739301262205e-10,3.2434903745812874e-14
3,268,1100.0,3.562909589595733e-14,2.2542676921420864e-10,3.304760097568834e-14
3,269,1100.0,3.2489058879402045e-14,2.0986546399176618e-10,3.0766311102951434e-14
3,270,1100.0,3.34727175142152e-14,2.1558032162481464e-10,3.1604110160038525e-14
3,271,1100.0,2.6387913848002948e-14,1.8549763065432312e-10,2.7193982778391766e-14
3,272,1100.0,2.947705100120429e-14,1.952123644545788e-10,2.861816433116383e-14
3,273,1100.0,3.011132117621314e-14,1.9781978842472475e-10,2.9000413108628e-14
3,274,1100.0,2.855234182852674e-14,1.9189494265669157e-10,2.8131829756850474e-14
3,275,1100.0,2.711830516770043e-14,1.875773134652679e-10,2.7498864616212864e-14
3,276,1100.0,2.888620387793794e-14,1.9304961109512508e-10,2.8301104337440818e-14
3,277,1100.0,2.90980693044956e-14,1.9384537011623907e-10,2.8417762739165908e-14
3,278,1100.0,2.8801153495859034e-14,1.927497646010295e-10,2.8257146792711897e-14
3,279,1100.0,2.847028173394361e-14,1.974856245700876e-10,2.895142463327061e-14
3,280,1100.0,2.795545927391243e-14,1.8956638932973056e-10,2.7790463460965287e-14
3,281,1100.0,2.7540368882842574e-14,1.8873952325480048e-10,2.7669244760099034e-14
3,282,1100.0,2.8850050840853985e-14,1.9246885475421587e-10,2.8215965363549788e-14
3,283,1100.0,3.043737883794691e-14,1.99285617052898e-10,2.921530382356603e-14
3,284,1100.0,2.8243549431999467e-14,1.906961677210082e-10,2.7956089156600485e-14
3,285,1100.0,3.0828498435797143e-14,2.0096465240965372e-10,2.9461450679538616e-14
3,286,1100.0,3.157777317677365e-14,2.04807130422197e-10,3.002475858018869e-14
3,287,1100.0,2.796283467075416e-14,1.90170470116722e-10,2.7879021802439823e-14
3,288,1100.0,2.878043304912495e-14,1.9294756355211965e-10,2.8286144151063893e-14
3,289,1100.0,3.22392685269109e-14,2.0857468246854075e-10,3.057708232202609e-14
3,290,1100.0,2.8818268004355124e-14,1.9302525766094587e-10,2.8297534120035192e-14
3,291,1100.0,3.1044111924303486e-14,2.1170128916615147e-10,3.103544337165089e-14
3,292,1100.0,3.0838281441648534e-14,2.011339936127263e-10,2.948627612740974e-14
3,293,1100.0,3.197984607108873e-14,2.0707475799506153e-10,3.0357193150629106e-14
3,294,1100.0,3.102471393581459e-14,2.0215809703582642e-10,2.9636409855548704e-14
3,295,1100.0,3.008670382489652e-14,1.9777516177894288e-10,2.8993870835109096e-14
3,296,1100.0,3.131030473476483e-14,2.0377150162644e-10,2.9872935230546535e-14
3,297,1100.0,2.7318539187088873e-14,1.882449104585237e-10,2.759673444384067e-14
3,298,1100.0,2.974933295696895e-14,1.9644513730125696e-10,2.879888903068685e-14
3,299,1100.0,3.2158655314256747e-14,2.0789705991352076e-10,3.047774274541552e-14
3,300,1100.0,3.094263723890231e-14,2.0176335722734416e-10,2.95785409355202e-14
3,301,1100.0,3.019196518405833e-14,1.9799492679304035e-10,2.902608842186521e-14
3,302,1100.0,3.097801734630823e-14,2.0188186538732716e-10,2.9595914251019205e-14
3,303,1100.0,3.11306314732647e-14,2.031541030764654e-10,2.9782424502855893e-14
3,304,1100.0,3.0911621031630946e-14,2.014743318962538e-10,2.9536169775045175e-14
3,305,1100.0,3.1285426550110765e-14,2.031017055324411e-10,2.9774743014392666e-14
3,306,1100.0,3.0505005280798154e-14,1.9962072661254117e-10,2.926443093943088e-14
3,307,1100.0,3.193235232968108e-14,2.0701792870204224e-10,3.0348861967043507e-14
3,308,1100.0,3.100720449827793e-14,2.016958829880996e-10,2.9568649201089257e-14
3,309,1100.0,3.0840387672313394e-14,2.0125348872604323e-10,2.950379413042779e-14
3,310,1100.0,2.9964733017496865e-14,1.9743304857160174e-10,2.894371698335434e-14
3,311,1100.0,2.840220022466417e-14,1.913438148130372e-10,2.8051034325468612e-14
3,312,1100.0,2.9238529745946686e-14,1.953005466906121e-10,2.863109186128694e-14
3,313,1100.0,3.0268332347798e-14,1.9966191419239732e-10,2.9270469045326574e-14
3,314,1100.0,3.001801652358176e-14,1.9742339632381412e-10,2.894230196226116e-14
3,315,1100.0,3.080816719273102e-14,2.0065690253468548e-10,2.941633449789026e-14
3,316,1100.0,2.8087196940691623e-14,1.8516720480634764e-10,2.7145542295418016e-14
3,317,1100.0,2.9735752540720595e-14,1.9614607631762482e-10,2.8755046641919435e-14
3,318,1100.0,2.9353677077471956e-14,1.94875221335118e-10,2.856873909509947e-14
3,319,1100.0,3.134904695632484e-14,2.0341306442737122e-10,2.982038827895353e-14
3,320,1100.0,3.0625371081401886e-14,2.004463159374081e-10,2.9385462468530535e-14
3,321,1100.0,2.9087507344031385e-14,1.8964193643537267e-10,2.780153867892113e-14
3,322,1100.0,2.945554511906208e-14,1.9488607443672113e-10,2.8570330161557005e-14
3,323,1100.0,3.1137300116638387e-14,2.0232260452022548e-10,2.966052667947731e-14
3,324,1100.0,3.1133250507047526e-14,2.0230207074033687e-10,2.965751642401099e-14
3,325,1100.0,2.9835355676102805e-14,1.9269290724146916e-10,2.824881149456682e-14
3,326,1100.0,2.831920446928711e-14,1.7856083215863232e-10,2.61770469924004e-14
3,327,1100.0,2.998097019139715e-14,1.9873983636620148e-10,2.913529228626255e-14
3,328,1100.0,3.0272710416534775e-14,1.9220270238678075e-10,2.817694738326115e-14
3,329,1100.0,3.028875382839781e-14,1.8552918890594573e-10,2.719860922320464e-14
3,330,1100.0,2.8277545094209645e-14,1.9103149358605277e-10,2.8005247982872314e-14
3,331,1100.0,3.0378814871606625e-14,1.9289538748953744e-10,2.8278495131816048e-14
3,332,1100.0,2.987033174606577e-14,1.9653318345943416e-10,2.881179661177416e-14
3,333,1100.0,3.370652550455299e-14,2.1675333590346537e-10,3.1776074243784044e-14
3,334,1100.0,3.0941215339236626e-14,2.0121140711032737e-10,2.949762495872987e-14
3,335,1100.0,3.270764886030953e-14,2.1114555283713284e-10,3.095397233556622e-14
3,336,1100.0,3.10666890286745e-14,2.0267385725953718e-10,2.97120203881032e-14
3,337,1100.0,3.100194547466015e-14,2.0146389505679595e-10,2.9534639732685734e-14
3,338,1100.0,3.116144533343035e-14,2.024453131349409e-10,2.967851578232224e-14
3,339,1100.0,3.1828432431458656e-14,2.0588639017814802e-10,3.018297823568088e-14
3,340,1100.0,3.131353292245824e-14,2.0316272415419261e-10,2.978368835425075e-14
3,341,1100.0,3.213118289372527e-14,2.0755137947978078e-10,3.0427065937691387e-14
3,342,1100.0,2.981409331491834e-14,1.963027369642028e-10,2.8778013118149165e-14
3,343,1100.0,3.065687135149131e-14,1.9983865232242363e-10,2.929637888389037e-14
3,344,1100.0,3.14206256409493e-14,2.0373042575087525e-10,2.9866913500518105e-14
3,345,1100.0,3.0691288798592055e-14,1.9996925525432436e-10,2.931552529491669e-14
3,346,1100.0,3.143507850123672e-14,2.036904587345289e-10,2.986105432943116e-14
3,347,1100.0,3.2175552643245374e-14,2.0770202689086505e-10,3.04491508726212e-14
3,348,1100.0,2.9861606015673984e-14,1.9637235685811516e-10,2.878821940590286e-14
3,349,1100.0,3.256895260869857e-14,2.1024817958532193e-10,3.082241727111901e-14
3,350,1100.0,2.859871330941134e-14,1.9197847794688976e-10,2.81440760439595e-14
3,351,1100.0,2.885922939847989e-14,1.9312289911601226e-10,2.8311848373204717e-14
3,352,1100.0,3.071200798864815e-14,2.0024646965706482e-10,2.935616497137755e-14
3,353,1100.0,2.851680129221983e-14,1.9169750751108542e-10,2.810288573244151e-14
3,354,1100.0,3.1657128771651015e-14,2.0506085958971738e-10,3.006195531735232e-14
3,355,1100.0,3.2228349157071464e-14,2.0830629559636436e-10,3.05377367629795e-14
3,356,1100.0,2.8265161935260485e-14,1.911201249982977e-10,2.8018241362300998e-14
3,357,1100.0,2.8698474388369e-14,1.9217278770295267e-10,2.8172561885753864e-14
3,358,1100.0,3.0046221025916265e-14,1.9781599523880186e-10,2.8999857026955696e-14
3,359,1100.0,2.890910382021008e-14,1.9304426408118829e-10,2.830032046432934e-14
3,360,1100.0,2.995609140777385e-14,1.9742734076154918e-10,2.894288021747369e-14
3,361,1100.0,3.1074930887540206e-14,2.0268661007616927e-10,2.971388995309249e-14
3,362,1100.0,3.098486637470293e-14,2.0228440038394757e-10,2.9654925946894693e-14
3,363,1100.0,3.193160691808866e-14,2.074215325539168e-10,3.040803035727283e-14
3,364,1100.0,2.9231720347390625e-14,1.960261600291362e-10,2.8737466894552825e-14
3,365,1100.0,3.156407606571665e-14,2.0455550265913716e-10,2.9987869909260244e-14
3,366,1100.0,3.048846047465405e-14,1.9980792369492677e-10,2.929187406210906e-14
3,367,1100.0,3.0653666138552005e-14,2.0064328988000622e-10,2.9414338880503614e-14
3,368,1100.0,2.7288011014540374e-14,1.8821448932543861e-10,2.759227470079006e-14
3,369,1100.0,2.8638908612502694e-14,1.937222153189608e-10,2.8399708225884798e-14
3,370,1100.0,2.845968439526187e-14,1.9180266483805213e-10,2.8118301813652188e-14
3,371,1100.0,3.10356936227531e-14,2.0162722681896125e-10,2.955858419554394e-14
3,372,1100.0,3.091644366917601e-14,2.010751683440194e-10,2.94776523334642e-14
3,373,1100.0,3.170084260338655e-14,2.0517711554008644e-10,3.007899845855618e-14
3,374,1100.0,3.196771941661792e-14,2.067515022539718e-10,3.030980380648922e-14
3,375,1100.0,2.9169384295185264e-14,1.9381923189115712e-10,2.8413930871124095e-14
3,376,1100.0,2.961613988298519e-14,1.953724502594788e-10,2.8641632936159804e-14
3,377,1100.0,2.9925314394536604e-14,1.9676075664931822e-10,2.884515887836862e-14
3,378,1100.0,3.045401518855068e-14,2.013059926421541e-10,2.951149121305618e-14
3,379,1100.0,3.032811600556766e-14,1.9994877564205133e-10,2.9312522980431615e-14
3,380,1100.0,2.955681808196937e-14,1.9715627493585232e-10,2.890314192340595e-14
3,381,1100.0,2.968770013117551e-14,1.900651111964324e-10,2.7863576167615272e-14
3,382,1100.0,3.01470731429607e-14,1.9985999714680467e-10,2.929950803861099e-14
3,383,1100.0,2.865867276887825e-14,1.9058798949409944e-10,2.7940230210967718e-14
3,384,1100.0,2.970370565024365e-14,1.8974309720772158e-10,2.78163688645758e-14
3,385,1100.0,2.634534315331371e-14,1.8633995238515354e-10,2.7317467280922973e-14
3,386,1100.0,2.7345570504918545e-14,1.880258605834517e-10,2.756462169658182e-14
3,387,1100.0,3.120755874086239e-14,2.0343138835617124e-10,2.9823074569891377e-14
3,388,1100.0,2.8221259766357883e-14,1.9103379429801386e-10,2.8005585267619436e-14
3,389,1100.0,2.667792740487865e-14,1.874358137646723e-10,2.7478120737126263e-14
3,390,1100.0,2.7714972808991352e-14,1.906677936682754e-10,2.7951929515861964e-14
3,391,1100.0,2.8771867126902967e-14,1.9422055221580613e-10,2.847276449589131e-14
3,392,1100.0,3.084627949739097e-14,2.0088620737599676e-10,2.944995062486517e-14
3,393,1100.0,3.0061095034601394e-14,1.9734669287106e-10,2.893105722363092e-14
3,394,1100.0,2.9360231800988843e-14,1.925482314608252e-10,2.8227602001629344e-14
3,395,1100.0,2.956636287068048e-14,1.9534280526666163e-10,2.8637286975398515e-14
3,396,1100.0,3.0541703882467283e-14,1.9950079409359853e-10,2.9246848812677065e-14
3,397,1100.0,2.826957863586834e-14,1.9077803632182236e-10,2.796809110677515e-14
3,398,1100.0,2.896221572038414e-14,1.935442842476815e-10,2.8373623501939586e-14
3,399,1100.0,2.9678130825044303e-14,1.962222134612629e-10,2.876620835954131e-14
3,400,1100.0,2.938903429634442e-14,1.946333502252167e-10,2.853328075110852e-14
3,401,1100.0,2.952845894300795e-14,1.9565045548094313e-10,2.8682388546774005e-14
3,402,1100.0,2.8317320842625073e-14,1.9129814362391056e-10,2.8044338921725732e-14
3,403,1100.0,3.0033804653387533e-14,1.977667898554307e-10,2.8992643509762626e-14
3,404,1100.0,3.1364225262468685e-14,2.0374923961540733e-10,2.986967161611384e-14
3,405,1100.0,3.114189666615405e-14,2.0273567277623905e-10,2.972108255289041e-14
3,406,1100.0,2.999903455493846e-14,1.9706910658295733e-10,2.889036302871557e-14
3,407,1100.0,3.1293374270691545e-14,2.031231640642073e-10,2.977788883863442e-14
3,408,1100.0,3.073173211334008e-14,2.0033925605149307e-10,2.936976747186906e-14
3,409,1100.0,2.7923133909046534e-14,1.9009968712985792e-10,2.786864500507052e-14
3,410,1100.0,2.8687469627721737e-14,1.921358274587192e-10,2.8167143507946964e-14
3,411,1100.0,3.055950546729745e-14,2.0016951964486313e-10,2.934488408709224e-14
3,412,1100.0,3.0368419709172564e-14,1.9902294553203036e-10,2.917679613594946e-14
3,413,1100.0,3.102043339791466e-14,2.0238689585656104e-10,2.96699517998249e-14
3,414,1100.0,3.088028224315263e-14,2.0110650169910569e-10,2.948224580840833e-14
3,415,1100.0,3.0406533200610515e-14,1.9884213762854887e-10,2.9150289667936214e-14
3,416,1100.0,3.117739556907779e-14,2.0252658079151945e-10,2.9690429633974374e-14
3,417,1100.0,2.6489667737812276e-14,1.8563586473730406e-10,2.7214247917405727e-14
3,418,1100.0,2.7878911536994005e-14,1.895786037953482e-10,2.779225410360844e-14
3,419,1100.0,2.6596654396003294e-14,1.7155985289400638e-10,2.5150702295260308e-14
3,420,1100.0,2.72463733234566e-14,1.7442801239119095e-10,2.5571174943331304e-14
3,421,1100.0,2.735077170630122e-14,1.7108487665478582e-10,2.5081070701455324e-14
3,422,1100.0,2.823360472345033e-14,1.758813482405358e-10,2.578423421486428e-14
3,423,1100.0,3.1082891474779705e-14,2.0245746882536948e-10,2.968029780851313e-14
3,424,1100.0,2.945078597361962e-14,1.950263738690542e-10,2.85908980811214e-14
3,425,1100.0,2.9582176729545e-14,1.7777629247632046e-10,2.6062033347565708e-14
3,426,1100.0,2.876588763548247e-14,1.8162350226956475e-10,2.662603492803499e-14
3,427,1100.0,2.9961648880760966e-14,1.788344495502616e-10,2.621715934644821e-14
3,428,1100.0,3.118494062198794e-14,1.9893009794517796e-10,2.9163184664638625e-14
3,429,1100.0,2.867086066702937e-14,1.7615475090429416e-10,2.5824315089771336e-14
3,430,1100.0,3.0549945906329675e-14,1.998697644977488e-10,2.93009399338456e-14
3,431,1100.0,3.0126313137344566e-14,1.9779460443494815e-10,2.8996721131636916e-14
3,432,1100.0,2.888663536944726e-14,1.7583625685499763e-10,2.577762381042163e-14
3,433,1100.0,3.086525027457785e-14,2.0097504399814706e-10,2.9462974088099307e-14
3,434,1100.0,2.785197656406652e-14,1.7776414567882176e-10,2.606025262507978e-14
3,435,1100.0,2.879198026423583e-14,1.885112300518296e-10,2.7635776939469112e-14
3,436,1100.0,2.888159978279349e-14,1.8772808919553816e-10,2.7520968362756184e-14
3,437,1100.0,3.0465796573697914e-14,1.8651488396505657e-10,2.7343112278945323e-14
3,438,1100.0,3.131210982293476e-14,2.032204099253766e-10,2.979214509767438e-14
3,439,1100.0,2.7661757053031128e-14,1.74575949726245e-10,2.5592862580674972e-14
3,440,1100.0,2.892055590056139e-14,1.9187520763061887e-10,2.8128936598823283e-14
3,441,1100.0,2.9705091713556534e-14,1.9586259640179593e-10,2.8713488440222315e-14
3,442,1100.0,2.8456953418377113e-14,1.9137628230209802e-10,2.8055794064637586e-14
3,443,1100.0,3.156389999605812e-14,2.0444361378791482e-10,2.997146698256851e-14
3,444,1100.0,2.939262175128009e-14,1.9470038858996274e-10,2.8543108586267193e-14
3,445,1100.0,3.220311552625197e-14,2.0815779611029916e-10,3.051596671420631e-14
3,446,1100.0,3.0245297839593173e-14,1.9815431530267544e-10,2.904945480326211e-14
3,447,1100.0,3.02738253807206e-14,1.9829975127721342e-10,2.907077574074791e-14
3,448,1100.0,2.9713389803449426e-14,1.9574401857527257e-10,2.8696104911597174e-14
3,449,1100.0,3.036562996234606e-14,1.985335930667369e-10,2.9105056985067515e-14
3,450,1100.0,3.1954025962416546e-14,2.067718643718992e-10,3.0312788896284155e-14
3,451,1100.0,3.423318125496911e-14,2.1985394265397117e-10,3.2230623696940927e-14
3,452,1100.0,3.1727393626897326e-14,2.0551817990167455e-10,3.01289985493532e-14
3,453,1100.0,3.170048476913776e-14,2.0529858925019263e-10,3.0096806524184844e-14
3,454,1100.0,3.207606816060186e-14,2.074166338202777e-10,3.040731220212579e-14
3,455,1100.0,3.1010574166019194e-14,2.0176374471716706e-10,2.957859774159116e-14
3,456,1100.0,3.160292686195696e-14,2.052750243627845e-10,3.009335190786392e-14
3,457,1100.0,3.0966683628154885e-14,1.9864630139001828e-10,2.9121580043564187e-14
3,458,1100.0,3.216839820061412e-14,2.0845690767013298e-10,3.05598165174531e-14
3,459,1100.0,2.9161420193675395e-14,1.9136217363963595e-10,2.8053725732429427e-14
3,460,1100.0,3.0636365368149293e-14,1.97088426422957e-10,2.889319532039703e-14
3,461,1100.0,3.1949320514011014e-14,2.0641056596136427e-10,3.025982249062555e-14
3,462,1100.0,3.1975667241940444e-14,2.0627280129847402e-10,3.023962616867311e-14
3,463,1100.0,3.1049833935773516e-14,1.9739872913749882e-10,2.893868574874144e-14
3,464,1100.0,3.203519636105557e-14,2.076625426717331e-10,3.044336247968429e-14
3,465,1100.0,3.046790354396564e-14,1.9948291680135727e-10,2.924422799873126e-14
3,466,1100.0,3.311290769165778e-14,2.1413512263643445e-10,3.139224375364438e-14
3,467,1100.0,2.9541721235854926e-14,1.918486209663955e-10,2.8125038989530512e-14
3,468,1100.0,3.1628421317680535e-14,2.054092561053568e-10,3.0113030303124007e-14
3,469,1100.0,2.9923478391912994e-14,1.9326366778291838e-10,2.833248508263372e-14
3,470,1100.0,2.886445523528515e-14,1.924653514816314e-10,2.8215451783219982e-14
3,471,1100.0,3.0780128728997316e-14,2.0089676767262083e-10,2.9451498766065234e-14
3,472,1100.0,2.8056520894318713e-14,1.9025949452668097e-10,2.7892072795397202e-14
3,473,1100.0,2.891764461008396e-14,1.901856284741133e-10,2.7881244020095077e-14
3,474,1100.0,2.7944183085944505e-14,1.8986587083730362e-10,2.7834367498610736e-14
3,475,1100.0,2.959213354855791e-14,1.957361506204575e-10,2.869495146814354e-14
3,476,1100.0,2.781550403514011e-14,1.8938425751221944e-10,2.7763762906940292e-14
3,477,1100.0,2.997995580623458e-14,1.9698895345166323e-10,2.8878612566651135e-14
3,478,1100.0,3.0860217234629005e-14,2.0146468705490897e-10,2.953475583973772e-14
3,479,1100.0,3.0844270622517327e-14,2.0152940583356302e-10,2.954424362319861e-14
3,480,1100.0,2.886850798739655e-14,1.9275237540764248e-10,2.8257529537385353e-14
3,481,1100.0,3.086061120567164e-14,2.0095274461619338e-10,2.945970499508352e-14
3,482,1100.0,3.060709451580905e-14,2.0049129459623042e-10,2.939205634721833e-14
3,483,1100.0,3.244227522288712e-14,2.103952795122669e-10,3.0843982144297894e-14
3,484,1100.0,2.973831410909012e-14,1.9635844580183467e-10,2.8786180042793006e-14
3,485,1100.0,3.026364248343643e-14,1.9898974696850398e-10,2.917192922114511e-14
3,486,1100.0,2.974300878889008e-14,1.961761158793502e-10,2.8759450446546744e-14
3,487,1100.0,3.0874318644860535e-14,2.0148782629977942e-10,2.9538148056793497e-14
3,488,1100.0,3.0494707254538854e-14,1.992408972821403e-10,2.920874789791054e-14
3,489,1100.0,2.969884306962022e-14,1.9615535794539095e-10,2.8756407330057275e-14
3,490,1100.0,2.88123885102625e-14,1.9265686443663764e-10,2.8243527613525235e-14
3,491,1100.0,3.060050220335043e-14,1.9981298114881955e-10,2.929261548567106e-14
3,492,1100.0,2.8041065052784542e-14,1.901698705120441e-10,2.7878933900296665e-14
3,493,1100.0,3.321927887586797e-14,2.1411088410970024e-10,3.1388690381688855e-14
3,494,1100.0,3.0813687991780336e-14,2.0072810720690663e-10,2.9426773114401386e-14
3,495,1100.0,3.225654752487945e-14,2.0852697274649102e-10,3.0570088069025625e-14
3,496,1100.0,3.043642218221689e-14,1.9895014808756684e-10,2.9166124018768945e-14
3,497,1100.0,2.896589820155393e-14,1.930963170124296e-10,2.8307951432502616e-14
3,498,1100.0,3.00499741148451e-14,1.972236683388551e-10,2.891302180723072e-14
3,499,1100.0,2.8190697595025385e-14,1.9053079790472619e-10,2.7931845914677792e-14
3,500,1100.0,3.038427976359922e-14,1.9877133323196023e-10,2.9139909731897815e-14
3,501,1100.0,2.967522147480301e-14,1.9574340278455773e-10,2.8696014636578374e-14
3,502,1100.0,2.982995716651113e-14,1.9640879689960506e-10,2.8793561521903066e-14
3,503,1100.0,3.057882546381506e-14,1.9963306281287252e-10,2.926623942840283e-14
3,504,1100.0,3.025939317876491e-14,1.9823233798005723e-10,2.9060892940437015e-14
3,505,1100.0,3.0378627007502856e-14,1.987407032681237e-10,2.913541937422513e-14
3,506,1100.0,3.043442155814028e-14,1.9896771432104236e-10,2.9168699231449175e-14
3,507,1100.0,3.093558850064756e-14,2.0148169004070997e-10,2.95372484802174e-14
3,508,1100.0,2.7382266881549375e-14,1.8813025076366297e-10,2.7579925313953566e-14
3,509,1100.0,2.8067691241900315e-14,1.9015050549314185e-10,2.7876094985380754e-14
3,510,1100.0,2.7558585030753112e-14,1.8863619310375283e-10,2.7654096543174823e-14
3,511,1100.0,3.000746498039754e-14,1.973887002554618e-10,2.893721551300614e-14
3,512,1100.0,2.841292649255972e-14,1.9139056128622135e-10,2.8057887366028946e-14
3,513,1100.0,2.9260043047375545e-14,1.945101455863158e-10,2.851521893103744e-14
3,514,1100.0,3.018039766072637e-14,1.9786944065073097e-10,2.9007692133023936e-14
3,515,1100.0,2.976379349515328e-14,1.9609865656749814e-10,2.874809489884999e-14
3,516,1100.0,3.024168786483981e-14,1.9814362752209353e-10,2.9047887972893125e-14
3,517,1100.0,2.9594748426766284e-14,1.9546112843101096e-10,2.8654633170507585e-14
3,518,1100.0,2.8358722062223387e-14,1.9106057585892107e-10,2.800951144879771e-14
3,519,1100.0,2.781795103739213e-14,1.8939664796004427e-10,2.7765579348603597e-14
3,520,1100.0,3.0688608659258396e-14,2.0018467354931447e-10,2.934710565194577e-14
3,521,1100.0,2.9569984786723026e-14,1.9623033403984798e-10,2.876739883768065e-14
3,522,1100.0,2.8951184273517066e-14,1.905648666520686e-10,2.7936840398570896e-14
3,523,1100.0,2.7251475948504293e-14,1.8775961926140272e-10,2.752559067553235e-14
3,524,1100.0,2.911888887545873e-14,1.9509428405776317e-10,2.860085372581463e-14
3,525,1100.0,2.8561940013743255e-14,1.8716865458429763e-10,2.7438955157897184e-14
3,526,1100.0,2.886085276569012e-14,1.925696105823452e-10,2.82307361843161e-14
3,527,1100.0,2.878893211544974e-14,1.9233041133255725e-10,2.819566953545168e-14
3,528,1100.0,2.870300992926906e-14,1.9203996109374778e-10,2.8153089483273635e-14
3,529,1100.0,3.166650011429431e-14,2.0511213771943112e-10,3.0069472699495825e-14
3,530,1100.0,3.0326124426271604e-14,1.9880168136470324e-10,2.9144358773086427e-14
3,531,1100.0,3.099365057192647e-14,2.0145355226019697e-10,2.953312347702467e-14
3,532,1100.0,3.151847543625758e-14,2.041583610181188e-10,2.9929648880191894e-14
3,533,1100.0,2.783332202641595e-14,1.894423991068451e-10,2.77722864741545e-14
3,534,1100.0,2.883747704549554e-14,1.9264531665906953e-10,2.8241834707458414e-14
3,535,1100.0,2.969025696777466e-14,1.9615710262603318e-10,2.875666310052275e-14
3,536,1100.0,2.893736313913815e-14,1.931360866125267e-10,2.8313781662335355e-14
3,537,1100.0,2.9422494982782765e-14,1.9476016912316277e-10,2.855187242214256e-14
3,538,1100.0,2.8219441129240936e-14,1.9088263196327965e-10,2.7983424844798928e-14
3,539,1100.0,2.7475541774416283e-14,1.7408756644214522e-10,2.5521265511913413e-14
3,540,1100.0,2.8521183242482245e-14,1.7916928714343288e-10,2.6266246591984118e-14
3,541,1100.0,3.0902035647376915e-14,2.0115237422306813e-10,2.9488970727870836e-14
3,542,1100.0,2.917071667502892e-14,1.796058322416577e-10,2.633024417427798e-14
3,543,1100.0,2.944695462661291e-14,1.9117652604127097e-10,2.8026509764360298e-14
3,544,1100.0,2.877144745963031e-14,1.7758393367123007e-10,2.6033833515500743e-14
3,545,1100.0,2.858127228071946e-14,1.7762510995611333e-10,2.6039869965551583e-14
3,546,1100.0,2.7749325313618756e-14,1.7717045036074738e-10,2.5973216795035067e-14
3,547,1100.0,2.8963228017093376e-14,1.7858286723941468e-10,2.6180277338821548e-14
3,548,1100.0,2.942597708671931e-14,1.9523433198460837e-10,2.862138477463365e-14
3,549,1100.0,3.188877802013444e-14,2.0711658706528536e-10,3.036332529911688e-14
3,550,1100.0,3.008719719496988e-14,1.9800328959693328e-10,2.902731441027401e-14
3,551,1100.0,2.8881561254455695e-14,1.932548628550761e-10,2.8331194278782138e-14
3,552,1100.0,3.0291692068322663e-14,1.983308346189311e-10,2.90753325636916e-14
3,553,1100.0,2.935880877010197e-14,1.9497070686652932e-10,2.858273728951104e-14
3,554,1100.0,3.114712967602078e-14,2.0310328373461434e-10,2.977497437908756e-14
3,555,1100.0,2.773497817542113e-14,1.8946742161137167e-10,2.77759547773817e-14
3,556,1100.0,3.0660402222820524e-14,1.999574254361053e-10,2.931379104164464e-14
3,557,1100.0,3.050708988032164e-14,1.9934865417515198e-10,2.922454507592557e-14
3,558,1100.0,3.0793079165298944e-14,2.0125586250020947e-10,2.9504142126106054e-14
3,559,1100.0,2.940592713673116e-14,1.9328565271679805e-10,2.8335708077510792e-14
3,560,1100.0,3.052302170614043e-14,1.9998523906194065e-10,2.931786852370898e-14
3,561,1100.0,2.99321036684766e-14,1.9678901770139138e-10,2.884930195319209e-14
3,562,1100.0,2.8211331590483473e-14,1.9245311147392223e-10,2.821365739610206e-14
3,563,1100.0,3.0216237092446835e-14,1.9855904312105352e-10,2.9108787967163374e-14
3,564,1100.0,2.838535730025239e-14,1.9151311143987975e-10,2.8075853238457188e-14
3,565,1100.0,2.844710100601711e-14,1.9140451745465349e-10,2.8059933342587554e-14
3,566,1100.0,3.0771099122569486e-14,2.0292507162560615e-10,2.974884845496565e-14
3,567,1100.0,2.986707061710646e-14,1.9274494536210333e-10,2.8256440291502688e-14
3,568,1100.0,2.806909925051518e-14,1.8366866460832656e-10,2.692585605902801e-14
3,569,1100.0,3.0937849052182525e-14,1.9665442887604391e-10,2.882957120953918e-14
3,570,1100.0,2.8121933544077376e-14,1.866106668650539e-10,2.735715406763989e-14
3,571,1100.0,2.863677316141128e-14,1.8928387901030102e-10,2.7749047402257767e-14
3,572,1100.0,3.142757412825484e-14,2.0295961236159272e-10,2.975391213247063e-14
3,573,1100.0,2.7439751202597007e-14,1.8674999589997406e-10,2.7377579726785964e-14
3,574,1100.0,2.8306120004561862e-14,1.8680946075892513e-10,2.7386297284765172e-14
3,575,1100.0,2.7339558420313627e-14,1.729262837998469e-10,2.5351021287962348e-14
3,576,1100.0,3.113918410676229e-14,1.9891480675669736e-10,2.9160942973924114e-14
3,577,1100.0,2.899441520573806e-14,1.8169530861293952e-10,2.6636561749634946e-14
3,578,1100.0,3.013732502791066e-14,1.9718174944306108e-10,2.8906876490299766e-14
3,579,1100.0,2.845859545337355e-14,1.7626019728093786e-10,2.5839773545711593e-14
3,580,1100.0,2.9359128697173906e-14,1.9505098849880929e-10,2.859450658984087e-14
3,581,1100.0,2.9835335938352006e-14,1.9638948929903894e-10,2.879073102452456e-14
3,582,1100.0,2.98041429139481e-14,1.9225263261732805e-10,2.8184267163167963e-14
3,583,1100.0,2.9182006780953654e-14,1.9556554233449292e-10,2.8669940265714667e-14
3,584,1100.0,3.1050603263173694e-14,2.0188564219178422e-10,2.959646793116596e-14
3,585,1100.0,3.118982684043475e-14,2.051096231049727e-10,3.006910405660786e-14
3,586,1100.0,3.087869136269518e-14,2.027838920972561e-10,2.972815151318224e-14
3,587,1100.0,3.015949705816816e-14,1.939700650925261e-10,2.8436043042939816e-14
3,588,1100.0,2.964423852121332e-14,1.9815680200931622e-10,2.9049819354859487e-14
3,589,1100.0,2.906139594864695e-14,1.9583915361285014e-10,2.8710051723555795e-14
3,590,1100.0,3.031267849885043e-14,2.0145802612178762e-10,2.953377934586041e-14
3,591,1100.0,2.934884466295901e-14,1.9667453692707072e-10,2.883251905308522e-14
3,592,1100.0,2.994565290455243e-14,1.9684538940651537e-10,2.885756605431793e-14
3,593,1100.0,2.843070537493976e-14,1.9313829926758303e-10,2.831410603792595e-14
3,594,1100.0,3.2326891886541964e-14,2.1262850822259462e-10,3.11713738359041e-14
3,595,1100.0,2.84743739801811e-14,1.935530783728876e-10,2.8374912722122947e-14
3,596,1100.0,2.9160440611513483e-14,1.9620733946453425e-10,2.876402782920538e-14
3,597,1100.0,2.7844178815860903e-14,1.9115322070756663e-10,2.80230931986545e-14
3,598,1100.0,2.779270504502077e-14,1.877764015073413e-10,2.7528050955512354e-14
3,599,1100.0,2.81343644483794e-14,1.9208477673099997e-10,2.8159659462972783e-14
3,600,1100.0,2.6637201575862648e-14,1.8745117921510061e-10,2.7480373314654375e-14
3,601,1100.0,2.896249354986948e-14,1.951477476301181e-10,2.860869149420424e-14
3,602,1100.0,2.835555531589029e-14,1.930043538041946e-10,2.8294469611240714e-14
3,603,1100.0,2.8288944642895497e-14,1.926176707658252e-10,2.8237781815019154e-14
3,604,1100.0,2.869404939347251e-14,1.9044459626074036e-10,2.7919208739670486e-14
3,605,1100.0,3.014787335280654e-14,2.0038108971573125e-10,2.937590029384009e-14
3,606,1100.0,2.856794557046173e-14,1.9377873999971615e-10,2.8407994753263037e-14
3,607,1100.0,2.99458329159463e-14,1.9935431636244203e-10,2.9225375153501817e-14
3,608,1100.0,2.918494723052026e-14,1.918499550951154e-10,2.8125234573017507e-14
3,609,1100.0,2.7087807692244514e-14,1.8869760850826554e-10,2.766310005145014e-14
3,610,1100.0,2.8496656590731384e-14,1.9331061443885298e-10,2.8339367470017782e-14
3,611,1100.0,2.866064966668779e-14,1.9382581060014514e-10,2.8414895310930104e-14
3,612,1100.0,2.911699408980711e-14,1.946250650521949e-10,2.853206614339803e-14
3,613,1100.0,2.897546598696528e-14,1.9480669582633204e-10,2.8558693244383027e-14
3,614,1100.0,2.8065409390070375e-14,1.9025452536447502e-10,2.789134431541083e-14
3,615,1100.0,2.865858163567275e-14,1.9395075316431604e-10,2.8433211911128e-14
3,616,1100.0,3.0595420014933914e-14,1.9970300513645343e-10,2.927649298439829e-14
3,617,1100.0,3.007168584516728e-14,1.9987105218320473e-10,2.9301128708742555e-14
3,618,1100.0,2.972054536456458e-14,1.9822964717567763e-10,2.9060498468077986e-14
3,619,1100.0,3.0682139720652433e-14,2.001063316064165e-10,2.933562071039435e-14
3,620,1100.0,3.085596288250785e-14,2.0093040042790293e-10,2.9456429333451486e-14
3,621,1100.0,2.922124534476975e-14,1.9610106127720796e-10,2.874844742968397e-14
3,622,1100.0,2.949592331289839e-14,1.974062049215903e-10,2.8939781699903304e-14
3,623,1100.0,2.931211136385492e-14,1.9434462183019602e-10,2.849095312150954e-14
3,624,1100.0,2.939744035917926e-14,1.9466515720409206e-10,2.8537943659377045e-14
3,625,1100.0,2.757762459096768e-14,1.9023798060675516e-10,2.788891885124226e-14
3,626,1100.0,2.8185076947750726e-14,1.9235986167562193e-10,2.8199986960527642e-14
3,627,1100.0,2.7808129394221903e-14,1.9072181735283572e-10,2.795984939679185e-14
3,628,1100.0,2.810484072814728e-14,1.9186724683209878e-10,2.8127769544467417e-14
3,629,1100.0,2.7424217361075005e-14,1.8980385139522117e-10,2.7825275438329604e-14
3,630,1100.0,3.079943155039551e-14,2.006601326161564e-10,2.941680802835846e-14
3,631,1100.0,2.9421521222679896e-14,1.9482572003350896e-10,2.856148219624466e-14
3,632,1100.0,2.8680546823973546e-14,1.9170589622451056e-10,2.8104115519191947e-14
3,633,1100.0,2.8283384427326435e-14,1.8965303132398616e-10,2.7803165191393654e-14
3,634,1100.0,2.7465046050355608e-14,1.8840703666112702e-10,2.7620502171471304e-14
3,635,1100.0,2.702600872785189e-14,1.8697303552673318e-10,2.7410277372290072e-14
3,636,1100.0,2.7479549381530165e-14,1.8842069336325878e-10,2.7622504246221642e-14
3,637,1100.0,2.8377652831420842e-14,1.9308882209385213e-10,2.8306852676221997e-14
3,638,1100.0,2.5940376295702904e-14,1.8548774381081137e-10,2.7192533365527334e-14
3,639,1100.0,2.719545545399954e-14,1.830789935335556e-10,2.68394101837051e-14
3,640,1100.0,2.830912840888664e-14,1.8533302148398852e-10,2.7169851047288492e-14
3,641,1100.0,2.651468435980463e-14,1.87221781572393e-10,2.744674358297969e-14
3,642,1100.0,2.994271587155518e-14,1.9946654823962474e-10,2.924182836492305e-14
3,643,1100.0,2.801588376623532e-14,1.9182844798810699e-10,2.8122081627637362e-14
3,644,1100.0,3.007945366584909e-14,2.0014611657645163e-10,2.9341453193462496e-14
3,645,1100.0,2.750450526362752e-14,1.9015758266451832e-10,2.7877132499853864e-14
3,646,1100.0,2.945741754085832e-14,1.9730961723078023e-10,2.8925621928744885e-14
3,647,1100.0,2.798959928787336e-14,1.9103790715295284e-10,2.800618821282141e-14
3,648,1100.0,2.7609242388368106e-14,1.8878312820569634e-10,2.767563725298173e-14
3,649,1100.0,2.7982460599287845e-14,1.9144207012274216e-10,2.8065438569827836e-14
3,650,1100.0,2.716720481789265e-14,1.8847543742720691e-10,2.763052973488677e-14
3,651,1100.0,2.846099629339624e-14,1.931651628137627e-10,2.831804423815848e-14
3,652,1100.0,2.845300239698934e-14,1.9320638261501694e-10,2.8324087067716365e-14
3,653,1100.0,2.887019335435924e-14,1.944679233079081e-10,2.850902913816606e-14
3,654,1100.0,2.881402383274643e-14,1.9465867275708353e-10,2.853699303839253e-14
3,655,1100.0,2.7260156152868798e-14,1.8477643697628588e-10,2.7088255668071003e-14
3,656,1100.0,2.5826393471800177e-14,1.8452696137896554e-10,2.705168250498947e-14
3,657,1100.0,2.8095534344178433e-14,1.902360558258158e-10,2.7888636678043967e-14
3,658,1100.0,2.800655531578576e-14,1.7752978763852695e-10,2.6025895698313252e-14
3,659,1100.0,2.6567696979367272e-14,1.7918468688036168e-10,2.6268504195918767e-14
3,660,1100.0,2.882704986420859e-14,1.926094755709133e-10,2.823658039811419e-14
3,661,1100.0,2.73664141691326e-14,1.8648354344072162e-10,2.7338517752988174e-14
3,662,1100.0,2.807773957112568e-14,1.8057970231671108e-10,2.6473013685435482e-14
3,663,1100.0,2.7212379995046047e-14,1.8555606206487543e-10,2.7202548832667884e-14
3,664,1100.0,2.6911644552768155e-14,1.8188129101585744e-10,2.6663826800105905e-14
3,665,1100.0,2.8941181586337525e-14,1.9496856039435791e-10,2.8582422616342127e-14
3,666,1100.0,2.916477794022538e-14,1.9585267446286324e-10,2.8712033882363476e-14
3,667,1100.0,2.7685451515510048e-14,1.905820802870836e-10,2.793936392025955e-14
3,668,1100.0,2.978572526983897e-14,1.9849933263298486e-10,2.910003439991564e-14
3,669,1100.0,2.8346178585829358e-14,1.9102058111998337e-10,2.800364821357437e-14
3,670,1100.0,2.871695690938125e-14,1.941032081758291e-10,2.8455561840574225e-14
3,671,1100.0,2.886547898970603e-14,1.9355103402007726e-10,2.8374613019668952e-14
3,672,1100.0,2.97276637938393e-14,1.9824447781283208e-10,2.9062672641893294e-14
3,673,1100.0,2.861034861064961e-14,1.9372464859674603e-10,2.8400064944803275e-14
3,674,1100.0,2.814063261037251e-14,1.9199482969879555e-10,2.8146473213444385e-14
3,675,1100.0,2.6575273626770497e-14,1.8683977090378869e-10,2.739074075692448e-14
3,676,1100.0,3.0358105709532185e-14,2.0122271994216133e-10,2.949928342171391e-14
3,677,1100.0,3.120502635691768e-14,2.0266783661240244e-10,2.97111377602555e-14
3,678,1100.0,2.848527592983917e-14,1.9322725943696135e-10,2.8327147613203774e-14
3,679,1100.0,2.859695156132113e-14,1.936464885937819e-10,2.83886066756757e-14
3,680,1100.0,2.6640404959650355e-14,1.7340990104370301e-10,2.5421919654450195e-14
3,681,1100.0,2.8832844840808703e-14,1.9453106228846655e-10,2.851828532296958e-14
3,682,1100.0,3.042886941986711e-14,1.9894267034613423e-10,2.916502778066055e-14
3,683,1100.0,2.909499774334778e-14,1.9355038547835462e-10,2.8374517943347093e-14
3,684,1100.0,2.8017366264609845e-14,1.9180318158489245e-10,2.8118377568822895e-14
3,685,1100.0,2.870440912963825e-14,1.9423787536909896e-10,2.8475304072977284e-14
3,686,1100.0,2.7293688827679092e-14,1.895341236103315e-10,2.7785733301261492e-14
3,687,1100.0,2.736812789119399e-14,1.8971511236603912e-10,2.7812266282240462e-14
3,688,1100.0,2.577067145591335e-14,1.8505976490137595e-10,2.712979158790113e-14
3,689,1100.0,2.7423314604197827e-14,1.8988137912613498e-10,2.7836641016271932e-14
3,690,1100.0,2.6627444848191918e-14,1.8751862099674128e-10,2.7490260290795317e-14
3,691,1100.0,2.7280398370773362e-14,1.894515883755013e-10,2.7773633622431815e-14
3,692,1100.0,2.9842377284261644e-14,1.9641832128555062e-10,2.8794957798429435e-14
3,693,1100.0,2.7645809642247488e-14,1.9058127844261145e-10,2.7939246369729718e-14
3,694,1100.0,2.7625897819653698e-14,1.8883162602918692e-10,2.7682747041781402e-14
3,695,1100.0,2.7600797522251622e-14,1.9049224884579314e-10,2.7926194616377915e-14
3,696,1100.0,2.969918361399121e-14,1.9839666095840883e-10,2.9084982715749106e-14
3,697,1100.0,2.890245101849542e-14,1.9480127774214634e-10,2.855789895236152e-14
3,698,1100.0,2.8899680560024766e-14,1.9475283582068403e-10,2.855079735880826e-14
3,699,1100.0,2.6552835123212575e-14,1.8713019243928883e-10,2.7433316601192712e-14
3,700,1100.0,3.0086955996948554e-14,1.9989280951437333e-10,2.9304318337025225e-14
3,701,1100.0,3.0231473559701654e-14,2.0086186814402707e-10,2.944638248950577e-14
3,702,1100.0,2.851976768966354e-14,1.933648734292745e-10,2.834732184682514e-14
3,703,1100.0,3.134100580920939e-14,2.068402477584128e-10,3.0322813911852375e-14
3,704,1100.0,2.876475202012196e-14,1.8992293876816332e-10,2.7842733666542492e-14
3,705,1100.0,2.762666528158065e-14,1.9032856833529387e-10,2.7902199026957313e-14
3,706,1100.0,3.031413782106529e-14,2.011565955021535e-10,2.9489589568070275e-14
3,707,1100.0,2.8633756445627405e-14,1.9389620384074054e-10,2.842521497143312e-14
3,708,1100.0,2.938903429634765e-14,1.946333502252167e-10,2.853328075110852e-14
3,709,1100.0,3.080419334037962e-14,2.0068283575166245e-10,2.9420136311710596e-14
3,710,1100.0,3.2479324156490136e-14,2.098064165741166e-10,3.075765474193482e-14
3,711,1100.0,2.9225136430178685e-14,1.9631526088766468e-10,2.877984912736254e-14
3,712,1100.0,3.07147434577117e-14,2.0338521718420987e-10,2.9816305868583727e-14
3,713,1100.0,3.1122270408379867e-14,2.055506117913394e-10,3.013375306964495e-14
3,714,1100.0,3.2084397828418365e-14,2.1131343599972048e-10,3.0978584034465485e-14
3,715,1100.0,3.285759796238329e-14,2.1589722491653602e-10,3.165056823406938e-14
3,716,1100.0,3.236943204164544e-14,2.1308485969549772e-10,3.1238275035942317e-14
3,717,1100.0,3.10067097267732e-14,2.0491994126475085e-10,3.0041296668027355e-14
3,718,1100.0,3.2424692822307715e-14,2.1332320175191695e-10,3.127321602011968e-14
3,719,1100.0,3.298103643246639e-14,2.1657385439917485e-10,3.1749762226107594e-14
3,720,1100.0,3.239374746120758e-14,2.1311650569769924e-10,3.124291434500431e-14
3,721,1100.0,3.120471212404399e-14,2.027171074738529e-10,2.971836087654563e-14
3,722,1100.0,2.999807502570578e-14,1.9710074668345038e-10,2.8895001472586146e-14
3,723,1100.0,3.0505733263203926e-14,1.9933004782354164e-10,2.922181738175785e-14
3,724,1100.0,2.933030585939527e-14,1.9448785799923619e-10,2.8511951567152115e-14
3,725,1100.0,2.853056860351048e-14,1.936242444074039e-10,2.8385345674340265e-14
3,726,1100.0,2.693908851641571e-14,1.8658304747503238e-10,2.7353105060577403e-14
3,727,1100.0,2.855680460511097e-14,1.9172648454910535e-10,2.8107133770921052e-14
3,728,1100.0,2.7953133477013847e-14,1.8980193457829623e-10,2.7824994432657123e-14
3,729,1100.0,3.0301979194719634e-14,1.9843627744643127e-10,2.9090790499326835e-14
3,730,1100.0,2.8158189070296488e-14,1.904613530056786e-10,2.7921665281199696e-14
3,731,1100.0,3.100461539806121e-14,2.0157933535079941e-10,2.955156329853393e-14
3,732,1100.0,2.5846302273275107e-14,1.838249703907013e-10,2.694877051210791e-14
3,733,1100.0,2.883239645058108e-14,1.9239175299623412e-10,2.820466223330848e-14
3,734,1100.0,2.7941751758522753e-14,1.9153881869936776e-10,2.807962192687294e-14
3,735,1100.0,2.954835293405312e-14,1.9769530423165532e-10,2.898216370570802e-14
3,736,1100.0,3.0532300089916297e-14,1.994125594134321e-10,2.923391359423552e-14
3,737,1100.0,2.7802491464682093e-14,1.8935070414307357e-10,2.7758843977574502e-14
3,738,1100.0,2.7304808243782594e-14,1.8955503555927692e-10,2.7788798996372952e-14
3,739,1100.0,2.728939377619092e-14,1.8950721143783257e-10,2.778178797240266e-14
3,740,1100.0,2.900789486011424e-14,1.9435203889633201e-10,2.8492040464609594e-14
3,741,1100.0,2.921693110292078e-14,1.923967878150939e-10,2.8205400338570968e-14
3,742,1100.0,2.6529448075907188e-14,1.8578538732873403e-10,2.7236167953591548e-14
3,743,1100.0,2.6610508409603097e-14,1.8703772603045408e-10,2.741976101064117e-14
3,744,1100.0,2.8133939343353874e-14,1.921688353183246e-10,2.8171982465525527e-14
3,745,1100.0,2.7492875198646092e-14,1.898663506101567e-10,2.783443783338891e-14
3,746,1100.0,2.730828576388808e-14,1.8792017780619476e-10,2.7549128584273268e-14
3,747,1100.0,3.12387907978256e-14,2.06065569686703e-10,3.020924598073345e-14
3,748,1100.0,2.932062239055544e-14,1.9666973803804232e-10,2.8831815535174323e-14
3,749,1100.0,2.824456080290619e-14,1.9239551443244678e-10,2.8205213660468105e-14
3,750,1100.0,2.823840829448874e-14,1.9206310151184725e-10,2.815648187232498e-14
3,751,1100.0,2.6144977721566964e-14,1.861770452193426e-10,2.7293585063959272e-14
3,752,1100.0,2.889207019172822e-14,1.9290735917787453e-10,2.828025018327044e-14
3,753,1100.0,2.568898934275513e-14,1.8467311491540213e-10,2.7073108637166134e-14
3,754,1100.0,2.7950345495264753e-14,1.9156363249056012e-10,2.8083259632691452e-14
3,755,1100.0,2.896761266601638e-14,1.9514713959477685e-10,2.8608602356124475e-14
3,756,1100.0,2.955788969527365e-14,1.9509386737095815e-10,2.860079263946134e-14
3,757,1100.0,3.031905501728387e-14,1.9890100240154638e-10,2.915891925321717e-14
3,758,1100.0,2.8569310798232355e-14,1.920991085094561e-10,2.8161760504021905e-14
3,759,1100.0,2.94922462916344e-14,1.9323097965856948e-10,2.832769299829568e-14
3,760,1100.0,3.231554428913805e-14,2.0927367481589252e-10,3.0679554713662903e-14
3,761,1100.0,2.970310241645179e-14,1.9796834812101114e-10,2.90221919842294e-14
3,762,1100.0,2.8249400117297748e-14,1.9237877548717235e-10,2.82027597283725e-14
3,763,1100.0,2.9298165871010237e-14,1.9648230508101317e-10,2.880433783323509e-14
3,764,1100.0,2.893038992657369e-14,1.9213218392207168e-10,2.8166609364882736e-14
3,765,1100.0,2.929425400164151e-14,1.9660098070588406e-10,2.882173569911386e-14
3,766,1100.0,2.7724719205189155e-14,1.908305822415611e-10,2.7975794347142206e-14
3,767,1100.0,2.885632191115597e-14,1.948228962095556e-10,2.8561068223194515e-14
3,768,1100.0,2.856040563919544e-14,1.937109587596238e-10,2.8398058012457957e-14
3,769,1100.0,2.783991738235315e-14,1.9121480502687976e-10,2.8032121469866985e-14
3,770,1100.0,2.8955469976242266e-14,1.9520950152330856e-10,2.861774462497468e-14
3,771,1100.0,2.9431592218163e-14,1.9718734291528615e-10,2.890769649423633e-14
3,772,1100.0,2.7583327912660124e-14,1.9038032659148233e-10,2.7909786795719986e-14
3,773,1100.0,2.854673836078851e-14,1.9365421246149727e-10,2.838973899593711e-14
3,774,1100.0,2.63467544917409e-14,1.854944259583738e-10,2.7193512969445155e-14
3,775,1100.0,3.02879464153598e-14,1.9886992094598408e-10,2.9154362706784173e-14
3,776,1100.0,2.7675289945310524e-14,1.889756861670325e-10,2.7703866281384665e-14
3,777,1100.0,2.8925261103365363e-14,1.9426136285484767e-10,2.847874734220237e-14
3,778,1100.0,2.7406058927378187e-14,1.8985636481684954e-10,2.7832973914468404e-14
3,779,1100.0,2.836047827475308e-14,1.9301840051819366e-10,2.8296528861794135e-14
3,780,1100.0,2.9270745348297687e-14,1.9653410833096534e-10,2.881193219809083e-14
4,1,400.0,1.0129407282119637e-13,5.79498903239086e-10,8.495463332438716e-14
4,2,400.0,1.0932696344106553e-13,6.180428837601677e-10,9.060518712824803e-14
4,3,400.0,1.0927652927281612e-13,6.178349013000806e-10,9.05746968658233e-14
4,4,400.0,9.964556461007973e-14,5.89210495910111e-10,8.637835438710388e-14
4,5,400.0,1.0104532672438076e-13,5.928680397441094e-10,8.691455090714634e-14
4,6,400.0,1.0520497617307988e-13,5.884837443577706e-10,8.62718124915077e-14
4,7,400.0,9.868444853706635e-14,5.868073757290399e-10,8.602605657829665e-14
4,8,400.0,1.0703559307797957e-13,6.107102723431346e-10,8.95302251037086e-14
4,9,400.0,1.0656558177845986e-13,6.091903300940848e-10,8.930740132316214e-14
4,10,400.0,9.984728463844569e-14,5.898616531551118e-10,8.647381414496772e-14
4,11,400.0,1.0613948628520116e-13,6.075376800436705e-10,8.906512255738412e-14
4,12,400.0,9.608044685478384e-14,5.804851020053576e-10,8.509921022367939e-14
4,13,400.0,9.507887826075425e-14,5.601029889827135e-10,8.211118914454278e-14
4,14,400.0,9.812888242447416e-14,5.724206798778996e-10,8.3916964630147e-14
4,15,400.0,9.121534748079744e-14,5.491599845769567e-10,8.05069429215354e-14
4,16,400.0,1.0245335344184779e-13,5.966017479288452e-10,8.746191313337582e-14
4,17,400.0,9.338972260455695e-14,5.557530132251642e-10,8.147348199205814e-14
4,18,400.0,8.914302827475179e-14,5.627714091047536e-10,8.25023799677803e-14
4,19,400.0,9.273364319337897e-14,5.72499153082288e-10,8.392846881465426e-14
4,20,400.0,1.7203702286204835e-13,6.500808952693221e-10,9.530196481840315e-14
4,21,400.0,9.103803914636252e-14,5.678207291351535e-10,8.324261110423704e-14
4,22,400.0,8.855831724310454e-14,5.6031879076571e-10,8.214282572097587e-14
4,23,400.0,9.326542234190382e-14,5.596234209854755e-10,8.204088439826674e-14
4,24,400.0,8.660913207266856e-14,5.475505331118603e-10,8.027099707538037e-14
4,25,400.0,1.7293746339264745e-13,6.533253069754692e-10,9.577759610141071e-14
4,26,400.0,8.959046578817429e-14,5.636270554524397e-10,8.262781786130644e-14
4,27,400.0,8.891195735752294e-14,5.620005978913541e-10,8.238937891871762e-14
4,28,400.0,8.756987820130219e-14,5.552844887531314e-10,8.140479622837063e-14
4,29,400.0,8.65398341507292e-14,5.473644688918469e-10,8.024372003050993e-14
4,30,400.0,1.7325674642842693e-13,6.482038068012304e-10,9.502678334414526e-14
4,31,400.0,8.79659213999526e-14,5.574377048999566e-10,8.172045806517348e-14
4,32,400.0,9.049905517375495e-14,5.66586561402187e-10,8.306168191415762e-14
4,33,400.0,8.757341479183571e-14,5.549386015630709e-10,8.135408911013632e-14
4,34,400.0,8.692093014016043e-14,5.49841031554417e-10,8.060678451903184e-14
4,35,400.0,8.696971205347092e-14,5.50605562887205e-10,8.071886493657701e-14
4,36,400.0,8.52515526374819e-14,5.37343764311569e-10,7.877468311169751e-14
4,37,400.0,8.702506962369343e-14,5.510861329891069e-10,8.078931659155952e-14
4,38,400.0,9.065721711369594e-14,5.670016249285701e-10,8.312253029453091e-14
4,39,400.0,9.053723303207132e-14,5.488932832014082e-10,8.046784445656819e-14
4,40,400.0,8.643742134084772e-14,5.464532991687306e-10,8.01101424011288e-14
4,41,400.0,8.671686560226098e-14,5.482217454995386e-10,8.036939692041765e-14
4,42,400.0,9.097070866516076e-14,5.509083739285455e-10,8.076325708441348e-14
4,43,400.0,8.94870514229665e-14,5.640075237072785e-10,8.268359456925313e-14
4,44,400.0,8.789085064214947e-14,5.585879035494245e-10,8.188907737397558e-14
4,45,400.0,8.710048377292629e-14,5.522488716659193e-10,8.09597742704068e-14
4,46,400.0,8.801103166768434e-14,5.591903535004854e-10,8.197739663463785e-14
4,47,400.0,9.31919993531616e-14,5.593837672226437e-10,8.200575111771628e-14
4,48,400.0,8.804247298066301e-14,5.590731314429181e-10,8.196021186196184e-14
4,49,400.0,9.264146841925189e-14,5.721027153975705e-10,8.387035098569392e-14
4,50,400.0,9.412762808244692e-14,5.758606303147001e-10,8.442126192282347e-14
4,51,400.0,9.005917178625716e-14,5.655479587873017e-10,8.290942260214831e-14
4,52,400.0,9.073998493466015e-14,5.672984798897673e-10,8.316604928005111e-14
4,53,400.0,8.956890257116468e-14,5.639583861086727e-10,8.267639098931767e-14
4,54,400.0,8.902496120800406e-14,5.620086138303731e-10,8.239055405667958e-14
4,55,400.0,9.293365863249744e-14,5.72806415820992e-10,8.397351358204716e-14
4,56,400.0,9.071282964491978e-14,5.668330559584925e-10,8.309781805614227e-14
4,57,400.0,9.137859779146407e-14,5.687954955484341e-10,8.338551201872421e-14
4,58,400.0,9.474254866327201e-14,5.768014155111532e-10,8.455918118540524e-14
4,59,400.0,8.70900855472227e-14,5.512441074679153e-10,8.081247567580758e-14
4,60,400.0,1.0069248256635502e-13,5.917317764157272e-10,8.674797451867846e-14
4,61,400.0,8.598627901831456e-14,5.431692575061653e-10,7.962870136007452e-14
4,62,400.0,9.615341905024183e-14,5.810169533530587e-10,8.517717971762406e-14
4,63,400.0,9.31919993531616e-14,5.593837672226433e-10,8.200575111771622e-14
4,64,400.0,8.787192475238382e-14,5.584182520193256e-10,8.186420643211198e-14
4,65,400.0,8.565497121393596e-14,5.41604804766004e-10,7.939935233430268e-14
4,66,400.0,1.0127135742279934e-13,5.938293693459824e-10,8.705548198289904e-14
4,67,400.0,9.873373411122971e-14,5.873289570629133e-10,8.610252048654632e-14
4,68,400.0,9.17784632355689e-14,5.701215074353117e-10,8.357990557668232e-14
4,69,400.0,9.820619107779411e-14,5.858458279808595e-10,8.588509352225985e-14
4,70,400.0,8.641387439516461e-14,5.462203154488321e-10,8.007598694995557e-14
4,71,400.0,9.011948559358106e-14,5.657460649466123e-10,8.293846499727532e-14
4,72,400.0,9.411041165102403e-14,5.622482224498806e-10,8.242568071921138e-14
4,73,400.0,8.772498629686944e-14,5.565203878700458e-10,8.158597923961798e-14
4,74,400.0,1.0709140169700758e-13,6.107533233723489e-10,8.953653639158282e-14
4,75,400.0,9.54483209576461e-14,5.659720544584607e-10,8.297159509641256e-14
4,76,400.0,8.670230720993496e-14,5.481649778800844e-10,8.03610747781867e-14
4,77,400.0,9.731986124494583e-14,5.833306860205266e-10,8.55163733024207e-14
4,78,400.0,8.77468476804237e-14,5.568978879775457e-10,8.164132081668278e-14
4,79,400.0,8.643990748288234e-14,5.477339027138321e-10,8.02978790888083e-14
4,80,400.0,8.810906925637891e-14,5.58457569574478e-10,8.186997039208243e-14
4,81,400.0,9.108087776715275e-14,5.681574451318884e-10,8.329197372404042e-14
4,82,400.0,1.1241307198135105e-13,6.074250277996358e-10,8.904860772011411e-14
4,83,400.0,1.0459510719148056e-13,5.870474196768302e-10,8.60612470600254e-14
4,84,400.0,1.0810086426133774e-13,5.956047476333535e-10,8.731575272814576e-14
4,85,400.0,9.072435727629055e-14,5.497847801134636e-10,8.059853804865293e-14
4,86,400.0,1.076877274903975e-13,5.945540011577112e-10,8.716171312417734e-14
4,87,400.0,1.0653589619507957e-13,5.916889528235969e-10,8.674169657311769e-14
4,88,400.0,9.775724166245342e-14,5.715719042617304e-10,8.379253398697703e-14
4,89,400.0,1.1715528339086397e-13,6.224466889659363e-10,9.125078568658343e-14
4,90,400.0,1.0228029834468842e-13,5.817285429553384e-10,8.528149886887908e-14
4,91,400.0,1.0165336761022731e-13,5.803101797158133e-10,8.507356658762516e-14
4,92,400.0,9.97692801834773e-14,5.760885647878328e-10,8.445467715360085e-14
4,93,400.0,1.1903220650528338e-13,6.28986107129005e-10,9.220946545127857e-14
4,94,400.0,9.574634659346363e-14,5.667402308765401e-10,8.308420988405341e-14
4,95,400.0,8.921544761529736e-14,5.418494145647e-10,7.943521217051567e-14
4,96,400.0,8.927872205870677e-14,5.422017378993959e-10,7.948686282859875e-14
4,97,400.0,9.240999275105925e-14,5.570983224015267e-10,8.167070453578858e-14
4,98,400.0,8.913545803807586e-14,5.414645309078233e-10,7.937878816391318e-14
4,99,400.0,8.941759491377917e-14,5.427365916887283e-10,7.956527248097415e-14
4,100,400.0,9.895126303354767e-14,5.746150639145524e-10,8.423866168628417e-14
4,101,400.0,9.35589270930271e-14,5.597869039349987e-10,8.206485102521618e-14
4,102,400.0,9.503164657568996e-14,5.652653837998247e-10,8.286799706309454e-14
4,103,400.0,9.670621031550782e-14,5.69485391993518e-10,8.34866509496114e-14
4,104,400.0,9.823227382464075e-14,5.730312130642203e-10,8.400646889441107e-14
4,105,400.0,9.355808383089899e-14,5.597889549194501e-10,8.206515169986982e-14
4,106,400.0,9.098465436209288e-14,5.502661236967335e-10,8.066910309612961e-14
4,107,400.0,9.105819694869227e-14,5.51669827440242e-10,8.087488629288682e-14
4,108,400.0,9.324703695445231e-14,5.595637370784185e-10,8.203213472779965e-14
4,109,400.0,9.423056126499553e-14,5.630258462695725e-10,8.253968049746286e-14
4,110,400.0,9.182307474382893e-14,5.548250758775675e-10,8.133744622620517e-14
4,111,400.0,9.570855036470685e-14,5.668866865734064e-10,8.310568031299815e-14
4,112,400.0,9.659974512486411e-14,5.696616997483019e-10,8.351249769509478e-14
4,113,400.0,1.0021934703017985e-13,5.776816765603288e-10,8.468822759816714e-14
4,114,400.0,9.392021030004429e-14,5.619620835606289e-10,8.238373271157866e-14
4,115,400.0,9.397038910417107e-14,5.621573936489181e-10,8.241236520223984e-14
4,116,400.0,9.416085285708119e-14,5.629393544570779e-10,8.252700078370504e-14
4,117,400.0,9.739847392877838e-14,5.713798845864771e-10,8.376438387140127e-14
4,118,400.0,9.448332744882187e-14,5.635630400624086e-10,8.26184331947319e-14
4,119,400.0,9.323879569115664e-14,5.598229034139998e-10,8.207012855468399e-14
4,120,400.0,9.458197183071818e-14,5.643370404824328e-10,8.273190178200367e-14
4,121,400.0,9.735454888638668e-14,5.712525735277504e-10,8.374572004951685e-14
4,122,400.0,9.484476884624714e-14,5.649860090034844e-10,8.28270406725811e-14
4,123,400.0,9.432290199158677e-14,5.6359127509096e-10,8.262257245450285e-14
4,124,400.0,9.46648450806336e-14,5.646428976351547e-10,8.277674049026332e-14
4,125,400.0,9.753639962354674e-14,5.719158545029069e-10,8.384295714819039e-14
4,126,400.0,9.518801156622677e-14,5.661454160741476e-10,8.299700993742587e-14
4,127,400.0,1.0040543723937365e-13,5.783957556671399e-10,8.479291171119076e-14
4,128,400.0,9.887247592230737e-14,5.743145872501404e-10,8.419461175848452e-14
4,129,400.0,9.749621451404764e-14,5.71266493585428e-10,8.374776073223298e-14
4,130,400.0,9.552823180124488e-14,5.668572016033538e-10,8.310135781160014e-14
4,131,400.0,9.680947138215027e-14,5.700590838165424e-10,8.357075426403327e-14
4,132,400.0,9.505456385412e-14,5.657366304069965e-10,8.293708189223548e-14
4,133,400.0,9.370083766713004e-14,5.593857405669126e-10,8.200604041030656e-14
4,134,400.0,9.735204249940384e-14,5.71146629750196e-10,8.373018867452231e-14
4,135,400.0,1.0146369634331236e-13,5.803524149646131e-10,8.507975828195813e-14
4,136,400.0,9.457644820202616e-14,5.640417771087102e-10,8.268861612346571e-14
4,137,400.0,8.985386485572544e-14,5.453304637765697e-10,7.994553455029166e-14
4,138,400.0,2.2005085657875698e-13,6.486112340186389e-10,9.508651224038277e-14
4,139,400.0,9.81084982366014e-14,5.727043572398492e-10,8.39585517774775e-14
4,140,400.0,2.1718156607835888e-13,6.3590232604651e-10,9.32233842677658e-14
4,141,400.0,2.26855242187558e-13,6.59852155787465e-10,9.673443319719733e-14
4,142,400.0,9.363422688855986e-14,5.60843684481234e-10,8.221977522491344e-14
4,143,400.0,9.572606481304517e-14,5.655301108433986e-10,8.290680609067365e-14
4,144,400.0,9.356394772451067e-14,5.59474253187717e-10,8.201901637489079e-14
4,145,400.0,9.36143059581873e-14,5.595664261159671e-10,8.203252894114095e-14
4,146,400.0,9.277897056829803e-14,5.568128340602807e-10,8.162885189859913e-14
4,147,400.0,2.2015904969276703e-13,6.439964685326415e-10,9.440998687070626e-14
4,148,400.0,2.180228369724235e-13,6.390656683557846e-10,9.368713076402632e-14
4,149,400.0,9.153581671148895e-14,5.53587231518975e-10,8.11559780422119e-14
4,150,400.0,9.61712787316758e-14,5.680048204974491e-10,8.326959892784567e-14
4,151,400.0,9.245756536958607e-14,5.570589435348074e-10,8.166493158753247e-14
4,152,400.0,9.528108535848775e-14,5.655319643256809e-10,8.290707781147723e-14
4,153,400.0,8.994103449682558e-14,5.458142172936427e-10,8.001645289445522e-14
4,154,400.0,9.243678134692949e-14,5.579085369866949e-10,8.178948212555155e-14
4,155,400.0,9.380301512722174e-14,5.614725059985129e-10,8.231196056146597e-14
4,156,400.0,9.106592118017404e-14,5.513593910738993e-10,8.082937627116669e-14
4,157,400.0,9.570490248851197e-14,5.679118256464078e-10,8.325596586758082e-14
4,158,400.0,1.6939200469403903e-13,6.562620675365291e-10,9.620812567658651e-14
4,159,400.0,1.5406321489794983e-13,6.549256231286862e-10,9.601220270936068e-14
4,160,400.0,9.674422640680346e-14,5.676519182475067e-10,8.321786340069345e-14
4,161,400.0,9.617442814792883e-14,5.677302897253617e-10,8.322935267207437e-14
4,162,400.0,9.332459574358351e-14,5.598929027296279e-10,8.208039046572281e-14
4,163,400.0,1.7134500536385795e-13,6.534330754059409e-10,9.579339497081925e-14
4,164,400.0,1.700064670892477e-13,6.581956282447107e-10,9.649158599041257e-14
4,165,400.0,1.7144821842690885e-13,6.537949405366078e-10,9.584644445774125e-14
4,166,400.0,1.713405465270025e-13,6.608384562877249e-10,9.687902501070877e-14
4,167,400.0,1.6610265847944965e-13,6.463074228558177e-10,9.474877314977855e-14
4,168,400.0,9.27667969878129e-14,5.57010323346692e-10,8.165780386005892e-14
4,169,400.0,1.038186584824503e-13,5.855970404734061e-10,8.584862123326456e-14
4,170,400.0,1.0030514058881239e-13,5.776663699942175e-10,8.468598365308946e-14
4,171,400.0,9.898383268167964e-14,5.746582555841605e-10,8.424499359206296e-14
4,172,400.0,9.212506866144696e-14,5.556985976971115e-10,8.146550466680863e-14
4,173,400.0,9.694886740877173e-14,5.69939997124384e-10,8.355329613562338e-14
4,174,400.0,9.693141300948073e-14,5.696405434584572e-10,8.35093961795678e-14
4,175,400.0,9.52674070724136e-14,5.657584936086465e-10,8.294028704114792e-14
4,176,400.0,9.215389802234282e-14,5.560534363326587e-10,8.151752406840499e-14
4,177,400.0,1.0280575907522874e-13,5.833725362458144e-10,8.552250855224429e-14
4,178,400.0,9.363473383584008e-14,5.610069916893122e-10,8.22437160881385e-14
4,179,400.0,9.257640262303893e-14,5.578561244868647e-10,8.178179844456476e-14
4,180,400.0,9.432184040376968e-14,5.630371696304452e-10,8.25413405040057e-14
4,181,400.0,9.387077033591538e-14,5.618197024057243e-10,8.23628596111472e-14
4,182,400.0,9.886317744539031e-14,5.74338035402733e-10,8.419804926146253e-14
4,183,400.0,9.573346438797555e-14,5.670791649590709e-10,8.313389767559469e-14
4,184,400.0,9.175059693227694e-14,5.542376279983327e-10,8.125132627170891e-14
4,185,400.0,9.758228918356193e-14,5.712648975188503e-10,8.374752674861349e-14
4,186,400.0,9.311718625056459e-14,5.593048679372193e-10,8.199418446965997e-14
4,187,400.0,9.036218437113852e-14,5.481291392899093e-10,8.035582083504691e-14
4,188,400.0,1.1895180223218994e-13,6.286993964171791e-10,9.21674336143636e-14
4,189,400.0,1.178132604272366e-13,6.247021597601788e-10,9.15814380713036e-14
4,190,400.0,1.3458761605723244e-13,6.926114678277511e-10,1.0153695366235422e-13
4,191,400.0,1.1071824766311092e-13,6.025823847119676e-10,8.833867545702579e-14
4,192,400.0,9.694699424073579e-14,5.696775873059576e-10,8.351482681362722e-14
4,193,400.0,9.475466100368605e-14,5.641019564459184e-10,8.269743842407345e-14
4,194,400.0,9.26905323237711e-14,5.576848355640233e-10,8.175668746065922e-14
4,195,400.0,1.0274793305394799e-13,5.827905505223017e-10,8.543718935066394e-14
4,196,400.0,8.987570851309645e-14,5.454526026270032e-10,7.996344012560033e-14
4,197,400.0,9.137298461850619e-14,5.528279376496137e-10,8.104466543765563e-14
4,198,400.0,9.805504037543536e-14,5.722528577244412e-10,8.3892361875196e-14
4,199,400.0,1.0386500653839097e-13,5.853501308448093e-10,8.58124242416146e-14
4,200,400.0,1.0632312018355639e-13,5.911694014286025e-10,8.666553025423734e-14
4,201,400.0,9.753102877583764e-14,5.71049565674083e-10,8.37159590652011e-14
4,202,400.0,9.04953887525197e-14,5.486891990355567e-10,8.043792568471147e-14
4,203,400.0,1.0700673747832013e-13,5.928491128783942e-10,8.69117762255588e-14
4,204,400.0,1.0421813342850784e-13,5.861683021149101e-10,8.593236828268087e-14
4,205,400.0,1.0636960997020003e-13,5.912826874409666e-10,8.668213800204735e-14
4,206,400.0,1.022090388023386e-13,5.81567137118414e-10,8.525783674697396e-14
4,207,400.0,1.0462613609313089e-13,5.871200743437171e-10,8.607189824599001e-14
4,208,400.0,1.0883217817082451e-13,5.974969183500893e-10,8.759314526250421e-14
4,209,400.0,9.50448255445788e-14,5.648987732184926e-10,8.281425189233438e-14
4,210,400.0,1.0274793305394799e-13,5.827905505223019e-10,8.543718935066396e-14
4,211,400.0,9.29299957820458e-14,5.583717279158876e-10,8.185738599099255e-14
4,212,400.0,9.88477071591533e-14,5.739236536589297e-10,8.413730083052614e-14
4,213,400.0,9.392854405901209e-14,5.62123342753843e-10,8.240737333549203e-14
4,214,400.0,9.217340434966861e-14,5.553488246026964e-10,8.141422787436488e-14
4,215,400.0,9.34499877442313e-14,5.600436166327153e-10,8.210248514839108e-14
4,216,400.0,9.273119755796536e-14,5.575227554388203e-10,8.173292648798293e-14
4,217,400.0,9.563093534363082e-14,5.664450446625922e-10,8.304093553715096e-14
4,218,400.0,9.002421439838805e-14,5.461325400465336e-10,8.006311906172404e-14
4,219,400.0,9.131008282173342e-14,5.524108556798142e-10,8.09835211531497e-14
4,220,400.0,9.567180061506772e-14,5.665345864304929e-10,8.305406237486662e-14
4,221,400.0,8.597693947032913e-14,5.355416076674942e-10,7.851048665500928e-14
4,222,400.0,8.571177571618358e-14,5.342741010565589e-10,7.832466998000546e-14
4,223,400.0,1.0584030322006514e-13,5.90438347557362e-10,8.65583576379917e-14
4,224,400.0,1.1341031950876494e-13,6.109274241969848e-10,8.956205960074809e-14
4,225,400.0,1.047778534498297e-13,5.879689891105624e-10,8.619634928867168e-14
4,226,400.0,9.80014070999834e-14,5.725647516565533e-10,8.393808557629463e-14
4,227,400.0,9.392663080599754e-14,5.620311795089352e-10,8.239386218882141e-14
4,228,400.0,1.0477769955285089e-13,5.878595489786983e-10,8.618030534756754e-14
4,229,400.0,1.0429458672781839e-13,5.86823166284939e-10,8.602837147635583e-14
4,230,400.0,1.07174149328044e-13,5.937173086187455e-10,8.703905386208766e-14
4,231,400.0,1.0261249614807589e-13,5.828606977390519e-10,8.544747294403129e-14
4,232,400.0,1.0287734095777868e-13,5.83351929084758e-10,8.551948753908686e-14
4,233,400.0,9.883338640373268e-14,5.744287340235559e-10,8.421134569400445e-14
4,234,400.0,1.1242893677105067e-13,6.081216125804337e-10,8.915072716210315e-14
4,235,400.0,9.972971177947909e-14,5.762594776627329e-10,8.447973300881716e-14
4,236,400.0,9.792043729194499e-14,5.724095650495864e-10,8.391533519451126e-14
4,237,400.0,9.227325142936348e-14,5.563214137251159e-10,8.155680959765823e-14
4,238,400.0,1.0601836665459404e-13,5.91053228497056e-10,8.664849928360635e-14
4,239,400.0,9.206184124476756e-14,5.553946893377476e-10,8.142095165197173e-14
4,240,400.0,9.779934946371825e-14,5.719605858914906e-10,8.384951477702104e-14
4,241,400.0,9.262560986186705e-14,5.576124012268016e-10,8.174606857505931e-14
4,242,400.0,9.899649981885136e-14,5.74699072740538e-10,8.425097739381653e-14
4,243,400.0,9.622942957963574e-14,5.683635191177106e-10,8.332218420382798e-14
4,244,400.0,1.1284485568519228e-13,6.08702090648289e-10,8.92358253411193e-14
4,245,400.0,1.0757624894006668e-13,5.942726799394886e-10,8.712047138789987e-14
4,246,400.0,1.1356278796754826e-13,6.108654954797768e-10,8.955298084074829e-14
4,247,400.0,1.1624624851704438e-13,6.193981257053212e-10,9.080386581749627e-14
4,248,400.0,1.0707793850556446e-13,5.930258839088554e-10,8.69376908873317e-14
4,249,400.0,1.1167539075870382e-13,6.052842248890419e-10,8.873476566575867e-14
4,250,400.0,1.1258111599422916e-13,6.07919884095192e-10,8.91211537334064e-14
4,251,400.0,1.1200061245409418e-13,6.062217005082206e-10,8.887219974377454e-14
4,252,400.0,1.215263602362366e-13,6.38150774265941e-10,9.355300714187816e-14
4,253,400.0,9.119374679599575e-14,5.518826200177824e-10,8.090608171931134e-14
4,254,400.0,9.22886131126668e-14,5.561549274538901e-10,8.153240268325947e-14
4,255,400.0,9.326022330040928e-14,5.602751232064768e-10,8.213642404970074e-14
4,256,400.0,9.436905335809155e-14,5.634241588183467e-10,8.259807318179837e-14
4,257,400.0,9.102683176251539e-14,5.517777123156158e-10,8.089070223313691e-14
4,258,400.0,8.904816549963726e-14,5.411556317792111e-10,7.933350350149398e-14
4,259,400.0,8.8578464468069e-14,5.377425892151388e-10,7.883315090732926e-14
4,260,400.0,9.009571459633552e-14,5.467322832796497e-10,8.015104151709605e-14
4,261,400.0,8.86070210279654e-14,5.373646498552976e-10,7.87777449357999e-14
4,262,400.0,9.479664750629405e-14,5.646479841678558e-10,8.277748617678335e-14
4,263,400.0,9.034808286500574e-14,5.479565661167791e-10,8.033052157984046e-14
4,264,400.0,1.1684293995348779e-13,6.213903168304717e-10,9.109592135997145e-14
4,265,400.0,1.0399426242591552e-13,5.856490680597839e-10,8.585624848587672e-14
4,266,400.0,1.1914405251619028e-13,6.293858819568796e-10,9.226807250596766e-14
4,267,400.0,1.1625109657090284e-13,6.194141121770038e-10,9.080620943684112e-14
4,268,400.0,1.2148883311581578e-13,6.380092844518331e-10,9.353226471215226e-14
4,269,400.0,1.0370200210915183e-13,5.849741455354803e-10,8.575730473420766e-14
4,270,400.0,1.0951509099048581e-13,5.993029607175815e-10,8.785791136687646e-14
4,271,400.0,8.76391225763896e-14,5.291728591340866e-10,7.757682708573889e-14
4,272,400.0,9.25126919329626e-14,5.565825312064343e-10,8.15950894628245e-14
4,273,400.0,9.413359326088663e-14,5.618915096572056e-10,8.237338656587573e-14
4,274,400.0,9.062262265468101e-14,5.48809163147956e-10,8.045551244307117e-14
4,275,400.0,8.850565375128176e-14,5.361444692606232e-10,7.859886626246559e-14
4,276,400.0,9.124781867972821e-14,5.516344608921329e-10,8.086970155119055e-14
4,277,400.0,9.167036409697957e-14,5.53426074158329e-10,8.113235234696954e-14
4,278,400.0,9.10833921462642e-14,5.509176313138211e-10,8.076461421859826e-14
4,279,400.0,8.597494670694341e-14,5.354721893214075e-10,7.850030991419958e-14
4,280,400.0,8.972560558242844e-14,5.408558293424414e-10,7.92895524155762e-14
4,281,400.0,8.90377248330542e-14,5.39878426171836e-10,7.9146264952037e-14
4,282,400.0,9.122733183342939e-14,5.485606068636267e-10,8.04190740514234e-14
4,283,400.0,9.50975383636372e-14,5.646504201620434e-10,8.277784329392685e-14
4,284,400.0,9.009226664044061e-14,5.466318014870599e-10,8.013631086998433e-14
4,285,400.0,9.634782862210036e-14,5.684535406591707e-10,8.333538137642537e-14
4,286,400.0,9.9231437854002e-14,5.75152674894283e-10,8.431747554321969e-14
4,287,400.0,8.96341754055797e-14,5.447233656598045e-10,7.985653386778229e-14
4,288,400.0,9.104528468971628e-14,5.513058072439931e-10,8.082152087300053e-14
4,289,400.0,1.0238939213943955e-13,5.822752111879898e-10,8.536164052056367e-14
4,290,400.0,9.111669269704031e-14,5.52299754541192e-10,8.096723370818505e-14
4,291,400.0,9.346400276697668e-14,5.605064031216139e-10,8.217032972281929e-14
4,292,400.0,9.641539510228649e-14,5.687324427173903e-10,8.337626846345354e-14
4,293,400.0,1.0107247138980042e-13,5.793125754315897e-10,8.492731763754891e-14
4,294,400.0,9.709435755601341e-14,5.705058300108338e-10,8.363624732866712e-14
4,295,400.0,9.409056725947969e-14,5.626005422138942e-10,8.247733085383185e-14
4,296,400.0,9.81975259987276e-14,5.732761949490008e-10,8.404238327850448e-14
4,297,400.0,8.872270786516849e-14,5.388150354774584e-10,7.899037170354858e-14
4,298,400.0,9.319574836883337e-14,5.599303352819619e-10,8.208587808397396e-14
4,299,400.0,1.0193335316751818e-13,5.809430947643051e-10,8.516635203651828e-14
4,300,400.0,9.682292388807423e-14,5.698786629827197e-10,8.354430454049485e-14
4,301,400.0,9.438405863721211e-14,5.631499491286219e-10,8.255787399675359e-14
4,302,400.0,9.694862559941223e-14,5.700954710702312e-10,8.357608864133326e-14
4,303,400.0,9.75075921895287e-14,5.72230009659016e-10,8.388901234509419e-14
4,304,400.0,9.669780390176422e-14,5.69399603474304e-10,8.347407433876274e-14
4,305,400.0,9.802954784709431e-14,5.722354557504723e-10,8.388981074298612e-14
4,306,400.0,9.53491375464763e-14,5.661217561468766e-10,8.299354138824561e-14
4,307,400.0,1.0092325783160366e-13,5.79202725563001e-10,8.49112136289744e-14
4,308,400.0,9.69886896876702e-14,5.69805269351907e-10,8.353354502229872e-14
4,309,400.0,9.646336895582005e-14,5.689941518724483e-10,8.341463506808612e-14
4,310,400.0,9.294549316080017e-14,5.618325631298377e-10,8.236474499539079e-14
4,311,400.0,8.951687271623472e-14,5.482462582544109e-10,8.037299049426275e-14
4,312,400.0,8.826988617378868e-14,5.571689148667899e-10,8.168105340266023e-14
4,313,400.0,9.115781770059168e-14,5.654282963110211e-10,8.289188006369262e-14
4,314,400.0,9.310924072956692e-14,5.617719861077396e-10,8.235586439411361e-14
4,315,400.0,9.626319337971779e-14,5.678747398396029e-10,8.325052908228055e-14
4,316,400.0,8.587727523430747e-14,5.347655004169123e-10,7.83967092060356e-14
4,317,400.0,9.236037791629597e-14,5.592357589660425e-10,8.198405308326228e-14
4,318,400.0,9.141865591089014e-14,5.565940744527871e-10,8.159678170461443e-14
4,319,400.0,9.827566779161754e-14,5.727532832264959e-10,8.396572433506538e-14
4,320,400.0,9.49317365303477e-14,5.673798553614312e-10,8.317797893741228e-14
4,321,400.0,8.80323948155144e-14,5.455661660256428e-10,7.998008853828338e-14
4,322,400.0,9.24640345838629e-14,5.568816026796106e-10,8.163893338936078e-14
4,323,400.0,9.745510363815952e-14,5.708730213770038e-10,8.369007764257883e-14
4,324,400.0,9.743988744420325e-14,5.708375908631033e-10,8.368488352348718e-14
4,325,400.0,9.010376526545658e-14,5.519429161219761e-10,8.091492113797812e-14
4,326,400.0,8.64074259020077e-14,5.232216957056853e-10,7.670438556067746e-14
4,327,400.0,9.024313956349092e-14,5.638768826396789e-10,8.266444256752717e-14
4,328,400.0,9.175271068676339e-14,5.511150246004511e-10,8.079355210647452e-14
4,329,400.0,9.253961462985447e-14,5.387267139541017e-10,7.897742375388123e-14
4,330,400.0,8.693105282194657e-14,5.474731727257556e-10,8.025965603021423e-14
4,331,400.0,9.212234623782946e-14,5.524349731683821e-10,8.098705678089038e-14
4,332,400.0,9.348408995792524e-14,5.603265397370222e-10,8.214396172142866e-14
4,333,400.0,1.1100542569890434e-13,6.023534209994968e-10,8.830510933959429e-14
4,334,400.0,9.672474286327584e-14,5.682760044912644e-10,8.330935454537876e-14
4,335,400.0,1.0491299434836997e-13,5.87793849158438e-10,8.617067374324784e-14
4,336,400.0,9.653403315043362e-14,5.71324996555667e-10,8.375633727717078e-14
4,337,400.0,9.696647883991389e-14,5.687412811777022e-10,8.33775641831706e-14
4,338,400.0,9.754618026010082e-14,5.710847198090359e-10,8.372111266709419e-14
4,339,400.0,1.002843289101475e-13,5.763876162788324e-10,8.449851815074681e-14
4,340,400.0,9.817336514571467e-14,5.716610694480474e-10,8.380560561777136e-14
4,341,400.0,1.0181470513575342e-13,5.796591912292428e-10,8.497813156977461e-14
4,342,400.0,9.333854444231529e-14,5.598604538843677e-10,8.207563345973804e-14
4,343,400.0,9.580714849982692e-14,5.659158134013421e-10,8.296335014830553e-14
4,344,400.0,9.860636620264262e-14,5.726421230557047e-10,8.39494282359752e-14
4,345,400.0,9.589322367180174e-14,5.66145369019584e-10,8.29970030392192e-14
4,346,400.0,9.86472643361041e-14,5.725851730855341e-10,8.394107936109961e-14
4,347,400.0,1.0206573158937341e-13,5.792968805387487e-10,8.492501676370961e-14
4,348,400.0,9.347937099559216e-14,5.594043013572472e-10,8.200876142518386e-14
4,349,400.0,1.0416054478704734e-13,5.851831626869423e-10,8.578794668255599e-14
4,350,400.0,8.986308257680875e-14,5.490182901127718e-10,8.048617049007498e-14
4,351,400.0,9.036502516476697e-14,5.527395847521086e-10,8.103171288853303e-14
4,352,400.0,9.595913594182663e-14,5.672771988146539e-10,8.316292947098349e-14
4,353,400.0,8.971170867219527e-14,5.483031449948321e-10,8.03813300996468e-14
4,354,400.0,9.956464531060718e-14,5.756343914126912e-10,8.43880952630482e-14
4,355,400.0,1.0229213963056561e-13,5.817553807632196e-10,8.528543329587286e-14
4,356,400.0,8.926639720941535e-14,5.476968622639171e-10,8.029244895283547e-14
4,357,400.0,9.088896162347172e-14,5.505414377871259e-10,8.070946418649161e-14
4,358,400.0,9.317440369798223e-14,5.626663294940031e-10,8.248697527977955e-14
4,359,400.0,9.04673758914606e-14,5.515859047615501e-10,8.086258321456169e-14
4,360,400.0,9.29552786197009e-14,5.619594190450543e-10,8.238334209316271e-14
4,361,400.0,9.652206372013993e-14,5.71337128347672e-10,8.375811579984891e-14
4,362,400.0,9.617545364373615e-14,5.705972455314702e-10,8.364964885883812e-14
4,363,400.0,1.0016645016064342e-13,5.797623243011594e-10,8.499325089486621e-14
4,364,400.0,8.82982447238492e-14,5.587532777684678e-10,8.191332126134379e-14
4,365,400.0,9.916287668284786e-14,5.747423973860391e-10,8.425732879388283e-14
4,366,400.0,9.448722530923423e-14,5.663389634010628e-10,8.302538400698336e-14
4,367,400.0,9.502063219459936e-14,5.677690499704557e-10,8.323503493029974e-14
4,368,400.0,8.782186096350776e-14,5.390224466401417e-10,7.902077821368114e-14
4,369,400.0,8.762247595376005e-14,5.537274401764756e-10,8.11765326541711e-14
4,370,400.0,8.960981257890725e-14,5.494227524568392e-10,8.05454647353992e-14
4,371,400.0,9.707836233230013e-14,5.690196549640291e-10,8.341837382545351e-14
4,372,400.0,9.6687784659547e-14,5.680676439120997e-10,8.327880885063586e-14
4,373,400.0,9.972141508215769e-14,5.751390696950974e-10,8.431548101880964e-14
4,374,400.0,1.0105119876769894e-13,5.780945847359009e-10,8.474876000376153e-14
4,375,400.0,9.18285881861536e-14,5.544931469541672e-10,8.128878539213006e-14
4,376,400.0,9.283714600555876e-14,5.57292035092529e-10,8.169910284774808e-14
4,377,400.0,9.362871210926575e-14,5.607823916896028e-10,8.221078969170649e-14
4,378,400.0,9.172722315283548e-14,5.684883599015442e-10,8.33404858830119e-14
4,379,400.0,9.135319632376605e-14,5.659369536619154e-10,8.296644931393872e-14
4,380,400.0,8.905126278667082e-14,5.60942263202132e-10,8.22342268814061e-14
4,381,400.0,1.7204508751790177e-13,6.357797432846075e-10,9.320541361496369e-14
4,382,400.0,9.073019575864239e-14,5.659755265945132e-10,8.297210411212173e-14
4,383,400.0,8.70093472283929e-14,5.469688855085308e-10,8.018572744227378e-14
4,384,400.0,8.984909046112438e-14,5.462890021038778e-10,8.008605642473986e-14
4,385,400.0,8.493551290702625e-14,5.326484503489807e-10,7.808634932227186e-14
4,386,400.0,8.877689693959792e-14,5.385812162463509e-10,7.895609376629642e-14
4,387,400.0,9.701651561422144e-14,5.725795313229283e-10,8.39402522777854e-14
4,388,400.0,8.920088824495952e-14,5.473665661855399e-10,8.024402749410591e-14
4,389,400.0,8.534781924794293e-14,5.362250658260588e-10,7.861068173204718e-14
4,390,400.0,8.664035794008481e-14,5.464733429264108e-10,8.01130808192598e-14
4,391,400.0,8.777013858937002e-14,5.548715953705623e-10,8.134426599143288e-14
4,392,400.0,9.639156079660475e-14,5.682551781643236e-10,8.330630140246708e-14
4,393,400.0,9.400964807771235e-14,5.619449031450102e-10,8.238121405985889e-14
4,394,400.0,1.5230765458848722e-13,6.447553027187302e-10,9.452123208562013e-14
4,395,400.0,9.272518152142429e-14,5.578409005608149e-10,8.177956661453352e-14
4,396,400.0,9.542537893647325e-14,5.659337485558578e-10,8.296597944487018e-14
4,397,400.0,9.013518985921514e-14,5.468589263922057e-10,8.016960741796336e-14
4,398,400.0,9.056762576859006e-14,5.536397736593426e-10,8.116368072852254e-14
4,399,400.0,9.21940719465635e-14,5.594264079824933e-10,8.201200226003501e-14
4,400,400.0,9.231164443952853e-14,5.563278725898253e-10,8.155775646827353e-14
4,401,400.0,9.182202345973544e-14,5.582578195399998e-10,8.184068700458889e-14
4,402,400.0,8.936336104516728e-14,5.480696485678965e-10,8.034709948553864e-14
4,403,400.0,9.31329910514589e-14,5.624897378753934e-10,8.246108691981321e-14
4,404,400.0,9.765705514681604e-14,5.718746386045873e-10,8.383691489080334e-14
4,405,400.0,9.678296907349004e-14,5.702356266370492e-10,8.359663547018979e-14
4,406,400.0,9.382617444645383e-14,5.613923244418589e-10,8.230020593223916e-14
4,407,400.0,9.805504037543536e-14,5.722528577244413e-10,8.389236187519602e-14
4,408,400.0,9.60242659910902e-14,5.674396048205416e-10,8.318673821782106e-14
4,409,400.0,8.872480282621483e-14,5.447437329821216e-10,7.985951972054158e-14
4,410,400.0,9.086846856761851e-14,5.504485639791154e-10,8.069584887115475e-14
4,411,400.0,9.471308556834129e-14,5.669632493678134e-10,8.311690443109188e-14
4,412,400.0,9.411178295670454e-14,5.637301269347768e-10,8.264292815735568e-14
4,413,400.0,9.633064887627981e-14,5.708342047299684e-10,8.36843871158197e-14
4,414,400.0,9.650762134161381e-14,5.687367801473012e-10,8.337690433138286e-14
4,415,400.0,9.499389414973968e-14,5.647604710382222e-10,8.279397677024673e-14
4,416,400.0,9.760668430919454e-14,5.712248350292641e-10,8.374165358113408e-14
4,417,400.0,8.773539132989465e-14,5.305265134344837e-10,7.777527302600802e-14
4,418,400.0,8.952154722607556e-14,5.434031070839845e-10,7.966298374615955e-14
4,419,400.0,8.312347848954112e-14,5.044602440418582e-10,7.395395369993576e-14
4,420,400.0,8.41653839098461e-14,5.132170948311491e-10,7.523770944774199e-14
4,421,400.0,1.6054812360646066e-13,5.843381635595261e-10,8.56640696732505e-14
4,422,400.0,8.628198701419078e-14,5.184192265725027e-10,7.600034280584088e-14
4,423,400.0,9.655138135701429e-14,5.697427644330965e-10,8.352438179105041e-14
4,424,400.0,9.16443784064266e-14,5.558900707671363e-10,8.149357464996913e-14
4,425,400.0,9.288592626958743e-14,5.230744605273274e-10,7.668280085961946e-14
4,426,400.0,1.59770314225273e-13,6.058468653854279e-10,8.881724885390062e-14
4,427,400.0,9.420062871558596e-14,5.252906574208406e-10,7.700769568411474e-14
4,428,400.0,9.724745186008762e-14,5.629056106202408e-10,8.252205393174478e-14
4,429,400.0,9.015491624528962e-14,5.188286086669652e-10,7.606035828737199e-14
4,430,400.0,9.468368001957738e-14,5.652488611293164e-10,8.286557483691476e-14
4,431,400.0,9.340575496104124e-14,5.613984467617358e-10,8.230110346532737e-14
4,432,400.0,9.076057644082608e-14,5.183307426623261e-10,7.598737105023937e-14
4,433,400.0,9.647455231947956e-14,5.685444971892369e-10,8.334871561850425e-14
4,434,400.0,8.826608790157937e-14,5.197392178735783e-10,7.619385374494269e-14
4,435,400.0,9.024542606885804e-14,5.414739367668963e-10,7.938016706438077e-14
4,436,400.0,8.659635967012059e-14,5.405313077852676e-10,7.924197750259281e-14
4,437,400.0,9.533696825662871e-14,5.395470422406206e-10,7.90976840139047e-14
4,438,400.0,9.812888242447416e-14,5.724206798778998e-10,8.391696463014704e-14
4,439,400.0,8.402780144637048e-14,5.133350607014101e-10,7.525500326347969e-14
4,440,400.0,9.050457037113716e-14,5.48871489427375e-10,8.046464948575566e-14
4,441,400.0,9.306306179195618e-14,5.589570976534621e-10,8.194320128958392e-14
4,442,400.0,9.04534363580451e-14,5.484826409680221e-10,8.040764423846626e-14
4,443,400.0,9.912525689340888e-14,5.738304325797732e-10,8.412363460518287e-14
4,444,400.0,9.230843331408961e-14,5.563840190780455e-10,8.15659875525647e-14
4,445,400.0,1.0216140567123312e-13,5.814592289419076e-10,8.524201739077403e-14
4,446,400.0,9.449686703250129e-14,5.63442900570647e-10,8.260082072572921e-14
4,447,400.0,9.457090571068227e-14,5.636806818293274e-10,8.2635679496867e-14
4,448,400.0,9.30644260325966e-14,5.579901014148887e-10,8.180143948397067e-14
4,449,400.0,9.484444845224791e-14,5.634726037545452e-10,8.260517521731244e-14
4,450,400.0,1.0088153424403652e-13,5.787002454497364e-10,8.483754996276798e-14
4,451,400.0,1.1433207908285442e-13,6.133794883889363e-10,8.992153260949881e-14
4,452,400.0,9.983154039335022e-14,5.763755897077394e-10,8.449675505347148e-14
4,453,400.0,9.975570937550045e-14,5.760584170352255e-10,8.44502574881727e-14
4,454,400.0,1.0151792928780841e-13,5.800041744793893e-10,8.502870617027073e-14
4,455,400.0,9.696560272509283e-14,5.698515882766471e-10,8.354033538418772e-14
4,456,400.0,9.865273503507261e-14,5.746034206814046e-10,8.423695478641385e-14
4,457,400.0,9.633237667127805e-14,5.624139203956545e-10,8.244997206497086e-14
4,458,400.0,1.0139888702781247e-13,5.807466061768756e-10,8.513754677769174e-14
4,459,400.0,9.102869967584771e-14,5.479707500993461e-10,8.033260095398824e-14
4,460,400.0,9.515036087559485e-14,5.595755379879339e-10,8.203386474305104e-14
4,461,400.0,1.0087708979646604e-13,5.767539147429306e-10,8.455221756506979e-14
4,462,400.0,1.0100084423678e-13,5.750877181370391e-10,8.430795287205888e-14
4,463,400.0,9.678811724322181e-14,5.60053456914185e-10,8.210392773525259e-14
4,464,400.0,1.0072701819077886e-13,5.791542400471311e-10,8.490410564447391e-14
4,465,400.0,9.442156758227766e-14,5.64563471137784e-10,8.276509655285008e-14
4,466,400.0,1.0676111001996962e-13,5.938607876818448e-10,8.706008791603875e-14
4,467,400.0,1.6460799194227866e-13,6.353599273040801e-10,9.314386852404104e-14
4,468,400.0,9.876084175055881e-14,5.748292901155901e-10,8.427006728214624e-14
4,469,400.0,9.297061454938208e-14,5.52204384463223e-10,8.095325243926688e-14
4,470,400.0,9.038872728435019e-14,5.501474710999697e-10,8.065170860617507e-14
4,471,400.0,9.546803897544452e-14,5.670836399693909e-10,8.313455371283434e-14
4,472,400.0,8.892007664461038e-14,5.444266203189822e-10,7.981303095262685e-14
4,473,400.0,1.6342466657906508e-13,6.289407981261844e-10,9.220282314410697e-14
4,474,400.0,8.874521265260237e-14,5.433219303827406e-10,7.965108322857425e-14
4,475,400.0,9.201310689500146e-14,5.574998180124868e-10,8.172956385755746e-14
4,476,400.0,8.856455015392989e-14,5.418480324782914e-10,7.943500955642373e-14
4,477,400.0,9.377402178293931e-14,5.612334974461893e-10,8.227692186888078e-14
4,478,400.0,9.580263839171924e-14,5.680586470479667e-10,8.327748990889287e-14
4,479,400.0,9.567964119374195e-14,5.69337557874797e-10,8.346497844379893e-14
4,480,400.0,9.121388692289753e-14,5.519690020937775e-10,8.09187453456805e-14
4,481,400.0,9.645863041370828e-14,5.685059391404955e-10,8.3343063002297e-14
4,482,400.0,9.493029221576762e-14,5.67550462813232e-10,8.32029900175526e-14
4,483,400.0,1.02900710847455e-13,5.859688957842526e-10,8.590313528222326e-14
4,484,400.0,9.23865981901137e-14,5.587539724096535e-10,8.191342309585442e-14
4,485,400.0,9.46155815663432e-14,5.649106803969764e-10,8.28159974866338e-14
4,486,400.0,9.317967461751704e-14,5.59583887198039e-10,8.203508873860834e-14
4,487,400.0,9.658331143069929e-14,5.693823790467606e-10,8.347154923488767e-14
4,488,400.0,9.526429080260603e-14,5.654873939549175e-10,8.290054378788518e-14
4,489,400.0,9.307398579870517e-14,5.59466529709044e-10,8.201788411166304e-14
4,490,400.0,9.110451426753196e-14,5.517196748818932e-10,8.088219393592801e-14
4,491,400.0,9.563078505640358e-14,5.665088685204925e-10,8.305029212508403e-14
4,492,400.0,8.975816987655635e-14,5.450840815118366e-10,7.990941487026976e-14
4,493,400.0,1.0792852756062713e-13,5.951580247278906e-10,8.725026307765793e-14
4,494,400.0,9.629870771980924e-14,5.681167724725727e-10,8.328601110557957e-14
4,495,400.0,1.023875147475609e-13,5.821078100547611e-10,8.533709948724672e-14
4,496,400.0,9.512129502427884e-14,5.643144706803595e-10,8.272859304535443e-14
4,497,400.0,9.140878516810436e-14,5.52809508144713e-10,8.104196366924427e-14
4,498,400.0,9.394646680955565e-14,5.615540537862165e-10,8.232391548038653e-14
4,499,400.0,9.000604334880072e-14,5.46168939291592e-10,8.006845519696078e-14
4,500,400.0,9.495179517756807e-14,5.646322140933095e-10,8.277517428129384e-14
4,501,400.0,9.298905618523157e-14,5.58709048387338e-10,8.190683722688739e-14
4,502,400.0,9.336334334239911e-14,5.600128864108089e-10,8.209798009286908e-14
4,503,400.0,9.553625973950733e-14,5.661946380966703e-10,8.300422589392126e-14
4,504,400.0,9.452986249562209e-14,5.635342359671756e-10,8.261421050969301e-14
4,505,400.0,9.488446684626043e-14,5.644708958715611e-10,8.275152500378774e-14
4,506,400.0,9.507871480956794e-14,5.649904711372769e-10,8.282769482211973e-14
4,507,400.0,9.677203572296054e-14,5.694140245664866e-10,8.347618847321865e-14
4,508,400.0,8.882518512936396e-14,5.389156755138305e-10,7.90051255492245e-14
4,509,400.0,8.981006995742059e-14,5.450838578291563e-10,7.990938207835251e-14
4,510,400.0,8.906280660906811e-14,5.405159083501142e-10,7.92397199428985e-14
4,511,400.0,9.388625885820203e-14,5.619681505074234e-10,8.2384622126964e-14
4,512,400.0,9.036959893884675e-14,5.484493516738405e-10,8.040276402253311e-14
4,513,400.0,9.203708089007244e-14,5.55959941830611e-10,8.150381775922145e-14
4,514,400.0,9.435076971800421e-14,5.629486237156723e-10,8.25283596585203e-14
4,515,400.0,9.321035968886664e-14,5.594439124897589e-10,8.201456842364284e-14
4,516,400.0,9.448401512772472e-14,5.634154613672563e-10,8.259679813405607e-14
4,517,400.0,9.278263510389752e-14,5.580650526568803e-10,8.18124273482186e-14
4,518,400.0,9.028453877998737e-14,5.476339741327913e-10,8.028322954259951e-14
4,519,400.0,8.943136697145156e-14,5.428563148401682e-10,7.958282391441804e-14
4,520,400.0,9.585939404274783e-14,5.671312943165364e-10,8.314153984786484e-14
4,521,400.0,8.91187667831586e-14,5.59029143576198e-10,8.195376323355712e-14
4,522,400.0,8.767000852816322e-14,5.472486707435721e-10,8.022674400316743e-14
4,523,400.0,8.865488127193828e-14,5.377212882346864e-10,7.88300281801357e-14
4,524,400.0,8.810177852778012e-14,5.567413335022953e-10,8.161836990518692e-14
4,525,400.0,8.682995703377233e-14,5.398803841011764e-10,7.914655198479626e-14
4,526,400.0,9.120112123617725e-14,5.509793640590287e-10,8.077366424907097e-14
4,527,400.0,9.106233143567352e-14,5.50401575414355e-10,8.068896033993001e-14
4,528,400.0,9.0899024606612e-14,5.496789492758103e-10,8.058302323066622e-14
4,529,400.0,9.960573776345115e-14,5.75725506137861e-10,8.440145269655496e-14
4,530,400.0,9.403509379887521e-14,5.634065587296672e-10,8.259549300593974e-14
4,531,400.0,9.696463524198219e-14,5.687221024166447e-10,8.337475257368497e-14
4,532,400.0,9.89489438288779e-14,5.733717985304875e-10,8.405639877907628e-14
4,533,400.0,8.945397609990026e-14,5.429944135912249e-10,7.960306921374993e-14
4,534,400.0,9.11534026262306e-14,5.517087870481297e-10,8.088059777773011e-14
4,535,400.0,9.305277015677217e-14,5.594568862694355e-10,8.201647038185036e-14
4,536,400.0,9.135132842569779e-14,5.52861817242763e-10,8.10496321915133e-14
4,537,400.0,9.238793901377505e-14,5.566067080504279e-10,8.159863379208023e-14
4,538,400.0,9.004185524236674e-14,5.470000407136271e-10,8.019029480040043e-14
4,539,400.0,8.46356270577776e-14,5.126439001625898e-10,7.515367901624545e-14
4,540,400.0,8.594326342360229e-14,5.238536557471971e-10,7.679703100539221e-14
4,541,400.0,9.66015230375983e-14,5.688510780316017e-10,8.339366041978309e-14
4,542,400.0,8.790036541202378e-14,5.258620274123521e-10,7.709145861765974e-14
4,543,400.0,8.803413237275606e-14,5.477507665093322e-10,8.030035132396727e-14
4,544,400.0,8.676527062565338e-14,5.216551193092534e-10,7.647472520655147e-14
4,545,400.0,8.712179184692899e-14,5.22283222403353e-10,7.656680522214922e-14
4,546,400.0,8.416894425701974e-14,5.194689282731405e-10,7.615422924562397e-14
4,547,400.0,8.739860254844069e-14,5.243076667127708e-10,7.686358908667584e-14
4,548,400.0,9.159617135360484e-14,5.574997868155456e-10,8.172955928408081e-14
4,549,400.0,9.999428282337963e-14,5.792478127471953e-10,8.491782341749936e-14
4,550,400.0,9.328555842820925e-14,5.630124056867128e-10,8.25377101058329e-14
4,551,400.0,9.04051099208434e-14,5.529735012266462e-10,8.106600508168784e-14
4,552,400.0,9.46514011555582e-14,5.638127557995733e-10,8.265504156235361e-14
4,553,400.0,9.143741553233788e-14,5.569276549826394e-10,8.164568466446362e-14
4,554,400.0,9.67860344119649e-14,5.720276039721327e-10,8.385933963852678e-14
4,555,400.0,8.843186965507244e-14,5.429749768800767e-10,7.960021978873912e-14
4,556,400.0,9.577170792232583e-14,5.666468786264233e-10,8.307052442902607e-14
4,557,400.0,9.52775852198522e-14,5.655589486397571e-10,8.291103371630301e-14
4,558,400.0,9.552404240186574e-14,5.688842105346846e-10,8.33985176501157e-14
4,559,400.0,9.237010819507664e-14,5.532940938047171e-10,8.111300400569667e-14
4,560,400.0,9.464410021126592e-14,5.666738715328167e-10,8.307448159348694e-14
4,561,400.0,9.364672611639074e-14,5.60838642907853e-10,8.221903612943704e-14
4,562,400.0,8.71747095519689e-14,5.512021078949357e-10,8.080631853158813e-14
4,563,400.0,9.368839209855719e-14,5.640993858480051e-10,8.26970615740019e-14
4,564,400.0,8.947719169159612e-14,5.487188725603493e-10,8.044227582826498e-14
4,565,400.0,9.044051150121178e-14,5.484741367543237e-10,8.040639751935701e-14
4,566,400.0,9.285187964908687e-14,5.712947357986583e-10,8.375190104527903e-14
4,567,400.0,1.736485844811391e-13,6.44157160845937e-10,9.443354438993151e-14
4,568,400.0,8.58344920439499e-14,5.318274094895976e-10,7.796598459895081e-14
4,569,400.0,9.423376328926343e-14,5.595867706715367e-10,8.203551145629136e-14
4,570,400.0,8.595124265030999e-14,5.377300802152438e-10,7.883131708591321e-14
4,571,400.0,9.077443149670254e-14,5.438006170589925e-10,7.972125877305059e-14
4,572,400.0,9.862215296841464e-14,5.716848210089303e-10,8.3809087600454e-14
4,573,400.0,8.889383265942774e-14,5.35475937871443e-10,7.850085945224352e-14
4,574,400.0,9.015836138950716e-14,5.376940636025233e-10,7.882603704463936e-14
4,575,400.0,1.413629791457725e-13,5.872224957797842e-10,8.608691324515049e-14
4,576,400.0,9.768432818230449e-14,5.642036809136591e-10,8.27123512475641e-14
4,577,400.0,9.157287927723526e-14,5.297176532074328e-10,7.765669398536499e-14
4,578,400.0,9.42128284463134e-14,5.614209249590789e-10,8.230439877270828e-14
4,579,400.0,8.686378381719568e-14,5.197325647720073e-10,7.619287839917192e-14
4,580,400.0,8.858452647009321e-14,5.566454977398757e-10,8.160432036685266e-14
4,581,400.0,9.339323548379019e-14,5.600363963162276e-10,8.210142664882143e-14
4,582,400.0,1.733469014997052e-13,6.425416078341995e-10,9.4196704056048e-14
4,583,400.0,8.8215243559215e-14,5.57736300449512e-10,8.176423222122965e-14
4,584,400.0,9.713317712475096e-14,5.701181995667899e-10,8.357942064261984e-14
4,585,400.0,9.451089299605444e-14,5.75122930499935e-10,8.431311501017784e-14
4,586,400.0,9.331661727780442e-14,5.709252035859093e-10,8.369772756287867e-14
4,587,400.0,9.116227307729893e-14,5.544316261680502e-10,8.127976643489444e-14
4,588,400.0,8.930934147991062e-14,5.632513949282699e-10,8.257274596745658e-14
4,589,400.0,8.788854357113361e-14,5.585612972531347e-10,8.188517688661867e-14
4,590,400.0,9.131961331616901e-14,5.691559271847956e-10,8.343835135514824e-14
4,591,400.0,8.849871085039864e-14,5.602965319119268e-10,8.213956256939646e-14
4,592,400.0,9.368277834728374e-14,5.609506338234985e-10,8.223545401585779e-14
4,593,400.0,8.728567361413083e-14,5.526376363685538e-10,8.101676723894767e-14
4,594,400.0,1.0021474262801891e-13,5.909046383809341e-10,8.662671594845213e-14
4,595,400.0,8.722724597575688e-14,5.535355724085251e-10,8.11484048082306e-14
4,596,400.0,8.808992818159981e-14,5.593381793882518e-10,8.199906793379104e-14
4,597,400.0,8.661941140382529e-14,5.475957615015287e-10,8.027762756465076e-14
4,598,400.0,8.587760516902081e-14,5.396006007976611e-10,7.910553570706463e-14
4,599,400.0,8.705806243243042e-14,5.500174599854199e-10,8.06326489556685e-14
4,600,400.0,8.532061797711931e-14,5.364149166835719e-10,7.863851389859001e-14
4,601,400.0,8.788156709128004e-14,5.57201729747988e-10,8.168586406957295e-14
4,602,400.0,8.714163880228087e-14,5.522715893521471e-10,8.09631046868971e-14
4,603,400.0,8.723491192077105e-14,5.513430648430652e-10,8.082698284307506e-14
4,604,400.0,1.707634740045204e-13,6.366818150856539e-10,9.333765748749186e-14
4,605,400.0,9.075825330733275e-14,5.67328810023765e-10,8.317049568262075e-14
4,606,400.0,8.737544139559474e-14,5.541005551117372e-10,8.123123136427362e-14
4,607,400.0,9.015499180094905e-14,5.655663095375299e-10,8.291211282511189e-14
4,608,400.0,1.717731885933995e-13,6.422027884586756e-10,9.414703308057258e-14
4,609,400.0,8.580121946603104e-14,5.404527786267656e-10,7.923046511520345e-14
4,610,400.0,8.747525545833669e-14,5.53032995823824e-10,8.107472699929594e-14
4,611,400.0,8.76527597865874e-14,5.541499704797829e-10,8.12384756652541e-14
4,612,400.0,8.79858850389785e-14,5.559751801942056e-10,8.15060517057991e-14
4,613,400.0,8.797454955836823e-14,5.563451444495576e-10,8.15602885257152e-14
4,614,400.0,8.664177913345458e-14,5.456721204217952e-10,7.99956214699661e-14
4,615,400.0,8.765524481970885e-14,5.544780162606449e-10,8.128656723000249e-14
4,616,400.0,9.558123041022264e-14,5.663171517614785e-10,8.302218641707814e-14
4,617,400.0,9.047041561446542e-14,5.664166648188087e-10,8.303677504744348e-14
4,618,400.0,8.947009069941149e-14,5.634191272678669e-10,8.259733555568092e-14
4,619,400.0,9.586117705720892e-14,5.67031128808394e-10,8.312685556810449e-14
4,620,400.0,9.64426969688967e-14,5.684673052642056e-10,8.333739926975883e-14
4,621,400.0,8.824713596119497e-14,5.592286853232249e-10,8.198301608607648e-14
4,622,400.0,8.890537975751195e-14,5.618237448314078e-10,8.23634522314089e-14
4,623,400.0,9.213900881971986e-14,5.556864045080022e-10,8.146371714330505e-14
4,624,400.0,9.233074232246448e-14,5.563979689717087e-10,8.156803260924117e-14
4,625,400.0,8.632908039510901e-14,5.450757767716255e-10,7.990819739400615e-14
4,626,400.0,8.698667840659746e-14,5.507104918210316e-10,8.073424753531625e-14
4,627,400.0,8.66475790603623e-14,5.464436034579213e-10,8.01087210083496e-14
4,628,400.0,8.702098429314792e-14,5.494330417729474e-10,8.054697315081162e-14
4,629,400.0,8.622440780229199e-14,5.437500291135805e-10,7.971384257203781e-14
4,630,400.0,9.625052497697265e-14,5.679987157715707e-10,8.32687039740405e-14
4,631,400.0,9.23719779113525e-14,5.566244653068036e-10,8.160123700874866e-14
4,632,400.0,8.717959524996401e-14,5.49816039954408e-10,8.060312074641192e-14
4,633,400.0,9.016730329491833e-14,5.440941282367274e-10,7.97642875593722e-14
4,634,400.0,8.894232113406069e-14,5.397513642469559e-10,7.912763765321495e-14
4,635,400.0,8.839416828092596e-14,5.351388287553574e-10,7.845143920107948e-14
4,636,400.0,8.894667795916436e-14,5.398289644415073e-10,7.913901385433833e-14
4,637,400.0,8.742576574437335e-14,5.526576494832022e-10,8.101970116480522e-14
4,638,400.0,8.453184682186071e-14,5.299484005902818e-10,7.769052158916358e-14
4,639,400.0,8.442420087594808e-14,5.27774157758115e-10,7.737177723687497e-14
4,640,400.0,1.6628083302951213e-13,6.188660455340903e-10,9.072586277798501e-14
4,641,400.0,8.525827377316856e-14,5.358439704302599e-10,7.855481308513388e-14
4,642,400.0,8.925893287707391e-14,5.658487673783471e-10,8.295352119044633e-14
4,643,400.0,8.700579568297674e-14,5.495771526994764e-10,8.056809983604411e-14
4,644,400.0,8.95692515017706e-14,5.670272830234485e-10,8.312629177540693e-14
4,645,400.0,8.639651263526839e-14,5.450390749872138e-10,7.990281690645109e-14
4,646,400.0,8.866136554179406e-14,5.617770986591792e-10,8.235661389498494e-14
4,647,400.0,8.68562598932895e-14,5.476565128010945e-10,8.028653371503301e-14
4,648,400.0,8.91329254393033e-14,5.40974303170127e-10,7.930692069795483e-14
4,649,400.0,8.693590328075511e-14,5.485894229800661e-10,8.042329849877311e-14
4,650,400.0,8.587417066009706e-14,5.402923120293365e-10,7.920694068596086e-14
4,651,400.0,8.749327090040033e-14,5.52832260820045e-10,8.104529921514294e-14
4,652,400.0,8.749535565839353e-14,5.529232360083681e-10,8.10586361925253e-14
4,653,400.0,8.791663541912657e-14,5.558016075223966e-10,8.148060592392402e-14
4,654,400.0,8.791853198992442e-14,5.56222106219663e-10,8.154225110123147e-14
4,655,400.0,8.486169446644592e-14,5.318950064033256e-10,7.797589431748095e-14
4,656,400.0,8.420502767781756e-14,5.27103279320656e-10,7.727342634899407e-14
4,657,400.0,8.985386485572544e-14,5.453304637765692e-10,7.994553455029158e-14
4,658,400.0,1.7671762904679447e-13,6.013381443990564e-10,8.81562696250907e-14
4,659,400.0,8.347578656141492e-14,5.173338098908797e-10,7.584122054404532e-14
4,660,400.0,9.113319917029066e-14,5.516213213875421e-10,8.086777529768371e-14
4,661,400.0,8.541725351909035e-14,5.360022052841337e-10,7.857801034040881e-14
4,662,400.0,8.584566765818077e-14,5.264243494267861e-10,7.71738951162958e-14
4,663,400.0,8.508816557393012e-14,5.334745338226337e-10,7.820745329366381e-14
4,664,400.0,8.379057087210007e-14,5.245240968235485e-10,7.689531777606371e-14
4,665,400.0,8.798133480127616e-14,5.56777661618081e-10,8.162369561286072e-14
4,666,400.0,8.82281861786146e-14,5.586970214074274e-10,8.190507406967934e-14
4,667,400.0,8.653884714194265e-14,5.460442552457581e-10,8.005017649559307e-14
4,668,400.0,8.9637157388418e-14,5.639357832861126e-10,8.267307741185971e-14
4,669,400.0,9.026330220515037e-14,5.475251221342885e-10,8.026727182194164e-14
4,670,400.0,8.772727419566108e-14,5.548490726785981e-10,8.134096416113328e-14
4,671,400.0,8.768634986374816e-14,5.536882365910468e-10,8.117078540218066e-14
4,672,400.0,8.947689780779201e-14,5.634490133642104e-10,8.260171686225833e-14
4,673,400.0,8.760152995259591e-14,5.540035028380726e-10,8.12170034851933e-14
4,674,400.0,8.706929442780883e-14,5.498155291737503e-10,8.060304586588456e-14
4,675,400.0,8.517470857087677e-14,5.347170775528012e-10,7.838961040629313e-14
4,676,400.0,9.137330374788844e-14,5.68780716072268e-10,8.33833453451181e-14
4,677,400.0,9.771214672594565e-14,5.714682956381134e-10,8.377734494592894e-14
4,678,400.0,8.74314259877338e-14,5.529029631433277e-10,8.105566418721811e-14
4,679,400.0,8.75914164055333e-14,5.538010999442225e-10,8.118733118808503e-14
4,680,400.0,8.329134388584575e-14,5.074563166312508e-10,7.43931784280973e-14
4,681,400.0,8.78361895857779e-14,5.558817634094467e-10,8.149235678998274e-14
4,682,400.0,9.506177642387027e-14,5.649446900792577e-10,8.282098331157936e-14
4,683,400.0,9.167171664764508e-14,5.538693650920477e-10,8.119733886984231e-14
4,684,400.0,8.698964148997436e-14,5.495455287471761e-10,8.056346375950122e-14
4,685,400.0,8.775154244687084e-14,5.553988684731682e-10,8.142156431390307e-14
4,686,400.0,8.615220786327427e-14,5.431709913557234e-10,7.962895554270132e-14
4,687,400.0,8.621516426552215e-14,5.437709119075171e-10,7.971690399302024e-14
4,688,400.0,8.427290517770722e-14,5.284403984665312e-10,7.746944823292504e-14
4,689,400.0,8.627543489498742e-14,5.44266006929273e-10,7.978948500361215e-14
4,690,400.0,8.532579317742037e-14,5.3691635705348e-10,7.871202513825153e-14
4,691,400.0,8.611200271594522e-14,5.429796939254658e-10,7.96009113083592e-14
4,692,400.0,9.341143615976882e-14,5.600947007650215e-10,8.210997409048315e-14
4,693,400.0,8.654832098058088e-14,5.462686553793514e-10,8.008307359162001e-14
4,694,400.0,8.915617934048628e-14,5.411249367525749e-10,7.932900360560431e-14
4,695,400.0,8.652948160085336e-14,5.459376552842994e-10,8.003454892393159e-14
4,696,400.0,8.89816924126342e-14,5.638237070369535e-10,8.265664701553202e-14
4,697,400.0,8.792625238273239e-14,5.564560830165916e-10,8.157655213765861e-14
4,698,400.0,8.788405669638384e-14,5.564473409944562e-10,8.157527055579388e-14
4,699,400.0,8.516566383697636e-14,5.355518052101598e-10,7.851198161642012e-14
4,700,400.0,9.05144256811884e-14,5.664888456441679e-10,8.304735676816317e-14
4,701,400.0,9.005870495599587e-14,5.682900947641759e-10,8.331142018167581e-14
4,702,400.0,8.748016620523483e-14,5.532135417318704e-10,8.110119505873584e-14
4,703,400.0,9.433357147294842e-14,5.787577737995585e-10,8.484598362819438e-14
4,704,400.0,1.8351966807207462e-13,6.365752810641882e-10,9.332203958264406e-14
4,705,400.0,8.641551348788931e-14,5.454642041965243e-10,7.99651409175762e-14
4,706,400.0,9.130778401293357e-14,5.68734343206401e-10,8.337654707545114e-14
4,707,400.0,8.745812056571278e-14,5.54514369698153e-10,8.12918966498449e-14
4,708,400.0,9.231164443952853e-14,5.563278725898256e-10,8.155775646827357e-14
4,709,400.0,9.626659756152488e-14,5.68038166918944e-10,8.327448751865222e-14
4,710,400.0,1.036473314885949e-13,5.848482407381736e-10,8.57388470704758e-14
4,711,400.0,8.824414958352022e-14,5.59713311027579e-10,8.205406229303709e-14
4,712,400.0,9.174465984221541e-14,5.725983683431367e-10,8.394301378800704e-14
4,713,400.0,9.3371509039282e-14,5.76351233697494e-10,8.449318445841412e-14
4,714,400.0,9.810495808332344e-14,5.879440963275204e-10,8.619270000263519e-14
4,715,400.0,1.026098400393213e-13,5.999225566832324e-10,8.79487442360621e-14
4,716,400.0,9.975028735211725e-14,5.921539533186341e-10,8.680986572120536e-14
4,717,400.0,9.288965545507744e-14,5.752361161991625e-10,8.432970805206574e-14
4,718,400.0,1.0004466642584555e-13,5.928541075909415e-10,8.691250845122937e-14
4,719,400.0,1.0335538083622515e-13,6.020541825442647e-10,8.826124093346149e-14
4,720,400.0,9.98650388782364e-14,5.923581318314849e-10,8.683979832434749e-14
4,721,400.0,9.768344295186261e-14,5.714339068242182e-10,8.377230354022722e-14
4,722,400.0,9.382959510152404e-14,5.614358393057875e-10,8.230658521835783e-14
4,723,400.0,9.52850377417347e-14,5.656105273434613e-10,8.291859516264234e-14
4,724,400.0,9.216980621026715e-14,5.558980715489546e-10,8.149474756588301e-14
4,725,400.0,8.758530366876104e-14,5.539496145131247e-10,8.120910344800456e-14
4,726,400.0,8.828809076679062e-14,5.33937387821888e-10,7.827530776512112e-14
4,727,400.0,9.062828071592608e-14,5.493952998411406e-10,8.054144017747953e-14
4,728,400.0,8.96332867656932e-14,5.440663573401669e-10,7.976021634142649e-14
4,729,400.0,9.465827369546321e-14,5.63941364533034e-10,8.267389562356477e-14
4,730,400.0,8.995578217197351e-14,5.459365533819206e-10,8.003438738486392e-14
4,731,400.0,9.69528248097092e-14,5.694320876756327e-10,8.347883652795291e-14
4,732,400.0,8.699673669122261e-14,5.23877841222748e-10,7.680057660003566e-14
4,733,400.0,9.114935403536437e-14,5.510060153213831e-10,8.077757132846025e-14
4,734,400.0,8.688872554241997e-14,5.488707218605366e-10,8.046453696033249e-14
4,735,400.0,8.876825368408921e-14,5.625352858232539e-10,8.246776425636645e-14
4,736,400.0,9.538157270614298e-14,5.657971661213764e-10,8.294595643779448e-14
4,737,400.0,8.940871385944446e-14,5.427172556261078e-10,7.956243781105383e-14
4,738,400.0,8.616014312357466e-14,5.432529421235057e-10,7.964096953856685e-14
4,739,400.0,8.614068296599392e-14,5.431108375899073e-10,7.96201369908638e-14
4,740,400.0,8.792858606134389e-14,5.555755635200537e-10,8.144746783647143e-14
4,741,400.0,8.828690628928649e-14,5.514791277525019e-10,8.084692968769483e-14
4,742,400.0,8.481905934249075e-14,5.319747196818198e-10,7.798758029705349e-14
4,743,400.0,8.526840180270321e-14,5.35548914954781e-10,7.851155790451222e-14
4,744,400.0,8.714346328078575e-14,5.504077458523623e-10,8.068986492714396e-14
4,745,400.0,8.628935295942126e-14,5.440566698433069e-10,7.975879615281357e-14
4,746,400.0,8.87282882109597e-14,5.382414141276681e-10,7.89062787205143e-14
4,747,400.0,9.388607471841434e-14,5.772730382425539e-10,8.462832115441924e-14
4,748,400.0,8.850924224614502e-14,5.604216558323112e-10,8.215790575644471e-14
4,749,400.0,8.718239670364508e-14,5.508776538802183e-10,8.075875352033983e-14
4,750,400.0,8.712633850393449e-14,5.500924789040978e-10,8.064364674132962e-14
4,751,400.0,8.481285536959685e-14,5.323053303979726e-10,7.803604788173205e-14
4,752,400.0,9.12579104881612e-14,5.522586661571026e-10,8.096121014440488e-14
4,753,400.0,8.415789152274361e-14,5.270928662618733e-10,7.727189979288546e-14
4,754,400.0,8.693445960207013e-14,5.488520005222408e-10,8.046179240909803e-14
4,755,400.0,8.80817659908512e-14,5.572702285174152e-10,8.169590600029506e-14
4,756,400.0,9.26992409147221e-14,5.571706741428355e-10,8.168131131281422e-14
4,757,400.0,9.4781748082588e-14,5.647718194645604e-10,8.279564045139086e-14
4,758,400.0,9.064767093475272e-14,5.501927211672776e-10,8.065834227339094e-14
4,759,400.0,1.5196977473587541e-13,6.469343836634008e-10,9.48406857059875e-14
4,760,400.0,1.028339489263399e-13,5.835339322941432e-10,8.554616923913971e-14
4,761,400.0,8.943296834667902e-14,5.628566230160106e-10,8.251487234100915e-14
4,762,400.0,8.712412487165422e-14,5.509238249137759e-10,8.076552220135746e-14
4,763,400.0,8.841017381024985e-14,5.600863777667185e-10,8.210875393758028e-14
4,764,400.0,8.759215334984001e-14,5.507727358119993e-10,8.074337251450042e-14
4,765,400.0,8.838592377642646e-14,5.604282575109385e-10,8.215887356360356e-14
4,766,400.0,8.66054422325026e-14,5.469698412988509e-10,8.018586756128992e-14
4,767,400.0,8.790392803329787e-14,5.567041138839432e-10,8.16129135030921e-14
4,768,400.0,8.75193951680948e-14,5.54216409103839e-10,8.124821557833023e-14
4,769,400.0,8.678429461441264e-14,5.479968604934438e-10,8.033642874200322e-14
4,770,400.0,8.802752199732889e-14,5.575370621902375e-10,8.173502386006409e-14
4,771,400.0,8.854744986051324e-14,5.615881949709442e-10,8.232892058361208e-14
4,772,400.0,8.644723552696858e-14,5.457103745310331e-10,8.000122952859278e-14
4,773,400.0,8.758131283514776e-14,5.540564654299072e-10,8.122476780975726e-14
4,774,400.0,8.665308326172244e-14,5.299807016760083e-10,7.769525693357673e-14
4,775,400.0,9.388508515975308e-14,5.646637860360831e-10,8.277980273323167e-14
4,776,400.0,8.922570770278216e-14,5.415704480613903e-10,7.939431563582685e-14
4,777,400.0,8.788868915882468e-14,5.553694704196801e-10,8.141725455448754e-14
4,778,400.0,8.627964534491116e-14,5.441573720759476e-10,7.977355911647256e-14
4,779,400.0,8.740694708801464e-14,5.524840574148176e-10,8.099425253938902e-14
4,780,400.0,8.844542210141037e-14,5.602104482584302e-10,8.212694269181403e-14
