ID,Resource,Zone,Village,technology,Total_MW,Start_MW,Change_in_MW,Electricity_GWh
1,pltd_bel1,1,1,diesel,0.0,0.2773,-0.2773,0.0
2,plts_bel1,1,1,solar,0.0,0.0,0.0,0.0
3,batt_bel1,1,1,battery,0.010921252166377793,0.0,0.010921252166377793,0.0038959041758848396
4,pltd_bel2,1,2,diesel,0.0,0.846,-0.846,0.0
5,plts_bel2,1,2,solar,0.0,0.0,0.0,0.0
6,batt_bel2,1,2,battery,0.40107399999999993,0.0,0.40107399999999993,0.2825536602666838
7,pltd_bel3,1,3,diesel,0.0,0.842,-0.842,0.0
8,plts_bel3,1,3,solar,0.0,0.0,0.0,0.0
9,batt_bel3,1,3,battery,0.39913599999999994,0.0,0.39913599999999994,0.3212544331680858
10,pltd_bel4,1,4,diesel,0.0,0.3891,-0.3891,0.0
11,plts_bel4,1,4,solar,0.0,0.0,0.0,0.0
12,batt_bel4,1,4,battery,0.09398630716178259,0.0,0.09398630716178259,0.07461670262921796
13,pltd_bel5,1,5,diesel,0.0,0.4381,-0.4381,0.0
14,plts_bel5,1,5,solar,0.0,0.0,0.0,0.0
15,batt_bel5,1,5,battery,0.20770900000000003,0.0,0.20770900000000003,0.17230689983823985
16,pltd_bel6,1,6,diesel,0.0,0.3851,-0.3851,0.0
17,plts_bel6,1,6,solar,0.0,0.0,0.0,0.0
18,batt_bel6,1,6,battery,0.010502999999999986,0.0,0.010502999999999986,0.00477308720418902
19,pltd_bel7,1,7,diesel,0.0,0.3586,-0.3586,0.0
20,plts_bel7,1,7,solar,0.0,0.0,0.0,0.0
21,batt_bel7,1,7,battery,0.170012,0.0,0.170012,0.12427838565219988
22,pltd_bel8,1,8,diesel,0.0,0.7089,-0.7089,0.0
23,plts_bel8,1,8,solar,0.0,0.0,0.0,0.0
24,batt_bel8,1,8,battery,0.336024,0.0,0.336024,0.2677896230570762
25,pltd_bel9,1,9,diesel,0.0,0.6833,-0.6833,0.0
26,plts_bel9,1,9,solar,0.0,0.0,0.0,0.0
27,batt_bel9,1,9,battery,0.323969,0.0,0.323969,0.2586503145862381
28,pltd_bel10,1,10,diesel,0.0,0.3968,-0.3968,0.0
29,plts_bel10,1,10,solar,0.0,0.0,0.0,0.0
30,batt_bel10,1,10,battery,0.018578000000000077,0.0,0.018578000000000077,0.010302583301200041
31,pltd_bel11,1,11,diesel,0.0,0.6602,-0.6602,0.0
32,plts_bel11,1,11,solar,0.0,0.0,0.0,0.0
33,batt_bel11,1,11,battery,0.31302299999999994,0.0,0.31302299999999994,0.263157006856524
34,pltd_bel12,1,12,diesel,0.0,0.284,-0.284,0.0
35,plts_bel12,1,12,solar,0.0,0.0,0.0,0.0
36,batt_bel12,1,12,battery,0.013298000000000032,0.0,0.013298000000000032,0.0071756662761333495
37,pltd_bel13,1,13,diesel,0.0,0.2672,-0.2672,0.0
38,plts_bel13,1,13,solar,0.0,0.0,0.0,0.0
39,batt_bel13,1,13,battery,0.133622,0.0,0.133622,0.09582021825192384
40,pltd_bel14,1,14,diesel,0.004249791597920299,0.2055,-0.2012502084020797,0.0005612008970163461
41,plts_bel14,1,14,solar,0.0,0.0,0.0,0.0
42,batt_bel14,1,14,battery,0.005058492201039877,0.0,0.005058492201039877,0.002547364896942323
43,pltd_bel15,1,15,diesel,0.0,0.1749,-0.1749,0.0
44,plts_bel15,1,15,solar,0.0,0.0,0.0,0.0
45,batt_bel15,1,15,battery,0.0090715994176373,0.0,0.0090715994176373,0.0036472353977120065
46,pltd_bel16,1,16,diesel,0.0,0.4908,-0.4908,0.0
47,plts_bel16,1,16,solar,0.0,0.0,0.0,0.0
48,batt_bel16,1,16,battery,0.022976000000000156,0.0,0.022976000000000156,0.01191862625767627
49,pltd_bel17,1,17,diesel,0.0,0.2234,-0.2234,0.0
50,plts_bel17,1,17,solar,0.0,0.0,0.0,0.0
51,batt_bel17,1,17,battery,0.011586418469217952,0.0,0.011586418469217952,0.005087872135228559
52,pltd_bel18,1,18,diesel,0.0,0.1297,-0.1297,0.0
53,plts_bel18,1,18,solar,0.0,0.0,0.0,0.0
54,batt_bel18,1,18,battery,0.005108860485268636,0.0,0.005108860485268636,0.0020146648878011726
55,pltd_bel19,1,19,diesel,0.005260000000000015,0.203,-0.19774,0.001651190576785724
56,plts_bel19,1,19,solar,0.0,0.0,0.0,0.0
57,batt_bel19,1,19,battery,0.036618699999999976,0.0,0.036618699999999976,0.02347048549999999
58,pltd_bel20,1,20,diesel,0.0008408604800000083,0.0444,-0.04355913951999999,0.0008676629078000075
59,plts_bel20,1,20,solar,0.12522032473226566,0.0,0.12522032473226566,0.19624008602833623
60,batt_bel20,1,20,battery,0.05099542549461706,0.0,0.05099542549461706,0.09584339652959543
61,pltd_bel21,1,21,diesel,0.011631680999999991,0.1664,-0.154768319,0.005054229381240444
62,plts_bel21,1,21,solar,0.03040817159789954,0.0,0.03040817159789954,0.04797757222867767
63,batt_bel21,1,21,battery,0.06741862093552542,0.0,0.06741862093552542,0.08795709292920348
64,pltd_bel22,1,22,diesel,0.008271683999999654,0.1183,-0.11002831600000035,0.004467695711787671
65,plts_bel22,1,22,solar,0.16794284570942075,0.0,0.16794284570942075,0.2622744947730996
66,batt_bel22,1,22,battery,0.07230776525688266,0.0,0.07230776525688266,0.11514745807096226
67,pltd_bel23,1,23,diesel,0.002796934000000015,0.1143,-0.11150306599999998,0.0003549129935000021
68,plts_bel23,1,23,solar,0.0,0.0,0.0,0.0
69,batt_bel23,1,23,battery,0.0025975000000000026,0.0,0.0025975000000000026,0.0014266120859285712
70,pltd_bel24,1,24,diesel,0.0015404892216476507,0.0672,-0.06565951077835235,0.0013942959516102399
71,plts_bel24,1,24,solar,0.15570890051231467,0.0,0.15570890051231467,0.2473063740365894
72,batt_bel24,1,24,battery,0.054008304430352816,0.0,0.054008304430352816,0.1073830986162672
73,pltd_bel25,1,25,diesel,0.0009284683733333224,0.049,-0.04807153162666668,0.0009580633027333228
74,plts_bel25,1,25,solar,0.14101240373914978,0.0,0.14101240373914978,0.21667991218959348
75,batt_bel25,1,25,battery,0.05630637184197641,0.0,0.05630637184197641,0.10581912592516551
76,pltd_bel26,1,26,diesel,0.00958489600000001,0.1371,-0.127515104,0.004812116129049422
77,plts_bel26,1,26,solar,0.18862377973910785,0.0,0.18862377973910785,0.29590732694132044
78,batt_bel26,1,26,battery,0.08259673858882349,0.0,0.08259673858882349,0.1298819321644267
79,pltd_bel27,1,27,diesel,0.008766782,0.1254,-0.11663321800000001,0.0036622600634884737
80,plts_bel27,1,27,solar,0.0,0.0,0.0,0.0
81,batt_bel27,1,27,battery,0.040461386453063505,0.0,0.040461386453063505,0.04860324479405272
82,pltd_bel28,1,28,diesel,0.006504649000000785,0.093,-0.08649535099999922,0.0034256992185528823
83,plts_bel28,1,28,solar,0.1288358620134837,0.0,0.1288358620134837,0.2008159427769693
84,batt_bel28,1,28,battery,0.056054115028182076,0.0,0.056054115028182076,0.0882303898621636
85,pltd_bel29,1,29,diesel,0.001620936999999989,0.0662,-0.064579063,0.000999992635308327
86,plts_bel29,1,29,solar,0.11565959022418637,0.0,0.11565959022418637,0.18269288156877939
87,batt_bel29,1,29,battery,0.04696700000000001,0.0,0.04696700000000001,0.07731081445482715
88,pltd_bel30,1,30,diesel,0.0009632458666666797,0.0508,-0.04983675413333332,0.0009939493286666818
89,plts_bel30,1,30,solar,0.15386033846209002,0.0,0.15386033846209002,0.2248563130729139
90,batt_bel30,1,30,battery,0.058429800120303306,0.0,0.058429800120303306,0.10981159013822163
91,pltd_bel31,1,31,diesel,0.007237224999998584,0.1035,-0.09626277500000141,0.00378961765233677
92,plts_bel31,1,31,solar,0.15212150664243046,0.0,0.15212150664243046,0.22949324310788982
93,batt_bel31,1,31,battery,0.06326905771241838,0.0,0.06326905771241838,0.10073282342577855
94,pltd_bel32,1,32,diesel,0.010855836000000008,0.1553,-0.14444416399999999,0.0048716488375366625
95,plts_bel32,1,32,solar,0.029089376319535207,0.0,0.029089376319535207,0.04477769876461722
96,batt_bel32,1,32,battery,0.06292413691026351,0.0,0.06292413691026351,0.08204633653012701
97,pltd_bel33,1,33,diesel,0.006418110999999782,0.0918,-0.08538188900000022,0.003634706527207578
98,plts_bel33,1,33,solar,0.13185013022122924,0.0,0.13185013022122924,0.203541133376548
99,batt_bel33,1,33,battery,0.056114423834216484,0.0,0.056114423834216484,0.08925478615548557
100,pltd_bel34,1,34,diesel,0.0018083039999999828,0.0739,-0.07209169600000001,0.0010607480135013318
101,plts_bel34,1,34,solar,0.1299900604818273,0.0,0.1299900604818273,0.2039339964564915
102,batt_bel34,1,34,battery,0.052429000000000024,0.0,0.052429000000000024,0.08629273809032798
103,pltd_bel35,1,35,diesel,0.005299110999999919,0.0758,-0.0705008890000001,0.002790085782610548
104,plts_bel35,1,35,solar,0.11212180751643354,0.0,0.11212180751643354,0.1750420992148906
105,batt_bel35,1,35,battery,0.046388000015518904,0.0,0.046388000015518904,0.07354335369406353
106,pltd_bel36,1,36,diesel,0.0008408604800000086,0.0444,-0.04355913951999999,0.0008676629078000068
107,plts_bel36,1,36,solar,0.12736567092950316,0.0,0.12736567092950316,0.1962402176266915
108,batt_bel36,1,36,battery,0.050999616004925925,0.0,0.050999616004925925,0.09584412169136512
109,pltd_bel37,1,37,diesel,0.005427917999999574,0.0776,-0.07217208200000043,0.0028532853399543313
110,plts_bel37,1,37,solar,0.11122015328807348,0.0,0.11122015328807348,0.17212836876421728
111,batt_bel37,1,37,battery,0.04745323324372328,0.0,0.04745323324372328,0.07558593882311017
112,pltd_bel38,1,38,diesel,0.0041110000000000625,0.1587,-0.15458899999999995,0.0013310883281488443
113,plts_bel38,1,38,solar,0.0,0.0,0.0,0.0
114,batt_bel38,1,38,battery,0.02861731699999986,0.0,0.02861731699999986,0.01880039042130656
115,pltd_bel39,1,39,diesel,0.004976092000000001,0.0712,-0.066223908,0.0021000748746904776
116,plts_bel39,1,39,solar,0.0,0.0,0.0,0.0
117,batt_bel39,1,39,battery,0.021478000000000004,0.0,0.021478000000000004,0.02440380137500001
118,pltd_bel40,1,40,diesel,0.004458860999999724,0.0638,-0.05934113900000027,0.002435000245515502
119,plts_bel40,1,40,solar,0.09180175306712382,0.0,0.09180175306712382,0.141388837193343
120,batt_bel40,1,40,battery,0.03897924777640803,0.0,0.03897924777640803,0.062012308827865244
121,pltd_bel41,1,41,diesel,0.004825148999999973,0.069,-0.06417485100000003,0.0025039641231712514
122,plts_bel41,1,41,solar,0.09520686208616548,0.0,0.09520686208616548,0.14895108813037505
123,batt_bel41,1,41,battery,0.04157659511010775,0.0,0.04157659511010775,0.06536051251020068
124,pltd_bel42,1,42,diesel,0.002010999999999999,0.0776,-0.075589,0.0007103946164642857
125,plts_bel42,1,42,solar,0.0,0.0,0.0,0.0
126,batt_bel42,1,42,battery,0.014003918000000004,0.0,0.014003918000000004,0.009190313483719197
127,pltd_bel43,1,43,diesel,0.009541627000000101,0.1365,-0.1269583729999999,0.0046082110492536785
128,plts_bel43,1,43,solar,0.035637486697469724,0.0,0.035637486697469724,0.056171075964074495
129,batt_bel43,1,43,battery,0.0574295322721055,0.0,0.0574295322721055,0.07401154840041256
130,pltd_bel44,1,44,diesel,0.007473706000000059,0.1069,-0.09942629399999994,0.0037187414431023177
131,plts_bel44,1,44,solar,0.1337198751254329,0.0,0.1337198751254329,0.20981965547950412
132,batt_bel44,1,44,battery,0.06229399999999994,0.0,0.06229399999999994,0.09528285159877828
133,pltd_bel45,1,45,diesel,0.005665399000000126,0.081,-0.07533460099999988,0.002995770957153954
134,plts_bel45,1,45,solar,0.11994576047725039,0.0,0.11994576047725039,0.18713409788314528
135,batt_bel45,1,45,battery,0.04959294609765674,0.0,0.04959294609765674,0.07874072576070776
136,pltd_bel46,1,46,diesel,0.0076467820000000256,0.1094,-0.10175321799999998,0.0034496847769226614
137,plts_bel46,1,46,solar,0.0743388148776137,0.0,0.0743388148776137,0.1176760022785938
138,batt_bel46,1,46,battery,0.053489999999999975,0.0,0.053489999999999975,0.07294253155387777
139,pltd_bel47,1,47,diesel,0.0027663960000000043,0.1131,-0.110333604,0.0005684591513095246
140,plts_bel47,1,47,solar,0.0,0.0,0.0,0.0
141,batt_bel47,1,47,battery,0.0025695000000000023,0.0,0.0025695000000000023,0.0013859823289714308
142,pltd_bel48,1,48,diesel,0.007668914999999832,0.1097,-0.10203108500000017,0.004221862906313722
143,plts_bel48,1,48,solar,0.15316704476192225,0.0,0.15316704476192225,0.24316302233507292
144,batt_bel48,1,48,battery,0.0670360929201437,0.0,0.0670360929201437,0.10666056274308178
145,pltd_bel49,1,49,diesel,0.005180000000000046,0.1999,-0.19471999999999995,0.0015832910739524116
146,plts_bel49,1,49,solar,0.0,0.0,0.0,0.0
147,batt_bel49,1,49,battery,0.03606435199999993,0.0,0.03606435199999993,0.02339279031772591
148,pltd_bel50,1,50,diesel,0.006082000000000004,0.2348,-0.228718,0.0012358809402202382
149,plts_bel50,1,50,solar,0.0,0.0,0.0,0.0
150,batt_bel50,1,50,battery,0.010331560999999989,0.0,0.010331560999999989,0.004013234947396197
151,pltd_bel51,1,51,diesel,0.01029633599999999,0.1473,-0.137003664,0.004944541788007704
152,plts_bel51,1,51,solar,0.10838325722648033,0.0,0.10838325722648033,0.1729439662502065
153,batt_bel51,1,51,battery,0.07362900000000001,0.0,0.07362900000000001,0.1014888912360177
154,pltd_bel52,1,52,diesel,0.011199990999999992,0.1602,-0.14900000900000002,0.005024703958940437
155,plts_bel52,1,52,solar,0.02408617819726506,0.0,0.02408617819726506,0.039258242490058826
156,batt_bel52,1,52,battery,0.06279515999130916,0.0,0.06279515999130916,0.08095250533946938
157,pltd_bel53,1,53,diesel,0.009607028999999975,0.1374,-0.12779297100000003,0.00490319731076346
158,plts_bel53,1,53,solar,0.18436759059824884,0.0,0.18436759059824884,0.29657886852888005
159,batt_bel53,1,53,battery,0.08278281398492393,0.0,0.08278281398492393,0.13032664926636467
160,pltd_bel54,1,54,diesel,0.008831183999999992,0.1263,-0.117468816,0.004316391502990357
161,plts_bel54,1,54,solar,0.17475224333255132,0.0,0.17475224333255132,0.28615671108093105
162,batt_bel54,1,54,battery,0.07622588115158282,0.0,0.07622588115158282,0.11962488771561097
163,pltd_bel55,1,55,diesel,0.014431181000000001,0.2064,-0.191968819,0.006185808128038366
164,plts_bel55,1,55,solar,0.0,0.0,0.0,0.0
165,batt_bel55,1,55,battery,0.06391429423798158,0.0,0.06391429423798158,0.07395690884155877
166,pltd_bel56,1,56,diesel,0.01115772199999994,0.1596,-0.14844227800000004,0.004848344453318843
167,plts_bel56,1,56,solar,0.02929546082557167,0.0,0.02929546082557167,0.04602413570718028
168,batt_bel56,1,56,battery,0.06467170867945815,0.0,0.06467170867945815,0.08437361851702391
169,pltd_bel57,1,57,diesel,0.012105643000000041,0.1731,-0.16099435699999998,0.00495090374818077
170,plts_bel57,1,57,solar,0.0,0.0,0.0,0.0
171,batt_bel57,1,57,battery,0.0536116825775656,0.0,0.0536116825775656,0.06203622703202061
172,pltd_bel58,1,58,diesel,0.00641800000000009,0.2477,-0.2412819999999999,0.002025031632095305
173,plts_bel58,1,58,solar,0.0,0.0,0.0,0.0
174,batt_bel58,1,58,battery,0.04467621599999988,0.0,0.04467621599999988,0.02935052736409949
175,pltd_bel59,1,59,diesel,0.005471186999999773,0.0783,-0.07282881300000021,0.0030076663734780636
176,plts_bel59,1,59,solar,0.11482998602926774,0.0,0.11482998602926774,0.18075376617868477
177,batt_bel59,1,59,battery,0.04789765269841162,0.0,0.04789765269841162,0.07596858338828562
178,pltd_bel60,1,60,diesel,0.010340666000000165,0.4227,-0.41235933399999986,0.0014136064247500277
179,plts_bel60,1,60,solar,0.0,0.0,0.0,0.0
180,batt_bel60,1,60,battery,0.009605999999999948,0.0,0.009605999999999948,0.004979744727885712
181,pltd_bel61,1,61,diesel,0.000804001280000001,0.0558,-0.05499599872,0.0008144403440952339
182,plts_bel61,1,61,solar,0.15697234578431873,0.0,0.15697234578431873,0.24530086295649803
183,batt_bel61,1,61,battery,0.0637936752716598,0.0,0.0637936752716598,0.11856405418702311
184,pltd_bel62,1,62,diesel,0.005925805849220089,0.2865,-0.2805741941507799,0.0007824971893096981
185,plts_bel62,1,62,solar,0.0,0.0,0.0,0.0
186,batt_bel62,1,62,battery,0.007053184575389948,0.0,0.007053184575389948,0.0035188368746286286
187,pltd_bel63,1,63,diesel,0.0027663960000000043,0.1131,-0.110333604,0.00032378130509523844
188,plts_bel63,1,63,solar,0.0,0.0,0.0,0.0
189,batt_bel63,1,63,battery,0.0025695000000000023,0.0,0.0025695000000000023,0.0013898609525142879
190,pltd_bel64,1,64,diesel,0.00738816799999998,0.1057,-0.09831183200000002,0.0037643088970731346
191,plts_bel64,1,64,solar,0.13354495112615009,0.0,0.13354495112615009,0.21571128675048717
192,batt_bel64,1,64,battery,0.06244000000000003,0.0,0.06244000000000003,0.09633267700529524
193,pltd_bel65,1,65,diesel,0.0036186109999996746,0.0518,-0.048181389000000324,0.0019254570124400642
194,plts_bel65,1,65,solar,0.07571614748863623,0.0,0.07571614748863623,0.11955227608369848
195,batt_bel65,1,65,battery,0.031680432151865445,0.0,0.031680432151865445,0.05034406051533012
196,pltd_bel66,1,66,diesel,0.0,0.4473,-0.4473,0.0
197,plts_bel66,1,66,solar,0.0,0.0,0.0,0.0
198,batt_bel66,1,66,battery,0.012199,0.0,0.012199,0.00519531198568809
199,pltd_bel67,1,67,diesel,0.007467451639514677,0.3611,-0.3536325483604853,0.0010594780070040356
200,plts_bel67,1,67,solar,0.0,0.0,0.0,0.0
201,batt_bel67,1,67,battery,0.008888648180242653,0.0,0.008888648180242653,0.0042183253002187025
202,pltd_bel68,1,68,diesel,0.004717000000000006,0.1821,-0.177383,0.0014806982628869099
203,plts_bel68,1,68,solar,0.0,0.0,0.0,0.0
204,batt_bel68,1,68,battery,0.03284154500000002,0.0,0.03284154500000002,0.021049383925
205,pltd_bel69,1,69,diesel,0.0,0.3444,-0.3444,0.0
206,plts_bel69,1,69,solar,0.0,0.0,0.0,0.0
207,batt_bel69,1,69,battery,0.008733210571923744,0.0,0.008733210571923744,0.00397735469601077
208,pltd_bel70,1,70,diesel,0.004415592000000003,0.0632,-0.058784408,0.002290585295244034
209,plts_bel70,1,70,solar,0.0789537272522156,0.0,0.0789537272522156,0.12395822027697823
210,batt_bel70,1,70,battery,0.036802,0.0,0.036802,0.05625521517931284
211,pltd_bel71,1,71,diesel,0.003847000000000017,0.1485,-0.14465299999999998,0.0008195445960595294
212,plts_bel71,1,71,solar,0.0,0.0,0.0,0.0
213,batt_bel71,1,71,battery,0.006535873999999997,0.0,0.006535873999999997,0.0025388223472308
214,pltd_bel72,1,72,diesel,0.0031502600000000436,0.1288,-0.12564973999999995,0.0004925866601190555
215,plts_bel72,1,72,solar,0.0,0.0,0.0,0.0
216,batt_bel72,1,72,battery,0.002926999999999985,0.0,0.002926999999999985,0.0016075817422571434
217,pltd_bel73,1,73,diesel,0.006893070000000015,0.0986,-0.09170692999999998,0.003001724620737691
218,plts_bel73,1,73,solar,0.009359199339087488,0.0,0.009359199339087488,0.014553985495450636
219,batt_bel73,1,73,battery,0.03672484126888067,0.0,0.03672484126888067,0.0471901723394662
220,pltd_bel74,1,74,diesel,0.0,0.7113,-0.7113,0.0
221,plts_bel74,1,74,solar,0.0,0.0,0.0,0.0
222,batt_bel74,1,74,battery,0.03330299999999997,0.0,0.03330299999999997,0.016133175596885697
223,pltd_bel75,1,75,diesel,0.0037377600000000066,0.1528,-0.14906223999999998,0.0005109538385714286
224,plts_bel75,1,75,solar,0.0,0.0,0.0,0.0
225,batt_bel75,1,75,battery,0.003473000000000004,0.0,0.003473000000000004,0.0017038285628666685
226,pltd_bel76,1,76,diesel,0.004803015999999979,0.0687,-0.06389698400000002,0.0023067763814130357
227,plts_bel76,1,76,solar,0.050981374704829656,0.0,0.050981374704829656,0.08068516286285159
228,batt_bel76,1,76,battery,0.03435000000000002,0.0,0.03435000000000002,0.04735126266248052
229,pltd_bel77,1,77,diesel,0.0,0.3149,-0.3149,0.0
230,plts_bel77,1,77,solar,0.0,0.0,0.0,0.0
231,batt_bel77,1,77,battery,0.011922420927209713,0.0,0.011922420927209713,0.004700589593814305
232,pltd_bel78,1,78,diesel,0.0069796079999999705,0.0998,-0.09282039200000003,0.0030971360628045353
233,plts_bel78,1,78,solar,0.018368945580668056,0.0,0.018368945580668056,0.028786479765468307
234,batt_bel78,1,78,battery,0.04045079727955488,0.0,0.04045079727955488,0.05278803211210723
235,pltd_bel79,1,79,diesel,0.004631937000000003,0.0662,-0.06156806299999999,0.002062971983720651
236,plts_bel79,1,79,solar,0.006314718656752861,0.0,0.006314718656752861,0.009970647124595215
237,batt_bel79,1,79,battery,0.024676362910979285,0.0,0.024676362910979285,0.031629718966084
238,pltd_bel80,1,80,diesel,0.0026381079999999862,0.1078,-0.10516189200000002,0.00043844101445237866
239,plts_bel80,1,80,solar,0.0,0.0,0.0,0.0
240,batt_bel80,1,80,battery,0.0024505000000000082,0.0,0.0024505000000000082,0.0013384780130428597
241,pltd_bel81,1,81,diesel,0.003459517542461016,0.1673,-0.163840482457539,0.00035481941544132314
242,plts_bel81,1,81,solar,0.0,0.0,0.0,0.0
243,batt_bel81,1,81,battery,0.004118284228769503,0.0,0.004118284228769503,0.0022226644729512286
244,pltd_kup82,1,82,diesel,0.0,0.6676,-0.6676,0.0
245,plts_kup82,1,82,solar,0.0,0.0,0.0,0.0
246,batt_kup82,1,82,battery,0.03125600000000006,0.0,0.03125600000000006,0.016473797778666706
247,pltd_kup83,1,83,diesel,0.0,0.3666,-0.3666,0.0
248,plts_kup83,1,83,solar,0.0,0.0,0.0,0.0
249,batt_kup83,1,83,battery,0.009998999999999997,0.0,0.009998999999999997,0.00453325378089876
250,pltd_kup84,1,84,diesel,0.0,0.4831,-0.4831,0.0
251,plts_kup84,1,84,solar,0.0,0.0,0.0,0.0
252,batt_kup84,1,84,battery,0.012248700173310237,0.0,0.012248700173310237,0.006996384630065205
253,pltd_kup85,1,85,diesel,0.0023991483256090677,0.0739,-0.07150085167439092,0.0008722668200742702
254,plts_kup85,1,85,solar,0.0,0.0,0.0,0.0
255,batt_kup85,1,85,battery,0.01773507783719547,0.0,0.01773507783719547,0.015500033178847308
256,pltd_kup86,1,86,diesel,0.0,0.468,-0.468,0.0
257,plts_kup86,1,86,solar,0.0,0.0,0.0,0.0
258,batt_kup86,1,86,battery,0.011865792894280767,0.0,0.011865792894280767,0.0062719000029865125
259,pltd_kup87,1,87,diesel,0.0,0.4279,-0.4279,0.0
260,plts_kup87,1,87,solar,0.0,0.0,0.0,0.0
261,batt_kup87,1,87,battery,0.010545900178253131,0.0,0.010545900178253131,0.005115306234180561
262,pltd_kup88,1,88,diesel,0.004090543715771167,0.1978,-0.19370945628422884,0.0005402065053046451
263,plts_kup88,1,88,solar,0.0,0.0,0.0,0.0
264,batt_kup88,1,88,battery,0.004868934142114423,0.0,0.004868934142114423,0.002277522033403486
265,pltd_kup89,1,89,diesel,0.0,0.9427,-0.9427,0.0
266,plts_kup89,1,89,solar,0.0,0.0,0.0,0.0
267,batt_kup89,1,89,battery,0.052145557655954806,0.0,0.052145557655954806,0.02885170151862867
268,pltd_kup90,1,90,diesel,0.0,0.3022,-0.3022,0.0
269,plts_kup90,1,90,solar,0.0,0.0,0.0,0.0
270,batt_kup90,1,90,battery,0.011904246100519933,0.0,0.011904246100519933,0.004837138827879214
271,pltd_kup91,1,91,diesel,0.0,0.2862,-0.2862,0.0
272,plts_kup91,1,91,solar,0.0,0.0,0.0,0.0
273,batt_kup91,1,91,battery,0.011273288561525097,0.0,0.011273288561525097,0.004115256990047202
274,pltd_kup92,1,92,diesel,0.0043653900000000245,0.2412,-0.23683460999999997,0.0006435052580357175
275,plts_kup92,1,92,solar,0.0,0.0,0.0,0.0
276,batt_kup92,1,92,battery,0.006249999999999978,0.0,0.006249999999999978,0.002782265238095229
277,pltd_kup93,1,93,diesel,0.0,1.0783,-1.0783,0.0
278,plts_kup93,1,93,solar,0.0,0.0,0.0,0.0
279,batt_kup93,1,93,battery,0.5111439999999996,0.0,0.5111439999999996,0.4143770871817306
280,pltd_kup94,1,94,diesel,0.003873183999999974,0.1583,-0.15442681600000002,0.000491430055999997
281,plts_kup94,1,94,solar,0.0,0.0,0.0,0.0
282,batt_kup94,1,94,battery,0.0035990000000000184,0.0,0.0035990000000000184,0.0018357833699142918
283,pltd_kup95,1,95,diesel,0.0012961520000000018,0.053,-0.051703848,0.00017721692485714324
284,plts_kup95,1,95,solar,0.0,0.0,0.0,0.0
285,batt_kup95,1,95,battery,0.0012040000000000037,0.0,0.0012040000000000037,0.0006676468730666683
286,pltd_kup96,1,96,diesel,0.003790689999999996,0.0542,-0.05040931,0.0017420398072687563
287,plts_kup96,1,96,solar,0.01064288111292639,0.0,0.01064288111292639,0.017880662878261424
288,batt_kup96,1,96,battery,0.02199564490702632,0.0,0.02199564490702632,0.028239141387067446
289,pltd_kup97,1,97,diesel,0.002471149000000006,0.101,-0.098528851,0.00036210543741666673
290,plts_kup97,1,97,solar,0.0,0.0,0.0,0.0
291,batt_kup97,1,97,battery,0.002296500000000007,0.0,0.002296500000000007,0.0012612953437285692
292,pltd_kup98,1,98,diesel,0.001281880000000013,0.0524,-0.05111811999999999,0.0007503668266095258
293,plts_kup98,1,98,solar,0.07681377576950443,0.0,0.07681377576950443,0.12938527753370474
294,batt_kup98,1,98,battery,0.034515839367393886,0.0,0.034515839367393886,0.05172687361225569
295,pltd_kup99,1,99,diesel,0.0013643610000000084,0.0558,-0.054435638999999994,0.00022674004569047778
296,plts_kup99,1,99,solar,0.0,0.0,0.0,0.0
297,batt_kup99,1,99,battery,0.0012674999999999978,0.0,0.0012674999999999978,0.0006446150462142862
298,pltd_kup100,1,100,diesel,0.004072253999999997,0.2249,-0.220827746,0.0005202546881071424
299,plts_kup100,1,100,solar,0.0,0.0,0.0,0.0
300,batt_kup100,1,100,battery,0.005825999999999998,0.0,0.005825999999999998,0.0027296903784190434
301,pltd_kup101,1,101,diesel,0.008400494000000008,0.1201,-0.11169950599999999,0.003972817875115735
302,plts_kup101,1,101,solar,0.16466610708766627,0.0,0.16466610708766627,0.27593346563840887
303,batt_kup101,1,101,battery,0.07254212465592022,0.0,0.07254212465592022,0.1137010971797147
304,pltd_kup102,1,102,diesel,0.010253066999999977,0.1466,-0.13634693300000003,0.00443552892464287
305,plts_kup102,1,102,solar,0.01653350126586067,0.0,0.01653350126586067,0.02748275461192245
306,batt_kup102,1,102,battery,0.054752295932948794,0.0,0.054752295932948794,0.06909248356341817
307,pltd_kup103,1,103,diesel,0.004622000000000015,0.1784,-0.173778,0.0014437453550416662
308,plts_kup103,1,103,solar,0.0,0.0,0.0,0.0
309,batt_kup103,1,103,battery,0.03217293099999999,0.0,0.03217293099999999,0.020621014814999988
310,pltd_kup104,1,104,diesel,0.005426999999999987,0.2095,-0.204073,0.001526898920607138
311,plts_kup104,1,104,solar,0.0,0.0,0.0,0.0
312,batt_kup104,1,104,battery,0.03778652599999999,0.0,0.03778652599999999,0.024824173071182534
313,pltd_kup105,1,105,diesel,0.0029384939999999443,0.1201,-0.11716150600000005,0.0017406268070904551
314,plts_kup105,1,105,solar,0.17663622729310496,0.0,0.17663622729310496,0.2968365617392669
315,batt_kup105,1,105,battery,0.0791829344268582,0.0,0.0791829344268582,0.11867983704487381
316,pltd_kup106,1,106,diesel,0.0019213230000000442,0.0786,-0.07667867699999996,0.001100620664696442
317,plts_kup106,1,106,solar,0.11674214751918972,0.0,0.11674214751918972,0.195596740111428
318,batt_kup106,1,106,battery,0.051788318485124454,0.0,0.051788318485124454,0.0775900463221441
319,pltd_kup107,1,107,diesel,0.005600993999999998,0.0801,-0.074499006,0.0025674692146904765
320,plts_kup107,1,107,solar,0.06048100209331976,0.0,0.06048100209331976,0.10171096170133775
321,batt_kup107,1,107,battery,0.04004899999999999,0.0,0.04004899999999999,0.05487733658814848
322,pltd_kup108,1,108,diesel,0.0027888010000000074,0.114,-0.111211199,0.0004634427364047632
323,plts_kup108,1,108,solar,0.0,0.0,0.0,0.0
324,batt_kup108,1,108,battery,0.0025904999999999956,0.0,0.0025904999999999956,0.0014149468650428553
325,pltd_kup109,1,109,diesel,0.009261877000000002,0.1325,-0.123238123,0.003960161739302404
326,plts_kup109,1,109,solar,0.0,0.0,0.0,0.0
327,batt_kup109,1,109,battery,0.041019395840436415,0.0,0.041019395840436415,0.04746503411984314
328,pltd_kup110,1,110,diesel,0.006418111000000011,0.0918,-0.08538188899999999,0.0034044162208305873
329,plts_kup110,1,110,solar,0.12878018220814313,0.0,0.12878018220814313,0.2150750096247268
330,batt_kup110,1,110,battery,0.05622155090360311,0.0,0.05622155090360311,0.08926805204368757
331,pltd_kup111,1,111,diesel,0.004126999999999992,0.1593,-0.155173,0.0009199601719166689
332,plts_kup111,1,111,solar,0.0,0.0,0.0,0.0
333,batt_kup111,1,111,battery,0.007009585999999984,0.0,0.007009585999999984,0.0026856897639508897
334,pltd_kup112,1,112,diesel,0.004318123999999979,0.1765,-0.172181876,0.0005478223195714263
335,plts_kup112,1,112,solar,0.0,0.0,0.0,0.0
336,batt_kup112,1,112,battery,0.004011999999999988,0.0,0.004011999999999988,0.002073762374323808
337,pltd_kup113,1,113,diesel,0.004588773000000018,0.2535,-0.24891122699999998,0.0004509562037500019
338,plts_kup113,1,113,solar,0.0,0.0,0.0,0.0
339,batt_kup113,1,113,battery,0.0065689999999999915,0.0,0.0065689999999999915,0.0029324196340095223
340,pltd_kup114,1,114,diesel,0.0032879999999999993,0.1269,-0.12361200000000001,0.000700320514053573
341,plts_kup114,1,114,solar,0.0,0.0,0.0,0.0
342,batt_kup114,1,114,battery,0.005586452999999991,0.0,0.005586452999999991,0.0020855228758065395
343,pltd_kup115,1,115,diesel,0.0033119999999999955,0.1279,-0.12458800000000002,0.0008031549663452369
344,plts_kup115,1,115,solar,0.0,0.0,0.0,0.0
345,batt_kup115,1,115,battery,0.0056268579999999985,0.0,0.0056268579999999985,0.002100606785363637
346,pltd_kup116,1,116,diesel,0.0033920000000000235,0.1309,-0.12750799999999995,0.0011367189470893008
347,plts_kup116,1,116,solar,0.0,0.0,0.0,0.0
348,batt_kup116,1,116,battery,0.023617202999999972,0.0,0.023617202999999972,0.015515572638667824
349,pltd_kup117,1,117,diesel,0.004702988000000019,0.1922,-0.187497012,0.0006429352109761928
350,plts_kup117,1,117,solar,0.0,0.0,0.0,0.0
351,batt_kup117,1,117,battery,0.004368999999999984,0.0,0.004368999999999984,0.0022285461359142825
352,pltd_kup118,1,118,diesel,0.0033467599999999903,0.1368,-0.13345324000000003,0.0005233070529761891
353,plts_kup118,1,118,solar,0.0,0.0,0.0,0.0
354,batt_kup118,1,118,battery,0.0031085,0.0,0.0031085,0.0017072660901285722
355,pltd_kup119,1,119,diesel,0.002986000000000006,0.1152,-0.112214,0.0007539320139464347
356,plts_kup119,1,119,solar,0.0,0.0,0.0,0.0
357,batt_kup119,1,119,battery,0.01826733899999999,0.0,0.01826733899999999,0.011783054937555226
358,pltd_kup120,1,120,diesel,0.009693567000000014,0.1386,-0.128906433,0.004229387709405668
359,plts_kup120,1,120,solar,0.0,0.0,0.0,0.0
360,batt_kup120,1,120,battery,0.04292736276849643,0.0,0.04292736276849643,0.04967281133840493
361,pltd_kup121,1,121,diesel,0.004957000000000017,0.1913,-0.18634299999999998,0.0010074492391131064
362,plts_kup121,1,121,solar,0.0,0.0,0.0,0.0
363,batt_kup121,1,121,battery,0.00841958299999998,0.0,0.00841958299999998,0.0033405713921110386
364,pltd_kup122,1,122,diesel,0.003711999999999993,0.1433,-0.13958800000000002,0.0008639809933452332
365,plts_kup122,1,122,solar,0.0,0.0,0.0,0.0
366,batt_kup122,1,122,battery,0.02271358600000002,0.0,0.02271358600000002,0.014650988248853596
367,pltd_kup123,1,123,diesel,0.003278548000000006,0.134,-0.13072145200000002,0.00044815927216666703
368,plts_kup123,1,123,solar,0.0,0.0,0.0,0.0
369,batt_kup123,1,123,battery,0.003045999999999993,0.0,0.003045999999999993,0.0015744467079238085
370,pltd_kup124,1,124,diesel,0.0036319999999999955,0.1402,-0.136568,0.0008453059530773703
371,plts_kup124,1,124,solar,0.0,0.0,0.0,0.0
372,batt_kup124,1,124,battery,0.006169241000000021,0.0,0.006169241000000021,0.0023030880653365704
373,pltd_kup125,1,125,diesel,0.004778332999999996,0.1953,-0.190521667,0.0006531801082083334
374,plts_kup125,1,125,solar,0.0,0.0,0.0,0.0
375,batt_kup125,1,125,battery,0.0044389999999999985,0.0,0.0044389999999999985,0.0023943862846095183
376,pltd_kup126,1,126,diesel,0.0038799999999999772,0.1497,-0.14582000000000003,0.0012303120021130895
377,plts_kup126,1,126,solar,0.0,0.0,0.0,0.0
378,batt_kup126,1,126,battery,0.02700441500000002,0.0,0.02700441500000002,0.017533071369936072
379,pltd_kup127,1,127,diesel,0.0063239250000000635,0.2585,-0.25217607499999994,0.0006158753308035783
380,plts_kup127,1,127,solar,0.0,0.0,0.0,0.0
381,batt_kup127,1,127,battery,0.005873999999999963,0.0,0.005873999999999963,0.0030850707290857064
382,pltd_kup128,1,128,diesel,0.005463582999999966,0.2234,-0.21793641700000002,0.0008005744402499932
383,plts_kup128,1,128,solar,0.0,0.0,0.0,0.0
384,batt_kup128,1,128,battery,0.0050765000000000116,0.0,0.0050765000000000116,0.002738252303180953
385,pltd_kup129,1,129,diesel,0.004754930999999962,0.1944,-0.18964506900000003,0.0005565269517321374
386,plts_kup129,1,129,solar,0.0,0.0,0.0,0.0
387,batt_kup129,1,129,battery,0.004418000000000005,0.0,0.004418000000000005,0.002253540130114286
388,pltd_kup130,1,130,diesel,0.01089910500000002,0.1559,-0.145000895,0.004750555774404763
389,plts_kup130,1,130,solar,0.0023459310384967053,0.0,0.0023459310384967053,0.003912530883384094
390,batt_kup130,1,130,battery,0.04959999999999999,0.0,0.04959999999999999,0.05773751279737116
391,pltd_kup131,1,131,diesel,0.004415874000000014,0.1805,-0.17608412599999998,0.0014848433600000044
392,plts_kup131,1,131,solar,0.0,0.0,0.0,0.0
393,batt_kup131,1,131,battery,0.04455067201039861,0.0,0.04455067201039861,0.03808727113518197
394,pltd_kup132,1,132,diesel,0.0036033360000000125,0.1473,-0.14369666399999997,0.0011517991587142898
395,plts_kup132,1,132,solar,0.0,0.0,0.0,0.0
396,batt_kup132,1,132,battery,0.030120999999999995,0.0,0.030120999999999995,0.022398837379152377
397,pltd_kup133,1,133,diesel,0.002999570000000118,0.1226,-0.11960042999999988,0.0013083311753195898
398,plts_kup133,1,133,solar,0.17456930982311716,0.0,0.17456930982311716,0.29730087408684375
399,batt_kup133,1,133,battery,0.07975159671317167,0.0,0.07975159671317167,0.1180202231065816
400,pltd_kup134,1,134,diesel,0.004687719000000007,0.1916,-0.18691228099999999,0.0005947789215952389
401,plts_kup134,1,134,solar,0.0,0.0,0.0,0.0
402,batt_kup134,1,134,battery,0.004354999999999998,0.0,0.004354999999999998,0.0022214049947142833
403,pltd_kup135,1,135,diesel,0.006956231999999979,0.2844,-0.27744376800000004,0.0010192836484999935
404,plts_kup135,1,135,solar,0.0,0.0,0.0,0.0
405,batt_kup135,1,135,battery,0.00646250000000001,0.0,0.00646250000000001,0.0034858574823809496
406,pltd_kup136,1,136,diesel,0.009693567000000014,0.1386,-0.128906433,0.004247479740119048
407,plts_kup136,1,136,solar,0.002037108566447748,0.0,0.002037108566447748,0.0034783761184152104
408,batt_kup136,1,136,battery,0.04411000000000001,0.0,0.04411000000000001,0.05134695984090779
409,pltd_kup137,1,137,diesel,0.004286784999999994,0.0613,-0.057013215000000006,0.0018135549029761873
410,plts_kup137,1,137,solar,0.00696354818498317,0.0,0.00696354818498317,0.011490495151655273
411,batt_kup137,1,137,battery,0.02288974387791079,0.0,0.02288974387791079,0.02888495039367727
412,pltd_kup138,1,138,diesel,0.0011208446933333067,0.0591,-0.057979155306666696,0.0011565716179333058
413,plts_kup138,1,138,solar,0.16791499682745367,0.0,0.16791499682745367,0.26165411146346135
414,batt_kup138,1,138,battery,0.06798656263993609,0.0,0.06798656263993609,0.1277913822670951
415,pltd_kup139,1,139,diesel,0.014410045000000024,0.2061,-0.19168995499999997,0.007061172391292443
416,plts_kup139,1,139,solar,0.28470111353317334,0.0,0.28470111353317334,0.466925342405092
417,batt_kup139,1,139,battery,0.12437885227711866,0.0,0.12437885227711866,0.1953330082717927
418,pltd_kup140,1,140,diesel,0.0007530730666666714,0.0397,-0.03894692693333333,0.0007770772706666708
419,plts_kup140,1,140,solar,0.11022503419242215,0.0,0.11022503419242215,0.17579887358240226
420,batt_kup140,1,140,battery,0.045679043018872545,0.0,0.045679043018872545,0.08585889141778148
421,pltd_kup141,1,141,diesel,0.0016813516799999576,0.0887,-0.08701864832000004,0.0017349447647999532
422,plts_kup141,1,141,solar,0.2632967072449697,0.0,0.2632967072449697,0.39247997120216127
423,batt_kup141,1,141,battery,0.10199012309370349,0.0,0.10199012309370349,0.1916882513157711
424,pltd_kup142,1,142,diesel,0.008508165000000012,0.1217,-0.11319183499999999,0.005601715154285502
425,plts_kup142,1,142,solar,0.21047991653625456,0.0,0.21047991653625456,0.3093980052712569
426,batt_kup142,1,142,battery,0.08002699999999999,0.0,0.08002699999999999,0.13697335428326554
427,pltd_kup143,1,143,diesel,0.003858911999999562,0.1577,-0.15384108800000046,0.002377732966018934
428,plts_kup143,1,143,solar,0.2381721636167471,0.0,0.2381721636167471,0.3927191034356093
429,batt_kup143,1,143,battery,0.10398225246274158,0.0,0.10398225246274158,0.15578877631717458
430,pltd_kup144,1,144,diesel,0.0017066281173333416,0.1183,-0.11659337188266666,0.0017285638070381002
431,plts_kup144,1,144,solar,0.32679237927437615,0.0,0.32679237927437615,0.5203617149423864
432,batt_kup144,1,144,battery,0.13531948433022203,0.0,0.13531948433022203,0.25150666614632367
433,pltd_kup145,1,145,diesel,0.0017365176929523773,0.1205,-0.11876348230704761,0.0017590636532503377
434,plts_kup145,1,145,solar,0.3218515424453948,0.0,0.3218515424453948,0.5299031166433978
435,batt_kup145,1,145,battery,0.13779779552835567,0.0,0.13779779552835567,0.25611892869633185
436,pltd_kup146,1,146,diesel,0.0020082734933333387,0.106,-0.10399172650666666,0.0020722872109333423
437,plts_kup146,1,146,solar,0.2911932038727703,0.0,0.2911932038727703,0.4687958149893727
438,batt_kup146,1,146,battery,0.12182684290612425,0.0,0.12182684290612425,0.22896044528692963
439,pltd_kup147,1,147,diesel,0.0008758841600000017,0.0462,-0.04532411584,0.0009038029676000035
440,plts_kup147,1,147,solar,0.1304523734984483,0.0,0.1304523734984483,0.20441575240019932
441,batt_kup147,1,147,battery,0.05311571941468511,0.0,0.05311571941468511,0.09983534036136182
442,pltd_kup148,1,148,diesel,0.0008346753066666733,0.0441,-0.04326532469333333,0.0008612805820666734
443,plts_kup148,1,148,solar,0.12285153379682599,0.0,0.12285153379682599,0.19487845373908072
444,batt_kup148,1,148,battery,0.05064208052332543,0.0,0.05064208052332543,0.0951783988126262
445,pltd_kup149,1,149,diesel,0.0016522362666666485,0.0872,-0.08554776373333335,0.0017049012976666496
446,plts_kup149,1,149,solar,0.25965271941767537,0.0,0.25965271941767537,0.38566395602686254
447,batt_kup149,1,149,battery,0.10021990488253876,0.0,0.10021990488253876,0.1883486980981853
448,pltd_kup150,1,150,diesel,0.026373577647434768,0.1676,-0.14122642235256522,0.01817815686078281
449,plts_kup150,1,150,solar,0.2153413774442856,0.0,0.2153413774442856,0.32742236524717555
450,batt_kup150,1,150,battery,0.08437564135256524,0.0,0.08437564135256524,0.14274726500977034
451,pltd_kup151,1,151,diesel,0.0027309999999999973,0.1001,-0.097369,0.0024860800055321736
452,plts_kup151,1,151,solar,0.24000834445927904,0.0,0.24000834445927904,0.3675648592640189
453,batt_kup151,1,151,battery,0.08051699949213233,0.0,0.08051699949213233,0.16211048914908344
454,pltd_kup152,1,152,diesel,0.0036624149999999467,0.1497,-0.14603758500000005,0.0005367008887499912
455,plts_kup152,1,152,solar,0.0,0.0,0.0,0.0
456,batt_kup152,1,152,battery,0.003403000000000017,0.0,0.003403000000000017,0.0018587393096857175
457,pltd_kup153,1,153,diesel,0.004372322999999997,0.0625,-0.058127677,0.0019563778809881006
458,plts_kup153,1,153,solar,0.007102753654321448,0.0,0.007102753654321448,0.011720196982966615
459,batt_kup153,1,153,battery,0.02335033582710368,0.0,0.02335033582710368,0.02946605099258263
460,pltd_kup154,1,154,diesel,0.007129550999999901,0.102,-0.09487044900000009,0.003784795870148138
461,plts_kup154,1,154,solar,0.14743218883003495,0.0,0.14743218883003495,0.2355168769362386
462,batt_kup154,1,154,battery,0.06241605900938585,0.0,0.06241605900938585,0.09904032982884879
463,pltd_kup155,1,155,diesel,0.008723513000000072,0.1248,-0.11607648699999992,0.004671812235247117
464,plts_kup155,1,155,solar,0.18090903794397992,0.0,0.18090903794397992,0.276620411740546
465,batt_kup155,1,155,battery,0.07626193428039524,0.0,0.07626193428039524,0.12156248490773622
466,pltd_kup156,1,156,diesel,0.0023995636362518745,0.0798,-0.07740043636374812,0.002201142257686007
467,plts_kup156,1,156,solar,0.19560737026802913,0.0,0.19560737026802913,0.2956037162190634
468,batt_kup156,1,156,battery,0.06608024620946354,0.0,0.06608024620946354,0.13354804847445242
469,pltd_kup157,1,157,diesel,0.011136585999999976,0.1593,-0.14816341400000002,0.005141521969993215
470,plts_kup157,1,157,solar,0.1180061241081242,0.0,0.1180061241081242,0.18705410345851833
471,batt_kup157,1,157,battery,0.07963600000000001,0.0,0.07963600000000001,0.109882254123576
472,pltd_kup158,1,158,diesel,0.0015763370666666697,0.0832,-0.08162366293333333,0.0016265828106666695
473,plts_kup158,1,158,solar,0.22245850245758816,0.0,0.22245850245758816,0.36795031287152496
474,batt_kup158,1,158,battery,0.09562117192960286,0.0,0.09562117192960286,0.17970613249136305
475,pltd_kup159,1,159,diesel,0.0013660771200000228,0.0721,-0.07073392287999998,0.001409620828200022
476,plts_kup159,1,159,solar,0.20371493434707566,0.0,0.20371493434707566,0.31888952574821433
477,batt_kup159,1,159,battery,0.08286209633042757,0.0,0.08286209633042757,0.1557425366064012
478,pltd_kup160,1,160,diesel,0.004295718999999976,0.1756,-0.17130428100000003,0.0025611195337691597
479,plts_kup160,1,160,solar,0.25155270602567037,0.0,0.25155270602567037,0.4372129415768595
480,batt_kup160,1,160,battery,0.11576110569922718,0.0,0.11576110569922718,0.17341550355529298
481,pltd_kup161,1,161,diesel,0.004040142999999788,0.1651,-0.1610598570000002,0.00247772792142254
482,plts_kup161,1,161,solar,0.24578240445689714,0.0,0.24578240445689714,0.40798576493101285
483,batt_kup161,1,161,battery,0.10882835834342086,0.0,0.10882835834342086,0.16307128626059755
484,pltd_kup162,1,162,diesel,0.0026709651224381264,0.1165,-0.11382903487756188,0.0024174805255113138
485,plts_kup162,1,162,solar,0.26546208050247133,0.0,0.26546208050247133,0.42881257896718394
486,batt_kup162,1,162,battery,0.0936481563061333,0.0,0.0936481563061333,0.18620429805033567
487,pltd_kup163,1,163,diesel,0.0018741279999999914,0.0989,-0.09702587200000001,0.0019338658299999944
488,plts_kup163,1,163,solar,0.2741596830767954,0.0,0.2741596830767954,0.4374498530137056
489,batt_kup163,1,163,battery,0.11367647371930797,0.0,0.11367647371930797,0.21363709571210063
490,pltd_kup164,1,164,diesel,0.0016697763199999985,0.0881,-0.08643022368,0.0017230004401999996
491,plts_kup164,1,164,solar,0.24902483970118255,0.0,0.24902483970118255,0.3897526468066412
492,batt_kup164,1,164,battery,0.10127472810002641,0.0,0.10127472810002641,0.19034917706549473
493,pltd_kup165,1,165,diesel,0.0018916680533333265,0.0998,-0.09790833194666668,0.0019519649725333247
494,plts_kup165,1,165,solar,0.2810763168066459,0.0,0.2810763168066459,0.44153860310490994
495,batt_kup165,1,165,battery,0.11473921086440839,0.0,0.11473921086440839,0.2156379015100803
496,pltd_kup166,1,166,diesel,0.0018391197866666506,0.097,-0.09516088021333335,0.0018977417298666468
497,plts_kup166,1,166,solar,0.2679439712474438,0.0,0.2679439712474438,0.4292730140142315
498,batt_kup166,1,166,battery,0.11153962586795912,0.0,0.11153962586795912,0.20965209913110974
499,pltd_kup167,1,167,diesel,0.0011032841599999902,0.0582,-0.05709671584000001,0.0011384513425999874
500,plts_kup167,1,167,solar,0.15508645233862228,0.0,0.15508645233862228,0.257563300760753
501,batt_kup167,1,167,battery,0.06692752406640508,0.0,0.06692752406640508,0.12578916170102858
502,pltd_kup168,1,168,diesel,0.002026023786666642,0.1069,-0.10487397621333336,0.0020906032948666375
503,plts_kup168,1,168,solar,0.3023859237749578,0.0,0.3023859237749578,0.47288293580264373
504,batt_kup168,1,168,battery,0.12286987754918521,0.0,0.12286987754918521,0.23095069907855592
505,pltd_kup169,1,169,diesel,0.0,0.3466,-0.3466,0.0
506,plts_kup169,1,169,solar,0.0,0.0,0.0,0.0
507,batt_kup169,1,169,battery,0.008787911611785049,0.0,0.008787911611785049,0.0041708195150202
508,pltd_kup170,1,170,diesel,0.004627716000000004,0.2557,-0.251072284,0.0005912182649285718
509,plts_kup170,1,170,solar,0.0,0.0,0.0,0.0
510,batt_kup170,1,170,battery,0.006624999999999992,0.0,0.006624999999999992,0.003026361841666664
511,pltd_kup171,1,171,diesel,0.005516526000000049,0.2255,-0.21998347399999996,0.0006457354445595309
512,plts_kup171,1,171,solar,0.0,0.0,0.0,0.0
513,batt_kup171,1,171,battery,0.005124999999999991,0.0,0.005124999999999991,0.0027644130904761876
514,pltd_kup172,1,172,diesel,0.006719994000000014,0.0961,-0.08938000599999998,0.003276565658237702
515,plts_kup172,1,172,solar,0.12917706964520365,0.0,0.12917706964520365,0.210273206786301
516,batt_kup172,1,172,battery,0.05679799999999998,0.0,0.05679799999999998,0.08707794501621752
517,pltd_kup173,1,173,diesel,0.0,0.1827,-0.1827,0.0
518,plts_kup173,1,173,solar,0.0,0.0,0.0,0.0
519,batt_kup173,1,173,battery,0.004981999999999963,0.0,0.004981999999999963,0.0024512200965636547
520,pltd_kup174,1,174,diesel,0.003746165530329304,0.1811,-0.1773538344696707,0.0005682885657744834
521,plts_kup174,1,174,solar,0.0,0.0,0.0,0.0
522,batt_kup174,1,174,battery,0.004459488734835343,0.0,0.004459488734835343,0.0023764527127589324
523,pltd_kup175,1,175,diesel,0.003685817000000008,0.1506,-0.146914183,0.0005400925930833338
524,plts_kup175,1,175,solar,0.0,0.0,0.0,0.0
525,batt_kup175,1,175,battery,0.003423499999999996,0.0,0.003423499999999996,0.0017747403785047604
526,pltd_kup176,1,176,diesel,0.0025140000000000023,0.097,-0.094486,0.0005851799735892835
527,plts_kup176,1,176,solar,0.0,0.0,0.0,0.0
528,batt_kup176,1,176,battery,0.004270399000000008,0.0,0.004270399000000008,0.0016297370980137356
529,pltd_kup177,1,177,diesel,0.006594651154246123,0.3189,-0.3123053488457539,0.0008708255127404518
530,plts_kup177,1,177,solar,0.0,0.0,0.0,0.0
531,batt_kup177,1,177,battery,0.007849328422876944,0.0,0.007849328422876944,0.0037393626484278327
532,pltd_kup178,1,178,diesel,0.003144999999999995,0.1214,-0.118255,0.0007011725629999972
533,plts_kup178,1,178,solar,0.0,0.0,0.0,0.0
534,batt_kup178,1,178,battery,0.019245031999999995,0.0,0.019245031999999995,0.012413941154452492
535,pltd_kup179,1,179,diesel,0.007280493999999624,0.1041,-0.09681950600000037,0.003934810772959093
536,plts_kup179,1,179,solar,0.1506680495440116,0.0,0.1506680495440116,0.24049355332323458
537,batt_kup179,1,179,battery,0.06373509847011793,0.0,0.06373509847011793,0.10132058098388122
538,pltd_kup180,1,180,diesel,0.009305145999999986,0.1331,-0.12379485400000001,0.004566270710456367
539,plts_kup180,1,180,solar,0.17828743022272245,0.0,0.17828743022272245,0.28726669167094265
540,batt_kup180,1,180,battery,0.08018442704759848,0.0,0.08018442704759848,0.1262195625664993
541,pltd_kup181,1,181,diesel,0.008766782,0.1254,-0.11663321800000001,0.004681519767536228
542,plts_kup181,1,181,solar,0.18001895805972234,0.0,0.18001895805972234,0.2896098192335716
543,batt_kup181,1,181,battery,0.0767474661013946,0.0,0.0767474661013946,0.12200864027565131
544,pltd_kup182,1,182,diesel,0.005731000000000024,0.2212,-0.215469,0.0017338140635714341
545,plts_kup182,1,182,solar,0.0,0.0,0.0,0.0
546,batt_kup182,1,182,battery,0.03989763999999994,0.0,0.03989763999999994,0.026211078560021302
547,pltd_kup183,1,183,diesel,0.011136585999999976,0.1593,-0.14816341400000002,0.0061861878430800555
548,plts_kup183,1,183,solar,0.22297037298310907,0.0,0.22297037298310907,0.36791349027782994
549,batt_kup183,1,183,battery,0.09749068788029844,0.0,0.09749068788029844,0.15486412834394803
550,pltd_kup184,1,184,diesel,0.006290301000000012,0.09,-0.08370969899999998,0.003254172357582205
551,plts_kup184,1,184,solar,0.12929796286093004,0.0,0.12929796286093004,0.20777051274576416
552,batt_kup184,1,184,battery,0.05506231462533336,0.0,0.05506231462533336,0.08734735887412909
553,pltd_kup185,1,185,diesel,0.004763064000000039,0.1947,-0.18993693599999997,0.0006979002636666725
554,plts_kup185,1,185,solar,0.0,0.0,0.0,0.0
555,batt_kup185,1,185,battery,0.0044249999999999845,0.0,0.0044249999999999845,0.0022939173871428533
556,pltd_kup186,1,186,diesel,0.0077967249999999835,0.1115,-0.10370327500000001,0.003383413626082924
557,plts_kup186,1,186,solar,0.021004146144797592,0.0,0.021004146144797592,0.0321633234272633
558,batt_kup186,1,186,battery,0.04519570052408362,0.0,0.04519570052408362,0.05897926937665593
559,pltd_kup187,1,187,diesel,0.004803015999999882,0.0687,-0.06389698400000011,0.002573616399173825
560,plts_kup187,1,187,solar,0.1004516474882618,0.0,0.1004516474882618,0.15867814359989046
561,batt_kup187,1,187,battery,0.042050559073873006,0.0,0.042050559073873006,0.06681983281863746
562,pltd_kup188,1,188,diesel,0.0,1.0721,-1.0721,0.0
563,plts_kup188,1,188,solar,0.0,0.0,0.0,0.0
564,batt_kup188,1,188,battery,0.5082249999999999,0.0,0.5082249999999999,0.3761124814864021
565,pltd_kup189,1,189,diesel,0.0,0.9883,-0.9883,0.0
566,plts_kup189,1,189,solar,0.0,0.0,0.0,0.0
567,batt_kup189,1,189,battery,0.4685649999999999,0.0,0.4685649999999999,0.380860631307346
568,pltd_kup190,1,190,diesel,0.0,3.1485,-3.1485,0.0
569,plts_kup190,1,190,solar,0.0,0.0,0.0,0.0
570,batt_kup190,1,190,battery,1.4926650000000004,0.0,1.4926650000000004,1.001840735118775
571,pltd_kup191,1,191,diesel,0.0,0.5887,-0.5887,0.0
572,plts_kup191,1,191,solar,0.0,0.0,0.0,0.0
573,batt_kup191,1,191,battery,0.01492796793760829,0.0,0.01492796793760829,0.007333282358783103
574,pltd_kup192,1,192,diesel,0.003753133885615323,0.1815,-0.17774686611438467,0.0005324610322865518
575,plts_kup192,1,192,solar,0.0,0.0,0.0,0.0
576,batt_kup192,1,192,battery,0.004467071057192351,0.0,0.004467071057192351,0.002199589277131305
577,pltd_kup193,1,193,diesel,0.0034292410000000273,0.1402,-0.13677075899999996,0.0004687870332321462
578,plts_kup193,1,193,solar,0.0,0.0,0.0,0.0
579,batt_kup193,1,193,battery,0.0031859999999999944,0.0,0.0031859999999999944,0.0017667134033142826
580,pltd_kup194,1,194,diesel,0.002713999999999994,0.1047,-0.10198600000000001,0.0007115854573273789
581,plts_kup194,1,194,solar,0.0,0.0,0.0,0.0
582,batt_kup194,1,194,battery,0.004609763000000003,0.0,0.004609763000000003,0.0017209070207064485
583,pltd_kup195,1,195,diesel,0.0,0.3145,-0.3145,0.0
584,plts_kup195,1,195,solar,0.0,0.0,0.0,0.0
585,batt_kup195,1,195,battery,0.012389514731369193,0.0,0.012389514731369193,0.004625784723252565
586,pltd_kup196,1,196,diesel,0.004307918000000001,0.0616,-0.057292082,0.0019335300131785795
587,plts_kup196,1,196,solar,0.006997537489570153,0.0,0.006997537489570153,0.011546580631239783
588,batt_kup196,1,196,battery,0.023005321553750176,0.0,0.023005321553750176,0.029030680165042382
589,pltd_kup197,1,197,diesel,0.00579420600000001,0.0829,-0.07710579399999999,0.0024105369421867184
590,plts_kup197,1,197,solar,0.0,0.0,0.0,0.0
591,batt_kup197,1,197,battery,0.025462299500831953,0.0,0.025462299500831953,0.029302736212007803
592,pltd_kup198,1,198,diesel,0.004217857632582256,0.2039,-0.19968214236741774,0.0007227421970033485
593,plts_kup198,1,198,solar,0.0,0.0,0.0,0.0
594,batt_kup198,1,198,battery,0.00502112218370887,0.0,0.00502112218370887,0.0025050400571820608
595,pltd_kup199,1,199,diesel,0.0,0.3453,-0.3453,0.0
596,plts_kup199,1,199,solar,0.0,0.0,0.0,0.0
597,batt_kup199,1,199,battery,0.011127126654064179,0.0,0.011127126654064179,0.004756607614285691
598,pltd_kup200,1,200,diesel,0.0,0.4208,-0.4208,0.0
599,plts_kup200,1,200,solar,0.0,0.0,0.0,0.0
600,batt_kup200,1,200,battery,0.011476999999999904,0.0,0.011476999999999904,0.005568632503617884
601,pltd_kup201,1,201,diesel,0.003994994386481737,0.1932,-0.18920500561351827,0.000566828850362641
602,plts_kup201,1,201,solar,0.0,0.0,0.0,0.0
603,batt_kup201,1,201,battery,0.004755199306759134,0.0,0.004755199306759134,0.0023034272394157054
604,pltd_kup202,1,202,diesel,0.00493282300000001,0.0705,-0.06556717699999998,0.002127171652570466
605,plts_kup202,1,202,solar,0.0,0.0,0.0,0.0
606,batt_kup202,1,202,battery,0.021845102625298332,0.0,0.021845102625298332,0.025277880869033414
607,pltd_kup203,1,203,diesel,0.0,0.4439,-0.4439,0.0
608,plts_kup203,1,203,solar,0.0,0.0,0.0,0.0
609,batt_kup203,1,203,battery,0.011256499133448858,0.0,0.011256499133448858,0.005312549968032191
610,pltd_kup204,1,204,diesel,0.0,0.3555,-0.3555,0.0
611,plts_kup204,1,204,solar,0.0,0.0,0.0,0.0
612,batt_kup204,1,204,battery,0.009696000000000036,0.0,0.009696000000000036,0.004272418095235581
613,pltd_kup205,1,205,diesel,0.0,0.4224,-0.4224,0.0
614,plts_kup205,1,205,solar,0.0,0.0,0.0,0.0
615,batt_kup205,1,205,battery,0.011519000000000001,0.0,0.011519000000000001,0.005634986912967402
616,pltd_kup206,1,206,diesel,0.0,0.3004,-0.3004,0.0
617,plts_kup206,1,206,solar,0.0,0.0,0.0,0.0
618,batt_kup206,1,206,battery,0.011831130849220106,0.0,0.011831130849220106,0.003873865471514327
619,pltd_kup207,1,207,diesel,0.0,0.3675,-0.3675,0.0
620,plts_kup207,1,207,solar,0.0,0.0,0.0,0.0
621,batt_kup207,1,207,battery,0.010023,0.0,0.010023,0.00477552051050464
622,pltd_kup208,1,208,diesel,0.0,0.5108,-0.5108,0.0
623,plts_kup208,1,208,solar,0.0,0.0,0.0,0.0
624,batt_kup208,1,208,battery,0.012951689774696684,0.0,0.012951689774696684,0.006362446552550134
625,pltd_kup209,1,209,diesel,0.0035575290000000037,0.1454,-0.141842471,0.0005212728440833323
626,plts_kup209,1,209,solar,0.0,0.0,0.0,0.0
627,batt_kup209,1,209,battery,0.003304499999999988,0.0,0.003304499999999988,0.0018099261057857086
628,pltd_kup210,1,210,diesel,0.0,0.3145,-0.3145,0.0
629,plts_kup210,1,210,solar,0.0,0.0,0.0,0.0
630,batt_kup210,1,210,battery,0.012389514731369193,0.0,0.012389514731369193,0.005123385754438088
631,pltd_kup211,1,211,diesel,0.002683914999999995,0.1097,-0.10701608500000001,0.0003405529492857119
632,plts_kup211,1,211,solar,0.0,0.0,0.0,0.0
633,batt_kup211,1,211,battery,0.002492499999999981,0.0,0.002492499999999981,0.001275140567499993
634,pltd_kup212,1,212,diesel,0.0,0.2218,-0.2218,0.0
635,plts_kup212,1,212,solar,0.0,0.0,0.0,0.0
636,batt_kup212,1,212,battery,0.010385000000000005,0.0,0.010385000000000005,0.0047560489126666685
637,pltd_kup213,1,213,diesel,0.0026185678336221596,0.1266,-0.12398143216637783,0.0003200255299184989
638,plts_kup213,1,213,solar,0.0,0.0,0.0,0.0
639,batt_kup213,1,213,battery,0.0031168760831889186,0.0,0.0031168760831889186,0.001570564589368244
640,pltd_kup214,1,214,diesel,0.0024979999999999933,0.0964,-0.09390200000000001,0.0008863692191071427
641,plts_kup214,1,214,solar,0.0,0.0,0.0,0.0
642,batt_kup214,1,214,battery,0.01739213000000003,0.0,0.01739213000000003,0.011292178365307364
643,pltd_kup215,1,215,diesel,0.0024473772409012162,0.1183,-0.11585262275909879,0.00034723289249249023
644,plts_kup215,1,215,solar,0.0,0.0,0.0,0.0
645,batt_kup215,1,215,battery,0.0029121533795493926,0.0,0.0029121533795493926,0.0015770028881426934
646,pltd_kup216,1,216,diesel,0.0019193010000000121,0.106,-0.10408069899999998,0.0003206489355178592
647,plts_kup216,1,216,solar,0.0,0.0,0.0,0.0
648,batt_kup216,1,216,battery,0.0027449999999999974,0.0,0.0027449999999999974,0.00136689727347619
649,pltd_kup217,1,217,diesel,0.0038212409999999752,0.1562,-0.15237875900000003,0.0005975157194345211
650,plts_kup217,1,217,solar,0.0,0.0,0.0,0.0
651,batt_kup217,1,217,battery,0.003549500000000011,0.0,0.003549500000000011,0.0017810099658095294
652,pltd_kup218,1,218,diesel,0.0016680000000000093,0.0644,-0.062732,0.00038813443934524274
653,plts_kup218,1,218,solar,0.0,0.0,0.0,0.0
654,batt_kup218,1,218,battery,0.0028341300000000046,0.0,0.0028341300000000046,0.001077327364114859
655,pltd_kup219,1,219,diesel,0.0021709999999999924,0.0838,-0.08162900000000001,0.0005266670464702318
656,plts_kup219,1,219,solar,0.0,0.0,0.0,0.0
657,batt_kup219,1,219,battery,0.013285611000000017,0.0,0.013285611000000017,0.008569665334025256
658,pltd_kup220,1,220,diesel,0.003873183999999974,0.1583,-0.15442681600000002,0.0006056198199999963
659,plts_kup220,1,220,solar,0.0,0.0,0.0,0.0
660,batt_kup220,1,220,battery,0.003599000000000019,0.0,0.003599000000000019,0.0018357833699142927
661,pltd_kup221,1,221,diesel,0.0,0.1045,-0.1045,0.0
662,plts_kup221,1,221,solar,0.004809635744378531,0.0,0.004809635744378531,0.008190978198438427
663,batt_kup221,1,221,battery,0.005025509532062378,0.0,0.005025509532062378,0.0021930612567186317
664,pltd_kup222,1,222,diesel,0.0,0.0968,-0.0968,0.0
665,plts_kup222,1,222,solar,0.004495156268098836,0.0,0.004495156268098836,0.007591230539070808
666,batt_kup222,1,222,battery,0.0046579844020797345,0.0,0.0046579844020797345,0.0023073329911343955
667,pltd_kup223,1,223,diesel,0.0,0.4042,-0.4042,0.0
668,plts_kup223,1,223,solar,0.0,0.0,0.0,0.0
669,batt_kup223,1,223,battery,0.015920710571923725,0.0,0.015920710571923725,0.006410681923060451
670,pltd_kup224,1,224,diesel,0.0,0.7172,-0.7172,0.0
671,plts_kup224,1,224,solar,0.0,0.0,0.0,0.0
672,batt_kup224,1,224,battery,0.018185116984402065,0.0,0.018185116984402065,0.008933338960231478
673,pltd_kup225,1,225,diesel,0.0,0.3703,-0.3703,0.0
674,plts_kup225,1,225,solar,0.0,0.0,0.0,0.0
675,batt_kup225,1,225,battery,0.014022306109185478,0.0,0.014022306109185478,0.005967607372827952
676,pltd_kup226,1,226,diesel,0.004989102000000023,0.2039,-0.19891089799999997,0.0005839392614404784
677,plts_kup226,1,226,solar,0.0,0.0,0.0,0.0
678,batt_kup226,1,226,battery,0.004635499999999987,0.0,0.004635499999999987,0.002403040462847618
679,pltd_kup227,1,227,diesel,0.003272000000000004,0.1263,-0.123028,0.0011335602774285797
680,plts_kup227,1,227,solar,0.0,0.0,0.0,0.0
681,batt_kup227,1,227,battery,0.022783184,0.0,0.022783184,0.014967488872808991
682,pltd_kup228,1,228,diesel,0.0,0.3728,-0.3728,0.0
683,plts_kup228,1,228,solar,0.0,0.0,0.0,0.0
684,batt_kup228,1,228,battery,0.010166000000000007,0.0,0.010166000000000007,0.004450891996288155
685,pltd_kup229,1,229,diesel,0.0073659309549394016,0.3561,-0.3487340690450606,0.0007554994907063485
686,plts_kup229,1,229,solar,0.0,0.0,0.0,0.0
687,batt_kup229,1,229,battery,0.008767331022530325,0.0,0.008767331022530325,0.00403084089044318
688,pltd_kup230,1,230,diesel,0.0,0.4489,-0.4489,0.0
689,plts_kup230,1,230,solar,0.0,0.0,0.0,0.0
690,batt_kup230,1,230,battery,0.012242000000000055,0.0,0.012242000000000055,0.006289639763692492
691,pltd_kup231,1,231,diesel,0.0,0.3102,-0.3102,0.0
692,plts_kup231,1,231,solar,0.0,0.0,0.0,0.0
693,batt_kup231,1,231,battery,0.012219454072790329,0.0,0.012219454072790329,0.0044258504582945675
694,pltd_kup232,1,232,diesel,0.0,0.3198,-0.3198,0.0
695,plts_kup232,1,232,solar,0.0,0.0,0.0,0.0
696,batt_kup232,1,232,battery,0.151642,0.0,0.151642,0.12241619541657131
697,pltd_kup233,1,233,diesel,0.004523416686308596,0.2187,-0.2141765833136914,0.0007307163984128698
698,plts_kup233,1,233,solar,0.0,0.0,0.0,0.0
699,batt_kup233,1,233,battery,0.005385073656845707,0.0,0.005385073656845707,0.0025206172236269275
700,pltd_kup234,1,234,diesel,0.0,0.6725,-0.6725,0.0
701,plts_kup234,1,234,solar,0.0,0.0,0.0,0.0
702,batt_kup234,1,234,battery,0.31886100000000006,0.0,0.31886100000000006,0.2082840345272191
703,pltd_kup235,1,235,diesel,0.0,0.2409,-0.2409,0.0
704,plts_kup235,1,235,solar,0.0,0.0,0.0,0.0
705,batt_kup235,1,235,battery,0.009489276429809384,0.0,0.009489276429809384,0.003437064335284671
706,pltd_kup236,1,236,diesel,0.004186093045060596,0.2024,-0.1982139069549394,0.0005527757003185621
707,plts_kup236,1,236,solar,0.0,0.0,0.0,0.0
708,batt_kup236,1,236,battery,0.004982668977469712,0.0,0.004982668977469712,0.0026228687876537213
709,pltd_kup237,1,237,diesel,0.0025379999999999917,0.098,-0.09546200000000002,0.0008793235526011882
710,plts_kup237,1,237,solar,0.0,0.0,0.0,0.0
711,batt_kup237,1,237,battery,0.017670800999999993,0.0,0.017670800999999993,0.011596712068084407
712,pltd_kup238,1,238,diesel,0.0,0.4131,-0.4131,0.0
713,plts_kup238,1,238,solar,0.0,0.0,0.0,0.0
714,batt_kup238,1,238,battery,0.010474978336221963,0.0,0.010474978336221963,0.004596346171468839
715,pltd_kup239,1,239,diesel,0.002450999999999995,0.0946,-0.09214900000000001,0.0005944847014285692
716,plts_kup239,1,239,solar,0.0,0.0,0.0,0.0
717,batt_kup239,1,239,battery,0.014995320000000006,0.0,0.014995320000000006,0.009552066300821725
718,pltd_kup240,1,240,diesel,0.0,0.1996,-0.1996,0.0
719,plts_kup240,1,240,solar,0.0,0.0,0.0,0.0
720,batt_kup240,1,240,battery,0.005443999999999995,0.0,0.005443999999999995,0.002678522271073858
721,pltd_kup241,1,241,diesel,0.002690000000000005,0.1038,-0.10111,0.000950065772892859
722,plts_kup241,1,241,solar,0.0,0.0,0.0,0.0
723,batt_kup241,1,241,battery,0.01872635800000001,0.0,0.01872635800000001,0.01214656003604569
724,pltd_kup242,1,242,diesel,0.004618966015597886,0.2234,-0.2187810339844021,0.0006553179151200109
725,plts_kup242,1,242,solar,0.0,0.0,0.0,0.0
726,batt_kup242,1,242,battery,0.005498808492201052,0.0,0.005498808492201052,0.0026976194527884374
727,pltd_kup243,1,243,diesel,0.003050623999999974,0.1685,-0.16544937600000004,0.00032977608609523527
728,plts_kup243,1,243,solar,0.0,0.0,0.0,0.0
729,batt_kup243,1,243,battery,0.004366000000000009,0.0,0.004366000000000009,0.002247301185904765
730,pltd_kup244,1,244,diesel,0.0,0.6892,-0.6892,0.0
731,plts_kup244,1,244,solar,0.0,0.0,0.0,0.0
732,batt_kup244,1,244,battery,0.03226499999999999,0.0,0.03226499999999999,0.015313250473714278
733,pltd_kup245,1,245,diesel,0.0,0.464,-0.464,0.0
734,plts_kup245,1,245,solar,0.0,0.0,0.0,0.0
735,batt_kup245,1,245,battery,0.011764514731369143,0.0,0.011764514731369143,0.005777975207633963
736,pltd_kup246,1,246,diesel,0.0,0.7264,-0.7264,0.0
737,plts_kup246,1,246,solar,0.0,0.0,0.0,0.0
738,batt_kup246,1,246,battery,0.034009999999999985,0.0,0.034009999999999985,0.017642430319619044
739,pltd_kup247,1,247,diesel,0.0,0.8829,-0.8829,0.0
740,plts_kup247,1,247,solar,0.0,0.0,0.0,0.0
741,batt_kup247,1,247,battery,0.041337999999999875,0.0,0.041337999999999875,0.021443774905980886
742,pltd_kup248,1,248,diesel,0.0,0.4464,-0.4464,0.0
743,plts_kup248,1,248,solar,0.0,0.0,0.0,0.0
744,batt_kup248,1,248,battery,0.011319324090121303,0.0,0.011319324090121303,0.005560555864694222
745,pltd_kup249,1,249,diesel,0.0,0.6322,-0.6322,0.0
746,plts_kup249,1,249,solar,0.0,0.0,0.0,0.0
747,batt_kup249,1,249,battery,0.01602957105719236,0.0,0.01602957105719236,0.007874438848198807
748,pltd_kup250,1,250,diesel,0.0,0.6759,-0.6759,0.0
749,plts_kup250,1,250,solar,0.0,0.0,0.0,0.0
750,batt_kup250,1,250,battery,0.031645000000000055,0.0,0.031645000000000055,0.015282212859761933
751,pltd_kup251,1,251,diesel,0.0,0.6476,-0.6476,0.0
752,plts_kup251,1,251,solar,0.0,0.0,0.0,0.0
753,batt_kup251,1,251,battery,0.030317999999999956,0.0,0.030317999999999956,0.014137005340628558
754,pltd_kup252,1,252,diesel,0.0,1.2865,-1.2865,0.0
755,plts_kup252,1,252,solar,0.0,0.0,0.0,0.0
756,batt_kup252,1,252,battery,0.60989,0.0,0.60989,0.4951038765485156
757,pltd_kup253,1,253,diesel,0.0021000000000000064,0.081,-0.0789,0.0007212573009702396
758,plts_kup253,1,253,solar,0.0,0.0,0.0,0.0
759,batt_kup253,1,253,battery,0.014613399000000011,0.0,0.014613399000000011,0.009366410635000004
760,pltd_kup254,1,254,diesel,0.006936339,0.0992,-0.092263661,0.0030895137133750013
761,plts_kup254,1,254,solar,0.0,0.0,0.0,0.0
762,batt_kup254,1,254,battery,0.02994,0.0,0.02994,0.034018822416666664
763,pltd_kup255,1,255,diesel,0.002825474999999994,0.1155,-0.11267452500000001,0.00041405360208333295
764,plts_kup255,1,255,solar,0.0,0.0,0.0,0.0
765,batt_kup255,1,255,battery,0.0026260000000000033,0.0,0.0026260000000000033,0.0014422650000571432
766,pltd_kup256,1,256,diesel,0.0,0.1343,-0.1343,0.0
767,plts_kup256,1,256,solar,0.0,0.0,0.0,0.0
768,batt_kup256,1,256,battery,0.0036630000000000057,0.0,0.0036630000000000057,0.001842065176668867
769,pltd_kup257,1,257,diesel,0.0020590000000000053,0.0795,-0.077441,0.0004790099096726191
770,plts_kup257,1,257,solar,0.0,0.0,0.0,0.0
771,batt_kup257,1,257,battery,0.003498725000000008,0.0,0.003498725000000008,0.0013590594336450026
772,pltd_kup258,1,258,diesel,0.003576342000000274,0.0511,-0.047523657999999726,0.0018863733122531216
773,plts_kup258,1,258,solar,0.06966930434932114,0.0,0.06966930434932114,0.11490227437137888
774,batt_kup258,1,258,battery,0.03067480104830833,0.0,0.03067480104830833,0.04780093847770385
775,pltd_kup259,1,259,diesel,0.00109965199999967,0.045,-0.043900348000000325,0.0006821961560760665
776,plts_kup259,1,259,solar,0.0664278640602728,0.0,0.0664278640602728,0.1119882117603797
777,batt_kup259,1,259,battery,0.02965153801577177,0.0,0.02965153801577177,0.04442455819708932
778,pltd_kup260,1,260,diesel,0.004588667999999997,0.0656,-0.06101133200000001,0.002008215554928577
779,plts_kup260,1,260,solar,0.007420930433363233,0.0,0.007420930433363233,0.012298036413008662
780,batt_kup260,1,260,battery,0.024500106501473648,0.0,0.024500106501473648,0.030916773714023328
781,pltd_kup261,1,261,diesel,0.001107785000000014,0.0453,-0.044192214999999986,0.0006515734631095288
782,plts_kup261,1,261,solar,0.06621396397787638,0.0,0.06621396397787638,0.1127610894820258
783,batt_kup261,1,261,battery,0.02985518421701544,0.0,0.02985518421701544,0.04472536135562921
784,pltd_kup262,1,262,diesel,0.0,0.142,-0.142,0.0
785,plts_kup262,1,262,solar,0.0,0.0,0.0,0.0
786,batt_kup262,1,262,battery,0.0049650239999999846,0.0,0.0049650239999999846,0.00232534462587024
787,pltd_kup263,1,263,diesel,0.004781879999999995,0.0684,-0.06361812,0.002056877887779047
788,plts_kup263,1,263,solar,0.0,0.0,0.0,0.0
789,batt_kup263,1,263,battery,0.021177588816911008,0.0,0.021177588816911008,0.02450532964392256
790,pltd_kup264,1,264,diesel,0.0,0.9218,-0.9218,0.0
791,plts_kup264,1,264,solar,0.0,0.0,0.0,0.0
792,batt_kup264,1,264,battery,0.043155000000000054,0.0,0.043155000000000054,0.020481739476000023
793,pltd_kup265,1,265,diesel,0.0,0.349,-0.349,0.0
794,plts_kup265,1,265,solar,0.0,0.0,0.0,0.0
795,batt_kup265,1,265,battery,0.011246455576559511,0.0,0.011246455576559511,0.004957948548038088
796,pltd_kup266,1,266,diesel,0.0,1.0869,-1.0869,0.0
797,plts_kup266,1,266,solar,0.0,0.0,0.0,0.0
798,batt_kup266,1,266,battery,0.5152709999999999,0.0,0.5152709999999999,0.3817328554862112
799,pltd_kup267,1,267,diesel,0.0,0.8832,-0.8832,0.0
800,plts_kup267,1,267,solar,0.0,0.0,0.0,0.0
801,batt_kup267,1,267,battery,0.04135100000000003,0.0,0.04135100000000003,0.019625545338247636
802,pltd_kup268,1,268,diesel,0.0,1.2831,-1.2831,0.0
803,plts_kup268,1,268,solar,0.0,0.0,0.0,0.0
804,batt_kup268,1,268,battery,0.6083050000000001,0.0,0.6083050000000001,0.5130463270690013
805,pltd_kup269,1,269,diesel,0.0,0.3407,-0.3407,0.0
806,plts_kup269,1,269,solar,0.0,0.0,0.0,0.0
807,batt_kup269,1,269,battery,0.01097826086956516,0.0,0.01097826086956516,0.004839699156952379
808,pltd_kup270,1,270,diesel,0.0,0.5379,-0.5379,0.0
809,plts_kup270,1,270,solar,0.0,0.0,0.0,0.0
810,batt_kup270,1,270,battery,0.013638973136915084,0.0,0.013638973136915084,0.006586623184291698
811,pltd_kup271,1,271,diesel,0.00043099999999999736,0.033,-0.032569,0.00044473812499999784
812,plts_kup271,1,271,solar,0.07224051971596918,0.0,0.07224051971596918,0.12221206846351404
813,batt_kup271,1,271,battery,0.02650563644720771,0.0,0.02650563644720771,0.05110869138182064
814,pltd_kup272,1,272,diesel,0.0026339999999999975,0.1017,-0.099066,0.0009129960003928577
815,plts_kup272,1,272,solar,0.0,0.0,0.0,0.0
816,batt_kup272,1,272,battery,0.018337417999999994,0.0,0.018337417999999994,0.011933726362369045
817,pltd_kup273,1,273,diesel,0.0026692434870017323,0.1291,-0.12643075651299826,0.00032626303373879586
818,plts_kup273,1,273,solar,0.0,0.0,0.0,0.0
819,batt_kup273,1,273,battery,0.0031780762564991294,0.0,0.0031780762564991294,0.001627837687360729
820,pltd_kup274,1,274,diesel,0.0018750000000000017,0.0724,-0.070525,0.0004359985197023787
821,plts_kup274,1,274,solar,0.0,0.0,0.0,0.0
822,batt_kup274,1,274,battery,0.0031866300000000097,0.0,0.0031866300000000097,0.0011944361769642886
823,pltd_kup275,1,275,diesel,0.0010477089999999314,0.0428,-0.041752291000000066,0.0006235515000309288
824,plts_kup275,1,275,solar,0.06291655564394281,0.0,0.06291655564394281,0.10661977935844982
825,batt_kup275,1,275,battery,0.028229499054987214,0.0,0.028229499054987214,0.042291340039350665
826,pltd_kup276,1,276,diesel,0.005686532000000008,0.0813,-0.07561346799999999,0.0024221760058095293
827,plts_kup276,1,276,solar,0.0012069298789963347,0.0,0.0012069298789963347,0.00204180974309844
828,batt_kup276,1,276,battery,0.025879000000000034,0.0,0.025879000000000034,0.030124746182331606
829,pltd_kup277,1,277,diesel,0.00225899999999999,0.0872,-0.08494100000000002,0.000779509332166657
830,plts_kup277,1,277,solar,0.0,0.0,0.0,0.0
831,batt_kup277,1,277,battery,0.01572509199999999,0.0,0.01572509199999999,0.010320394708452571
832,pltd_kup278,1,278,diesel,0.0020429999999999893,0.0789,-0.07685700000000001,0.0007078598039999954
833,plts_kup278,1,278,solar,0.0,0.0,0.0,0.0
834,batt_kup278,1,278,battery,0.014226456000000005,0.0,0.014226456000000005,0.009346065837612355
835,pltd_kup279,1,279,diesel,0.0024742415999999766,0.1039,-0.10142575840000002,0.0008996666465428491
836,plts_kup279,1,279,solar,0.05438159290542415,0.0,0.05438159290542415,0.09342064295842331
837,batt_kup279,1,279,battery,0.025204446033560375,0.0,0.025204446033560375,0.034432643225652634
838,pltd_kup280,1,280,diesel,0.0014020350000000029,0.0573,-0.055897964999999994,0.0007971532439464283
839,plts_kup280,1,280,solar,0.0823812106410863,0.0,0.0823812106410863,0.1426720644111864
840,batt_kup280,1,280,battery,0.0377746075669169,0.0,0.0377746075669169,0.05659593816710156
841,pltd_kup281,1,281,diesel,0.003510940000000004,0.0502,-0.04668906,0.0017568024929732536
842,plts_kup281,1,281,solar,0.06807478337826989,0.0,0.06807478337826989,0.11532623934374418
843,batt_kup281,1,281,battery,0.0303195913742359,0.0,0.0303195913742359,0.04750019270681478
844,pltd_kup282,1,282,diesel,0.005557725000000013,0.0795,-0.07394227499999999,0.002815873686875687
845,plts_kup282,1,282,solar,0.10406033940917661,0.0,0.10406033940917661,0.17707979175361385
846,batt_kup282,1,282,battery,0.046966999999999995,0.0,0.046966999999999995,0.07179634831021511
847,pltd_kup283,1,283,diesel,0.0035880669999999726,0.1466,-0.14301193300000004,0.0005610108318749964
848,plts_kup283,1,283,solar,0.0,0.0,0.0,0.0
849,batt_kup283,1,283,battery,0.0033324999999999882,0.0,0.0033324999999999882,0.0017048770074999996
850,pltd_kup284,1,284,diesel,0.004523265999999998,0.0647,-0.060176733999999996,0.0019229738223452398
851,plts_kup284,1,284,solar,0.0009845574053294925,0.0,0.0009845574053294925,0.0016246102980749513
852,batt_kup284,1,284,battery,0.02058499999999998,0.0,0.02058499999999998,0.023962471984453372
853,pltd_kup285,1,285,diesel,0.004153161999999988,0.1697,-0.165546838,0.0006086221634999977
854,plts_kup285,1,285,solar,0.0,0.0,0.0,0.0
855,batt_kup285,1,285,battery,0.0038580000000000003,0.0,0.0038580000000000003,0.001999984921942857
856,pltd_kup286,1,286,diesel,0.005615272999999976,0.2295,-0.22388472700000003,0.0007676024666607116
857,plts_kup286,1,286,solar,0.0,0.0,0.0,0.0
858,batt_kup286,1,286,battery,0.005215999999999998,0.0,0.005215999999999998,0.002660585178514286
859,pltd_kup287,1,287,diesel,0.0014468419999999968,0.0591,-0.057653158,0.0009364841346374812
860,plts_kup287,1,287,solar,0.10772799093407183,0.0,0.10772799093407183,0.17575180739347782
861,batt_kup287,1,287,battery,0.043138810033985314,0.0,0.043138810033985314,0.07422813552116472
862,pltd_kup288,1,288,diesel,0.0019518609999999992,0.0798,-0.077848139,0.0011591806047869032
863,plts_kup288,1,288,solar,0.11879927297614508,0.0,0.11879927297614508,0.19711377330966057
864,batt_kup288,1,288,battery,0.05258591440449782,0.0,0.05258591440449782,0.07883138723482061
865,pltd_kup289,1,289,diesel,0.007490788999999998,0.3062,-0.29870921100000003,0.0008767662918392836
866,plts_kup289,1,289,solar,0.0,0.0,0.0,0.0
867,batt_kup289,1,289,battery,0.006960000000000022,0.0,0.006960000000000022,0.003859486907428583
868,pltd_kup290,1,290,diesel,0.0019823990000000513,0.081,-0.07901760099999995,0.0011715545549655026
869,plts_kup290,1,290,solar,0.12214893896715018,0.0,0.12214893896715018,0.2001748717537695
870,batt_kup290,1,290,battery,0.053397542346483196,0.0,0.053397542346483196,0.08003172793033748
871,pltd_kup291,1,291,diesel,0.0,0.2935,-0.2935,0.0
872,plts_kup291,1,291,solar,0.013002680965147466,0.0,0.013002680965147466,0.021997913142075207
873,batt_kup291,1,291,battery,0.013742000000000032,0.0,0.013742000000000032,0.0064132044813322185
874,pltd_kup292,1,292,diesel,0.003111105000000003,0.1719,-0.168788895,0.00045861021026785773
875,plts_kup292,1,292,solar,0.0,0.0,0.0,0.0
876,batt_kup292,1,292,battery,0.004453999999999986,0.0,0.004453999999999986,0.0023295952351999947
877,pltd_kup293,1,293,diesel,0.0,0.2726,-0.2726,0.0
878,plts_kup293,1,293,solar,0.0,0.0,0.0,0.0
879,batt_kup293,1,293,battery,0.007436000000000016,0.0,0.007436000000000016,0.0035757725716252906
880,pltd_kup294,1,294,diesel,0.0038417148596187334,0.1858,-0.18195828514038126,0.00046954256546472234
881,plts_kup294,1,294,solar,0.0,0.0,0.0,0.0
882,batt_kup294,1,294,battery,0.004573223570190638,0.0,0.004573223570190638,0.002071434690950733
883,pltd_kup295,1,295,diesel,0.0031655290000000003,0.1294,-0.126234471,0.00043275733885119117
884,plts_kup295,1,295,solar,0.0,0.0,0.0,0.0
885,batt_kup295,1,295,battery,0.002940999999999999,0.0,0.002940999999999999,0.0015690991257142845
886,pltd_kup296,1,296,diesel,0.005109256999999978,0.2089,-0.20379074300000002,0.0006984500564940439
887,plts_kup296,1,296,solar,0.0,0.0,0.0,0.0
888,batt_kup296,1,296,battery,0.004747500000000016,0.0,0.004747500000000016,0.00246110119671429
889,pltd_kup297,1,297,diesel,0.003273458999999996,0.0468,-0.043526541,0.001565074071671923
890,plts_kup297,1,297,solar,0.06515321678711834,0.0,0.06515321678711834,0.10608908062428966
891,batt_kup297,1,297,battery,0.028260057207536545,0.0,0.028260057207536545,0.044337113197598525
892,pltd_kup298,1,298,diesel,0.0027969340000000287,0.1143,-0.11150306599999997,0.0004373726012500044
893,plts_kup298,1,298,solar,0.0,0.0,0.0,0.0
894,batt_kup298,1,298,battery,0.0025974999999999956,0.0,0.0025974999999999956,0.0014266120859285694
895,pltd_kup299,1,299,diesel,0.0,0.2933,-0.2933,0.0
896,plts_kup299,1,299,solar,0.0,0.0,0.0,0.0
897,batt_kup299,1,299,battery,0.011551668110918512,0.0,0.011551668110918512,0.004120894913318463
898,pltd_kup300,1,300,diesel,0.004684999999999995,0.1808,-0.176115,0.0014780049086845198
899,plts_kup300,1,300,solar,0.0,0.0,0.0,0.0
900,batt_kup300,1,300,battery,0.032619007000000005,0.0,0.032619007000000005,0.021429220864623705
901,pltd_kup301,1,301,diesel,0.009391684000000053,0.1343,-0.12490831599999995,0.004372124501122419
902,plts_kup301,1,301,solar,0.10366620313814598,0.0,0.10366620313814598,0.17057066015115335
903,batt_kup301,1,301,battery,0.06715999999999996,0.0,0.06715999999999996,0.0920765020939073
904,pltd_kup302,1,302,diesel,0.012816086000000004,0.1833,-0.170483914,0.005623882599440524
905,plts_kup302,1,302,solar,0.020750651694743452,0.0,0.020750651694743452,0.03435636637067184
906,batt_kup302,1,302,battery,0.06844015748370809,0.0,0.06844015748370809,0.08636515175233538
907,pltd_kup303,1,303,diesel,0.013613064000000008,0.1947,-0.181086936,0.005343756265619047
908,plts_kup303,1,303,solar,0.0,0.0,0.0,0.0
909,batt_kup303,1,303,battery,0.05841099999999999,0.0,0.05841099999999999,0.06612429216666661
910,pltd_kup304,1,304,diesel,0.012449797999999984,0.1781,-0.16565020200000002,0.0053331077706071425
911,plts_kup304,1,304,solar,0.0026886525174877524,0.0,0.0026886525174877524,0.004468516286191983
912,batt_kup304,1,304,battery,0.056657,0.0,0.056657,0.06595194435891433
913,pltd_kup305,1,305,diesel,0.014237969000000017,0.2036,-0.189362031,0.00609910670572024
914,plts_kup305,1,305,solar,0.0031229182354971297,0.0,0.0031229182354971297,0.0051102434671839525
915,batt_kup305,1,305,battery,0.06479299999999999,0.0,0.06479299999999999,0.07542366151216473
916,pltd_kup306,1,306,diesel,0.003950999999999944,0.1525,-0.14854900000000004,0.0012852777612380633
917,plts_kup306,1,306,solar,0.0,0.0,0.0,0.0
918,batt_kup306,1,306,battery,0.02750662400000006,0.0,0.02750662400000006,0.01792277425671433
919,pltd_kup307,1,307,diesel,0.006624310999999994,0.2708,-0.264175689,0.0008404595537619028
920,plts_kup307,1,307,solar,0.0,0.0,0.0,0.0
921,batt_kup307,1,307,battery,0.006154500000000007,0.0,0.006154500000000007,0.0033616253545285745
922,pltd_kup308,1,308,diesel,0.012772816999999922,0.1827,-0.1699271830000001,0.005623811580016724
923,plts_kup308,1,308,solar,0.030008694536939624,0.0,0.030008694536939624,0.048507224188596126
924,batt_kup308,1,308,battery,0.07275508388344928,0.0,0.07275508388344928,0.09435690249279578
925,pltd_kup309,1,309,diesel,0.012148912000000012,0.1738,-0.161651088,0.005414884642571419
926,plts_kup309,1,309,solar,0.0026318644057951673,0.0,0.0026318644057951673,0.004361838885148045
927,batt_kup309,1,309,battery,0.055285,0.0,0.055285,0.06435547717041072
928,pltd_tim310,1,310,diesel,0.008787914999999993,0.1257,-0.11691208500000001,0.004804853287517613
929,plts_tim310,1,310,solar,0.1745553836981064,0.0,0.1745553836981064,0.2786794156278638
930,batt_tim310,1,310,battery,0.07682890375589821,0.0,0.07682890375589821,0.12236303643536112
931,pltd_tim311,1,311,diesel,0.0013310174933333337,0.0702,-0.06886898250666666,0.0013734436759333343
932,plts_tim311,1,311,solar,0.19702143655560586,0.0,0.19702143655560586,0.310713489989476
933,batt_tim311,1,311,battery,0.08073852045209652,0.0,0.08073852045209652,0.1517487319748401
934,pltd_tim312,1,312,diesel,0.007818857999999776,0.1118,-0.10398114200000022,0.0041266180621855695
935,plts_tim312,1,312,solar,0.1651509491272648,0.0,0.1651509491272648,0.25831829723769956
936,batt_tim312,1,312,battery,0.06845143288548683,0.0,0.06845143288548683,0.10871915513979911
937,pltd_tim313,1,313,diesel,0.011696086000000022,0.1673,-0.15560391399999998,0.005769946119419291
938,plts_tim313,1,313,solar,0.2173225907718464,0.0,0.2173225907718464,0.3414923522191342
939,batt_tim313,1,313,battery,0.09884899999999999,0.0,0.09884899999999999,0.1525562148748263
940,pltd_tim314,1,314,diesel,0.008982126999999979,0.1285,-0.11951787300000002,0.004871352450112077
941,plts_tim314,1,314,solar,0.17990372998537785,0.0,0.17990372998537785,0.28482790300236954
942,batt_tim314,1,314,battery,0.07852315596452392,0.0,0.07852315596452392,0.1251259712780951
943,pltd_tim315,1,315,diesel,0.003440606476603103,0.1664,-0.1629593935233969,0.00038668690528654795
944,plts_tim315,1,315,solar,0.0,0.0,0.0,0.0
945,batt_tim315,1,315,battery,0.004095537261698451,0.0,0.004095537261698451,0.002162066260666835
946,pltd_tim316,1,316,diesel,0.0015401360640000005,0.0826,-0.08105986393600001,0.0014958279189904759
947,plts_tim316,1,316,solar,0.22244720836936716,0.0,0.22244720836936716,0.3472817805965248
948,batt_tim316,1,316,battery,0.08652006410444915,0.0,0.08652006410444915,0.1654433114731431
949,pltd_tim317,1,317,diesel,0.008077475000000348,0.1155,-0.10742252499999966,0.004359496374045537
950,plts_tim317,1,317,solar,0.16835332332747108,0.0,0.16835332332747108,0.26682983209798
951,batt_tim317,1,317,battery,0.07071344789768208,0.0,0.07071344789768208,0.11234294751348053
952,pltd_tim318,1,318,diesel,0.006979607999999707,0.0998,-0.09282039200000029,0.0037034766780351773
953,plts_tim318,1,318,solar,0.14538307810869963,0.0,0.14538307810869963,0.23054543222013546
954,batt_tim318,1,318,battery,0.06109533082931873,0.0,0.06109533082931873,0.09710938796950236
955,pltd_tim319,1,319,diesel,0.004313406961871741,0.2086,-0.20428659303812827,0.00044240972839987015
956,plts_tim319,1,319,solar,0.0,0.0,0.0,0.0
957,batt_tim319,1,319,battery,0.005134857019064104,0.0,0.005134857019064104,0.002477997736841824
958,pltd_tim320,1,320,diesel,0.01132979800000003,0.162,-0.15067020199999998,0.005436055423474201
959,plts_tim320,1,320,solar,0.11855468565494363,0.0,0.11855468565494363,0.19031228024131172
960,batt_tim320,1,320,battery,0.08102299999999998,0.0,0.08102299999999998,0.111681953988636
961,pltd_tim321,1,321,diesel,0.008271684000000001,0.1183,-0.110028316,0.004382008913155805
962,plts_tim321,1,321,solar,0.1678065268842011,0.0,0.1678065268842011,0.26227598000135577
963,batt_tim321,1,321,battery,0.07230809886425375,0.0,0.07230809886425375,0.11530624901358992
964,pltd_tim322,1,322,diesel,0.0026179999999999945,0.101,-0.09838200000000001,0.000583788239958329
965,plts_tim322,1,322,solar,0.0,0.0,0.0,0.0
966,batt_tim322,1,322,battery,0.004446149000000011,0.0,0.004446149000000011,0.0016598269865949662
967,pltd_tim323,1,323,diesel,0.003963143610051928,0.1916,-0.18763685638994806,0.0004844084066162726
968,plts_tim323,1,323,solar,0.0,0.0,0.0,0.0
969,batt_tim323,1,323,battery,0.004717287694974037,0.0,0.004717287694974037,0.0023142189927890565
970,pltd_tim324,1,324,diesel,0.003957172254766078,0.1913,-0.18734282774523392,0.000522564119718513
971,plts_tim324,1,324,solar,0.0,0.0,0.0,0.0
972,batt_tim324,1,324,battery,0.004709705372616946,0.0,0.004709705372616946,0.0023802855438639814
973,pltd_tim325,1,325,diesel,0.011071184000000012,0.1583,-0.14722881599999998,0.005203295039993604
974,plts_tim325,1,325,solar,0.1146616947611058,0.0,0.1146616947611058,0.18596722284490494
975,batt_tim325,1,325,battery,0.079174,0.0,0.079174,0.10913452765989638
976,pltd_tim326,1,326,diesel,0.007796725000000004,0.1115,-0.103703275,0.004214005159098471
977,plts_tim326,1,326,solar,0.15968530805128905,0.0,0.15968530805128905,0.25759116491042566
978,batt_tim326,1,326,battery,0.06826269895558426,0.0,0.06826269895558426,0.10841420284732119
979,pltd_tim327,1,327,diesel,0.010360740999999805,0.1482,-0.13783925900000019,0.004634261885692623
980,plts_tim327,1,327,solar,0.03796187311419356,0.0,0.03796187311419356,0.061624932196512244
981,batt_tim327,1,327,battery,0.06194731475655734,0.0,0.06194731475655734,0.07967199121943608
982,pltd_tim328,1,328,diesel,0.014043757000000018,0.2009,-0.18685624299999998,0.005564757950708334
983,plts_tim328,1,328,solar,0.0,0.0,0.0,0.0
984,batt_tim328,1,328,battery,0.06062399999999998,0.0,0.06062399999999998,0.0688824515
985,pltd_tim329,1,329,diesel,0.006394000000000032,0.2468,-0.24040599999999995,0.001954470298851217
986,plts_tim329,1,329,solar,0.0,0.0,0.0,0.0
987,batt_tim329,1,329,battery,0.04450981099999996,0.0,0.04450981099999996,0.02924113655699857
988,pltd_tim330,1,330,diesel,0.0018090718140354872,0.0789,-0.07709092818596451,0.0016374026986484727
989,plts_tim330,1,330,solar,0.1792159750567263,0.0,0.1792159750567263,0.2904243264107513
990,batt_tim330,1,330,battery,0.06342296852554034,0.0,0.06342296852554034,0.12609851146054893
991,pltd_tim331,1,331,diesel,0.005403999999999992,0.2086,-0.20319600000000002,0.0016881374087916658
992,plts_tim331,1,331,solar,0.0,0.0,0.0,0.0
993,batt_tim331,1,331,battery,0.03761912099999998,0.0,0.03761912099999998,0.02440112673983524
994,pltd_tim332,1,332,diesel,0.002886551000000015,0.118,-0.11511344899999998,0.0004229725792500021
995,plts_tim332,1,332,solar,0.0,0.0,0.0,0.0
996,batt_tim332,1,332,battery,0.0026814999999999894,0.0,0.0026814999999999894,0.001486956054923805
997,pltd_tim333,1,333,diesel,0.0,0.5995,-0.5995,0.0
998,plts_tim333,1,333,solar,0.0,0.0,0.0,0.0
999,batt_tim333,1,333,battery,0.02806699999999984,0.0,0.02806699999999984,0.013554301416809442
1000,pltd_tim334,1,334,diesel,0.0036446448457539415,0.1762,-0.17255535515424605,0.00048122897861670226
1001,plts_tim334,1,334,solar,0.0,0.0,0.0,0.0
1002,batt_tim334,1,334,battery,0.004338171577123046,0.0,0.004338171577123046,0.002128231243655612
1003,pltd_tim335,1,335,diesel,0.0,0.3762,-0.3762,0.0
1004,plts_tim335,1,335,solar,0.0,0.0,0.0,0.0
1005,batt_tim335,1,335,battery,0.010259000000000042,0.0,0.010259000000000042,0.004565837134745467
1006,pltd_tim336,1,336,diesel,0.004071632649913365,0.1969,-0.19282836735008663,0.0005376355141852077
1007,plts_tim336,1,336,solar,0.0,0.0,0.0,0.0
1008,batt_tim336,1,336,battery,0.004846187175043315,0.0,0.004846187175043315,0.002417764904720643
1009,pltd_tim337,1,337,diesel,0.003766073596187164,0.1821,-0.17833392640381285,0.0005713094262062057
1010,plts_tim337,1,337,solar,0.0,0.0,0.0,0.0
1011,batt_tim337,1,337,battery,0.004482235701906423,0.0,0.004482235701906423,0.0023303085358587143
1012,pltd_tim338,1,338,diesel,0.004001962741767784,0.1935,-0.18949803725823222,0.0005678163126519375
1013,plts_tim338,1,338,solar,0.0,0.0,0.0,0.0
1014,batt_tim338,1,338,battery,0.004762781629116114,0.0,0.004762781629116114,0.002467504129043903
1015,pltd_tim339,1,339,diesel,0.0,0.2511,-0.2511,0.0
1016,plts_tim339,1,339,solar,0.0,0.0,0.0,0.0
1017,batt_tim339,1,339,battery,0.009507526538128225,0.0,0.009507526538128225,0.0034330157873792766
1018,pltd_tim340,1,340,diesel,0.005079719000000031,0.2076,-0.20252028099999997,0.0015660361986904845
1019,plts_tim340,1,340,solar,0.0,0.0,0.0,0.0
1020,batt_tim340,1,340,battery,0.051240091204506046,0.0,0.051240091204506046,0.04380670315857884
1021,pltd_tim341,1,341,diesel,0.007534999999999979,0.2908,-0.28326500000000004,0.00227958409967856
1022,plts_tim341,1,341,solar,0.0,0.0,0.0,0.0
1023,batt_tim341,1,341,battery,0.052456058000000035,0.0,0.052456058000000035,0.034025008043487605
1024,pltd_tim342,1,342,diesel,0.002825474999999994,0.1155,-0.11267452500000001,0.00041405360208333295
1025,plts_tim342,1,342,solar,0.0,0.0,0.0,0.0
1026,batt_tim342,1,342,battery,0.0026260000000000033,0.0,0.0026260000000000033,0.0013355101470285723
1027,pltd_tim343,1,343,diesel,0.011199990999999979,0.1602,-0.14900000900000004,0.004609591690392882
1028,plts_tim343,1,343,solar,0.0,0.0,0.0,0.0
1029,batt_tim343,1,343,battery,0.04960551755881351,0.0,0.04960551755881351,0.0573995468773014
1030,pltd_tim344,1,344,diesel,0.005618999999999999,0.2169,-0.211281,0.001700004204815478
1031,plts_tim344,1,344,solar,0.0,0.0,0.0,0.0
1032,batt_tim344,1,344,battery,0.03911975699999999,0.0,0.03911975699999999,0.025374678879926973
1033,pltd_tim345,1,345,diesel,0.004174000000000077,0.1611,-0.15692599999999993,0.0013510083460774188
1034,plts_tim345,1,345,solar,0.0,0.0,0.0,0.0
1035,batt_tim345,1,345,battery,0.02906239299999987,0.0,0.02906239299999987,0.018868926385342263
1036,pltd_tim346,1,346,diesel,0.00562699999999991,0.2172,-0.2115730000000001,0.0017663094579166174
1037,plts_tim346,1,346,solar,0.0,0.0,0.0,0.0
1038,batt_tim346,1,346,battery,0.03917589000000015,0.0,0.03917589000000015,0.02570983732517323
1039,pltd_tim347,1,347,diesel,0.007711000000000003,0.2976,-0.28988899999999995,0.0022573909032142874
1040,plts_tim347,1,347,solar,0.0,0.0,0.0,0.0
1041,batt_tim347,1,347,battery,0.053678019999999986,0.0,0.053678019999999986,0.034817687443107016
1042,pltd_tim348,1,348,diesel,0.008292820000000006,0.1186,-0.11030717999999999,0.004132871741126494
1043,plts_tim348,1,348,solar,0.1618599808797109,0.0,0.1618599808797109,0.2723891441630579
1044,batt_tim348,1,348,battery,0.07161283598284501,0.0,0.07161283598284501,0.11227618002966687
1045,pltd_tim349,1,349,diesel,0.008712593000000046,0.3561,-0.347387407,0.0010197826337678619
1046,plts_tim349,1,349,solar,0.0,0.0,0.0,0.0
1047,batt_tim349,1,349,battery,0.00809399999999999,0.0,0.00809399999999999,0.0039708575835999925
1048,pltd_tim350,1,350,diesel,0.005384648999999991,0.077,-0.07161535100000001,0.0029295897501385804
1049,plts_tim350,1,350,solar,0.10989817127684122,0.0,0.10989817127684122,0.17789640092541725
1050,batt_tim350,1,350,battery,0.04714325593481178,0.0,0.04714325593481178,0.07485615675414718
1051,pltd_tim351,1,351,diesel,0.005901880000000012,0.0844,-0.07849811999999999,0.0030728109127393733
1052,plts_tim351,1,351,solar,0.10750226110531948,0.0,0.10750226110531948,0.17232295323512453
1053,batt_tim351,1,351,battery,0.049879999999999994,0.0,0.049879999999999994,0.0769595666411197
1054,pltd_tim352,1,352,diesel,0.003357996857885598,0.1624,-0.1590420031421144,0.0005093844389602893
1055,plts_tim352,1,352,solar,0.0,0.0,0.0,0.0
1056,batt_tim352,1,352,battery,0.003996967071057182,0.0,0.003996967071057182,0.002190435176405044
1057,pltd_tim353,1,353,diesel,0.0018235730000002795,0.0746,-0.07277642699999973,0.0011304310849546962
1058,plts_tim353,1,353,solar,0.11369770761415161,0.0,0.11369770761415161,0.18419210549824752
1059,batt_tim353,1,353,battery,0.04913522052170716,0.0,0.04913522052170716,0.07362570137194482
1060,pltd_tim354,1,354,diesel,0.004282371000000007,0.2366,-0.232317629,0.0005470983855535723
1061,plts_tim354,1,354,solar,0.0,0.0,0.0,0.0
1062,batt_tim354,1,354,battery,0.0061299999999999966,0.0,0.0061299999999999966,0.002908598503142857
1063,pltd_tim355,1,355,diesel,0.0,0.3025,-0.3025,0.0
1064,plts_tim355,1,355,solar,0.0,0.0,0.0,0.0
1065,batt_tim355,1,355,battery,0.011916161178509504,0.0,0.011916161178509504,0.005026785279933008
1066,pltd_tim356,1,356,diesel,0.0047597470000000225,0.0681,-0.06334025299999997,0.002598017949576229
1067,plts_tim356,1,356,solar,0.09759626712974985,0.0,0.09759626712974985,0.1572525709904121
1068,batt_tim356,1,356,battery,0.0416743433992971,0.0,0.0416743433992971,0.06624892540787525
1069,pltd_tim357,1,357,diesel,0.001979000000000005,0.0764,-0.07442099999999999,0.0006825024705952408
1070,plts_tim357,1,357,solar,0.0,0.0,0.0,0.0
1071,batt_tim357,1,357,battery,0.01378137999999999,0.0,0.01378137999999999,0.00905384064685313
1072,pltd_tim358,1,358,diesel,0.009132070000000006,0.1306,-0.12146792999999999,0.003911810594226199
1073,plts_tim358,1,358,solar,0.0,0.0,0.0,0.0
1074,batt_tim358,1,358,battery,0.04156199999999999,0.0,0.04156199999999999,0.04893508321089289
1075,pltd_tim359,1,359,diesel,0.006010550999999989,0.086,-0.079989449,0.003091006933878594
1076,plts_tim359,1,359,solar,0.12384332467118694,0.0,0.12384332467118694,0.20135593275794775
1077,batt_tim359,1,359,battery,0.052637562866274384,0.0,0.052637562866274384,0.08343816318711744
1078,pltd_tim360,1,360,diesel,0.008938857999999994,0.1279,-0.11896114200000002,0.0038546171047737668
1079,plts_tim360,1,360,solar,0.01945299135833597,0.0,0.01945299135833597,0.03133238849711373
1080,batt_tim360,1,360,battery,0.0501152704382148,0.0,0.0501152704382148,0.06461859207905243
1081,pltd_tim361,1,361,diesel,0.00477020000000003,0.195,-0.19022979999999998,0.0005583151321428612
1082,plts_tim361,1,361,solar,0.0,0.0,0.0,0.0
1083,batt_tim361,1,361,battery,0.0044319999999999915,0.0,0.0044319999999999915,0.0022908561423238046
1084,pltd_tim362,1,362,diesel,0.004845000000000002,0.187,-0.182155,0.0015210048446428627
1085,plts_tim362,1,362,solar,0.0,0.0,0.0,0.0
1086,batt_tim362,1,362,battery,0.03372969999999999,0.0,0.03372969999999999,0.02187844800744189
1087,pltd_tim363,1,363,diesel,0.006783136999999995,0.2773,-0.270516863,0.0010515130174841506
1088,plts_tim363,1,363,solar,0.0,0.0,0.0,0.0
1089,batt_tim363,1,363,battery,0.00630149999999996,0.0,0.00630149999999996,0.0032571818548857013
1090,pltd_tim364,1,364,diesel,0.007711186999999939,0.1103,-0.10258881300000006,0.003676025021712452
1091,plts_tim364,1,364,solar,0.13852544584344326,0.0,0.13852544584344326,0.2251465845956381
1092,batt_tim364,1,364,battery,0.06517100000000005,0.0,0.06517100000000005,0.10045889607748491
1093,pltd_tim365,1,365,diesel,0.004120465999999989,0.2277,-0.22357953400000002,0.0006074008362499984
1094,plts_tim365,1,365,solar,0.0,0.0,0.0,0.0
1095,batt_tim365,1,365,battery,0.005899000000000015,0.0,0.005899000000000015,0.0028250254777714336
1096,pltd_tim366,1,366,diesel,0.004007000000000014,0.1547,-0.150693,0.0011916340379702483
1097,plts_tim366,1,366,solar,0.0,0.0,0.0,0.0
1098,batt_tim366,1,366,battery,0.027895566999999965,0.0,0.027895566999999965,0.018326106569956622
1099,pltd_tim367,1,367,diesel,0.011480741000000017,0.1642,-0.152719259,0.004882355452073815
1100,plts_tim367,1,367,solar,0.0,0.0,0.0,0.0
1101,batt_tim367,1,367,battery,0.05224599999999999,0.0,0.05224599999999999,0.06143662796481897
1102,pltd_tim368,1,368,diesel,0.0008931882666666681,0.0471,-0.04620681173333333,0.0009216586426666663
1103,plts_tim368,1,368,solar,0.12854806384912,0.0,0.12854806384912,0.20850454568247384
1104,batt_tim368,1,368,battery,0.054177883367117916,0.0,0.054177883367117916,0.10182688139626013
1105,pltd_tim369,1,369,diesel,0.006160494000000016,0.0881,-0.08193950599999998,0.0032307490918809015
1106,plts_tim369,1,369,solar,0.12550468631036324,0.0,0.12550468631036324,0.20350283673978242
1107,batt_tim369,1,369,battery,0.05393158649764721,0.0,0.05393158649764721,0.08573005581310106
1108,pltd_tim370,1,370,diesel,0.005039496999999997,0.0721,-0.067060503,0.002719485990064183
1109,plts_tim370,1,370,solar,0.10303589653980423,0.0,0.10303589653980423,0.1688754222851528
1110,batt_tim370,1,370,battery,0.044147002289449996,0.0,0.044147002289449996,0.07006094782948323
1111,pltd_tim371,1,371,diesel,0.00449935500000001,0.1839,-0.179400645,0.000615131299791668
1112,plts_tim371,1,371,solar,0.0,0.0,0.0,0.0
1113,batt_tim371,1,371,battery,0.004179999999999989,0.0,0.004179999999999989,0.0023179102403809463
1114,pltd_tim372,1,372,diesel,0.004589999999999983,0.1771,-0.17251000000000002,0.0009781627032202321
1115,plts_tim372,1,372,solar,0.0,0.0,0.0,0.0
1116,batt_tim372,1,372,battery,0.007795392999999984,0.0,0.007795392999999984,0.002921926741684519
1117,pltd_tim373,1,373,diesel,0.0049385449688042204,0.2388,-0.2338614550311958,0.0005550240753999316
1118,plts_tim373,1,373,solar,0.0,0.0,0.0,0.0
1119,batt_tim373,1,373,battery,0.005877383015597898,0.0,0.005877383015597898,0.002910855997936779
1120,pltd_tim374,1,374,diesel,0.006678250999999995,0.273,-0.26632174900000005,0.0010441913125892846
1121,plts_tim374,1,374,solar,0.0,0.0,0.0,0.0
1122,batt_tim374,1,374,battery,0.006203500000000001,0.0,0.006203500000000001,0.003206526642352381
1123,pltd_tim375,1,375,diesel,0.002354999999999996,0.0909,-0.088545,0.0008122561209642852
1124,plts_tim375,1,375,solar,0.0,0.0,0.0,0.0
1125,batt_tim375,1,375,battery,0.016391705999999992,0.0,0.016391705999999992,0.010632217725761641
1126,pltd_tim376,1,376,diesel,0.007452569999999992,0.1066,-0.09914743000000001,0.0034191469463940596
1127,plts_tim376,1,376,solar,0.01726545383005649,0.0,0.01726545383005649,0.028303681467230425
1128,batt_tim376,1,376,battery,0.04245123419772716,0.0,0.04245123419772716,0.05501956532395736
1129,pltd_tim377,1,377,diesel,0.0029466269999999933,0.1205,-0.117553373,0.00037383872097618943
1130,plts_tim377,1,377,solar,0.0,0.0,0.0,0.0
1131,batt_tim377,1,377,battery,0.0027380000000000043,0.0,0.0027380000000000043,0.0014768708374095258
1132,pltd_tim378,1,378,diesel,0.01240652900000025,0.1774,-0.16499347099999975,0.005968414893296198
1133,plts_tim378,1,378,solar,0.24196895627135118,0.0,0.24196895627135118,0.40752883454685723
1134,batt_tim378,1,378,battery,0.1071406227776619,0.0,0.1071406227776619,0.16806872154130298
1135,pltd_tim379,1,379,diesel,0.011975835999999948,0.1713,-0.15932416400000005,0.006444388079860097
1136,plts_tim379,1,379,solar,0.23974125813255398,0.0,0.23974125813255398,0.40129174401957823
1137,batt_tim379,1,379,battery,0.10489801379548935,0.0,0.10489801379548935,0.16631729704779152
1138,pltd_tim380,1,380,diesel,0.0030596460000001935,0.1251,-0.1220403539999998,0.0018126021009881427
1139,plts_tim380,1,380,solar,0.18458612441425223,0.0,0.18458612441425223,0.31142254165119937
1140,batt_tim380,1,380,battery,0.08245553290525193,0.0,0.08245553290525193,0.12353541462549857
1141,pltd_tim381,1,381,diesel,0.0010508999466666673,0.0555,-0.05444910005333333,0.0010843973824666685
1142,plts_tim381,1,381,solar,0.15336974078199903,0.0,0.15336974078199903,0.24529973471915675
1143,batt_tim381,1,381,battery,0.06373991000260701,0.0,0.06373991000260701,0.11980299309948461
1144,pltd_tim382,1,382,diesel,0.01098564299999999,0.1571,-0.146114357,0.005812153532247758
1145,plts_tim382,1,382,solar,0.22071907657407064,0.0,0.22071907657407064,0.36809794946272406
1146,batt_tim382,1,382,battery,0.09621974402962394,0.0,0.09621974402962394,0.15278489070682116
1147,pltd_tim383,1,383,diesel,0.0021694774134555367,0.0946,-0.09243052258654447,0.0019635972542924466
1148,plts_tim383,1,383,solar,0.213338848577649,0.0,0.213338848577649,0.34828324383213743
1149,batt_tim383,1,383,battery,0.07605767080116405,0.0,0.07605767080116405,0.1512197038330724
1150,pltd_tim384,1,384,diesel,0.011179854999999989,0.1599,-0.148720145,0.005612876334567043
1151,plts_tim384,1,384,solar,0.2171167590077907,0.0,0.2171167590077907,0.34511544743810463
1152,batt_tim384,1,384,battery,0.09633136209092033,0.0,0.09633136209092033,0.15143686384840646
1153,pltd_tim385,1,385,diesel,0.0007180955733333158,0.0379,-0.03718190442666669,0.0007409848697333158
1154,plts_tim385,1,385,solar,0.10285394731463206,0.0,0.10285394731463206,0.1676209879250818
1155,batt_tim385,1,385,battery,0.043555040493332364,0.0,0.043555040493332364,0.08186226808549066
1156,pltd_tim386,1,386,diesel,0.003273459000000003,0.0468,-0.043526541,0.0016495957023013833
1157,plts_tim386,1,386,solar,0.05956672766361681,0.0,0.05956672766361681,0.09559241650429778
1158,batt_tim386,1,386,battery,0.027670999999999998,0.0,0.027670999999999998,0.04264058025509082
1159,pltd_tim387,1,387,diesel,0.005299999999999999,0.2046,-0.1993,0.00102509991623214
1160,plts_tim387,1,387,solar,0.0,0.0,0.0,0.0
1161,batt_tim387,1,387,battery,0.009002371000000009,0.0,0.009002371000000009,0.0034969188011982053
1162,pltd_tim388,1,388,diesel,0.004609804000000002,0.0659,-0.061290196,0.0025138066494481298
1163,plts_tim388,1,388,solar,0.09467742507997053,0.0,0.09467742507997053,0.15444330708110268
1164,batt_tim388,1,388,battery,0.04037334852064501,0.0,0.04037334852064501,0.06399256961230068
1165,pltd_tim389,1,389,diesel,0.0006173487512380994,0.0428,-0.0421826512487619,0.000625362201710207
1166,plts_tim389,1,389,solar,0.11539233208916486,0.0,0.11539233208916486,0.1883802240014374
1167,batt_tim389,1,389,battery,0.04898967462316343,0.0,0.04898967462316343,0.09105427460078873
1168,pltd_tim390,1,390,diesel,0.004502130000000007,0.0644,-0.05989786999999999,0.0024842726737761946
1169,plts_tim390,1,390,solar,0.09090997241179029,0.0,0.09090997241179029,0.14869580545567607
1170,batt_tim390,1,390,battery,0.0394106911717729,0.0,0.0394106911717729,0.06255857728807344
1171,pltd_tim391,1,391,diesel,0.006483513000000246,0.0927,-0.08621648699999976,0.0031925382296143505
1172,plts_tim391,1,391,solar,0.1290412277774431,0.0,0.1290412277774431,0.21010389473741048
1173,batt_tim391,1,391,battery,0.05596163104711549,0.0,0.05596163104711549,0.0878212083487082
1174,pltd_tim392,1,392,diesel,0.011803760000000024,0.1688,-0.15699623999999998,0.005025193959523819
1175,plts_tim392,1,392,solar,0.0,0.0,0.0,0.0
1176,batt_tim392,1,392,battery,0.050953999999999985,0.0,0.050953999999999985,0.05789596520833331
1177,pltd_tim393,1,393,diesel,0.008917722000000003,0.1275,-0.118582278,0.003949217667803013
1178,plts_tim393,1,393,solar,0.0,0.0,0.0,0.0
1179,batt_tim393,1,393,battery,0.04115811186059583,0.0,0.04115811186059583,0.04945276557558089
1180,pltd_tim394,1,394,diesel,0.000963245866666665,0.0508,-0.049836754133333334,0.0009939493286666632
1181,plts_tim394,1,394,solar,0.15645243628809172,0.0,0.15645243628809172,0.224857448902471
1182,batt_tim394,1,394,battery,0.058431477544599986,0.0,0.058431477544599986,0.10981784903234608
1183,pltd_tim395,1,395,diesel,0.021734032000000007,0.1054,-0.08366596799999998,0.01694158845320349
1184,plts_tim395,1,395,solar,0.1382103713618058,0.0,0.1382103713618058,0.20225629729382405
1185,batt_tim395,1,395,battery,0.04973988814858219,0.0,0.04973988814858219,0.09164347576162041
1186,pltd_tim396,1,396,diesel,0.03152075999999999,0.1528,-0.12127924000000001,0.023909039711748636
1187,plts_tim396,1,396,solar,0.10088888947629815,0.0,0.10088888947629815,0.14677487152123994
1188,batt_tim396,1,396,battery,0.055565000000000024,0.0,0.055565000000000024,0.09120670906140205
1189,pltd_tim397,1,397,diesel,0.0045665350000000035,0.0653,-0.06073346499999999,0.002059869141706652
1190,plts_tim397,1,397,solar,0.0,0.0,0.0,0.0
1191,batt_tim397,1,397,battery,0.020780999999999994,0.0,0.020780999999999994,0.02443399313150883
1192,pltd_tim398,1,398,diesel,0.006051823000000012,0.0866,-0.08054817699999998,0.0033755028669369075
1193,plts_tim398,1,398,solar,0.1255168090461072,0.0,0.1255168090461072,0.20279405666354675
1194,batt_tim398,1,398,battery,0.05301540385328128,0.0,0.05301540385328128,0.08403016335559524
1195,pltd_tim399,1,399,diesel,0.007883262999999863,0.1128,-0.10491673700000013,0.00433154761557136
1196,plts_tim399,1,399,solar,0.15650774610322662,0.0,0.15650774610322662,0.2499861449186508
1197,batt_tim399,1,399,battery,0.06891844455612955,0.0,0.06891844455612955,0.10982393928387933
1198,pltd_tim400,1,400,diesel,0.0025540000000000007,0.0986,-0.09604599999999999,0.0005691225987499997
1199,plts_tim400,1,400,solar,0.0,0.0,0.0,0.0
1200,batt_tim400,1,400,battery,0.004339070000000014,0.0,0.004339070000000014,0.001655944409381529
1201,pltd_tim401,1,401,diesel,0.007452569999999992,0.1066,-0.09914743000000001,0.003954476746352601
1202,plts_tim401,1,401,solar,0.1539908490056214,0.0,0.1539908490056214,0.24617954963929808
1203,batt_tim401,1,401,battery,0.0652446380265081,0.0,0.0652446380265081,0.10360175622149949
1204,pltd_tim402,1,402,diesel,0.001664747000000022,0.0681,-0.06643525299999997,0.0010620041996663831
1205,plts_tim402,1,402,solar,0.12198083179938005,0.0,0.12198083179938005,0.19690298345095714
1206,batt_tim402,1,402,battery,0.04914499999999998,0.0,0.04914499999999998,0.08310993387678879
1207,pltd_tim403,1,403,diesel,0.009025396000000005,0.1291,-0.12007460399999999,0.004831957999842921
1208,plts_tim403,1,403,solar,0.1647298377324027,0.0,0.1647298377324027,0.26350992019880015
1209,batt_tim403,1,403,battery,0.076276,0.0,0.076276,0.11768332083435816
1210,pltd_tim404,1,404,diesel,0.015207026000000012,0.2175,-0.202292974,0.006458090777785712
1211,plts_tim404,1,404,solar,0.0,0.0,0.0,0.0
1212,batt_tim404,1,404,battery,0.069204,0.0,0.069204,0.0815376791845238
1213,pltd_tim405,1,405,diesel,0.014022620999999985,0.2006,-0.18657737900000002,0.005872714142530757
1214,plts_tim405,1,405,solar,0.0,0.0,0.0,0.0
1215,batt_tim405,1,405,battery,0.06210186907603135,0.0,0.06210186907603135,0.07185958400913445
1216,pltd_tim406,1,406,diesel,0.0030301080000000036,0.1238,-0.12076989199999999,0.0004440306715000011
1217,plts_tim406,1,406,solar,0.0,0.0,0.0,0.0
1218,batt_tim406,1,406,battery,0.0028144999999999976,0.0,0.0028144999999999976,0.001454786690561907
1219,pltd_tim407,1,407,diesel,0.004217857632582367,0.2039,-0.19968214236741763,0.0005569402219701926
1220,plts_tim407,1,407,solar,0.0,0.0,0.0,0.0
1221,batt_tim407,1,407,battery,0.0050211221837088245,0.0,0.0050211221837088245,0.0025285460342132932
1222,pltd_tim408,1,408,diesel,0.0033828792790294437,0.1636,-0.16021712072097055,0.0004135015668928749
1223,plts_tim408,1,408,solar,0.0,0.0,0.0,0.0
1224,batt_tim408,1,408,battery,0.004027296360485294,0.0,0.004027296360485294,0.0018637355635470886
1225,pltd_tim409,1,409,diesel,0.0014468420000000731,0.0591,-0.05765315799999993,0.0008454633298738144
1226,plts_tim409,1,409,solar,0.1005988876554546,0.0,0.1005988876554546,0.1631443849758122
1227,batt_tim409,1,409,battery,0.041942999999999675,0.0,0.041942999999999675,0.06903677819742678
1228,pltd_tim410,1,410,diesel,0.001972,0.0761,-0.074128,0.000721960379928571
1229,plts_tim410,1,410,solar,0.0,0.0,0.0,0.0
1230,batt_tim410,1,410,battery,0.013725243999999992,0.0,0.013725243999999992,0.009130927662332177
1231,pltd_tim411,1,411,diesel,0.011093316999999991,0.1587,-0.14760668300000002,0.005149484066784114
1232,plts_tim411,1,411,solar,0.026237639240647443,0.0,0.026237639240647443,0.04212998722982149
1233,batt_tim411,1,411,battery,0.06318554783574758,0.0,0.06318554783574758,0.08189811553212067
1234,pltd_tim412,1,412,diesel,0.01027420300000001,0.147,-0.13672579699999998,0.004945158176230126
1235,plts_tim412,1,412,solar,0.10790469038220066,0.0,0.10790469038220066,0.1725820604168045
1236,batt_tim412,1,412,battery,0.073475,0.0,0.073475,0.10127752860169194
1237,pltd_tim413,1,413,diesel,0.004964999999999997,0.1916,-0.186635,0.0015998441750178537
1238,plts_tim413,1,413,solar,0.0,0.0,0.0,0.0
1239,batt_tim413,1,413,battery,0.03456271899999999,0.0,0.03456271899999999,0.022706348267494066
1240,pltd_tim414,1,414,diesel,0.0,0.1719,-0.1719,0.0
1241,plts_tim414,1,414,solar,0.0,0.0,0.0,0.0
1242,batt_tim414,1,414,battery,0.004688000000000035,0.0,0.004688000000000035,0.0023065520854147724
1243,pltd_tim415,1,415,diesel,0.0035341270000000258,0.1445,-0.14096587299999996,0.0006220747768392915
1244,plts_tim415,1,415,solar,0.0,0.0,0.0,0.0
1245,batt_tim415,1,415,battery,0.0032839999999999814,0.0,0.0032839999999999814,0.0016974665097904721
1246,pltd_tim416,1,416,diesel,0.004026842162911659,0.1947,-0.19067315783708835,0.000531712133672368
1247,plts_tim416,1,416,solar,0.0,0.0,0.0,0.0
1248,batt_tim416,1,416,battery,0.0047931109185441745,0.0,0.0047931109185441745,0.0023514165426157425
1249,pltd_tim417,1,417,diesel,0.0024120760000000893,0.0345,-0.032087923999999914,0.0012936579482280236
1250,plts_tim417,1,417,solar,0.0496562146538336,0.0,0.0496562146538336,0.07968806982350639
1251,batt_tim417,1,417,battery,0.021119568590571014,0.0,0.021119568590571014,0.03354983162507695
1252,pltd_tim418,1,418,diesel,0.003962765999999944,0.0567,-0.052737234000000056,0.0018069571826156824
1253,plts_tim418,1,418,solar,0.009378236490587034,0.0,0.009378236490587034,0.015050151718029868
1254,batt_tim418,1,418,battery,0.022575251366888385,0.0,0.022575251366888385,0.029259036542971448
1255,pltd_tim419,1,419,diesel,0.0011907689599999973,0.0628,-0.06160923104,0.0012287247205999975
1256,plts_tim419,1,419,solar,0.17458476815878204,0.0,0.17458476815878204,0.27800669580249066
1257,batt_tim419,1,419,battery,0.07224519308074222,0.0,0.07224519308074222,0.13577983459468604
1258,pltd_tim420,1,420,diesel,0.005750936999999998,0.0823,-0.076549063,0.0030143259176333005
1259,plts_tim420,1,420,solar,0.12112676594329105,0.0,0.12112676594329105,0.1927080817986703
1260,batt_tim420,1,420,battery,0.05037371286812909,0.0,0.05037371286812909,0.07998020511952598
1261,pltd_tim421,1,421,diesel,0.0007064380800000039,0.0373,-0.036593561919999996,0.0007289557938000041
1262,plts_tim421,1,421,solar,0.10380718153206404,0.0,0.10380718153206404,0.1648954685533346
1263,batt_tim421,1,421,battery,0.04284755240171468,0.0,0.04284755240171468,0.08053104102179703
1264,pltd_tim422,1,422,diesel,0.008336089000000005,0.1192,-0.110863911,0.004121462633300495
1265,plts_tim422,1,422,solar,0.16121917336425148,0.0,0.16121917336425148,0.2573468309689667
1266,batt_tim422,1,422,battery,0.0718321415498709,0.0,0.0718321415498709,0.11307103229307644
1267,pltd_tim423,1,423,diesel,0.013656332999999993,0.1953,-0.181643667,0.005585132041433593
1268,plts_tim423,1,423,solar,0.0,0.0,0.0,0.0
1269,batt_tim423,1,423,battery,0.06048049471530853,0.0,0.06048049471530853,0.06998346471168597
1270,pltd_tim424,1,424,diesel,0.007237225000000014,0.1035,-0.09626277499999998,0.004013996595219284
1271,plts_tim424,1,424,solar,0.1501683131720804,0.0,0.1501683131720804,0.2391039198809567
1272,batt_tim424,1,424,battery,0.06335992113744449,0.0,0.06335992113744449,0.10052498740300488
1273,pltd_tim425,1,425,diesel,0.012600737999999972,0.1802,-0.16759926200000003,0.0055868180020214285
1274,plts_tim425,1,425,solar,0.13660246000269818,0.0,0.13660246000269818,0.2288619173553103
1275,batt_tim425,1,425,battery,0.09011200000000001,0.0,0.09011200000000001,0.12347253667802566
1276,pltd_tim426,1,426,diesel,0.0009457519999999978,0.0499,-0.048954248,0.0009758978449999945
1277,plts_tim426,1,426,solar,0.13115299276337258,0.0,0.13115299276337258,0.2207697635703707
1278,batt_tim426,1,426,battery,0.057370305616320186,0.0,0.057370305616320186,0.10782279405015006
1279,pltd_tim427,1,427,diesel,0.014583120999999977,0.2086,-0.19401687900000003,0.006378937657261883
1280,plts_tim427,1,427,solar,0.02389257535547226,0.0,0.02389257535547226,0.0390891970382791
1281,batt_tim427,1,427,battery,0.07787174298529283,0.0,0.07787174298529283,0.09826835376622699
1282,pltd_tim428,1,428,diesel,0.015163757,0.2169,-0.201736243,0.006595021414380607
1283,plts_tim428,1,428,solar,0.0,0.0,0.0,0.0
1284,batt_tim428,1,428,battery,0.06715764950562565,0.0,0.06715764950562565,0.07771020025058234
1285,pltd_tim429,1,429,diesel,0.008702376999999928,0.1245,-0.11579762300000007,0.0045970196969254305
1286,plts_tim429,1,429,solar,0.17625807680307023,0.0,0.17625807680307023,0.29160761942472546
1287,batt_tim429,1,429,battery,0.0762209360590298,0.0,0.0762209360590298,0.12099378223174563
1288,pltd_tim430,1,430,diesel,0.011028912000000057,0.1577,-0.14667108799999995,0.004902679496909563
1289,plts_tim430,1,430,solar,0.025914214783095368,0.0,0.025914214783095368,0.041882126347894885
1290,batt_tim430,1,430,battery,0.06281724536037497,0.0,0.06281724536037497,0.08142089089210117
1291,pltd_tim431,1,431,diesel,0.009348414999999999,0.1337,-0.12435158500000001,0.0047534715323167605
1292,plts_tim431,1,431,solar,0.1694338838204291,0.0,0.1694338838204291,0.2729395185413749
1293,batt_tim431,1,431,battery,0.079006,0.0,0.079006,0.12199341479190441
1294,pltd_tim432,1,432,diesel,0.009412820000000016,0.1346,-0.12518717999999998,0.004600798084065319
1295,plts_tim432,1,432,solar,0.18456632312085808,0.0,0.18456632312085808,0.30503645354830444
1296,batt_tim432,1,432,battery,0.0812472922649734,0.0,0.0812472922649734,0.12749920539570775
1297,pltd_tim433,1,433,diesel,0.0035620352270364086,0.1722,-0.16863796477296358,0.0005403813284165861
1298,plts_tim433,1,433,solar,0.0,0.0,0.0,0.0
1299,batt_tim433,1,433,battery,0.0042396013864818005,0.0,0.0042396013864818005,0.0021426949444994636
1300,pltd_tim434,1,434,diesel,0.002049610999999986,0.0838,-0.081750389,0.001327801419285709
1301,plts_tim434,1,434,solar,0.15086829268292687,0.0,0.15086829268292687,0.24809853213658545
1302,batt_tim434,1,434,battery,0.06094200000000002,0.0,0.06094200000000002,0.10423403653336076
1303,pltd_tim435,1,435,diesel,0.002086941035312274,0.0869,-0.08481305896468773,0.001934553360984766
1304,plts_tim435,1,435,solar,0.1933945441940032,0.0,0.1933945441940032,0.30462686674626666
1305,batt_tim435,1,435,battery,0.06872517497833111,0.0,0.06872517497833111,0.1338755259058729
1306,pltd_tim436,1,436,diesel,0.008056338999999996,0.1152,-0.107143661,0.004404041284990522
1307,plts_tim436,1,436,solar,0.16725434100281755,0.0,0.16725434100281755,0.26611361522086435
1308,batt_tim436,1,436,battery,0.07052441363712703,0.0,0.07052441363712703,0.11198134931650341
1309,pltd_tim437,1,437,diesel,0.014260101999999997,0.2039,-0.189639898,0.006302833067949639
1310,plts_tim437,1,437,solar,0.04052973687799693,0.0,0.04052973687799693,0.06686743923671537
1311,batt_tim437,1,437,battery,0.08288262112447957,0.0,0.08288262112447957,0.10658855613016763
1312,pltd_tim438,1,438,diesel,0.004249791597920299,0.2055,-0.2012502084020797,0.000561200897016346
1313,plts_tim438,1,438,solar,0.0,0.0,0.0,0.0
1314,batt_tim438,1,438,battery,0.005058492201039877,0.0,0.005058492201039877,0.0026956604733019817
1315,pltd_tim439,1,439,diesel,0.0012385995999999594,0.0961,-0.09486140040000005,0.001279672870119134
1316,plts_tim439,1,439,solar,0.21698533582787652,0.0,0.21698533582787652,0.3557172971281234
1317,batt_tim439,1,439,battery,0.07691568483435869,0.0,0.07691568483435869,0.1483939631545272
1318,pltd_tim440,1,440,diesel,0.005779382312964335,0.0863,-0.08052061768703567,0.003229537563370043
1319,plts_tim440,1,440,solar,0.13566899336110563,0.0,0.13566899336110563,0.21382383036663818
1320,batt_tim440,1,440,battery,0.05514430468703567,0.0,0.05514430468703567,0.09094778654035157
1321,pltd_tim441,1,441,diesel,0.002712456000000016,0.1109,-0.10818754399999998,0.0003974378005000026
1322,plts_tim441,1,441,solar,0.0,0.0,0.0,0.0
1323,batt_tim441,1,441,battery,0.002520499999999995,0.0,0.002520499999999995,0.0013237863079095225
1324,pltd_tim442,1,442,diesel,0.004889553999999997,0.0699,-0.065010446,0.002055160363339706
1325,plts_tim442,1,442,solar,0.0,0.0,0.0,0.0
1326,batt_tim442,1,442,battery,0.021654445277872483,0.0,0.021654445277872483,0.025057082519931214
1327,pltd_tim443,1,443,diesel,0.0,0.2252,-0.2252,0.0
1328,plts_tim443,1,443,solar,0.0,0.0,0.0,0.0
1329,batt_tim443,1,443,battery,0.00887023396880417,0.0,0.00887023396880417,0.0028657644265761345
1330,pltd_tim444,1,444,diesel,0.0020193924367416932,0.0977,-0.0956806075632583,0.00030633835329535713
1331,plts_tim444,1,444,solar,0.0,0.0,0.0,0.0
1332,batt_tim444,1,444,battery,0.002404137781629151,0.0,0.002404137781629151,0.0012855315562484613
1333,pltd_tim445,1,445,diesel,0.0,0.2991,-0.2991,0.0
1334,plts_tim445,1,445,solar,0.0,0.0,0.0,0.0
1335,batt_tim445,1,445,battery,0.011782387348353573,0.0,0.011782387348353573,0.004821158885951565
1336,pltd_tim446,1,446,diesel,0.00279067223743501,0.1349,-0.13210932776256498,0.0004233350807952157
1337,plts_tim446,1,446,solar,0.0,0.0,0.0,0.0
1338,batt_tim446,1,446,battery,0.0033221403812824886,0.0,0.0033221403812824886,0.0017764024703825177
1339,pltd_tim447,1,447,diesel,0.0,0.1359,-0.1359,0.0
1340,plts_tim447,1,447,solar,0.0,0.0,0.0,0.0
1341,batt_tim447,1,447,battery,0.005350953206239181,0.0,0.005350953206239181,0.00170754077656813
1342,pltd_tim448,1,448,diesel,0.0026839149999999534,0.1097,-0.10701608500000005,0.0003933046595833252
1343,plts_tim448,1,448,solar,0.0,0.0,0.0,0.0
1344,batt_tim448,1,448,battery,0.0024925000000000225,0.0,0.0024925000000000225,0.0013482111010476223
1345,pltd_tim449,1,449,diesel,0.0029052158214905033,0.1405,-0.1375947841785095,0.0004407056871975908
1346,plts_tim449,1,449,solar,0.0,0.0,0.0,0.0
1347,batt_tim449,1,449,battery,0.0034580805892547445,0.0,0.0034580805892547445,0.0016175726566497427
1348,pltd_tim450,1,450,diesel,0.0,0.2659,-0.2659,0.0
1349,plts_tim450,1,450,solar,0.0,0.0,0.0,0.0
1350,batt_tim450,1,450,battery,0.012448000000000015,0.0,0.012448000000000015,0.005907929393980965
1351,pltd_tim451,1,451,diesel,0.0,0.7631,-0.7631,0.0
1352,plts_tim451,1,451,solar,0.0,0.0,0.0,0.0
1353,batt_tim451,1,451,battery,0.361792,0.0,0.361792,0.29362212557478234
1354,pltd_tim452,1,452,diesel,0.0,0.2409,-0.2409,0.0
1355,plts_tim452,1,452,solar,0.0,0.0,0.0,0.0
1356,batt_tim452,1,452,battery,0.006569999999999991,0.0,0.006569999999999991,0.0031778773818976792
1357,pltd_tim453,1,453,diesel,0.004360254000000008,0.2409,-0.236539746,0.0005998982795000011
1358,plts_tim453,1,453,solar,0.0,0.0,0.0,0.0
1359,batt_tim453,1,453,battery,0.0062419999999999976,0.0,0.0062419999999999976,0.003033213568904765
1360,pltd_tim454,1,454,diesel,0.0,0.2828,-0.2828,0.0
1361,plts_tim454,1,454,solar,0.0,0.0,0.0,0.0
1362,batt_tim454,1,454,battery,0.011140056325823242,0.0,0.011140056325823242,0.004159213876225875
1363,pltd_tim455,1,455,diesel,0.0,0.1805,-0.1805,0.0
1364,plts_tim455,1,455,solar,0.0,0.0,0.0,0.0
1365,batt_tim455,1,455,battery,0.0058163988657845,0.0,0.0058163988657845,0.0023264777923428593
1366,pltd_tim456,1,456,diesel,0.016822120999999995,0.2406,-0.223777879,0.0072726696686207645
1367,plts_tim456,1,456,solar,0.0,0.0,0.0,0.0
1368,batt_tim456,1,456,battery,0.07450328537333789,0.0,0.07450328537333789,0.08621022156895668
1369,pltd_tim457,1,457,diesel,0.013656332999999993,0.1953,-0.181643667,0.005986854696947183
1370,plts_tim457,1,457,solar,0.0471224570873886,0.0,0.0471224570873886,0.07895176839040731
1371,batt_tim457,1,457,battery,0.08091347991841318,0.0,0.08091347991841318,0.10372589276613531
1372,pltd_tim458,1,458,diesel,0.008045999999999998,0.3105,-0.302454,0.0017142206325238087
1373,plts_tim458,1,458,solar,0.0,0.0,0.0,0.0
1374,batt_tim458,1,458,battery,0.01366667199999999,0.0,0.01366667199999999,0.005308739471702398
1375,pltd_tim459,1,459,diesel,0.0023662629999997437,0.0967,-0.09433373700000025,0.0013986452317808426
1376,plts_tim459,1,459,solar,0.1459547827065664,0.0,0.1459547827065664,0.23897424695676722
1377,batt_tim459,1,459,battery,0.06375285446475076,0.0,0.06375285446475076,0.09554998934402475
1378,pltd_tim460,1,460,diesel,0.01197583599999999,0.1713,-0.15932416400000002,0.005936705075930821
1379,plts_tim460,1,460,solar,0.22653015873015875,0.0,0.22653015873015875,0.38156785242539637
1380,batt_tim460,1,460,battery,0.101216,0.0,0.101216,0.15484736015183093
1381,pltd_tim461,1,461,diesel,0.0068879999999999775,0.2659,-0.259012,0.0021052951605476057
1382,plts_tim461,1,461,solar,0.0,0.0,0.0,0.0
1383,batt_tim461,1,461,battery,0.04795615600000003,0.0,0.04795615600000003,0.03150507395606663
1384,pltd_tim462,1,462,diesel,0.018653561000000013,0.2668,-0.24814643899999997,0.0075145972647331725
1385,plts_tim462,1,462,solar,0.0,0.0,0.0,0.0
1386,batt_tim462,1,462,battery,0.08261137026934884,0.0,0.08261137026934884,0.09559262747611962
1387,pltd_tim463,1,463,diesel,0.014625389999999988,0.2092,-0.19457461,0.006359966533831385
1388,plts_tim463,1,463,solar,0.04069857678740955,0.0,0.04069857678740955,0.06897910207900272
1389,batt_tim463,1,463,battery,0.0848583122534732,0.0,0.0848583122534732,0.10890113974681143
1390,pltd_tim464,1,464,diesel,0.007167001000000006,0.293,-0.285832999,0.0007684079286309554
1391,plts_tim464,1,464,solar,0.0,0.0,0.0,0.0
1392,batt_tim464,1,464,battery,0.006658500000000012,0.0,0.006658500000000012,0.003451762468314295
1393,pltd_tim465,1,465,diesel,0.010683760000000014,0.1528,-0.14211623999999998,0.004832811088124635
1394,plts_tim465,1,465,solar,0.0272010902197904,0.0,0.0272010902197904,0.04406917989288305
1395,batt_tim465,1,465,battery,0.06192516565529192,0.0,0.06192516565529192,0.08078607132020299
1396,pltd_tim466,1,466,diesel,0.0099267685909879,0.48,-0.4700732314090121,0.0014083422784917684
1397,plts_tim466,1,466,solar,0.0,0.0,0.0,0.0
1398,batt_tim466,1,466,battery,0.011815966204506034,0.0,0.011815966204506034,0.005450307968608133
1399,pltd_tim467,1,467,diesel,0.0009808730666666457,0.0518,-0.050819126933333354,0.001012138395666646
1400,plts_tim467,1,467,solar,0.14402915709298456,0.0,0.14402915709298456,0.22894587359617477
1401,batt_tim467,1,467,battery,0.059489838857314056,0.0,0.059489838857314056,0.11180931206745585
1402,pltd_tim468,1,468,diesel,0.006290000000000018,0.2428,-0.23650999999999997,0.0018411568420059594
1403,plts_tim468,1,468,solar,0.0,0.0,0.0,0.0
1404,batt_tim468,1,468,battery,0.043787061,0.0,0.043787061,0.028735989482780788
1405,pltd_tim469,1,469,diesel,0.009218608000000017,0.1319,-0.12268139199999997,0.004540239664095078
1406,plts_tim469,1,469,solar,0.18174945936904593,0.0,0.18174945936904593,0.29874240423746773
1407,batt_tim469,1,469,battery,0.07957453866011671,0.0,0.07957453866011671,0.12461677007928947
1408,pltd_tim470,1,470,diesel,0.002042475000000002,0.0835,-0.081457525,0.001207148462000009
1409,plts_tim470,1,470,solar,0.1274127198142768,0.0,0.1274127198142768,0.20786627132016317
1410,batt_tim470,1,470,battery,0.05503703048279201,0.0,0.05503703048279201,0.08245876007122459
1411,pltd_tim471,1,471,diesel,0.012170048000000003,0.1741,-0.161929952,0.004977314342032622
1412,plts_tim471,1,471,solar,0.0,0.0,0.0,0.0
1413,batt_tim471,1,471,battery,0.053897455506307534,0.0,0.053897455506307534,0.062366778927420694
1414,pltd_tim472,1,472,diesel,0.0015445920000001917,0.0632,-0.061655407999999814,0.0008802974761905391
1415,plts_tim472,1,472,solar,0.09494883886931943,0.0,0.09494883886931943,0.15602624612785032
1416,batt_tim472,1,472,battery,0.04162227818454178,0.0,0.04162227818454178,0.06239554839970129
1417,pltd_tim473,1,473,diesel,0.000793948586666663,0.0419,-0.04110605141333334,0.0008192556978666646
1418,plts_tim473,1,473,solar,0.11462333742033559,0.0,0.11462333742033559,0.18533749667002142
1419,batt_tim473,1,473,battery,0.04815983848653218,0.0,0.04815983848653218,0.0905174762728772
1420,pltd_tim474,1,474,diesel,0.0014773800000000212,0.0604,-0.05892261999999998,0.0008628612337428672
1421,plts_tim474,1,474,solar,0.09160293308746247,0.0,0.09160293308746247,0.15034079484913745
1422,batt_tim474,1,474,battery,0.03980601905228024,0.0,0.03980601905228024,0.05963752532204329
1423,pltd_tim475,1,475,diesel,0.007818857999999991,0.1118,-0.103981142,0.0036083121650642737
1424,plts_tim475,1,475,solar,0.08658480447325485,0.0,0.08658480447325485,0.14200379820798165
1425,batt_tim475,1,475,battery,0.05591500000000001,0.0,0.05591500000000001,0.07661579265730233
1426,pltd_tim476,1,476,diesel,0.0010741892266666695,0.0567,-0.05562581077333333,0.0011084290082666705
1427,plts_tim476,1,476,solar,0.15643804807377384,0.0,0.15643804807377384,0.25074953654727533
1428,batt_tim476,1,476,battery,0.065154786793293,0.0,0.065154786793293,0.1224581060673457
1429,pltd_tim477,1,477,diesel,0.0025429265701906734,0.1229,-0.12035707342980932,0.00041079049511013975
1430,plts_tim477,1,477,solar,0.0,0.0,0.0,0.0
1431,batt_tim477,1,477,battery,0.003025888214904668,0.0,0.003025888214904668,0.0016385931069468468
1432,pltd_tim478,1,478,diesel,0.004454545000000004,0.1821,-0.177645455,0.0006089250138988097
1433,plts_tim478,1,478,solar,0.0,0.0,0.0,0.0
1434,batt_tim478,1,478,battery,0.004138000000000003,0.0,0.004138000000000003,0.0022320275840761903
1435,pltd_tim479,1,479,diesel,0.004348662000000059,0.1778,-0.17345133799999995,0.0006799754549404857
1436,plts_tim479,1,479,solar,0.0,0.0,0.0,0.0
1437,batt_tim479,1,479,battery,0.004039999999999988,0.0,0.004039999999999988,0.002054630995428575
1438,pltd_tim480,1,480,diesel,0.002106999999999991,0.0813,-0.07919300000000001,0.0007057875302618981
1439,plts_tim480,1,480,solar,0.0,0.0,0.0,0.0
1440,batt_tim480,1,480,battery,0.014670532000000023,0.0,0.014670532000000023,0.009637902584171555
1441,pltd_tim481,1,481,diesel,0.0035550668717504452,0.1719,-0.16834493312824955,0.00039957739960577244
1442,plts_tim481,1,481,solar,0.0,0.0,0.0,0.0
1443,batt_tim481,1,481,battery,0.004232019064124765,0.0,0.004232019064124765,0.0021324746657382125
1444,pltd_tim482,1,482,diesel,0.004270999999999997,0.1648,-0.160529,0.0009102457105357104
1445,plts_tim482,1,482,solar,0.0,0.0,0.0,0.0
1446,batt_tim482,1,482,battery,0.026132009999999987,0.0,0.026132009999999987,0.01663876827230114
1447,pltd_tim483,1,483,diesel,0.0,0.3549,-0.3549,0.0
1448,plts_tim483,1,483,solar,0.0,0.0,0.0,0.0
1449,batt_tim483,1,483,battery,0.0124070275,0.0,0.0124070275,0.004928103913235377
1450,pltd_tim484,1,484,diesel,0.008271684000000001,0.1183,-0.110028316,0.0036243431826190483
1451,plts_tim484,1,484,solar,0.001823362053203324,0.0,0.001823362053203324,0.00296898316627405
1452,batt_tim484,1,484,battery,0.037640999999999994,0.0,0.037640999999999994,0.04381644009089711
1453,pltd_tim485,1,485,diesel,0.003608,0.1392,-0.135592,0.0011440974038273812
1454,plts_tim485,1,485,solar,0.0,0.0,0.0,0.0
1455,batt_tim485,1,485,battery,0.025115839,0.0,0.025115839,0.016306812152618876
1456,pltd_tim486,1,486,diesel,0.0029530000000000008,0.114,-0.111047,0.0010230415883154748
1457,plts_tim486,1,486,solar,0.0,0.0,0.0,0.0
1458,batt_tim486,1,486,battery,0.020559801,0.0,0.020559801,0.013506783469461343
1459,pltd_tim487,1,487,diesel,0.0045650000000000135,0.1762,-0.17163499999999998,0.0012464677330714315
1460,plts_tim487,1,487,solar,0.0,0.0,0.0,0.0
1461,batt_tim487,1,487,battery,0.031785988000000015,0.0,0.031785988000000015,0.02063722813822335
1462,pltd_tim488,1,488,diesel,0.0036552789999999835,0.1494,-0.14574472100000002,0.0004997284831964269
1463,plts_tim488,1,488,solar,0.0,0.0,0.0,0.0
1464,batt_tim488,1,488,battery,0.00339600000000001,0.0,0.00339600000000001,0.0018831634393142902
1465,pltd_tim489,1,489,diesel,0.007862126999999997,0.1124,-0.104537873,0.003582585478968096
1466,plts_tim489,1,489,solar,0.016776228681628466,0.0,0.016776228681628466,0.027558017271309153
1467,batt_tim489,1,489,battery,0.04407764911936434,0.0,0.04407764911936434,0.056817110004175816
1468,pltd_tim490,1,490,diesel,0.0019671299999999975,0.0804,-0.07843287,0.00030762110089285717
1469,plts_tim490,1,490,solar,0.0,0.0,0.0,0.0
1470,batt_tim490,1,490,battery,0.0018274999999999958,0.0,0.0018274999999999958,0.0009981916216428549
1471,pltd_tim491,1,491,diesel,0.0038436430000000077,0.1571,-0.15325635699999998,0.0005254441054107153
1472,plts_tim491,1,491,solar,0.0,0.0,0.0,0.0
1473,batt_tim491,1,491,battery,0.003570999999999991,0.0,0.003570999999999991,0.0018755171218190422
1474,pltd_tim492,1,492,diesel,0.004243515999999996,0.0607,-0.056456484,0.0019016203913141858
1475,plts_tim492,1,492,solar,0.009946050902862831,0.0,0.009946050902862831,0.01611457675374201
1476,batt_tim492,1,492,battery,0.02416974096014506,0.0,0.02416974096014506,0.0313255386095709
1477,pltd_tim493,1,493,diesel,0.0,0.4772,-0.4772,0.0
1478,plts_tim493,1,493,solar,0.0,0.0,0.0,0.0
1479,batt_tim493,1,493,battery,0.022341999999999973,0.0,0.022341999999999973,0.011589743551923801
1480,pltd_tim494,1,494,diesel,0.003491368318890825,0.1688,-0.16530863168110918,0.0004953372023425788
1481,plts_tim494,1,494,solar,0.0,0.0,0.0,0.0
1482,batt_tim494,1,494,battery,0.0041561958405545996,0.0,0.0041561958405545996,0.002222385483814069
1483,pltd_tim495,1,495,diesel,0.0,0.3035,-0.3035,0.0
1484,plts_tim495,1,495,solar,0.0,0.0,0.0,0.0
1485,batt_tim495,1,495,battery,0.01420699999999997,0.0,0.01420699999999997,0.007251601480371414
1486,pltd_tim496,1,496,diesel,0.0038309999999999456,0.1479,-0.14406900000000006,0.0012086102820535376
1487,plts_tim496,1,496,solar,0.0,0.0,0.0,0.0
1488,batt_tim496,1,496,battery,0.026673605000000055,0.0,0.026673605000000055,0.01731795907701237
1489,pltd_tim497,1,497,diesel,0.001752652514731362,0.0847,-0.08294734748526864,0.0002831040313393979
1490,plts_tim497,1,497,solar,0.0,0.0,0.0,0.0
1491,batt_tim497,1,497,battery,0.002085680242634322,0.0,0.002085680242634322,0.0011120988284074058
1492,pltd_tim498,1,498,diesel,0.0030443770000000148,0.1245,-0.12145562299999998,0.00047601528812500263
1493,plts_tim498,1,498,solar,0.0,0.0,0.0,0.0
1494,batt_tim498,1,498,battery,0.002828999999999998,0.0,0.002828999999999998,0.0014858129200857148
1495,pltd_tim499,1,499,diesel,0.004436728000000001,0.0635,-0.059063272,0.002032166431047622
1496,plts_tim499,1,499,solar,0.0,0.0,0.0,0.0
1497,batt_tim499,1,499,battery,0.020192999999999996,0.0,0.020192999999999996,0.02375076162263807
1498,pltd_tim500,1,500,diesel,0.0029877422512998133,0.1445,-0.1415122577487002,0.00042391434598916544
1499,plts_tim500,1,500,solar,0.0,0.0,0.0,0.0
1500,batt_tim500,1,500,battery,0.0035571923743500816,0.0,0.0035571923743500816,0.0017978053647767563
1501,pltd_tim501,1,501,diesel,0.0026839149999999534,0.1097,-0.10701608500000005,0.0003933046595833252
1502,plts_tim501,1,501,solar,0.0,0.0,0.0,0.0
1503,batt_tim501,1,501,battery,0.0024925000000000225,0.0,0.0024925000000000225,0.0013482111010476288
1504,pltd_tim502,1,502,diesel,0.002382595499133444,0.1152,-0.11281740450086655,0.00031464953796514163
1505,plts_tim502,1,502,solar,0.0,0.0,0.0,0.0
1506,batt_tim502,1,502,battery,0.0028368717504332758,0.0,0.0028368717504332758,0.0015212036617665277
1507,pltd_tim503,1,503,diesel,0.0037835670000000154,0.1547,-0.150916433,0.0005544012597500039
1508,plts_tim503,1,503,solar,0.0,0.0,0.0,0.0
1509,batt_tim503,1,503,battery,0.0035149999999999904,0.0,0.0035149999999999904,0.001851411326238093
1510,pltd_tim504,1,504,diesel,0.003495999999999999,0.1349,-0.131404,0.0011716492134583416
1511,plts_tim504,1,504,solar,0.0,0.0,0.0,0.0
1512,batt_tim504,1,504,battery,0.024338952999999997,0.0,0.024338952999999997,0.01578705245613987
1513,pltd_tim505,1,505,diesel,0.0034516460000000304,0.1411,-0.13764835399999997,0.000505742024666672
1514,plts_tim505,1,505,solar,0.0,0.0,0.0,0.0
1515,batt_tim505,1,505,battery,0.003206500000000001,0.0,0.003206500000000001,0.001662247706638093
1516,pltd_tim506,1,506,diesel,0.003572797999999988,0.146,-0.142427202,0.0004883999403214274
1517,plts_tim506,1,506,solar,0.0,0.0,0.0,0.0
1518,batt_tim506,1,506,battery,0.003318500000000002,0.0,0.003318500000000002,0.0018226033521285714
1519,pltd_tim507,1,507,diesel,0.0043863360000000184,0.1793,-0.17491366399999997,0.0005996605748095253
1520,plts_tim507,1,507,solar,0.0,0.0,0.0,0.0
1521,batt_tim507,1,507,battery,0.004074999999999995,0.0,0.004074999999999995,0.002044686747619043
1522,pltd_tim508,1,508,diesel,0.0033167280000000014,0.0474,-0.04408327199999999,0.0016231409167010962
1523,plts_tim508,1,508,solar,0.05802795960201989,0.0,0.05802795960201989,0.09312300844350342
1524,batt_tim508,1,508,battery,0.027647,0.0,0.027647,0.04229526412759896
1525,pltd_tim509,1,509,diesel,0.004243515999999996,0.0607,-0.056456484,0.0018728059954523813
1526,plts_tim509,1,509,solar,0.007087461773427841,0.0,0.007087461773427841,0.011373926760418988
1527,batt_tim509,1,509,battery,0.02265976422059785,0.0,0.02265976422059785,0.028594904736060613
1528,pltd_tim510,1,510,diesel,0.0035330729999999977,0.0505,-0.046966927000000006,0.0016586070493046058
1529,plts_tim510,1,510,solar,0.03697662966851657,0.0,0.03697662966851657,0.05933992889720184
1530,batt_tim510,1,510,battery,0.025262,0.0,0.025262,0.034816101493232124
1531,pltd_tim511,1,511,diesel,0.003271999999999997,0.1263,-0.123028,0.0007291144143333285
1532,plts_tim511,1,511,solar,0.0,0.0,0.0,0.0
1533,batt_tim511,1,511,battery,0.020028184000000004,0.0,0.020028184000000004,0.01291882453633281
1534,pltd_tim512,1,512,diesel,0.004868418000000083,0.0696,-0.06473158199999991,0.0027168115186516012
1535,plts_tim512,1,512,solar,0.09795173682273628,0.0,0.09795173682273628,0.1543644929006339
1536,batt_tim512,1,512,battery,0.042556608959891946,0.0,0.042556608959891946,0.0677417559749489
1537,pltd_tim513,1,513,diesel,0.006677724999999954,0.0955,-0.08882227500000005,0.0030691928334635053
1538,plts_tim513,1,513,solar,0.01758221840027783,0.0,0.01758221840027783,0.027544593452478856
1539,batt_tim513,1,513,battery,0.038702939044837584,0.0,0.038702939044837584,0.05046607852628057
1540,pltd_tim514,1,514,diesel,0.0032704150000000265,0.1337,-0.130429585,0.0004791910554166709
1541,plts_tim514,1,514,solar,0.0,0.0,0.0,0.0
1542,batt_tim514,1,514,battery,0.003038999999999986,0.0,0.003038999999999986,0.0016851983781142827
1543,pltd_tim515,1,515,diesel,0.002773532000000009,0.1134,-0.11062646799999999,0.00040639117350000113
1544,plts_tim515,1,515,solar,0.0,0.0,0.0,0.0
1545,batt_tim515,1,515,battery,0.0025764999999999955,0.0,0.0025764999999999955,0.001450162094004761
1546,pltd_tim516,1,516,diesel,0.003488000000000006,0.1346,-0.13111199999999998,0.0009147615615476221
1547,plts_tim516,1,516,solar,0.0,0.0,0.0,0.0
1548,batt_tim516,1,516,battery,0.0059248199999999964,0.0,0.0059248199999999964,0.002252179932979428
1549,pltd_tim517,1,517,diesel,0.0025841680000000256,0.1057,-0.10311583199999998,0.0004548392574761959
1550,plts_tim517,1,517,solar,0.0,0.0,0.0,0.0
1551,batt_tim517,1,517,battery,0.0024020000000000152,0.0,0.0024020000000000152,0.001311987017885717
1552,pltd_tim518,1,518,diesel,0.004716477999999996,0.0675,-0.06278352200000001,0.0019874972884589242
1553,plts_tim518,1,518,solar,0.0,0.0,0.0,0.0
1554,batt_tim518,1,518,battery,0.020891602795772242,0.0,0.020891602795772242,0.024174428328602702
1555,pltd_tim519,1,519,diesel,0.0038772279999999965,0.0555,-0.051622772000000004,0.0018497142439822924
1556,plts_tim519,1,519,solar,0.009965673051603873,0.0,0.009965673051603873,0.01599286726768517
1557,batt_tim519,1,519,battery,0.022472705031673597,0.0,0.022472705031673597,0.029287856055828006
1558,pltd_tim520,1,520,diesel,0.004134999999999972,0.1596,-0.15546500000000002,0.0008405946554404661
1559,plts_tim520,1,520,solar,0.0,0.0,0.0,0.0
1560,batt_tim520,1,520,battery,0.02530172200000004,0.0,0.02530172200000004,0.016155613190845266
1561,pltd_tim521,1,521,diesel,0.008960991000000001,0.1282,-0.119239009,0.0045868489671205695
1562,plts_tim521,1,521,solar,0.17148330777612464,0.0,0.17148330777612464,0.2766227247315528
1563,batt_tim521,1,521,battery,0.0772138280167063,0.0,0.0772138280167063,0.12145669683703327
1564,pltd_tim522,1,522,diesel,0.007582377000000223,0.1084,-0.10081762299999977,0.004097736378877261
1565,plts_tim522,1,522,solar,0.15769538510083958,0.0,0.15769538510083958,0.25046143003564436
1566,batt_tim522,1,522,battery,0.0663759561508308,0.0,0.0663759561508308,0.10553766998198516
1567,pltd_tim523,1,523,diesel,0.003166785000000002,0.0453,-0.042133215,0.0015738331705633269
1568,plts_tim523,1,523,solar,0.05760686515674215,0.0,0.05760686515674215,0.09244723797264637
1569,batt_tim523,1,523,battery,0.026759999999999996,0.0,0.026759999999999996,0.041235852460938395
1570,pltd_tim524,1,524,diesel,0.007430436999999929,0.1063,-0.09886956300000008,0.003942887250484616
1571,plts_tim524,1,524,solar,0.15279237091904463,0.0,0.15279237091904463,0.2454960861267566
1572,batt_tim524,1,524,battery,0.06505764217985575,0.0,0.06505764217985575,0.10339460062788042
1573,pltd_tim525,1,525,diesel,0.006849800999999989,0.098,-0.09115019900000002,0.0036348459479578284
1574,plts_tim525,1,525,solar,0.14244019467848892,0.0,0.14244019467848892,0.22625820137578062
1575,batt_tim525,1,525,battery,0.05996479049634043,0.0,0.05996479049634043,0.09523877452134374
1576,pltd_tim526,1,526,diesel,0.005686531999999987,0.0813,-0.07561346800000002,0.0025449794843566014
1577,plts_tim526,1,526,solar,0.026052684055928872,0.0,0.026052684055928872,0.0420602737994394
1578,batt_tim526,1,526,battery,0.03503420533251139,0.0,0.03503420533251139,0.0452404963227025
1579,pltd_tim527,1,527,diesel,0.0019447250000000083,0.0795,-0.07755527499999999,0.001159821640556725
1580,plts_tim527,1,527,solar,0.11841604938596072,0.0,0.11841604938596072,0.19635690101155354
1581,batt_tim527,1,527,battery,0.05238231691458642,0.0,0.05238231691458642,0.07851144709544869
1582,pltd_tim528,1,528,diesel,0.001884649000000349,0.077,-0.07511535099999965,0.0010767654030405982
1583,plts_tim528,1,528,solar,0.11493704674515856,0.0,0.11493704674515856,0.19176269284532388
1584,batt_tim528,1,528,battery,0.05077185678422322,0.0,0.05077185678422322,0.07606950425865755
1585,pltd_tim529,1,529,diesel,0.004299773000000007,0.2375,-0.23320022699999998,0.0005493215946369057
1586,plts_tim529,1,529,solar,0.0,0.0,0.0,0.0
1587,batt_tim529,1,529,battery,0.006153999999999993,0.0,0.006153999999999993,0.00295841502258095
1588,pltd_tim530,1,530,diesel,0.003823000000000007,0.1476,-0.143777,0.001243802219428575
1589,plts_tim530,1,530,solar,0.0,0.0,0.0,0.0
1590,batt_tim530,1,530,battery,0.026617471999999993,0.0,0.026617471999999993,0.017265139886558704
1591,pltd_tim531,1,531,diesel,0.004733000000000015,0.1827,-0.177967,0.0009620000930297708
1592,plts_tim531,1,531,solar,0.0,0.0,0.0,0.0
1593,batt_tim531,1,531,battery,0.028965816999999977,0.0,0.028965816999999977,0.01844301120681003
1594,pltd_tim532,1,532,diesel,0.005433045000000025,0.2221,-0.21666695499999997,0.0006359199449107189
1595,plts_tim532,1,532,solar,0.0,0.0,0.0,0.0
1596,batt_tim532,1,532,battery,0.0050484999999999836,0.0,0.0050484999999999836,0.002617139418980948
1597,pltd_tim533,1,533,diesel,0.003899361000000004,0.0558,-0.051900639,0.0017454286253411454
1598,plts_tim533,1,533,solar,0.010020542775477112,0.0,0.010020542775477112,0.016080921953643166
1599,batt_tim533,1,533,battery,0.022597182272267573,0.0,0.022597182272267573,0.02948871048343726
1600,pltd_tim534,1,534,diesel,0.002083999999999992,0.0804,-0.07831600000000001,0.0006607989274404707
1601,plts_tim534,1,534,solar,0.0,0.0,0.0,0.0
1602,batt_tim534,1,534,battery,0.014502129999999992,0.0,0.014502129999999992,0.009517414961562474
1603,pltd_tim535,1,535,diesel,0.007839993999998976,0.1121,-0.10426000600000103,0.0039647690068334105
1604,plts_tim535,1,535,solar,0.1557296039722691,0.0,0.1557296039722691,0.24203596273612676
1605,batt_tim535,1,535,battery,0.06756188056646824,0.0,0.06756188056646824,0.10635324557220258
1606,pltd_tim536,1,536,diesel,0.005901880000000012,0.0844,-0.07849811999999999,0.003292381852627606
1607,plts_tim536,1,536,solar,0.12128173017084723,0.0,0.12128173017084723,0.18715111128480105
1608,batt_tim536,1,536,battery,0.05159547293747266,0.0,0.05159547293747266,0.08227398300447768
1609,pltd_tim537,1,537,diesel,0.00258599999999999,0.0998,-0.09721400000000001,0.0005507460481904718
1610,plts_tim537,1,537,solar,0.0,0.0,0.0,0.0
1611,batt_tim537,1,537,battery,0.004393608000000008,0.0,0.004393608000000008,0.0016402124910612598
1612,pltd_tim538,1,538,diesel,0.004545398999999978,0.065,-0.060454601000000024,0.0023329408677882093
1613,plts_tim538,1,538,solar,0.09699481986137948,0.0,0.09699481986137948,0.1501304250830207
1614,batt_tim538,1,538,battery,0.03978803145402576,0.0,0.03978803145402576,0.06313956776310889
1615,pltd_tim539,1,539,diesel,0.0016579188266666563,0.0875,-0.08584208117333333,0.0017107649892666532
1616,plts_tim539,1,539,solar,0.2469905196078671,0.0,0.2469905196078671,0.38702833933229275
1617,batt_tim539,1,539,battery,0.10056661036079849,0.0,0.10056661036079849,0.18902299583008428
1618,pltd_tim540,1,540,diesel,0.008637971999999994,0.1235,-0.114862028,0.004901885918761962
1619,plts_tim540,1,540,solar,0.17587093937874743,0.0,0.17587093937874743,0.2738918160222649
1620,batt_tim540,1,540,battery,0.07550884741823927,0.0,0.07550884741823927,0.12016545221542976
1621,pltd_tim541,1,541,diesel,0.0036127970693241307,0.1747,-0.17108720293067586,0.0004770853635684117
1622,plts_tim541,1,541,solar,0.0,0.0,0.0,0.0
1623,batt_tim541,1,541,battery,0.004300259965337949,0.0,0.004300259965337949,0.0021655328995419665
1624,pltd_tim542,1,542,diesel,0.011932567000000005,0.1707,-0.15876743299999999,0.006490555122003252
1625,plts_tim542,1,542,solar,0.24337110802914835,0.0,0.24337110802914835,0.3941496093541881
1626,batt_tim542,1,542,battery,0.10446663557903567,0.0,0.10446663557903567,0.16620750252187558
1627,pltd_tim543,1,543,diesel,0.003405838999999869,0.1392,-0.13579416100000014,0.001993716700748764
1628,plts_tim543,1,543,solar,0.20859145937841758,0.0,0.20859145937841758,0.34669996892859717
1629,batt_tim543,1,543,battery,0.09179715577188322,0.0,0.09179715577188322,0.13753256034205796
1630,pltd_tim544,1,544,diesel,0.010510683999999992,0.1503,-0.139789316,0.005493815801842004
1631,plts_tim544,1,544,solar,0.2146171867315555,0.0,0.2146171867315555,0.347244598850428
1632,batt_tim544,1,544,battery,0.09202183960053732,0.0,0.09202183960053732,0.14635996372572765
1633,pltd_tim545,1,545,diesel,0.009240740999999997,0.1322,-0.12295925900000002,0.005105228561575918
1634,plts_tim545,1,545,solar,0.1874829493713817,0.0,0.1874829493713817,0.2930158829333615
1635,batt_tim545,1,545,battery,0.08078195242791494,0.0,0.08078195242791494,0.12861694585534544
1636,pltd_tim546,1,546,diesel,0.001298134200000009,0.1007,-0.09940186579999999,0.0013411537111390234
1637,plts_tim546,1,546,solar,0.22830627453435587,0.0,0.22830627453435587,0.3728014298402861
1638,batt_tim546,1,546,battery,0.08061072334647225,0.0,0.08061072334647225,0.15552429733074488
1639,pltd_tim547,1,547,diesel,0.01197583599999999,0.1713,-0.15932416400000002,0.0061106972437339
1640,plts_tim547,1,547,solar,0.24494656569377687,0.0,0.24494656569377687,0.39559250026721926
1641,batt_tim547,1,547,battery,0.10484386743094881,0.0,0.10484386743094881,0.16667681393126627
1642,pltd_tim548,1,548,diesel,0.007280494000000012,0.1041,-0.09681950599999999,0.003104659686226164
1643,plts_tim548,1,548,solar,0.011971185946034591,0.0,0.011971185946034591,0.019514110498771484
1644,batt_tim548,1,548,battery,0.03887846520343097,0.0,0.03887846520343097,0.049061846631366555
1645,pltd_tim549,1,549,diesel,0.0056700086377816095,0.2742,-0.2685299913622184,0.0006930157200782746
1646,plts_tim549,1,549,solar,0.0,0.0,0.0,0.0
1647,batt_tim549,1,549,battery,0.006749891681109205,0.0,0.006749891681109205,0.0032594710079227552
1648,pltd_tim550,1,550,diesel,0.009261877000000002,0.1325,-0.123238123,0.004097852169446417
1649,plts_tim550,1,550,solar,0.01522009180268338,0.0,0.01522009180268338,0.02482789651386177
1650,batt_tim550,1,550,battery,0.04946089413289613,0.0,0.04946089413289613,0.06241542804020393
1651,pltd_tim551,1,551,diesel,0.005880743999999993,0.0841,-0.078219256,0.0030112863642827053
1652,plts_tim551,1,551,solar,0.11740784282160104,0.0,0.11740784282160104,0.19056255634256983
1653,batt_tim551,1,551,battery,0.050756490095858336,0.0,0.050756490095858336,0.07959213535165968
1654,pltd_tim552,1,552,diesel,0.0033834340000000046,0.1383,-0.13491656600000002,0.0004625221663214284
1655,plts_tim552,1,552,solar,0.0,0.0,0.0,0.0
1656,batt_tim552,1,552,battery,0.003143999999999994,0.0,0.003143999999999994,0.0017172719334857132
1657,pltd_tim553,1,553,diesel,0.007086281999999992,0.1014,-0.09431371800000002,0.0034573305953278645
1658,plts_tim553,1,553,solar,0.12238868492130725,0.0,0.12238868492130725,0.19894170584142062
1659,batt_tim553,1,553,battery,0.05906300000000001,0.0,0.05906300000000001,0.09034167335500079
1660,pltd_tim554,1,554,diesel,0.004891351999999988,0.1999,-0.195008648,0.000572512474238094
1661,plts_tim554,1,554,solar,0.0,0.0,0.0,0.0
1662,batt_tim554,1,554,battery,0.0045439999999999925,0.0,0.0045439999999999925,0.002317810400914284
1663,pltd_tim555,1,555,diesel,0.003899361000000219,0.0558,-0.05190063899999978,0.0020639284797931696
1664,plts_tim555,1,555,solar,0.08010654876996998,0.0,0.08010654876996998,0.12877976844189634
1665,batt_tim555,1,555,battery,0.034130509588155444,0.0,0.034130509588155444,0.05425184439426344
1666,pltd_tim556,1,556,diesel,0.004070999999999991,0.1571,-0.153029,0.001284387549946422
1667,plts_tim556,1,556,solar,0.0,0.0,0.0,0.0
1668,batt_tim556,1,556,battery,0.02833964300000001,0.0,0.02833964300000001,0.018617943316515846
1669,pltd_tim557,1,557,diesel,0.003838999999999964,0.1482,-0.14436100000000004,0.0012111854679583184
1670,plts_tim557,1,557,solar,0.0,0.0,0.0,0.0
1671,batt_tim557,1,557,battery,0.026728741000000045,0.0,0.026728741000000045,0.017559597527847474
1672,pltd_tim558,1,558,diesel,0.004549000000000008,0.1756,-0.171051,0.0014279594785892942
1673,plts_tim558,1,558,solar,0.0,0.0,0.0,0.0
1674,batt_tim558,1,558,battery,0.03167471899999999,0.0,0.03167471899999999,0.02080882441789408
1675,pltd_tim559,1,559,diesel,0.0024344750000000435,0.0995,-0.09706552499999996,0.0008298218364583458
1676,plts_tim559,1,559,solar,0.0,0.0,0.0,0.0
1677,batt_tim559,1,559,battery,0.02455567136048523,0.0,0.02455567136048523,0.020993225186308473
1678,pltd_tim560,1,560,diesel,0.003888453000000014,0.159,-0.155111547,0.0006080082175297643
1679,plts_tim560,1,560,solar,0.0,0.0,0.0,0.0
1680,batt_tim560,1,560,battery,0.003613000000000005,0.0,0.003613000000000005,0.0018784308384952415
1681,pltd_tim561,1,561,diesel,0.002953762999999998,0.1208,-0.117846237,0.0005198534263154763
1682,plts_tim561,1,561,solar,0.0,0.0,0.0,0.0
1683,batt_tim561,1,561,battery,0.002744499999999997,0.0,0.002744499999999997,0.0014845197058476168
1684,pltd_tim562,1,562,diesel,0.005492322999999993,0.0786,-0.07310767700000001,0.0025151736646474012
1685,plts_tim562,1,562,solar,0.013328825609488344,0.0,0.013328825609488344,0.020858779027248652
1686,batt_tim562,1,562,battery,0.03128581289017161,0.0,0.03128581289017161,0.040571829743012267
1687,pltd_tim563,1,563,diesel,0.003647000000000015,0.1408,-0.137153,0.0012880775408928636
1688,plts_tim563,1,563,solar,0.0,0.0,0.0,0.0
1689,batt_tim563,1,563,battery,0.025395509999999948,0.0,0.025395509999999948,0.016488233341697963
1690,pltd_tim564,1,564,diesel,0.004932823000000003,0.0705,-0.06556717699999999,0.002693704855121884
1691,plts_tim564,1,564,solar,0.09826674286759933,0.0,0.09826674286759933,0.15641756196064427
1692,batt_tim564,1,564,battery,0.04312152097044622,0.0,0.04312152097044622,0.0685537821768963
1693,pltd_tim565,1,565,diesel,0.004825148999999709,0.069,-0.0641748510000003,0.0025426925664625314
1694,plts_tim565,1,565,solar,0.10013776907696337,0.0,0.10013776907696337,0.15299218593785913
1695,batt_tim565,1,565,battery,0.04217926095019871,0.0,0.04217926095019871,0.06719094395203704
1696,pltd_tim566,1,566,diesel,0.014087026000000002,0.2015,-0.187412974,0.006489807296582559
1697,plts_tim566,1,566,solar,0.051448530301927475,0.0,0.051448530301927475,0.08378498629156024
1698,batt_tim566,1,566,battery,0.08422754826456866,0.0,0.08422754826456866,0.10827754840492392
1699,pltd_tim567,1,567,diesel,0.001074189226666654,0.0567,-0.055625810773333347,0.0011084290082666527
1700,plts_tim567,1,567,solar,0.1574029007137358,0.0,0.1574029007137358,0.2507502134456247
1701,batt_tim567,1,567,battery,0.06515429868781325,0.0,0.06515429868781325,0.12246183605929137
1702,pltd_tim568,1,568,diesel,0.0020801489999999895,0.085,-0.08291985100000002,0.0012493376226654722
1703,plts_tim568,1,568,solar,0.14743307684040946,0.0,0.14743307684040946,0.23451199103042938
1704,batt_tim568,1,568,battery,0.060292000000000005,0.0,0.060292000000000005,0.09925217408246657
1705,pltd_tim569,1,569,diesel,0.0066250000000000475,0.2557,-0.24907499999999994,0.0020697326826904974
1706,plts_tim569,1,569,solar,0.0,0.0,0.0,0.0
1707,batt_tim569,1,569,battery,0.046120715999999874,0.0,0.046120715999999874,0.02991585622700557
1708,pltd_tim570,1,570,diesel,0.001858463419498746,0.081,-0.07914153658050126,0.0016903186361295463
1709,plts_tim570,1,570,solar,0.18685694986473705,0.0,0.18685694986473705,0.2983667309792414
1710,batt_tim570,1,570,battery,0.06515711342619951,0.0,0.06515711342619951,0.12954711073349806
1711,pltd_tim571,1,571,diesel,0.009106904832121426,0.0767,-0.06759309516787858,0.006071585064044844
1712,plts_tim571,1,571,solar,0.11046705606300113,0.0,0.11046705606300113,0.16593085267286548
1713,batt_tim571,1,571,battery,0.04310600013203625,0.0,0.04310600013203625,0.07184846687166555
1714,pltd_tim572,1,572,diesel,0.0055549999999999836,0.2144,-0.20884500000000003,0.001743734248130938
1715,plts_tim572,1,572,solar,0.0,0.0,0.0,0.0
1716,batt_tim572,1,572,battery,0.03867567800000004,0.0,0.03867567800000004,0.025110557707866323
1717,pltd_tim573,1,573,diesel,0.0034032659999997314,0.0487,-0.04529673400000027,0.0018454470146594176
1718,plts_tim573,1,573,solar,0.07330548736223758,0.0,0.07330548736223758,0.11197061328242462
1719,batt_tim573,1,573,battery,0.02978971246502332,0.0,0.02978971246502332,0.047255109618375264
1720,pltd_tim574,1,574,diesel,0.014425553999999993,0.0699,-0.05547444600000001,0.011030636132648557
1721,plts_tim574,1,574,solar,0.09184487312684747,0.0,0.09184487312684747,0.13425107464504626
1722,batt_tim574,1,574,battery,0.033014999250223984,0.0,0.033014999250223984,0.06072879071197433
1723,pltd_tim575,1,575,diesel,0.000700499093333334,0.037,-0.036299500906666664,0.000722827501933331
1724,plts_tim575,1,575,solar,0.11429514649824883,0.0,0.11429514649824883,0.16353326658955575
1725,batt_tim575,1,575,battery,0.04249750687465717,0.0,0.04249750687465717,0.07986517808313695
1726,pltd_tim576,1,576,diesel,0.004906620999999972,0.2006,-0.19569337900000003,0.0006225198884047587
1727,plts_tim576,1,576,solar,0.0,0.0,0.0,0.0
1728,batt_tim576,1,576,battery,0.0045580000000000065,0.0,0.0045580000000000065,0.0025344005410666685
1729,pltd_tim577,1,577,diesel,0.0075823769999999735,0.1084,-0.10081762300000002,0.003423568660056092
1730,plts_tim577,1,577,solar,0.020713365053248133,0.0,0.020713365053248133,0.030614239625192927
1731,batt_tim577,1,577,battery,0.04394040979996079,0.0,0.04394040979996079,0.05742612773084985
1732,pltd_tim578,1,578,diesel,0.009025396000000005,0.1291,-0.12007460399999999,0.003904700953844909
1733,plts_tim578,1,578,solar,0.0,0.0,0.0,0.0
1734,batt_tim578,1,578,battery,0.03997017388339584,0.0,0.03997017388339584,0.04625107142732133
1735,pltd_tim579,1,579,diesel,0.009261877000000002,0.1325,-0.123238123,0.005233219114979428
1736,plts_tim579,1,579,solar,0.19046029083435603,0.0,0.19046029083435603,0.305941793285515
1737,batt_tim579,1,579,battery,0.08108364639469638,0.0,0.08108364639469638,0.12884594973371707
1738,pltd_tim580,1,580,diesel,0.0029099529999999235,0.1189,-0.11599004700000008,0.0016821277972981948
1739,plts_tim580,1,580,solar,0.17890218493690552,0.0,0.17890218493690552,0.29378806939111507
1740,batt_tim580,1,580,battery,0.07837236099412381,0.0,0.07837236099412381,0.11745889753475318
1741,pltd_tim581,1,581,diesel,0.0028488769999999997,0.1165,-0.113651123,0.0003894483068511912
1742,plts_tim581,1,581,solar,0.0,0.0,0.0,0.0
1743,batt_tim581,1,581,battery,0.00264650000000001,0.0,0.00264650000000001,0.0013799337451904801
1744,pltd_tim582,1,582,diesel,0.0010569055999999958,0.0558,-0.054743094400000004,0.0010905944659999965
1745,plts_tim582,1,582,solar,0.15044812075546513,0.0,0.15044812075546513,0.2466630462782808
1746,batt_tim582,1,582,battery,0.06409444569404643,0.0,0.06409444569404643,0.12047132683740604
1747,pltd_tim583,1,583,diesel,0.0026533769999998458,0.1084,-0.10574662300000015,0.0015852959137709322
1748,plts_tim583,1,583,solar,0.1634838221650133,0.0,0.1634838221650133,0.26790756047660486
1749,batt_tim583,1,583,battery,0.07146761730246842,0.0,0.07146761730246842,0.10711281055276395
1750,pltd_tim584,1,584,diesel,0.0038287751490467814,0.1852,-0.18137122485095322,0.0004679591383998902
1751,plts_tim584,1,584,solar,0.0,0.0,0.0,0.0
1752,batt_tim584,1,584,battery,0.004558058925476616,0.0,0.004558058925476616,0.0021321051649748307
1753,pltd_tim585,1,585,diesel,0.016757716000000006,0.2397,-0.222942284,0.0075601342325455675
1754,plts_tim585,1,585,solar,0.02658590163442524,0.0,0.02658590163442524,0.04492205176922934
1755,batt_tim585,1,585,battery,0.08949022907516176,0.0,0.08949022907516176,0.11292859156180898
1756,pltd_tim586,1,586,diesel,0.014927276000000017,0.2135,-0.19857272399999998,0.006629074108669815
1757,plts_tim586,1,586,solar,0.06345401740278563,0.0,0.06345401740278563,0.10650918628801935
1758,batt_tim586,1,586,battery,0.09099150628306578,0.0,0.09099150628306578,0.11734410848405123
1759,pltd_tim587,1,587,diesel,0.012644006999999971,0.1808,-0.168155993,0.005735072788711461
1760,plts_tim587,1,587,solar,0.1407097648044393,0.0,0.1407097648044393,0.22964178355008277
1761,batt_tim587,1,587,battery,0.09042000000000003,0.0,0.09042000000000003,0.12396528847597929
1762,pltd_tim588,1,588,diesel,0.003439999999999964,0.1328,-0.12936000000000003,0.0010796719783928341
1763,plts_tim588,1,588,solar,0.0,0.0,0.0,0.0
1764,batt_tim588,1,588,battery,0.023950010000000042,0.0,0.023950010000000042,0.01573399791491822
1765,pltd_tim589,1,589,diesel,0.0027609999999999996,0.1066,-0.103839,0.0009752255838690519
1766,plts_tim589,1,589,solar,0.0,0.0,0.0,0.0
1767,batt_tim589,1,589,battery,0.01922757,0.0,0.01922757,0.012471694324127047
1768,pltd_tim590,1,590,diesel,0.0,0.1728,-0.1728,0.0
1769,plts_tim590,1,590,solar,0.0,0.0,0.0,0.0
1770,batt_tim590,1,590,battery,0.006807300693240902,0.0,0.006807300693240902,0.0023422074353923357
1771,pltd_tim591,1,591,diesel,0.008056338999999996,0.1152,-0.107143661,0.0036782575206267772
1772,plts_tim591,1,591,solar,0.050476512778451214,0.0,0.050476512778451214,0.08111502412553591
1773,batt_tim591,1,591,battery,0.05160549858603767,0.0,0.05160549858603767,0.06731218222219691
1774,pltd_tim592,1,592,diesel,0.0029690319999999965,0.1214,-0.118430968,0.0004350772984999993
1775,plts_tim592,1,592,solar,0.0,0.0,0.0,0.0
1776,batt_tim592,1,592,battery,0.002758499999999997,0.0,0.002758499999999997,0.0014879284897714277
1777,pltd_tim593,1,593,diesel,0.0020343419999999945,0.0832,-0.081165658,0.0012366248892523792
1778,plts_tim593,1,593,solar,0.12242422583419851,0.0,0.12242422583419851,0.20549218488046106
1779,batt_tim593,1,593,battery,0.054819464489354916,0.0,0.054819464489354916,0.08215959812889954
1780,pltd_tim594,1,594,diesel,0.008460680875216675,0.4091,-0.40063931912478334,0.0009509294692246999
1781,plts_tim594,1,594,solar,0.0,0.0,0.0,0.0
1782,batt_tim594,1,594,battery,0.010072032062391656,0.0,0.010072032062391656,0.004863707159940572
1783,pltd_tim595,1,595,diesel,0.0022109999999999977,0.0853,-0.083089,0.0007590065525833288
1784,plts_tim595,1,595,solar,0.0,0.0,0.0,0.0
1785,batt_tim595,1,595,battery,0.01539228200000002,0.0,0.01539228200000002,0.010239862652053731
1786,pltd_tim596,1,596,diesel,0.0028660000000000005,0.1106,-0.107734,0.0009651478323809503
1787,plts_tim596,1,596,solar,0.0,0.0,0.0,0.0
1788,batt_tim596,1,596,battery,0.01994832,0.0,0.01994832,0.012939239435665138
1789,pltd_tim597,1,597,diesel,0.004674206000000035,0.0669,-0.062225793999999966,0.0022830652765556017
1790,plts_tim597,1,597,solar,0.04986796417651342,0.0,0.04986796417651342,0.07851167398782498
1791,batt_tim597,1,597,battery,0.03342599999999997,0.0,0.03342599999999997,0.04608851000907308
1792,pltd_tim598,1,598,diesel,0.004738611000000004,0.0678,-0.063061389,0.002542340791961529
1793,plts_tim598,1,598,solar,0.09825880628757765,0.0,0.09825880628757765,0.15653045441537813
1794,batt_tim598,1,598,battery,0.041484856979523574,0.0,0.041484856979523574,0.06584697720323536
1795,pltd_tim599,1,599,diesel,0.005126034999999474,0.0733,-0.06817396500000053,0.002929433492410105
1796,plts_tim599,1,599,solar,0.10318978328414129,0.0,0.10318978328414129,0.16255522677174933
1797,batt_tim599,1,599,battery,0.04481563389976603,0.0,0.04481563389976603,0.07139180643304621
1798,pltd_tim600,1,600,diesel,0.0009928484451162149,0.0422,-0.04120715155488379,0.000900056736407828
1799,plts_tim600,1,600,solar,0.09602078345549528,0.0,0.09602078345549528,0.15148968555893216
1800,batt_tim600,1,600,battery,0.03363974114259112,0.0,0.03363974114259112,0.06614507844058985
1801,pltd_tim601,1,601,diesel,0.00710741799999999,0.1017,-0.09459258200000001,0.003191018694076204
1802,plts_tim601,1,601,solar,0.009671526591033161,0.0,0.009671526591033161,0.015310780972679612
1803,batt_tim601,1,601,battery,0.037876388937644855,0.0,0.037876388937644855,0.048499050414739245
1804,pltd_tim602,1,602,diesel,0.001990532000000003,0.0813,-0.079309468,0.0011567718999571511
1805,plts_tim602,1,602,solar,0.12235237264379213,0.0,0.12235237264379213,0.20249556259674292
1806,batt_tim602,1,602,battery,0.05361528872017583,0.0,0.05361528872017583,0.08032974209082759
1807,pltd_tim603,1,603,diesel,0.001898918000000381,0.0776,-0.07570108199999961,0.001079791426597719
1808,plts_tim603,1,603,solar,0.11891401582570416,0.0,0.11891401582570416,0.19329366249853944
1809,batt_tim603,1,603,battery,0.05117890933850622,0.0,0.05117890933850622,0.07667317098902264
1810,pltd_tim604,1,604,diesel,0.0007297375999999945,0.0385,-0.037770262400000004,0.0007529979859999924
1811,plts_tim604,1,604,solar,0.10471181667609954,0.0,0.10471181667609954,0.17034729205003368
1812,batt_tim604,1,604,battery,0.044262102987440516,0.0,0.044262102987440516,0.08319408798848901
1813,pltd_tim605,1,605,diesel,0.011222124000000028,0.1605,-0.14927787599999998,0.005009235914595247
1814,plts_tim605,1,605,solar,0.023113024253356575,0.0,0.023113024253356575,0.03933487721255068
1815,batt_tim605,1,605,battery,0.0629161974003216,0.0,0.0629161974003216,0.08110826004566092
1816,pltd_tim606,1,606,diesel,0.002155494000000008,0.0881,-0.08594450599999999,0.0012889276140309518
1817,plts_tim606,1,606,solar,0.1308897236176217,0.0,0.1308897236176217,0.21936731553628788
1818,batt_tim606,1,606,battery,0.05808327684473908,0.0,0.05808327684473908,0.08702373993465595
1819,pltd_tim607,1,607,diesel,0.010404009999999991,0.1488,-0.13839599,0.005009816140316051
1820,plts_tim607,1,607,solar,0.19005225302646392,0.0,0.19005225302646392,0.32431428707250454
1821,batt_tim607,1,607,battery,0.08658417394074464,0.0,0.08658417394074464,0.13093848114941853
1822,pltd_tim608,1,608,diesel,0.0008522256000000014,0.045,-0.0441477744,0.0008793902910000011
1823,plts_tim608,1,608,solar,0.12298805612001285,0.0,0.12298805612001285,0.19896536729778683
1824,batt_tim608,1,608,battery,0.05169882976025182,0.0,0.05169882976025182,0.09716952184732652
1825,pltd_tim609,1,609,diesel,0.0009402694400000091,0.0496,-0.04865973055999999,0.0009702405284000062
1826,plts_tim609,1,609,solar,0.13752177747907932,0.0,0.13752177747907932,0.21940493028979413
1827,batt_tim609,1,609,battery,0.05701032302069131,0.0,0.05701032302069131,0.10714966030112552
1828,pltd_tim610,1,610,diesel,0.005837474999999995,0.0835,-0.07766252500000001,0.0031440526542965714
1829,plts_tim610,1,610,solar,0.11991864565511295,0.0,0.11991864565511295,0.19281257348099817
1830,batt_tim610,1,610,battery,0.051101409990815784,0.0,0.051101409990815784,0.08113619163029692
1831,pltd_tim611,1,611,diesel,0.006203763000000001,0.0887,-0.082496237,0.003253459399084098
1832,plts_tim611,1,611,solar,0.1281555244524641,0.0,0.1281555244524641,0.20492901370857902
1833,batt_tim611,1,611,battery,0.054307048048730766,0.0,0.054307048048730766,0.0862530529812976
1834,pltd_tim612,1,612,diesel,0.007473705999999469,0.1069,-0.09942629400000053,0.00407675670330324
1835,plts_tim612,1,612,solar,0.14877227095052983,0.0,0.14877227095052983,0.23700055044570917
1836,batt_tim612,1,612,battery,0.06534057454745378,0.0,0.06534057454745378,0.10401349702767554
1837,pltd_tim613,1,613,diesel,0.007000744000000003,0.1001,-0.09309925599999999,0.0038827228736772
1838,plts_tim613,1,613,solar,0.14461897099601648,0.0,0.14461897099601648,0.2312551348557458
1839,batt_tim613,1,613,battery,0.06128381412755396,0.0,0.06128381412755396,0.097235298679105
1840,pltd_tim614,1,614,diesel,0.0016676736916045962,0.0727,-0.0710323263083954,0.0015093827908508268
1841,plts_tim614,1,614,solar,0.16716458076666996,0.0,0.16716458076666996,0.2677219328331175
1842,batt_tim614,1,614,battery,0.058466309461995006,0.0,0.058466309461995006,0.11624428420473347
1843,pltd_tim615,1,615,diesel,0.006224898999999992,0.089,-0.082775101,0.003262618367535212
1844,plts_tim615,1,615,solar,0.12898221004498703,0.0,0.12898221004498703,0.20858132378557467
1845,batt_tim615,1,615,battery,0.05452422031760408,0.0,0.05452422031760408,0.08656859099570324
1846,pltd_tim616,1,616,diesel,0.0037988360000000276,0.1553,-0.15150116399999997,0.0005192725986190517
1847,plts_tim616,1,616,solar,0.0,0.0,0.0,0.0
1848,batt_tim616,1,616,battery,0.00352849999999999,0.0,0.00352849999999999,0.0019032647004380951
1849,pltd_tim617,1,617,diesel,0.01068375999999989,0.1528,-0.14211624000000012,0.004870296585013066
1850,plts_tim617,1,617,solar,0.03666461084046366,0.0,0.03666461084046366,0.05963145139706796
1851,batt_tim617,1,617,battery,0.06348649969580814,0.0,0.06348649969580814,0.08164268358943083
1852,pltd_tim618,1,618,diesel,0.009370548000000006,0.134,-0.124629452,0.0044122660443809535
1853,plts_tim618,1,618,solar,0.18079417293233085,0.0,0.18079417293233085,0.2949879308223683
1854,batt_tim618,1,618,battery,0.07918800000000001,0.0,0.07918800000000001,0.12129515615619563
1855,pltd_tim619,1,619,diesel,0.003927124000000032,0.1605,-0.15657287599999997,0.0004982382689761941
1856,plts_tim619,1,619,solar,0.0,0.0,0.0,0.0
1857,batt_tim619,1,619,battery,0.003647499999999998,0.0,0.003647499999999998,0.0018908618462380928
1858,pltd_tim620,1,620,diesel,0.003549095516464429,0.1716,-0.16805090448353557,0.0004686597836027728
1859,plts_tim620,1,620,solar,0.0,0.0,0.0,0.0
1860,batt_tim620,1,620,battery,0.004224436741767784,0.0,0.004224436741767784,0.0021561113951473203
1861,pltd_tim621,1,621,diesel,0.007775589000000027,0.1112,-0.10342441099999997,0.003945202808379342
1862,plts_tim621,1,621,solar,0.13536477625366752,0.0,0.13536477625366752,0.21829011805771045
1863,batt_tim621,1,621,battery,0.06480799999999996,0.0,0.06480799999999996,0.0992747729360032
1864,pltd_tim622,1,622,diesel,0.008723513000000106,0.1248,-0.1160764869999999,0.004051872324569374
1865,plts_tim622,1,622,solar,0.04880116959064351,0.0,0.04880116959064351,0.07971951659356756
1866,batt_tim622,1,622,battery,0.05514207379556434,0.0,0.05514207379556434,0.07163715492670461
1867,pltd_tim623,1,623,diesel,0.002483000000000001,0.0958,-0.093317,0.0006021507103928558
1868,plts_tim623,1,623,solar,0.0,0.0,0.0,0.0
1869,batt_tim623,1,623,battery,0.015190858,0.0,0.015190858,0.009798465004552169
1870,pltd_tim624,1,624,diesel,0.0025620000000000087,0.0989,-0.096338,0.000545851772750007
1871,plts_tim624,1,624,solar,0.0,0.0,0.0,0.0
1872,batt_tim624,1,624,battery,0.004352205999999997,0.0,0.004352205999999997,0.0016247563835626077
1873,pltd_tim625,1,625,diesel,0.0014773800000000975,0.0604,-0.058922619999999905,0.0008835159749000407
1874,plts_tim625,1,625,solar,0.0922378574772255,0.0,0.0922378574772255,0.14919113719297047
1875,batt_tim625,1,625,battery,0.03979533999398677,0.0,0.03979533999398677,0.05965492535246426
1876,pltd_tim626,1,626,diesel,0.005321244000000003,0.0761,-0.070778756,0.0028949992790036558
1877,plts_tim626,1,626,solar,0.10923111762296141,0.0,0.10923111762296141,0.17575609057331484
1878,batt_tim626,1,626,battery,0.0465759942718271,0.0,0.0465759942718271,0.07398882178841365
1879,pltd_tim627,1,627,diesel,0.0015822659999999433,0.0647,-0.06311773400000005,0.0009545915995650028
1880,plts_tim627,1,627,solar,0.10980149005315615,0.0,0.10980149005315615,0.17577609965681015
1881,batt_tim627,1,627,battery,0.045617076047412324,0.0,0.045617076047412324,0.0745879848895032
1882,pltd_tim628,1,628,diesel,0.005039497000000004,0.0721,-0.067060503,0.002740055952409665
1883,plts_tim628,1,628,solar,0.10546394168053774,0.0,0.10546394168053774,0.16889776053889713
1884,batt_tim628,1,628,battery,0.04414767733623702,0.0,0.04414767733623702,0.06999617470729404
1885,pltd_tim629,1,629,diesel,0.0013543560166249828,0.0564,-0.05504564398337502,0.0012288850687025967
1886,plts_tim629,1,629,solar,0.12302781382547343,0.0,0.12302781382547343,0.19769493188382622
1887,batt_tim629,1,629,battery,0.044599824446679676,0.0,0.044599824446679676,0.08687745799636444
1888,pltd_tim630,1,630,diesel,0.003472457253032968,0.1679,-0.16442754274696703,0.0004926491566413982
1889,plts_tim630,1,630,solar,0.0,0.0,0.0,0.0
1890,batt_tim630,1,630,battery,0.0041334488734835195,0.0,0.0041334488734835195,0.002089045454320373
1891,pltd_tim631,1,631,diesel,0.006893070000000015,0.0986,-0.09170692999999998,0.0032407084285008617
1892,plts_tim631,1,631,solar,0.009358630787850904,0.0,0.009358630787850904,0.014553784552171932
1893,batt_tim631,1,631,battery,0.036724831179344455,0.0,0.036724831179344455,0.04715428162189284
1894,pltd_tim632,1,632,diesel,0.006719993999999993,0.0961,-0.08938000600000001,0.003076176433749266
1895,plts_tim632,1,632,solar,0.015632933019828894,0.0,0.015632933019828894,0.025521318123992828
1896,batt_tim632,1,632,battery,0.03827986559281435,0.0,0.03827986559281435,0.049642914100863376
1897,pltd_tim633,1,633,diesel,0.00458866799999999,0.0656,-0.061011332000000015,0.002422739997970415
1898,plts_tim633,1,633,solar,0.09385156533256636,0.0,0.09385156533256636,0.15156830712922242
1899,batt_tim633,1,633,battery,0.04016470948855777,0.0,0.04016470948855777,0.06380216262175806
1900,pltd_tim634,1,634,diesel,0.003403265999999773,0.0487,-0.04529673400000023,0.0018733255776761967
1901,plts_tim634,1,634,solar,0.07316109017740598,0.0,0.07316109017740598,0.11241230770194494
1902,batt_tim634,1,634,battery,0.029793723707328357,0.0,0.029793723707328357,0.04732801815851108
1903,pltd_tim635,1,635,diesel,0.0010100349999999716,0.0413,-0.04028996500000003,0.0005954225462559428
1904,plts_tim635,1,635,solar,0.06368055031284577,0.0,0.06368055031284577,0.10198739431188729
1905,batt_tim635,1,635,battery,0.027206824818697295,0.0,0.027206824818697295,0.0407796491054194
1906,pltd_tim636,1,636,diesel,0.0012055350000000006,0.0493,-0.048094464999999996,0.0007805051043833322
1907,plts_tim636,1,636,solar,0.08846827900455662,0.0,0.08846827900455662,0.13497282418506829
1908,batt_tim636,1,636,battery,0.034953000000000005,0.0,0.034953000000000005,0.05748966021637588
1909,pltd_tim637,1,637,diesel,0.002139000000000002,0.0826,-0.080461,0.0005190010375059543
1910,plts_tim637,1,637,solar,0.0,0.0,0.0,0.0
1911,batt_tim637,1,637,battery,0.003633073,0.0,0.003633073,0.0013865106862127055
1912,pltd_tim638,1,638,diesel,0.0005450917946666529,0.0336,-0.03305490820533334,0.0005298202198305596
1913,plts_tim638,1,638,solar,0.07566616628503096,0.0,0.07566616628503096,0.12399721117101453
1914,batt_tim638,1,638,battery,0.02687166103393365,0.0,0.02687166103393365,0.05239458356991342
1915,pltd_tim639,1,639,diesel,0.0014173039999999942,0.0579,-0.056482696000000006,0.0008177605679904723
1916,plts_tim639,1,639,solar,0.08751732157156034,0.0,0.08751732157156034,0.14420399734123063
1917,batt_tim639,1,639,battery,0.03818023337372201,0.0,0.03818023337372201,0.05720424003425899
1918,pltd_tim640,1,640,diesel,0.0006712144000000021,0.0354,-0.0347287856,0.0006926093590000005
1919,plts_tim640,1,640,solar,0.09576135506559307,0.0,0.09576135506559307,0.15671926462088198
1920,batt_tim640,1,640,battery,0.040723842449392214,0.0,0.040723842449392214,0.07653613500719533
1921,pltd_tim641,1,641,diesel,0.0010171709999999556,0.0416,-0.04058282900000004,0.0005954992745154592
1922,plts_tim641,1,641,solar,0.06236509607652269,0.0,0.06236509607652269,0.10274880329462573
1923,batt_tim641,1,641,battery,0.027409686101176667,0.0,0.027409686101176667,0.04107374118633577
1924,pltd_tim642,1,642,diesel,0.0,0.1516,-0.1516,0.0
1925,plts_tim642,1,642,solar,0.0,0.0,0.0,0.0
1926,batt_tim642,1,642,battery,0.07186999999999999,0.0,0.07186999999999999,0.055736415953790475
1927,pltd_tim643,1,643,diesel,0.0017716299999999963,0.0724,-0.07062837000000001,0.00027697932708333227
1928,plts_tim643,1,643,solar,0.0,0.0,0.0,0.0
1929,batt_tim643,1,643,battery,0.0016450000000000076,0.0,0.0016450000000000076,0.0008848260733333354
1930,pltd_tim644,1,644,diesel,0.0028713169999999844,0.1587,-0.15582868300000002,0.00036682783792261716
1931,plts_tim644,1,644,solar,0.0,0.0,0.0,0.0
1932,batt_tim644,1,644,battery,0.0041110000000000035,0.0,0.0041110000000000035,0.00200076629324762
1933,pltd_tim645,1,645,diesel,0.0015570000000000028,0.0601,-0.058543,0.0003626202770178586
1934,plts_tim645,1,645,solar,0.0,0.0,0.0,0.0
1935,batt_tim645,1,645,battery,0.0026432470000000013,0.0,0.0026432470000000013,0.001004767714682991
1936,pltd_tim646,1,646,diesel,0.0030515130000000057,0.1248,-0.12174848699999999,0.0005671011448452388
1937,plts_tim646,1,646,solar,0.0,0.0,0.0,0.0
1938,batt_tim646,1,646,battery,0.002836000000000005,0.0,0.002836000000000005,0.0015490404590857145
1939,pltd_tim647,1,647,diesel,0.005018360999999985,0.0718,-0.06678163900000002,0.0025555148689037415
1940,plts_tim647,1,647,solar,0.09653810118675829,0.0,0.09653810118675829,0.15800709596970686
1941,batt_tim647,1,647,battery,0.04241600000000001,0.0,0.04241600000000001,0.06486558770625923
1942,pltd_tim648,1,648,diesel,0.0035974779999999942,0.0514,-0.04780252200000001,0.0017240396707558152
1943,plts_tim648,1,648,solar,0.03440968240416303,0.0,0.03440968240416303,0.05535237858644393
1944,batt_tim648,1,648,battery,0.025162000000000007,0.0,0.025162000000000007,0.03421939305642017
1945,pltd_tim649,1,649,diesel,0.004976092000000001,0.0712,-0.066223908,0.0022510501473286602
1946,plts_tim649,1,649,solar,0.011595809866677602,0.0,0.011595809866677602,0.018896288246730595
1947,batt_tim649,1,649,battery,0.02834105114084365,0.0,0.02834105114084365,0.036732269423112265
1948,pltd_tim650,1,650,diesel,0.003704151999999926,0.053,-0.04929584800000007,0.0019823749588543283
1949,plts_tim650,1,650,solar,0.07492407420669278,0.0,0.07492407420669278,0.1223873138934824
1950,batt_tim650,1,650,battery,0.03243448791274872,0.0,0.03243448791274872,0.05147996697359909
1951,pltd_tim651,1,651,diesel,0.005945149000000004,0.085,-0.07905485100000001,0.0025417221149547876
1952,plts_tim651,1,651,solar,0.0,0.0,0.0,0.0
1953,batt_tim651,1,651,battery,0.0263286979202182,0.0,0.0263286979202182,0.030466345059921587
1954,pltd_tim652,1,652,diesel,0.002073013000000054,0.0847,-0.08262698699999994,0.000703417768083346
1955,plts_tim652,1,652,solar,0.0,0.0,0.0,0.0
1956,batt_tim652,1,652,battery,0.020906813908145527,0.0,0.020906813908145527,0.01787341330589255
1957,pltd_tim653,1,653,diesel,0.0024344749999999256,0.0995,-0.09706552500000008,0.0008021292596726003
1958,plts_tim653,1,653,solar,0.0,0.0,0.0,0.0
1959,batt_tim653,1,653,battery,0.024555671360485334,0.0,0.024555671360485334,0.02099322518630851
1960,pltd_tim654,1,654,diesel,0.0025140000000000023,0.097,-0.094486,0.0005851799735892846
1961,plts_tim654,1,654,solar,0.0,0.0,0.0,0.0
1962,batt_tim654,1,654,battery,0.015386399000000009,0.0,0.015386399000000009,0.0097968738287956
1963,pltd_tim655,1,655,diesel,0.0014468419999999066,0.0591,-0.05765315800000009,0.0008541396441935819
1964,plts_tim655,1,655,solar,0.0891734323483753,0.0,0.0891734323483753,0.14613536994357354
1965,batt_tim655,1,655,battery,0.038982698343159705,0.0,0.038982698343159705,0.05839971715144045
1966,pltd_tim656,1,656,diesel,0.0006130809600000095,0.0323,-0.03168691903999999,0.0006326229156000087
1967,plts_tim656,1,656,solar,0.08827865498353088,0.0,0.08827865498353088,0.143091187045256
1968,batt_tim656,1,656,battery,0.03718215167445548,0.0,0.03718215167445548,0.06988300728907536
1969,pltd_tim657,1,657,diesel,0.004286784999999994,0.0613,-0.057013215000000006,0.0019183498676785661
1970,plts_tim657,1,657,solar,0.007142857142857143,0.0,0.007142857142857143,0.011490351654247201
1971,batt_tim657,1,657,battery,0.022889734090675604,0.0,0.022889734090675604,0.028884976251588722
1972,pltd_tim658,1,658,diesel,0.000718095573333307,0.0379,-0.0371819044266667,0.0007409848697333069
1973,plts_tim658,1,658,solar,0.10450490316591146,0.0,0.10450490316591146,0.16762169641042854
1974,batt_tim658,1,658,battery,0.04355370906062757,0.0,0.04355370906062757,0.08186617213495294
1975,pltd_tim659,1,659,diesel,0.0012097637746822409,0.0484,-0.04719023622531776,0.0011079813818858832
1976,plts_tim659,1,659,solar,0.11332877742366507,0.0,0.11332877742366507,0.1808519329375125
1977,batt_tim659,1,659,battery,0.04064806478665513,0.0,0.04064806478665513,0.08084211914143061
1978,pltd_tim660,1,660,diesel,0.0020759999999999963,0.0801,-0.07802400000000001,0.000709620943916665
1979,plts_tim660,1,660,solar,0.0,0.0,0.0,0.0
1980,batt_tim660,1,660,battery,0.014446993999999989,0.0,0.014446993999999989,0.00949104637197289
1981,pltd_tim661,1,661,diesel,0.004179110999999999,0.0598,-0.055620889,0.0022711934504545325
1982,plts_tim661,1,661,solar,0.08481023480450835,0.0,0.08481023480450835,0.13803781664969625
1983,batt_tim661,1,661,battery,0.036582578761755455,0.0,0.036582578761755455,0.058069599759925115
1984,pltd_tim662,1,662,diesel,0.0064835130000000935,0.0927,-0.08621648699999991,0.0033199807180039364
1985,plts_tim662,1,662,solar,0.12867700043569555,0.0,0.12867700043569555,0.21010264821839936
1986,batt_tim662,1,662,battery,0.05596143393916109,0.0,0.05596143393916109,0.08769407927191541
1987,pltd_tim663,1,663,diesel,0.003984899,0.057,-0.053015101,0.002108939265841155
1988,plts_tim663,1,663,solar,0.08222699728067069,0.0,0.08222699728067069,0.13352418619372106
1989,batt_tim663,1,663,battery,0.03490322772427565,0.0,0.03490322772427565,0.05530794513695541
1990,pltd_tim664,1,664,diesel,0.001325690000000282,0.0542,-0.052874309999999716,0.0007743438986525023
1991,plts_tim664,1,664,solar,0.08270283297348252,0.0,0.08270283297348252,0.13500323616616663
1992,batt_tim664,1,664,battery,0.035744616066603396,0.0,0.035744616066603396,0.053552547411851954
1993,pltd_tim665,1,665,diesel,0.006893070000000223,0.0986,-0.09170692999999977,0.0033891889013271726
1994,plts_tim665,1,665,solar,0.1361588265381285,0.0,0.1361588265381285,0.22334268475875735
1995,batt_tim665,1,665,battery,0.059493367436085354,0.0,0.059493367436085354,0.09334504022876178
1996,pltd_tim666,1,666,diesel,0.007516975000000002,0.1075,-0.099983025,0.0033992310698142828
1997,plts_tim666,1,666,solar,0.0752398759560351,0.0,0.0752398759560351,0.12425432884852476
1998,batt_tim666,1,666,battery,0.052586,0.0,0.052586,0.0712583514201967
1999,pltd_tim667,1,667,diesel,0.0015150540000002308,0.0619,-0.060384945999999766,0.0008698852599358114
2000,plts_tim667,1,667,solar,0.09434455264787102,0.0,0.09434455264787102,0.1541757923569923
2001,batt_tim667,1,667,battery,0.0408205516810092,0.0,0.0408205516810092,0.06115930833563048
2002,pltd_tim668,1,668,diesel,0.009541626999999997,0.1365,-0.126958373,0.004444560360986921
2003,plts_tim668,1,668,solar,0.024338988326865423,0.0,0.024338988326865423,0.03936114578664263
2004,batt_tim668,1,668,battery,0.05530855001574804,0.0,0.05530855001574804,0.07217671687280264
2005,pltd_tim669,1,669,diesel,0.004695342000000005,0.0672,-0.06250465799999999,0.0020368425999052362
2006,plts_tim669,1,669,solar,0.0,0.0,0.0,0.0
2007,batt_tim669,1,669,battery,0.020796274122059318,0.0,0.020796274122059318,0.024063595362384935
2008,pltd_tim670,1,670,diesel,0.006333569999999997,0.0906,-0.08426643,0.0033077803553259295
2009,plts_tim670,1,670,solar,0.12939805217582945,0.0,0.12939805217582945,0.20918767320556783
2010,batt_tim670,1,670,battery,0.05543813400060606,0.0,0.05543813400060606,0.08810195643914309
2011,pltd_tim671,1,671,diesel,0.006806532000000004,0.0974,-0.090593468,0.0038125615841199368
2012,plts_tim671,1,671,solar,0.13810114648241256,0.0,0.13810114648241256,0.22483501912610593
2013,batt_tim671,1,671,battery,0.05958821515464839,0.0,0.05958821515464839,0.09457181227948397
2014,pltd_tim672,1,672,diesel,0.009327278999999869,0.1334,-0.12407272100000012,0.004324581819372515
2015,plts_tim672,1,672,solar,0.03218986666358471,0.0,0.03218986666358471,0.05205997927288243
2016,batt_tim672,1,672,battery,0.055422954238757496,0.0,0.055422954238757496,0.07120034088200244
2017,pltd_tim673,1,673,diesel,0.006095091999999996,0.0872,-0.081104908,0.0032956325838694334
2018,plts_tim673,1,673,solar,0.12332962955689249,0.0,0.12332962955689249,0.20137150917382815
2019,batt_tim673,1,673,battery,0.05336498368047146,0.0,0.05336498368047146,0.0848358521163421
2020,pltd_tim674,1,674,diesel,0.005104898999999843,0.073,-0.06789510100000015,0.0025992668635757415
2021,plts_tim674,1,674,solar,0.09998831371082438,0.0,0.09998831371082438,0.16542421578832486
2022,batt_tim674,1,674,battery,0.04406321773250832,0.0,0.04406321773250832,0.06915565797941264
2023,pltd_tim675,1,675,diesel,0.0007824808533333449,0.0413,-0.04051751914666666,0.0008074224305333438
2024,plts_tim675,1,675,solar,0.11105893759388112,0.0,0.11105893759388112,0.1826109130931703
2025,batt_tim675,1,675,battery,0.04745216468933425,0.0,0.04745216468933425,0.08918233807245728
2026,pltd_tim676,1,676,diesel,0.011889297999999993,0.1701,-0.158210702,0.005702674065178575
2027,plts_tim676,1,676,solar,0.0,0.0,0.0,0.0
2028,batt_tim676,1,676,battery,0.054108999999999935,0.0,0.054108999999999935,0.06369764165476176
2029,pltd_tim677,1,677,diesel,0.00407163264991342,0.1969,-0.19282836735008657,0.0006976894547806224
2030,plts_tim677,1,677,solar,0.0,0.0,0.0,0.0
2031,batt_tim677,1,677,battery,0.004846187175043287,0.0,0.004846187175043287,0.0022983803298258576
2032,pltd_tim678,1,678,diesel,0.005858611000000007,0.0838,-0.077941389,0.002643712175515942
2033,plts_tim678,1,678,solar,0.058719268369692,0.0,0.058719268369692,0.09684290015688542
2034,batt_tim678,1,678,battery,0.04098399999999999,0.0,0.04098399999999999,0.055553118000506614
2035,pltd_tim679,1,679,diesel,0.006051823000000012,0.0866,-0.08054817699999998,0.0031912333557901234
2036,plts_tim679,1,679,solar,0.11840169884380257,0.0,0.11840169884380257,0.19612134357591746
2037,batt_tim679,1,679,battery,0.05224307051033422,0.0,0.05224307051033422,0.08192638057032035
2038,pltd_tim680,1,680,diesel,0.0013566450395423825,0.0591,-0.05774335496045762,0.0012278760001269962
2039,plts_tim680,1,680,solar,0.13207897545018232,0.0,0.13207897545018232,0.21781711781084007
2040,batt_tim680,1,680,battery,0.04756692910304989,0.0,0.04756692910304989,0.0945757585042137
2041,pltd_tim681,1,681,diesel,0.006656589000000018,0.0952,-0.08854341099999999,0.0029931910191352126
2042,plts_tim681,1,681,solar,0.06643951052209124,0.0,0.06643951052209124,0.11000476128506337
2043,batt_tim681,1,681,battery,0.04655799999999998,0.0,0.04655799999999998,0.06314898176112677
2044,pltd_tim682,1,682,diesel,0.0035646650000000224,0.1457,-0.14213533499999997,0.00045226078857143174
2045,plts_tim682,1,682,solar,0.0,0.0,0.0,0.0
2046,batt_tim682,1,682,battery,0.003311499999999995,0.0,0.003311499999999995,0.001739225692776194
2047,pltd_tim683,1,683,diesel,0.002291000000000005,0.0884,-0.086109,0.0007039570792261945
2048,plts_tim683,1,683,solar,0.0,0.0,0.0,0.0
2049,batt_tim683,1,683,battery,0.015947630000000015,0.0,0.015947630000000015,0.010344429929467255
2050,pltd_tim684,1,684,diesel,0.0018829999999999954,0.0727,-0.070817,0.0004382802710833307
2051,plts_tim684,1,684,solar,0.0,0.0,0.0,0.0
2052,batt_tim684,1,684,battery,0.003199766000000007,0.0,0.003199766000000007,0.0012429305440572027
2053,pltd_tim685,1,685,diesel,0.006591186999999998,0.0943,-0.087708813,0.00288786709525595
2054,plts_tim685,1,685,solar,0.001449801613610634,0.0,0.001449801613610634,0.0023661117535520894
2055,batt_tim685,1,685,battery,0.029995,0.0,0.029995,0.03491607750638255
2056,pltd_tim686,1,686,diesel,0.003877228000000156,0.0555,-0.051622771999999845,0.002088101993548091
2057,plts_tim686,1,686,solar,0.07765136837830498,0.0,0.07765136837830498,0.1280667134263404
2058,batt_tim686,1,686,battery,0.03394171400725998,0.0,0.03394171400725998,0.053901347297689445
2059,pltd_tim687,1,687,diesel,0.004006035000000005,0.0573,-0.05329396499999999,0.0018359096870297637
2060,plts_tim687,1,687,solar,0.0,0.0,0.0,0.0
2061,batt_tim687,1,687,battery,0.018233,0.0,0.018233,0.02143766143490478
2062,pltd_tim688,1,688,diesel,0.0022188640000000218,0.0317,-0.029481135999999977,0.0012250498114715668
2063,plts_tim688,1,688,solar,0.04514133478463145,0.0,0.04514133478463145,0.07329115516698406
2064,batt_tim688,1,688,battery,0.019422387927598928,0.0,0.019422387927598928,0.030874677394769803
2065,pltd_tim689,1,689,diesel,0.004092572999999995,0.0585,-0.05440742700000001,0.0018481183493925812
2066,plts_tim689,1,689,solar,0.009767943957103226,0.0,0.009767943957103226,0.015541497243744188
2067,batt_tim689,1,689,battery,0.023311121137950617,0.0,0.023311121137950617,0.030231548244910686
2068,pltd_tim690,1,690,diesel,0.0030581140000001464,0.0437,-0.040641885999999856,0.0017384626182228044
2069,plts_tim690,1,690,solar,0.060896647841004306,0.0,0.060896647841004306,0.09698872084179122
2070,batt_tim690,1,690,battery,0.02673905343513646,0.0,0.02673905343513646,0.042589749705748595
2071,pltd_tim691,1,691,diesel,0.003877227999999993,0.0555,-0.05162277200000001,0.0015959067681023643
2072,plts_tim691,1,691,solar,0.0,0.0,0.0,0.0
2073,batt_tim691,1,691,battery,0.017170604159563594,0.0,0.017170604159563594,0.019868273463490183
2074,pltd_tim692,1,692,diesel,0.0028560129999999906,0.1168,-0.11394398700000001,0.00033429450948214154
2075,plts_tim692,1,692,solar,0.0,0.0,0.0,0.0
2076,batt_tim692,1,692,battery,0.002653500000000003,0.0,0.002653500000000003,0.001401649788528574
2077,pltd_tim693,1,693,diesel,0.004436728000000001,0.0635,-0.059063272,0.0019249653515218978
2078,plts_tim693,1,693,solar,0.0,0.0,0.0,0.0
2079,batt_tim693,1,693,battery,0.019651330037504258,0.0,0.019651330037504258,0.022739260101105233
2080,pltd_tim694,1,694,diesel,0.003618610999999994,0.0518,-0.048181389000000005,0.0016291295045034807
2081,plts_tim694,1,694,solar,0.02458413498719639,0.0,0.02458413498719639,0.03954672789618381
2082,batt_tim694,1,694,battery,0.023526000000000002,0.0,0.023526000000000002,0.030819017454547622
2083,pltd_tim695,1,695,diesel,0.004329053999999985,0.0619,-0.05757094600000001,0.0022588846453412722
2084,plts_tim695,1,695,solar,0.0899610213964365,0.0,0.0899610213964365,0.1430260592044881
2085,batt_tim695,1,695,battery,0.03790237765429172,0.0,0.03790237765429172,0.06013027967854442
2086,pltd_tim696,1,696,diesel,0.009541626999999997,0.1365,-0.126958373,0.0038745696915833353
2087,plts_tim696,1,696,solar,0.0,0.0,0.0,0.0
2088,batt_tim696,1,696,battery,0.041191000000000005,0.0,0.041191000000000005,0.04680212116666664
2089,pltd_tim697,1,697,diesel,0.006806531999999907,0.0974,-0.0905934680000001,0.0033280141074353547
2090,plts_tim697,1,697,solar,0.055786413026595434,0.0,0.055786413026595434,0.08822668638607149
2091,batt_tim697,1,697,battery,0.04578398891124049,0.0,0.04578398891124049,0.06094640849930042
2092,pltd_tim698,1,698,diesel,0.006870937000000028,0.0983,-0.09142906299999998,0.003411276820878132
2093,plts_tim698,1,698,solar,0.12538273545481413,0.0,0.12538273545481413,0.2006232850256867
2094,batt_tim698,1,698,battery,0.05807199999999998,0.0,0.05807199999999998,0.0895400852548703
2095,pltd_tim699,1,699,diesel,0.0007824808533333471,0.0413,-0.04051751914666665,0.000807422430533348
2096,plts_tim699,1,699,solar,0.11441770781177146,0.0,0.11441770781177146,0.18261123154019315
2097,batt_tim699,1,699,battery,0.047447833540968765,0.0,0.047447833540968765,0.0891840928482388
2098,pltd_tim700,1,700,diesel,0.003974999999999992,0.1534,-0.14942500000000003,0.0012480130706726165
2099,plts_tim700,1,700,solar,0.0,0.0,0.0,0.0
2100,batt_tim700,1,700,battery,0.02767302900000003,0.0,0.02767302900000003,0.017967001941142806
2101,pltd_tim701,1,701,diesel,0.004374000000000017,0.1688,-0.164426,0.0008890602447619055
2102,plts_tim701,1,701,solar,0.0,0.0,0.0,0.0
2103,batt_tim701,1,701,battery,0.00742975999999999,0.0,0.00742975999999999,0.0028354623306483784
2104,pltd_tim702,1,702,diesel,0.005924013000000006,0.0847,-0.07877598699999999,0.003095249135582666
2105,plts_tim702,1,702,solar,0.11305856832971801,0.0,0.11305856832971801,0.18651577275488085
2106,batt_tim702,1,702,battery,0.050061999999999995,0.0,0.050061999999999995,0.07654261190589848
2107,pltd_tim703,1,703,diesel,0.00549184968977473,0.2656,-0.2601081503102253,0.0006712011730992884
2108,plts_tim703,1,703,solar,0.0,0.0,0.0,0.0
2109,batt_tim703,1,703,battery,0.006537586655112643,0.0,0.006537586655112643,0.0033486074853666353
2110,pltd_tim704,1,704,diesel,0.0006712144000000069,0.0354,-0.03472878559999999,0.0006926093590000071
2111,plts_tim704,1,704,solar,0.09843443273111628,0.0,0.09843443273111628,0.15672031125111718
2112,batt_tim704,1,704,battery,0.040726068649211765,0.0,0.040726068649211765,0.07654190237588944
2113,pltd_tim705,1,705,diesel,0.0007900523333333326,0.0613,-0.06050994766666667,0.0008229993967103149
2114,plts_tim705,1,705,solar,0.12887726812215644,0.0,0.12887726812215644,0.20872208413045987
2115,batt_tim705,1,705,battery,0.04773881239583604,0.0,0.04773881239583604,0.08832584817100382
2116,pltd_tim706,1,706,diesel,0.01204123800000001,0.1722,-0.16015876199999998,0.005461587341912295
2117,plts_tim706,1,706,solar,0.13090338111617475,0.0,0.13090338111617475,0.21867828706276532
2118,batt_tim706,1,706,battery,0.086106,0.0,0.086106,0.1180504906952312
2119,pltd_tim707,1,707,diesel,0.0022084369999999937,0.0903,-0.08809156300000001,0.0012554580152833253
2120,plts_tim707,1,707,solar,0.13601862917438984,0.0,0.13601862917438984,0.22301838870171156
2121,batt_tim707,1,707,battery,0.05948931170486793,0.0,0.05948931170486793,0.08916237604821459
2122,pltd_tim708,1,708,diesel,0.0025540000000000007,0.0986,-0.09604599999999999,0.0005942217297023806
2123,plts_tim708,1,708,solar,0.0,0.0,0.0,0.0
2124,batt_tim708,1,708,battery,0.004339070000000014,0.0,0.004339070000000014,0.001619852479690767
2125,pltd_tim709,1,709,diesel,0.003478428608318873,0.1682,-0.16472157139168112,0.0005618671344465598
2126,plts_tim709,1,709,solar,0.0,0.0,0.0,0.0
2127,batt_tim709,1,709,battery,0.0041410311958405555,0.0,0.0041410311958405555,0.0019383123093484336
2128,pltd_tim710,1,710,diesel,0.0,0.3392,-0.3392,0.0
2129,plts_tim710,1,710,solar,0.0,0.0,0.0,0.0
2130,batt_tim710,1,710,battery,0.01092863894139895,0.0,0.01092863894139895,0.003798039146380972
2131,pltd_tim711,1,711,diesel,0.002773531999999551,0.1134,-0.11062646800000045,0.0016427688844664811
2132,plts_tim711,1,711,solar,0.16502032648798998,0.0,0.16502032648798998,0.2822732091894604
2133,batt_tim711,1,711,battery,0.07473784841114021,0.0,0.07473784841114021,0.1119719119494253
2134,pltd_tim712,1,712,diesel,0.0042178576325822,0.2039,-0.1996821423674178,0.0005983907157284585
2135,plts_tim712,1,712,solar,0.0,0.0,0.0,0.0
2136,batt_tim712,1,712,battery,0.005021122183708898,0.0,0.005021122183708898,0.00239805491117336
2137,pltd_tim713,1,713,diesel,0.004360254000000008,0.2409,-0.236539746,0.0005570484023928582
2138,plts_tim713,1,713,solar,0.0,0.0,0.0,0.0
2139,batt_tim713,1,713,battery,0.0062419999999999976,0.0,0.0062419999999999976,0.003033213568904765
2140,pltd_tim714,1,714,diesel,0.0,0.3731,-0.3731,0.0
2141,plts_tim714,1,714,solar,0.0,0.0,0.0,0.0
2142,batt_tim714,1,714,battery,0.009460030329289434,0.0,0.009460030329289434,0.004828631656242269
2143,pltd_tim715,1,715,diesel,0.0,0.5419,-0.5419,0.0
2144,plts_tim715,1,715,solar,0.0,0.0,0.0,0.0
2145,batt_tim715,1,715,battery,0.025370999999999977,0.0,0.025370999999999977,0.01273894775674286
2146,pltd_tim716,1,716,diesel,0.0,0.4285,-0.4285,0.0
2147,plts_tim716,1,716,solar,0.0,0.0,0.0,0.0
2148,batt_tim716,1,716,battery,0.010561125965537725,0.0,0.010561125965537725,0.004958085670920895
2149,pltd_tim717,1,717,diesel,0.004747446310225278,0.2295,-0.22475255368977473,0.000533572892340109
2150,plts_tim717,1,717,solar,0.0,0.0,0.0,0.0
2151,batt_tim717,1,717,battery,0.005649913344887347,0.0,0.005649913344887347,0.0026531104685978356
2152,pltd_tim718,1,718,diesel,0.0,0.4402,-0.4402,0.0
2153,plts_tim718,1,718,solar,0.0,0.0,0.0,0.0
2154,batt_tim718,1,718,battery,0.020611000000000046,0.0,0.020611000000000046,0.010935738875412878
2155,pltd_tim719,1,719,diesel,0.0,0.5758,-0.5758,0.0
2156,plts_tim719,1,719,solar,0.0,0.0,0.0,0.0
2157,batt_tim719,1,719,battery,0.27301100000000006,0.0,0.27301100000000006,0.23526158490933344
2158,pltd_tim720,1,720,diesel,0.0,0.4341,-0.4341,0.0
2159,plts_tim720,1,720,solar,0.0,0.0,0.0,0.0
2160,batt_tim720,1,720,battery,0.011006282495667248,0.0,0.011006282495667248,0.005498325003435253
2161,pltd_tim721,1,721,diesel,0.005035999999999987,0.1944,-0.189364,0.0010730687895654733
2162,plts_tim721,1,721,solar,0.0,0.0,0.0,0.0
2163,batt_tim721,1,721,battery,0.008554930999999986,0.0,0.008554930999999986,0.003264867854654259
2164,pltd_tim722,1,722,diesel,0.008681240999999992,0.1242,-0.11551875900000001,0.0038667698638371827
2165,plts_tim722,1,722,solar,0.024188563232210355,0.0,0.024188563232210355,0.035049554669076464
2166,batt_tim722,1,722,battery,0.050306323519231956,0.0,0.050306323519231956,0.06579826023425012
2167,pltd_tim723,1,723,diesel,0.0038720000000000143,0.1494,-0.145528,0.0009013301852559546
2168,plts_tim723,1,723,solar,0.0,0.0,0.0,0.0
2169,batt_tim723,1,723,battery,0.0065752789999999894,0.0,0.0065752789999999894,0.0023999768349999948
2170,pltd_tim724,1,724,diesel,0.006677725000000009,0.0955,-0.08882227499999999,0.0029962272754392883
2171,plts_tim724,1,724,solar,0.0,0.0,0.0,0.0
2172,batt_tim724,1,724,battery,0.030386999999999963,0.0,0.030386999999999963,0.035732472906257105
2173,pltd_tim725,1,725,diesel,0.006138360999999981,0.0878,-0.08166163900000002,0.00259074423933928
2174,plts_tim725,1,725,solar,0.0,0.0,0.0,0.0
2175,batt_tim725,1,725,battery,0.02650000000000001,0.0,0.02650000000000001,0.03011019683333337
2176,pltd_tim726,1,726,diesel,0.0007586889599999874,0.04,-0.03924131104000001,0.0007828721705999883
2177,plts_tim726,1,726,solar,0.11933727394558007,0.0,0.11933727394558007,0.17716136663589427
2178,batt_tim726,1,726,battery,0.04603680122600102,0.0,0.04603680122600102,0.0865251634467217
2179,pltd_tim727,1,727,diesel,0.005104899000000329,0.073,-0.06789510099999967,0.002630527802551774
2180,plts_tim727,1,727,solar,0.10870933554070923,0.0,0.10870933554070923,0.1618740709242352
2181,batt_tim727,1,727,battery,0.044627554234214446,0.0,0.044627554234214446,0.07101184342638428
2182,pltd_tim728,1,728,diesel,0.0040704400000000016,0.0582,-0.05412956,0.0018469354588533174
2183,plts_tim728,1,728,solar,0.009610981882751802,0.0,0.009610981882751802,0.015460494564087273
2184,batt_tim728,1,728,battery,0.023188717328557706,0.0,0.023188717328557706,0.030053900261239577
2185,pltd_tim729,1,729,diesel,0.009628165000000008,0.1377,-0.12807183499999997,0.004312685141225932
2186,plts_tim729,1,729,solar,0.01272122510703077,0.0,0.01272122510703077,0.018235888912153705
2187,batt_tim729,1,729,battery,0.05127606304002286,0.0,0.05127606304002286,0.06653678328956941
2188,pltd_tim730,1,730,diesel,0.00437232299999981,0.0625,-0.05812767700000019,0.00239694659973969
2189,plts_tim730,1,730,solar,0.09402752399616748,0.0,0.09402752399616748,0.1386495548801226
2190,batt_tim730,1,730,battery,0.03822511563020189,0.0,0.03822511563020189,0.06084912298850743
2191,pltd_tim731,1,731,diesel,0.0046539999999999915,0.1796,-0.17494600000000002,0.0009539053956683674
2192,plts_tim731,1,731,solar,0.0,0.0,0.0,0.0
2193,batt_tim731,1,731,battery,0.007904468999999997,0.0,0.007904468999999997,0.0030046965920750273
2194,pltd_tim732,1,732,diesel,0.0006628449999999952,0.0271,-0.026437155000000004,0.00041875501326904557
2195,plts_tim732,1,732,solar,0.04164035437444504,0.0,0.04164035437444504,0.06698383997665479
2196,batt_tim732,1,732,battery,0.017867418595833073,0.0,0.017867418595833073,0.026772765495464826
2197,pltd_tim733,1,733,diesel,0.016331592,0.0792,-0.06286840800000001,0.011970446539486318
2198,plts_tim733,1,733,solar,0.09583348127108113,0.0,0.09583348127108113,0.1443417540697678
2199,batt_tim733,1,733,battery,0.035989,0.0,0.035989,0.06462309453265777
2200,pltd_tim734,1,734,diesel,0.0018359999999999887,0.0709,-0.06906400000000001,0.0006512774498333234
2201,plts_tim734,1,734,solar,0.0,0.0,0.0,0.0
2202,batt_tim734,1,734,battery,0.012780956000000033,0.0,0.012780956000000033,0.008290055420842612
2203,pltd_tim735,1,735,diesel,0.0026762118422877096,0.1294,-0.1267237881577123,0.00043231414779780784
2204,plts_tim735,1,735,solar,0.0,0.0,0.0,0.0
2205,batt_tim735,1,735,battery,0.0031856585788561376,0.0,0.0031856585788561376,0.0017458183885656444
2206,pltd_tim736,1,736,diesel,0.0037082219999999833,0.1516,-0.14789177800000003,0.0004704973021666644
2207,plts_tim736,1,736,solar,0.0,0.0,0.0,0.0
2208,batt_tim736,1,736,battery,0.003444500000000017,0.0,0.003444500000000017,0.0017283247858095245
2209,pltd_tim737,1,737,diesel,0.0038560919999999985,0.0551,-0.051243908000000005,0.0018019295906190119
2210,plts_tim737,1,737,solar,0.009886662412106098,0.0,0.009886662412106098,0.015903961982661415
2211,batt_tim737,1,737,battery,0.02234785240106515,0.0,0.02234785240106515,0.029124825491452486
2212,pltd_tim738,1,738,diesel,0.003899361000000004,0.0558,-0.051900639,0.001783744226836671
2213,plts_tim738,1,738,solar,0.010220974831308516,0.0,0.010220974831308516,0.016081364949361035
2214,batt_tim738,1,738,battery,0.022597217794351504,0.0,0.022597217794351504,0.029450492737588187
2215,pltd_tim739,1,739,diesel,0.0038772279999999895,0.0555,-0.05162277200000001,0.0017228567223222483
2216,plts_tim739,1,739,solar,0.022763700131521254,0.0,0.022763700131521254,0.035431004961858824
2217,batt_tim739,1,739,battery,0.024507558120733564,0.0,0.024507558120733564,0.03183845793739054
2218,pltd_tim740,1,740,diesel,0.007409301000000007,0.106,-0.09859069899999999,0.0032409533374611354
2219,plts_tim740,1,740,solar,0.0,0.0,0.0,0.0
2220,batt_tim740,1,740,battery,0.032816195363109445,0.0,0.032816195363109445,0.03797228224971582
2221,pltd_tim741,1,741,diesel,0.008228415000000003,0.1177,-0.109471585,0.0036129262567559505
2222,plts_tim741,1,741,solar,0.0,0.0,0.0,0.0
2223,batt_tim741,1,741,battery,0.03744500000000002,0.0,0.03744500000000002,0.044099785845238146
2224,pltd_tim742,1,742,diesel,0.0007824808533333355,0.0413,-0.04051751914666667,0.0008074224305333375
2225,plts_tim742,1,742,solar,0.11526149995507833,0.0,0.11526149995507833,0.1826113298550977
2226,batt_tim742,1,742,battery,0.04744738012322218,0.0,0.04744738012322218,0.08918463460432847
2227,pltd_tim743,1,743,diesel,0.0030158420000000255,0.0431,-0.040084157999999974,0.0016612181526030555
2228,plts_tim743,1,743,solar,0.06424124141411772,0.0,0.06424124141411772,0.09961436405335276
2229,batt_tim743,1,743,battery,0.026400080582972607,0.0,0.026400080582972607,0.041854188770112426
2230,pltd_tim744,1,744,diesel,0.0052558419999999065,0.0752,-0.06994415800000009,0.0024219318164701753
2231,plts_tim744,1,744,solar,0.020818109872074712,0.0,0.020818109872074712,0.0323024514101695
2232,batt_tim744,1,744,battery,0.031761918320589715,0.0,0.031761918320589715,0.040927951232564264
2233,pltd_tim745,1,745,diesel,0.004027170999999996,0.0576,-0.053572829,0.00219615313976684
2234,plts_tim745,1,745,solar,0.08456216696581793,0.0,0.08456216696581793,0.1349549608770901
2235,batt_tim745,1,745,battery,0.035280078730948364,0.0,0.035280078730948364,0.05594982379659141
2236,pltd_tim746,1,746,diesel,0.0032311900000000053,0.0462,-0.042968809999999996,0.001641779410588637
2237,plts_tim746,1,746,solar,0.058643287178787085,0.0,0.058643287178787085,0.09433523376783787
2238,batt_tim746,1,746,battery,0.027305999999999997,0.0,0.027305999999999997,0.04210724819636811
2239,pltd_tim747,1,747,diesel,0.005238049478336199,0.2532,-0.24796195052166378,0.0005887828427507693
2240,plts_tim747,1,747,solar,0.0,0.0,0.0,0.0
2241,batt_tim747,1,747,battery,0.006234293760831899,0.0,0.006234293760831899,0.0029161908928261966
2242,pltd_tim748,1,748,diesel,0.003048999999999996,0.1177,-0.114651,0.0010012183175892879
2243,plts_tim748,1,748,solar,0.0,0.0,0.0,0.0
2244,batt_tim748,1,748,battery,0.021227415000000013,0.0,0.021227415000000013,0.013605526475000013
2245,pltd_tim749,1,749,diesel,0.0053212440000005926,0.0761,-0.07077875599999942,0.002901370252878191
2246,plts_tim749,1,749,solar,0.10563380980640244,0.0,0.10563380980640244,0.16870712383894687
2247,batt_tim749,1,749,battery,0.046510289808784,0.0,0.046510289808784,0.07408692422728784
2248,pltd_tim750,1,750,diesel,0.005321244000000051,0.0761,-0.07077875599999994,0.002813522078634694
2249,plts_tim750,1,750,solar,0.10473814230743012,0.0,0.10473814230743012,0.16425271137471395
2250,batt_tim750,1,750,battery,0.04584612141459576,0.0,0.04584612141459576,0.07207086970226749
2251,pltd_tim751,1,751,diesel,0.0025418829999999046,0.0364,-0.0338581170000001,0.0013531499679784286
2252,plts_tim751,1,751,solar,0.05232398777181234,0.0,0.05232398777181234,0.08395975099049119
2253,batt_tim751,1,751,battery,0.022250499761571896,0.0,0.022250499761571896,0.0353184114115175
2254,pltd_tim752,1,752,diesel,0.005686532000000001,0.0813,-0.07561346799999999,0.0026408843345518624
2255,plts_tim752,1,752,solar,0.05983794973986,0.0,0.05983794973986,0.09266418131687605
2256,batt_tim752,1,752,battery,0.040666,0.0,0.040666,0.05612180891742386
2257,pltd_tim753,1,753,diesel,0.0004396420998095179,0.0305,-0.03006035790019048,0.00044535039217278487
2258,plts_tim753,1,753,solar,0.0830013213872211,0.0,0.0830013213872211,0.13417081547636578
2259,batt_tim753,1,753,battery,0.034893430521333,0.0,0.034893430521333,0.06485308922083488
2260,pltd_tim754,1,754,diesel,0.004911686999999991,0.0702,-0.06528831300000001,0.0021527071387347965
2261,plts_tim754,1,754,solar,0.006373818953697945,0.0,0.006373818953697945,0.01016818843283859
2262,batt_tim754,1,754,battery,0.026103763104762437,0.0,0.026103763104762437,0.03350153767524345
2263,pltd_tim755,1,755,diesel,0.007193956000000001,0.1029,-0.095706044,0.0030099225045476198
2264,plts_tim755,1,755,solar,0.0,0.0,0.0,0.0
2265,batt_tim755,1,755,battery,0.030869,0.0,0.030869,0.03494580750000002
2266,pltd_tim756,1,756,diesel,0.00268199999999999,0.1035,-0.100818,0.0009557166031249941
2267,plts_tim756,1,756,solar,0.0,0.0,0.0,0.0
2268,batt_tim756,1,756,battery,0.018670225000000013,0.0,0.018670225000000013,0.012265602131802143
2269,pltd_tim757,1,757,diesel,0.009951184000000002,0.1423,-0.132348816,0.004898288309916029
2270,plts_tim757,1,757,solar,0.19025835475353464,0.0,0.19025835475353464,0.30721463649186875
2271,batt_tim757,1,757,battery,0.08575216956141252,0.0,0.08575216956141252,0.13500104054541454
2272,pltd_tim758,1,758,diesel,0.0014012546133333637,0.0739,-0.07249874538666663,0.0014459196041333618
2273,plts_tim758,1,758,solar,0.20578998920449465,0.0,0.20578998920449465,0.3270664642751608
2274,batt_tim758,1,758,battery,0.08498441354428779,0.0,0.08498441354428779,0.1597395956911962
2275,pltd_tim759,1,759,diesel,0.0010334470399999919,0.0545,-0.05346655296000001,0.0010663881643999916
2276,plts_tim759,1,759,solar,0.15290759905273738,0.0,0.15290759905273738,0.24121090120527963
2277,batt_tim759,1,759,battery,0.06268395079770492,0.0,0.06268395079770492,0.11780749889385997
2278,pltd_tim760,1,760,diesel,0.007830845999999947,0.3201,-0.31226915400000005,0.0009935447943571355
2279,plts_tim760,1,760,solar,0.0,0.0,0.0,0.0
2280,batt_tim760,1,760,battery,0.007274500000000017,0.0,0.007274500000000017,0.0038206242796619137
2281,pltd_tim761,1,761,diesel,0.009240740999999886,0.1322,-0.12295925900000013,0.0044593139814741245
2282,plts_tim761,1,761,solar,0.03442217847769019,0.0,0.03442217847769019,0.054396249927493215
2283,batt_tim761,1,761,battery,0.05561433832021005,0.0,0.05561433832021005,0.07164197469448626
2284,pltd_tim762,1,762,diesel,0.005405784999999996,0.0773,-0.071894215,0.002836409018146794
2285,plts_tim762,1,762,solar,0.11241550255708542,0.0,0.11241550255708542,0.1786026028286258
2286,batt_tim762,1,762,battery,0.04733223819474215,0.0,0.04733223819474215,0.07523821548514834
2287,pltd_tim763,1,763,diesel,0.00809860800000023,0.1158,-0.10770139199999977,0.004516463315300137
2288,plts_tim763,1,763,solar,0.16249037917565753,0.0,0.16249037917565753,0.2568197815658474
2289,batt_tim763,1,763,battery,0.07080275423922028,0.0,0.07080275423922028,0.11249390013135785
2290,pltd_tim764,1,764,diesel,0.007237225000000007,0.1035,-0.096262775,0.003792820511230858
2291,plts_tim764,1,764,solar,0.13348768828262442,0.0,0.13348768828262442,0.21130680568921334
2292,batt_tim764,1,764,battery,0.061166000000000005,0.0,0.061166000000000005,0.09424619459426994
2293,pltd_tim765,1,765,diesel,0.002453348596187177,0.1186,-0.11614665140381282,0.0003239731929347204
2294,plts_tim765,1,765,solar,0.0,0.0,0.0,0.0
2295,batt_tim765,1,765,battery,0.0029197357019064146,0.0,0.0029197357019064146,0.0015559213716885391
2296,pltd_tim766,1,766,diesel,0.001700000000000007,0.0656,-0.0639,0.0006030402578333373
2297,plts_tim766,1,766,solar,0.0,0.0,0.0,0.0
2298,batt_tim766,1,766,battery,0.01183666799999998,0.0,0.01183666799999998,0.007775969627163687
2299,pltd_tim767,1,767,diesel,0.0,0.1001,-0.1001,0.0
2300,plts_tim767,1,767,solar,0.0,0.0,0.0,0.0
2301,batt_tim767,1,767,battery,0.0037915641247833615,0.0,0.0037915641247833615,0.001579344914956195
2302,pltd_tim768,1,768,diesel,0.0023309999999999997,0.09,-0.087669,0.0005194780496249989
2303,plts_tim768,1,768,solar,0.0,0.0,0.0,0.0
2304,batt_tim768,1,768,battery,0.003959301000000012,0.0,0.003959301000000012,0.0015050344585701182
2305,pltd_tim769,1,769,diesel,0.001763999999999974,0.0681,-0.06633600000000002,0.000611465512136886
2306,plts_tim769,1,769,solar,0.0,0.0,0.0,0.0
2307,batt_tim769,1,769,battery,0.012279747000000042,0.0,0.012279747000000042,0.007956836886520036
2308,pltd_tim770,1,770,diesel,0.0025403579999999926,0.1038,-0.10125964200000001,0.0003972116331547605
2309,plts_tim770,1,770,solar,0.0,0.0,0.0,0.0
2310,batt_tim770,1,770,battery,0.0023595000000000005,0.0,0.0023595000000000005,0.0012588539228571395
2311,pltd_tim771,1,771,diesel,0.0030596459999999714,0.1251,-0.12204035400000002,0.0005686086061190413
2312,plts_tim771,1,771,solar,0.0,0.0,0.0,0.0
2313,batt_tim771,1,771,battery,0.002843000000000012,0.0,0.002843000000000012,0.0014738095212761915
2314,pltd_tim772,1,772,diesel,0.001287928767764318,0.0622,-0.06091207123223568,0.00022069727993968632
2315,plts_tim772,1,772,solar,0.0,0.0,0.0,0.0
2316,batt_tim772,1,772,battery,0.0015316291161178441,0.0,0.0015316291161178441,0.0007486056400924309
2317,pltd_tim773,1,773,diesel,0.0018352621334488672,0.0887,-0.08686473786655113,0.00026039529580459134
2318,plts_tim773,1,773,solar,0.0,0.0,0.0,0.0
2319,batt_tim773,1,773,battery,0.002184250433275567,0.0,0.002184250433275567,0.0011828254877960717
2320,pltd_tim774,1,774,diesel,0.000828806999999987,0.0339,-0.03307119300000001,0.000484781435868807
2321,plts_tim774,1,774,solar,0.05179838326017497,0.0,0.05179838326017497,0.0837213642747379
2322,batt_tim774,1,774,battery,0.022333561340387886,0.0,0.022333561340387886,0.03347011804988658
2323,pltd_tim775,1,775,diesel,0.0035188580000000136,0.1439,-0.140381142,0.00044648048033333563
2324,plts_tim775,1,775,solar,0.0,0.0,0.0,0.0
2325,batt_tim775,1,775,battery,0.003269999999999995,0.0,0.003269999999999995,0.001695166069142854
2326,pltd_tim776,1,776,diesel,0.0036830160000000493,0.0527,-0.049016983999999944,0.0017164655126106244
2327,plts_tim776,1,776,solar,0.016934306850641723,0.0,0.016934306850641723,0.027241000160534126
2328,batt_tim776,1,776,battery,0.022692350477792347,0.0,0.022692350477792347,0.029289061288083017
2329,pltd_tim777,1,777,diesel,0.007150687000000003,0.1023,-0.095149313,0.00296643205374405
2330,plts_tim777,1,777,solar,0.001567743739260996,0.0,0.001567743739260996,0.002566893475935602
2331,batt_tim777,1,777,battery,0.032544,0.0,0.032544,0.037883760979091165
2332,pltd_tim778,1,778,diesel,0.0014173040000000081,0.0579,-0.05648269599999999,0.00047869164757142904
2333,plts_tim778,1,778,solar,0.0,0.0,0.0,0.0
2334,batt_tim778,1,778,battery,0.014292224653379544,0.0,0.014292224653379544,0.012219067993934157
2335,pltd_tim779,1,779,diesel,0.00572880399999999,0.0819,-0.07617119600000001,0.002372584725479714
2336,plts_tim779,1,779,solar,0.0,0.0,0.0,0.0
2337,batt_tim779,1,779,battery,0.02537544391408115,0.0,0.02537544391408115,0.029362507385043743
2338,pltd_tim780,1,780,diesel,0.00300099999999999,0.1158,-0.11279900000000001,0.0009467441672380859
2339,plts_tim780,1,780,solar,0.0,0.0,0.0,0.0
2340,batt_tim780,1,780,battery,0.020893608000000022,0.0,0.020893608000000022,0.01372630753514981
