Segment,Zone,NSE_Price,Max_NSE_MW,Total_NSE_MWh,NSE_Percent_of_Demand
1,1,2000.0,3.598487198356756e-11,2.989649900298744e-7,4.382831608973435e-11
1,2,2000.0,3.597095049480948e-11,2.9948922147381866e-7,4.3905168504550785e-11
1,3,2000.0,3.597086399310837e-11,2.994877867677288e-7,4.390495817640502e-11
1,4,2000.0,3.596015351233613e-11,2.9930736603686825e-7,4.387850846796087e-11
1,5,2000.0,3.5961768448090547e-11,2.9934880306210106e-7,4.3884583142589294e-11
1,6,2000.0,3.599482581393177e-11,2.9927971718609806e-7,4.387445514194784e-11
1,7,2000.0,3.5959026636912506e-11,2.992772204725665e-7,4.3874089123338653e-11
1,8,2000.0,3.596842258159378e-11,2.994623086821879e-7,4.3901223084927125e-11
1,9,2000.0,3.5967977084096676e-11,2.994561920450398e-7,4.390032638492789e-11
1,10,2000.0,3.596046989663312e-11,2.993197642676153e-7,4.388032605060183e-11
1,11,2000.0,3.5967393311490564e-11,2.994475572081553e-7,4.3899060516438336e-11
1,12,2000.0,3.5955295804894456e-11,2.9911527558684894e-7,4.3850347976792914e-11
1,13,2000.0,3.580621972260369e-11,2.9680656294453824e-7,4.3511890328499554e-11
1,14,2000.0,3.5976768609475926e-11,2.9793251036227257e-7,4.367695440279116e-11
1,15,2000.0,3.579560949698611e-11,2.966711017449682e-7,4.3492031694643944e-11
1,16,2000.0,3.596321840129004e-11,2.993779725013275e-7,4.3888859387116957e-11
1,17,2000.0,3.581546235348798e-11,2.9683551506107567e-7,4.3516134713485703e-11
1,18,2000.0,3.59338319490011e-11,2.9375896703340366e-7,4.306511227300335e-11
1,19,2000.0,3.594843413583882e-11,2.9822343739803874e-7,4.3719604353480483e-11
1,20,2000.0,3.8449206616631766e-11,2.6174900595258984e-7,3.837244678019828e-11
1,21,2000.0,3.851468438688345e-11,3.0035224515786423e-7,4.4031687916785295e-11
1,22,2000.0,3.850483725144368e-11,2.9569481115198996e-7,4.334890733516556e-11
1,23,2000.0,3.5961195710656955e-11,2.916634260021211e-7,4.2757905617505386e-11
1,24,2000.0,3.8482802857831384e-11,2.8050885568289775e-7,4.11226437972259e-11
1,25,2000.0,3.845872660403466e-11,2.6673488308208997e-7,3.9103377177080115e-11
1,26,2000.0,3.850925633465511e-11,2.977830824607603e-7,4.365504824816265e-11
1,27,2000.0,3.593254498339534e-11,2.9326995837935343e-7,4.299342352490549e-11
1,28,2000.0,3.849785308429418e-11,2.900295303774728e-7,4.2518376253590355e-11
1,29,2000.0,3.8655585209396813e-11,2.7969443863195073e-7,4.1003250125297263e-11
1,30,2000.0,3.8461912274006286e-11,2.68277056146711e-7,3.932945999879958e-11
1,31,2000.0,3.850082167371419e-11,2.9254327844728854e-7,4.2886892128853326e-11
1,32,2000.0,3.8513020217621464e-11,2.99226167121412e-7,4.386660469376843e-11
1,33,2000.0,3.849721015719228e-11,2.8966409460206974e-7,4.246480330957018e-11
1,34,2000.0,3.8487474532569966e-11,2.8343004437297793e-7,4.155089053358723e-11
1,35,2000.0,3.848882552956314e-11,2.8423126716768175e-7,4.166834992540789e-11
1,36,2000.0,3.861992799032135e-11,2.616819914938987e-7,3.8362622449671135e-11
1,37,2000.0,3.866337559967986e-11,2.850194575870274e-7,4.178389876888461e-11
1,38,2000.0,3.594133016637606e-11,2.961523546403137e-7,4.341598328485803e-11
1,39,2000.0,3.5948403410850954e-11,2.792543976390318e-7,4.093874004427352e-11
1,40,2000.0,3.8653188829531455e-11,2.782977388188631e-7,4.0798493705877186e-11
1,41,2000.0,3.865724212297231e-11,2.811560126353558e-7,4.121751711155333e-11
1,42,2000.0,3.5950959597581544e-11,2.8212318763408633e-7,4.135930512343464e-11
1,43,2000.0,3.850978415723252e-11,2.979590763004513e-7,4.3680848973642417e-11
1,44,2000.0,3.850228557203022e-11,2.933946070035982e-7,4.301169703346248e-11
1,45,2000.0,3.849232084017492e-11,2.8623746283109423e-7,4.196245853546658e-11
1,46,2000.0,3.85029487868863e-11,2.9390834082437876e-7,4.3087010495018324e-11
1,47,2000.0,3.596091156352202e-11,2.914707364633585e-7,4.2729657299830367e-11
1,48,2000.0,3.850298998493647e-11,2.93957810972836e-7,4.3094262826816015e-11
1,49,2000.0,3.5947727532010584e-11,2.9798516949010833e-7,4.368467423948362e-11
1,50,2000.0,3.595187269233351e-11,2.9874768008141474e-7,4.3796458415999435e-11
1,51,2000.0,3.8511775480548317e-11,2.9887822010004485e-7,4.3815595603930065e-11
1,52,2000.0,3.594168709625763e-11,2.962641498319958e-7,4.343237247811395e-11
1,53,2000.0,3.850992343975899e-11,2.978633111744175e-7,4.366680979061379e-11
1,54,2000.0,3.849165548679566e-11,2.9609472434426117e-7,4.3407534674097676e-11
1,55,2000.0,3.5948519243624925e-11,2.981493766147295e-7,4.370874703062002e-11
1,56,2000.0,3.8513606584781104e-11,2.9989007230962063e-7,4.396393330217678e-11
1,57,2000.0,3.5943678976599356e-11,2.9692882520492435e-7,4.3529813995727315e-11
1,58,2000.0,3.5951995783909564e-11,2.986835527151235e-7,4.378705733368697e-11
1,59,2000.0,3.866350989608632e-11,2.8527084392992724e-7,4.1820752047578406e-11
1,60,2000.0,3.5960976360918914e-11,2.9932180842458173e-7,4.388062572434508e-11
1,61,2000.0,3.8642897144752304e-11,2.72759102916415e-7,3.998652878311418e-11
1,62,2000.0,3.595555762961088e-11,2.9914190045833824e-7,4.385425118727707e-11
1,63,2000.0,3.596091156352202e-11,2.9147073646335844e-7,4.272965729983036e-11
1,64,2000.0,3.850197875964803e-11,2.931280689566843e-7,4.297262251249962e-11
1,65,2000.0,3.8466134535997245e-11,2.6971250633081156e-7,3.953989722890314e-11
1,66,2000.0,3.5962075915093775e-11,2.9935988916226713e-7,4.3886208366674e-11
1,67,2000.0,3.595921293829383e-11,2.9928842233964335e-7,4.387573131887128e-11
1,68,2000.0,3.594551051895929e-11,2.9751962676219323e-7,4.3616425599968e-11
1,69,2000.0,3.5958489345971217e-11,2.992647203611507e-7,4.38722566049751e-11
1,70,2000.0,3.8652523016322716e-11,2.7793218659228407e-7,4.07449036900957e-11
1,71,2000.0,3.593949492723859e-11,2.9556054441383213e-7,4.3329223809546955e-11
1,72,2000.0,3.596425794412058e-11,2.9354158394131935e-7,4.3033243876401184e-11
1,73,2000.0,3.5919508936101465e-11,2.8861596973853855e-7,4.231114803436299e-11
1,74,2000.0,3.5968516015131856e-11,2.9946234949230964e-7,4.39012290676976e-11
1,75,2000.0,3.5968766906649565e-11,2.956493292903883e-7,4.334223968686859e-11
1,76,2000.0,3.865712433396483e-11,2.810139658001159e-7,4.1196693022439014e-11
1,77,2000.0,3.595600998851183e-11,2.99118500989053e-7,4.3850820821279827e-11
1,78,2000.0,3.8500210381869695e-11,2.9178003170899817e-7,4.2775000033070114e-11
1,79,2000.0,3.5883019552762715e-11,2.7703656983881545e-7,4.0613606128590716e-11
1,80,2000.0,3.592344105207481e-11,2.9059549383232796e-7,4.2601346587983523e-11
1,81,2000.0,3.59429301847825e-11,2.966960919947161e-7,4.349569526931535e-11
1,82,2000.0,3.600669855094593e-11,2.9943398311540493e-7,4.3897070552236724e-11
1,83,2000.0,3.599332674108807e-11,2.9925739221328555e-7,4.387118229730799e-11
1,84,2000.0,3.60012606357699e-11,2.993570002897881e-7,4.388578485749943e-11
1,85,2000.0,3.5949547542077065e-11,2.8055584285643287e-7,4.1129532124496775e-11
1,86,2000.0,3.60004196432748e-11,2.993476443205706e-7,4.3884413270892755e-11
1,87,2000.0,3.599791517857674e-11,2.9931914855470186e-7,4.3880235786988735e-11
1,88,2000.0,3.5975785348734575e-11,2.9772436779188455e-7,4.3646440668170306e-11
1,89,2000.0,3.600612422954729e-11,2.9949287751932283e-7,4.390570448141543e-11
1,90,2000.0,3.598733422469015e-11,2.9910090852503e-7,4.3848241763197076e-11
1,91,2000.0,3.5985788836471526e-11,2.990212864738021e-7,4.383656915755659e-11
1,92,2000.0,3.5981000531661954e-11,2.9860436451246773e-7,4.377544833031762e-11
1,93,2000.0,3.600387920600373e-11,2.9951208197814935e-7,4.3908519858198165e-11
1,94,2000.0,3.596973032080177e-11,2.960142941022735e-7,4.339574358756056e-11
1,95,2000.0,3.5939567684081846e-11,2.676960285601107e-7,3.924428126024618e-11
1,96,2000.0,3.904451861652515e-11,2.708190833046404e-7,3.970212159297248e-11
1,97,2000.0,3.595812395794839e-11,2.891690719188247e-7,4.23922329038157e-11
1,98,2000.0,3.904285488905132e-11,2.693270695962154e-7,3.9483392141017146e-11
1,99,2000.0,3.594092263794669e-11,2.698472413845537e-7,3.955964940966246e-11
1,100,2000.0,3.597919769320653e-11,2.986184706172426e-7,4.3777516287568426e-11
1,101,2000.0,3.8195274447639736e-11,2.950161092722673e-7,4.32494095293783e-11
1,102,2000.0,3.596776946172176e-11,2.954145927262237e-7,4.330782726844128e-11
1,103,2000.0,3.597313118117742e-11,2.974026594523831e-7,4.359927817335457e-11
1,104,2000.0,3.5977340367286226e-11,2.9835936485711285e-7,4.373953134105511e-11
1,105,2000.0,3.819527493385263e-11,2.9502116494246666e-7,4.3250150691450564e-11
1,106,2000.0,3.818450874983129e-11,2.845179394709607e-7,4.1710376131623636e-11
1,107,2000.0,3.906046638793798e-11,2.8520400251953295e-7,4.181095308595968e-11
1,108,2000.0,3.596112522441228e-11,2.916158035624084e-7,4.275092416010971e-11
1,109,2000.0,3.5964945542658104e-11,2.9415425594849124e-7,4.312306169214937e-11
1,110,2000.0,3.9060725669828284e-11,2.892034662059588e-7,4.2397275111895126e-11
1,111,2000.0,3.596981174996201e-11,2.9636911383075076e-7,4.344776021737739e-11
1,112,2000.0,3.5972879732173194e-11,2.9742619144151813e-7,4.360272796678331e-11
1,113,2000.0,3.5982401382130506e-11,2.9893555452533404e-7,4.382400083998846e-11
1,114,2000.0,3.596385542147677e-11,2.9346137193197397e-7,4.302148478280487e-11
1,115,2000.0,3.5964044713517847e-11,2.935903207512201e-7,4.3040388700647394e-11
1,116,2000.0,3.596481356983702e-11,2.9390432359391374e-7,4.308642156837976e-11
1,117,2000.0,3.597514710955226e-11,2.979330462015922e-7,4.3677032956922435e-11
1,118,2000.0,3.59657398843681e-11,2.945021668417084e-7,4.3174065485595085e-11
1,119,2000.0,3.596139137695554e-11,2.918562574677457e-7,4.2786174741681425e-11
1,120,2000.0,3.596631430767593e-11,2.947658536063384e-7,4.3212722008112076e-11
1,121,2000.0,3.597502138372151e-11,2.978944021305431e-7,4.3671367729830906e-11
1,122,2000.0,3.5967157217726875e-11,2.951436152821977e-7,4.326810193114084e-11
1,123,2000.0,3.596543718532026e-11,2.942993629160248e-7,4.3144334397154887e-11
1,124,2000.0,3.596660396732088e-11,2.9494977993174495e-7,4.323968563728597e-11
1,125,2000.0,3.597557285315766e-11,2.980950911334043e-7,4.370078877024188e-11
1,126,2000.0,3.5968371282185004e-11,2.9580700003251074e-7,4.336535424326917e-11
1,127,2000.0,3.5982940524200994e-11,2.9900454072859537e-7,4.38341142285898e-11
1,128,2000.0,3.59788293433442e-11,2.9858407792274846e-7,4.3772474312970274e-11
1,129,2000.0,3.59752401979415e-11,2.979980175451881e-7,4.3686557766444814e-11
1,130,2000.0,3.59694373398064e-11,2.961791515894873e-7,4.3419911721958654e-11
1,131,2000.0,3.597347855072171e-11,2.9754428148085417e-7,4.362003998572757e-11
1,132,2000.0,3.5967916605167273e-11,2.95588036208378e-7,4.333325411109199e-11
1,133,2000.0,3.9086094390621024e-11,2.9519326835597553e-7,4.3275381079820235e-11
1,134,2000.0,3.597489367716814e-11,2.9797697040039437e-7,4.3683472251600036e-11
1,135,2000.0,3.5985475661391047e-11,2.9910238854102647e-7,4.3848458733782503e-11
1,136,2000.0,3.59661278669865e-11,2.947903832691803e-7,4.321631806066827e-11
1,137,2000.0,3.5943862789946784e-11,2.73655840991877e-7,4.01179907306055e-11
1,138,2000.0,3.904672647992292e-11,2.737635114902504e-7,4.0133775243152535e-11
1,139,2000.0,3.908286243015624e-11,3.0083003899726886e-7,4.410173257123484e-11
1,140,2000.0,3.9027722893748984e-11,2.5486939216581726e-7,3.7363894281821016e-11
1,141,2000.0,3.906351536451928e-11,2.8828280677309957e-7,4.226230628952459e-11
1,142,2000.0,3.8324504173367536e-11,2.9564004178420286e-7,4.334087813695353e-11
1,143,2000.0,3.833094448545378e-11,2.9826981905600906e-7,4.372640391207123e-11
1,144,2000.0,3.83238059433389e-11,2.942032092817339e-7,4.3130238258752674e-11
1,145,2000.0,3.832444340675847e-11,2.9481626865487373e-7,4.322011286241467e-11
1,146,2000.0,3.8320799798833546e-11,2.9221606083386413e-7,4.283892197358578e-11
1,147,2000.0,3.906657662611759e-11,2.6299275741950355e-7,3.855478094723074e-11
1,148,2000.0,3.903455686201448e-11,2.6055577406496893e-7,3.819751879169443e-11
1,149,2000.0,3.9091373650834374e-11,2.8793085302557164e-7,4.221070981298037e-11
1,150,2000.0,3.9105020626696106e-11,2.997157433293538e-7,4.393837664535896e-11
1,151,2000.0,3.906383854455874e-11,2.9124686315243763e-7,4.269683743609276e-11
1,152,2000.0,3.596821250699083e-11,2.954298284464684e-7,4.331006082750341e-11
1,153,2000.0,3.59444687348792e-11,2.7445109999320314e-7,4.023457582934848e-11
1,154,2000.0,3.909338270049178e-11,2.9188962378153836e-7,4.279106624870205e-11
1,155,2000.0,3.832508457169914e-11,2.961326632483234e-7,4.3413096523594405e-11
1,156,2000.0,3.8311669687282414e-11,2.853270558778567e-7,4.182899272827357e-11
1,157,2000.0,3.9103482871285656e-11,2.9953274344691135e-7,4.391154883287406e-11
1,158,2000.0,3.8313322298828935e-11,2.865363158929867e-7,4.20062704428732e-11
1,159,2000.0,3.8111544386340894e-11,2.8244717113564306e-7,4.1406801157377164e-11
1,160,2000.0,3.833089043765313e-11,2.9880385931234417e-7,4.380469430037709e-11
1,161,2000.0,3.8331506657134227e-11,2.986558984912751e-7,4.37830032199798e-11
1,162,2000.0,3.832369007727774e-11,2.948060310777652e-7,4.3218612031947984e-11
1,163,2000.0,3.8318916759208995e-11,2.9082635560752737e-7,4.263519096171928e-11
1,164,2000.0,3.831584600343878e-11,2.881046581699693e-7,4.22361896753747e-11
1,165,2000.0,3.831936366972732e-11,2.9108540164215864e-7,4.267316715246482e-11
1,166,2000.0,3.831930391554867e-11,2.906494831721676e-7,4.2609261433971786e-11
1,167,2000.0,3.829807641535575e-11,2.740784522732786e-7,4.0179945613090254e-11
1,168,2000.0,3.832120051996342e-11,2.9267261962757556e-7,4.290585356688816e-11
1,169,2000.0,3.5991586209012716e-11,2.992614024676566e-7,4.387177020125004e-11
1,170,2000.0,3.5982623273330896e-11,2.9895805066873833e-7,4.382729877826486e-11
1,171,2000.0,3.597926742454304e-11,2.9861610539313347e-7,4.377716954532992e-11
1,172,2000.0,3.906202129094596e-11,2.9032805707056645e-7,4.2562140315278056e-11
1,173,2000.0,3.5973769606408166e-11,2.974483809022031e-7,4.3605980945323257e-11
1,174,2000.0,3.597346112015687e-11,2.971593347607932e-7,4.356360673405201e-11
1,175,2000.0,3.596848130373999e-11,2.9562569420574494e-7,4.333877477962158e-11
1,176,2000.0,3.595708569221702e-11,2.8819259467250194e-7,4.2249081180926704e-11
1,177,2000.0,3.5988976702861486e-11,2.9922116249760156e-7,4.386587101510508e-11
1,178,2000.0,3.5962868836706456e-11,2.926985297720826e-7,4.2909651998280656e-11
1,179,2000.0,3.901474715587962e-11,2.926585682739442e-7,4.290379363616389e-11
1,180,2000.0,3.90704033554354e-11,2.9689920492742685e-7,4.3525471658235907e-11
1,181,2000.0,3.9069393660545704e-11,2.9610842731855986e-7,4.34095435323552e-11
1,182,2000.0,3.597872655522557e-11,2.9830542189952166e-7,4.373162329471201e-11
1,183,2000.0,3.907399528253e-11,2.99278410247787e-7,4.38742635445792e-11
1,184,2000.0,3.906049308913487e-11,2.885850149285877e-7,4.230661005419719e-11
1,185,2000.0,3.597542021898324e-11,2.977077770271159e-7,4.3644008459360915e-11
1,186,2000.0,3.901583864856708e-11,2.938002551207662e-7,4.307116511331581e-11
1,187,2000.0,3.900817278953496e-11,2.8070224490179035e-7,4.11509946881216e-11
1,188,2000.0,3.600399670652794e-11,2.9951128390890776e-7,4.390840286111775e-11
1,189,2000.0,3.600545952435301e-11,2.9949976022191446e-7,4.39067134867331e-11
1,190,2000.0,3.598332352334688e-11,2.9963016784142105e-7,4.392583126493072e-11
1,191,2000.0,3.6005161908639904e-11,2.994075705903496e-7,4.389319847177427e-11
1,192,2000.0,3.5973507984099484e-11,2.971715632293011e-7,4.356539942952115e-11
1,193,2000.0,3.596644429161692e-11,2.946616864174427e-7,4.319745108130341e-11
1,194,2000.0,3.595889642457815e-11,2.8996600940236254e-7,4.25090640683235e-11
1,195,2000.0,3.598853950073356e-11,2.99146368705028e-7,4.385490623296742e-11
1,196,2000.0,3.594401662564123e-11,2.7385752647350245e-7,4.0147557854965134e-11
1,197,2000.0,3.595232715689177e-11,2.8361088644085806e-7,4.1577402010106874e-11
1,198,2000.0,3.5976573660541356e-11,2.978928692367032e-7,4.3671143007345044e-11
1,199,2000.0,3.599145630721291e-11,2.992238916000692e-7,4.3866271101970036e-11
1,200,2000.0,3.5997439604037605e-11,2.9931343050184066e-7,4.387939751951068e-11
1,201,2000.0,3.597518054868122e-11,2.975858241024686e-7,4.3626130140802694e-11
1,202,2000.0,3.594814127345585e-11,2.789504288192225e-7,4.0894178165925505e-11
1,203,2000.0,3.599893991453279e-11,2.993312767306367e-7,4.388201377955038e-11
1,204,2000.0,3.5992377016420956e-11,2.9924127582036384e-7,4.38688196314884e-11
1,205,2000.0,3.599754414466254e-11,2.993146933366948e-7,4.387958265130538e-11
1,206,2000.0,3.598714908253475e-11,2.9909305708221856e-7,4.3847090740405854e-11
1,207,2000.0,3.599340409717416e-11,2.992586252552179e-7,4.387136306145552e-11
1,208,2000.0,3.600251748921939e-11,2.9937257206276316e-7,4.3888067681946404e-11
1,209,2000.0,3.596742077560386e-11,2.951001726993991e-7,4.326173324144757e-11
1,210,2000.0,3.598853950073356e-11,2.99146368705028e-7,4.385490623296742e-11
1,211,2000.0,3.5960061666558165e-11,2.908652158051061e-7,4.2640887872995144e-11
1,212,2000.0,3.5978627950826934e-11,2.98405179156814e-7,4.374624772483146e-11
1,213,2000.0,3.596395739734872e-11,2.933765417061071e-7,4.300904865791652e-11
1,214,2000.0,3.5956580953750944e-11,2.880382044274312e-7,4.222644754592665e-11
1,215,2000.0,3.5962027829377997e-11,2.9223977308131606e-7,4.284239819291305e-11
1,216,2000.0,3.5959115440527046e-11,2.9015534251965634e-7,4.253682033406612e-11
1,217,2000.0,3.596935865770608e-11,2.958767707937673e-7,4.3375582648200027e-11
1,218,2000.0,3.594540914059629e-11,2.758914879028852e-7,4.044573693082418e-11
1,219,2000.0,3.59529492465169e-11,2.843914846552481e-7,4.1691837835104144e-11
1,220,2000.0,3.5969638373359425e-11,2.962017275532005e-7,4.3423221361905304e-11
1,221,2000.0,3.577170923817583e-11,2.9585469293523255e-7,4.3372346030553426e-11
1,222,2000.0,3.5767051493620935e-11,2.956710199238617e-7,4.334541953725831e-11
1,223,2000.0,3.5996288166392054e-11,2.992954831748827e-7,4.3876766438464036e-11
1,224,2000.0,3.6007219335613946e-11,2.9944879559815717e-7,4.389924206461372e-11
1,225,2000.0,3.5993636801977326e-11,2.9923615492804307e-7,4.386806890784255e-11
1,226,2000.0,3.5976636447240807e-11,2.9811802183749413e-7,4.3704150415185356e-11
1,227,2000.0,3.596387576353997e-11,2.933151820059792e-7,4.3000053315913063e-11
1,228,2000.0,3.599386284892781e-11,2.99277527899079e-7,4.387413419211531e-11
1,229,2000.0,3.5992430568558985e-11,2.9921230229365164e-7,4.386457210776714e-11
1,230,2000.0,3.599927631448337e-11,2.993333249953484e-7,4.388231405548975e-11
1,231,2000.0,3.5988129513296365e-11,2.991085754891774e-7,4.384936574138618e-11
1,232,2000.0,3.598905871888024e-11,2.992078675294255e-7,4.386392197061139e-11
1,233,2000.0,3.597829558204479e-11,2.981042987940314e-7,4.3702138614785125e-11
1,234,2000.0,3.60067083714077e-11,2.9944733496775956e-7,4.389902793596023e-11
1,235,2000.0,3.598100426205982e-11,2.986885350155524e-7,4.378778773973897e-11
1,236,2000.0,3.597644592422826e-11,2.9810566619807835e-7,4.3702339076440466e-11
1,237,2000.0,3.59572033664167e-11,2.884610504034341e-7,4.2288436834678067e-11
1,238,2000.0,3.599691437900207e-11,2.993264449996548e-7,4.388130544700377e-11
1,239,2000.0,3.5956198488480577e-11,2.87599297000571e-7,4.21621036458712e-11
1,240,2000.0,3.59760840827047e-11,2.9796560547560223e-7,4.368180615177987e-11
1,241,2000.0,3.595872790271441e-11,2.897867404808129e-7,4.248278321531139e-11
1,242,2000.0,3.5978945022491965e-11,2.9825713181163183e-7,4.372454395998514e-11
1,243,2000.0,3.5971536574033005e-11,2.967540741122733e-7,4.3504195457165415e-11
1,244,2000.0,3.600695069892627e-11,2.994401795435567e-7,4.3897978949610065e-11
1,245,2000.0,3.600018264424964e-11,2.993450470530739e-7,4.388403251105595e-11
1,246,2000.0,3.6007239437121445e-11,2.9945007259667737e-7,4.3899429272804164e-11
1,247,2000.0,3.600681260736746e-11,2.9948297889465794e-7,4.3904253341432043e-11
1,248,2000.0,3.599909316481031e-11,2.9933305071061175e-7,4.388227384530281e-11
1,249,2000.0,3.600613607782097e-11,2.9942297606407435e-7,4.3895456916724134e-11
1,250,2000.0,3.6006803558446585e-11,2.9943641371834995e-7,4.389742687902319e-11
1,251,2000.0,3.6006404101982605e-11,2.994279037871835e-7,4.3896179321732186e-11
1,252,2000.0,3.599922548413777e-11,2.9953578709095123e-7,4.391199503158459e-11
1,253,2000.0,3.595206134386046e-11,2.8341721598214745e-7,4.154900988940818e-11
1,254,2000.0,3.5957458582924773e-11,2.886899060818483e-7,4.232198711429933e-11
1,255,2000.0,3.596165969437899e-11,2.9194148179007695e-7,4.279866864117545e-11
1,256,2000.0,3.596544658645414e-11,2.9420214313185944e-7,4.313008196100794e-11
1,257,2000.0,3.59517952784028e-11,2.8292595796693555e-7,4.147699138459873e-11
1,258,2000.0,3.899492749892015e-11,2.686190462457782e-7,3.937959580286138e-11
1,259,2000.0,3.8989754082581544e-11,2.623260673498151e-7,3.84570440747452e-11
1,260,2000.0,3.5946027323398994e-11,2.765980562147297e-7,4.054931996008595e-11
1,261,2000.0,3.8988741862184967e-11,2.625391064652498e-7,3.8488275643665075e-11
1,262,2000.0,3.596690414850529e-11,2.9492803987120726e-7,4.32364985408806e-11
1,263,2000.0,3.594719063025311e-11,2.778402571914274e-7,4.073142682500095e-11
1,264,2000.0,3.600639126818797e-11,2.994895308135026e-7,4.3905213853798686e-11
1,265,2000.0,3.5991801747169295e-11,2.992305904745902e-7,4.38672531580627e-11
1,266,2000.0,3.6003712748593894e-11,2.995131887903253e-7,4.3908682117042905e-11
1,267,2000.0,3.600680967325194e-11,2.994830328677438e-7,4.3904261253895194e-11
1,268,2000.0,3.599930471678597e-11,2.9953544673173016e-7,4.3911945134867506e-11
1,269,2000.0,3.599101736881318e-11,2.992148036930414e-7,4.38649388133239e-11
1,270,2000.0,3.6003576751760095e-11,2.993860252470821e-7,4.3890039920952333e-11
1,271,2000.0,3.896797759147438e-11,2.4492523573991503e-7,3.5906079334871366e-11
1,272,2000.0,3.5957918062812604e-11,2.892807298542597e-7,4.240860197528351e-11
1,273,2000.0,3.5964132979533114e-11,2.935229130414632e-7,4.303050671945015e-11
1,274,2000.0,3.5948749194342974e-11,2.7992644194554224e-7,4.103726184874668e-11
1,275,2000.0,3.898416984109745e-11,2.589432450969346e-7,3.796112178310891e-11
1,276,2000.0,3.595184043640567e-11,2.834589781031127e-7,4.1555132223123774e-11
1,277,2000.0,3.5953381382568186e-11,2.8504523830551167e-7,4.178767822640115e-11
1,278,2000.0,3.595105521946128e-11,2.82543513924731e-7,4.1420925025903343e-11
1,279,2000.0,3.5770194573815345e-11,2.9577139292991335e-7,4.336013423624587e-11
1,280,2000.0,3.904207682177308e-11,2.728927476059205e-7,4.000612111629934e-11
1,281,2000.0,3.8993811928956025e-11,2.6728723190362504e-7,3.918435160401757e-11
1,282,2000.0,3.9057192555807585e-11,2.8450771150780965e-7,4.1708876710564685e-11
1,283,2000.0,3.5967501415786204e-11,2.9515330019785133e-7,4.326952174134847e-11
1,284,2000.0,3.594550141207866e-11,2.757686456533404e-7,4.042772823709156e-11
1,285,2000.0,3.597167523526899e-11,2.96657418378721e-7,4.3490025710929946e-11
1,286,2000.0,3.597970805321342e-11,2.98492341972151e-7,4.375902580771494e-11
1,287,2000.0,3.9003325053956605e-11,2.7499364458339827e-7,4.031411295437932e-11
1,288,2000.0,3.901311100758807e-11,2.8518479898377467e-7,4.18081378444989e-11
1,289,2000.0,3.598776483841734e-11,2.9916049174677227e-7,4.385697667318069e-11
1,290,2000.0,3.90096557463459e-11,2.8600682563117404e-7,4.192864708450324e-11
1,291,2000.0,3.580806431085888e-11,2.965389348577078e-7,4.3472656007507906e-11
1,292,2000.0,3.597208493469486e-11,2.9687803299863094e-7,4.352236785003614e-11
1,293,2000.0,3.598441578967534e-11,2.989992413074221e-7,4.383333733258519e-11
1,294,2000.0,3.597424686350061e-11,2.976195059353395e-7,4.363106790297144e-11
1,295,2000.0,3.5964494028615836e-11,2.9368395447129264e-7,4.3054115419215974e-11
1,296,2000.0,3.597727765915005e-11,2.9837181592937684e-7,4.3741356670271045e-11
1,297,2000.0,3.8991529790563624e-11,2.6436220552271057e-7,3.87555422615567e-11
1,298,2000.0,3.5961358619946944e-11,2.9172639234749375e-7,4.276713649396264e-11
1,299,2000.0,3.598646549225461e-11,2.990596717963496e-7,4.384219645207576e-11
1,300,2000.0,3.597352070778456e-11,2.9756290220810786e-7,4.362276978736694e-11
1,301,2000.0,3.9069129848361595e-11,2.9699255366529145e-7,4.3539156598366515e-11
1,302,2000.0,3.597388683189371e-11,2.976451170180509e-7,4.363482249185612e-11
1,303,2000.0,3.597554448753358e-11,2.981515495876136e-7,4.370906558879771e-11
1,304,2000.0,3.597307774190219e-11,2.973407093243645e-7,4.359019627452645e-11
1,305,2000.0,3.597655428795071e-11,2.9791926961208973e-7,4.367501330666408e-11
1,306,2000.0,3.596882955379127e-11,2.958896723213738e-7,4.337747401424232e-11
1,307,2000.0,3.59842322820076e-11,2.990672174773197e-7,4.384330265013137e-11
1,308,2000.0,3.9108142763670035e-11,3.0010719150308345e-7,4.399576301119818e-11
1,309,2000.0,3.5972424842814245e-11,2.972407197591436e-7,4.3575537788026944e-11
1,310,2000.0,3.8176206935518246e-11,2.952915386793396e-7,4.3289787525184325e-11
1,311,2000.0,3.814445883549493e-11,2.7982138085492264e-7,4.102185987580013e-11
1,312,2000.0,3.849201922074328e-11,2.920404104469992e-7,4.2813171598346085e-11
1,313,2000.0,3.850690311569517e-11,2.9798200684307015e-7,4.3684210594914215e-11
1,314,2000.0,3.817422229882208e-11,2.9528874932166474e-7,4.32893786048962e-11
1,315,2000.0,3.597074519181029e-11,2.962612352527846e-7,4.343194520032827e-11
1,316,2000.0,3.843599001941738e-11,2.696832519516638e-7,3.9535608532169223e-11
1,317,2000.0,3.8169986509755585e-11,2.9331928439815083e-7,4.300065472727165e-11
1,318,2000.0,3.816739376790824e-11,2.906071134815191e-7,4.2603050030441956e-11
1,319,2000.0,3.597715554766607e-11,2.980083975630168e-7,4.36880794787442e-11
1,320,2000.0,3.818397456069303e-11,2.9841382623147943e-7,4.3747515387381674e-11
1,321,2000.0,3.847923013255924e-11,2.856768639654645e-7,4.1880274650725066e-11
1,322,2000.0,3.5957964243729865e-11,2.8917804105517656e-7,4.2393547780661456e-11
1,323,2000.0,3.5974972955816155e-11,2.9753671999423527e-7,4.361893147056127e-11
1,324,2000.0,3.597493130702317e-11,2.975267102170253e-7,4.3617464035596726e-11
1,325,2000.0,3.849724612219149e-11,2.9322932959219603e-7,4.298746733811018e-11
1,326,2000.0,3.848057710368284e-11,2.6700030518721783e-7,3.914228810079591e-11
1,327,2000.0,3.8504446306227805e-11,2.9692050223424533e-7,4.3528593846874134e-11
1,328,2000.0,3.591447561791523e-11,2.9404078644944505e-7,4.310642704516197e-11
1,329,2000.0,3.5934263183665856e-11,2.948328659221812e-7,4.3222546024497306e-11
1,330,2000.0,3.845975911488174e-11,2.8127881662937024e-7,4.1235520197018987e-11
1,331,2000.0,3.591777138868287e-11,2.946622872888979e-7,4.319753916915632e-11
1,332,2000.0,3.59620317752294e-11,2.922061794463149e-7,4.283747336056634e-11
1,333,2000.0,3.6005258451908036e-11,2.993029530589016e-7,4.3877861524674304e-11
1,334,2000.0,3.597243472078996e-11,2.968051455489381e-7,4.351168253807439e-11
1,335,2000.0,3.599411411165825e-11,2.992694759155069e-7,4.387295377001601e-11
1,336,2000.0,3.597551418825095e-11,2.9786940806189977e-7,4.366770359530881e-11
1,337,2000.0,3.597342688695509e-11,2.971188945706534e-7,4.355767819561011e-11
1,338,2000.0,3.597522197193117e-11,2.9759543737596403e-7,4.36275394482583e-11
1,339,2000.0,3.5981770153578904e-11,2.984438554916557e-7,4.3751917681800213e-11
1,340,2000.0,3.5976898499151136e-11,2.9812465203235625e-7,4.370512240282887e-11
1,341,2000.0,3.59860521230236e-11,2.9897690043458854e-7,4.383006215699967e-11
1,342,2000.0,3.596147557866739e-11,2.918497322518981e-7,4.278521814397848e-11
1,343,2000.0,3.59699074925756e-11,2.960834673382725e-7,4.340588439519162e-11
1,344,2000.0,3.5978038680961084e-11,2.983239853925586e-7,4.3734344705805895e-11
1,345,2000.0,3.5970012509066756e-11,2.960793773033746e-7,4.340528479541137e-11
1,346,2000.0,3.5978057187135976e-11,2.982263332736473e-7,4.3720028889314984e-11
1,347,2000.0,3.5986698144509516e-11,2.989267707657484e-7,4.382271313940674e-11
1,348,2000.0,3.81949291376576e-11,2.9468206700252715e-7,4.320043887838656e-11
1,349,2000.0,3.599224781368882e-11,2.991678751903066e-7,4.3858059087201886e-11
1,350,2000.0,3.831939135395005e-11,2.838292494046953e-7,4.1609414056067145e-11
1,351,2000.0,3.816649641696719e-11,2.8692506137648504e-7,4.2063260593885594e-11
1,352,2000.0,3.597041370708247e-11,2.96254885815643e-7,4.3431014371812176e-11
1,353,2000.0,3.831757613011887e-11,2.8280848711164587e-7,4.1459770138136217e-11
1,354,2000.0,3.5980482930110886e-11,2.985391210467953e-7,4.376588362765463e-11
1,355,2000.0,3.598736498104609e-11,2.9910218570003e-7,4.3848428997259486e-11
1,356,2000.0,3.815718708714297e-11,2.802039435236487e-7,4.1077943625162825e-11
1,357,2000.0,3.595052160511488e-11,2.8162017716653653e-7,4.128556370720388e-11
1,358,2000.0,3.596434757920714e-11,2.9372577238946907e-7,4.306024593281179e-11
1,359,2000.0,3.832421309228166e-11,2.8697898148674256e-7,4.2071165290805875e-11
1,360,2000.0,3.817981992357587e-11,2.961740919617854e-7,4.3419169979715886e-11
1,361,2000.0,3.597519532039806e-11,2.97594437987902e-7,4.362739293780611e-11
1,362,2000.0,3.5974003016073964e-11,2.972812665791274e-7,4.3581481958421303e-11
1,363,2000.0,3.598461355640832e-11,2.9881548570490696e-7,4.38063987314149e-11
1,364,2000.0,3.8501235051480114e-11,2.9317505684904073e-7,4.297951094514982e-11
1,365,2000.0,3.5979461086695695e-11,2.983971134246757e-7,4.374506528719013e-11
1,366,2000.0,3.596883324105307e-11,2.95742587990592e-7,4.3355911427463486e-11
1,367,2000.0,3.597037284307459e-11,2.962828703454577e-7,4.343511690842765e-11
1,368,2000.0,3.8123661011571585e-11,2.635789552267508e-7,3.864071764097061e-11
1,369,2000.0,3.849221819607048e-11,2.877371649049612e-7,4.218231510304429e-11
1,370,2000.0,3.815794472425444e-11,2.81813601806952e-7,4.131391979090058e-11
1,371,2000.0,3.597367948420146e-11,2.9715681140375315e-7,4.356323680950015e-11
1,372,2000.0,3.597270621470594e-11,2.970022761264944e-7,4.3540581912757777e-11
1,373,2000.0,3.598046150036845e-11,2.9833320752204116e-7,4.37356966714857e-11
1,374,2000.0,3.598425482397029e-11,2.98939269287437e-7,4.3824545424716025e-11
1,375,2000.0,3.5955108553106897e-11,2.8658624135345456e-7,4.201358952348558e-11
1,376,2000.0,3.819227180891544e-11,2.9224608961747345e-7,4.284332419813952e-11
1,377,2000.0,3.596256817803785e-11,2.92542521232696e-7,4.288678112107108e-11
1,378,2000.0,3.851257596414088e-11,2.989527342303345e-7,4.382651938753148e-11
1,379,2000.0,3.850782093784633e-11,2.9821524768488257e-7,4.3718403740201797e-11
1,380,2000.0,3.8500932496635154e-11,2.9482124105710055e-7,4.3220841817388624e-11
1,381,2000.0,3.8309097766122564e-11,2.6224037235952464e-7,3.8444481175251913e-11
1,382,2000.0,3.8508966216713994e-11,2.978756364224604e-7,4.366861667397847e-11
1,383,2000.0,3.846507293154249e-11,2.832504225354677e-7,4.152455794303798e-11
1,384,2000.0,3.849775454751439e-11,2.9097699954805323e-7,4.265727538786467e-11
1,385,2000.0,3.8304514051048554e-11,2.522983931541175e-7,3.698698540918041e-11
1,386,2000.0,3.906133829958079e-11,2.6363531884083924e-7,3.864898055594933e-11
1,387,2000.0,3.5976348716582674e-11,2.9780283360173913e-7,4.365794376863769e-11
1,388,2000.0,3.815113335682983e-11,2.7825966035131733e-7,4.07929113963511e-11
1,389,2000.0,3.842260864302248e-11,2.587795434036434e-7,3.793712308828758e-11
1,390,2000.0,3.8430425323405476e-11,2.7707405914392057e-7,4.061910206680732e-11
1,391,2000.0,3.849513556466915e-11,2.892075161957059e-7,4.239786884104976e-11
1,392,2000.0,3.5971170555129966e-11,2.964108574614316e-7,4.3453879840414287e-11
1,393,2000.0,3.596407607735899e-11,2.934241528164478e-7,4.3016028454424425e-11
1,394,2000.0,3.793207897780124e-11,2.681364479733672e-7,3.930884681775287e-11
1,395,2000.0,3.8150098098412266e-11,2.927272958164168e-7,4.29138691050516e-11
1,396,2000.0,3.816975162978604e-11,2.987631985920275e-7,4.3798733432175444e-11
1,397,2000.0,3.594579187924346e-11,2.761300763039804e-7,4.0480714029171045e-11
1,398,2000.0,3.8165547429477936e-11,2.8738294233978706e-7,4.213038601746468e-11
1,399,2000.0,3.8172697641737184e-11,2.934073614609367e-7,4.3013566838979606e-11
1,400,2000.0,3.5957327133622975e-11,2.8860676066304314e-7,4.2309797982399826e-11
1,401,2000.0,3.8171548037851705e-11,2.9238280684038023e-7,4.286336696522028e-11
1,402,2000.0,3.814994702468592e-11,2.7905661699601706e-7,4.090974536988835e-11
1,403,2000.0,3.817768601368219e-11,2.957519347212682e-7,4.335728165969851e-11
1,404,2000.0,3.5977757110049264e-11,2.9776841349054654e-7,4.365289777474709e-11
1,405,2000.0,3.597591535498377e-11,2.975864525178906e-7,4.3626222266605616e-11
1,406,2000.0,3.596328219580023e-11,2.9297270901483106e-7,4.2949846719793776e-11
1,407,2000.0,3.5976573660541356e-11,2.9789286923670315e-7,4.367114300734504e-11
1,408,2000.0,3.597062241990086e-11,2.9632505019987156e-7,4.3441300481934645e-11
1,409,2000.0,3.814333846573293e-11,2.7385065523656077e-7,4.0146550530513614e-11
1,410,2000.0,3.5950402131532524e-11,2.8149158989648856e-7,4.126671279253251e-11
1,411,2000.0,3.818496322092919e-11,2.9835274608181616e-7,4.3738561027521745e-11
1,412,2000.0,3.8341109436559613e-11,2.9702890040414143e-7,4.3544485036184567e-11
1,413,2000.0,3.5974778572790435e-11,2.9752969309975045e-7,4.361790132668865e-11
1,414,2000.0,3.597190626316121e-11,2.9670516904255966e-7,4.349702596600331e-11
1,415,2000.0,3.5967249716203084e-11,2.950257397916646e-7,4.325082136508593e-11
1,416,2000.0,3.597538529400493e-11,2.9763325346661393e-7,4.363308329328884e-11
1,417,2000.0,3.904972321199843e-11,2.469497680261851e-7,3.620287609681881e-11
1,418,2000.0,3.9071709431972856e-11,2.728943905149392e-7,4.000636196702829e-11
1,419,2000.0,3.836863978502366e-11,2.1925597521852426e-7,3.214296157379562e-11
1,420,2000.0,3.84785974459731e-11,2.3683931815486455e-7,3.472068250376508e-11
1,421,2000.0,3.749312426614226e-11,1.8900401543899652e-7,2.770801935725521e-11
1,422,2000.0,3.849185778154533e-11,2.6385210181206406e-7,3.868076097473603e-11
1,423,2000.0,3.59752088412796e-11,2.974184705753986e-7,4.3601596086556335e-11
1,424,2000.0,3.8328614414947696e-11,2.9109808430994676e-7,4.267502643362219e-11
1,425,2000.0,3.834509909996878e-11,2.815550501407399e-7,4.1276016074645586e-11
1,426,2000.0,3.805817442032034e-11,2.3180702289155597e-7,3.3982947200928714e-11
1,427,2000.0,3.597803133085598e-11,2.9001792122800266e-7,4.251667435039273e-11
1,428,2000.0,3.5977177458204674e-11,2.9654785850591547e-7,4.347396421578433e-11
1,429,2000.0,3.833486599078239e-11,2.6358287910548143e-7,3.864129288222975e-11
1,430,2000.0,3.834288692033324e-11,2.977960713624524e-7,4.365695242326008e-11
1,431,2000.0,3.833689658085259e-11,2.956451257982238e-7,4.3341623454234636e-11
1,432,2000.0,3.833408050998358e-11,2.6839572676434983e-7,3.934685713061731e-11
1,433,2000.0,3.5972059302551267e-11,2.9677119027947207e-7,4.350670469005639e-11
1,434,2000.0,3.832285613848939e-11,2.4554451889077647e-7,3.5996866345358076e-11
1,435,2000.0,3.829287328891579e-11,2.780829309169215e-7,4.076700283256814e-11
1,436,2000.0,3.8317407881236755e-11,2.825453622475741e-7,4.142119599033231e-11
1,437,2000.0,3.8341145591518454e-11,2.926139520128366e-7,4.2897252885039924e-11
1,438,2000.0,3.5976768609475926e-11,2.979325103622726e-7,4.3676954402791164e-11
1,439,2000.0,3.8312274595237316e-11,2.5052927481240684e-7,3.6727632372984115e-11
1,440,2000.0,3.830864762853081e-11,2.84269857852768e-7,4.167400732610859e-11
1,441,2000.0,3.596040553130167e-11,2.911163324553157e-7,4.2677701614696744e-11
1,442,2000.0,3.5947873581592985e-11,2.7864034485371513e-7,4.084871980622507e-11
1,443,2000.0,3.597887503152346e-11,2.981154062614308e-7,4.3703766971309704e-11
1,444,2000.0,3.5956803905241596e-11,2.88149824103925e-7,4.224281100862747e-11
1,445,2000.0,3.5987025197317374e-11,2.99087626212555e-7,4.3846294574031216e-11
1,446,2000.0,3.596535821203584e-11,2.9415942806472096e-7,4.312381992522859e-11
1,447,2000.0,3.5965449831276936e-11,2.942042847118675e-7,4.313039591698491e-11
1,448,2000.0,3.595953216343905e-11,2.903732506582803e-7,4.2568765702576263e-11
1,449,2000.0,3.596606845196549e-11,2.944741728503532e-7,4.3169961561916244e-11
1,450,2000.0,3.598358832531203e-11,2.9874249342382265e-7,4.379569805115413e-11
1,451,2000.0,3.60074225986663e-11,2.9944595674997895e-7,4.389882588900977e-11
1,452,2000.0,3.5980862433403655e-11,2.984398360697525e-7,4.375132843389646e-11
1,453,2000.0,3.598096624201377e-11,2.9860016530171663e-7,4.377483272533957e-11
1,454,2000.0,3.5985452716210244e-11,2.990010424154459e-7,4.383360137531397e-11
1,455,2000.0,3.59732247751437e-11,2.970561620477735e-7,4.3548481597568267e-11
1,456,2000.0,3.598064412993146e-11,2.982574708062059e-7,4.3724593656644754e-11
1,457,2000.0,3.833975223974446e-11,2.980334498964252e-7,4.3691752154890316e-11
1,458,2000.0,3.5987946988603384e-11,2.989325114823369e-7,4.38235547293909e-11
1,459,2000.0,3.830878143906344e-11,2.8498486654487763e-7,4.177882771648794e-11
1,460,2000.0,3.833554689506494e-11,2.966350583850903e-7,4.348674773223246e-11
1,461,2000.0,3.5983414834528194e-11,2.98576399544376e-7,4.3771348661453914e-11
1,462,2000.0,3.598339387166253e-11,2.9828894641904863e-7,4.3729207986599075e-11
1,463,2000.0,3.8340814588317455e-11,2.9792828676953727e-7,4.3676335223410254e-11
1,464,2000.0,3.598623840226019e-11,2.9886891290648386e-7,4.3814231167842554e-11
1,465,2000.0,3.83421474265309e-11,2.974717526850467e-7,4.360940725248366e-11
1,466,2000.0,3.600091148227532e-11,2.9915111286447107e-7,4.385560172751222e-11
1,467,2000.0,3.8281764372891e-11,2.6731299894558216e-7,3.9188129056553e-11
1,468,2000.0,3.598084846870545e-11,2.982603415148388e-7,4.372501450299653e-11
1,469,2000.0,3.8324227697988533e-11,2.915064462455065e-7,4.273489235969246e-11
1,470,2000.0,3.8313952244436273e-11,2.847468090770517e-7,4.174392845304457e-11
1,471,2000.0,3.597214641623996e-11,2.9666822316811776e-7,4.349160969481019e-11
1,472,2000.0,3.830787670418439e-11,2.7700844714881987e-7,4.0609483337670294e-11
1,473,2000.0,3.827158883682184e-11,2.571920326832618e-7,3.770439375887086e-11
1,474,2000.0,3.830445686199368e-11,2.752129030022153e-7,4.034625627418505e-11
1,475,2000.0,3.833438392617214e-11,2.9347270922928597e-7,4.3023146832431966e-11
1,476,2000.0,3.8288022704882825e-11,2.711785763913175e-7,3.975482333786035e-11
1,477,2000.0,3.5963085486513336e-11,2.928590164897112e-7,4.2933179377147753e-11
1,478,2000.0,3.597346861711338e-11,2.972579281516188e-7,4.357806054115842e-11
1,479,2000.0,3.5972694365592825e-11,2.9697865060752435e-7,4.353711840784003e-11
1,480,2000.0,3.595216001709942e-11,2.8352891022749295e-7,4.156538428391476e-11
1,481,2000.0,3.5972008639802033e-11,2.967565606497556e-7,4.350455998396414e-11
1,482,2000.0,3.597070790746404e-11,2.9653389600537074e-7,4.347191731093699e-11
1,483,2000.0,3.599212964399687e-11,2.992421120225858e-7,4.386894221886994e-11
1,484,2000.0,3.5961997692083537e-11,2.9211230284098383e-7,4.282371103497942e-11
1,485,2000.0,3.596648759501879e-11,2.9502945545495765e-7,4.32513660819281e-11
1,486,2000.0,3.5961262802424295e-11,2.9166028971610547e-7,4.2757445837466165e-11
1,487,2000.0,3.5972828090882764e-11,2.974080235377056e-7,4.3600064549133965e-11
1,488,2000.0,3.5968156365627894e-11,2.954071602326615e-7,4.330673766367804e-11
1,489,2000.0,3.596095737496685e-11,2.9142677806605557e-7,4.2723212991646997e-11
1,490,2000.0,3.5952029036780706e-11,2.832373406180115e-7,4.1522640131814424e-11
1,491,2000.0,3.596958776826815e-11,2.960225726569874e-7,4.339695722502604e-11
1,492,2000.0,3.9075728784838625e-11,2.7583627258768553e-7,4.043764235664904e-11
1,493,2000.0,3.600094672701412e-11,2.993561610096077e-7,4.388566181888868e-11
1,494,2000.0,3.5971499292629035e-11,2.966053247741355e-7,4.34823887800378e-11
1,495,2000.0,3.5987408852460486e-11,2.990084998379968e-7,4.3834694634671005e-11
1,496,2000.0,3.596777278784676e-11,2.952948618942964e-7,4.329027470903667e-11
1,497,2000.0,3.595332439577561e-11,2.8471001599735023e-7,4.1738534581585205e-11
1,498,2000.0,3.596297075965305e-11,2.9259696675736214e-7,4.289476284382899e-11
1,499,2000.0,3.5944915212246365e-11,2.7502662232386784e-7,4.031894749648768e-11
1,500,2000.0,3.5967318699012675e-11,2.950679232977328e-7,4.3257005473926053e-11
1,501,2000.0,3.5960114244433725e-11,2.909025488069422e-7,4.264636089712713e-11
1,502,2000.0,3.5961253548536264e-11,2.917407399602052e-7,4.2769239856316154e-11
1,503,2000.0,3.59691135912868e-11,2.95785262821973e-7,4.336216756467426e-11
1,504,2000.0,3.5965210971889534e-11,2.9406021820489216e-7,4.310927574366619e-11
1,505,2000.0,3.596632826415231e-11,2.945808234797557e-7,4.318559656150651e-11
1,506,2000.0,3.596753454944362e-11,2.951490573918524e-7,4.326889974530001e-11
1,507,2000.0,3.5973254463046773e-11,2.973262535605802e-7,4.3588077057208085e-11
1,508,2000.0,3.906203768558668e-11,2.6431762786768556e-7,3.8749007170090704e-11
1,509,2000.0,3.59435483798345e-11,2.7324652095797755e-7,4.005798434716304e-11
1,510,2000.0,3.906544152762676e-11,2.6751605307430123e-7,3.921789682479883e-11
1,511,2000.0,3.596391993342787e-11,2.934083646165033e-7,4.3013713901748586e-11
1,512,2000.0,3.908249741809085e-11,2.809322475262991e-7,4.1184713110226586e-11
1,513,2000.0,3.9093448696580346e-11,2.902670256544739e-7,4.2553193099767507e-11
1,514,2000.0,3.596528574718302e-11,2.940936227890434e-7,4.3114172861127605e-11
1,515,2000.0,3.596098352106815e-11,2.915194941511835e-7,4.273680518478367e-11
1,516,2000.0,3.5965283597914404e-11,2.9412358182095244e-7,4.311856486007076e-11
1,517,2000.0,3.595899201595177e-11,2.901021891840539e-7,4.2529028046434794e-11
1,518,2000.0,3.594677583867472e-11,2.7734359300921993e-7,4.0658615775232e-11
1,519,2000.0,3.907052220407139e-11,2.7191616507152037e-7,3.9862953958161105e-11
1,520,2000.0,3.596983467975546e-11,2.9604812441278174e-7,4.340070311657505e-11
1,521,2000.0,3.849539140806581e-11,2.941374238011395e-7,4.31205940966141e-11
1,522,2000.0,3.8474115555765575e-11,2.854397828674958e-7,4.184551852326132e-11
1,523,2000.0,3.90596131478541e-11,2.6186734525650636e-7,3.8389795341370525e-11
1,524,2000.0,3.8492187246919575e-11,2.9131614510099945e-7,4.270699418100318e-11
1,525,2000.0,3.846076740784806e-11,2.7807303776377147e-7,4.076555249470972e-11
1,526,2000.0,3.818544786660535e-11,2.8550770244400747e-7,4.1855475544207944e-11
1,527,2000.0,3.818478916957951e-11,2.8485235317208197e-7,4.175940123451617e-11
1,528,2000.0,3.8183737203593444e-11,2.838825420137834e-7,4.161722676121408e-11
1,529,2000.0,3.5980586966651694e-11,2.985525885214285e-7,4.376785796162295e-11
1,530,2000.0,3.596766884084764e-11,2.951364438937837e-7,4.326705060443473e-11
1,531,2000.0,3.597355162804657e-11,2.9726411426185605e-7,4.357896742592382e-11
1,532,2000.0,3.59785768180415e-11,2.9811192472659736e-7,4.370325657773773e-11
1,533,2000.0,3.9070816474585377e-11,2.721649209267003e-7,3.989942160692797e-11
1,534,2000.0,3.5951863008704226e-11,2.8319035026873585e-7,4.1515751338979473e-11
1,535,2000.0,3.909576214257511e-11,2.9412529267593565e-7,4.311881567168914e-11
1,536,2000.0,3.908957535339223e-11,2.8699824379125164e-7,4.2073989147775066e-11
1,537,2000.0,3.5957649493121607e-11,2.8889718751080466e-7,4.2352374605446443e-11
1,538,2000.0,3.9079495006157036e-11,2.784458321371599e-7,4.082020421038957e-11
1,539,2000.0,3.84681946286347e-11,2.439507636836774e-7,3.576322157317449e-11
1,540,2000.0,3.832274348489281e-11,2.7197378545338443e-7,3.987140111549982e-11
1,541,2000.0,3.5972462784215506e-11,2.9688506632772234e-7,4.352339893722314e-11
1,542,2000.0,3.834062434719947e-11,2.827294237706379e-7,4.144817943950471e-11
1,543,2000.0,3.832685556695016e-11,2.899845772686993e-7,4.251178612054386e-11
1,544,2000.0,3.8337056747757716e-11,2.760902832668701e-7,4.047488036346836e-11
1,545,2000.0,3.84950193758987e-11,2.717356241776356e-7,3.98364866337981e-11
1,546,2000.0,3.8329574376824226e-11,2.5343014953695586e-7,3.7152901078699634e-11
1,547,2000.0,3.834751886081202e-11,2.797345634656705e-7,4.100913243243678e-11
1,548,2000.0,3.595856318916167e-11,2.8984761561985775e-7,4.249170752058137e-11
1,549,2000.0,3.598433641288508e-11,2.9890294614090785e-7,4.381922044553604e-11
1,550,2000.0,3.596468315661192e-11,2.9390958577898713e-7,4.3087193005566084e-11
1,551,2000.0,3.816473896608875e-11,2.866162836992292e-7,4.2017993736254973e-11
1,552,2000.0,3.596609561447891e-11,2.9449653026237635e-7,4.317323916214964e-11
1,553,2000.0,3.817244132691412e-11,2.915383225165247e-7,4.2739565426200384e-11
1,554,2000.0,3.597578414784819e-11,2.977018164174719e-7,4.364313463301911e-11
1,555,2000.0,3.814384413931426e-11,2.7222409403381584e-7,3.9908096394040714e-11
1,556,2000.0,3.596916492334493e-11,2.9570433678002733e-7,4.3350303793782786e-11
1,557,2000.0,3.5967642896539076e-11,2.951671080733604e-7,4.3271545978140476e-11
1,558,2000.0,3.5972435924859356e-11,2.9694045250562526e-7,4.353151855989832e-11
1,559,2000.0,3.595604847906408e-11,2.853642386223339e-7,4.183444372465234e-11
1,560,2000.0,3.596969419164875e-11,2.9609959187238047e-7,4.3408248254510445e-11
1,561,2000.0,3.596263355636942e-11,2.9258315307052867e-7,4.289273775509589e-11
1,562,2000.0,3.8456829282198457e-11,2.8523687785842594e-7,4.181577261598028e-11
1,563,2000.0,3.5966403539587075e-11,2.947253843552417e-7,4.320678920932917e-11
1,564,2000.0,3.8158125777045374e-11,2.81355681375271e-7,4.1246788581250724e-11
1,565,2000.0,3.9081554995307865e-11,2.799689094258975e-7,4.1043487588263404e-11
1,566,2000.0,3.851637323642125e-11,2.997873490122146e-7,4.3948874050094985e-11
1,567,2000.0,3.8437726031575924e-11,2.7094752856818775e-7,3.972095168946779e-11
1,568,2000.0,3.844062841634669e-11,2.673255093839176e-7,3.918996308884465e-11
1,569,2000.0,3.593151901038004e-11,2.970084797764777e-7,4.354149136885279e-11
1,570,2000.0,3.843563152556013e-11,2.723320492130489e-7,3.992392264084799e-11
1,571,2000.0,3.908081670025433e-11,2.7719576698237834e-7,4.063694445569035e-11
1,572,2000.0,3.597734947990812e-11,2.9762725990516536e-7,4.363220463620714e-11
1,573,2000.0,3.905488214302352e-11,2.6016764238642067e-7,3.81406186245874e-11
1,574,2000.0,3.907563958513334e-11,2.69190660274905e-7,3.946339451236042e-11
1,575,2000.0,3.7245234490783676e-11,1.9479478350171368e-7,2.855694689565944e-11
1,576,2000.0,3.5975289836799045e-11,2.9625021474644504e-7,4.343032959230918e-11
1,577,2000.0,3.909300419018087e-11,2.7182645939760985e-7,3.984980309179779e-11
1,578,2000.0,3.5963627935383906e-11,2.9257333546174837e-7,4.289129849205434e-11
1,579,2000.0,3.8498680991249674e-11,2.6888410981080163e-7,3.941845416453964e-11
1,580,2000.0,3.849030337794017e-11,2.9234263508934134e-7,4.285747777999416e-11
1,581,2000.0,3.596168465777989e-11,2.919860604470869e-7,4.2805203879532604e-11
1,582,2000.0,3.841796449957961e-11,2.6932344893288576e-7,3.948286135118503e-11
1,583,2000.0,3.849562754337057e-11,2.920888785324863e-7,4.282027702754962e-11
1,584,2000.0,3.597406673773049e-11,2.973127136736694e-7,4.3586092107588107e-11
1,585,2000.0,3.594537721564447e-11,2.981964456962648e-7,4.371564736561702e-11
1,586,2000.0,3.851543314493624e-11,2.998314069775465e-7,4.3955332954967573e-11
1,587,2000.0,3.8503550256424837e-11,2.955085229064481e-7,4.332159744811626e-11
1,588,2000.0,3.593490340826589e-11,2.9408791227353394e-7,4.311333569862654e-11
1,589,2000.0,3.59248530447934e-11,2.903852866271752e-7,4.257053017757088e-11
1,590,2000.0,3.5944135553339314e-11,2.971830162966022e-7,4.3567078451047446e-11
1,591,2000.0,3.848556650324276e-11,2.943267716712874e-7,4.314835252512751e-11
1,592,2000.0,3.5962764308518727e-11,2.926636131449323e-7,4.290453321507003e-11
1,593,2000.0,3.847686844881942e-11,2.8689489953962275e-7,4.205883886370336e-11
1,594,2000.0,3.5960901192356503e-11,2.993302290691419e-7,4.38818601922051e-11
1,595,2000.0,3.590953490238535e-11,2.8496963401097e-7,4.177659462454335e-11
1,596,2000.0,3.592666070676734e-11,2.9112955241853253e-7,4.2679639663451235e-11
1,597,2000.0,3.8466354027330745e-11,2.799737444905185e-7,4.1044196409522045e-11
1,598,2000.0,3.835800368608528e-11,2.7080725616742615e-7,3.970038773273617e-11
1,599,2000.0,3.84689020851433e-11,2.828870773347611e-7,4.147129147760781e-11
1,600,2000.0,3.840447979493186e-11,2.588176061513725e-7,3.7942703093285975e-11
1,601,2000.0,3.5920838018290504e-11,2.8933798381283416e-7,4.241699541490846e-11
1,602,2000.0,3.8476371455918125e-11,2.8626156511006514e-7,4.196599193347788e-11
1,603,2000.0,3.847159679127046e-11,2.847114077318414e-7,4.173873861008763e-11
1,604,2000.0,3.8413532932766324e-11,2.5425833955276567e-7,3.7274313869513855e-11
1,605,2000.0,3.594170756963391e-11,2.962709368392036e-7,4.343336745447282e-11
1,606,2000.0,3.847940223946595e-11,2.8848274585870634e-7,4.229161739194428e-11
1,607,2000.0,3.868595623320575e-11,2.9884047644642895e-7,4.3810062378180474e-11
1,608,2000.0,3.842039110043858e-11,2.6193294099215895e-7,3.8399411686869824e-11
1,609,2000.0,3.8408579772048004e-11,2.665433253659028e-7,3.907529478477847e-11
1,610,2000.0,3.845629594642597e-11,2.866548149416788e-7,4.202364242265548e-11
1,611,2000.0,3.847087281749454e-11,2.8789345630291434e-7,4.220522744736565e-11
1,612,2000.0,3.846867259972512e-11,2.9101848960968187e-7,4.266335783763733e-11
1,613,2000.0,3.8472748941698696e-11,2.9061197223590687e-7,4.260376232462426e-11
1,614,2000.0,3.8426279217199936e-11,2.784655444990332e-7,4.082309404584144e-11
1,615,2000.0,3.8477220543836586e-11,2.886043775131419e-7,4.230944861223729e-11
1,616,2000.0,3.596919845003846e-11,2.9581603810816186e-7,4.3366679226627393e-11
1,617,2000.0,3.84961773923756e-11,2.9825473533621055e-7,4.3724192636299195e-11
1,618,2000.0,3.8492872002719684e-11,2.967458708519308e-7,4.350299285786702e-11
1,619,2000.0,3.597009939726197e-11,2.9614613200207037e-7,4.341507104508101e-11
1,620,2000.0,3.597195792835982e-11,2.967418251292435e-7,4.350239975426405e-11
1,621,2000.0,3.848672585282396e-11,2.9381618455643637e-7,4.3073500371171965e-11
1,622,2000.0,3.849148979932757e-11,2.962376843892161e-7,4.342849263990451e-11
1,623,2000.0,3.5956557002961314e-11,2.8791901542285137e-7,4.220897441849917e-11
1,624,2000.0,3.595740864969797e-11,2.886802738209924e-7,4.232057502329359e-11
1,625,2000.0,3.845926644205625e-11,2.761094910902437e-7,4.047769623349424e-11
1,626,2000.0,3.847339662768957e-11,2.842687489161364e-7,4.167384475581831e-11
1,627,2000.0,3.8442382722672614e-11,2.7734846281113496e-7,4.065932968898359e-11
1,628,2000.0,3.845857683800815e-11,2.8145027073843294e-7,4.1260655397251407e-11
1,629,2000.0,3.844992063194324e-11,2.726301456265998e-7,3.9967623623484857e-11
1,630,2000.0,3.597134556512854e-11,2.965580730682172e-7,4.347546167227659e-11
1,631,2000.0,3.595701644244758e-11,2.883053707475986e-7,4.2265614171850496e-11
1,632,2000.0,3.843504880324854e-11,2.857661015918023e-7,4.1893356901238205e-11
1,633,2000.0,3.791169468831068e-11,2.7542610136793906e-7,4.037751118922317e-11
1,634,2000.0,3.792596856706888e-11,2.658403761147752e-7,3.897224231040551e-11
1,635,2000.0,3.783864478187622e-11,2.5695734148615925e-7,3.7669987991262223e-11
1,636,2000.0,3.7930916445285836e-11,2.666658168909456e-7,3.909325206224213e-11
1,637,2000.0,3.589276449117699e-11,2.8350474015471364e-7,4.156184094732014e-11
1,638,2000.0,3.8158678762299286e-11,2.4608731402619936e-7,3.6076440200359985e-11
1,639,2000.0,3.824471101549591e-11,2.5221664322402705e-7,3.697500085615312e-11
1,640,2000.0,3.77556795908201e-11,2.2962387615377337e-7,3.3662897534630846e-11
1,641,2000.0,3.837809026282883e-11,2.576124667083503e-7,3.776602945522653e-11
1,642,2000.0,3.593879731879956e-11,2.955735108261686e-7,4.33311246877012e-11
1,643,2000.0,3.58802706961158e-11,2.7953640001092825e-7,4.098008163779019e-11
1,644,2000.0,3.5938980023060264e-11,2.960064354684316e-7,4.339459151056311e-11
1,645,2000.0,3.582579623839861e-11,2.726004815614911e-7,3.9963274866722534e-11
1,646,2000.0,3.592833815138396e-11,2.9307429849689456e-7,4.2964739754362225e-11
1,647,2000.0,3.842600483261683e-11,2.8012501703841415e-7,4.1066372989609927e-11
1,648,2000.0,3.9066451824377156e-11,2.684057149530735e-7,3.934832140070627e-11
1,649,2000.0,3.8436049113162255e-11,2.8062328615968677e-7,4.113941932370647e-11
1,650,2000.0,3.8364006792537264e-11,2.678047833922409e-7,3.926022473629805e-11
1,651,2000.0,3.5876785167694185e-11,2.8348861861623555e-7,4.155947752716115e-11
1,652,2000.0,3.588146869073822e-11,2.83562078355374e-7,4.157024673684857e-11
1,653,2000.0,3.5889913905386326e-11,2.8720724848986807e-7,4.2104629270534207e-11
1,654,2000.0,3.5904016877389414e-11,2.876529769200643e-7,4.216997313078643e-11
1,655,2000.0,3.827055580302395e-11,2.588317663777264e-7,3.794477898476905e-11
1,656,2000.0,3.793701331430727e-11,2.4215543810040105e-7,3.5500026551108665e-11
1,657,2000.0,3.59438627899468e-11,2.73655840991877e-7,4.01179907306055e-11
1,658,2000.0,3.7770037794157887e-11,2.0765247417868661e-7,3.044188643696857e-11
1,659,2000.0,3.826472835988738e-11,2.325546572467907e-7,3.409255051882055e-11
1,660,2000.0,3.595176366730969e-11,2.830754566730339e-7,4.149890791919106e-11
1,661,2000.0,3.829134461783624e-11,2.6452072310493284e-7,3.8778780964853446e-11
1,662,2000.0,3.8627048018328037e-11,2.6398885157546787e-7,3.870080851225894e-11
1,663,2000.0,3.826722538533e-11,2.6028850903522916e-7,3.815833769493124e-11
1,664,2000.0,3.820028811408497e-11,2.461997419894634e-7,3.6092922158032586e-11
1,665,2000.0,3.846296447086243e-11,2.910276103724506e-7,4.266469494294042e-11
1,666,2000.0,3.8467871659501954e-11,2.93042720272643e-7,4.2960110381558705e-11
1,667,2000.0,3.843938672056701e-11,2.76390136234147e-7,4.051883885716671e-11
1,668,2000.0,3.8476221105194764e-11,2.968752057957017e-7,4.352195338162759e-11
1,669,2000.0,3.5946636975158907e-11,2.771751375078907e-7,4.0633920171380275e-11
1,670,2000.0,3.845863126983883e-11,2.887950112132098e-7,4.2337395543625795e-11
1,671,2000.0,3.8445046539614733e-11,2.8857620013238356e-7,4.230531780364216e-11
1,672,2000.0,3.847535528440738e-11,2.965691354236528e-7,4.3477083415379954e-11
1,673,2000.0,3.8458813877168515e-11,2.879398058456001e-7,4.2212022297850464e-11
1,674,2000.0,3.844457783250833e-11,2.8193573948755687e-7,4.1331825194712185e-11
1,675,2000.0,3.8185157759741574e-11,2.5704336119649337e-7,3.768259849476664e-11
1,676,2000.0,3.59391109052863e-11,2.9657711475301244e-7,4.347825318635991e-11
1,677,2000.0,3.5975665622129246e-11,2.976975921621691e-7,4.364251535650571e-11
1,678,2000.0,3.84595481154415e-11,2.870001049208006e-7,4.207426198966918e-11
1,679,2000.0,3.845593694931653e-11,2.8747172581804317e-7,4.21434016897953e-11
1,680,2000.0,3.820858901962485e-11,2.2299968649386428e-7,3.269179025473217e-11
1,681,2000.0,3.846423108997929e-11,2.903197057338942e-7,4.2560916007965664e-11
1,682,2000.0,3.5967477690691867e-11,2.951247125072803e-7,4.3265330781268174e-11
1,683,2000.0,3.5954369610676315e-11,2.858641014652082e-7,4.190772369859451e-11
1,684,2000.0,3.588589283269459e-11,2.799329821257212e-7,4.103822064022303e-11
1,685,2000.0,3.591292818274779e-11,2.8754706436756375e-7,4.215444633338985e-11
1,686,2000.0,3.843166900085893e-11,2.717510253868633e-7,3.9838744453572004e-11
1,687,2000.0,3.5810415591231664e-11,2.708469906236049e-7,3.970621281046477e-11
1,688,2000.0,3.82880704896263e-11,2.4275361689218797e-7,3.558771965912774e-11
1,689,2000.0,3.843911800359575e-11,2.7468030470317045e-7,4.0268177277052115e-11
1,690,2000.0,3.8410758699327116e-11,2.604038625320952e-7,3.8175248536304994e-11
1,691,2000.0,3.5785883332767175e-11,2.693723739071096e-7,3.949003376035157e-11
1,692,2000.0,3.596175417367083e-11,2.920308557145568e-7,4.2811770873018354e-11
1,693,2000.0,3.586141676943622e-11,2.750301843120504e-7,4.031946968453371e-11
1,694,2000.0,3.906678692709419e-11,2.686954151056768e-7,3.939079149012467e-11
1,695,2000.0,3.84383887302136e-11,2.761219272022028e-7,4.047951936952705e-11
1,696,2000.0,3.5931467591555164e-11,2.942812088298918e-7,4.3141673005179607e-11
1,697,2000.0,3.8670620173850944e-11,2.9077076227841614e-7,4.262704097064332e-11
1,698,2000.0,3.8673924758448415e-11,2.9116733977628194e-7,4.268517929623389e-11
1,699,2000.0,3.8599407820063455e-11,2.5742099645764094e-7,3.7737959885378134e-11
1,700,2000.0,3.593727978855691e-11,2.956767194457547e-7,4.334625508809341e-11
1,701,2000.0,3.5941621958778236e-11,2.965879913860191e-7,4.3479847702525034e-11
1,702,2000.0,3.8459602369273535e-11,2.8728474327143225e-7,4.2115990018096525e-11
1,703,2000.0,3.595239290154731e-11,2.987307441459555e-7,4.379397560511075e-11
1,704,2000.0,3.854710267888096e-11,2.4895229473040416e-7,3.649644683686391e-11
1,705,2000.0,3.864493693833157e-11,2.7666531244676323e-7,4.0559179734624354e-11
1,706,2000.0,3.868895674318513e-11,3.002266832753771e-7,4.401328052442166e-11
1,707,2000.0,3.867213466772393e-11,2.891788845739871e-7,4.2393671440656064e-11
1,708,2000.0,3.5957327133622975e-11,2.8860676066304303e-7,4.2309797982399813e-11
1,709,2000.0,3.5971396857589333e-11,2.965739294091538e-7,4.3477786214432935e-11
1,710,2000.0,3.599086949808764e-11,2.9921159436594174e-7,4.3864468325449907e-11
1,711,2000.0,3.867894625006855e-11,2.946353747581825e-7,4.3193593787782906e-11
1,712,2000.0,3.59455886639108e-11,2.978015207770184e-7,4.3657751308320434e-11
1,713,2000.0,3.5948343678569986e-11,2.983971770404734e-7,4.3745074613276395e-11
1,714,2000.0,3.595836789440984e-11,2.9922507607682916e-7,4.3866444746455406e-11
1,715,2000.0,3.59638990573891e-11,2.9937777636417986e-7,4.388883063337926e-11
1,716,2000.0,3.596042137780808e-11,2.9929356350279413e-7,4.38764850142241e-11
1,717,2000.0,3.5947263084427365e-11,2.9824322581026574e-7,4.372250533792656e-11
1,718,2000.0,3.596117610692463e-11,2.993182452924691e-7,4.388010336859872e-11
1,719,2000.0,3.596478225313069e-11,2.993964432010695e-7,4.389156719469874e-11
1,720,2000.0,3.596106570169556e-11,2.9931663769903357e-7,4.387986769514e-11
1,721,2000.0,3.5975120464553584e-11,2.9747427148240073e-7,4.3609776508584806e-11
1,722,2000.0,3.8160419266213265e-11,2.958489149869174e-7,4.33714989823921e-11
1,723,2000.0,3.5968113645298255e-11,2.9539731138643845e-7,4.33052938212223e-11
1,724,2000.0,3.5956213092472856e-11,2.8765280977899506e-7,4.2169948627878543e-11
1,725,2000.0,3.590368886693829e-11,2.855775427786478e-7,4.186571414860816e-11
1,726,2000.0,3.777247333339607e-11,2.5500045796728543e-7,3.7383108549601096e-11
1,727,2000.0,3.811593786926541e-11,2.8287486036355786e-7,4.1469500467645405e-11
1,728,2000.0,3.907321843107942e-11,2.740558761601712e-7,4.0176635951242395e-11
1,729,2000.0,3.816126038611379e-11,2.9706819969681576e-7,4.3550246318872757e-11
1,730,2000.0,3.805087408357851e-11,2.772006386821424e-7,4.063765864766692e-11
1,731,2000.0,3.597286303848301e-11,2.9685479866230925e-7,4.3518961692558167e-11
1,732,2000.0,3.903250576472742e-11,2.3400778343483677e-7,3.430557905397307e-11
1,733,2000.0,3.8031392526027434e-11,2.841253219911008e-7,4.165281834531583e-11
1,734,2000.0,3.5884245034605706e-11,2.791362636654754e-7,4.092142158456541e-11
1,735,2000.0,3.593065806480098e-11,2.9361077360778547e-7,4.304338709274139e-11
1,736,2000.0,3.5968548405218445e-11,2.955628762451593e-7,4.332956565639821e-11
1,737,2000.0,3.9070212250208855e-11,2.716641097396789e-7,3.9826002605579837e-11
1,738,2000.0,3.8433279139296656e-11,2.722093113554057e-7,3.990592925098511e-11
1,739,2000.0,3.843288280330391e-11,2.719762644499006e-7,3.987176453679167e-11
1,740,2000.0,3.5878306173266105e-11,2.875738958042413e-7,4.2158379826364154e-11
1,741,2000.0,3.586524980338172e-11,2.863916664014311e-7,4.198506480392034e-11
1,742,2000.0,3.831895620286358e-11,2.529075796193515e-7,3.707629224391445e-11
1,743,2000.0,3.824212238386604e-11,2.584813907631029e-7,3.789341386276491e-11
1,744,2000.0,3.8447649699516465e-11,2.828927298002959e-7,4.1472120129973167e-11
1,745,2000.0,3.862402342963328e-11,2.7277894249943033e-7,3.9989437269206144e-11
1,746,2000.0,3.906063818059529e-11,2.6293791133092713e-7,3.8546740501738534e-11
1,747,2000.0,3.5948159289543626e-11,2.9848979104129053e-7,4.375865184083653e-11
1,748,2000.0,3.591787853294768e-11,2.91692544107491e-7,4.276217433648134e-11
1,749,2000.0,3.865630086912939e-11,2.835669262949328e-7,4.1570957445575185e-11
1,750,2000.0,3.864585548810686e-11,2.828463786188023e-7,4.146532503923886e-11
1,751,2000.0,3.833340508301352e-11,2.5029159663667016e-7,3.669278871382263e-11
1,752,2000.0,3.811566167578784e-11,2.8597356332419436e-7,4.1923770824898273e-11
1,753,2000.0,3.790096636338147e-11,2.407896250504008e-7,3.529979813617314e-11
1,754,2000.0,3.5844812494397575e-11,2.7771768733505336e-7,4.0713458064151404e-11
1,755,2000.0,3.590367364360058e-11,2.886699492013646e-7,4.231906143237945e-11
1,756,2000.0,3.59578777434933e-11,2.8858052889604393e-7,4.2305952401097756e-11
1,757,2000.0,3.816799773551568e-11,2.985183574583302e-7,4.376283968221367e-11
1,758,2000.0,3.812107669400938e-11,2.832168861177683e-7,4.151964149875699e-11
1,759,2000.0,3.801089883016613e-11,2.7165050737934896e-7,3.9824008497346464e-11
1,760,2000.0,3.598910270392283e-11,2.9923067999166646e-7,4.386726628128062e-11
1,761,2000.0,3.867687244464134e-11,2.962212494233117e-7,4.3426083271233925e-11
1,762,2000.0,3.866243222199606e-11,2.8476049882636457e-7,4.1745935372517025e-11
1,763,2000.0,3.867942279850478e-11,2.9498076990466866e-7,4.32442287723493e-11
1,764,2000.0,3.8647411446940137e-11,2.8730022617477864e-7,4.2118259814241494e-11
1,765,2000.0,3.59287044588121e-11,2.9230978309017725e-7,4.28526616715816e-11
1,766,2000.0,3.587441493763282e-11,2.764733547717392e-7,4.053103870829227e-11
1,767,2000.0,3.591829178567156e-11,2.889888946547639e-7,4.2365818887643936e-11
1,768,2000.0,3.591181399150194e-11,2.863441052207398e-7,4.197809232710714e-11
1,769,2000.0,3.5874929733789805e-11,2.776114604605943e-7,4.0697885187104655e-11
1,770,2000.0,3.592043084136447e-11,2.8979872885122375e-7,4.248454071236051e-11
1,771,2000.0,3.593134015867944e-11,2.9314518961065625e-7,4.2975132403152273e-11
1,772,2000.0,3.586168709259268e-11,2.7441804232650334e-7,4.022972957004179e-11
1,773,2000.0,3.590743214655754e-11,2.859736266830149e-7,4.192378011331165e-11
1,774,2000.0,3.806506742801975e-11,2.461839360834757e-7,3.609060500964794e-11
1,775,2000.0,3.596692314894073e-11,2.949634881083922e-7,4.3241695258208635e-11
1,776,2000.0,3.906773630982462e-11,2.695425880238534e-7,3.951498717750865e-11
1,777,2000.0,3.587949986491458e-11,2.8710238783026614e-7,4.208925668080739e-11
1,778,2000.0,3.580150351600172e-11,2.710233164424956e-7,3.973206220414913e-11
1,779,2000.0,3.589015444394595e-11,2.831502599170716e-7,4.150987408691489e-11
1,780,2000.0,3.5923047314932305e-11,2.9181900040598946e-7,4.278071285037748e-11
2,1,1800.0,3.923141379673273e-11,2.1699721375164685e-7,3.181182677593275e-11
2,2,1800.0,4.002697193194353e-11,2.725509230916815e-7,3.995600958700025e-11
2,3,1800.0,4.0023989681112216e-11,2.721521934305396e-7,3.989755575392389e-11
2,4,1800.0,3.9758772285773494e-11,2.3153475364246866e-7,3.39430324847965e-11
2,5,1800.0,3.987123186602164e-11,2.3690378850600572e-7,3.473013386771225e-11
2,6,1800.0,4.006708895595601e-11,2.2996128458694542e-7,3.3712361665728365e-11
2,7,1800.0,3.963463483429695e-11,2.2813850787480042e-7,3.344514230371238e-11
2,8,1800.0,3.998231618101997e-11,2.624804339127964e-7,3.8479674237947097e-11
2,9,1800.0,3.9979026143245084e-11,2.603491136163637e-7,3.816722233636763e-11
2,10,1800.0,3.978527988061411e-11,2.3267074705163978e-7,3.4109569303064186e-11
2,11,1800.0,3.997574556614755e-11,2.579657829371155e-7,3.781782567174141e-11
2,12,1800.0,3.8969404590695764e-11,2.1897639473463812e-7,3.210197502945456e-11
2,13,1800.0,3.8546525315732335e-11,2.3456203622460344e-7,3.438683260296248e-11
2,14,1800.0,3.723493363207918e-11,2.0680430815998164e-7,3.0317545160885844e-11
2,15,1800.0,3.511216887659779e-11,2.1724347328050576e-7,3.184792846285555e-11
2,16,1800.0,3.993005402246505e-11,2.420712153521842e-7,3.548767948254245e-11
2,17,1800.0,3.722279193580529e-11,2.2635360500865785e-7,3.318347525367099e-11
2,18,1800.0,3.213727318750622e-11,1.931942284537394e-7,2.8322305265699264e-11
2,19,1800.0,3.6728566141214696e-11,2.0742978780613348e-7,3.040924057858843e-11
2,20,1800.0,2.587441453497235e-11,1.640580573026324e-7,2.4050937843287326e-11
2,21,1800.0,3.6421221912019574e-11,2.0254603898934539e-7,2.969328220893563e-11
2,22,1800.0,3.277861753227691e-11,1.9160420917911837e-7,2.808920818182367e-11
2,23,1800.0,3.1514789633181906e-11,1.8849372224861274e-7,2.7633210292674286e-11
2,24,1800.0,2.8344923868059404e-11,1.7523293699387058e-7,2.5689177020802384e-11
2,25,1800.0,2.6431948956615198e-11,1.666525139507023e-7,2.4431285609229273e-11
2,26,1800.0,3.4225778081672906e-11,1.9611669571718813e-7,2.8750739441124064e-11
2,27,1800.0,3.182456399849e-11,1.9213360116124823e-7,2.816681713237617e-11
2,28,1800.0,3.071041033967278e-11,1.8459019939507837e-7,2.7060953208421344e-11
2,29,1800.0,2.824751354258639e-11,1.7469681773232488e-7,2.5610581849995018e-11
2,30,1800.0,2.667936551069871e-11,1.6749034569915778e-7,2.4554111879615155e-11
2,31,1800.0,3.160879860872735e-11,1.8725798405364484e-7,2.7452050872610426e-11
2,32,1800.0,3.5478697151606904e-11,2.0035948387225564e-7,2.9372732873677816e-11
2,33,1800.0,3.061402083223819e-11,1.8406712956620113e-7,2.6984271086562377e-11
2,34,1800.0,2.9033316039279854e-11,1.7762675141176683e-7,2.6040110603216954e-11
2,35,1800.0,2.921813805352953e-11,1.7860192022063043e-7,2.6183070508961948e-11
2,36,1800.0,2.5921858373487656e-11,1.6393836430137953e-7,2.403339082986573e-11
2,37,1800.0,2.9341581347229354e-11,1.7918216312885502e-7,2.6268134213538038e-11
2,38,1800.0,3.4142948393405936e-11,1.9927200119619574e-7,2.9213307736762286e-11
2,39,1800.0,2.7842809677196366e-11,1.7481546730795502e-7,2.562797589705087e-11
2,40,1800.0,2.8003371844550276e-11,1.7364163174242334e-7,2.5455891412515228e-11
2,41,1800.0,2.8531186857704324e-11,1.7565537710798477e-7,2.575110681013501e-11
2,42,1800.0,2.844448582301119e-11,1.7721014798042554e-7,2.5979036472526705e-11
2,43,1800.0,3.4101368429424526e-11,1.9676003328253568e-7,2.884505283268083e-11
2,44,1800.0,3.1843751192409517e-11,1.8912189633355386e-7,2.7725300715540955e-11
2,45,1800.0,2.968128465427861e-11,1.8068524618757465e-7,2.648848643404421e-11
2,46,1800.0,3.2037914394072215e-11,1.8994304107841467e-7,2.784568066848992e-11
2,47,1800.0,3.141853230388654e-11,1.881631501947549e-7,2.7584748375894446e-11
2,48,1800.0,3.206419159562591e-11,1.8981198866591294e-7,2.7826468363534498e-11
2,49,1800.0,3.654708049487601e-11,2.0662707661553892e-7,3.0291562987688474e-11
2,50,1800.0,3.785847927029628e-11,2.1227072371505906e-7,3.111892256899585e-11
2,51,1800.0,3.4885644258433015e-11,1.9899561173048355e-7,2.917278899620374e-11
2,52,1800.0,3.424306209281689e-11,1.9965490020299479e-7,2.9269440793341105e-11
2,53,1800.0,3.418459232652688e-11,1.966103542674144e-7,2.8823109864756454e-11
2,54,1800.0,3.3384671042673046e-11,1.9349587032992408e-7,2.8366526013734015e-11
2,55,1800.0,3.681149647827697e-11,2.076650673603064e-7,3.0443732599439136e-11
2,56,1800.0,3.586976154620607e-11,2.010089876249795e-7,2.946795022930533e-11
2,57,1800.0,3.5078361282e-11,2.0188508297691297e-7,2.9596385950175016e-11
2,58,1800.0,3.814074432995561e-11,2.1316940264979476e-7,3.125066904677188e-11
2,59,1800.0,2.940562620973043e-11,1.7933477159921054e-7,2.629050664007548e-11
2,60,1800.0,3.983964477165601e-11,2.3467468513998037e-7,3.4403346952250713e-11
2,61,1800.0,2.7191460266815334e-11,1.6996920765494077e-7,2.4917513444895485e-11
2,62,1800.0,3.901612183700312e-11,2.19745666059781e-7,3.221475033064874e-11
2,63,1800.0,3.1418532303886446e-11,1.8816315019475498e-7,2.7584748375894456e-11
2,64,1800.0,3.1743607246319245e-11,1.888687494996056e-7,2.7688189348573566e-11
2,65,1800.0,2.686837728296599e-11,1.6821652953266603e-7,2.4660570547538362e-11
2,66,1800.0,3.988554805747857e-11,2.3832813193247844e-7,3.493894284534385e-11
2,67,1800.0,3.965190283686189e-11,2.2898964293174565e-7,3.356991884128329e-11
2,68,1800.0,3.567561878440928e-11,2.0387907234144395e-7,2.98887051148354e-11
2,69,1800.0,3.9556315010471805e-11,2.267712739188341e-7,3.324470558373148e-11
2,70,1800.0,2.7943997836986677e-11,1.7337084771509462e-7,2.5416194430134017e-11
2,71,1800.0,3.344970703376503e-11,1.9750106556997894e-7,2.895368828636227e-11
2,72,1800.0,3.2616069523955644e-11,1.9215608730290233e-7,2.817011360439437e-11
2,73,1800.0,2.9779967685409565e-11,1.845558954660345e-7,2.7055924246852622e-11
2,74,1800.0,3.99825157574679e-11,2.6253384796283637e-7,3.84875047463573e-11
2,75,1800.0,3.432050222008209e-11,1.974686962509091e-7,2.894894293892991e-11
2,76,1800.0,2.8499857913842658e-11,1.755912063253421e-7,2.5741699362978383e-11
2,77,1800.0,3.928487154664443e-11,2.2218543757050922e-7,3.2572421230335814e-11
2,78,1800.0,3.127082369606606e-11,1.8679156320979698e-7,2.7383673501156454e-11
2,79,1800.0,2.6968598692281274e-11,1.7327426823498188e-7,2.5402035862665164e-11
2,80,1800.0,3.052427214034176e-11,1.870037172782309e-7,2.741477532204229e-11
2,81,1800.0,3.4724943586984457e-11,2.0098030189014766e-7,2.946374489592047e-11
2,82,1800.0,4.027514573663402e-11,2.5730812514406336e-7,3.7721412932477565e-11
2,83,1800.0,3.999955547565821e-11,2.2786815514438634e-7,3.34055085495289e-11
2,84,1800.0,4.0228051120413385e-11,2.402979739562485e-7,3.5227722005927196e-11
2,85,1800.0,2.8103635785070547e-11,1.7585935790678452e-7,2.5781010428365153e-11
2,86,1800.0,4.021585329729243e-11,2.387748025654213e-7,3.500442483267175e-11
2,87,1800.0,4.016489408506402e-11,2.3461999225114926e-7,3.4395328965866047e-11
2,88,1800.0,3.691832315109416e-11,2.055776351108598e-7,3.013771469267518e-11
2,89,1800.0,4.029971110848197e-11,2.777206995120944e-7,4.071389964979478e-11
2,90,1800.0,3.956048332925264e-11,2.2016010258147208e-7,3.227550679203236e-11
2,91,1800.0,3.936928559880011e-11,2.181436252804388e-7,3.197989089222874e-11
2,92,1800.0,3.845399369368197e-11,2.121362930183738e-7,3.10992150070305e-11
2,93,1800.0,4.030594810204849e-11,2.8586795618279585e-7,4.190828880081886e-11
2,94,1800.0,3.4642749341538235e-11,1.9857505226236628e-7,2.911113490987968e-11
2,95,1800.0,2.5990089559446203e-11,1.6694586918044906e-7,2.447429153355049e-11
2,96,1800.0,2.8347874209384986e-11,1.6885975504864585e-7,2.475486751263962e-11
2,97,1800.0,3.043762852242788e-11,1.8534339711253635e-7,2.7171372116118582e-11
2,98,1800.0,2.811759625995549e-11,1.680038454448822e-7,2.462939102572975e-11
2,99,1800.0,2.6288359818903045e-11,1.68212038191283e-7,2.4659912116162224e-11
2,100,1800.0,3.805787239688261e-11,2.1053176207769733e-7,3.0863990510554505e-11
2,101,1800.0,3.3362753042560085e-11,1.9138697175427254e-7,2.8057361140062318e-11
2,102,1800.0,3.3863456047602006e-11,1.9689095482134146e-7,2.886424595153117e-11
2,103,1800.0,3.606949982417463e-11,2.0306490808574883e-7,2.9769348502731744e-11
2,104,1800.0,3.75088072935622e-11,2.0822404438380328e-7,3.0525678721860607e-11
2,105,1800.0,3.336109971166494e-11,1.913942144049126e-7,2.8058422913822342e-11
2,106,1800.0,3.0010556503018165e-11,1.7879506865909237e-7,2.6211386101407414e-11
2,107,1800.0,3.0979568565163207e-11,1.798615635974858e-7,2.6367734432572672e-11
2,108,1800.0,3.149068588130237e-11,1.884113198408218e-7,2.7621130086310142e-11
2,109,1800.0,3.284579610680134e-11,1.9399209194672528e-7,2.8439272183342535e-11
2,110,1800.0,3.1926228464851044e-11,1.8367219592161083e-7,2.692637375012896e-11
2,111,1800.0,3.4835495740989436e-11,1.9963323734950005e-7,2.9266265015500765e-11
2,112,1800.0,3.5980777536651515e-11,2.032552759756755e-7,2.979725646631038e-11
2,113,1800.0,3.8841097805632976e-11,2.1490978221291336e-7,3.1505808973359453e-11
2,114,1800.0,3.243905920847625e-11,1.9253073046508583e-7,2.822503635281182e-11
2,115,1800.0,3.250692506393357e-11,1.9280187335224614e-7,2.8264785944102622e-11
2,116,1800.0,3.273940844621283e-11,1.9351860550917625e-7,2.8369858994704536e-11
2,117,1800.0,3.680152911177064e-11,2.0577699583576504e-7,3.0166941007322095e-11
2,118,1800.0,3.316147149816641e-11,1.9480787607815417e-7,2.8558866269491825e-11
2,119,1800.0,3.155203404206545e-11,1.8951369347915908e-7,2.77827382407138e-11
2,120,1800.0,3.3295816964777034e-11,1.95499501504857e-7,2.8660258669365135e-11
2,121,1800.0,3.6755769866715714e-11,2.0559516437704888e-7,3.014028448594522e-11
2,122,1800.0,3.3626370845394266e-11,1.9643310961674732e-7,2.8797125770184464e-11
2,123,1800.0,3.296185911450569e-11,1.9443212242052231e-7,2.8503780722261304e-11
2,124,1800.0,3.340352895636414e-11,1.9590935705103573e-7,2.8720343558994712e-11
2,125,1800.0,3.695608247857578e-11,2.0653022386771418e-7,3.027736435912866e-11
2,126,1800.0,3.40781369558369e-11,1.980573973978755e-7,2.9035246622679153e-11
2,127,1800.0,3.8963548443773746e-11,2.1594915536645544e-7,3.165818124646097e-11
2,128,1800.0,3.801184170573049e-11,2.104918361186632e-7,3.08581373584762e-11
2,129,1800.0,3.690762759989429e-11,2.060250073171703e-7,3.0203299530772707e-11
2,130,1800.0,3.4570821599242166e-11,1.9915942352721815e-7,2.919680383220776e-11
2,131,1800.0,3.621089906468097e-11,2.0384527880477695e-7,2.988375097687201e-11
2,132,1800.0,3.390506261046254e-11,1.9748398053241633e-7,2.895118361708101e-11
2,133,1800.0,3.338044345352389e-11,1.919075532064678e-7,2.8133678465495597e-11
2,134,1800.0,3.679586478677687e-11,2.0579049466821858e-7,3.016891993835197e-11
2,135,1800.0,3.9405376915738894e-11,2.191565041737943e-7,3.2128379102484296e-11
2,136,1800.0,3.3294130279266296e-11,1.9543266916006558e-7,2.8650461036765264e-11
2,137,1800.0,2.6874921159410804e-11,1.7080109621962723e-7,2.503946844357566e-11
2,138,1800.0,2.8970909862779887e-11,1.7222029454305606e-7,2.5247523148265483e-11
2,139,1800.0,4.025985963502113e-11,2.089268732187136e-7,3.062871354319655e-11
2,140,1800.0,2.6472614713652277e-11,1.6093827892323538e-7,2.3593577826221548e-11
2,141,1800.0,3.176575008051293e-11,1.825146293638453e-7,2.6756674304773888e-11
2,142,1800.0,3.35965946002314e-11,1.9214548187664819e-7,2.8168558847183212e-11
2,143,1800.0,3.6258371828154504e-11,1.997850206367878e-7,2.9288516470066476e-11
2,144,1800.0,3.350912841115818e-11,1.9093815772991383e-7,2.7991564931204775e-11
2,145,1800.0,3.354321392378939e-11,1.9144634232806923e-7,2.8066064875822586e-11
2,146,1800.0,3.245939712862159e-11,1.875081215621018e-7,2.748872107197208e-11
2,147,1800.0,2.739722009617817e-11,1.6459963870267925e-7,2.4130333764485996e-11
2,148,1800.0,2.7077597054386826e-11,1.634499136482208e-7,2.3961783884789192e-11
2,149,1800.0,3.162235248850806e-11,1.821241991342288e-7,2.6699437169706973e-11
2,150,1800.0,3.7764586169637895e-11,2.021311352525578e-7,2.9632457253742973e-11
2,151,1800.0,3.2768520717227926e-11,1.8621431305499168e-7,2.7299048534717654e-11
2,152,1800.0,3.412817876774789e-11,1.9683591962221929e-7,2.8856177782402248e-11
2,153,1800.0,2.6999803426345787e-11,1.7133671186921722e-7,2.5117989784788535e-11
2,154,1800.0,3.2765360068323326e-11,1.874975353078625e-7,2.7487169125381408e-11
2,155,1800.0,3.384662760265763e-11,1.9306379977771593e-7,2.8303184400612852e-11
2,156,1800.0,3.018956818197477e-11,1.794640615743058e-7,2.63094605714209e-11
2,157,1800.0,3.706778018655838e-11,2.0168081303688445e-7,2.956643994379378e-11
2,158,1800.0,3.0500833358351005e-11,1.8052609291950983e-7,2.646515453909971e-11
2,159,1800.0,2.8833858680300707e-11,1.7668326210309933e-7,2.5901794917345404e-11
2,160,1800.0,3.743249665982904e-11,2.0290682132770145e-7,2.974617295832901e-11
2,161,1800.0,3.6728971946479224e-11,2.01178117761132e-7,2.94927447347317e-11
2,162,1800.0,3.321229184688234e-11,1.9083685117466896e-7,2.7976713373753885e-11
2,163,1800.0,3.185831176733967e-11,1.8569665478542246e-7,2.7223159748332072e-11
2,164,1800.0,3.097412313565322e-11,1.8266301230779813e-7,2.6778427268454485e-11
2,165,1800.0,3.195431551565309e-11,1.8624332901833025e-7,2.730330227965523e-11
2,166,1800.0,3.172092185239928e-11,1.8552478501018735e-7,2.7197963611371276e-11
2,167,1800.0,2.808430285639203e-11,1.7086572986710536e-7,2.5048943746792342e-11
2,168,1800.0,3.248537216134068e-11,1.881686488124766e-7,2.7585554474145418e-11
2,169,1800.0,3.992420456968422e-11,2.2632070415887293e-7,3.317865198374949e-11
2,170,1800.0,3.8891806465130945e-11,2.1493402778985748e-7,3.1509363378876893e-11
2,171,1800.0,3.807471937220534e-11,2.1057950236857372e-7,3.087098924494992e-11
2,172,1800.0,3.227819119105224e-11,1.8466220336278406e-7,2.707150900178031e-11
2,173,1800.0,3.62920308697879e-11,2.0361585909058944e-7,2.985011800951479e-11
2,174,1800.0,3.607183091748493e-11,2.0278842845647627e-7,2.972881654418062e-11
2,175,1800.0,3.415291815468552e-11,1.9756473220611378e-7,2.8963021825558978e-11
2,176,1800.0,3.01032006866964e-11,1.8398737681508793e-7,2.6972579320297488e-11
2,177,1800.0,3.974544387495839e-11,2.2315823822599904e-7,3.271503396441163e-11
2,178,1800.0,3.2035678380153074e-11,1.9072998111285147e-7,2.796104620533594e-11
2,179,1800.0,3.278968255298965e-11,1.8792016842068768e-7,2.7549127208356406e-11
2,180,1800.0,3.518411554896308e-11,1.9482306411329914e-7,2.8561092837910586e-11
2,181,1800.0,3.460931724997502e-11,1.9317976660122617e-7,2.8320185155772245e-11
2,182,1800.0,3.783422852369439e-11,2.0964905872893252e-7,3.073458605627621e-11
2,183,1800.0,3.704535397763739e-11,2.0080320695238207e-7,2.9437782749284145e-11
2,184,1800.0,3.177498955319925e-11,1.8269198024282819e-7,2.678267397243423e-11
2,185,1800.0,3.6828081606513564e-11,2.0533783846852818e-7,3.0102560465966836e-11
2,186,1800.0,3.3426879878896205e-11,1.8939314350158768e-7,2.776506559442474e-11
2,187,1800.0,2.981798232419714e-11,1.7539315508425574e-7,2.571266501887197e-11
2,188,1800.0,4.0305702206613356e-11,2.8552481794304734e-7,4.1857984679146713e-11
2,189,1800.0,4.0302112553481983e-11,2.806080578653753e-7,4.113718685328736e-11
2,190,1800.0,4.034010370890899e-11,3.264992339688618e-7,4.786484072269958e-11
2,191,1800.0,4.026235690084225e-11,2.504061146535113e-7,3.670957707368905e-11
2,192,1800.0,3.609022553580908e-11,2.028420748330895e-7,2.9736681111704185e-11
2,193,1800.0,3.34487523833812e-11,1.9478657212997574e-7,2.8555743107229146e-11
2,194,1800.0,3.0758383946659946e-11,1.8584606021933115e-7,2.724506260920625e-11
2,195,1800.0,3.967567588168714e-11,2.2167937493331425e-7,3.249823236553941e-11
2,196,1800.0,2.690625468058137e-11,1.7093598995576765e-7,2.5059243887200338e-11
2,197,1800.0,2.8931232918923286e-11,1.7963073207113222e-7,2.633389449332263e-11
2,198,1800.0,3.717371526123989e-11,2.065614766647504e-7,3.0281946024249565e-11
2,199,1800.0,3.989399677302243e-11,2.2539189853600431e-7,3.304248892860066e-11
2,200,1800.0,4.015397020680543e-11,2.338659034427431e-7,3.4284779424091095e-11
2,201,1800.0,3.6707992249456314e-11,2.0482399440354708e-7,3.0027230842593297e-11
2,202,1800.0,2.778425913782111e-11,1.7457933124789044e-7,2.5593358312297347e-11
2,203,1800.0,4.0187964128297296e-11,2.363032438962603e-7,3.4642093930396244e-11
2,204,1800.0,3.994940742882741e-11,2.2658569152729416e-7,3.321749917499349e-11
2,205,1800.0,4.015651392811235e-11,2.3403034978837574e-7,3.430888728506662e-11
2,206,1800.0,3.9542250332315623e-11,2.1992973253469502e-7,3.224173450576318e-11
2,207,1800.0,4.000345183442494e-11,2.2797407373993625e-7,3.3421036232837496e-11
2,208,1800.0,4.0240911046604995e-11,2.4304108084356634e-7,3.562986192108342e-11
2,209,1800.0,3.3823168425409295e-11,1.95927167274718e-7,2.8722954540678883e-11
2,210,1800.0,3.967567588168714e-11,2.2167937493331433e-7,3.249823236553942e-11
2,211,1800.0,3.112630814185009e-11,1.8811525005500907e-7,2.7577726207628815e-11
2,212,1800.0,3.7910310594417694e-11,2.1043711565476474e-7,3.085011532958218e-11
2,213,1800.0,3.242763519447227e-11,1.9233477236988574e-7,2.819630886423226e-11
2,214,1800.0,3.00773593944976e-11,1.8382178666587887e-7,2.6948303777531908e-11
2,215,1800.0,3.1800620075056455e-11,1.9042039882580508e-7,2.7915661391779355e-11
2,216,1800.0,3.084364363918163e-11,1.8685980075026458e-7,2.7393677135670657e-11
2,217,1800.0,3.451834980993088e-11,1.9814945601366176e-7,2.9048742430703565e-11
2,218,1800.0,2.717400619377307e-11,1.724321109547517e-7,2.5278575468618652e-11
2,219,1800.0,2.897471397115559e-11,1.800678934297241e-7,2.6397982419486384e-11
2,220,1800.0,3.4750157252483863e-11,1.99782624722796e-7,2.928816522868619e-11
2,221,1800.0,2.924540598353707e-11,1.9961191234188592e-7,2.92631387659214e-11
2,222,1800.0,2.8659920914846316e-11,1.9764038056901115e-7,2.8974111887844885e-11
2,223,1800.0,4.0116818284611825e-11,2.323614743238003e-7,3.406422987093761e-11
2,224,1800.0,4.028122008767587e-11,2.6149535402020257e-7,3.833526136571771e-11
2,225,1800.0,3.999879218390479e-11,2.284811174629909e-7,3.349536892498026e-11
2,226,1800.0,3.725710003527095e-11,2.0737275894984783e-7,3.0400880138995576e-11
2,227,1800.0,3.2412463781384896e-11,1.9213640322055497e-7,2.816722791472559e-11
2,228,1800.0,4.00296076832616e-11,2.2904641850082518e-7,3.3578242148930595e-11
2,229,1800.0,3.993481740796489e-11,2.2686708682227236e-7,3.325875177093537e-11
2,230,1800.0,4.019287043500021e-11,2.3707894494563852e-7,3.475581183020749e-11
2,231,1800.0,3.9624083396882013e-11,2.214867796150946e-7,3.246999786061129e-11
2,232,1800.0,3.9743280130189165e-11,2.2290091304330236e-7,3.267731005083916e-11
2,233,1800.0,3.7547469642106985e-11,2.0907826188669625e-7,3.065090714650804e-11
2,234,1800.0,4.027665056099358e-11,2.5832848645176526e-7,3.787099806589143e-11
2,235,1800.0,3.847938156103699e-11,2.125883174281848e-7,3.116548185891671e-11
2,236,1800.0,3.7203458583933016e-11,2.0718356086446338e-7,3.03731436689528e-11
2,237,1800.0,3.020723431267111e-11,1.841014998677847e-7,2.6989309778356203e-11
2,238,1800.0,4.014719747004624e-11,2.3390373123549e-7,3.429032498465095e-11
2,239,1800.0,2.992307859867037e-11,1.8283423543812931e-7,2.6803528607167354e-11
2,240,1800.0,3.70737055330021e-11,2.0650821478025781e-7,3.0274137823333324e-11
2,241,1800.0,3.0682092474621556e-11,1.8586584463785718e-7,2.7247963008175116e-11
2,242,1800.0,3.785115082632428e-11,2.099103017894878e-7,3.0772884331379e-11
2,243,1800.0,3.5405315677801804e-11,2.0128948212791513e-7,2.950907076898747e-11
2,244,1800.0,4.027802670163407e-11,2.591076591671541e-7,3.7985224912503626e-11
2,245,1800.0,4.02118185965334e-11,2.383670215818983e-7,3.494464407426441e-11
2,246,1800.0,4.0282443695695954e-11,2.6212751466639445e-7,3.842793621911114e-11
2,247,1800.0,4.0296179257528354e-11,2.737018217757111e-7,4.0124731520982774e-11
2,248,1800.0,4.0191415224945346e-11,2.3655962262576603e-7,3.4679679093777206e-11
2,249,1800.0,4.026984125841297e-11,2.542715661740383e-7,3.72762528943404e-11
2,250,1800.0,4.027628546255647e-11,2.5800713953930886e-7,3.782388855633919e-11
2,251,1800.0,4.0272260341139294e-11,2.55603493711946e-7,3.747151368770022e-11
2,252,1800.0,4.0312864762330635e-11,2.9588212289364067e-7,4.337636726691063e-11
2,253,1800.0,2.8750569510666807e-11,1.7841084477842623e-7,2.6155058818104516e-11
2,254,1800.0,3.028221365969076e-11,1.8504919300041639e-7,2.71282417455036e-11
2,255,1800.0,3.157777401907563e-11,1.8973351432460701e-7,2.781496401235496e-11
2,256,1800.0,3.299607535333263e-11,1.9417429386736481e-7,2.8465983014497537e-11
2,257,1800.0,2.8592243650330364e-11,1.783668715714872e-7,2.6148612338826092e-11
2,258,1800.0,2.7940619764106457e-11,1.6776800351041298e-7,2.459481655983628e-11
2,259,1800.0,2.71655490821866e-11,1.6431721460563661e-7,2.4088930345994403e-11
2,260,1800.0,2.7292170171272246e-11,1.7306354222870615e-7,2.5371143395923628e-11
2,261,1800.0,2.7190802832763703e-11,1.6440964217463665e-7,2.410248024261987e-11
2,262,1800.0,3.3549237212842867e-11,1.959402858935397e-7,2.872487773232858e-11
2,263,1800.0,2.7577436480729047e-11,1.7374034333617067e-7,2.547036254818916e-11
2,264,1800.0,4.029852549989853e-11,2.7633967790487475e-7,4.051144165790106e-11
2,265,1800.0,3.991544159677902e-11,2.2582780792386806e-7,3.310639331565235e-11
2,266,1800.0,4.030629019807802e-11,2.863428830823662e-7,4.197791316142311e-11
2,267,1800.0,4.029619916424245e-11,2.737231614616682e-7,4.0127859922409606e-11
2,268,1800.0,4.0312767733226255e-11,2.957420133824232e-7,4.335582718981263e-11
2,269,1800.0,3.986625575836185e-11,2.2484379641631603e-7,3.2962137068843594e-11
2,270,1800.0,4.025040098632556e-11,2.4566094184428265e-7,3.601393396924895e-11
2,271,1800.0,2.5407585309395552e-11,1.5706862576285924e-7,2.302628604448598e-11
2,272,1800.0,3.0514841542989545e-11,1.8539165855321741e-7,2.717844725116e-11
2,273,1800.0,3.264340070669994e-11,1.9277533883039826e-7,2.8260895978890565e-11
2,274,1800.0,2.796101922274416e-11,1.7559407629985108e-7,2.574212010170747e-11
2,275,1800.0,2.6872630062202576e-11,1.6357630025879444e-7,2.3980312182424238e-11
2,276,1800.0,2.87904042075099e-11,1.7899213972276987e-7,2.6240276751346506e-11
2,277,1800.0,2.9317528007690973e-11,1.8129114806740983e-7,2.657731174802538e-11
2,278,1800.0,2.856755585292219e-11,1.7811457877036983e-7,2.61116261732104e-11
2,279,1800.0,2.920958657726089e-11,1.9935124170762318e-7,2.9224924408606054e-11
2,280,1800.0,2.8662576583301474e-11,1.7029723379610496e-7,2.4965602130460984e-11
2,281,1800.0,2.7837082259578243e-11,1.670182181814085e-7,2.448489790884049e-11
2,282,1800.0,3.0896719250639006e-11,1.7933124427991468e-7,2.628998953449388e-11
2,283,1800.0,3.390335620377079e-11,1.9683610980866672e-7,2.8856205663766327e-11
2,284,1800.0,2.7215467651888702e-11,1.722482308340437e-7,2.5251618613061073e-11
2,285,1800.0,3.536529373361725e-11,2.0112210449229595e-7,2.948453318042388e-11
2,286,1800.0,3.813445793594458e-11,2.10916751421874e-7,3.092043001093235e-11
2,287,1800.0,2.885009696789627e-11,1.715824883644861e-7,2.5154020658908597e-11
2,288,1800.0,3.090173229182411e-11,1.8033849924225176e-7,2.643765327554882e-11
2,289,1800.0,3.961961756735436e-11,2.2120005495166807e-7,3.242796397838941e-11
2,290,1800.0,3.0917171004235446e-11,1.8055394150558022e-7,2.646923714634019e-11
2,291,1800.0,3.8151524847067966e-11,2.3913057171947477e-7,3.505658064843223e-11
2,292,1800.0,3.560209080828227e-11,2.018008140596123e-7,2.958403211321363e-11
2,293,1800.0,3.917967737021377e-11,2.1694910768618714e-7,3.180477441892403e-11
2,294,1800.0,3.6467106483654586e-11,2.0448426639483232e-7,2.997742666134452e-11
2,295,1800.0,3.263504213553488e-11,1.9299520327213491e-7,2.8293128141754733e-11
2,296,1800.0,3.7491758159379104e-11,2.08537822414463e-7,3.0571678632112286e-11
2,297,1800.0,2.740710032745401e-11,1.6538131626515384e-7,2.4244927822087745e-11
2,298,1800.0,3.148393300177154e-11,1.8927272319349682e-7,2.774741195770259e-11
2,299,1800.0,3.9465173278303385e-11,2.1904101065599834e-7,3.2111447734019475e-11
2,300,1800.0,3.6231821238431346e-11,2.03627270881813e-7,2.985179097996141e-11
2,301,1800.0,3.522145968156334e-11,1.9491478957369817e-7,2.8574539805301124e-11
2,302,1800.0,3.637307705598954e-11,2.0393786244421662e-7,2.9897323753449275e-11
2,303,1800.0,3.694499282400524e-11,2.0665966615692816e-7,3.0296340619748616e-11
2,304,1800.0,3.603939437532962e-11,2.0292591524265393e-7,2.974897212936186e-11
2,305,1800.0,3.7182644363148286e-11,2.066475592916284e-7,3.029456575132954e-11
2,306,1800.0,3.4290019096463544e-11,1.9813562431846552e-7,2.9046714701941557e-11
2,307,1800.0,3.918939079289997e-11,2.171415641572271e-7,3.183298856883306e-11
2,308,1800.0,3.883187496103846e-11,2.044484481029255e-7,2.9972175693934155e-11
2,309,1800.0,3.579822512726633e-11,2.023434307889597e-7,2.96635798138559e-11
2,310,1800.0,3.3422899357628784e-11,1.9280261518195648e-7,2.826489469645863e-11
2,311,1800.0,2.870322110455226e-11,1.776158766279047e-7,2.6038516358136723e-11
2,312,1800.0,3.237027221166261e-11,1.8970342442357629e-7,2.7810552827977314e-11
2,313,1800.0,3.624314810488905e-11,1.998959973827676e-7,2.930478567904953e-11
2,314,1800.0,3.365297536917085e-11,1.9330841795858092e-7,2.8339045465653193e-11
2,315,1800.0,3.511790089957137e-11,1.9939512500442206e-7,2.923135770704334e-11
2,316,1800.0,2.929134745040642e-11,1.8089840241774224e-7,2.651973517200295e-11
2,317,1800.0,3.265420630954354e-11,1.9044143938400266e-7,2.7918745941028067e-11
2,318,1800.0,3.136241763753875e-11,1.86361457515976e-7,2.732061993659394e-11
2,319,1800.0,3.7356668741073156e-11,2.072860976213619e-7,3.03881755741659e-11
2,320,1800.0,3.5973216330112436e-11,2.0058812499443137e-7,2.9406251699319666e-11
2,321,1800.0,3.2467878801592635e-11,1.89653314866564e-7,2.7803206758781616e-11
2,322,1800.0,3.045854153689581e-11,1.84773617446718e-7,2.7087842324578462e-11
2,323,1800.0,3.6634692882914783e-11,2.0456931984942214e-7,2.998989551159991e-11
2,324,1800.0,3.661983599518209e-11,2.0451820341507007e-7,2.998240183402268e-11
2,325,1800.0,3.5206993124471e-11,1.955341780724826e-7,2.8665342259810453e-11
2,326,1800.0,3.0849459949245407e-11,1.8270186896706653e-7,2.678412366101348e-11
2,327,1800.0,3.512625282719008e-11,1.9701868697135734e-7,2.888297150546696e-11
2,328,1800.0,3.5531157117557734e-11,1.9674795125821883e-7,2.8843281605953883e-11
2,329,1800.0,3.6758717936558964e-11,1.9635358320028632e-7,2.8785467184616343e-11
2,330,1800.0,2.9506247967661215e-11,1.8140902381172344e-7,2.6594592351284555e-11
2,331,1800.0,3.588792408376595e-11,1.9747101316985023e-7,2.8949282599622948e-11
2,332,1800.0,3.180089227477232e-11,1.894665579171192e-7,2.7775828159664026e-11
2,333,1800.0,4.02634945595815e-11,2.511094238021841e-7,3.681268230910057e-11
2,334,1800.0,3.564916187521363e-11,2.0172484564867017e-7,2.957289513183239e-11
2,335,1800.0,4.003669128893312e-11,2.2895621578791027e-7,3.356501841656852e-11
2,336,1800.0,3.695684251668007e-11,2.0568769034666843e-7,3.015384880811749e-11
2,337,1800.0,3.616291342884695e-11,2.0285888151944324e-7,2.973914497465302e-11
2,338,1800.0,3.672244362083274e-11,2.0487471317314826e-7,3.003466622245346e-11
2,339,1800.0,3.855833704866814e-11,2.130842078500165e-7,3.123817947528891e-11
2,340,1800.0,3.740930631662932e-11,2.0735666204824288e-7,3.039852033060618e-11
2,341,1800.0,3.944842163759593e-11,2.1861939854349225e-7,3.204963932985707e-11
2,342,1800.0,3.1610540888956085e-11,1.888211082271219e-7,2.7681205130290604e-11
2,343,1800.0,3.480948147290309e-11,1.9892622998804263e-7,2.916261762149444e-11
2,344,1800.0,3.775679371748446e-11,2.0880239399612095e-7,3.061046486894927e-11
2,345,1800.0,3.4798033037689406e-11,1.9899718699119092e-7,2.917301992967926e-11
2,346,1800.0,3.77352387311224e-11,2.0857887750622353e-7,3.0577697315231644e-11
2,347,1800.0,3.9535027943147733e-11,2.1948139007216225e-7,3.21760074279459e-11
2,348,1800.0,3.325112857890432e-11,1.9079793881446554e-7,2.797100881542877e-11
2,349,1800.0,3.997011301308353e-11,2.270400539878941e-7,3.328410878550506e-11
2,350,1800.0,2.909276480195036e-11,1.780034290018751e-7,2.6095331599098563e-11
2,351,1800.0,2.998781624707795e-11,1.8090676362476428e-7,2.652096092631023e-11
2,352,1800.0,3.4868972813637184e-11,1.993518551671776e-7,2.9225014341876354e-11
2,353,1800.0,2.8872821463496778e-11,1.7707585900721488e-7,2.5959349687245744e-11
2,354,1800.0,3.8322765142047465e-11,2.114781001398938e-7,3.100272382415604e-11
2,355,1800.0,3.9563510211417904e-11,2.201984602832358e-7,3.228113003734014e-11
2,356,1800.0,2.8457245955480976e-11,1.748703506047659e-7,2.563602179727629e-11
2,357,1800.0,2.833172158130388e-11,1.7676461014230786e-7,2.5913720553104142e-11
2,358,1800.0,3.276500529611867e-11,1.926144182115366e-7,2.8237304990032234e-11
2,359,1800.0,2.990057200143143e-11,1.8109509055647264e-7,2.654856968508261e-11
2,360,1800.0,3.3508768876095216e-11,1.9333794129820068e-7,2.8343373592035984e-11
2,361,1800.0,3.674484517401696e-11,2.051734966207004e-7,3.007846792438647e-11
2,362,1800.0,3.618564049579641e-11,2.036967475737949e-7,2.986197627428885e-11
2,363,1800.0,3.916655510028685e-11,2.170136474786824e-7,3.1814235962984973e-11
2,364,1800.0,3.220535937281395e-11,1.8886001812255203e-7,2.7686909327279553e-11
2,365,1800.0,3.8047579069428964e-11,2.1017898562297245e-7,3.08122734250016e-11
2,366,1800.0,3.4439645508056666e-11,1.9786984187718027e-7,2.9007750952886564e-11
2,367,1800.0,3.49952521209936e-11,1.9962876953603374e-7,2.9265610033321044e-11
2,368,1800.0,2.6215030580193976e-11,1.6583497576755322e-7,2.4311434378812947e-11
2,369,1800.0,3.036874111170017e-11,1.8255307471068522e-7,2.6762310398864073e-11
2,370,1800.0,2.887173982419519e-11,1.7696369345864044e-7,2.5942906199609258e-11
2,371,1800.0,3.622848883471926e-11,2.0313356290901784e-7,2.9779413310972396e-11
2,372,1800.0,3.5923403966135643e-11,2.0208812119575285e-7,2.962615138602997e-11
2,373,1800.0,3.8285371799181073e-11,2.11521640226333e-7,3.100910680789885e-11
2,374,1800.0,3.92069103077204e-11,2.1668198466400602e-7,3.1765614140492e-11
2,375,1800.0,2.961056403872542e-11,1.816822763985635e-7,2.6634651224891017e-11
2,376,1800.0,3.241317249166713e-11,1.8746966835390557e-7,2.748308382540578e-11
2,377,1800.0,3.198970316952256e-11,1.9009991759061032e-7,2.786867879065425e-11
2,378,1800.0,3.683386667508328e-11,2.0285101585455168e-7,2.9737991866902545e-11
2,379,1800.0,3.646583028340036e-11,2.0054677498449692e-7,2.940018978114811e-11
2,380,1800.0,3.339879620601585e-11,1.9251888657070736e-7,2.8223300035972514e-11
2,381,1800.0,2.6945515791054256e-11,1.7263380515066494e-7,2.5308143870494295e-11
2,382,1800.0,3.568803000318819e-11,1.9920977485877888e-7,2.920418534559153e-11
2,383,1800.0,3.0756161233762365e-11,1.857945501534827e-7,2.7237511225187726e-11
2,384,1800.0,3.502362755531475e-11,1.9404757551212587e-7,2.844740608304069e-11
2,385,1800.0,2.4989120853541897e-11,1.6136594547992802e-7,2.3656273812884937e-11
2,386,1800.0,2.743076015351448e-11,1.6501042562938746e-7,2.419055519465245e-11
2,387,1800.0,3.704711184870454e-11,2.0661860361992025e-7,3.029032084515477e-11
2,388,1800.0,2.8272018592816355e-11,1.748426171224239e-7,2.5631956064261088e-11
2,389,1800.0,2.5676941655945903e-11,1.638593459874641e-7,2.4021806732213306e-11
2,390,1800.0,2.816558774337756e-11,1.754452023507842e-7,2.5720295156597415e-11
2,391,1800.0,3.075932227084019e-11,1.8387881383768547e-7,2.6956663970179864e-11
2,392,1800.0,3.5255956463535925e-11,1.9995693825496672e-7,2.93137196208106e-11
2,393,1800.0,3.250851819730164e-11,1.919336832340549e-7,2.8137509131783335e-11
2,394,1800.0,2.6689594565548263e-11,1.674209585303792e-7,2.454393970940387e-11
2,395,1800.0,3.172802821111803e-11,1.876136259058639e-7,2.7504188025901312e-11
2,396,1800.0,3.5337045766929815e-11,1.9908349249775263e-7,2.9185672330957064e-11
2,397,1800.0,2.7276456618554596e-11,1.725026262166202e-7,2.528891301746012e-11
2,398,1800.0,3.020842565065802e-11,1.820453443130969e-7,2.668787704012316e-11
2,399,1800.0,3.2414059970846593e-11,1.896571016286644e-7,2.7803761898720494e-11
2,400,1800.0,3.02561407376038e-11,1.8404457322837384e-7,2.6980964323773795e-11
2,401,1800.0,3.19144994420094e-11,1.8803298219434982e-7,2.756566572589602e-11
2,402,1800.0,2.849070146230668e-11,1.76132647852633e-7,2.5821074778808316e-11
2,403,1800.0,3.367444190021853e-11,1.9363430673563122e-7,2.8386820813292497e-11
2,404,1800.0,3.726698261417362e-11,2.0735956575482503e-7,3.039894601446268e-11
2,405,1800.0,3.700369415651067e-11,2.0584047346469386e-7,3.017624683803171e-11
2,406,1800.0,3.2246909821634384e-11,1.909522331822487e-7,2.7993628394802895e-11
2,407,1800.0,3.717371526123989e-11,2.065614766647506e-7,3.02819460242496e-11
2,408,1800.0,3.494697541383285e-11,1.9958779624616421e-7,2.925960334237219e-11
2,409,1800.0,2.757490969557283e-11,1.719898232693146e-7,2.5213736022106875e-11
2,410,1800.0,2.8303406360329633e-11,1.766525596101903e-7,2.5897293926898913e-11
2,411,1800.0,3.575285388581073e-11,2.0003128233743065e-7,2.9324618475373155e-11
2,412,1800.0,3.469891581477107e-11,1.972830316885165e-7,2.8921724483931583e-11
2,413,1800.0,3.6642080511086907e-11,2.0465273183579944e-7,3.000212372234877e-11
2,414,1800.0,3.54114054855199e-11,2.0105097547019633e-7,2.947410565423286e-11
2,415,1800.0,3.375748237899417e-11,1.9572885312097522e-7,2.869388165353434e-11
2,416,1800.0,3.6780156134632195e-11,2.0507690991041485e-7,3.0064308296973113e-11
2,417,1800.0,2.5757704867832087e-11,1.5744467389014546e-7,2.3081414761015655e-11
2,418,1800.0,2.8611166097720684e-11,1.700139654911576e-7,2.492407495095346e-11
2,419,1800.0,2.5639211951366396e-11,1.6792905493043065e-7,2.4618426724165317e-11
2,420,1800.0,2.7018136083663497e-11,1.7017348012679622e-7,2.4947459822442957e-11
2,421,1800.0,2.2910838163592092e-11,1.544210982216494e-7,2.2638158076991097e-11
2,422,1800.0,3.089587784778343e-11,1.8154484241997054e-7,2.661450338131027e-11
2,423,1800.0,3.6731615035714376e-11,2.049723971966625e-7,3.0048986716164346e-11
2,424,1800.0,3.143638548488188e-11,1.8693239368960522e-7,2.7404319272366952e-11
2,425,1800.0,3.404970362828252e-11,1.861253115594024e-7,2.7286000901010587e-11
2,426,1800.0,2.5131137065485115e-11,1.6728732432355903e-7,2.452434891298209e-11
2,427,1800.0,3.554013327898639e-11,1.8993331807260594e-7,2.784425527425936e-11
2,428,1800.0,3.7026304515902195e-11,2.0074252135687038e-7,2.942888623112691e-11
2,429,1800.0,3.024059403084816e-11,1.783070097983204e-7,2.6139836593158395e-11
2,430,1800.0,3.545407783692911e-11,1.9947464152250686e-7,2.92430148415079e-11
2,431,1800.0,3.376910978081834e-11,1.9417320072781236e-7,2.8465822760061628e-11
2,432,1800.0,3.1318451805806723e-11,1.8205009483530743e-7,2.66885734674507e-11
2,433,1800.0,3.5519006371736646e-11,2.0119759382790068e-7,2.9495599929282864e-11
2,434,1800.0,2.6730354883616104e-11,1.6763818501177041e-7,2.4575785146852997e-11
2,435,1800.0,2.958184361875293e-11,1.8324528397250525e-7,2.6863788389060382e-11
2,436,1800.0,2.8131630852234596e-11,1.8809446353605086e-7,2.7574678900573848e-11
2,437,1800.0,3.641155634519375e-11,1.9479497191923959e-7,2.8556974517699336e-11
2,438,1800.0,3.723493363207929e-11,2.068043081599817e-7,3.0317545160885857e-11
2,439,1800.0,2.542470296696822e-11,1.7716580276583463e-7,2.59725354568661e-11
2,440,1800.0,2.988437458858996e-11,1.8323814836906377e-7,2.686274230843705e-11
2,441,1800.0,3.1249247489527186e-11,1.8757656692431613e-7,2.7498755173188095e-11
2,442,1800.0,2.7725475354238442e-11,1.7434159727041874e-7,2.5558506472592444e-11
2,443,1800.0,3.780650137296228e-11,2.0949307102593157e-7,3.071171823368416e-11
2,444,1800.0,3.0197919461606484e-11,1.8390409245302167e-7,2.6960369819293348e-11
2,445,1800.0,3.9529945573011874e-11,2.1977581129892857e-7,3.22191696276033e-11
2,446,1800.0,3.3089191804890535e-11,1.935493548193539e-7,2.8374366848570206e-11
2,447,1800.0,3.316845891266412e-11,1.936874991365302e-7,2.8394618827902636e-11
2,448,1800.0,3.1175013064578617e-11,1.8710918442199456e-7,2.7430236822445714e-11
2,449,1800.0,3.350975485688546e-11,1.9450299670277772e-7,2.8514170903549795e-11
2,450,1800.0,3.896116788640596e-11,2.1541535654027533e-7,3.157992625185504e-11
2,451,1800.0,4.028512288051301e-11,2.6502827921118177e-7,3.885318877245569e-11
2,452,1800.0,3.829910453361858e-11,2.1188530444505362e-7,3.1062420041421685e-11
2,453,1800.0,3.8445671932102795e-11,2.1209269438621893e-7,3.1092823440476255e-11
2,454,1800.0,3.932000308259089e-11,2.1771074328837181e-7,3.19164303218925e-11
2,455,1800.0,3.585164962822268e-11,2.0251549592315427e-7,2.968880459047187e-11
2,456,1800.0,3.8315826486768756e-11,2.1173317649205312e-7,3.104011805880652e-11
2,457,1800.0,3.7132130627895116e-11,2.0159521049069682e-7,2.955389059662098e-11
2,458,1800.0,3.963405643690646e-11,2.2102311572366887e-7,3.240202465883013e-11
2,459,1800.0,3.064002416906881e-11,1.861742309460436e-7,2.729317249103661e-11
2,460,1800.0,3.5864886707449646e-11,1.987262212095881e-7,2.913329630209195e-11
2,461,1800.0,3.8986124296356755e-11,2.152088391247237e-7,3.154965076519713e-11
2,462,1800.0,3.882305385461086e-11,2.14439401296398e-7,3.143685105460932e-11
2,463,1800.0,3.759054652170192e-11,2.0165494627200304e-7,2.9562647871861454e-11
2,464,1800.0,3.9460735101569174e-11,2.1885078574002904e-7,3.208356073044621e-11
2,465,1800.0,3.510740617266439e-11,1.9849438917928793e-7,2.9099309688800864e-11
2,466,1800.0,4.0223031270702174e-11,2.398349443213106e-7,3.5159841786250155e-11
2,467,1800.0,2.6577553593359643e-11,1.6889100303552672e-7,2.4759448472590968e-11
2,468,1800.0,3.8328185865597346e-11,2.1190312541657604e-7,3.1065032598740964e-11
2,469,1800.0,3.335469128108745e-11,1.9282628491222233e-7,2.826836468275952e-11
2,470,1800.0,2.971531301969964e-11,1.818987773210938e-7,2.6666390295293297e-11
2,471,1800.0,3.5630576437372505e-11,2.0137199199370094e-7,2.952116672871112e-11
2,472,1800.0,2.7770323507597855e-11,1.7258799601632182e-7,2.5301428243960274e-11
2,473,1800.0,2.5390395830479148e-11,1.6235208254966975e-7,2.3800841667455893e-11
2,474,1800.0,2.7494605328007385e-11,1.7131258716100628e-7,2.5114453098647004e-11
2,475,1800.0,3.199860233564956e-11,1.8914749923672933e-7,2.772905410530434e-11
2,476,1800.0,2.7119793339068428e-11,1.7147422006606113e-7,2.5138148508776927e-11
2,477,1800.0,3.217782200653263e-11,1.907195698936326e-7,2.7959519918907688e-11
2,478,1800.0,3.6256172034525026e-11,2.0317692560550022e-7,2.978577028931873e-11
2,479,1800.0,3.5785244979038534e-11,2.0221859575935003e-7,2.964527897824214e-11
2,480,1800.0,2.8778101474717812e-11,1.7851796766766421e-7,2.6170763051063368e-11
2,481,1800.0,3.5499488398081376e-11,2.0114146030411962e-7,2.948737074558058e-11
2,482,1800.0,3.5158363527967384e-11,2.00214972776977e-7,2.9351547523641635e-11
2,483,1800.0,3.9958460308007267e-11,2.26875741896806e-7,3.326002060626756e-11
2,484,1800.0,3.1795667091928616e-11,1.8972824064689382e-7,2.7814190890345773e-11
2,485,1800.0,3.3340637352268503e-11,1.9589180628085723e-7,2.871777061323633e-11
2,486,1800.0,3.145912707929283e-11,1.887968577823374e-7,2.7677650011146965e-11
2,487,1800.0,3.596248580853735e-11,2.0290068034322352e-7,2.9745272689007256e-11
2,488,1800.0,3.410645210564565e-11,1.9677186175105912e-7,2.8846786888087286e-11
2,489,1800.0,3.1335827745184855e-11,1.886530455541607e-7,2.7656567115141428e-11
2,490,1800.0,2.8678745985755806e-11,1.7830388289470134e-7,2.613937818858004e-11
2,491,1800.0,3.461771123887539e-11,1.985582787516583e-7,2.910867591048591e-11
2,492,1800.0,2.9035944402504915e-11,1.7188281594048881e-7,2.519804873032323e-11
2,493,1800.0,4.022479933401365e-11,2.397382884456243e-7,3.514567201917781e-11
2,494,1800.0,3.529910664091926e-11,2.005749381237628e-7,2.9404318501938134e-11
2,495,1800.0,3.95338990145804e-11,2.202053975182219e-7,3.2282147037115693e-11
2,496,1800.0,3.3960336601927065e-11,1.9668040848667192e-7,2.8833379824676282e-11
2,497,1800.0,2.9068533895581776e-11,1.796542364204591e-7,2.633734023475101e-11
2,498,1800.0,3.232746660611445e-11,1.9071738685295495e-7,2.795919988478983e-11
2,499,1800.0,2.7092661020597513e-11,1.7173128383927472e-7,2.5175834099676714e-11
2,500,1800.0,3.37324358709602e-11,1.9584125136518973e-7,2.871035925438945e-11
2,501,1800.0,3.1151940377179896e-11,1.8723672391330475e-7,2.7448934132583964e-11
2,502,1800.0,3.1605223194071975e-11,1.8869686536326014e-7,2.766299110627166e-11
2,503,1800.0,3.4422943705819815e-11,1.9786681969398464e-7,2.900730790033929e-11
2,504,1800.0,3.310592169413567e-11,1.9339104819224625e-7,2.8351159071327527e-11
2,505,1800.0,3.356002403642275e-11,1.9464523368027273e-7,2.8535022867549584e-11
2,506,1800.0,3.3866856630339204e-11,1.9605870350635646e-7,2.8742237773598313e-11
2,507,1800.0,3.609469462176648e-11,2.028556318145282e-7,2.9738668567384727e-11
2,508,1800.0,2.7509194864655685e-11,1.6534548853285048e-7,2.4239675470713717e-11
2,509,1800.0,2.6812022723637533e-11,1.705294722747433e-7,2.4999648329144463e-11
2,510,1800.0,2.7890809867505818e-11,1.6697175235130254e-7,2.447808601060099e-11
2,511,1800.0,3.239302453957079e-11,1.921479115540808e-7,2.816891503828941e-11
2,512,1800.0,2.9987678331845993e-11,1.757587679148674e-7,2.5766263919214475e-11
2,513,1800.0,3.2346209803189466e-11,1.85185092931544e-7,2.7148164697476807e-11
2,514,1800.0,3.295763160174495e-11,1.9343046279566534e-7,2.8356937258589622e-11
2,515,1800.0,3.1442608848045503e-11,1.8824604626790486e-7,2.75969009536804e-11
2,516,1800.0,3.306907786530791e-11,1.9346909209795654e-7,2.836260032057884e-11
2,517,1800.0,3.0847260600696496e-11,1.8612722871458814e-7,2.7286281956272163e-11
2,518,1800.0,2.7487852249000846e-11,1.7337437067521217e-7,2.5416710896659372e-11
2,519,1800.0,2.8470756129397136e-11,1.69424414771913e-7,2.4837646719770266e-11
2,520,1800.0,3.4734355389878256e-11,1.9874212297443797e-7,2.913562750340136e-11
2,521,1800.0,3.3623731676332865e-11,1.93092452242667e-7,2.8307384856627786e-11
2,522,1800.0,3.1815242503975537e-11,1.8852610352760518e-7,2.763795739343324e-11
2,523,1800.0,2.7231819432888003e-11,1.641572344364863e-7,2.4065477227216485e-11
2,524,1800.0,3.1928775191633544e-11,1.883110520295379e-7,2.7606430808892615e-11
2,525,1800.0,3.072365633640099e-11,1.8513358882335569e-7,2.7140614186852224e-11
2,526,1800.0,3.025737405613222e-11,1.7955206092036413e-7,2.6322361289843982e-11
2,527,1800.0,3.0091816082627496e-11,1.789182383865904e-7,2.6229442803461154e-11
2,528,1800.0,2.987052738047686e-11,1.7802968286157864e-7,2.6099180419194682e-11
2,529,1800.0,3.8350084159033194e-11,2.1161047428341344e-7,3.102212989509333e-11
2,530,1800.0,3.3945690899164516e-11,1.963618778489566e-7,2.878668318145844e-11
2,531,1800.0,3.6263297882016725e-11,2.0307200518335007e-7,2.9770388938392644e-11
2,532,1800.0,3.7791950037653967e-11,2.0915206338797845e-7,3.0661726458581237e-11
2,533,1800.0,2.8505962124898924e-11,1.695724738085501e-7,2.4859352198585776e-11
2,534,1800.0,2.869534987420188e-11,1.7819552455006612e-7,2.6123492837659323e-11
2,535,1800.0,3.362609994732491e-11,1.9001691944425104e-7,2.785651124891924e-11
2,536,1800.0,3.1365058554096996e-11,1.8122255454263136e-7,2.656725592615339e-11
2,537,1800.0,3.035754588216644e-11,1.8441055658791993e-7,2.7034617543718265e-11
2,538,1800.0,2.9529374502239564e-11,1.739907098318333e-7,2.5507066317112354e-11
2,539,1800.0,2.8179465304781748e-11,1.7535184975332363e-7,2.570660965064941e-11
2,540,1800.0,2.792787913538949e-11,1.844973573003402e-7,2.7047342542255346e-11
2,541,1800.0,3.567466564953336e-11,2.0164342986523335e-7,2.9560959564758775e-11
2,542,1800.0,3.036338034482323e-11,1.8891908343726338e-7,2.7695568312008336e-11
2,543,1800.0,2.986379195913506e-11,1.9282876155122127e-7,2.8268727758438968e-11
2,544,1800.0,2.9113292390376637e-11,1.8580614149234894e-7,2.7239210517347933e-11
2,545,1800.0,3.2106234371905305e-11,1.8453215220210275e-7,2.7052443480504362e-11
2,546,1800.0,2.5063469310562432e-11,1.7216101769206963e-7,2.5238833152284422e-11
2,547,1800.0,2.974265679720422e-11,1.8326245952781933e-7,2.68663063282587e-11
2,548,1800.0,3.07035758861762e-11,1.8571870421724022e-7,2.7226392198617342e-11
2,549,1800.0,3.9168953564418777e-11,2.1669256893864537e-7,3.176716579687299e-11
2,550,1800.0,3.2905337493842486e-11,1.9303679593102334e-7,2.8299225632302347e-11
2,551,1800.0,2.998660942483991e-11,1.8119001162183427e-7,2.6562485128679628e-11
2,552,1800.0,3.331565195734364e-11,1.9437419411482858e-7,2.8495288423239154e-11
2,553,1800.0,3.1443641772661415e-11,1.8622106748140823e-7,2.7300038734727225e-11
2,554,1800.0,3.689271635937477e-11,2.0592616414773612e-7,3.018880910608171e-11
2,555,1800.0,2.7197179418672298e-11,1.6959703717384407e-7,2.4862953191926918e-11
2,556,1800.0,3.45970149847152e-11,1.9764851582859202e-7,2.8975304518220592e-11
2,557,1800.0,3.407345654295954e-11,1.9617325432282566e-7,2.8759030941895534e-11
2,558,1800.0,3.5773534598779955e-11,2.0192210739502611e-7,2.9601813735883105e-11
2,559,1800.0,3.024259583409824e-11,1.8494399949677028e-7,2.7112820360785855e-11
2,560,1800.0,3.472361239841034e-11,1.988694445905199e-7,2.915429287299576e-11
2,561,1800.0,3.201319350365067e-11,1.9017831730213248e-7,2.7880172201095366e-11
2,562,1800.0,2.945321147107085e-11,1.7910271573928528e-7,2.6256487213325007e-11
2,563,1800.0,3.347906127801558e-11,1.9503351478035704e-7,2.859194493987807e-11
2,564,1800.0,2.8714795053732e-11,1.760150963293871e-7,2.5803841706410316e-11
2,565,1800.0,3.001932777001356e-11,1.7602350459737448e-7,2.5805074359862753e-11
2,566,1800.0,3.797378937000581e-11,2.0687932842238132e-7,3.032854314353679e-11
2,567,1800.0,2.7318396048508463e-11,1.724021742273036e-7,2.5274186739513093e-11
2,568,1800.0,2.9350332211005714e-11,1.806764846058214e-7,2.6487201984736318e-11
2,569,1800.0,3.7388445988653894e-11,2.016221125372744e-7,2.955783444101809e-11
2,570,1800.0,2.92993641878146e-11,1.8121448276012104e-7,2.6566072601526536e-11
2,571,1800.0,3.039062815450416e-11,1.808989613102585e-7,2.6519817105736598e-11
2,572,1800.0,3.7119990440907575e-11,2.0505432400656066e-7,3.006099719980018e-11
2,573,1800.0,2.7343807294137034e-11,1.69271556619539e-7,2.481523768980836e-11
2,574,1800.0,2.9445799017579834e-11,1.7826810791425558e-7,2.6134133570636904e-11
2,575,1800.0,2.2924046059968322e-11,1.5745390578158173e-7,2.308276815779945e-11
2,576,1800.0,3.649672060537565e-11,1.9972077995610163e-7,2.9279098775845316e-11
2,577,1800.0,3.195232513110235e-11,1.8408725155396993e-7,2.698722097323706e-11
2,578,1800.0,3.2661247683580135e-11,1.913422373614534e-7,2.805080307081025e-11
2,579,1800.0,3.180941860312835e-11,1.8301386642060495e-7,2.6829862538370017e-11
2,580,1800.0,3.289623716048839e-11,1.9128179298675015e-7,2.80419419156627e-11
2,581,1800.0,3.168210925580363e-11,1.8906459676905498e-7,2.7716900590080075e-11
2,582,1800.0,2.7187773443794007e-11,1.723296909033182e-7,2.5263560672445676e-11
2,583,1800.0,3.2096979329291605e-11,1.8867892086972122e-7,2.7660360440604703e-11
2,584,1800.0,3.6309205671715514e-11,2.034799693376134e-7,2.983019654966026e-11
2,585,1800.0,3.737562450667069e-11,2.1032706291529482e-7,3.0833981580103537e-11
2,586,1800.0,3.839186129068988e-11,2.0726711306506712e-7,3.0385392435130025e-11
2,587,1800.0,3.647271275494279e-11,1.9789265087998347e-7,2.9011094756401653e-11
2,588,1800.0,3.2358544041916607e-11,1.9389378471432526e-7,2.8424860327107783e-11
2,589,1800.0,3.0408523299865756e-11,1.8724499696968818e-7,2.7450146963993303e-11
2,590,1800.0,3.513952355241306e-11,2.0244637483140447e-7,2.967867142719622e-11
2,591,1800.0,3.2586962461788846e-11,1.908604110570461e-7,2.798016725633645e-11
2,592,1800.0,3.206018713005376e-11,1.903345687021165e-7,2.790307868170796e-11
2,593,1800.0,2.986194250210785e-11,1.810407463462689e-7,2.654060281504135e-11
2,594,1800.0,3.9818291315469354e-11,2.341027036876523e-7,3.43194943784507e-11
2,595,1800.0,2.8684101048256674e-11,1.8049059250642888e-7,2.6459950172776842e-11
2,596,1800.0,3.071723864542135e-11,1.8833882241317e-7,2.7610501951642942e-11
2,597,1800.0,2.8350100075208955e-11,1.7489714520831918e-7,2.5639949890508592e-11
2,598,1800.0,2.8280453686778373e-11,1.7826242583347152e-7,2.6133300576671197e-11
2,599,1800.0,2.900848717969132e-11,1.7780858798856748e-7,2.606676787490585e-11
2,600,1800.0,2.561808325962514e-11,1.638199316128233e-7,2.401602857849014e-11
2,601,1800.0,3.0037633360374324e-11,1.8534978481401257e-7,2.717230855419235e-11
2,602,1800.0,2.9685027750528986e-11,1.806436574553484e-7,2.648238951914591e-11
2,603,1800.0,2.9407631276864066e-11,1.7936993652549096e-7,2.6295661823978915e-11
2,604,1800.0,2.5097812207771236e-11,1.6031247759927784e-7,2.3501835250500416e-11
2,605,1800.0,3.4258422954359057e-11,1.996900979953376e-7,2.9274600795414614e-11
2,606,1800.0,3.027876443704057e-11,1.829896266179576e-7,2.682630897936542e-11
2,607,1800.0,3.499272382334614e-11,1.9872211503625313e-7,2.913269433641421e-11
2,608,1800.0,2.5982578118543437e-11,1.653275141977103e-7,2.4237040430263165e-11
2,609,1800.0,2.6557028666474745e-11,1.683157702747908e-7,2.4675119256450365e-11
2,610,1800.0,2.994731303726754e-11,1.8161403314656543e-7,2.6624646753065525e-11
2,611,1800.0,3.0429188935085446e-11,1.8392945911686315e-7,2.6964088576332012e-11
2,612,1800.0,3.194686794308479e-11,1.895802738316526e-7,2.7792498931201873e-11
2,613,1800.0,3.140055210745134e-11,1.8745928656211342e-7,2.7481561853043068e-11
2,614,1800.0,2.8928990610409353e-11,1.8014717347797328e-7,2.640960488743465e-11
2,615,1800.0,3.0421633538836737e-11,1.8324078985228555e-7,2.6863129550306332e-11
2,616,1800.0,3.446461765317149e-11,1.9796525958586884e-7,2.9021739204475964e-11
2,617,1800.0,3.535923596736438e-11,1.9951635197097946e-7,2.924912960002768e-11
2,618,1800.0,3.398578910283388e-11,1.953355126867002e-7,2.863621788199187e-11
2,619,1800.0,3.476577145435548e-11,1.9899546999309456e-7,2.91727682174795e-11
2,620,1800.0,3.547995599036599e-11,2.010852033906839e-7,2.947912347293488e-11
2,621,1800.0,3.2226146233945237e-11,1.8955014600746765e-7,2.7788082187283662e-11
2,622,1800.0,3.324786811234096e-11,1.9345680457348767e-7,2.836079896749623e-11
2,623,1800.0,3.0026127142528614e-11,1.8321031526118045e-7,2.6858661970301313e-11
2,624,1800.0,3.0281535643413947e-11,1.8413638078830384e-7,2.6994423326968908e-11
2,625,1800.0,2.7705923766938466e-11,1.7201823538296006e-7,2.521790124258138e-11
2,626,1800.0,2.921772886241362e-11,1.7866134959376714e-7,2.619178286471501e-11
2,627,1800.0,2.820683252816775e-11,1.7616044064953291e-7,2.5825149207347342e-11
2,628,1800.0,2.892838139428527e-11,1.7853989376152954e-7,2.6173977419984778e-11
2,629,1800.0,2.7317346374441895e-11,1.7094872218382603e-7,2.5061110433901387e-11
2,630,1800.0,3.523728663616491e-11,2.004029347802873e-7,2.93791027838516e-11
2,631,1800.0,3.0276708829613335e-11,1.8422076244410824e-7,2.7006793691413257e-11
2,632,1800.0,3.0913084330369464e-11,1.8661066184373576e-7,2.7357153331513838e-11
2,633,1800.0,2.8226559743967064e-11,1.7702449071071836e-7,2.595181908663724e-11
2,634,1800.0,2.6447183110912844e-11,1.6649588058297903e-7,2.4408323132084078e-11
2,635,1800.0,2.548649885319574e-11,1.6389270710162113e-7,2.402669747696651e-11
2,636,1800.0,2.6498264163099336e-11,1.6640879533390975e-7,2.439555642042804e-11
2,637,1800.0,2.837196128234947e-11,1.7933709013578636e-7,2.6290846537914025e-11
2,638,1800.0,2.4356821458108922e-11,1.5843619091962113e-7,2.3226771318557297e-11
2,639,1800.0,2.687229088393059e-11,1.728235225797726e-7,2.5335956476411234e-11
2,640,1800.0,2.415488333736721e-11,1.6158382634509833e-7,2.3688215183102353e-11
2,641,1800.0,2.5543469877027498e-11,1.633687562728365e-7,2.3949886200378048e-11
2,642,1800.0,3.3568538559216205e-11,1.972814363872789e-7,2.892149061251107e-11
2,643,1800.0,2.746505579580857e-11,1.7563203622356137e-7,2.5747685032688022e-11
2,644,1800.0,3.4028095552301364e-11,1.986360166567392e-7,2.9120072299995255e-11
2,645,1800.0,2.6284370120113812e-11,1.7052792560062084e-7,2.499942158646693e-11
2,646,1800.0,3.170343755570852e-11,1.9118514612519806e-7,2.8027773470063894e-11
2,647,1800.0,2.8874175478427245e-11,1.7897223682993633e-7,2.6237358984024918e-11
2,648,1800.0,2.800205270031663e-11,1.67444600884493e-7,2.4547405682356425e-11
2,649,1800.0,2.8827827917237593e-11,1.7821312080187372e-7,2.6126072451031918e-11
2,650,1800.0,2.6920409319006335e-11,1.7117158881447393e-7,2.5093782718147496e-11
2,651,1800.0,2.8569713056929375e-11,1.8068809952165644e-7,2.6488904733283972e-11
2,652,1800.0,2.8549087952671318e-11,1.8049721176985e-7,2.6460920557869336e-11
2,653,1800.0,2.975714035354448e-11,1.8481103230784196e-7,2.7093327349295336e-11
2,654,1800.0,2.958285020602612e-11,1.838595527475644e-7,2.6953840291240152e-11
2,655,1800.0,2.7171447254030633e-11,1.740394057365976e-7,2.5514205144658927e-11
2,656,1800.0,2.410719417832956e-11,1.5873043352906065e-7,2.326990733288558e-11
2,657,1800.0,2.6874921159410736e-11,1.7080109621962728e-7,2.5039468443575673e-11
2,658,1800.0,2.3584555807505185e-11,1.599946264518626e-7,2.3455238220670904e-11
2,659,1800.0,2.5430475293453243e-11,1.6728056817605254e-7,2.4523358460660453e-11
2,660,1800.0,2.866768246276667e-11,1.7808749272791307e-7,2.610765535498752e-11
2,661,1800.0,2.740592154802664e-11,1.7475002465521583e-7,2.561838199353154e-11
2,662,1800.0,2.962150363201664e-11,1.808938029903602e-7,2.6519060895201803e-11
2,663,1800.0,2.704332653278781e-11,1.7342774335723056e-7,2.542453534051089e-11
2,664,1800.0,2.637663932823696e-11,1.70971794983509e-7,2.506449291008189e-11
2,665,1800.0,3.1251199411729644e-11,1.8633338385455996e-7,2.7316504333271244e-11
2,666,1800.0,3.1968377855451676e-11,1.886658042491721e-7,2.765843754190209e-11
2,667,1800.0,2.7898517132513732e-11,1.7354056074774853e-7,2.544107438828216e-11
2,668,1800.0,3.4185906191782674e-11,1.959657222705387e-7,2.872860670932745e-11
2,669,1800.0,2.7457868912800293e-11,1.732513506340935e-7,2.539867613865315e-11
2,670,1800.0,3.0575668833506237e-11,1.8403100410470683e-7,2.697897508804061e-11
2,671,1800.0,3.1152037220830576e-11,1.8726033551542322e-7,2.745239559728901e-11
2,672,1800.0,3.3962023755206907e-11,1.952656639950775e-7,2.8625978052456686e-11
2,673,1800.0,3.0270071164348003e-11,1.8273143377575937e-7,2.678845786676912e-11
2,674,1800.0,2.90047607831196e-11,1.7865721837348396e-7,2.6191177227150594e-11
2,675,1800.0,2.5474024762820846e-11,1.645319707890357e-7,2.412041363735671e-11
2,676,1800.0,3.4812422343872755e-11,2.00865033038927e-7,2.944684646361208e-11
2,677,1800.0,3.687831109232854e-11,2.054281546930571e-7,3.011580083914996e-11
2,678,1800.0,2.9949888902431343e-11,1.8124458288823072e-7,2.6570485285195623e-11
2,679,1800.0,3.023013294387203e-11,1.8287523873422366e-7,2.6809539697033645e-11
2,680,1800.0,2.5770727351666595e-11,1.6832787989672266e-7,2.4676894528992153e-11
2,681,1800.0,3.094226591004529e-11,1.8498128410214493e-7,2.7118286289988725e-11
2,682,1800.0,3.384502191108207e-11,1.9599302240746568e-7,2.8732608913834435e-11
2,683,1800.0,2.9399457749305545e-11,1.808924705975544e-7,2.6518865566200095e-11
2,684,1800.0,2.748842055052047e-11,1.7553205282586826e-7,2.57330274503491e-11
2,685,1800.0,2.93399489672852e-11,1.8278183639151413e-7,2.6795846898424063e-11
2,686,1800.0,2.7211235151441756e-11,1.702202147492424e-7,2.4954311125683185e-11
2,687,1800.0,2.599942565945018e-11,1.6908003330688508e-7,2.4787160341070272e-11
2,688,1800.0,2.4081669031423638e-11,1.5591497852342105e-7,2.2857161171834185e-11
2,689,1800.0,2.752153594248923e-11,1.7113104017535386e-7,2.508783828106747e-11
2,690,1800.0,2.5825018550848802e-11,1.6355128444921572e-7,2.3976644860677478e-11
2,691,1800.0,2.5808651073433284e-11,1.682503042509912e-7,2.4665521926729783e-11
2,692,1800.0,3.170591103069052e-11,1.8914536549832512e-7,2.7728741298907764e-11
2,693,1800.0,2.661535542608244e-11,1.718168481993051e-7,2.5188377848752658e-11
2,694,1800.0,2.803902804615661e-11,1.676009910994906e-7,2.4570332513272553e-11
2,695,1800.0,2.7898389035581742e-11,1.734414107804193e-7,2.5426538986969923e-11
2,696,1800.0,3.2557258139510636e-11,1.9389354587375556e-7,2.8424825313041476e-11
2,697,1800.0,3.113223453941655e-11,1.8570305418942358e-7,2.722409790199789e-11
2,698,1800.0,3.117326123425363e-11,1.8561651248255048e-7,2.721141087371608e-11
2,699,1800.0,2.5484353289934225e-11,1.6220518492908952e-7,2.3779306452422934e-11
2,700,1800.0,3.387708181138277e-11,1.9780836085680387e-7,2.8998737825314985e-11
2,701,1800.0,3.457763755007319e-11,2.0059255431098457e-7,2.940690103784568e-11
2,702,1800.0,3.0036944292573085e-11,1.8162845156492384e-7,2.662676049553839e-11
2,703,1800.0,3.8323831674563545e-11,2.154353636852875e-7,3.158285930256295e-11
2,704,1800.0,2.4645780759320056e-11,1.5863107791758452e-7,2.3255341784108014e-11
2,705,1800.0,2.7805983747553383e-11,1.7238150259279403e-7,2.5271156274536956e-11
2,706,1800.0,3.680419277306162e-11,2.034466276976861e-7,2.9825308659832295e-11
2,707,1800.0,3.046087333204471e-11,1.834351924410196e-7,2.6891629001385363e-11
2,708,1800.0,3.0256140737603727e-11,1.8404457322837392e-7,2.6980964323773805e-11
2,709,1800.0,3.5257908508491456e-11,2.0046041212742101e-7,2.9387528972275617e-11
2,710,1800.0,3.9856437142496637e-11,2.2466024748592978e-7,3.2935228765840966e-11
2,711,1800.0,3.234311629837726e-11,1.9052380380619912e-7,2.7930820578697895e-11
2,712,1800.0,3.631036034328098e-11,2.0648813831860794e-7,3.027119461079507e-11
2,713,1800.0,3.7521050727759075e-11,2.1163751924218213e-7,3.1026094690440874e-11
2,714,1800.0,3.949927898554764e-11,2.2852248426938943e-7,3.3501433305516174e-11
2,715,1800.0,3.978835008645931e-11,2.461947346268038e-7,3.60921880778535e-11
2,716,1800.0,3.9676203699909903e-11,2.3464958205311542e-7,3.4399666835639613e-11
2,717,1800.0,3.715821234784582e-11,2.1005975145982387e-7,3.0794793677320616e-11
2,718,1800.0,3.970265297801159e-11,2.359769641375879e-7,3.4594261264787646e-11
2,719,1800.0,3.979893596416434e-11,2.493937158416746e-7,3.6561159243462116e-11
2,720,1800.0,3.969395785620179e-11,2.353412024421807e-7,3.450105849699444e-11
2,721,1800.0,3.6479493508216e-11,2.0457055204735663e-7,2.999007615201721e-11
2,722,1800.0,3.321230805278605e-11,1.9262711666958896e-7,2.8239166586044918e-11
2,723,1800.0,3.412068427974214e-11,1.9677489250217875e-7,2.884723119669361e-11
2,724,1800.0,3.001802552784182e-11,1.8327985550960683e-7,2.686885658201382e-11
2,725,1800.0,2.8814339482692005e-11,1.808406642801276e-7,2.6511270751652082e-11
2,726,1800.0,2.5295683299230688e-11,1.6342728640265983e-7,2.3958466726915327e-11
2,727,1800.0,2.8911876443623768e-11,1.770370000068019e-7,2.5953652951474577e-11
2,728,1800.0,2.8785290799172487e-11,1.707367887447529e-7,2.5030040957315675e-11
2,729,1800.0,3.4283257713536165e-11,1.9586937515380382e-7,2.8714482206367526e-11
2,730,1800.0,2.7941727845591056e-11,1.730581522616181e-7,2.53703532258732e-11
2,731,1800.0,3.5808337913235055e-11,2.0160897447518456e-7,2.955590839898213e-11
2,732,1800.0,2.4474897709959294e-11,1.520278584213829e-7,2.2287308733614367e-11
2,733,1800.0,2.9594722920876753e-11,1.8093962320507969e-7,2.65257781461208e-11
2,734,1800.0,2.7314980360185257e-11,1.7474733673585863e-7,2.561798794411726e-11
2,735,1800.0,3.203549522356432e-11,1.923157361943917e-7,2.819351815781339e-11
2,736,1800.0,3.4247874041665144e-11,1.9721717761596217e-7,2.8912070266200537e-11
2,737,1800.0,2.8435188956590808e-11,1.6927577193163402e-7,2.481585565524605e-11
2,738,1800.0,2.7240184652607683e-11,1.7020466112263708e-7,2.4952030961496964e-11
2,739,1800.0,2.720661307565637e-11,1.7004716567537955e-7,2.4928942103352044e-11
2,740,1800.0,3.022096766540026e-11,1.864586061483145e-7,2.7334861941871524e-11
2,741,1800.0,3.100340756440834e-11,1.8845222459446193e-7,2.7627126729836642e-11
2,742,1800.0,2.5354259512386475e-11,1.6520099383400616e-7,2.421849252439747e-11
2,743,1800.0,2.5711766358761854e-11,1.6554739447596284e-7,2.4269274914763134e-11
2,744,1800.0,2.919339943497432e-11,1.790381671033302e-7,2.624702437281141e-11
2,745,1800.0,2.745042802687438e-11,1.723230424165939e-7,2.5262586003212193e-11
2,746,1800.0,2.735162463678573e-11,1.6467189116141786e-7,2.4140925986670742e-11
2,747,1800.0,3.777134462994222e-11,2.128255795064777e-7,3.120026451812536e-11
2,748,1800.0,3.119490625365996e-11,1.8921840128706097e-7,2.7739448357397317e-11
2,749,1800.0,2.92813317813329e-11,1.7913925738154624e-7,2.6261844224014756e-11
2,750,1800.0,2.9301027103348414e-11,1.8004095437392315e-7,2.6394033149531114e-11
2,751,1800.0,2.4801905227273013e-11,1.5973104814375957e-7,2.3416597597898382e-11
2,752,1800.0,2.972301253266008e-11,1.8046598397644964e-7,2.645634255828551e-11
2,753,1800.0,2.3845250663270753e-11,1.5643670849674222e-7,2.293364687065104e-11
2,754,1800.0,2.7265546808500646e-11,1.7548654254219518e-7,2.5726355635371837e-11
2,755,1800.0,3.00480426176241e-11,1.855184412848191e-7,2.7197033620202084e-11
2,756,1800.0,3.067374610125836e-11,1.8570642025099839e-7,2.7224591367171394e-11
2,757,1800.0,3.453510105557167e-11,1.9775843853547458e-7,2.8991419204900816e-11
2,758,1800.0,2.8992011041213414e-11,1.77959825581047e-7,2.6088939330524052e-11
2,759,1800.0,2.7076335419762084e-11,1.6930940844021305e-7,2.482078677286624e-11
2,760,1800.0,3.975917562863044e-11,2.2351987212158882e-7,3.2768049552233756e-11
2,761,1800.0,3.389370151084376e-11,1.9453175411136076e-7,2.8518386744318222e-11
2,762,1800.0,2.934198981216761e-11,1.787124587973382e-7,2.6199275482258565e-11
2,763,1800.0,3.255152085285693e-11,1.909158989642472e-7,2.7988301792543264e-11
2,764,1800.0,3.153071915527423e-11,1.8833698081446856e-7,2.7610231972974236e-11
2,765,1800.0,3.122064451825801e-11,1.8972699920391658e-7,2.78140088946037e-11
2,766,1800.0,2.6816969985849812e-11,1.72563836266758e-7,2.5297886420750718e-11
2,767,1800.0,2.980569990616769e-11,1.8454738554010168e-7,2.7054676690328874e-11
2,768,1800.0,2.8970765423369387e-11,1.8142476873835198e-7,2.6596900560085244e-11
2,769,1800.0,2.705987021621416e-11,1.7376876673057012e-7,2.5474529422424027e-11
2,770,1800.0,3.0100545460547905e-11,1.8562389249205044e-7,2.7212492784307276e-11
2,771,1800.0,3.169576274681347e-11,1.9137233700228475e-7,2.8055215683044254e-11
2,772,1800.0,2.648950285546531e-11,1.7115200905320376e-7,2.509091232196557e-11
2,773,1800.0,2.8884364980287747e-11,1.810477050723079e-7,2.6541622965408747e-11
2,774,1800.0,2.441531994291947e-11,1.569477132436702e-7,2.3008560249536902e-11
2,775,1800.0,3.371512033755962e-11,1.95648660422935e-7,2.8682125390978497e-11
2,776,1800.0,2.8148507233397377e-11,1.680655251390761e-7,2.463843327891525e-11
2,777,1800.0,2.994624782932839e-11,1.8558967603365206e-7,2.7207476645949382e-11
2,778,1800.0,2.6066588948096616e-11,1.6958918487647513e-7,2.4861802043857434e-11
2,779,1800.0,2.831880791865228e-11,1.792290054149904e-7,2.6275001300292578e-11
2,780,1800.0,3.104638046219149e-11,1.888891756706553e-7,2.769118382856662e-11
3,1,1100.0,5.869767101588145e-11,3.2180697450507423e-7,4.7176954723294164e-11
3,2,1100.0,6.91437859328077e-11,3.994087623267629e-7,5.85533894203388e-11
3,3,1100.0,6.913848017782546e-11,3.9890708795439775e-7,5.84798438758791e-11
3,4,1100.0,6.396829774873436e-11,3.4292503755376765e-7,5.027286619576653e-11
3,5,1100.0,6.565428981543961e-11,3.504644007063294e-7,5.1378138058310545e-11
3,6,1100.0,6.493191573157418e-11,3.4092143255788964e-7,4.9979137377989116e-11
3,7,1100.0,6.269326518303969e-11,3.3803589968388543e-7,4.9556117790054965e-11
3,8,1100.0,6.888257146220918e-11,3.8552731618857896e-7,5.6518367162160174e-11
3,9,1100.0,6.879053520045704e-11,3.826981244101171e-7,5.6103607187982216e-11
3,10,1100.0,6.429912646987129e-11,3.444670917658963e-7,5.049893159369131e-11
3,11,1100.0,6.868759006863781e-11,3.795166129098268e-7,5.5637197085368146e-11
3,12,1100.0,5.809984540916014e-11,3.244893208758483e-7,4.757018713685768e-11
3,13,1100.0,5.6744405542602066e-11,3.4558119469693727e-7,5.066225926431015e-11
3,14,1100.0,5.357994251382075e-11,3.0507843529657113e-7,4.472454815864416e-11
3,15,1100.0,4.9802427422188407e-11,3.200502242628148e-7,4.691941485248599e-11
3,16,1100.0,6.691551824886698e-11,3.5768200955192994e-7,5.243624068720176e-11
3,17,1100.0,5.3509991680677115e-11,3.3368959627141914e-7,4.891894900395587e-11
3,18,1100.0,4.5960943746028014e-11,2.817018090337907e-7,4.1297530952200204e-11
3,19,1100.0,5.219796888960882e-11,3.05610677250825e-7,4.480257491557287e-11
3,20,1100.0,3.893065465641958e-11,2.434624940089713e-7,3.569164115956849e-11
3,21,1100.0,5.3470241694044905e-11,3.004461465119057e-7,4.404545387053718e-11
3,22,1100.0,4.8760428728807987e-11,2.8278350293705835e-7,4.1456107454084306e-11
3,23,1100.0,4.5375880650506856e-11,2.750463323715866e-7,4.032183699268412e-11
3,24,1100.0,4.2469874904397704e-11,2.582427945031371e-7,3.785843561230633e-11
3,25,1100.0,3.9686330691636557e-11,2.467294657279568e-7,3.617057974412186e-11
3,26,1100.0,5.072448227205223e-11,2.9005663599547586e-7,4.25223499415915e-11
3,27,1100.0,4.55476695373472e-11,2.7999192869843326e-7,4.104686221735543e-11
3,28,1100.0,4.5908650288578955e-11,2.7145795428310606e-7,3.9795780182166995e-11
3,29,1100.0,4.232611411090534e-11,2.5717249946911615e-7,3.7701530186504956e-11
3,30,1100.0,4.007919757826867e-11,2.475522582261201e-7,3.629120125797256e-11
3,31,1100.0,4.715855614895125e-11,2.759352711698419e-7,4.045215556487035e-11
3,32,1100.0,5.238659140661855e-11,2.963160654341865e-7,4.343998331382611e-11
3,33,1100.0,4.5772004426489995e-11,2.7078947509150217e-7,3.96977810241181e-11
3,34,1100.0,4.3504914029581147e-11,2.614449229701244e-7,3.832786816558634e-11
3,35,1100.0,4.380609751061939e-11,2.62638635584159e-7,3.850286662866051e-11
3,36,1100.0,3.9210496440635695e-11,2.4302688020560993e-7,3.5627780105252854e-11
3,37,1100.0,4.392775303322e-11,2.635632747076539e-7,3.8638418874324524e-11
3,38,1100.0,4.858731588540821e-11,2.917991207757137e-7,4.277779849335064e-11
3,39,1100.0,4.0337273590694667e-11,2.5447281071254524e-7,3.730575537636726e-11
3,40,1100.0,4.199654967600618e-11,2.5570616180587964e-7,3.7486564846943985e-11
3,41,1100.0,4.273517459357796e-11,2.586646362041927e-7,3.792027767418739e-11
3,42,1100.0,4.118363896851986e-11,2.5798966895588024e-7,3.782132736597136e-11
3,43,1100.0,5.0558950500303255e-11,2.9024131734245277e-7,4.254942425705023e-11
3,44,1100.0,4.749360502244081e-11,2.781855480285344e-7,4.078204651779542e-11
3,45,1100.0,4.4472905278289846e-11,2.6554892629910466e-7,3.8929515720097306e-11
3,46,1100.0,4.776431649070545e-11,2.794093983464577e-7,4.0961463173153974e-11
3,47,1100.0,4.5247205415191464e-11,2.7454315560016353e-7,4.024807119627854e-11
3,48,1100.0,4.77866881413894e-11,2.79277139213416e-7,4.094207396277143e-11
3,49,1100.0,5.198681859435582e-11,3.0438221689482553e-7,4.462248242788369e-11
3,50,1100.0,5.458273863439646e-11,3.137122040006239e-7,4.599026005276618e-11
3,51,1100.0,5.160537955228199e-11,2.9394782705245184e-7,4.309279918246633e-11
3,52,1100.0,4.872464855983091e-11,2.9241317227613494e-7,4.2867818543033206e-11
3,53,1100.0,5.0655006147082486e-11,2.9014432038706873e-7,4.25352044876388e-11
3,54,1100.0,4.9545944619550825e-11,2.853717830856734e-7,4.183554974420312e-11
3,55,1100.0,5.248837445028635e-11,3.0613459680564554e-7,4.4879381607393123e-11
3,56,1100.0,5.28533977524889e-11,2.9791879936286573e-7,4.3674944368051474e-11
3,57,1100.0,4.9820172654844225e-11,2.962939912582802e-7,4.343674723605344e-11
3,58,1100.0,5.5571040349933744e-11,3.1559824538943174e-7,4.6266754026654996e-11
3,59,1100.0,4.40184590790867e-11,2.638852919604824e-7,3.868562665588418e-11
3,60,1100.0,6.50462409616864e-11,3.474581879653525e-7,5.0937426782280016e-11
3,61,1100.0,4.0939057973911966e-11,2.5070169743368966e-7,3.675290955726529e-11
3,62,1100.0,5.831398292787459e-11,3.2553177362725246e-7,4.7723010879505897e-11
3,63,1100.0,4.5247205415191464e-11,2.745431556001634e-7,4.024807119627852e-11
3,64,1100.0,4.735943408991743e-11,2.777747143475077e-7,4.0721818233438284e-11
3,65,1100.0,4.04759097978154e-11,2.482257580553756e-7,3.638993644231653e-11
3,66,1100.0,6.594416617089928e-11,3.5238392137841283e-7,5.1659540100564546e-11
3,67,1100.0,6.285962800593494e-11,3.3912828116614107e-7,4.9716261092754344e-11
3,68,1100.0,5.054214094782983e-11,2.995498921501426e-7,4.391406283555268e-11
3,69,1100.0,6.196383187176266e-11,3.359842723459902e-7,4.9255348889139086e-11
3,70,1100.0,4.192709784375497e-11,2.5533840686731065e-7,3.743265191322706e-11
3,71,1100.0,4.7685091588484543e-11,2.886944163539304e-7,4.232264832091902e-11
3,72,1100.0,4.683907839179644e-11,2.8071528177317376e-7,4.1152905895583575e-11
3,73,1100.0,4.280948094501732e-11,2.683591356385651e-7,3.9341492865634945e-11
3,74,1100.0,6.888816264305016e-11,3.8563629554407617e-7,5.653434355337411e-11
3,75,1100.0,4.9106479299586893e-11,2.892689779182988e-7,4.240687913956315e-11
3,76,1100.0,4.269013781013562e-11,2.5855366320347536e-7,3.790400901426042e-11
3,77,1100.0,5.977946498034348e-11,3.295925683069664e-7,4.831832403901742e-11
3,78,1100.0,4.6684879810916063e-11,2.7473317146614435e-7,4.027592755308955e-11
3,79,1100.0,3.892225100341037e-11,2.5180811720236197e-7,3.691511087503315e-11
3,80,1100.0,4.3804097976768284e-11,2.724519077264366e-7,3.994149391837543e-11
3,81,1100.0,4.932328092333787e-11,2.9466301735125604e-7,4.319764619641659e-11
3,82,1100.0,6.966600096081152e-11,3.7823286602136936e-7,5.5448999583042194e-11
3,83,1100.0,6.418309787549026e-11,3.3795277887212566e-7,4.954393226555231e-11
3,84,1100.0,6.783079258012344e-11,3.5514148131479023e-7,5.206379883506004e-11
3,85,1100.0,4.070519822304192e-11,2.560037501767397e-7,3.753019135043987e-11
3,86,1100.0,6.751108269229086e-11,3.5308002656161574e-7,5.176158923346827e-11
3,87,1100.0,6.644092258977795e-11,3.4740749829868996e-7,5.092999566891538e-11
3,88,1100.0,5.2960270182748494e-11,3.029832222212594e-7,4.441738958154478e-11
3,89,1100.0,7.011302413768581e-11,4.0700446590951833e-7,5.966692079909879e-11
3,90,1100.0,6.043053819294752e-11,3.267021332213534e-7,4.789458578606531e-11
3,91,1100.0,5.932558321141618e-11,3.236029242480319e-7,4.744024124727064e-11
3,92,1100.0,5.632762365770862e-11,3.139932517772203e-7,4.603146170245683e-11
3,93,1100.0,7.014816043112215e-11,4.194534060036261e-7,6.149193743857956e-11
3,94,1100.0,4.9606198394279645e-11,2.910978406036156e-7,4.267499070623447e-11
3,95,1100.0,3.7747150557724546e-11,2.434505810691118e-7,3.5689894720650456e-11
3,96,1100.0,4.450114738015617e-11,2.4868932694394773e-7,3.645789571666393e-11
3,97,1100.0,4.393970508688968e-11,2.695768653411923e-7,3.952001223779712e-11
3,98,1100.0,4.413306855257919e-11,2.475431660752103e-7,3.6289868347172633e-11
3,99,1100.0,3.816881196966902e-11,2.4509434240114946e-7,3.5930870398870935e-11
3,100,1100.0,5.5032581844383714e-11,3.1101329365655685e-7,4.559459935802796e-11
3,101,1100.0,5.06063683409455e-11,2.8168347412947314e-7,4.129484305224969e-11
3,102,1100.0,4.8502653535444344e-11,2.878317778256532e-7,4.21961853725827e-11
3,103,1100.0,5.1298863446796014e-11,2.9826467412251033e-7,4.372564966398478e-11
3,104,1100.0,5.383657385515939e-11,3.071116710920047e-7,4.5022620856448405e-11
3,105,1100.0,5.060269684285421e-11,2.816874184605245e-7,4.129542129182237e-11
3,106,1100.0,4.5940191123815165e-11,2.6253637323067814e-7,3.8487874951033e-11
3,107,1100.0,4.85355866336296e-11,2.6393899439260694e-7,3.869349944115481e-11
3,108,1100.0,4.5343669299950625e-11,2.7492079297649515e-7,4.030343289697636e-11
3,109,1100.0,4.716965001780606e-11,2.8293170701699704e-7,4.147783419627138e-11
3,110,1100.0,4.9825240947691454e-11,2.69859779738334e-7,3.956148753436286e-11
3,111,1100.0,4.964587681938192e-11,2.9229106738481367e-7,4.28499179461359e-11
3,112,1100.0,5.11435870814193e-11,2.9830466133777814e-7,4.37315117962369e-11
3,113,1100.0,5.718285260164695e-11,3.1811962829048235e-7,4.663638916941688e-11
3,114,1100.0,4.6628433334381124e-11,2.8062667155863764e-7,4.113991562374245e-11
3,115,1100.0,4.671892114514171e-11,2.810389014720122e-7,4.120034859598852e-11
3,116,1100.0,4.702078653559323e-11,2.8221561294148746e-7,4.137285468850934e-11
3,117,1100.0,5.2454643449436406e-11,3.027425392805642e-7,4.43821054233524e-11
3,118,1100.0,4.7580804905345805e-11,2.8433346608328285e-7,4.1683332303031927e-11
3,119,1100.0,4.5448385445498023e-11,2.758277205634311e-7,4.0436388628504515e-11
3,120,1100.0,4.7760294787982843e-11,2.8534275939014495e-7,4.1831294865725255e-11
3,121,1100.0,5.237979571780308e-11,3.024422685934742e-7,4.433808569186161e-11
3,122,1100.0,4.819263473336469e-11,2.869215468994291e-7,4.206274537097845e-11
3,123,1100.0,4.7319991105978845e-11,2.836052109950991e-7,4.157656998883693e-11
3,124,1100.0,4.790303080534351e-11,2.859929205965764e-7,4.192660860417307e-11
3,125,1100.0,5.270040769976459e-11,3.039272471855636e-7,4.455578379461966e-11
3,126,1100.0,4.878771370382317e-11,2.8950203142091296e-7,4.244104482089384e-11
3,127,1100.0,5.759257968074859e-11,3.196861270292426e-7,4.686603813891559e-11
3,128,1100.0,5.491025559691542e-11,3.1082979824209863e-7,4.556769890046906e-11
3,129,1100.0,5.262640887916348e-11,3.032246180911247e-7,4.445277825526927e-11
3,130,1100.0,4.934736100118416e-11,2.9140258208516474e-7,4.271966585691902e-11
3,131,1100.0,5.1484535919131554e-11,2.993807060501993e-7,4.388926012582548e-11
3,132,1100.0,4.8561117939192374e-11,2.8857549181151305e-7,4.230521396368751e-11
3,133,1100.0,4.978107270403757e-11,2.82353779894096e-7,4.13931099861998e-11
3,134,1100.0,5.239557790935791e-11,3.0271723275420435e-7,4.437839548247832e-11
3,135,1100.0,5.953742878703697e-11,3.2487309810378047e-7,4.7626448940797236e-11
3,136,1100.0,4.7763935708138655e-11,2.8527886207374864e-7,4.182192750876475e-11
3,137,1100.0,3.898576795225711e-11,2.48723374111121e-7,3.646288703690072e-11
3,138,1100.0,4.5448230397179665e-11,2.5366721205241336e-7,3.718765448196421e-11
3,139,1100.0,6.118321906186416e-11,3.108674659081662e-7,4.557322098643173e-11
3,140,1100.0,4.156877228627127e-11,2.392323294403491e-7,3.507149834683768e-11
3,141,1100.0,4.9643685733209273e-11,2.686560052247112e-7,3.9385013995175026e-11
3,142,1100.0,5.1118697179165683e-11,2.8299866683078697e-7,4.1487650515847134e-11
3,143,1100.0,5.4647943344859793e-11,2.953726804461057e-7,4.33016829213695e-11
3,144,1100.0,5.103732382090072e-11,2.8193611969467205e-7,4.133188093313702e-11
3,145,1100.0,5.100166917864007e-11,2.818774046537586e-7,4.13232732986039e-11
3,146,1100.0,4.9537284522490676e-11,2.76082243599791e-7,4.047370174696894e-11
3,147,1100.0,4.305585374824648e-11,2.435812378907089e-7,3.570904903191501e-11
3,148,1100.0,4.2513882453705505e-11,2.4214273542349513e-7,3.5498164336611366e-11
3,149,1100.0,4.949968197351227e-11,2.6767739772022926e-7,3.924154997609395e-11
3,150,1100.0,5.768583902438223e-11,2.9943460477627594e-7,4.389716168782137e-11
3,151,1100.0,5.105366407990977e-11,2.7492902993206993e-7,4.030464043600129e-11
3,152,1100.0,4.8825418053289184e-11,2.8823098279399116e-7,4.2254708885771185e-11
3,153,1100.0,3.9160596082176095e-11,2.49466620590727e-7,3.65718470915128e-11
3,154,1100.0,5.099639866747405e-11,2.754811070193702e-7,4.0385575026655786e-11
3,155,1100.0,5.1491449406578546e-11,2.8443256477688755e-7,4.169786018760782e-11
3,156,1100.0,4.6301626662855664e-11,2.6373003860599577e-7,3.866286648890359e-11
3,157,1100.0,5.6874802142655374e-11,2.9816445307121363e-7,4.371095724158898e-11
3,158,1100.0,4.6762988713726156e-11,2.6539143482117947e-7,3.890642744385715e-11
3,159,1100.0,4.316535279881864e-11,2.601722927966157e-7,3.81413003754772e-11
3,160,1100.0,5.656040324645689e-11,3.013180229356164e-7,4.417327109584427e-11
3,161,1100.0,5.537344077227162e-11,2.983806242807943e-7,4.374264797601931e-11
3,162,1100.0,5.0613313134277534e-11,2.8090745714076923e-7,4.118107883568199e-11
3,163,1100.0,4.8741332207883094e-11,2.72867258690132e-7,4.0002384437105394e-11
3,164,1100.0,4.751531145658171e-11,2.682879845494078e-7,3.9331062104409684e-11
3,165,1100.0,4.891995972308196e-11,2.735307499903705e-7,4.009965236947011e-11
3,166,1100.0,4.859017595409304e-11,2.726468299344738e-7,3.9970069545728687e-11
3,167,1100.0,4.315616835384819e-11,2.514592193209177e-7,3.686396238895306e-11
3,168,1100.0,4.9597553473166825e-11,2.7652406898383843e-7,4.053847342002191e-11
3,169,1100.0,6.344940115760493e-11,3.357063161243551e-7,4.92146004619078e-11
3,170,1100.0,5.736017607222555e-11,3.182844664039137e-7,4.666055446361531e-11
3,171,1100.0,5.508304804230169e-11,3.11112626861141e-7,4.5609161621951524e-11
3,172,1100.0,5.028785406497523e-11,2.716265851602477e-7,3.98205014961413e-11
3,173,1100.0,5.167557244893797e-11,2.9931511546880724e-7,4.3879644535941624e-11
3,174,1100.0,5.1584279350231276e-11,2.982052134947451e-7,4.37169327262981e-11
3,175,1100.0,4.887644658106734e-11,2.890281475451806e-7,4.2371573367753626e-11
3,176,1100.0,4.3488117081515226e-11,2.675313748528913e-7,3.922014300002836e-11
3,177,1100.0,6.183314277538711e-11,3.310114648813914e-7,4.852633450725428e-11
3,178,1100.0,4.608198176609163e-11,2.780308428121657e-7,4.075936670795193e-11
3,179,1100.0,5.0837798241200294e-11,2.764305981159769e-7,4.052477057561391e-11
3,180,1100.0,5.429095834871392e-11,2.8738741252484794e-7,4.213104134732055e-11
3,181,1100.0,5.353790338860414e-11,2.8468862158076514e-7,4.1735398156639414e-11
3,182,1100.0,5.481213456466488e-11,3.096650765808872e-7,4.539695051578685e-11
3,183,1100.0,5.67951516356994e-11,2.9699972808894205e-7,4.3540208370038804e-11
3,184,1100.0,4.9575477743755504e-11,2.687313324488454e-7,3.9396056978466104e-11
3,185,1100.0,5.2692647808702785e-11,3.0242524444897203e-7,4.43355899495129e-11
3,186,1100.0,5.165701631646361e-11,2.794228895345153e-7,4.096344098351417e-11
3,187,1100.0,4.66574586449722e-11,2.5827576492440564e-7,3.786326908141864e-11
3,188,1100.0,7.014709342341908e-11,4.1890837674586087e-7,6.141203606087946e-11
3,189,1100.0,7.012812829518036e-11,4.1130934254245175e-7,6.029801641259074e-11
3,190,1100.0,7.024969100507086e-11,5.200018820059957e-7,7.623236034941123e-11
3,191,1100.0,6.920188785559603e-11,3.6881390680179574e-7,5.4068178631831353e-11
3,192,1100.0,5.161023007951141e-11,2.9829711146336823e-7,4.373040498342232e-11
3,193,1100.0,4.793680459369054e-11,2.849075289421159e-7,4.176749001136359e-11
3,194,1100.0,4.436074777188978e-11,2.7103397858406743e-7,3.973362527583507e-11
3,195,1100.0,6.125214799321112e-11,3.28993706457772e-7,4.823053079467148e-11
3,196,1100.0,3.902966576934077e-11,2.4891004291363045e-7,3.649025271366327e-11
3,197,1100.0,4.1848514180759906e-11,2.620450881995546e-7,3.8415852485686526e-11
3,198,1100.0,5.345674432637535e-11,3.0466480262329674e-7,4.466390954156896e-11
3,199,1100.0,6.314540036982098e-11,3.344131222433313e-7,4.9025018028937444e-11
3,200,1100.0,6.621027285043718e-11,3.4636924996172505e-7,5.0777788294106736e-11
3,201,1100.0,5.258324977286737e-11,3.016924099320862e-7,4.422815629032649e-11
3,202,1100.0,4.02544501552328e-11,2.5412734034199527e-7,3.7255109363940893e-11
3,203,1100.0,6.690480799740006e-11,3.4971393760790407e-7,5.126812004620759e-11
3,204,1100.0,6.366962158736144e-11,3.361244854754401e-7,4.9275904156686785e-11
3,205,1100.0,6.626163715958914e-11,3.4659600435072945e-7,5.0811030524359274e-11
3,206,1100.0,6.030432247854547e-11,3.263516441288099e-7,4.7843204028179653e-11
3,207,1100.0,6.42240051018906e-11,3.381035216608036e-7,4.956603118285285e-11
3,208,1100.0,6.832872990533501e-11,3.588476779849639e-7,5.260712786878691e-11
3,209,1100.0,4.842738630484588e-11,2.867496689978719e-7,4.203754804269751e-11
3,210,1100.0,6.125214799321087e-11,3.2899370645777205e-7,4.8230530794671484e-11
3,211,1100.0,4.486996082377077e-11,2.736058076808944e-7,4.0110655839090134e-11
3,212,1100.0,5.482683855493306e-11,3.1052470468570257e-7,4.5522972135554783e-11
3,213,1100.0,4.6603978402790315e-11,2.804000997697088e-7,4.110670016269064e-11
3,214,1100.0,4.3437205167901046e-11,2.675442014187832e-7,3.922202337667113e-11
3,215,1100.0,4.577031625040418e-11,2.772088949080665e-7,4.063886901172819e-11
3,216,1100.0,4.448367018932036e-11,2.71885529437586e-7,3.985846276925116e-11
3,217,1100.0,4.941284332029566e-11,2.903926113324061e-7,4.257160398054724e-11
3,218,1100.0,3.941181855257369e-11,2.506202299091383e-7,3.6740966404935886e-11
3,219,1100.0,4.193792192784917e-11,2.614100081362394e-7,3.83227496452687e-11
3,220,1100.0,4.956809958652829e-11,2.92270415737771e-7,4.284689041132566e-11
3,221,1100.0,4.1286200487007113e-11,2.921830149930475e-7,4.283407744795547e-11
3,222,1100.0,4.051110738543832e-11,2.885549240852279e-7,4.230219873167395e-11
3,223,1100.0,6.558789779905924e-11,3.4459939185799897e-7,5.051832680867885e-11
3,224,1100.0,6.983301789721276e-11,3.843726485307605e-7,5.634909269600812e-11
3,225,1100.0,6.416505181272753e-11,3.3913109525647776e-7,4.9716673638854705e-11
3,226,1100.0,5.342221682135237e-11,3.056181958947186e-7,4.4803677149988686e-11
3,227,1100.0,4.6580177635863774e-11,2.801797708852917e-7,4.10743999124541e-11
3,228,1100.0,6.450521886316807e-11,3.398295526845932e-7,4.9819067611244616e-11
3,229,1100.0,6.352089108361525e-11,3.36808664341624e-7,4.9376204889578705e-11
3,230,1100.0,6.699714937885105e-11,3.51148020016291e-7,5.147835676016942e-11
3,231,1100.0,6.087094022157322e-11,3.287791700675431e-7,4.8199079725023617e-11
3,232,1100.0,6.180747552105031e-11,3.3074359698569645e-7,4.8487065030244144e-11
3,233,1100.0,5.4680924124773445e-11,3.087915277816072e-7,4.526888811994972e-11
3,234,1100.0,6.971156918530798e-11,3.801029889788168e-7,5.572315991230845e-11
3,235,1100.0,5.628465720035879e-11,3.1453499250160725e-7,4.611088098062964e-11
3,236,1100.0,5.329460041458383e-11,3.0526870809442004e-7,4.475244218170875e-11
3,237,1100.0,4.361359510528923e-11,2.6819536699124995e-7,3.931748435534282e-11
3,238,1100.0,6.60888089463989e-11,3.466563833282253e-7,5.0819882092265595e-11
3,239,1100.0,4.3227452059954204e-11,2.664237288818774e-7,3.905776192079809e-11
3,240,1100.0,5.307964395665623e-11,3.042221944657508e-7,4.459902311379399e-11
3,241,1100.0,4.425869613506795e-11,2.707812502021865e-7,3.9696575254008706e-11
3,242,1100.0,5.5003026512233216e-11,3.101368749405289e-7,4.54661162319295e-11
3,243,1100.0,5.047481837289887e-11,2.95158629546222e-7,4.3270303024685095e-11
3,244,1100.0,6.974909473253538e-11,3.806943902658032e-7,5.5809859437023126e-11
3,245,1100.0,6.74152312882138e-11,3.5252715844293815e-7,5.1680538677485385e-11
3,246,1100.0,6.986267329491785e-11,3.848505213876646e-7,5.6419148934435924e-11
3,247,1100.0,7.008657884785477e-11,4.0116775315164864e-7,5.881125776092387e-11
3,248,1100.0,6.696983876234727e-11,3.5006452029294707e-7,5.131951552476886e-11
3,249,1100.0,6.949007335012492e-11,3.7408579821385744e-7,5.4841038768984895e-11
3,250,1100.0,6.970001589579538e-11,3.7918757749322336e-7,5.5588960439859345e-11
3,251,1100.0,6.957435999523637e-11,3.759060685236905e-7,5.5107890692014913e-11
3,252,1100.0,7.017750755697671e-11,4.3673368175606757e-7,6.402522867017192e-11
3,253,1100.0,4.1610961457672846e-11,2.597603748766878e-7,3.808091314152108e-11
3,254,1100.0,4.37309960169893e-11,2.689305332318787e-7,3.9425259845608616e-11
3,255,1100.0,4.5482155300536796e-11,2.7613351002182296e-7,4.048121741276439e-11
3,256,1100.0,4.735497409871464e-11,2.8335944803255076e-7,4.154054109861589e-11
3,257,1100.0,4.140625707857739e-11,2.590411986457362e-7,3.79754817892707e-11
3,258,1100.0,4.381445579039457e-11,2.474917909811854e-7,3.628233675004537e-11
3,259,1100.0,4.261766713749295e-11,2.4319152198301303e-7,3.5651916616557664e-11
3,260,1100.0,3.958165351238814e-11,2.5142890134948114e-7,3.685951776941687e-11
3,261,1100.0,4.2640080990978835e-11,2.4288054010684846e-7,3.560632662300906e-11
3,262,1100.0,4.808413076270367e-11,2.862159056870706e-7,4.195929825465188e-11
3,263,1100.0,3.9966404556852473e-11,2.5290260467692524e-7,3.707556291654684e-11
3,264,1100.0,7.010484265081602e-11,4.049811244653424e-7,5.937029861479574e-11
3,265,1100.0,6.335749824059323e-11,3.350396497493582e-7,4.911686706306789e-11
3,266,1100.0,7.014964508703953e-11,4.2021372974687517e-7,6.160340102281503e-11
3,267,1100.0,7.008676582657887e-11,4.011983481924337e-7,5.881574299887155e-11
3,268,1100.0,7.017712823373594e-11,4.3646905888102683e-7,6.398643491371668e-11
3,269,1100.0,6.287700139757313e-11,3.336238025629239e-7,4.890930363560568e-11
3,270,1100.0,6.872073287096408e-11,3.6237539385436165e-7,5.312429158813507e-11
3,271,1100.0,3.994124839696223e-11,2.3496632227130449e-7,3.4446101003064154e-11
3,272,1100.0,4.40290120695837e-11,2.7008059322682333e-7,3.959385882763509e-11
3,273,1100.0,4.6874684111289815e-11,2.8129972008013196e-7,4.1238584646295336e-11
3,274,1100.0,4.050138193004377e-11,2.5536853794434245e-7,3.743706913401315e-11
3,275,1100.0,4.209987624020083e-11,2.4206235562148767e-7,3.548638064458354e-11
3,276,1100.0,4.165828584997584e-11,2.6059272269065056e-7,3.8202935466219746e-11
3,277,1100.0,4.2379363281893046e-11,2.645961097508275e-7,3.8789832659384255e-11
3,278,1100.0,4.134799939916894e-11,2.5925859729979365e-7,3.800735246726066e-11
3,279,1100.0,4.1233587412567774e-11,2.9182047689996293e-7,4.278092930463377e-11
3,280,1100.0,4.492169989419132e-11,2.501207311764177e-7,3.666773980960139e-11
3,281,1100.0,4.3641003542510755e-11,2.46233728878241e-7,3.609790464144679e-11
3,282,1100.0,4.834331560397763e-11,2.629060680521021e-7,3.85420722718915e-11
3,283,1100.0,4.853761858301354e-11,2.877004631655932e-7,4.217693462209265e-11
3,284,1100.0,3.946206483530754e-11,2.5075048461693084e-7,3.6760061766251394e-11
3,285,1100.0,5.061381709446701e-11,2.9511434558308693e-7,4.326381098849786e-11
3,286,1100.0,5.543913445328085e-11,3.1177189351412086e-7,4.5705810220342033e-11
3,287,1100.0,4.5241943656577055e-11,2.526401385534705e-7,3.703708534022437e-11
3,288,1100.0,4.836384788525101e-11,2.644948160931357e-7,3.8774982992716726e-11
3,289,1100.0,6.085718389519566e-11,3.2825826633033365e-7,4.812271515255492e-11
3,290,1100.0,4.825911811419498e-11,2.65274173344381e-7,3.8889236892315443e-11
3,291,1100.0,5.661024321309205e-11,3.5173064730169144e-7,5.1563770014826695e-11
3,292,1100.0,5.077378928757573e-11,2.9609047921260044e-7,4.340691233710681e-11
3,293,1100.0,5.849333805947507e-11,3.2161190251637193e-7,4.714835713807109e-11
3,294,1100.0,5.193133509330363e-11,3.0060753668496934e-7,4.4069113696117775e-11
3,295,1100.0,4.687785429339028e-11,2.8147097320946704e-7,4.1263690382867047e-11
3,296,1100.0,5.3788494335382556e-11,3.0742252853285397e-7,4.506819260775958e-11
3,297,1100.0,4.299220731525854e-11,2.44496190236811e-7,3.584318119444013e-11
3,298,1100.0,4.5352302220598414e-11,2.754777910374769e-7,4.038508890317172e-11
3,299,1100.0,5.981753221256822e-11,3.249914300876557e-7,4.764379642885023e-11
3,300,1100.0,5.150646834358228e-11,2.991797433346724e-7,4.385979895909327e-11
3,301,1100.0,5.429981929633498e-11,2.8753252526707693e-7,4.215231489889737e-11
3,302,1100.0,5.171163478265485e-11,2.997922703863371e-7,4.394959552434056e-11
3,303,1100.0,5.265323768884095e-11,3.041103611427535e-7,4.458262833048107e-11
3,304,1100.0,5.1276400105542946e-11,2.9806209360631553e-7,4.3695951327411926e-11
3,305,1100.0,5.3424486966009126e-11,3.047417559001392e-7,4.467519090445113e-11
3,306,1100.0,4.903722803785917e-11,2.898834414550101e-7,4.249695959383275e-11
3,307,1100.0,5.85517079317089e-11,3.217868667594678e-7,4.71740069245228e-11
3,308,1100.0,5.91831754455699e-11,3.035666063862708e-7,4.450291379487594e-11
3,309,1100.0,5.0906292492064e-11,2.96970892622848e-7,4.353598108602659e-11
3,310,1100.0,4.9635556489663396e-11,2.860955635045167e-7,4.194165607114613e-11
3,311,1100.0,4.297704431541645e-11,2.6184046237716884e-7,3.8385854306893914e-11
3,312,1100.0,4.82179639965938e-11,2.826539173071182e-7,4.143711017969061e-11
3,313,1100.0,5.365143583961089e-11,3.005645126543671e-7,4.406280636624446e-11
3,314,1100.0,4.994590414357168e-11,2.879648632188042e-7,4.221569571283145e-11
3,315,1100.0,5.0342340679537595e-11,2.939700210891331e-7,4.309605283184807e-11
3,316,1100.0,4.3715306825383366e-11,2.685446840550783e-7,3.9368694293628494e-11
3,317,1100.0,4.859571496481686e-11,2.8349497468167364e-7,4.1560409327386584e-11
3,318,1100.0,4.680650966307029e-11,2.7624025540318426e-7,4.049686630300721e-11
3,319,1100.0,5.382493215118768e-11,3.0589784011081e-7,4.484467303748139e-11
3,320,1100.0,5.316136434746633e-11,2.9794028199827443e-7,4.367809372589113e-11
3,321,1100.0,4.811712256505535e-11,2.8426625906348996e-7,4.1673479743015995e-11
3,322,1100.0,4.395555904725013e-11,2.6939759803093384e-7,3.949373162100055e-11
3,323,1100.0,5.2456734763601915e-11,3.0125612291572647e-7,4.416419654287596e-11
3,324,1100.0,5.2431387223251265e-11,3.011685647392681e-7,4.4151360499987874e-11
3,325,1100.0,5.211231064449933e-11,2.9667828066416927e-7,4.3493084125364656e-11
3,326,1100.0,4.552064238617148e-11,2.7442338282772703e-7,4.023051248838848e-11
3,327,1100.0,5.1899085329805775e-11,2.9478780047965493e-7,4.321593942330441e-11
3,328,1100.0,5.0938764042548476e-11,2.9896312814182597e-7,4.3828043136644085e-11
3,329,1100.0,5.3285893972467544e-11,3.018407111466535e-7,4.424989727246589e-11
3,330,1100.0,4.4181488770786814e-11,2.682321598557758e-7,3.9322878195257406e-11
3,331,1100.0,5.1590744511051915e-11,3.005941774363668e-7,4.406715522810312e-11
3,332,1100.0,4.5757532389629e-11,2.765345131187244e-7,4.0540004531892293e-11
3,333,1100.0,6.925669820274729e-11,3.695704635637003e-7,5.417908997598997e-11
3,334,1100.0,5.1187652000737355e-11,2.965066264807256e-7,4.34679195941955e-11
3,335,1100.0,6.45789708167733e-11,3.394995605435264e-7,4.977069070977411e-11
3,336,1100.0,5.284775745008254e-11,3.030245571532529e-7,4.442344928928774e-11
3,337,1100.0,5.1651513708810703e-11,2.982881056263434e-7,4.3729084726251946e-11
3,338,1100.0,5.2608490739072714e-11,3.017792775288159e-7,4.42408910941142e-11
3,339,1100.0,5.7094680448849714e-11,3.1559208615945324e-7,4.626585108253989e-11
3,340,1100.0,5.3707900425389376e-11,3.05852692054474e-7,4.483805432509057e-11
3,341,1100.0,5.973251688054091e-11,3.243216767279293e-7,4.754561047754765e-11
3,342,1100.0,4.550373769927044e-11,2.755460654398916e-7,4.0395097941653353e-11
3,343,1100.0,4.9747368159319395e-11,2.9153525549292084e-7,4.273911580004198e-11
3,344,1100.0,5.443176835083555e-11,3.0828284230807614e-7,4.5194314746920496e-11
3,345,1100.0,4.985037423457191e-11,2.9177334840615245e-7,4.277402025978757e-11
3,346,1100.0,5.4474299111474046e-11,3.0802439973435385e-7,4.515642702364221e-11
3,347,1100.0,6.026771350743865e-11,3.255619163287584e-7,4.772742980444179e-11
3,348,1100.0,5.04499547636085e-11,2.808536849759416e-7,4.1173195827585764e-11
3,349,1100.0,6.388975003549635e-11,3.3659282204695124e-7,4.93445623741273e-11
3,350,1100.0,4.361887975013755e-11,2.61457100074375e-7,3.832965333104702e-11
3,351,1100.0,4.486933680088792e-11,2.6612744336579584e-7,3.901432641602432e-11
3,352,1100.0,4.996222057166704e-11,2.9239095338549433e-7,4.286456125005699e-11
3,353,1100.0,4.3349701405494204e-11,2.6018800372907144e-7,3.814360360072665e-11
3,354,1100.0,5.598253980056703e-11,3.1291105350819253e-7,4.587281126047039e-11
3,355,1100.0,6.045152614018669e-11,3.267603635728326e-7,4.7903122365048656e-11
3,356,1100.0,4.264942883613334e-11,2.572462747121256e-7,3.77123456491111e-11
3,357,1100.0,4.102563926889476e-11,2.573343161865953e-7,3.772525254356613e-11
3,358,1100.0,4.7029180085710416e-11,2.8163420557537134e-7,4.1287620274217245e-11
3,359,1100.0,4.4727316101087635e-11,2.661933250474781e-7,3.902398468125801e-11
3,360,1100.0,4.9757524927691106e-11,2.85040961189405e-7,4.178705120048531e-11
3,361,1100.0,5.274571019341799e-11,3.022263914180785e-7,4.430643806289055e-11
3,362,1100.0,5.2106556570755124e-11,2.998996304741987e-7,4.396533453065615e-11
3,363,1100.0,5.866453900033621e-11,3.217335895725386e-7,4.7166196480266865e-11
3,364,1100.0,4.798083358814545e-11,2.7921301572937097e-7,4.093267344959689e-11
3,365,1100.0,5.5308084035166026e-11,3.107611959875612e-7,4.5557641798813e-11
3,366,1100.0,4.928522895295437e-11,2.900029972920236e-7,4.251448649895458e-11
3,367,1100.0,5.015109799768583e-11,2.9319513684170727e-7,4.298245467533569e-11
3,368,1100.0,3.9339560533212256e-11,2.4512952066362795e-7,3.593602753786317e-11
3,369,1100.0,4.542593504068753e-11,2.695349725276881e-7,3.951387074453409e-11
3,370,1100.0,4.323177916822866e-11,2.606494832368364e-7,3.82112565715084e-11
3,371,1100.0,5.1818134939721085e-11,2.987910025316143e-7,4.380280949423418e-11
3,372,1100.0,5.121718883377573e-11,2.969051442077473e-7,4.352634235769541e-11
3,373,1100.0,5.6190271146159515e-11,3.130074035436566e-7,4.588693619131649e-11
3,374,1100.0,5.861459105886879e-11,3.21184605604252e-7,4.708571534136209e-11
3,375,1100.0,4.279967923279166e-11,2.646671521401743e-7,3.880024748519965e-11
3,376,1100.0,4.9335181745197965e-11,2.7648893181262864e-7,4.0533322305016336e-11
3,377,1100.0,4.600878427460264e-11,2.775105198440427e-7,4.068308727632562e-11
3,378,1100.0,5.457038540309993e-11,3.026596081401871e-7,4.4369947704705265e-11
3,379,1100.0,5.401300166632244e-11,3.0160974545673106e-7,4.4216037664814865e-11
3,380,1100.0,4.961271018837634e-11,2.866126160829024e-7,4.201745606310585e-11
3,381,1100.0,4.0420684757527586e-11,2.550041760215613e-7,3.738365361696174e-11
3,382,1100.0,5.2727465524185923e-11,2.9688507727181625e-7,4.352340054162908e-11
3,383,1100.0,4.590422904268881e-11,2.7603640681275105e-7,4.046698206654507e-11
3,384,1100.0,5.18281838799658e-11,2.9489724117447605e-7,4.3231983446938154e-11
3,385,1100.0,3.8126537793113e-11,2.400514904207378e-7,3.519158747959287e-11
3,386,1100.0,4.304107546196543e-11,2.4406050628346075e-7,3.577930985612472e-11
3,387,1100.0,5.354088452043981e-11,3.04726193639562e-7,4.467290947452323e-11
3,388,1100.0,4.235645707331549e-11,2.574609200599413e-7,3.7743812691958884e-11
3,389,1100.0,3.869698635244266e-11,2.427579298247784e-7,3.558835193574591e-11
3,390,1100.0,4.223902439959404e-11,2.5871752036989715e-7,3.792803050146795e-11
3,391,1100.0,4.5974647780798144e-11,2.7146636529727074e-7,3.979701323820947e-11
3,392,1100.0,5.056330995789978e-11,2.947109521802527e-7,4.320467345013203e-11
3,393,1100.0,4.670354231381376e-11,2.801698351648566e-7,4.107294333422477e-11
3,394,1100.0,4.00788059607993e-11,2.4739433231901123e-7,3.626804929434353e-11
3,395,1100.0,4.726585697006677e-11,2.7663933059843267e-7,4.055537079143969e-11
3,396,1100.0,5.220711170294647e-11,2.945700726650697e-7,4.3184020490327626e-11
3,397,1100.0,3.9547164591566965e-11,2.511133395131543e-7,3.6813256352964707e-11
3,398,1100.0,4.517234540037435e-11,2.6864242174832915e-7,3.9383022655331485e-11
3,399,1100.0,4.8262614444280775e-11,2.812659103421913e-7,4.12336281332226e-11
3,400,1100.0,4.368105259326294e-11,2.682805017966462e-7,3.932996513163964e-11
3,401,1100.0,4.757366700935875e-11,2.784842035395625e-7,4.082582946421324e-11
3,402,1100.0,4.266967345903674e-11,2.594600456556698e-7,3.803688482894694e-11
3,403,1100.0,4.997463932290622e-11,2.8702494433331347e-7,4.207790345157745e-11
3,404,1100.0,5.4579498077251413e-11,3.0671650522327334e-7,4.4964689475918196e-11
3,405,1100.0,5.3191475802220894e-11,3.0334747742047e-7,4.4470789452903415e-11
3,406,1100.0,4.6350280872346684e-11,2.7883116086645503e-7,4.0876693464680906e-11
3,407,1100.0,5.3456744326375436e-11,3.0466480262329685e-7,4.4663909541568975e-11
3,408,1100.0,5.007108980954641e-11,2.927848549661648e-7,4.292230728575215e-11
3,409,1100.0,4.133807790098105e-11,2.5332650756606814e-7,3.713770714893623e-11
3,410,1100.0,4.0985910161132033e-11,2.571694606545377e-7,3.770108469579425e-11
3,411,1100.0,5.2803622427937545e-11,2.9624622920946156e-7,4.342974531194016e-11
3,412,1100.0,5.133238113981571e-11,2.9192184748234324e-7,4.2795790248473117e-11
3,413,1100.0,5.245080845747109e-11,3.013202370012927e-7,4.4173595678231966e-11
3,414,1100.0,5.0822416058861394e-11,2.954643608651533e-7,4.3315123285690613e-11
3,415,1100.0,4.834140936325514e-11,2.864280575921845e-7,4.199039975839465e-11
3,416,1100.0,5.270932176853823e-11,3.021255409634771e-7,4.429165336986806e-11
3,417,1100.0,4.060937056600478e-11,2.3541570381630297e-7,3.451198041053965e-11
3,418,1100.0,4.487289625196296e-11,2.5060642342951536e-7,3.673894237278102e-11
3,419,1100.0,4.0365065085500296e-11,2.5039384225277646e-7,3.670777793774831e-11
3,420,1100.0,4.148898131452102e-11,2.544619946463514e-7,3.7304169739306734e-11
3,421,1100.0,3.689747613961279e-11,2.3263636246980204e-7,3.4104528517782784e-11
3,422,1100.0,4.5336412629578375e-11,2.736421689419499e-7,4.0115986405865876e-11
3,423,1100.0,5.277705282187856e-11,3.0187217527091914e-7,4.425450991819295e-11
3,424,1100.0,4.688951115161236e-11,2.768860024240424e-7,4.059153292113312e-11
3,425,1100.0,4.975104071803171e-11,2.85028359357808e-7,4.1785203769926675e-11
3,426,1100.0,3.9645246645518666e-11,2.4832016788182685e-7,3.640377693820626e-11
3,427,1100.0,5.079552352819933e-11,2.894525344682878e-7,4.2433788559600775e-11
3,428,1100.0,5.412614426047314e-11,3.043166256243577e-7,4.46128667369812e-11
3,429,1100.0,4.412106516595398e-11,2.691844358086901e-7,3.9462482004602475e-11
3,430,1100.0,5.2338586075254115e-11,2.953314318895232e-7,4.329563587627582e-11
3,431,1100.0,5.006926494179459e-11,2.884682521037719e-7,4.2289492605117134e-11
3,432,1100.0,4.56441478673469e-11,2.754993770381909e-7,4.038825341438192e-11
3,433,1100.0,5.082284695441493e-11,2.9549175331795765e-7,4.331913902372021e-11
3,434,1100.0,4.13578084399427e-11,2.508172749185914e-7,3.676985323532145e-11
3,435,1100.0,4.4107653573095414e-11,2.715807973839111e-7,3.98137890006945e-11
3,436,1100.0,4.391728280393764e-11,2.8150910333718964e-7,4.126928026578344e-11
3,437,1100.0,5.414336072687903e-11,2.997417551911105e-7,4.394218998851677e-11
3,438,1100.0,5.357994251382075e-11,3.050784352965709e-7,4.4724548158644127e-11
3,439,1100.0,4.244734344991629e-11,2.650197629142513e-7,3.8851940281942666e-11
3,440,1100.0,4.463495789581069e-11,2.71211723850332e-7,3.9759682760734956e-11
3,441,1100.0,4.502055959206168e-11,2.736540387285126e-7,4.01177265185036e-11
3,442,1100.0,4.017121818156042e-11,2.5377958576750726e-7,3.720412848684625e-11
3,443,1100.0,5.517084244041769e-11,3.096590008633623e-7,4.539605981461102e-11
3,444,1100.0,4.3589912592460335e-11,2.6890773215549267e-7,3.942191720410757e-11
3,445,1100.0,6.022004017051183e-11,3.261170235714184e-7,4.780880861636412e-11
3,446,1100.0,4.745360895726255e-11,2.83236319147622e-7,4.152249038408943e-11
3,447,1100.0,4.7548644264866695e-11,2.838252773566736e-7,4.160883175318211e-11
3,448,1100.0,4.490254665307053e-11,2.743800695739994e-7,4.0224162758358006e-11
3,449,1100.0,4.798934387211881e-11,2.8539858523480257e-7,4.1839478943618075e-11
3,450,1100.0,5.79924078811924e-11,3.193092325686304e-7,4.6810785349782885e-11
3,451,1100.0,6.992290109765759e-11,3.885425971813429e-7,5.6960407845375354e-11
3,452,1100.0,5.636861984938609e-11,3.1362961807272945e-7,4.5978152942325044e-11
3,453,1100.0,5.630472193072369e-11,3.139217393551036e-7,4.602097796976104e-11
3,454,1100.0,5.908844646807799e-11,3.2292832834316176e-7,4.734134537806356e-11
3,455,1100.0,5.1566352230060335e-11,2.980290635049102e-7,4.369110910918188e-11
3,456,1100.0,5.633464992960806e-11,3.132418983343079e-7,4.5921313165707486e-11
3,457,1100.0,5.529679767441212e-11,3.065562099867569e-7,4.4941190168213237e-11
3,458,1100.0,6.094729734896951e-11,3.27823926118726e-7,4.8059040806997194e-11
3,459,1100.0,4.565579315559599e-11,2.7647708023336133e-7,4.053158486157108e-11
3,460,1100.0,5.318154185803283e-11,3.0111978075109274e-7,4.414420875939894e-11
3,461,1100.0,5.798191862582334e-11,3.1892813064363054e-7,4.675491574568767e-11
3,462,1100.0,5.805829833002663e-11,3.1765418287302677e-7,4.6568154795630414e-11
3,463,1100.0,5.621529356457242e-11,3.084603156642721e-7,4.522033236976016e-11
3,464,1100.0,5.979401743174205e-11,3.245233802425624e-7,4.757518024554914e-11
3,465,1100.0,5.1879364648977074e-11,2.937482648976835e-7,4.306354333816877e-11
3,466,1100.0,6.767478296157456e-11,3.541808496706186e-7,5.19229700800197e-11
3,467,1100.0,4.0305632718807816e-11,2.4882491173254935e-7,3.647777246869164e-11
3,468,1100.0,5.650859846163675e-11,3.1354670957055147e-7,4.596599854244157e-11
3,469,1100.0,4.930303927818825e-11,2.897127043796936e-7,4.247192951086397e-11
3,470,1100.0,4.4421234599749205e-11,2.6881957160947205e-7,3.940899285374384e-11
3,471,1100.0,5.0979210462742054e-11,2.957011054625001e-7,4.3349830082108535e-11
3,472,1100.0,4.198111623967038e-11,2.5370139055059557e-7,3.719266505534824e-11
3,473,1100.0,3.8681989695911806e-11,2.4056374584912354e-7,3.526668420858354e-11
3,474,1100.0,4.161423939564418e-11,2.5201740723640813e-7,3.694579282801263e-11
3,475,1100.0,4.769678969127505e-11,2.7812191520380435e-7,4.077271793535614e-11
3,476,1100.0,4.104898351406371e-11,2.5234331400791997e-7,3.6993570813642916e-11
3,477,1100.0,4.625831381235351e-11,2.784821968805871e-7,4.082553528768157e-11
3,478,1100.0,5.162011422976368e-11,2.9860034546298034e-7,4.377485913701009e-11
3,479,1100.0,5.131078837611061e-11,2.9722318606412254e-7,4.357296734548942e-11
3,480,1100.0,4.164929487561902e-11,2.599190732178056e-7,3.8104178344101265e-11
3,481,1100.0,5.079630179122694e-11,2.9539648184099276e-7,4.3305172209725255e-11
3,482,1100.0,5.014374525286389e-11,2.93549260685247e-7,4.303436928830767e-11
3,483,1100.0,6.376899235743338e-11,3.3633774578300576e-7,4.930716815240898e-11
3,484,1100.0,4.57640732788943e-11,2.763621697059114e-7,4.051473895958566e-11
3,485,1100.0,4.781944424017064e-11,2.859536965113968e-7,4.192085834691582e-11
3,486,1100.0,4.531802812407991e-11,2.749362388437823e-7,4.030569726362904e-11
3,487,1100.0,5.1115429433346395e-11,2.978794880049305e-7,4.3669181316594075e-11
3,488,1100.0,4.879713855751524e-11,2.8812626738740474e-7,4.2239357590160026e-11
3,489,1100.0,4.5159545300070396e-11,2.7456544898868805e-7,4.0251339410656633e-11
3,490,1100.0,4.1522294661392804e-11,2.5918760632986764e-7,3.79969451795407e-11
3,491,1100.0,4.946805511091914e-11,2.908748098186239e-7,4.264229435693491e-11
3,492,1100.0,4.555125978595936e-11,2.5295327314457837e-7,3.7082990922133254e-11
3,493,1100.0,6.772830930101574e-11,3.543923597401018e-7,5.195397749055477e-11
3,494,1100.0,5.0529477803951385e-11,2.944386605544468e-7,4.316475545356923e-11
3,495,1100.0,6.022828981224259e-11,3.2677572166119917e-7,4.790537386329732e-11
3,496,1100.0,4.8623658878813486e-11,2.8766223005017004e-7,4.217132964116263e-11
3,497,1100.0,4.2057632872621e-11,2.6138574855839347e-7,3.831919318721677e-11
3,498,1100.0,4.6421101482435756e-11,2.805872391089901e-7,4.1134134820220366e-11
3,499,1100.0,3.929049577222697e-11,2.5001951043072995e-7,3.66529008318455e-11
3,500,1100.0,4.8319171554684966e-11,2.864287055937997e-7,4.1990494755536674e-11
3,501,1100.0,4.489007434973395e-11,2.731403121957796e-7,4.004241412537671e-11
3,502,1100.0,4.548672246352363e-11,2.7600325016321056e-7,4.046212129633786e-11
3,503,1100.0,4.92673434979722e-11,2.8987641807459277e-7,4.2495929965122994e-11
3,504,1100.0,4.746051890251099e-11,2.837167472176718e-7,4.159292121717936e-11
3,505,1100.0,4.8047591321532714e-11,2.859696525858785e-7,4.192319751002608e-11
3,506,1100.0,4.848454155429435e-11,2.869632691799397e-7,4.206886186407692e-11
3,507,1100.0,5.1387913588699544e-11,2.981205022810702e-7,4.3704514048616426e-11
3,508,1100.0,4.3162217973277126e-11,2.444820832956138e-7,3.5841113114569683e-11
3,509,1100.0,3.88976076189101e-11,2.483488402970834e-7,3.640798031893922e-11
3,510,1100.0,4.375282098508995e-11,2.465666902345414e-7,3.6146716830352724e-11
3,511,1100.0,4.656693631513226e-11,2.801624634456025e-7,4.1071862638984967e-11
3,512,1100.0,4.7042348708990764e-11,2.5833549775470825e-7,3.78720259240415e-11
3,513,1100.0,5.058926152888806e-11,2.721043109983419e-7,3.989053618158769e-11
3,514,1100.0,4.7299209449589436e-11,2.825159499190599e-7,4.141688413819562e-11
3,515,1100.0,4.5279402883994636e-11,2.746692231506433e-7,4.0266552719652006e-11
3,516,1100.0,4.742549898400943e-11,2.831717073601495e-7,4.151301828555314e-11
3,517,1100.0,4.447278009644048e-11,2.71957371722876e-7,3.986899485994173e-11
3,518,1100.0,3.98417972724282e-11,2.5237066955641903e-7,3.6997581141495365e-11
3,519,1100.0,4.465388432719686e-11,2.498135667801947e-7,3.662270945923217e-11
3,520,1100.0,4.9739732823883743e-11,2.9163804808677577e-7,4.275418521099443e-11
3,521,1100.0,4.98893433468707e-11,2.89034537853529e-7,4.237251018799527e-11
3,522,1100.0,4.7311193560086616e-11,2.8147558233501e-7,4.126436608142016e-11
3,523,1100.0,4.2734965731508716e-11,2.429999221239079e-7,3.5623828046097394e-11
3,524,1100.0,4.7620957684362454e-11,2.80019473721727e-7,4.1050900322243555e-11
3,525,1100.0,4.5735784935448594e-11,2.758578854583525e-7,4.044081080699871e-11
3,526,1100.0,4.627571632219179e-11,2.6392189456373334e-7,3.8690992603464965e-11
3,527,1100.0,4.604680259315431e-11,2.6286897388153816e-7,3.85366342604628e-11
3,528,1100.0,4.572322301956653e-11,2.615751116939385e-7,3.83469538536399e-11
3,529,1100.0,5.6051791480964784e-11,3.1312910675761754e-7,4.590477790224754e-11
3,530,1100.0,4.8599641266329395e-11,2.8717607135799535e-7,4.2100058697938556e-11
3,531,1100.0,5.1682203621724505e-11,2.9859749855954336e-7,4.3774441780503895e-11
3,532,1100.0,5.490838981825021e-11,3.0906069708091513e-7,4.530834838294085e-11
3,533,1100.0,4.47087135302866e-11,2.500124506612772e-7,3.665186586849724e-11
3,534,1100.0,4.153405643221375e-11,2.594418041638003e-7,3.803421062327649e-11
3,535,1100.0,5.229688011631759e-11,2.795849037732521e-7,4.098719229722379e-11
3,536,1100.0,4.911523091045607e-11,2.6624272081722194e-7,3.9031226109124235e-11
3,537,1100.0,4.3818690245536955e-11,2.6884212161143606e-7,3.941229868769384e-11
3,538,1100.0,4.6346826210994087e-11,2.5575542353609586e-7,3.7493786624593695e-11
3,539,1100.0,4.215204720389855e-11,2.620300064541626e-7,3.84136414993628e-11
3,540,1100.0,4.3648199555549705e-11,2.7781089464443753e-7,4.072712227084381e-11
3,541,1100.0,5.1034551964185355e-11,2.9624931980626757e-7,4.343019839393383e-11
3,542,1100.0,4.4352651579193784e-11,2.883886188430739e-7,4.227781835616651e-11
3,543,1100.0,4.6151732831644604e-11,2.9058154785113386e-7,4.259930210487567e-11
3,544,1100.0,4.390688258781652e-11,2.822133739600839e-7,4.1372526453471966e-11
3,545,1100.0,4.709460895196932e-11,2.7907203513294854e-7,4.091200567126638e-11
3,546,1100.0,4.207952249395147e-11,2.584865389427993e-7,3.789416858674445e-11
3,547,1100.0,4.368426474661893e-11,2.7992204557961177e-7,4.1036617340787316e-11
3,548,1100.0,4.428814904614969e-11,2.707277290223169e-7,3.968872904034809e-11
3,549,1100.0,5.845537459931589e-11,3.21233197425498e-7,4.709283891024796e-11
3,550,1100.0,4.7211903092976843e-11,2.8238294072575947e-7,4.139738496885733e-11
3,551,1100.0,4.4854424887495237e-11,2.672280589108753e-7,3.917567683367087e-11
3,552,1100.0,4.776172277043101e-11,2.8424513602081595e-7,4.167038310152964e-11
3,553,1100.0,4.692261951229463e-11,2.7435799491615984e-7,4.022092660993385e-11
3,554,1100.0,5.316254737760532e-11,3.0353133748180023e-7,4.4497743367752956e-11
3,555,1100.0,4.079808330773188e-11,2.500238486269501e-7,3.66535368121159e-11
3,556,1100.0,4.9519294719901666e-11,2.9123872195040053e-7,4.269564393455201e-11
3,557,1100.0,4.871219148184452e-11,2.8829934397401934e-7,4.226473064586504e-11
3,558,1100.0,5.109999496036315e-11,2.9661363303158216e-7,4.348360677192873e-11
3,559,1100.0,4.357468178749123e-11,2.7205179937483645e-7,3.9882837969054e-11
3,560,1100.0,4.96353454044784e-11,2.913916722780347e-7,4.271806647742202e-11
3,561,1100.0,4.604000720474743e-11,2.7763151251360426e-7,4.070082482133233e-11
3,562,1100.0,4.407985440558009e-11,2.638030833050343e-7,3.867357485364495e-11
3,563,1100.0,4.798089136037116e-11,2.8513236090592656e-7,4.1800450413770523e-11
3,564,1100.0,4.300963945884137e-11,2.591145269308849e-7,3.798623172778188e-11
3,565,1100.0,4.708756187425981e-11,2.5926686236406653e-7,3.800856412702529e-11
3,566,1100.0,5.6631133646691506e-11,3.0878141748684393e-7,4.526740594909553e-11
3,567,1100.0,4.097752697744057e-11,2.539750006459961e-7,3.723277633976773e-11
3,568,1100.0,4.3754434525475484e-11,2.686286406269162e-7,3.9381002340694324e-11
3,569,1100.0,5.5022457204692826e-11,3.0909723713644035e-7,4.531370516101488e-11
3,570,1100.0,4.376615666294819e-11,2.6866962992337255e-7,3.93870113782114e-11
3,571,1100.0,4.753067629663437e-11,2.6756160507295145e-7,3.9224574755198514e-11
3,572,1100.0,5.429125865992229e-11,3.0578845630896045e-7,4.482863735436652e-11
3,573,1100.0,4.281300745378037e-11,2.501405980329826e-7,3.667065229400014e-11
3,574,1100.0,4.605325439553145e-11,2.6363420349582036e-7,3.864881704618843e-11
3,575,1100.0,3.656922664669902e-11,2.3679768902163953e-7,3.471457966607381e-11
3,576,1100.0,5.2854941754606894e-11,3.018713032793219e-7,4.425438208408318e-11
3,577,1100.0,4.9334632941481946e-11,2.7597772855166253e-7,4.045837982394026e-11
3,578,1100.0,4.6828322135042064e-11,2.8293480429130666e-7,4.147828825718816e-11
3,579,1100.0,4.651993232303109e-11,2.769485974257175e-7,4.0600709358544e-11
3,580,1100.0,4.890550912270823e-11,2.859135239236198e-7,4.191496903902376e-11
3,581,1100.0,4.559922064973198e-11,2.7591797240399295e-7,4.04496195629876e-11
3,582,1100.0,4.078252504189325e-11,2.539774576125315e-7,3.723313653146083e-11
3,583,1100.0,4.7849979563865425e-11,2.803913124693539e-7,4.1105411943031575e-11
3,584,1100.0,5.1920409620628525e-11,2.9938945011438756e-7,4.389054200705551e-11
3,585,1100.0,5.50776920523505e-11,3.117787213998954e-7,4.570681118950542e-11
3,586,1100.0,5.7643063987936164e-11,3.115111354460634e-7,4.566758304521818e-11
3,587,1100.0,5.4157887711175755e-11,3.02025115414518e-7,4.427693096808174e-11
3,588,1100.0,4.625243375317661e-11,2.828436973124231e-7,4.146493195928823e-11
3,589,1100.0,4.3666009318339825e-11,2.7232400401666417e-7,3.992274321375147e-11
3,590,1100.0,4.977665128446801e-11,2.9697191615921345e-7,4.353613113662399e-11
3,591,1100.0,4.84647721880133e-11,2.8251276306519647e-7,4.14164169449017e-11
3,592,1100.0,4.610244773700158e-11,2.778727686692604e-7,4.073619301293107e-11
3,593,1100.0,4.468116031463015e-11,2.6626294585790604e-7,3.903419110337303e-11
3,594,1100.0,6.473389409260324e-11,3.46477439050566e-7,5.0793648832100527e-11
3,595,1100.0,4.131277897774816e-11,2.6213138720988384e-7,3.8428503934615585e-11
3,596,1100.0,4.40788042795852e-11,2.7400898201913825e-7,4.016976126255144e-11
3,597,1100.0,4.2505067490978564e-11,2.5738617996144853e-7,3.773285578138219e-11
3,598,1100.0,4.2351064519034704e-11,2.634373445306889e-7,3.861995748993063e-11
3,599,1100.0,4.344425462137075e-11,2.6201775992492926e-7,3.8411846156188384e-11
3,600,1100.0,3.871413841786319e-11,2.429548402112311e-7,3.5617219030377755e-11
3,601,1100.0,4.3151973323473505e-11,2.697645553625276e-7,3.954752762540538e-11
3,602,1100.0,4.443489358834553e-11,2.65481097460678e-7,3.891957200136868e-11
3,603,1100.0,4.402089682765233e-11,2.6440880143165637e-7,3.876237322937524e-11
3,604,1100.0,3.789605358417396e-11,2.386462321575564e-7,3.4985576389999166e-11
3,605,1100.0,4.8752722185907195e-11,2.9248604484961067e-7,4.287850167413912e-11
3,606,1100.0,4.528069209500588e-11,2.6894320664151137e-7,3.94271177695189e-11
3,607,1100.0,5.170001656844292e-11,2.93806270318822e-7,4.307204694232765e-11
3,608,1100.0,3.9115739376160835e-11,2.447542924556115e-7,3.58810190216316e-11
3,609,1100.0,3.98705788552135e-11,2.48486457957246e-7,3.6428155090267905e-11
3,610,1100.0,4.479491520591928e-11,2.6799913907032376e-7,3.9288717310267994e-11
3,611,1100.0,4.548543941850645e-11,2.721471260045553e-7,3.989681286845165e-11
3,612,1100.0,4.7574772882540966e-11,2.822360758048722e-7,4.1375854547604675e-11
3,613,1100.0,4.6839373613697584e-11,2.7824980948000154e-7,4.0791467257016444e-11
3,614,1100.0,4.3321419449156007e-11,2.6606539852575646e-7,3.900523063239858e-11
3,615,1100.0,4.5465393590388274e-11,2.704122880346154e-7,3.964248534032403e-11
3,616,1100.0,4.9329490924053126e-11,2.900880656115318e-7,4.2526957528409414e-11
3,617,1100.0,5.217889839926746e-11,2.9533011654126727e-7,4.32954430460079e-11
3,618,1100.0,5.035446647964856e-11,2.8849363816872724e-7,4.229321420636224e-11
3,619,1100.0,4.979840695769928e-11,2.917966304157453e-7,4.277743340617484e-11
3,620,1100.0,5.076973498721177e-11,2.953010241477126e-7,4.329117809638823e-11
3,621,1100.0,4.7974900012728146e-11,2.793925536886738e-7,4.095899374358732e-11
3,622,1100.0,4.937409843694325e-11,2.8510844255649107e-7,4.179694397985898e-11
3,623,1100.0,4.3368052755680136e-11,2.6700004481329896e-7,3.914224992993712e-11
3,624,1100.0,4.371554520152513e-11,2.6842137465887927e-7,3.93506171161205e-11
3,625,1100.0,4.156926809004725e-11,2.5340411450076543e-7,3.7149084338166075e-11
3,626,1100.0,4.3759414014901094e-11,2.626908175286853e-7,3.8510516510202306e-11
3,627,1100.0,4.229643147084082e-11,2.595640627739858e-7,3.8052133755384254e-11
3,628,1100.0,4.333676345886273e-11,2.632614133018308e-7,3.859416594320913e-11
3,629,1100.0,4.0996759760864144e-11,2.520215180963692e-7,3.694639548075052e-11
3,630,1100.0,5.044906592655156e-11,2.941492803566863e-7,4.312233226958274e-11
3,631,1100.0,4.369423573579555e-11,2.6952806988781016e-7,3.9512858816407e-11
3,632,1100.0,4.6091177123713236e-11,2.7762248649199526e-7,4.0699501605098646e-11
3,633,1100.0,4.229576072766623e-11,2.6127991978240777e-7,3.830367867147088e-11
3,634,1100.0,3.972184798648643e-11,2.4621196637535674e-7,3.609471425498977e-11
3,635,1100.0,3.826792458886535e-11,2.432442692098768e-7,3.565964936858194e-11
3,636,1100.0,3.9803694692135016e-11,2.460411259116507e-7,3.606966901526629e-11
3,637,1100.0,4.073152319195966e-11,2.6173620691536554e-7,3.837057043926266e-11
3,638,1100.0,3.742239506961962e-11,2.3726102373879664e-7,3.478250461085373e-11
3,639,1100.0,4.052006912587368e-11,2.5615244630017567e-7,3.755199022628355e-11
3,640,1100.0,3.7439455277298914e-11,2.417944509784024e-7,3.544710578040003e-11
3,641,1100.0,3.85399516303046e-11,2.4255906774266533e-7,3.5559198722213306e-11
3,642,1100.0,4.76629886899823e-11,2.8889806438137925e-7,4.2352503154815077e-11
3,643,1100.0,3.947281393726477e-11,2.5583307657356145e-7,3.7505170572496864e-11
3,644,1100.0,4.830155410289703e-11,2.913566678900132e-7,4.2712934828453425e-11
3,645,1100.0,3.7840135359437185e-11,2.4837410175596975e-7,3.641168365291437e-11
3,646,1100.0,4.5219141068956194e-11,2.795387200378373e-7,4.098042175411183e-11
3,647,1100.0,4.326213103839756e-11,2.64356407000814e-7,3.875469219730499e-11
3,648,1100.0,4.392528015233797e-11,2.471840701683205e-7,3.623722482890609e-11
3,649,1100.0,4.3192074881397684e-11,2.630751786839337e-7,3.856686391798126e-11
3,650,1100.0,4.041859133540509e-11,2.5266288584229906e-7,3.7040420096460755e-11
3,651,1100.0,4.0989440903213405e-11,2.6429907982811314e-7,3.874628802447722e-11
3,652,1100.0,4.09645954992543e-11,2.6392168014345747e-7,3.86909611694177e-11
3,653,1100.0,4.258569134384558e-11,2.715352781799084e-7,3.980711587799547e-11
3,654,1100.0,4.238018270304718e-11,2.693113081428975e-7,3.94810815094011e-11
3,655,1100.0,4.0730454321242824e-11,2.577229845376568e-7,3.7782231386950754e-11
3,656,1100.0,3.7363354284909604e-11,2.3804620904071095e-7,3.4897612903626985e-11
3,657,1100.0,3.898576795225703e-11,2.487233741111211e-7,3.6462887036900736e-11
3,658,1100.0,3.79529437096919e-11,2.400031432160057e-7,3.5184499771527643e-11
3,659,1100.0,3.9546683928363503e-11,2.4891060315009804e-7,3.64903348444204e-11
3,660,1100.0,4.149547990481371e-11,2.5928192309049707e-7,3.8010772031965845e-11
3,661,1100.0,4.109320901346791e-11,2.5846125242228334e-7,3.789046157873033e-11
3,662,1100.0,4.3978975124184725e-11,2.7023283510024324e-7,3.961617751100225e-11
3,663,1100.0,4.055624187139779e-11,2.566759694355973e-7,3.762873880295554e-11
3,664,1100.0,4.005287838049688e-11,2.5370806745916734e-7,3.719364389122919e-11
3,665,1100.0,4.663395127572673e-11,2.75559123080442e-7,4.039701219387858e-11
3,666,1100.0,4.7622955918976773e-11,2.787837037067304e-7,4.086973623735832e-11
3,667,1100.0,4.183919700460824e-11,2.5559564055092754e-7,3.747036241301956e-11
3,668,1100.0,5.061931677820268e-11,2.896996920850708e-7,4.24700219063591e-11
3,669,1100.0,3.980004634865306e-11,2.521924519598869e-7,3.6971454412901545e-11
3,670,1100.0,4.568798213739188e-11,2.719971064549704e-7,3.987481997811961e-11
3,671,1100.0,4.647670332853357e-11,2.7805782668076694e-7,4.0763322547471e-11
3,672,1100.0,5.032120739558385e-11,2.8865298821080037e-7,4.23165749484083e-11
3,673,1100.0,4.52540271231738e-11,2.696876134077106e-7,3.953624792233398e-11
3,674,1100.0,4.343917105851474e-11,2.633772486979471e-7,3.861114743109123e-11
3,675,1100.0,3.8599145942328935e-11,2.440482278262157e-7,3.5777509832298594e-11
3,676,1100.0,4.964427233977473e-11,2.9538998343904284e-7,4.330421954294406e-11
3,677,1100.0,5.2885082431975884e-11,3.027271665502362e-7,4.437985177858982e-11
3,678,1100.0,4.47997719301115e-11,2.6697631288795934e-7,3.9138770825828315e-11
3,679,1100.0,4.519934006114341e-11,2.701905530375922e-7,3.960997895375107e-11
3,680,1100.0,4.0190529553216966e-11,2.506833603812621e-7,3.675022134240151e-11
3,681,1100.0,4.6200388129537554e-11,2.728444083833624e-7,3.9999034578422124e-11
3,682,1100.0,4.845597765627464e-11,2.868565655369472e-7,4.2053219092685746e-11
3,683,1100.0,4.2509471806795117e-11,2.634720374796519e-7,3.8625043481882675e-11
3,684,1100.0,3.950908229534975e-11,2.556125162636791e-7,3.747283639524953e-11
3,685,1100.0,4.2068224423870234e-11,2.663757624799822e-7,3.90507300384906e-11
3,686,1100.0,4.0843688239090405e-11,2.5120030786293893e-7,3.6826005927166636e-11
3,687,1100.0,3.744544662272112e-11,2.4639509566602516e-7,3.612156103874161e-11
3,688,1100.0,3.685143511850225e-11,2.3429047727715222e-7,3.434702201716547e-11
3,689,1100.0,4.129622714343623e-11,2.524209616435025e-7,3.700495396962914e-11
3,690,1100.0,3.8814180487581575e-11,2.4258620585842004e-7,3.556317717439012e-11
3,691,1100.0,3.7178776119397245e-11,2.4528085848734054e-7,3.5958213687396414e-11
3,692,1100.0,4.563095777064513e-11,2.76041474887978e-7,4.0467725047196395e-11
3,693,1100.0,3.8302715285681503e-11,2.5016493276288584e-7,3.6674219769355874e-11
3,694,1100.0,4.3982679768753985e-11,2.473891546978467e-7,3.626729025423998e-11
3,695,1100.0,4.184290306311804e-11,2.5571176213555644e-7,3.748738585618409e-11
3,696,1100.0,4.632977304146114e-11,2.8403409035567845e-7,4.163944377274706e-11
3,697,1100.0,4.6460341700631805e-11,2.74825450653488e-7,4.0289455696940094e-11
3,698,1100.0,4.651225124582008e-11,2.7375266425393376e-7,4.013218503654694e-11
3,699,1100.0,3.865379113134741e-11,2.409769887192429e-7,3.53272656804529e-11
3,700,1100.0,4.819642809592212e-11,2.8994582545159034e-7,4.250610509786246e-11
3,701,1100.0,4.915772126189007e-11,2.9451308443676595e-7,4.3175666006803514e-11
3,702,1100.0,4.492291059998496e-11,2.6765377675228694e-7,3.92380871383576e-11
3,703,1100.0,5.638917128371897e-11,3.192946008928296e-7,4.680864034373433e-11
3,704,1100.0,3.786607626731173e-11,2.3706472103865944e-7,3.4753726603134416e-11
3,705,1100.0,4.170956936218825e-11,2.541033674703657e-7,3.725159493706685e-11
3,706,1100.0,5.38149524183054e-11,3.017222004748509e-7,4.4232523588733724e-11
3,707,1100.0,4.552924577167555e-11,2.69798135661963e-7,3.955245050275598e-11
3,708,1100.0,4.368105259326294e-11,2.682805017966462e-7,3.932996513163964e-11
3,709,1100.0,5.0475891589202084e-11,2.9424592949995715e-7,4.3136501049681885e-11
3,710,1100.0,6.278645620187073e-11,3.333589528993478e-7,4.887047663191434e-11
3,711,1100.0,4.8142917688611186e-11,2.80540979318373e-7,4.1127353127403393e-11
3,712,1100.0,5.199980331827782e-11,3.045543044254999e-7,4.4647710487827245e-11
3,713,1100.0,5.477964024503537e-11,3.132839243642321e-7,4.592747418851933e-11
3,714,1100.0,6.244158979690391e-11,3.3892169769490984e-7,4.9685975922323077e-11
3,715,1100.0,6.713182158465918e-11,3.6287079229556736e-7,5.319691708006761e-11
3,716,1100.0,6.451318648594024e-11,3.4742023841822113e-7,5.0931863372507614e-11
3,717,1100.0,5.3944910342049853e-11,3.106741036997336e-7,4.554487405527386e-11
3,718,1100.0,6.499249960640833e-11,3.4922139530191264e-7,5.11959132641613e-11
3,719,1100.0,6.754385154680441e-11,3.6719433790053584e-7,5.3830749567891695e-11
3,720,1100.0,6.482489461059997e-11,3.483555362733687e-7,5.106897818996287e-11
3,721,1100.0,5.2733978681803217e-11,3.0179545815508967e-7,4.4243263176553634e-11
3,722,1100.0,4.931444179484128e-11,2.8422721531142337e-7,4.1667755922622404e-11
3,723,1100.0,4.880775458722505e-11,2.8821118205523424e-7,4.225180609425382e-11
3,724,1100.0,4.334542733759955e-11,2.678325112408287e-7,3.926428964340397e-11
3,725,1100.0,4.1345027139564546e-11,2.637757898024e-7,3.866957362172635e-11
3,726,1100.0,3.797793086248364e-11,2.4279603431285606e-7,3.559393805988619e-11
3,727,1100.0,4.3283199114425125e-11,2.605876522804011e-7,3.820219214325374e-11
3,728,1100.0,4.5145772390605926e-11,2.515862754073025e-7,3.688258883185074e-11
3,729,1100.0,5.077174984186632e-11,2.897780002946005e-7,4.248150190259326e-11
3,730,1100.0,4.189527636811332e-11,2.550571883563596e-7,3.739142523385228e-11
3,731,1100.0,5.149107928868896e-11,2.977414934730282e-7,4.364895129580714e-11
3,732,1100.0,3.876726135369881e-11,2.3016474529996414e-7,3.3742189039298545e-11
3,733,1100.0,4.4306515403694465e-11,2.6748839268296395e-7,3.921384180693679e-11
3,734,1100.0,3.9271043058438506e-11,2.5439983180198183e-7,3.729505665622702e-11
3,735,1100.0,4.565738869811876e-11,2.81171655449614e-7,4.121981035066395e-11
3,736,1100.0,4.899435644812059e-11,2.888557499468978e-7,4.234629985184831e-11
3,737,1100.0,4.459836785922585e-11,2.496140157712099e-7,3.659345524890829e-11
3,738,1100.0,4.0885648680923e-11,2.5118163282081447e-7,3.68232681629584e-11
3,739,1100.0,4.083677645313774e-11,2.509678657132356e-7,3.679192987027195e-11
3,740,1100.0,4.317587169985148e-11,2.7474697373934036e-7,4.027795096858155e-11
3,741,1100.0,4.4231171384123816e-11,2.7910084286981574e-7,4.0916228890169434e-11
3,742,1100.0,3.8869999821606336e-11,2.4533156982097113e-7,3.596564797714208e-11
3,743,1100.0,3.886401610928936e-11,2.454388676066653e-7,3.598137784994981e-11
3,744,1100.0,4.371163821373589e-11,2.6431417152595686e-7,3.874850046983197e-11
3,745,1100.0,4.118229937771386e-11,2.54086701410295e-7,3.724915168995394e-11
3,746,1100.0,4.291903448163925e-11,2.436373615493061e-7,3.571727676937974e-11
3,747,1100.0,5.5656472986490045e-11,3.1539238334497273e-7,4.6236574617505695e-11
3,748,1100.0,4.4525764027967356e-11,2.7803387089571137e-7,4.075981062549148e-11
3,749,1100.0,4.384413368691348e-11,2.6439697187255123e-7,3.8760639014089326e-11
3,750,1100.0,4.388851513623249e-11,2.6604509454864523e-7,3.900225406605675e-11
3,751,1100.0,3.767896735938482e-11,2.384289406274179e-7,3.495372141639312e-11
3,752,1100.0,4.444755334296569e-11,2.662927536840834e-7,3.903856093553137e-11
3,753,1100.0,3.699978518401772e-11,2.3535993391984825e-7,3.450380453466246e-11
3,754,1100.0,3.9189717992841096e-11,2.557046109898435e-7,3.748633749706124e-11
3,755,1100.0,4.299579967588758e-11,2.7240412902803353e-7,3.993448955343037e-11
3,756,1100.0,4.420824422949593e-11,2.7288401102972433e-7,4.000484033281018e-11
3,757,1100.0,5.1156685039847946e-11,2.9211338084776983e-7,4.2823869070949315e-11
3,758,1100.0,4.342343149945067e-11,2.6156513590579836e-7,3.83454914014785e-11
3,759,1100.0,4.0658172915448703e-11,2.496730280800919e-7,3.660210646297388e-11
3,760,1100.0,6.195183200063805e-11,3.3132622442006974e-7,4.857247830674088e-11
3,761,1100.0,5.021785013909192e-11,2.896355217857781e-7,4.2460614530061654e-11
3,762,1100.0,4.392316559682433e-11,2.6318517745828034e-7,3.858298975616407e-11
3,763,1100.0,4.8421003209447815e-11,2.812747906945385e-7,4.123492999431885e-11
3,764,1100.0,4.694738221726033e-11,2.8080437060986785e-7,4.1165966333510786e-11
3,765,1100.0,4.459426803660013e-11,2.766965253330988e-7,4.056375554883006e-11
3,766,1100.0,3.858549562678381e-11,2.5117031808117507e-7,3.6821609420289765e-11
3,767,1100.0,4.270139766179511e-11,2.6892112871183465e-7,3.942388114144288e-11
3,768,1100.0,4.1572323114816535e-11,2.6396819846676034e-7,3.8697780763168385e-11
3,769,1100.0,3.891721611411757e-11,2.529948490074046e-7,3.7089085950375426e-11
3,770,1100.0,4.309720822389163e-11,2.7063330046621984e-7,3.9674885798689235e-11
3,771,1100.0,4.522216669514837e-11,2.792550185280719e-7,4.0938831066707625e-11
3,772,1100.0,3.813024096493972e-11,2.4919969195718024e-7,3.653271531048613e-11
3,773,1100.0,4.144546129073342e-11,2.638123131745917e-7,3.8674927954020987e-11
3,774,1100.0,3.674535283699447e-11,2.348239450851399e-7,3.442522848445064e-11
3,775,1100.0,4.828379112880866e-11,2.862652635574882e-7,4.196653412647072e-11
3,776,1100.0,4.415253188308582e-11,2.480013546640525e-7,3.635703886870587e-11
3,777,1100.0,4.281888951900096e-11,2.7310228642049173e-7,4.00368395405442e-11
3,778,1100.0,3.753643305925916e-11,2.470834105750346e-7,3.622246811618345e-11
3,779,1100.0,4.065656075777013e-11,2.616164223027055e-7,3.83530099955939e-11
3,780,1100.0,4.4347428409404406e-11,2.764100743613866e-7,4.0521761789857953e-11
4,1,400.0,1.170680801674067e-10,6.66753854291952e-7,9.774622331877805e-11
4,2,400.0,1.3781366488952778e-10,7.525973513429382e-7,1.1033089392727584e-10
4,3,400.0,1.376609864813306e-10,7.520689673096641e-7,1.1025343274218928e-10
4,4,400.0,1.177291497932304e-10,6.84380833941694e-7,1.0033034139801871e-10
4,5,400.0,1.2021940403195868e-10,6.923944539624403e-7,1.01505139394457e-10
4,6,400.0,1.2366327847981204e-10,6.840811398998555e-7,1.0028640620281544e-10
4,7,400.0,1.1609707574192445e-10,6.792715389389891e-7,9.958131792088222e-11
4,8,400.0,1.3230544122934258e-10,7.340786456395494e-7,1.076160486637559e-10
4,9,400.0,1.312388406484095e-10,7.303737929295213e-7,1.0707291665480464e-10
4,10,400.0,1.1812942448644991e-10,6.85546834177217e-7,1.0050127722190265e-10
4,11,400.0,1.302769897811739e-10,7.267641699472572e-7,1.0654374533940871e-10
4,12,400.0,1.1175583826847835e-10,6.672249229449107e-7,9.781528205980245e-11
4,13,400.0,1.0988639755326558e-10,6.559934310510966e-7,9.616874352419603e-11
4,14,400.0,1.1180584930391758e-10,6.568223020717299e-7,9.629025615042798e-11
4,15,400.0,1.0299213259198562e-10,6.307256751502505e-7,9.246448640569575e-11
4,16,400.0,1.227621212544445e-10,7.011096399430714e-7,1.0278278707454744e-10
4,17,400.0,1.0660875454960038e-10,6.450468731457634e-7,9.456397635757369e-11
4,18,400.0,1.0130129792754573e-10,6.509300417827828e-7,9.542644983517628e-11
4,19,400.0,1.0618152966233144e-10,6.558962157270937e-7,9.615449174190963e-11
4,20,400.0,2.2140867396904412e-10,8.206563327784498e-7,1.2030835165837304e-10
4,21,400.0,1.9961323864227363e-10,7.88887436905479e-7,1.1565102636418629e-10
4,22,400.0,2.050679352884779e-10,7.891246015637482e-7,1.1568579474160364e-10
4,23,400.0,1.0391170143154258e-10,6.521310750010098e-7,9.560252150001393e-11
4,24,400.0,2.13885401812196e-10,8.026434815062632e-7,1.1766766473661717e-10
4,25,400.0,2.1979857958045416e-10,8.163829110362889e-7,1.1968186733697655e-10
4,26,400.0,2.0303307900692332e-10,7.887676994733955e-7,1.1563347283719772e-10
4,27,400.0,1.0147104751137824e-10,6.509046229504627e-7,9.54227234302302e-11
4,28,400.0,2.0898928545004947e-10,7.843155122329686e-7,1.1498078146472426e-10
4,29,400.0,2.2891058633493893e-10,7.96204740124949e-7,1.1672374420447696e-10
4,30,400.0,2.1940920769366775e-10,8.075677601320136e-7,1.183895647828458e-10
4,31,400.0,2.0756492723560543e-10,7.836245924804136e-7,1.1487949251679563e-10
4,32,400.0,2.006934894346873e-10,7.800101801703964e-7,1.1434961908517329e-10
4,33,400.0,2.0934889159130473e-10,7.84742170997155e-7,1.1504332970884256e-10
4,34,400.0,2.1231782574151135e-10,7.917100997213179e-7,1.1606482919138342e-10
4,35,400.0,2.118102504565992e-10,7.896028360262189e-7,1.1575590399146625e-10
4,36,400.0,2.355163087751447e-10,8.139247141115875e-7,1.1932149526860876e-10
4,37,400.0,2.2634829057150765e-10,7.909275396091312e-7,1.1595010575185058e-10
4,38,400.0,1.0254303707608357e-10,6.518530417379273e-7,9.556176177849394e-11
4,39,400.0,1.0550324454926143e-10,6.608044975130161e-7,9.687404664882162e-11
4,40,400.0,2.2954628165328945e-10,7.976759248582645e-7,1.1693942012529864e-10
4,41,400.0,2.2857036549379306e-10,7.948543414603934e-7,1.1652577554095087e-10
4,42,400.0,1.0487118753365718e-10,6.584965807130011e-7,9.653570567113805e-11
4,43,400.0,2.024130747923791e-10,7.796505132442429e-7,1.1429689185538997e-10
4,44,400.0,2.0657295758239004e-10,7.817723233903897e-7,1.1460794956739308e-10
4,45,400.0,2.1065790712298218e-10,7.876031104645957e-7,1.154627438993806e-10
4,46,400.0,2.0608062939304319e-10,7.81521358885257e-7,1.1457115813018447e-10
4,47,400.0,1.0378228612634047e-10,6.522147479837076e-7,9.561478797286577e-11
4,48,400.0,2.0617105532660856e-10,7.813711239118821e-7,1.1454913365868983e-10
4,49,400.0,1.0593733105435328e-10,6.558129694833247e-7,9.614228782905406e-11
4,50,400.0,1.0849719968589805e-10,6.601247683378368e-7,9.67743982413536e-11
4,51,400.0,2.0130237895459851e-10,7.796570737075703e-7,1.1429785362037918e-10
4,52,400.0,1.0267680388672845e-10,6.520555001187865e-7,9.559144221000678e-11
4,53,400.0,2.0258244332872722e-10,7.797102437651682e-7,1.1430564835945773e-10
4,54,400.0,2.0392248643439672e-10,7.800879824947624e-7,1.143610249185603e-10
4,55,400.0,1.0643060469696109e-10,6.565830510456228e-7,9.625518191114676e-11
4,56,400.0,2.0025257668839575e-10,7.884126291133024e-7,1.1558141946474532e-10
4,57,400.0,1.037799978490598e-10,6.529425042667786e-7,9.572147716215022e-11
4,58,400.0,1.0938432383223666e-10,6.625293139673849e-7,9.712690502113907e-11
4,59,400.0,2.2636615141680827e-10,7.908670425744844e-7,1.1594123687674675e-10
4,60,400.0,1.194589702838888e-10,6.905027765194161e-7,1.0122781917410479e-10
4,61,400.0,2.357488942144177e-10,8.030595155510003e-7,1.1772865539513877e-10
4,62,400.0,1.1190772480069227e-10,6.678547311344902e-7,9.790761204267447e-11
4,63,400.0,1.0378228612634061e-10,6.522147479837074e-7,9.561478797286573e-11
4,64,400.0,2.0671366203339805e-10,7.820288972430918e-7,1.1464556333586631e-10
4,65,400.0,2.1801035508313996e-10,8.041384091723998e-7,1.1788682137524623e-10
4,66,400.0,1.206680834920956e-10,6.94143678096119e-7,1.0176157593652503e-10
4,67,400.0,1.1622778150791515e-10,6.798869376625841e-7,9.967153547370087e-11
4,68,400.0,1.0452223880052442e-10,6.53745405447115e-7,9.583918260557718e-11
4,69,400.0,1.153089622150296e-10,6.770644279011586e-7,9.925775508430558e-11
4,70,400.0,2.2971345097088245e-10,7.980800701474812e-7,1.1699866789033024e-10
4,71,400.0,1.0163804438091656e-10,6.512687496098365e-7,9.547610445762788e-11
4,72,400.0,1.0531212259863504e-10,6.515962029203285e-7,9.552410916612382e-11
4,73,400.0,1.0299955838515592e-10,6.528138709859134e-7,9.570261950228557e-11
4,74,400.0,1.3240490189427086e-10,7.342933068274172e-7,1.0764751802875792e-10
4,75,400.0,1.072267089400316e-10,6.521161213211174e-7,9.560032928811325e-11
4,76,400.0,2.2859963702046024e-10,7.95067087800685e-7,1.165569641889872e-10
4,77,400.0,1.1362071467329495e-10,6.736538660707586e-7,9.87577661661001e-11
4,78,400.0,2.0788434496095754e-10,7.828422291657011e-7,1.1476479792780443e-10
4,79,400.0,1.0568205838061338e-10,6.618807712631672e-7,9.703182855537862e-11
4,80,400.0,1.0259294494116534e-10,6.521961067787345e-7,9.56120551691894e-11
4,81,400.0,1.0328982895816755e-10,6.524495146471275e-7,9.564920480384879e-11
4,82,400.0,1.3767645021607668e-10,7.281055151089031e-7,1.0674038675793793e-10
4,83,400.0,1.226103941810522e-10,6.810293098516207e-7,9.983900742213273e-11
4,84,400.0,1.2888278086220396e-10,7.001463420994352e-7,1.0264156745423259e-10
4,85,400.0,1.0522326615735339e-10,6.597549760317433e-7,9.672018662922671e-11
4,86,400.0,1.2811140660039295e-10,6.977126423826817e-7,1.0228478668052824e-10
4,87,400.0,1.2601128151330442e-10,6.911568450954729e-7,1.0132370573357424e-10
4,88,400.0,1.1118013666022082e-10,6.559350319462152e-7,9.616018220593651e-11
4,89,400.0,1.4943813886062035e-10,7.644843763272649e-7,1.1207353372040876e-10
4,90,400.0,1.1870552020219026e-10,6.706091841669718e-7,9.83114153045543e-11
4,91,400.0,1.1766374518553604e-10,6.681185320282537e-7,9.794628529654097e-11
4,92,400.0,1.1454237582225603e-10,6.614808202301314e-7,9.697319566898426e-11
4,93,400.0,1.5484862756961366e-10,7.806417194454926e-7,1.144422028454632e-10
4,94,400.0,1.0774414158854238e-10,6.524221640940854e-7,9.564519520833112e-11
4,95,400.0,1.0763045765275259e-10,6.697111392383782e-7,9.817976177218167e-11
4,96,400.0,2.7121829179573916e-10,7.9449957095817e-7,1.1647376612771085e-10
4,97,400.0,1.028585788517419e-10,6.52705786043425e-7,9.568677423216399e-11
4,98,400.0,2.715502929976364e-10,7.959810715444509e-7,1.1669095435425256e-10
4,99,400.0,1.0719239403640729e-10,6.676384619185015e-7,9.787590694048881e-11
4,100,400.0,1.1333105989986578e-10,6.584805215755864e-7,9.653335139898509e-11
4,101,400.0,1.8585097254612586e-10,7.668024267329951e-7,1.1241336028633584e-10
4,102,400.0,1.0665875567607395e-10,6.510761793857911e-7,9.54478736315098e-11
4,103,400.0,1.095534404731306e-10,6.531876309784253e-7,9.575741277788575e-11
4,104,400.0,1.1213522463724698e-10,6.565291306432107e-7,9.624727717139657e-11
4,105,400.0,1.8584230836856928e-10,7.667913222604674e-7,1.1241173236885994e-10
4,106,400.0,1.892971751128717e-10,7.751430711365705e-7,1.1363610011040502e-10
4,107,400.0,2.6590437613329966e-10,7.810535607961122e-7,1.1450257885434632e-10
4,108,400.0,1.0387928612284773e-10,6.521514307325548e-7,9.560550565356415e-11
4,109,400.0,1.0546715343913282e-10,6.506862436167327e-7,9.539070898444099e-11
4,110,400.0,2.622219157946101e-10,7.800783547619216e-7,1.1435961349136231e-10
4,111,400.0,1.0784622488746243e-10,6.515207789289682e-7,9.551305199674169e-11
4,112,400.0,1.094043024555145e-10,6.533338656769537e-7,9.577885080843825e-11
4,113,400.0,1.1543710655647398e-10,6.627421234403598e-7,9.715810292443703e-11
4,114,400.0,1.0504166029996643e-10,6.506580444895089e-7,9.53865749878105e-11
4,115,400.0,1.0511089664958672e-10,6.506620619179897e-7,9.538716394347822e-11
4,116,400.0,1.0537223706761789e-10,6.50912446075938e-7,9.542387030169535e-11
4,117,400.0,1.1073688963961846e-10,6.547977505994389e-7,9.599345657580677e-11
4,118,400.0,1.0580610082882562e-10,6.506203377596258e-7,9.538104717508613e-11
4,119,400.0,1.038636513523739e-10,6.510862938924669e-7,9.544935641983104e-11
4,120,400.0,1.0594381750943236e-10,6.510484729305382e-7,9.544381186067023e-11
4,121,400.0,1.1065905204433709e-10,6.546885509419546e-7,9.597744788828573e-11
4,122,400.0,1.0633602754762619e-10,6.511254036803395e-7,9.545508992108452e-11
4,123,400.0,1.0559546656253778e-10,6.509889310423185e-7,9.543508301018773e-11
4,124,400.0,1.0605370562464237e-10,6.511236044201062e-7,9.545482614924211e-11
4,125,400.0,1.1099979675929989e-10,6.552495906369614e-7,9.605969639868551e-11
4,126,400.0,1.0696608320764394e-10,6.515133884393219e-7,9.551196854975933e-11
4,127,400.0,1.1579098849164488e-10,6.635871533013469e-7,9.728198443928902e-11
4,128,400.0,1.1321256476528348e-10,6.580953854435387e-7,9.647689037948151e-11
4,129,400.0,1.1091437415715925e-10,6.546383849147803e-7,9.597009354055513e-11
4,130,400.0,1.0753871172824721e-10,6.51713752821869e-7,9.554134200077954e-11
4,131,400.0,1.0974819657366125e-10,6.53641414440634e-7,9.582393750713914e-11
4,132,400.0,1.0672868358196303e-10,6.51365083719103e-7,9.549022705369084e-11
4,133,400.0,2.6121089434004814e-10,7.682035091550307e-7,1.1261875919693942e-10
4,134,400.0,1.1069119747131036e-10,6.544806723589786e-7,9.594697285426238e-11
4,135,400.0,1.175468003760146e-10,6.669741064069528e-7,9.777851231460568e-11
4,136,400.0,1.0593563404453149e-10,6.507605235123099e-7,9.540159842919551e-11
4,137,400.0,1.066351482184337e-10,6.653986990380202e-7,9.754755733847696e-11
4,138,400.0,2.715971317113331e-10,8.009955118243578e-7,1.1742607211362262e-10
4,139,400.0,2.709245971602893e-10,7.816855233977773e-7,1.1459522467437995e-10
4,140,400.0,2.774860769418058e-10,8.158139480421687e-7,1.1959845726964e-10
4,141,400.0,2.669942833386145e-10,7.850839405461463e-7,1.1509343318022743e-10
4,142,400.0,1.9375442775571374e-10,7.726055242230659e-7,1.1326409532079237e-10
4,143,400.0,1.9724655843928156e-10,7.685492219015458e-7,1.1266944074172165e-10
4,144,400.0,1.9333139569803766e-10,7.712274452605028e-7,1.130620687210832e-10
4,145,400.0,1.9310925976728794e-10,7.681655944797699e-7,1.126132008993889e-10
4,146,400.0,1.924357126850636e-10,7.703943686555197e-7,1.1293993955550259e-10
4,147,400.0,2.790573184528757e-10,8.09477011469992e-7,1.1866946133905227e-10
4,148,400.0,2.752627615326989e-10,8.100617970071598e-7,1.1875519099376914e-10
4,149,400.0,2.6958853776186444e-10,7.858398505213515e-7,1.1520424970535088e-10
4,150,400.0,2.6771344325971016e-10,7.794162337565362e-7,1.1426254644444563e-10
4,151,400.0,2.6390733074852294e-10,7.84376308242903e-7,1.1498969416965381e-10
4,152,400.0,1.069353821221234e-10,6.519721533667865e-7,9.557922356262822e-11
4,153,400.0,1.0648026538624047e-10,6.647419080757907e-7,9.745127167675248e-11
4,154,400.0,2.6365979589375626e-10,7.824986155385457e-7,1.1471442411426125e-10
4,155,400.0,1.9418879987745447e-10,7.724772287127624e-7,1.1324528717814694e-10
4,156,400.0,1.942341034912056e-10,7.804654554478649e-7,1.1441636251478604e-10
4,157,400.0,2.6609540604752787e-10,7.799076310027753e-7,1.1433458536054626e-10
4,158,400.0,1.9402175125370072e-10,7.794019025544411e-7,1.1426044548789111e-10
4,159,400.0,1.8809630913969908e-10,7.897728744510385e-7,1.157808316521587e-10
4,160,400.0,2.003496187370519e-10,7.743249162764955e-7,1.1351615847505121e-10
4,161,400.0,1.9814261227539452e-10,7.764711302053873e-7,1.1383079378556788e-10
4,162,400.0,1.9312413451609866e-10,7.730383004275283e-7,1.1332754038264862e-10
4,163,400.0,1.9276596836138546e-10,7.705138825298249e-7,1.1295746030888455e-10
4,164,400.0,1.932533472018786e-10,7.779125656133987e-7,1.1404210845046876e-10
4,165,400.0,1.9244702023278672e-10,7.702298238477843e-7,1.1291581725996682e-10
4,166,400.0,1.928363363599821e-10,7.758561415267515e-7,1.1374063634540686e-10
4,167,400.0,1.9838600530815863e-10,7.91154428205984e-7,1.1598336765699547e-10
4,168,400.0,1.9176927427041985e-10,7.691240343339315e-7,1.1275370833765786e-10
4,169,400.0,1.214337599765816e-10,6.770032069849996e-7,9.924878008805451e-11
4,170,400.0,1.1558616731858019e-10,6.62766525756118e-7,9.716168030789008e-11
4,171,400.0,1.1337756031371931e-10,6.585764327132952e-7,9.6547411987349e-11
4,172,400.0,2.618147677996223e-10,7.792108329880494e-7,1.1423243465842875e-10
4,173,400.0,1.0992142744090877e-10,6.53699575335829e-7,9.583246390381994e-11
4,174,400.0,1.0978003816167503e-10,6.542136838196396e-7,9.590783229103683e-11
4,175,400.0,1.0703454538447481e-10,6.512854317751282e-7,9.54785500657688e-11
4,176,400.0,1.0308181224019617e-10,6.531898768342053e-7,9.575774202070782e-11
4,177,400.0,1.197523848106629e-10,6.724822890827361e-7,9.858601278939408e-11
4,178,400.0,1.0455548816468562e-10,6.511262317597768e-7,9.54552113176645e-11
4,179,400.0,2.5249381749623873e-10,7.828884255909848e-7,1.1477157033125325e-10
4,180,400.0,2.623746510316812e-10,7.776630545044709e-7,1.140055300813798e-10
4,181,400.0,2.619087317520048e-10,7.78198189440645e-7,1.1408398094992785e-10
4,182,400.0,1.130448172460303e-10,6.588878706661629e-7,9.659306884181635e-11
4,183,400.0,2.631209064425818e-10,7.776485035244247e-7,1.14003396905342e-10
4,184,400.0,2.637088003767597e-10,7.810706112237736e-7,1.1450507844981043e-10
4,185,400.0,1.109280815521512e-10,6.552283362085535e-7,9.605658049602925e-11
4,186,400.0,2.5183492109294655e-10,7.833338434667467e-7,1.1483686866417496e-10
4,187,400.0,2.651232824771988e-10,7.955326810383928e-7,1.1662522023324665e-10
4,188,400.0,1.5460720472460943e-10,7.799244725252164e-7,1.1433705433047116e-10
4,189,400.0,1.5128207606667024e-10,7.700084866322063e-7,1.1288336918821835e-10
4,190,400.0,2.202625927003018e-10,9.538421383526461e-7,1.3983341238467574e-10
4,191,400.0,1.3404034862211262e-10,7.165884754725883e-7,1.0505198687690851e-10
4,192,400.0,1.0980657141796681e-10,6.542427929632191e-7,9.591209969621286e-11
4,193,400.0,1.0618191329138436e-10,6.516603740175686e-7,9.553351665940049e-11
4,194,400.0,1.0289954506519262e-10,6.529678492254356e-7,9.572519273720531e-11
4,195,400.0,1.1948576701574387e-10,6.725585686734035e-7,9.859719538977357e-11
4,196,400.0,1.0659586467719817e-10,6.652320080147507e-7,9.752312040739534e-11
4,197,400.0,1.0472699458057153e-10,6.592745677686684e-7,9.664975869984252e-11
4,198,400.0,1.1168170431764372e-10,6.566408475604944e-7,9.626365488961299e-11
4,199,400.0,1.2136532340931646e-10,6.775373507041024e-7,9.932708564401893e-11
4,200,400.0,1.2563074538516719e-10,6.899885232911631e-7,1.0115242956732912e-10
4,201,400.0,1.107979957225649e-10,6.55428358887727e-7,9.60859038532794e-11
4,202,400.0,1.0556735368048491e-10,6.610508536729586e-7,9.691016250187698e-11
4,203,400.0,1.2686133481106785e-10,6.937911608968288e-7,1.0170989685786096e-10
4,204,400.0,1.2196566316739517e-10,6.792042014987893e-7,9.957144624121346e-11
4,205,400.0,1.2571371785913258e-10,6.902426516603595e-7,1.0118968482752331e-10
4,206,400.0,1.1858690030681718e-10,6.703193188515679e-7,9.826892100224249e-11
4,207,400.0,1.226636911091057e-10,6.81181678946447e-7,9.986134475617873e-11
4,208,400.0,1.3027442301524334e-10,7.045621813056187e-7,1.0328893019898311e-10
4,209,400.0,1.0656493408333953e-10,6.518049490821139e-7,9.555471138734155e-11
4,210,400.0,1.1948576701574364e-10,6.725585686734033e-7,9.859719538977354e-11
4,211,400.0,1.0331780371386532e-10,6.509859031194422e-7,9.543463911620235e-11
4,212,400.0,1.130904996477802e-10,6.57964546387768e-7,9.64577093526575e-11
4,213,400.0,1.0505479981401533e-10,6.510023466895125e-7,9.543704974624505e-11
4,214,400.0,1.033703152717287e-10,6.530038457354561e-7,9.573046983142008e-11
4,215,400.0,1.0423266215061684e-10,6.505282242851768e-7,9.536754332477285e-11
4,216,400.0,1.0296763517713405e-10,6.514576594409109e-7,9.5503798669542e-11
4,217,400.0,1.0754404204064319e-10,6.522962543584564e-7,9.56267368206404e-11
4,218,400.0,1.0603946211352917e-10,6.618768980857466e-7,9.703126074693978e-11
4,219,400.0,1.0405251948090945e-10,6.549916526723421e-7,9.60218826511837e-11
4,220,400.0,1.07755055087669e-10,6.511894416192071e-7,9.546447789332213e-11
4,221,400.0,9.55703972704928e-11,6.12108797741419e-7,8.973524915421501e-11
4,222,400.0,9.544097501679327e-11,6.11212351075802e-7,8.960382992745429e-11
4,223,400.0,1.2473339321902968e-10,6.880913055555764e-7,1.008742971391875e-10
4,224,400.0,1.3990583335190156e-10,7.359540445017334e-7,1.0789098244151334e-10
4,225,400.0,1.2282407886296079e-10,6.832864729302206e-7,1.0016990789601453e-10
4,226,400.0,1.1169191941977526e-10,6.562400194799019e-7,9.62048934279044e-11
4,227,400.0,1.050534509197345e-10,6.511166308004574e-7,9.54538038154691e-11
4,228,400.0,1.2296706050949065e-10,6.820072160495272e-7,9.998236862955596e-11
4,229,400.0,1.2200259001284873e-10,6.808520521628561e-7,9.981302141617352e-11
4,230,400.0,1.2712916787753505e-10,6.954032757331812e-7,1.0194623315467466e-10
4,231,400.0,1.1921829666230367e-10,6.726910877892945e-7,9.861662271368406e-11
4,232,400.0,1.1981027044299558e-10,6.727569130832949e-7,9.862627271247441e-11
4,233,400.0,1.128149863361553e-10,6.611249837290727e-7,9.692102998014189e-11
4,234,400.0,1.3787583537454764e-10,7.285491265280307e-7,1.0680542026402372e-10
4,235,400.0,1.1452396682525191e-10,6.611869298814542e-7,9.693011129614094e-11
4,236,400.0,1.1156819571388071e-10,6.560186024418195e-7,9.617243365416378e-11
4,237,400.0,1.0327779553450685e-10,6.538456862330118e-7,9.585388378507506e-11
4,238,400.0,1.2521068619492593e-10,6.884548845459276e-7,1.0092759787821755e-10
4,239,400.0,1.0351163144686686e-10,6.544057409004537e-7,9.593598789027389e-11
4,240,400.0,1.1133924475480713e-10,6.556348289531647e-7,9.611617239840292e-11
4,241,400.0,1.0287083967788396e-10,6.528537142000945e-7,9.570846052395501e-11
4,242,400.0,1.1320550548445484e-10,6.599370514407855e-7,9.674687891376101e-11
4,243,400.0,1.0868243190337305e-10,6.526578788545669e-7,9.567975103049735e-11
4,244,400.0,1.3864585143669568e-10,7.311639182068009e-7,1.0718874914876871e-10
4,245,400.0,1.2790503339368487e-10,6.970627338814316e-7,1.0218950998870106e-10
4,246,400.0,1.4029943676709213e-10,7.363680256448978e-7,1.0795167214433102e-10
4,247,400.0,1.4698105994799025e-10,7.570716758127588e-7,1.1098683062117347e-10
4,248,400.0,1.2699081654071832e-10,6.941952032457277e-7,1.0176912953182525e-10
4,249,400.0,1.360618052990336e-10,7.229991063050103e-7,1.05991786398016e-10
4,250,400.0,1.3805155506207613e-10,7.292893903682245e-7,1.0691394306321357e-10
4,251,400.0,1.3676740600162549e-10,7.252323997970907e-7,1.0631918758663768e-10
4,252,400.0,1.627833923279055e-10,8.038050555030333e-7,1.178379516731811e-10
4,253,400.0,1.0456871203840567e-10,6.574723204460226e-7,9.638554894966106e-11
4,254,400.0,1.0294960702775763e-10,6.520808327921577e-7,9.559515598403696e-11
4,255,400.0,1.0390351568521815e-10,6.513876352781644e-7,9.549353311591157e-11
4,256,400.0,1.0565619297942385e-10,6.509872734897577e-7,9.543484001271315e-11
4,257,400.0,1.0440456413859688e-10,6.57070601963848e-7,9.632665695493594e-11
4,258,400.0,2.664909133310849e-10,8.039972789760901e-7,1.1786613166554794e-10
4,259,400.0,2.6976509841570907e-10,8.100831087041769e-7,1.1875831529201283e-10
4,260,400.0,1.0581985142180674e-10,6.612777244816694e-7,9.694342179927737e-11
4,261,400.0,2.6899820470038853e-10,8.0015225751205e-7,1.1730245089449539e-10
4,262,400.0,1.0622808112195831e-10,6.510976753753106e-7,9.545102494706426e-11
4,263,400.0,1.0579873513203321e-10,6.619530680035475e-7,9.704242726925923e-11
4,264,400.0,1.485822019822696e-10,7.619091841626498e-7,1.1169601013086978e-10
4,265,400.0,1.2158471305466501e-10,6.781425884448725e-7,9.94158135951053e-11
4,266,400.0,1.5518592425249694e-10,7.816429619991585e-7,1.1458898516643055e-10
4,267,400.0,1.4699388473861226e-10,7.571104226713093e-7,1.109925109169294e-10
4,268,400.0,1.6265754851357485e-10,8.034433014176682e-7,1.177849184655184e-10
4,269,400.0,1.2108931753981047e-10,6.767825346858839e-7,9.921642949316736e-11
4,270,400.0,1.3160690668434961e-10,7.088181979120888e-7,1.0391286292466076e-10
4,271,400.0,2.7981654664416626e-10,8.204107408463645e-7,1.2027234784124566e-10
4,272,400.0,1.0308626033727306e-10,6.52618728258522e-7,9.567401154675919e-11
4,273,400.0,1.0534350754121176e-10,6.509293207889765e-7,9.54263441373672e-11
4,274,400.0,1.0538947666983436e-10,6.591342657333917e-7,9.662919039868617e-11
4,275,400.0,2.721291547158712e-10,8.064689434156582e-7,1.1822847807378232e-10
4,276,400.0,1.0469926515986175e-10,6.572303190993827e-7,9.635007151294309e-11
4,277,400.0,1.0448013422844426e-10,6.57756729897065e-7,9.642724342137143e-11
4,278,400.0,1.0490532414991921e-10,6.578487053693743e-7,9.644072704054862e-11
4,279,400.0,9.567485712498514e-11,6.123603611706944e-7,8.977212839380021e-11
4,280,400.0,2.6833393967219666e-10,7.797217618460525e-7,1.143073369119859e-10
4,281,400.0,2.683661538429489e-10,7.963341897381318e-7,1.1674272153879191e-10
4,282,400.0,2.6432340980653617e-10,7.687701345497918e-7,1.1270182657183031e-10
4,283,400.0,1.0664106092432415e-10,6.508855662334014e-7,9.541992971241425e-11
4,284,400.0,1.062192105813975e-10,6.636530799293866e-7,9.729164929366599e-11
4,285,400.0,1.0878288890459604e-10,6.533598437109383e-7,9.578265919243918e-11
4,286,400.0,1.1367844794433386e-10,6.597837923751758e-7,9.672441110985363e-11
4,287,400.0,2.6545729353750795e-10,8.00318883403415e-7,1.173268782772292e-10
4,288,400.0,2.618691640285766e-10,7.81694988509127e-7,1.1459661226124094e-10
4,289,400.0,1.1896218190274414e-10,6.708243061215782e-7,9.8342952218035e-11
4,290,400.0,2.583304125054554e-10,7.890050950352773e-7,1.1566827506512218e-10
4,291,400.0,1.0707818026514594e-10,6.597729007004471e-7,9.672281438856963e-11
4,292,400.0,1.089820424586878e-10,6.529571109601638e-7,9.57236185057726e-11
4,293,400.0,1.1675900248295098e-10,6.657789216904084e-7,9.760329804106452e-11
4,294,400.0,1.1018877687796289e-10,6.541194121156411e-7,9.589401204392109e-11
4,295,400.0,1.0527741399464404e-10,6.509963218062792e-7,9.543616649738464e-11
4,296,400.0,1.1209209017310007e-10,6.567371693252141e-7,9.627777567596337e-11
4,297,400.0,2.6885401581151413e-10,8.081486249072138e-7,1.184747196532215e-10
4,298,400.0,1.0378713440966123e-10,6.514137756283594e-7,9.549736529549531e-11
4,299,400.0,1.1812847701619617e-10,6.692138974189889e-7,9.810686604070804e-11
4,300,400.0,1.0977255017738608e-10,6.534599541494143e-7,9.579733539897749e-11
4,301,400.0,2.598323885464299e-10,7.747563671652498e-7,1.1357940924540943e-10
4,302,400.0,1.0998169556034499e-10,6.536176319620581e-7,9.582045099191768e-11
4,303,400.0,1.1097293843258687e-10,6.55568417815818e-7,9.610643651488284e-11
4,304,400.0,1.095243465848194e-10,6.531563387777539e-7,9.575282533618551e-11
4,305,400.0,1.1165793719829986e-10,6.564091924721436e-7,9.622969421604041e-11
4,306,400.0,1.072153556098367e-10,6.51333899869074e-7,9.548565549621239e-11
4,307,400.0,1.1663567036115457e-10,6.6504400222958e-7,9.749555872875751e-11
4,308,400.0,2.7060802407421956e-10,7.808881805890539e-7,1.1447833408913414e-10
4,309,400.0,1.0915445217188083e-10,6.528177882179647e-7,9.570319376914046e-11
4,310,400.0,1.8377342310227126e-10,7.752847203977889e-7,1.1365686591510322e-10
4,311,400.0,1.9346632908237835e-10,7.897442392646294e-7,1.1577663372918086e-10
4,312,400.0,2.1034605123321926e-10,7.844987088525128e-7,1.1500763811890023e-10
4,313,400.0,2.07200157637899e-10,7.852761336507447e-7,1.1512160872057335e-10
4,314,400.0,1.8427848108682243e-10,7.777103664296846e-7,1.140124660172995e-10
4,315,400.0,1.0835845979921586e-10,6.570454700933585e-7,9.63229726186408e-11
4,316,400.0,2.134009220682414e-10,7.961474806310038e-7,1.1671534995336576e-10
4,317,400.0,1.8576510216556738e-10,7.791074968911906e-7,1.1421728556984767e-10
4,318,400.0,1.8717733785116934e-10,7.789398986566798e-7,1.1419271564145074e-10
4,319,400.0,1.1205235312072384e-10,6.571909961111464e-7,9.634430675648167e-11
4,320,400.0,1.8244234607820707e-10,7.756371412760147e-7,1.1370853087308361e-10
4,321,400.0,2.0911338528846626e-10,7.898427934808322e-7,1.1579108179328119e-10
4,322,400.0,1.0307825598033495e-10,6.534185410124539e-7,9.57912642263737e-11
4,323,400.0,1.1066950340918693e-10,6.552640654365352e-7,9.606181840665374e-11
4,324,400.0,1.1064375156005339e-10,6.552314615166333e-7,9.60570386667013e-11
4,325,400.0,2.064604194898214e-10,7.897409251690641e-7,1.1577614788223277e-10
4,326,400.0,2.0671694539206722e-10,7.804334242162936e-7,1.1441166673103586e-10
4,327,400.0,2.0639247093586208e-10,7.823715854729179e-7,1.1469580148601077e-10
4,328,400.0,1.0527736144149055e-10,6.663178071544308e-7,9.768229873760418e-11
4,329,400.0,1.0686313086198365e-10,6.654682779106133e-7,9.755775761249858e-11
4,330,400.0,2.1557213850467676e-10,7.943538134264253e-7,1.1645239804988633e-10
4,331,400.0,1.0570857883844685e-10,6.67285223944339e-7,9.782412219611138e-11
4,332,400.0,1.0429652523330598e-10,6.519188623274071e-7,9.557141108760084e-11
4,333,400.0,1.3454904116592248e-10,7.176497736825387e-7,1.0520757336684007e-10
4,334,400.0,1.0933839653709784e-10,6.538227572333576e-7,9.585052239000214e-11
4,335,400.0,1.2315758844545177e-10,6.826049225041135e-7,1.0006999249286472e-10
4,336,400.0,1.1110121906152131e-10,6.548965896631397e-7,9.600794639859658e-11
4,337,400.0,1.0985828937188026e-10,6.529071071275528e-7,9.571628793579128e-11
4,338,400.0,1.1082360835420947e-10,6.554614645360837e-7,9.60907571467048e-11
4,339,400.0,1.1520998827853192e-10,6.644187276574662e-7,9.740389337494223e-11
4,340,400.0,1.119832153663685e-10,6.551616127786062e-7,9.604679883036321e-11
4,341,400.0,1.1796409836552457e-10,6.672366697435995e-7,9.78170041423979e-11
4,342,400.0,1.0404046550188183e-10,6.520539940247112e-7,9.559122141637074e-11
4,343,400.0,1.079165938843988e-10,6.507317883131125e-7,9.539738584432664e-11
4,344,400.0,1.1271121586720761e-10,6.562901934628716e-7,9.621224894195592e-11
4,345,400.0,1.0799775974615519e-10,6.514670583738989e-7,9.550517655464441e-11
4,346,400.0,1.1273034423665138e-10,6.564798520785397e-7,9.624005292581306e-11
4,347,400.0,1.1840561367668816e-10,6.66757105901465e-7,9.774670000526071e-11
4,348,400.0,1.8568738406598936e-10,7.668690471670996e-7,1.1242312685279459e-10
4,349,400.0,1.219930446433813e-10,6.772638124363872e-7,9.928698488954976e-11
4,350,400.0,1.9552753815524563e-10,7.739096473908139e-7,1.134552799889714e-10
4,351,400.0,1.8803228665995813e-10,7.76409551743648e-7,1.1382176637307668e-10
4,352,400.0,1.0811221629528744e-10,6.526787403436729e-7,9.568280932818816e-11
4,353,400.0,1.959878726233918e-10,7.751319300203124e-7,1.136344668209523e-10
4,354,400.0,1.1420271001438729e-10,6.608391590155065e-7,9.687912803071568e-11
4,355,400.0,1.1872522445966207e-10,6.706575299430302e-7,9.831850280317572e-11
4,356,400.0,1.9134540212343464e-10,7.824232916202397e-7,1.1470338161560513e-10
4,357,400.0,1.0498593344309543e-10,6.588990001735861e-7,9.6594700429412e-11
4,358,400.0,1.0549508432512801e-10,6.522241755473131e-7,9.561617005522134e-11
4,359,400.0,1.9466256984820111e-10,7.716283712388719e-7,1.1312084453462173e-10
4,360,400.0,1.8183217026886023e-10,7.6933975866733e-7,1.1278533355996731e-10
4,361,400.0,1.1094111332796037e-10,6.561044369010628e-7,9.618501699982822e-11
4,362,400.0,1.1024174961500268e-10,6.568579400310363e-7,9.629548068104982e-11
4,363,400.0,1.170469519532398e-10,6.683549998665296e-7,9.798095152003416e-11
4,364,400.0,2.0798698949381753e-10,7.770761949619092e-7,1.1391949637713537e-10
4,365,400.0,1.135348100755095e-10,6.596260743455334e-7,9.670128962109494e-11
4,366,400.0,1.0738722926617823e-10,6.52860075917492e-7,9.570939315275861e-11
4,367,400.0,1.0824455224446533e-10,6.547308497444951e-7,9.598364889960741e-11
4,368,400.0,1.9952149435575342e-10,8.016186039918532e-7,1.1751741752656645e-10
4,369,400.0,2.1110200064605266e-10,7.817419640325591e-7,1.1460349888060482e-10
4,370,400.0,1.91362122906178e-10,7.836021546916025e-7,1.1487620313331205e-10
4,371,400.0,1.1001499606496911e-10,6.53471224260828e-7,9.5798987599141e-11
4,372,400.0,1.0943455686105243e-10,6.519840701801598e-7,9.5580970569404e-11
4,373,400.0,1.1434195941364406e-10,6.616336371391032e-7,9.699559865265673e-11
4,374,400.0,1.1677557809646304e-10,6.641226718284162e-7,9.736049154232459e-11
4,375,400.0,1.0377812051690863e-10,6.550965290678061e-7,9.603725754779046e-11
4,376,400.0,1.8633186701931926e-10,7.705613575680661e-7,1.1296442015720059e-10
4,377,400.0,1.0455057392797388e-10,6.518079483211207e-7,9.555515107626701e-11
4,378,400.0,2.0791818874409627e-10,7.822506585816829e-7,1.146780735841174e-10
4,379,400.0,2.0768345110816633e-10,7.855816043891437e-7,1.1516639078043053e-10
4,380,400.0,2.078613845683512e-10,7.803864177735201e-7,1.1440477557889152e-10
4,381,400.0,2.216820466811234e-10,8.106916835829998e-7,1.188475324680797e-10
4,382,400.0,2.0534634363613124e-10,7.804357178271699e-7,1.1441200297476282e-10
4,383,400.0,2.1293660485106209e-10,7.926698748945552e-7,1.1620553238764572e-10
4,384,400.0,2.0625491331281352e-10,7.882816190114072e-7,1.1556221336253167e-10
4,385,400.0,2.2797544763141846e-10,8.204317403725286e-7,1.202754263751916e-10
4,386,400.0,2.756968571631838e-10,8.07345378337483e-7,1.1835696357565322e-10
4,387,400.0,1.1169954962477019e-10,6.585640681093965e-7,9.654559933440945e-11
4,388,400.0,1.931484542634962e-10,7.87562072077543e-7,1.1545672766517412e-10
4,389,400.0,2.2446356865598763e-10,8.114118085280335e-7,1.1895310290196858e-10
4,390,400.0,2.1487987611324846e-10,8.041496573301983e-7,1.1788847035700617e-10
4,391,400.0,2.1024557190987588e-10,7.799891994203131e-7,1.1434654330380387e-10
4,392,400.0,1.0858859142888122e-10,6.571268368729972e-7,9.633490100174967e-11
4,393,400.0,1.051687149049691e-10,6.509916825276504e-7,9.543548637838423e-11
4,394,400.0,1.9377701715988903e-10,8.042637867855693e-7,1.1790520175369797e-10
4,395,400.0,1.8506504148641988e-10,7.810278625578821e-7,1.1449881148844843e-10
4,396,400.0,1.8025980781621135e-10,7.780086562774276e-7,1.1405619535742035e-10
4,397,400.0,1.0614707539835673e-10,6.633555977690173e-7,9.724803836064531e-11
4,398,400.0,1.8859016004624933e-10,7.790837749886547e-7,1.142138079350835e-10
4,399,400.0,1.851836505198302e-10,7.763418602536957e-7,1.1381184278965668e-10
4,400,400.0,1.0323853817906332e-10,6.537633636810964e-7,9.584181528559526e-11
4,401,400.0,1.857341108058436e-10,7.764098017426173e-7,1.1382180302296617e-10
4,402,400.0,1.9309899697221887e-10,7.880427919954203e-7,1.1552720128320293e-10
4,403,400.0,1.8322917236464123e-10,7.74450751193015e-7,1.1353460589424834e-10
4,404,400.0,1.1258905482669805e-10,6.611110169271063e-7,9.691898244470544e-11
4,405,400.0,1.1140089032380247e-10,6.54506131366443e-7,9.595070514889116e-11
4,406,400.0,1.0489019527255061e-10,6.516927817977982e-7,9.553826764524511e-11
4,407,400.0,1.1168170431764381e-10,6.566408475604948e-7,9.626365488961304e-11
4,408,400.0,1.082246592974474e-10,6.527633014536479e-7,9.569520600064306e-11
4,409,400.0,1.9514122615963946e-10,7.918549160472589e-7,1.1608605928828429e-10
4,410,400.0,1.0501514215963079e-10,6.590021918786493e-7,9.660982835013238e-11
4,411,400.0,1.8124952265682472e-10,7.722366131693311e-7,1.1321001290040442e-10
4,412,400.0,1.9248916751218438e-10,7.68735473409776e-7,1.1269674524307507e-10
4,413,400.0,1.1066357637698957e-10,6.550774861972029e-7,9.60344658598675e-11
4,414,400.0,1.0895449032356394e-10,6.548342534333448e-7,9.599880789718537e-11
4,415,400.0,1.0649809015969121e-10,6.517746847054391e-7,9.555027462480616e-11
4,416,400.0,1.1092590935843787e-10,6.55595010912991e-7,9.611033506724707e-11
4,417,400.0,2.871232268387233e-10,8.247072201948731e-7,1.2090221241147722e-10
4,418,400.0,2.7211562201963324e-10,7.986774796255196e-7,1.1708624821682887e-10
4,419,400.0,2.1030853019309194e-10,7.941255873008097e-7,1.1641894006280757e-10
4,420,400.0,2.052041191336408e-10,7.677037014651047e-7,1.1254548730842844e-10
4,421,400.0,2.175282474352525e-10,8.101162405331002e-7,1.1876317242351353e-10
4,422,400.0,2.04175018755036e-10,7.729127198005669e-7,1.1330913024234202e-10
4,423,400.0,1.1096538700074453e-10,6.544337432858891e-7,9.594009304452626e-11
4,424,400.0,1.9465417829260523e-10,7.735285435662501e-7,1.133994101063998e-10
4,425,400.0,1.9345014945024748e-10,7.584460089617961e-7,1.1118830808401147e-10
4,426,400.0,2.059002185467617e-10,8.071414751587099e-7,1.1832707133653157e-10
4,427,400.0,1.1004370857668036e-10,6.511567314939125e-7,9.545968258364189e-11
4,428,400.0,1.111499111045357e-10,6.6719840012625e-7,9.781139381027953e-11
4,429,400.0,1.8924538902536318e-10,7.536328005628936e-7,1.1048269095107632e-10
4,430,400.0,1.9332014428922798e-10,7.687130093107886e-7,1.126934520025154e-10
4,431,400.0,1.9247608751171674e-10,7.71595423644513e-7,1.1311601441193808e-10
4,432,400.0,1.9085966883668033e-10,7.603799800014994e-7,1.1147182855250525e-10
4,433,400.0,1.0899920501086626e-10,6.534216584798056e-7,9.579172124759372e-11
4,434,400.0,1.877632628480609e-10,7.51577073252448e-7,1.1018132099351874e-10
4,435,400.0,1.9808933594386405e-10,7.882145914267017e-7,1.1555238710772869e-10
4,436,400.0,1.9456586063918843e-10,7.81367414950443e-7,1.1454858992434052e-10
4,437,400.0,1.9742592959614305e-10,7.78678546244313e-7,1.1415440133535462e-10
4,438,400.0,1.1180584930391758e-10,6.5682230207173e-7,9.629025615042801e-11
4,439,400.0,1.9179137429747343e-10,7.685026694671528e-7,1.126626161472796e-10
4,440,400.0,1.979334399813372e-10,7.84020229930817e-7,1.1493749303127554e-10
4,441,400.0,1.0355483137829257e-10,6.523777665574145e-7,9.56386865222451e-11
4,442,400.0,1.0563278313386551e-10,6.613023289902639e-7,9.694702882423305e-11
4,443,400.0,1.1331508940423982e-10,6.603855382721026e-7,9.681262715606551e-11
4,444,400.0,1.0356266811193279e-10,6.559703814483471e-7,9.616536444868975e-11
4,445,400.0,1.1850761771183397e-10,6.701264043195674e-7,9.824063970052227e-11
4,446,400.0,1.0584710569020158e-10,6.526450213250678e-7,9.567786611458475e-11
4,447,400.0,1.0595696952774161e-10,6.535630029499099e-7,9.581244236986509e-11
4,448,400.0,1.0358480932738283e-10,6.545733236702659e-7,9.596055555154348e-11
4,449,400.0,1.0632335079859304e-10,6.532494408028409e-7,9.576647410818288e-11
4,450,400.0,1.1627817945104937e-10,6.665478456515729e-7,9.771602241864305e-11
4,451,400.0,1.4191918605189552e-10,7.435432811607539e-7,1.0900356576820359e-10
4,452,400.0,1.1448627163709138e-10,6.637770979292082e-7,9.730983035258014e-11
4,453,400.0,1.1451987473087098e-10,6.614377767545261e-7,9.696688548847036e-11
4,454,400.0,1.1743907421115954e-10,6.675987396091042e-7,9.787008364348034e-11
4,455,400.0,1.0969478727528037e-10,6.562534174962819e-7,9.620685757928152e-11
4,456,400.0,1.1447015049119554e-10,6.612776924347636e-7,9.694341710119577e-11
4,457,400.0,1.983895109919226e-10,7.845953504957817e-7,1.1502180579949787e-10
4,458,400.0,1.1923050029438884e-10,6.699663957133616e-7,9.82171824128674e-11
4,459,400.0,1.9748048735287163e-10,7.845033724718545e-7,1.1500832180625308e-10
4,460,400.0,1.9690683117896056e-10,7.824945815749516e-7,1.1471383273454323e-10
4,461,400.0,1.1628507145935163e-10,6.637023838890926e-7,9.729887726216578e-11
4,462,400.0,1.1629071737937534e-10,6.657021391209728e-7,9.759204170391591e-11
4,463,400.0,1.989130628147654e-10,7.871103814090825e-7,1.1539050973982408e-10
4,464,400.0,1.1810586804843736e-10,6.669974809138238e-7,9.778193902110895e-11
4,465,400.0,1.9289642629402486e-10,7.685047545540363e-7,1.1266292182135534e-10
4,466,400.0,1.2872302765532414e-10,6.986695688421152e-7,1.0242507225488426e-10
4,467,400.0,2.0423228174440007e-10,7.956765057542481e-7,1.1664630495994793e-10
4,468,400.0,1.1460769624822477e-10,6.623270266001316e-7,9.709724966024864e-11
4,469,400.0,1.9449191556593877e-10,7.81927918345412e-7,1.1463075981306768e-10
4,470,400.0,1.9737410663161058e-10,7.814224919603058e-7,1.1455666422293083e-10
4,471,400.0,1.091580578521765e-10,6.514903342766341e-7,9.550858880576536e-11
4,472,400.0,1.9800998545795377e-10,7.806667273461302e-7,1.1444586900775792e-10
4,473,400.0,2.0953874410950233e-10,8.022163071907572e-7,1.1760504091259166e-10
4,474,400.0,1.989705275559709e-10,7.826964273836554e-7,1.1474342336287859e-10
4,475,400.0,1.921883364602073e-10,7.661825607533842e-7,1.123224878330598e-10
4,476,400.0,2.0213321205753522e-10,7.923340359301795e-7,1.1615629834092861e-10
4,477,400.0,1.0480231660995181e-10,6.517576324922674e-7,9.554777476758591e-11
4,478,400.0,1.0986554486297418e-10,6.513484205291532e-7,9.548778422733813e-11
4,479,400.0,1.0947385521167249e-10,6.545525028797585e-7,9.595750322027384e-11
4,480,400.0,1.0454190496654926e-10,6.573849666901386e-7,9.637274287486237e-11
4,481,400.0,1.0897191559369818e-10,6.53396270648236e-7,9.578799938736269e-11
4,482,400.0,1.0833963007409265e-10,6.519106346344735e-7,9.557020490648061e-11
4,483,400.0,1.2191625039807935e-10,6.782643770696306e-7,9.943366782727307e-11
4,484,400.0,1.0422241454609879e-10,6.489463990642134e-7,9.513564749049416e-11
4,485,400.0,1.0598398736616182e-10,6.515473626066573e-7,9.551694916820803e-11
4,486,400.0,1.0375938729426612e-10,6.512239593607329e-7,9.546953819983545e-11
4,487,400.0,1.0937491582239993e-10,6.53077628804866e-7,9.574128644137781e-11
4,488,400.0,1.0690604581421483e-10,6.519588319563034e-7,9.5577270641688e-11
4,489,400.0,1.0357569947665258e-10,6.514580032328417e-7,9.550384906949488e-11
4,490,400.0,1.0439816716239069e-10,6.568079638027614e-7,9.628815415786869e-11
4,491,400.0,1.0763732442420564e-10,6.51569003047526e-7,9.552012166035378e-11
4,492,400.0,2.705343760727835e-10,7.948281663187699e-7,1.1652193826093808e-10
4,493,400.0,1.2858233395028539e-10,6.989782554754785e-7,1.0247032576546544e-10
4,494,400.0,1.0869732745884457e-10,6.531496588510624e-7,9.575184605784775e-11
4,495,400.0,1.1877273849352884e-10,6.723715788377204e-7,9.856978264949564e-11
4,496,400.0,1.0676838733876802e-10,6.500104834309794e-7,9.529164243146737e-11
4,497,400.0,1.0414596208714598e-10,6.558735470819996e-7,9.615116851485749e-11
4,498,400.0,1.0513666899273038e-10,6.556709426986561e-7,9.612146667935676e-11
4,499,400.0,1.0636697909370483e-10,6.642660632092435e-7,9.738151274204036e-11
4,500,400.0,1.0643778029031953e-10,6.509815770255213e-7,9.543400491013098e-11
4,501,400.0,1.0342417605871015e-10,6.524806430528736e-7,9.565376823318635e-11
4,502,400.0,1.0409478628499774e-10,6.534814987023989e-7,9.580049383394385e-11
4,503,400.0,1.0740146042884466e-10,6.519565311444607e-7,9.557693334229822e-11
4,504,400.0,1.0590975180549413e-10,6.541560173743663e-7,9.589937838079483e-11
4,505,400.0,1.0639169986119911e-10,6.548002042971283e-7,9.599381628828651e-11
4,506,400.0,1.0660928320985046e-10,6.518261811041234e-7,9.555782400521618e-11
4,507,400.0,1.0962959084288777e-10,6.532021470984568e-7,9.575954084343976e-11
4,508,400.0,2.7538192832291555e-10,8.06705094139734e-7,1.1826309780828226e-10
4,509,400.0,1.0671385068890994e-10,6.657369457752959e-7,9.759714436509223e-11
4,510,400.0,2.740029626744191e-10,8.037172935241539e-7,1.17825085752825e-10
4,511,400.0,1.0499530119580648e-10,6.507364276179259e-7,9.53980659671657e-11
4,512,400.0,2.6914528428267206e-10,7.899390737398556e-7,1.1580519649488976e-10
4,513,400.0,2.659246079764414e-10,7.819320375354591e-7,1.1463136368699754e-10
4,514,400.0,1.0563319632783901e-10,6.507964556000135e-7,9.540686607908817e-11
4,515,400.0,1.0381465136189421e-10,6.521932443983269e-7,9.561163554375679e-11
4,516,400.0,1.0583153710316117e-10,6.528136290972877e-7,9.570258404137377e-11
4,517,400.0,1.0306765472227244e-10,6.540198105539703e-7,9.587941043880505e-11
4,518,400.0,1.0590087981641492e-10,6.623592922643455e-7,9.710197981186227e-11
4,519,400.0,2.7241043300938015e-10,7.995941163736555e-7,1.172206273129657e-10
4,520,400.0,1.0784066236814454e-10,6.539106332156868e-7,9.58634050232825e-11
4,521,400.0,2.0884665309063946e-10,7.851247272380809e-7,1.1509941251588872e-10
4,522,400.0,2.1071763587916975e-10,7.908410909957818e-7,1.1593743237109444e-10
4,523,400.0,2.7658275999219057e-10,8.09018817080943e-7,1.1860228996720777e-10
4,524,400.0,2.1061617657613777e-10,7.83760456350976e-7,1.148994101822841e-10
4,525,400.0,2.113579864853308e-10,7.922814224767341e-7,1.161485852001092e-10
4,526,400.0,1.893213290369539e-10,7.746042946959591e-7,1.1355711539671511e-10
4,527,400.0,1.893810884862748e-10,7.748189121942401e-7,1.135885783568166e-10
4,528,400.0,1.8973466280905129e-10,7.757382608826734e-7,1.1372335502384143e-10
4,529,400.0,1.1427097418431237e-10,6.609668488357959e-7,9.68978473791067e-11
4,530,400.0,1.0672842348670518e-10,6.489252995652905e-7,9.513255430052555e-11
4,531,400.0,1.0991329554337662e-10,6.52440863606059e-7,9.564793655982322e-11
4,532,400.0,1.1310274644846849e-10,6.58694851283479e-7,9.656477216896887e-11
4,533,400.0,2.7233105201657535e-10,7.993604536147186e-7,1.1718637231455912e-10
4,534,400.0,1.046222776427252e-10,6.576499740584709e-7,9.64115929980966e-11
4,535,400.0,2.632460224056958e-10,7.80730259424103e-7,1.1445518282070623e-10
4,536,400.0,2.672653977849613e-10,7.844875794073455e-7,1.150060065404313e-10
4,537,400.0,1.0315754078031699e-10,6.535863080256958e-7,9.581585889776e-11
4,538,400.0,2.696439029071185e-10,7.92282428063798e-7,1.1614873261933608e-10
4,539,400.0,2.0808632046788636e-10,7.788209876062434e-7,1.1417528326214583e-10
4,540,400.0,1.9132835039719317e-10,7.711447048768424e-7,1.130499389674017e-10
4,541,400.0,1.092167369705208e-10,6.536297402954247e-7,9.582222607555559e-11
4,542,400.0,1.9619624624730058e-10,7.677716213456016e-7,1.1255544437393934e-10
4,543,400.0,1.9400531440050897e-10,7.81039561648463e-7,1.145005265770275e-10
4,544,400.0,1.9367259683083708e-10,7.64558400083795e-7,1.1208438561513738e-10
4,545,400.0,2.0356922898810136e-10,7.750251384295042e-7,1.1361881115639705e-10
4,546,400.0,1.8645254767771543e-10,7.489247925905487e-7,1.0979249621775889e-10
4,547,400.0,1.9432086638133655e-10,7.507322481089587e-7,1.1005746949028517e-10
4,548,400.0,1.0285083025387495e-10,6.526494987208958e-7,9.567852250154025e-11
4,549,400.0,1.168527515962221e-10,6.664798231290122e-7,9.770605030578892e-11
4,550,400.0,1.0565065649372017e-10,6.524814393783797e-7,9.565388497463486e-11
4,551,400.0,1.8896557174267597e-10,7.794579035116806e-7,1.1426865523731688e-10
4,552,400.0,1.0604429971234836e-10,6.516256290346295e-7,9.55284230392591e-11
4,553,400.0,1.8517926660096598e-10,7.729580640861811e-7,1.133157777219769e-10
4,554,400.0,1.1133394167436452e-10,6.575632122291827e-7,9.639887369983298e-11
4,555,400.0,1.9538094749456629e-10,7.913385557834613e-7,1.1601036078975561e-10
4,556,400.0,1.075575312574307e-10,6.563894035919024e-7,9.622679316298337e-11
4,557,400.0,1.0691152710995286e-10,6.55113563865736e-7,9.60397548519334e-11
4,558,400.0,1.0929321973953632e-10,6.532401242074671e-7,9.576510829378807e-11
4,559,400.0,1.0422881830213427e-10,6.623638129329483e-7,9.710264254261358e-11
4,560,400.0,1.0779873599816424e-10,6.515694566415463e-7,9.552018815731081e-11
4,561,400.0,1.0458217848731807e-10,6.517957200708874e-7,9.555335841279697e-11
4,562,400.0,2.088359301462539e-10,7.902266773627658e-7,1.1584735923271468e-10
4,563,400.0,1.0618794807393786e-10,6.510578639377099e-7,9.544518858384669e-11
4,564,400.0,1.9125386332381678e-10,7.826822033898767e-7,1.1474133812308071e-10
4,565,400.0,2.71623697277225e-10,7.94389190924361e-7,1.1645758439682894e-10
4,566,400.0,2.1060385975601848e-10,7.846577896975855e-7,1.1503095939662233e-10
4,567,400.0,2.204641476575314e-10,8.027486131591879e-7,1.176830770540091e-10
4,568,400.0,2.1249916514256972e-10,7.943939888987668e-7,1.1645828778065602e-10
4,569,400.0,1.0823707073227806e-10,6.738348945240808e-7,9.878430496675581e-11
4,570,400.0,2.1403725201836435e-10,7.970551398212134e-7,1.1684841293805262e-10
4,571,400.0,2.7454220226189364e-10,8.037733607893428e-7,1.178333052230069e-10
4,572,400.0,1.1203381028240726e-10,6.65586989218068e-7,9.757516070944993e-11
4,573,400.0,2.804740450521859e-10,8.199963368675259e-7,1.202115961506495e-10
4,574,400.0,2.750343364708431e-10,8.078732659049434e-7,1.1843435197877085e-10
4,575,400.0,2.032687125613796e-10,8.253225864278236e-7,1.209924252011621e-10
4,576,400.0,1.1030672955615011e-10,6.671017835028688e-7,9.779722979760148e-11
4,577,400.0,2.667027377820289e-10,7.916807145045236e-7,1.160605213138293e-10
4,578,400.0,1.0555744675907929e-10,6.577875192909744e-7,9.643175715151869e-11
4,579,400.0,2.0235537479135947e-10,7.705714230315864e-7,1.1296589575578726e-10
4,580,400.0,2.10012660459502e-10,7.864784353094778e-7,1.1529786633899516e-10
4,581,400.0,1.0413672934464831e-10,6.520003502494341e-7,9.558335723020347e-11
4,582,400.0,2.2134658096214049e-10,8.054015992400138e-7,1.1807200524429815e-10
4,583,400.0,2.0989364859162255e-10,7.819720437401472e-7,1.1463722860310175e-10
4,584,400.0,1.1012340462210619e-10,6.546009259239905e-7,9.596460204642205e-11
4,585,400.0,1.0853747591591043e-10,6.66652623107525e-7,9.773138281070128e-11
4,586,400.0,2.1229967309474572e-10,7.898041230797386e-7,1.1578541270620087e-10
4,587,400.0,2.0877759711190464e-10,7.913007713088095e-7,1.1600482157963554e-10
4,588,400.0,1.0114934170942411e-10,6.508741541002534e-7,9.541825669184142e-11
4,589,400.0,1.024373248781212e-10,6.520389133988213e-7,9.558901059416623e-11
4,590,400.0,1.0376894095424618e-10,6.530054312501198e-7,9.573070226812725e-11
4,591,400.0,2.0652903398903984e-10,7.85114023640979e-7,1.1509784336681533e-10
4,592,400.0,1.0464540573803388e-10,6.517723223285064e-7,9.554992829996416e-11
4,593,400.0,2.094936893057461e-10,7.865003382029774e-7,1.153010773067392e-10
4,594,400.0,1.1875838677593026e-10,6.877590881780006e-7,1.0082559401768343e-10
4,595,400.0,1.0388874618719131e-10,6.554347181289753e-7,9.608683611907913e-11
4,596,400.0,1.02222304787945e-10,6.516760718048501e-7,9.553581795756526e-11
4,597,400.0,2.1273557270044745e-10,7.93327351583546e-7,1.1630191857702475e-10
4,598,400.0,2.164397066044046e-10,8.108137247521069e-7,1.1886542372329004e-10
4,599,400.0,2.127019028120504e-10,7.932605186261743e-7,1.1629212085462051e-10
4,600,400.0,2.2339423802954562e-10,8.188236037274208e-7,1.2003967328186042e-10
4,601,400.0,1.0288839278163303e-10,6.5265870057642e-7,9.567987149505447e-11
4,602,400.0,2.0954700658134146e-10,7.869788517125054e-7,1.153712274649457e-10
4,603,400.0,2.118592661934783e-10,7.915963163211238e-7,1.1604814852643676e-10
4,604,400.0,2.2319326821219985e-10,8.181779658227332e-7,1.1994502266018284e-10
4,605,400.0,1.0270342109400974e-10,6.520895163326168e-7,9.559642899247846e-11
4,606,400.0,2.0819670968846674e-10,7.848942748324787e-7,1.150656281558024e-10
4,607,400.0,2.1786251729224297e-10,7.811622666320666e-7,1.1451851514755086e-10
4,608,400.0,2.2193331169771354e-10,8.151254254868222e-7,1.1949751975121144e-10
4,609,400.0,2.1933884433120877e-10,8.097758505896088e-7,1.18713271202519e-10
4,610,400.0,2.097304394387955e-10,7.887004652923908e-7,1.156236162953437e-10
4,611,400.0,2.114051445580983e-10,7.926327600021679e-7,1.1620009133839435e-10
4,612,400.0,2.101220325177857e-10,7.949480769329452e-7,1.1653951717644943e-10
4,613,400.0,2.1013050998444913e-10,7.921694727572557e-7,1.1613217335305325e-10
4,614,400.0,2.1602205701128255e-10,8.060168353143027e-7,1.1816219895270206e-10
4,615,400.0,2.0973512755151384e-10,7.882596691293665e-7,1.1555899550625989e-10
4,616,400.0,1.0745772640714947e-10,6.522449392475248e-7,9.561921401704435e-11
4,617,400.0,2.0221803969052113e-10,7.823487511120162e-7,1.1469245396499431e-10
4,618,400.0,2.0359559992235787e-10,7.810068019363128e-7,1.1449572399790615e-10
4,619,400.0,1.0794292597786253e-10,6.525567910334121e-7,9.56649315394996e-11
4,620,400.0,1.0894459975669362e-10,6.53371026227513e-7,9.578429855118506e-11
4,621,400.0,2.0557357086415404e-10,7.816265020797008e-7,1.1458657213956498e-10
4,622,400.0,2.0370257510794136e-10,7.798675884383286e-7,1.1432871511409555e-10
4,623,400.0,1.0342583828214335e-10,6.541968284588231e-7,9.590536129240383e-11
4,624,400.0,1.0321807172811895e-10,6.537181937484263e-7,9.583519336613029e-11
4,625,400.0,2.1449445091278897e-10,7.972676280501857e-7,1.1687956374692765e-10
4,626,400.0,2.107332346046542e-10,7.890766108014756e-7,1.1567875928806088e-10
4,627,400.0,2.1690676260815294e-10,8.03967915402092e-7,1.1786182696083124e-10
4,628,400.0,2.147331745681542e-10,7.984430914732046e-7,1.170518868756353e-10
4,629,400.0,2.171144533040219e-10,8.035154914957929e-7,1.17795501542695e-10
4,630,400.0,1.0861450991446127e-10,6.530784204665112e-7,9.574140249910357e-11
4,631,400.0,1.035528253274544e-10,6.561651666315035e-7,9.619391998817324e-11
4,632,400.0,2.0995577374075004e-10,8.007775148423918e-7,1.173941137206641e-10
4,633,400.0,1.9269679961566607e-10,8.059360490145776e-7,1.1815035566804286e-10
4,634,400.0,1.9504427841785787e-10,8.071134030401932e-7,1.183229559593982e-10
4,635,400.0,2.0158133180605513e-10,8.215080693901259e-7,1.2043321638396518e-10
4,636,400.0,1.9410692188236244e-10,8.045712546963538e-7,1.179502765993512e-10
4,637,400.0,1.0472410084083266e-10,6.592840654928755e-7,9.665115106775371e-11
4,638,400.0,2.2743666873869628e-10,8.354671198222293e-7,1.224796154442352e-10
4,639,400.0,2.1655855603520578e-10,8.141190656988005e-7,1.193499872428565e-10
4,640,400.0,2.272403253995871e-10,8.395409164380529e-7,1.230768346896919e-10
4,641,400.0,2.223746320753316e-10,8.219649752736595e-7,1.2050019886069187e-10
4,642,400.0,1.0081996203687342e-10,6.52010659771007e-7,9.558486860774031e-11
4,643,400.0,1.0555195431797882e-10,6.616233068287996e-7,9.699408422748859e-11
4,644,400.0,1.0148224330580386e-10,6.536179679064852e-7,9.582050024142524e-11
4,645,400.0,1.069035219163094e-10,6.66830589206692e-7,9.775747266974053e-11
4,646,400.0,1.019043601332766e-10,6.527139796314911e-7,9.568797541350512e-11
4,647,400.0,2.1406922652082202e-10,8.038679410541736e-7,1.1784717070519075e-10
4,648,400.0,2.73650201484352e-10,8.028860238844203e-7,1.177032214886434e-10
4,649,400.0,2.1336961765821402e-10,8.014321843006726e-7,1.1749008836956517e-10
4,650,400.0,2.1975781939384024e-10,8.160921403476398e-7,1.1963924030679998e-10
4,651,400.0,1.0482929285239032e-10,6.613020405160171e-7,9.694698653386163e-11
4,652,400.0,1.0479825395068188e-10,6.608869770735962e-7,9.688613816579721e-11
4,653,400.0,1.0389571345596774e-10,6.596621014213332e-7,9.670657119625793e-11
4,654,400.0,1.0375178309227291e-10,6.57303397188129e-7,9.636078477262102e-11
4,655,400.0,2.1724536752831314e-10,8.177481700839468e-7,1.1988201453507873e-10
4,656,400.0,2.3017405861951955e-10,8.432320447785983e-7,1.2361795470384817e-10
4,657,400.0,1.066351482184338e-10,6.653986990380201e-7,9.754755733847694e-11
4,658,400.0,2.3960568961155556e-10,8.338948502730702e-7,1.2224912047299485e-10
4,659,400.0,2.335562587071066e-10,8.253436748928392e-7,1.2099551677355813e-10
4,660,400.0,1.0464950269421026e-10,6.577401830753434e-7,9.642481765461989e-11
4,661,400.0,2.1766783205575996e-10,8.168729629915396e-7,1.1975370903319984e-10
4,662,400.0,2.2508556813831778e-10,7.981161610961747e-7,1.1700395882926982e-10
4,663,400.0,2.1830763273085344e-10,8.192030243172925e-7,1.200952964019528e-10
4,664,400.0,2.1830949570691343e-10,8.212000598277154e-7,1.2038806213209562e-10
4,665,400.0,2.0751076211532457e-10,7.855852341424459e-7,1.1516692290285409e-10
4,666,400.0,2.05804383324179e-10,7.827519550525786e-7,1.1475156372816032e-10
4,667,400.0,2.1596966988936e-10,7.978775586313017e-7,1.1696897966917084e-10
4,668,400.0,2.0252022926925855e-10,7.80402418453598e-7,1.1440712128118942e-10
4,669,400.0,1.0593555036144889e-10,6.624974364327764e-7,9.712223176938859e-11
4,670,400.0,2.0884568148587216e-10,7.876983516902767e-7,1.1547670627853243e-10
4,671,400.0,2.100423075967707e-10,7.94452094529535e-7,1.164668060755629e-10
4,672,400.0,2.0291287906970624e-10,7.80662358995525e-7,1.1444522860684976e-10
4,673,400.0,2.0885710513845217e-10,7.87199551761136e-7,1.1540358212791623e-10
4,674,400.0,2.129803727926562e-10,7.950093284305398e-7,1.1654849665594395e-10
4,675,400.0,2.245558779780157e-10,8.230997640949911e-7,1.2066655908618666e-10
4,676,400.0,1.034632850750722e-10,6.564810812259084e-7,9.624023311901693e-11
4,677,400.0,1.1110400555497769e-10,6.55832062106902e-7,9.61450868107711e-11
4,678,400.0,2.0861350606617586e-10,7.85909398877491e-7,1.1521444550565547e-10
4,679,400.0,2.096921046808612e-10,7.891394059230406e-7,1.1568796506308012e-10
4,680,400.0,2.129298902780515e-10,8.021954574587274e-7,1.1760198433849013e-10
4,681,400.0,2.0697248533320794e-10,7.837258610316158e-7,1.148943385028477e-10
4,682,400.0,1.0658712642049642e-10,6.518154415535709e-7,9.55562495853611e-11
4,683,400.0,1.0396442311573497e-10,6.556138597855888e-7,9.611309831503092e-11
4,684,400.0,1.0541973544460687e-10,6.606892262004628e-7,9.685714785568146e-11
4,685,400.0,1.0355224320386723e-10,6.545589075245195e-7,9.595844214223589e-11
4,686,400.0,2.1591402954704147e-10,8.05577630800748e-7,1.1809781149968897e-10
4,687,400.0,1.0720118576223842e-10,6.67877549341784e-7,9.791095719556939e-11
4,688,400.0,2.265412469623716e-10,8.338163299049297e-7,1.222376093742739e-10
4,689,400.0,2.1421409723384637e-10,8.011601522422735e-7,1.1745020842562636e-10
4,690,400.0,2.1977084089555265e-10,8.148865422715371e-7,1.1946249943305645e-10
4,691,400.0,1.0748275535850553e-10,6.691818196242784e-7,9.81021634307941e-11
4,692,400.0,1.0416874526637805e-10,6.519832839023294e-7,9.558085530094638e-11
4,693,400.0,1.0640037511008587e-10,6.644350835523497e-7,9.74062911517883e-11
4,694,400.0,2.735411364436346e-10,8.026145486958751e-7,1.1766342318191563e-10
4,695,400.0,2.1425061355012192e-10,8.020019730756911e-7,1.1757361949651551e-10
4,696,400.0,1.0147951659373216e-10,6.53444912050792e-7,9.579513022487668e-11
4,697,400.0,2.2637396222592535e-10,7.898127603974288e-7,1.1578667893837693e-10
4,698,400.0,2.250576398181725e-10,7.862424826090069e-7,1.1526327563478786e-10
4,699,400.0,2.3640368162674237e-10,8.181301261158717e-7,1.1993800935138786e-10
4,700,400.0,1.0214285234201883e-10,6.537814696407545e-7,9.58444696222215e-11
4,701,400.0,1.0196012755023458e-10,6.538489075138397e-7,9.585435602536757e-11
4,702,400.0,2.0862225198877178e-10,7.861329479082867e-7,1.1524721782987405e-10
4,703,400.0,1.0809906115881253e-10,6.668106155588013e-7,9.775454452971606e-11
4,704,400.0,2.4253220794260925e-10,8.275580308682184e-7,1.2132014171915597e-10
4,705,400.0,2.2782140807627704e-10,7.993733372624677e-7,1.1718826105941145e-10
4,706,400.0,2.181972833356745e-10,7.822220391759978e-7,1.1467387797459624e-10
4,707,400.0,2.2509400186746265e-10,7.866274480924736e-7,1.1531971163718175e-10
4,708,400.0,1.032385381790635e-10,6.537633636810964e-7,9.584181528559526e-11
4,709,400.0,1.0864214194245833e-10,6.53102024175834e-7,9.574486280672348e-11
4,710,400.0,1.2099689335690267e-10,6.765315156888744e-7,9.917963006744077e-11
4,711,400.0,2.2188070244353057e-10,7.825987112680192e-7,1.1472909816445742e-10
4,712,400.0,1.0420654348245355e-10,6.587627868059858e-7,9.657473152760099e-11
4,713,400.0,1.0652055485345792e-10,6.651487476780154e-7,9.75109144285086e-11
4,714,400.0,1.1420669751876028e-10,6.840027413232652e-7,1.0027491295875553e-10
4,715,400.0,1.2218160494954708e-10,7.107938536267476e-7,1.0420249437327252e-10
4,716,400.0,1.169783407932254e-10,6.932663380933947e-7,1.0163295774964728e-10
4,717,400.0,1.0586612225474409e-10,6.63410945879412e-7,9.725615240261761e-11
4,718,400.0,1.1754582338518797e-10,6.942172944677186e-7,1.0177236810855669e-10
4,719,400.0,1.2364764209871866e-10,7.156307901925155e-7,1.0491159005932355e-10
4,720,400.0,1.1725071811363448e-10,6.929547472986139e-7,1.0158727848853065e-10
4,721,400.0,1.108170005866959e-10,6.59116255030191e-7,9.662655002667204e-11
4,722,400.0,1.830712783247289e-10,7.786661542640547e-7,1.1415258466903633e-10
4,723,400.0,1.0689919307357361e-10,6.525106327167669e-7,9.56581647227834e-11
4,724,400.0,1.0369558482478458e-10,6.561002984119917e-7,9.618441029665833e-11
4,725,400.0,1.0415969706492638e-10,6.568500678501182e-7,9.629432661804882e-11
4,726,400.0,2.0309180827702525e-10,8.244978085676751e-7,1.2087151263292194e-10
4,727,400.0,1.8782341838220188e-10,7.889277212329405e-7,1.1565693205313425e-10
4,728,400.0,2.7183238343170155e-10,7.97596206935356e-7,1.169277334648542e-10
4,729,400.0,1.8239313664162025e-10,7.803627339408152e-7,1.1440130352517078e-10
4,730,400.0,1.9012349755916224e-10,7.960331983569793e-7,1.1669859615343452e-10
4,731,400.0,1.0949767517319414e-10,6.586982332671962e-7,9.656526796833106e-11
4,732,400.0,2.9059465009134293e-10,8.389734243833711e-7,1.229936402623159e-10
4,733,400.0,1.8973270130886208e-10,7.9517958901494e-7,1.16573456885267e-10
4,734,400.0,1.0555274128062334e-10,6.609961076596452e-7,9.690213672743457e-11
4,735,400.0,1.0165822598360581e-10,6.523652370977197e-7,9.563684970141909e-11
4,736,400.0,1.0711050875554549e-10,6.520562280740857e-7,9.559154892837186e-11
4,737,400.0,2.7248342285928644e-10,7.998290134135953e-7,1.172550632571677e-10
4,738,400.0,2.1560870268495268e-10,8.047490445016782e-7,1.179763406136845e-10
4,739,400.0,2.1569914972111053e-10,8.049535400467212e-7,1.1800631969379747e-10
4,740,400.0,1.037352718256868e-10,6.608641563793734e-7,9.688279264831811e-11
4,741,400.0,1.0354069905627376e-10,6.629991045662955e-7,9.719577639923247e-11
4,742,400.0,2.409340815775483e-10,8.31329431269792e-7,1.2187302963049503e-10
4,743,400.0,2.2356199176429503e-10,8.252393229934712e-7,1.209802187681642e-10
4,744,400.0,2.1155454894367925e-10,7.970896403965382e-7,1.1685347072799808e-10
4,745,400.0,2.31086322214555e-10,8.077515603067375e-7,1.184165099183091e-10
4,746,400.0,2.760325577787128e-10,8.080010744840029e-7,1.1845308873721685e-10
4,747,400.0,1.0738826530335602e-10,6.681339377223052e-7,9.794854377379078e-11
4,748,400.0,1.0258025786116699e-10,6.557151735705457e-7,9.612795093235879e-11
4,749,400.0,2.2744726527566956e-10,7.963957688735039e-7,1.167517490500378e-10
4,750,400.0,2.2895718912363732e-10,8.004203337952166e-7,1.173417509211427e-10
4,751,400.0,2.2466049828199212e-10,8.283325384632127e-7,1.2143368465836072e-10
4,752,400.0,1.8798159359423512e-10,7.891591084838499e-7,1.1569085346169442e-10
4,753,400.0,2.298444951525894e-10,8.423481272409824e-7,1.2348837224928713e-10
4,754,400.0,1.0603855990811348e-10,6.646738512919701e-7,9.744129454119209e-11
4,755,400.0,1.0350043552593421e-10,6.576244084531097e-7,9.640784507619884e-11
4,756,400.0,1.0354411592488524e-10,6.581377767304276e-7,9.648310494902369e-11
4,757,400.0,1.807023744107925e-10,7.777991414197782e-7,1.1402548044526415e-10
4,758,400.0,1.872271722136651e-10,7.885235311402487e-7,1.1559767771990593e-10
4,759,400.0,1.9143972717124801e-10,7.996077769064117e-7,1.1722262994928617e-10
4,760,400.0,1.1983192898304286e-10,6.726610515168467e-7,9.861221939126538e-11
4,761,400.0,2.2305028543536994e-10,7.890638073079741e-7,1.1567688229383431e-10
4,762,400.0,2.256869968383333e-10,7.914169384546942e-7,1.1602185170208755e-10
4,763,400.0,2.2184417322440224e-10,7.823856395176462e-7,1.1469786181125029e-10
4,764,400.0,2.2761998281984196e-10,8.005283793411931e-7,1.1735759041572925e-10
4,765,400.0,1.0198253945334946e-10,6.513657440340214e-7,9.54903238559651e-11
4,766,400.0,1.0603909323739439e-10,6.627364691726911e-7,9.715727400787857e-11
4,767,400.0,1.030981223569165e-10,6.532869859328719e-7,9.577197823034267e-11
4,768,400.0,1.0371364476520913e-10,6.545341724764998e-7,9.595481598017928e-11
4,769,400.0,1.0590306746890945e-10,6.625323125583299e-7,9.712734461505857e-11
4,770,400.0,1.028904267555056e-10,6.529759109315806e-7,9.572637458463537e-11
4,771,400.0,1.0165544423336486e-10,6.511007751417797e-7,9.545147937333202e-11
4,772,400.0,1.0646477359353856e-10,6.64527558943422e-7,9.741984805913734e-11
4,773,400.0,1.0398579839960521e-10,6.558254259316614e-7,9.614411394640313e-11
4,774,400.0,2.0551899931440114e-10,8.163934998355767e-7,1.1968341965667174e-10
4,775,400.0,1.064560993935363e-10,6.517542683460816e-7,9.554728158320877e-11
4,776,400.0,2.7321773174294915e-10,8.018197473923349e-7,1.175469051817424e-10
4,777,400.0,1.0388981500811842e-10,6.606987511556353e-7,9.68585442156566e-11
4,778,400.0,1.0720476481705538e-10,6.681906852826193e-7,9.795686297534853e-11
4,779,400.0,1.0482124239327708e-10,6.598340472402271e-7,9.673177848123145e-11
4,780,400.0,1.024345190615024e-10,6.537350850443566e-7,9.583766963285679e-11
