ID,Resource,Zone,Village,technology,Total_MW,Start_MW,Change_in_MW,Electricity_GWh
1,pltd_bel1,1,1,diesel,0.027916625365568704,0.2773,-0.24938337463443128,0.061360819526779284
2,plts_bel1,1,1,solar,0.7929880609590589,0.0,0.7929880609590589,1.1498920149324992
3,batt_bel1,1,1,battery,0.27613957871870165,0.0,0.27613957871870165,0.5199231801715388
4,pltd_bel2,1,2,diesel,0.10709376820719056,0.846,-0.7389062317928095,0.22939408421354374
5,plts_bel2,1,2,solar,2.462440732909718,0.0,2.462440732909718,3.4623802801654997
6,batt_bel2,1,2,battery,0.8358340153297091,0.0,0.8358340153297091,1.5648944676596417
7,pltd_bel3,1,3,diesel,0.10658683115164867,0.842,-0.7354131688483513,0.22830893507815408
8,plts_bel3,1,3,solar,2.4507827455801876,0.0,2.4507827455801876,3.445987789041988
9,batt_bel3,1,3,battery,0.8318766283015749,0.0,0.8318766283015749,1.557485190979095
10,pltd_bel4,1,4,diesel,0.04925683049639777,0.3891,-0.3398431695036022,0.10550818077231607
11,plts_bel4,1,4,solar,1.1325796959473509,0.0,1.1325796959473509,1.592493093972033
12,batt_bel4,1,4,battery,0.3844346535802793,0.0,0.3844346535802793,0.7197601125043962
13,pltd_bel5,1,5,diesel,0.05545784317258121,0.4381,-0.38264215682741876,0.11879050285671928
14,plts_bel5,1,5,solar,1.2751603571046537,0.0,1.2751603571046537,1.7929733397805991
15,batt_bel5,1,5,battery,0.4328317812591421,0.0,0.4328317812591421,0.8103712744940561
16,pltd_bel6,1,6,diesel,0.038774107780877594,0.3851,-0.3463258922191224,0.0852245489447837
17,plts_bel6,1,6,solar,1.1013633864512473,0.0,1.1013633864512473,1.5970704857404283
18,batt_bel6,1,6,battery,0.3835347927696958,0.0,0.3835347927696958,0.722115257373547
19,pltd_bel7,1,7,diesel,0.04539576206186818,0.3586,-0.3132042379381318,0.0972376786767672
20,plts_bel7,1,7,solar,1.0438018001069196,0.0,1.0438018001069196,1.4676650779666491
21,batt_bel7,1,7,battery,0.35430069920362006,0.0,0.35430069920362006,0.6633416323831159
22,pltd_bel8,1,8,diesel,0.08426965167205099,0.7089,-0.624630348327949,0.16956184281514808
23,plts_bel8,1,8,solar,2.041723426459676,0.0,2.041723426459676,2.9273861668472194
24,batt_bel8,1,8,battery,0.7219464036073817,0.0,0.7219464036073817,1.3302542151778602
25,pltd_bel9,1,9,diesel,0.09024767438237541,0.6833,-0.5930523256176246,0.15968100635610752
26,plts_bel9,1,9,solar,2.0276920653702373,0.0,2.0276920653702373,2.8252908771681757
27,batt_bel9,1,9,battery,0.6725800139888349,0.0,0.6725800139888349,1.2808103112423754
28,pltd_bel10,1,10,diesel,0.05023171747827614,0.3968,-0.34656828252172384,0.10759538199684736
29,plts_bel10,1,10,solar,1.1549991404924258,0.0,1.1549991404924258,1.6240162321048108
30,batt_bel10,1,10,battery,0.3920447549861243,0.0,0.3920447549861243,0.7340079180644927
31,pltd_bel11,1,11,diesel,0.08357675588529714,0.6602,-0.5766232441147029,0.17902078975989955
32,plts_bel11,1,11,solar,1.9217084995039724,0.0,1.9217084995039724,2.702069235309909
33,batt_bel11,1,11,battery,0.6522913111521748,0.0,0.6522913111521748,1.221255995697718
34,pltd_bel12,1,12,diesel,0.03595799920537365,0.284,-0.24804200079462632,0.0770222388519918
35,plts_bel12,1,12,solar,0.8267910596142686,0.0,0.8267910596142686,1.1625312935431054
36,batt_bel12,1,12,battery,0.2806401488468212,0.0,0.2806401488468212,0.5254299417009377
37,pltd_bel13,1,13,diesel,0.051327154071372824,0.2672,-0.21587284592862716,0.09526115017633803
38,plts_bel13,1,13,solar,1.195437524351278,0.0,1.195437524351278,1.7278752854933779
39,batt_bel13,1,13,battery,0.4289740276324849,0.0,0.4289740276324849,0.7385299502649009
40,pltd_bel14,1,14,diesel,0.020687409067973894,0.2055,-0.1848125909320261,0.04547221615933958
41,plts_bel14,1,14,solar,0.5877103589460428,0.0,0.5877103589460428,0.8522009991292836
42,batt_bel14,1,14,battery,0.20463559832511177,0.0,0.20463559832511177,0.3853225821959937
43,pltd_bel15,1,15,diesel,0.033603107692482106,0.1749,-0.1412968923075179,0.06236554820350573
44,plts_bel15,1,15,solar,0.7826398054947945,0.0,0.7826398054947945,1.1312212596152473
45,batt_bel15,1,15,battery,0.28084433642373613,0.0,0.28084433642373613,0.4835079063256733
46,pltd_bel16,1,16,diesel,0.06212688907849771,0.4908,-0.4286731109215023,0.13307563887757684
47,plts_bel16,1,16,solar,1.4285024322987214,0.0,1.4285024322987214,2.0085833696921047
48,batt_bel16,1,16,battery,0.4848806004058473,0.0,0.4848806004058473,0.9078206598987232
49,pltd_bel17,1,17,diesel,0.04341616746405232,0.2234,-0.17998383253594766,0.082477062450256
50,plts_bel17,1,17,solar,1.0101280524915015,0.0,1.0101280524915015,1.4418033376267274
51,batt_bel17,1,17,battery,0.3605278146497999,0.0,0.3605278146497999,0.6166784132097959
52,pltd_bel18,1,18,diesel,0.015418300883397221,0.1297,-0.11428169911660278,0.031023771589199684
53,plts_bel18,1,18,solar,0.37356174714274054,0.0,0.37356174714274054,0.5356062825246358
54,batt_bel18,1,18,battery,0.13209035211859516,0.0,0.13209035211859516,0.24338863490879686
55,pltd_bel19,1,19,diesel,0.025700943148830355,0.203,-0.17729905685116965,0.05505117542377941
56,plts_bel19,1,19,solar,0.590950110223496,0.0,0.590950110223496,0.8309208644635095
57,batt_bel19,1,19,battery,0.20058784051774753,0.0,0.20058784051774753,0.37555189832456515
58,pltd_bel20,1,20,diesel,0.006128793163423021,0.0444,-0.03827120683657698,0.01249952857622336
59,plts_bel20,1,20,solar,0.13240167161418998,0.0,0.13240167161418998,0.18103083799741937
60,batt_bel20,1,20,battery,0.04337617935588103,0.0,0.04337617935588103,0.08169719479145175
61,pltd_bel21,1,21,diesel,0.022983034882402695,0.1664,-0.1434169651175973,0.04687448919462661
62,plts_bel21,1,21,solar,0.496502516226473,0.0,0.496502516226473,0.6788623918453542
63,batt_bel21,1,21,battery,0.162659791758307,0.0,0.162659791758307,0.3063627341687219
64,pltd_bel22,1,22,diesel,0.016343491506518065,0.1183,-0.10195650849348194,0.03333330715955114
65,plts_bel22,1,22,solar,0.3530683940171116,0.0,0.3530683940171116,0.4827461119976241
66,batt_bel22,1,22,battery,0.11566877641661504,0.0,0.11566877641661504,0.21785763833137556
67,pltd_bel23,1,23,diesel,0.011507999799276355,0.1143,-0.10279200020072364,0.025294352165169825
68,plts_bel23,1,23,solar,0.3268867907051583,0.0,0.3268867907051583,0.4740112263009453
69,batt_bel23,1,23,battery,0.11383128484760148,0.0,0.11383128484760148,0.21432407639145837
70,pltd_bel24,1,24,diesel,0.009278242735744732,0.0672,-0.05792175726425526,0.018923316906971716
71,plts_bel24,1,24,solar,0.20044025770415494,0.0,0.20044025770415494,0.27405961429631187
72,batt_bel24,1,24,battery,0.06566641139609314,0.0,0.06566641139609314,0.12367991736659245
73,pltd_bel25,1,25,diesel,0.006767179522100664,0.049,-0.042232820477899335,0.013801722762308394
74,plts_bel25,1,25,solar,0.14619262376816855,0.0,0.14619262376816855,0.1998878514790983
75,batt_bel25,1,25,battery,0.0478946692883494,0.0,0.0478946692883494,0.09020717669899012
76,pltd_bel26,1,26,diesel,0.018939880072377124,0.1371,-0.11816011992762288,0.038629025089547436
77,plts_bel26,1,26,solar,0.4091545333670348,0.0,0.4091545333670348,0.5594317183917658
78,batt_bel26,1,26,battery,0.134043039389802,0.0,0.134043039389802,0.25246459074643646
79,pltd_bel27,1,27,diesel,0.016560239948793645,0.1254,-0.10883976005120637,0.0293019007523073
80,plts_bel27,1,27,solar,0.3720782137275825,0.0,0.3720782137275825,0.5184359674532228
81,batt_bel27,1,27,battery,0.12341681963137958,0.0,0.12341681963137958,0.2350260663421972
82,pltd_bel28,1,28,diesel,0.012288035233569038,0.093,-0.08071196476643096,0.02174233262956094
83,plts_bel28,1,28,solar,0.2760874654169041,0.0,0.2760874654169041,0.38468766882058697
84,batt_bel28,1,28,battery,0.09157761647527977,0.0,0.09157761647527977,0.17439317186471456
85,pltd_bel29,1,29,diesel,0.008385063168689621,0.0662,-0.05781493683131037,0.017960391802716566
86,plts_bel29,1,29,solar,0.19279830003809062,0.0,0.19279830003809062,0.27108942178452844
87,batt_bel29,1,29,battery,0.06544213778016889,0.0,0.06544213778016889,0.12252459588066518
88,pltd_bel30,1,30,diesel,0.006968685304046782,0.0508,-0.043831314695953215,0.012335584820118383
89,plts_bel30,1,30,solar,0.15030468938458236,0.0,0.15030468938458236,0.20964704451251284
90,batt_bel30,1,30,battery,0.0495979447649342,0.0,0.0495979447649342,0.09487832296985123
91,pltd_bel31,1,31,diesel,0.01419085396177743,0.1035,-0.08930914603822257,0.02511861130213794
92,plts_bel31,1,31,solar,0.3060772748777895,0.0,0.3060772748777895,0.426919527721987
93,batt_bel31,1,31,battery,0.10099952100520526,0.0,0.10099952100520526,0.19320825234415584
94,pltd_bel32,1,32,diesel,0.020507158383520848,0.1553,-0.13479284161647914,0.03628483894116223
95,plts_bel32,1,32,solar,0.46075577175530835,0.0,0.46075577175530835,0.6419959126872956
96,batt_bel32,1,32,battery,0.152831661544079,0.0,0.152831661544079,0.291040800008575
97,pltd_bel33,1,33,diesel,0.012125246395162438,0.0918,-0.07967475360483757,0.021454643191282964
98,plts_bel33,1,33,solar,0.27243075466309474,0.0,0.27243075466309474,0.37959253026971096
99,batt_bel33,1,33,battery,0.09036438032724739,0.0,0.09036438032724739,0.1720832438307308
100,pltd_bel34,1,34,diesel,0.010136376574545983,0.0739,-0.06376362342545401,0.017941169912607267
101,plts_bel34,1,34,solar,0.21862714740630607,0.0,0.21862714740630607,0.3049433451733403
102,batt_bel34,1,34,battery,0.0721427653325994,0.0,0.0721427653325994,0.13800646760927293
103,pltd_bel35,1,35,diesel,0.010009423558563109,0.0758,-0.0657905764414369,0.017710527555497235
104,plts_bel35,1,35,solar,0.22489249554588514,0.0,0.22489249554588514,0.3133546586628567
105,batt_bel35,1,35,battery,0.07459582084752292,0.0,0.07459582084752292,0.14205506307443613
106,pltd_bel36,1,36,diesel,0.005615956315995429,0.0444,-0.03878404368400457,0.012028932634048365
107,plts_bel36,1,36,solar,0.1291309971304625,0.0,0.1291309971304625,0.18156791142885387
108,batt_bel36,1,36,battery,0.04383112941490795,0.0,0.04383112941490795,0.08206351345609976
109,pltd_bel37,1,37,diesel,0.009827987960137738,0.0776,-0.06777201203986226,0.02105124962297884
110,plts_bel37,1,37,solar,0.22597792576694892,0.0,0.22597792576694892,0.31774211501139854
111,batt_bel37,1,37,battery,0.07670427653724624,0.0,0.07670427653724624,0.14361023513389307
112,pltd_bel38,1,38,diesel,0.020084888326104645,0.1587,-0.13861511167389537,0.043021304388059116
113,plts_bel38,1,38,solar,0.4618199564345653,0.0,0.4618199564345653,0.649354337602834
114,batt_bel38,1,38,battery,0.15675715855997227,0.0,0.15675715855997227,0.2934893349878618
115,pltd_bel39,1,39,diesel,0.0071675175877362034,0.0712,-0.0640324824122638,0.015753267323419598
116,plts_bel39,1,39,solar,0.20351142796259947,0.0,0.20351142796259947,0.29513428303966655
117,batt_bel39,1,39,battery,0.07089334326676543,0.0,0.07089334326676543,0.13344479123906258
118,pltd_bel40,1,40,diesel,0.008072763803382262,0.0638,-0.055727236196617735,0.01729164713661066
119,plts_bel40,1,40,solar,0.18562514876938316,0.0,0.18562514876938316,0.26100310300535684
120,batt_bel40,1,40,battery,0.06300727356421319,0.0,0.06300727356421319,0.11796587462360987
121,pltd_bel41,1,41,diesel,0.008735923536416649,0.069,-0.06026407646358336,0.018712002514086026
122,plts_bel41,1,41,solar,0.20086988489957472,0.0,0.20086988489957472,0.2824381256026931
123,batt_bel41,1,41,battery,0.06818168457714967,0.0,0.06818168457714967,0.12765401285851868
124,pltd_bel42,1,42,diesel,0.00781567821410108,0.0776,-0.06978432178589893,0.01717940879872968
125,plts_bel42,1,42,solar,0.22204583219484883,0.0,0.22204583219484883,0.3219712917032849
126,batt_bel42,1,42,battery,0.077312202925296,0.0,0.077312202925296,0.1455793046543515
127,pltd_bel43,1,43,diesel,0.01802509161940298,0.1365,-0.11847490838059703,0.031893113427614535
128,plts_bel43,1,43,solar,0.40498997714920765,0.0,0.40498997714920765,0.5642939517349335
129,batt_bel43,1,43,battery,0.13433360132858585,0.0,0.13433360132858585,0.2558154396131377
130,pltd_bel44,1,44,diesel,0.014119011088490143,0.1069,-0.09278098891150985,0.024981657097754857
131,plts_bel44,1,44,solar,0.3172272277415948,0.0,0.3172272277415948,0.442009328483513
132,batt_bel44,1,44,battery,0.10522312147514214,0.0,0.10522312147514214,0.20037945518223294
133,pltd_bel45,1,45,diesel,0.0107011544841747,0.081,-0.0702988455158253,0.018933881444266065
134,plts_bel45,1,45,solar,0.24043456434986915,0.0,0.24043456434986915,0.33501022107264355
135,batt_bel45,1,45,battery,0.07975132785573474,0.0,0.07975132785573474,0.15187265586803236
136,pltd_bel46,1,46,diesel,0.014444507640458699,0.1094,-0.0949554923595413,0.025557874984456837
137,plts_bel46,1,46,solar,0.3245400933453445,0.0,0.3245400933453445,0.4521994117112009
138,batt_bel46,1,46,battery,0.10764932678310149,0.0,0.10764932678310149,0.20499884361465687
139,pltd_bel47,1,47,diesel,0.011387258363040675,0.1131,-0.10171274163695933,0.025026673069567597
140,plts_bel47,1,47,solar,0.3233313046853529,0.0,0.3233313046853529,0.46889503890026146
141,batt_bel47,1,47,battery,0.11262912945387744,0.0,0.11262912945387744,0.21201093987807726
142,pltd_bel48,1,48,diesel,0.014485168633604703,0.1097,-0.0952148313663953,0.025629934411662832
143,plts_bel48,1,48,solar,0.325454716985294,0.0,0.325454716985294,0.453473381141983
144,batt_bel48,1,48,battery,0.10795260000054312,0.0,0.10795260000054312,0.20557633932038683
145,pltd_bel49,1,49,diesel,0.023114854258623807,0.1999,-0.1767851457413762,0.045604233377592306
146,plts_bel49,1,49,solar,0.5839981243488567,0.0,0.5839981243488567,0.8280081621698285
147,batt_bel49,1,49,battery,0.19888915523837045,0.0,0.19888915523837045,0.375827619104035
148,pltd_bel50,1,50,diesel,0.02713955907560665,0.2348,-0.20766044092439337,0.053544009606540675
149,plts_bel50,1,50,solar,0.6856809291668639,0.0,0.6856809291668639,0.9721766191356681
150,batt_bel50,1,50,battery,0.23351858428684327,0.0,0.23351858428684327,0.4412651020211529
151,pltd_bel51,1,51,diesel,0.019449225129314397,0.1473,-0.12785077487068558,0.03441304022962422
152,plts_bel51,1,51,solar,0.43698646853690076,0.0,0.43698646853690076,0.6088763371053797
153,batt_bel51,1,51,battery,0.14494679839938146,0.0,0.14494679839938146,0.2760263718576827
154,pltd_bel52,1,52,diesel,0.018520488613212874,0.1602,-0.14167951138678714,0.03653887562298845
155,plts_bel52,1,52,solar,0.46791856981599106,0.0,0.46791856981599106,0.6634282059132539
156,batt_bel52,1,52,battery,0.15935693655847868,0.0,0.15935693655847868,0.30112617761271054
157,pltd_bel53,1,53,diesel,0.018147171496467218,0.1374,-0.11925282850353278,0.032108840474316884
158,plts_bel53,1,53,solar,0.40773287499639804,0.0,0.40773287499639804,0.5681157257332947
159,batt_bel53,1,53,battery,0.13524395363607544,0.0,0.13524395363607544,0.2575482200007661
160,pltd_bel54,1,54,diesel,0.014602592970375281,0.1263,-0.11169740702962472,0.028809723720008562
161,plts_bel54,1,54,solar,0.3689361737975341,0.0,0.3689361737975341,0.5230874156650885
162,batt_bel54,1,54,battery,0.12564663042888505,0.0,0.12564663042888505,0.23742607971732338
163,pltd_bel55,1,55,diesel,0.027261481772717262,0.2064,-0.17913851822728274,0.04823474725942773
164,plts_bel55,1,55,solar,0.6125134727242735,0.0,0.6125134727242735,0.8534475222431995
165,batt_bel55,1,55,battery,0.20316948110289348,0.0,0.20316948110289348,0.3869001171679496
166,pltd_bel56,1,56,diesel,0.022046495122577007,0.1596,-0.137553504877423,0.0449650228275644
167,plts_bel56,1,56,solar,0.47627461026169005,0.0,0.47627461026169005,0.6512045552009311
168,batt_bel56,1,56,battery,0.15603288367032092,0.0,0.15603288367032092,0.29388097635021604
169,pltd_bel57,1,57,diesel,0.021917880846993854,0.1731,-0.15118211915300614,0.04694765897394624
170,plts_bel57,1,57,solar,0.5039665726824946,0.0,0.5039665726824946,0.7086157761834778
171,batt_bel57,1,57,battery,0.17106292016144067,0.0,0.17106292016144067,0.32027382784043285
172,pltd_bel58,1,58,diesel,0.03421920246682226,0.2477,-0.21348079753317775,0.06979195135528861
173,plts_bel58,1,58,solar,0.7392373663953582,0.0,0.7392373663953582,1.010749285324622
174,batt_bel58,1,58,battery,0.24218167808320964,0.0,0.24218167808320964,0.45613907595675873
175,pltd_bel59,1,59,diesel,0.009905944088474348,0.0783,-0.06839405591152564,0.021217789546049578
176,plts_bel59,1,59,solar,0.22777228406623465,0.0,0.22777228406623465,0.32026496452257275
177,batt_bel59,1,59,battery,0.0773133105577235,0.0,0.0773133105577235,0.14475077461400326
178,pltd_bel60,1,60,diesel,0.05350778998598438,0.4227,-0.36919221001401564,0.11461334189691656
179,plts_bel60,1,60,solar,1.2303233494532826,0.0,1.2303233494532826,1.7299291048936918
180,batt_bel60,1,60,battery,0.4176125766852477,0.0,0.4176125766852477,0.7818772427580041
181,pltd_bel61,1,61,diesel,0.007058953247024616,0.0558,-0.04874104675297539,0.015120296244938236
182,plts_bel61,1,61,solar,0.1623091088917745,0.0,0.1623091088917745,0.2282195339307677
183,batt_bel61,1,61,battery,0.05509346490508054,0.0,0.05509346490508054,0.10314855381340761
184,pltd_bel62,1,62,diesel,0.03784051270414014,0.2865,-0.24865948729585985,0.06695351409891073
185,plts_bel62,1,62,solar,0.8502047919155336,0.0,0.8502047919155336,1.1846352958817101
186,batt_bel62,1,62,battery,0.2820102898377495,0.0,0.2820102898377495,0.5370394051011808
187,pltd_bel63,1,63,diesel,0.01138725836304102,0.1131,-0.10171274163695898,0.025026673069567962
188,plts_bel63,1,63,solar,0.3233313046853498,0.0,0.3233313046853498,0.46889503890026074
189,batt_bel63,1,63,battery,0.1126291294538802,0.0,0.1126291294538802,0.21201093987807718
190,pltd_bel64,1,64,diesel,0.01395632531291159,0.1057,-0.09174367468708841,0.0246933127578794
191,plts_bel64,1,64,solar,0.31357030840338207,0.0,0.31357030840338207,0.43691441525839353
192,batt_bel64,1,64,battery,0.10401078514875034,0.0,0.10401078514875034,0.19806992554674008
193,pltd_bel65,1,65,diesel,0.006835697493778377,0.0518,-0.044964302506221625,0.012094309961005665
194,plts_bel65,1,65,solar,0.1535862299978921,0.0,0.1535862299978921,0.2139999294528789
195,batt_bel65,1,65,battery,0.05094402104143196,0.0,0.05094402104143196,0.0970144467703972
196,pltd_bel66,1,66,diesel,0.05171460332003889,0.4473,-0.39558539667996107,0.10202991909279915
197,plts_bel66,1,66,solar,1.3065718918104814,0.0,1.3065718918104814,1.852492206177936
198,batt_bel66,1,66,battery,0.44497169140678416,0.0,0.44497169140678416,0.840834415255235
199,pltd_bel67,1,67,diesel,0.04768723587580232,0.3611,-0.31341276412419766,0.08437598894301526
200,plts_bel67,1,67,solar,1.0714406692043008,0.0,1.0714406692043008,1.49289499361377
201,batt_bel67,1,67,battery,0.3553939189553973,0.0,0.3553939189553973,0.676785276972603
202,pltd_bel68,1,68,diesel,0.021049106032660466,0.1821,-0.16105089396733954,0.04152919798428359
203,plts_bel68,1,68,solar,0.5318068616424488,0.0,0.5318068616424488,0.7540095513849474
204,batt_bel68,1,68,battery,0.181114560852211,0.0,0.181114560852211,0.3422400801116977
205,pltd_bel69,1,69,diesel,0.039818802164045874,0.3444,-0.3045811978359541,0.07856019560397783
206,plts_bel69,1,69,solar,1.0060244616305334,0.0,1.0060244616305334,1.4263677821790617
207,batt_bel69,1,69,battery,0.3426157690012974,0.0,0.3426157690012974,0.6474189831875953
208,pltd_bel70,1,70,diesel,0.007994998457279865,0.0632,-0.05520500154272014,0.017125398392233038
209,plts_bel70,1,70,solar,0.18383107158409703,0.0,0.18383107158409703,0.2584806976210038
210,batt_bel70,1,70,battery,0.062398388694599564,0.0,0.062398388694599564,0.11682561579185473
211,pltd_bel71,1,71,diesel,0.01961192647356823,0.1485,-0.12888807352643175,0.03470050785841876
212,plts_bel71,1,71,solar,0.44064373519461264,0.0,0.44064373519461264,0.6139721648874699
213,batt_bel71,1,71,battery,0.14616030153549522,0.0,0.14616030153549522,0.2783366128653138
214,pltd_bel72,1,72,diesel,0.012967904413193164,0.1288,-0.11583209558680684,0.02850196233513361
215,plts_bel72,1,72,solar,0.36827952881363035,0.0,0.36827952881363035,0.5340578008055115
216,batt_bel72,1,72,battery,0.12826748609459074,0.0,0.12826748609459074,0.24147416270346547
217,pltd_bel73,1,73,diesel,0.012480040611558283,0.0986,-0.0861199593884417,0.02673244847430763
218,plts_bel73,1,73,solar,0.2869552699618955,0.0,0.2869552699618955,0.4034814359169096
219,batt_bel73,1,73,battery,0.09740207150306092,0.0,0.09740207150306092,0.18236159497240387
220,pltd_bel74,1,74,diesel,0.09395029552797154,0.7113,-0.6173497044720285,0.16623194059282162
221,plts_bel74,1,74,solar,2.1108851480939266,0.0,2.1108851480939266,2.9412076910238474
222,batt_bel74,1,74,battery,0.7001747854424368,0.0,0.7001747854424368,1.3333600069871498
223,pltd_bel75,1,75,diesel,0.015386313343109722,0.1528,-0.13741368665689027,0.03381788847615159
224,plts_bel75,1,75,solar,0.4370151008968807,0.0,0.4370151008968807,0.6337171295853747
225,batt_bel75,1,75,battery,0.15219182402311365,0.0,0.15219182402311365,0.28653525015811665
226,pltd_bel76,1,76,diesel,0.008697038938520496,0.0687,-0.0600029610614795,0.018629251579433712
227,plts_bel76,1,76,solar,0.19997216511148558,0.0,0.19997216511148558,0.2811763027073354
228,batt_bel76,1,76,battery,0.06787738071997475,0.0,0.06787738071997475,0.12708327789940033
229,pltd_bel77,1,77,diesel,0.039858049109911274,0.3149,-0.27504195089008876,0.08537602225972973
230,plts_bel77,1,77,solar,0.9164646422261936,0.0,0.9164646422261936,1.2886198864608476
231,batt_bel77,1,77,battery,0.3110783284217482,0.0,0.3110783284217482,0.582418230450212
232,pltd_bel78,1,78,diesel,0.0131831161124433,0.0998,-0.0866168838875567,0.023325870385455635
233,plts_bel78,1,78,solar,0.296200521295868,0.0,0.296200521295868,0.4127116267087198
234,batt_bel78,1,78,battery,0.09824846603873198,0.0,0.09824846603873198,0.18709741348644557
235,pltd_bel79,1,79,diesel,0.008748139239311172,0.0662,-0.057451860760688825,0.015478075366412433
236,plts_bel79,1,79,solar,0.19655280740207237,0.0,0.19655280740207237,0.27386755039605554
237,batt_bel79,1,79,battery,0.06519590434572065,0.0,0.06519590434572065,0.12415464422117703
238,pltd_bel80,1,80,diesel,0.013650113225458956,0.1078,-0.09414988677454106,0.029238764866703338
239,plts_bel80,1,80,solar,0.31385762594943584,0.0,0.31385762594943584,0.44130796594828076
240,batt_bel80,1,80,battery,0.1065336745740787,0.0,0.1065336745740787,0.19945806314349515
241,pltd_bel81,1,81,diesel,0.02117694677993578,0.1673,-0.14612305322006422,0.04536091028188163
242,plts_bel81,1,81,solar,0.486928516350835,0.0,0.486928516350835,0.684658971555367
243,batt_bel81,1,81,battery,0.16528002591226174,0.0,0.16528002591226174,0.30944580635476604
244,pltd_kup82,1,82,diesel,0.06721565007831667,0.6676,-0.6003843499216833,0.14774088796003232
245,plts_kup82,1,82,solar,1.9093533046839437,0.0,1.9093533046839437,2.7686873581699807
246,batt_kup82,1,82,battery,0.6648710164375482,0.0,0.6648710164375482,1.2518613137596495
247,pltd_kup83,1,83,diesel,0.03691265358205284,0.3666,-0.32968734641794717,0.08113304179691434
248,plts_kup83,1,83,solar,1.0485013388051783,0.0,1.0485013388051783,1.5204121432853868
249,batt_kup83,1,83,battery,0.3651226149526333,0.0,0.3651226149526333,0.6874543082270496
250,pltd_kup84,1,84,diesel,0.04863222100817881,0.4831,-0.43446777899182115,0.10689771112154065
251,plts_kup84,1,84,solar,1.3816044957211762,0.0,1.3816044957211762,2.0033742088438475
252,batt_kup84,1,84,battery,0.48106017911312665,0.0,0.48106017911312665,0.9058248979929742
253,pltd_kup85,1,85,diesel,0.0074410967624197735,0.0739,-0.06645890323758022,0.01635789765897237
254,plts_kup85,1,85,solar,0.21149406741196514,0.0,0.21149406741196514,0.30664312765053686
255,batt_kup85,1,85,battery,0.0736125628369645,0.0,0.0736125628369645,0.1386484874867752
256,pltd_kup86,1,86,diesel,0.047117072985743046,0.468,-0.420882927014257,0.10356294046781142
257,plts_kup86,1,86,solar,1.338388137322235,0.0,1.338388137322235,1.9407626553262605
258,batt_kup86,1,86,battery,0.4660623057499426,0.0,0.4660623057499426,0.8775155984317614
259,pltd_kup87,1,87,diesel,0.0430872940787434,0.4279,-0.3848127059212566,0.09470406238124923
260,plts_kup87,1,87,solar,1.2238212043430883,0.0,1.2238212043430883,1.774662459044246
261,batt_kup87,1,87,battery,0.42619542882460637,0.0,0.42619542882460637,0.8024132170543892
262,pltd_kup88,1,88,diesel,0.019913721695294737,0.1978,-0.17788627830470527,0.04377039059014066
263,plts_kup88,1,88,solar,0.5656663459790933,0.0,0.5656663459790933,0.8202565008953485
264,batt_kup88,1,88,battery,0.19697864681277855,0.0,0.19697864681277855,0.37087900147351177
265,pltd_kup89,1,89,diesel,0.09491914638379534,0.9427,-0.8477808536162046,0.20863008718384515
266,plts_kup89,1,89,solar,2.6961364693952614,0.0,2.6961364693952614,3.9096289576252325
267,batt_kup89,1,89,battery,0.9388934074400409,0.0,0.9388934074400409,1.767737911676235
268,pltd_kup90,1,90,diesel,0.030431134197012488,0.3022,-0.27176886580298754,0.06688652093625033
269,plts_kup90,1,90,solar,0.8643386355479276,0.0,0.8643386355479276,1.2533789504470487
270,batt_kup90,1,90,battery,0.30100667364106837,0.0,0.30100667364106837,0.5667151349794142
271,pltd_kup91,1,91,diesel,0.028817290437108675,0.2862,-0.25738270956289133,0.06333922720297809
272,plts_kup91,1,91,solar,0.8185302132706564,0.0,0.8185302132706564,1.1869430053736556
273,batt_kup91,1,91,battery,0.2850455300129531,0.0,0.2850455300129531,0.5366760349796665
274,pltd_kup92,1,92,diesel,0.024286030949329254,0.2412,-0.21691396905067073,0.053381326374076846
275,plts_kup92,1,92,solar,0.6899133761994567,0.0,0.6899133761994567,1.0004085435887229
276,batt_kup92,1,92,battery,0.24023019466221146,0.0,0.24023019466221146,0.4523343648667128
277,pltd_kup93,1,93,diesel,0.10856716885673032,1.0783,-0.9697328311432697,0.2386281846246011
278,plts_kup93,1,93,solar,3.083822070237117,0.0,3.083822070237117,4.471799607068739
279,batt_kup93,1,93,battery,1.0738938740054298,0.0,1.0738938740054298,2.0219235103666815
280,pltd_kup94,1,94,diesel,0.01594555288932879,0.1583,-0.14235444711067122,0.035046739173080155
281,plts_kup94,1,94,solar,0.45286568665877236,0.0,0.45286568665877236,0.6567124181669002
282,batt_kup94,1,94,battery,0.15772140733846188,0.0,0.15772140733846188,0.296932434665175
283,pltd_kup95,1,95,diesel,0.005875291607187558,0.053,-0.04712470839281244,0.010924575265265399
284,plts_kup95,1,95,solar,0.16188352604834635,0.0,0.16188352604834635,0.22055302996784526
285,batt_kup95,1,95,battery,0.05210848433692465,0.0,0.05210848433692465,0.0993270870594137
286,pltd_kup96,1,96,diesel,0.005291949485649511,0.0542,-0.04890805051435049,0.010453225416228255
287,plts_kup96,1,96,solar,0.15943198846152878,0.0,0.15943198846152878,0.2265678738461141
288,batt_kup96,1,96,battery,0.05310066630601621,0.0,0.05310066630601621,0.10252335756939923
289,pltd_kup97,1,97,diesel,0.011204063607202153,0.101,-0.08979593639279786,0.020833099348587653
290,plts_kup97,1,97,solar,0.3087079508565833,0.0,0.3087079508565833,0.42058863118431006
291,batt_kup97,1,97,battery,0.09936900011770686,0.0,0.09936900011770686,0.1894138290694628
292,pltd_kup98,1,98,diesel,0.005111535760992809,0.0524,-0.04728846423900719,0.010097279442393813
293,plts_kup98,1,98,solar,0.1539970565696645,0.0,0.1539970565696645,0.2188439598834887
294,batt_kup98,1,98,battery,0.05129023188907567,0.0,0.05129023188907567,0.0990282624963509
295,pltd_kup99,1,99,diesel,0.0054423905906068396,0.0558,-0.05035760940939316,0.010751204961817407
296,plts_kup99,1,99,solar,0.16396096763472467,0.0,0.16396096763472467,0.23300361291748853
297,batt_kup99,1,99,battery,0.0546086278872738,0.0,0.0546086278872738,0.10543530897173492
298,pltd_kup100,1,100,diesel,0.02386725472824901,0.2249,-0.20103274527175097,0.04740940602283004
299,plts_kup100,1,100,solar,0.6580247793968452,0.0,0.6580247793968452,0.9352030879221541
300,batt_kup100,1,100,battery,0.21901776352853683,0.0,0.21901776352853683,0.4225517384704882
301,pltd_kup101,1,101,diesel,0.01162143686109253,0.1201,-0.10847856313890747,0.022256304528444352
302,plts_kup101,1,101,solar,0.34641457175404455,0.0,0.34641457175404455,0.5030744145780532
303,batt_kup101,1,101,battery,0.11774347387414782,0.0,0.11774347387414782,0.2278055932598412
304,pltd_kup102,1,102,diesel,0.01556273713669054,0.1466,-0.13103726286330947,0.03091350874954821
305,plts_kup102,1,102,solar,0.4290684761253842,0.0,0.4290684761253842,0.6098037376632808
306,batt_kup102,1,102,battery,0.14281162936763483,0.0,0.14281162936763483,0.2755269473818047
307,pltd_kup103,1,103,diesel,0.018930396456634697,0.1784,-0.1594696035433653,0.03760319132331326
308,plts_kup103,1,103,solar,0.5219127567557504,0.0,0.5219127567557504,0.7417565519202511
309,batt_kup103,1,103,battery,0.17371406574298404,0.0,0.17371406574298404,0.33514688304284557
310,pltd_kup104,1,104,diesel,0.022232391577511414,0.2095,-0.18726760842248857,0.04416207990556365
311,plts_kup104,1,104,solar,0.6129546849167121,0.0,0.6129546849167121,0.871148322951517
312,batt_kup104,1,104,battery,0.20401661033892166,0.0,0.20401661033892166,0.3936100253793295
313,pltd_kup105,1,105,diesel,0.011621436861092528,0.1201,-0.10847856313890747,0.02225630452844431
314,plts_kup105,1,105,solar,0.3464145717540446,0.0,0.3464145717540446,0.5030744145780528
315,batt_kup105,1,105,battery,0.1177434738741478,0.0,0.1177434738741478,0.2278055932598411
316,pltd_kup106,1,106,diesel,0.007598625327442436,0.0786,-0.07100137467255757,0.014551952176820235
317,plts_kup106,1,106,solar,0.2265021025770332,0.0,0.2265021025770332,0.328933668812865
318,batt_kup106,1,106,battery,0.07698656469951518,0.0,0.07698656469951518,0.14894998444435884
319,pltd_kup107,1,107,diesel,0.00781778037316117,0.0801,-0.07228221962683884,0.015443077413176957
320,plts_kup107,1,107,solar,0.2355244012811065,0.0,0.2355244012811065,0.3347018160489822
321,batt_kup107,1,107,battery,0.0784434758864518,0.0,0.0784434758864518,0.15145447211193422
322,pltd_kup108,1,108,diesel,0.011475925247777682,0.114,-0.10252407475222232,0.0252244181217688
323,plts_kup108,1,108,solar,0.32601512319270437,0.0,0.32601512319270437,0.4727349736294116
324,batt_kup108,1,108,battery,0.11351676997526709,0.0,0.11351676997526709,0.21374696789196615
325,pltd_kup109,1,109,diesel,0.012929127377805097,0.1325,-0.11957087262219492,0.02554019922626736
326,plts_kup109,1,109,solar,0.3895223666181016,0.0,0.3895223666181016,0.5535462995351633
327,batt_kup109,1,109,battery,0.12973267419235832,0.0,0.12973267419235832,0.250482991352268
328,pltd_kup110,1,110,diesel,0.009743178580278972,0.0918,-0.08205682141972104,0.019354195953585424
329,plts_kup110,1,110,solar,0.2686179273818469,0.0,0.2686179273818469,0.3817673740739016
330,batt_kup110,1,110,battery,0.08940687831529168,0.0,0.08940687831529168,0.17249319991072182
331,pltd_kup111,1,111,diesel,0.015545179930417298,0.1593,-0.1437548200695827,0.030708234784360133
332,plts_kup111,1,111,solar,0.4683313366045214,0.0,0.4683313366045214,0.6655416848389145
333,batt_kup111,1,111,battery,0.1559812345575713,0.0,0.1559812345575713,0.30116136485792044
334,pltd_kup112,1,112,diesel,0.019573240655177186,0.1765,-0.1569267593448228,0.03639525471459388
335,plts_kup112,1,112,solar,0.5392964209539592,0.0,0.5392964209539592,0.7347468898705742
336,batt_kup112,1,112,battery,0.17359252458842175,0.0,0.17359252458842175,0.330895807173838
337,pltd_kup113,1,113,diesel,0.028112989260141948,0.2535,-0.22538701073985806,0.05227438255747615
338,plts_kup113,1,113,solar,0.774592159419449,0.0,0.774592159419449,1.0553174375029248
339,batt_kup113,1,113,battery,0.2493307668312741,0.0,0.2493307668312741,0.4752661813354698
340,pltd_kup114,1,114,diesel,0.012387974396970869,0.1269,-0.11451202560302914,0.024471306069061022
341,plts_kup114,1,114,solar,0.37321616845906597,0.0,0.37321616845906597,0.5303740837037656
342,batt_kup114,1,114,battery,0.12430215112835839,0.0,0.12430215112835839,0.23999732492677445
343,pltd_kup115,1,115,diesel,0.012478062845213637,0.1279,-0.11542193715478638,0.024649136360863976
344,plts_kup115,1,115,solar,0.3759336792023425,0.0,0.3759336792023425,0.5342363202764968
345,batt_kup115,1,115,battery,0.1252078913287045,0.0,0.1252078913287045,0.24174524969983477
346,pltd_kup116,1,116,diesel,0.01451761989422584,0.1309,-0.11638238010577415,0.026994982404034633
347,plts_kup116,1,116,solar,0.4000012130367503,0.0,0.4000012130367503,0.5449686967251867
348,batt_kup116,1,116,battery,0.12875532225178846,0.0,0.12875532225178846,0.24542869111980312
349,pltd_kup117,1,117,diesel,0.02131522246957323,0.1922,-0.17088477753042677,0.03963450864547771
350,plts_kup117,1,117,solar,0.5872968086591283,0.0,0.5872968086591283,0.8001436290246056
351,batt_kup117,1,117,battery,0.18904360721405333,0.0,0.18904360721405333,0.36034743767556887
352,pltd_kup118,1,118,diesel,0.013350209404951715,0.1368,-0.12344979059504829,0.02637227921096701
353,plts_kup118,1,118,solar,0.4022042373331454,0.0,0.4022042373331454,0.5715679596807768
354,batt_kup118,1,118,battery,0.13395604078859527,0.0,0.13395604078859527,0.25863773026696635
355,pltd_kup119,1,119,diesel,0.011245429118688855,0.1152,-0.10395457088131115,0.02221479816814329
356,plts_kup119,1,119,solar,0.3387930780984494,0.0,0.3387930780984494,0.48145561725980557
357,batt_kup119,1,119,battery,0.11283778106742785,0.0,0.11283778106742785,0.21786136830889336
358,pltd_kup120,1,120,diesel,0.015371608922328452,0.1386,-0.12322839107767156,0.02858257871214169
359,plts_kup120,1,120,solar,0.4235317907173192,0.0,0.4235317907173192,0.5770265403035416
360,batt_kup120,1,120,battery,0.13632896035113495,0.0,0.13632896035113495,0.25986614402924185
361,pltd_kup121,1,121,diesel,0.021212996061170677,0.1913,-0.1700870039388293,0.03944494993127587
362,plts_kup121,1,121,solar,0.5844723897799355,0.0,0.5844723897799355,0.7962954837790285
363,batt_kup121,1,121,battery,0.18813374693274765,0.0,0.18813374693274765,0.3586142933815795
364,pltd_kup122,1,122,diesel,0.01588401020002716,0.1433,-0.12741598979997285,0.029535703402523518
365,plts_kup122,1,122,solar,0.43764854356036015,0.0,0.43764854356036015,0.5962605798114438
366,batt_kup122,1,122,battery,0.1408735273411077,0.0,0.1408735273411077,0.26852816676642033
367,pltd_kup123,1,123,diesel,0.01485928710763017,0.134,-0.11914071289236984,0.027630341546947906
368,plts_kup123,1,123,solar,0.40941299012260174,0.0,0.40941299012260174,0.5577913397253134
369,batt_kup123,1,123,battery,0.1317843450901012,0.0,0.1317843450901012,0.25120311676998974
370,pltd_kup124,1,124,diesel,0.015542398035387803,0.1402,-0.12465760196461219,0.028899761271651704
371,plts_kup124,1,124,solar,0.428237501054241,0.0,0.428237501054241,0.5834382022037697
372,batt_kup124,1,124,battery,0.1378438805440874,0.0,0.1378438805440874,0.26275375092196623
373,pltd_kup125,1,125,diesel,0.021656816119155233,0.1953,-0.17364318388084476,0.04026978864688245
374,plts_kup125,1,125,solar,0.5967086301803467,0.0,0.5967086301803467,0.8129661989823644
375,batt_kup125,1,125,battery,0.1920726527999333,0.0,0.1920726527999333,0.36612228179300527
376,pltd_kup126,1,126,diesel,0.01660138850162937,0.1497,-0.13309861149837063,0.030869914095468853
377,plts_kup126,1,126,solar,0.4574131329682601,0.0,0.4574131329682601,0.6231878989636005
378,batt_kup126,1,126,battery,0.14723530236808785,0.0,0.14723530236808785,0.2806547573386453
379,pltd_kup127,1,127,diesel,0.028659562915189844,0.2585,-0.22984043708481017,0.05329096155563135
380,plts_kup127,1,127,solar,0.7896503927832419,0.0,0.7896503927832419,1.0758335821636853
381,batt_kup127,1,127,battery,0.2541782911183582,0.0,0.2541782911183582,0.48450562733095087
382,pltd_kup128,1,128,diesel,0.021799229277291207,0.2234,-0.20160077072270877,0.043062426110257415
383,plts_kup128,1,128,solar,0.6567518090035888,0.0,0.6567518090035888,0.9333038088940483
384,batt_kup128,1,128,battery,0.21873550355110488,0.0,0.21873550355110488,0.4223253901672575
385,pltd_kup129,1,129,diesel,0.018972906396600507,0.1944,-0.17542709360339948,0.03747945623379421
386,plts_kup129,1,129,solar,0.5716003050711912,0.0,0.5716003050711912,0.812296068451378
387,batt_kup129,1,129,battery,0.19037568942533312,0.0,0.19037568942533312,0.36756846753628275
388,pltd_kup130,1,130,diesel,0.01728457139336181,0.1559,-0.1386154286066382,0.03213985072172521
389,plts_kup130,1,130,solar,0.4762373101669065,0.0,0.4762373101669065,0.648834092409354
390,batt_kup130,1,130,battery,0.15329466698101069,0.0,0.15329466698101069,0.2922048045974061
391,pltd_kup131,1,131,diesel,0.020017267251159987,0.1805,-0.16048273274884,0.03722066918558519
392,plts_kup131,1,131,solar,0.5515316819161524,0.0,0.5515316819161524,0.7514169020217828
393,batt_kup131,1,131,battery,0.17753092906665405,0.0,0.17753092906665405,0.33840359695267064
394,pltd_kup132,1,132,diesel,0.01632807745483253,0.1473,-0.13097192254516746,0.030361468190508844
395,plts_kup132,1,132,solar,0.4498836267789221,0.0,0.4498836267789221,0.6129294626347628
396,batt_kup132,1,132,battery,0.14481184083016962,0.0,0.14481184083016962,0.27603493223652503
397,pltd_kup133,1,133,diesel,0.011562627610766478,0.1226,-0.11103737238923353,0.021666942596748975
398,plts_kup133,1,133,solar,0.3501637064671889,0.0,0.3501637064671889,0.514646417332878
399,batt_kup133,1,133,battery,0.12143546090578837,0.0,0.12143546090578837,0.23361559514959307
400,pltd_kup134,1,134,diesel,0.018702139679165532,0.1916,-0.17289786032083446,0.03694460474097453
401,plts_kup134,1,134,solar,0.563447660381361,0.0,0.563447660381361,0.8007101542286481
402,batt_kup134,1,134,battery,0.1876604111051329,0.0,0.1876604111051329,0.3623258531766311
403,pltd_kup135,1,135,diesel,0.02775273938001477,0.2844,-0.2566472606199852,0.05482283305015004
404,plts_kup135,1,135,solar,0.8361119221986832,0.0,0.8361119221986832,1.1881922758570207
405,batt_kup135,1,135,battery,0.27847461716174143,0.0,0.27847461716174143,0.5376642322206038
406,pltd_kup136,1,136,diesel,0.013530624321018862,0.1386,-0.12506937567898113,0.026728474297989788
407,plts_kup136,1,136,solar,0.4076385968923247,0.0,0.4076385968923247,0.5792920582059363
408,batt_kup136,1,136,battery,0.1357676814604659,0.0,0.1357676814604659,0.26213320377185756
409,pltd_kup137,1,137,diesel,0.006176048015216259,0.0613,-0.055123951984783745,0.013572053973361121
410,plts_kup137,1,137,solar,0.1753083958289937,0.0,0.1753083958289937,0.2542492185605362
411,batt_kup137,1,137,battery,0.06108332823874548,0.0,0.06108332823874548,0.11495880865684528
412,pltd_kup138,1,138,diesel,0.006137978926734257,0.0591,-0.052962021073265746,0.012960234627478641
413,plts_kup138,1,138,solar,0.17265550479090314,0.0,0.17265550479090314,0.2455106868742653
414,batt_kup138,1,138,battery,0.05808613457763129,0.0,0.05808613457763129,0.11130371948634356
415,pltd_kup139,1,139,diesel,0.02138648479383088,0.2061,-0.18471351520616913,0.04515643256717129
416,plts_kup139,1,139,solar,0.6015982210610487,0.0,0.6015982210610487,0.855453065216278
417,batt_kup139,1,139,battery,0.202394215463383,0.0,0.202394215463383,0.38782536520165717
418,pltd_kup140,1,140,diesel,0.004123774194316208,0.0397,-0.035576225805683794,0.008706941908072311
419,plts_kup140,1,140,solar,0.11600425445880465,0.0,0.11600425445880465,0.1649536109542937
420,batt_kup140,1,140,battery,0.03902678391903978,0.0,0.03902678391903978,0.07478289981591227
421,pltd_kup141,1,141,diesel,0.009206834997326838,0.0887,-0.07949316500267316,0.019439374169082063
422,plts_kup141,1,141,solar,0.25898416306923355,0.0,0.25898416306923355,0.36826714059212956
423,batt_kup141,1,141,battery,0.08712965052837833,0.0,0.08712965052837833,0.1669566865099326
424,pltd_kup142,1,142,diesel,0.011221864985566996,0.1217,-0.110478135014433,0.025720112188678167
425,plts_kup142,1,142,solar,0.34821223372541177,0.0,0.34821223372541177,0.5063549424966771
426,batt_kup142,1,142,battery,0.1226906652791921,0.0,0.1226906652791921,0.23077579713228222
427,pltd_kup143,1,143,diesel,0.01335547253211224,0.1577,-0.14434452746788776,0.03229580478655388
428,plts_kup143,1,143,solar,0.4469589934106329,0.0,0.4469589934106329,0.6575760789502249
429,batt_kup143,1,143,battery,0.1574663942424504,0.0,0.1574663942424504,0.30020585372289327
430,pltd_kup144,1,144,diesel,0.010016655739823476,0.1183,-0.10828334426017652,0.02422196852517669
431,plts_kup144,1,144,solar,0.33521874999082635,0.0,0.33521874999082635,0.49318158698359904
432,batt_kup144,1,144,battery,0.11809979027431244,0.0,0.11809979027431244,0.22515418135204726
433,pltd_kup145,1,145,diesel,0.010199126090185511,0.1205,-0.11030087390981448,0.02466330436231058
434,plts_kup145,1,145,solar,0.34132975571636764,0.0,0.34132975571636764,0.5021721468716739
435,batt_kup145,1,145,battery,0.12025261193591497,0.0,0.12025261193591497,0.22925861575837808
436,pltd_kup146,1,146,diesel,0.008973151435427484,0.106,-0.09702684856457251,0.02169843265301674
437,plts_kup146,1,146,solar,0.3003007546524256,0.0,0.3003007546524256,0.4418090895118469
438,batt_kup146,1,146,battery,0.10579771762905979,0.0,0.10579771762905979,0.2017011614543658
439,pltd_kup147,1,147,diesel,0.004861607078261659,0.0462,-0.04133839292173834,0.010135176423371898
440,plts_kup147,1,147,solar,0.13311204336772958,0.0,0.13311204336772958,0.19179268362677246
441,batt_kup147,1,147,battery,0.04574526319981634,0.0,0.04574526319981634,0.08694258301666012
442,pltd_kup148,1,148,diesel,0.004571518914102213,0.0441,-0.039528481085897786,0.009652697424167496
443,plts_kup148,1,148,solar,0.12859222564186074,0.0,0.12859222564186074,0.18285447267339988
444,batt_kup148,1,148,battery,0.04326215861480717,0.0,0.04326215861480717,0.08289813719792319
445,pltd_kup149,1,149,diesel,0.009171882998319206,0.0872,-0.07802811700168079,0.019120812365148294
446,plts_kup149,1,149,solar,0.2511385650496312,0.0,0.2511385650496312,0.3618498446096299
447,batt_kup149,1,149,battery,0.08630635466585924,0.0,0.08630635466585924,0.1640326959789148
448,pltd_kup150,1,150,diesel,0.01763099617214626,0.1676,-0.14996900382785375,0.036755669674179856
449,plts_kup150,1,150,solar,0.48275360645431425,0.0,0.48275360645431425,0.6955698286887518
450,batt_kup150,1,150,battery,0.16590305611830888,0.0,0.16590305611830888,0.3153130412394969
451,pltd_kup151,1,151,diesel,0.01038954371661199,0.1001,-0.089710456283388,0.021937195935625025
452,plts_kup151,1,151,solar,0.29225558140928054,0.0,0.29225558140928054,0.41557805757461314
453,batt_kup151,1,151,battery,0.09832280142187678,0.0,0.09832280142187678,0.18840480552802857
454,pltd_kup152,1,152,diesel,0.015077049328106894,0.1497,-0.13462295067189312,0.03313794840444094
455,plts_kup152,1,152,solar,0.428195201839316,0.0,0.428195201839316,0.6209384558052398
456,batt_kup152,1,152,battery,0.14913042524977288,0.0,0.14913042524977288,0.2807572023247679
457,pltd_kup153,1,153,diesel,0.006297854073057773,0.0625,-0.056202145926942226,0.013842057132096583
458,plts_kup153,1,153,solar,0.17885241246387792,0.0,0.17885241246387792,0.25936250157309854
459,batt_kup153,1,153,battery,0.06229342243189938,0.0,0.06229342243189938,0.11727075863982511
460,pltd_kup154,1,154,diesel,0.01072763724050518,0.102,-0.09127236275949481,0.022364390375048476
461,plts_kup154,1,154,solar,0.29373391426677464,0.0,0.29373391426677464,0.4232229460282807
462,batt_kup154,1,154,battery,0.10094478343094423,0.0,0.10094478343094423,0.19185377748504373
463,pltd_kup155,1,155,diesel,0.011506076802182925,0.1248,-0.11329392319781707,0.026371906043095177
464,plts_kup155,1,155,solar,0.3570276384677545,0.0,0.3570276384677545,0.519173064660863
465,batt_kup155,1,155,battery,0.125796038399144,0.0,0.125796038399144,0.2366173816775307
466,pltd_kup156,1,156,diesel,0.007358083931711188,0.0798,-0.07244191606828881,0.016864927950613284
467,plts_kup156,1,156,solar,0.22832141808628684,0.0,0.22832141808628684,0.3320144303178885
468,batt_kup156,1,156,battery,0.08044751643555331,0.0,0.08044751643555331,0.15131826731924747
469,pltd_kup157,1,157,diesel,0.01675590576432769,0.1593,-0.1425440942356723,0.034931436501956487
470,plts_kup157,1,157,solar,0.4587933337000349,0.0,0.4587933337000349,0.6610465824852022
471,batt_kup157,1,157,battery,0.1576685556204245,0.0,0.1576685556204245,0.29966307906069495
472,pltd_kup158,1,158,diesel,0.007670777151320899,0.0832,-0.07552922284867909,0.017581117687727636
473,plts_kup158,1,158,solar,0.23801861051760692,0.0,0.23801861051760692,0.34611564201935824
474,batt_kup158,1,158,battery,0.08386445402725284,0.0,0.08386445402725284,0.15774512242095118
475,pltd_kup159,1,159,diesel,0.008464667667704763,0.0721,-0.06363533233229524,0.017543028225592193
476,plts_kup159,1,159,solar,0.20700163009780176,0.0,0.20700163009780176,0.29718226727443187
477,batt_kup159,1,159,battery,0.07169916513234716,0.0,0.07169916513234716,0.13407633051590231
478,pltd_kup160,1,160,diesel,0.015112118828924059,0.1756,-0.16048788117107596,0.03347703420496523
479,plts_kup160,1,160,solar,0.49548138759215354,0.0,0.49548138759215354,0.7348096805551079
480,batt_kup160,1,160,battery,0.176012134096593,0.0,0.176012134096593,0.33567346337232573
481,pltd_kup161,1,161,diesel,0.015227723565779517,0.1651,-0.1498722764342205,0.03490183045502413
482,plts_kup161,1,161,solar,0.47251109336322017,0.0,0.47251109336322017,0.6871037113261059
483,batt_kup161,1,161,battery,0.16648617640710447,0.0,0.16648617640710447,0.3131531971578546
484,pltd_kup162,1,162,diesel,0.01073910758497829,0.1165,-0.10576089241502172,0.024613959485557783
485,plts_kup162,1,162,solar,0.3332250392350124,0.0,0.3332250392350124,0.4845610265983036
486,batt_kup162,1,162,battery,0.11740971329946219,0.0,0.11740971329946219,0.22084265198702208
487,pltd_kup163,1,163,diesel,0.008373240008394239,0.0989,-0.09052675999160577,0.020248407932891743
488,plts_kup163,1,163,solar,0.2802221001560114,0.0,0.2802221001560114,0.41226926954063386
489,batt_kup163,1,163,battery,0.09872363441534475,0.0,0.09872363441534475,0.18821450790786537
490,pltd_kup164,1,164,diesel,0.008125306153601625,0.0881,-0.07997469384639837,0.01862259981228073
491,plts_kup164,1,164,solar,0.25212288639598324,0.0,0.25212288639598324,0.3666260270136784
492,batt_kup164,1,164,battery,0.08883425982335087,0.0,0.08883425982335087,0.16709332522316536
493,pltd_kup165,1,165,diesel,0.0084516349783897,0.0998,-0.0913483650216103,0.02043743927893319
494,plts_kup165,1,165,solar,0.2828407986271588,0.0,0.2828407986271588,0.4161220124189425
495,batt_kup165,1,165,battery,0.09964668686654034,0.0,0.09964668686654034,0.1899736008342268
496,pltd_kup166,1,166,diesel,0.008949006831607898,0.097,-0.0880509931683921,0.02051108079417835
497,plts_kup166,1,166,solar,0.2776884429698179,0.0,0.2776884429698179,0.40380114343259577
498,batt_kup166,1,166,battery,0.09784139596741889,0.0,0.09784139596741889,0.1840358893967389
499,pltd_kup167,1,167,diesel,0.00536952523464392,0.0582,-0.05283047476535608,0.012306886493116967
500,plts_kup167,1,167,solar,0.1666129677390048,0.0,0.1666129677390048,0.2422803736056089
501,batt_kup167,1,167,battery,0.05870458715169112,0.0,0.05870458715169112,0.11042117375224686
502,pltd_kup168,1,168,diesel,0.00905138558016017,0.1069,-0.09784861441983983,0.021888087981408566
503,plts_kup168,1,168,solar,0.30291917930748824,0.0,0.30291917930748824,0.44566191745729344
504,batt_kup168,1,168,battery,0.10672062881171157,0.0,0.10672062881171157,0.2034598875219315
505,pltd_kup169,1,169,diesel,0.03678203874209044,0.3466,-0.30981796125790956,0.07306427764142247
506,plts_kup169,1,169,solar,1.0140769706178276,0.0,1.0140769706178276,1.4412349358687842
507,batt_kup169,1,169,battery,0.3375268661859558,0.0,0.3375268661859558,0.6511909156189576
508,pltd_kup170,1,170,diesel,0.027136752388408885,0.2557,-0.2285632476115911,0.05390432779572778
509,plts_kup170,1,170,solar,0.7481647253473339,0.0,0.7481647253473339,1.0633125699909713
510,batt_kup170,1,170,battery,0.2490199437219737,0.0,0.2490199437219737,0.4804351290605097
511,pltd_kup171,1,171,diesel,0.023932622726939332,0.2255,-0.20156737727306068,0.0475398556901568
512,plts_kup171,1,171,solar,0.6598272200664296,0.0,0.6598272200664296,0.9377648534372084
513,batt_kup171,1,171,battery,0.21961770110735548,0.0,0.21961770110735548,0.42370910606402995
514,pltd_kup172,1,172,diesel,0.010200902012928713,0.0961,-0.0858990979870713,0.02026289305057293
515,plts_kup172,1,172,solar,0.2812373089519081,0.0,0.2812373089519081,0.39970262856949607
516,batt_kup172,1,172,battery,0.09360763404955101,0.0,0.09360763404955101,0.18059726826985073
517,pltd_kup173,1,173,diesel,0.019387959480518947,0.1827,-0.16331204051948106,0.03851181321321612
518,plts_kup173,1,173,solar,0.534531696405531,0.0,0.534531696405531,0.7596924083660747
519,batt_kup173,1,173,battery,0.17791459200503176,0.0,0.17791459200503176,0.3432510884358021
520,pltd_kup174,1,174,diesel,0.01823949300867715,0.1811,-0.16286050699132287,0.04008997826457779
521,plts_kup174,1,174,solar,0.5180801806905382,0.0,0.5180801806905382,0.751261805010931
522,batt_kup174,1,174,battery,0.18041553166417676,0.0,0.18041553166417676,0.339682930790378
523,pltd_kup175,1,175,diesel,0.015987877129910982,0.1506,-0.13461212287008903,0.03175820578078344
524,plts_kup175,1,175,solar,0.4407859195845257,0.0,0.4407859195845257,0.6264574571866477
525,batt_kup175,1,175,battery,0.14671204359904266,0.0,0.14671204359904266,0.28305146434674944
526,pltd_kup176,1,176,diesel,0.010298780578584542,0.097,-0.08670121942141545,0.020457404885721737
527,plts_kup176,1,176,solar,0.28394164363207763,0.0,0.28394164363207763,0.4035459489047715
528,batt_kup176,1,176,battery,0.09450789023153316,0.0,0.09450789023153316,0.18233388459828337
529,pltd_kup177,1,177,diesel,0.03383924755403445,0.3189,-0.28506075244596557,0.06721817383632482
530,plts_kup177,1,177,solar,0.9329522098287263,0.0,0.9329522098287263,1.3259376595026768
531,batt_kup177,1,177,battery,0.31052492222645606,0.0,0.31052492222645606,0.5990965892523781
532,pltd_kup178,1,178,diesel,0.012881798231663853,0.1214,-0.10851820176833614,0.02558845926201634
533,plts_kup178,1,178,solar,0.35515323500457313,0.0,0.35515323500457313,0.5047532870708378
534,batt_kup178,1,178,battery,0.11820930953777051,0.0,0.11820930953777051,0.22806196733171855
535,pltd_kup179,1,179,diesel,0.012825054404464938,0.1041,-0.09127494559553506,0.027254464441680185
536,plts_kup179,1,179,solar,0.310214963982147,0.0,0.310214963982147,0.42688579205155913
537,batt_kup179,1,179,battery,0.09934529711223486,0.0,0.09934529711223486,0.19111569555283237
538,pltd_kup180,1,180,diesel,0.013809981854591473,0.1331,-0.11929001814540852,0.029158615451626353
539,plts_kup180,1,180,solar,0.38847634658305347,0.0,0.38847634658305347,0.5524009438460415
540,batt_kup180,1,180,battery,0.13069452630950662,0.0,0.13069452630950662,0.25043498824605154
541,pltd_kup181,1,181,diesel,0.013011035509631041,0.1254,-0.11238896449036898,0.027472752910956962
542,plts_kup181,1,181,solar,0.36599325592601617,0.0,0.36599325592601617,0.5204310647445975
543,batt_kup181,1,181,battery,0.12313045065350993,0.0,0.12313045065350993,0.23594051695772794
544,pltd_kup182,1,182,diesel,0.02724406790791597,0.2212,-0.19395593209208403,0.0578963089295698
545,plts_kup182,1,182,solar,0.6589776979968097,0.0,0.6589776979968097,0.906816271564764
546,batt_kup182,1,182,battery,0.2110341642905566,0.0,0.2110341642905566,0.4059786419496014
547,pltd_kup183,1,183,diesel,0.016527397270414183,0.1593,-0.1427726027295858,0.03489699881538722
548,plts_kup183,1,183,solar,0.46491142583055806,0.0,0.46491142583055806,0.6610893797390108
549,batt_kup183,1,183,battery,0.15640910422681173,0.0,0.15640910422681173,0.2997091437597437
550,pltd_kup184,1,184,diesel,0.009547023469545743,0.09,-0.08045297653045426,0.018964170933366876
551,plts_kup184,1,184,solar,0.2632100311522703,0.0,0.2632100311522703,0.374081323489602
552,batt_kup184,1,184,battery,0.08760676740814138,0.0,0.08760676740814138,0.16902046656003658
553,pltd_kup185,1,185,diesel,0.02066314715757448,0.1947,-0.17403685284242554,0.04104543736768779
554,plts_kup185,1,185,solar,0.5696864127853162,0.0,0.5696864127853162,0.8096541466943323
555,batt_kup185,1,185,battery,0.18961507365784155,0.0,0.18961507365784155,0.3658247581843998
556,pltd_kup186,1,186,diesel,0.013735694148217492,0.1115,-0.09776430585178252,0.029189729115195708
557,plts_kup186,1,186,solar,0.3322424504154685,0.0,0.3322424504154685,0.45719749124205
558,batt_kup186,1,186,battery,0.10639885926029818,0.0,0.10639885926029818,0.20468589278913485
559,pltd_kup187,1,187,diesel,0.0084615584908381,0.0687,-0.0602384415091619,0.01798153407034684
560,plts_kup187,1,187,solar,0.2046686417875411,0.0,0.2046686417875411,0.281643980373322
561,batt_kup187,1,187,battery,0.06554432503798512,0.0,0.06554432503798512,0.12609118334731773
562,pltd_kup188,1,188,diesel,0.10794366483496864,1.0721,-0.9641563351650314,0.23726023799906035
563,plts_kup188,1,188,solar,3.0662281494382095,0.0,3.0662281494382095,4.446250696736348
564,batt_kup188,1,188,battery,1.0677334128143356,0.0,1.0677334128143356,2.0103712175529043
565,pltd_kup189,1,189,diesel,0.09950697646814033,0.9883,-0.8887930235318596,0.21871600531920604
566,plts_kup189,1,189,solar,2.82656545743937,0.0,2.82656545743937,4.098726882029151
567,batt_kup189,1,189,battery,0.9842815351244785,0.0,0.9842815351244785,1.8532384288914063
568,pltd_kup190,1,190,diesel,0.31700948384683175,3.1485,-2.8314905161531683,0.6967853836058693
569,plts_kup190,1,190,solar,9.004818708398947,0.0,9.004818708398947,13.057663553308364
570,batt_kup190,1,190,battery,3.135720019153973,0.0,3.135720019153973,5.904019871154787
571,pltd_kup191,1,191,diesel,0.05927416753426946,0.5887,-0.5294258324657305,0.13028643089940925
572,plts_kup191,1,191,solar,1.683797863372163,0.0,1.683797863372163,2.4416075386938423
573,batt_kup191,1,191,battery,0.5863198738345518,0.0,0.5863198738345518,1.1039722330778092
574,pltd_kup192,1,192,diesel,0.01827409150762178,0.1815,-0.16322590849237822,0.04016307051942941
575,plts_kup192,1,192,solar,0.5189289095117297,0.0,0.5189289095117297,0.752534160503855
576,batt_kup192,1,192,battery,0.1807497722111513,0.0,0.1807497722111513,0.3402584814005223
577,pltd_kup193,1,193,diesel,0.014109731243778834,0.1402,-0.12609026875622115,0.031016026464009968
578,plts_kup193,1,193,solar,0.4009326531685982,0.0,0.4009326531685982,0.5813398780058905
579,batt_kup193,1,193,battery,0.13957623336522615,0.0,0.13957623336522615,0.2628526132769071
580,pltd_kup194,1,194,diesel,0.010547030082315785,0.1047,-0.09415296991768421,0.023181948161110414
581,plts_kup194,1,194,solar,0.2995668953561524,0.0,0.2995668953561524,0.4344019672590539
582,batt_kup194,1,194,battery,0.10432408921284457,0.0,0.10432408921284457,0.19641458551845353
583,pltd_kup195,1,195,diesel,0.03167302246112104,0.3145,-0.282826977538879,0.06961462775813737
584,plts_kup195,1,195,solar,0.8995723544297813,0.0,0.8995723544297813,1.3044838552198004
585,batt_kup195,1,195,battery,0.313288690439658,0.0,0.313288690439658,0.5898223872561317
586,pltd_kup196,1,196,diesel,0.006199310555492233,0.0616,-0.05540068944450777,0.013629298036211785
587,plts_kup196,1,196,solar,0.1762603481785643,0.0,0.1762603481785643,0.25553893956901974
588,batt_kup196,1,196,battery,0.061331000647028816,0.0,0.061331000647028816,0.1155417147008827
589,pltd_kup197,1,197,diesel,0.010207106699161559,0.0829,-0.07269289330083845,0.021691040034628458
590,plts_kup197,1,197,solar,0.24688747551208898,0.0,0.24688747551208898,0.3397407134585864
591,batt_kup197,1,197,battery,0.07906406451751355,0.0,0.07906406451751355,0.15210066162558702
592,pltd_kup198,1,198,diesel,0.020534614819904158,0.2039,-0.18336538518009585,0.04513482707419708
593,plts_kup198,1,198,solar,0.5832832054090054,0.0,0.5832832054090054,0.8458088762586848
594,batt_kup198,1,198,battery,0.20311926139641362,0.0,0.20311926139641362,0.3824323027732101
595,pltd_kup199,1,199,diesel,0.03477390790085061,0.3453,-0.3105260920991494,0.07643130978089041
596,plts_kup199,1,199,solar,0.987691059626996,0.0,0.987691059626996,1.4322505847590143
597,batt_kup199,1,199,battery,0.3439630989074595,0.0,0.3439630989074595,0.6475918615272761
598,pltd_kup200,1,200,diesel,0.04237533388131494,0.4208,-0.3784246661186851,0.09313768544863987
599,plts_kup200,1,200,solar,1.2035434650720236,0.0,1.2035434650720236,1.7452746217635122
600,batt_kup200,1,200,battery,0.419148841890714,0.0,0.419148841890714,0.7891256678279975
601,pltd_kup201,1,201,diesel,0.019449365260709582,0.1932,-0.17375063473929042,0.042748736223865845
602,plts_kup201,1,201,solar,0.5524422320577118,0.0,0.5524422320577118,0.8010910458915237
603,batt_kup201,1,201,battery,0.19238270025892723,0.0,0.19238270025892723,0.3622130068455645
604,pltd_kup202,1,202,diesel,0.007102412566785538,0.0705,-0.06339758743321446,0.015611513423955649
605,plts_kup202,1,202,solar,0.20177956225131757,0.0,0.20177956225131757,0.2925855051750813
606,batt_kup202,1,202,battery,0.07025622292322038,0.0,0.07025622292322038,0.13229242596501323
607,pltd_kup203,1,203,diesel,0.04470126159549722,0.4439,-0.3991987384045028,0.09825033613569427
608,plts_kup203,1,203,solar,1.2696296266172447,0.0,1.2696296266172447,1.8410992381891835
609,batt_kup203,1,203,battery,0.44215702677158725,0.0,0.44215702677158725,0.8324528011041188
610,pltd_kup204,1,204,diesel,0.03579765605732421,0.3555,-0.31970234394267577,0.07868149575331762
611,plts_kup204,1,204,solar,1.0167657592945107,0.0,1.0167657592945107,1.4744135006403323
612,batt_kup204,1,204,battery,0.35408947693091186,0.0,0.35408947693091186,0.6666556989101539
613,pltd_kup205,1,205,diesel,0.0425267641440931,0.4224,-0.3798732358559069,0.09347329055117204
614,plts_kup205,1,205,solar,1.2079820879030665,0.0,1.2079820879030665,1.7516684283153932
615,batt_kup205,1,205,battery,0.4206553919544638,0.0,0.4206553919544638,0.7920164001997216
616,pltd_kup206,1,206,diesel,0.030246462751860013,0.3004,-0.27015353724814,0.06647868219611251
617,plts_kup206,1,206,solar,0.8590398145170993,0.0,0.8590398145170993,1.2457113090396994
618,batt_kup206,1,206,battery,0.29917660947413977,0.0,0.29917660947413977,0.5632481969726925
619,pltd_kup207,1,207,diesel,0.03700121845283666,0.3675,-0.33049878154716333,0.0813315726461693
620,plts_kup207,1,207,solar,1.051185157282082,0.0,1.051185157282082,1.5242517739494748
621,batt_kup207,1,207,battery,0.36600919500777035,0.0,0.36600919500777035,0.6891899738318353
622,pltd_kup208,1,208,diesel,0.05143022248269902,0.5108,-0.459369777517301,0.11304247279046685
623,plts_kup208,1,208,solar,1.4608459552221154,0.0,1.4608459552221154,2.1183543353277785
624,batt_kup208,1,208,battery,0.5087219417981261,0.0,0.5087219417981261,0.9578135544420455
625,pltd_kup209,1,209,diesel,0.014639558999177602,0.1454,-0.1307604410008224,0.03217896873844168
626,plts_kup209,1,209,solar,0.41588863276368704,0.0,0.41588863276368704,0.6030555272021444
627,batt_kup209,1,209,battery,0.14481042127698365,0.0,0.14481042127698365,0.2726711816739735
628,pltd_kup210,1,210,diesel,0.03167302246112098,0.3145,-0.28282697753887903,0.06961462775813726
629,plts_kup210,1,210,solar,0.8995723544297818,0.0,0.8995723544297818,1.3044838552198015
630,batt_kup210,1,210,battery,0.3132886904396577,0.0,0.3132886904396577,0.5898223872561316
631,pltd_kup211,1,211,diesel,0.01071341452083298,0.1097,-0.09898658547916703,0.01902483950945822
632,plts_kup211,1,211,solar,0.32589416749770517,0.0,0.32589416749770517,0.4607220515143644
633,batt_kup211,1,211,battery,0.10789230743837679,0.0,0.10789230743837679,0.20912270758897694
634,pltd_kup212,1,212,diesel,0.021668423627814713,0.2218,-0.2001315763721853,0.03848235398957685
635,plts_kup212,1,212,solar,0.659106057991417,0.0,0.659106057991417,0.9317897432168515
636,batt_kup212,1,212,battery,0.2182063602193484,0.0,0.2182063602193484,0.4229393040465127
637,pltd_kup213,1,213,diesel,0.01403941640339667,0.1266,-0.11256058359660331,0.026105622072614475
638,plts_kup213,1,213,solar,0.38682476085095213,0.0,0.38682476085095213,0.5270168877447683
639,batt_kup213,1,213,battery,0.12451410857052271,0.0,0.12451410857052271,0.2373439768910133
640,pltd_kup214,1,214,diesel,0.00941921194915207,0.0964,-0.08698078805084793,0.01672558532062948
641,plts_kup214,1,214,solar,0.2865308710382166,0.0,0.2865308710382166,0.4050737457844327
642,batt_kup214,1,214,battery,0.09486011710701163,0.0,0.09486011710701163,0.1838643983143319
643,pltd_kup215,1,215,diesel,0.01155626504129786,0.1183,-0.10674373495870214,0.02052260704633828
644,plts_kup215,1,215,solar,0.3515245223954698,0.0,0.3515245223954698,0.4969562204058581
645,batt_kup215,1,215,battery,0.11637717822327405,0.0,0.11637717822327405,0.2255689603580966
646,pltd_kup216,1,216,diesel,0.010352742364269772,0.106,-0.09564725763573023,0.018386916831343088
647,plts_kup216,1,216,solar,0.31490551690476765,0.0,0.31490551690476765,0.44518763529720695
648,batt_kup216,1,216,battery,0.104254090608341,0.0,0.104254090608341,0.20207052405265113
649,pltd_kup217,1,217,diesel,0.01572749973758462,0.1562,-0.1404725002624154,0.03456821723928993
650,plts_kup217,1,217,solar,0.4467066674501788,0.0,0.4467066674501788,0.6477709526641042
651,batt_kup217,1,217,battery,0.1555668895415449,0.0,0.1555668895415449,0.2928895972867459
652,pltd_kup218,1,218,diesel,0.006290237488578955,0.0644,-0.05810976251142105,0.011173325796210753
653,plts_kup218,1,218,solar,0.1913216042760755,0.0,0.1913216042760755,0.27047472179090604
654,batt_kup218,1,218,battery,0.06333956386850881,0.0,0.06333956386850881,0.12276733802058179
655,pltd_kup219,1,219,diesel,0.008185683549106084,0.0838,-0.07561431645089392,0.014536008830730937
656,plts_kup219,1,219,solar,0.24899717439255686,0.0,0.24899717439255686,0.352011684472843
657,batt_kup219,1,219,battery,0.08243469856574559,0.0,0.08243469856574559,0.1597786030916122
658,pltd_kup220,1,220,diesel,0.01546880002720582,0.1583,-0.14283119997279417,0.02747190679011219
659,plts_kup220,1,220,solar,0.470528685235809,0.0,0.470528685235809,0.665194516839863
660,batt_kup220,1,220,battery,0.15577486901992182,0.0,0.15577486901992182,0.3019318499507289
661,pltd_kup221,1,221,diesel,0.016120633076812323,0.1045,-0.08837936692318768,0.025835890622505325
662,plts_kup221,1,221,solar,0.48050304232550795,0.0,0.48050304232550795,0.6881359977367638
663,batt_kup221,1,221,battery,0.16648446468109582,0.0,0.16648446468109582,0.29562870324938295
664,pltd_kup222,1,222,diesel,0.01493895275504892,0.0968,-0.08186104724495108,0.023941873726025163
665,plts_kup222,1,222,solar,0.44528493113283135,0.0,0.44528493113283135,0.637699127467889
666,batt_kup222,1,222,battery,0.15428190966997182,0.0,0.15428190966997182,0.27396085820538907
667,pltd_kup223,1,223,diesel,0.04481689368342556,0.4042,-0.35938310631657444,0.0833351388244994
668,plts_kup223,1,223,solar,1.2348278195200209,0.0,1.2348278195200209,1.6823513655645217
669,batt_kup223,1,223,battery,0.39747496107937585,0.0,0.39747496107937585,0.7576527628310831
670,pltd_kup224,1,224,diesel,0.0795223210682529,0.7172,-0.6376776789317471,0.14786809966859646
671,plts_kup224,1,224,solar,2.191068138852523,0.0,2.191068138852523,2.985149450650475
672,batt_kup224,1,224,battery,0.7052760100609076,0.0,0.7052760100609076,1.344372870618825
673,pltd_kup225,1,225,diesel,0.045608922844245,0.3703,-0.324691077155755,0.09692290490387265
674,plts_kup225,1,225,solar,1.1031917094978834,0.0,1.1031917094978834,1.5180983442660678
675,batt_kup225,1,225,battery,0.3532922256855028,0.0,0.3532922256855028,0.6796481401855006
676,pltd_kup226,1,226,diesel,0.022613282557044572,0.2039,-0.18128671744295544,0.042048408776511614
677,plts_kup226,1,226,solar,0.6230617349769177,0.0,0.6230617349769177,0.8488697392523251
678,batt_kup226,1,226,battery,0.20055518276216214,0.0,0.20055518276216214,0.382291482399857
679,pltd_kup227,1,227,diesel,0.014005124444805186,0.1263,-0.11229487555519481,0.0260415958306211
680,plts_kup227,1,227,solar,0.3858850387848866,0.0,0.3858850387848866,0.5257359594453915
681,batt_kup227,1,227,battery,0.12421105145074798,0.0,0.12421105145074798,0.23676712144949583
682,pltd_kup228,1,228,diesel,0.04133249863752668,0.3728,-0.3314675013624733,0.07685558262655749
683,plts_kup228,1,228,solar,1.1388291807320914,0.0,1.1388291807320914,1.5515602313052388
684,batt_kup228,1,228,battery,0.3665738895938316,0.0,0.3665738895938316,0.6987508592504467
685,pltd_kup229,1,229,diesel,0.04386371456642635,0.3561,-0.3122362854335737,0.0932147733705465
686,plts_kup229,1,229,solar,1.0609721694547605,0.0,1.0609721694547605,1.4599997799272897
687,batt_kup229,1,229,battery,0.33977113715726504,0.0,0.33977113715726504,0.6536371502756736
688,pltd_kup230,1,230,diesel,0.04976965686513693,0.4489,-0.39913034313486306,0.09254359943029739
689,plts_kup230,1,230,solar,1.3713010789088582,0.0,1.3713010789088582,1.8682840342925304
690,batt_kup230,1,230,battery,0.44140356774535155,0.0,0.44140356774535155,0.8413887615298548
691,pltd_kup231,1,231,diesel,0.038209793716605066,0.3102,-0.27199020628339493,0.0811996301495461
692,plts_kup231,1,231,solar,0.9242208008391266,0.0,0.9242208008391266,1.2718169270126642
693,batt_kup231,1,231,battery,0.2959772284648676,0.0,0.2959772284648676,0.5693886625660799
694,pltd_kup232,1,232,diesel,0.03393732665058566,0.3198,-0.2858626733494143,0.06741346819510949
695,plts_kup232,1,232,solar,0.9356560584884518,0.0,0.9356560584884518,1.3297806755212522
696,batt_kup232,1,232,battery,0.31142492603686456,0.0,0.31142492603686456,0.600833075159902
697,pltd_kup233,1,233,diesel,0.026940468531609762,0.2187,-0.19175953146839025,0.05725143527247761
698,plts_kup233,1,233,solar,0.6516351731275721,0.0,0.6516351731275721,0.8967121293801632
699,batt_kup233,1,233,battery,0.20868262904993687,0.0,0.20868262904993687,0.4014550053974512
700,pltd_kup234,1,234,diesel,0.08283217753747298,0.6725,-0.589667822462527,0.1760262433159917
701,plts_kup234,1,234,solar,2.0035497682355374,0.0,2.0035497682355374,2.757077006612223
702,batt_kup234,1,234,battery,0.641626943777549,0.0,0.641626943777549,1.2343349619877146
703,pltd_kup235,1,235,diesel,0.02967241284219976,0.2409,-0.21122758715780024,0.06305662527760222
704,plts_kup235,1,235,solar,0.7177170358686666,0.0,0.7177170358686666,0.9876473389819619
705,batt_kup235,1,235,battery,0.22984502068569956,0.0,0.22984502068569956,0.4421666572548782
706,pltd_kup236,1,236,diesel,0.022442485516159075,0.2024,-0.17995751448384092,0.04173026257050792
707,plts_kup236,1,236,solar,0.6183569369623418,0.0,0.6183569369623418,0.8424598779655788
708,batt_kup236,1,236,battery,0.19904072959995545,0.0,0.19904072959995545,0.3794049677653358
709,pltd_kup237,1,237,diesel,0.012066419202787509,0.098,-0.0859335807972125,0.02564277544985694
710,plts_kup237,1,237,solar,0.2918586077211838,0.0,0.2918586077211838,0.401625415093886
711,batt_kup237,1,237,battery,0.09346593722297179,0.0,0.09346593722297179,0.1798061972542928
712,pltd_kup238,1,238,diesel,0.04580737077046975,0.4131,-0.36729262922953027,0.08517691294948747
713,plts_kup238,1,238,solar,1.2621227830033326,0.0,1.2621227830033326,1.7195381207048501
714,batt_kup238,1,238,battery,0.4062606419282968,0.0,0.4062606419282968,0.7744000756641979
715,pltd_kup239,1,239,diesel,0.009523251805753382,0.0946,-0.08507674819424663,0.020931858757449805
716,plts_kup239,1,239,solar,0.27049219567405935,0.0,0.27049219567405935,0.39223981385779016
717,batt_kup239,1,239,battery,0.09419743835976518,0.0,0.09419743835976518,0.17735095642282178
718,pltd_kup240,1,240,diesel,0.024587776772543146,0.1996,-0.17501222322745685,0.05225117263975544
719,plts_kup240,1,240,solar,0.5947324377756388,0.0,0.5947324377756388,0.8184089834084658
720,batt_kup240,1,240,battery,0.1904603864639158,0.0,0.1904603864639158,0.36639948492360297
721,pltd_kup241,1,241,diesel,0.01151154031281792,0.1038,-0.09228845968718208,0.021405226121450266
722,plts_kup241,1,241,solar,0.3171772235476333,0.0,0.3171772235476333,0.43212860893183025
723,batt_kup241,1,241,battery,0.1020955415227453,0.0,0.1020955415227453,0.19461072793699247
724,pltd_kup242,1,242,diesel,0.02750953046499191,0.2234,-0.19589046953500808,0.05846035202927326
725,plts_kup242,1,242,solar,0.665402120000067,0.0,0.665402120000067,0.9156577490402747
726,batt_kup242,1,242,battery,0.21309199066909953,0.0,0.21309199066909953,0.40993723546432065
727,pltd_kup243,1,243,diesel,0.018685015211803914,0.1685,-0.1498149847881961,0.03474426518845253
728,plts_kup243,1,243,solar,0.5148252977578103,0.0,0.5148252977578103,0.7014070595101385
729,batt_kup243,1,243,battery,0.16571540783244906,0.0,0.16571540783244906,0.31588091425719766
730,pltd_kup244,1,244,diesel,0.06938501936557698,0.6892,-0.6198149806344231,0.1525109462011365
731,plts_kup244,1,244,solar,1.971046720701143,0.0,1.971046720701143,2.858125701780018
732,batt_kup244,1,244,battery,0.6863344728133279,0.0,0.6863344728133279,1.2923007255161933
733,pltd_kup245,1,245,diesel,0.046715516724466555,0.464,-0.41728448327553347,0.10267929555252481
734,plts_kup245,1,245,solar,1.326918827766663,0.0,1.326918827766663,1.9241508961701852
735,batt_kup245,1,245,battery,0.46208626870350816,0.0,0.46208626870350816,0.8700044131387842
736,pltd_kup246,1,246,diesel,0.0731375954502539,0.7264,-0.6532624045497462,0.160759837121918
737,plts_kup246,1,246,solar,2.077665422155942,0.0,2.077665422155942,3.0127228710096157
738,batt_kup246,1,246,battery,0.7234550115040393,0.0,0.7234550115040393,1.362201698037571
739,pltd_kup247,1,247,diesel,0.08889713289999752,0.8829,-0.7940028671000025,0.19539739108077755
740,plts_kup247,1,247,solar,2.5252437573967352,0.0,2.5252437573967352,3.6617699199094935
741,batt_kup247,1,247,battery,0.8793364156872677,0.0,0.8793364156872677,1.6556685242788132
742,pltd_kup248,1,248,diesel,0.04495011894486262,0.4464,-0.4014498810551374,0.09879663353568599
743,plts_kup248,1,248,solar,1.276671782662167,0.0,1.276671782662167,1.8513199433008807
744,batt_kup248,1,248,battery,0.4446174540255328,0.0,0.4446174540255328,0.8370740432258195
745,pltd_kup249,1,249,diesel,0.06365258261465685,0.6322,-0.5685474173853431,0.13990697913810998
746,plts_kup249,1,249,solar,1.8079875469304618,0.0,1.8079875469304618,2.621748782825311
747,batt_kup249,1,249,battery,0.6296184179196721,0.0,0.6296184179196721,1.1854230718285674
748,pltd_kup250,1,250,diesel,0.06805844748715331,0.6759,-0.6078415525128467,0.14958929070720012
749,plts_kup250,1,250,solar,1.9330947753393906,0.0,1.9330947753393906,2.8031756616288566
750,batt_kup250,1,250,battery,0.6731949946891285,0.0,0.6731949946891285,1.2674554310629993
751,pltd_kup251,1,251,diesel,0.06520008111856435,0.6476,-0.5823999188814356,0.14331038400662593
752,plts_kup251,1,251,solar,1.8520755728460963,0.0,1.8520755728460963,2.6856383157132977
753,batt_kup251,1,251,battery,0.6449334419424051,0.0,0.6449334419424051,1.2143108264712017
754,pltd_kup252,1,252,diesel,0.12953533589022004,1.2865,-1.15696466410978,0.2847169867203296
755,plts_kup252,1,252,solar,3.6794462528661964,0.0,3.6794462528661964,5.335495674196306
756,batt_kup252,1,252,battery,1.281302505720226,0.0,1.281302505720226,2.412443274022991
757,pltd_kup253,1,253,diesel,0.008158228595995317,0.081,-0.07284177140400469,0.017931041924801397
758,plts_kup253,1,253,solar,0.23172592943470738,0.0,0.23172592943470738,0.33602404377605904
759,batt_kup253,1,253,battery,0.08069705532487262,0.0,0.08069705532487262,0.15193317778784243
760,pltd_kup254,1,254,diesel,0.009690313359889267,0.0992,-0.08950968664011073,0.017207816676661592
761,plts_kup254,1,254,solar,0.29476941905710635,0.0,0.29476941905710635,0.4167203241545516
762,batt_kup254,1,254,battery,0.0975882937431926,0.0,0.0975882937431926,0.18915008136443123
763,pltd_kup255,1,255,diesel,0.012809594502945474,0.1155,-0.10269040549705453,0.023818872008648635
764,plts_kup255,1,255,solar,0.352942639585789,0.0,0.352942639585789,0.48085515720427985
765,batt_kup255,1,255,battery,0.11360736776441929,0.0,0.11360736776441929,0.21655477982970778
766,pltd_kup256,1,256,diesel,0.014893201985102692,0.1343,-0.11940679801489731,0.0276929769908344
767,plts_kup256,1,256,solar,0.4103551381054705,0.0,0.4103551381054705,0.5590749067817768
768,batt_kup256,1,256,battery,0.132087644070907,0.0,0.132087644070907,0.25178156931748485
769,pltd_kup257,1,257,diesel,0.008813137518935069,0.0795,-0.07068686248106493,0.016387451935859873
770,plts_kup257,1,257,solar,0.2428244211908776,0.0,0.2428244211908776,0.3308281956881819
771,batt_kup257,1,257,battery,0.07816228222911972,0.0,0.07816228222911972,0.14898970977872855
772,pltd_kup258,1,258,diesel,0.005670334524176796,0.0511,-0.0454296654758232,0.010543564521047603
773,plts_kup258,1,258,solar,0.15623580103636037,0.0,0.15623580103636037,0.21285880311411273
774,batt_kup258,1,258,battery,0.05029033340495488,0.0,0.05029033340495488,0.09586173701445522
775,pltd_kup259,1,259,diesel,0.0049872690074182924,0.045,-0.04001273099258171,0.00927345802501681
776,plts_kup259,1,259,solar,0.1374124028527078,0.0,0.1374124028527078,0.18721318893777592
777,batt_kup259,1,259,battery,0.044231367580860166,0.0,0.044231367580860166,0.0843121858289638
778,pltd_kup260,1,260,diesel,0.006410057204267176,0.0656,-0.05918994279573283,0.011383226907557288
779,plts_kup260,1,260,solar,0.19498642581940792,0.0,0.19498642581940792,0.27565563216227046
780,batt_kup260,1,260,battery,0.06455294904732473,0.0,0.06455294904732473,0.12512050409550476
781,pltd_kup261,1,261,diesel,0.0044241860129923625,0.0453,-0.04087581398700764,0.00785778141937353
782,plts_kup261,1,261,solar,0.13456662332521688,0.0,0.13456662332521688,0.19023932168519944
783,batt_kup261,1,261,battery,0.044549741248929624,0.0,0.044549741248929624,0.08634930009749592
784,pltd_kup262,1,262,diesel,0.015747309707390824,0.142,-0.12625269029260916,0.029281458786793814
785,plts_kup262,1,262,solar,0.4338841133200124,0.0,0.4338841133200124,0.5911311807558818
786,batt_kup262,1,262,battery,0.1396614618454041,0.0,0.1396614618454041,0.2662180180008976
787,pltd_kup263,1,263,diesel,0.006885549490723817,0.0684,-0.06151445050927619,0.015135001474126324
788,plts_kup263,1,263,solar,0.1956090737181318,0.0,0.1956090737181318,0.28364108108559677
789,batt_kup263,1,263,battery,0.06811025005063989,0.0,0.06811025005063989,0.12824813258170675
790,pltd_kup264,1,264,diesel,0.09280763140246488,0.9218,-0.8289923685975351,0.20399063568601467
791,plts_kup264,1,264,solar,2.6362437350366044,0.0,2.6362437350366044,3.8227523626399904
792,batt_kup264,1,264,battery,0.9180114697886006,0.0,0.9180114697886006,1.728456639994749
793,pltd_kup265,1,265,diesel,0.03514594197087948,0.349,-0.3138540580291205,0.07724879545030691
794,plts_kup265,1,265,solar,0.9982657630195281,0.0,0.9982657630195281,1.447583590852247
795,batt_kup265,1,265,battery,0.3476444677053413,0.0,0.3476444677053413,0.6545249156217258
796,pltd_kup266,1,266,diesel,0.10943176275134434,1.0869,-0.9774682372486556,0.24053199138525042
797,plts_kup266,1,266,solar,3.1085269629952417,0.0,3.1085269629952417,4.507579050341839
798,batt_kup266,1,266,battery,1.0824556769265776,0.0,1.0824556769265776,2.038100726613863
799,pltd_kup267,1,267,diesel,0.08893300174751918,0.8832,-0.7942669982524808,0.19547244039016612
800,plts_kup267,1,267,solar,2.526081016941016,0.0,2.526081016941016,3.6630397338598253
801,batt_kup267,1,267,battery,0.8796789282771587,0.0,0.8796789282771587,1.6562426140055655
802,pltd_kup268,1,268,diesel,0.12919273364715153,1.2831,-1.1539072663528485,0.2839650945868999
803,plts_kup268,1,268,solar,3.6697661556284897,0.0,3.6697661556284897,5.321443597701699
804,batt_kup268,1,268,battery,1.2779177138103883,0.0,1.2779177138103883,2.406089685066171
805,pltd_kup269,1,269,diesel,0.03430820083253645,0.3407,-0.30639179916746356,0.07540800716617738
806,plts_kup269,1,269,solar,0.9744784150437621,0.0,0.9744784150437621,1.4130866915636788
807,batt_kup269,1,269,battery,0.33935748643492974,0.0,0.33935748643492974,0.6389268990557653
808,pltd_kup270,1,270,diesel,0.0541590570883163,0.5379,-0.48374094291168374,0.119040984833542
809,plts_kup270,1,270,solar,1.5383899570166495,0.0,1.5383899570166495,2.2307893728861843
810,batt_kup270,1,270,battery,0.5357164962842447,0.0,0.5357164962842447,1.0086509309634957
811,pltd_kup271,1,271,diesel,0.0032194856278775176,0.033,-0.029780514372122483,0.005714280634186808
812,plts_kup271,1,271,solar,0.09795475844410993,0.0,0.09795475844410993,0.13848003012066532
813,batt_kup271,1,271,battery,0.032430262832077374,0.0,0.032430262832077374,0.06285777090978364
814,pltd_kup272,1,272,diesel,0.009930936511184336,0.1017,-0.09176906348881567,0.017634695347719064
815,plts_kup272,1,272,solar,0.30209323503001795,0.0,0.30209323503001795,0.42707431413577673
816,batt_kup272,1,272,battery,0.10001311878467131,0.0,0.10001311878467131,0.19385024565781783
817,pltd_kup273,1,273,diesel,0.012609719263267039,0.1291,-0.11649028073673295,0.022394245464713167
818,plts_kup273,1,273,solar,0.38356383917151843,0.0,0.38356383917151843,0.5422504443489577
819,batt_kup273,1,273,battery,0.12698446076546982,0.0,0.12698446076546982,0.24612756689680154
820,pltd_kup274,1,274,diesel,0.007072748613897885,0.0724,-0.06532725138610213,0.012563384308544097
821,plts_kup274,1,274,solar,0.2151224657769043,0.0,0.2151224657769043,0.3041222994722535
822,batt_kup274,1,274,battery,0.07121871665216715,0.0,0.07121871665216715,0.1380397054450766
823,pltd_kup275,1,275,diesel,0.00418335066247227,0.0428,-0.03861664933752773,0.007430527395715532
824,plts_kup275,1,275,solar,0.12724296216682796,0.0,0.12724296216682796,0.17988559767212536
825,batt_kup275,1,275,battery,0.04212499446043777,0.0,0.04212499446043777,0.0816495376268373
826,pltd_kup276,1,276,diesel,0.007945003538145135,0.0813,-0.07335499646185487,0.014109114692685297
827,plts_kup276,1,276,solar,0.24167338552145373,0.0,0.24167338552145373,0.3416576246203448
828,batt_kup276,1,276,battery,0.08000988722287201,0.0,0.08000988722287201,0.15507872261759037
829,pltd_kup277,1,277,diesel,0.008516773793319733,0.0872,-0.07868322620668027,0.0151256097892696
830,plts_kup277,1,277,solar,0.25906520010448014,0.0,0.25906520010448014,0.3662454477848131
831,batt_kup277,1,277,battery,0.08576758526579781,0.0,0.08576758526579781,0.16623907011058311
832,pltd_kup278,1,278,diesel,0.00770418970281803,0.0789,-0.07119581029718197,0.013681459474609343
833,plts_kup278,1,278,solar,0.23434959610679462,0.0,0.23434959610679462,0.3313043117972693
834,batt_kup278,1,278,battery,0.07758507560527404,0.0,0.07758507560527404,0.15037951895975513
835,pltd_kup279,1,279,diesel,0.01602978921277421,0.1039,-0.08787021078722579,0.025690077258565255
836,plts_kup279,1,279,solar,0.4777941067325899,0.0,0.4777941067325899,0.6842567846748825
837,batt_kup279,1,279,battery,0.16554573075669518,0.0,0.16554573075669518,0.29396240049668265
838,pltd_kup280,1,280,diesel,0.004591363496253338,0.0573,-0.05270863650374666,0.008809852759555327
839,plts_kup280,1,280,solar,0.1621982140758796,0.0,0.1621982140758796,0.24203293350330196
840,batt_kup280,1,280,battery,0.0588493317794626,0.0,0.0588493317794626,0.11030208973205798
841,pltd_kup281,1,281,diesel,0.004905397372227172,0.0502,-0.04529460262777283,0.008711351545730502
842,plts_kup281,1,281,solar,0.149214524966133,0.0,0.149214524966133,0.21094762227746472
843,batt_kup281,1,281,battery,0.04939952765077809,0.0,0.04939952765077809,0.09574935627713536
844,pltd_kup282,1,282,diesel,0.006368708814829744,0.0795,-0.07313129118517026,0.012220151511328657
845,plts_kup282,1,282,solar,0.22498520924196683,0.0,0.22498520924196683,0.3357232179804999
846,batt_kup282,1,282,battery,0.08162987531279317,0.0,0.08162987531279317,0.1529997604872961
847,pltd_kup283,1,283,diesel,0.014324855668162145,0.1466,-0.13227514433183787,0.02543849663698187
848,plts_kup283,1,283,solar,0.4357450570184639,0.0,0.4357450570184639,0.616020185412486
849,batt_kup283,1,283,battery,0.14426047341370424,0.0,0.14426047341370424,0.2796125666713185
850,pltd_kup284,1,284,diesel,0.006513498656260855,0.0647,-0.058186501343739136,0.014316880522324995
851,plts_kup284,1,284,solar,0.18503437031897463,0.0,0.18503437031897463,0.2683093847600632
852,batt_kup284,1,284,battery,0.06443006273265224,0.0,0.06443006273265224,0.12131602964201232
853,pltd_kup285,1,285,diesel,0.02090718518457142,0.1697,-0.14879281481542858,0.04442988130397057
854,plts_kup285,1,285,solar,0.5057054275282663,0.0,0.5057054275282663,0.6958994371006043
855,batt_kup285,1,285,battery,0.16194994214344,0.0,0.16194994214344,0.3115522062023435
856,pltd_kup286,1,286,diesel,0.02826851130195573,0.2295,-0.20123148869804428,0.0600729524498736
857,plts_kup286,1,286,solar,0.6837586310266731,0.0,0.6837586310266731,0.9409175565938601
858,batt_kup286,1,286,battery,0.21897042704036543,0.0,0.21897042704036543,0.42124610433379456
859,pltd_kup287,1,287,diesel,0.007285360547777894,0.0591,-0.0518146394522221,0.015481526533146758
860,plts_kup287,1,287,solar,0.1762171085545795,0.0,0.1762171085545795,0.24249204945744274
861,batt_kup287,1,287,battery,0.05643312192946625,0.0,0.05643312192946625,0.10856313849255902
862,pltd_kup288,1,288,diesel,0.008435243199530124,0.0798,-0.07136475680046987,0.015454367660010817
863,plts_kup288,1,288,solar,0.23353722465507773,0.0,0.23353722465507773,0.3333843955687308
864,batt_kup288,1,288,battery,0.07890753179465554,0.0,0.07890753179465554,0.15109457173704058
865,pltd_kup289,1,289,diesel,0.037716506458518,0.3062,-0.26848349354148204,0.08015140096099034
866,plts_kup289,1,289,solar,0.9122897942555112,0.0,0.9122897942555112,1.2553980708249095
867,batt_kup289,1,289,battery,0.2921561533930593,0.0,0.2921561533930593,0.5620377990992167
868,pltd_kup290,1,290,diesel,0.009979383358978095,0.081,-0.07102061664102191,0.02120735841575475
869,plts_kup290,1,290,solar,0.24138031687526024,0.0,0.24138031687526024,0.3321624022626048
870,batt_kup290,1,290,battery,0.07730053213677131,0.0,0.07730053213677131,0.14870779302861473
871,pltd_kup291,1,291,diesel,0.048456873344904575,0.2935,-0.24504312665509542,0.078168682653382
872,plts_kup291,1,291,solar,1.33515277922776,0.0,1.33515277922776,1.927444233069936
873,batt_kup291,1,291,battery,0.46329267733407664,0.0,0.46329267733407664,0.8277046721877623
874,pltd_kup292,1,292,diesel,0.01906078962315381,0.1719,-0.1528392103768462,0.03544238308377284
875,plts_kup292,1,292,solar,0.5251782433872545,0.0,0.5251782433872545,0.715512643545811
876,batt_kup292,1,292,battery,0.16904822826307817,0.0,0.16904822826307817,0.32223378784048634
877,pltd_kup293,1,293,diesel,0.030230995490210612,0.2726,-0.2423690045097894,0.05621332949670506
878,plts_kup293,1,293,solar,0.8329435121206067,0.0,0.8329435121206067,1.134817523980984
879,batt_kup293,1,293,battery,0.2681136559738157,0.0,0.2681136559738157,0.5110687996257802
880,pltd_kup294,1,294,diesel,0.02059791993474941,0.1858,-0.16520208006525058,0.03830066587810638
881,plts_kup294,1,294,solar,0.5675326645344061,0.0,0.5675326645344061,0.7732158616267719
882,batt_kup294,1,294,battery,0.18268106013418492,0.0,0.18268106013418492,0.3482206559188834
883,pltd_kup295,1,295,diesel,0.014346811553208709,0.1294,-0.11505318844679127,0.02667712006104202
884,plts_kup295,1,295,solar,0.3952958364313713,0.0,0.3952958364313713,0.5385579503530985
885,batt_kup295,1,295,battery,0.12724057290055948,0.0,0.12724057290055948,0.2425416290400815
886,pltd_kup296,1,296,diesel,0.02315993716328596,0.2089,-0.18574006283671404,0.04306508841274022
887,plts_kup296,1,296,solar,0.6381194786209965,0.0,0.6381194786209965,0.86938553002121
888,batt_kup296,1,296,battery,0.20540245635502263,0.0,0.20540245635502263,0.3915307899251763
889,pltd_kup297,1,297,diesel,0.005192180679362309,0.0468,-0.041607819320637694,0.009655155540096478
890,plts_kup297,1,297,solar,0.1430590151187979,0.0,0.1430590151187979,0.19490616748986422
891,batt_kup297,1,297,battery,0.04604894888203897,0.0,0.04604894888203897,0.08777645290741509
892,pltd_kup298,1,298,diesel,0.01267293121282125,0.1143,-0.10162706878717875,0.02356497501290987
893,plts_kup298,1,298,solar,0.34917756363737235,0.0,0.34917756363737235,0.47572626450697064
894,batt_kup298,1,298,battery,0.11239597172200383,0.0,0.11239597172200383,0.21424506282322506
895,pltd_kup299,1,299,diesel,0.029531796316267064,0.2933,-0.26376820368373294,0.06490941129705655
896,plts_kup299,1,299,solar,0.8387850138934877,0.0,0.8387850138934877,1.2163265826556517
897,batt_kup299,1,299,battery,0.29211050925237725,0.0,0.29211050925237725,0.549961843122296
898,pltd_kup300,1,300,diesel,0.019191878482106652,0.1808,-0.16160812151789333,0.03812277358371895
899,plts_kup300,1,300,solar,0.5291234248653749,0.0,0.5291234248653749,0.7520048306597246
900,batt_kup300,1,300,battery,0.17611428621366892,0.0,0.17611428621366892,0.339777632634623
901,pltd_kup301,1,301,diesel,0.014254800020017213,0.1343,-0.1200451999799828,0.028315481430569597
902,plts_kup301,1,301,solar,0.39301202054514145,0.0,0.39301202054514145,0.5585598382458499
903,batt_kup301,1,301,battery,0.13081090949857074,0.0,0.13081090949857074,0.252373585912413
904,pltd_kup302,1,302,diesel,0.01928378739450224,0.1833,-0.16401621260549776,0.04020102466390729
905,plts_kup302,1,302,solar,0.5280123532512571,0.0,0.5280123532512571,0.7607802947600975
906,batt_kup302,1,302,battery,0.18145667566594878,0.0,0.18145667566594878,0.3448741835644229
907,pltd_kup303,1,303,diesel,0.020482993985939786,0.1947,-0.17421700601406023,0.04270171614552392
908,plts_kup303,1,303,solar,0.5608460379318364,0.0,0.5608460379318364,0.8080875475565417
909,batt_kup303,1,303,battery,0.1927398270755872,0.0,0.1927398270755872,0.3663189303675523
910,pltd_kup304,1,304,diesel,0.018897649843784444,0.1781,-0.15920235015621556,0.03753785599699154
911,plts_kup304,1,304,solar,0.5210114369659219,0.0,0.5210114369659219,0.7404756640413546
912,batt_kup304,1,304,battery,0.17341404531042745,0.0,0.17341404531042745,0.33456831640288737
913,pltd_kup305,1,305,diesel,0.021422782138607648,0.2036,-0.18217721786139235,0.04466062618466455
914,plts_kup305,1,305,solar,0.586581865932984,0.0,0.586581865932984,0.845168627873025
915,batt_kup305,1,305,battery,0.20158409959148044,0.0,0.20158409959148044,0.3831286443454764
916,pltd_kup306,1,306,diesel,0.01618405620676078,0.1525,-0.13631594379323922,0.03214832753495334
917,plts_kup306,1,306,solar,0.44619425773421734,0.0,0.44619425773421734,0.6341434438335387
918,batt_kup306,1,306,battery,0.1485113839781407,0.0,0.1485113839781407,0.28652387559452486
919,pltd_kup307,1,307,diesel,0.028738845588673543,0.2708,-0.24206115441132645,0.057086054906087036
920,plts_kup307,1,307,solar,0.7923339860584719,0.0,0.7923339860584719,1.126086823095947
921,batt_kup307,1,307,battery,0.2637213288506181,0.0,0.2637213288506181,0.5087983916858889
922,pltd_kup308,1,308,diesel,0.019218947913995425,0.1827,-0.16348105208600458,0.040066218544156804
923,plts_kup308,1,308,solar,0.5262370357225865,0.0,0.5262370357225865,0.7582220854052494
924,batt_kup308,1,308,battery,0.18084602397902136,0.0,0.18084602397902136,0.34371441732938374
925,pltd_kup309,1,309,diesel,0.018439960391164953,0.1738,-0.15536003960883504,0.03662898016629923
926,plts_kup309,1,309,solar,0.508391127455194,0.0,0.508391127455194,0.7225402189435213
927,batt_kup309,1,309,battery,0.16921380773270714,0.0,0.16921380773270714,0.3264644755636697
928,pltd_tim310,1,310,diesel,0.013052162198257878,0.1257,-0.11264783780174213,0.028385682438907333
929,plts_tim310,1,310,solar,0.3589983766688548,0.0,0.3589983766688548,0.5205465292218451
930,batt_tim310,1,310,battery,0.12295322045539252,0.0,0.12295322045539252,0.23476796368904837
931,pltd_tim311,1,311,diesel,0.007293942470743926,0.0702,-0.06290605752925607,0.01586279322432163
932,plts_tim311,1,311,solar,0.2006171079822203,0.0,0.2006171079822203,0.290893784956662
933,batt_tim311,1,311,battery,0.0687087880186835,0.0,0.0687087880186835,0.13119367757304556
934,pltd_tim312,1,312,diesel,0.010905243520293895,0.1118,-0.1008947564797061,0.023249277748920723
935,plts_tim312,1,312,solar,0.3245934264554305,0.0,0.3245934264554305,0.4654979567601889
936,batt_tim312,1,312,battery,0.1078772873108814,0.0,0.1078772873108814,0.21085388691096862
937,pltd_tim313,1,313,diesel,0.01631293560861339,0.1673,-0.15098706439138662,0.03477817306682449
938,plts_tim313,1,313,solar,0.4855492789186658,0.0,0.4855492789186658,0.6963239833048265
939,batt_tim313,1,313,battery,0.1613702725593573,0.0,0.1613702725593573,0.31540958998692004
940,pltd_tim314,1,314,diesel,0.013340023220568735,0.1285,-0.11515997677943127,0.029011315138336696
941,plts_tim314,1,314,solar,0.3669175964785968,0.0,0.3669175964785968,0.5320294866045642
942,batt_tim314,1,314,battery,0.1256654746046275,0.0,0.1256654746046275,0.23994675360139742
943,pltd_tim315,1,315,diesel,0.016749994307077205,0.1664,-0.14965000569292278,0.03681652855081677
944,plts_tim315,1,315,solar,0.47579283642685477,0.0,0.47579283642685477,0.6899350003843862
945,batt_tim315,1,315,battery,0.1656831473541886,0.0,0.1656831473541886,0.3119538668409445
946,pltd_tim316,1,316,diesel,0.008051276922105709,0.0826,-0.0745487230778943,0.01716463586978766
947,plts_tim316,1,316,solar,0.23964501313895953,0.0,0.23964501313895953,0.34367400171155027
948,batt_tim316,1,316,battery,0.07964494513205046,0.0,0.07964494513205046,0.1556720299665002
949,pltd_tim317,1,317,diesel,0.01199628457267676,0.1155,-0.10350371542732324,0.026089428423080287
950,plts_tim317,1,317,solar,0.3299619915264284,0.0,0.3299619915264284,0.4784439051635364
951,batt_tim317,1,317,battery,0.11300868658224997,0.0,0.11300868658224997,0.2157794883039635
952,pltd_tim318,1,318,diesel,0.01036492352224596,0.0998,-0.08943507647775403,0.022540827064723754
953,plts_tim318,1,318,solar,0.28508725533971274,0.0,0.28508725533971274,0.4133762444566658
954,batt_tim318,1,318,battery,0.09763969115924913,0.0,0.09763969115924913,0.18643381840269416
955,pltd_tim319,1,319,diesel,0.021004179704541086,0.2086,-0.18759582029545893,0.04616301601714724
956,plts_tim319,1,319,solar,0.5964614419597729,0.0,0.5964614419597729,0.8649679619318171
957,batt_tim319,1,319,battery,0.2077534469392861,0.0,0.2077534469392861,0.3910954367839599
958,pltd_tim320,1,320,diesel,0.016826811196746824,0.162,-0.1451731888032532,0.03659385380539471
959,plts_tim320,1,320,solar,0.4628274895861598,0.0,0.4628274895861598,0.6710984190696676
960,batt_tim320,1,320,battery,0.15851353872384263,0.0,0.15851353872384263,0.3026676551724987
961,pltd_tim321,1,321,diesel,0.01153627410173981,0.1183,-0.10676372589826019,0.02459495024653179
962,plts_tim321,1,321,solar,0.34337082878065517,0.0,0.34337082878065517,0.4924270275767172
963,batt_tim321,1,321,battery,0.11411825169143741,0.0,0.11411825169143741,0.22305152931382485
964,pltd_tim322,1,322,diesel,0.010172440243598728,0.101,-0.09082755975640128,0.022360007456134506
965,plts_tim322,1,322,solar,0.2890151306120226,0.0,0.2890151306120226,0.4190745503803604
966,batt_tim322,1,322,battery,0.10062523674201526,0.0,0.10062523674201526,0.18948451285687032
967,pltd_tim323,1,323,diesel,0.01929530903844009,0.1916,-0.1723046909615599,0.042409503272493446
968,plts_tim323,1,323,solar,0.5480265478704907,0.0,0.5480265478704907,0.794700428343253
969,batt_tim323,1,323,battery,0.19085636406850817,0.0,0.19085636406850817,0.35932362744518037
970,pltd_tim324,1,324,diesel,0.01926700534471064,0.1913,-0.17203299465528937,0.0423455442123413
971,plts_tim324,1,324,solar,0.5471204723435474,0.0,0.5471204723435474,0.7934184775922531
972,batt_tim324,1,324,battery,0.19057063460188398,0.0,0.19057063460188398,0.35874427360951827
973,pltd_tim325,1,325,diesel,0.01544170196651979,0.1583,-0.1428582980334802,0.0329207735803437
974,plts_tim325,1,325,solar,0.45961663706523137,0.0,0.45961663706523137,0.6591344858627919
975,batt_tim325,1,325,battery,0.15275208624726672,0.0,0.15275208624726672,0.2985640806294962
976,pltd_tim326,1,326,diesel,0.010875333383818816,0.1115,-0.10062466661618119,0.023185334525685667
977,plts_tim326,1,326,solar,0.32369932687110586,0.0,0.32369932687110586,0.464215790528613
978,batt_tim326,1,326,battery,0.10758041628120553,0.0,0.10758041628120553,0.21027293013001147
979,pltd_tim327,1,327,diesel,0.014450323619167102,0.1482,-0.1337496763808329,0.030807043928328864
980,plts_tim327,1,327,solar,0.4301085070511192,0.0,0.4301085070511192,0.6168170739544192
981,batt_tim327,1,327,battery,0.14294488293996327,0.0,0.14294488293996327,0.27939580869128333
982,pltd_tim328,1,328,diesel,0.01958752239067764,0.2009,-0.18131247760932234,0.04175907957120558
983,plts_tim328,1,328,solar,0.5830166191247468,0.0,0.5830166191247468,0.8361017341873511
984,batt_tim328,1,328,battery,0.19376359567455537,0.0,0.19376359567455537,0.37872389802251344
985,pltd_tim329,1,329,diesel,0.024063837700562415,0.2468,-0.22273616229943757,0.05130298345132584
986,plts_tim329,1,329,solar,0.7162516749173161,0.0,0.7162516749173161,1.0271736313579913
987,batt_tim329,1,329,battery,0.23804367527263343,0.0,0.23804367527263343,0.4652724021849775
988,pltd_tim330,1,330,diesel,0.007690902965884814,0.0789,-0.07120909703411518,0.01639692328212503
989,plts_tim330,1,330,solar,0.22891390816524373,0.0,0.22891390816524373,0.32828417993706954
990,batt_tim330,1,330,battery,0.07607851258943177,0.0,0.07607851258943177,0.14870067103991155
991,pltd_tim331,1,331,diesel,0.020338585788244504,0.2086,-0.18826141421175552,0.043360803202742944
992,plts_tim331,1,331,solar,0.6053711083083975,0.0,0.6053711083083975,0.8681602890955046
993,batt_tim331,1,331,battery,0.20119239753575002,0.0,0.20119239753575002,0.3932451293961863
994,pltd_tim332,1,332,diesel,0.01187994023338373,0.118,-0.10612005976661626,0.02611211607833414
995,plts_tim332,1,332,solar,0.337461494107898,0.0,0.337461494107898,0.48934306601976546
996,batt_tim332,1,332,battery,0.11751147216245418,0.0,0.11751147216245418,0.22125625912005129
997,pltd_tim333,1,333,diesel,0.05798792964576025,0.5995,-0.5415120703542398,0.11105162826384546
998,plts_tim333,1,333,solar,1.7285225516154241,0.0,1.7285225516154241,2.5102154924130065
999,batt_tim333,1,333,battery,0.5875121800756441,0.0,0.5875121800756441,1.136693165538472
1000,pltd_tim334,1,334,diesel,0.017044887748438174,0.1762,-0.15915511225156181,0.032642015315990286
1001,plts_tim334,1,334,solar,0.5080752392889344,0.0,0.5080752392889344,0.7378435551511425
1002,batt_tim334,1,334,battery,0.17269110711073996,0.0,0.17269110711073996,0.33411523164282075
1003,pltd_tim335,1,335,diesel,0.03787469629994444,0.3762,-0.33832530370005554,0.08324765207683628
1004,plts_tim335,1,335,solar,1.0758097647986986,0.0,1.0758097647986986,1.560018230925575
1005,batt_tim335,1,335,battery,0.3746382950461183,0.0,0.3746382950461183,0.7053620006331645
1006,pltd_tim336,1,336,diesel,0.020441902905328206,0.1969,-0.17645809709467178,0.044455938973002096
1007,plts_tim336,1,336,solar,0.5622562671115733,0.0,0.5622562671115733,0.8152693906229845
1008,batt_tim336,1,336,battery,0.19256664339633592,0.0,0.19256664339633592,0.36768887309343506
1009,pltd_tim337,1,337,diesel,0.017610812494211897,0.1821,-0.16448918750578811,0.0337260394204242
1010,plts_tim337,1,337,solar,0.5249523553038998,0.0,0.5249523553038998,0.7623524052910114
1011,batt_tim337,1,337,battery,0.17842762391878358,0.0,0.17842762391878358,0.34521402631972814
1012,pltd_tim338,1,338,diesel,0.019483846681680846,0.1935,-0.17401615331831916,0.04282213927923363
1013,plts_tim338,1,338,solar,0.5532909608763543,0.0,0.5532909608763543,0.8023627258062882
1014,batt_tim338,1,338,battery,0.19271588031653572,0.0,0.19271588031653572,0.3627883072682222
1015,pltd_tim339,1,339,diesel,0.0242858304817897,0.2511,-0.2268141695182103,0.04650912781739086
1016,plts_tim339,1,339,solar,0.7239192341034221,0.0,0.7239192341034221,1.051298006999186
1017,batt_tim339,1,339,battery,0.2460543528487699,0.0,0.2460543528487699,0.4760559053559819
1018,pltd_tim340,1,340,diesel,0.02008433140964876,0.2076,-0.18751566859035124,0.038462547950154684
1019,plts_tim340,1,340,solar,0.5986766578367209,0.0,0.5986766578367209,0.8694173049337371
1020,batt_tim340,1,340,battery,0.20348623444087174,0.0,0.20348623444087174,0.3936956642894804
1021,pltd_tim341,1,341,diesel,0.028129651446509602,0.2908,-0.2626703485534904,0.05387004742808021
1022,plts_tim341,1,341,solar,0.8385026816781382,0.0,0.8385026816781382,1.2177003395346457
1023,batt_tim341,1,341,battery,0.28500061939321697,0.0,0.28500061939321697,0.5514077379372556
1024,pltd_tim342,1,342,diesel,0.01163108288456924,0.1155,-0.10386891711543077,0.025565863845429956
1025,plts_tim342,1,342,solar,0.33041933805799234,0.0,0.33041933805799234,0.4791227367703708
1026,batt_tim342,1,342,battery,0.11505137824603545,0.0,0.11505137824603545,0.21663507433086795
1027,pltd_tim343,1,343,diesel,0.015495332835776412,0.1602,-0.1447046671642236,0.02967483270849573
1028,plts_tim343,1,343,solar,0.4618867904358021,0.0,0.4618867904358021,0.6707667950682165
1029,batt_tim343,1,343,battery,0.15699166115091728,0.0,0.15699166115091728,0.3037411251248038
1030,pltd_tim344,1,344,diesel,0.02097798234624395,0.2169,-0.19592201765375605,0.04017455333235743
1031,plts_tim344,1,344,solar,0.6253241314363891,0.0,0.6253241314363891,0.9081152961124028
1032,batt_tim344,1,344,battery,0.21254268238026114,0.0,0.21254268238026114,0.41121902175118114
1033,pltd_tim345,1,345,diesel,0.015584780031000242,0.1611,-0.14551521996899974,0.02984617614764401
1034,plts_tim345,1,345,solar,0.4645510840498391,0.0,0.4645510840498391,0.6746358582708212
1035,batt_tim345,1,345,battery,0.157897369098377,0.0,0.157897369098377,0.30549318492675054
1036,pltd_tim346,1,346,diesel,0.021007923932798222,0.2172,-0.1961920760672018,0.04023143938522846
1037,plts_tim346,1,346,solar,0.6262120337936987,0.0,0.6262120337936987,0.9094052136067137
1038,batt_tim346,1,346,battery,0.2128451496416777,0.0,0.2128451496416777,0.4118033004447662
1039,pltd_tim347,1,347,diesel,0.028064253320273725,0.2976,-0.26953574667972624,0.05258853833378412
1040,plts_tim347,1,347,solar,0.8498942914018552,0.0,0.8498942914018552,1.2491166034545034
1041,batt_tim347,1,347,battery,0.29474087716387426,0.0,0.29474087716387426,0.5670163917031349
1042,pltd_tim348,1,348,diesel,0.011472382408104501,0.1186,-0.1071276175918955,0.021970518537565306
1043,plts_tim348,1,348,solar,0.34197356132803164,0.0,0.34197356132803164,0.4966251076923568
1044,batt_tim348,1,348,battery,0.11623435530675372,0.0,0.11623435530675372,0.22488531487615038
1045,pltd_tim349,1,349,diesel,0.034447151180593695,0.3561,-0.3216528488194063,0.06596903621838683
1046,plts_tim349,1,349,solar,1.026809737325849,0.0,1.026809737325849,1.4911658671903905
1047,batt_tim349,1,349,battery,0.3490051339673509,0.0,0.3490051339673509,0.6752399128651321
1048,pltd_tim350,1,350,diesel,0.006740240812104386,0.077,-0.0702597591878956,0.013557979604955297
1049,plts_tim350,1,350,solar,0.22283864349801732,0.0,0.22283864349801732,0.32329715000914255
1050,batt_tim350,1,350,battery,0.0744318803438459,0.0,0.0744318803438459,0.14660585249868768
1051,pltd_tim351,1,351,diesel,0.008765355957979094,0.0844,-0.07563464404202092,0.019062045250710778
1052,plts_tim351,1,351,solar,0.24109283933606815,0.0,0.24109283933606815,0.34958372950796873
1053,batt_tim351,1,351,battery,0.08257127202501349,0.0,0.08257127202501349,0.1576633033501446
1054,pltd_tim352,1,352,diesel,0.01634961135506533,0.1624,-0.14605038864493466,0.03593460053010865
1055,plts_tim352,1,352,solar,0.4643120575572979,0.0,0.4643120575572979,0.6733209036918147
1056,batt_tim352,1,352,battery,0.1617165033644088,0.0,0.1617165033644088,0.30444202709275514
1057,pltd_tim353,1,353,diesel,0.00652446836445475,0.0746,-0.06807553163554525,0.01312352196373145
1058,plts_tim353,1,353,solar,0.21570862401410484,0.0,0.21570862401410484,0.3129524151021896
1059,batt_tim353,1,353,battery,0.07205029022393904,0.0,0.07205029022393904,0.14191492406907635
1060,pltd_tim354,1,354,diesel,0.023825386832805395,0.2366,-0.21277461316719462,0.05236522012962173
1061,plts_tim354,1,354,solar,0.6766548542688239,0.0,0.6766548542688239,0.9812367387206242
1062,batt_tim354,1,354,battery,0.23566303350972287,0.0,0.23566303350972287,0.44366621501862785
1063,pltd_tim355,1,355,diesel,0.03045943789277197,0.3025,-0.27204056210722805,0.06695043444862736
1064,plts_tim355,1,355,solar,0.8652447110568676,0.0,0.8652447110568676,1.2546609033676444
1065,batt_tim355,1,355,battery,0.3012930697893349,0.0,0.3012930697893349,0.5672945011960059
1066,pltd_tim356,1,356,diesel,0.007069893846101715,0.0681,-0.06103010615389828,0.015375681014262302
1067,plts_tim356,1,356,solar,0.194457929224074,0.0,0.194457929224074,0.28196296069196425
1068,batt_tim356,1,356,battery,0.06659937017692953,0.0,0.06659937017692953,0.1271659130402165
1069,pltd_tim357,1,357,diesel,0.007691231139882774,0.0764,-0.06870876886011722,0.016906215909522296
1070,plts_tim357,1,357,solar,0.21852475416848885,0.0,0.21852475416848885,0.3168612541765072
1071,batt_tim357,1,357,battery,0.0760816559682159,0.0,0.0760816559682159,0.14326866755740758
1072,pltd_tim358,1,358,diesel,0.013563831607704269,0.1306,-0.11703616839229572,0.029498159294727697
1073,plts_tim358,1,358,solar,0.3730773076424687,0.0,0.3730773076424687,0.5409608880632267
1074,batt_tim358,1,358,battery,0.12777517341770153,0.0,0.12777517341770153,0.24397496456236076
1075,pltd_tim359,1,359,diesel,0.007522102304386492,0.086,-0.0784778976956135,0.015130384025794004
1076,plts_tim359,1,359,solar,0.24868905304304964,0.0,0.24868905304304964,0.36080012665729516
1077,batt_tim359,1,359,battery,0.08306617155989095,0.0,0.08306617155989095,0.16361234394266702
1078,pltd_tim360,1,360,diesel,0.013275733359612754,0.1279,-0.11462426664038726,0.02887134614035271
1079,plts_tim360,1,360,solar,0.3651584647584803,0.0,0.3651584647584803,0.5294790904299174
1080,batt_tim360,1,360,battery,0.12506311819068922,0.0,0.12506311819068922,0.2387970662050366
1081,pltd_tim361,1,361,diesel,0.020249948891234843,0.195,-0.17475005110876515,0.044038793467373154
1082,plts_tim361,1,361,solar,0.556976432299122,0.0,0.556976432299122,0.8076139116485386
1083,batt_tim361,1,361,battery,0.19075828665090916,0.0,0.19075828665090916,0.36423616252741825
1084,pltd_tim362,1,362,diesel,0.01941807369455005,0.187,-0.16758192630544994,0.04222970933611244
1085,plts_tim362,1,362,solar,0.5340992259082433,0.0,0.5340992259082433,0.7744418967634777
1086,batt_tim362,1,362,battery,0.18292317062289865,0.0,0.18292317062289865,0.3492755898949001
1087,pltd_tim363,1,363,diesel,0.02879137948174837,0.2773,-0.24850862051825162,0.06261423269328403
1088,plts_tim363,1,363,solar,0.7919097602425035,0.0,0.7919097602425035,1.148266203709525
1089,batt_tim363,1,363,battery,0.27121996532430565,0.0,0.27121996532430565,0.5178711117161349
1090,pltd_tim364,1,364,diesel,0.010755046716676611,0.1103,-0.09954495328332338,0.02292908577740017
1091,plts_tim364,1,364,solar,0.32012228432795603,0.0,0.32012228432795603,0.45908627064981655
1092,batt_tim364,1,364,battery,0.10639160157676955,0.0,0.10639160157676955,0.20794956349617372
1093,pltd_tim365,1,365,diesel,0.02292464148332318,0.2277,-0.20477535851667683,0.050387442976562245
1094,plts_tim365,1,365,solar,0.6511127019544718,0.0,0.6511127019544718,0.9441854876714935
1095,batt_tim365,1,365,battery,0.22675635505958597,0.0,0.22675635505958597,0.42691313588233887
1096,pltd_tim366,1,366,diesel,0.016059313317439722,0.1547,-0.13864068668256027,0.03492514277584256
1097,plts_tim366,1,366,solar,0.4417091708599851,0.0,0.4417091708599851,0.6404771696178954
1098,batt_tim366,1,366,battery,0.1512806503095399,0.0,0.1512806503095399,0.2888567574680296
1099,pltd_tim367,1,367,diesel,0.017050557525158702,0.1642,-0.1471494424748413,0.037081250850028565
1100,plts_tim367,1,367,solar,0.4689864242758847,0.0,0.4689864242758847,0.6800292541076705
1101,batt_tim367,1,367,battery,0.1606228277744164,0.0,0.1606228277744164,0.3066955401521024
1102,pltd_tim368,1,368,diesel,0.004894579475180425,0.0471,-0.04220542052481958,0.010645194501664663
1103,plts_tim368,1,368,solar,0.13462434175964336,0.0,0.13462434175964336,0.19520484365930493
1104,batt_tim368,1,368,battery,0.04610705613027241,0.0,0.04610705613027241,0.08803762321500984
1105,pltd_tim369,1,369,diesel,0.008592010622910009,0.0881,-0.07950798937708999,0.018317264544329845
1106,plts_tim369,1,369,solar,0.2557404939724265,0.0,0.2557404939724265,0.36675613054115386
1107,batt_tim369,1,369,battery,0.0849944900765369,0.0,0.0849944900765369,0.1661277253214019
1108,pltd_tim370,1,370,diesel,0.0074857469688819536,0.0721,-0.06461425303111805,0.016279988381351283
1109,plts_tim370,1,370,solar,0.20589641042254314,0.0,0.20589641042254314,0.29854871933444116
1110,batt_tim370,1,370,battery,0.07051686377118735,0.0,0.07051686377118735,0.13464617490629185
1111,pltd_tim371,1,371,diesel,0.017789760831695103,0.1839,-0.16611023916830492,0.034068858585138216
1112,plts_tim371,1,371,solar,0.5302821801850873,0.0,0.5302821801850873,0.7700923405772965
1113,batt_tim371,1,371,battery,0.18023868584432703,0.0,0.18023868584432703,0.34871828322939574
1114,pltd_tim372,1,372,diesel,0.017134207478108947,0.1771,-0.15996579252189105,0.03281315810980284
1115,plts_tim372,1,372,solar,0.5107398151112659,0.0,0.5107398151112659,0.7417130671556555
1116,batt_tim372,1,372,battery,0.17359696236551905,0.0,0.17359696236551905,0.3358676532398417
1117,pltd_tim373,1,373,diesel,0.023093822649974362,0.2388,-0.21570617735002565,0.04422647734109131
1118,plts_tim373,1,373,solar,0.6883896529571567,0.0,0.6883896529571567,0.9997010943928443
1119,batt_tim373,1,373,battery,0.23397862252187868,0.0,0.23397862252187868,0.45269163215840713
1120,pltd_tim374,1,374,diesel,0.026401394185928653,0.273,-0.24659860581407136,0.05056085116043928
1121,plts_tim374,1,374,solar,0.7869842779018235,0.0,0.7869842779018235,1.142883387137148
1122,batt_tim374,1,374,battery,0.26749004362880757,0.0,0.26749004362880757,0.5175283742382547
1123,pltd_tim375,1,375,diesel,0.009151179232808053,0.0909,-0.08174882076719195,0.02011366989301885
1124,plts_tim375,1,375,solar,0.25991749226866895,0.0,0.25991749226866895,0.3769082848229817
1125,batt_tim375,1,375,battery,0.09051758438039764,0.0,0.09051758438039764,0.1704188982723228
1126,pltd_tim376,1,376,diesel,0.010310465666998517,0.1066,-0.09628953433300148,0.019745485324295705
1127,plts_tim376,1,376,solar,0.30733179584420667,0.0,0.30733179584420667,0.4463176905721487
1128,batt_tim376,1,376,battery,0.1044600469889837,0.0,0.1044600469889837,0.20210451007634364
1129,pltd_tim377,1,377,diesel,0.012130111415576876,0.1205,-0.10836988858442312,0.026660506839278654
1130,plts_tim377,1,377,solar,0.34449218082301325,0.0,0.34449218082301325,0.49956117081241735
1131,batt_tim377,1,377,battery,0.11998089866139595,0.0,0.11998089866139595,0.22587646758076466
1132,pltd_tim378,1,378,diesel,0.017304336181841913,0.1774,-0.1600956638181581,0.03689202260646027
1133,plts_tim378,1,378,solar,0.5150566317559379,0.0,0.5150566317559379,0.7386408277544108
1134,batt_tim378,1,378,battery,0.17117707698980072,0.0,0.17117707698980072,0.33457740692360594
1135,pltd_tim379,1,379,diesel,0.016703506191435985,0.1713,-0.15459649380856402,0.03561109439838739
1136,plts_tim379,1,379,solar,0.4971725518363558,0.0,0.4971725518363558,0.712993464727047
1137,batt_tim379,1,379,battery,0.16523358476466382,0.0,0.16523358476466382,0.32296034658719297
1138,pltd_tim380,1,380,diesel,0.012197240825249516,0.1251,-0.11290275917475047,0.02600417477092526
1139,plts_tim380,1,380,solar,0.36304306353824617,0.0,0.36304306353824617,0.5206385656831131
1140,batt_tim380,1,380,battery,0.12065546322265672,0.0,0.12065546322265672,0.23583013462437918
1141,pltd_tim381,1,381,diesel,0.005407664514255217,0.0555,-0.050092335485744786,0.011528965664973185
1142,plts_tim381,1,381,solar,0.16095507527124317,0.0,0.16095507527124317,0.23082529557505554
1143,batt_tim381,1,381,battery,0.05349258637820797,0.0,0.05349258637820797,0.10455533116900816
1144,pltd_tim382,1,382,diesel,0.015321615211554606,0.1571,-0.14177838478844537,0.03266515614130341
1145,plts_tim382,1,382,solar,0.45603979448278337,0.0,0.45603979448278337,0.6540048429784558
1146,batt_tim382,1,382,battery,0.15156337415073126,0.0,0.15156337415073126,0.2962404980077173
1147,pltd_tim383,1,383,diesel,0.00922296189374949,0.0946,-0.08537703810625051,0.01966292297572736
1148,plts_tim383,1,383,solar,0.2745188290841393,0.0,0.2745188290841393,0.39368554175302545
1149,batt_tim383,1,383,battery,0.09123493322020994,0.0,0.09123493322020994,0.1783251546317095
1150,pltd_tim384,1,384,diesel,0.015591954976949355,0.1599,-0.14430804502305064,0.03324133060568438
1151,plts_tim384,1,384,solar,0.4640877791866811,0.0,0.4640877791866811,0.6655465085351798
1152,batt_tim384,1,384,battery,0.15423777198998423,0.0,0.15423777198998423,0.3014682476357353
1153,pltd_tim385,1,385,diesel,0.0036952488042870982,0.0379,-0.0342047511957129,0.00787796966461463
1154,plts_tim385,1,385,solar,0.10998622270675104,0.0,0.10998622270675104,0.1577308513337721
1155,batt_tim385,1,385,battery,0.03655328137075121,0.0,0.03655328137075121,0.07144632192076299
1156,pltd_tim386,1,386,diesel,0.004718622531850985,0.0468,-0.042081377468149016,0.010368542399889805
1157,plts_tim386,1,386,solar,0.1338927308941724,0.0,0.1338927308941724,0.1941982905647611
1158,batt_tim386,1,386,battery,0.04666544898295319,0.0,0.04666544898295319,0.08780681494323332
1159,pltd_tim387,1,387,diesel,0.021241495521702958,0.2046,-0.18335850447829705,0.046195389245338905
1160,plts_tim387,1,387,solar,0.5842535971347111,0.0,0.5842535971347111,0.8471655547161642
1161,batt_tim387,1,387,battery,0.20010041736821949,0.0,0.20010041736821949,0.3820741945917047
1162,pltd_tim388,1,388,diesel,0.006845895577518823,0.0659,-0.05905410442248118,0.014888153301960397
1163,plts_tim388,1,388,solar,0.18829855072185864,0.0,0.18829855072185864,0.2730320746173478
1164,batt_tim388,1,388,battery,0.06448984689489269,0.0,0.06448984689489269,0.12313828385514938
1165,pltd_tim389,1,389,diesel,0.0041759335667999765,0.0428,-0.03862406643320002,0.008902976092846791
1166,plts_tim389,1,389,solar,0.12429321575620111,0.0,0.12429321575620111,0.17824804410799455
1167,batt_tim389,1,389,battery,0.041307936132967564,0.0,0.041307936132967564,0.08073974199864542
1168,pltd_tim390,1,390,diesel,0.007136336222941149,0.0644,-0.05726366377705885,0.015879187183613783
1169,plts_tim390,1,390,solar,0.1857840411808784,0.0,0.1857840411808784,0.2652366198232875
1170,batt_tim390,1,390,battery,0.06455935131296617,0.0,0.06455935131296617,0.11983447063539564
1171,pltd_tim391,1,391,diesel,0.00904270664800545,0.0927,-0.08365729335199455,0.019278375482089237
1172,plts_tim391,1,391,solar,0.2691531874760426,0.0,0.2691531874760426,0.3859918400215303
1173,batt_tim391,1,391,battery,0.08945217120298272,0.0,0.08945217120298272,0.17484044372576363
1174,pltd_tim392,1,392,diesel,0.019823405854569546,0.1688,-0.14897659414543046,0.04108478116018012
1175,plts_tim392,1,392,solar,0.4847714584512919,0.0,0.4847714584512919,0.695964056711684
1176,batt_tim392,1,392,battery,0.16791114347746533,0.0,0.16791114347746533,0.31398991861187814
1177,pltd_tim393,1,393,diesel,0.01284466744998576,0.1275,-0.11465533255001424,0.028230057150927246
1178,plts_tim393,1,393,solar,0.3647469814576578,0.0,0.3647469814576578,0.5289456886268297
1179,batt_tim393,1,393,battery,0.12704699887391396,0.0,0.12704699887391396,0.23916296039260482
1180,pltd_tim394,1,394,diesel,0.0059686246200977506,0.0508,-0.04483137537990225,0.01237093600597793
1181,plts_tim394,1,394,solar,0.1459618508839494,0.0,0.1459618508839494,0.20955030749592624
1182,batt_tim394,1,394,battery,0.05055693356213938,0.0,0.05055693356213938,0.09454006146501567
1183,pltd_tim395,1,395,diesel,0.012371582202115802,0.1054,-0.09302841779788419,0.025640482317101695
1184,plts_tim395,1,395,solar,0.3025403270134659,0.0,0.3025403270134659,0.43434294945055163
1185,batt_tim395,1,395,battery,0.10479119290997578,0.0,0.10479119290997578,0.19595755209746102
1186,pltd_tim396,1,396,diesel,0.017942426035414,0.1528,-0.134857573964586,0.037186353132255885
1187,plts_tim396,1,396,solar,0.4387719221715613,0.0,0.4387719221715613,0.6299240398202456
1188,batt_tim396,1,396,battery,0.15197755289636689,0.0,0.15197755289636689,0.2841953888804074
1189,pltd_tim397,1,397,diesel,0.006576277090643435,0.0653,-0.05872372290935656,0.014454453037974697
1190,plts_tim397,1,397,solar,0.18678917468265363,0.0,0.18678917468265363,0.270862663571371
1191,batt_tim397,1,397,battery,0.06504924508366718,0.0,0.06504924508366718,0.12247040725358213
1192,pltd_tim398,1,398,diesel,0.00898935422747372,0.0866,-0.07761064577252627,0.019549822094702216
1193,plts_tim398,1,398,solar,0.2472522178579985,0.0,0.2472522178579985,0.3585142310342069
1194,batt_tim398,1,398,battery,0.08468079529410664,0.0,0.08468079529410664,0.161690940568032
1195,pltd_tim399,1,399,diesel,0.011708393859280724,0.1128,-0.10109160614071927,0.02546308335245273
1196,plts_tim399,1,399,solar,0.32204306006390065,0.0,0.32204306006390065,0.4669613923581783
1197,batt_tim399,1,399,battery,0.1102965846052184,0.0,0.1102965846052184,0.21060098262614704
1198,pltd_tim400,1,400,diesel,0.009926070037544957,0.0986,-0.08867392996245503,0.02181716603690729
1199,plts_tim400,1,400,solar,0.2819500359125011,0.0,0.2819500359125011,0.4088504152092838
1200,batt_tim400,1,400,battery,0.09818386846553731,0.0,0.09818386846553731,0.18486165368347934
1201,pltd_tim401,1,401,diesel,0.011068702665980376,0.1066,-0.09553129733401962,0.024071938543216945
1202,plts_tim401,1,401,solar,0.3044451560833917,0.0,0.3044451560833917,0.44144469639684353
1203,batt_tim401,1,401,battery,0.10426954434821027,0.0,0.10426954434821027,0.19909284168107222
1204,pltd_tim402,1,402,diesel,0.007069893846167551,0.0681,-0.06103010615383244,0.01537568101430192
1205,plts_tim402,1,402,solar,0.19445792922425784,0.0,0.19445792922425784,0.2819629606921954
1206,batt_tim402,1,402,battery,0.06659937017669972,0.0,0.06659937017669972,0.1271659130417212
1207,pltd_tim403,1,403,diesel,0.013403961532163755,0.1291,-0.11569603846783624,0.029150518060058438
1208,plts_tim403,1,403,solar,0.3686773934675764,0.0,0.3686773934675764,0.5345813828191106
1209,batt_tim403,1,403,battery,0.12626818211679647,0.0,0.12626818211679647,0.24109771990349912
1210,pltd_tim404,1,404,diesel,0.019034488227844763,0.2175,-0.19846551177215524,0.038287120189019704
1211,plts_tim404,1,404,solar,0.6292979024146449,0.0,0.6292979024146449,0.9129921394073789
1212,batt_tim404,1,404,battery,0.2101958580612511,0.0,0.2101958580612511,0.4140155659315421
1213,pltd_tim405,1,405,diesel,0.017551607560143297,0.2006,-0.1830483924398567,0.035304511198897395
1214,plts_tim405,1,405,solar,0.5802733109990486,0.0,0.5802733109990486,0.8418666921858469
1215,batt_tim405,1,405,battery,0.19382079709942548,0.0,0.19382079709942548,0.38176228460617234
1216,pltd_tim406,1,406,diesel,0.012471369703799664,0.1238,-0.11132863029620033,0.027410188938199565
1217,plts_tim406,1,406,solar,0.3541837473934786,0.0,0.3541837473934786,0.5136156671923314
1218,batt_tim406,1,406,battery,0.12335708514852199,0.0,0.12335708514852199,0.23223146431569885
1219,pltd_tim407,1,407,diesel,0.020534614819904158,0.2039,-0.18336538518009585,0.04513482707419708
1220,plts_tim407,1,407,solar,0.5832832054090054,0.0,0.5832832054090054,0.8458088762586848
1221,batt_tim407,1,407,battery,0.20311926139641362,0.0,0.20311926139641362,0.3824323027732101
1222,pltd_tim408,1,408,diesel,0.016470426390557298,0.1636,-0.1471295736094427,0.036202058073118534
1223,plts_tim408,1,408,solar,0.46786754358372257,0.0,0.46786754358372257,0.6784367543376256
1224,batt_tim408,1,408,battery,0.16291832541924406,0.0,0.16291832541924406,0.3067551040525073
1225,pltd_tim409,1,409,diesel,0.006142340292747425,0.0591,-0.05295765970725257,0.013358363208942254
1226,plts_tim409,1,409,solar,0.1689407611442555,0.0,0.1689407611442555,0.24496280636924722
1227,batt_tim409,1,409,battery,0.05786005239702164,0.0,0.05786005239702164,0.11047852398919543
1228,pltd_tim410,1,410,diesel,0.007664204470724103,0.0761,-0.0684357955292759,0.01684391759611186
1229,plts_tim410,1,410,solar,0.21760720938482678,0.0,0.21760720938482678,0.31557730927946015
1230,batt_tim410,1,410,battery,0.07580492568576758,0.0,0.07580492568576758,0.14268823079094
1231,pltd_tim411,1,411,diesel,0.016475001634784096,0.1587,-0.1422249983652159,0.03582881461922921
1232,plts_tim411,1,411,solar,0.4531484727742679,0.0,0.4531484727742679,0.6570637544870956
1233,batt_tim411,1,411,battery,0.15519857707235174,0.0,0.15519857707235174,0.2963378187804691
1234,pltd_tim412,1,412,diesel,0.012860585377683168,0.147,-0.13413941462231682,0.025868928158087928
1235,plts_tim412,1,412,solar,0.42517646431984424,0.0,0.42517646431984424,0.616851314927614
1236,batt_tim412,1,412,battery,0.14201600270400705,0.0,0.14201600270400705,0.279723855242816
1237,pltd_tim413,1,413,diesel,0.019897679657175198,0.1916,-0.1717023203428248,0.04327276059682721
1238,plts_tim413,1,413,solar,0.5472982361987917,0.0,0.5472982361987917,0.7935800993633925
1239,batt_tim413,1,413,battery,0.1874437581725932,0.0,0.1874437581725932,0.35790705551589286
1240,pltd_tim414,1,414,diesel,0.017305556629879985,0.1719,-0.15459444337012002,0.03803968172777698
1241,plts_tim414,1,414,solar,0.4916778302069694,0.0,0.4916778302069694,0.7129371968741566
1242,batt_tim414,1,414,battery,0.1711854600684384,0.0,0.1711854600684384,0.3223542013130746
1243,pltd_tim415,1,415,diesel,0.014547273432882452,0.1445,-0.12995272656711754,0.03197481798220367
1244,plts_tim415,1,415,solar,0.41323922225041065,0.0,0.41323922225041065,0.5992224656156228
1245,batt_tim415,1,415,battery,0.14389584350806664,0.0,0.14389584350806664,0.27093823226699704
1246,pltd_tim416,1,416,diesel,0.019605726331922885,0.1947,-0.17509427366807712,0.04309180474107878
1247,plts_tim416,1,416,solar,0.5568349775789155,0.0,0.5568349775789155,0.8074762912706661
1248,batt_tim416,1,416,battery,0.19392664112000507,0.0,0.19392664112000507,0.3651002042405858
1249,pltd_tim417,1,417,diesel,0.0034716645206942,0.0345,-0.031028335479305804,0.007632345579408971
1250,plts_tim417,1,417,solar,0.09870487529439329,0.0,0.09870487529439329,0.14310168812184942
1251,batt_tim417,1,417,battery,0.0343461135372619,0.0,0.0343461135372619,0.06470349824012762
1252,pltd_tim418,1,418,diesel,0.005703922434450451,0.0567,-0.05099607756554955,0.012540407003010427
1253,plts_tim418,1,418,solar,0.1621530975153405,0.0,0.1621530975153405,0.23509374103140024
1254,batt_tim418,1,418,battery,0.05642875073267516,0.0,0.05642875073267516,0.10629725608927937
1255,pltd_tim419,1,419,diesel,0.00756906395084996,0.0628,-0.05523093604915003,0.014417047310763324
1256,plts_tim419,1,419,solar,0.18350991087224047,0.0,0.18350991087224047,0.2601206643881295
1257,batt_tim419,1,419,battery,0.06313485684663633,0.0,0.06313485684663633,0.11777906285785017
1258,pltd_tim420,1,420,diesel,0.008021286840964025,0.0823,-0.07427871315903598,0.01710092943934278
1259,plts_tim420,1,420,solar,0.238750424985418,0.0,0.238750424985418,0.34239145147690764
1260,batt_tim420,1,420,battery,0.07934782336084545,0.0,0.07934782336084545,0.1550910162338669
1261,pltd_tim421,1,421,diesel,0.004489476629517222,0.0373,-0.03281052337048278,0.008550609179548892
1262,plts_tim421,1,421,solar,0.10884720187904051,0.0,0.10884720187904051,0.1542880196001665
1263,batt_tim421,1,421,battery,0.03744759427630483,0.0,0.03744759427630483,0.06985977119247679
1264,pltd_tim422,1,422,diesel,0.011626418482526303,0.1192,-0.1075735815174737,0.02478708564146094
1265,plts_tim422,1,422,solar,0.3460538160603613,0.0,0.3460538160603613,0.49627425833889854
1266,batt_tim422,1,422,battery,0.11500921813367343,0.0,0.11500921813367343,0.22479408442044171
1267,pltd_tim423,1,423,diesel,0.017093335489874573,0.1953,-0.17820666451012543,0.03438239302948295
1268,plts_tim423,1,423,solar,0.5651202611883447,0.0,0.5651202611883447,0.8198827126593967
1269,batt_tim423,1,423,battery,0.1887596176296837,0.0,0.1887596176296837,0.3717931510984228
1270,pltd_tim424,1,424,diesel,0.009058959858673915,0.1035,-0.09444104014132608,0.018221697272296958
1271,plts_tim424,1,424,solar,0.2994959753150647,0.0,0.2994959753150647,0.43451151808867244
1272,batt_tim424,1,424,battery,0.10003628846613032,0.0,0.10003628846613032,0.1970384125714837
1273,pltd_tim425,1,425,diesel,0.01577219986308526,0.1802,-0.16442780013691474,0.03172513259251419
1274,plts_tim425,1,425,solar,0.5214431684863573,0.0,0.5214431684863573,0.7565161508939932
1275,batt_tim425,1,425,battery,0.17417099089012386,0.0,0.17417099089012386,0.3430583135716185
1276,pltd_tim426,1,426,diesel,0.004367566918420907,0.0499,-0.045532433081579095,0.008785378014356431
1277,plts_tim426,1,426,solar,0.14439995100326775,0.0,0.14439995100326775,0.20949701755055494
1278,batt_tim426,1,426,battery,0.04823192689003369,0.0,0.04823192689003369,0.09500100885234854
1279,pltd_tim427,1,427,diesel,0.018252587058814638,0.2086,-0.19034741294118537,0.03671461506502027
1280,plts_tim427,1,427,solar,0.603447956910367,0.0,0.603447956910367,0.8754895536089705
1281,batt_tim427,1,427,battery,0.20156181107356272,0.0,0.20156181107356272,0.39700916483945586
1282,pltd_tim428,1,428,diesel,0.018980583106145324,0.2169,-0.19791941689385467,0.03817845858534599
1283,plts_tim428,1,428,solar,0.6275148754984271,0.0,0.6275148754984271,0.9104060571713996
1284,batt_tim428,1,428,battery,0.20960043577449536,0.0,0.20960043577449536,0.4128427559062673
1285,pltd_tim429,1,429,diesel,0.010892406040191033,0.1245,-0.11360759395980896,0.021909765646331816
1286,plts_tim429,1,429,solar,0.36010775262320516,0.0,0.36010775262320516,0.5224483508283082
1287,batt_tim429,1,429,battery,0.12028178427730299,0.0,0.12028178427730299,0.2369149931942418
1288,pltd_tim430,1,430,diesel,0.013804094968028468,0.1577,-0.14389590503197153,0.02776644679854696
1289,plts_tim430,1,430,solar,0.4563744146836085,0.0,0.4563744146836085,0.6621133057521739
1290,batt_tim430,1,430,battery,0.15243675030255302,0.0,0.15243675030255302,0.3002492141634661
1291,pltd_tim431,1,431,diesel,0.011701251580097816,0.1337,-0.1219987484199022,0.023536300365882112
1292,plts_tim431,1,431,solar,0.38684931684940854,0.0,0.38684931684940854,0.5612451044783998
1293,batt_tim431,1,431,battery,0.12921409780963863,0.0,0.12921409780963863,0.254508577107601
1294,pltd_tim432,1,432,diesel,0.011781858977992025,0.1346,-0.12281814102200797,0.02369847387178954
1295,plts_tim432,1,432,solar,0.3895229501965368,0.0,0.3895229501965368,0.5651244570560856
1296,batt_tim432,1,432,battery,0.130107253863761,0.0,0.130107253863761,0.256267811151527
1297,pltd_tim433,1,433,diesel,0.017341365237923723,0.1722,-0.15485863476207626,0.03811460828420312
1298,plts_tim433,1,433,solar,0.49251508971575775,0.0,0.49251508971575775,0.7142074907537758
1299,batt_tim433,1,433,battery,0.17152876033752545,0.0,0.17152876033752545,0.32292900216638815
1300,pltd_tim434,1,434,diesel,0.007333349724919,0.0838,-0.076466650275081,0.01475106614944339
1301,plts_tim434,1,434,solar,0.24244881761324846,0.0,0.24244881761324846,0.35174732968716016
1302,batt_tim434,1,434,battery,0.08098188238314254,0.0,0.08098188238314254,0.15950695349938088
1303,pltd_tim435,1,435,diesel,0.007603029926179708,0.0869,-0.07929697007382029,0.015293341633157551
1304,plts_tim435,1,435,solar,0.25136272849514263,0.0,0.25136272849514263,0.36467985087864563
1305,batt_tim435,1,435,battery,0.08395934977419411,0.0,0.08395934977419411,0.16537191271768048
1306,pltd_tim436,1,436,diesel,0.010369903207302595,0.1152,-0.1048300967926974,0.022287256269707473
1307,plts_tim436,1,436,solar,0.33142923907823213,0.0,0.33142923907823213,0.4812828161045525
1308,batt_tim436,1,436,battery,0.11013000000925753,0.0,0.11013000000925753,0.21730843627301957
1309,pltd_tim437,1,437,diesel,0.01784824525574912,0.2039,-0.18605175474425087,0.0359007974587579
1310,plts_tim437,1,437,solar,0.5900777441012537,0.0,0.5900777441012537,0.8560919596487114
1311,batt_tim437,1,437,battery,0.1970959539371403,0.0,0.1970959539371403,0.3882130261746937
1312,pltd_tim438,1,438,diesel,0.02068740906797353,0.2055,-0.18481259093202645,0.045472216159339086
1313,plts_tim438,1,438,solar,0.5877103589460461,0.0,0.5877103589460461,0.852200999129284
1314,batt_tim438,1,438,battery,0.20463559832510905,0.0,0.20463559832510905,0.38532258219599397
1315,pltd_tim439,1,439,diesel,0.008650588451459324,0.0961,-0.08744941154854068,0.018592771042966666
1316,plts_tim439,1,439,solar,0.27648612947779444,0.0,0.27648612947779444,0.40149733665088544
1317,batt_tim439,1,439,battery,0.09187285325084132,0.0,0.09187285325084132,0.18128378944686016
1318,pltd_tim440,1,440,diesel,0.007548918883012019,0.0863,-0.07875108111698798,0.015184568405646338
1319,plts_tim440,1,440,solar,0.2495799335993565,0.0,0.2495799335993565,0.3620937504631029
1320,batt_tim440,1,440,battery,0.08336404960169352,0.0,0.08336404960169352,0.16419914165981353
1321,pltd_tim441,1,441,diesel,0.011164150646279018,0.1109,-0.09973584935372098,0.02454065312079428
1322,plts_tim441,1,441,solar,0.31721816278719045,0.0,0.31721816278719045,0.45996085728398217
1323,batt_tim441,1,441,battery,0.11043676654295732,0.0,0.11043676654295732,0.20797119657948904
1324,pltd_tim442,1,442,diesel,0.007044551577918532,0.0699,-0.06285544842208148,0.015481194926948537
1325,plts_tim442,1,442,solar,0.19997888063432354,0.0,0.19997888063432354,0.2900229049973126
1326,batt_tim442,1,442,battery,0.06967364367265554,0.0,0.06967364367265554,0.1311339473756398
1327,pltd_tim443,1,443,diesel,0.021782693380225374,0.2252,-0.20341730661977464,0.04171580715949119
1328,plts_tim443,1,443,solar,0.6493065514911,0.0,0.6493065514911,0.9429428825233672
1329,batt_tim443,1,443,battery,0.22069402570337796,0.0,0.22069402570337796,0.42698995954757074
1330,pltd_tim444,1,444,diesel,0.00983237032583468,0.0977,-0.08786762967416531,0.02161199719028149
1331,plts_tim444,1,444,solar,0.2793120947252189,0.0,0.2793120947252189,0.40501771005280685
1332,batt_tim444,1,444,battery,0.09725871615536852,0.0,0.09725871615536852,0.1831285780309657
1333,pltd_tim445,1,445,diesel,0.03012191366104581,0.2991,-0.26897808633895415,0.06620608073975182
1334,plts_tim445,1,445,solar,0.8555187364834579,0.0,0.8555187364834579,1.2406006937018383
1335,batt_tim445,1,445,battery,0.29794600203163085,0.0,0.29794600203163085,0.5609373835245813
1336,pltd_tim446,1,446,diesel,0.013583712848609519,0.1349,-0.12131628715139048,0.029859108639127954
1337,plts_tim446,1,446,solar,0.38594226557570455,0.0,0.38594226557570455,0.5596172535533819
1338,batt_tim446,1,446,battery,0.13436964937086507,0.0,0.13436964937086507,0.2530308168408137
1339,pltd_tim447,1,447,diesel,0.01368242364942055,0.1359,-0.12221757635057945,0.03007147469914994
1340,plts_tim447,1,447,solar,0.38853432943186106,0.0,0.38853432943186106,0.5634421643613424
1341,batt_tim447,1,447,battery,0.13533325298747023,0.0,0.13533325298747023,0.2547606020300276
1342,pltd_tim448,1,448,diesel,0.01060812333695712,0.1097,-0.09909187666304288,0.020315428740687255
1343,plts_tim448,1,448,solar,0.3162154232527582,0.0,0.3162154232527582,0.4592179939492143
1344,batt_tim448,1,448,battery,0.10747912271399243,0.0,0.10747912271399243,0.2079464088522909
1345,pltd_tim449,1,449,diesel,0.013588094345096129,0.1405,-0.12691190565490387,0.026022161146559156
1346,plts_tim449,1,449,solar,0.4050393217093463,0.0,0.4050393217093463,0.5882111583033915
1347,batt_tim449,1,449,battery,0.13766942012967973,0.0,0.13766942012967973,0.2663577651002999
1348,pltd_tim450,1,450,diesel,0.026769727203514147,0.2659,-0.23913027279648588,0.05883877350367697
1349,plts_tim450,1,450,solar,0.7603808139257723,0.0,0.7603808139257723,1.1026178079072928
1350,batt_tim450,1,450,battery,0.2647931677990094,0.0,0.2647931677990094,0.49854863940924415
1351,pltd_tim451,1,451,diesel,0.07683621852043981,0.7631,-0.6862637814795602,0.16888317140554085
1352,plts_tim451,1,451,solar,2.182449033947353,0.0,2.182449033947353,3.1647536360734763
1353,batt_tim451,1,451,battery,0.7600229983425498,0.0,0.7600229983425498,1.4309429335109898
1354,pltd_tim452,1,452,diesel,0.02425893907615613,0.2409,-0.2166410609238439,0.053319491785481475
1355,plts_tim452,1,452,solar,0.6889958312971886,0.0,0.6889958312971886,0.9991242924393657
1356,batt_tim452,1,452,battery,0.23995373732031466,0.0,0.23995373732031466,0.45175379018831635
1357,pltd_tim453,1,453,diesel,0.02425893907204786,0.2409,-0.21664106092795216,0.05331949177980052
1358,plts_tim453,1,453,solar,0.6889958313335626,0.0,0.6889958313335626,0.9991242924454299
1359,batt_tim453,1,453,battery,0.23995373729011,0.0,0.23995373729011,0.4517537901904157
1360,pltd_tim454,1,454,diesel,0.02847975114548727,0.2828,-0.2543202488545127,0.0625944257128612
1361,plts_tim454,1,454,solar,0.8088042386886237,0.0,0.8088042386886237,1.172882087432607
1362,batt_tim454,1,454,battery,0.28169812892909024,0.0,0.28169812892909024,0.5303188322743349
1363,pltd_tim455,1,455,diesel,0.018172863437841427,0.1805,-0.16232713656215858,0.03994700203353118
1364,plts_tim455,1,455,solar,0.5163597843450226,0.0,0.5163597843450226,0.7487136073627502
1365,batt_tim455,1,455,battery,0.17976750341284617,0.0,0.17976750341284617,0.33853054697282126
1366,pltd_tim456,1,456,diesel,0.021056672472475665,0.2406,-0.21954332752752434,0.04235489305893782
1367,plts_tim456,1,456,solar,0.696149134882925,0.0,0.696149134882925,1.0099807212850296
1368,batt_tim456,1,456,battery,0.23252523238618766,0.0,0.23252523238618766,0.4579969103936102
1369,pltd_tim457,1,457,diesel,0.017093335489920966,0.1953,-0.17820666451007905,0.034382393029743295
1370,plts_tim457,1,457,solar,0.5651202611879542,0.0,0.5651202611879542,0.8198827126595282
1371,batt_tim457,1,457,battery,0.18875961762975674,0.0,0.18875961762975674,0.37179315110062094
1372,pltd_tim458,1,458,diesel,0.027176980006303822,0.3105,-0.2833230199936962,0.05466530461276521
1373,plts_tim458,1,458,solar,0.898487229832864,0.0,0.898487229832864,1.3035350607436522
1374,batt_tim458,1,458,battery,0.3001094990224899,0.0,0.3001094990224899,0.5911151785512314
1375,pltd_tim459,1,459,diesel,0.008466014544869487,0.0967,-0.0882339854551305,0.01702890656042869
1376,plts_tim459,1,459,solar,0.2798862231350535,0.0,0.2798862231350535,0.4060612177720135
1377,batt_tim459,1,459,battery,0.09348650849467147,0.0,0.09348650849467147,0.1841370198986738
1378,pltd_tim460,1,460,diesel,0.014990332616638529,0.1713,-0.15630966738336147,0.030152595071002368
1379,plts_tim460,1,460,solar,0.49559410895621847,0.0,0.49559410895621847,0.7190129654869626
1380,batt_tim460,1,460,battery,0.16553641019835363,0.0,0.16553641019835363,0.326051698228344
1381,pltd_tim461,1,461,diesel,0.025071869213810213,0.2659,-0.2408281307861898,0.0469820950421669
1382,plts_tim461,1,461,solar,0.7592732619518567,0.0,0.7592732619518567,1.1159278375126993
1383,batt_tim461,1,461,battery,0.2633137986497322,0.0,0.2633137986497322,0.5065572097892935
1384,pltd_tim462,1,462,diesel,0.025871696319466925,0.2668,-0.24092830368053306,0.04643617392244712
1385,plts_tim462,1,462,solar,0.759999909708411,0.0,0.759999909708411,1.1203232780097259
1386,batt_tim462,1,462,battery,0.26319591185952457,0.0,0.26319591185952457,0.5072531271963081
1387,pltd_tim463,1,463,diesel,0.01830656926860357,0.2092,-0.19089343073139642,0.03682302084390896
1388,plts_tim463,1,463,solar,0.6052307518062356,0.0,0.6052307518062356,0.8780756872185133
1389,batt_tim463,1,463,battery,0.20215711124634472,0.0,0.20215711124634472,0.3981818539044014
1390,pltd_tim464,1,464,diesel,0.02563998932250772,0.293,-0.26736001067749227,0.05157358927342774
1391,plts_tim464,1,464,solar,0.8476801597519336,0.0,0.8476801597519336,1.229823782567063
1392,batt_tim464,1,464,battery,0.2831393043229847,0.0,0.2831393043229847,0.5576897810193576
1393,pltd_tim465,1,465,diesel,0.013372552534506503,0.1528,-0.1394274474654935,0.026898251957361112
1394,plts_tim465,1,465,solar,0.4421134055297812,0.0,0.4421134055297812,0.6414228591318497
1395,batt_tim465,1,465,battery,0.14767305944537337,0.0,0.14767305944537337,0.290866950276512
1396,pltd_tim466,1,466,diesel,0.042005375185235005,0.48,-0.437994624814765,0.08449195547956488
1397,plts_tim466,1,466,solar,1.3887332703172817,0.0,1.3887332703172817,2.014789974824141
1398,batt_tim466,1,466,battery,0.4638601751258853,0.0,0.4638601751258853,0.9136492438016713
1399,pltd_tim467,1,467,diesel,0.004529417068608924,0.0518,-0.047270582931391074,0.009111339198411547
1400,plts_tim467,1,467,solar,0.1497474076127744,0.0,0.1497474076127744,0.21725597576177366
1401,batt_tim467,1,467,battery,0.05001833895221061,0.0,0.05001833895221061,0.09851920680894348
1402,pltd_tim468,1,468,diesel,0.02124532999345854,0.2428,-0.22155467000654144,0.042734273169950765
1403,plts_tim468,1,468,solar,0.7023882102131392,0.0,0.7023882102131392,1.0190334829502397
1404,batt_tim468,1,468,battery,0.2346099109927913,0.0,0.2346099109927913,0.46210219781808676
1405,pltd_tim469,1,469,diesel,0.011539266512529373,0.1319,-0.12036073348747062,0.023210728428301537
1406,plts_tim469,1,469,solar,0.38150038390954866,0.0,0.38150038390954866,0.5534855997377198
1407,batt_tim469,1,469,battery,0.1274279087421298,0.0,0.1274279087421298,0.2509897638688085
1408,pltd_tim470,1,470,diesel,0.007306426005491169,0.0835,-0.07619357399450884,0.01469666889272446
1409,plts_tim470,1,470,solar,0.24155713529255768,0.0,0.24155713529255768,0.3504546743159007
1410,batt_tim470,1,470,battery,0.0806845823660223,0.0,0.0806845823660223,0.1589210508542947
1411,pltd_tim471,1,471,diesel,0.015233085242450713,0.1741,-0.1588669147575493,0.030641103962716156
1412,plts_tim471,1,471,solar,0.503615430931749,0.0,0.503615430931749,0.730651402669898
1413,batt_tim471,1,471,battery,0.1682161004280206,0.0,0.1682161004280206,0.3313291231800257
1414,pltd_tim472,1,472,diesel,0.005527037700644512,0.0632,-0.05767296229935549,0.011117290808790899
1415,plts_tim472,1,472,solar,0.18272815287785651,0.0,0.18272815287785651,0.26510428506774536
1416,batt_tim472,1,472,battery,0.061034386725753884,0.0,0.061034386725753884,0.12021716628487485
1417,pltd_tim473,1,473,diesel,0.003666598695286117,0.0419,-0.03823340130471388,0.007375201957671443
1418,plts_tim473,1,473,solar,0.12122414498804084,0.0,0.12122414498804084,0.17587395608333095
1419,batt_tim473,1,473,battery,0.04049130234303995,0.0,0.04049130234303995,0.07975413696980518
1420,pltd_tim474,1,474,diesel,0.005284401275520843,0.0604,-0.05511559872447916,0.010630013791790727
1421,plts_tim474,1,474,solar,0.17470484842425668,0.0,0.17470484842425668,0.2534648025177164
1422,batt_tim474,1,474,battery,0.058354653100773264,0.0,0.058354653100773264,0.11493875776593122
1423,pltd_tim475,1,475,diesel,0.009786761259348188,0.1118,-0.10201323874065181,0.019685671538050068
1424,plts_tim475,1,475,solar,0.32356196582320884,0.0,0.32356196582320884,0.469427827717042
1425,batt_tim475,1,475,battery,0.10807542471037292,0.0,0.10807542471037292,0.21287215826808867
1426,pltd_tim476,1,476,diesel,0.004960912418662855,0.0567,-0.05173908758133715,0.009978387712677814
1427,plts_tim476,1,476,solar,0.16400989310231595,0.0,0.16400989310231595,0.23794699025889846
1428,batt_tim476,1,476,battery,0.054781806817173526,0.0,0.054781806817173526,0.10790205438553135
1429,pltd_tim477,1,477,diesel,0.012375167787642527,0.1229,-0.11052483221235747,0.02720151451888883
1430,plts_tim477,1,477,solar,0.35156874486304635,0.0,0.35156874486304635,0.5097872697268767
1431,batt_tim477,1,477,battery,0.12241293435058295,0.0,0.12241293435058295,0.23050029454182597
1432,pltd_tim478,1,478,diesel,0.01593391787357076,0.1821,-0.16616608212642925,0.032050501308849594
1433,plts_tim478,1,478,solar,0.5267920593205364,0.0,0.5267920593205364,0.7642752768694214
1434,batt_tim478,1,478,battery,0.17595715779686066,0.0,0.17595715779686066,0.3465769367754663
1435,pltd_tim479,1,479,diesel,0.0184583410753229,0.1778,-0.1593416589246771,0.04014185656892419
1436,plts_tim479,1,479,solar,0.5077028024679653,0.0,0.5077028024679653,0.7361673208955223
1437,batt_tim479,1,479,battery,0.17388283849091038,0.0,0.17388283849091038,0.3320138486978182
1438,pltd_tim480,1,480,diesel,0.008192710010832917,0.0813,-0.07310728998916707,0.018004397575999212
1439,plts_tim480,1,480,solar,0.23257465830770324,0.0,0.23257465830770324,0.33729592140819437
1440,batt_tim480,1,480,battery,0.08103090200381889,0.0,0.08103090200381889,0.1525085522605914
1441,pltd_tim481,1,481,diesel,0.017305556628484882,0.1719,-0.15459444337151512,0.03803968172586453
1442,plts_tim481,1,481,solar,0.49167783021930833,0.0,0.49167783021930833,0.7129371968762106
1443,batt_tim481,1,481,battery,0.1711854600581728,0.0,0.1711854600581728,0.322354201313853
1444,pltd_tim482,1,482,diesel,0.017114603895561666,0.1648,-0.14768539610443834,0.03722028963000989
1445,plts_tim482,1,482,solar,0.4707469091545342,0.0,0.4707469091545342,0.682581099337696
1446,batt_tim482,1,482,battery,0.16122589830445844,0.0,0.16122589830445844,0.3078463266697178
1447,pltd_tim483,1,483,diesel,0.036852653727306575,0.3549,-0.31804734627269343,0.0801457465561613
1448,plts_tim483,1,483,solar,1.0136446988147032,0.0,1.0136446988147032,1.4697812009669704
1449,batt_tim483,1,483,battery,0.34716238421285245,0.0,0.34716238421285245,0.6628757866123826
1450,pltd_tim484,1,484,diesel,0.010352996327468975,0.1183,-0.10794700367253103,0.02082489721859341
1451,plts_tim484,1,484,solar,0.3422808374457211,0.0,0.3422808374457211,0.49658456761875414
1452,batt_tim484,1,484,battery,0.11432732663942295,0.0,0.11432732663942295,0.2251867442110591
1453,pltd_tim485,1,485,diesel,0.014022319652982593,0.1392,-0.1251776803470174,0.03081995031407772
1454,plts_tim485,1,485,solar,0.39823736532904386,0.0,0.39823736532904386,0.5774975364272754
1455,batt_tim485,1,485,battery,0.13869819826612856,0.0,0.13869819826612856,0.26111528440684995
1456,pltd_tim486,1,486,diesel,0.01147592524783779,0.114,-0.10252407475216221,0.02522441812184843
1457,plts_tim486,1,486,solar,0.3260151231921658,0.0,0.3260151231921658,0.4727349736293252
1458,batt_tim486,1,486,battery,0.11351676997572153,0.0,0.11351676997572153,0.21374696789193173
1459,pltd_tim487,1,487,diesel,0.01870139880111569,0.1762,-0.1574986011988843,0.03714845618765645
1460,plts_tim487,1,487,solar,0.5156029665156958,0.0,0.5156029665156958,0.7327890128771357
1461,batt_tim487,1,487,battery,0.1716136362327867,0.0,0.1716136362327867,0.3310949645408069
1462,pltd_tim488,1,488,diesel,0.015046104609348996,0.1494,-0.134353895390651,0.033070313270815645
1463,plts_tim488,1,488,solar,0.42731206499764435,0.0,0.42731206499764435,0.6196601177255313
1464,batt_tim488,1,488,battery,0.1488249096220029,0.0,0.1488249096220029,0.2801792590059858
1465,pltd_tim489,1,489,diesel,0.011829623442549425,0.1124,-0.10057037655745057,0.024661984513982355
1466,plts_tim489,1,489,solar,0.3239057350764409,0.0,0.3239057350764409,0.46669589354543467
1467,batt_tim489,1,489,battery,0.11131352040942936,0.0,0.11131352040942936,0.21156075517206926
1468,pltd_tim490,1,490,diesel,0.008097770067400655,0.0804,-0.07230222993259934,0.017797394573996952
1469,plts_tim490,1,490,solar,0.22994818644069256,0.0,0.22994818644069256,0.33346530817621356
1470,batt_tim490,1,490,battery,0.08009575045659627,0.0,0.08009575045659627,0.15077639419780384
1471,pltd_tim491,1,491,diesel,0.015819872259157212,0.1571,-0.14128012774084278,0.03477177798041406
1472,plts_tim491,1,491,solar,0.4493560779744688,0.0,0.4493560779744688,0.6516047027591515
1473,batt_tim491,1,491,battery,0.15648225495096432,0.0,0.15648225495096432,0.29462308943345605
1474,pltd_tim492,1,492,diesel,0.0061131458276753245,0.0607,-0.05458685417232467,0.013434575437939925
1475,plts_tim492,1,492,solar,0.17355359143550944,0.0,0.17355359143550944,0.251694562517291
1476,batt_tim492,1,492,battery,0.06046302492949944,0.0,0.06046302492949944,0.11380389652544329
1477,pltd_tim493,1,493,diesel,0.04804973403368845,0.4772,-0.42915026596631156,0.10561175931946638
1478,plts_tim493,1,493,solar,1.3648019571565937,0.0,1.3648019571565937,1.9790887798622154
1479,batt_tim493,1,493,battery,0.47528225710014105,0.0,0.47528225710014105,0.8948447926522798
1480,pltd_tim494,1,494,diesel,0.016996254107941797,0.1688,-0.1518037458920582,0.03735920278034776
1481,plts_tim494,1,494,solar,0.48285793117229814,0.0,0.48285793117229814,0.7001590877652737
1482,batt_tim494,1,494,battery,0.16812484892572846,0.0,0.16812484892572846,0.3165767984493883
1483,pltd_tim495,1,495,diesel,0.030554297560913306,0.3035,-0.27294570243908667,0.0671576278996421
1484,plts_tim495,1,495,solar,0.8678711828977016,0.0,0.8678711828977016,1.2584908279818408
1485,batt_tim495,1,495,battery,0.3022271608668586,0.0,0.3022271608668586,0.5690264282688919
1486,pltd_tim496,1,496,diesel,0.014303587975534429,0.1479,-0.13359641202446557,0.027392285727351588
1487,plts_tim496,1,496,solar,0.42635616714974794,0.0,0.42635616714974794,0.6191686212238661
1488,batt_tim496,1,496,battery,0.1449153868483404,0.0,0.1449153868483404,0.28037600336245705
1489,pltd_tim497,1,497,diesel,0.00853022757050003,0.0847,-0.07616977242949996,0.01874937914388227
1490,plts_tim497,1,497,solar,0.24230063282584535,0.0,0.24230063282584535,0.35135573358221267
1491,batt_tim497,1,497,battery,0.0843772426494168,0.0,0.0843772426494168,0.15886543087481425
1492,pltd_tim498,1,498,diesel,0.012530501043932865,0.1245,-0.11196949895606713,0.027542513584856484
1493,plts_tim498,1,498,solar,0.3559729597098704,0.0,0.3559729597098704,0.5161756649904871
1494,batt_tim498,1,498,battery,0.12394826979498348,0.0,0.12394826979498348,0.23338866873164693
1495,pltd_tim499,1,499,diesel,0.0063928374927751525,0.0635,-0.05710716250722485,0.01404869968273863
1496,plts_tim499,1,499,solar,0.18147888434832954,0.0,0.18147888434832954,0.2631932950286335
1497,batt_tim499,1,499,battery,0.06322863445610315,0.0,0.06322863445610315,0.11900318063611001
1498,pltd_tim500,1,500,diesel,0.01454727343276963,0.1445,-0.12995272656723036,0.03197481798205022
1499,plts_tim500,1,500,solar,0.4132392222514083,0.0,0.4132392222514083,0.5992224656157843
1500,batt_tim500,1,500,battery,0.14389584350723453,0.0,0.14389584350723453,0.2709382322670368
1501,pltd_tim501,1,501,diesel,0.011044751459143876,0.1097,-0.09865524854085612,0.024274816169520604
1502,plts_tim501,1,501,solar,0.3136512074473294,0.0,0.3136512074473294,0.45484319922109107
1503,batt_tim501,1,501,battery,0.10924500421103372,0.0,0.10924500421103372,0.20565734154702076
1504,pltd_tim502,1,502,diesel,0.011602779187897797,0.1152,-0.1035972208121022,0.02550195033183581
1505,plts_tim502,1,502,solar,0.3295132625571692,0.0,0.3295132625571692,0.47784078385111417
1506,batt_tim502,1,502,battery,0.11476498209095627,0.0,0.11476498209095627,0.2160557081149638
1507,pltd_tim503,1,503,diesel,0.015568490965668005,0.1547,-0.139131509034332,0.0342215838703782
1508,plts_tim503,1,503,solar,0.4423368605913744,0.0,0.4423368605913744,0.6413888333925196
1509,batt_tim503,1,503,battery,0.15400310204685283,0.0,0.15400310204685283,0.29000350200733527
1510,pltd_tim504,1,504,diesel,0.013583712850151338,0.1349,-0.12131628714984866,0.02985910864122588
1511,plts_tim504,1,504,solar,0.38594226556208305,0.0,0.38594226556208305,0.5596172535512721
1512,batt_tim504,1,504,battery,0.13436964938224039,0.0,0.13436964938224039,0.25303081684075596
1513,pltd_tim505,1,505,diesel,0.014208428689985366,0.1411,-0.12689157131001463,0.03122879308879685
1514,plts_tim505,1,505,solar,0.40352471700779197,0.0,0.40352471700779197,0.5851641459296245
1515,batt_tim505,1,505,battery,0.14053904934639092,0.0,0.14053904934639092,0.2645818174232044
1516,pltd_tim506,1,506,diesel,0.014701147358750713,0.146,-0.13129885264124927,0.03231450248035471
1517,plts_tim506,1,506,solar,0.41765490644421716,0.0,0.41765490644421716,0.6056121295988122
1518,batt_tim506,1,506,battery,0.1454210587100249,0.0,0.1454210587100249,0.27382710805219274
1519,pltd_tim507,1,507,diesel,0.018050983783827565,0.1793,-0.16124901621617244,0.0396773365664829
1520,plts_tim507,1,507,solar,0.5128157676758374,0.0,0.5128157676758374,0.7436000419039102
1521,batt_tim507,1,507,battery,0.17855674258164564,0.0,0.17855674258164564,0.33621865000229423
1522,pltd_tim508,1,508,diesel,0.004778965335739696,0.0474,-0.0426210346642603,0.010502346407035984
1523,plts_tim508,1,508,solar,0.13567046189643236,0.0,0.13567046189643236,0.1967563724608428
1524,batt_tim508,1,508,battery,0.047266036656864276,0.0,0.047266036656864276,0.0889633737224607
1525,pltd_tim509,1,509,diesel,0.006113145827743944,0.0607,-0.054586854172256054,0.013434575438029553
1526,plts_tim509,1,509,solar,0.17355359143491458,0.0,0.17355359143491458,0.2516945625171959
1527,batt_tim509,1,509,battery,0.06046302492999548,0.0,0.06046302492999548,0.1138038965254133
1528,pltd_tim510,1,510,diesel,0.005086880423492963,0.0505,-0.04541311957650704,0.011180930631226108
1529,plts_tim510,1,510,solar,0.14450183027188648,0.0,0.14450183027188648,0.20953621501557182
1530,batt_tim510,1,510,battery,0.05031764854554642,0.0,0.05031764854554642,0.09474189918258104
1531,pltd_tim511,1,511,diesel,0.012715209286673643,0.1263,-0.11358479071332635,0.027949995275405173
1532,plts_tim511,1,511,solar,0.3612717807620988,0.0,0.3612717807620988,0.5238436040498471
1533,batt_tim511,1,511,battery,0.1257786672773308,0.0,0.1257786672773308,0.23685553084571123
1534,pltd_tim512,1,512,diesel,0.007008756333345773,0.0696,-0.06259124366665422,0.015406028457295575
1535,plts_tim512,1,512,solar,0.19914162106382396,0.0,0.19914162106382396,0.2887531301498202
1536,batt_tim512,1,512,battery,0.06933113110474562,0.0,0.06933113110474562,0.13055967893270098
1537,pltd_tim513,1,513,diesel,0.00961314386488301,0.0955,-0.08588685613511698,0.021131274349265483
1538,plts_tim513,1,513,solar,0.27316454482989033,0.0,0.27316454482989033,0.39607801068726384
1539,batt_tim513,1,513,battery,0.09509447196908348,0.0,0.09509447196908348,0.17908636184194932
1540,pltd_tim514,1,514,diesel,0.01346315370703152,0.1337,-0.12023684629296849,0.029591418441782483
1541,plts_tim514,1,514,solar,0.382386779564645,0.0,0.382386779564645,0.5545021174882192
1542,batt_tim514,1,514,battery,0.13316861495288737,0.0,0.13316861495288737,0.2507181327810077
1543,pltd_tim515,1,515,diesel,0.011418107742569204,0.1134,-0.10198189225743079,0.025094111591427715
1544,plts_tim515,1,515,solar,0.32421444152789686,0.0,0.32421444152789686,0.4701731424440437
1545,batt_tim515,1,515,battery,0.11293491792276698,0.0,0.11293491792276698,0.21258877010827756
1546,pltd_tim516,1,516,diesel,0.013554199040897824,0.1346,-0.12104580095910217,0.029793020323893356
1547,plts_tim516,1,516,solar,0.3850476594044093,0.0,0.3850476594044093,0.5583374339467694
1548,batt_tim516,1,516,battery,0.13407419347951222,0.0,0.13407419347951222,0.2524519762415285
1549,pltd_tim517,1,517,diesel,0.01063564510828115,0.1057,-0.09506435489171886,0.02338017314388173
1550,plts_tim517,1,517,solar,0.3022507138449218,0.0,0.3022507138449218,0.43824224515206345
1551,batt_tim517,1,517,battery,0.10521079024111361,0.0,0.10521079024111361,0.19815087510868382
1552,pltd_tim518,1,518,diesel,0.006793140166649316,0.0675,-0.06070685983335069,0.0149313885583385
1553,plts_tim518,1,518,solar,0.19295966321600808,0.0,0.19295966321600808,0.2798071550121124
1554,batt_tim518,1,518,battery,0.06719488462274746,0.0,0.06719488462274746,0.1265146402801459
1555,pltd_tim519,1,519,diesel,0.005584646973637768,0.0555,-0.049915353026362234,0.012273818622353345
1556,plts_tim519,1,519,solar,0.15858614244339908,0.0,0.15858614244339908,0.22997676282969243
1557,batt_tim519,1,519,battery,0.05523810916055869,0.0,0.05523810916055869,0.10398401233730489
1558,pltd_tim520,1,520,diesel,0.016074974261092438,0.1596,-0.14352502573890755,0.03532721001795006
1559,plts_tim520,1,520,solar,0.4563408872793554,0.0,0.4563408872793554,0.6618148677313003
1560,batt_tim520,1,520,battery,0.15898973899738245,0.0,0.15898973899738245,0.29923985501939404
1561,pltd_tim521,1,521,diesel,0.012497718049261633,0.1282,-0.11570228195073838,0.0266448685933966
1562,plts_tim521,1,521,solar,0.3719851478275557,0.0,0.3719851478275557,0.5334624762891775
1563,batt_tim521,1,521,battery,0.12362773208981007,0.0,0.12362773208981007,0.24163893031652328
1564,pltd_tim522,1,522,diesel,0.010574829630279843,0.1084,-0.09782517036972016,0.022544973128989797
1565,plts_tim522,1,522,solar,0.3147572869063423,0.0,0.3147572869063423,0.4513920835348594
1566,batt_tim522,1,522,battery,0.10460817017627944,0.0,0.10460817017627944,0.20446432269074297
1567,pltd_tim523,1,523,diesel,0.004562065451436613,0.0453,-0.040737934548563386,0.010025801643785383
1568,plts_tim523,1,523,solar,0.12949997343644848,0.0,0.12949997343644848,0.18781176371113917
1569,batt_tim523,1,523,battery,0.04512039705688014,0.0,0.04512039705688014,0.08491913903258327
1570,pltd_tim524,1,524,diesel,0.010364428427078123,0.1063,-0.09593557157292189,0.022096092504440425
1571,plts_tim524,1,524,solar,0.30849827855710404,0.0,0.30849827855710404,0.44241611310306095
1572,batt_tim524,1,524,battery,0.10252791325854331,0.0,0.10252791325854331,0.20039870734508314
1573,pltd_tim525,1,525,diesel,0.009553601364720107,0.098,-0.0884463986352799,0.02036805612677171
1574,plts_tim525,1,525,solar,0.28435394715608053,0.0,0.28435394715608053,0.4077908226037186
1575,batt_tim525,1,525,battery,0.09450352613121153,0.0,0.09450352613121153,0.18471426028321067
1576,pltd_tim526,1,526,diesel,0.007866721237917915,0.0813,-0.07343327876208208,0.015064841303089256
1577,plts_tim526,1,526,solar,0.234497349906038,0.0,0.234497349906038,0.34054380365142695
1578,batt_tim526,1,526,battery,0.07970392380126995,0.0,0.07970392380126995,0.15420755682607662
1579,pltd_tim527,1,527,diesel,0.007687945057139582,0.0795,-0.07181205494286041,0.014723124045522966
1580,plts_tim527,1,527,solar,0.22916667839925775,0.0,0.22916667839925775,0.3328033384287309
1581,batt_tim527,1,527,battery,0.07789241995434558,0.0,0.07789241995434558,0.15070242910933093
1582,pltd_tim528,1,528,diesel,0.007449523479440168,0.077,-0.06955047652055983,0.014266486010032506
1583,plts_tim528,1,528,solar,0.2220615265261352,0.0,0.2220615265261352,0.3224840485302741
1584,batt_tim528,1,528,battery,0.0754766728674686,0.0,0.0754766728674686,0.14602949006445057
1585,pltd_tim529,1,529,diesel,0.023915235408616516,0.2375,-0.21358476459138348,0.052565501203716045
1586,plts_tim529,1,529,solar,0.6793272034694723,0.0,0.6793272034694723,0.98507438164654
1587,batt_tim529,1,529,battery,0.23655933992357076,0.0,0.23655933992357076,0.44540132606426025
1588,pltd_tim530,1,530,diesel,0.012914545087317214,0.1476,-0.1346854549126828,0.02597741860586994
1589,plts_tim530,1,530,solar,0.4269592592161964,0.0,0.4269592592161964,0.619437290321621
1590,batt_tim530,1,530,battery,0.1426113028766586,0.0,0.1426113028766586,0.2808966418605671
1591,pltd_tim531,1,531,diesel,0.017670607115139386,0.1827,-0.16502939288486063,0.03384068526047521
1592,plts_tim531,1,531,solar,0.5267284643519298,0.0,0.5267284643519298,0.7649316123520795
1593,batt_tim531,1,531,battery,0.17903071729782472,0.0,0.17903071729782472,0.34638142407694267
1594,pltd_tim532,1,532,diesel,0.021484669421323935,0.2221,-0.20061533057867606,0.04114476154662106
1595,plts_tim532,1,532,solar,0.6404240529164362,0.0,0.6404240529164362,0.930044321657097
1596,batt_tim532,1,532,battery,0.21767553920709215,0.0,0.21767553920709215,0.42114932645546954
1597,pltd_tim533,1,533,diesel,0.005614110625635875,0.0558,-0.05018588937436413,0.012340395435200319
1598,plts_tim533,1,533,solar,0.15948074860739236,0.0,0.15948074860739236,0.2312559656249195
1599,batt_tim533,1,533,battery,0.05553277740845068,0.0,0.05553277740845068,0.1045621458742308
1600,pltd_tim534,1,534,diesel,0.00809777006746346,0.0804,-0.07230222993253654,0.017797394574086058
1601,plts_tim534,1,534,solar,0.22994818644013668,0.0,0.22994818644013668,0.33346530817611797
1602,batt_tim534,1,534,battery,0.08009575045705501,0.0,0.08009575045705501,0.15077639419776984
1603,pltd_tim535,1,535,diesel,0.011797223231924605,0.1121,-0.1003027767680754,0.024593710368264566
1604,plts_tim535,1,535,solar,0.323019016175222,0.0,0.323019016175222,0.4654180269629767
1605,batt_tim535,1,535,battery,0.11100867031721962,0.0,0.11100867031721962,0.21098163736393769
1606,pltd_tim536,1,536,diesel,0.008502071071679522,0.0844,-0.07589792892832048,0.018684878432982496
1607,plts_tim536,1,536,solar,0.24139455734407117,0.0,0.24139455734407117,0.35007387626137954
1608,batt_tim536,1,536,battery,0.08409117981181646,0.0,0.08409117981181646,0.15828586987183188
1609,pltd_tim537,1,537,diesel,0.010051757344750467,0.0998,-0.08974824265524953,0.022092250600195176
1610,plts_tim537,1,537,solar,0.285459644607672,0.0,0.285459644607672,0.41395865194061904
1611,batt_tim537,1,537,battery,0.09942374800212503,0.0,0.09942374800212503,0.18717128308302391
1612,pltd_tim538,1,538,diesel,0.006543159667340948,0.065,-0.058456840332659056,0.014382754382571594
1613,plts_tim538,1,538,solar,0.18592897646033643,0.0,0.18592897646033643,0.26958925433190395
1614,batt_tim538,1,538,battery,0.06472585198228922,0.0,0.06472585198228922,0.12189471807246267
1615,pltd_tim539,1,539,diesel,0.008531960466491531,0.0875,-0.07896803953350846,0.01818943107901004
1616,plts_tim539,1,539,solar,0.2539525834142605,0.0,0.2539525834142605,0.36419183162433155
1617,batt_tim539,1,539,battery,0.08439989614856644,0.0,0.08439989614856644,0.1649660371492266
1618,pltd_tim540,1,540,diesel,0.011118451032322514,0.1235,-0.11238154896767749,0.023896294860566273
1619,plts_tim540,1,540,solar,0.35535577618798325,0.0,0.35535577618798325,0.5160276043598346
1620,batt_tim540,1,540,battery,0.1180804139881424,0.0,0.1180804139881424,0.23299614119862355
1621,pltd_tim541,1,541,diesel,0.01758770702540034,0.1747,-0.15711229297459967,0.03865751715639725
1622,plts_tim541,1,541,solar,0.4995801844258534,0.0,0.4995801844258534,0.724431308937789
1623,batt_tim541,1,541,battery,0.1739693409555544,0.0,0.1739693409555544,0.3275512405412143
1624,pltd_tim542,1,542,diesel,0.015360644645156645,0.1707,-0.15533935535484333,0.03301398062097425
1625,plts_tim542,1,542,solar,0.49093961738403147,0.0,0.49093961738403147,0.7129155952355163
1626,batt_tim542,1,542,battery,0.16313349175439734,0.0,0.16313349175439734,0.32189491706311946
1627,pltd_tim543,1,543,diesel,0.01253224050531959,0.1392,-0.1266677594946804,0.026934812578319697
1628,plts_tim543,1,543,solar,0.4005508644973232,0.0,0.4005508644973232,0.5816574795912679
1629,batt_tim543,1,543,battery,0.13309800968229119,0.0,0.13309800968229119,0.26262957681836274
1630,pltd_tim544,1,544,diesel,0.01353027415709332,0.1503,-0.13676972584290667,0.029080472663330803
1631,plts_tim544,1,544,solar,0.4324528919565744,0.0,0.4324528919565744,0.6279838884174241
1632,batt_tim544,1,544,battery,0.14369888401662925,0.0,0.14369888401662925,0.28354699538873557
1633,pltd_tim545,1,545,diesel,0.012888011503745673,0.1322,-0.11931198849625434,0.027476574655394513
1634,plts_tim545,1,545,solar,0.3836107966272105,0.0,0.3836107966272105,0.550134517876497
1635,batt_tim545,1,545,battery,0.12749126364604507,0.0,0.12749126364604507,0.24919106394530985
1636,pltd_tim546,1,546,diesel,0.00906675758884191,0.1007,-0.09163324241115808,0.01948657960526189
1637,plts_tim546,1,546,solar,0.28977813881678094,0.0,0.28977813881678094,0.4208000648671854
1638,batt_tim546,1,546,battery,0.09629005073826692,0.0,0.09629005073826692,0.18999921889602608
1639,pltd_tim547,1,547,diesel,0.01541573565167385,0.1713,-0.15588426434832617,0.033132794770212075
1640,plts_tim547,1,547,solar,0.4927122357996895,0.0,0.4927122357996895,0.7154893751667714
1641,batt_tim547,1,547,battery,0.1637226260434318,0.0,0.1637226260434318,0.3230573894962163
1642,pltd_tim548,1,548,diesel,0.01081259225437037,0.1041,-0.09328740774562963,0.023514954256396423
1643,plts_tim548,1,548,solar,0.29740585691896143,0.0,0.29740585691896143,0.43123758890697855
1644,batt_tim548,1,548,battery,0.10185865563884242,0.0,0.10185865563884242,0.19448965022296688
1645,pltd_tim549,1,549,diesel,0.028471223859130694,0.2742,-0.2457287761408693,0.06191859161317791
1646,plts_tim549,1,549,solar,0.783111196451381,0.0,0.783111196451381,1.1355075490637987
1647,batt_tim549,1,549,battery,0.2682066501037871,0.0,0.2682066501037871,0.5121173613866201
1648,pltd_tim550,1,550,diesel,0.013755729505340613,0.1325,-0.1187442704946594,0.029915466411042736
1649,plts_tim550,1,550,solar,0.3783568983982284,0.0,0.3783568983982284,0.5486165929033568
1650,batt_tim550,1,550,battery,0.12958340136351765,0.0,0.12958340136351765,0.24742779898247855
1651,pltd_tim551,1,551,diesel,0.008733264606916945,0.0841,-0.07536673539308306,0.018992828724693645
1652,plts_tim551,1,551,solar,0.24021267464299886,0.0,0.24021267464299886,0.34830740155466666
1653,batt_tim551,1,551,battery,0.08226977778091116,0.0,0.08226977778091116,0.15708772253305192
1654,pltd_tim552,1,552,diesel,0.013928874131855676,0.1383,-0.12437112586814433,0.030613976382107878
1655,plts_tim552,1,552,solar,0.3955994241481041,0.0,0.3955994241481041,0.5736668556188619
1656,batt_tim552,1,552,battery,0.13777501507487555,0.0,0.13777501507487555,0.25938364773197126
1657,pltd_tim553,1,553,diesel,0.010524643967641658,0.1014,-0.09087535603235834,0.022888685194446555
1658,plts_tim553,1,553,solar,0.2894869697534724,0.0,0.2894869697534724,0.4197555966363762
1659,batt_tim553,1,553,battery,0.09914657703246586,0.0,0.09914657703246586,0.18931141479272667
1660,pltd_tim554,1,554,diesel,0.020761505448613198,0.1999,-0.1791384945513868,0.04515153073083819
1661,plts_tim554,1,554,solar,0.5710553632594363,0.0,0.5710553632594363,0.8280281662010008
1662,batt_tim554,1,554,battery,0.1955802396223959,0.0,0.1955802396223959,0.3734432694434511
1663,pltd_tim555,1,555,diesel,0.0057903439743820775,0.0558,-0.050009656025617924,0.012592890595923292
1664,plts_tim555,1,555,solar,0.15926158886492844,0.0,0.15926158886492844,0.23092852880885356
1665,batt_tim555,1,555,battery,0.05454500868732572,0.0,0.05454500868732572,0.1041491861251308
1666,pltd_tim556,1,556,diesel,0.01581987226282001,0.1571,-0.14128012773718,0.034771777985419035
1667,plts_tim556,1,556,solar,0.4493560779420974,0.0,0.4493560779420974,0.6516047027540399
1668,batt_tim556,1,556,battery,0.15648225497797266,0.0,0.15648225497797266,0.2946230894328795
1669,pltd_tim557,1,557,diesel,0.017399750684695885,0.1482,-0.13080024931530412,0.03606181995541955
1670,plts_tim557,1,557,solar,0.42550243128912074,0.0,0.42550243128912074,0.6108735265160994
1671,batt_tim557,1,557,battery,0.1473813428671999,0.0,0.1473813428671999,0.2756003912274095
1672,pltd_tim558,1,558,diesel,0.01823452078991428,0.1756,-0.15736547921008573,0.03965563874760168
1673,plts_tim558,1,558,solar,0.5015432910696863,0.0,0.5015432910696863,0.7272358900023737
1674,batt_tim558,1,558,battery,0.17177324510433814,0.0,0.17177324510433814,0.32798540712933355
1675,pltd_tim559,1,559,diesel,0.010018399081579619,0.0995,-0.08948160091842039,0.02202095041650705
1676,plts_tim559,1,559,solar,0.2845994464304671,0.0,0.2845994464304671,0.4126840937140989
1677,batt_tim559,1,559,battery,0.09909850672211704,0.0,0.09909850672211704,0.18659472661557758
1678,pltd_tim560,1,560,diesel,0.016506968547425872,0.159,-0.14249303145257414,0.03589867868448308
1679,plts_tim560,1,560,solar,0.4540285931878978,0.0,0.4540285931878978,0.6583397053034842
1680,batt_tim560,1,560,battery,0.15550004793567487,0.0,0.15550004793567487,0.29691312973613737
1681,pltd_tim561,1,561,diesel,0.01216214916768654,0.1208,-0.10863785083231346,0.0267303322550644
1682,plts_tim561,1,561,solar,0.3453638483300828,0.0,0.3453638483300828,0.5008374973520797
1683,batt_tim561,1,561,battery,0.1202960802048634,0.0,0.1202960802048634,0.22645363595375928
1684,pltd_tim562,1,562,diesel,0.00870687900300652,0.0786,-0.06989312099699349,0.01937432101977443
1685,plts_tim562,1,562,solar,0.2266745414107933,0.0,0.2266745414107933,0.32361397360505045
1686,batt_tim562,1,562,battery,0.07876798195695309,0.0,0.07876798195695309,0.14620950895467594
1687,pltd_tim563,1,563,diesel,0.01461942031426815,0.1408,-0.12618057968573185,0.03179392783117825
1688,plts_tim563,1,563,solar,0.40211422519199247,0.0,0.40211422519199247,0.5830642913701601
1689,batt_tim563,1,563,battery,0.13771998826248935,0.0,0.13771998826248935,0.26296380167356725
1690,pltd_tim564,1,564,diesel,0.007325652839530735,0.0705,-0.06317434716046925,0.01593178410491009
1691,plts_tim564,1,564,solar,0.20149756106917216,0.0,0.20149756106917216,0.2921703749992866
1692,batt_tim564,1,564,battery,0.06901043440571095,0.0,0.06901043440571095,0.13176971061656043
1693,pltd_tim565,1,565,diesel,0.006948414884013625,0.069,-0.06205158511598638,0.015272454639199396
1694,plts_tim565,1,565,solar,0.19736387806084232,0.0,0.19736387806084232,0.2861951005430306
1695,batt_tim565,1,565,battery,0.06873022006882712,0.0,0.06873022006882712,0.12940316825026937
1696,pltd_tim566,1,566,diesel,0.01964753210454696,0.2015,-0.18185246789545306,0.041887610724257805
1697,plts_tim566,1,566,solar,0.5848049739191093,0.0,0.5848049739191093,0.8386661838498715
1698,batt_tim566,1,566,battery,0.19435741759499997,0.0,0.19435741759499997,0.3798852331611925
1699,pltd_tim567,1,567,diesel,0.005527794672416299,0.0567,-0.0511722053275837,0.011784936340598677
1700,plts_tim567,1,567,solar,0.16453191785345228,0.0,0.16453191785345228,0.2359547719646657
1701,batt_tim567,1,567,battery,0.054681298475223204,0.0,0.054681298475223204,0.10687893716520262
1702,pltd_tim568,1,568,diesel,0.008291643943586039,0.085,-0.07670835605641396,0.017677055491005088
1703,plts_tim568,1,568,solar,0.24679889825260506,0.0,0.24679889825260506,0.3539329594508587
1704,batt_tim568,1,568,battery,0.08202247195082284,0.0,0.08202247195082284,0.16031888780472492
1705,pltd_tim569,1,569,diesel,0.024935078269456564,0.2557,-0.23076492173054342,0.0531599740718715
1706,plts_tim569,1,569,solar,0.7421835395820723,0.0,0.7421835395820723,1.0643622431485527
1707,batt_tim569,1,569,battery,0.24666146272640854,0.0,0.24666146272640854,0.4821175663566543
1708,pltd_tim570,1,570,diesel,0.007901242210766393,0.081,-0.07309875778923361,0.0168452447315235
1709,plts_tim570,1,570,solar,0.23517300517363715,0.0,0.23517300517363715,0.33726110982437957
1710,batt_tim570,1,570,battery,0.07815881501587903,0.0,0.07815881501587903,0.15276673220784048
1711,pltd_tim571,1,571,diesel,0.007722065459459751,0.0767,-0.06897793454054026,0.01697406682872203
1712,plts_tim571,1,571,solar,0.21940789100279992,0.0,0.21940789100279992,0.3181396204994618
1713,batt_tim571,1,571,battery,0.07638683826890108,0.0,0.07638683826890108,0.14384669851287724
1714,pltd_tim572,1,572,diesel,0.025177289983907395,0.2144,-0.18922271001609262,0.052179820529305476
1715,plts_tim572,1,572,solar,0.61569682585559,0.0,0.61569682585559,0.883926902618954
1716,batt_tim572,1,572,battery,0.21325946669504786,0.0,0.21325946669504786,0.39879107915843265
1717,pltd_tim573,1,573,diesel,0.004899481011839864,0.0487,-0.043800518988160134,0.0107705943706952
1718,plts_tim573,1,573,solar,0.13922594779386321,0.0,0.13922594779386321,0.20187131090597388
1719,batt_tim573,1,573,battery,0.04846667734500047,0.0,0.04846667734500047,0.09127577962346552
1720,pltd_tim574,1,574,diesel,0.007044551579344831,0.0699,-0.06285544842065517,0.015481194928806188
1721,plts_tim574,1,574,solar,0.1999788806217918,0.0,0.1999788806217918,0.2900229049957772
1722,batt_tim574,1,574,battery,0.06967364368332936,0.0,0.06967364368332936,0.13113394737742046
1723,pltd_tim575,1,575,diesel,0.004340931992951787,0.037,-0.03265906800704821,0.008996607079324231
1724,plts_tim575,1,575,solar,0.10615486882771166,0.0,0.10615486882771166,0.1524015840531277
1725,batt_tim575,1,575,battery,0.036769108577648896,0.0,0.036769108577648896,0.06875726687838336
1726,pltd_tim576,1,576,diesel,0.020195843679840952,0.2006,-0.18040415632015905,0.044388958875155045
1727,plts_tim576,1,576,solar,0.5735687001412763,0.0,0.5735687001412763,0.8317502849912319
1728,batt_tim576,1,576,battery,0.19976213392230444,0.0,0.19976213392230444,0.37607575767919693
1729,pltd_tim577,1,577,diesel,0.01091902067206705,0.1084,-0.09748097932793295,0.023999753398488186
1730,plts_tim577,1,577,solar,0.310141598766584,0.0,0.310141598766584,0.4497346193254087
1731,batt_tim577,1,577,battery,0.1080050641709991,0.0,0.1080050641709991,0.2033474497299102
1732,pltd_tim578,1,578,diesel,0.012997374745191985,0.1291,-0.11610262525480801,0.028567853865425482
1733,plts_tim578,1,578,solar,0.3691741349624593,0.0,0.3691741349624593,0.5353373489383777
1734,batt_tim578,1,578,battery,0.12856288151333672,0.0,0.12856288151333672,0.24205268571712787
1735,pltd_tim579,1,579,diesel,0.012918174798591893,0.1325,-0.11958182520140812,0.027540429195060133
1736,plts_tim579,1,579,solar,0.3845046519296942,0.0,0.3845046519296942,0.5514170615377675
1737,batt_tim579,1,579,battery,0.12778900930049047,0.0,0.12778900930049047,0.24977210336113692
1738,pltd_tim580,1,580,diesel,0.011596353055177684,0.1189,-0.10730364694482232,0.02472350676495457
1739,plts_tim580,1,580,solar,0.3451589392902537,0.0,0.3451589392902537,0.49499111696884013
1740,batt_tim580,1,580,battery,0.11471194824142641,0.0,0.11471194824142641,0.224212778875597
1741,pltd_tim581,1,581,diesel,0.011725942551301468,0.1165,-0.10477405744869854,0.025773057294514005
1742,plts_tim581,1,581,solar,0.33304580991131977,0.0,0.33304580991131977,0.4829526613866043
1743,batt_tim581,1,581,battery,0.11598546931315498,0.0,0.11598546931315498,0.21836700140434379
1744,pltd_tim582,1,582,diesel,0.005437620090586923,0.0558,-0.05036237990941308,0.01159282038315261
1745,plts_tim582,1,582,solar,0.16184966342557341,0.0,0.16184966342557341,0.23210774152332497
1746,batt_tim582,1,582,battery,0.05378970814808576,0.0,0.05378970814808576,0.10513633595470118
1747,pltd_tim583,1,583,diesel,0.010574829630189436,0.1084,-0.09782517036981056,0.02254497312894363
1748,plts_tim583,1,583,solar,0.3147572869074562,0.0,0.3147572869074562,0.4513920835348346
1749,batt_tim583,1,583,battery,0.10460817017453469,0.0,0.10460817017453469,0.2044643226903519
1750,pltd_tim584,1,584,diesel,0.018643653492339173,0.1852,-0.16655634650766082,0.040977382472769136
1751,plts_tim584,1,584,solar,0.5295265515844509,0.0,0.5295265515844509,0.7678709856663555
1752,batt_tim584,1,584,battery,0.1844116881854609,0.0,0.1844116881854609,0.3471928289451021
1753,pltd_tim585,1,585,diesel,0.023372873216064214,0.2397,-0.21632712678393579,0.04983006103249284
1754,plts_tim585,1,585,solar,0.6956842747748339,0.0,0.6956842747748339,0.9976784964365206
1755,batt_tim585,1,585,battery,0.23120804572470124,0.0,0.23120804572470124,0.4519120913397092
1756,pltd_tim586,1,586,diesel,0.020819284233069123,0.2135,-0.19268071576693088,0.04438542529411077
1757,plts_tim586,1,586,solar,0.6196779457391705,0.0,0.6196779457391705,0.8886781930415215
1758,batt_tim586,1,586,battery,0.2059479724261243,0.0,0.2059479724261243,0.40253909340687505
1759,pltd_tim587,1,587,diesel,0.017634728724767318,0.1808,-0.16316527127523267,0.037596010318565076
1760,plts_tim587,1,587,solar,0.5248933928675347,0.0,0.5248933928675347,0.7527475849903589
1761,batt_tim587,1,587,battery,0.17444651312199874,0.0,0.17444651312199874,0.34096783340165765
1762,pltd_tim588,1,588,diesel,0.015350518013920362,0.1328,-0.11744948198607964,0.03028635842577622
1763,plts_tim588,1,588,solar,0.38783186579602125,0.0,0.38783186579602125,0.5498784490744405
1764,batt_tim588,1,588,battery,0.13208170715325881,0.0,0.13208170715325881,0.24958624330220647
1765,pltd_tim589,1,589,diesel,0.012671548230702585,0.1066,-0.09392845176929741,0.025496362220238086
1766,plts_tim589,1,589,solar,0.3070131112584284,0.0,0.3070131112584284,0.44019040497680534
1767,batt_tim589,1,589,battery,0.10855931774473467,0.0,0.10855931774473467,0.20003034130608618
1768,pltd_tim590,1,590,diesel,0.020545650691919402,0.1728,-0.1522543493080806,0.0413403781006589
1769,plts_tim590,1,590,solar,0.49778626836014306,0.0,0.49778626836014306,0.7137175384255714
1770,batt_tim590,1,590,battery,0.17601596109382828,0.0,0.17601596109382828,0.3243253795692385
1771,pltd_tim591,1,591,diesel,0.013320383344741513,0.1152,-0.10187961665525848,0.026280912321893533
1772,plts_tim591,1,591,solar,0.33654094644853516,0.0,0.33654094644853516,0.4771566484141114
1773,batt_tim591,1,591,battery,0.11461426303184029,0.0,0.11461426303184029,0.21657824193351888
1774,pltd_tim592,1,592,diesel,0.012223811128269216,0.1214,-0.10917618887173078,0.02686580633459619
1775,plts_tim592,1,592,solar,0.3471301220017131,0.0,0.3471301220017131,0.5033938455508105
1776,batt_tim592,1,592,battery,0.1209067176452997,0.0,0.1209067176452997,0.22760959272017536
1777,pltd_tim593,1,593,diesel,0.009616269281714608,0.0832,-0.07358373071828539,0.018972540598981246
1778,plts_tim593,1,593,solar,0.24295803593192278,0.0,0.24295803593192278,0.34447166424550124
1779,batt_tim593,1,593,battery,0.0827424997346293,0.0,0.0827424997346293,0.1563534398984286
1780,pltd_tim594,1,594,diesel,0.04729823346379319,0.4091,-0.3618017665362068,0.09331671694122946
1781,plts_tim594,1,594,solar,1.194991257865483,0.0,1.194991257865483,1.6942903975956098
1782,batt_tim594,1,594,battery,0.4069717483706016,0.0,0.4069717483706016,0.7690276136981236
1783,pltd_tim595,1,595,diesel,0.009865762109645107,0.0853,-0.07543423789035489,0.019464064321630045
1784,plts_tim595,1,595,solar,0.24925675517316967,0.0,0.24925675517316967,0.3534026240208564
1785,batt_tim595,1,595,battery,0.08488760723723296,0.0,0.08488760723723296,0.16040726607493283
1786,pltd_tim596,1,596,diesel,0.013147452002623839,0.1106,-0.09745254799737617,0.02645454546217787
1787,plts_tim596,1,596,solar,0.3185486536619574,0.0,0.3185486536619574,0.45672880780857034
1788,batt_tim596,1,596,battery,0.11263742538389171,0.0,0.11263742538389171,0.20754552579687005
1789,pltd_tim597,1,597,diesel,0.007728707168673951,0.0669,-0.05917129283132605,0.015248322451446233
1790,plts_tim597,1,597,solar,0.19526615954213622,0.0,0.19526615954213622,0.27685327518096314
1791,batt_tim597,1,597,battery,0.06650042677733241,0.0,0.06650042677733241,0.1256618292519306
1792,pltd_tim598,1,598,diesel,0.007835563499208676,0.0678,-0.05996443650079132,0.015459471330533199
1793,plts_tim598,1,598,solar,0.19796505900159891,0.0,0.19796505900159891,0.28068021188434333
1794,batt_tim598,1,598,battery,0.06741975315203241,0.0,0.06741975315203241,0.12739883633526863
1795,pltd_tim599,1,599,diesel,0.008476638591871066,0.0733,-0.06482336140812894,0.016724014174273896
1796,plts_tim599,1,599,solar,0.21416267267592828,0.0,0.21416267267592828,0.3036454390808382
1797,batt_tim599,1,599,battery,0.07293593685055533,0.0,0.07293593685055533,0.13782277466896659
1798,pltd_tim600,1,600,diesel,0.004879362843758735,0.0422,-0.03732063715624127,0.009626936877381876
1799,plts_tim600,1,600,solar,0.12327784048879062,0.0,0.12327784048879062,0.17478677604289145
1800,batt_tim600,1,600,battery,0.04198406658180543,0.0,0.04198406658180543,0.07933440098135934
1801,pltd_tim601,1,601,diesel,0.011753220215830732,0.1017,-0.08994677978416926,0.02318888773095944
1802,plts_tim601,1,601,solar,0.29694785473889823,0.0,0.29694785473889823,0.4210207600909222
1803,batt_tim601,1,601,battery,0.10113027023056352,0.0,0.10113027023056352,0.1910985551463023
1804,pltd_tim602,1,602,diesel,0.009402581897619975,0.0813,-0.07189741810238003,0.018551265991054177
1805,plts_tim602,1,602,solar,0.23755815070956957,0.0,0.23755815070956957,0.33681618493672555
1806,batt_tim602,1,602,battery,0.08090374595238385,0.0,0.08090374595238385,0.15287847724154371
1807,pltd_tim603,1,603,diesel,0.008975265157146235,0.0776,-0.06862473484285377,0.017707385994891713
1808,plts_tim603,1,603,solar,0.22676075505077795,0.0,0.22676075505077795,0.32150696708742205
1809,batt_tim603,1,603,battery,0.0772264916656921,0.0,0.0772264916656921,0.1459300568938677
1810,pltd_tim604,1,604,diesel,0.0044520603185043755,0.0385,-0.03404793968149562,0.008783729961118956
1811,plts_tim604,1,604,solar,0.11248044482922887,0.0,0.11248044482922887,0.1594777928353061
1812,batt_tim604,1,604,battery,0.03830681229482677,0.0,0.03830681229482677,0.0723859543027994
1813,pltd_tim605,1,605,diesel,0.018555969883519572,0.1605,-0.14194403011648044,0.036609391272901165
1814,plts_tim605,1,605,solar,0.46881853606997237,0.0,0.46881853606997237,0.6647032760919566
1815,batt_tim605,1,605,battery,0.15966288780846516,0.0,0.15966288780846516,0.30170475182066264
1816,pltd_tim606,1,606,diesel,0.010186237975692007,0.0881,-0.077913762024308,0.020096999156640295
1817,plts_tim606,1,606,solar,0.2573542746873493,0.0,0.2573542746873493,0.3648840301558037
1818,batt_tim606,1,606,battery,0.08764601971018184,0.0,0.08764601971018184,0.16561875142631535
1819,pltd_tim607,1,607,diesel,0.015912028867983447,0.1488,-0.13288797113201653,0.035921494141097667
1820,plts_tim607,1,607,solar,0.4280097683184472,0.0,0.4280097683184472,0.6139702005870282
1821,batt_tim607,1,607,battery,0.1490721345857414,0.0,0.1490721345857414,0.2782132421154808
1822,pltd_tim608,1,608,diesel,0.005199976242299255,0.045,-0.039800023757700746,0.010259098197337188
1823,plts_tim608,1,608,solar,0.1313772021344975,0.0,0.1313772021344975,0.1862701396396474
1824,batt_tim608,1,608,battery,0.04474245122755332,0.0,0.04474245122755332,0.08454687929194193
1825,pltd_tim609,1,609,diesel,0.005973647291504148,0.0496,-0.04362635270849585,0.011378133569816871
1826,plts_tim609,1,609,solar,0.14482892832474586,0.0,0.14482892832474586,0.20529135223722095
1827,batt_tim609,1,609,battery,0.04982656892948138,0.0,0.04982656892948138,0.09295313960349344
1828,pltd_tim610,1,610,diesel,0.010055023765657386,0.0835,-0.07344497623434262,0.01915164384076352
1829,plts_tim610,1,610,solar,0.24378079771207745,0.0,0.24378079771207745,0.34555345420849054
1830,batt_tim610,1,610,battery,0.08387040098728743,0.0,0.08387040098728743,0.1564620540945107
1831,pltd_tim611,1,611,diesel,0.01025748836038213,0.0887,-0.07844251163961787,0.020237105220334884
1832,plts_tim611,1,611,solar,0.2591549614039441,0.0,0.2591549614039441,0.36743690736733287
1833,batt_tim611,1,611,battery,0.088259320238758,0.0,0.088259320238758,0.16677758599109568
1834,pltd_tim612,1,612,diesel,0.012358808996935262,0.1069,-0.09454119100306474,0.024383197123048605
1835,plts_tim612,1,612,solar,0.31224565771021073,0.0,0.31224565771021073,0.4427101206505103
1836,batt_tim612,1,612,battery,0.10633958477008218,0.0,0.10633958477008218,0.2009433482003503
1837,pltd_tim613,1,613,diesel,0.011575241435984318,0.1001,-0.08852475856401568,0.022837392162297073
1838,plts_tim613,1,613,solar,0.29244826856492107,0.0,0.29244826856492107,0.4146411938586522
1839,batt_tim613,1,613,battery,0.0995976433284756,0.0,0.0995976433284756,0.18820275238388035
1840,pltd_tim614,1,614,diesel,0.008405331984032845,0.0727,-0.06429466801596716,0.01658331541763581
1841,plts_tim614,1,614,solar,0.2123630069566479,0.0,0.2123630069566479,0.3010935583071627
1842,batt_tim614,1,614,battery,0.07232317514644504,0.0,0.07232317514644504,0.13666440501755744
1843,pltd_tim615,1,615,diesel,0.01029300004649598,0.089,-0.07870699995350401,0.020307912217975205
1844,plts_tim615,1,615,solar,0.2600546391754017,0.0,0.2600546391754017,0.36871194044889183
1845,batt_tim615,1,615,battery,0.08856511924397924,0.0,0.08856511924397924,0.16735580133637054
1846,pltd_tim616,1,616,diesel,0.015635127214805228,0.1553,-0.13966487278519477,0.034364547399944725
1847,plts_tim616,1,616,solar,0.4440572569365794,0.0,0.4440572569365794,0.6439371439101379
1848,batt_tim616,1,616,battery,0.15465152412323985,0.0,0.15465152412323985,0.29115618637933205
1849,pltd_tim617,1,617,diesel,0.0176656538197581,0.1528,-0.1351343461802419,0.034853133748015325
1850,plts_tim617,1,617,solar,0.4463220476042066,0.0,0.4463220476042066,0.6328074945085859
1851,batt_tim617,1,617,battery,0.15200151451691454,0.0,0.15200151451691454,0.28722741467072993
1852,pltd_tim618,1,618,diesel,0.01549296794391868,0.134,-0.11850703205608133,0.030567111196301015
1853,plts_tim618,1,618,solar,0.39143130847410124,0.0,0.39143130847410124,0.554981455685109
1854,batt_tim618,1,618,battery,0.1333072892672192,0.0,0.1333072892672192,0.2519023093454552
1855,pltd_tim619,1,619,diesel,0.016158578187138114,0.1605,-0.1443414218128619,0.03551803044506485
1856,plts_tim619,1,619,solar,0.4590705831951978,0.0,0.4590705831951978,0.6656629943045201
1857,batt_tim619,1,619,battery,0.15983865530607605,0.0,0.15983865530607605,0.30097934615924204
1858,pltd_tim620,1,620,diesel,0.01727969659904259,0.1716,-0.15432030340095743,0.03797902211297637
1859,plts_tim620,1,620,solar,0.4907488160445074,0.0,0.4907488160445074,0.7116507233464104
1860,batt_tim620,1,620,battery,0.17091772907194333,0.0,0.17091772907194333,0.3217728832541485
1861,pltd_tim621,1,621,diesel,0.012857402566842938,0.1112,-0.09834259743315706,0.02536663452573204
1862,plts_tim621,1,621,solar,0.3248440285666296,0.0,0.3248440285666296,0.46057197253800125
1863,batt_tim621,1,621,battery,0.11063029182936626,0.0,0.11063029182936626,0.2090510166391716
1864,pltd_tim622,1,622,diesel,0.014424486254981227,0.1248,-0.11037551374501876,0.028458665803598803
1865,plts_tim622,1,622,solar,0.36443658762211034,0.0,0.36443658762211034,0.5167075496089353
1866,batt_tim622,1,622,battery,0.12411400352595474,0.0,0.12411400352595474,0.23453028220835467
1867,pltd_tim623,1,623,diesel,0.00965139613462736,0.0958,-0.08614860386537264,0.021209855105774826
1868,plts_tim623,1,623,solar,0.2739788657138218,0.0,0.2739788657138218,0.39734392083944653
1869,batt_tim623,1,623,battery,0.09545643736591543,0.0,0.09545643736591543,0.17965940541043093
1870,pltd_tim624,1,624,diesel,0.00995946510107209,0.0989,-0.0889405348989279,0.021888524150788756
1871,plts_tim624,1,624,solar,0.28281023408664735,0.0,0.28281023408664735,0.41012529715598084
1872,batt_tim624,1,624,battery,0.09850844308146033,0.0,0.09850844308146033,0.1854380504886539
1873,pltd_tim625,1,625,diesel,0.006980807338094734,0.0604,-0.05341919266190527,0.013772562700204926
1874,plts_tim625,1,625,solar,0.17636944654824796,0.0,0.17636944654824796,0.2500613822118204
1875,batt_tim625,1,625,battery,0.06006481122927395,0.0,0.06006481122927395,0.11350124767292552
1876,pltd_tim626,1,626,diesel,0.008797156563337792,0.0761,-0.06730284343666221,0.01735670476231347
1877,plts_tim626,1,626,solar,0.2222611245642651,0.0,0.2222611245642651,0.31512726639284055
1878,batt_tim626,1,626,battery,0.07569384137790915,0.0,0.07569384137790915,0.14303397791503514
1879,pltd_tim627,1,627,diesel,0.00747937317888238,0.0647,-0.057220626821117615,0.014756172314054787
1880,plts_tim627,1,627,solar,0.18896777309589197,0.0,0.18896777309589197,0.26792319089355593
1881,batt_tim627,1,627,battery,0.06435549490509498,0.0,0.06435549490509498,0.12160862133428997
1882,pltd_tim628,1,628,diesel,0.008334112437925683,0.0721,-0.06376588756207431,0.0164422205894143
1883,plts_tim628,1,628,solar,0.21056371834143242,0.0,0.21056371834143242,0.29854266792399564
1884,batt_tim628,1,628,battery,0.0717106124566549,0.0,0.0717106124566549,0.13550679618344458
1885,pltd_tim629,1,629,diesel,0.006517762035418436,0.0564,-0.04988223796458156,0.012858545640388656
1886,plts_tim629,1,629,solar,0.16467195170349522,0.0,0.16467195170349522,0.23347613026982805
1887,batt_tim629,1,629,battery,0.05608153553846595,0.0,0.05608153553846595,0.10597354184524527
1888,pltd_tim630,1,630,diesel,0.016906442331385493,0.1679,-0.1509935576686145,0.03715926566666805
1889,plts_tim630,1,630,solar,0.4801855819782596,0.0,0.4801855819782596,0.6963213687988095
1890,batt_tim630,1,630,battery,0.16722820917305678,0.0,0.16722820917305678,0.3148416552772909
1891,pltd_tim631,1,631,diesel,0.01157575876984808,0.0986,-0.08702424123015191,0.023991112866703936
1892,plts_tim631,1,631,solar,0.2830781736151925,0.0,0.2830781736151925,0.40640245643574996
1893,batt_tim631,1,631,battery,0.09805015878182867,0.0,0.09805015878182867,0.18335173370198515
1894,pltd_tim632,1,632,diesel,0.010653372703069697,0.0961,-0.08544662729693031,0.02370534108894844
1895,plts_tim632,1,632,solar,0.2773423283953114,0.0,0.2773423283953114,0.395950603015741
1896,batt_tim632,1,632,battery,0.09637504063330209,0.0,0.09637504063330209,0.1788913671693643
1897,pltd_tim633,1,633,diesel,0.00770512427840747,0.0656,-0.057894875721592534,0.015969007577560458
1898,plts_tim633,1,633,solar,0.18842383713386035,0.0,0.18842383713386035,0.27051145052851605
1899,batt_tim633,1,633,battery,0.06526479793165701,0.0,0.06526479793165701,0.12204348219404229
1900,pltd_tim634,1,634,diesel,0.0057155505474025614,0.0487,-0.04298444945259744,0.011845968713751
1901,plts_tim634,1,634,solar,0.13976923150841222,0.0,0.13976923150841222,0.2006604898528631
1902,batt_tim634,1,634,battery,0.048412132764536805,0.0,0.048412132764536805,0.09052941181507868
1903,pltd_tim635,1,635,diesel,0.004847265569410188,0.0413,-0.036452734430589814,0.010046278451771784
1904,plts_tim635,1,635,solar,0.11853943755381345,0.0,0.11853943755381345,0.17018108332440632
1905,batt_tim635,1,635,battery,0.041058348277451924,0.0,0.041058348277451924,0.07677862898677056
1906,pltd_tim636,1,636,diesel,0.00578788954950806,0.0493,-0.043512110450491935,0.011995042195893514
1907,plts_tim636,1,636,solar,0.14153970270037194,0.0,0.14153970270037194,0.2032016007311801
1908,batt_tim636,1,636,battery,0.04902541202232401,0.0,0.04902541202232401,0.0916760915591753
1909,pltd_tim637,1,637,diesel,0.009151019133482072,0.0826,-0.07344898086651794,0.02036278887268791
1910,plts_tim637,1,637,solar,0.23822928312674727,0.0,0.23822928312674727,0.3401112175936167
1911,batt_tim637,1,637,battery,0.08278327380944178,0.0,0.08278327380944178,0.15366276059291475
1912,pltd_tim638,1,638,diesel,0.003721853012991364,0.0336,-0.029878146987008636,0.008281363861848155
1913,plts_tim638,1,638,solar,0.09689218431469648,0.0,0.09689218431469648,0.1383290327735127
1914,batt_tim638,1,638,battery,0.03367008839081313,0.0,0.03367008839081313,0.062497329551739096
1915,pltd_tim639,1,639,diesel,0.006975438847516179,0.0579,-0.050924561152483824,0.013285980957003661
1916,plts_tim639,1,639,solar,0.1691175156374438,0.0,0.1691175156374438,0.2397198106621161
1917,batt_tim639,1,639,battery,0.058182827314964415,0.0,0.058182827314964415,0.10854203361618067
1918,pltd_tim640,1,640,diesel,0.004266825724709898,0.0354,-0.031133174275290103,0.008127755355211326
1919,plts_tim640,1,640,solar,0.10344888819050067,0.0,0.10344888819050067,0.14663621296586687
1920,batt_tim640,1,640,battery,0.03559007551404508,0.0,0.03559007551404508,0.06639458447248557
1921,pltd_tim641,1,641,diesel,0.004609448120250879,0.0416,-0.03699055187974912,0.010256415418891555
1922,plts_tim641,1,641,solar,0.12000486733548897,0.0,0.12000486733548897,0.17132613238330072
1923,batt_tim641,1,641,battery,0.04170135853849632,0.0,0.04170135853849632,0.07740583026519865
1924,pltd_tim642,1,642,diesel,0.01679938964209071,0.1516,-0.1348006103579093,0.03738141254289956
1925,plts_tim642,1,642,solar,0.43734809000864067,0.0,0.43734809000864067,0.6243841577114192
1926,batt_tim642,1,642,battery,0.1519761348759462,0.0,0.1519761348759462,0.2820981542010577
1927,pltd_tim643,1,643,diesel,0.008023998714200767,0.0724,-0.06437600128579923,0.017854119634053527
1928,plts_tim643,1,643,solar,0.20889618343862257,0.0,0.20889618343862257,0.29823319744740917
1929,batt_tim643,1,643,battery,0.07259033643584377,0.0,0.07259033643584377,0.13474245561670317
1930,pltd_tim644,1,644,diesel,0.017584730121165,0.1587,-0.141115269878835,0.03912831746525497
1931,plts_tim644,1,644,solar,0.4577930132832237,0.0,0.4577930132832237,0.6535733731623289
1932,batt_tim644,1,644,battery,0.15908127792659643,0.0,0.15908127792659643,0.2952859988295269
1933,pltd_tim645,1,645,diesel,0.006658369129087849,0.0601,-0.05344163087091215,0.014815979508474892
1934,plts_tim645,1,645,solar,0.17333899467888417,0.0,0.17333899467888417,0.2474691406592982
1935,batt_tim645,1,645,battery,0.0602347961823878,0.0,0.0602347961823878,0.11180701637341976
1936,pltd_tim646,1,646,diesel,0.013828690424722045,0.1248,-0.11097130957527795,0.03077068595361641
1937,plts_tim646,1,646,solar,0.36001234923004133,0.0,0.36001234923004133,0.5139754383746795
1938,batt_tim646,1,646,battery,0.12510288821150808,0.0,0.12510288821150808,0.23221540529614917
1939,pltd_tim647,1,647,diesel,0.007955869872510807,0.0718,-0.0638441301274892,0.017702972477939137
1940,plts_tim647,1,647,solar,0.20711764694760054,0.0,0.20711764694760054,0.2956939895748239
1941,batt_tim647,1,647,battery,0.07197190256101296,0.0,0.07197190256101296,0.13359508683217516
1942,pltd_tim648,1,648,diesel,0.005181696610168403,0.0514,-0.0462183033898316,0.011388247872092904
1943,plts_tim648,1,648,solar,0.14712830214070302,0.0,0.14712830214070302,0.21336631137800183
1944,batt_tim648,1,648,battery,0.051251679108129895,0.0,0.051251679108129895,0.09647344349139549
1945,pltd_tim649,1,649,diesel,0.007887577331527132,0.0712,-0.06331242266847287,0.017551220501616824
1946,plts_tim649,1,649,solar,0.2053396062310146,0.0,0.2053396062310146,0.29315542867325967
1947,batt_tim649,1,649,battery,0.0713547299996144,0.0,0.0713547299996144,0.13244795031630996
1948,pltd_tim650,1,650,diesel,0.005872897291510132,0.053,-0.04712710270848987,0.013068070861371718
1949,plts_tim650,1,650,solar,0.15289445425971718,0.0,0.15289445425971718,0.21828123271322683
1950,batt_tim650,1,650,battery,0.05312985492709829,0.0,0.05312985492709829,0.09862009146154209
1951,pltd_tim651,1,651,diesel,0.009424165218533221,0.085,-0.07557583478146679,0.02097032611850603
1952,plts_tim651,1,651,solar,0.2453411760760514,0.0,0.2453411760760514,0.35026423622394054
1953,batt_tim651,1,651,battery,0.08525482178654258,0.0,0.08525482178654258,0.15824998754321784
1954,pltd_tim652,1,652,diesel,0.009390039610053316,0.0847,-0.07530996038994668,0.020894124962219828
1955,plts_tim652,1,652,solar,0.24445220070397414,0.0,0.24445220070397414,0.3489952674804631
1956,batt_tim652,1,652,battery,0.08494625921726248,0.0,0.08494625921726248,0.15767672222969045
1957,pltd_tim653,1,653,diesel,0.011028683193985013,0.0995,-0.088471316806015,0.024540976254609558
1958,plts_tim653,1,653,solar,0.28712035881061637,0.0,0.28712035881061637,0.4099106568237875
1959,batt_tim653,1,653,battery,0.09977286063508668,0.0,0.09977286063508668,0.18519832612996573
1960,pltd_tim654,1,654,diesel,0.010755562275011602,0.097,-0.0862444377249884,0.023933131998424843
1961,plts_tim654,1,654,solar,0.2800092545121663,0.0,0.2800092545121663,0.3997576526397053
1962,batt_tim654,1,654,battery,0.09730172834136405,0.0,0.09730172834136405,0.1806114983315038
1963,pltd_tim655,1,655,diesel,0.006556112349181226,0.0591,-0.05254388765081877,0.014588588423632733
1964,plts_tim655,1,655,solar,0.17067173070371539,0.0,0.17067173070371539,0.24366140811055922
1965,batt_tim655,1,655,battery,0.05930793039609265,0.0,0.05930793039609265,0.11008633086259387
1966,pltd_tim656,1,656,diesel,0.003585011691925663,0.0323,-0.02871498830807434,0.007977244000114053
1967,plts_tim656,1,656,solar,0.09333707147771378,0.0,0.09333707147771378,0.13325313965762312
1968,batt_tim656,1,656,battery,0.032434253797515855,0.0,0.032434253797515855,0.060204421880795674
1969,pltd_tim657,1,657,diesel,0.0061760480152161885,0.0613,-0.055123951984783814,0.01357205397336105
1970,plts_tim657,1,657,solar,0.17530839582899435,0.0,0.17530839582899435,0.2542492185605366
1971,batt_tim657,1,657,battery,0.0610833282387449,0.0,0.0610833282387449,0.11495880865684532
1972,pltd_tim658,1,658,diesel,0.004052113603958357,0.0379,-0.033847886396041645,0.009147387544432676
1973,plts_tim658,1,658,solar,0.10899690479943164,0.0,0.10899690479943164,0.1563531508300315
1974,batt_tim658,1,658,battery,0.03796232139148492,0.0,0.03796232139148492,0.07084963954537919
1975,pltd_tim659,1,659,diesel,0.0051722425755838615,0.0484,-0.04322775742441614,0.011676493055092033
1976,plts_tim659,1,659,solar,0.13912525296400685,0.0,0.13912525296400685,0.1995718174134729
1977,batt_tim659,1,659,battery,0.048455859120869006,0.0,0.048455859120869006,0.09043341017332689
1978,pltd_tim660,1,660,diesel,0.008063208374528466,0.0801,-0.07203679162547154,0.017724362581036143
1979,plts_tim660,1,660,solar,0.22909945756570566,0.0,0.22909945756570566,0.33219302871597567
1980,batt_tim660,1,660,battery,0.07976184328779268,0.0,0.07976184328779268,0.15020084038928105
1981,pltd_tim661,1,661,diesel,0.006624230233033807,0.0598,-0.05317576976696619,0.014739885258846744
1982,plts_tim661,1,661,solar,0.17245080795946677,0.0,0.17245080795946677,0.24620078600780804
1983,batt_tim661,1,661,battery,0.05992564929778971,0.0,0.05992564929778971,0.11123395287142546
1984,pltd_tim662,1,662,diesel,0.009916181912151887,0.0927,-0.08278381808784811,0.02238624483546593
1985,plts_tim662,1,662,solar,0.26673032802721347,0.0,0.26673032802721347,0.38261876778332077
1986,batt_tim662,1,662,battery,0.09289994739064991,0.0,0.09289994739064991,0.17337906532933156
1987,pltd_tim663,1,663,diesel,0.0063168422851272886,0.057,-0.050683157714872716,0.014055940336365032
1988,plts_tim663,1,663,solar,0.1644502325129678,0.0,0.1644502325129678,0.23477924155280686
1989,batt_tim663,1,663,battery,0.05714569312085898,0.0,0.05714569312085898,0.10607375761034653
1990,pltd_tim664,1,664,diesel,0.006009577066240988,0.0542,-0.04819042293375901,0.013371952389558003
1991,plts_tim664,1,664,solar,0.15644956709582458,0.0,0.15644956709582458,0.2233569172567509
1992,batt_tim664,1,664,battery,0.05436568952050363,0.0,0.05436568952050363,0.10091305062232452
1993,pltd_tim665,1,665,diesel,0.011873058067662022,0.0986,-0.08672694193233797,0.02261448493879862
1994,plts_tim665,1,665,solar,0.2878592343266743,0.0,0.2878592343266743,0.4080332117321526
1995,batt_tim665,1,665,battery,0.09903474101412522,0.0,0.09903474101412522,0.18475208138882432
1996,pltd_tim666,1,666,diesel,0.012949062666323556,0.1075,-0.09455093733367645,0.024663950949364754
1997,plts_tim666,1,666,solar,0.3139471715105357,0.0,0.3139471715105357,0.445011488687959
1998,batt_tim666,1,666,battery,0.108009791201866,0.0,0.108009791201866,0.20149531279987684
1999,pltd_tim667,1,667,diesel,0.007457720974238264,0.0619,-0.054442279025761736,0.014204711403883224
2000,plts_tim667,1,667,solar,0.18081224197656537,0.0,0.18081224197656537,0.25629639808393895
2001,batt_tim667,1,667,battery,0.06220640521055916,0.0,0.06220640521055916,0.11604771564138076
2002,pltd_tim668,1,668,diesel,0.016436741290546085,0.1365,-0.12006325870945392,0.03130736384211948
2003,plts_tim668,1,668,solar,0.39850501444445385,0.0,0.39850501444445385,0.5648706938016188
2004,batt_tim668,1,668,battery,0.1371007082074656,0.0,0.1371007082074656,0.2557658044315844
2005,pltd_tim669,1,669,diesel,0.00676486658878316,0.0672,-0.06043513341121683,0.014867230661003124
2006,plts_tim669,1,669,solar,0.192053587741206,0.0,0.192053587741206,0.2785249436622763
2007,batt_tim669,1,669,battery,0.06690842795446017,0.0,0.06690842795446017,0.12593501747543007
2008,pltd_tim670,1,670,diesel,0.01090829554061292,0.0906,-0.07969170445938709,0.020777721100521306
2009,plts_tim670,1,670,solar,0.2644704652196744,0.0,0.2644704652196744,0.3748802218604737
2010,batt_tim670,1,670,battery,0.09098795630520712,0.0,0.09098795630520712,0.16974054942197778
2011,pltd_tim671,1,671,diesel,0.01172462817808505,0.0974,-0.08567537182191495,0.022331586115054022
2012,plts_tim671,1,671,solar,0.2842617032125927,0.0,0.2842617032125927,0.40293293186485796
2013,batt_tim671,1,671,battery,0.09779679180889608,0.0,0.09779679180889608,0.18244298638169587
2014,pltd_tim672,1,672,diesel,0.01606576108225886,0.1334,-0.11733423891774113,0.030600460358875977
2015,plts_tim672,1,672,solar,0.38950954420734285,0.0,0.38950954420734285,0.5521199555374072
2016,batt_tim672,1,672,battery,0.1340064435759004,0.0,0.1340064435759004,0.24999261047295268
2017,pltd_tim673,1,673,diesel,0.01050023683226429,0.0872,-0.0766997631677357,0.01999969229600626
2018,plts_tim673,1,673,solar,0.2545759483735771,0.0,0.2545759483735771,0.3608543905717276
2019,batt_tim673,1,673,battery,0.08758363686469722,0.0,0.08758363686469722,0.16339032407733498
2020,pltd_tim674,1,674,diesel,0.00879342733596134,0.073,-0.06420657266403866,0.016749298632430028
2021,plts_tim674,1,674,solar,0.21319566571103837,0.0,0.21319566571103837,0.30219941425231606
2022,batt_tim674,1,674,battery,0.07334801179075558,0.0,0.07334801179075558,0.13683182751090583
2023,pltd_tim675,1,675,diesel,0.004971773937962116,0.0413,-0.03632822606203789,0.009469695385030098
2024,plts_tim675,1,675,solar,0.12054164167783146,0.0,0.12054164167783146,0.17086409460821267
2025,batt_tim675,1,675,battery,0.04147101662114452,0.0,0.04147101662114452,0.07736509280792296
2026,pltd_tim676,1,676,diesel,0.020481026485970572,0.1701,-0.14961897351402942,0.03901006446297856
2027,plts_tim676,1,676,solar,0.49655755068299406,0.0,0.49655755068299406,0.70385738587015
2028,batt_tim676,1,676,battery,0.17083532990563832,0.0,0.17083532990563832,0.3186974294726091
2029,pltd_tim677,1,677,diesel,0.01982258940647604,0.1969,-0.17707741059352394,0.04356881650292803
2030,plts_tim677,1,677,solar,0.5630054661254255,0.0,0.5630054661254255,0.8164206762552227
2031,batt_tim677,1,677,battery,0.1960726139814233,0.0,0.1960726139814233,0.3691445221843211
2032,pltd_tim678,1,678,diesel,0.01009209664528347,0.0838,-0.07370790335471653,0.0192219164360296
2033,plts_tim678,1,678,solar,0.24468085844594162,0.0,0.24468085844594162,0.3468286946310591
2034,batt_tim678,1,678,battery,0.0841800063222197,0.0,0.0841800063222197,0.1570394728464291
2035,pltd_tim679,1,679,diesel,0.010426049787366233,0.0866,-0.07617395021263376,0.019858642805996272
2036,plts_tim679,1,679,solar,0.2527765544900467,0.0,0.2527765544900467,0.3583042356024901
2037,batt_tim679,1,679,battery,0.08696482116991835,0.0,0.08696482116991835,0.16223550903627573
2038,pltd_tim680,1,680,diesel,0.0071237937084764735,0.0591,-0.051976206291523525,0.013569246274603493
2039,plts_tim680,1,680,solar,0.17271524526706866,0.0,0.17271524526706866,0.24481948685329524
2040,batt_tim680,1,680,battery,0.059420884285999696,0.0,0.059420884285999696,0.11085082730127309
2041,pltd_tim681,1,681,diesel,0.011464896370154281,0.0952,-0.08373510362984572,0.021836538888325097
2042,plts_tim681,1,681,solar,0.2779649159959343,0.0,0.2779649159959343,0.3940073438202909
2043,batt_tim681,1,681,battery,0.09563052933931619,0.0,0.09563052933931619,0.1784016074192847
2044,pltd_tim682,1,682,diesel,0.014672960740911685,0.1457,-0.13102703925908832,0.03224999166242717
2045,plts_tim682,1,682,solar,0.4167488309382966,0.0,0.4167488309382966,0.604330535054083
2046,batt_tim682,1,682,battery,0.14513538971740256,0.0,0.14513538971740256,0.2732479337100556
2047,pltd_tim683,1,683,diesel,0.00890228508367195,0.0884,-0.07949771491632805,0.019567404685774992
2048,plts_tim683,1,683,solar,0.25287533622152897,0.0,0.25287533622152897,0.36668775134781273
2049,batt_tim683,1,683,battery,0.08805782379498275,0.0,0.08805782379498275,0.1657977736838149
2050,pltd_tim684,1,684,diesel,0.008058392778057612,0.0727,-0.06464160722194238,0.01793076779610459
2051,plts_tim684,1,684,solar,0.20978457306245368,0.0,0.20978457306245368,0.2995012673204401
2052,batt_tim684,1,684,battery,0.07289959026797281,0.0,0.07289959026797281,0.135315242269658
2053,pltd_tim685,1,685,diesel,0.010448276400164226,0.0943,-0.08385172359983577,0.023248880367235335
2054,plts_tim685,1,685,solar,0.27200946771418943,0.0,0.27200946771418943,0.38833697646654186
2055,batt_tim685,1,685,battery,0.09452218784613735,0.0,0.09452218784613735,0.1754516320319844
2056,pltd_tim686,1,686,diesel,0.006146369517852075,0.0555,-0.04935363048214793,0.013675838772619194
2057,plts_tim686,1,686,solar,0.16000555855400084,0.0,0.16000555855400084,0.22843368939135333
2058,batt_tim686,1,686,battery,0.055600987219874866,0.0,0.055600987219874866,0.1032067499475211
2059,pltd_tim687,1,687,diesel,0.0063510566524427655,0.0573,-0.05094894334755723,0.014132286309623182
2060,plts_tim687,1,687,solar,0.16533837424640477,0.0,0.16533837424640477,0.23604708896206106
2061,batt_tim687,1,687,battery,0.05745381629500167,0.0,0.05745381629500167,0.10664641874939493
2062,pltd_tim688,1,688,diesel,0.0035169480819515816,0.0317,-0.028183051918048416,0.00782596447577531
2063,plts_tim688,1,688,solar,0.09155848999870389,0.0,0.09155848999870389,0.13071405025308352
2064,batt_tim688,1,688,battery,0.03181579621068252,0.0,0.03181579621068252,0.05905672508779567
2065,pltd_tim689,1,689,diesel,0.006487486839544188,0.0585,-0.05201251316045581,0.01443571847408518
2066,plts_tim689,1,689,solar,0.1688949064691458,0.0,0.1688949064691458,0.24112466335249658
2067,batt_tim689,1,689,battery,0.058690399020110764,0.0,0.058690399020110764,0.10894077884096585
2068,pltd_tim690,1,690,diesel,0.004848642172341633,0.0437,-0.03885135782765837,0.010789235550007693
2069,plts_tim690,1,690,solar,0.12622607265131686,0.0,0.12622607265131686,0.18020777780813374
2070,batt_tim690,1,690,battery,0.043862441444603224,0.0,0.043862441444603224,0.08141798836773456
2071,pltd_tim691,1,691,diesel,0.006146369517873,0.0555,-0.049353630482127,0.013675838772736969
2072,plts_tim691,1,691,solar,0.16000555855385423,0.0,0.16000555855385423,0.22843368939116765
2073,batt_tim691,1,691,battery,0.05560098721993102,0.0,0.05560098721993102,0.10320674994714733
2074,pltd_tim692,1,692,diesel,0.011758134181441735,0.1168,-0.10504186581855826,0.025842308389022375
2075,plts_tim692,1,692,solar,0.3339174774204136,0.0,0.3339174774204136,0.48422922029006643
2076,batt_tim692,1,692,battery,0.1163007113464357,0.0,0.1163007113464357,0.2189442967512386
2077,pltd_tim693,1,693,diesel,0.0070338807023733714,0.0635,-0.05646611929762663,0.01565069845670394
2078,plts_tim693,1,693,solar,0.1831177008118786,0.0,0.1831177008118786,0.261430130140383
2079,batt_tim693,1,693,battery,0.06363297234177985,0.0,0.06363297234177985,0.11811508819355047
2080,pltd_tim694,1,694,diesel,0.005208773443861552,0.0518,-0.04659122655613845,0.01145041279953254
2081,plts_tim694,1,694,solar,0.14804584685321975,0.0,0.14804584685321975,0.21465109902582089
2082,batt_tim694,1,694,battery,0.0515295304330199,0.0,0.0515295304330199,0.09705452078755852
2083,pltd_tim695,1,695,diesel,0.006863235065959085,0.0619,-0.05503676493404091,0.015272423130014213
2084,plts_tim695,1,695,solar,0.1786723511352376,0.0,0.1786723511352376,0.25508336855606606
2085,batt_tim695,1,695,battery,0.062087910282849185,0.0,0.062087910282849185,0.11524695400425088
2086,pltd_tim696,1,696,diesel,0.015126249382385853,0.1365,-0.12137375061761416,0.033658387729899555
2087,plts_tim696,1,696,solar,0.3937904157588927,0.0,0.3937904157588927,0.562199759949162
2088,batt_tim696,1,696,battery,0.13684068585847137,0.0,0.13684068585847137,0.25400296723034854
2089,pltd_tim697,1,697,diesel,0.010410324583155647,0.0974,-0.08698967541684435,0.02350127730487077
2090,plts_tim697,1,697,solar,0.28002343781212236,0.0,0.28002343781212236,0.40168641199742827
2091,batt_tim697,1,697,battery,0.09752945851953748,0.0,0.09752945851953748,0.18201962835619012
2092,pltd_tim698,1,698,diesel,0.010509137666481056,0.0983,-0.08779086233351895,0.023724974846263812
2093,plts_tim698,1,698,solar,0.2826807593258017,0.0,0.2826807593258017,0.40549924306822754
2094,batt_tim698,1,698,battery,0.09845547658142641,0.0,0.09845547658142641,0.18374679882076633
2095,pltd_tim699,1,699,diesel,0.0044144515764433625,0.0413,-0.03688554842355664,0.009965702301260716
2096,plts_tim699,1,699,solar,0.11874448090151402,0.0,0.11874448090151402,0.1703355072426726
2097,batt_tim699,1,699,battery,0.04135752563068053,0.0,0.04135752563068053,0.07718556095710102
2098,pltd_tim700,1,700,diesel,0.018477572628884577,0.1534,-0.13492242737111543,0.03519366313624038
2099,plts_tim700,1,700,solar,0.44798127969194884,0.0,0.44798127969194884,0.6350023101147573
2100,batt_tim700,1,700,battery,0.15412330368009972,0.0,0.15412330368009972,0.28752086499137863
2101,pltd_tim701,1,701,diesel,0.018711565464695958,0.1688,-0.15008843453530404,0.0416361047874325
2102,plts_tim701,1,701,solar,0.48712690163168654,0.0,0.48712690163168654,0.6954520725892912
2103,batt_tim701,1,701,battery,0.16927463098875342,0.0,0.16927463098875342,0.314206695675053
2104,pltd_tim702,1,702,diesel,0.01020342444008945,0.0847,-0.07449657555991054,0.0194346998134501
2105,plts_tim702,1,702,solar,0.24737881388233895,0.0,0.24737881388233895,0.35065329085049685
2106,batt_tim702,1,702,battery,0.08510761350926231,0.0,0.08510761350926231,0.15877108117833863
2107,pltd_tim703,1,703,diesel,0.029432903285258022,0.2656,-0.23616709671474198,0.06549290753066031
2108,plts_tim703,1,703,solar,0.7662482625080737,0.0,0.7662482625080737,1.0939420223145644
2109,batt_tim703,1,703,battery,0.26626736692006875,0.0,0.26626736692006875,0.49424541553408424
2110,pltd_tim704,1,704,diesel,0.003788532811455979,0.0354,-0.031611467188544025,0.008553430952656824
2111,plts_tim704,1,704,solar,0.10190636466131235,0.0,0.10190636466131235,0.1461825804242959
2112,batt_tim704,1,704,battery,0.03549298498656581,0.0,0.03549298498656581,0.06624053006168805
2113,pltd_tim705,1,705,diesel,0.006555888990313611,0.0613,-0.05474411100968639,0.014800416654596164
2114,plts_tim705,1,705,solar,0.17634308680467703,0.0,0.17634308680467703,0.2529604028564569
2115,batt_tim705,1,705,battery,0.061419178502387234,0.0,0.061419178502387234,0.11462568731243271
2116,pltd_tim706,1,706,diesel,0.018415686627834393,0.1722,-0.1537843133721656,0.041574105149264975
2117,plts_tim706,1,706,solar,0.49535696095732207,0.0,0.49535696095732207,0.7105775367680838
2118,batt_tim706,1,706,battery,0.17252852339133234,0.0,0.17252852339133234,0.3219897124081857
2119,pltd_tim707,1,707,diesel,0.009652619651160573,0.0903,-0.08064738034883943,0.021791426686343915
2120,plts_tim707,1,707,solar,0.25964084235628676,0.0,0.25964084235628676,0.37244916415312057
2121,batt_tim707,1,707,battery,0.09043016574120072,0.0,0.09043016574120072,0.16877053564169991
2122,pltd_tim708,1,708,diesel,0.00992607003754492,0.0986,-0.08867392996245507,0.021817166036907244
2123,plts_tim708,1,708,solar,0.28195003591250145,0.0,0.28195003591250145,0.40885041520928356
2124,batt_tim708,1,708,battery,0.09818386846553703,0.0,0.09818386846553703,0.18486165368347957
2125,pltd_tim709,1,709,diesel,0.01693862728386316,0.1682,-0.15126137271613682,0.03722912901111024
2126,plts_tim709,1,709,solar,0.4810572494820338,0.0,0.4810572494820338,0.6975978648022269
2127,batt_tim709,1,709,battery,0.16754339071929017,0.0,0.16754339071929017,0.31541870940508104
2128,pltd_tim710,1,710,diesel,0.0341504172345577,0.3392,-0.3050495827654423,0.07506397158407122
2129,plts_tim710,1,710,solar,0.9700971388374154,0.0,0.9700971388374154,1.4067026757919532
2130,batt_tim710,1,710,battery,0.3378034253582256,0.0,0.3378034253582256,0.6360401427283949
2131,pltd_tim711,1,711,diesel,0.012123446443383819,0.1134,-0.10127655355661619,0.027369254136478827
2132,plts_tim711,1,711,solar,0.326102019464904,0.0,0.326102019464904,0.4677859506179036
2133,batt_tim711,1,711,battery,0.11357842137156847,0.0,0.11357842137156847,0.21197133188252537
2134,pltd_tim712,1,712,diesel,0.022603967244943537,0.2039,-0.18129603275505646,0.05029748316823107
2135,plts_tim712,1,712,solar,0.5884640529274339,0.0,0.5884640529274339,0.8401269963188225
2136,batt_tim712,1,712,battery,0.20448857972138912,0.0,0.20448857972138912,0.379571163039554
2137,pltd_tim713,1,713,diesel,0.026701445024656448,0.2409,-0.21419855497534357,0.05941493775778274
2138,plts_tim713,1,713,solar,0.6951343127936178,0.0,0.6951343127936178,0.9924157560237857
2139,batt_tim713,1,713,battery,0.24155551189902863,0.0,0.24155551189902863,0.4483754063916384
2140,pltd_tim714,1,714,diesel,0.04134980114918041,0.3731,-0.3317501988508196,0.0920096088106741
2141,plts_tim714,1,714,solar,1.0764804709052846,0.0,1.0764804709052846,1.5368486837277107
2142,batt_tim714,1,714,battery,0.374072058412617,0.0,0.374072058412617,0.6943514278939708
2143,pltd_tim715,1,715,diesel,0.06006100576235631,0.5419,-0.48183899423764376,0.13364489836845062
2144,plts_tim715,1,715,solar,1.5636079584872373,0.0,1.5636079584872373,2.232301720604103
2145,batt_tim715,1,715,battery,0.5433469982408865,0.0,0.5433469982408865,1.008558944905216
2146,pltd_tim716,1,716,diesel,0.04749577963244993,0.4285,-0.38100422036755005,0.10568530614122476
2147,plts_tim716,1,716,solar,1.2364862325286605,0.0,1.2364862325286605,1.7652819255804315
2148,batt_tim716,1,716,battery,0.429673152660741,0.0,0.429673152660741,0.7975582006460473
2149,pltd_tim717,1,717,diesel,0.025438168536826133,0.2295,-0.2040618314631739,0.05660376549891181
2150,plts_tim717,1,717,solar,0.6622444329832968,0.0,0.6622444329832968,0.9454601280286605
2151,batt_tim717,1,717,battery,0.23012686113649597,0.0,0.23012686113649597,0.4271609000831545
2152,pltd_tim718,1,718,diesel,0.048793329785320895,0.4402,-0.39140667021467906,0.10857276266343412
2153,plts_tim718,1,718,solar,1.270264344043583,0.0,1.270264344043583,1.813506369843866
2154,batt_tim718,1,718,battery,0.44141097401905977,0.0,0.44141097401905977,0.819346092846357
2155,pltd_tim719,1,719,diesel,0.06381721348034262,0.5758,-0.5119827865196573,0.14200327358957807
2156,plts_tim719,1,719,solar,1.6613888254418105,0.0,1.6613888254418105,2.371899318465986
2157,batt_tim719,1,719,battery,0.5773244949025015,0.0,0.5773244949025015,1.0716290144459637
2158,pltd_tim720,1,720,diesel,0.048110417695564144,0.4341,-0.38598958230443586,0.1070531525491323
2159,plts_tim720,1,720,solar,1.2524864368580217,0.0,1.2524864368580217,1.7881252380559522
2160,batt_tim720,1,720,battery,0.43523356609921005,0.0,0.43523356609921005,0.8078788295127944
2161,pltd_tim721,1,721,diesel,0.02282581713074852,0.1944,-0.17157418286925147,0.04730786902317809
2162,plts_tim721,1,721,solar,0.5581956338338682,0.0,0.5581956338338682,0.8013748177396685
2163,batt_tim721,1,721,battery,0.193342521539121,0.0,0.193342521539121,0.3615464752351339
2164,pltd_tim722,1,722,diesel,0.014578249400977602,0.1242,-0.1096217505990224,0.030213852207991977
2165,plts_tim722,1,722,solar,0.3565017221147339,0.0,0.3565017221147339,0.5118133886711006
2166,batt_tim722,1,722,battery,0.12348219824801375,0.0,0.12348219824801375,0.23090882172587285
2167,pltd_tim723,1,723,diesel,0.017544358290740324,0.1494,-0.13185564170925967,0.03636249109069426
2168,plts_tim723,1,723,solar,0.4290402621795204,0.0,0.4290402621795204,0.6159528423152171
2169,batt_tim723,1,723,battery,0.148607220780212,0.0,0.148607220780212,0.27789189832549865
2170,pltd_tim724,1,724,diesel,0.011214055141816379,0.0955,-0.08428594485818362,0.02324075242617045
2171,plts_tim724,1,724,solar,0.274232710663442,0.0,0.274232710663442,0.39370284227246405
2172,batt_tim724,1,724,battery,0.09498648559682651,0.0,0.09498648559682651,0.1776222973759909
2173,pltd_tim725,1,725,diesel,0.009731296739769165,0.0878,-0.07806870326023084,0.021654084188287584
2174,plts_tim725,1,725,solar,0.2533417515230532,0.0,0.2533417515230532,0.361685487376028
2175,batt_tim725,1,725,battery,0.0880347779642052,0.0,0.0880347779642052,0.1634103024872044
2176,pltd_tim726,1,726,diesel,0.0047026716380264,0.04,-0.0352973283619736,0.00974630821292492
2177,plts_tim726,1,726,solar,0.11500033177781693,0.0,0.11500033177781693,0.16510061991372912
2178,batt_tim726,1,726,battery,0.03983278176410058,0.0,0.03983278176410058,0.07448667160423643
2179,pltd_tim727,1,727,diesel,0.008573206986449847,0.073,-0.06442679301355014,0.017768912088491365
2180,plts_tim727,1,727,solar,0.20965486283529705,0.0,0.20965486283529705,0.3009915830696774
2181,batt_tim727,1,727,battery,0.07261824771643577,0.0,0.07261824771643577,0.13579466941338922
2182,pltd_tim728,1,728,diesel,0.005860450713739239,0.0582,-0.052339549286260764,0.012882608395384597
2183,plts_tim728,1,728,solar,0.166545843272947,0.0,0.166545843272947,0.2414803657430835
2184,batt_tim728,1,728,battery,0.05797420620478785,0.0,0.05797420620478785,0.10918526466011778
2185,pltd_tim729,1,729,diesel,0.016169827419896404,0.1377,-0.12153017258010358,0.03351336410107372
2186,plts_tim729,1,729,solar,0.39542466774669355,0.0,0.39542466774669355,0.5676929586707613
2187,batt_tim729,1,729,battery,0.13696353129997577,0.0,0.13696353129997577,0.2561191778262775
2188,pltd_tim730,1,730,diesel,0.007343305484469882,0.0625,-0.05515669451553012,0.015219783227478224
2189,plts_tim730,1,730,solar,0.1795775747371116,0.0,0.1795775747371116,0.25781105535347465
2190,batt_tim730,1,730,battery,0.06220069294654053,0.0,0.06220069294654053,0.1163134883719906
2191,pltd_tim731,1,731,diesel,0.021089616880119816,0.1796,-0.1585103831198802,0.04370894355588589
2192,plts_tim731,1,731,solar,0.5157331069833436,0.0,0.5157331069833436,0.7404143009861852
2193,batt_tim731,1,731,battery,0.1786353651750559,0.0,0.1786353651750559,0.33404406295864714
2194,pltd_tim732,1,732,diesel,0.002730088456481782,0.0271,-0.024369911543518218,0.006000074549594503
2195,plts_tim732,1,732,solar,0.07753253022022878,0.0,0.07753253022022878,0.11243350997450055
2196,batt_tim732,1,732,battery,0.02700434324573669,0.0,0.02700434324573669,0.050837066166448494
2197,pltd_tim733,1,733,diesel,0.00929671318071073,0.0792,-0.06990328681928928,0.019268370080501012
2198,plts_tim733,1,733,solar,0.22734702048563635,0.0,0.22734702048563635,0.3263912737502504
2199,batt_tim733,1,733,battery,0.07874625938423725,0.0,0.07874625938423725,0.14725390762612772
2200,pltd_tim734,1,734,diesel,0.007853420462456464,0.0709,-0.06304657953754354,0.017475255288511106
2201,plts_tim734,1,734,solar,0.2044514195095092,0.0,0.2044514195095092,0.29188696973243483
2202,batt_tim734,1,734,battery,0.07104558311353529,0.0,0.07104558311353529,0.13187502318164604
2203,pltd_tim735,1,735,diesel,0.01434081384658608,0.1294,-0.1150591861534139,0.03191019939858896
2204,plts_tim735,1,735,solar,0.3733463711075263,0.0,0.3733463711075263,0.5330117428942446
2205,batt_tim735,1,735,battery,0.12973600591401666,0.0,0.12973600591401666,0.2408161626215865
2206,pltd_tim736,1,736,diesel,0.015258073673042667,0.1516,-0.13634192632695735,0.03353943635484163
2207,plts_tim736,1,736,solar,0.4335284308754685,0.0,0.4335284308754685,0.6286124512078916
2208,batt_tim736,1,736,battery,0.1509324916682494,0.0,0.1509324916682494,0.2842269235358569
2209,pltd_tim737,1,737,diesel,0.005550048491044711,0.0551,-0.04954995150895529,0.012200770650399933
2210,plts_tim737,1,737,solar,0.1577374134773458,0.0,0.1577374134773458,0.2287041335625192
2211,batt_tim737,1,737,battery,0.054903868734323805,0.0,0.054903868734323805,0.10340845419796325
2212,pltd_tim738,1,738,diesel,0.00618038388493198,0.0558,-0.04961961611506802,0.013752521189833215
2213,plts_tim738,1,738,solar,0.1608937002889296,0.0,0.1608937002889296,0.22970181707068715
2214,batt_tim738,1,738,battery,0.055910110394436406,0.0,0.055910110394436406,0.10377954107198803
2215,pltd_tim739,1,739,diesel,0.006146369517872859,0.0555,-0.04935363048212714,0.013675838772737817
2216,plts_tim739,1,739,solar,0.16000555855386134,0.0,0.16000555855386134,0.2284336893911748
2217,batt_tim739,1,739,battery,0.055600987219914424,0.0,0.055600987219914424,0.1032067499471917
2218,pltd_tim740,1,740,diesel,0.011745920175116633,0.106,-0.09425407982488336,0.026136738176067785
2219,plts_tim740,1,740,solar,0.30578778212895585,0.0,0.30578778212895585,0.43656106424882307
2220,batt_tim740,1,740,battery,0.10626011614920595,0.0,0.10626011614920595,0.1972392683036365
2221,pltd_tim741,1,741,diesel,0.012584686427166949,0.1177,-0.10511531357283305,0.028410065806711737
2222,plts_tim741,1,741,solar,0.3385086303595942,0.0,0.3385086303595942,0.48558292180664125
2223,batt_tim741,1,741,battery,0.1178995450298595,0.0,0.1178995450298595,0.22003612828119926
2224,pltd_tim742,1,742,diesel,0.0044144515765726575,0.0413,-0.036885548423427346,0.009965702302401024
2225,plts_tim742,1,742,solar,0.1187444809007079,0.0,0.1187444809007079,0.1703355072417031
2226,batt_tim742,1,742,battery,0.04135752563024729,0.0,0.04135752563024729,0.07718556095804757
2227,pltd_tim743,1,743,diesel,0.004780131845392298,0.0431,-0.0383198681546077,0.010636466675670486
2228,plts_tim743,1,743,solar,0.12444900053050527,0.0,0.12444900053050527,0.17767116907527158
2229,batt_tim743,1,743,battery,0.04324577941251335,0.0,0.04324577941251335,0.08027248580442337
2230,pltd_tim744,1,744,diesel,0.008331473090698876,0.0752,-0.06686852690930113,0.01853912484156223
2231,plts_tim744,1,744,solar,0.2168961731378691,0.0,0.2168961731378691,0.30965388865875487
2232,batt_tim744,1,744,battery,0.07536998387660965,0.0,0.07536998387660965,0.13990203187270003
2233,pltd_tim745,1,745,diesel,0.006160531369435394,0.0576,-0.0514394686305646,0.013907673094295324
2234,plts_tim745,1,745,solar,0.16570993469273773,0.0,0.16570993469273773,0.2377066775890324
2235,batt_tim745,1,745,battery,0.057715072319951155,0.0,0.057715072319951155,0.10771379561459937
2236,pltd_tim746,1,746,diesel,0.0046507173178061065,0.0462,-0.04154928268219389,0.01022361561104013
2237,plts_tim746,1,746,solar,0.13218379156720222,0.0,0.13218379156720222,0.19165213496669045
2238,batt_tim746,1,746,battery,0.046007765050016455,0.0,0.046007765050016455,0.08665543811182466
2239,pltd_tim747,1,747,diesel,0.02806730550404209,0.2532,-0.22513269449595788,0.0624541761553898
2240,plts_tim747,1,747,solar,0.7306906229439156,0.0,0.7306906229439156,1.043178321131709
2241,batt_tim747,1,747,battery,0.2539115890547845,0.0,0.2539115890547845,0.471310186268462
2242,pltd_tim748,1,748,diesel,0.013043581923513589,0.1177,-0.10465641807648642,0.02902451892550559
2243,plts_tim748,1,748,solar,0.3395660965433458,0.0,0.3395660965433458,0.48478528238709745
2244,batt_tim748,1,748,battery,0.11799704445221303,0.0,0.11799704445221303,0.21902669543622477
2245,pltd_tim749,1,749,diesel,0.008137167028344215,0.0761,-0.06796283297165578,0.018370359196355095
2246,plts_tim749,1,749,solar,0.21887848541450472,0.0,0.21887848541450472,0.3139757014629107
2247,batt_tim749,1,749,battery,0.07623307113748388,0.0,0.07623307113748388,0.14227403362006935
2248,pltd_tim750,1,750,diesel,0.008137167028289627,0.0761,-0.06796283297171038,0.018370359195901145
2249,plts_tim750,1,750,solar,0.2188784854148801,0.0,0.2188784854148801,0.313975701463645
2250,batt_tim750,1,750,battery,0.07623307113774976,0.0,0.07623307113774976,0.14227403362161584
2251,pltd_tim751,1,751,diesel,0.004029179494810664,0.0364,-0.032370820505189336,0.008966098884940167
2252,plts_tim751,1,751,solar,0.10489147533170777,0.0,0.10489147533170777,0.1497498897328116
2253,batt_tim751,1,751,battery,0.03644936756830247,0.0,0.03644936756830247,0.06765708455751991
2254,pltd_tim752,1,752,diesel,0.009549886397619486,0.0813,-0.07175011360238051,0.019793149025133044
2255,plts_tim752,1,752,solar,0.23353944527938178,0.0,0.23353944527938178,0.3352814493662444
2256,batt_tim752,1,752,battery,0.08089095508439724,0.0,0.08089095508439724,0.15126473774405863
2257,pltd_tim753,1,753,diesel,0.0033803734274006495,0.0305,-0.02711962657259935,0.007521575972657956
2258,plts_tim753,1,753,solar,0.08800337716255485,0.0,0.08800337716255485,0.12563861338765647
2259,batt_tim753,1,753,battery,0.030580961616588163,0.0,0.030580961616588163,0.05676384556999789
2260,pltd_tim754,1,754,diesel,0.007785272576377012,0.0702,-0.06241472742362299,0.0173236039254687
2261,plts_tim754,1,754,solar,0.20267292800307632,0.0,0.20267292800307632,0.2893484646357285
2262,batt_tim754,1,754,battery,0.07042817294917539,0.0,0.07042817294917539,0.13072799435654472
2263,pltd_tim755,1,755,diesel,0.011404517319370398,0.1029,-0.09149548268062961,0.025376855032888744
2264,plts_tim755,1,755,solar,0.29689872708540554,0.0,0.29689872708540554,0.4238707091834857
2265,batt_tim755,1,755,battery,0.10317085871639549,0.0,0.10317085871639549,0.19150561386555104
2266,pltd_tim756,1,756,diesel,0.012154473323108143,0.1035,-0.09134552667689186,0.025190964275578015
2267,plts_tim756,1,756,solar,0.29723241409249457,0.0,0.29723241409249457,0.42672211137908356
2268,batt_tim756,1,756,battery,0.10295224593584196,0.0,0.10295224593584196,0.1925191010685801
2269,pltd_tim757,1,757,diesel,0.016712469124472957,0.1423,-0.12558753087552704,0.03463746612809014
2270,plts_tim757,1,757,solar,0.40869435321054604,0.0,0.40869435321054604,0.5867432194704122
2271,batt_tim757,1,757,battery,0.14155984642691422,0.0,0.14155984642691422,0.26471392803780214
2272,pltd_tim758,1,758,diesel,0.008681890555518915,0.0739,-0.06521810944448107,0.017993058927231687
2273,plts_tim758,1,758,solar,0.21230874357598273,0.0,0.21230874357598273,0.30480209681393355
2274,batt_tim758,1,758,battery,0.07353768030467046,0.0,0.07353768030467046,0.13751406038636066
2275,pltd_tim759,1,759,diesel,0.0064028429900651026,0.0545,-0.048097157009934895,0.013270476191752397
2276,plts_tim759,1,759,solar,0.15657754730618859,0.0,0.15657754730618859,0.22479071828866576
2277,batt_tim759,1,759,battery,0.054233757605764966,0.0,0.054233757605764966,0.10141603709793368
2278,pltd_tim760,1,760,diesel,0.03758497397059201,0.3201,-0.282515026029408,0.07789581677222154
2279,plts_tim760,1,760,solar,0.9191209084022711,0.0,0.9191209084022711,1.3195387205418005
2280,batt_tim760,1,760,battery,0.31835699986439586,0.0,0.31835699986439586,0.5953208254403469
2281,pltd_tim761,1,761,diesel,0.01413296874083396,0.1322,-0.11806703125916605,0.031906010025846296
2282,plts_tim761,1,761,solar,0.38015744233856374,0.0,0.38015744233856374,0.5453271122636036
2283,batt_tim761,1,761,battery,0.13240600403349895,0.0,0.13240600403349895,0.2471082904221585
2284,pltd_tim762,1,762,diesel,0.008268997350578181,0.0773,-0.06903100264942182,0.018667147385056683
2285,plts_tim762,1,762,solar,0.22242305235653365,0.0,0.22242305235653365,0.31906073370732774
2286,batt_tim762,1,762,battery,0.07746786942437671,0.0,0.07746786942437671,0.14457866101323413
2287,pltd_tim763,1,763,diesel,0.012387075459163292,0.1158,-0.10341292454083671,0.027962970610368877
2288,plts_tim763,1,763,solar,0.3331926473215306,0.0,0.3331926473215306,0.4779572446629973
2289,batt_tim763,1,763,battery,0.11604880392532144,0.0,0.11604880392532144,0.21658109446890797
2290,pltd_tim764,1,764,diesel,0.011069190924724148,0.1035,-0.09243080907527584,0.024989235902200643
2291,plts_tim764,1,764,solar,0.29774574619073335,0.0,0.29774574619073335,0.4271089739629987
2292,batt_tim764,1,764,battery,0.103702173051706,0.0,0.103702173051706,0.19353926770802246
2293,pltd_tim765,1,765,diesel,0.013145714715498582,0.1186,-0.10545428528450142,0.02925116384561154
2294,plts_tim765,1,765,solar,0.34223365339372563,0.0,0.34223365339372563,0.48859362080151614
2295,batt_tim765,1,765,battery,0.11892506460834762,0.0,0.11892506460834762,0.22074786490459297
2296,pltd_tim766,1,766,diesel,0.007272959570912501,0.0656,-0.058327040429087505,0.016183790493635615
2297,plts_tim766,1,766,solar,0.18933915401713602,0.0,0.18933915401713602,0.27031188070615225
2298,batt_tim766,1,766,battery,0.06579418590585412,0.0,0.06579418590585412,0.12212731267878055
2299,pltd_tim767,1,767,diesel,0.011097146980998014,0.1001,-0.08900285301900199,0.02469290397680155
2300,plts_tim767,1,767,solar,0.2888980616648118,0.0,0.2888980616648118,0.4124485347936394
2301,batt_tim767,1,767,battery,0.10039085511531282,0.0,0.10039085511531282,0.18634493055539533
2302,pltd_tim768,1,768,diesel,0.009970462048419828,0.09,-0.08002953795158017,0.022185454985169425
2303,plts_tim768,1,768,solar,0.2595644661967616,0.0,0.2595644661967616,0.3705703956142576
2304,batt_tim768,1,768,battery,0.0901976564252782,0.0,0.0901976564252782,0.16742440840725686
2305,pltd_tim769,1,769,diesel,0.007546146262288864,0.0681,-0.06055385373771113,0.01679174813672577
2306,plts_tim769,1,769,solar,0.19645055118856358,0.0,0.19645055118856358,0.280464962805881
2307,batt_tim769,1,769,battery,0.06826547256745945,0.0,0.06826547256745945,0.12671444039575752
2308,pltd_tim770,1,770,diesel,0.011506621898171109,0.1038,-0.09229337810182889,0.025603686552401705
2309,plts_tim770,1,770,solar,0.2995662839353104,0.0,0.2995662839353104,0.427678982418638
2310,batt_tim770,1,770,battery,0.10409787887228338,0.0,0.10409787887228338,0.19322669817120844
2311,pltd_tim771,1,771,diesel,0.013862789255251367,0.1251,-0.11123721074474863,0.030846163836376127
2312,plts_tim771,1,771,solar,0.3609013695879398,0.0,0.3609013695879398,0.5152446797175754
2313,batt_tim771,1,771,battery,0.12541147449197737,0.0,0.12541147449197737,0.2327889527479416
2314,pltd_tim772,1,772,diesel,0.0068973338966054456,0.0622,-0.05530266610339455,0.015347901013569833
2315,plts_tim772,1,772,solar,0.1795613714924325,0.0,0.1795613714924325,0.25635260989794406
2316,batt_tim772,1,772,battery,0.06239649656279623,0.0,0.06239649656279623,0.11582050145481633
2317,pltd_tim773,1,773,diesel,0.009833953342678505,0.0887,-0.0788660466573215,0.021881847863759032
2318,plts_tim773,1,773,solar,0.2560087676109246,0.0,0.2560087676109246,0.36549331032315585
2319,batt_tim773,1,773,battery,0.08896151309438514,0.0,0.08896151309438514,0.1651307737200727
2320,pltd_tim774,1,774,diesel,0.0035189567273874187,0.0339,-0.030381043272612582,0.007652952464541788
2321,plts_tim774,1,774,solar,0.09678915569115192,0.0,0.09678915569115192,0.14034365569825966
2322,batt_tim774,1,774,battery,0.033149073669260495,0.0,0.033149073669260495,0.06329524169965675
2323,pltd_tim775,1,775,diesel,0.0149396232856762,0.1439,-0.1289603767143238,0.03249015414966949
2324,plts_tim775,1,775,solar,0.4109127446627536,0.0,0.4109127446627536,0.5958219366365939
2325,batt_tim775,1,775,battery,0.14073328013010256,0.0,0.14073328013010256,0.2687172261165935
2326,pltd_tim776,1,776,diesel,0.005304859971409225,0.0527,-0.04739514002859077,0.011659918401287299
2327,plts_tim776,1,776,solar,0.15066084951338943,0.0,0.15066084951338943,0.2184780455238249
2328,batt_tim776,1,776,battery,0.052472166314969114,0.0,0.052472166314969114,0.09878478941544534
2329,pltd_tim777,1,777,diesel,0.011335984712898924,0.1023,-0.09096401528710107,0.025224462018825635
2330,plts_tim777,1,777,solar,0.2951215200071776,0.0,0.2951215200071776,0.4213327807770329
2331,batt_tim777,1,777,battery,0.10255312555056662,0.0,0.10255312555056662,0.19035918451447212
2332,pltd_tim778,1,778,diesel,0.0064192724637108425,0.0579,-0.051480727536289156,0.014283913309270839
2333,plts_tim778,1,778,solar,0.16711666285066212,0.0,0.16711666285066212,0.23858608089453046
2334,batt_tim778,1,778,battery,0.05807211951318609,0.0,0.05807211951318609,0.10779373327507182
2335,pltd_tim779,1,779,diesel,0.009082610338241684,0.0819,-0.07281738966175831,0.02020975600650819
2336,plts_tim779,1,779,solar,0.2364526617968903,0.0,0.2364526617968903,0.33757426627173326
2337,batt_tim779,1,779,battery,0.08216584938075105,0.0,0.08216584938075105,0.15251693246936257
2338,pltd_tim780,1,780,diesel,0.012838446990597987,0.1158,-0.10296155300940202,0.028567366472809365
2339,plts_tim780,1,780,solar,0.3342341144856178,0.0,0.3342341144856178,0.4771726195914967
2340,batt_tim780,1,780,battery,0.11614465477124644,0.0,0.11614465477124644,0.21558795643128187
