ID,Resource,Zone,Village,technology,Total_MW,Start_MW,Change_in_MW,Electricity_GWh
1,pltd_bel1,1,1,diesel,0.013712130442554014,0.2773,-0.26358786955744595,0.034562282559640306
2,plts_bel1,1,1,solar,0.7567202939334625,0.0,0.7567202939334625,1.1853428553619152
3,batt_bel1,1,1,battery,0.3047602469199928,0.0,0.3047602469199928,0.5676009773437574
4,pltd_bel2,1,2,diesel,0.04183669759542359,0.846,-0.8041633024045763,0.10545186937429962
5,plts_bel2,1,2,solar,2.29606552508761,0.0,2.29606552508761,3.6166136650483494
6,batt_bel2,1,2,battery,0.9298326102110716,0.0,0.9298326102110716,1.731811435893284
7,pltd_bel3,1,3,diesel,0.041638701010261174,0.842,-0.8003612989897388,0.10495262733692444
8,plts_bel3,1,3,solar,2.2519009523617437,0.0,2.2519009523617437,3.599491058961549
9,batt_bel3,1,3,battery,0.9253242582717234,0.0,0.9253242582717234,1.7236075137819433
10,pltd_bel4,1,4,diesel,0.019242578019937815,0.3891,-0.36985742198006216,0.0485021368579516
11,plts_bel4,1,4,solar,1.0490261847984845,0.0,1.0490261847984845,1.6634346006724408
12,batt_bel4,1,4,battery,0.42765837372263316,0.0,0.42765837372263316,0.7965503188663413
13,pltd_bel5,1,5,diesel,0.021665159245920926,0.4381,-0.41643484075407905,0.05460833697614603
14,plts_bel5,1,5,solar,1.1859788530226436,0.0,1.1859788530226436,1.8728376494376446
15,batt_bel5,1,5,battery,0.48147671392694835,0.0,0.48147671392694835,0.8967864208969657
16,pltd_bel6,1,6,diesel,0.01904449428593596,0.3851,-0.36605550571406403,0.04800280013996459
17,plts_bel6,1,6,solar,1.0510013857354377,0.0,1.0510013857354377,1.6463094420713098
18,batt_bel6,1,6,battery,0.42327792465261777,0.0,0.42327792465261777,0.7883350779795127
19,pltd_bel7,1,7,diesel,0.01773430025601724,0.3586,-0.34086569974398273,0.04470057921046463
20,plts_bel7,1,7,solar,0.9648544457100565,0.0,0.9648544457100565,1.533034844200113
21,batt_bel7,1,7,battery,0.39412314343244315,0.0,0.39412314343244315,0.7340549731825176
22,pltd_bel8,1,8,diesel,0.035057145275298525,0.7089,-0.6738428547247014,0.08836298021768167
23,plts_bel8,1,8,solar,1.8997263967199916,0.0,1.8997263967199916,3.0305218271666656
24,batt_bel8,1,8,battery,0.7790751964123623,0.0,0.7790751964123623,1.4511351109273243
25,pltd_bel9,1,9,diesel,0.03379236820995842,0.6833,-0.6495076317900416,0.0851761077656318
26,plts_bel9,1,9,solar,1.8682190812669124,0.0,1.8682190812669124,2.9212141021997433
27,batt_bel9,1,9,battery,0.7509871342720149,0.0,0.7509871342720149,1.3988342142011045
28,pltd_bel10,1,10,diesel,0.019623345059419078,0.3968,-0.3771766549405809,0.04946178303066408
29,plts_bel10,1,10,solar,1.0829524969850035,0.0,1.0829524969850035,1.696357969632895
30,batt_bel10,1,10,battery,0.4361460309559825,0.0,0.4361460309559825,0.8123006815646625
31,pltd_bel11,1,11,diesel,0.03264974922299713,0.6602,-0.6275502507770029,0.08229566719800296
32,plts_bel11,1,11,solar,1.7987619375582542,0.0,1.7987619375582542,2.8224304532406705
33,batt_bel11,1,11,battery,0.7256369909786257,0.0,0.7256369909786257,1.351500729520043
34,pltd_bel12,1,12,diesel,0.01404705481569701,0.284,-0.26995294518430296,0.035406408203363694
35,plts_bel12,1,12,solar,0.7711048430704539,0.0,0.7711048430704539,1.2143153502671888
36,batt_bel12,1,12,battery,0.31215291712443183,0.0,0.31215291712443183,0.581461104107655
37,pltd_bel13,1,13,diesel,0.01586107956492539,0.2672,-0.2513389204350746,0.03214177193635166
38,plts_bel13,1,13,solar,1.0773768457051183,0.0,1.0773768457051183,1.8064132208591976
39,batt_bel13,1,13,battery,0.4755391922917327,0.0,0.4755391922917327,0.8234926243951166
40,pltd_bel14,1,14,diesel,0.010161869212602252,0.2055,-0.19533813078739773,0.02561373573733105
41,plts_bel14,1,14,solar,0.5608147619751882,0.0,0.5608147619751882,0.8784716629944862
42,batt_bel14,1,14,battery,0.22586186485155105,0.0,0.22586186485155105,0.4206563846824911
43,pltd_bel15,1,15,diesel,0.010384110927104524,0.1749,-0.16451588907289547,0.02104296465373809
44,plts_bel15,1,15,solar,0.7113240765969767,0.0,0.7113240765969767,1.1826411975783786
45,batt_bel15,1,15,battery,0.3113298174064978,0.0,0.3113298174064978,0.5391485363446135
46,pltd_bel16,1,16,diesel,0.02427012617950827,0.4908,-0.46652987382049177,0.061174460239556756
47,plts_bel16,1,16,solar,1.2969998586692868,0.0,1.2969998586692868,2.098059271365048
48,batt_bel16,1,16,battery,0.5393574131521974,0.0,0.5393574131521974,1.0046647065915086
49,pltd_bel17,1,17,diesel,0.013262572259613168,0.2234,-0.21013742774038682,0.026876573500353888
50,plts_bel17,1,17,solar,0.904197850016631,0.0,0.904197850016631,1.5104595944807178
51,batt_bel17,1,17,battery,0.3976809526256635,0.0,0.3976809526256635,0.6886211342342825
52,pltd_bel18,1,18,diesel,0.006414303764877831,0.1297,-0.12328569623512217,0.01616731218386946
53,plts_bel18,1,18,solar,0.33951607461623273,0.0,0.33951607461623273,0.5544763348487539
54,batt_bel18,1,18,battery,0.14254377269217125,0.0,0.14254377269217125,0.26550520419239154
55,pltd_bel19,1,19,diesel,0.010040080411999745,0.203,-0.19295991958800027,0.025306749347153122
56,plts_bel19,1,19,solar,0.565323153952761,0.0,0.565323153952761,0.8679323529554334
57,batt_bel19,1,19,battery,0.2231114633856728,0.0,0.2231114633856728,0.4155964401441636
58,pltd_bel20,1,20,diesel,0.0021939373262982484,0.0444,-0.04220606267370176,0.005529987465735885
59,plts_bel20,1,20,solar,0.1221813826091005,0.0,0.1221813826091005,0.18965571907213608
60,batt_bel20,1,20,battery,0.04876036132480499,0.0,0.04876036132480499,0.0908188076886906
61,pltd_bel21,1,21,diesel,0.008227110062813235,0.1664,-0.15817288993718676,0.0207373835417449
62,plts_bel21,1,21,solar,0.4578588230676897,0.0,0.4578588230676897,0.7112056753069029
63,batt_bel21,1,21,battery,0.18284349149234963,0.0,0.18284349149234963,0.34056135977121316
64,pltd_bel22,1,22,diesel,0.005850535550716933,0.1183,-0.11244946444928307,0.014746373969023856
65,plts_bel22,1,22,solar,0.3289430856019413,0.0,0.3289430856019413,0.5057470357166546
66,batt_bel22,1,22,battery,0.13002865630023472,0.0,0.13002865630023472,0.2421805652749642
67,pltd_bel23,1,23,diesel,0.005652585149114639,0.1143,-0.10864741485088536,0.014247181129256879
68,plts_bel23,1,23,solar,0.31193746609044043,0.0,0.31193746609044043,0.4886250973467335
69,batt_bel23,1,23,battery,0.1256289860704022,0.0,0.1256289860704022,0.23397807954042796
70,pltd_bel24,1,24,diesel,0.0033215506797200085,0.0672,-0.06387844932027999,0.008372411462240456
71,plts_bel24,1,24,solar,0.183620713380913,0.0,0.183620713380913,0.28711601333591885
72,batt_bel24,1,24,battery,0.07381170374861958,0.0,0.07381170374861958,0.13748623099951562
73,pltd_bel25,1,25,diesel,0.0024224221315169254,0.049,-0.04657757786848308,0.006105775131219759
74,plts_bel25,1,25,solar,0.13759094964516053,0.0,0.13759094964516053,0.2094102779156623
75,batt_bel25,1,25,battery,0.05383908708516384,0.0,0.05383908708516384,0.10027183591972881
76,pltd_bel26,1,26,diesel,0.006779506112638422,0.1371,-0.13032049388736158,0.01708853809710403
77,plts_bel26,1,26,solar,0.3794827475262218,0.0,0.3794827475262218,0.5860863368585492
78,batt_bel26,1,26,battery,0.15066952797425665,0.0,0.15066952797425665,0.28064558602642137
79,pltd_bel27,1,27,diesel,0.006201101524509187,0.1254,-0.11919889847549082,0.015630467700127822
80,plts_bel27,1,27,solar,0.35474327367461816,0.0,0.35474327367461816,0.536037400700163
81,batt_bel27,1,27,battery,0.13779563908950782,0.0,0.13779563908950782,0.25668200488470855
82,pltd_bel28,1,28,diesel,0.004601153890830276,0.093,-0.08839884610916972,0.011597823501309525
83,plts_bel28,1,28,solar,0.25919365820676216,0.0,0.25919365820676216,0.39774869714706296
84,batt_bel28,1,28,battery,0.10226490273470223,0.0,0.10226490273470223,0.19046440783321028
85,pltd_bel29,1,29,diesel,0.0032754670524005967,0.0662,-0.0629245329475994,0.008255922366724523
86,plts_bel29,1,29,solar,0.18208847937454672,0.0,0.18208847937454672,0.283166241406339
87,batt_bel29,1,29,battery,0.07280387361482756,0.0,0.07280387361482756,0.13559723385331343
88,pltd_bel30,1,30,diesel,0.00251396890720836,0.0508,-0.048286031092791636,0.0063368370759483445
89,plts_bel30,1,30,solar,0.15012668229845683,0.0,0.15012668229845683,0.21731090647985
90,batt_bel30,1,30,battery,0.055867662596629966,0.0,0.055867662596629966,0.10405379610650031
91,pltd_bel31,1,31,diesel,0.005119115387039287,0.1035,-0.09838088461296071,0.012903276379889377
92,plts_bel31,1,31,solar,0.29795200419190404,0.0,0.29795200419190404,0.44252904650703856
93,batt_bel31,1,31,battery,0.11376052076577248,0.0,0.11376052076577248,0.21191161964112212
94,pltd_bel32,1,32,diesel,0.007678680835608059,0.1553,-0.14762131916439195,0.019354984874599947
95,plts_bel32,1,32,solar,0.4380218337300694,0.0,0.4380218337300694,0.6637924122378991
96,batt_bel32,1,32,battery,0.1706531696784936,0.0,0.1706531696784936,0.31785804436478377
97,pltd_bel33,1,33,diesel,0.004540444130714365,0.0918,-0.08725955586928565,0.011444560218996175
98,plts_bel33,1,33,solar,0.25824906916886653,0.0,0.25824906916886653,0.39248002435799656
99,batt_bel33,1,33,battery,0.10088918763123869,0.0,0.10088918763123869,0.18793897797069373
100,pltd_bel34,1,34,diesel,0.0036563314829212885,0.0739,-0.07024366851707871,0.009215863329145363
101,plts_bel34,1,34,solar,0.20465551789766798,0.0,0.20465551789766798,0.316092074097008
102,batt_bel34,1,34,battery,0.08125439235099875,0.0,0.08125439235099875,0.15136053443223477
103,pltd_bel35,1,35,diesel,0.0037481244442727725,0.0758,-0.07205187555572723,0.009447262238280196
104,plts_bel35,1,35,solar,0.21079753899134163,0.0,0.21079753899134163,0.3239926715532432
105,batt_bel35,1,35,battery,0.08329668301753038,0.0,0.08329668301753038,0.15514091165060334
106,pltd_bel36,1,36,diesel,0.0021939373263819045,0.0444,-0.042206062673618094,0.005529987466008836
107,plts_bel36,1,36,solar,0.12427466391210786,0.0,0.12427466391210786,0.1896558474764719
108,batt_bel36,1,36,battery,0.04876445013647989,0.0,0.04876445013647989,0.09081951525134598
109,pltd_bel37,1,37,diesel,0.0038391224185175417,0.0776,-0.07376087758148246,0.009676965866254099
110,plts_bel37,1,37,solar,0.21783054442260372,0.0,0.21783054442260372,0.331895354405125
111,batt_bel37,1,37,battery,0.08532231911207927,0.0,0.08532231911207927,0.15892343856150962
112,pltd_bel38,1,38,diesel,0.00784639944922686,0.1587,-0.15085360055077315,0.019777045983055668
113,plts_bel38,1,38,solar,0.4466444297523871,0.0,0.4466444297523871,0.6782809263226198
114,batt_bel38,1,38,battery,0.17437417152487011,0.0,0.17437417152487011,0.3248013426289054
115,pltd_bel39,1,39,diesel,0.003519613935204933,0.0712,-0.06768038606479507,0.008872032522092586
116,plts_bel39,1,39,solar,0.19422375679106668,0.0,0.19422375679106668,0.30423645974757957
117,batt_bel39,1,39,battery,0.07822155766661598,0.0,0.07822155766661598,0.1456831065065155
118,pltd_bel40,1,40,diesel,0.0031537858776847787,0.0638,-0.06064621412231522,0.00794969400430925
119,plts_bel40,1,40,solar,0.17980242990742842,0.0,0.17980242990742842,0.2726274291990167
120,batt_bel40,1,40,battery,0.07008619962688045,0.0,0.07008619962688045,0.1305427011497863
121,pltd_bel41,1,41,diesel,0.0034126512673521847,0.069,-0.06558734873264782,0.008602132683628938
122,plts_bel41,1,41,solar,0.19154094839474634,0.0,0.19154094839474634,0.29501904693262976
123,batt_bel41,1,41,battery,0.07584160890603449,0.0,0.07584160890603449,0.1412705361947793
124,pltd_bel42,1,42,diesel,0.003839122418244031,0.0776,-0.07376087758175597,0.00967696586533212
125,plts_bel42,1,42,solar,0.2118821274484307,0.0,0.2118821274484307,0.33189630179836643
126,batt_bel42,1,42,battery,0.08533305404477141,0.0,0.08533305404477141,0.15892865908756007
127,pltd_bel43,1,43,diesel,0.006749587179358599,0.1365,-0.12975041282064143,0.017012487353301454
128,plts_bel43,1,43,solar,0.3759984740543842,0.0,0.3759984740543842,0.5834516521032207
129,batt_bel43,1,43,battery,0.15000110045493958,0.0,0.15000110045493958,0.27938390105674193
130,pltd_bel44,1,44,diesel,0.00528675709414831,0.1069,-0.10161324290585169,0.013325565613553142
131,plts_bel44,1,44,solar,0.29584262684214024,0.0,0.29584262684214024,0.457016588542465
132,batt_bel44,1,44,battery,0.11750703769387733,0.0,0.11750703769387733,0.21884579031893925
133,pltd_bel45,1,45,diesel,0.004006830792999053,0.081,-0.07699316920700094,0.010099462203835986
134,plts_bel45,1,45,solar,0.22551455274317642,0.0,0.22551455274317642,0.3463844297761934
135,batt_bel45,1,45,battery,0.08905074152587916,0.0,0.08905074152587916,0.1658679540256828
136,pltd_bel46,1,46,diesel,0.0054088485081489205,0.1094,-0.10399115149185108,0.01363312410590467
137,plts_bel46,1,46,solar,0.3000136930529212,0.0,0.3000136930529212,0.46754999359276095
138,batt_bel46,1,46,battery,0.1201911062872833,0.0,0.1201911062872833,0.2238765998402091
139,pltd_bel47,1,47,diesel,0.0055916394415097565,0.1131,-0.10750836055849025,0.014094226634292766
140,plts_bel47,1,47,solar,0.3085739155118,0.0,0.3085739155118,0.48335604237563046
141,batt_bel47,1,47,battery,0.12427433712111045,0.0,0.12427433712111045,0.23145475936994175
142,pltd_bel48,1,48,diesel,0.005423751548185804,0.1097,-0.1042762484518142,0.013671502177036079
143,plts_bel48,1,48,solar,0.2999894607243171,0.0,0.2999894607243171,0.46886771170803604
144,batt_bel48,1,48,battery,0.12052474283216481,0.0,0.12052474283216481,0.2245095707204595
145,pltd_bel49,1,49,diesel,0.009887767451776632,0.1999,-0.19001223254822336,0.024922978637152395
146,plts_bel49,1,49,solar,0.5299113148163223,0.0,0.5299113148163223,0.8547642218370577
147,batt_bel49,1,49,battery,0.21976165371938425,0.0,0.21976165371938425,0.4093023253904411
148,pltd_bel50,1,50,diesel,0.011609180786724654,0.2348,-0.22319081921327535,0.029261787956328174
149,plts_bel50,1,50,solar,0.6203420180079405,0.0,0.6203420180079405,1.0035935957312598
150,batt_bel50,1,50,battery,0.25801820426810834,0.0,0.25801820426810834,0.4805805745548481
151,pltd_bel51,1,51,diesel,0.007282810754174621,0.1473,-0.14001718924582537,0.018356686875263914
152,plts_bel51,1,51,solar,0.40074621477927885,0.0,0.40074621477927885,0.629548562148086
153,batt_bel51,1,51,battery,0.16185434098061444,0.0,0.16185434098061444,0.3014617481095017
154,pltd_bel52,1,52,diesel,0.007922473902301625,0.1602,-0.15227752609769837,0.01996834350438039
155,plts_bel52,1,52,solar,0.4268033822361431,0.0,0.4268033822361431,0.6848674592113213
156,batt_bel52,1,52,battery,0.17607534181119988,0.0,0.17607534181119988,0.3279548599145481
157,pltd_bel53,1,53,diesel,0.006794901526016363,0.1374,-0.13060509847398363,0.01712720751060597
158,plts_bel53,1,53,solar,0.37091267039144565,0.0,0.37091267039144565,0.5874029218981495
159,batt_bel53,1,53,battery,0.15100606250756715,0.0,0.15100606250756715,0.2812736671928008
160,pltd_bel54,1,54,diesel,0.006246528724871,0.1263,-0.120053471275129,0.015744559692967532
161,plts_bel54,1,54,solar,0.33496351169505334,0.0,0.33496351169505334,0.5399918441916687
162,batt_bel54,1,54,battery,0.13881865456191242,0.0,0.13881865456191242,0.25858202677301695
163,pltd_bel55,1,55,diesel,0.010207675933532709,0.2064,-0.1961923240664673,0.025728764832223004
164,plts_bel55,1,55,solar,0.5582962675388042,0.0,0.5582962675388042,0.8824205146684821
165,batt_bel55,1,55,battery,0.22683707902982,0.0,0.22683707902982,0.4225360368131371
166,pltd_bel56,1,56,diesel,0.00789228307569359,0.1596,-0.1517077169243064,0.01989351047475795
167,plts_bel56,1,56,solar,0.4410815581708908,0.0,0.4410815581708908,0.6822261685671804
168,batt_bel56,1,56,battery,0.17539952358179273,0.0,0.17539952358179273,0.32666851211250475
169,pltd_bel57,1,57,diesel,0.00856243443688035,0.1731,-0.16453756556311966,0.0215821795478483
170,plts_bel57,1,57,solar,0.47923444020418127,0.0,0.47923444020418127,0.7401805681530511
171,batt_bel57,1,57,battery,0.19026984606796615,0.0,0.19026984606796615,0.3544346229707438
172,pltd_bel58,1,58,diesel,0.0122494132145874,0.2477,-0.2354505867854126,0.03087562056868043
173,plts_bel58,1,58,solar,0.6693115634199408,0.0,0.6693115634199408,1.0589035859586025
174,batt_bel58,1,58,battery,0.2722192496162059,0.0,0.2722192496162059,0.5070441389386401
175,pltd_bel59,1,59,diesel,0.0038696772984695227,0.0783,-0.07443032270153047,0.00975366594441222
176,plts_bel59,1,59,solar,0.21586564391489643,0.0,0.21586564391489643,0.3345296966920585
177,batt_bel59,1,59,battery,0.08599910457310658,0.0,0.08599910457310658,0.16018329471241718
178,pltd_bel60,1,60,diesel,0.02090328159430867,0.4227,-0.40179671840569137,0.052687956639890864
179,plts_bel60,1,60,solar,1.1501557336964767,0.0,1.1501557336964767,1.8069923054704973
180,batt_bel60,1,60,battery,0.46450794186843475,0.0,0.46450794186843475,0.8652929125615806
181,pltd_bel61,1,61,diesel,0.002757715791447782,0.0558,-0.05304228420855222,0.006951206478298594
182,plts_bel61,1,61,solar,0.15435843609087155,0.0,0.15435843609087155,0.23838494850673703
183,batt_bel61,1,61,battery,0.0612870944547934,0.0,0.0612870944547934,0.11414913528446505
184,pltd_bel62,1,62,diesel,0.014169079562567976,0.2865,-0.272330920437432,0.035714005311713974
185,plts_bel62,1,62,solar,0.7745261862485262,0.0,0.7745261862485262,1.224857434332883
186,batt_bel62,1,62,battery,0.31491933269816125,0.0,0.31491933269816125,0.5865374372817659
187,pltd_bel63,1,63,diesel,0.0055916394415097565,0.1131,-0.10750836055849025,0.014094226634292766
188,plts_bel63,1,63,solar,0.3085739155118,0.0,0.3085739155118,0.48335604237563046
189,batt_bel63,1,63,battery,0.12427433712111045,0.0,0.12427433712111045,0.23145475936994175
190,pltd_bel64,1,64,diesel,0.005225667813962713,0.1057,-0.1004743321860373,0.013171586347479508
191,plts_bel64,1,64,solar,0.28408052689875074,0.0,0.28408052689875074,0.45174918208397863
192,batt_bel64,1,64,battery,0.11613704629941765,0.0,0.11613704629941765,0.21632615863816032
193,pltd_bel65,1,65,diesel,0.0025595089609399485,0.0518,-0.04924049103906005,0.006451030904285336
194,plts_bel65,1,65,solar,0.14233931589263185,0.0,0.14233931589263185,0.22126501376830604
195,batt_bel65,1,65,battery,0.0568793660348442,0.0,0.0568793660348442,0.1059512694675067
196,pltd_bel66,1,66,diesel,0.022122041700188333,0.4473,-0.42517795829981164,0.055760021113846855
197,plts_bel66,1,66,solar,1.2220278675560945,0.0,1.2220278675560945,1.912353158471828
198,batt_bel66,1,66,battery,0.4916515672614249,0.0,0.4916515672614249,0.9157267874379459
199,pltd_bel67,1,67,diesel,0.017856145486352146,0.3611,-0.3432438545136478,0.04500729185697835
200,plts_bel67,1,67,solar,0.9630523253051712,0.0,0.9630523253051712,1.5435793229531354
201,batt_bel67,1,67,battery,0.3968455608783918,0.0,0.3968455608783918,0.7391391255055166
202,pltd_bel68,1,68,diesel,0.00900417790402159,0.1821,-0.17309582209597843,0.022696099763514024
203,plts_bel68,1,68,solar,0.4837907859313317,0.0,0.4837907859313317,0.778375672759111
204,batt_bel68,1,68,battery,0.20010592836131272,0.0,0.20010592836131272,0.3727293430817611
205,pltd_bel69,1,69,diesel,0.01703335807221181,0.3444,-0.3273666419277882,0.04293368685270527
206,plts_bel69,1,69,solar,0.9431544144336755,0.0,0.9431544144336755,1.4724648607500865
207,batt_bel69,1,69,battery,0.37856188320012557,0.0,0.37856188320012557,0.7051161856001311
208,pltd_bel70,1,70,diesel,0.003123354090207623,0.0632,-0.060076645909792385,0.007872607899689138
209,plts_bel70,1,70,solar,0.1746744336712151,0.0,0.1746744336712151,0.2699944325979027
210,batt_bel70,1,70,battery,0.06941282745202661,0.0,0.06941282745202661,0.12928436193035409
211,pltd_bel71,1,71,diesel,0.007343566700953448,0.1485,-0.14115643329904654,0.01850979926623164
212,plts_bel71,1,71,solar,0.4092800656760283,0.0,0.4092800656760283,0.6348139523044329
213,batt_bel71,1,71,battery,0.16318981469711266,0.0,0.16318981469711266,0.3039659951094885
214,pltd_bel72,1,72,diesel,0.006368543231297393,0.1288,-0.12243145676870261,0.01605278854199656
215,plts_bel72,1,72,solar,0.35145469467225515,0.0,0.35145469467225515,0.5505256860755214
216,batt_bel72,1,72,battery,0.14154368879969048,0.0,0.14154368879969048,0.26361893737271197
217,pltd_bel73,1,73,diesel,0.004875301838664243,0.0986,-0.09372469816133575,0.012288527970946235
218,plts_bel73,1,73,solar,0.27528998283609973,0.0,0.27528998283609973,0.42145429315298927
219,batt_bel73,1,73,battery,0.10835265401808387,0.0,0.10835265401808387,0.20180750672991024
220,pltd_bel74,1,74,diesel,0.03517879050342095,0.7113,-0.6761212094965791,0.08867029298850508
221,plts_bel74,1,74,solar,1.9482056256994027,0.0,1.9482056256994027,3.0410706474186933
222,batt_bel74,1,74,battery,0.7818329360395069,0.0,0.7818329360395069,1.4562495106036215
223,pltd_bel75,1,75,diesel,0.007556722754488059,0.1528,-0.14524327724551192,0.019047328123261424
224,plts_bel75,1,75,solar,0.41703754846293317,0.0,0.41703754846293317,0.6532562127606357
225,batt_bel75,1,75,battery,0.167957045090255,0.0,0.167957045090255,0.31281179776437684
226,pltd_bel76,1,76,diesel,0.0033974353737987444,0.0687,-0.06530256462620125,0.008563715995041155
227,plts_bel76,1,76,solar,0.18850016180525042,0.0,0.18850016180525042,0.2937025962025332
228,batt_bel76,1,76,battery,0.07550524577270303,0.0,0.07550524577270303,0.14064307927326028
229,pltd_bel77,1,77,diesel,0.015570661322071806,0.3149,-0.2993293386779282,0.03924650195575669
230,plts_bel77,1,77,solar,0.8072853509534784,0.0,0.8072853509534784,1.3460256643513384
231,batt_bel77,1,77,battery,0.34603854129424616,0.0,0.34603854129424616,0.6445551081596694
232,pltd_bel78,1,78,diesel,0.004936324452489862,0.0998,-0.09486367554751014,0.01244237036248261
233,plts_bel78,1,78,solar,0.27658211223240436,0.0,0.27658211223240436,0.42672294423694773
234,batt_bel78,1,78,battery,0.10970177597955094,0.0,0.10970177597955094,0.20433299116672007
235,pltd_bel79,1,79,diesel,0.003275467052287685,0.0662,-0.06292453294771232,0.008255922366151879
236,plts_bel79,1,79,solar,0.18215984726892115,0.0,0.18215984726892115,0.28316523355094403
237,batt_bel79,1,79,battery,0.07279138981256851,0.0,0.07279138981256851,0.1355916801470648
238,pltd_bel80,1,80,diesel,0.005332240720999988,0.1078,-0.10246775927900002,0.013440327965286146
239,plts_bel80,1,80,solar,0.2834637392987649,0.0,0.2834637392987649,0.46096746461864746
240,batt_bel80,1,80,battery,0.11851589813852852,0.0,0.11851589813852852,0.22073412223566585
241,pltd_bel81,1,81,diesel,0.008273137263150947,0.1673,-0.15902686273684905,0.02085244066775373
242,plts_bel81,1,81,solar,0.45529412157823745,0.0,0.45529412157823745,0.7151572570736858
243,batt_bel81,1,81,battery,0.18385000234627716,0.0,0.18385000234627716,0.34245218771212643
244,pltd_kup82,1,82,diesel,0.03301551060869787,0.6676,-0.6345844893913021,0.08321719846088962
245,plts_kup82,1,82,solar,1.756876572880258,0.0,1.756876572880258,2.85403966496881
246,batt_kup82,1,82,battery,0.7336825331236676,0.0,0.7336825331236676,1.3666356736449483
247,pltd_kup83,1,83,diesel,0.01813010367095785,0.3666,-0.34846989632904213,0.04569827006920249
248,plts_kup83,1,83,solar,0.9647821044022158,0.0,0.9647821044022158,1.5672850057496193
249,batt_kup83,1,83,battery,0.40289903662714766,0.0,0.40289903662714766,0.7504829540255399
250,pltd_kup84,1,84,diesel,0.023888948898777462,0.4831,-0.4592110511012225,0.06021429116683092
251,plts_kup84,1,84,solar,1.2712425026216367,0.0,1.2712425026216367,2.0651284610036553
252,batt_kup84,1,84,battery,0.5308787483695386,0.0,0.5308787483695386,0.9888714629236158
253,pltd_kup85,1,85,diesel,0.0036563314828879584,0.0739,-0.07024366851711203,0.009215863329742483
254,plts_kup85,1,85,solar,0.1945780783606313,0.0,0.1945780783606313,0.31609167950447636
255,batt_kup85,1,85,battery,0.08125713215672949,0.0,0.08125713215672949,0.15135836006565812
256,pltd_kup86,1,86,diesel,0.02314275903276842,0.468,-0.4448572409672316,0.05833244694300503
257,plts_kup86,1,86,solar,1.2315164231968379,0.0,1.2315164231968379,2.0005934619434016
258,batt_kup86,1,86,battery,0.5142887847555011,0.0,0.5142887847555011,0.957969407004244
259,pltd_kup87,1,87,diesel,0.021162423885001787,0.4279,-0.4067375761149982,0.053341360433852805
260,plts_kup87,1,87,solar,1.1261190166875574,0.0,1.1261190166875574,1.8293761524107288
261,batt_kup87,1,87,battery,0.4702740451973568,0.0,0.4702740451973568,0.8759827426552202
262,pltd_kup88,1,88,diesel,0.00978107145261744,0.1978,-0.18801892854738256,0.02465410715690038
263,plts_kup88,1,88,solar,0.5204959835724801,0.0,0.5204959835724801,0.8455435265508336
264,batt_kup88,1,88,battery,0.21736207146252498,0.0,0.21736207146252498,0.4048823622302751
265,pltd_kup89,1,89,diesel,0.0466207193583937,0.9427,-0.8960792806416062,0.11751072528895778
266,plts_kup89,1,89,solar,2.480868182736412,0.0,2.480868182736412,4.0301606444911275
267,batt_kup89,1,89,battery,1.03602575556863,0.0,1.03602575556863,1.9298120773702299
268,pltd_kup90,1,90,diesel,0.014946137163794088,0.3022,-0.2872538628362059,0.037672949657237324
269,plts_kup90,1,90,solar,0.7953373864950422,0.0,0.7953373864950422,1.2920218959652685
270,batt_kup90,1,90,battery,0.33213770120560027,0.0,0.33213770120560027,0.6186749159123169
271,pltd_kup91,1,91,diesel,0.0141538072435261,0.2862,-0.2720461927564739,0.03567548679202415
272,plts_kup91,1,91,solar,0.7531789331027899,0.0,0.7531789331027899,1.2235361994767715
273,batt_kup91,1,91,battery,0.31453171961807413,0.0,0.31453171961807413,0.5858810453993506
274,pltd_kup92,1,92,diesel,0.01192925854704779,0.2412,-0.2292707414529522,0.030068251515790543
275,plts_kup92,1,92,solar,0.6348107976139373,0.0,0.6348107976139373,1.0312475199551596
276,batt_kup92,1,92,battery,0.26510074320804905,0.0,0.26510074320804905,0.493805217938789
277,pltd_kup93,1,93,diesel,0.053324243411166386,1.0783,-1.0249757565888336,0.1344074606381761
278,plts_kup93,1,93,solar,2.837595020558069,0.0,2.837595020558069,4.609661827333179
279,batt_kup93,1,93,battery,1.1849968871861591,0.0,1.1849968871861591,2.2073021721156234
280,pltd_kup94,1,94,diesel,0.007831127128308392,0.1583,-0.1504688728716916,0.019739120582785957
281,plts_kup94,1,94,solar,0.4167202264413769,0.0,0.4167202264413769,0.6769606722277431
282,batt_kup94,1,94,battery,0.17402505173736804,0.0,0.17402505173736804,0.3241573946747747
283,pltd_kup95,1,95,diesel,0.002620531575247386,0.053,-0.05037946842475261,0.006604789056356035
284,plts_kup95,1,95,solar,0.13601471974112053,0.0,0.13601471974112053,0.22653291367455167
285,batt_kup95,1,95,battery,0.05823751318032145,0.0,0.05823751318032145,0.10847491594929488
286,pltd_kup96,1,96,diesel,0.0026812875231024187,0.0542,-0.05151871247689758,0.0067581611844288285
287,plts_kup96,1,96,solar,0.14014537654760068,0.0,0.14014537654760068,0.23180093789888714
288,batt_kup96,1,96,battery,0.05958734008489453,0.0,0.05958734008489453,0.11099837738599908
289,pltd_kup97,1,97,diesel,0.004997372772427905,0.101,-0.09600262722757211,0.012595700437992456
290,plts_kup97,1,97,solar,0.26084729249015565,0.0,0.26084729249015565,0.4319902185658823
291,batt_kup97,1,97,battery,0.1110490317051551,0.0,0.1110490317051551,0.20684982592635484
292,pltd_kup98,1,98,diesel,0.002589874081483219,0.0524,-0.04981012591851678,0.006528232859202519
293,plts_kup98,1,98,solar,0.13501621973932,0.0,0.13501621973932,0.22389848447988545
294,batt_kup98,1,98,battery,0.05756521843572128,0.0,0.05756521843572128,0.10721386526768398
295,pltd_kup99,1,99,diesel,0.0027577157910181503,0.0558,-0.053042284208981855,0.006951206477505509
296,plts_kup99,1,99,solar,0.143398718321631,0.0,0.143398718321631,0.2383848298743391
297,batt_kup99,1,99,battery,0.06128129062020041,0.0,0.06128129062020041,0.11414848156568815
298,pltd_kup100,1,100,diesel,0.011121820360833994,0.2249,-0.21377817963916598,0.02803316503384512
299,plts_kup100,1,100,solar,0.5810655180400601,0.0,0.5810655180400601,0.9614416671569193
300,batt_kup100,1,100,battery,0.247188784640376,0.0,0.247188784640376,0.4603660814828422
301,pltd_kup101,1,101,diesel,0.0059417694700367235,0.1201,-0.11415823052996328,0.014976765543528852
302,plts_kup101,1,101,solar,0.31135224508387765,0.0,0.31135224508387765,0.5136491525789172
303,batt_kup101,1,101,battery,0.1320464519936945,0.0,0.1320464519936945,0.24596351280744963
304,pltd_kup102,1,102,diesel,0.0072519173135604425,0.1466,-0.13934808268643956,0.018279060133473593
305,plts_kup102,1,102,solar,0.38308286888515264,0.0,0.38308286888515264,0.6269157046887796
306,batt_kup102,1,102,battery,0.16117561958594742,0.0,0.16117561958594742,0.30019993941979944
307,pltd_kup103,1,103,diesel,0.008821453636898105,0.1784,-0.1695785463631019,0.022234874373964566
308,plts_kup103,1,103,solar,0.4650017603563341,0.0,0.4650017603563341,0.7625734151188128
309,batt_kup103,1,103,battery,0.19605009670228177,0.0,0.19605009670228177,0.3651706430729594
310,pltd_kup104,1,104,diesel,0.010360168412667403,0.2095,-0.1991398315873326,0.026112970767245437
311,plts_kup104,1,104,solar,0.5453091643604351,0.0,0.5453091643604351,0.8955939780931428
312,batt_kup104,1,104,battery,0.2302363876446902,0.0,0.2302363876446902,0.42885765905363166
313,pltd_kup105,1,105,diesel,0.005941769469931753,0.1201,-0.11415823053006824,0.014976765543852839
314,plts_kup105,1,105,solar,0.3104680916595893,0.0,0.3104680916595893,0.5136500610121034
315,batt_kup105,1,105,battery,0.13205119560832493,0.0,0.13205119560832493,0.24596851865392944
316,pltd_kup106,1,106,diesel,0.003884995805082633,0.0786,-0.07471500419491738,0.009792338935273214
317,plts_kup106,1,106,solar,0.20360758015016586,0.0,0.20360758015016586,0.3358473554872214
318,batt_kup106,1,106,battery,0.08633750972222994,0.0,0.08633750972222994,0.16081982655926327
319,pltd_kup107,1,107,diesel,0.003961213832688352,0.0801,-0.07613878616731165,0.009984524359403045
320,plts_kup107,1,107,solar,0.20682923363583264,0.0,0.20682923363583264,0.3424327209589083
321,batt_kup107,1,107,battery,0.08804358795721486,0.0,0.08804358795721486,0.16397607762247418
322,pltd_kup108,1,108,diesel,0.0056370564026485765,0.114,-0.10836294359735142,0.014208466090643133
323,plts_kup108,1,108,solar,0.2999742216061905,0.0,0.2999742216061905,0.48730719142869766
324,batt_kup108,1,108,battery,0.12527109215282542,0.0,0.12527109215282542,0.2333434740213722
325,pltd_kup109,1,109,diesel,0.006551267497800781,0.1325,-0.12594873250219923,0.0165127294220052
326,plts_kup109,1,109,solar,0.33943855341723395,0.0,0.33943855341723395,0.566330887548053
327,batt_kup109,1,109,battery,0.14558915515604628,0.0,0.14558915515604628,0.271186278116893
328,pltd_kup110,1,110,diesel,0.004540444129782583,0.0918,-0.08725955587021743,0.011444560216706437
329,plts_kup110,1,110,solar,0.2387054775684037,0.0,0.2387054775684037,0.39248101073812
330,batt_kup110,1,110,battery,0.10089744128951604,0.0,0.10089744128951604,0.18794441332347908
331,pltd_kup111,1,111,diesel,0.007876810755036358,0.1593,-0.15142318924496365,0.01985410405115674
332,plts_kup111,1,111,solar,0.41828820331836775,0.0,0.41828820331836775,0.6809140886296914
333,batt_kup111,1,111,battery,0.17505042493213957,0.0,0.17505042493213957,0.3260589319881799
334,pltd_kup112,1,112,diesel,0.008729932570880027,0.1765,-0.16777006742911996,0.02200440914139026
335,plts_kup112,1,112,solar,0.47312696062860143,0.0,0.47312696062860143,0.7546662750019583
336,batt_kup112,1,112,battery,0.19399162544505,0.0,0.19399162544505,0.36136036366665325
337,pltd_kup113,1,113,diesel,0.01253878729435426,0.2535,-0.24096121270564574,0.03160472069727544
338,plts_kup113,1,113,solar,0.6596763368928896,0.0,0.6596763368928896,1.0839274383150976
339,batt_kup113,1,113,battery,0.27865996948873406,0.0,0.27865996948873406,0.519020757403488
340,pltd_kup114,1,114,diesel,0.0062769297910416025,0.1269,-0.1206230702089584,0.01582156512917466
341,plts_kup114,1,114,solar,0.3317134910875998,0.0,0.3317134910875998,0.5426221028656815
342,batt_kup114,1,114,battery,0.13949076336210503,0.0,0.13949076336210503,0.25982533718143613
343,pltd_kup115,1,115,diesel,0.006322690325319183,0.1279,-0.12157730967468083,0.015936411724265187
344,plts_kup115,1,115,solar,0.3320373594852673,0.0,0.3320373594852673,0.546573817642736
345,batt_kup115,1,115,battery,0.14050196088594782,0.0,0.14050196088594782,0.2617192577310751
346,pltd_kup116,1,116,diesel,0.0064753623253258775,0.1309,-0.12442463767467411,0.01632117216794634
347,plts_kup116,1,116,solar,0.34274121047326833,0.0,0.34274121047326833,0.5597435982223388
348,batt_kup116,1,116,battery,0.1438976469777616,0.0,0.1438976469777616,0.2680274127256172
349,pltd_kup117,1,117,diesel,0.009507226119248369,0.1922,-0.18269277388075164,0.02396284818434228
350,plts_kup117,1,117,solar,0.5056087547714987,0.0,0.5056087547714987,0.8218347908857593
351,batt_kup117,1,117,battery,0.21128840607183005,0.0,0.21128840607183005,0.393517398484131
352,pltd_kup118,1,118,diesel,0.006764546645826952,0.1368,-0.13003545335417305,0.017050904041623904
353,plts_kup118,1,118,solar,0.3580245830434071,0.0,0.3580245830434071,0.5847684196123043
354,batt_kup118,1,118,battery,0.15034225377870217,0.0,0.15034225377870217,0.28001310356062836
355,pltd_kup119,1,119,diesel,0.005698166162721169,0.1152,-0.10950183383727882,0.01436285941208207
356,plts_kup119,1,119,solar,0.3019064590531484,0.0,0.3019064590531484,0.4925742294799307
357,batt_kup119,1,119,battery,0.12663162332103528,0.0,0.12663162332103528,0.23586210017869655
358,pltd_kup120,1,120,diesel,0.006856026752742955,0.1386,-0.13174397324725703,0.01728101486126559
359,plts_kup120,1,120,solar,0.3590469996673542,0.0,0.3590469996673542,0.592670561990972
360,batt_kup120,1,120,battery,0.15237637349139446,0.0,0.15237637349139446,0.2837948960364938
361,pltd_kup121,1,121,diesel,0.009461203931060246,0.1913,-0.18183879606893974,0.023848194525010687
362,plts_kup121,1,121,solar,0.49152258256667825,0.0,0.49152258256667825,0.8178857178620575
363,batt_kup121,1,121,battery,0.210252424440285,0.0,0.210252424440285,0.3916408581434826
364,pltd_kup122,1,122,diesel,0.007084388460304813,0.1433,-0.1362156115396952,0.017857009610966208
365,plts_kup122,1,122,solar,0.3704143228413198,0.0,0.3704143228413198,0.6124257256605325
366,batt_kup122,1,122,battery,0.15744923617622525,0.0,0.15744923617622525,0.2932503869280318
367,pltd_kup123,1,123,diesel,0.006627439338738134,0.134,-0.12737256066126187,0.01670530087028313
368,plts_kup123,1,123,solar,0.3538386579676058,0.0,0.3538386579676058,0.572915850101395
369,batt_kup123,1,123,battery,0.14729015851634947,0.0,0.14729015851634947,0.27434394456120137
370,pltd_kup124,1,124,diesel,0.0069320345398039785,0.1402,-0.133267965460196,0.01747253350154312
371,plts_kup124,1,124,solar,0.370852595500583,0.0,0.370852595500583,0.599256844135111
372,batt_kup124,1,124,battery,0.15407540837766842,0.0,0.15407540837766842,0.2869522726761477
373,pltd_kup125,1,125,diesel,0.009659369797994484,0.1953,-0.18564063020200552,0.0243468224132451
374,plts_kup125,1,125,solar,0.5114246348578285,0.0,0.5114246348578285,0.835005061999284
375,batt_kup125,1,125,battery,0.21464355853891073,0.0,0.21464355853891073,0.3998234213287135
376,pltd_kup126,1,126,diesel,0.0074047226479378595,0.1497,-0.14229527735206213,0.018664013664044528
377,plts_kup126,1,126,solar,0.39518048064467143,0.0,0.39518048064467143,0.6400824839049459
378,batt_kup126,1,126,battery,0.16454954974015953,0.0,0.16454954974015953,0.3064913625766969
379,pltd_kup127,1,127,diesel,0.012782523935603626,0.2585,-0.24571747606439637,0.032219507719372965
380,plts_kup127,1,127,solar,0.6845544208546137,0.0,0.6845544208546137,1.1050011455620001
381,batt_kup127,1,127,battery,0.2840707708678403,0.0,0.2840707708678403,0.5291185643657009
382,pltd_kup128,1,128,diesel,0.011045715186842782,0.2234,-0.2123542848131572,0.027841597337367435
383,plts_kup128,1,128,solar,0.5778198276858196,0.0,0.5778198276858196,0.9548600014694301
384,batt_kup128,1,128,battery,0.24549528782130692,0.0,0.24549528782130692,0.45723588442291857
385,pltd_kup129,1,129,diesel,0.009613809265163855,0.1944,-0.18478619073483613,0.0242320004211845
386,plts_kup129,1,129,solar,0.5185037105420645,0.0,0.5185037105420645,0.831056864245942
387,batt_kup129,1,129,battery,0.21365990934869114,0.0,0.21365990934869114,0.39794926803109804
388,pltd_kup130,1,130,diesel,0.007709245955206702,0.1559,-0.14819075404479332,0.019431614726346406
389,plts_kup130,1,130,solar,0.4058713005808509,0.0,0.4058713005808509,0.666425341125428
390,batt_kup130,1,130,battery,0.1713435173023567,0.0,0.1713435173023567,0.31911223924601756
391,pltd_kup131,1,131,diesel,0.00892787273115537,0.1805,-0.17157212726884463,0.022502994835539063
392,plts_kup131,1,131,solar,0.46815653344883174,0.0,0.46815653344883174,0.7717929362922912
393,batt_kup131,1,131,battery,0.1984274368986054,0.0,0.1984274368986054,0.369583517733431
394,pltd_kup132,1,132,diesel,0.007282810754559821,0.1473,-0.14001718924544015,0.018356686876233725
395,plts_kup132,1,132,solar,0.39590749942464837,0.0,0.39590749942464837,0.629549416605575
396,batt_kup132,1,132,battery,0.1618567204032728,0.0,0.1618567204032728,0.3014664565316463
397,pltd_kup133,1,133,diesel,0.006064173737280448,0.1226,-0.11653582626271955,0.015284675019884683
398,plts_kup133,1,133,solar,0.3126387948538015,0.0,0.3126387948538015,0.5241827587699068
399,batt_kup133,1,133,battery,0.13474764844223067,0.0,0.13474764844223067,0.2509958562890754
400,pltd_kup134,1,134,diesel,0.009476501958415826,0.1916,-0.18212349804158418,0.023886169127300842
401,plts_kup134,1,134,solar,0.4917172618027631,0.0,0.4917172618027631,0.8192054878448582
402,batt_kup134,1,134,battery,0.21060685499497328,0.0,0.21060685499497328,0.3922854265134423
403,pltd_kup135,1,135,diesel,0.014062506655673053,0.2844,-0.27033749334432694,0.03544486007711851
404,plts_kup135,1,135,solar,0.7206719842068258,0.0,0.7206719842068258,1.2156311449431934
405,batt_kup135,1,135,battery,0.3125226074786158,0.0,0.3125226074786158,0.5820831284789343
406,pltd_kup136,1,136,diesel,0.006856026752839948,0.1386,-0.13174397324716006,0.017281014861300886
407,plts_kup136,1,136,solar,0.3525662314726778,0.0,0.3525662314726778,0.5926696656391945
408,batt_kup136,1,136,battery,0.15236679541821094,0.0,0.15236679541821094,0.28378995676439855
409,pltd_kup137,1,137,diesel,0.003031997075309523,0.0613,-0.058268002924690476,0.007642321583332733
410,plts_kup137,1,137,solar,0.1613374337209736,0.0,0.1613374337209736,0.2620920016371816
411,batt_kup137,1,137,battery,0.06737533034934708,0.0,0.06737533034934708,0.12550051501412596
412,pltd_kup138,1,138,diesel,0.0029252805941357486,0.0591,-0.05617471940586425,0.007373678220881776
413,plts_kup138,1,138,solar,0.16383961612215803,0.0,0.16383961612215803,0.2528733196668399
414,batt_kup138,1,138,battery,0.06500516693291773,0.0,0.06500516693291773,0.12109064037455665
415,pltd_kup139,1,139,diesel,0.010192470279288709,0.2061,-0.1959075297207113,0.025690825417153916
416,plts_kup139,1,139,solar,0.5457036683336491,0.0,0.5457036683336491,0.8811058496202674
417,batt_kup139,1,139,battery,0.22653163015564975,0.0,0.22653163015564975,0.42191928982913185
418,pltd_kup140,1,140,diesel,0.0019651601463949223,0.0397,-0.037734839853605075,0.004953403000417643
419,plts_kup140,1,140,solar,0.10755046412109653,0.0,0.10755046412109653,0.16990031951628703
420,batt_kup140,1,140,battery,0.043677033519193026,0.0,0.043677033519193026,0.08135776173502798
421,pltd_kup141,1,141,diesel,0.004387741409177897,0.0887,-0.0843122585908221,0.011059410170508878
422,plts_kup141,1,141,solar,0.2569080192188854,0.0,0.2569080192188854,0.379311559348912
423,batt_kup141,1,141,battery,0.09751870798039207,0.0,0.09751870798039207,0.18163894238623662
424,pltd_kup142,1,142,diesel,0.006018023444100156,0.1217,-0.11568197655589985,0.01516885628630141
425,plts_kup142,1,142,solar,0.35947852743201103,0.0,0.35947852743201103,0.5202353456195659
426,batt_kup142,1,142,battery,0.13375429438299086,0.0,0.13375429438299086,0.24912078543222346
427,pltd_kup143,1,143,diesel,0.007800726062782994,0.1577,-0.14989927393721703,0.019662304655888526
428,plts_kup143,1,143,solar,0.4153961254687041,0.0,0.4153961254687041,0.6743284650906253
429,batt_kup143,1,143,battery,0.17336479057627044,0.0,0.17336479057627044,0.32290263180871953
430,pltd_kup144,1,144,diesel,0.0058505355496123014,0.1183,-0.1124494644503877,0.014746373965575545
431,plts_kup144,1,144,solar,0.32139089154960354,0.0,0.32139089154960354,0.5057460453304637
432,batt_kup144,1,144,battery,0.13002047496859367,0.0,0.13002047496859367,0.24217510781596613
433,pltd_kup145,1,145,diesel,0.005957154643174475,0.1205,-0.11454284535682552,0.015015459558148023
434,plts_kup145,1,145,solar,0.3164921373686687,0.0,0.3164921373686687,0.5149637164296307
435,batt_kup145,1,145,battery,0.1323837901076153,0.0,0.1323837901076153,0.24658184900612617
436,pltd_kup146,1,146,diesel,0.005241140134154534,0.106,-0.10075885986584546,0.013210627770332332
437,plts_kup146,1,146,solar,0.28412671229953007,0.0,0.28412671229953007,0.45306529306866455
438,batt_kup146,1,146,battery,0.11648596231122178,0.0,0.11648596231122178,0.21695619161798657
439,pltd_kup147,1,147,diesel,0.002285048155161084,0.0462,-0.043914951844838915,0.0057597086919166625
440,plts_kup147,1,147,solar,0.12728763705092785,0.0,0.12728763705092785,0.1975581801789736
441,batt_kup147,1,147,battery,0.05078779080536821,0.0,0.05078779080536821,0.09460222096790992
442,pltd_kup148,1,148,diesel,0.00217873167274093,0.0441,-0.04192126832725907,0.005491918183762832
443,plts_kup148,1,148,solar,0.11986949394029457,0.0,0.11986949394029457,0.18833811629253394
444,batt_kup148,1,148,battery,0.04842110093319523,0.0,0.04842110093319523,0.09018767108763111
445,pltd_kup149,1,149,diesel,0.004311646475336594,0.0872,-0.08288835352466341,0.010867719614282845
446,plts_kup149,1,149,solar,0.25335200620855974,0.0,0.25335200620855974,0.3727236160175444
447,batt_kup149,1,149,battery,0.09582643627035399,0.0,0.09582643627035399,0.17847372729894917
448,pltd_kup150,1,150,diesel,0.008288266010159777,0.1676,-0.15931173398984022,0.020891415440872953
449,plts_kup150,1,150,solar,0.4786342524893716,0.0,0.4786342524893716,0.7164757875561029
450,batt_kup150,1,150,battery,0.1842132993910152,0.0,0.1842132993910152,0.34309493445363687
451,pltd_kup151,1,151,diesel,0.004951530106442752,0.1001,-0.09514846989355724,0.012480811653423076
452,plts_kup151,1,151,solar,0.2838964803425534,0.0,0.2838964803425534,0.4280390989421165
453,batt_kup151,1,151,battery,0.11005090394061416,0.0,0.11005090394061416,0.2049617179778368
454,pltd_kup152,1,152,diesel,0.007404722647752335,0.1497,-0.14229527735224767,0.018664013664254863
455,plts_kup152,1,152,solar,0.39402016257263256,0.0,0.39402016257263256,0.6400839021026051
456,batt_kup152,1,152,battery,0.16454484232397074,0.0,0.16454484232397074,0.3064991774372294
457,pltd_kup153,1,153,diesel,0.0030929325431229954,0.0625,-0.059407067456877,0.007796058711567023
458,plts_kup153,1,153,solar,0.16458021115417415,0.0,0.16458021115417415,0.2673597834955189
459,batt_kup153,1,153,battery,0.06872944830340283,0.0,0.06872944830340283,0.12802314373969656
460,pltd_kup154,1,154,diesel,0.005042840932806806,0.102,-0.09695715906719318,0.012711080370628245
461,plts_kup154,1,154,solar,0.27719253475181466,0.0,0.27719253475181466,0.4359438374203537
462,batt_kup154,1,154,battery,0.11208753951448382,0.0,0.11208753951448382,0.20875742906013323
463,pltd_kup155,1,155,diesel,0.006170423550701331,0.1248,-0.11862957644929867,0.015552869136834764
464,plts_kup155,1,155,solar,0.3543328784793391,0.0,0.3543328784793391,0.533405101528173
465,batt_kup155,1,155,battery,0.13713897320290483,0.0,0.13713897320290483,0.25542443351603833
466,pltd_kup156,1,156,diesel,0.003946018419395892,0.0798,-0.07585398158060411,0.009946233961244808
467,plts_kup156,1,156,solar,0.2292800406235337,0.0,0.2292800406235337,0.3411155198564001
468,batt_kup156,1,156,battery,0.08769907896062624,0.0,0.08769907896062624,0.16334417609812626
469,pltd_kup157,1,157,diesel,0.007876810754609042,0.1593,-0.15142318924539094,0.01985410404976727
470,plts_kup157,1,157,solar,0.4363358312417337,0.0,0.4363358312417337,0.6809131652110558
471,batt_kup157,1,157,battery,0.17504088076063992,0.0,0.17504088076063992,0.32605384355877576
472,pltd_kup158,1,158,diesel,0.004113557513555749,0.0832,-0.07908644248644425,0.010368635470860968
473,plts_kup158,1,158,solar,0.21706000671405457,0.0,0.21706000671405457,0.3556037244748028
474,batt_kup158,1,158,battery,0.09142914817890298,0.0,0.09142914817890298,0.17028462787343945
475,pltd_kup159,1,159,diesel,0.003564974468951515,0.0721,-0.06853502553104848,0.008985478757812944
476,plts_kup159,1,159,solar,0.19877192469374422,0.0,0.19877192469374422,0.30818998718716895
477,batt_kup159,1,159,battery,0.07922966364493787,0.0,0.07922966364493787,0.14757779054141118
478,pltd_kup160,1,160,diesel,0.008684382276466212,0.1756,-0.1669156177235338,0.0218892361636043
479,plts_kup160,1,160,solar,0.43873389870599694,0.0,0.43873389870599694,0.7507191107091752
480,batt_kup160,1,160,battery,0.19298603415873966,0.0,0.19298603415873966,0.35948745696250345
481,pltd_kup161,1,161,diesel,0.008166107928854313,0.1651,-0.1569338920711457,0.020583049712909297
482,plts_kup161,1,161,solar,0.4319704811094863,0.0,0.4319704811094863,0.705935686223129
483,batt_kup161,1,161,battery,0.1814752746726106,0.0,0.1814752746726106,0.33802277741899445
484,pltd_kup162,1,162,diesel,0.005759224722669674,0.1165,-0.11074077527733034,0.014516333371999415
485,plts_kup162,1,162,solar,0.3130534114337794,0.0,0.3130534114337794,0.4978449391662611
486,batt_kup162,1,162,battery,0.12797856584785322,0.0,0.12797856584785322,0.2384004179412962
487,pltd_kup163,1,163,diesel,0.004890384399021377,0.0989,-0.09400961560097862,0.012326899034495195
488,plts_kup163,1,163,solar,0.26750693994600305,0.0,0.26750693994600305,0.42277177306464503
489,batt_kup163,1,163,battery,0.10869316674388776,0.0,0.10869316674388776,0.20243686367928224
490,pltd_kup164,1,164,diesel,0.004357586529347806,0.0881,-0.08374241347065219,0.010983190942880193
491,plts_kup164,1,164,solar,0.24298136908212312,0.0,0.24298136908212312,0.37667464584696664
492,batt_kup164,1,164,battery,0.09683472825240179,0.0,0.09683472825240179,0.18036907593272208
493,pltd_kup165,1,165,diesel,0.0049363244522862984,0.0998,-0.0948636755477137,0.012442370361694722
494,plts_kup165,1,165,solar,0.2742550847508984,0.0,0.2742550847508984,0.4267228607685791
495,batt_kup165,1,165,battery,0.10970918059672284,0.0,0.10970918059672284,0.20433253121727785
496,pltd_kup166,1,166,diesel,0.004799083811950804,0.097,-0.0922009161880492,0.012096317948145032
497,plts_kup166,1,166,solar,0.26144228068849,0.0,0.26144228068849,0.4148699558728383
498,batt_kup166,1,166,battery,0.1066504067992324,0.0,0.1066504067992324,0.1986608084858909
499,pltd_kup167,1,167,diesel,0.0028794276863747252,0.0582,-0.05532057231362528,0.007257301397898928
500,plts_kup167,1,167,solar,0.15132381313861173,0.0,0.15132381313861173,0.2489222048906899
501,batt_kup167,1,167,battery,0.06399425083041148,0.0,0.06399425083041148,0.1191951136652395
502,pltd_kup168,1,168,diesel,0.005286757094122824,0.1069,-0.10161324290587717,0.013325565613388709
503,plts_kup168,1,168,solar,0.2950479839681197,0.0,0.2950479839681197,0.45701601071852094
504,batt_kup168,1,168,battery,0.11748323376675648,0.0,0.11748323376675648,0.21884260626726504
505,pltd_kup169,1,169,diesel,0.017140254070924062,0.3466,-0.32945974592907595,0.04320360069872496
506,plts_kup169,1,169,solar,0.9112313127064291,0.0,0.9112313127064291,1.4816756518640224
507,batt_kup169,1,169,battery,0.3809125818582158,0.0,0.3809125818582158,0.709491339117856
508,pltd_kup170,1,170,diesel,0.012645406388271021,0.2557,-0.24305459361172896,0.031873806290795885
509,plts_kup170,1,170,solar,0.6816388341109308,0.0,0.6816388341109308,1.0931461290501765
510,batt_kup170,1,170,battery,0.28101137774081925,0.0,0.28101137774081925,0.5234331172183418
511,pltd_kup171,1,171,diesel,0.011152375240849092,0.2255,-0.21434762475915092,0.028110381002387948
512,plts_kup171,1,171,solar,0.6003059408868722,0.0,0.6003059408868722,0.9640805093815469
513,batt_kup171,1,171,battery,0.247854654534321,0.0,0.247854654534321,0.46165483399911417
514,pltd_kup172,1,172,diesel,0.004753646371529399,0.0961,-0.0913463536284706,0.011981443321652836
515,plts_kup172,1,172,solar,0.25641566409358446,0.0,0.25641566409358446,0.41091796979327194
516,batt_kup172,1,172,battery,0.10564385630013953,0.0,0.10564385630013953,0.1967642328306177
517,pltd_kup173,1,173,diesel,0.009034738011198255,0.1827,-0.17366526198880175,0.02277198574616693
518,plts_kup173,1,173,solar,0.4750296441449715,0.0,0.4750296441449715,0.7810117265945423
519,batt_kup173,1,173,battery,0.2007925157327921,0.0,0.2007925157327921,0.37399640728865746
520,pltd_kup174,1,174,diesel,0.008958673798000234,0.1811,-0.1721413262019998,0.02258070924765143
521,plts_kup174,1,174,solar,0.4767158407763298,0.0,0.4767158407763298,0.7744228529740826
522,batt_kup174,1,174,battery,0.1990793453425285,0.0,0.1990793453425285,0.37082658766190146
523,pltd_kup175,1,175,diesel,0.007450226754567064,0.1506,-0.14314977324543296,0.018778582931079032
524,plts_kup175,1,175,solar,0.39370892803024626,0.0,0.39370892803024626,0.6440344542392418
525,batt_kup175,1,175,battery,0.16556072787837703,0.0,0.16556072787837703,0.30838491174699645
526,pltd_kup176,1,176,diesel,0.0047990838114394755,0.097,-0.09220091618856052,0.012096317946969306
527,plts_kup176,1,176,solar,0.2532532785862768,0.0,0.2532532785862768,0.41487056221245694
528,batt_kup176,1,176,battery,0.10665251526437924,0.0,0.10665251526437924,0.19866414966334403
529,pltd_kup177,1,177,diesel,0.01576883742945826,0.3189,-0.30313116257054173,0.03974643537552759
530,plts_kup177,1,177,solar,0.8330906259334109,0.0,0.8330906259334109,1.3631432219376078
531,batt_kup177,1,177,battery,0.3504501330794544,0.0,0.3504501330794544,0.6527340150807697
532,pltd_kup178,1,178,diesel,0.006002904936887241,0.1214,-0.11539709506311276,0.01513067115302972
533,plts_kup178,1,178,solar,0.32736804257186153,0.0,0.32736804257186153,0.518916239643087
534,batt_kup178,1,178,battery,0.1334160352371662,0.0,0.1334160352371662,0.2484789673120576
535,pltd_kup179,1,179,diesel,0.005149649786916886,0.1041,-0.09895035021308311,0.012980060699490792
536,plts_kup179,1,179,solar,0.28328244343807213,0.0,0.28328244343807213,0.44516337545558715
537,batt_kup179,1,179,battery,0.11445261873293344,0.0,0.11445261873293344,0.2131748834506546
538,pltd_kup180,1,180,diesel,0.006581489045481627,0.1331,-0.12651851095451838,0.016588910034942072
539,plts_kup180,1,180,solar,0.3586798878727773,0.0,0.3586798878727773,0.568963896584664
540,batt_kup180,1,180,battery,0.14626950043235598,0.0,0.14626950043235598,0.27243944481243304
541,pltd_kup181,1,181,diesel,0.006201101524208421,0.1254,-0.11919889847579158,0.015630467698865485
542,plts_kup181,1,181,solar,0.33843903444300477,0.0,0.33843903444300477,0.536036993205924
543,batt_kup181,1,181,battery,0.13781176702416892,0.0,0.13781176702416892,0.25667975941491644
544,pltd_kup182,1,182,diesel,0.010939219186515596,0.2212,-0.2102607808134844,0.027572852145123714
545,plts_kup182,1,182,solar,0.607184603692801,0.0,0.607184603692801,0.9456387701801381
546,batt_kup182,1,182,battery,0.24308241154609347,0.0,0.24308241154609347,0.45281190367520113
547,pltd_kup183,1,183,diesel,0.007876810755713332,0.1593,-0.15142318924428666,0.019854104052363465
548,plts_kup183,1,183,solar,0.4191531217152288,0.0,0.4191531217152288,0.6809124069376765
549,batt_kup183,1,183,battery,0.17504039141039954,0.0,0.17504039141039954,0.32604966517104816
550,pltd_kup184,1,184,diesel,0.004448887116320596,0.09,-0.0855511128836794,0.011213772029810228
551,plts_kup184,1,184,solar,0.24309461414677522,0.0,0.24309461414677522,0.3845772560483415
552,batt_kup184,1,184,battery,0.09887186310256166,0.0,0.09887186310256166,0.1841495009417148
553,pltd_kup185,1,185,diesel,0.009628835398471206,0.1947,-0.1850711646015288,0.024270364477291185
554,plts_kup185,1,185,solar,0.5347694784039477,0.0,0.5347694784039477,0.832375251422632
555,batt_kup185,1,185,battery,0.21399119258083332,0.0,0.21399119258083332,0.3985898710927732
556,pltd_kup186,1,186,diesel,0.005515344509062739,0.1115,-0.10598465549093726,0.013901311216598149
557,plts_kup186,1,186,solar,0.3162551054008541,0.0,0.3162551054008541,0.4767701298671982
558,batt_kup186,1,186,battery,0.1225702988632117,0.0,0.1225702988632117,0.22829373405353154
559,pltd_kup187,1,187,diesel,0.0033974353738188195,0.0687,-0.06530256462618118,0.008563715994652398
560,plts_kup187,1,187,solar,0.18885518172111848,0.0,0.18885518172111848,0.29370257698186647
561,batt_kup187,1,187,battery,0.07550764136108414,0.0,0.07550764136108414,0.14064297335744372
562,pltd_kup188,1,188,diesel,0.05301936106440862,1.0721,-1.0190806389355915,0.13363898912248598
563,plts_kup188,1,188,solar,2.8213800302863077,0.0,2.8213800302863077,4.5833209268002335
564,batt_kup188,1,188,battery,1.1782256166905025,0.0,1.1782256166905025,2.1946890409449544
565,pltd_kup189,1,189,diesel,0.04887552554385645,0.9883,-0.9394244744561435,0.12319362184288343
566,plts_kup189,1,189,solar,2.60085822825825,0.0,2.60085822825825,4.2250838416135235
567,batt_kup189,1,189,battery,1.0861336126583834,0.0,1.0861336126583834,2.023149790958971
568,pltd_kup190,1,190,diesel,0.15570716234275847,3.1485,-2.9927928376572415,0.39246947374737495
569,plts_kup190,1,190,solar,8.285777042899575,0.0,8.285777042899575,13.460211975960014
570,batt_kup190,1,190,battery,3.460190013168559,0.0,3.460190013168559,6.445321946835423
571,pltd_kup191,1,191,diesel,0.029115073168679333,0.5887,-0.5595849268313207,0.07338625663484466
572,plts_kup191,1,191,solar,1.5493269836779653,0.0,1.5493269836779653,2.516875652828269
573,batt_kup191,1,191,battery,0.6470086816289743,0.0,0.6470086816289743,1.2051872350382389
574,pltd_kup192,1,192,diesel,0.00897356659791509,0.1815,-0.1725264334020849,0.022619347053765445
575,plts_kup192,1,192,solar,0.4775266054062704,0.0,0.4775266054062704,0.7757396171006883
576,batt_kup192,1,192,battery,0.19941766819675874,0.0,0.19941766819675874,0.3714569899795069
577,pltd_kup193,1,193,diesel,0.006932034539839761,0.1402,-0.13326796546016023,0.01747253350148588
578,plts_kup193,1,193,solar,0.3688875441579962,0.0,0.3688875441579962,0.5992563665795518
579,batt_kup193,1,193,battery,0.15404950350006424,0.0,0.15404950350006424,0.2869496411445372
580,pltd_kup194,1,194,diesel,0.00518030728035941,0.1047,-0.09951969271964059,0.013057136363139677
581,plts_kup194,1,194,solar,0.2756515458261581,0.0,0.2756515458261581,0.4477948440898539
582,batt_kup194,1,194,battery,0.11511356892936717,0.0,0.11511356892936717,0.21442298551320707
583,pltd_kup195,1,195,diesel,0.015555568522946064,0.3145,-0.29894443147705396,0.039208836294238686
584,plts_kup195,1,195,solar,0.8277669257993522,0.0,0.8277669257993522,1.344703566676766
585,batt_kup195,1,195,battery,0.3456799699110718,0.0,0.3456799699110718,0.6439011755221237
586,pltd_kup196,1,196,diesel,0.003046869395714494,0.0616,-0.058553130604285505,0.007679622248535989
587,plts_kup196,1,196,solar,0.1621492810035652,0.0,0.1621492810035652,0.26341058660217254
588,batt_kup196,1,196,battery,0.06771432130734414,0.0,0.06771432130734414,0.12613257705427564
589,pltd_kup197,1,197,diesel,0.004098321140009636,0.0829,-0.07880167885999037,0.0103300292745116
590,plts_kup197,1,197,solar,0.2119747277394699,0.0,0.2119747277394699,0.35428633534786647
591,batt_kup197,1,197,battery,0.09107475464175979,0.0,0.09107475464175979,0.16964919583707788
592,pltd_kup198,1,198,diesel,0.010085953799798868,0.2039,-0.19381404620020112,0.025422403177266926
593,plts_kup198,1,198,solar,0.5367107131867562,0.0,0.5367107131867562,0.8718843190699245
594,batt_kup198,1,198,battery,0.22413318110750985,0.0,0.22413318110750985,0.41749518821843273
595,pltd_kup199,1,199,diesel,0.017079098124669227,0.3453,-0.32822090187533076,0.04304921080932843
596,plts_kup199,1,199,solar,0.9088402527467184,0.0,0.9088402527467184,1.4764076871041465
597,batt_kup199,1,199,battery,0.3795373199699226,0.0,0.3795373199699226,0.7069666196711649
598,pltd_kup200,1,200,diesel,0.020811878391960983,0.4208,-0.39998812160803904,0.052457736973520845
599,plts_kup200,1,200,solar,1.107472534918442,0.0,1.107472534918442,1.7990846782928795
600,batt_kup200,1,200,battery,0.46248730129863647,0.0,0.46248730129863647,0.8614780340559194
601,pltd_kup201,1,201,diesel,0.009552653318530405,0.1932,-0.1836473466814696,0.024078059773884962
602,plts_kup201,1,201,solar,0.5083350166440544,0.0,0.5083350166440544,0.8257883717690797
603,batt_kup201,1,201,battery,0.21228353877119188,0.0,0.21228353877119188,0.39542235626564676
604,pltd_kup202,1,202,diesel,0.0034887462013620655,0.0705,-0.06701125379863793,0.008793756591250564
605,plts_kup202,1,202,solar,0.18566033010722752,0.0,0.18566033010722752,0.3016043000783736
606,batt_kup202,1,202,battery,0.07753298970908586,0.0,0.07753298970908586,0.1444210628024642
607,pltd_kup203,1,203,diesel,0.02195447689607145,0.4439,-0.4219455231039286,0.05533775990005143
608,plts_kup203,1,203,solar,1.1682782120119213,0.0,1.1682782120119213,1.8978627460601298
609,batt_kup203,1,203,battery,0.48787948463118036,0.0,0.48787948463118036,0.9087772056067704
610,pltd_kup204,1,204,diesel,0.017582043726124548,0.3555,-0.33791795627387544,0.04431653476146191
611,plts_kup204,1,204,solar,0.9355952624589556,0.0,0.9355952624589556,1.5198706662265709
612,batt_kup204,1,204,battery,0.3907098364639009,0.0,0.3907098364639009,0.7277783679442492
613,pltd_kup205,1,205,diesel,0.020887886180650045,0.4224,-0.4015121138193499,0.0526492556176871
614,plts_kup205,1,205,solar,1.1115263776723745,0.0,1.1115263776723745,1.8056702648172271
615,batt_kup205,1,205,battery,0.46417992766273813,0.0,0.46417992766273813,0.8646315775618557
616,pltd_kup206,1,206,diesel,0.014854682763567358,0.3004,-0.2855453172364326,0.03744233353023419
617,plts_kup206,1,206,solar,0.7904725584899556,0.0,0.7904725584899556,1.2841194573150143
618,batt_kup206,1,206,battery,0.33010561584309284,0.0,0.33010561584309284,0.6148907177075823
619,pltd_kup207,1,207,diesel,0.01817584372587665,0.3675,-0.34932415627412333,0.045813085057494526
620,plts_kup207,1,207,solar,0.9672152202923939,0.0,0.9672152202923939,1.5712367828255978
621,batt_kup207,1,207,battery,0.40391451244205484,0.0,0.40391451244205484,0.7523752838125591
622,pltd_kup208,1,208,diesel,0.025260488635577175,0.5108,-0.48553951136442286,0.06367108448150265
623,plts_kup208,1,208,solar,1.3442091065976798,0.0,1.3442091065976798,2.1836622110147528
624,batt_kup208,1,208,battery,0.5613494396803337,0.0,0.5613494396803337,1.0456302400673751
625,pltd_kup209,1,209,diesel,0.007191094699999055,0.1454,-0.13820890530000093,0.01812594073503452
626,plts_kup209,1,209,solar,0.3826693384604921,0.0,0.3826693384604921,0.6216452218640617
627,batt_kup209,1,209,battery,0.15980524876425972,0.0,0.15980524876425972,0.2976701052095939
628,pltd_kup210,1,210,diesel,0.015555568522946064,0.3145,-0.29894443147705396,0.039208836294238686
629,plts_kup210,1,210,solar,0.8277669257993522,0.0,0.8277669257993522,1.344703566676766
630,batt_kup210,1,210,battery,0.3456799699110718,0.0,0.3456799699110718,0.6439011755221237
631,pltd_kup211,1,211,diesel,0.005423751547779376,0.1097,-0.10427624845222062,0.013671502176046128
632,plts_kup211,1,211,solar,0.29070801784407324,0.0,0.29070801784407324,0.4688685812067994
633,batt_kup211,1,211,battery,0.12053780253322806,0.0,0.12053780253322806,0.2245143620151991
634,pltd_kup212,1,212,diesel,0.010969630492801195,0.2218,-0.2108303695071988,0.027649081955329433
635,plts_kup212,1,212,solar,0.5852452091991721,0.0,0.5852452091991721,0.9482740456038176
636,batt_kup212,1,212,battery,0.243767426262472,0.0,0.243767426262472,0.45407883585588316
637,pltd_kup213,1,213,diesel,0.006261621524954676,0.1266,-0.12033837847504532,0.015783211514425098
638,plts_kup213,1,213,solar,0.32685472516126385,0.0,0.32685472516126385,0.5413042472007297
639,batt_kup213,1,213,battery,0.13915030759884603,0.0,0.13915030759884603,0.2591924973496054
640,pltd_kup214,1,214,diesel,0.004768728931560298,0.0964,-0.0916312710684397,0.01201929849395383
641,plts_kup214,1,214,solar,0.24326779024232711,0.0,0.24326779024232711,0.4122359062645111
642,batt_kup214,1,214,battery,0.10596747657867654,0.0,0.10596747657867654,0.19739728544209317
643,pltd_kup215,1,215,diesel,0.005850535549213172,0.1183,-0.11244946445078682,0.014746373964325769
644,plts_kup215,1,215,solar,0.31526178768991164,0.0,0.31526178768991164,0.5057459500220888
645,batt_kup215,1,215,battery,0.130013533418296,0.0,0.130013533418296,0.24217458262039868
646,pltd_kup216,1,216,diesel,0.005241140134331647,0.106,-0.10075885986566835,0.013210627770841393
647,plts_kup216,1,216,solar,0.28028122649222187,0.0,0.28028122649222187,0.45306527846393935
648,batt_kup216,1,216,battery,0.11648270118903231,0.0,0.11648270118903231,0.21695611114159408
649,pltd_kup217,1,217,diesel,0.007724364462391292,0.1562,-0.1484756355376087,0.019470119233939095
650,plts_kup217,1,217,solar,0.41104599754341065,0.0,0.41104599754341065,0.6677423368081696
651,batt_kup217,1,217,battery,0.17165548508419867,0.0,0.17165548508419867,0.3197434344164534
652,pltd_kup218,1,218,diesel,0.0031837971841561803,0.0644,-0.06121620281584382,0.008025414933649605
653,plts_kup218,1,218,solar,0.16666704951074376,0.0,0.16666704951074376,0.2752645213207464
654,batt_kup218,1,218,battery,0.07076390686350321,0.0,0.07076390686350321,0.13181482864595004
655,pltd_kup219,1,219,diesel,0.0041437585805735675,0.0838,-0.07965624141942643,0.010444774034232395
656,plts_kup219,1,219,solar,0.22121747137084932,0.0,0.22121747137084932,0.358238632419727
657,batt_kup219,1,219,battery,0.09209998838754063,0.0,0.09209998838754063,0.17154727239525752
658,pltd_kup220,1,220,diesel,0.00783112712819133,0.1583,-0.15046887287180866,0.01973912058225675
659,plts_kup220,1,220,solar,0.40873986150805913,0.0,0.40873986150805913,0.6769593189766057
660,batt_kup220,1,220,battery,0.17404612086103163,0.0,0.17404612086103163,0.3241499376951495
661,pltd_kup221,1,221,diesel,0.006200303346735484,0.1045,-0.09829969665326452,0.012564785077510628
662,plts_kup221,1,221,solar,0.42031448619952966,0.0,0.42031448619952966,0.7061816640211089
663,batt_kup221,1,221,battery,0.18591498243456017,0.0,0.18591498243456017,0.32193852229521003
664,pltd_kup222,1,222,diesel,0.005745958173899893,0.0968,-0.09105404182610011,0.011644155727031725
665,plts_kup222,1,222,solar,0.39280148577103324,0.0,0.39280148577103324,0.6544231062539135
666,batt_kup222,1,222,battery,0.1722888637283565,0.0,0.1722888637283565,0.29835139938778743
667,pltd_kup223,1,223,diesel,0.019989147406011872,0.4042,-0.38421085259398813,0.05038411094602378
668,plts_kup223,1,223,solar,1.0321022421756658,0.0,1.0321022421756658,1.7279651006953363
669,batt_kup223,1,223,battery,0.44421702602248336,0.0,0.44421702602248336,0.8274295558912119
670,pltd_kup224,1,224,diesel,0.03546827743415426,0.7172,-0.6817317225658457,0.08940038985514155
671,plts_kup224,1,224,solar,1.8319025684071693,0.0,1.8319025684071693,3.066077370002303
672,batt_kup224,1,224,battery,0.7881976529923959,0.0,0.7881976529923959,1.4681379835668869
673,pltd_kup225,1,225,diesel,0.018313207459045844,0.3703,-0.35198679254095416,0.04615958671103171
674,plts_kup225,1,225,solar,0.9459343449806872,0.0,0.9459343449806872,1.583085354226751
675,batt_kup225,1,225,battery,0.4070160565392232,0.0,0.4070160565392232,0.7580266083316879
676,pltd_kup226,1,226,diesel,0.010085953799927369,0.2039,-0.19381404620007264,0.025422403177618874
677,plts_kup226,1,226,solar,0.52858072334757,0.0,0.52858072334757,0.8718852588089091
678,batt_kup226,1,226,battery,0.22413768124941447,0.0,0.22413768124941447,0.41750036657429773
679,pltd_kup227,1,227,diesel,0.006246528723776585,0.1263,-0.12005347127622341,0.015744559690525895
680,plts_kup227,1,227,solar,0.327018702794761,0.0,0.327018702794761,0.5399911753061584
681,batt_kup227,1,227,battery,0.13882583226379286,0.0,0.13882583226379286,0.25857834092186205
682,pltd_kup228,1,228,diesel,0.01843492959294668,0.3728,-0.35436507040705334,0.046466488856923005
683,plts_kup228,1,228,solar,0.9639783899507042,0.0,0.9639783899507042,1.5936221136092275
684,batt_kup228,1,228,battery,0.4096754288884512,0.0,0.4096754288884512,0.7630727877060894
685,pltd_kup229,1,229,diesel,0.017612152416192885,0.3561,-0.3384878475838071,0.044392160854090826
686,plts_kup229,1,229,solar,0.908009063007119,0.0,0.908009063007119,1.5225042601475591
687,batt_kup229,1,229,battery,0.3914327731373135,0.0,0.3914327731373135,0.7290299420701074
688,pltd_kup230,1,230,diesel,0.022197910926063973,0.4489,-0.42670208907393603,0.05595095005616667
689,plts_kup230,1,230,solar,1.1470872676966517,0.0,1.1470872676966517,1.9189401080649189
690,batt_kup230,1,230,battery,0.49332195862060724,0.0,0.49332195862060724,0.9188840896971935
691,pltd_kup231,1,231,diesel,0.015342156044227256,0.3102,-0.29485784395577275,0.03867048619051308
692,plts_kup231,1,231,solar,0.7951570442472674,0.0,0.7951570442472674,1.3262638086954888
693,batt_kup231,1,231,battery,0.34094150323510214,0.0,0.34094150323510214,0.6350603631200261
694,pltd_kup232,1,232,diesel,0.015814654390238225,0.3198,-0.30398534560976176,0.03986201898046414
695,plts_kup232,1,232,solar,0.8214548069435562,0.0,0.8214548069435562,1.367096253439882
696,batt_kup232,1,232,battery,0.3514397289496063,0.0,0.3514397289496063,0.6546374926737811
697,pltd_kup233,1,233,diesel,0.01081726110650216,0.2187,-0.20788273889349784,0.027265195396426703
698,plts_kup233,1,233,solar,0.5594862651317394,0.0,0.5594862651317394,0.9351038363621268
699,batt_kup233,1,233,battery,0.24038382973286576,0.0,0.24038382973286576,0.44777263139865264
700,pltd_kup234,1,234,diesel,0.03325925749066674,0.6725,-0.6392407425093333,0.0838315818665481
701,plts_kup234,1,234,solar,1.7275881644977014,0.0,1.7275881644977014,2.875117729612233
702,batt_kup234,1,234,battery,0.7391072375954738,0.0,0.7391072375954738,1.3767575302887793
703,pltd_kup235,1,235,diesel,0.011914452893842803,0.2409,-0.2289855471061572,0.030031270226884996
704,plts_kup235,1,235,solar,0.6259469390995802,0.0,0.6259469390995802,1.0299318761680243
705,batt_kup235,1,235,battery,0.2648004316313006,0.0,0.2648004316313006,0.49318860878354337
706,pltd_kup236,1,236,diesel,0.010009612678555399,0.2024,-0.1923903873214446,0.025229691277400615
707,plts_kup236,1,236,solar,0.5223783826306994,0.0,0.5223783826306994,0.865300264915868
708,batt_kup236,1,236,battery,0.22247071619003703,0.0,0.22247071619003703,0.414339993596009
709,pltd_kup237,1,237,diesel,0.0048448136249248834,0.098,-0.09315518637507512,0.012211508516284565
710,plts_kup237,1,237,solar,0.2619276000396216,0.0,0.2619276000396216,0.4188228404418993
711,batt_kup237,1,237,battery,0.10766182426418873,0.0,0.10766182426418873,0.20055929932023966
712,pltd_kup238,1,238,diesel,0.020430680632409996,0.4131,-0.39266931936759003,0.051497560894656506
713,plts_kup238,1,238,solar,1.0611754543419682,0.0,1.0611754543419682,1.7661632879414741
714,batt_kup238,1,238,battery,0.454090239781516,0.0,0.454090239781516,0.8457369113762594
715,pltd_kup239,1,239,diesel,0.004677484770825934,0.0946,-0.08992251522917406,0.0117898053981908
716,plts_kup239,1,239,solar,0.24889767924187198,0.0,0.24889767924187198,0.40433273559178967
717,batt_kup239,1,239,battery,0.10394075786027712,0.0,0.10394075786027712,0.1936114706658896
718,pltd_kup240,1,240,diesel,0.00987243870495649,0.1996,-0.1897275612950435,0.02488417935619588
719,plts_kup240,1,240,solar,0.5116251901320965,0.0,0.5116251901320965,0.8534457701836026
720,batt_kup240,1,240,battery,0.21941088298648748,0.0,0.21941088298648748,0.4086632427786269
721,pltd_kup241,1,241,diesel,0.005134413413422725,0.1038,-0.09866558658657727,0.012941454502881129
722,plts_kup241,1,241,solar,0.266105185107952,0.0,0.266105185107952,0.4438438072285709
723,batt_kup241,1,241,battery,0.1140982452843808,0.0,0.1140982452843808,0.21252744366455398
724,pltd_kup242,1,242,diesel,0.011045715187528931,0.2234,-0.21235428481247107,0.02784159733996058
725,plts_kup242,1,242,solar,0.5706408284114527,0.0,0.5706408284114527,0.9548619201821832
726,batt_kup242,1,242,battery,0.2454963746210863,0.0,0.2454963746210863,0.4572464573453739
727,pltd_kup243,1,243,diesel,0.008334072729337654,0.1685,-0.16016592727066237,0.02100644453355447
728,plts_kup243,1,243,solar,0.43419584038627385,0.0,0.43419584038627385,0.720422545792347
729,batt_kup243,1,243,battery,0.18520263819645988,0.0,0.18520263819645988,0.34496305085964224
730,pltd_kup244,1,244,diesel,0.034081742288361735,0.6892,-0.6551182577116383,0.08590509203749845
731,plts_kup244,1,244,solar,1.8136291090987002,0.0,1.8136291090987002,2.9462328408284177
732,batt_kup244,1,244,battery,0.7573825232212146,0.0,0.7573825232212146,1.4107817640678533
733,pltd_kup245,1,245,diesel,0.022944829114874256,0.464,-0.44105517088512575,0.05783395250663475
734,plts_kup245,1,245,solar,1.220976584327916,0.0,1.220976584327916,1.9834717250659333
735,batt_kup245,1,245,battery,0.5098866501884823,0.0,0.5098866501884823,0.9497703715927269
736,pltd_kup246,1,246,diesel,0.03592535988948461,0.7264,-0.6904746401105154,0.09055201435231393
737,plts_kup246,1,246,solar,1.9117282309831627,0.0,1.9117282309831627,3.1055949196923147
738,batt_kup246,1,246,battery,0.798349491336924,0.0,0.798349491336924,1.4870910262125845
739,pltd_kup247,1,247,diesel,0.04366500692955348,0.8829,-0.8392349930704466,0.11006034681825902
740,plts_kup247,1,247,solar,2.3235845919065548,0.0,2.3235845919065548,3.7746541839550014
741,batt_kup247,1,247,battery,0.9703430516637441,0.0,0.9703430516637441,1.8074651832641655
742,pltd_kup248,1,248,diesel,0.02207643498135185,0.4464,-0.42432356501864815,0.055645090282213115
743,plts_kup248,1,248,solar,1.1747635462529717,0.0,1.1747635462529717,1.9083993623977125
744,batt_kup248,1,248,battery,0.4905885843930335,0.0,0.4905885843930335,0.9138224423744733
745,pltd_kup249,1,249,diesel,0.0312635269289793,0.6322,-0.6009364730710207,0.07880230322043408
746,plts_kup249,1,249,solar,1.6636400532205426,0.0,1.6636400532205426,2.702577059545412
747,batt_kup249,1,249,battery,0.6947462768424997,0.0,0.6947462768424997,1.29410833038676
748,pltd_kup250,1,250,diesel,0.03342690943603924,0.6759,-0.6424730905639607,0.08425488185692527
749,plts_kup250,1,250,solar,1.778765972624666,0.0,1.778765972624666,2.8895986951439236
750,batt_kup250,1,250,battery,0.7428234817064138,0.0,0.7428234817064138,1.3836625398571727
751,pltd_kup251,1,251,diesel,0.0320250814875743,0.6476,-0.6155749185124256,0.08072142007500113
752,plts_kup251,1,251,solar,1.7041782405861166,0.0,1.7041782405861166,2.768431162213932
753,batt_kup251,1,251,battery,0.7116753922654111,0.0,0.7116753922654111,1.3256426376841428
754,pltd_kup252,1,252,diesel,0.06362359946503388,1.2865,-1.2228764005349662,0.16036775071088127
755,plts_kup252,1,252,solar,3.3856555952783984,0.0,3.3856555952783984,5.499983932692788
756,batt_kup252,1,252,battery,1.4138700678459921,0.0,1.4138700678459921,2.6336260124856943
757,pltd_kup253,1,253,diesel,0.00400683079266256,0.081,-0.07699316920733744,0.01009946220262556
758,plts_kup253,1,253,solar,0.21322500135387734,0.0,0.21322500135387734,0.34638355771939056
759,batt_kup253,1,253,battery,0.08904414833536249,0.0,0.08904414833536249,0.1658631486217239
760,pltd_kup254,1,254,diesel,0.004905836238624803,0.0992,-0.0942941637613752,0.012365396532978431
761,plts_kup254,1,254,solar,0.25484730692241875,0.0,0.25484730692241875,0.4240896992424441
762,batt_kup254,1,254,battery,0.10903446743641945,0.0,0.10903446743641945,0.20307465611732667
763,pltd_kup255,1,255,diesel,0.005713418002298374,0.1155,-0.10978658199770164,0.014400672535248986
764,plts_kup255,1,255,solar,0.3072777958880973,0.0,0.3072777958880973,0.4938931698317378
765,batt_kup255,1,255,battery,0.1269718221696282,0.0,0.1269718221696282,0.2365014585328159
766,pltd_kup256,1,256,diesel,0.006642568085464574,0.1343,-0.12765743191453544,0.01674278403460387
767,plts_kup256,1,256,solar,0.3600389039700509,0.0,0.3600389039700509,0.5742313538688605
768,batt_kup256,1,256,battery,0.14762957191619316,0.0,0.14762957191619316,0.2749597821530377
769,pltd_kup257,1,257,diesel,0.0039307358590013036,0.0795,-0.0755692641409987,0.009907922538015436
770,plts_kup257,1,257,solar,0.21227949676541194,0.0,0.21227949676541194,0.33979663772539226
771,batt_kup257,1,257,battery,0.08735916198335321,0.0,0.08735916198335321,0.16270465543757912
772,pltd_kup258,1,258,diesel,0.0025291438402515083,0.0511,-0.04857085615974849,0.006374499307986759
773,plts_kup258,1,258,solar,0.13465234885782487,0.0,0.13465234885782487,0.2186305912800478
774,batt_kup258,1,258,battery,0.05620456877562861,0.0,0.05620456877562861,0.1046934082557189
775,pltd_kup259,1,259,diesel,0.0022242922066536414,0.045,-0.04277570779334636,0.005606603303583761
776,plts_kup259,1,259,solar,0.11585658875897671,0.0,0.11585658875897671,0.1922892490321199
777,batt_kup259,1,259,battery,0.04943357921260939,0.0,0.04943357921260939,0.0920774945717774
778,pltd_kup260,1,260,diesel,0.003245065984939124,0.0656,-0.062354934015060884,0.008179418801946964
779,plts_kup260,1,260,solar,0.1719412743428576,0.0,0.1719412743428576,0.2805303829107218
780,batt_kup260,1,260,battery,0.07211920183779241,0.0,0.07211920183779241,0.13432809432894238
781,pltd_kup261,1,261,diesel,0.00223964143374861,0.0453,-0.04306035856625139,0.005645514860113345
782,plts_kup261,1,261,solar,0.1154768186685128,0.0,0.1154768186685128,0.19360477800459988
783,batt_kup261,1,261,battery,0.04977218581012853,0.0,0.04977218581012853,0.09270385621787197
784,pltd_kup262,1,262,diesel,0.007023678700314274,0.142,-0.1349763212996857,0.01770348659523811
785,plts_kup262,1,262,solar,0.3802266525973063,0.0,0.3802266525973063,0.6071581467945827
786,batt_kup262,1,262,battery,0.15608448746513404,0.0,0.15608448746513404,0.2907338278165618
787,pltd_kup263,1,263,diesel,0.003382419479829392,0.0684,-0.0650175805201706,0.008525457203952189
788,plts_kup263,1,263,solar,0.17998465739983302,0.0,0.17998465739983302,0.2923843728843509
789,batt_kup263,1,263,battery,0.07516253208148843,0.0,0.07516253208148843,0.14000597049534058
790,pltd_kup264,1,264,diesel,0.045584842557683476,0.9218,-0.8762151574423165,0.114899205407626
791,plts_kup264,1,264,solar,2.42573821839585,0.0,2.42573821839585,3.940602295828751
792,batt_kup264,1,264,battery,1.013003054572848,0.0,1.013003054572848,1.886927973711599
793,pltd_kup265,1,265,diesel,0.01726164287194271,0.349,-0.33173835712805727,0.043509369231361894
794,plts_kup265,1,265,solar,0.9185699888324946,0.0,0.9185699888324946,1.4922133800761643
795,batt_kup265,1,265,battery,0.38360054010869993,0.0,0.38360054010869993,0.7145353534015014
796,pltd_kup266,1,266,diesel,0.05375101717053232,1.0869,-1.0331489828294678,0.13548255353220984
797,plts_kup266,1,266,solar,2.860295525666536,0.0,2.860295525666536,4.646538727831075
798,batt_kup266,1,266,battery,1.1944763688884728,0.0,1.1944763688884728,2.2249602762448495
799,pltd_kup267,1,267,diesel,0.043680345917337764,0.8832,-0.8395196540826623,0.11009941984989394
800,plts_kup267,1,267,solar,2.3243950558453528,0.0,2.3243950558453528,3.7759700444198048
801,batt_kup267,1,267,battery,0.970681188961206,0.0,0.970681188961206,1.8080947641842897
802,pltd_kup268,1,268,diesel,0.06345619370539425,1.2831,-1.2196438062946056,0.15994521233337275
803,plts_kup268,1,268,solar,3.3767374458178354,0.0,3.3767374458178354,5.485496625414769
804,batt_kup268,1,268,battery,1.410145677815119,0.0,1.410145677815119,2.6266889969885607
805,pltd_kup269,1,269,diesel,0.01685033119151157,0.3407,-0.3238496688084884,0.0424728018636216
806,plts_kup269,1,269,solar,0.8966797670851391,0.0,0.8966797670851391,1.4566527283264188
807,batt_kup269,1,269,battery,0.37445908426955365,0.0,0.37445908426955365,0.6975072098812836
808,pltd_kup270,1,270,diesel,0.02660135039421457,0.5379,-0.5112986496057855,0.06705040909492109
809,plts_kup270,1,270,solar,1.4155541412757062,0.0,1.4155541412757062,2.2995621846298664
810,batt_kup270,1,270,battery,0.59114346058147,0.0,0.59114346058147,1.1011280439177977
811,pltd_kup271,1,271,diesel,0.0016300357600927946,0.033,-0.031369964239907205,0.004109108824307878
812,plts_kup271,1,271,solar,0.08461360540267067,0.0,0.08461360540267067,0.14092422142035949
813,batt_kup271,1,271,battery,0.03622902813841661,0.0,0.03622902813841661,0.06748112522403017
814,pltd_kup272,1,272,diesel,0.005027748132971781,0.1017,-0.09667225186702821,0.012673074307953091
815,plts_kup272,1,272,solar,0.2607873195963377,0.0,0.2607873195963377,0.43462448722483665
816,batt_kup272,1,272,battery,0.11173045203619367,0.0,0.11173045203619367,0.20811424629337208
817,pltd_kup273,1,273,diesel,0.006383512937386635,0.1291,-0.12271648706261336,0.016090580494007672
818,plts_kup273,1,273,solar,0.33456930331361534,0.0,0.33456930331361534,0.5518424072822423
819,batt_kup273,1,273,battery,0.14187312545643052,0.0,0.14187312545643052,0.2642474591281503
820,pltd_kup274,1,274,diesel,0.0035804929754224397,0.0724,-0.06881950702457756,0.009024909780286503
821,plts_kup274,1,274,solar,0.1875967205410174,0.0,0.1875967205410174,0.3095062770062847
822,batt_kup274,1,274,battery,0.07957762443526052,0.0,0.07957762443526052,0.14820919594057835
823,pltd_kup275,1,275,diesel,0.002117652630604012,0.0428,-0.04068234736939599,0.005337229935550028
824,plts_kup275,1,275,solar,0.10973083101173614,0.0,0.10973083101173614,0.18307009783878797
825,batt_kup275,1,275,battery,0.04706540069532651,0.0,0.04706540069532651,0.0876625201595186
826,pltd_kup276,1,276,diesel,0.004022303112732532,0.0813,-0.07727769688726746,0.010138503625114497
827,plts_kup276,1,276,solar,0.20876579209163879,0.0,0.20876579209163879,0.34769999776464566
828,batt_kup276,1,276,battery,0.08938711665664428,0.0,0.08938711665664428,0.16649499486110053
829,pltd_kup277,1,277,diesel,0.004311646474731905,0.0872,-0.08288835352526809,0.010867719612833782
830,plts_kup277,1,277,solar,0.2229253748100216,0.0,0.2229253748100216,0.372725731597116
831,batt_kup277,1,277,battery,0.09583019807939573,0.0,0.09583019807939573,0.17848538501644184
832,pltd_kup278,1,278,diesel,0.0039004374054305265,0.0789,-0.07499956259456947,0.009830797818461552
833,plts_kup278,1,278,solar,0.20380304747689534,0.0,0.20380304747689534,0.3371649857057731
834,batt_kup278,1,278,battery,0.08668521533924657,0.0,0.08668521533924657,0.16145552393985496
835,pltd_kup279,1,279,diesel,0.005493778986310772,0.1039,-0.09840622101368923,0.009735995638882207
836,plts_kup279,1,279,solar,0.4176975084939801,0.0,0.4176975084939801,0.7054184811422469
837,batt_kup279,1,279,battery,0.18653949505140957,0.0,0.18653949505140957,0.32265852811832085
838,pltd_kup280,1,280,diesel,0.002833667151750539,0.0573,-0.054466332848249456,0.007142777753116425
839,plts_kup280,1,280,solar,0.14367821997431612,0.0,0.14367821997431612,0.24497073159530902
840,batt_kup280,1,280,battery,0.06297738307749078,0.0,0.06297738307749078,0.11730430337141012
841,pltd_kup281,1,281,diesel,0.002483424265829763,0.0502,-0.047716575734170236,0.006259185876425243
842,plts_kup281,1,281,solar,0.12871527186140896,0.0,0.12871527186140896,0.21467838241424697
843,batt_kup281,1,281,battery,0.055190996251508646,0.0,0.055190996251508646,0.10279494684597174
844,pltd_kup282,1,282,diesel,0.00393073585836372,0.0795,-0.07556926414163628,0.009907922537061423
845,plts_kup282,1,282,solar,0.20282689838073528,0.0,0.20282689838073528,0.33979709849537243
846,batt_kup282,1,282,battery,0.08735103812987965,0.0,0.08735103812987965,0.16270719446695078
847,pltd_kup283,1,283,diesel,0.007251917313992644,0.1466,-0.13934808268600737,0.01827906013487092
848,plts_kup283,1,283,solar,0.37362786536553,0.0,0.37362786536553,0.6269127015255245
849,batt_kup283,1,283,battery,0.16116340138386034,0.0,0.16116340138386034,0.3001833907459605
850,pltd_kup284,1,284,diesel,0.0031995156914333797,0.0647,-0.06150048430856661,0.008064252833096737
851,plts_kup284,1,284,solar,0.1702561445150461,0.0,0.1702561445150461,0.2765804574557619
852,batt_kup284,1,284,battery,0.07110006678025435,0.0,0.07110006678025435,0.13243850261572163
853,pltd_kup285,1,285,diesel,0.00839498248987422,0.1697,-0.16130501751012577,0.021160665940167543
854,plts_kup285,1,285,solar,0.4581821675850159,0.0,0.4581821675850159,0.7256914307891573
855,batt_kup285,1,285,battery,0.18657021023634257,0.0,0.18657021023634257,0.3474954325655274
856,pltd_kup286,1,286,diesel,0.011350530867282266,0.2295,-0.21814946913271774,0.028610058264435106
857,plts_kup286,1,286,solar,0.6144937235950643,0.0,0.6144937235950643,0.981198789226322
858,batt_kup286,1,286,battery,0.2522568927326119,0.0,0.2522568927326119,0.4698388234534927
859,pltd_kup287,1,287,diesel,0.0029252805937101827,0.0591,-0.05617471940628982,0.007373678219661048
860,plts_kup287,1,287,solar,0.1574396414851131,0.0,0.1574396414851131,0.25287333647412835
861,batt_kup287,1,287,battery,0.0650156692345517,0.0,0.0650156692345517,0.12109073298226487
862,pltd_kup288,1,288,diesel,0.003946018419047949,0.0798,-0.07585398158095205,0.009946233960133279
863,plts_kup288,1,288,solar,0.20882477770597313,0.0,0.20882477770597313,0.3411152799485695
864,batt_kup288,1,288,battery,0.08770665704436124,0.0,0.08770665704436124,0.1633428540991505
865,pltd_kup289,1,289,diesel,0.015143990176675868,0.3062,-0.29105600982332414,0.03817131080082989
866,plts_kup289,1,289,solar,0.8180262469487989,0.0,0.8180262469487989,1.3091492260987077
867,batt_kup289,1,289,battery,0.3365919581447934,0.0,0.3365919581447934,0.6269012724560552
868,pltd_kup290,1,290,diesel,0.004006830792991629,0.081,-0.07699316920700837,0.010099462203094921
869,plts_kup290,1,290,solar,0.21469762881811388,0.0,0.21469762881811388,0.3463845787677624
870,batt_kup290,1,290,battery,0.08905117670269609,0.0,0.08905117670269609,0.16586877502590702
871,pltd_kup291,1,291,diesel,0.017422563516098413,0.2935,-0.2760774364839016,0.03530633376902815
872,plts_kup291,1,291,solar,1.188666858046718,0.0,1.188666858046718,1.9842540386616716
873,batt_kup291,1,291,battery,0.5223885936230653,0.0,0.5223885936230653,0.9045609700559353
874,pltd_kup292,1,292,diesel,0.008501334916261913,0.1719,-0.16339866508373807,0.021428133633371017
875,plts_kup292,1,292,solar,0.4548033904660177,0.0,0.4548033904660177,0.7349124256028562
876,batt_kup292,1,292,battery,0.18895380140756035,0.0,0.18895380140756035,0.3519103164445873
877,pltd_kup293,1,293,diesel,0.0134835327881987,0.2726,-0.2591164672118013,0.03398638249009057
878,plts_kup293,1,293,solar,0.715210599665846,0.0,0.715210599665846,1.1655810937182316
879,batt_kup293,1,293,battery,0.2996488822527127,0.0,0.2996488822527127,0.5581091477675231
880,pltd_kup294,1,294,diesel,0.009186958597854619,0.1858,-0.17661304140214537,0.023156398636181606
881,plts_kup294,1,294,solar,0.4932040938682794,0.0,0.4932040938682794,0.7941808278686276
882,batt_kup294,1,294,battery,0.20416494421891784,0.0,0.20416494421891784,0.38029513266858367
883,pltd_kup295,1,295,diesel,0.006399021204849269,0.1294,-0.12300097879515072,0.01612894812834847
884,plts_kup295,1,295,solar,0.33954432934231155,0.0,0.33954432934231155,0.5531600670810036
885,batt_kup295,1,295,battery,0.1422139854298808,0.0,0.1422139854298808,0.26488055397453814
886,pltd_kup296,1,296,diesel,0.010329834013494901,0.2089,-0.1985701659865051,0.02603713055816811
887,plts_kup296,1,296,solar,0.5490596124747994,0.0,0.5490596124747994,0.8929583840397668
888,batt_kup296,1,296,battery,0.2295510285875918,0.0,0.2295510285875918,0.42759589479763216
889,pltd_kup297,1,297,diesel,0.002315936368937832,0.0468,-0.04448406363106217,0.0058375564046554
890,plts_kup297,1,297,solar,0.12488125534018531,0.0,0.12488125534018531,0.20019113202448577
891,batt_kup297,1,297,battery,0.05146868450228636,0.0,0.05146868450228636,0.09586224762823455
892,pltd_kup298,1,298,diesel,0.005652585148756547,0.1143,-0.10864741485124345,0.014247181128447126
893,plts_kup298,1,298,solar,0.30450754757602283,0.0,0.30450754757602283,0.48862592580528114
894,batt_kup298,1,298,battery,0.12562280100251744,0.0,0.12562280100251744,0.23398264468730548
895,pltd_kup299,1,299,diesel,0.014504260363481177,0.2933,-0.2787957396365188,0.03655937341876889
896,plts_kup299,1,299,solar,0.7718255954511827,0.0,0.7718255954511827,1.2538272396893073
897,batt_kup299,1,299,battery,0.32231857495279076,0.0,0.32231857495279076,0.6003855673970164
898,pltd_kup300,1,300,diesel,0.008943288624526967,0.1808,-0.171856711375473,0.022542120499696967
899,plts_kup300,1,300,solar,0.4748916447239644,0.0,0.4748916447239644,0.7731080313091382
900,batt_kup300,1,300,battery,0.1987804822618511,0.0,0.1987804822618511,0.37020917075101295
901,pltd_kup301,1,301,diesel,0.006642568086276194,0.1343,-0.1276574319137238,0.01674278403611395
902,plts_kup301,1,301,solar,0.35448552760926916,0.0,0.35448552760926916,0.5742320048530251
903,batt_kup301,1,301,battery,0.14763239369101216,0.0,0.14763239369101216,0.27496336935508053
904,pltd_kup302,1,302,diesel,0.009065236464133257,0.1833,-0.17423476353586673,0.022849496488813844
905,plts_kup302,1,302,solar,0.4807528780750487,0.0,0.4807528780750487,0.7836413757168997
906,batt_kup302,1,302,battery,0.20144818210432572,0.0,0.20144818210432572,0.37523411500784826
907,pltd_kup303,1,303,diesel,0.009628835398666042,0.1947,-0.18507116460133397,0.02427036447712295
908,plts_kup303,1,303,solar,0.5117742852249255,0.0,0.5117742852249255,0.8323748633390138
909,batt_kup303,1,303,battery,0.21400733084005055,0.0,0.21400733084005055,0.39858773258997593
910,pltd_kup304,1,304,diesel,0.008806104410332895,0.1781,-0.16929389558966712,0.022196099694488394
911,plts_kup304,1,304,solar,0.46524330840291683,0.0,0.46524330840291683,0.7612533245985241
912,batt_kup304,1,304,battery,0.19571024050341315,0.0,0.19571024050341315,0.36452241377527866
913,pltd_kup305,1,305,diesel,0.010070958385689728,0.2036,-0.19352904161431028,0.02538434790966368
914,plts_kup305,1,305,solar,0.5403856624989684,0.0,0.5403856624989684,0.8705652873938597
915,batt_kup305,1,305,battery,0.2238070254496234,0.0,0.2238070254496234,0.4168544951380084
916,pltd_kup306,1,306,diesel,0.007541706861272448,0.1525,-0.14495829313872755,0.019009708085076717
917,plts_kup306,1,306,solar,0.4016029992560104,0.0,0.4016029992560104,0.6519381431142051
918,batt_kup306,1,306,battery,0.16760856964144671,0.0,0.16760856964144671,0.3121808154655975
919,pltd_kup307,1,307,diesel,0.01339172958942148,0.2708,-0.2574082704105785,0.03375486430761813
920,plts_kup307,1,307,solar,0.7092029915746954,0.0,0.7092029915746954,1.1576879649810887
921,batt_kup307,1,307,battery,0.29760877507637157,0.0,0.29760877507637157,0.5543692690583095
922,pltd_kup308,1,308,diesel,0.009034738010201541,0.1827,-0.17366526198979845,0.022771985744155978
923,plts_kup308,1,308,solar,0.49076697395253727,0.0,0.49076697395253727,0.7810108209931862
924,batt_kup308,1,308,battery,0.20080671245160547,0.0,0.20080671245160547,0.37399141703685307
925,pltd_kup309,1,309,diesel,0.008592958595783514,0.1738,-0.1652070414042165,0.021658844583068583
926,plts_kup309,1,309,solar,0.4552512461428754,0.0,0.4552512461428754,0.7428136982881474
927,batt_kup309,1,309,battery,0.19099024748450608,0.0,0.19099024748450608,0.35568810938556883
928,pltd_tim310,1,310,diesel,0.006215973844485451,0.1257,-0.11948402615551455,0.015667768364037923
929,plts_tim310,1,310,solar,0.3418780006361146,0.0,0.3418780006361146,0.5373543157318119
930,batt_tim310,1,310,battery,0.13814635418018673,0.0,0.13814635418018673,0.2573048648903821
931,pltd_tim311,1,311,diesel,0.0034737867346935477,0.0702,-0.06672621326530645,0.00875581016979007
932,plts_tim311,1,311,solar,0.19223946022591168,0.0,0.19223946022591168,0.300287123283961
933,batt_tim311,1,311,battery,0.07719889569842463,0.0,0.07719889569842463,0.14379244774476174
934,pltd_tim312,1,312,diesel,0.005530493735505767,0.1118,-0.10626950626449423,0.013940026255581474
935,plts_tim312,1,312,solar,0.3104638656576754,0.0,0.3104638656576754,0.47808729318037513
936,batt_tim312,1,312,battery,0.12291036141014736,0.0,0.12291036141014736,0.22892852152961532
937,pltd_tim313,1,313,diesel,0.008273137263243063,0.1673,-0.15902686273675695,0.020852440668682675
938,plts_tim313,1,313,solar,0.46227452976941613,0.0,0.46227452976941613,0.7151556473897506
939,batt_tim313,1,313,battery,0.18385474114615577,0.0,0.18385474114615577,0.34244331768945246
940,pltd_tim314,1,314,diesel,0.006353091391480755,0.1285,-0.12214690860851925,0.016013325911320268
941,plts_tim314,1,314,solar,0.35235417548257597,0.0,0.35235417548257597,0.5492075895607128
942,batt_tim314,1,314,battery,0.14118390730381977,0.0,0.14118390730381977,0.26298092193285105
943,pltd_tim315,1,315,diesel,0.008227110063415035,0.1664,-0.15817288993658496,0.02073738354276537
944,plts_tim315,1,315,solar,0.4588723071979178,0.0,0.4588723071979178,0.7112035342759052
945,batt_tim315,1,315,battery,0.18284501447760518,0.0,0.18284501447760518,0.34054956180366125
946,pltd_tim316,1,316,diesel,0.004083161673894051,0.0826,-0.07851683832610595,0.010292244330115476
947,plts_tim316,1,316,solar,0.22880390260699993,0.0,0.22880390260699993,0.3529676193238751
948,batt_tim316,1,316,battery,0.09073308692782435,0.0,0.09073308692782435,0.16901399444032392
949,pltd_tim317,1,317,diesel,0.0057134180028050935,0.1155,-0.10978658199719492,0.01440067253672792
950,plts_tim317,1,317,solar,0.3165205753279021,0.0,0.3165205753279021,0.49389241624433705
951,batt_tim317,1,317,battery,0.1269813970546482,0.0,0.1269813970546482,0.23649730596048646
952,pltd_tim318,1,318,diesel,0.004936324452742009,0.0998,-0.094863675547258,0.012442370363813782
953,plts_tim318,1,318,solar,0.273329037710784,0.0,0.273329037710784,0.42672508776112905
954,batt_tim318,1,318,battery,0.10970845226648719,0.0,0.10970845226648719,0.20434480288600818
955,pltd_tim319,1,319,diesel,0.010314495025528482,0.2086,-0.19828550497447153,0.025998436539486188
956,plts_tim319,1,319,solar,0.5643638930798521,0.0,0.5643638930798521,0.8916432973317538
957,batt_tim319,1,319,battery,0.22923420862678132,0.0,0.22923420862678132,0.42697241470024594
958,pltd_tim320,1,320,diesel,0.008013671876314644,0.162,-0.15398632812368537,0.020199279006850576
959,plts_tim320,1,320,solar,0.43834375796971825,0.0,0.43834375796971825,0.6927650487081568
960,batt_tim320,1,320,battery,0.1781075922855807,0.0,0.1781075922855807,0.3317188739999806
961,pltd_tim321,1,321,diesel,0.005850535550199466,0.1183,-0.11244946444980053,0.014746373967861241
962,plts_tim321,1,321,solar,0.32867215462269844,0.0,0.32867215462269844,0.5057464646004194
963,batt_tim321,1,321,battery,0.13003474159276557,0.0,0.13003474159276557,0.24217741818002209
964,pltd_tim322,1,322,diesel,0.004997372772957673,0.101,-0.09600262722704234,0.01259570043956323
965,plts_tim322,1,322,solar,0.2734286062181209,0.0,0.2734286062181209,0.43199285939745147
966,batt_tim322,1,322,battery,0.1110618494521919,0.0,0.1110618494521919,0.2068643780171974
967,pltd_tim323,1,323,diesel,0.009476501958020635,0.1916,-0.18212349804197936,0.023886169125153418
968,plts_tim323,1,323,solar,0.5185145862285546,0.0,0.5185145862285546,0.8192053529345831
969,batt_tim323,1,323,battery,0.2106114546541571,0.0,0.2106114546541571,0.39228468309002723
970,pltd_tim324,1,324,diesel,0.009461203931962018,0.1913,-0.181838796068038,0.023848194526856797
971,plts_tim324,1,324,solar,0.5176808553085895,0.0,0.5176808553085895,0.8178880878675938
972,batt_tim324,1,324,battery,0.21027304935579294,0.0,0.21027304935579294,0.39165391787114556
973,pltd_tim325,1,325,diesel,0.007831127129111642,0.1583,-0.15046887287088836,0.01973912058513191
974,plts_tim325,1,325,solar,0.4239586845198847,0.0,0.4239586845198847,0.676960560583214
975,batt_tim325,1,325,battery,0.1740403380300399,0.0,0.1740403380300399,0.32415677948016086
976,pltd_tim326,1,326,diesel,0.00551534450828956,0.1115,-0.10598465549171045,0.013901311215221713
977,plts_tim326,1,326,solar,0.30021147192619835,0.0,0.30021147192619835,0.47677115637600215
978,batt_tim326,1,326,battery,0.12256858101340909,0.0,0.12256858101340909,0.22829939053692302
979,pltd_tim327,1,327,diesel,0.007328068673670732,0.1482,-0.14087193132632927,0.018471308773246587
980,plts_tim327,1,327,solar,0.39639038026922585,0.0,0.39639038026922585,0.6334989404877417
981,batt_tim327,1,327,battery,0.16285259986187434,0.0,0.16285259986187434,0.3033448034441869
982,pltd_tim328,1,328,diesel,0.009933507505745029,0.2009,-0.19096649249425496,0.025038000724250317
983,plts_tim328,1,328,solar,0.5399768999953,0.0,0.5399768999953,0.858718222030284
984,batt_tim328,1,328,battery,0.22074704528709466,0.0,0.22074704528709466,0.4112100579810838
985,pltd_tim329,1,329,diesel,0.012203750068596746,0.2468,-0.23459624993140324,0.030760384374705282
986,plts_tim329,1,329,solar,0.6719433514366482,0.0,0.6719433514366482,1.0549509697996968
987,batt_tim329,1,329,battery,0.2711950147966121,0.0,0.2711950147966121,0.5051388305306203
988,pltd_tim330,1,330,diesel,0.0039004374057613044,0.0789,-0.07499956259423869,0.009830797819785105
989,plts_tim330,1,330,solar,0.2113319645708792,0.0,0.2113319645708792,0.3371638661011645
990,batt_tim330,1,330,battery,0.08668330372649231,0.0,0.08668330372649231,0.1614493544599741
991,pltd_tim331,1,331,diesel,0.010314495026460074,0.2086,-0.19828550497353994,0.025998436541037825
992,plts_tim331,1,331,solar,0.5624570338984828,0.0,0.5624570338984828,0.8916408504959372
993,batt_tim331,1,331,battery,0.22921462581387259,0.0,0.22921462581387259,0.4269589316256252
994,pltd_tim332,1,332,diesel,0.005835319656659248,0.118,-0.11216468034334075,0.014707957278553575
995,plts_tim332,1,332,solar,0.31927828441813155,0.0,0.31927828441813155,0.5044303009792362
996,batt_tim332,1,332,battery,0.12968482630808767,0.0,0.12968482630808767,0.2415515433449963
997,pltd_tim333,1,333,diesel,0.02964831722119348,0.5995,-0.5698516827788066,0.0747305614150892
998,plts_tim333,1,333,solar,1.6306234053702466,0.0,1.6306234053702466,2.5629688192295377
999,batt_tim333,1,333,battery,0.6589032353493336,0.0,0.6589032353493336,1.2272417647118932
1000,pltd_tim334,1,334,diesel,0.008714870490504747,0.1762,-0.16748512950949523,0.0219660731179004
1001,plts_tim334,1,334,solar,0.4768116831961986,0.0,0.4768116831961986,0.7533534687677957
1002,batt_tim334,1,334,battery,0.1936683722557327,0.0,0.1936683722557327,0.3607524282825485
1003,pltd_tim335,1,335,diesel,0.018602602020323603,0.3762,-0.3575973979796764,0.046889013226694795
1004,plts_tim335,1,335,solar,1.0178557103196821,0.0,1.0178557103196821,1.6081186327853483
1005,batt_tim335,1,335,battery,0.413434997334698,0.0,0.413434997334698,0.770064007185616
1006,pltd_tim336,1,336,diesel,0.00973540830581649,0.1969,-0.1871645916941835,0.02453915172026801
1007,plts_tim336,1,336,solar,0.5364779890986514,0.0,0.5364779890986514,0.8415907800415994
1008,batt_tim336,1,336,battery,0.21633623370408855,0.0,0.21633623370408855,0.4029808995799595
1009,pltd_tim337,1,337,diesel,0.009004177904650383,0.1821,-0.17309582209534963,0.022696099764108277
1010,plts_tim337,1,337,solar,0.49306755194799523,0.0,0.49306755194799523,0.7783772908998715
1011,batt_tim337,1,337,battery,0.20010561090282183,0.0,0.20010561090282183,0.3727382597157781
1012,pltd_tim338,1,338,diesel,0.009568069211942835,0.1935,-0.18393193078805717,0.02411718543878463
1013,plts_tim338,1,338,solar,0.5235155493498517,0.0,0.5235155493498517,0.8271071769359564
1014,batt_tim338,1,338,battery,0.21264303272025936,0.0,0.21264303272025936,0.39606845375801775
1015,pltd_tim339,1,339,diesel,0.012417188255019135,0.2511,-0.23868281174498085,0.03129824676945826
1016,plts_tim339,1,339,solar,0.6758899008030547,0.0,0.6758899008030547,1.073392612231348
1017,batt_tim339,1,339,battery,0.27594737715443984,0.0,0.27594737715443984,0.5139880937997282
1018,pltd_tim340,1,340,diesel,0.010268831878973582,0.2076,-0.1973311681210264,0.025882796728614176
1019,plts_tim340,1,340,solar,0.5357667316097426,0.0,0.5357667316097426,0.8876909083451064
1020,batt_tim340,1,340,battery,0.22820058087553943,0.0,0.22820058087553943,0.42507116226582337
1021,pltd_tim341,1,341,diesel,0.014382384416227793,0.2908,-0.2764176155837722,0.036251544755194265
1022,plts_tim341,1,341,solar,0.7379892022645096,0.0,0.7379892022645096,1.2432943792305662
1023,batt_tim341,1,341,battery,0.31963208944887567,0.0,0.31963208944887567,0.5953562700453371
1024,pltd_tim342,1,342,diesel,0.005713418003093149,0.1155,-0.10978658199690686,0.014400672537489521
1025,plts_tim342,1,342,solar,0.312609446935945,0.0,0.312609446935945,0.4938940190030754
1026,batt_tim342,1,342,battery,0.12697619005078276,0.0,0.12697619005078276,0.23650613783341146
1027,pltd_tim343,1,343,diesel,0.007922473903163028,0.1602,-0.15227752609683698,0.01996834350679197
1028,plts_tim343,1,343,solar,0.4175970124752942,0.0,0.4175970124752942,0.6848633137767615
1029,batt_tim343,1,343,battery,0.17605893877254683,0.0,0.17605893877254683,0.3279320168565902
1030,pltd_tim344,1,344,diesel,0.010725693852454045,0.2169,-0.20617430614754598,0.02703501792523738
1031,plts_tim344,1,344,solar,0.5619453532432006,0.0,0.5619453532432006,0.9272042103321564
1032,batt_tim344,1,344,battery,0.23836334741202,0.0,0.23836334741202,0.44400257788843434
1033,pltd_tim345,1,345,diesel,0.0079683677696164,0.1611,-0.1531316322303836,0.02008467112406811
1034,plts_tim345,1,345,solar,0.42383962565453454,0.0,0.42383962565453454,0.6888171578946899
1035,batt_tim345,1,345,battery,0.17708958487974175,0.0,0.17708958487974175,0.32984809472618193
1036,pltd_tim346,1,346,diesel,0.010741176412642925,0.2172,-0.20645882358735707,0.027074020731336967
1037,plts_tim346,1,346,solar,0.5638293035754299,0.0,0.5638293035754299,0.9285189916912944
1038,batt_tim346,1,346,battery,0.2387066123169333,0.0,0.2387066123169333,0.4446253226940002
1039,pltd_tim347,1,347,diesel,0.014717585695984364,0.2976,-0.2828824143040156,0.0370967057582208
1040,plts_tim347,1,347,solar,0.7541016536733259,0.0,0.7541016536733259,1.2722659511743466
1041,batt_tim347,1,347,battery,0.3270647498392075,0.0,0.3270647498392075,0.6092124907350028
1042,pltd_tim348,1,348,diesel,0.005865551442799451,0.1186,-0.11273444855720055,0.014784632754417541
1043,plts_tim348,1,348,solar,0.30605188375603215,0.0,0.30605188375603215,0.5070632233664775
1044,batt_tim348,1,348,battery,0.1303600556363383,0.0,0.1303600556363383,0.24280645664094452
1045,pltd_tim349,1,349,diesel,0.017612152417587238,0.3561,-0.3384878475824128,0.044392160856819365
1046,plts_tim349,1,349,solar,0.918951164411196,0.0,0.918951164411196,1.5225079946491338
1047,batt_tim349,1,349,battery,0.3914188628805083,0.0,0.3914188628805083,0.7290505207449516
1048,pltd_tim350,1,350,diesel,0.0038088803911099085,0.077,-0.07319111960889009,0.009600381636866379
1049,plts_tim350,1,350,solar,0.20660825769570923,0.0,0.20660825769570923,0.3292611953197386
1050,batt_tim350,1,350,battery,0.08464563920927115,0.0,0.08464563920927115,0.15766221334894084
1051,pltd_tim351,1,351,diesel,0.0041744263144156265,0.0844,-0.08022557368558438,0.010522365590099874
1052,plts_tim351,1,351,solar,0.22866873657966405,0.0,0.22866873657966405,0.3608709313955156
1053,batt_tim351,1,351,battery,0.09277090757977595,0.0,0.09277090757977595,0.1728032955919792
1054,pltd_tim352,1,352,diesel,0.008029323715760142,0.1624,-0.15437067628423984,0.020238696012537895
1055,plts_tim352,1,352,solar,0.43931973089401144,0.0,0.43931973089401144,0.6940849231809016
1056,batt_tim352,1,352,battery,0.17844370248314867,0.0,0.17844370248314867,0.3323694522698996
1057,pltd_tim353,1,353,diesel,0.003686942790330243,0.0746,-0.07091305720966976,0.009293416268292257
1058,plts_tim353,1,353,solar,0.1998379889800423,0.0,0.1998379889800423,0.3187242781310107
1059,batt_tim353,1,353,battery,0.08194083752286897,0.0,0.08194083752286897,0.15261481601476332
1060,pltd_tim354,1,354,diesel,0.011701040414664271,0.2366,-0.22489895958533573,0.029492972754390025
1061,plts_tim354,1,354,solar,0.6402234945494696,0.0,0.6402234945494696,1.0114946877774995
1062,batt_tim354,1,354,battery,0.2600471414286652,0.0,0.2600471414286652,0.4843645086284746
1063,pltd_tim355,1,355,diesel,0.014961389002832278,0.3025,-0.2875386109971677,0.03771076277994718
1064,plts_tim355,1,355,solar,0.8186196353404216,0.0,0.8186196353404216,1.2933438513055002
1065,batt_tim355,1,355,battery,0.33250850513220587,0.0,0.33250850513220587,0.6193308881081628
1066,pltd_tim356,1,356,diesel,0.0033671471601671625,0.0681,-0.06473285283983284,0.008486650915704944
1067,plts_tim356,1,356,solar,0.18349096855829547,0.0,0.18349096855829547,0.29106723616267477
1068,batt_tim356,1,356,battery,0.0748276576534207,0.0,0.0748276576534207,0.1393728380308989
1069,pltd_tim357,1,357,diesel,0.003778356231204141,0.0764,-0.07262164376879586,0.00952347445799767
1070,plts_tim357,1,357,solar,0.20673887034039287,0.0,0.20673887034039287,0.3266287360603523
1071,batt_tim357,1,357,battery,0.08397366997832198,0.0,0.08397366997832198,0.15640958095084045
1072,pltd_tim358,1,358,diesel,0.006459977152332355,0.1306,-0.12414002284766763,0.016283057262644857
1073,plts_tim358,1,358,solar,0.35134788245618137,0.0,0.35134788245618137,0.55842635272691
1074,batt_tim358,1,358,battery,0.14356685142698158,0.0,0.14356685142698158,0.2673962336172916
1075,pltd_tim359,1,359,diesel,0.004250598154920101,0.086,-0.0817494018450799,0.010714389536511118
1076,plts_tim359,1,359,solar,0.22955896697129063,0.0,0.22955896697129063,0.3674547225518841
1077,batt_tim359,1,359,battery,0.09446980781514686,0.0,0.09446980781514686,0.17594797040974017
1078,pltd_tim360,1,360,diesel,0.006322690324979007,0.1279,-0.121577309675021,0.015936411723360258
1079,plts_tim360,1,360,solar,0.34469194106179835,0.0,0.34469194106179835,0.5465763352103853
1080,batt_tim360,1,360,battery,0.14052142529573033,0.0,0.14052142529573033,0.2617331305731167
1081,pltd_tim361,1,361,diesel,0.009644030812812236,0.195,-0.18535596918718777,0.02430810037027493
1082,plts_tim361,1,361,solar,0.5195852430571524,0.0,0.5195852430571524,0.8336930076651524
1083,batt_tim361,1,361,battery,0.21430720564400527,0.0,0.21430720564400527,0.3992185077504936
1084,pltd_tim362,1,362,diesel,0.009247970971326092,0.187,-0.1777520290286739,0.023310090136039522
1085,plts_tim362,1,362,solar,0.5009083648382026,0.0,0.5009083648382026,0.7994500348921927
1086,batt_tim362,1,362,battery,0.20552574160113157,0.0,0.20552574160113157,0.38282586604416957
1087,pltd_tim363,1,363,diesel,0.013712130443064267,0.2773,-0.26358786955693575,0.03456228256144253
1088,plts_tim363,1,363,solar,0.7398589824033511,0.0,0.7398589824033511,1.1853377228809354
1089,batt_tim363,1,363,battery,0.3047141766912365,0.0,0.3047141766912365,0.5675726952464146
1090,pltd_tim364,1,364,diesel,0.005454398801959204,0.1103,-0.10484560119804079,0.013748479583080462
1091,plts_tim364,1,364,solar,0.2946663939285164,0.0,0.2946663939285164,0.47150283041153296
1092,batt_tim364,1,364,battery,0.12122570086906931,0.0,0.12122570086906931,0.22578101593594085
1093,pltd_tim365,1,365,diesel,0.011259250760723465,0.2277,-0.21644074923927656,0.028380129946687444
1094,plts_tim365,1,365,solar,0.6160477704733769,0.0,0.6160477704733769,0.9732994951038514
1095,batt_tim365,1,365,battery,0.25022787183831596,0.0,0.25022787183831596,0.46607398313052323
1096,pltd_tim366,1,366,diesel,0.007648336195580512,0.1547,-0.1470516638044195,0.019277516180071022
1097,plts_tim366,1,366,solar,0.4105669399944407,0.0,0.4105669399944407,0.6611593838400943
1098,batt_tim366,1,366,battery,0.16999185388849697,0.0,0.16999185388849697,0.31659943300456067
1099,pltd_tim367,1,367,diesel,0.008120567875998835,0.1642,-0.1560794321240012,0.0204684874574356
1100,plts_tim367,1,367,solar,0.4430542497680301,0.0,0.4430542497680301,0.7019886025507772
1101,batt_tim367,1,367,battery,0.18046835293581798,0.0,0.18046835293581798,0.3361574514917579
1102,pltd_tim368,1,368,diesel,0.0023310446362548496,0.0471,-0.04476895536374515,0.005875187030966003
1103,plts_tim368,1,368,solar,0.12542841685377512,0.0,0.12542841685377512,0.20150845266101725
1104,batt_tim368,1,368,battery,0.05180296280594495,0.0,0.05180296280594495,0.09648840667702738
1105,pltd_tim369,1,369,diesel,0.004357586528824508,0.0881,-0.08374241347117549,0.010983190942447195
1106,plts_tim369,1,369,solar,0.2359626602861231,0.0,0.2359626602861231,0.3766734546506671
1107,batt_tim369,1,369,battery,0.09683075719771468,0.0,0.09683075719771468,0.1803625119424251
1108,pltd_tim370,1,370,diesel,0.003564974468860542,0.0721,-0.06853502553113945,0.00898547875758154
1109,plts_tim370,1,370,solar,0.19099468424498256,0.0,0.19099468424498256,0.3081907083249948
1110,batt_tim370,1,370,battery,0.07923274144242964,0.0,0.07923274144242964,0.14758176430946135
1111,pltd_tim371,1,371,diesel,0.00909570419826195,0.1839,-0.17480429580173806,0.02292600005263022
1112,plts_tim371,1,371,solar,0.4926566872266126,0.0,0.4926566872266126,0.7862803680076513
1113,batt_tim371,1,371,battery,0.2021397494658813,0.0,0.2021397494658813,0.37651926597996943
1114,pltd_tim372,1,372,diesel,0.008760533637268452,0.1771,-0.16833946636273156,0.022081028553983223
1115,plts_tim372,1,372,solar,0.4713267107647905,0.0,0.4713267107647905,0.7573004820588496
1116,batt_tim372,1,372,battery,0.19469882425127555,0.0,0.19469882425127555,0.36262229850950267
1117,pltd_tim373,1,373,diesel,0.011807479986594767,0.2388,-0.22699252001340525,0.02976112124126314
1118,plts_tim373,1,373,solar,0.6392391510591934,0.0,0.6392391510591934,1.020711876824983
1119,batt_tim373,1,373,battery,0.2624154690332594,0.0,0.2624154690332594,0.4887596584818929
1120,pltd_tim374,1,374,diesel,0.013498569161635,0.273,-0.259501430838365,0.034024479802878684
1121,plts_tim374,1,374,solar,0.7156260739555413,0.0,0.7156260739555413,1.1669044863241256
1122,batt_tim374,1,374,battery,0.29995879020753324,0.0,0.29995879020753324,0.5587723431860132
1123,pltd_tim375,1,375,diesel,0.004494324556343208,0.0909,-0.0864056754436568,0.011328646655103277
1124,plts_tim375,1,375,solar,0.24591952537450895,0.0,0.24591952537450895,0.3885302383107749
1125,batt_tim375,1,375,battery,0.09988789912980287,0.0,0.09988789912980287,0.1860515659733457
1126,pltd_tim376,1,376,diesel,0.00527159762787472,0.1066,-0.10132840237212529,0.013286927809120518
1127,plts_tim376,1,376,solar,0.2823512352152553,0.0,0.2823512352152553,0.45569772684487236
1128,batt_tim376,1,376,battery,0.11714854231028973,0.0,0.11714854231028973,0.21820307528303426
1129,pltd_tim377,1,377,diesel,0.005957154643846869,0.1205,-0.11454284535615313,0.015015459560981166
1130,plts_tim377,1,377,solar,0.3259473075767783,0.0,0.3259473075767783,0.5149664228017361
1131,batt_tim377,1,377,battery,0.132393574008469,0.0,0.132393574008469,0.2465967622606286
1132,pltd_tim378,1,378,diesel,0.008775759770794339,0.1774,-0.16862424022920566,0.022119810242268938
1133,plts_tim378,1,378,solar,0.4575152907297116,0.0,0.4575152907297116,0.7586182767127934
1134,batt_tim378,1,378,battery,0.19502788163089044,0.0,0.19502788163089044,0.36326042937487407
1135,pltd_tim379,1,379,diesel,0.008470877424066011,0.1713,-0.162829122575934,0.021351651097580367
1136,plts_tim379,1,379,solar,0.4443719812046036,0.0,0.4443719812046036,0.7322773238170046
1137,batt_tim379,1,379,battery,0.18825086023414062,0.0,0.18825086023414062,0.3506469710607942
1138,pltd_tim380,1,380,diesel,0.006185629204449112,0.1251,-0.11891437079555088,0.015591342036211816
1139,plts_tim380,1,380,solar,0.32192997918380367,0.0,0.32192997918380367,0.5347202660825154
1140,batt_tim380,1,380,battery,0.1374718168649657,0.0,0.1374718168649657,0.25604712412148617
1141,pltd_tim381,1,381,diesel,0.002742310138042981,0.0555,-0.052757689861957016,0.006912491439595165
1142,plts_tim381,1,381,solar,0.14964800853711852,0.0,0.14964800853711852,0.237069004073292
1143,batt_tim381,1,381,battery,0.06094517153770629,0.0,0.06094517153770629,0.11352206999624041
1144,pltd_tim382,1,382,diesel,0.007770248088416793,0.1571,-0.1493297519115832,0.019585162341756845
1145,plts_tim382,1,382,solar,0.40910637162395513,0.0,0.40910637162395513,0.6716928593098216
1146,batt_tim382,1,382,battery,0.17267364398192192,0.0,0.17267364398192192,0.32163262213581245
1147,pltd_tim383,1,383,diesel,0.004677484771275371,0.0946,-0.08992251522872463,0.011789805399722257
1148,plts_tim383,1,383,solar,0.25156922898120404,0.0,0.25156922898120404,0.4043333015866115
1149,batt_tim383,1,383,battery,0.10395417121577508,0.0,0.10395417121577508,0.19361458954108093
1150,pltd_tim384,1,384,diesel,0.007907309209637371,0.1599,-0.15199269079036262,0.019930740913722524
1151,plts_tim384,1,384,solar,0.4367994000641143,0.0,0.4367994000641143,0.6835476923736872
1152,batt_tim384,1,384,battery,0.1757352433381682,0.0,0.1757352433381682,0.327315375766028
1153,pltd_tim385,1,385,diesel,0.001873849316833603,0.0379,-0.0360261506831664,0.004723074631439684
1154,plts_tim385,1,385,solar,0.10035833200314302,0.0,0.10035833200314302,0.16199718252214385
1155,batt_tim385,1,385,battery,0.0416457291844724,0.0,0.0416457291844724,0.07757079820394372
1156,pltd_tim386,1,386,diesel,0.0023159363693653423,0.0468,-0.04448406363063466,0.005837556406064857
1157,plts_tim386,1,386,solar,0.1267107378353435,0.0,0.1267107378353435,0.20019135419283252
1158,batt_tim386,1,386,battery,0.05146778484889611,0.0,0.05146778484889611,0.09586347187652652
1159,pltd_tim387,1,387,diesel,0.010116518919350044,0.2046,-0.19448348108064997,0.025499626152980112
1160,plts_tim387,1,387,solar,0.5447706421575772,0.0,0.5447706421575772,0.8745169902734146
1161,batt_tim387,1,387,battery,0.22480713758777138,0.0,0.22480713758777138,0.4187497230380651
1162,pltd_tim388,1,388,diesel,0.003260415212161547,0.0659,-0.06263958478783846,0.00821855147610175
1163,plts_tim388,1,388,solar,0.17549877503038677,0.0,0.17549877503038677,0.28184774755674236
1164,batt_tim388,1,388,battery,0.07245980264619298,0.0,0.07245980264619298,0.13496402986152328
1165,pltd_tim389,1,389,diesel,0.0021176526306798974,0.0428,-0.0406823473693201,0.005337229935764944
1166,plts_tim389,1,389,solar,0.11347199928774188,0.0,0.11347199928774188,0.18307052228563117
1167,batt_tim389,1,389,battery,0.04706498836355498,0.0,0.04706498836355498,0.08766485903995462
1168,pltd_tim390,1,390,diesel,0.0031837971847857747,0.0644,-0.06121620281521423,0.00802541493539538
1169,plts_tim390,1,390,solar,0.17094471488189056,0.0,0.17094471488189056,0.2752637812370324
1170,batt_tim390,1,390,battery,0.07076388209346025,0.0,0.07076388209346025,0.13181075048578253
1171,pltd_tim391,1,391,diesel,0.004585871330490846,0.0927,-0.08811412866950916,0.01155916109419492
1172,plts_tim391,1,391,solar,0.247314485115997,0.0,0.247314485115997,0.3964316257482184
1173,batt_tim391,1,391,battery,0.10190678998744404,0.0,0.10190678998744404,0.1898319253436576
1174,pltd_tim392,1,392,diesel,0.0083489655302246,0.1688,-0.1604510344697754,0.02104398733982866
1175,plts_tim392,1,392,solar,0.5060515047987271,0.0,0.5060515047987271,0.7217416048682332
1176,batt_tim392,1,392,battery,0.18554670530056283,0.0,0.18554670530056283,0.3456018252887506
1177,pltd_tim393,1,393,diesel,0.0063075975249235975,0.1275,-0.1211924024750764,0.01589874605971777
1178,plts_tim393,1,393,solar,0.37114057462235567,0.0,0.37114057462235567,0.5452588315623748
1179,batt_tim393,1,393,battery,0.14017355469721157,0.0,0.14017355469721157,0.2611045129204255
1180,pltd_tim394,1,394,diesel,0.002513968907154463,0.0508,-0.04828603109284554,0.006336837076052777
1181,plts_tim394,1,394,solar,0.15265587891053978,0.0,0.15265587891053978,0.21731201474655817
1182,batt_tim394,1,394,battery,0.05586929931583821,0.0,0.05586929931583821,0.10405990311885958
1183,pltd_tim395,1,395,diesel,0.0052103390674344075,0.1054,-0.10018966093256558,0.013133288942221238
1184,plts_tim395,1,395,solar,0.31264186486079765,0.0,0.31264186486079765,0.4504301493763594
1185,batt_tim395,1,395,battery,0.11579489263920695,0.0,0.11579489263920695,0.2156848798320427
1186,pltd_tim396,1,396,diesel,0.007556722754147373,0.1528,-0.14524327724585262,0.019047328122654868
1187,plts_tim396,1,396,solar,0.4561016449159408,0.0,0.4561016449159408,0.6532562990266181
1188,batt_tim396,1,396,battery,0.16794290499949,0.0,0.16794290499949,0.31281227312146015
1189,pltd_tim397,1,397,diesel,0.003229947478068466,0.0653,-0.06207005252193153,0.00814123366957824
1190,plts_tim397,1,397,solar,0.17672826656061738,0.0,0.17672826656061738,0.2792146144947128
1191,batt_tim397,1,397,battery,0.07178430558992496,0.0,0.07178430558992496,0.1337046675621578
1192,pltd_tim398,1,398,diesel,0.004281168501904446,0.0866,-0.08231883149809555,0.010791149402871686
1193,plts_tim398,1,398,solar,0.23266550626855093,0.0,0.23266550626855093,0.37008947327382336
1194,batt_tim398,1,398,battery,0.09515176543844664,0.0,0.09515176543844664,0.17721141231607482
1195,pltd_tim399,1,399,diesel,0.005576110695379704,0.1128,-0.10722388930462029,0.014054872848253134
1196,plts_tim399,1,399,solar,0.3065381239070689,0.0,0.3065381239070689,0.48204046586920224
1197,batt_tim399,1,399,battery,0.123929875222434,0.0,0.123929875222434,0.23082896728995522
1198,pltd_tim400,1,400,diesel,0.004875301839078747,0.0986,-0.09372469816092124,0.012288527971962601
1199,plts_tim400,1,400,solar,0.26675972756937616,0.0,0.26675972756937616,0.42145632927412346
1200,batt_tim400,1,400,battery,0.10835318848738246,0.0,0.10835318848738246,0.20181872661170985
1201,pltd_tim401,1,401,diesel,0.005271597627283462,0.1066,-0.10132840237271654,0.013286927808264265
1202,plts_tim401,1,401,solar,0.2895405168076177,0.0,0.2895405168076177,0.45569969544140937
1203,batt_tim401,1,401,battery,0.11715527499962435,0.0,0.11715527499962435,0.21821392306498916
1204,pltd_tim402,1,402,diesel,0.003367147160150081,0.0681,-0.06473285283984992,0.008486650915925237
1205,plts_tim402,1,402,solar,0.1831527845253522,0.0,0.1831527845253522,0.29106725787080057
1206,batt_tim402,1,402,battery,0.0748253360179108,0.0,0.0748253360179108,0.13937295765274038
1207,pltd_tim403,1,403,diesel,0.006383512939103938,0.1291,-0.12271648706089605,0.016090580499295043
1208,plts_tim403,1,403,solar,0.3504020999826184,0.0,0.3504020999826184,0.5518419252482999
1209,batt_tim403,1,403,battery,0.14187757641935925,0.0,0.14187757641935925,0.26424480294998587
1210,pltd_tim404,1,404,diesel,0.010756315399947527,0.2175,-0.20674368460005246,0.027112149654832496
1211,plts_tim404,1,404,solar,0.5997670025948956,0.0,0.5997670025948956,0.9298353897579176
1212,batt_tim404,1,404,battery,0.23907576452865975,0.0,0.23907576452865975,0.4452501494738193
1213,pltd_tim405,1,405,diesel,0.009918588998861928,0.2006,-0.19068141100113808,0.02500077371578259
1214,plts_tim405,1,405,solar,0.5389126852655095,0.0,0.5389126852655095,0.8573960869047316
1215,batt_tim405,1,405,battery,0.2204278269743354,0.0,0.2204278269743354,0.4105578333046673
1216,pltd_tim406,1,406,diesel,0.006124616829991898,0.1238,-0.1176753831700081,0.015437482049972775
1217,plts_tim406,1,406,solar,0.3351172554848886,0.0,0.3351172554848886,0.5294543686800648
1218,batt_tim406,1,406,battery,0.13611837674227845,0.0,0.13611837674227845,0.2535347053598577
1219,pltd_tim407,1,407,diesel,0.010085953799764702,0.2039,-0.1938140462002353,0.025422403177629508
1220,plts_tim407,1,407,solar,0.5518594541736274,0.0,0.5518594541736274,0.8718873918008332
1221,batt_tim407,1,407,battery,0.2241550443956742,0.0,0.2241550443956742,0.41751212024793266
1222,pltd_tim408,1,408,diesel,0.00808984371514535,0.1636,-0.15551015628485465,0.020391106432632002
1223,plts_tim408,1,408,solar,0.44265502592606387,0.0,0.44265502592606387,0.6993540281387246
1224,batt_tim408,1,408,battery,0.17979854656111544,0.0,0.17979854656111544,0.334893066759665
1225,pltd_tim409,1,409,diesel,0.0029252805940971635,0.0591,-0.05617471940590284,0.007373678220211331
1226,plts_tim409,1,409,solar,0.1583838803989166,0.0,0.1583838803989166,0.25287215340958935
1227,batt_tim409,1,409,battery,0.06500582346179327,0.0,0.06500582346179327,0.12108421380741882
1228,pltd_tim410,1,410,diesel,0.003763417244342914,0.0761,-0.07233658275565709,0.009485731559151389
1229,plts_tim410,1,410,solar,0.2059048714115441,0.0,0.2059048714115441,0.32531099797846624
1230,batt_tim410,1,410,battery,0.08363510382124015,0.0,0.08363510382124015,0.1557782402209735
1231,pltd_tim411,1,411,diesel,0.007846399449209136,0.1587,-0.15085360055079086,0.019777045982988403
1232,plts_tim411,1,411,solar,0.429069580806402,0.0,0.429069580806402,0.6782788785794993
1233,batt_tim411,1,411,battery,0.17436128327421643,0.0,0.17436128327421643,0.3247900587112111
1234,pltd_tim412,1,412,diesel,0.0072674820072532,0.147,-0.1397325179927468,0.01831816835171188
1235,plts_tim412,1,412,solar,0.39897017044119737,0.0,0.39897017044119737,0.6282300923292488
1236,batt_tim412,1,412,battery,0.16151495595778836,0.0,0.16151495595778836,0.30081782717270733
1237,pltd_tim413,1,413,diesel,0.009476501958399088,0.1916,-0.1821234980416009,0.02388616912561221
1238,plts_tim413,1,413,solar,0.5158328904608195,0.0,0.5158328904608195,0.8192028263334685
1239,batt_tim413,1,413,battery,0.21060098281463563,0.0,0.21060098281463563,0.3922707604694352
1240,pltd_tim414,1,414,diesel,0.00850133491622114,0.1719,-0.16339866508377887,0.021428133632058453
1241,plts_tim414,1,414,solar,0.46969738805030187,0.0,0.46969738805030187,0.7349115891388701
1242,batt_tim414,1,414,battery,0.1889381274569634,0.0,0.1889381274569634,0.3519057071717152
1243,pltd_tim415,1,415,diesel,0.0071454110741281055,0.1445,-0.13735458892587188,0.018010122002671804
1244,plts_tim415,1,415,solar,0.39097015882120817,0.0,0.39097015882120817,0.6176972558383936
1245,batt_tim415,1,415,battery,0.1588052893245979,0.0,0.1588052893245979,0.2957907307231581
1246,pltd_tim416,1,416,diesel,0.0096288353986331,0.1947,-0.1850711646013669,0.024270364477351675
1247,plts_tim416,1,416,solar,0.5268503083592401,0.0,0.5268503083592401,0.8323755183555779
1248,batt_tim416,1,416,battery,0.2139975550768897,0.0,0.2139975550768897,0.39859134200708046
1249,pltd_tim417,1,417,diesel,0.0017062640300648064,0.0345,-0.0327937359699352,0.004300381757072753
1250,plts_tim417,1,417,solar,0.09336671513972948,0.0,0.09336671513972948,0.14751048072793696
1251,batt_tim417,1,417,battery,0.03792370242703519,0.0,0.03792370242703519,0.07063727348724136
1252,pltd_tim418,1,418,diesel,0.0028032763252617784,0.0567,-0.053896723674738224,0.0070658915976447
1253,plts_tim418,1,418,solar,0.1533870362861498,0.0,0.1533870362861498,0.24233735594201958
1254,batt_tim418,1,418,battery,0.062302899179136645,0.0,0.062302899179136645,0.1160457314572791
1255,pltd_tim419,1,419,diesel,0.0031082151037592166,0.0628,-0.05969178489624078,0.007834187635638949
1256,plts_tim419,1,419,solar,0.170348188921549,0.0,0.170348188921549,0.26867833805111707
1257,batt_tim419,1,419,battery,0.06907763480193595,0.0,0.06907763480193595,0.12866111073969863
1258,pltd_tim420,1,420,diesel,0.004067663646789411,0.0823,-0.07823233635321059,0.010252953611091409
1259,plts_tim420,1,420,solar,0.22450989602367558,0.0,0.22450989602367558,0.3516524659656125
1260,batt_tim420,1,420,battery,0.09039938813430502,0.0,0.09039938813430502,0.16838786465529523
1261,pltd_tim421,1,421,diesel,0.0018432482487716303,0.0373,-0.03545675175122837,0.004646076197138885
1262,plts_tim421,1,421,solar,0.10128795988239392,0.0,0.10128795988239392,0.15936302762059404
1263,batt_tim421,1,421,battery,0.04096981362191042,0.0,0.04096981362191042,0.07630957631929189
1264,pltd_tim422,1,422,diesel,0.005896019176825129,0.1192,-0.11330398082317487,0.014861220560151314
1265,plts_tim422,1,422,solar,0.3243335628356896,0.0,0.3243335628356896,0.509695872282326
1266,batt_tim422,1,422,battery,0.13103413701283312,0.0,0.13103413701283312,0.2440571171824291
1267,pltd_tim423,1,423,diesel,0.009659369798430097,0.1953,-0.1856406302015699,0.024346822414279018
1268,plts_tim423,1,423,solar,0.5258680874711317,0.0,0.5258680874711317,0.8350067211821317
1269,batt_tim423,1,423,battery,0.21466163036308566,0.0,0.21466163036308566,0.39983256412397705
1270,pltd_tim424,1,424,diesel,0.005119115387100061,0.1035,-0.09838088461289993,0.012903276379774965
1271,plts_tim424,1,424,solar,0.2823001120885937,0.0,0.2823001120885937,0.4425269602663022
1272,batt_tim424,1,424,battery,0.1137657167486938,0.0,0.1137657167486938,0.21190012358484234
1273,pltd_tim425,1,425,diesel,0.008912800410405873,0.1802,-0.17128719958959412,0.022465732786052347
1274,plts_tim425,1,425,solar,0.46711933266484906,0.0,0.46711933266484906,0.7704719117989991
1275,batt_tim425,1,425,battery,0.19807997384756934,0.0,0.19807997384756934,0.36893722001402496
1276,pltd_tim426,1,426,diesel,0.0024684647995136216,0.0499,-0.04743153520048638,0.006221551822476206
1277,plts_tim426,1,426,solar,0.1279705034475073,0.0,0.1279705034475073,0.21336172751955756
1278,batt_tim426,1,426,battery,0.05485451688360353,0.0,0.05485451688360353,0.10216942047154275
1279,pltd_tim427,1,427,diesel,0.010314495026298345,0.2086,-0.19828550497370168,0.025998436541941762
1280,plts_tim427,1,427,solar,0.5535815848665139,0.0,0.5535815848665139,0.8916439865570674
1281,batt_tim427,1,427,battery,0.2292395717803398,0.0,0.2292395717803398,0.42697621263366764
1282,pltd_tim428,1,428,diesel,0.010725693854018739,0.2169,-0.20617430614598126,0.027035017929586996
1283,plts_tim428,1,428,solar,0.5831213144987074,0.0,0.5831213144987074,0.9272036534194755
1284,batt_tim428,1,428,battery,0.23839958608859296,0.0,0.23839958608859296,0.4439995090890991
1285,pltd_tim429,1,429,diesel,0.006155038377820584,0.1245,-0.11834496162217942,0.015514031239640364
1286,plts_tim429,1,429,solar,0.3266815223688487,0.0,0.3266815223688487,0.53208691500557
1287,batt_tim429,1,429,battery,0.13677585788953026,0.0,0.13677585788953026,0.2547843363816248
1288,pltd_tim430,1,430,diesel,0.007800726062070243,0.1577,-0.14989927393792976,0.019662304654816238
1289,plts_tim430,1,430,solar,0.4238075820327543,0.0,0.4238075820327543,0.674327959239678
1290,batt_tim430,1,430,battery,0.17333930258100877,0.0,0.17333930258100877,0.322899844351447
1291,pltd_tim431,1,431,diesel,0.0066123003518350374,0.1337,-0.12708769964816496,0.016666919221421887
1292,plts_tim431,1,431,solar,0.36041605142230543,0.0,0.36041605142230543,0.5716009232464015
1293,batt_tim431,1,431,battery,0.14695667098211582,0.0,0.14695667098211582,0.2737203010687292
1294,pltd_tim432,1,432,diesel,0.006658096832265675,0.1346,-0.12794190316773432,0.01678185706570131
1295,plts_tim432,1,432,solar,0.35372632266128184,0.0,0.35372632266128184,0.5755478642850902
1296,batt_tim432,1,432,battery,0.1479582400370557,0.0,0.1479582400370557,0.2755916875164282
1297,pltd_tim433,1,433,diesel,0.008516684143968355,0.1722,-0.16368331585603163,0.021466831082192
1298,plts_tim433,1,433,solar,0.4659964830568509,0.0,0.4659964830568509,0.7362310553296064
1299,batt_tim433,1,433,battery,0.18927908913170333,0.0,0.18927908913170333,0.3525518304763247
1300,pltd_tim434,1,434,diesel,0.0041437585808014495,0.0838,-0.07965624141919855,0.01044477403490739
1301,plts_tim434,1,434,solar,0.22127623694050097,0.0,0.22127623694050097,0.3582377682784005
1302,batt_tim434,1,434,battery,0.09209188571853476,0.0,0.09209188571853476,0.1715425106205775
1303,pltd_tim435,1,435,diesel,0.0042964408218927495,0.0869,-0.08260355917810726,0.010829278325056103
1304,plts_tim435,1,435,solar,0.23950647526450106,0.0,0.23950647526450106,0.371408941139341
1305,batt_tim435,1,435,battery,0.09548326457871571,0.0,0.09548326457871571,0.1778531549604401
1306,pltd_tim436,1,436,diesel,0.005698166162537343,0.1152,-0.10950183383746265,0.014362859412257366
1307,plts_tim436,1,436,solar,0.3144597549049548,0.0,0.3144597549049548,0.4925756012844346
1308,batt_tim436,1,436,battery,0.1266450001441559,0.0,0.1266450001441559,0.23586965939469254
1309,pltd_tim437,1,437,diesel,0.010085953798207661,0.2039,-0.19381404620179232,0.0254224031733867
1310,plts_tim437,1,437,solar,0.5367936114250956,0.0,0.5367936114250956,0.871883095673177
1311,batt_tim437,1,437,battery,0.22413065824957284,0.0,0.22413065824957284,0.41748844677105684
1312,pltd_tim438,1,438,diesel,0.010161869213450633,0.2055,-0.19533813078654935,0.025613735740776213
1313,plts_tim438,1,438,solar,0.556027985266853,0.0,0.556027985266853,0.8784734745562489
1314,batt_tim438,1,438,battery,0.2258489967575136,0.0,0.2258489967575136,0.4206663671602772
1315,pltd_tim439,1,439,diesel,0.00475364637154057,0.0961,-0.09134635362845943,0.011981443322374703
1316,plts_tim439,1,439,solar,0.2546055281776017,0.0,0.2546055281776017,0.41091734046535694
1317,batt_tim439,1,439,battery,0.10563664932598207,0.0,0.10563664932598207,0.19676076497549044
1318,pltd_tim440,1,440,diesel,0.004266085942180097,0.0863,-0.0820339140578199,0.010752662490128115
1319,plts_tim440,1,440,solar,0.23766836161659458,0.0,0.23766836161659458,0.3687733356881442
1320,batt_tim440,1,440,battery,0.09479473233712274,0.0,0.09479473233712274,0.176584791161112
1321,pltd_tim441,1,441,diesel,0.005484553681952209,0.1109,-0.10541544631804779,0.013824358411524072
1322,plts_tim441,1,441,solar,0.3001053172120133,0.0,0.3001053172120133,0.4741388346446707
1323,batt_tim441,1,441,battery,0.12189721139075821,0.0,0.12189721139075821,0.2270465103259959
1324,pltd_tim442,1,442,diesel,0.00345853489452464,0.0699,-0.06644146510547537,0.008717579411671101
1325,plts_tim442,1,442,solar,0.18923266428924318,0.0,0.18923266428924318,0.29896976998777247
1326,batt_tim442,1,442,battery,0.07686244510660291,0.0,0.07686244510660291,0.14316456164073937
1327,pltd_tim443,1,443,diesel,0.011137215773392158,0.2252,-0.21406278422660785,0.028072329312356786
1328,plts_tim443,1,443,solar,0.6092226613010052,0.0,0.6092226613010052,0.9627577906554289
1329,batt_tim443,1,443,battery,0.24748536357846804,0.0,0.24748536357846804,0.4609971118170122
1330,pltd_tim444,1,444,diesel,0.004829741305462654,0.0977,-0.09287025869453734,0.01217353048698728
1331,plts_tim444,1,444,solar,0.26527228495679384,0.0,0.26527228495679384,0.4175040421390527
1332,batt_tim444,1,444,battery,0.10733529917600376,0.0,0.10733529917600376,0.19992358620420184
1333,pltd_tim445,1,445,diesel,0.014793973003655383,0.2991,-0.2843060269963446,0.037289410650358
1334,plts_tim445,1,445,solar,0.8094489657332233,0.0,0.8094489657332233,1.278855165168174
1335,batt_tim445,1,445,battery,0.328783269233426,0.0,0.328783269233426,0.612392559831557
1336,pltd_tim446,1,446,diesel,0.006673122966093549,0.1349,-0.12822687703390645,0.01681998598842171
1337,plts_tim446,1,446,solar,0.36807395159292167,0.0,0.36807395159292167,0.5768648910069667
1338,batt_tim446,1,446,battery,0.14831023077835925,0.0,0.14831023077835925,0.27622148692213694
1339,pltd_tim447,1,447,diesel,0.0067188270730952245,0.1359,-0.12918117292690476,0.016935590614565958
1340,plts_tim447,1,447,solar,0.3694709400803249,0.0,0.3694709400803249,0.5808172714307703
1341,batt_tim447,1,447,battery,0.14932204541636618,0.0,0.14932204541636618,0.2781204869885632
1342,pltd_tim448,1,448,diesel,0.005423751547770793,0.1097,-0.10427624845222921,0.013671502176310557
1343,plts_tim448,1,448,solar,0.2977167983369463,0.0,0.2977167983369463,0.46886843449583987
1344,batt_tim448,1,448,battery,0.12054496044525691,0.0,0.12054496044525691,0.22451355357859443
1345,pltd_tim449,1,449,diesel,0.006947404246622634,0.1405,-0.13355259575337738,0.017511536306917694
1346,plts_tim449,1,449,solar,0.3824684666374646,0.0,0.3824684666374646,0.6005720302709016
1347,batt_tim449,1,449,battery,0.15438944034927218,0.0,0.15438944034927218,0.28757423101451185
1348,pltd_tim450,1,450,diesel,0.013148408416069556,0.2659,-0.25275159158393046,0.03314088809724052
1349,plts_tim450,1,450,solar,0.7228748392338651,0.0,0.7228748392338651,1.1366129979150887
1350,batt_tim450,1,450,battery,0.29219314147424713,0.0,0.29219314147424713,0.5442702449428224
1351,pltd_tim451,1,451,diesel,0.03773851999735053,0.7631,-0.7253614800026494,0.0951223172485154
1352,plts_tim451,1,451,solar,2.079680277137875,0.0,2.079680277137875,3.262315368333462
1353,batt_tim451,1,451,battery,0.8386564771479376,0.0,0.8386564771479376,1.5620956888582753
1354,pltd_tim452,1,452,diesel,0.011914452894201358,0.2409,-0.22898554710579866,0.030031270227377792
1355,plts_tim452,1,452,solar,0.6563835561113558,0.0,0.6563835561113558,1.029929219233881
1356,batt_tim452,1,452,battery,0.2647912377979604,0.0,0.2647912377979604,0.49317396797030577
1357,pltd_tim453,1,453,diesel,0.011914452894282026,0.2409,-0.22898554710571797,0.03003127022728275
1358,plts_tim453,1,453,solar,0.6518937076798149,0.0,0.6518937076798149,1.0299327672288319
1359,batt_tim453,1,453,battery,0.2647876033497746,0.0,0.2647876033497746,0.49319351890029883
1360,pltd_tim454,1,454,diesel,0.01398635529571147,0.2828,-0.26881364470428853,0.035253471305588736
1361,plts_tim454,1,454,solar,0.765267079553009,0.0,0.765267079553009,1.2090513658785447
1362,batt_tim454,1,454,battery,0.31083730114747216,0.0,0.31083730114747216,0.5789665761657179
1363,pltd_tim455,1,455,diesel,0.008927872730802151,0.1805,-0.17157212726919785,0.022502994834094805
1364,plts_tim455,1,455,solar,0.49137145572803637,0.0,0.49137145572803637,0.7717904169240577
1365,batt_tim455,1,455,battery,0.19842234763319888,0.0,0.19842234763319888,0.369569634957732
1366,pltd_tim456,1,456,diesel,0.011898924148998914,0.2406,-0.2287010758510011,0.029992074341536674
1367,plts_tim456,1,456,solar,0.61499473705169,0.0,0.61499473705169,1.0286125344715205
1368,batt_tim456,1,456,battery,0.26445065592267175,0.0,0.26445065592267175,0.49254168196960435
1369,pltd_tim457,1,457,diesel,0.009659369798710992,0.1953,-0.18564063020128901,0.024346822414745364
1370,plts_tim457,1,457,solar,0.506224298370461,0.0,0.506224298370461,0.8350084521948112
1371,batt_tim457,1,457,battery,0.21465814535921998,0.0,0.21465814535921998,0.39984210272716125
1372,pltd_tim458,1,458,diesel,0.01535739241703995,0.3105,-0.29514260758296007,0.03870914501846664
1373,plts_tim458,1,458,solar,0.8202215446155213,0.0,0.8202215446155213,1.3275820557113278
1374,batt_tim458,1,458,battery,0.3413222277842555,0.0,0.3413222277842555,0.635699052610418
1375,pltd_tim459,1,459,diesel,0.004783811491856003,0.0967,-0.091916188508144,0.012057897683202697
1376,plts_tim459,1,459,solar,0.2565561481764776,0.0,0.2565561481764776,0.4135542385456598
1377,batt_tim459,1,459,battery,0.10632898514337502,0.0,0.10632898514337502,0.19803435625959245
1378,pltd_tim460,1,460,diesel,0.008470877423043381,0.1713,-0.16282912257695661,0.021351651095959594
1379,plts_tim460,1,460,solar,0.4415817014718582,0.0,0.4415817014718582,0.7322781444327479
1380,batt_tim460,1,460,battery,0.1882704719282351,0.0,0.1882704719282351,0.35065149298788767
1381,pltd_tim461,1,461,diesel,0.0131484084154656,0.2659,-0.2527515915845344,0.03314088809623297
1382,plts_tim461,1,461,solar,0.6741299332084315,0.0,0.6741299332084315,1.1366125325784873
1383,batt_tim461,1,461,battery,0.29220022221965203,0.0,0.29220022221965203,0.5442676807395481
1384,pltd_tim462,1,462,diesel,0.013193989427627529,0.2668,-0.2536060105723725,0.033256324235516506
1385,plts_tim462,1,462,solar,0.6776795956229764,0.0,0.6776795956229764,1.1405631321110397
1386,batt_tim462,1,462,battery,0.29324333344128106,0.0,0.29324333344128106,0.5461566931586052
1387,pltd_tim463,1,463,diesel,0.010344916572811693,0.2092,-0.1988550834271883,0.02607532612690022
1388,plts_tim463,1,463,solar,0.535939301995775,0.0,0.535939301995775,0.8942756307334074
1389,batt_tim463,1,463,battery,0.22991192353551804,0.0,0.22991192353551804,0.4282260165234266
1390,pltd_tim464,1,464,diesel,0.014489111135973815,0.293,-0.2785108888640262,0.036520718018013966
1391,plts_tim464,1,464,solar,0.7748472535321221,0.0,0.7748472535321221,1.2525155065483502
1392,batt_tim464,1,464,battery,0.32202069839441333,0.0,0.32202069839441333,0.5997830423661259
1393,pltd_tim465,1,465,diesel,0.007556722754546229,0.1528,-0.14524327724545377,0.01904732812406178
1394,plts_tim465,1,465,solar,0.4095666147058319,0.0,0.4095666147058319,0.6532539931257698
1395,batt_tim465,1,465,battery,0.1679344118506715,0.0,0.1679344118506715,0.31279956665427117
1396,pltd_tim466,1,466,diesel,0.023737082126119243,0.48,-0.45626291787388074,0.05983080822482568
1397,plts_tim466,1,466,solar,1.2856056878550959,0.0,1.2856056878550959,2.0519664936684534
1398,batt_tim466,1,466,battery,0.5276032891159065,0.0,0.5276032891159065,0.9826141559709827
1399,pltd_tim467,1,467,diesel,0.0025595089612652716,0.0518,-0.04924049103873473,0.006451030905773001
1400,plts_tim467,1,467,solar,0.14053433543671162,0.0,0.14053433543671162,0.22126443919627406
1401,batt_tim467,1,467,battery,0.05688158602479124,0.0,0.05688158602479124,0.10594810334438538
1402,pltd_tim468,1,468,diesel,0.012005686814662337,0.2428,-0.23079431318533766,0.030261296805852215
1403,plts_tim468,1,468,solar,0.6466979795894524,0.0,0.6466979795894524,1.037836196091751
1404,batt_tim468,1,468,battery,0.26684175815530536,0.0,0.26684175815530536,0.49698168482156657
1405,pltd_tim469,1,469,diesel,0.006520866431974805,0.1319,-0.1253791335680252,0.01643634514440662
1406,plts_tim469,1,469,solar,0.34834564938589696,0.0,0.34834564938589696,0.5636941179429381
1407,batt_tim469,1,469,battery,0.1449040706778827,0.0,0.1449040706778827,0.26991327814751287
1408,pltd_tim470,1,470,diesel,0.004128855540427127,0.0835,-0.07937114445957288,0.01040681359606162
1409,plts_tim470,1,470,solar,0.22221972497792294,0.0,0.22221972497792294,0.35692118323157207
1410,batt_tim470,1,470,battery,0.09176747618170226,0.0,0.09176747618170226,0.17091531920790837
1411,pltd_tim471,1,471,diesel,0.008608174490582368,0.1741,-0.16549182550941763,0.021697201634382827
1412,plts_tim471,1,471,solar,0.46430113046933574,0.0,0.46430113046933574,0.7441310608574666
1413,batt_tim471,1,471,battery,0.19128452823002137,0.0,0.19128452823002137,0.3563230278341812
1414,pltd_tim472,1,472,diesel,0.0031233540903229185,0.0632,-0.06007664590967709,0.007872607900031917
1415,plts_tim472,1,472,solar,0.16688968965877124,0.0,0.16688968965877124,0.2699954160207446
1416,batt_tim472,1,472,battery,0.06941440326430068,0.0,0.06941440326430068,0.12928978100215463
1417,pltd_tim473,1,473,diesel,0.0020721485227506585,0.0419,-0.03982785147724934,0.005222485172792015
1418,plts_tim473,1,473,solar,0.11184175366882386,0.0,0.11184175366882386,0.17911873438190856
1419,batt_tim473,1,473,battery,0.04604852293221985,0.0,0.04604852293221985,0.08577185090754792
1420,pltd_tim474,1,474,diesel,0.002986349394902852,0.0604,-0.05741365060509715,0.007526878432589911
1421,plts_tim474,1,474,solar,0.15976243386328123,0.0,0.15976243386328123,0.2581414162833432
1422,batt_tim474,1,474,battery,0.06636118190540308,0.0,0.06636118190540308,0.12360927937422832
1423,pltd_tim475,1,475,diesel,0.005530493735138761,0.1118,-0.10626950626486123,0.013940026253976778
1424,plts_tim475,1,475,solar,0.2960989484193245,0.0,0.2960989484193245,0.47808819807845626
1425,batt_tim475,1,475,battery,0.12291609496037634,0.0,0.12291609496037634,0.22893350788653224
1426,pltd_tim476,1,476,diesel,0.002803276325427541,0.0567,-0.05389672367457246,0.00706589159850154
1427,plts_tim476,1,476,solar,0.15264196243586603,0.0,0.15264196243586603,0.24233591278577898
1428,batt_tim476,1,476,battery,0.06229836754519606,0.0,0.06229836754519606,0.11603777907048352
1429,pltd_tim477,1,477,diesel,0.006078753683914928,0.1229,-0.11682124631608506,0.015321933490283544
1430,plts_tim477,1,477,solar,0.3364739190977866,0.0,0.3364739190977866,0.5255018913470687
1431,batt_tim477,1,477,battery,0.13509697620080566,0.0,0.13509697620080566,0.2516329661041787
1432,pltd_tim478,1,478,diesel,0.009004177903923273,0.1821,-0.17309582209607674,0.02269609976285811
1433,plts_tim478,1,478,solar,0.490201414635647,0.0,0.490201414635647,0.7783729158782206
1434,batt_tim478,1,478,battery,0.20010249330853722,0.0,0.20010249330853722,0.3727141515155494
1435,pltd_tim479,1,479,diesel,0.008790955183262667,0.1778,-0.16900904481673734,0.022158602513302053
1436,plts_tim479,1,479,solar,0.48064818178592733,0.0,0.48064818178592733,0.7599364715925845
1437,batt_tim479,1,479,battery,0.19535429798110002,0.0,0.19535429798110002,0.3638965499530364
1438,pltd_tim480,1,480,diesel,0.004022303113381193,0.0813,-0.0772776968866188,0.010138503626595925
1439,plts_tim480,1,480,solar,0.22007668981242848,0.0,0.22007668981242848,0.3477008917068156
1440,batt_tim480,1,480,battery,0.08939102922570509,0.0,0.08939102922570509,0.16649992086303342
1441,pltd_tim481,1,481,diesel,0.00850133491631723,0.1719,-0.16339866508368278,0.021428133633270743
1442,plts_tim481,1,481,solar,0.46516238078486705,0.0,0.46516238078486705,0.734914429947202
1443,batt_tim481,1,481,battery,0.18894046094768382,0.0,0.18894046094768382,0.3519213612166551
1444,pltd_tim482,1,482,diesel,0.008151025369255941,0.1648,-0.15664897463074406,0.020544854143670216
1445,plts_tim482,1,482,solar,0.4447880203271111,0.0,0.4447880203271111,0.7046222286941899
1446,batt_tim482,1,482,battery,0.18114343063330055,0.0,0.18114343063330055,0.3374135355682279
1447,pltd_tim483,1,483,diesel,0.017551442659302408,0.3549,-0.3373485573406976,0.04423944507944347
1448,plts_tim483,1,483,solar,0.9647959024064968,0.0,0.9647959024064968,1.5172420996899738
1449,batt_tim483,1,483,battery,0.3900470720977772,0.0,0.3900470720977772,0.7265464318159657
1450,pltd_tim484,1,484,diesel,0.005850535549839082,0.1183,-0.11244946445016092,0.01474637396560346
1451,plts_tim484,1,484,solar,0.3154898908950825,0.0,0.3154898908950825,0.5057468055048222
1452,batt_tim484,1,484,battery,0.13002634355507903,0.0,0.13002634355507903,0.24217929669405047
1453,pltd_tim485,1,485,diesel,0.006886761153276702,0.1392,-0.1323132388467233,0.01735839230747225
1454,plts_tim485,1,485,solar,0.37512320264946647,0.0,0.37512320264946647,0.5953050719305224
1455,batt_tim485,1,485,battery,0.1530557788776357,0.0,0.1530557788776357,0.2850634312072216
1456,pltd_tim486,1,486,diesel,0.005637056401711928,0.114,-0.10836294359828808,0.014208466088492753
1457,plts_tim486,1,486,solar,0.3038629400410882,0.0,0.3038629400410882,0.4873061587620613
1458,batt_tim486,1,486,battery,0.12527030307350898,0.0,0.12527030307350898,0.233337783587192
1459,pltd_tim487,1,487,diesel,0.008714870490437919,0.1762,-0.16748512950956207,0.021966073116940734
1460,plts_tim487,1,487,solar,0.46305219896945493,0.0,0.46305219896945493,0.7533484452496089
1461,batt_tim487,1,487,battery,0.19365225896355415,0.0,0.19365225896355415,0.3607247466002587
1462,pltd_tim488,1,488,diesel,0.007389516994309041,0.1494,-0.14201048300569097,0.018625990007836477
1463,plts_tim488,1,488,solar,0.4043072565995987,0.0,0.4043072565995987,0.638768579983588
1464,batt_tim488,1,488,battery,0.16422221541092943,0.0,0.16422221541092943,0.30588060822974183
1465,pltd_tim489,1,489,diesel,0.005561028135468629,0.1124,-0.10683897186453137,0.01401667370031822
1466,plts_tim489,1,489,solar,0.29725703795862013,0.0,0.29725703795862013,0.48072195404175677
1467,batt_tim489,1,489,battery,0.1235709984180443,0.0,0.1235709984180443,0.23019009453889347
1468,pltd_tim490,1,490,diesel,0.003976373299394556,0.0804,-0.07642362670060544,0.010023162164668224
1469,plts_tim490,1,490,solar,0.2167821218309021,0.0,0.2167821218309021,0.3437495099061343
1470,batt_tim490,1,490,battery,0.08837555019119711,0.0,0.08837555019119711,0.16460737094537772
1471,pltd_tim491,1,491,diesel,0.007770248087939632,0.1571,-0.14932975191206035,0.01958516234057352
1472,plts_tim491,1,491,solar,0.42163570149937835,0.0,0.42163570149937835,0.6716958743198307
1473,batt_tim491,1,491,battery,0.17268792654769963,0.0,0.17268792654769963,0.32164923609083285
1474,pltd_tim492,1,492,diesel,0.0030014421949119247,0.0607,-0.05769855780508807,0.007565530253741539
1475,plts_tim492,1,492,solar,0.16266256999218284,0.0,0.16266256999218284,0.25945694855024226
1476,batt_tim492,1,492,battery,0.0666952511584577,0.0,0.0666952511584577,0.12423699346384198
1477,pltd_tim493,1,493,diesel,0.023600154339558227,0.4772,-0.45359984566044176,0.059485496396828916
1478,plts_tim493,1,493,solar,1.2863685316514755,0.0,1.2863685316514755,2.0401134231576776
1479,batt_tim493,1,493,battery,0.5245050403212378,0.0,0.5245050403212378,0.9769410761376017
1480,pltd_tim494,1,494,diesel,0.008348965529254997,0.1688,-0.16045103447074502,0.021043987337138814
1481,plts_tim494,1,494,solar,0.4568261637996024,0.0,0.4568261637996024,0.7217439316376023
1482,batt_tim494,1,494,battery,0.18555506351228607,0.0,0.18555506351228607,0.34561464674145764
1483,pltd_tim495,1,495,diesel,0.01500719572317597,0.3035,-0.288492804276824,0.037826423615127544
1484,plts_tim495,1,495,solar,0.8291250982970368,0.0,0.8291250982970368,1.2972892872384332
1485,batt_tim495,1,495,battery,0.33351995842906584,0.0,0.33351995842906584,0.6211949478237292
1486,pltd_tim496,1,496,diesel,0.007313232300821769,0.1479,-0.14058676769917824,0.018432709586341654
1487,plts_tim496,1,496,solar,0.39212544529325793,0.0,0.39212544529325793,0.6321852460465899
1488,batt_tim496,1,496,battery,0.16254283524201593,0.0,0.16254283524201593,0.30273203200633536
1489,pltd_tim497,1,497,diesel,0.00418993458122207,0.0847,-0.08051006541877792,0.01056081746462164
1490,plts_tim497,1,497,solar,0.23167967902755499,0.0,0.23167967902755499,0.3621876459360596
1491,batt_tim497,1,497,battery,0.09311656137488701,0.0,0.09311656137488701,0.17343139445806122
1492,pltd_tim498,1,498,diesel,0.006155038377923936,0.1245,-0.11834496162207607,0.015514031240329169
1493,plts_tim498,1,498,solar,0.3433049832816078,0.0,0.3433049832816078,0.5320865184135861
1494,batt_tim498,1,498,battery,0.1367959741563649,0.0,0.1367959741563649,0.25478215099839907
1495,pltd_tim499,1,499,diesel,0.003138549503930122,0.0635,-0.06036145049606988,0.007911035173970238
1496,plts_tim499,1,499,solar,0.17172639606158677,0.0,0.17172639606158677,0.271312210387819
1497,batt_tim499,1,499,battery,0.06975218291642377,0.0,0.06975218291642377,0.12992069831250042
1498,pltd_tim500,1,500,diesel,0.007145411074189393,0.1445,-0.1373545889258106,0.018010122003104645
1499,plts_tim500,1,500,solar,0.40088646608819106,0.0,0.40088646608819106,0.6176930654427208
1500,batt_tim500,1,500,battery,0.15878384860150072,0.0,0.15878384860150072,0.29576763989910937
1501,pltd_tim501,1,501,diesel,0.005423751547507654,0.1097,-0.10427624845249235,0.01367150217474444
1502,plts_tim501,1,501,solar,0.2967707027181607,0.0,0.2967707027181607,0.4688701761801061
1503,batt_tim501,1,501,battery,0.12054277577130776,0.0,0.12054277577130776,0.22452315097479977
1504,pltd_tim502,1,502,diesel,0.005698166162691665,0.1152,-0.10950183383730833,0.014362859412066593
1505,plts_tim502,1,502,solar,0.31312138918664145,0.0,0.31312138918664145,0.4925739029090125
1506,batt_tim502,1,502,battery,0.12663134217792707,0.0,0.12663134217792707,0.23586030063701052
1507,pltd_tim503,1,503,diesel,0.007648336194966979,0.1547,-0.14705166380503304,0.019277516178198402
1508,plts_tim503,1,503,solar,0.43674224589903515,0.0,0.43674224589903515,0.6611584227329486
1509,batt_tim503,1,503,battery,0.16997746561719582,0.0,0.16997746561719582,0.3165941368930397
1510,pltd_tim504,1,504,diesel,0.00667312296593399,0.1349,-0.128226877034066,0.016819985987987417
1511,plts_tim504,1,504,solar,0.3831858270564125,0.0,0.3831858270564125,0.576867960808952
1512,batt_tim504,1,504,battery,0.1483029744937056,0.0,0.1483029744937056,0.27623840280645773
1513,pltd_tim505,1,505,diesel,0.006978005313430149,0.1411,-0.13412199468656985,0.01758860138510977
1514,plts_tim505,1,505,solar,0.39427042376275956,0.0,0.39427042376275956,0.6032075077267794
1515,batt_tim505,1,505,battery,0.1550739702913957,0.0,0.1550739702913957,0.28884511926109663
1516,pltd_tim506,1,506,diesel,0.007221695767576656,0.146,-0.13877830423242332,0.01820248291589731
1517,plts_tim506,1,506,solar,0.3951381127257595,0.0,0.3951381127257595,0.6242821900364076
1518,batt_tim506,1,506,battery,0.1604978952582961,0.0,0.1604978952582961,0.29894381241727735
1519,pltd_tim507,1,507,diesel,0.008867106543517916,0.1793,-0.17043289345648208,0.02234981579341587
1520,plts_tim507,1,507,solar,0.5026667264867276,0.0,0.5026667264867276,0.766519507027326
1521,batt_tim507,1,507,battery,0.1970628346541077,0.0,0.1970628346541077,0.36703259331769067
1522,pltd_tim508,1,508,diesel,0.0023461938634648143,0.0474,-0.04505380613653518,0.0059140073378140395
1523,plts_tim508,1,508,solar,0.1283783853483625,0.0,0.1283783853483625,0.20282586104228764
1524,batt_tim508,1,508,battery,0.05214470688610144,0.0,0.05214470688610144,0.09712512465024033
1525,pltd_tim509,1,509,diesel,0.0030014421950202816,0.0607,-0.05769855780497971,0.007565530254131245
1526,plts_tim509,1,509,solar,0.16422337397682155,0.0,0.16422337397682155,0.259458259238662
1527,batt_tim509,1,509,battery,0.06670486906110516,0.0,0.06670486906110516,0.1242442159048597
1528,pltd_tim510,1,510,diesel,0.0024983837330274585,0.0505,-0.048001616266972545,0.006297602565853181
1529,plts_tim510,1,510,solar,0.13671487033797922,0.0,0.13671487033797922,0.215996649859629
1530,batt_tim510,1,510,battery,0.055531265177056255,0.0,0.055531265177056255,0.10343241463083663
1531,pltd_tim511,1,511,diesel,0.006246528724577783,0.1263,-0.12005347127542221,0.015744559691957916
1532,plts_tim511,1,511,solar,0.35146488693701494,0.0,0.35146488693701494,0.5399924026401732
1533,batt_tim511,1,511,battery,0.13883705450532635,0.0,0.13883705450532635,0.258585104050399
1534,pltd_tim512,1,512,diesel,0.0034434882811154553,0.0696,-0.06615651171888454,0.008678632816218832
1535,plts_tim512,1,512,solar,0.19184978604262765,0.0,0.19184978604262765,0.2976524619043055
1536,batt_tim512,1,512,battery,0.07652326389363209,0.0,0.07652326389363209,0.14252795186067369
1537,pltd_tim513,1,513,diesel,0.004723024824771109,0.0955,-0.0907769751752289,0.011904090477526134
1538,plts_tim513,1,513,solar,0.26471742729920067,0.0,0.26471742729920067,0.40828340606441105
1539,batt_tim513,1,513,battery,0.10495894065524174,0.0,0.10495894065524174,0.19549754812760103
1540,pltd_tim514,1,514,diesel,0.006612300352866985,0.1337,-0.12708769964713304,0.016666919223783248
1541,plts_tim514,1,514,solar,0.37587497817209015,0.0,0.37587497817209015,0.5715974079258753
1542,batt_tim514,1,514,battery,0.14694897488998407,0.0,0.14694897488998407,0.2737009302000171
1543,pltd_tim515,1,515,diesel,0.005606711762500776,0.1134,-0.10779328823749923,0.014132243286371093
1544,plts_tim515,1,515,solar,0.30677357750611156,0.0,0.30677357750611156,0.48467415056147806
1545,batt_tim515,1,515,battery,0.12460550121915075,0.0,0.12460550121915075,0.23209090508575797
1546,pltd_tim516,1,516,diesel,0.006658096832457901,0.1346,-0.1279419031675421,0.01678185706646959
1547,plts_tim516,1,516,solar,0.3798735329974699,0.0,0.3798735329974699,0.5755487912915209
1548,batt_tim516,1,516,battery,0.147975205594276,0.0,0.147975205594276,0.27559679571256124
1549,pltd_tim517,1,517,diesel,0.005225667814455606,0.1057,-0.1004743321855444,0.013171586349183638
1550,plts_tim517,1,517,solar,0.2947569653507606,0.0,0.2947569653507606,0.4517473036166192
1551,batt_tim517,1,517,battery,0.11613150522737702,0.0,0.11613150522737702,0.2163158075089589
1552,pltd_tim518,1,518,diesel,0.0033364896662945805,0.0675,-0.06416351033370542,0.008410045517132324
1553,plts_tim518,1,518,solar,0.18256458967638484,0.0,0.18256458967638484,0.2884345220480944
1554,batt_tim518,1,518,battery,0.07415426672392686,0.0,0.07415426672392686,0.13811970997076892
1555,pltd_tim519,1,519,diesel,0.0027423101376406853,0.0555,-0.05275768986235931,0.006912491437989999
1556,plts_tim519,1,519,solar,0.15005227728059173,0.0,0.15005227728059173,0.23706915140176799
1557,batt_tim519,1,519,battery,0.060948376823978793,0.0,0.060948376823978793,0.11352288182904177
1558,pltd_tim520,1,520,diesel,0.007892283075282202,0.1596,-0.1517077169247178,0.019893510473626926
1559,plts_tim520,1,520,solar,0.46050531707373915,0.0,0.46050531707373915,0.6822276805355935
1560,batt_tim520,1,520,battery,0.17539239244971888,0.0,0.17539239244971888,0.3266768436815975
1561,pltd_tim521,1,521,diesel,0.006337829311284282,0.1282,-0.12186217068871573,0.015974821402919188
1562,plts_tim521,1,521,solar,0.34499495061732544,0.0,0.34499495061732544,0.5478920372309037
1563,batt_tim521,1,521,battery,0.14085245370733365,0.0,0.14085245370733365,0.26235541751938357
1564,pltd_tim522,1,522,diesel,0.005362975121392689,0.1084,-0.1030370248786073,0.013517751036374807
1565,plts_tim522,1,522,solar,0.29648912969645225,0.0,0.29648912969645225,0.4636010532005809
1566,batt_tim522,1,522,battery,0.11918254303963181,0.0,0.11918254303963181,0.221997077516078
1567,pltd_tim523,1,523,diesel,0.0022396414342934325,0.0453,-0.043060358565706565,0.005645514861608251
1568,plts_tim523,1,523,solar,0.12254251592418484,0.0,0.12254251592418484,0.19360590135900727
1569,batt_tim523,1,523,battery,0.049775018057941565,0.0,0.049775018057941565,0.09271004637671192
1570,pltd_tim524,1,524,diesel,0.005256289360892885,0.1063,-0.10104371063910712,0.01324928316885107
1571,plts_tim524,1,524,solar,0.28725021718925886,0.0,0.28725021718925886,0.4543792381346665
1572,batt_tim524,1,524,battery,0.11680865550921472,0.0,0.11680865550921472,0.21757090526449965
1573,pltd_tim525,1,525,diesel,0.004844813625873568,0.098,-0.09315518637412644,0.012211508519229947
1574,plts_tim525,1,525,solar,0.2678206345566314,0.0,0.2678206345566314,0.41882242882638
1575,batt_tim525,1,525,battery,0.1076792389901643,0.0,0.1076792389901643,0.20055703116346343
1576,pltd_tim526,1,526,diesel,0.004022303113034935,0.0813,-0.07727769688696506,0.010138503625931881
1577,plts_tim526,1,526,solar,0.21876389701020466,0.0,0.21876389701020466,0.3476994398635595
1578,batt_tim526,1,526,battery,0.08939064101487439,0.0,0.08939064101487439,0.16649192059830933
1579,pltd_tim527,1,527,diesel,0.003930735859181573,0.0795,-0.07556926414081842,0.009907922538637528
1580,plts_tim527,1,527,solar,0.2081475301634571,0.0,0.2081475301634571,0.3397988341987347
1581,batt_tim527,1,527,battery,0.08736509820734499,0.0,0.08736509820734499,0.16271675892452445
1582,pltd_tim528,1,528,diesel,0.0038088803909745064,0.077,-0.0731911196090255,0.0096003816363956
1583,plts_tim528,1,528,solar,0.20045934230894877,0.0,0.20045934230894877,0.3292625943532746
1584,batt_tim528,1,528,battery,0.0846516296008184,0.0,0.0846516296008184,0.15766992260375495
1585,pltd_tim529,1,529,diesel,0.011746354761426422,0.2375,-0.22575364523857355,0.029607692911224302
1586,plts_tim529,1,529,solar,0.6427250586611557,0.0,0.6427250586611557,1.0154464820426932
1587,batt_tim529,1,529,battery,0.26106358020841886,0.0,0.26106358020841886,0.4862571648147604
1588,pltd_tim530,1,530,diesel,0.007297893314451971,0.1476,-0.14030210668554804,0.018394503430346768
1589,plts_tim530,1,530,solar,0.3926976972825772,0.0,0.3926976972825772,0.6308635892327332
1590,batt_tim530,1,530,battery,0.16219040465122167,0.0,0.16219040465122167,0.30207528762651203
1591,pltd_tim531,1,531,diesel,0.009034738010658287,0.1827,-0.1736652619893417,0.02277198574531361
1592,plts_tim531,1,531,solar,0.4860059385405357,0.0,0.4860059385405357,0.7810088103225163
1593,batt_tim531,1,531,battery,0.20079562547939547,0.0,0.20079562547939547,0.37398033741066555
1594,pltd_tim532,1,532,diesel,0.010984779720509711,0.2221,-0.21111522027949028,0.02768807775383592
1595,plts_tim532,1,532,solar,0.59796198300202,0.0,0.59796198300202,0.9495904051450332
1596,batt_tim532,1,532,battery,0.24413746434515846,0.0,0.24413746434515846,0.4547044559969496
1597,pltd_tim533,1,533,diesel,0.00275771579135105,0.0558,-0.053042284208648954,0.006951206478034054
1598,plts_tim533,1,533,solar,0.150885925865613,0.0,0.150885925865613,0.23838569204540042
1599,batt_tim533,1,533,battery,0.061286732704571835,0.0,0.061286732704571835,0.11415323249070022
1600,pltd_tim534,1,534,diesel,0.003976373299369993,0.0804,-0.07642362670063,0.010023162164758601
1601,plts_tim534,1,534,solar,0.21757607424653713,0.0,0.21757607424653713,0.3437496063227817
1602,batt_tim534,1,534,battery,0.08837515976305028,0.0,0.08837515976305028,0.16460790224062977
1603,pltd_tim535,1,535,diesel,0.005546002001971935,0.1121,-0.10655399799802807,0.013979320402614263
1604,plts_tim535,1,535,solar,0.3133132876418136,0.0,0.3133132876418136,0.47940478385115953
1605,batt_tim535,1,535,battery,0.12325601410639526,0.0,0.12325601410639526,0.22956478423059037
1606,pltd_tim536,1,536,diesel,0.004174426314380716,0.0844,-0.08022557368561929,0.010522365589540873
1607,plts_tim536,1,536,solar,0.23754009785955887,0.0,0.23754009785955887,0.36086964360667073
1608,batt_tim536,1,536,battery,0.09276839047502373,0.0,0.09276839047502373,0.17279619933614768
1609,pltd_tim537,1,537,diesel,0.0049363244523288104,0.0998,-0.0948636755476712,0.01244237036168923
1610,plts_tim537,1,537,solar,0.27009421856726146,0.0,0.27009421856726146,0.42672442580105785
1611,batt_tim537,1,537,battery,0.10970754998406526,0.0,0.10970754998406526,0.20434115519797108
1612,pltd_tim538,1,538,diesel,0.0032146546779690524,0.065,-0.06178534532203095,0.008102230863602084
1613,plts_tim538,1,538,solar,0.1823688243735497,0.0,0.1823688243735497,0.27789762785487443
1614,batt_tim538,1,538,battery,0.07144631243014368,0.0,0.07144631243014368,0.1330690165017451
1615,pltd_tim539,1,539,diesel,0.0043268623691007585,0.0875,-0.08317313763089923,0.010906174921202836
1616,plts_tim539,1,539,solar,0.24099708778287485,0.0,0.24099708778287485,0.3740423733929562
1617,batt_tim539,1,539,battery,0.09615788295698965,0.0,0.09615788295698965,0.17911285053625947
1618,pltd_tim540,1,540,diesel,0.0061094214176793385,0.1235,-0.11739057858232066,0.015399054779309763
1619,plts_tim540,1,540,solar,0.3444703905620068,0.0,0.3444703905620068,0.5281375025880705
1620,batt_tim540,1,540,battery,0.1357625554634477,0.0,0.1357625554634477,0.2529033928318613
1621,pltd_tim541,1,541,diesel,0.008638519130894064,0.1747,-0.16606148086910594,0.02177406319006829
1622,plts_tim541,1,541,solar,0.4726645988409152,0.0,0.4726645988409152,0.7467672814223234
1623,batt_tim541,1,541,battery,0.19198829222471478,0.0,0.19198829222471478,0.35759688942782114
1624,pltd_tim542,1,542,diesel,0.00844026611661882,0.1707,-0.16225973388338116,0.021274143783323637
1625,plts_tim542,1,542,solar,0.45762832069676335,0.0,0.45762832069676335,0.729646371126371
1626,batt_tim542,1,542,battery,0.18758247384640664,0.0,0.18758247384640664,0.34939707077408017
1627,pltd_tim543,1,543,diesel,0.0068867611531627,0.1392,-0.1323132388468373,0.01735839230779023
1628,plts_tim543,1,543,solar,0.36380687212420404,0.0,0.36380687212420404,0.5953043132904493
1629,batt_tim543,1,543,battery,0.15303635171263677,0.0,0.15303635171263677,0.28505925078610855
1630,pltd_tim544,1,544,diesel,0.00743487752839204,0.1503,-0.14286512247160796,0.018740022360797196
1631,plts_tim544,1,544,solar,0.4034930716610443,0.0,0.4034930716610443,0.6427203354400052
1632,batt_tim544,1,544,battery,0.16522565766205377,0.0,0.16522565766205377,0.30777076895107713
1633,pltd_tim545,1,545,diesel,0.006536082326043878,0.1322,-0.12566391767395613,0.016474884693385528
1634,plts_tim545,1,545,solar,0.3672144990750049,0.0,0.3672144990750049,0.5650132829399772
1635,batt_tim545,1,545,battery,0.1452508747095311,0.0,0.1452508747095311,0.2705553631719906
1636,pltd_tim546,1,546,diesel,0.004981884986049272,0.1007,-0.09571811501395072,0.012557427487699235
1637,plts_tim546,1,546,solar,0.26790405245523013,0.0,0.26790405245523013,0.43067516728381605
1638,batt_tim546,1,546,battery,0.11072100483435394,0.0,0.11072100483435394,0.20623263249442153
1639,pltd_tim547,1,547,diesel,0.008470877422822815,0.1713,-0.1628291225771772,0.021351651093635175
1640,plts_tim547,1,547,solar,0.4605639731831132,0.0,0.4605639731831132,0.732278987830749
1641,batt_tim547,1,547,battery,0.18825463980258716,0.0,0.18825463980258716,0.3506561404473656
1642,pltd_tim548,1,548,diesel,0.0051496497871032915,0.1041,-0.0989503502128967,0.01298006069973401
1643,plts_tim548,1,548,solar,0.2773904194297152,0.0,0.2773904194297152,0.44516292146161485
1644,batt_tim548,1,548,battery,0.11445793872624216,0.0,0.11445793872624216,0.21317238175600337
1645,pltd_tim549,1,549,diesel,0.013559617482639966,0.2742,-0.26064038251736005,0.03417780988285062
1646,plts_tim549,1,549,solar,0.7411802725476628,0.0,0.7411802725476628,1.1721761215681372
1647,batt_tim549,1,549,battery,0.3013541077474033,0.0,0.3013541077474033,0.5613132084286733
1648,pltd_tim550,1,550,diesel,0.006551267498669907,0.1325,-0.1259487325013301,0.01651272942385753
1649,plts_tim550,1,550,solar,0.35263873023374853,0.0,0.35263873023374853,0.5663317150347356
1650,batt_tim550,1,550,battery,0.14559788931543907,0.0,0.14559788931543907,0.2711908379226712
1651,pltd_tim551,1,551,diesel,0.004159087327726117,0.0841,-0.07994091267227388,0.010482927558359239
1652,plts_tim551,1,551,solar,0.22501376298784673,0.0,0.22501376298784673,0.3595537221625377
1653,batt_tim551,1,551,battery,0.09242935413332296,0.0,0.09242935413332296,0.17216653380228997
1654,pltd_tim552,1,552,diesel,0.00684063133955788,0.1383,-0.13145936866044214,0.01724231383876194
1655,plts_tim552,1,552,solar,0.37429776601496484,0.0,0.37429776601496484,0.5913564617411377
1656,batt_tim552,1,552,battery,0.15203351916264274,0.0,0.15203351916264274,0.2831773159646593
1657,pltd_tim553,1,553,diesel,0.005012409145861202,0.1014,-0.0963875908541388,0.01263379775195687
1658,plts_tim553,1,553,solar,0.2707736636420815,0.0,0.2707736636420815,0.43331027694585644
1659,batt_tim553,1,553,battery,0.11139131012798306,0.0,0.11139131012798306,0.2074946483754581
1660,pltd_tim554,1,554,diesel,0.009887767453122859,0.1999,-0.19001223254687713,0.02492297864079301
1661,plts_tim554,1,554,solar,0.5368907128234756,0.0,0.5368907128234756,0.854761535951267
1662,batt_tim554,1,554,battery,0.219743503115476,0.0,0.219743503115476,0.40928752505901844
1663,pltd_tim555,1,555,diesel,0.0027577157913294594,0.0558,-0.05304228420867054,0.006951206478208135
1664,plts_tim555,1,555,solar,0.1506203567594395,0.0,0.1506203567594395,0.23838551148817289
1665,batt_tim555,1,555,battery,0.061293020519631966,0.0,0.061293020519631966,0.11415223754633733
1666,pltd_tim556,1,556,diesel,0.00777024808833323,0.1571,-0.14932975191166675,0.01958516234157211
1667,plts_tim556,1,556,solar,0.440898800560013,0.0,0.440898800560013,0.6716917270058654
1668,batt_tim556,1,556,battery,0.17266213588463244,0.0,0.17266213588463244,0.3216263826696064
1669,pltd_tim557,1,557,diesel,0.0073280686746576475,0.1482,-0.14087193132534234,0.018471308775760052
1670,plts_tim557,1,557,solar,0.42547445849128884,0.0,0.42547445849128884,0.6334993966627191
1671,batt_tim557,1,557,battery,0.16285235372305584,0.0,0.16285235372305584,0.3033473171715012
1672,pltd_tim558,1,558,diesel,0.008684382277476341,0.1756,-0.16691561772252367,0.021889236166269033
1673,plts_tim558,1,558,solar,0.4718599637572461,0.0,0.4718599637572461,0.750716933360596
1674,batt_tim558,1,558,battery,0.193001162095986,0.0,0.193001162095986,0.35947545887755716
1675,pltd_tim559,1,559,diesel,0.0049211085593926585,0.0995,-0.09457889144060734,0.012403915057999686
1676,plts_tim559,1,559,solar,0.273810235505297,0.0,0.273810235505297,0.425407197341696
1677,batt_tim559,1,559,battery,0.10936180099535414,0.0,0.10936180099535414,0.2037104569431295
1678,pltd_tim560,1,560,diesel,0.007861805102019385,0.159,-0.1511381948979806,0.019815989145345214
1679,plts_tim560,1,560,solar,0.4294904823413682,0.0,0.4294904823413682,0.6795959650518111
1680,batt_tim560,1,560,battery,0.17470972893578343,0.0,0.17470972893578343,0.3254216572130836
1681,pltd_tim561,1,561,diesel,0.005972503870691772,0.1208,-0.11482749612930823,0.015054167591921755
1682,plts_tim561,1,561,solar,0.3267807704854785,0.0,0.3267807704854785,0.5162835798486483
1683,batt_tim561,1,561,battery,0.1327328184455118,0.0,0.1327328184455118,0.24722745398588714
1684,pltd_tim562,1,562,diesel,0.0038849958048794153,0.0786,-0.07471500419512059,0.00979233893456562
1685,plts_tim562,1,562,solar,0.21798819110856335,0.0,0.21798819110856335,0.3358484768121217
1686,batt_tim562,1,562,battery,0.08634548825601886,0.0,0.08634548825601886,0.1608260055232122
1687,pltd_tim563,1,563,diesel,0.0069629227533872665,0.1408,-0.13383707724661273,0.017550381213016462
1688,plts_tim563,1,563,solar,0.3780392308381196,0.0,0.3780392308381196,0.6018884220635233
1689,batt_tim563,1,563,battery,0.1547241268110203,0.0,0.1547241268110203,0.288204728473408
1690,pltd_tim564,1,564,diesel,0.003488746201838138,0.0705,-0.06701125379816185,0.008793756592674888
1691,plts_tim564,1,564,solar,0.1924631996436392,0.0,0.1924631996436392,0.3016033418500821
1692,batt_tim564,1,564,battery,0.07753534274797184,0.0,0.07753534274797184,0.14441578257398774
1693,pltd_tim565,1,565,diesel,0.0034126512675927206,0.069,-0.06558734873240729,0.008602132684644888
1694,plts_tim565,1,565,solar,0.1961417507966674,0.0,0.1961417507966674,0.29501964435258576
1695,batt_tim565,1,565,battery,0.07584639640573043,0.0,0.07584639640573043,0.1412738282333127
1696,pltd_tim566,1,566,diesel,0.009964298332492957,0.2015,-0.19153570166750705,0.02511572214551734
1697,plts_tim566,1,566,solar,0.5372344491060548,0.0,0.5372344491060548,0.8613509538510805
1698,batt_tim566,1,566,battery,0.22145250295054222,0.0,0.22145250295054222,0.4124676734690294
1699,pltd_tim567,1,567,diesel,0.002803276325628081,0.0567,-0.05389672367437192,0.007065891598956154
1700,plts_tim567,1,567,solar,0.1535834022079846,0.0,0.1535834022079846,0.24233657325815253
1701,batt_tim567,1,567,battery,0.06229789128367842,0.0,0.06229789128367842,0.11604141855103664
1702,pltd_tim568,1,568,diesel,0.004205129994589261,0.085,-0.08079487000541075,0.010599009604889124
1703,plts_tim568,1,568,solar,0.23212483374379084,0.0,0.23212483374379084,0.36350458313632356
1704,batt_tim568,1,568,battery,0.09345106359445836,0.0,0.09345106359445836,0.17405954043946412
1705,pltd_tim569,1,569,diesel,0.012645406389334908,0.2557,-0.2430545936106651,0.03187380629394926
1706,plts_tim569,1,569,solar,0.6876417320682365,0.0,0.6876417320682365,1.0931497486925623
1707,batt_tim569,1,569,battery,0.28102384199609265,0.0,0.28102384199609265,0.5234530629740324
1708,pltd_tim570,1,570,diesel,0.004006830793294463,0.081,-0.07699316920670554,0.010099462205530568
1709,plts_tim570,1,570,solar,0.22034201720344754,0.0,0.22034201720344754,0.34638361013622343
1710,batt_tim570,1,570,battery,0.08905125267419867,0.0,0.08905125267419867,0.16586343747705676
1711,pltd_tim571,1,571,diesel,0.003793572125131758,0.0767,-0.07290642787486824,0.009561610390036175
1712,plts_tim571,1,571,solar,0.22176485814670546,0.0,0.22176485814670546,0.32794555071778336
1713,batt_tim571,1,571,battery,0.08431449730700015,0.0,0.08431449730700015,0.15703573628922501
1714,pltd_tim572,1,572,diesel,0.010603658867279198,0.2144,-0.2037963411327208,0.02672666979877727
1715,plts_tim572,1,572,solar,0.6497114668805757,0.0,0.6497114668805757,0.9166703108490822
1716,batt_tim572,1,572,battery,0.2356753462493333,0.0,0.2356753462493333,0.4389634355553738
1717,pltd_tim573,1,573,diesel,0.0024073395717218,0.0487,-0.0462926604282782,0.006067776077408477
1718,plts_tim573,1,573,solar,0.13837938725664345,0.0,0.13837938725664345,0.20809304512569055
1719,batt_tim573,1,573,battery,0.05350114394010678,0.0,0.05350114394010678,0.09964563922972537
1720,pltd_tim574,1,574,diesel,0.0034585348950376816,0.0699,-0.06644146510496232,0.008717579413169413
1721,plts_tim574,1,574,solar,0.20775308390340744,0.0,0.20775308390340744,0.29896826878507904
1722,batt_tim574,1,574,battery,0.07686361097055461,0.0,0.07686361097055461,0.14315628939684316
1723,pltd_tim575,1,575,diesel,0.0018281554492262917,0.037,-0.035171844550773705,0.004608129777280077
1724,plts_tim575,1,575,solar,0.11152154990606768,0.0,0.11152154990606768,0.1580459869639338
1725,batt_tim575,1,575,battery,0.040634202470594155,0.0,0.040634202470594155,0.07567794025475377
1726,pltd_tim576,1,576,diesel,0.009918588999233357,0.2006,-0.19068141100076663,0.025000773718574613
1727,plts_tim576,1,576,solar,0.568887871020768,0.0,0.568887871020768,0.8573999627475906
1728,batt_tim576,1,576,battery,0.2204541949469885,0.0,0.2204541949469885,0.4105791908285037
1729,pltd_tim577,1,577,diesel,0.005362975121447595,0.1084,-0.1030370248785524,0.013517751036852972
1730,plts_tim577,1,577,solar,0.31860781453976,0.0,0.31860781453976,0.46359927467997186
1731,batt_tim577,1,577,battery,0.11919439987818105,0.0,0.11919439987818105,0.221987277128221
1732,pltd_tim578,1,578,diesel,0.0063835129384959815,0.1291,-0.12271648706150401,0.016090580497471526
1733,plts_tim578,1,578,solar,0.38193812418460016,0.0,0.38193812418460016,0.5518410454339904
1734,batt_tim578,1,578,battery,0.1418778363654096,0.0,0.1418778363654096,0.26423995479587725
1735,pltd_tim579,1,579,diesel,0.006551267498572801,0.1325,-0.1259487325014272,0.016512729424870563
1736,plts_tim579,1,579,solar,0.35811442732863247,0.0,0.35811442732863247,0.5663324993302404
1737,batt_tim579,1,579,battery,0.14560814793965438,0.0,0.14560814793965438,0.27119515972306474
1738,pltd_tim580,1,580,diesel,0.0058808237635187555,0.1189,-0.11301917623648125,0.014823439045885312
1739,plts_tim580,1,580,solar,0.3144502474320271,0.0,0.3144502474320271,0.5083779006616463
1740,batt_tim580,1,580,battery,0.13070434197300426,0.0,0.13070434197300426,0.24342603665927143
1741,pltd_tim581,1,581,diesel,0.005759224722811068,0.1165,-0.11074077527718894,0.014516333371527673
1742,plts_tim581,1,581,solar,0.3151095676481186,0.0,0.3151095676481186,0.4978444696268683
1743,batt_tim581,1,581,battery,0.12799176250254457,0.0,0.12799176250254457,0.23839783058092834
1744,pltd_tim582,1,582,diesel,0.002757715791331139,0.0558,-0.05304228420866886,0.0069512064784018395
1745,plts_tim582,1,582,solar,0.1467970458349982,0.0,0.1467970458349982,0.238386014567977
1746,batt_tim582,1,582,battery,0.06128409757559705,0.0,0.06128409757559705,0.11415500972633469
1747,pltd_tim583,1,583,diesel,0.0053629751210176645,0.1084,-0.10303702487898234,0.013517751035947557
1748,plts_tim583,1,583,solar,0.2873517684068872,0.0,0.2873517684068872,0.4636013882493177
1749,batt_tim583,1,583,battery,0.1191858988570254,0.0,0.1191858988570254,0.22199892377227506
1750,pltd_tim584,1,584,diesel,0.009156480624978381,0.1852,-0.17604351937502163,0.023079789809882782
1751,plts_tim584,1,584,solar,0.5010089985220054,0.0,0.5010089985220054,0.7915481941777406
1752,batt_tim584,1,584,battery,0.20350060091261205,0.0,0.20350060091261205,0.3790409204139846
1753,pltd_tim585,1,585,diesel,0.011853373854364226,0.2397,-0.22784662614563578,0.029877396228818406
1754,plts_tim585,1,585,solar,0.6159736488690755,0.0,0.6159736488690755,1.0246591644853371
1755,batt_tim585,1,585,battery,0.2634017487204431,0.0,0.2634017487204431,0.49063931752470086
1756,pltd_tim586,1,586,diesel,0.01055824190624837,0.2135,-0.20294175809375162,0.0266131393199067
1757,plts_tim586,1,586,solar,0.5523157484017793,0.0,0.5523157484017793,0.912714075068659
1758,batt_tim586,1,586,battery,0.2346598268473196,0.0,0.2346598268473196,0.4370541174586096
1759,pltd_tim587,1,587,diesel,0.00894328862396676,0.1808,-0.17185671137603323,0.022542120498405083
1760,plts_tim587,1,587,solar,0.48116338466850345,0.0,0.48116338466850345,0.7731045475215316
1761,batt_tim587,1,587,battery,0.19876213000149154,0.0,0.19876213000149154,0.37018997362122
1762,pltd_tim588,1,588,diesel,0.00656668339212324,0.1328,-0.12623331660787676,0.016551928746155735
1763,plts_tim588,1,588,solar,0.35612013566169154,0.0,0.35612013566169154,0.5676468396520172
1764,batt_tim588,1,588,battery,0.14592174214361434,0.0,0.14592174214361434,0.2718150486361491
1765,pltd_tim589,1,589,diesel,0.0052715976270453855,0.1066,-0.10132840237295461,0.013286927807112707
1766,plts_tim589,1,589,solar,0.2753850148296191,0.0,0.2753850148296191,0.4556977377838444
1767,batt_tim589,1,589,battery,0.11714602032179373,0.0,0.11714602032179373,0.21820313555022364
1768,pltd_tim590,1,590,diesel,0.008547115929015884,0.1728,-0.16425288407098412,0.021543910171775933
1769,plts_tim590,1,590,solar,0.44003664498811135,0.0,0.44003664498811135,0.7388652217098395
1770,batt_tim590,1,590,battery,0.18996437583864034,0.0,0.18996437583864034,0.35381280581888025
1771,pltd_tim591,1,591,diesel,0.005698166162434432,0.1152,-0.10950183383756557,0.01436285941198084
1772,plts_tim591,1,591,solar,0.31134682542669756,0.0,0.31134682542669756,0.4925745212205385
1773,batt_tim591,1,591,battery,0.1266294420819658,0.0,0.1266294420819658,0.23586370779115526
1774,pltd_tim592,1,592,diesel,0.006002904936963051,0.1214,-0.11539709506303694,0.015130671152885368
1775,plts_tim592,1,592,solar,0.3276670715163608,0.0,0.3276670715163608,0.5189162743866883
1776,batt_tim592,1,592,battery,0.13339951022445254,0.0,0.13339951022445254,0.24847915876265403
1777,pltd_tim593,1,593,diesel,0.004113557513353442,0.0832,-0.07908644248664655,0.010368635470477096
1778,plts_tim593,1,593,solar,0.2151881585790989,0.0,0.2151881585790989,0.3556030647942505
1779,batt_tim593,1,593,battery,0.09142612595595505,0.0,0.09142612595595505,0.17028099275640926
1780,pltd_tim594,1,594,diesel,0.02023275071150229,0.4091,-0.38886724928849775,0.050998167962125626
1781,plts_tim594,1,594,solar,1.0733946084608403,0.0,1.0733946084608403,1.749042991087108
1782,batt_tim594,1,594,battery,0.44964326263671645,0.0,0.44964326263671645,0.8375443797835574
1783,pltd_tim595,1,595,diesel,0.004220222794828552,0.0853,-0.08107977720517145,0.01063701566798184
1784,plts_tim595,1,595,solar,0.23012322026951793,0.0,0.23012322026951793,0.3648224996347327
1785,batt_tim595,1,595,battery,0.09377920324635962,0.0,0.09377920324635962,0.1746948229401948
1786,pltd_tim596,1,596,diesel,0.005469614694646089,0.1106,-0.10513038530535392,0.013786615511865653
1787,plts_tim596,1,596,solar,0.28001097343341474,0.0,0.28001097343341474,0.47281921712764297
1788,batt_tim596,1,596,battery,0.12156303945747597,0.0,0.12156303945747597,0.22640481312155827
1789,pltd_tim597,1,597,diesel,0.0033062014526897415,0.0669,-0.06359379854731026,0.008333324413768797
1790,plts_tim597,1,597,solar,0.18439024259571013,0.0,0.18439024259571013,0.2857988627120366
1791,batt_tim597,1,597,battery,0.07347197484052964,0.0,0.07347197484052964,0.13685122340911507
1792,pltd_tim598,1,598,diesel,0.0033519517467504477,0.0678,-0.06444804825324955,0.008448869400949148
1793,plts_tim598,1,598,solar,0.1847501514196528,0.0,0.1847501514196528,0.2897509271830758
1794,batt_tim598,1,598,battery,0.07449214021595632,0.0,0.07449214021595632,0.1387509193496226
1795,pltd_tim599,1,599,diesel,0.003626099696355178,0.0733,-0.06967390030364483,0.009139840618336295
1796,plts_tim599,1,599,solar,0.2021129601476201,0.0,0.2021129601476201,0.3134584187824649
1797,batt_tim599,1,599,battery,0.08059095611924416,0.0,0.08059095611924416,0.1501044251708843
1798,pltd_tim600,1,600,diesel,0.002087118230039032,0.0422,-0.04011288176996097,0.005261235254158567
1799,plts_tim600,1,600,solar,0.11616807168948187,0.0,0.11616807168948187,0.18043482140577857
1800,batt_tim600,1,600,battery,0.04638116229695628,0.0,0.04638116229695628,0.08640064926620954
1801,pltd_tim601,1,601,diesel,0.005027748133129965,0.1017,-0.09667225186687003,0.012673074308096997
1802,plts_tim601,1,601,solar,0.2788671349808151,0.0,0.2788671349808151,0.43462410223497794
1803,batt_tim601,1,601,battery,0.11174323062201427,0.0,0.11174323062201427,0.2081121248400082
1804,pltd_tim602,1,602,diesel,0.00402230311291938,0.0813,-0.07727769688708061,0.010138503625402523
1805,plts_tim602,1,602,solar,0.21339481774141697,0.0,0.21339481774141697,0.3477006405813625
1806,batt_tim602,1,602,battery,0.08939239218189442,0.0,0.08939239218189442,0.16649853705074583
1807,pltd_tim603,1,603,diesel,0.0038391224181697713,0.0776,-0.07376087758183023,0.0096769658651258
1808,plts_tim603,1,603,solar,0.20740093482579308,0.0,0.20740093482579308,0.3318968658747686
1809,batt_tim603,1,603,battery,0.08532102828075952,0.0,0.08532102828075952,0.15893176738224615
1810,pltd_tim604,1,604,diesel,0.0019044041974979058,0.0385,-0.036595595802502094,0.004800290602496207
1811,plts_tim604,1,604,solar,0.10217044167263487,0.0,0.10217044167263487,0.16463106765568603
1812,batt_tim604,1,604,battery,0.04232152734786977,0.0,0.04232152734786977,0.07883223509805332
1813,pltd_tim605,1,605,diesel,0.007937700035618694,0.1605,-0.1525622999643813,0.02000704095128059
1814,plts_tim605,1,605,solar,0.4095424230192108,0.0,0.4095424230192108,0.6861813516231544
1815,batt_tim605,1,605,battery,0.17640775225194835,0.0,0.17640775225194835,0.3285720292459712
1816,pltd_tim606,1,606,diesel,0.004357586528628752,0.0881,-0.08374241347137125,0.010983190941596135
1817,plts_tim606,1,606,solar,0.22828969634109203,0.0,0.22828969634109203,0.3766758851485956
1818,batt_tim606,1,606,battery,0.09683498166711207,0.0,0.09683498166711207,0.180375904994525
1819,pltd_tim607,1,607,diesel,0.00735872616754019,0.1488,-0.1414412738324598,0.018547850953135478
1820,plts_tim607,1,607,solar,0.3786499371074367,0.0,0.3786499371074367,0.6361341372700813
1821,batt_tim607,1,607,battery,0.16353538986207314,0.0,0.16353538986207314,0.3046097551985264
1822,pltd_tim608,1,608,diesel,0.002224292206954241,0.045,-0.04277570779304576,0.0056066033045301476
1823,plts_tim608,1,608,solar,0.1200030659371504,0.0,0.1200030659371504,0.1922887380502325
1824,batt_tim608,1,608,battery,0.049431866236217946,0.0,0.049431866236217946,0.0920746788542165
1825,pltd_tim609,1,609,diesel,0.002453069385783878,0.0496,-0.04714693061421612,0.0061828824067880405
1826,plts_tim609,1,609,solar,0.13418480627594376,0.0,0.13418480627594376,0.2120434868592846
1827,batt_tim609,1,609,battery,0.05451113920760488,0.0,0.05451113920760488,0.10153221613359713
1828,pltd_tim610,1,610,diesel,0.004128855540670726,0.0835,-0.07937114445932927,0.0104068135967136
1829,plts_tim610,1,610,solar,0.22548411712435223,0.0,0.22548411712435223,0.3569213640626835
1830,batt_tim610,1,610,battery,0.09175259962726226,0.0,0.09175259962726226,0.17091631566601206
1831,pltd_tim611,1,611,diesel,0.004387741409051132,0.0887,-0.08431225859094887,0.011059410170413404
1832,plts_tim611,1,611,solar,0.24093955976086404,0.0,0.24093955976086404,0.37931178628721096
1833,batt_tim611,1,611,battery,0.09752495069339974,0.0,0.09752495069339974,0.18164019291071745
1834,pltd_tim612,1,612,diesel,0.005286757094340124,0.1069,-0.10161324290565987,0.013325565614116063
1835,plts_tim612,1,612,solar,0.2914022519100546,0.0,0.2914022519100546,0.4570171174009214
1836,batt_tim612,1,612,battery,0.11749446168809931,0.0,0.11749446168809931,0.21884870455312463
1837,pltd_tim613,1,613,diesel,0.004951530106105877,0.1001,-0.09514846989389411,0.012480811652833153
1838,plts_tim613,1,613,solar,0.27189259308486474,0.0,0.27189259308486474,0.4280414418236037
1839,batt_tim613,1,613,battery,0.11005395992427243,0.0,0.11005395992427243,0.20497462822814813
1840,pltd_tim614,1,614,diesel,0.0035953857762600024,0.0727,-0.06910461422374,0.009062908838104275
1841,plts_tim614,1,614,solar,0.19713199979457058,0.0,0.19713199979457058,0.31082325822059675
1842,batt_tim614,1,614,battery,0.07991206787713719,0.0,0.07991206787713719,0.1488385317958912
1843,pltd_tim615,1,615,diesel,0.004403157302586524,0.089,-0.08459684269741347,0.011098581459964752
1844,plts_tim615,1,615,solar,0.23907738872928716,0.0,0.23907738872928716,0.3806251888552477
1845,batt_tim615,1,615,battery,0.09785200470377815,0.0,0.09785200470377815,0.18225551417991942
1846,pltd_tim616,1,616,diesel,0.007678680834427541,0.1553,-0.14762131916557245,0.01935498487115068
1847,plts_tim616,1,616,solar,0.4191475653433159,0.0,0.4191475653433159,0.6637912256416655
1848,batt_tim616,1,616,battery,0.1706431753104627,0.0,0.1706431753104627,0.31785150570562004
1849,pltd_tim617,1,617,diesel,0.007556722754391383,0.1528,-0.14524327724560862,0.01904732812353141
1850,plts_tim617,1,617,solar,0.40797655178255454,0.0,0.40797655178255454,0.653255418871957
1851,batt_tim617,1,617,battery,0.16795013644966078,0.0,0.16795013644966078,0.31280742310695675
1852,pltd_tim618,1,618,diesel,0.00662743933944072,0.134,-0.1273725606605593,0.016705300871397297
1853,plts_tim618,1,618,solar,0.35666707528211183,0.0,0.35666707528211183,0.5729167835346053
1854,batt_tim618,1,618,battery,0.14728224933707176,0.0,0.14728224933707176,0.2743490881739207
1855,pltd_tim619,1,619,diesel,0.007937700035971046,0.1605,-0.15256229996402895,0.020007040951277415
1856,plts_tim619,1,619,solar,0.433286173828374,0.0,0.433286173828374,0.6861815564217145
1857,batt_tim619,1,619,battery,0.17639896217535508,0.0,0.17639896217535508,0.3285731577724218
1858,pltd_tim620,1,620,diesel,0.008486329263651149,0.1716,-0.16311367073634886,0.021390488994931477
1859,plts_tim620,1,620,solar,0.46322361654788435,0.0,0.46322361654788435,0.7335932447978272
1860,batt_tim620,1,620,battery,0.1885873277156002,0.0,0.1885873277156002,0.35127558977000456
1861,pltd_tim621,1,621,diesel,0.005499846482344459,0.1112,-0.10570015351765553,0.013862827733458531
1862,plts_tim621,1,621,solar,0.29947720295523256,0.0,0.29947720295523256,0.47545315702541663
1863,batt_tim621,1,621,battery,0.12222770110236436,0.0,0.12222770110236436,0.22766177494946738
1864,pltd_tim622,1,622,diesel,0.006170423550955685,0.1248,-0.11862957644904432,0.015552869136815679
1865,plts_tim622,1,622,solar,0.33167234532191253,0.0,0.33167234532191253,0.5334029412849642
1866,batt_tim622,1,622,battery,0.13711463575716962,0.0,0.13711463575716962,0.2554125296767096
1867,pltd_tim623,1,623,diesel,0.004738384291257745,0.0958,-0.09106161570874224,0.01194338104799406
1868,plts_tim623,1,623,solar,0.2586403231432686,0.0,0.2586403231432686,0.4096001004931372
1869,batt_tim623,1,623,battery,0.10529701840322127,0.0,0.10529701840322127,0.19613392892415366
1870,pltd_tim624,1,624,diesel,0.0048903843986256475,0.0989,-0.09400961560137436,0.012326899034276903
1871,plts_tim624,1,624,solar,0.26695770218837883,0.0,0.26695770218837883,0.42277258724244426
1872,batt_tim624,1,624,battery,0.10868375363719018,0.0,0.10868375363719018,0.20244135013695752
1873,pltd_tim625,1,625,diesel,0.0029863493947485825,0.0604,-0.05741365060525142,0.0075268784321504386
1874,plts_tim625,1,625,solar,0.16210974240365245,0.0,0.16210974240365245,0.25814132272926116
1875,batt_tim625,1,625,battery,0.06635918318012919,0.0,0.06635918318012919,0.12360876384963886
1876,pltd_tim626,1,626,diesel,0.0037634172441088393,0.0761,-0.07233658275589117,0.009485731558146854
1877,plts_tim626,1,626,solar,0.2053594172204195,0.0,0.2053594172204195,0.3253106621340351
1878,batt_tim626,1,626,battery,0.08363629728316237,0.0,0.08363629728316237,0.15577638957247575
1879,pltd_tim627,1,627,diesel,0.0031995156916156432,0.0647,-0.061500484308384354,0.008064252834008266
1880,plts_tim627,1,627,solar,0.17549049640919984,0.0,0.17549049640919984,0.2765799291173049
1881,batt_tim627,1,627,battery,0.07110116020040506,0.0,0.07110116020040506,0.13243559125572982
1882,pltd_tim628,1,628,diesel,0.003564974469042204,0.0721,-0.06853502553095779,0.008985478758227113
1883,plts_tim628,1,628,solar,0.19547557889219572,0.0,0.19547557889219572,0.30818979450202894
1884,batt_tim628,1,628,battery,0.07922332419883338,0.0,0.07922332419883338,0.14757672876825276
1885,pltd_tim629,1,629,diesel,0.0027879937650966734,0.0564,-0.05361200623490332,0.007027032675096315
1886,plts_tim629,1,629,solar,0.15235092608858464,0.0,0.15235092608858464,0.24102002346185378
1887,batt_tim629,1,629,battery,0.06196490657944435,0.0,0.06196490657944435,0.1154094703557627
1888,pltd_tim630,1,630,diesel,0.008303471663462644,0.1679,-0.15959652833653734,0.020929354854920066
1889,plts_tim630,1,630,solar,0.4532445717897325,0.0,0.4532445717897325,0.7177898476025474
1890,batt_tim630,1,630,battery,0.18452493438830475,0.0,0.18452493438830475,0.3437083476205811
1891,pltd_tim631,1,631,diesel,0.004875301839119236,0.0986,-0.09372469816088076,0.012288527971791393
1892,plts_tim631,1,631,solar,0.2752770944554426,0.0,0.2752770944554426,0.4214544724297511
1893,batt_tim631,1,631,battery,0.10834515813534475,0.0,0.10834515813534475,0.20180849462368883
1894,pltd_tim632,1,632,diesel,0.004753646371611694,0.0961,-0.0913463536283883,0.011981443322552646
1895,plts_tim632,1,632,solar,0.2556661377938105,0.0,0.2556661377938105,0.4109187213437173
1896,batt_tim632,1,632,battery,0.1056477437370141,0.0,0.1056477437370141,0.19676837419188747
1897,pltd_tim633,1,633,diesel,0.0032450659854855726,0.0656,-0.06235493401451443,0.0081794188040457
1898,plts_tim633,1,633,solar,0.17643915485948308,0.0,0.17643915485948308,0.2805314905059617
1899,batt_tim633,1,633,battery,0.07211924953509669,0.0,0.07211924953509669,0.13433419765184068
1900,pltd_tim634,1,634,diesel,0.0024073395715158903,0.0487,-0.04629266042848411,0.006067776076097313
1901,plts_tim634,1,634,solar,0.13756572199934752,0.0,0.13756572199934752,0.20809322389823637
1902,batt_tim634,1,634,battery,0.053504020433371664,0.0,0.053504020433371664,0.0996466243330797
1903,pltd_tim635,1,635,diesel,0.0020413781754994777,0.0413,-0.039258621824500524,0.005145665665071239
1904,plts_tim635,1,635,solar,0.11193150367824514,0.0,0.11193150367824514,0.17648479717863635
1905,batt_tim635,1,635,battery,0.045373970703500216,0.0,0.045373970703500216,0.0845103004638483
1906,pltd_tim636,1,636,diesel,0.002437786825294972,0.0493,-0.04686221317470503,0.0061439462488224374
1907,plts_tim636,1,636,solar,0.1402963037291021,0.0,0.1402963037291021,0.21072758602124456
1908,batt_tim636,1,636,battery,0.05417507090806031,0.0,0.05417507090806031,0.10090542967912154
1909,pltd_tim637,1,637,diesel,0.004083161673477825,0.0826,-0.07851683832652218,0.010292244328627945
1910,plts_tim637,1,637,solar,0.22163470540615537,0.0,0.22163470540615537,0.35296827416498505
1911,batt_tim637,1,637,battery,0.09074299677083439,0.0,0.09074299677083439,0.16901760287972595
1912,pltd_tim638,1,638,diesel,0.0016607906418660487,0.0336,-0.03193920935813395,0.00418627216695006
1913,plts_tim638,1,638,solar,0.08898063350525653,0.0,0.08898063350525653,0.14355763764948676
1914,batt_tim638,1,638,battery,0.036907230275602415,0.0,0.036907230275602415,0.06874345944641301
1915,pltd_tim639,1,639,diesel,0.002864457980115583,0.0579,-0.05503554201988442,0.007219509445639157
1916,plts_tim639,1,639,solar,0.15263750615503283,0.0,0.15263750615503283,0.24760581241646576
1917,batt_tim639,1,639,battery,0.06366349504347309,0.0,0.06366349504347309,0.11856840336181923
1918,pltd_tim640,1,640,diesel,0.0017521938455706918,0.0354,-0.03364780615442931,0.004416902467625672
1919,plts_tim640,1,640,solar,0.0934361440001667,0.0,0.0934361440001667,0.15145907104069323
1920,batt_tim640,1,640,battery,0.03893797747546061,0.0,0.03893797747546061,0.07252219635905162
1921,pltd_tim641,1,641,diesel,0.0020568762026442586,0.0416,-0.039543123797355736,0.005184149149178963
1922,plts_tim641,1,641,solar,0.10961931277703083,0.0,0.10961931277703083,0.17780220926815987
1923,batt_tim641,1,641,battery,0.04571242053319386,0.0,0.04571242053319386,0.08514141164591706
1924,pltd_tim642,1,642,diesel,0.007495777047466542,0.1516,-0.14410422295253347,0.018893187381668217
1925,plts_tim642,1,642,solar,0.4022242338472832,0.0,0.4022242338472832,0.6479861285456928
1926,batt_tim642,1,642,battery,0.16658623111442003,0.0,0.16658623111442003,0.31027702355721193
1927,pltd_tim643,1,643,diesel,0.0035804929756386938,0.0724,-0.0688195070243613,0.009024909781073823
1928,plts_tim643,1,643,solar,0.19161065215295217,0.0,0.19161065215295217,0.3095045188894769
1929,batt_tim643,1,643,battery,0.07956429616129905,0.0,0.07956429616129905,0.148199507988927
1930,pltd_tim644,1,644,diesel,0.007846399448548064,0.1587,-0.15085360055145194,0.019777045981351486
1931,plts_tim644,1,644,solar,0.42422838355577797,0.0,0.42422838355577797,0.6782809600134292
1932,batt_tim644,1,644,battery,0.17438132017175453,0.0,0.17438132017175453,0.3248015282692526
1933,pltd_tim645,1,645,diesel,0.0029710411279063086,0.0601,-0.05712895887209369,0.007488524815416954
1934,plts_tim645,1,645,solar,0.16076503605901074,0.0,0.16076503605901074,0.2568249316592141
1935,batt_tim645,1,645,battery,0.06602930038440143,0.0,0.06602930038440143,0.12298399453449693
1936,pltd_tim646,1,646,diesel,0.006170423550921539,0.1248,-0.11862957644907846,0.015552869137295694
1937,plts_tim646,1,646,solar,0.33007018766232854,0.0,0.33007018766232854,0.5334044889921776
1938,batt_tim646,1,646,battery,0.13712608820591057,0.0,0.13712608820591057,0.25542105819034905
1939,pltd_tim647,1,647,diesel,0.0035498047617825886,0.0718,-0.06825019523821742,0.008947230552086086
1940,plts_tim647,1,647,solar,0.19044576102118654,0.0,0.19044576102118654,0.3068720678954185
1941,batt_tim647,1,647,battery,0.0788868503210202,0.0,0.0788868503210202,0.14694316964383802
1942,pltd_tim648,1,648,diesel,0.002544513547385917,0.0514,-0.04885548645261408,0.006413484521418642
1943,plts_tim648,1,648,solar,0.13888386712717954,0.0,0.13888386712717954,0.21994640216402642
1944,batt_tim648,1,648,battery,0.05654253446374548,0.0,0.05654253446374548,0.1053194665164692
1945,pltd_tim649,1,649,diesel,0.0035196139351663953,0.0712,-0.0676803860648336,0.00887203252234753
1946,plts_tim649,1,649,solar,0.18963573506883036,0.0,0.18963573506883036,0.3042364200867426
1947,batt_tim649,1,649,battery,0.07822198052456417,0.0,0.07822198052456417,0.14568288796021667
1948,pltd_tim650,1,650,diesel,0.002620531575532602,0.053,-0.050379468424467395,0.0066047890571299395
1949,plts_tim650,1,650,solar,0.14086513585319244,0.0,0.14086513585319244,0.22653231176857974
1950,batt_tim650,1,650,battery,0.058235511492871636,0.0,0.058235511492871636,0.10847159920041005
1951,pltd_tim651,1,651,diesel,0.0042051299947802375,0.085,-0.08079487000521977,0.010599009605775343
1952,plts_tim651,1,651,solar,0.22749634753157652,0.0,0.22749634753157652,0.3635041337032306
1953,batt_tim651,1,651,battery,0.09345028295222775,0.0,0.09345028295222775,0.17405706388063014
1954,pltd_tim652,1,652,diesel,0.004189934581629556,0.0847,-0.08051006541837044,0.010560817465706482
1955,plts_tim652,1,652,solar,0.22552442717986193,0.0,0.22552442717986193,0.36218841723339273
1956,batt_tim652,1,652,battery,0.09311445302257325,0.0,0.09311445302257325,0.17343564463355085
1957,pltd_tim653,1,653,diesel,0.004921108559104112,0.0995,-0.09457889144089589,0.012403915057611355
1958,plts_tim653,1,653,solar,0.2651274757576081,0.0,0.2651274757576081,0.42540676914515685
1959,batt_tim653,1,653,battery,0.10935419647448812,0.0,0.10935419647448812,0.20370809739957488
1960,pltd_tim654,1,654,diesel,0.0047990838121585834,0.097,-0.09220091618784142,0.012096317949478352
1961,plts_tim654,1,654,solar,0.25986035096226007,0.0,0.25986035096226007,0.4148686591539384
1962,batt_tim654,1,654,battery,0.10665830285887574,0.0,0.10665830285887574,0.19865366303184864
1963,pltd_tim655,1,655,diesel,0.0029252805942613903,0.0591,-0.05617471940573861,0.00737367822160246
1964,plts_tim655,1,655,solar,0.15673731552484696,0.0,0.15673731552484696,0.2528731983559014
1965,batt_tim655,1,655,battery,0.06501030068550263,0.0,0.06501030068550263,0.12108997190479931
1966,pltd_tim656,1,656,diesel,0.0015996346922748648,0.0323,-0.030700365307725137,0.004032573648987394
1967,plts_tim656,1,656,solar,0.0861361020566034,0.0,0.0861361020566034,0.13828922068321128
1968,batt_tim656,1,656,battery,0.03555240864462149,0.0,0.03555240864462149,0.06621854942116477
1969,pltd_tim657,1,657,diesel,0.0030319970755605906,0.0613,-0.05826800292443941,0.007642321583771036
1970,plts_tim657,1,657,solar,0.16549668260263722,0.0,0.16549668260263722,0.2620920083115723
1971,batt_tim657,1,657,battery,0.06737680425384893,0.0,0.06737680425384893,0.12550055179533018
1972,pltd_tim658,1,658,diesel,0.001873849316529871,0.0379,-0.036026150683470134,0.00472307462992756
1973,plts_tim658,1,658,solar,0.10196922959045206,0.0,0.10196922959045206,0.1619978738188246
1974,batt_tim658,1,658,battery,0.041644430057931885,0.0,0.041644430057931885,0.07757460752808416
1975,pltd_tim659,1,659,diesel,0.00239194415785607,0.0484,-0.04600805584214393,0.006029075052501288
1976,plts_tim659,1,659,solar,0.13161398658647386,0.0,0.13161398658647386,0.20677688038918546
1977,batt_tim659,1,659,battery,0.05315422719504102,0.0,0.05315422719504102,0.0990166829633614
1978,pltd_tim660,1,660,diesel,0.003961213832829191,0.0801,-0.07613878616717082,0.009984524359791499
1979,plts_tim660,1,660,solar,0.21622696608431266,0.0,0.21622696608431266,0.3424317763357025
1980,batt_tim660,1,660,battery,0.08803014279636487,0.0,0.08803014279636487,0.1639708723574071
1981,pltd_tim661,1,661,diesel,0.002955779047988421,0.0598,-0.05684422095201158,0.007450294059018909
1982,plts_tim661,1,661,solar,0.15945620860353021,0.0,0.15945620860353021,0.2555068550270842
1983,batt_tim661,1,661,battery,0.06568399417706566,0.0,0.06568399417706566,0.12234558582560842
1984,pltd_tim662,1,662,diesel,0.004585871330636579,0.0927,-0.08811412866936343,0.011559161094536783
1985,plts_tim662,1,662,solar,0.24661373078680873,0.0,0.24661373078680873,0.3964320269898991
1986,batt_tim662,1,662,battery,0.10192400539162617,0.0,0.10192400539162617,0.18983413635382207
1987,pltd_tim663,1,663,diesel,0.002818728165870394,0.057,-0.05418127183412961,0.007104722489877859
1988,plts_tim663,1,663,solar,0.1524100550971496,0.0,0.1524100550971496,0.2436542854481687
1989,batt_tim663,1,663,battery,0.06263662646052816,0.0,0.06263662646052816,0.11667484070382048
1990,pltd_tim664,1,664,diesel,0.002681287523765417,0.0542,-0.05151871247623458,0.006758161187211403
1991,plts_tim664,1,664,solar,0.14423842804603385,0.0,0.14423842804603385,0.23180059490496605
1992,batt_tim664,1,664,battery,0.0595915603221069,0.0,0.0595915603221069,0.11099648736173909
1993,pltd_tim665,1,665,diesel,0.004875301838648775,0.0986,-0.09372469816135122,0.012288527970525882
1994,plts_tim665,1,665,solar,0.26098326592324983,0.0,0.26098326592324983,0.4214562273961727
1995,batt_tim665,1,665,battery,0.10835723364402926,0.0,0.10835723364402926,0.2018181652124687
1996,pltd_tim666,1,666,diesel,0.005317235067547633,0.1075,-0.10218276493245236,0.013402167434192142
1997,plts_tim666,1,666,solar,0.2827162683999847,0.0,0.2827162683999847,0.4596491875859459
1998,batt_tim666,1,666,battery,0.11815856736414299,0.0,0.11815856736414299,0.22009801316038252
1999,pltd_tim667,1,667,diesel,0.0030623417159281047,0.0619,-0.05883765828407189,0.007718747913259385
2000,plts_tim667,1,667,solar,0.1645456986846854,0.0,0.1645456986846854,0.26472740564191605
2001,batt_tim667,1,667,battery,0.06806133103614707,0.0,0.06806133103614707,0.12676571885691582
2002,pltd_tim668,1,668,diesel,0.006749587179285335,0.1365,-0.12975041282071467,0.01701248735358962
2003,plts_tim668,1,668,solar,0.3664584020091872,0.0,0.3664584020091872,0.5834501922317183
2004,batt_tim668,1,668,battery,0.1499840415353309,0.0,0.1499840415353309,0.2793758565586191
2005,pltd_tim669,1,669,diesel,0.0033215506794817095,0.0672,-0.06387844932051828,0.008372411461361919
2006,plts_tim669,1,669,solar,0.18129749153907715,0.0,0.18129749153907715,0.2871153818080249
2007,batt_tim669,1,669,battery,0.0738095709101719,0.0,0.0738095709101719,0.1374827510125186
2008,pltd_tim670,1,670,diesel,0.004479241996210859,0.0906,-0.08612075800378914,0.011290791483044965
2009,plts_tim670,1,670,solar,0.24329221457004857,0.0,0.24329221457004857,0.38721260232840193
2010,batt_tim670,1,670,battery,0.09954347292919753,0.0,0.09954347292919753,0.18542016918190368
2011,pltd_tim671,1,671,diesel,0.004814535652191973,0.0974,-0.09258546434780802,0.012134769823313308
2012,plts_tim671,1,671,solar,0.25966291866503377,0.0,0.25966291866503377,0.4161871270953745
2013,batt_tim671,1,671,battery,0.10699975117507639,0.0,0.10699975117507639,0.19929041821151217
2014,pltd_tim672,1,672,diesel,0.006597017792039291,0.1334,-0.1268029822079607,0.016628105924318036
2015,plts_tim672,1,672,solar,0.3581625277514207,0.0,0.3581625277514207,0.5702805810872629
2016,batt_tim672,1,672,battery,0.14661951303707416,0.0,0.14661951303707416,0.2730717293999913
2017,pltd_tim673,1,673,diesel,0.004311646475234116,0.0872,-0.08288835352476588,0.010867719614142141
2018,plts_tim673,1,673,solar,0.23186649975375084,0.0,0.23186649975375084,0.3727251433582926
2019,batt_tim673,1,673,battery,0.09582887139978721,0.0,0.09582887139978721,0.17848214358148184
2020,pltd_tim674,1,674,diesel,0.0036109145226334337,0.073,-0.06938908547736657,0.00910162387648117
2021,plts_tim674,1,674,solar,0.1916423015385079,0.0,0.1916423015385079,0.3121396379671981
2022,batt_tim674,1,674,battery,0.08023709196201233,0.0,0.08023709196201233,0.14946472747259754
2023,pltd_tim675,1,675,diesel,0.0020413781754395877,0.0413,-0.039258621824560413,0.005145665664820812
2024,plts_tim675,1,675,solar,0.1083646988200667,0.0,0.1083646988200667,0.1764841955626593
2025,batt_tim675,1,675,battery,0.04537223916010915,0.0,0.04537223916010915,0.08450698530756011
2026,pltd_tim676,1,676,diesel,0.008409988143575162,0.1701,-0.16169001185642484,0.021197777097356017
2027,plts_tim676,1,676,solar,0.4619260509209338,0.0,0.4619260509209338,0.7270114261376628
2028,batt_tim676,1,676,battery,0.18690658584517114,0.0,0.18690658584517114,0.3481327136625845
2029,pltd_tim677,1,677,diesel,0.009735408305588068,0.1969,-0.18716459169441194,0.02453915171935354
2030,plts_tim677,1,677,solar,0.5314197893968003,0.0,0.5314197893968003,0.841592481370133
2031,batt_tim677,1,677,battery,0.21635114530121155,0.0,0.21635114530121155,0.4029902746047829
2032,pltd_tim678,1,678,diesel,0.0041437585804727055,0.0838,-0.07965624141952729,0.010444774034459151
2033,plts_tim678,1,678,solar,0.220635965199625,0.0,0.220635965199625,0.3582384146806529
2034,batt_tim678,1,678,battery,0.09209526333550995,0.0,0.09209526333550995,0.17154607256354953
2035,pltd_tim679,1,679,diesel,0.004281168501578368,0.0866,-0.08231883149842163,0.010791149401784739
2036,plts_tim679,1,679,solar,0.22694970464094205,0.0,0.22694970464094205,0.3700909079617144
2037,batt_tim679,1,679,battery,0.09514734202497678,0.0,0.09514734202497678,0.17721931803858107
2038,pltd_tim680,1,680,diesel,0.002925280594214426,0.0591,-0.05617471940578558,0.007373678221296731
2039,plts_tim680,1,680,solar,0.15574939200814922,0.0,0.15574939200814922,0.25287323011972906
2040,batt_tim680,1,680,battery,0.06501222499078453,0.0,0.06501222499078453,0.12109014693471387
2041,pltd_tim681,1,681,diesel,0.004707526797921827,0.0952,-0.09049247320207818,0.011865529759873534
2042,plts_tim681,1,681,solar,0.24966884852918383,0.0,0.24966884852918383,0.4069669432095794
2043,batt_tim681,1,681,battery,0.10461795100953353,0.0,0.10461795100953353,0.194869984971809
2044,pltd_tim682,1,682,diesel,0.007206592726966978,0.1457,-0.13849340727303303,0.018164424218243273
2045,plts_tim682,1,682,solar,0.3933662306019401,0.0,0.3933662306019401,0.6229625894019222
2046,batt_tim682,1,682,battery,0.16014712433008324,0.0,0.16014712433008324,0.2983009708890861
2047,pltd_tim683,1,683,diesel,0.004372669088783775,0.0884,-0.08402733091121622,0.011021562004994068
2048,plts_tim683,1,683,solar,0.2386814725776255,0.0,0.2386814725776255,0.377992180831162
2049,batt_tim683,1,683,battery,0.09717177390282554,0.0,0.09717177390282554,0.1809987363468424
2050,pltd_tim684,1,684,diesel,0.003595385776224444,0.0727,-0.06910461422377556,0.009062908837677703
2051,plts_tim684,1,684,solar,0.1963073372594708,0.0,0.1963073372594708,0.3108220649205895
2052,batt_tim684,1,684,battery,0.07990886336165477,0.0,0.07990886336165477,0.14883195621285497
2053,pltd_tim685,1,685,diesel,0.0046620995977505065,0.0943,-0.08963790040224949,0.011750928884132742
2054,plts_tim685,1,685,solar,0.2508282884642402,0.0,0.2508282884642402,0.40301552609054886
2055,batt_tim685,1,685,battery,0.10361358727879713,0.0,0.10361358727879713,0.19297805300751292
2056,pltd_tim686,1,686,diesel,0.0027423101374597623,0.0555,-0.05275768986254024,0.006912491437734215
2057,plts_tim686,1,686,solar,0.14600854498512167,0.0,0.14600854498512167,0.23706913955513273
2058,batt_tim686,1,686,battery,0.0609450705470766,0.0,0.0609450705470766,0.11352281654740355
2059,pltd_tim687,1,687,diesel,0.00283366715259325,0.0573,-0.05446633284740675,0.00714277775499874
2060,plts_tim687,1,687,solar,0.15528397824609094,0.0,0.15528397824609094,0.24496997084321728
2061,batt_tim687,1,687,battery,0.06297868816316418,0.0,0.06297868816316418,0.11730011132111422
2062,pltd_tim688,1,688,diesel,0.00156929005098344,0.0317,-0.03013070994901656,0.003955104948746388
2063,plts_tim688,1,688,solar,0.08486864000970427,0.0,0.08486864000970427,0.13565594105623036
2064,batt_tim688,1,688,battery,0.0348732382141041,0.0,0.0348732382141041,0.06495855365191434
2065,pltd_tim689,1,689,diesel,0.002894879526965115,0.0585,-0.05560512047303489,0.0072967640316078984
2066,plts_tim689,1,689,solar,0.15975204137510254,0.0,0.15975204137510254,0.2502391792906113
2067,batt_tim689,1,689,battery,0.06433843982252418,0.0,0.06433843982252418,0.11982694580253503
2068,pltd_tim690,1,690,diesel,0.002163582445513479,0.0437,-0.041536417554486525,0.005453080283885825
2069,plts_tim690,1,690,solar,0.11927257097411254,0.0,0.11927257097411254,0.18702067827665522
2070,batt_tim690,1,690,battery,0.04808367052938999,0.0,0.04808367052938999,0.08955546971328862
2071,pltd_tim691,1,691,diesel,0.0027423101378246896,0.0555,-0.052757689862175314,0.006912491438508278
2072,plts_tim691,1,691,solar,0.1511595037633565,0.0,0.1511595037633565,0.2370692858614371
2073,batt_tim691,1,691,battery,0.06094783234228794,0.0,0.06094783234228794,0.11352362276018112
2074,pltd_tim692,1,692,diesel,0.005774184189369484,0.1168,-0.11102581581063052,0.01455427979313446
2075,plts_tim692,1,692,solar,0.31519259713466086,0.0,0.31519259713466086,0.49916034347765925
2076,batt_tim692,1,692,battery,0.1283208664364864,0.0,0.1283208664364864,0.23901926587748007
2077,pltd_tim693,1,693,diesel,0.0031385495041861074,0.0635,-0.060361450495813894,0.007911035174781474
2078,plts_tim693,1,693,solar,0.17101717913704917,0.0,0.17101717913704917,0.2713110577899003
2079,batt_tim693,1,693,battery,0.06975405386597368,0.0,0.06975405386597368,0.12991434702230106
2080,pltd_tim694,1,694,diesel,0.00255950896107099,0.0518,-0.04924049103892901,0.006451030904627548
2081,plts_tim694,1,694,solar,0.13971641737588156,0.0,0.13971641737588156,0.22126503604346312
2082,batt_tim694,1,694,battery,0.05688139669342106,0.0,0.05688139669342106,0.10595139221467696
2083,pltd_tim695,1,695,diesel,0.0030623417163236715,0.0619,-0.058837658283676326,0.007718747914564717
2084,plts_tim695,1,695,solar,0.16913049310100442,0.0,0.16913049310100442,0.26472762934727667
2085,batt_tim695,1,695,battery,0.06805599119805578,0.0,0.06805599119805578,0.12676695157387294
2086,pltd_tim696,1,696,diesel,0.006749587180331014,0.1365,-0.129750412819669,0.01701248735629022
2087,plts_tim696,1,696,solar,0.36620285992008805,0.0,0.36620285992008805,0.5834538890078671
2088,batt_tim696,1,696,battery,0.15001259110926568,0.0,0.15001259110926568,0.27939622734952124
2089,pltd_tim697,1,697,diesel,0.004814535652205472,0.0974,-0.09258546434779452,0.012134769822645018
2090,plts_tim697,1,697,solar,0.26729688481739067,0.0,0.26729688481739067,0.41618575562948895
2091,batt_tim697,1,697,battery,0.10699710736935818,0.0,0.10699710736935818,0.19928286085991379
2092,pltd_tim698,1,698,diesel,0.00486022951895601,0.0983,-0.09343977048104399,0.01225067980763941
2093,plts_tim698,1,698,solar,0.2667067282642011,0.0,0.2667067282642011,0.42013794011792105
2094,batt_tim698,1,698,battery,0.10800330619359756,0.0,0.10800330619359756,0.20118397237149865
2095,pltd_tim699,1,699,diesel,0.0020413781750263814,0.0413,-0.039258621824973625,0.005145665663240781
2096,plts_tim699,1,699,solar,0.11164198681759796,0.0,0.11164198681759796,0.17648450628607948
2097,batt_tim699,1,699,battery,0.045368013084160684,0.0,0.045368013084160684,0.08450869751455732
2098,pltd_tim700,1,700,diesel,0.007587180248708369,0.1534,-0.14581281975129165,0.019123817671603965
2099,plts_tim700,1,700,solar,0.408387193958037,0.0,0.408387193958037,0.6558916937460809
2100,batt_tim700,1,700,battery,0.16861102703397757,0.0,0.16861102703397757,0.3140785284009939
2101,pltd_tim701,1,701,diesel,0.00834896552941927,0.1688,-0.16045103447058073,0.02104398733741131
2102,plts_tim701,1,701,solar,0.44640170277839236,0.0,0.44640170277839236,0.7217397354086867
2103,batt_tim701,1,701,battery,0.1855479258465558,0.0,0.1855479258465558,0.34559152377335334
2104,pltd_tim702,1,702,diesel,0.0041899345806928915,0.0847,-0.08051006541930711,0.010560817463022057
2105,plts_tim702,1,702,solar,0.22299779172805417,0.0,0.22299779172805417,0.36218686533344846
2106,batt_tim702,1,702,battery,0.0931116374964548,0.0,0.0931116374964548,0.17342709300273731
2107,pltd_tim703,1,703,diesel,0.013132966815658656,0.2656,-0.2524670331843413,0.03310242921378615
2108,plts_tim703,1,703,solar,0.7202630746568758,0.0,0.7202630746568758,1.1352930124033713
2109,batt_tim703,1,703,battery,0.2918755291035847,0.0,0.2918755291035847,0.5436215689147516
2110,pltd_tim704,1,704,diesel,0.0017521938455461235,0.0354,-0.033647806154453876,0.004416902467046559
2111,plts_tim704,1,704,solar,0.09604431584073961,0.0,0.09604431584073961,0.15146009225800797
2112,batt_tim704,1,704,battery,0.03894014962045308,0.0,0.03894014962045308,0.07252782368893856
2113,pltd_tim705,1,705,diesel,0.003031997075446391,0.0613,-0.05826800292455361,0.007642321583254771
2114,plts_tim705,1,705,solar,0.16438237507320713,0.0,0.16438237507320713,0.2620927960346026
2115,batt_tim705,1,705,battery,0.06738040458189448,0.0,0.06738040458189448,0.12550489247446805
2116,pltd_tim706,1,706,diesel,0.008516684141997913,0.1722,-0.16368331585800208,0.021466831077414865
2117,plts_tim706,1,706,solar,0.4476535853758538,0.0,0.4476535853758538,0.7362273585402257
2118,batt_tim706,1,706,battery,0.189281960143714,0.0,0.189281960143714,0.3525314596005037
2119,pltd_tim707,1,707,diesel,0.0044641594363651615,0.0903,-0.08583584056363484,0.011252192295169723
2120,plts_tim707,1,707,solar,0.23906294531960698,0.0,0.23906294531960698,0.38589389585489753
2121,batt_tim707,1,707,battery,0.09920439807018681,0.0,0.09920439807018681,0.18478103641569688
2122,pltd_tim708,1,708,diesel,0.004875301838906898,0.0986,-0.09372469816109309,0.01228852797151991
2123,plts_tim708,1,708,solar,0.2661253162131018,0.0,0.2661253162131018,0.421454854700904
2124,batt_tim708,1,708,battery,0.10834499023412095,0.0,0.10834499023412095,0.20181060109518736
2125,pltd_tim709,1,709,diesel,0.008318687556590933,0.1682,-0.15988131244340906,0.020968017261513316
2126,plts_tim709,1,709,solar,0.4540765051548666,0.0,0.4540765051548666,0.719107267280189
2127,batt_tim709,1,709,battery,0.18486342550109103,0.0,0.18486342550109103,0.34433897807538366
2128,pltd_tim710,1,710,diesel,0.01677428244492475,0.3392,-0.32242571755507526,0.04228118854117348
2129,plts_tim710,1,710,solar,0.9156384148500929,0.0,0.9156384148500929,1.4500679846307944
2130,batt_tim710,1,710,battery,0.3727740703737364,0.0,0.3727740703737364,0.6943542692206564
2131,pltd_tim711,1,711,diesel,0.005606711762100458,0.1134,-0.10779328823789955,0.014132243285501668
2132,plts_tim711,1,711,solar,0.2878067364329404,0.0,0.2878067364329404,0.48467175279150077
2133,batt_tim711,1,711,battery,0.12458996929612925,0.0,0.12458996929612925,0.2320776923688626
2134,pltd_tim712,1,712,diesel,0.010085953799265988,0.2039,-0.193814046200734,0.025422403176184993
2135,plts_tim712,1,712,solar,0.5548021008798878,0.0,0.5548021008798878,0.8718819221729774
2136,batt_tim712,1,712,battery,0.22414585422563235,0.0,0.22414585422563235,0.4174819803099536
2137,pltd_tim713,1,713,diesel,0.011914452895395073,0.2409,-0.22898554710460492,0.030031270229989575
2138,plts_tim713,1,713,solar,0.6437584808957868,0.0,0.6437584808957868,1.0299300889756333
2139,batt_tim713,1,713,battery,0.2647974046879792,0.0,0.2647974046879792,0.4931787606255049
2140,pltd_tim714,1,714,diesel,0.018450381432433174,0.3731,-0.3546496185675668,0.04650554787332804
2141,plts_tim714,1,714,solar,0.9977114609161621,0.0,0.9977114609161621,1.5949456757959795
2142,batt_tim714,1,714,battery,0.4100451702143107,0.0,0.4100451702143107,0.7637437254512076
2143,pltd_tim715,1,715,diesel,0.026799413647074718,0.5419,-0.5151005863529253,0.06754953527813493
2144,plts_tim715,1,715,solar,1.4522459082372559,0.0,1.4522459082372559,2.3166826851029585
2145,batt_tim715,1,715,battery,0.5955640203919518,0.0,0.5955640203919518,1.1093202276374394
2146,pltd_tim716,1,716,diesel,0.02119264543331425,0.4285,-0.40730735456668576,0.05341754105134701
2147,plts_tim716,1,716,solar,1.15588925227051,0.0,1.15588925227051,1.83200877699945
2148,batt_tim716,1,716,battery,0.4709829187916106,0.0,0.4709829187916106,0.8772337909061042
2149,pltd_tim717,1,717,diesel,0.01135053086732472,0.2295,-0.2181494691326753,0.028610058265161928
2150,plts_tim717,1,717,solar,0.6195031303692785,0.0,0.6195031303692785,0.9811999845298781
2151,batt_tim717,1,717,battery,0.25226003354389037,0.0,0.25226003354389037,0.46984541007863756
2152,pltd_tim718,1,718,diesel,0.021771409059055738,0.4402,-0.41842859094094426,0.05487610287293647
2153,plts_tim718,1,718,solar,1.1763310378488663,0.0,1.1763310378488663,1.8820617891319225
2154,batt_tim718,1,718,battery,0.4838500048044616,0.0,0.4838500048044616,0.901224048799522
2155,pltd_tim719,1,719,diesel,0.02847519978109514,0.5758,-0.5473248002189048,0.07177352960953105
2156,plts_tim719,1,719,solar,1.5340273462145542,0.0,1.5340273462145542,2.4615673715737056
2157,batt_tim719,1,719,battery,0.6328550702531326,0.0,0.6328550702531326,1.1787421970039533
2158,pltd_tim720,1,720,diesel,0.021466983140601803,0.4341,-0.4126330168593982,0.05410870534683483
2159,plts_tim720,1,720,solar,1.1761344406663345,0.0,1.1761344406663345,1.8557176851533455
2160,batt_tim720,1,720,battery,0.47708598373684286,0.0,0.47708598373684286,0.8885954122368357
2161,pltd_tim721,1,721,diesel,0.009613809264970009,0.1944,-0.18478619073502997,0.024232000421973328
2162,plts_tim721,1,721,solar,0.5681630782394589,0.0,0.5681630782394589,0.8310564404584696
2163,batt_tim721,1,721,battery,0.21367122257807714,0.0,0.21367122257807714,0.39794693278980275
2164,pltd_tim722,1,722,diesel,0.006139755818311602,0.1242,-0.11806024418168841,0.015475902319142148
2165,plts_tim722,1,722,solar,0.37205766773612486,0.0,0.37205766773612486,0.5307713653334457
2166,batt_tim722,1,722,battery,0.13647525591373996,0.0,0.13647525591373996,0.25416292756183173
2167,pltd_tim723,1,723,diesel,0.007389516994927286,0.1494,-0.1420104830050727,0.018625990009901602
2168,plts_tim723,1,723,solar,0.41988534506326086,0.0,0.41988534506326086,0.63876757771796
2169,batt_tim723,1,723,battery,0.16420874091243326,0.0,0.16420874091243326,0.30587508533947433
2170,pltd_tim724,1,724,diesel,0.004723024825237127,0.0955,-0.09077697517476288,0.011904090479053215
2171,plts_tim724,1,724,solar,0.27120489719642593,0.0,0.27120489719642593,0.4082858911096567
2172,batt_tim724,1,724,battery,0.10496308070707984,0.0,0.10496308070707984,0.19551124177093462
2173,pltd_tim725,1,725,diesel,0.004342134689133333,0.0878,-0.08345786531086667,0.010944693443957258
2174,plts_tim725,1,725,solar,0.2464619963063393,0.0,0.2464619963063393,0.3753590991692573
2175,batt_tim725,1,725,battery,0.0965079110630835,0.0,0.0965079110630835,0.17974439552827456
2176,pltd_tim726,1,726,diesel,0.0019804888940429606,0.04,-0.03801951110595704,0.004991921527537285
2177,plts_tim726,1,726,solar,0.11644131440761134,0.0,0.11644131440761134,0.1712164073653499
2178,batt_tim726,1,726,battery,0.04401811822853392,0.0,0.04401811822853392,0.08198855704630748
2179,pltd_tim727,1,727,diesel,0.0036109145228709763,0.073,-0.06938908547712902,0.009101623876783023
2180,plts_tim727,1,727,solar,0.21292552529418168,0.0,0.21292552529418168,0.3121406222383907
2181,batt_tim727,1,727,battery,0.0802462250367554,0.0,0.0802462250367554,0.14947015121843946
2182,pltd_tim728,1,728,diesel,0.002879427686440365,0.0582,-0.055320572313559635,0.00725730139801806
2183,plts_tim728,1,728,solar,0.15718059936025042,0.0,0.15718059936025042,0.24892214037874616
2184,batt_tim728,1,728,battery,0.06399184857537031,0.0,0.06399184857537031,0.11919475817776719
2185,pltd_tim729,1,729,diesel,0.006810184087002224,0.1377,-0.13088981591299775,0.017166143669663417
2186,plts_tim729,1,729,solar,0.41715042904490396,0.0,0.41715042904490396,0.5887183018625983
2187,batt_tim729,1,729,battery,0.15133734501220258,0.0,0.15133734501220258,0.2818975834241169
2188,pltd_tim730,1,730,diesel,0.003092932543604549,0.0625,-0.05940706745639545,0.007796058712985525
2189,plts_tim730,1,730,solar,0.1841691607277995,0.0,0.1841691607277995,0.26736102930557054
2190,batt_tim730,1,730,battery,0.06873629214205418,0.0,0.06873629214205418,0.12803000867989034
2191,pltd_tim731,1,731,diesel,0.008882132677426645,0.1796,-0.17071786732257335,0.022388179849953144
2192,plts_tim731,1,731,solar,0.5214224610357783,0.0,0.5214224610357783,0.7678367835985443
2193,batt_tim731,1,731,battery,0.19739072470377067,0.0,0.19739072470377067,0.36766707648521035
2194,pltd_tim732,1,732,diesel,0.001340661671840658,0.0271,-0.02575933832815934,0.003379348867986899
2195,plts_tim732,1,732,solar,0.07318433768512934,0.0,0.07318433768512934,0.11590008824458539
2196,batt_tim732,1,732,battery,0.029794697551601693,0.0,0.029794697551601693,0.05549806633719743
2197,pltd_tim733,1,733,diesel,0.003915730206154918,0.0792,-0.07528426979384509,0.009869762008879757
2198,plts_tim733,1,733,solar,0.2282684417573368,0.0,0.2282684417573368,0.33847969144369544
2199,batt_tim733,1,733,battery,0.08701661324225154,0.0,0.08701661324225154,0.1620758793657227
2200,pltd_tim734,1,734,diesel,0.0035041416149229647,0.0709,-0.06739585838507704,0.008832183864962331
2201,plts_tim734,1,734,solar,0.1929430870795241,0.0,0.1929430870795241,0.3029203279918052
2202,batt_tim734,1,734,battery,0.07787125713448452,0.0,0.07787125713448452,0.14504649956920782
2203,pltd_tim735,1,735,diesel,0.006399021204800518,0.1294,-0.12300097879519947,0.016128948128706088
2204,plts_tim735,1,735,solar,0.35126246959796925,0.0,0.35126246959796925,0.5531588423193557
2205,batt_tim735,1,735,battery,0.1421952093140641,0.0,0.1421952093140641,0.2648738050295744
2206,pltd_tim736,1,736,diesel,0.007495777048238441,0.1516,-0.14410422295176156,0.01889318738358584
2207,plts_tim736,1,736,solar,0.40916852058249836,0.0,0.40916852058249836,0.64798746344235
2208,batt_tim736,1,736,battery,0.16658078198220977,0.0,0.16658078198220977,0.3102843794040075
2209,pltd_tim737,1,737,diesel,0.0027271044842229674,0.0551,-0.052372895515777035,0.006873744789492563
2210,plts_tim737,1,737,solar,0.1488639813711582,0.0,0.1488639813711582,0.2357514632875692
2211,batt_tim737,1,737,battery,0.0606055711930548,0.0,0.0606055711930548,0.11288804525192751
2212,pltd_tim738,1,738,diesel,0.0027577157916817935,0.0558,-0.05304228420831821,0.006951206479084281
2213,plts_tim738,1,738,solar,0.1539009662876916,0.0,0.1539009662876916,0.2383852499905918
2214,batt_tim738,1,738,battery,0.061280328563766084,0.0,0.061280328563766084,0.1141507965901662
2215,pltd_tim739,1,739,diesel,0.0027423101377221054,0.0555,-0.0527576898622779,0.0069124914384603485
2216,plts_tim739,1,739,solar,0.15470798333692934,0.0,0.15470798333692934,0.2370679395843377
2217,batt_tim739,1,739,battery,0.06094251710078398,0.0,0.06094251710078398,0.11351620421236494
2218,pltd_tim740,1,740,diesel,0.005241140134320176,0.106,-0.10075885986567983,0.013210627771033386
2219,plts_tim740,1,740,solar,0.28859034890119906,0.0,0.28859034890119906,0.45306565447840974
2220,batt_tim740,1,740,battery,0.11647728408459763,0.0,0.11647728408459763,0.21695818313928997
2221,pltd_tim741,1,741,diesel,0.005820047335922715,0.1177,-0.11187995266407728,0.014669431744975885
2222,plts_tim741,1,741,solar,0.3210365161068797,0.0,0.3210365161068797,0.5031105066883181
2223,batt_tim741,1,741,battery,0.12932903803843826,0.0,0.12932903803843826,0.24090380516457124
2224,pltd_tim742,1,742,diesel,0.0020413781757714776,0.0413,-0.039258621824228526,0.005145665665893811
2225,plts_tim742,1,742,solar,0.11246530894911874,0.0,0.11246530894911874,0.17648460221280685
2226,batt_tim742,1,742,battery,0.045367570664669656,0.0,0.045367570664669656,0.08450922612548076
2227,pltd_tim743,1,743,diesel,0.0021328582848079035,0.0431,-0.0409671417151921,0.005375944977175853
2228,plts_tim743,1,743,solar,0.12078492892271793,0.0,0.12078492892271793,0.1843868957446507
2229,batt_tim743,1,743,battery,0.047400180282492196,0.0,0.047400180282492196,0.08829127149948067
2230,pltd_tim744,1,744,diesel,0.0037174771907484733,0.0752,-0.07148252280925153,0.00937006371487662
2231,plts_tim744,1,744,solar,0.21037226016348418,0.0,0.21037226016348418,0.3213612072042357
2232,batt_tim744,1,744,battery,0.08261502257301725,0.0,0.08261502257301725,0.15388888782743326
2233,pltd_tim745,1,745,diesel,0.0028489497132045643,0.0576,-0.05475105028679544,0.007181141812156295
2234,plts_tim745,1,745,solar,0.15675258090083477,0.0,0.15675258090083477,0.24628864600344413
2235,batt_tim745,1,745,battery,0.063320615539868,0.0,0.063320615539868,0.11793802728181856
2236,pltd_tim746,1,746,diesel,0.0022850481551231192,0.0462,-0.04391495184487688,0.005759708691670237
2237,plts_tim746,1,746,solar,0.12474700706372475,0.0,0.12474700706372475,0.1975576343256996
2238,batt_tim746,1,746,battery,0.05078679944960726,0.0,0.05078679944960726,0.09459921308728089
2239,pltd_tim747,1,747,diesel,0.012523438069379233,0.2532,-0.24067656193062076,0.03156601266989208
2240,plts_tim747,1,747,solar,0.6884224755583196,0.0,0.6884224755583196,1.0826160196459833
2241,batt_tim747,1,747,battery,0.2783145868990235,0.0,0.2783145868990235,0.518421686552276
2242,pltd_tim748,1,748,diesel,0.005820047336550412,0.1177,-0.11187995266344959,0.01466943174734989
2243,plts_tim748,1,748,solar,0.3269452315360621,0.0,0.3269452315360621,0.5031129844646364
2244,batt_tim748,1,748,battery,0.12934818235650197,0.0,0.12934818235650197,0.24091745875694975
2245,pltd_tim749,1,749,diesel,0.0037634172443021326,0.0761,-0.07233658275569786,0.009485731559285704
2246,plts_tim749,1,749,solar,0.20689428440069346,0.0,0.20689428440069346,0.3253105069831084
2247,batt_tim749,1,749,battery,0.08362895607284507,0.0,0.08362895607284507,0.15577553463302451
2248,pltd_tim750,1,750,diesel,0.0037634172444691314,0.0761,-0.07233658275553087,0.009485731559387608
2249,plts_tim750,1,750,solar,0.21070227146314907,0.0,0.21070227146314907,0.3253091601369186
2250,batt_tim750,1,750,battery,0.08362788221339976,0.0,0.08362788221339976,0.155768112949544
2251,pltd_tim751,1,751,diesel,0.0017977441404796377,0.0364,-0.03460225585952036,0.004531506925008453
2252,plts_tim751,1,751,solar,0.09837856855732659,0.0,0.09837856855732659,0.15541171723271902
2253,batt_tim751,1,751,battery,0.03995197899137391,0.0,0.03995197899137391,0.07441966370063888
2254,pltd_tim752,1,752,diesel,0.004022303113357336,0.0813,-0.07727769688664266,0.010138503626594715
2255,plts_tim752,1,752,solar,0.22806348773546026,0.0,0.22806348773546026,0.34770111307986534
2256,batt_tim752,1,752,battery,0.08939537209647055,0.0,0.08939537209647055,0.16650114072087166
2257,pltd_tim753,1,753,diesel,0.001508344341954358,0.0305,-0.02899165565804564,0.0038020591980166838
2258,plts_tim753,1,753,solar,0.08161911499026356,0.0,0.08161911499026356,0.13038781455806214
2259,batt_tim753,1,753,battery,0.03352264088773802,0.0,0.03352264088773802,0.06243783559553522
2260,pltd_tim754,1,754,diesel,0.0034737867346005267,0.0702,-0.06672621326539947,0.008755810169015107
2261,plts_tim754,1,754,solar,0.19119463764657635,0.0,0.19119463764657635,0.30028675019366013
2262,batt_tim754,1,754,battery,0.07719072082023531,0.0,0.07719072082023531,0.14379039185797807
2263,pltd_tim755,1,755,diesel,0.005088883600084608,0.1029,-0.0978111163999154,0.01282716241832286
2264,plts_tim755,1,755,solar,0.2791124620822773,0.0,0.2791124620822773,0.43989178349106944
2265,batt_tim755,1,755,battery,0.11308363104909437,0.0,0.11308363104909437,0.21063437337191357
2266,pltd_tim756,1,756,diesel,0.005119115386923546,0.1035,-0.09838088461307645,0.01290327637975037
2267,plts_tim756,1,756,solar,0.28971985359321445,0.0,0.28971985359321445,0.44252876106779726
2268,batt_tim756,1,756,battery,0.11378043104062144,0.0,0.11378043104062144,0.2119100467508299
2269,pltd_tim757,1,757,diesel,0.007038827927441641,0.1423,-0.13526117207255836,0.01774188926896561
2270,plts_tim757,1,757,solar,0.3827594489628584,0.0,0.3827594489628584,0.6084757825763949
2271,batt_tim757,1,757,battery,0.15642543122839442,0.0,0.15642543122839442,0.2913677376394134
2272,pltd_tim758,1,758,diesel,0.003656331483283174,0.0739,-0.07024366851671682,0.00921586333008985
2273,plts_tim758,1,758,solar,0.20079636961005595,0.0,0.20079636961005595,0.3160930134943115
2274,batt_tim758,1,758,battery,0.08125922902687878,0.0,0.08125922902687878,0.1513657109087035
2275,pltd_tim759,1,759,diesel,0.0026967034166388193,0.0545,-0.05180329658336118,0.006797360506279036
2276,plts_tim759,1,759,solar,0.14919767393004846,0.0,0.14919767393004846,0.23311762857977608
2277,batt_tim759,1,759,battery,0.059935739245132694,0.0,0.059935739245132694,0.11163121775917732
2278,pltd_tim760,1,760,diesel,0.015829460043883307,0.3201,-0.3042705399561167,0.0398990002714721
2279,plts_tim760,1,760,solar,0.9030932864893056,0.0,0.9030932864893056,1.3684129185014244
2280,batt_tim760,1,760,battery,0.35177449570452674,0.0,0.35177449570452674,0.6552597294916082
2281,pltd_tim761,1,761,diesel,0.006536082325589951,0.1322,-0.12566391767441007,0.016474884691475525
2282,plts_tim761,1,761,solar,0.3631763792585677,0.0,0.3631763792585677,0.5650119859965038
2283,batt_tim761,1,761,battery,0.1452512401417706,0.0,0.1452512401417706,0.2705482164634953
2284,pltd_tim762,1,762,diesel,0.003824219378252788,0.0773,-0.0734757806217472,0.00963858779391994
2285,plts_tim762,1,762,solar,0.21134719876044336,0.0,0.21134719876044336,0.3305774151965515
2286,batt_tim762,1,762,battery,0.08498650550357224,0.0,0.08498650550357224,0.15828924935856983
2287,pltd_tim763,1,763,diesel,0.005728356989517099,0.1158,-0.1100716430104829,0.014438057442681748
2288,plts_tim763,1,763,solar,0.3182582304482897,0.0,0.3182582304482897,0.49521113651707266
2289,batt_tim763,1,763,battery,0.12730844001804234,0.0,0.12730844001804234,0.2371293207406177
2290,pltd_tim764,1,764,diesel,0.005119115386933287,0.1035,-0.09838088461306671,0.012903276379816338
2291,plts_tim764,1,764,solar,0.28395673760746326,0.0,0.28395673760746326,0.4425259384495051
2292,batt_tim764,1,764,battery,0.11375838866388059,0.0,0.11375838866388059,0.2118944929480432
2293,pltd_tim765,1,765,diesel,0.00586555144322782,0.1186,-0.11273444855677217,0.014784632755122807
2294,plts_tim765,1,765,solar,0.32003006936461337,0.0,0.32003006936461337,0.5070648433477832
2295,batt_tim765,1,765,battery,0.1303570987505667,0.0,0.1303570987505667,0.24281538341711387
2296,pltd_tim766,1,766,diesel,0.003245065984970052,0.0656,-0.06235493401502995,0.008179418802042721
2297,plts_tim766,1,766,solar,0.1765028116444913,0.0,0.1765028116444913,0.2805305713091421
2298,batt_tim766,1,766,battery,0.07212239767086981,0.0,0.07212239767086981,0.13432913248341466
2299,pltd_tim767,1,767,diesel,0.004951530105894882,0.1001,-0.09514846989410511,0.012480811651783788
2300,plts_tim767,1,767,solar,0.26673943261760164,0.0,0.26673943261760164,0.42804089512214016
2301,batt_tim767,1,767,battery,0.11003935812386255,0.0,0.11003935812386255,0.2049716156697682
2302,pltd_tim768,1,768,diesel,0.004448887116323975,0.09,-0.08555111288367602,0.011213772029668978
2303,plts_tim768,1,768,solar,0.24415557313260727,0.0,0.24415557313260727,0.3845781785790222
2304,batt_tim768,1,768,battery,0.09887469496272025,0.0,0.09887469496272025,0.1841545844695276
2305,pltd_tim769,1,769,diesel,0.0033671471601694073,0.0681,-0.06473285283983059,0.008486650915610985
2306,plts_tim769,1,769,solar,0.18292027847088746,0.0,0.18292027847088746,0.29106819197959266
2307,batt_tim769,1,769,battery,0.07483130833566333,0.0,0.07483130833566333,0.13937810497953124
2308,pltd_tim770,1,770,diesel,0.005134413413508365,0.1038,-0.09866558658649163,0.01294145450309684
2309,plts_tim770,1,770,solar,0.2789766710437344,0.0,0.2789766710437344,0.4438446124681214
2310,batt_tim770,1,770,battery,0.1141074999790136,0.0,0.1141074999790136,0.2125318808707318
2311,pltd_tim771,1,771,diesel,0.006185629203997139,0.1251,-0.11891437079600285,0.015591342034647954
2312,plts_tim771,1,771,solar,0.33663249152238084,0.0,0.33663249152238084,0.5347213982674874
2313,batt_tim771,1,771,battery,0.1374580453846559,0.0,0.1374580453846559,0.2560533629231727
2314,pltd_tim772,1,772,diesel,0.0030775473692925747,0.0622,-0.05912245263070742,0.0077572208117800525
2315,plts_tim772,1,772,solar,0.16606610594039406,0.0,0.16606610594039406,0.26604469030969585
2316,batt_tim772,1,772,battery,0.06839683207563536,0.0,0.06839683207563536,0.1274000921651977
2317,pltd_tim773,1,773,diesel,0.0043877414092505385,0.0887,-0.08431225859074946,0.01105941017057202
2318,plts_tim773,1,773,solar,0.2373242061672495,0.0,0.2373242061672495,0.37931001713169554
2319,batt_tim773,1,773,battery,0.09752225798502408,0.0,0.09752225798502408,0.18163044412735707
2320,pltd_tim774,1,774,diesel,0.0016757860555200574,0.0339,-0.03222421394447994,0.004223786940989778
2321,plts_tim774,1,774,solar,0.09104684393785958,0.0,0.09104684393785958,0.14487595596351677
2322,batt_tim774,1,774,battery,0.03724681716076797,0.0,0.03724681716076797,0.0693739748935457
2323,pltd_tim775,1,775,diesel,0.007115112620499002,0.1439,-0.136784887379501,0.01793414491573729
2324,plts_tim775,1,775,solar,0.38519256170324667,0.0,0.38519256170324667,0.6150597755352195
2325,batt_tim775,1,775,battery,0.15812580792938058,0.0,0.15812580792938058,0.29451605830163785
2326,pltd_tim776,1,776,diesel,0.0026054028286445277,0.0527,-0.05009459717135547,0.006567305892058314
2327,plts_tim776,1,776,solar,0.14221024275586588,0.0,0.14221024275586588,0.225214321031084
2328,batt_tim776,1,776,battery,0.05789668204208352,0.0,0.05789668204208352,0.10784205736392616
2329,pltd_tim777,1,777,diesel,0.005058036346671567,0.1023,-0.09724196365332843,0.012749272511798497
2330,plts_tim777,1,777,solar,0.27126269253888485,0.0,0.27126269253888485,0.43726090355521324
2331,batt_tim777,1,777,battery,0.11242427291054835,0.0,0.11242427291054835,0.2093862855304511
2332,pltd_tim778,1,778,diesel,0.002864457979554547,0.0579,-0.05503554202044545,0.007219509443229402
2333,plts_tim778,1,778,solar,0.15476582169769726,0.0,0.15476582169769726,0.24760521363187246
2334,batt_tim778,1,778,battery,0.0636596664281369,0.0,0.0636596664281369,0.11856510379635317
2335,pltd_tim779,1,779,diesel,0.004052447753285968,0.0819,-0.07784755224671404,0.010214414063888476
2336,plts_tim779,1,779,solar,0.21874977166218676,0.0,0.21874977166218676,0.3503357558772016
2337,batt_tim779,1,779,battery,0.09006536107955575,0.0,0.09006536107955575,0.1677595586227599
2338,pltd_tim780,1,780,diesel,0.005728356989137032,0.1158,-0.11007164301086297,0.014438057442187385
2339,plts_tim780,1,780,solar,0.30951875327192707,0.0,0.30951875327192707,0.49521165926324917
2340,batt_tim780,1,780,battery,0.12731149823912677,0.0,0.12731149823912677,0.23713220128815357
