ID,Resource,Zone,Village,technology,Total_MW,Start_MW,Change_in_MW,Electricity_GWh
1,pltd_bel1,1,1,diesel,0.0,0.2773,-0.2773,0.0
2,plts_bel1,1,1,solar,0.0,0.0,0.0,0.0
3,batt_bel1,1,1,battery,0.010921252166377843,0.0,0.010921252166377843,0.004535883437789618
4,pltd_bel2,1,2,diesel,0.0,0.846,-0.846,0.0
5,plts_bel2,1,2,solar,0.0,0.0,0.0,0.0
6,batt_bel2,1,2,battery,0.40107399999999993,0.0,0.40107399999999993,0.3498849723799806
7,pltd_bel3,1,3,diesel,0.0,0.842,-0.842,0.0
8,plts_bel3,1,3,solar,0.0,0.0,0.0,0.0
9,batt_bel3,1,3,battery,0.39913599999999994,0.0,0.39913599999999994,0.31684687229777536
10,pltd_bel4,1,4,diesel,0.0,0.3891,-0.3891,0.0
11,plts_bel4,1,4,solar,0.0,0.0,0.0,0.0
12,batt_bel4,1,4,battery,0.09398630716171918,0.0,0.09398630716171918,0.07505007619788406
13,pltd_bel5,1,5,diesel,0.0,0.4381,-0.4381,0.0
14,plts_bel5,1,5,solar,0.0,0.0,0.0,0.0
15,batt_bel5,1,5,battery,0.20770900000000003,0.0,0.20770900000000003,0.16012742370791436
16,pltd_bel6,1,6,diesel,0.0,0.3851,-0.3851,0.0
17,plts_bel6,1,6,solar,0.0,0.0,0.0,0.0
18,batt_bel6,1,6,battery,0.010503000000000111,0.0,0.010503000000000111,0.00509599118341625
19,pltd_bel7,1,7,diesel,0.0,0.3586,-0.3586,0.0
20,plts_bel7,1,7,solar,0.0,0.0,0.0,0.0
21,batt_bel7,1,7,battery,0.170012,0.0,0.170012,0.14160550003375236
22,pltd_bel8,1,8,diesel,0.0,0.7089,-0.7089,0.0
23,plts_bel8,1,8,solar,0.0,0.0,0.0,0.0
24,batt_bel8,1,8,battery,0.336024,0.0,0.336024,0.25817682190910474
25,pltd_bel9,1,9,diesel,0.0,0.6833,-0.6833,0.0
26,plts_bel9,1,9,solar,0.0,0.0,0.0,0.0
27,batt_bel9,1,9,battery,0.32396899999999995,0.0,0.32396899999999995,0.25659279820355235
28,pltd_bel10,1,10,diesel,0.0,0.3968,-0.3968,0.0
29,plts_bel10,1,10,solar,0.0,0.0,0.0,0.0
30,batt_bel10,1,10,battery,0.018578000000000077,0.0,0.018578000000000077,0.008971810728666704
31,pltd_bel11,1,11,diesel,0.0,0.6602,-0.6602,0.0
32,plts_bel11,1,11,solar,0.0,0.0,0.0,0.0
33,batt_bel11,1,11,battery,0.31302299999999994,0.0,0.31302299999999994,0.2559254160542192
34,pltd_bel12,1,12,diesel,0.0,0.284,-0.284,0.0
35,plts_bel12,1,12,solar,0.0,0.0,0.0,0.0
36,batt_bel12,1,12,battery,0.013298000000000032,0.0,0.013298000000000032,0.006311346809219061
37,pltd_bel13,1,13,diesel,0.0,0.2672,-0.2672,0.0
38,plts_bel13,1,13,solar,0.0,0.0,0.0,0.0
39,batt_bel13,1,13,battery,0.133622,0.0,0.133622,0.09455613089240958
40,pltd_bel14,1,14,diesel,0.004249791597920299,0.2055,-0.2012502084020797,0.0006864938600193178
41,plts_bel14,1,14,solar,0.0,0.0,0.0,0.0
42,batt_bel14,1,14,battery,0.005058492201039877,0.0,0.005058492201039877,0.0027377364814929546
43,pltd_bel15,1,15,diesel,0.0,0.1749,-0.1749,0.0
44,plts_bel15,1,15,solar,0.0,0.0,0.0,0.0
45,batt_bel15,1,15,battery,0.009071599417637272,0.0,0.009071599417637272,0.00527199186849791
46,pltd_bel16,1,16,diesel,0.0,0.4908,-0.4908,0.0
47,plts_bel16,1,16,solar,0.0,0.0,0.0,0.0
48,batt_bel16,1,16,battery,0.02297599999999998,0.0,0.02297599999999998,0.010752176662933325
49,pltd_bel17,1,17,diesel,0.0,0.2234,-0.2234,0.0
50,plts_bel17,1,17,solar,0.0,0.0,0.0,0.0
51,batt_bel17,1,17,battery,0.011586418469217957,0.0,0.011586418469217957,0.006309691345243684
52,pltd_bel18,1,18,diesel,0.0,0.1297,-0.1297,0.0
53,plts_bel18,1,18,solar,0.0,0.0,0.0,0.0
54,batt_bel18,1,18,battery,0.005108860485268636,0.0,0.005108860485268636,0.0023898077160693044
55,pltd_bel19,1,19,diesel,0.005260000000000015,0.203,-0.19774,0.0016593571303571528
56,plts_bel19,1,19,solar,0.0,0.0,0.0,0.0
57,batt_bel19,1,19,battery,0.036618699999999976,0.0,0.036618699999999976,0.023727145810486655
58,pltd_bel20,1,20,diesel,0.0008408604800000032,0.0444,-0.04355913952,0.0008676629077999997
59,plts_bel20,1,20,solar,0.12522032473226566,0.0,0.12522032473226566,0.19624008602833623
60,batt_bel20,1,20,battery,0.05099542549461706,0.0,0.05099542549461706,0.09584339652959543
61,pltd_bel21,1,21,diesel,0.011631681000000019,0.1664,-0.154768319,0.005459157631157108
62,plts_bel21,1,21,solar,0.03040817159789954,0.0,0.03040817159789954,0.04797757222867767
63,batt_bel21,1,21,battery,0.06741862093552539,0.0,0.06741862093552539,0.0879570929292035
64,pltd_bel22,1,22,diesel,0.008271684000000001,0.1183,-0.110028316,0.004535702266177314
65,plts_bel22,1,22,solar,0.16794284570942059,0.0,0.16794284570942059,0.2622744947730992
66,batt_bel22,1,22,battery,0.0723077652568823,0.0,0.0723077652568823,0.11514745807096202
67,pltd_bel23,1,23,diesel,0.002796934000000015,0.1143,-0.11150306599999998,0.0004373726012500026
68,plts_bel23,1,23,solar,0.0,0.0,0.0,0.0
69,batt_bel23,1,23,battery,0.0025975000000000026,0.0,0.0025975000000000026,0.0014403760405238097
70,pltd_bel24,1,24,diesel,0.0015404892216476646,0.0672,-0.06565951077835233,0.001401110286993954
71,plts_bel24,1,24,solar,0.15570890051231467,0.0,0.15570890051231467,0.2473063740365894
72,batt_bel24,1,24,battery,0.0540083044303528,0.0,0.0540083044303528,0.10738309861626717
73,pltd_bel25,1,25,diesel,0.0009284683733333328,0.049,-0.04807153162666667,0.0009580633027333338
74,plts_bel25,1,25,solar,0.14101240373914978,0.0,0.14101240373914978,0.2166799121895935
75,batt_bel25,1,25,battery,0.05630637184197641,0.0,0.05630637184197641,0.10581912592516553
76,pltd_bel26,1,26,diesel,0.009584896000000016,0.1371,-0.127515104,0.004868718670041889
77,plts_bel26,1,26,solar,0.18862377973910785,0.0,0.18862377973910785,0.29590732694132044
78,batt_bel26,1,26,battery,0.08259673858882349,0.0,0.08259673858882349,0.1297600240130063
79,pltd_bel27,1,27,diesel,0.008766782000000015,0.1254,-0.116633218,0.003875171440357626
80,plts_bel27,1,27,solar,0.0,0.0,0.0,0.0
81,batt_bel27,1,27,battery,0.040461386453063505,0.0,0.040461386453063505,0.04851781715163365
82,pltd_bel28,1,28,diesel,0.006504648999999987,0.093,-0.08649535100000001,0.003320027710156271
83,plts_bel28,1,28,solar,0.12883586201348393,0.0,0.12883586201348393,0.2008159427769695
84,batt_bel28,1,28,battery,0.05605411502818287,0.0,0.05605411502818287,0.08807068906456891
85,pltd_bel29,1,29,diesel,0.001620936999999989,0.0662,-0.064579063,0.000989737554944042
86,plts_bel29,1,29,solar,0.11565959022418637,0.0,0.11565959022418637,0.18269288156877939
87,batt_bel29,1,29,battery,0.04696700000000001,0.0,0.04696700000000001,0.07728677791926761
88,pltd_bel30,1,30,diesel,0.0009632458666666751,0.0508,-0.04983675413333332,0.0009939493286666725
89,plts_bel30,1,30,solar,0.15386033846209,0.0,0.15386033846209,0.2248563130729139
90,batt_bel30,1,30,battery,0.05842980012030329,0.0,0.05842980012030329,0.10981159013822164
91,pltd_bel31,1,31,diesel,0.007237224999999962,0.1035,-0.09626277500000004,0.0039688109665797396
92,plts_bel31,1,31,solar,0.1521215066424299,0.0,0.1521215066424299,0.22949324310788916
93,batt_bel31,1,31,battery,0.06326905771241699,0.0,0.06326905771241699,0.10085962207490826
94,pltd_bel32,1,32,diesel,0.01085583600000005,0.1553,-0.14444416399999993,0.004890686456832282
95,plts_bel32,1,32,solar,0.02908937631953533,0.0,0.02908937631953533,0.04477769876461752
96,batt_bel32,1,32,battery,0.0629241369102635,0.0,0.0629241369102635,0.08209445762056951
97,pltd_bel33,1,33,diesel,0.006418110999999383,0.0918,-0.08538188900000063,0.0035794334834211286
98,plts_bel33,1,33,solar,0.13185013022122952,0.0,0.13185013022122952,0.20354113337654847
99,batt_bel33,1,33,battery,0.056114423834216894,0.0,0.056114423834216894,0.08918391275568874
100,pltd_bel34,1,34,diesel,0.0018083040000000106,0.0739,-0.07209169599999998,0.001098222699228577
101,plts_bel34,1,34,solar,0.1299900604818273,0.0,0.1299900604818273,0.2039339964564915
102,batt_bel34,1,34,battery,0.052428999999999996,0.0,0.052428999999999996,0.0862953583216708
103,pltd_bel35,1,35,diesel,0.005299110999999808,0.0758,-0.0705008890000002,0.002858451039305487
104,plts_bel35,1,35,solar,0.11212180751643394,0.0,0.11212180751643394,0.17504209921489106
105,batt_bel35,1,35,battery,0.046388000015519015,0.0,0.046388000015519015,0.07378417369945688
106,pltd_bel36,1,36,diesel,0.0008408604800000011,0.0444,-0.04355913952,0.000867662907799998
107,plts_bel36,1,36,solar,0.12736567092950316,0.0,0.12736567092950316,0.1962402176266915
108,batt_bel36,1,36,battery,0.050999616004925925,0.0,0.050999616004925925,0.09584412169136507
109,pltd_bel37,1,37,diesel,0.005427918000000004,0.0776,-0.072172082,0.003049821783057771
110,plts_bel37,1,37,solar,0.11122015328807296,0.0,0.11122015328807296,0.17212836876421664
111,batt_bel37,1,37,battery,0.047453233243722845,0.0,0.047453233243722845,0.07564275520217088
112,pltd_bel38,1,38,diesel,0.0041110000000000035,0.1587,-0.154589,0.0012035092686250018
113,plts_bel38,1,38,solar,0.0,0.0,0.0,0.0
114,batt_bel38,1,38,battery,0.02861731699999999,0.0,0.02861731699999999,0.018800390421306636
115,pltd_bel39,1,39,diesel,0.004976091999999998,0.0712,-0.066223908,0.002118709397214288
116,plts_bel39,1,39,solar,0.0,0.0,0.0,0.0
117,batt_bel39,1,39,battery,0.021478000000000008,0.0,0.021478000000000008,0.024403801375000013
118,pltd_bel40,1,40,diesel,0.004458861000000015,0.0638,-0.05934113899999998,0.002461527881136581
119,plts_bel40,1,40,solar,0.09180175306712368,0.0,0.09180175306712368,0.14138883719334272
120,batt_bel40,1,40,battery,0.03897924777640774,0.0,0.03897924777640774,0.06213462480480331
121,pltd_bel41,1,41,diesel,0.004825149000000001,0.069,-0.064174851,0.0025101735636534166
122,plts_bel41,1,41,solar,0.09520686208616548,0.0,0.09520686208616548,0.14895108813037505
123,batt_bel41,1,41,battery,0.04157659511010772,0.0,0.04157659511010772,0.06545534966495066
124,pltd_bel42,1,42,diesel,0.002010999999999997,0.0776,-0.075589,0.0006770994497976171
125,plts_bel42,1,42,solar,0.0,0.0,0.0,0.0
126,batt_bel42,1,42,battery,0.014003918000000006,0.0,0.014003918000000006,0.009199953242232741
127,pltd_bel43,1,43,diesel,0.00954162700000001,0.1365,-0.126958373,0.004434153584331005
128,plts_bel43,1,43,solar,0.035637486697469654,0.0,0.035637486697469654,0.056171075964074356
129,batt_bel43,1,43,battery,0.057429532272105566,0.0,0.057429532272105566,0.07402924931067631
130,pltd_bel44,1,44,diesel,0.007473706000000004,0.1069,-0.099426294,0.0038214914008235998
131,plts_bel44,1,44,solar,0.13371987512543293,0.0,0.13371987512543293,0.20981965547950412
132,batt_bel44,1,44,battery,0.062293999999999995,0.0,0.062293999999999995,0.09529872911616416
133,pltd_bel45,1,45,diesel,0.005665399000000033,0.081,-0.07533460099999997,0.0030765093280632266
134,plts_bel45,1,45,solar,0.11994576047725088,0.0,0.11994576047725088,0.1871340978831464
135,batt_bel45,1,45,battery,0.049592946097656854,0.0,0.049592946097656854,0.0787941270364951
136,pltd_bel46,1,46,diesel,0.007646781999999998,0.1094,-0.101753218,0.003486321253113113
137,plts_bel46,1,46,solar,0.07433881487761371,0.0,0.07433881487761371,0.11767600227859383
138,batt_bel46,1,46,battery,0.05349,0.0,0.05349,0.07289523451172307
139,pltd_bel47,1,47,diesel,0.0027663960000000043,0.1131,-0.110333604,0.00045971344188095283
140,plts_bel47,1,47,solar,0.0,0.0,0.0,0.0
141,batt_bel47,1,47,battery,0.0025695000000000023,0.0,0.0025695000000000023,0.0013821037054285734
142,pltd_bel48,1,48,diesel,0.007668914999999957,0.1097,-0.10203108500000005,0.004201028780860491
143,plts_bel48,1,48,solar,0.15316704476192253,0.0,0.15316704476192253,0.24316302233507325
144,batt_bel48,1,48,battery,0.06703609292014358,0.0,0.06703609292014358,0.10682089971099938
145,pltd_bel49,1,49,diesel,0.005180000000000018,0.1999,-0.19471999999999998,0.001532385240619058
146,plts_bel49,1,49,solar,0.0,0.0,0.0,0.0
147,batt_bel49,1,49,battery,0.036064351999999966,0.0,0.036064351999999966,0.023392790317725932
148,pltd_bel50,1,50,diesel,0.006082000000000004,0.2348,-0.228718,0.0012358809402202382
149,plts_bel50,1,50,solar,0.0,0.0,0.0,0.0
150,batt_bel50,1,50,battery,0.010331560999999989,0.0,0.010331560999999989,0.004013234947396197
151,pltd_bel51,1,51,diesel,0.01029633599999999,0.1473,-0.137003664,0.004685752852687674
152,plts_bel51,1,51,solar,0.10838325722648033,0.0,0.10838325722648033,0.1729439662502065
153,batt_bel51,1,51,battery,0.07362900000000001,0.0,0.07362900000000001,0.10160900269671876
154,pltd_bel52,1,52,diesel,0.011199990999999992,0.1602,-0.14900000900000002,0.005109582871333344
155,plts_bel52,1,52,solar,0.024086178197265103,0.0,0.024086178197265103,0.039258242490058895
156,batt_bel52,1,52,battery,0.06279515999130919,0.0,0.06279515999130919,0.08096810130459439
157,pltd_bel53,1,53,diesel,0.009607028999999552,0.1374,-0.12779297100000045,0.00478542112618279
158,plts_bel53,1,53,solar,0.18436759059824884,0.0,0.18436759059824884,0.29657886852888005
159,batt_bel53,1,53,battery,0.08278281398492436,0.0,0.08278281398492436,0.1303356867387602
160,pltd_bel54,1,54,diesel,0.008831183999999805,0.1263,-0.1174688160000002,0.004454231337107605
161,plts_bel54,1,54,solar,0.17475224333255143,0.0,0.17475224333255143,0.28615671108093116
162,batt_bel54,1,54,battery,0.07622588115158302,0.0,0.07622588115158302,0.11967501062633451
163,pltd_bel55,1,55,diesel,0.014431181000000015,0.2064,-0.19196881899999998,0.006239103793699077
164,plts_bel55,1,55,solar,0.0,0.0,0.0,0.0
165,batt_bel55,1,55,battery,0.06391429423798158,0.0,0.06391429423798158,0.07395690884155878
166,pltd_bel56,1,56,diesel,0.011157721999999912,0.1596,-0.1484422780000001,0.005001918566806908
167,plts_bel56,1,56,solar,0.02929546082557156,0.0,0.02929546082557156,0.04602413570718012
168,batt_bel56,1,56,battery,0.06467170867945815,0.0,0.06467170867945815,0.08437361851702394
169,pltd_bel57,1,57,diesel,0.012105643000000027,0.1731,-0.16099435699999998,0.00484525979188647
170,plts_bel57,1,57,solar,0.0,0.0,0.0,0.0
171,batt_bel57,1,57,battery,0.05361168257756563,0.0,0.05361168257756563,0.062036227032020684
172,pltd_bel58,1,58,diesel,0.006418000000000201,0.2477,-0.2412819999999998,0.0019520043642382203
173,plts_bel58,1,58,solar,0.0,0.0,0.0,0.0
174,batt_bel58,1,58,battery,0.04467621599999973,0.0,0.04467621599999973,0.02911042332947602
175,pltd_bel59,1,59,diesel,0.0054711870000000995,0.0783,-0.0728288129999999,0.0030249791735508782
176,plts_bel59,1,59,solar,0.11482998602926722,0.0,0.11482998602926722,0.18075376617868383
177,batt_bel59,1,59,battery,0.047897652698411286,0.0,0.047897652698411286,0.07606684944853818
178,pltd_bel60,1,60,diesel,0.010340666000000165,0.4227,-0.41235933399999986,0.0013567891280689623
179,plts_bel60,1,60,solar,0.0,0.0,0.0,0.0
180,batt_bel60,1,60,battery,0.009605999999999948,0.0,0.009605999999999948,0.004698133676628574
181,pltd_bel61,1,61,diesel,0.0008040012800000045,0.0558,-0.054995998719999994,0.0008144403440952411
182,plts_bel61,1,61,solar,0.1569723457843187,0.0,0.1569723457843187,0.24530086295649803
183,batt_bel61,1,61,battery,0.06379367527165977,0.0,0.06379367527165977,0.1185640541870231
184,pltd_bel62,1,62,diesel,0.005925805849220089,0.2865,-0.2805741941507799,0.0006660268862494318
185,plts_bel62,1,62,solar,0.0,0.0,0.0,0.0
186,batt_bel62,1,62,battery,0.007053184575389948,0.0,0.007053184575389948,0.003599876756282498
187,pltd_bel63,1,63,diesel,0.0027663960000000043,0.1131,-0.110333604,0.0004053405871666671
188,plts_bel63,1,63,solar,0.0,0.0,0.0,0.0
189,batt_bel63,1,63,battery,0.0025695000000000023,0.0,0.0025695000000000023,0.0014326066161428595
190,pltd_bel64,1,64,diesel,0.00738816799999998,0.1057,-0.09831183200000002,0.003727870619501706
191,plts_bel64,1,64,solar,0.13354495112615009,0.0,0.13354495112615009,0.21571128675048717
192,batt_bel64,1,64,battery,0.06244000000000003,0.0,0.06244000000000003,0.09622494265129526
193,pltd_bel65,1,65,diesel,0.003618611000000223,0.0518,-0.048181388999999776,0.0020182574087842767
194,plts_bel65,1,65,solar,0.07571614748863532,0.0,0.07571614748863532,0.11955227608369683
195,batt_bel65,1,65,battery,0.03168043215186489,0.0,0.03168043215186489,0.05017052889395102
196,pltd_bel66,1,66,diesel,0.0,0.4473,-0.4473,0.0
197,plts_bel66,1,66,solar,0.0,0.0,0.0,0.0
198,batt_bel66,1,66,battery,0.01219899999999967,0.0,0.01219899999999967,0.006134543025025188
199,pltd_bel67,1,67,diesel,0.007467451639514677,0.3611,-0.3536325483604853,0.0008393215309890581
200,plts_bel67,1,67,solar,0.0,0.0,0.0,0.0
201,batt_bel67,1,67,battery,0.008888648180242653,0.0,0.008888648180242653,0.004810677851634072
202,pltd_bel68,1,68,diesel,0.004717000000000009,0.1821,-0.177383,0.0014416540783631154
203,plts_bel68,1,68,solar,0.0,0.0,0.0,0.0
204,batt_bel68,1,68,battery,0.03284154499999996,0.0,0.03284154499999996,0.02157533346000325
205,pltd_bel69,1,69,diesel,0.0,0.3444,-0.3444,0.0
206,plts_bel69,1,69,solar,0.0,0.0,0.0,0.0
207,batt_bel69,1,69,battery,0.008733210571923703,0.0,0.008733210571923703,0.0038320708347517824
208,pltd_bel70,1,70,diesel,0.004415592000000003,0.0632,-0.058784408,0.0022745077000059393
209,plts_bel70,1,70,solar,0.0789537272522156,0.0,0.0789537272522156,0.12395822027697823
210,batt_bel70,1,70,battery,0.036802,0.0,0.036802,0.05634137945417
211,pltd_bel71,1,71,diesel,0.003847000000000018,0.1485,-0.14465299999999998,0.0009329623996309591
212,plts_bel71,1,71,solar,0.0,0.0,0.0,0.0
213,batt_bel71,1,71,battery,0.006535873999999996,0.0,0.006535873999999996,0.0025388223472307993
214,pltd_bel72,1,72,diesel,0.003150260000000002,0.1288,-0.12564974,0.0005235454652380969
215,plts_bel72,1,72,solar,0.0,0.0,0.0,0.0
216,batt_bel72,1,72,battery,0.002927000000000027,0.0,0.002927000000000027,0.0015987452128857222
217,pltd_bel73,1,73,diesel,0.006893070000000112,0.0986,-0.09170692999999988,0.003227811649637299
218,plts_bel73,1,73,solar,0.009359199339087522,0.0,0.009359199339087522,0.014553985495450688
219,batt_bel73,1,73,battery,0.03672484126888059,0.0,0.03672484126888059,0.047179436169801366
220,pltd_bel74,1,74,diesel,0.0,0.7113,-0.7113,0.0
221,plts_bel74,1,74,solar,0.0,0.0,0.0,0.0
222,batt_bel74,1,74,battery,0.03330299999999975,0.0,0.03330299999999975,0.01405909837705703
223,pltd_bel75,1,75,diesel,0.0037377600000000066,0.1528,-0.14906223999999998,0.0005476862300000001
224,plts_bel75,1,75,solar,0.0,0.0,0.0,0.0
225,batt_bel75,1,75,battery,0.003473000000000004,0.0,0.003473000000000004,0.0019258617858476232
226,pltd_bel76,1,76,diesel,0.004803015999999993,0.0687,-0.063896984,0.0023046731646511436
227,plts_bel76,1,76,solar,0.05098137470482965,0.0,0.05098137470482965,0.08068516286285159
228,batt_bel76,1,76,battery,0.034350000000000006,0.0,0.034350000000000006,0.04722717191794269
229,pltd_bel77,1,77,diesel,0.0,0.3149,-0.3149,0.0
230,plts_bel77,1,77,solar,0.0,0.0,0.0,0.0
231,batt_bel77,1,77,battery,0.011922420927209743,0.0,0.011922420927209743,0.00495677351938521
232,pltd_bel78,1,78,diesel,0.006979607999999998,0.0998,-0.092820392,0.003263225293745705
233,plts_bel78,1,78,solar,0.018368945580668053,0.0,0.018368945580668053,0.0287864797654683
234,batt_bel78,1,78,battery,0.04045079727955486,0.0,0.04045079727955486,0.0527337118074518
235,pltd_bel79,1,79,diesel,0.0046319370000000165,0.0662,-0.06156806299999998,0.0020418263975977386
236,plts_bel79,1,79,solar,0.006314718656752876,0.0,0.006314718656752876,0.009970647124595245
237,batt_bel79,1,79,battery,0.02467636291097928,0.0,0.02467636291097928,0.03165615028263652
238,pltd_bel80,1,80,diesel,0.002638108,0.1078,-0.105161892,0.0004902923990714282
239,plts_bel80,1,80,solar,0.0,0.0,0.0,0.0
240,batt_bel80,1,80,battery,0.0024505000000000082,0.0,0.0024505000000000082,0.0013588610153238126
241,pltd_bel81,1,81,diesel,0.003459517542461016,0.1673,-0.163840482457539,0.0005248093994473687
242,plts_bel81,1,81,solar,0.0,0.0,0.0,0.0
243,batt_bel81,1,81,battery,0.004118284228769503,0.0,0.004118284228769503,0.002020358349158209
244,pltd_kup82,1,82,diesel,0.0,0.6676,-0.6676,0.0
245,plts_kup82,1,82,solar,0.0,0.0,0.0,0.0
246,batt_kup82,1,82,battery,0.031256000000000034,0.0,0.031256000000000034,0.01621381364510479
247,pltd_kup83,1,83,diesel,0.0,0.3666,-0.3666,0.0
248,plts_kup83,1,83,solar,0.0,0.0,0.0,0.0
249,batt_kup83,1,83,battery,0.009999000000000329,0.0,0.009999000000000329,0.005277661567951569
250,pltd_kup84,1,84,diesel,0.0,0.4831,-0.4831,0.0
251,plts_kup84,1,84,solar,0.0,0.0,0.0,0.0
252,batt_kup84,1,84,battery,0.012248700173310256,0.0,0.012248700173310256,0.00645580399624495
253,pltd_kup85,1,85,diesel,0.002399148325609071,0.0739,-0.07150085167439092,0.000912666101702148
254,plts_kup85,1,85,solar,0.0,0.0,0.0,0.0
255,batt_kup85,1,85,battery,0.01773507783719547,0.0,0.01773507783719547,0.015500033178847315
256,pltd_kup86,1,86,diesel,0.0,0.468,-0.468,0.0
257,plts_kup86,1,86,solar,0.0,0.0,0.0,0.0
258,batt_kup86,1,86,battery,0.011865792894280747,0.0,0.011865792894280747,0.00625398875812392
259,pltd_kup87,1,87,diesel,0.0,0.4279,-0.4279,0.0
260,plts_kup87,1,87,solar,0.0,0.0,0.0,0.0
261,batt_kup87,1,87,battery,0.010545900178253229,0.0,0.010545900178253229,0.005237089313576979
262,pltd_kup88,1,88,diesel,0.004090543715771222,0.1978,-0.19370945628422878,0.0006206051680991566
263,plts_kup88,1,88,solar,0.0,0.0,0.0,0.0
264,batt_kup88,1,88,battery,0.004868934142114408,0.0,0.004868934142114408,0.0026034982407464784
265,pltd_kup89,1,89,diesel,0.0,0.9427,-0.9427,0.0
266,plts_kup89,1,89,solar,0.0,0.0,0.0,0.0
267,batt_kup89,1,89,battery,0.05214555765595471,0.0,0.05214555765595471,0.026917443000000058
268,pltd_kup90,1,90,diesel,0.0,0.3022,-0.3022,0.0
269,plts_kup90,1,90,solar,0.0,0.0,0.0,0.0
270,batt_kup90,1,90,battery,0.011904246100519928,0.0,0.011904246100519928,0.0050431693755589434
271,pltd_kup91,1,91,diesel,0.0,0.2862,-0.2862,0.0
272,plts_kup91,1,91,solar,0.0,0.0,0.0,0.0
273,batt_kup91,1,91,battery,0.011273288561525097,0.0,0.011273288561525097,0.004869656237576504
274,pltd_kup92,1,92,diesel,0.0043653900000000245,0.2412,-0.23683460999999997,0.00042900350535714514
275,plts_kup92,1,92,solar,0.0,0.0,0.0,0.0
276,batt_kup92,1,92,battery,0.006249999999999978,0.0,0.006249999999999978,0.0029174274999999904
277,pltd_kup93,1,93,diesel,0.0,1.0783,-1.0783,0.0
278,plts_kup93,1,93,solar,0.0,0.0,0.0,0.0
279,batt_kup93,1,93,battery,0.5111439999999999,0.0,0.5111439999999999,0.39677807296501083
280,pltd_kup94,1,94,diesel,0.0038731839999999744,0.1583,-0.15442681600000002,0.0004914300559999968
281,plts_kup94,1,94,solar,0.0,0.0,0.0,0.0
282,batt_kup94,1,94,battery,0.0035990000000000184,0.0,0.0035990000000000184,0.001995731807447626
283,pltd_kup95,1,95,diesel,0.0012961520000000018,0.053,-0.051703848,0.00024090582223809564
284,plts_kup95,1,95,solar,0.0,0.0,0.0,0.0
285,batt_kup95,1,95,battery,0.0012040000000000037,0.0,0.0012040000000000037,0.0006394200562666684
286,pltd_kup96,1,96,diesel,0.0037906899999999993,0.0542,-0.05040931,0.0017221755811255655
287,plts_kup96,1,96,solar,0.010642881112926378,0.0,0.010642881112926378,0.01788066287826141
288,batt_kup96,1,96,battery,0.021995644907026317,0.0,0.021995644907026317,0.028215558983338378
289,pltd_kup97,1,97,diesel,0.002471148999999992,0.101,-0.09852885100000001,0.0003863903600297601
290,plts_kup97,1,97,solar,0.0,0.0,0.0,0.0
291,batt_kup97,1,97,battery,0.002296500000000007,0.0,0.002296500000000007,0.001152300151142856
292,pltd_kup98,1,98,diesel,0.0012818799999998742,0.0524,-0.05111812000000013,0.0007626692609713901
293,plts_kup98,1,98,solar,0.07681377576950467,0.0,0.07681377576950467,0.12938527753370518
294,batt_kup98,1,98,battery,0.03451583936739403,0.0,0.03451583936739403,0.051742490297609786
295,pltd_kup99,1,99,diesel,0.0013643610000000084,0.0558,-0.054435638999999994,0.00022674004569047778
296,plts_kup99,1,99,solar,0.0,0.0,0.0,0.0
297,batt_kup99,1,99,battery,0.0012674999999999978,0.0,0.0012674999999999978,0.000673143622357143
298,pltd_kup100,1,100,diesel,0.004072253999999997,0.2249,-0.220827746,0.0005602742794999996
299,plts_kup100,1,100,solar,0.0,0.0,0.0,0.0
300,batt_kup100,1,100,battery,0.005825999999999998,0.0,0.005825999999999998,0.002885748615276188
301,pltd_kup101,1,101,diesel,0.008400494000000005,0.1201,-0.11169950599999999,0.004226059354157592
302,plts_kup101,1,101,solar,0.16466610708766632,0.0,0.16466610708766632,0.2759334656384089
303,batt_kup101,1,101,battery,0.07254212465592023,0.0,0.07254212465592023,0.11356666408540288
304,pltd_kup102,1,102,diesel,0.010253066999999977,0.1466,-0.13634693300000003,0.004461621279505952
305,plts_kup102,1,102,solar,0.0165335012658607,0.0,0.0165335012658607,0.027482754611922525
306,batt_kup102,1,102,battery,0.054752295932948794,0.0,0.054752295932948794,0.06909248356341818
307,pltd_kup103,1,103,diesel,0.004622000000000015,0.1784,-0.173778,0.0014963513252797605
308,plts_kup103,1,103,solar,0.0,0.0,0.0,0.0
309,batt_kup103,1,103,battery,0.03217293099999999,0.0,0.03217293099999999,0.020888625884560457
310,pltd_kup104,1,104,diesel,0.005426999999999953,0.2095,-0.20407300000000003,0.0016588020277499753
311,plts_kup104,1,104,solar,0.0,0.0,0.0,0.0
312,batt_kup104,1,104,battery,0.03778652600000005,0.0,0.03778652600000005,0.02453334135467959
313,pltd_kup105,1,105,diesel,0.0029384939999999617,0.1201,-0.11716150600000004,0.0017840215088220529
314,plts_kup105,1,105,solar,0.1766362272931045,0.0,0.1766362272931045,0.2968365617392663
315,batt_kup105,1,105,battery,0.07918293442685818,0.0,0.07918293442685818,0.11862236068696194
316,pltd_kup106,1,106,diesel,0.001921323000000058,0.0786,-0.07667867699999995,0.0011219574752285918
317,plts_kup106,1,106,solar,0.11674214751918956,0.0,0.11674214751918956,0.19559674011142766
318,batt_kup106,1,106,battery,0.05178831848512444,0.0,0.05178831848512444,0.0775900463221441
319,pltd_kup107,1,107,diesel,0.005600993999999998,0.0801,-0.074499006,0.0026948132700880772
320,plts_kup107,1,107,solar,0.06048100209331978,0.0,0.06048100209331978,0.10171096170133787
321,batt_kup107,1,107,battery,0.04004899999999999,0.0,0.04004899999999999,0.05487733658814849
322,pltd_kup108,1,108,diesel,0.0027888010000000074,0.114,-0.111211199,0.00043603612657738215
323,plts_kup108,1,108,solar,0.0,0.0,0.0,0.0
324,batt_kup108,1,108,battery,0.0025904999999999956,0.0,0.0025904999999999956,0.00142276751052857
325,pltd_kup109,1,109,diesel,0.009261877000000002,0.1325,-0.123238123,0.003923259085362649
326,plts_kup109,1,109,solar,0.0,0.0,0.0,0.0
327,batt_kup109,1,109,battery,0.041019395840436415,0.0,0.041019395840436415,0.04746503411984314
328,pltd_kup110,1,110,diesel,0.006418111000000178,0.0918,-0.08538188899999982,0.003390652374336671
329,plts_kup110,1,110,solar,0.12878018220814247,0.0,0.12878018220814247,0.21507500962472567
330,batt_kup110,1,110,battery,0.056221550903602924,0.0,0.056221550903602924,0.08908933852217385
331,pltd_kup111,1,111,diesel,0.004126999999999992,0.1593,-0.155173,0.0011227481778690492
332,plts_kup111,1,111,solar,0.0,0.0,0.0,0.0
333,batt_kup111,1,111,battery,0.007009585999999984,0.0,0.007009585999999984,0.0026168038920104135
334,pltd_kup112,1,112,diesel,0.0043181240000000065,0.1765,-0.17218187599999998,0.0005478223195714299
335,plts_kup112,1,112,solar,0.0,0.0,0.0,0.0
336,batt_kup112,1,112,battery,0.004011999999999988,0.0,0.004011999999999988,0.0021974348725714203
337,pltd_kup113,1,113,diesel,0.004588773000000019,0.2535,-0.24891122699999998,0.0005411474445000023
338,plts_kup113,1,113,solar,0.0,0.0,0.0,0.0
339,batt_kup113,1,113,battery,0.0065689999999999915,0.0,0.0065689999999999915,0.0033916418551714245
340,pltd_kup114,1,114,diesel,0.003288000000000027,0.1269,-0.12361199999999999,0.0007003205140535864
341,plts_kup114,1,114,solar,0.0,0.0,0.0,0.0
342,batt_kup114,1,114,battery,0.005586452999999991,0.0,0.005586452999999991,0.0021700252664225957
343,pltd_kup115,1,115,diesel,0.0033119999999999955,0.1279,-0.12458800000000002,0.0007380583949166655
344,plts_kup115,1,115,solar,0.0,0.0,0.0,0.0
345,batt_kup115,1,115,battery,0.0056268579999999985,0.0,0.0056268579999999985,0.002100606785363637
346,pltd_kup116,1,116,diesel,0.0033920000000000165,0.1309,-0.12750799999999998,0.0011595381256607256
347,plts_kup116,1,116,solar,0.0,0.0,0.0,0.0
348,batt_kup116,1,116,battery,0.023617202999999993,0.0,0.023617202999999993,0.015319127218297007
349,pltd_kup117,1,117,diesel,0.004702988000000019,0.1922,-0.187497012,0.0006891532656666691
350,plts_kup117,1,117,solar,0.0,0.0,0.0,0.0
351,batt_kup117,1,117,battery,0.004368999999999984,0.0,0.004368999999999984,0.0022582920771238037
352,pltd_kup118,1,118,diesel,0.0033467599999999903,0.1368,-0.13345324000000003,0.0003917475110714277
353,plts_kup118,1,118,solar,0.0,0.0,0.0,0.0
354,batt_kup118,1,118,battery,0.0031085,0.0,0.0031085,0.0015597322098095234
355,pltd_kup119,1,119,diesel,0.0029860000000000034,0.1152,-0.112214,0.0006658983353750039
356,plts_kup119,1,119,solar,0.0,0.0,0.0,0.0
357,batt_kup119,1,119,battery,0.018267339000000007,0.0,0.018267339000000007,0.01178305493755524
358,pltd_kup120,1,120,diesel,0.009693567000000014,0.1386,-0.128906433,0.00416612415390187
359,plts_kup120,1,120,solar,0.0,0.0,0.0,0.0
360,batt_kup120,1,120,battery,0.04292736276849643,0.0,0.04292736276849643,0.04967281133840493
361,pltd_kup121,1,121,diesel,0.004957000000000017,0.1913,-0.18634299999999998,0.0011048778938750115
362,plts_kup121,1,121,solar,0.0,0.0,0.0,0.0
363,batt_kup121,1,121,battery,0.00841958299999998,0.0,0.00841958299999998,0.003270538182768591
364,pltd_kup122,1,122,diesel,0.0037119999999999918,0.1433,-0.13958800000000002,0.000827501755249995
365,plts_kup122,1,122,solar,0.0,0.0,0.0,0.0
366,batt_kup122,1,122,battery,0.02271358600000002,0.0,0.02271358600000002,0.014650988248853596
367,pltd_kup123,1,123,diesel,0.003278548000000006,0.134,-0.13072145200000002,0.0004803788123333337
368,plts_kup123,1,123,solar,0.0,0.0,0.0,0.0
369,batt_kup123,1,123,battery,0.003046000000000007,0.0,0.003046000000000007,0.0016890800459809544
370,pltd_kup124,1,124,diesel,0.003632000000000006,0.1402,-0.136568,0.0007025337626011845
371,plts_kup124,1,124,solar,0.0,0.0,0.0,0.0
372,batt_kup124,1,124,battery,0.006169241000000009,0.0,0.006169241000000009,0.0023964058848522027
373,pltd_kup125,1,125,diesel,0.004778332999999996,0.1953,-0.190521667,0.0007470971056249999
374,plts_kup125,1,125,solar,0.0,0.0,0.0,0.0
375,batt_kup125,1,125,battery,0.0044389999999999985,0.0,0.0044389999999999985,0.0022575512348285663
376,pltd_kup126,1,126,diesel,0.003879999999999987,0.1497,-0.14582,0.0012563742163988186
377,plts_kup126,1,126,solar,0.0,0.0,0.0,0.0
378,batt_kup126,1,126,battery,0.027004414999999997,0.0,0.027004414999999997,0.017516292676683146
379,pltd_kup127,1,127,diesel,0.0063239250000000635,0.2585,-0.25217607499999994,0.0007401705709821506
380,plts_kup127,1,127,solar,0.0,0.0,0.0,0.0
381,batt_kup127,1,127,battery,0.005873999999999963,0.0,0.005873999999999963,0.003053944850628565
382,pltd_kup128,1,128,diesel,0.005463582999999966,0.2234,-0.21793641700000002,0.0007468817287440413
383,plts_kup128,1,128,solar,0.0,0.0,0.0,0.0
384,batt_kup128,1,128,battery,0.0050765000000000116,0.0,0.0050765000000000116,0.0027804780983571426
385,pltd_kup129,1,129,diesel,0.00475493099999999,0.1944,-0.189645069,0.0005565269517321403
386,plts_kup129,1,129,solar,0.0,0.0,0.0,0.0
387,batt_kup129,1,129,battery,0.0044179999999999775,0.0,0.0044179999999999775,0.0024198073945714245
388,pltd_kup130,1,130,diesel,0.01089910500000002,0.1559,-0.145000895,0.0046685157663392965
389,plts_kup130,1,130,solar,0.002345931038496843,0.0,0.002345931038496843,0.003912530883384325
390,batt_kup130,1,130,battery,0.04960000000000006,0.0,0.04960000000000006,0.05773751279737125
391,pltd_kup131,1,131,diesel,0.004415873999999945,0.1805,-0.17608412600000006,0.0014184703886785575
392,plts_kup131,1,131,solar,0.0,0.0,0.0,0.0
393,batt_kup131,1,131,battery,0.04455067201039867,0.0,0.04455067201039867,0.03808727113518197
394,pltd_kup132,1,132,diesel,0.0036033360000000125,0.1473,-0.14369666399999997,0.0011872105142857175
395,plts_kup132,1,132,solar,0.0,0.0,0.0,0.0
396,batt_kup132,1,132,battery,0.030120999999999995,0.0,0.030120999999999995,0.022398837379152388
397,pltd_kup133,1,133,diesel,0.002999569999999986,0.1226,-0.11960043000000001,0.0012827167058558717
398,plts_kup133,1,133,solar,0.17456930982311716,0.0,0.17456930982311716,0.29730087408684375
399,batt_kup133,1,133,battery,0.07975159671317181,0.0,0.07975159671317181,0.11805444361009297
400,pltd_kup134,1,134,diesel,0.004687719000000007,0.1916,-0.18691228099999999,0.0006408469220059532
401,plts_kup134,1,134,solar,0.0,0.0,0.0,0.0
402,batt_kup134,1,134,battery,0.004354999999999998,0.0,0.004354999999999998,0.002385301313571428
403,pltd_kup135,1,135,diesel,0.006956232000000007,0.2844,-0.277443768,0.0008141990229285708
404,plts_kup135,1,135,solar,0.0,0.0,0.0,0.0
405,batt_kup135,1,135,battery,0.006462499999999982,0.0,0.006462499999999982,0.0031069460897618965
406,pltd_kup136,1,136,diesel,0.009693567000000028,0.1386,-0.128906433,0.004056954988726201
407,plts_kup136,1,136,solar,0.0020371085664477274,0.0,0.0020371085664477274,0.0034783761184151835
408,batt_kup136,1,136,battery,0.04411000000000001,0.0,0.04411000000000001,0.05134695984090784
409,pltd_kup137,1,137,diesel,0.004286784999999994,0.0613,-0.057013215000000006,0.0018449905817559524
410,plts_kup137,1,137,solar,0.006963548184983158,0.0,0.006963548184983158,0.011490495151655261
411,batt_kup137,1,137,battery,0.02288974387791079,0.0,0.02288974387791079,0.028884950393677267
412,pltd_kup138,1,138,diesel,0.0011208446933333234,0.0591,-0.057979155306666676,0.0011565716179333218
413,plts_kup138,1,138,solar,0.16791499682745367,0.0,0.16791499682745367,0.2616541114634614
414,batt_kup138,1,138,battery,0.06798656263993609,0.0,0.06798656263993609,0.1277913822670951
415,pltd_kup139,1,139,diesel,0.01441004500000001,0.2061,-0.191689955,0.007103222302658677
416,plts_kup139,1,139,solar,0.28470111353317334,0.0,0.28470111353317334,0.466925342405092
417,batt_kup139,1,139,battery,0.12437885227711866,0.0,0.12437885227711866,0.19522194600434373
418,pltd_kup140,1,140,diesel,0.0007530730666666638,0.0397,-0.038946926933333334,0.0007770772706666644
419,plts_kup140,1,140,solar,0.11022503419242219,0.0,0.11022503419242219,0.17579887358240226
420,batt_kup140,1,140,battery,0.04567904301887256,0.0,0.04567904301887256,0.08585889141778148
421,pltd_kup141,1,141,diesel,0.0016813516799999836,0.0887,-0.08701864832000002,0.0017349447647999879
422,plts_kup141,1,141,solar,0.2632967072449696,0.0,0.2632967072449696,0.3924799712021612
423,batt_kup141,1,141,battery,0.10199012309370344,0.0,0.10199012309370344,0.1916882513157711
424,pltd_kup142,1,142,diesel,0.008508165000000012,0.1217,-0.11319183499999999,0.005644132920948751
425,plts_kup142,1,142,solar,0.21047991653625456,0.0,0.21047991653625456,0.3093980052712569
426,batt_kup142,1,142,battery,0.08002699999999999,0.0,0.08002699999999999,0.1369446239863792
427,pltd_kup143,1,143,diesel,0.003858911999999985,0.1577,-0.15384108800000001,0.002307594932438084
428,plts_kup143,1,143,solar,0.2381721636167476,0.0,0.2381721636167476,0.3927191034356099
429,batt_kup143,1,143,battery,0.10398225246274115,0.0,0.10398225246274115,0.15578877631717472
430,pltd_kup144,1,144,diesel,0.0017066281173333227,0.1183,-0.11659337188266668,0.001728563807038078
431,plts_kup144,1,144,solar,0.3267923792743762,0.0,0.3267923792743762,0.5203617149423864
432,batt_kup144,1,144,battery,0.1353194843302221,0.0,0.1353194843302221,0.25150666614632367
433,pltd_kup145,1,145,diesel,0.0017365176929523575,0.1205,-0.11876348230704764,0.001759063653250314
434,plts_kup145,1,145,solar,0.3218515424453948,0.0,0.3218515424453948,0.5299031166433978
435,batt_kup145,1,145,battery,0.1377977955283557,0.0,0.1377977955283557,0.2561189286963319
436,pltd_kup146,1,146,diesel,0.0020082734933333543,0.106,-0.10399172650666665,0.0020722872109333493
437,plts_kup146,1,146,solar,0.29119320387277026,0.0,0.29119320387277026,0.4687958149893725
438,batt_kup146,1,146,battery,0.12182684290612421,0.0,0.12182684290612421,0.22896044528692963
439,pltd_kup147,1,147,diesel,0.0008758841600000039,0.0462,-0.04532411583999999,0.0009038029676000056
440,plts_kup147,1,147,solar,0.1304523734984483,0.0,0.1304523734984483,0.20441575240019932
441,batt_kup147,1,147,battery,0.05311571941468511,0.0,0.05311571941468511,0.09983534036136182
442,pltd_kup148,1,148,diesel,0.000834675306666663,0.0441,-0.043265324693333336,0.0008612805820666626
443,plts_kup148,1,148,solar,0.12285153379682599,0.0,0.12285153379682599,0.19487845373908072
444,batt_kup148,1,148,battery,0.05064208052332543,0.0,0.05064208052332543,0.0951783988126262
445,pltd_kup149,1,149,diesel,0.0016522362666666556,0.0872,-0.08554776373333334,0.0017049012976666526
446,plts_kup149,1,149,solar,0.25965271941767537,0.0,0.25965271941767537,0.38566395602686254
447,batt_kup149,1,149,battery,0.10021990488253876,0.0,0.10021990488253876,0.1883486980981853
448,pltd_kup150,1,150,diesel,0.026373577647434768,0.1676,-0.14122642235256522,0.018318934341811786
449,plts_kup150,1,150,solar,0.2153413774442856,0.0,0.2153413774442856,0.32742236524717555
450,batt_kup150,1,150,battery,0.08437564135256524,0.0,0.08437564135256524,0.14276199766090503
451,pltd_kup151,1,151,diesel,0.0027309999999999973,0.1001,-0.097369,0.0025010586249999966
452,plts_kup151,1,151,solar,0.24000834445927904,0.0,0.24000834445927904,0.3675648592640189
453,batt_kup151,1,151,battery,0.08051699949213231,0.0,0.08051699949213231,0.16211048914908344
454,pltd_kup152,1,152,diesel,0.0036624149999999467,0.1497,-0.14603758500000005,0.00042872504651784993
455,plts_kup152,1,152,solar,0.0,0.0,0.0,0.0
456,batt_kup152,1,152,battery,0.003403000000000017,0.0,0.003403000000000017,0.0017872822082190523
457,pltd_kup153,1,153,diesel,0.004372322999999997,0.0625,-0.058127677,0.0019675056504702415
458,plts_kup153,1,153,solar,0.0071027536543214476,0.0,0.0071027536543214476,0.011720196982966613
459,batt_kup153,1,153,battery,0.023350335827103684,0.0,0.023350335827103684,0.029466050992582645
460,pltd_kup154,1,154,diesel,0.007129551000000112,0.102,-0.09487044899999988,0.003976679841617991
461,plts_kup154,1,154,solar,0.14743218883003417,0.0,0.14743218883003417,0.2355168769362372
462,batt_kup154,1,154,battery,0.06241605900938563,0.0,0.06241605900938563,0.09908150861466501
463,pltd_kup155,1,155,diesel,0.008723513000000183,0.1248,-0.11607648699999981,0.0047840387333901845
464,plts_kup155,1,155,solar,0.18090903794398008,0.0,0.18090903794398008,0.27662041174054636
465,batt_kup155,1,155,battery,0.07626193428039511,0.0,0.07626193428039511,0.1213937629744037
466,pltd_kup156,1,156,diesel,0.002399563636251882,0.0798,-0.07740043636374812,0.0022163927953400015
467,plts_kup156,1,156,solar,0.1956073702680292,0.0,0.1956073702680292,0.29560371621906345
468,batt_kup156,1,156,battery,0.06608024620946362,0.0,0.06608024620946362,0.13354804847445256
469,pltd_kup157,1,157,diesel,0.011136585999999976,0.1593,-0.14816341400000002,0.005307083849818038
470,plts_kup157,1,157,solar,0.1180061241081242,0.0,0.1180061241081242,0.18705410345851833
471,batt_kup157,1,157,battery,0.07963600000000001,0.0,0.07963600000000001,0.10993732608559642
472,pltd_kup158,1,158,diesel,0.0015763370666666762,0.0832,-0.08162366293333331,0.001626582810666676
473,plts_kup158,1,158,solar,0.22245850245758808,0.0,0.22245850245758808,0.3679503128715249
474,batt_kup158,1,158,battery,0.0956211719296028,0.0,0.0956211719296028,0.179706132491363
475,pltd_kup159,1,159,diesel,0.0013660771200000004,0.0721,-0.07073392288,0.0014096208281999985
476,plts_kup159,1,159,solar,0.20371493434707566,0.0,0.20371493434707566,0.3188895257482144
477,batt_kup159,1,159,battery,0.08286209633042757,0.0,0.08286209633042757,0.15574253660640133
478,pltd_kup160,1,160,diesel,0.004295718999999962,0.1756,-0.17130428100000006,0.0024778007717976033
479,plts_kup160,1,160,solar,0.25155270602567054,0.0,0.25155270602567054,0.43721294157685964
480,batt_kup160,1,160,battery,0.11576110569922723,0.0,0.11576110569922723,0.1734385432459075
481,pltd_kup161,1,161,diesel,0.004040142999999961,0.1651,-0.16105985700000003,0.0024315914388893284
482,plts_kup161,1,161,solar,0.24578240445689672,0.0,0.24578240445689672,0.40798576493101235
483,batt_kup161,1,161,battery,0.10882835834342068,0.0,0.10882835834342068,0.16310344882403796
484,pltd_kup162,1,162,diesel,0.002670965122438071,0.1165,-0.11382903487756194,0.002429299780001205
485,plts_kup162,1,162,solar,0.2654620805024714,0.0,0.2654620805024714,0.42881257896718417
486,batt_kup162,1,162,battery,0.09364815630613338,0.0,0.09364815630613338,0.18620429805033567
487,pltd_kup163,1,163,diesel,0.0018741279999999934,0.0989,-0.09702587200000001,0.0019338658299999946
488,plts_kup163,1,163,solar,0.2741596830767954,0.0,0.2741596830767954,0.4374498530137056
489,batt_kup163,1,163,battery,0.11367647371930797,0.0,0.11367647371930797,0.21363709571210063
490,pltd_kup164,1,164,diesel,0.0016697763200000106,0.0881,-0.08643022367999999,0.0017230004402000055
491,plts_kup164,1,164,solar,0.24902483970118255,0.0,0.24902483970118255,0.3897526468066412
492,batt_kup164,1,164,battery,0.10127472810002641,0.0,0.10127472810002641,0.19034917706549467
493,pltd_kup165,1,165,diesel,0.0018916680533333393,0.0998,-0.09790833194666666,0.0019519649725333408
494,plts_kup165,1,165,solar,0.2810763168066459,0.0,0.2810763168066459,0.44153860310490994
495,batt_kup165,1,165,battery,0.11473921086440839,0.0,0.11473921086440839,0.2156379015100803
496,pltd_kup166,1,166,diesel,0.0018391197866666562,0.097,-0.09516088021333334,0.0018977417298666594
497,plts_kup166,1,166,solar,0.2679439712474438,0.0,0.2679439712474438,0.4292730140142315
498,batt_kup166,1,166,battery,0.11153962586795912,0.0,0.11153962586795912,0.2096520991311097
499,pltd_kup167,1,167,diesel,0.0011032841600000013,0.0582,-0.05709671584,0.0011384513425999993
500,plts_kup167,1,167,solar,0.15508645233862225,0.0,0.15508645233862225,0.257563300760753
501,batt_kup167,1,167,battery,0.06692752406640505,0.0,0.06692752406640505,0.12578916170102858
502,pltd_kup168,1,168,diesel,0.002026023786666653,0.1069,-0.10487397621333334,0.002090603294866654
503,plts_kup168,1,168,solar,0.3023859237749578,0.0,0.3023859237749578,0.47288293580264373
504,batt_kup168,1,168,battery,0.12286987754918521,0.0,0.12286987754918521,0.23095069907855587
505,pltd_kup169,1,169,diesel,0.0,0.3466,-0.3466,0.0
506,plts_kup169,1,169,solar,0.0,0.0,0.0,0.0
507,batt_kup169,1,169,battery,0.008787911611784974,0.0,0.008787911611784974,0.004631759623411264
508,pltd_kup170,1,170,diesel,0.004627716000000005,0.2557,-0.251072284,0.0005457399368571432
509,plts_kup170,1,170,solar,0.0,0.0,0.0,0.0
510,batt_kup170,1,170,battery,0.006624999999999992,0.0,0.006624999999999992,0.003324534064285711
511,pltd_kup171,1,171,diesel,0.005516526000000022,0.2255,-0.21998347399999998,0.0006457354445595277
512,plts_kup171,1,171,solar,0.0,0.0,0.0,0.0
513,batt_kup171,1,171,battery,0.005125000000000018,0.0,0.005125000000000018,0.0027343192857142914
514,pltd_kup172,1,172,diesel,0.006719994000000014,0.0961,-0.08938000599999998,0.0032710971330357193
515,plts_kup172,1,172,solar,0.12917706964520365,0.0,0.12917706964520365,0.210273206786301
516,batt_kup172,1,172,battery,0.05679799999999998,0.0,0.05679799999999998,0.08695133365934805
517,pltd_kup173,1,173,diesel,0.0,0.1827,-0.1827,0.0
518,plts_kup173,1,173,solar,0.0,0.0,0.0,0.0
519,batt_kup173,1,173,battery,0.004982000000000024,0.0,0.004982000000000024,0.002629654507058923
520,pltd_kup174,1,174,diesel,0.003746165530329304,0.1811,-0.1773538344696707,0.0004578435784428105
521,plts_kup174,1,174,solar,0.0,0.0,0.0,0.0
522,batt_kup174,1,174,battery,0.004459488734835343,0.0,0.004459488734835343,0.002255202909063711
523,pltd_kup175,1,175,diesel,0.003685817000000008,0.1506,-0.146914183,0.0005038706653035718
524,plts_kup175,1,175,solar,0.0,0.0,0.0,0.0
525,batt_kup175,1,175,battery,0.003423499999999996,0.0,0.003423499999999996,0.001746264064157142
526,pltd_kup176,1,176,diesel,0.0025140000000000023,0.097,-0.094486,0.0005851799735892835
527,plts_kup176,1,176,solar,0.0,0.0,0.0,0.0
528,batt_kup176,1,176,battery,0.004270399000000008,0.0,0.004270399000000008,0.001594216366506869
529,pltd_kup177,1,177,diesel,0.006594651154246178,0.3189,-0.31230534884575384,0.0006115929161771189
530,plts_kup177,1,177,solar,0.0,0.0,0.0,0.0
531,batt_kup177,1,177,battery,0.007849328422876944,0.0,0.007849328422876944,0.003967051332477104
532,pltd_kup178,1,178,diesel,0.003144999999999995,0.1214,-0.118255,0.0007320796760952335
533,plts_kup178,1,178,solar,0.0,0.0,0.0,0.0
534,batt_kup178,1,178,battery,0.019245032000000023,0.0,0.019245032000000023,0.012413941154452521
535,pltd_kup179,1,179,diesel,0.007280494000000054,0.1041,-0.09681950599999994,0.0039891840843105045
536,plts_kup179,1,179,solar,0.15066804954401108,0.0,0.15066804954401108,0.24049355332323372
537,batt_kup179,1,179,battery,0.06373509847011749,0.0,0.06373509847011749,0.10121620859405925
538,pltd_kup180,1,180,diesel,0.009305145999999972,0.1331,-0.12379485400000002,0.004635116794875541
539,plts_kup180,1,180,solar,0.17828743022272273,0.0,0.17828743022272273,0.2872666916709428
540,batt_kup180,1,180,battery,0.0801844270475985,0.0,0.0801844270475985,0.12631359416775623
541,pltd_kup181,1,181,diesel,0.008766782000000119,0.1254,-0.1166332179999999,0.004556755600010872
542,plts_kup181,1,181,solar,0.18001895805972187,0.0,0.18001895805972187,0.28960981923357076
543,batt_kup181,1,181,battery,0.07674746610139449,0.0,0.07674746610139449,0.12200023170689973
544,pltd_kup182,1,182,diesel,0.005730999999999986,0.2212,-0.21546900000000002,0.0017516016230952225
545,plts_kup182,1,182,solar,0.0,0.0,0.0,0.0
546,batt_kup182,1,182,battery,0.03989764000000001,0.0,0.03989764000000001,0.026377168333001626
547,pltd_kup183,1,183,diesel,0.011136585999999976,0.1593,-0.14816341400000002,0.005977329959834772
548,plts_kup183,1,183,solar,0.22297037298310907,0.0,0.22297037298310907,0.36791349027782994
549,batt_kup183,1,183,battery,0.09749068788029845,0.0,0.09749068788029845,0.15496002360705688
550,pltd_kup184,1,184,diesel,0.006290301000000411,0.09,-0.08370969899999958,0.0034157725032679448
551,plts_kup184,1,184,solar,0.1292979628609293,0.0,0.1292979628609293,0.20777051274576294
552,batt_kup184,1,184,battery,0.05506231462533295,0.0,0.05506231462533295,0.08752169606032598
553,pltd_kup185,1,185,diesel,0.004763064000000039,0.1947,-0.18993693599999997,0.000557474930380957
554,plts_kup185,1,185,solar,0.0,0.0,0.0,0.0
555,batt_kup185,1,185,battery,0.0044249999999999845,0.0,0.0044249999999999845,0.002423641403571426
556,pltd_kup186,1,186,diesel,0.00779672499999997,0.1115,-0.10370327500000004,0.0036564010306988277
557,plts_kup186,1,186,solar,0.021004146144797592,0.0,0.021004146144797592,0.0321633234272633
558,batt_kup186,1,186,battery,0.04519570052408363,0.0,0.04519570052408363,0.058901553121328346
559,pltd_kup187,1,187,diesel,0.004803015999999986,0.0687,-0.06389698400000002,0.002590996652052051
560,plts_kup187,1,187,solar,0.10045164748826159,0.0,0.10045164748826159,0.15867814359988983
561,batt_kup187,1,187,battery,0.042050559073872895,0.0,0.042050559073872895,0.06671401170527207
562,pltd_kup188,1,188,diesel,0.0,1.0721,-1.0721,0.0
563,plts_kup188,1,188,solar,0.0,0.0,0.0,0.0
564,batt_kup188,1,188,battery,0.5082249999999999,0.0,0.5082249999999999,0.38951109628545877
565,pltd_kup189,1,189,diesel,0.0,0.9883,-0.9883,0.0
566,plts_kup189,1,189,solar,0.0,0.0,0.0,0.0
567,batt_kup189,1,189,battery,0.4685649999999999,0.0,0.4685649999999999,0.3592685417531903
568,pltd_kup190,1,190,diesel,0.0,3.1485,-3.1485,0.0
569,plts_kup190,1,190,solar,0.0,0.0,0.0,0.0
570,batt_kup190,1,190,battery,1.4926650000000001,0.0,1.4926650000000001,0.9758408337271293
571,pltd_kup191,1,191,diesel,0.0,0.5887,-0.5887,0.0
572,plts_kup191,1,191,solar,0.0,0.0,0.0,0.0
573,batt_kup191,1,191,battery,0.0149279679376082,0.0,0.0149279679376082,0.007084943811937763
574,pltd_kup192,1,192,diesel,0.003753133885615323,0.1815,-0.17774686611438467,0.0005693445087457834
575,plts_kup192,1,192,solar,0.0,0.0,0.0,0.0
576,batt_kup192,1,192,battery,0.004467071057192351,0.0,0.004467071057192351,0.002228623707435832
577,pltd_kup193,1,193,diesel,0.0034292410000000273,0.1402,-0.13677075899999996,0.0004350865755476222
578,plts_kup193,1,193,solar,0.0,0.0,0.0,0.0
579,batt_kup193,1,193,battery,0.0031859999999999944,0.0,0.0031859999999999944,0.0017402125890857113
580,pltd_kup194,1,194,diesel,0.0027139999999999803,0.1047,-0.10198600000000002,0.0005782278978035629
581,plts_kup194,1,194,solar,0.0,0.0,0.0,0.0
582,batt_kup194,1,194,battery,0.004609763000000003,0.0,0.004609763000000003,0.0017522921750181533
583,pltd_kup195,1,195,diesel,0.0,0.3145,-0.3145,0.0
584,plts_kup195,1,195,solar,0.0,0.0,0.0,0.0
585,batt_kup195,1,195,battery,0.012389514731369178,0.0,0.012389514731369178,0.0051457242925560176
586,pltd_kup196,1,196,diesel,0.004307918000000004,0.0616,-0.057292081999999994,0.0019384830131785658
587,plts_kup196,1,196,solar,0.006997537489570378,0.0,0.006997537489570378,0.011546580631240113
588,batt_kup196,1,196,battery,0.023005321553750183,0.0,0.023005321553750183,0.029030680165042292
589,pltd_kup197,1,197,diesel,0.00579420600000001,0.0829,-0.07710579399999999,0.00235832701049549
590,plts_kup197,1,197,solar,0.0,0.0,0.0,0.0
591,batt_kup197,1,197,battery,0.025462299500831953,0.0,0.025462299500831953,0.029302736212007803
592,pltd_kup198,1,198,diesel,0.004217857632582311,0.2039,-0.1996821423674177,0.0005154897282118917
593,plts_kup198,1,198,solar,0.0,0.0,0.0,0.0
594,batt_kup198,1,198,battery,0.00502112218370887,0.0,0.00502112218370887,0.0026522400880632717
595,pltd_kup199,1,199,diesel,0.0,0.3453,-0.3453,0.0
596,plts_kup199,1,199,solar,0.0,0.0,0.0,0.0
597,batt_kup199,1,199,battery,0.011127126654064195,0.0,0.011127126654064195,0.004812753407142842
598,pltd_kup200,1,200,diesel,0.0,0.4208,-0.4208,0.0
599,plts_kup200,1,200,solar,0.0,0.0,0.0,0.0
600,batt_kup200,1,200,battery,0.011477000000000011,0.0,0.011477000000000011,0.0051402499808655445
601,pltd_kup201,1,201,diesel,0.003994994386481793,0.1932,-0.18920500561351822,0.0005275685186240705
602,plts_kup201,1,201,solar,0.0,0.0,0.0,0.0
603,batt_kup201,1,201,battery,0.004755199306759106,0.0,0.004755199306759106,0.002605964884666177
604,pltd_kup202,1,202,diesel,0.00493282300000001,0.0705,-0.06556717699999998,0.002071581915045078
605,plts_kup202,1,202,solar,0.0,0.0,0.0,0.0
606,batt_kup202,1,202,battery,0.021845102625298332,0.0,0.021845102625298332,0.025277880869033414
607,pltd_kup203,1,203,diesel,0.0,0.4439,-0.4439,0.0
608,plts_kup203,1,203,solar,0.0,0.0,0.0,0.0
609,batt_kup203,1,203,battery,0.011256499133448812,0.0,0.011256499133448812,0.0059498457100767175
610,pltd_kup204,1,204,diesel,0.0,0.3555,-0.3555,0.0
611,plts_kup204,1,204,solar,0.0,0.0,0.0,0.0
612,batt_kup204,1,204,battery,0.009696000000000298,0.0,0.009696000000000298,0.005117797712403532
613,pltd_kup205,1,205,diesel,0.0,0.4224,-0.4224,0.0
614,plts_kup205,1,205,solar,0.0,0.0,0.0,0.0
615,batt_kup205,1,205,battery,0.011518999999999892,0.0,0.011518999999999892,0.005667431160562958
616,pltd_kup206,1,206,diesel,0.0,0.3004,-0.3004,0.0
617,plts_kup206,1,206,solar,0.0,0.0,0.0,0.0
618,batt_kup206,1,206,battery,0.011831130849220104,0.0,0.011831130849220104,0.004913810614371467
619,pltd_kup207,1,207,diesel,0.0,0.3675,-0.3675,0.0
620,plts_kup207,1,207,solar,0.0,0.0,0.0,0.0
621,batt_kup207,1,207,battery,0.010023000000000067,0.0,0.010023000000000067,0.004764711678469725
622,pltd_kup208,1,208,diesel,0.0,0.5108,-0.5108,0.0
623,plts_kup208,1,208,solar,0.0,0.0,0.0,0.0
624,batt_kup208,1,208,battery,0.012951689774696684,0.0,0.012951689774696684,0.006362446552550136
625,pltd_kup209,1,209,diesel,0.0035575290000000037,0.1454,-0.141842471,0.0005212728440833323
626,plts_kup209,1,209,solar,0.0,0.0,0.0,0.0
627,batt_kup209,1,209,battery,0.003304499999999988,0.0,0.003304499999999988,0.00180992610578571
628,pltd_kup210,1,210,diesel,0.0,0.3145,-0.3145,0.0
629,plts_kup210,1,210,solar,0.0,0.0,0.0,0.0
630,batt_kup210,1,210,battery,0.01238951473136921,0.0,0.01238951473136921,0.0049888091934906535
631,pltd_kup211,1,211,diesel,0.0026839149999999534,0.1097,-0.10701608500000005,0.0003933046595833252
632,plts_kup211,1,211,solar,0.0,0.0,0.0,0.0
633,batt_kup211,1,211,battery,0.0024925000000000225,0.0,0.0024925000000000225,0.0013821510225238158
634,pltd_kup212,1,212,diesel,0.0,0.2218,-0.2218,0.0
635,plts_kup212,1,212,solar,0.0,0.0,0.0,0.0
636,batt_kup212,1,212,battery,0.010385000000000033,0.0,0.010385000000000033,0.005015192938809531
637,pltd_kup213,1,213,diesel,0.0026185678336221596,0.1266,-0.12398143216637783,0.00044869384817177826
638,plts_kup213,1,213,solar,0.0,0.0,0.0,0.0
639,batt_kup213,1,213,battery,0.0031168760831889186,0.0,0.0031168760831889186,0.0016407184644507723
640,pltd_kup214,1,214,diesel,0.0024980000000000106,0.0964,-0.09390199999999999,0.0008333898083928694
641,plts_kup214,1,214,solar,0.0,0.0,0.0,0.0
642,batt_kup214,1,214,battery,0.01739212999999998,0.0,0.01739212999999998,0.01129217836530734
643,pltd_kup215,1,215,diesel,0.0024473772409012162,0.1183,-0.11585262275909879,0.00039533550945353597
644,plts_kup215,1,215,solar,0.0,0.0,0.0,0.0
645,batt_kup215,1,215,battery,0.0029121533795493774,0.0,0.0029121533795493774,0.0015474849132004575
646,pltd_kup216,1,216,diesel,0.0019193010000000121,0.106,-0.10408069899999998,0.00026406382925000166
647,plts_kup216,1,216,solar,0.0,0.0,0.0,0.0
648,batt_kup216,1,216,battery,0.0027449999999999974,0.0,0.0027449999999999974,0.0014758484533809516
649,pltd_kup217,1,217,diesel,0.0038212409999999752,0.1562,-0.15237875900000003,0.0005224101373988072
650,plts_kup217,1,217,solar,0.0,0.0,0.0,0.0
651,batt_kup217,1,217,battery,0.003549500000000011,0.0,0.003549500000000011,0.001845416623647625
652,pltd_kup218,1,218,diesel,0.0016679999999999959,0.0644,-0.06273200000000001,0.00038813443934523575
653,plts_kup218,1,218,solar,0.0,0.0,0.0,0.0
654,batt_kup218,1,218,battery,0.0028341300000000046,0.0,0.0028341300000000046,0.0010344574500000018
655,pltd_kup219,1,219,diesel,0.0021709999999999924,0.0838,-0.08162900000000001,0.0005053318024226129
656,plts_kup219,1,219,solar,0.0,0.0,0.0,0.0
657,batt_kup219,1,219,battery,0.013285611000000017,0.0,0.013285611000000017,0.008463026335472093
658,pltd_kup220,1,220,diesel,0.0038731839999999744,0.1583,-0.15442681600000002,0.0004914300559999968
659,plts_kup220,1,220,solar,0.0,0.0,0.0,0.0
660,batt_kup220,1,220,battery,0.003599000000000019,0.0,0.003599000000000019,0.0017248418641333347
661,pltd_kup221,1,221,diesel,0.0,0.1045,-0.1045,0.0
662,plts_kup221,1,221,solar,0.004809635744378531,0.0,0.004809635744378531,0.008190978198438427
663,batt_kup221,1,221,battery,0.005025509532062378,0.0,0.005025509532062378,0.0025227877332061653
664,pltd_kup222,1,222,diesel,0.0,0.0968,-0.0968,0.0
665,plts_kup222,1,222,solar,0.004495156268098748,0.0,0.004495156268098748,0.00759123053907063
666,batt_kup222,1,222,battery,0.0046579844020797345,0.0,0.0046579844020797345,0.0022523910842933517
667,pltd_kup223,1,223,diesel,0.0,0.4042,-0.4042,0.0
668,plts_kup223,1,223,solar,0.0,0.0,0.0,0.0
669,batt_kup223,1,223,battery,0.01592071057192379,0.0,0.01592071057192379,0.006612314127277664
670,pltd_kup224,1,224,diesel,0.0,0.7172,-0.7172,0.0
671,plts_kup224,1,224,solar,0.0,0.0,0.0,0.0
672,batt_kup224,1,224,battery,0.018185116984402065,0.0,0.018185116984402065,0.010112156955109546
673,pltd_kup225,1,225,diesel,0.0,0.3703,-0.3703,0.0
674,plts_kup225,1,225,solar,0.0,0.0,0.0,0.0
675,batt_kup225,1,225,battery,0.014022306109185478,0.0,0.014022306109185478,0.006133318266684522
676,pltd_kup226,1,226,diesel,0.004989102000000023,0.2039,-0.19891089799999997,0.0006819988733690504
677,plts_kup226,1,226,solar,0.0,0.0,0.0,0.0
678,batt_kup226,1,226,battery,0.004635499999999987,0.0,0.004635499999999987,0.0025704959137047563
679,pltd_kup227,1,227,diesel,0.003271999999999993,0.1263,-0.123028,0.001016771682190478
680,plts_kup227,1,227,solar,0.0,0.0,0.0,0.0
681,batt_kup227,1,227,battery,0.022783184000000015,0.0,0.022783184000000015,0.014777980735106765
682,pltd_kup228,1,228,diesel,0.0,0.3728,-0.3728,0.0
683,plts_kup228,1,228,solar,0.0,0.0,0.0,0.0
684,batt_kup228,1,228,battery,0.010165999999999979,0.0,0.010165999999999979,0.005281325194826022
685,pltd_kup229,1,229,diesel,0.0073659309549394016,0.3561,-0.3487340690450606,0.0009002751098325974
686,plts_kup229,1,229,solar,0.0,0.0,0.0,0.0
687,batt_kup229,1,229,battery,0.008767331022530325,0.0,0.008767331022530325,0.0045476861595073
688,pltd_kup230,1,230,diesel,0.0,0.4489,-0.4489,0.0
689,plts_kup230,1,230,solar,0.0,0.0,0.0,0.0
690,batt_kup230,1,230,battery,0.01224200000000005,0.0,0.01224200000000005,0.005921317008371382
691,pltd_kup231,1,231,diesel,0.0,0.3102,-0.3102,0.0
692,plts_kup231,1,231,solar,0.0,0.0,0.0,0.0
693,batt_kup231,1,231,battery,0.012219454072790329,0.0,0.012219454072790329,0.0050750537044659955
694,pltd_kup232,1,232,diesel,0.0,0.3198,-0.3198,0.0
695,plts_kup232,1,232,solar,0.0,0.0,0.0,0.0
696,batt_kup232,1,232,battery,0.151642,0.0,0.151642,0.11754184697264752
697,pltd_kup233,1,233,diesel,0.00452341668630854,0.2187,-0.21417658331369147,0.000597356381464727
698,plts_kup233,1,233,solar,0.0,0.0,0.0,0.0
699,batt_kup233,1,233,battery,0.005385073656845735,0.0,0.005385073656845735,0.0027134880472786164
700,pltd_kup234,1,234,diesel,0.0,0.6725,-0.6725,0.0
701,plts_kup234,1,234,solar,0.0,0.0,0.0,0.0
702,batt_kup234,1,234,battery,0.31886100000000006,0.0,0.31886100000000006,0.24067955433335642
703,pltd_kup235,1,235,diesel,0.0,0.2409,-0.2409,0.0
704,plts_kup235,1,235,solar,0.0,0.0,0.0,0.0
705,batt_kup235,1,235,battery,0.009489276429809346,0.0,0.009489276429809346,0.0037420875190083834
706,pltd_kup236,1,236,diesel,0.004186093045060596,0.2024,-0.1982139069549394,0.0006350523624304078
707,plts_kup236,1,236,solar,0.0,0.0,0.0,0.0
708,batt_kup236,1,236,battery,0.004982668977469712,0.0,0.004982668977469712,0.0026966997462243266
709,pltd_kup237,1,237,diesel,0.0025379999999999917,0.098,-0.09546200000000002,0.0008465001002202363
710,plts_kup237,1,237,solar,0.0,0.0,0.0,0.0
711,batt_kup237,1,237,battery,0.017670800999999993,0.0,0.017670800999999993,0.011472861236491234
712,pltd_kup238,1,238,diesel,0.0,0.4131,-0.4131,0.0
713,plts_kup238,1,238,solar,0.0,0.0,0.0,0.0
714,batt_kup238,1,238,battery,0.010474978336221796,0.0,0.010474978336221796,0.005058645872508653
715,pltd_kup239,1,239,diesel,0.002450999999999995,0.0946,-0.09214900000000001,0.0005944847014285707
716,plts_kup239,1,239,solar,0.0,0.0,0.0,0.0
717,batt_kup239,1,239,battery,0.014995320000000006,0.0,0.014995320000000006,0.009672430063286866
718,pltd_kup240,1,240,diesel,0.0,0.1996,-0.1996,0.0
719,plts_kup240,1,240,solar,0.0,0.0,0.0,0.0
720,batt_kup240,1,240,battery,0.00544399999999998,0.0,0.00544399999999998,0.0025426744060452824
721,pltd_kup241,1,241,diesel,0.002690000000000005,0.1038,-0.10111,0.0009542424097976199
722,plts_kup241,1,241,solar,0.0,0.0,0.0,0.0
723,batt_kup241,1,241,battery,0.01872635799999999,0.0,0.01872635799999999,0.01231395343807012
724,pltd_kup242,1,242,diesel,0.004618966015597831,0.2234,-0.21878103398440216,0.0005191408991958583
725,plts_kup242,1,242,solar,0.0,0.0,0.0,0.0
726,batt_kup242,1,242,battery,0.005498808492201079,0.0,0.005498808492201079,0.0027873987085190307
727,pltd_kup243,1,243,diesel,0.003050623999999974,0.1685,-0.16544937600000004,0.0005096539512380909
728,plts_kup243,1,243,solar,0.0,0.0,0.0,0.0
729,batt_kup243,1,243,battery,0.004366000000000009,0.0,0.004366000000000009,0.0021895921284190516
730,pltd_kup244,1,244,diesel,0.0,0.6892,-0.6892,0.0
731,plts_kup244,1,244,solar,0.0,0.0,0.0,0.0
732,batt_kup244,1,244,battery,0.03226499999999999,0.0,0.03226499999999999,0.01558162736357141
733,pltd_kup245,1,245,diesel,0.0,0.464,-0.464,0.0
734,plts_kup245,1,245,solar,0.0,0.0,0.0,0.0
735,batt_kup245,1,245,battery,0.011764514731369191,0.0,0.011764514731369191,0.0062984650568829025
736,pltd_kup246,1,246,diesel,0.0,0.7264,-0.7264,0.0
737,plts_kup246,1,246,solar,0.0,0.0,0.0,0.0
738,batt_kup246,1,246,battery,0.034009999999999985,0.0,0.034009999999999985,0.015570026998280018
739,pltd_kup247,1,247,diesel,0.0,0.8829,-0.8829,0.0
740,plts_kup247,1,247,solar,0.0,0.0,0.0,0.0
741,batt_kup247,1,247,battery,0.041337999999999875,0.0,0.041337999999999875,0.020307065731542808
742,pltd_kup248,1,248,diesel,0.0,0.4464,-0.4464,0.0
743,plts_kup248,1,248,solar,0.0,0.0,0.0,0.0
744,batt_kup248,1,248,battery,0.01131932409012135,0.0,0.01131932409012135,0.006371377591400531
745,pltd_kup249,1,249,diesel,0.0,0.6322,-0.6322,0.0
746,plts_kup249,1,249,solar,0.0,0.0,0.0,0.0
747,batt_kup249,1,249,battery,0.016029571057192382,0.0,0.016029571057192382,0.00774110655543348
748,pltd_kup250,1,250,diesel,0.0,0.6759,-0.6759,0.0
749,plts_kup250,1,250,solar,0.0,0.0,0.0,0.0
750,batt_kup250,1,250,battery,0.031645000000000145,0.0,0.031645000000000145,0.01641560445352388
751,pltd_kup251,1,251,diesel,0.0,0.6476,-0.6476,0.0
752,plts_kup251,1,251,solar,0.0,0.0,0.0,0.0
753,batt_kup251,1,251,battery,0.030317999999999956,0.0,0.030317999999999956,0.01438918728845713
754,pltd_kup252,1,252,diesel,0.0,1.2865,-1.2865,0.0
755,plts_kup252,1,252,solar,0.0,0.0,0.0,0.0
756,batt_kup252,1,252,battery,0.60989,0.0,0.60989,0.4670379097336881
757,pltd_kup253,1,253,diesel,0.0021000000000000064,0.081,-0.0789,0.000717994610494047
758,plts_kup253,1,253,solar,0.0,0.0,0.0,0.0
759,batt_kup253,1,253,battery,0.014613398999999997,0.0,0.014613398999999997,0.009366410634999996
760,pltd_kup254,1,254,diesel,0.006936338999999993,0.0992,-0.092263661,0.0028421058993511896
761,plts_kup254,1,254,solar,0.0,0.0,0.0,0.0
762,batt_kup254,1,254,battery,0.02994000000000001,0.0,0.02994000000000001,0.03401882241666666
763,pltd_kup255,1,255,diesel,0.002825474999999994,0.1155,-0.11267452500000001,0.00046958764047619
764,plts_kup255,1,255,solar,0.0,0.0,0.0,0.0
765,batt_kup255,1,255,battery,0.0026260000000000033,0.0,0.0026260000000000033,0.0013434379660000012
766,pltd_kup256,1,256,diesel,0.0,0.1343,-0.1343,0.0
767,plts_kup256,1,256,solar,0.0,0.0,0.0,0.0
768,batt_kup256,1,256,battery,0.0036629999999999805,0.0,0.0036629999999999805,0.0019334705274402805
769,pltd_kup257,1,257,diesel,0.0020590000000000053,0.0795,-0.077441,0.000519479064434524
770,plts_kup257,1,257,solar,0.0,0.0,0.0,0.0
771,batt_kup257,1,257,battery,0.003498725000000008,0.0,0.003498725000000008,0.0013299574056280978
772,pltd_kup258,1,258,diesel,0.0035763420000001125,0.0511,-0.047523657999999885,0.0018156482076072645
773,plts_kup258,1,258,solar,0.06966930434932139,0.0,0.06966930434932139,0.11490227437137913
774,batt_kup258,1,258,battery,0.030674801048308498,0.0,0.030674801048308498,0.04779694715524706
775,pltd_kup259,1,259,diesel,0.0010996519999999996,0.045,-0.043900348,0.0006528316587619047
776,plts_kup259,1,259,solar,0.06642786406027297,0.0,0.06642786406027297,0.11198821176038005
777,batt_kup259,1,259,battery,0.029651538015771445,0.0,0.029651538015771445,0.04442455819708933
778,pltd_kup260,1,260,diesel,0.004588667999999997,0.0656,-0.06101133200000001,0.0020031905005714343
779,plts_kup260,1,260,solar,0.007420930433363233,0.0,0.007420930433363233,0.012298036413008662
780,batt_kup260,1,260,battery,0.024500106501473648,0.0,0.024500106501473648,0.03091677371402333
781,pltd_kup261,1,261,diesel,0.0011077850000000278,0.0453,-0.04419221499999997,0.0006716492948750103
782,plts_kup261,1,261,solar,0.06621396397787613,0.0,0.06621396397787613,0.11276108948202546
783,batt_kup261,1,261,battery,0.029855184217015423,0.0,0.029855184217015423,0.044728470681963686
784,pltd_kup262,1,262,diesel,0.0,0.142,-0.142,0.0
785,plts_kup262,1,262,solar,0.0,0.0,0.0,0.0
786,batt_kup262,1,262,battery,0.0049650239999999984,0.0,0.0049650239999999984,0.002228531764752077
787,pltd_kup263,1,263,diesel,0.004781879999999995,0.0684,-0.06361812,0.0020969839958352356
788,plts_kup263,1,263,solar,0.0,0.0,0.0,0.0
789,batt_kup263,1,263,battery,0.021177588816911008,0.0,0.021177588816911008,0.024505329643922578
790,pltd_kup264,1,264,diesel,0.0,0.9218,-0.9218,0.0
791,plts_kup264,1,264,solar,0.0,0.0,0.0,0.0
792,batt_kup264,1,264,battery,0.043155000000000054,0.0,0.043155000000000054,0.02084069824500003
793,pltd_kup265,1,265,diesel,0.0,0.349,-0.349,0.0
794,plts_kup265,1,265,solar,0.0,0.0,0.0,0.0
795,batt_kup265,1,265,battery,0.01124645557655947,0.0,0.01124645557655947,0.004864401708752363
796,pltd_kup266,1,266,diesel,0.0,1.0869,-1.0869,0.0
797,plts_kup266,1,266,solar,0.0,0.0,0.0,0.0
798,batt_kup266,1,266,battery,0.5152709999999999,0.0,0.5152709999999999,0.41021507280716424
799,pltd_kup267,1,267,diesel,0.0,0.8832,-0.8832,0.0
800,plts_kup267,1,267,solar,0.0,0.0,0.0,0.0
801,batt_kup267,1,267,battery,0.041351000000000006,0.0,0.041351000000000006,0.02179447184366667
802,pltd_kup268,1,268,diesel,0.0,1.2831,-1.2831,0.0
803,plts_kup268,1,268,solar,0.0,0.0,0.0,0.0
804,batt_kup268,1,268,battery,0.6083050000000001,0.0,0.6083050000000001,0.4811585847784287
805,pltd_kup269,1,269,diesel,0.0,0.3407,-0.3407,0.0
806,plts_kup269,1,269,solar,0.0,0.0,0.0,0.0
807,batt_kup269,1,269,battery,0.010978260869565243,0.0,0.010978260869565243,0.0052328945617142976
808,pltd_kup270,1,270,diesel,0.0,0.5379,-0.5379,0.0
809,plts_kup270,1,270,solar,0.0,0.0,0.0,0.0
810,batt_kup270,1,270,battery,0.013638973136915084,0.0,0.013638973136915084,0.0057230887462655766
811,pltd_kup271,1,271,diesel,0.00043100000000000777,0.033,-0.032568999999999994,0.00044473812500000603
812,plts_kup271,1,271,solar,0.07224051971596918,0.0,0.07224051971596918,0.12221206846351404
813,batt_kup271,1,271,battery,0.0265056364472077,0.0,0.0265056364472077,0.051108691381820635
814,pltd_kup272,1,272,diesel,0.0026339999999999966,0.1017,-0.099066,0.0008489902682500013
815,plts_kup272,1,272,solar,0.0,0.0,0.0,0.0
816,batt_kup272,1,272,battery,0.018337417999999994,0.0,0.018337417999999994,0.012047176855551787
817,pltd_kup273,1,273,diesel,0.0026692434870017323,0.1291,-0.12643075651299826,0.00037872637894165124
818,plts_kup273,1,273,solar,0.0,0.0,0.0,0.0
819,batt_kup273,1,273,battery,0.0031780762564991294,0.0,0.0031780762564991294,0.0016729341354295576
820,pltd_kup274,1,274,diesel,0.0018750000000000012,0.0724,-0.070525,0.0004175721804166642
821,plts_kup274,1,274,solar,0.0,0.0,0.0,0.0
822,batt_kup274,1,274,battery,0.00318663000000001,0.0,0.00318663000000001,0.0012209422314668605
823,pltd_kup275,1,275,diesel,0.0010477090000000529,0.0428,-0.04175229099999994,0.0006218697875000224
824,plts_kup275,1,275,solar,0.06291655564394265,0.0,0.06291655564394265,0.10661977935844943
825,batt_kup275,1,275,battery,0.028229499054987093,0.0,0.028229499054987093,0.04229429161656604
826,pltd_kup276,1,276,diesel,0.005686532000000008,0.0813,-0.07561346799999999,0.002435566126833339
827,plts_kup276,1,276,solar,0.0012069298789962896,0.0,0.0012069298789962896,0.0020418097430983653
828,batt_kup276,1,276,battery,0.025879,0.0,0.025879,0.03012474618233156
829,pltd_kup277,1,277,diesel,0.002259000000000011,0.0872,-0.08494099999999999,0.0007689842071666739
830,plts_kup277,1,277,solar,0.0,0.0,0.0,0.0
831,batt_kup277,1,277,battery,0.015725091999999982,0.0,0.015725091999999982,0.010200168381858122
832,pltd_kup278,1,278,diesel,0.002042999999999991,0.0789,-0.07685700000000001,0.0007015309706666673
833,plts_kup278,1,278,solar,0.0,0.0,0.0,0.0
834,batt_kup278,1,278,battery,0.014226456000000004,0.0,0.014226456000000004,0.009346065837612353
835,pltd_kup279,1,279,diesel,0.002474241600000012,0.1039,-0.1014257584,0.0008996666465428619
836,plts_kup279,1,279,solar,0.05438159290542399,0.0,0.05438159290542399,0.0934206429584232
837,batt_kup279,1,279,battery,0.02520444603356031,0.0,0.02520444603356031,0.034432643225652565
838,pltd_kup280,1,280,diesel,0.0014020350000000029,0.0573,-0.055897964999999994,0.0008344139357202409
839,plts_kup280,1,280,solar,0.08238121064108618,0.0,0.08238121064108618,0.14267206441118624
840,batt_kup280,1,280,battery,0.0377746075669169,0.0,0.0377746075669169,0.05659593816710157
841,pltd_kup281,1,281,diesel,0.003510940000000004,0.0502,-0.04668906,0.0017857058678813769
842,plts_kup281,1,281,solar,0.0680747833782699,0.0,0.0680747833782699,0.11532623934374422
843,batt_kup281,1,281,battery,0.030319591374235903,0.0,0.030319591374235903,0.04752646951332171
844,pltd_kup282,1,282,diesel,0.005557725000000013,0.0795,-0.07394227499999999,0.0026707017285714373
845,plts_kup282,1,282,solar,0.10406033940917661,0.0,0.10406033940917661,0.17707979175361385
846,batt_kup282,1,282,battery,0.046966999999999995,0.0,0.046966999999999995,0.0717083749169481
847,pltd_kup283,1,283,diesel,0.0035880669999999726,0.1466,-0.14301193300000004,0.0005610108318749964
848,plts_kup283,1,283,solar,0.0,0.0,0.0,0.0
849,batt_kup283,1,283,battery,0.003332500000000016,0.0,0.003332500000000016,0.0018479511665238132
850,pltd_kup284,1,284,diesel,0.004523265999999998,0.0647,-0.060176733999999996,0.002016221240988093
851,plts_kup284,1,284,solar,0.0009845574053295484,0.0,0.0009845574053295484,0.0016246102980750487
852,batt_kup284,1,284,battery,0.020585,0.0,0.020585,0.023962471984453414
853,pltd_kup285,1,285,diesel,0.004153161999999988,0.1697,-0.165546838,0.0005269927532380929
854,plts_kup285,1,285,solar,0.0,0.0,0.0,0.0
855,batt_kup285,1,285,battery,0.0038580000000000003,0.0,0.0038580000000000003,0.0021393535185142854
856,pltd_kup286,1,286,diesel,0.005615272999999976,0.2295,-0.22388472700000003,0.0006572356128154741
857,plts_kup286,1,286,solar,0.0,0.0,0.0,0.0
858,batt_kup286,1,286,battery,0.005215999999999998,0.0,0.005215999999999998,0.002696097842590475
859,pltd_kup287,1,287,diesel,0.0014468420000000037,0.0591,-0.057653157999999996,0.0009291850826242779
860,plts_kup287,1,287,solar,0.10772799093407187,0.0,0.10772799093407187,0.1757518073934779
861,batt_kup287,1,287,battery,0.04313881003398533,0.0,0.04313881003398533,0.0742382431207256
862,pltd_kup288,1,288,diesel,0.0019518609999999922,0.0798,-0.07784813900000001,0.0011532724265988072
863,plts_kup288,1,288,solar,0.11879927297614488,0.0,0.11879927297614488,0.19711377330966015
864,batt_kup288,1,288,battery,0.05258591440449783,0.0,0.05258591440449783,0.07883138723482062
865,pltd_kup289,1,289,diesel,0.007490788999999998,0.3062,-0.29870921100000003,0.0010239959661130932
866,plts_kup289,1,289,solar,0.0,0.0,0.0,0.0
867,batt_kup289,1,289,battery,0.006960000000000022,0.0,0.006960000000000022,0.0035975538697142983
868,pltd_kup290,1,290,diesel,0.001982398999999975,0.081,-0.07901760100000002,0.0011931600421618957
869,plts_kup290,1,290,solar,0.12214893896715005,0.0,0.12214893896715005,0.20017487175376944
870,batt_kup290,1,290,battery,0.05339754234648328,0.0,0.05339754234648328,0.08003465109659474
871,pltd_kup291,1,291,diesel,0.0,0.2935,-0.2935,0.0
872,plts_kup291,1,291,solar,0.013002680965147468,0.0,0.013002680965147468,0.021997913142075214
873,batt_kup291,1,291,battery,0.013742000000000032,0.0,0.013742000000000032,0.007025868080242159
874,pltd_kup292,1,292,diesel,0.003111105000000003,0.1719,-0.168788895,0.00039746218223214334
875,plts_kup292,1,292,solar,0.0,0.0,0.0,0.0
876,batt_kup292,1,292,battery,0.004453999999999986,0.0,0.004453999999999986,0.0023575593019047555
877,pltd_kup293,1,293,diesel,0.0,0.2726,-0.2726,0.0
878,plts_kup293,1,293,solar,0.0,0.0,0.0,0.0
879,batt_kup293,1,293,battery,0.007436000000000054,0.0,0.007436000000000054,0.003924895000329075
880,pltd_kup294,1,294,diesel,0.0038417148596187334,0.1858,-0.18195828514038126,0.0005072965609006183
881,plts_kup294,1,294,solar,0.0,0.0,0.0,0.0
882,batt_kup294,1,294,battery,0.004573223570190632,0.0,0.004573223570190632,0.0023029924186060897
883,pltd_kup295,1,295,diesel,0.0031655290000000003,0.1294,-0.126234471,0.0005260839170476198
884,plts_kup295,1,295,solar,0.0,0.0,0.0,0.0
885,batt_kup295,1,295,battery,0.002940999999999999,0.0,0.002940999999999999,0.0016063920980857126
886,pltd_kup296,1,296,diesel,0.005109257000000006,0.2089,-0.203790743,0.0006482394415714283
887,plts_kup296,1,296,solar,0.0,0.0,0.0,0.0
888,batt_kup296,1,296,battery,0.004747499999999988,0.0,0.004747499999999988,0.002560790467714286
889,pltd_kup297,1,297,diesel,0.0032734589999999977,0.0468,-0.043526541,0.0016740892834869693
890,plts_kup297,1,297,solar,0.0651532167871184,0.0,0.0651532167871184,0.10608908062428972
891,batt_kup297,1,297,battery,0.02826005720753655,0.0,0.02826005720753655,0.04417742649908756
892,pltd_kup298,1,298,diesel,0.002796934000000015,0.1143,-0.11150306599999998,0.0004098860653333358
893,plts_kup298,1,298,solar,0.0,0.0,0.0,0.0
894,batt_kup298,1,298,battery,0.0025975000000000026,0.0,0.0025975000000000026,0.0014403760405238076
895,pltd_kup299,1,299,diesel,0.0,0.2933,-0.2933,0.0
896,plts_kup299,1,299,solar,0.0,0.0,0.0,0.0
897,batt_kup299,1,299,battery,0.011551668110918567,0.0,0.011551668110918567,0.004522533459908949
898,pltd_kup300,1,300,diesel,0.004684999999999995,0.1808,-0.176115,0.0014780049086845198
899,plts_kup300,1,300,solar,0.0,0.0,0.0,0.0
900,batt_kup300,1,300,battery,0.032619007000000005,0.0,0.032619007000000005,0.021599427699467346
901,pltd_kup301,1,301,diesel,0.009391684000000053,0.1343,-0.12490831599999995,0.004207846203514309
902,plts_kup301,1,301,solar,0.10366620313814595,0.0,0.10366620313814595,0.17057066015115335
903,batt_kup301,1,301,battery,0.06715999999999996,0.0,0.06715999999999996,0.09202198979289634
904,pltd_kup302,1,302,diesel,0.012816086000000004,0.1833,-0.170483914,0.0054800768436547775
905,plts_kup302,1,302,solar,0.020750651694743407,0.0,0.020750651694743407,0.03435636637067177
906,batt_kup302,1,302,battery,0.06844015748370808,0.0,0.06844015748370808,0.08636515175233542
907,pltd_kup303,1,303,diesel,0.013613064000000022,0.1947,-0.18108693599999998,0.005343756265619048
908,plts_kup303,1,303,solar,0.0,0.0,0.0,0.0
909,batt_kup303,1,303,battery,0.05841099999999998,0.0,0.05841099999999998,0.06612429216666664
910,pltd_kup304,1,304,diesel,0.012449797999999984,0.1781,-0.16565020200000002,0.00554854163071427
911,plts_kup304,1,304,solar,0.0026886525174877928,0.0,0.0026886525174877928,0.0044685162861920575
912,batt_kup304,1,304,battery,0.05665700000000001,0.0,0.05665700000000001,0.06595194435891431
913,pltd_kup305,1,305,diesel,0.014237968999999948,0.2036,-0.18936203100000004,0.00606362986048211
914,plts_kup305,1,305,solar,0.003122918235497052,0.0,0.003122918235497052,0.005110243467183832
915,batt_kup305,1,305,battery,0.06479300000000002,0.0,0.06479300000000002,0.07542366151216463
916,pltd_kup306,1,306,diesel,0.003950999999999944,0.1525,-0.14854900000000004,0.00131184117195235
917,plts_kup306,1,306,solar,0.0,0.0,0.0,0.0
918,batt_kup306,1,306,battery,0.02750662400000006,0.0,0.02750662400000006,0.018070603167476086
919,pltd_kup307,1,307,diesel,0.006624310999999994,0.2708,-0.264175689,0.0008404595537619027
920,plts_kup307,1,307,solar,0.0,0.0,0.0,0.0
921,batt_kup307,1,307,battery,0.006154500000000007,0.0,0.006154500000000007,0.0031811990360857134
922,pltd_kup308,1,308,diesel,0.012772816999999992,0.1827,-0.169927183,0.0057940997322478045
923,plts_kup308,1,308,solar,0.030008694536939585,0.0,0.030008694536939585,0.04850722418859607
924,batt_kup308,1,308,battery,0.0727550838834492,0.0,0.0727550838834492,0.09431213767905874
925,pltd_kup309,1,309,diesel,0.012148911999999991,0.1738,-0.16165108800000003,0.005339735525238077
926,plts_kup309,1,309,solar,0.0026318644057951673,0.0,0.0026318644057951673,0.004361838885148045
927,batt_kup309,1,309,battery,0.05528500000000002,0.0,0.05528500000000002,0.06435547717041074
928,pltd_tim310,1,310,diesel,0.008787914999999882,0.1257,-0.11691208500000012,0.004905458634410128
929,plts_tim310,1,310,solar,0.1745553836981069,0.0,0.1745553836981069,0.2786794156278644
930,batt_tim310,1,310,battery,0.07682890375589833,0.0,0.07682890375589833,0.12246943875233389
931,pltd_tim311,1,311,diesel,0.0013310174933333276,0.0702,-0.06886898250666668,0.0013734436759333278
932,plts_tim311,1,311,solar,0.19702143655560586,0.0,0.19702143655560586,0.310713489989476
933,batt_tim311,1,311,battery,0.08073852045209652,0.0,0.08073852045209652,0.15174873197484012
934,pltd_tim312,1,312,diesel,0.007818858000000001,0.1118,-0.103981142,0.0040536379483413045
935,plts_tim312,1,312,solar,0.16515094912726497,0.0,0.16515094912726497,0.2583182972376999
936,batt_tim312,1,312,battery,0.06845143288548661,0.0,0.06845143288548661,0.10884577480519629
937,pltd_tim313,1,313,diesel,0.011696085999999994,0.1673,-0.155603914,0.005579673456416654
938,plts_tim313,1,313,solar,0.21732259077184643,0.0,0.21732259077184643,0.3414923522191344
939,batt_tim313,1,313,battery,0.09884900000000002,0.0,0.09884900000000002,0.15235249664288925
940,pltd_tim314,1,314,diesel,0.008982126999999916,0.1285,-0.11951787300000008,0.004837365315297587
941,plts_tim314,1,314,solar,0.17990372998537837,0.0,0.17990372998537837,0.2848279030023705
942,batt_tim314,1,314,battery,0.07852315596452399,0.0,0.07852315596452399,0.12498913575147319
943,pltd_tim315,1,315,diesel,0.0034406064766031585,0.1664,-0.16295939352339683,0.00042049905583936434
944,plts_tim315,1,315,solar,0.0,0.0,0.0,0.0
945,batt_tim315,1,315,battery,0.004095537261698423,0.0,0.004095537261698423,0.002011769833446806
946,pltd_tim316,1,316,diesel,0.0015401360640000183,0.0826,-0.08105986393599998,0.0015061651375482049
947,plts_tim316,1,316,solar,0.22244720836936713,0.0,0.22244720836936713,0.3472817805965247
948,batt_tim316,1,316,battery,0.08652006410444915,0.0,0.08652006410444915,0.16544331147314315
949,pltd_tim317,1,317,diesel,0.00807747499999999,0.1155,-0.10742252500000002,0.004426375483009102
950,plts_tim317,1,317,solar,0.16835332332747122,0.0,0.16835332332747122,0.26682983209798017
951,batt_tim317,1,317,battery,0.07071344789768244,0.0,0.07071344789768244,0.11236545402601213
952,pltd_tim318,1,318,diesel,0.006979607999999922,0.0998,-0.09282039200000008,0.0036184369948819403
953,plts_tim318,1,318,solar,0.14538307810869938,0.0,0.14538307810869938,0.2305454322201351
954,batt_tim318,1,318,battery,0.061095330829318506,0.0,0.061095330829318506,0.09715404293531246
955,pltd_tim319,1,319,diesel,0.004313406961871741,0.2086,-0.20428659303812827,0.0005695782086507675
956,plts_tim319,1,319,solar,0.0,0.0,0.0,0.0
957,batt_tim319,1,319,battery,0.005134857019064104,0.0,0.005134857019064104,0.0027790663362992
958,pltd_tim320,1,320,diesel,0.011329798000000058,0.162,-0.15067020199999995,0.005149299640189519
959,plts_tim320,1,320,solar,0.1185546856549436,0.0,0.1185546856549436,0.19031228024131172
960,batt_tim320,1,320,battery,0.08102299999999996,0.0,0.08102299999999996,0.11183348699514686
961,pltd_tim321,1,321,diesel,0.00827168400000041,0.1183,-0.1100283159999996,0.004373147236013283
962,plts_tim321,1,321,solar,0.16780652688420103,0.0,0.16780652688420103,0.2622759800013557
963,batt_tim321,1,321,battery,0.07230809886425335,0.0,0.07230809886425335,0.11518265363378012
964,pltd_tim322,1,322,diesel,0.002617999999999978,0.101,-0.09838200000000002,0.0006609724899583196
965,plts_tim322,1,322,solar,0.0,0.0,0.0,0.0
966,batt_tim322,1,322,battery,0.004446149000000014,0.0,0.004446149000000014,0.0016665383849940527
967,pltd_tim323,1,323,diesel,0.003963143610051928,0.1916,-0.18763685638994806,0.000445461084591298
968,plts_tim323,1,323,solar,0.0,0.0,0.0,0.0
969,batt_tim323,1,323,battery,0.004717287694974037,0.0,0.004717287694974037,0.0025224104201225584
970,pltd_tim324,1,324,diesel,0.003957172254766023,0.1913,-0.18734282774523398,0.0005614527589602818
971,plts_tim324,1,324,solar,0.0,0.0,0.0,0.0
972,batt_tim324,1,324,battery,0.0047097053726169735,0.0,0.0047097053726169735,0.0024806353259470143
973,pltd_tim325,1,325,diesel,0.011071184000000012,0.1583,-0.14722881599999998,0.00521602149832691
974,plts_tim325,1,325,solar,0.11466169476110515,0.0,0.11466169476110515,0.18596722284490402
975,batt_tim325,1,325,battery,0.07917399999999986,0.0,0.07917399999999986,0.1091748494039437
976,pltd_tim326,1,326,diesel,0.007796725000000355,0.1115,-0.10370327499999965,0.004272315738155637
977,plts_tim326,1,326,solar,0.1596853080512885,0.0,0.1596853080512885,0.25759116491042494
978,batt_tim326,1,326,battery,0.0682626989555839,0.0,0.0682626989555839,0.10847012486501374
979,pltd_tim327,1,327,diesel,0.010360741000000034,0.1482,-0.13783925899999996,0.004643270633329845
980,plts_tim327,1,327,solar,0.037961873114193634,0.0,0.037961873114193634,0.06162493219651232
981,batt_tim327,1,327,battery,0.061947314756557154,0.0,0.061947314756557154,0.07963969886103112
982,pltd_tim328,1,328,diesel,0.014043757000000046,0.2009,-0.18685624299999995,0.006030664529446448
983,plts_tim328,1,328,solar,0.0,0.0,0.0,0.0
984,batt_tim328,1,328,battery,0.060623999999999956,0.0,0.060623999999999956,0.0688824514999999
985,pltd_tim329,1,329,diesel,0.006394000000000011,0.2468,-0.24040599999999998,0.0019346189893273925
986,plts_tim329,1,329,solar,0.0,0.0,0.0,0.0
987,batt_tim329,1,329,battery,0.04450981099999998,0.0,0.04450981099999998,0.028870908612033175
988,pltd_tim330,1,330,diesel,0.0018090718140355289,0.0789,-0.07709092818596447,0.0016453987110577571
989,plts_tim330,1,330,solar,0.1792159750567263,0.0,0.1792159750567263,0.2904243264107513
990,batt_tim330,1,330,battery,0.0634229685255403,0.0,0.0634229685255403,0.1260985114605489
991,pltd_tim331,1,331,diesel,0.005403999999999994,0.2086,-0.20319600000000002,0.0016602079921250008
992,plts_tim331,1,331,solar,0.0,0.0,0.0,0.0
993,batt_tim331,1,331,battery,0.03761912099999998,0.0,0.03761912099999998,0.02468816066871143
994,pltd_tim332,1,332,diesel,0.002886551000000015,0.118,-0.11511344899999998,0.0004797070518809547
995,plts_tim332,1,332,solar,0.0,0.0,0.0,0.0
996,batt_tim332,1,332,battery,0.0026814999999999894,0.0,0.0026814999999999894,0.0013860403306952354
997,pltd_tim333,1,333,diesel,0.0,0.5995,-0.5995,0.0
998,plts_tim333,1,333,solar,0.0,0.0,0.0,0.0
999,batt_tim333,1,333,battery,0.028067000000000095,0.0,0.028067000000000095,0.01378775978245718
1000,pltd_tim334,1,334,diesel,0.0036446448457539415,0.1762,-0.17255535515424605,0.0005528636052874135
1001,plts_tim334,1,334,solar,0.0,0.0,0.0,0.0
1002,batt_tim334,1,334,battery,0.004338171577123046,0.0,0.004338171577123046,0.002250245004796983
1003,pltd_tim335,1,335,diesel,0.0,0.3762,-0.3762,0.0
1004,plts_tim335,1,335,solar,0.0,0.0,0.0,0.0
1005,batt_tim335,1,335,battery,0.010258999999999963,0.0,0.010258999999999963,0.005244268172667668
1006,pltd_tim336,1,336,diesel,0.004071632649913337,0.1969,-0.19282836735008665,0.000577648999334053
1007,plts_tim336,1,336,solar,0.0,0.0,0.0,0.0
1008,batt_tim336,1,336,battery,0.004846187175043315,0.0,0.004846187175043315,0.0026558284496575046
1009,pltd_tim337,1,337,diesel,0.0037660735961871855,0.1821,-0.17833392640381282,0.0005713094262062108
1010,plts_tim337,1,337,solar,0.0,0.0,0.0,0.0
1011,batt_tim337,1,337,battery,0.004482235701906429,0.0,0.004482235701906429,0.0024048740698605327
1012,pltd_tim338,1,338,diesel,0.004001962741767728,0.1935,-0.18949803725823228,0.00044982987539016867
1013,plts_tim338,1,338,solar,0.0,0.0,0.0,0.0
1014,batt_tim338,1,338,battery,0.004762781629116142,0.0,0.004762781629116142,0.0023365375226850715
1015,pltd_tim339,1,339,diesel,0.0,0.2511,-0.2511,0.0
1016,plts_tim339,1,339,solar,0.0,0.0,0.0,0.0
1017,batt_tim339,1,339,battery,0.009507526538128225,0.0,0.009507526538128225,0.004191589690067041
1018,pltd_tim340,1,340,diesel,0.005079719000000094,0.2076,-0.2025202809999999,0.0015817434392500246
1019,plts_tim340,1,340,solar,0.0,0.0,0.0,0.0
1020,batt_tim340,1,340,battery,0.051240091204506,0.0,0.051240091204506,0.04380670315857888
1021,pltd_tim341,1,341,diesel,0.0075349999999999515,0.2908,-0.28326500000000004,0.002233323872306491
1022,plts_tim341,1,341,solar,0.0,0.0,0.0,0.0
1023,batt_tim341,1,341,battery,0.05245605800000006,0.0,0.05245605800000006,0.034461332038535075
1024,pltd_tim342,1,342,diesel,0.002825475000000008,0.1155,-0.112674525,0.0004418206212797637
1025,plts_tim342,1,342,solar,0.0,0.0,0.0,0.0
1026,batt_tim342,1,342,battery,0.0026259999999999895,0.0,0.0026259999999999895,0.001339474056514283
1027,pltd_tim343,1,343,diesel,0.011199990999999979,0.1602,-0.14900000900000004,0.0048420534687952585
1028,plts_tim343,1,343,solar,0.0,0.0,0.0,0.0
1029,batt_tim343,1,343,battery,0.04960551755881351,0.0,0.04960551755881351,0.057399546877301415
1030,pltd_tim344,1,344,diesel,0.005618999999999992,0.2169,-0.21128100000000002,0.0016069978714821403
1031,plts_tim344,1,344,solar,0.0,0.0,0.0,0.0
1032,batt_tim344,1,344,battery,0.039119757,0.0,0.039119757,0.025374678879926973
1033,pltd_tim345,1,345,diesel,0.004173999999999997,0.1611,-0.156926,0.0013445321020297428
1034,plts_tim345,1,345,solar,0.0,0.0,0.0,0.0
1035,batt_tim345,1,345,battery,0.029062393000000006,0.0,0.029062393000000006,0.019092615612065846
1036,pltd_tim346,1,346,diesel,0.0056270000000000165,0.2172,-0.21157299999999998,0.0017284642138690766
1037,plts_tim346,1,346,solar,0.0,0.0,0.0,0.0
1038,batt_tim346,1,346,battery,0.03917589,0.0,0.03917589,0.02543526579887915
1039,pltd_tim347,1,347,diesel,0.007711000000000003,0.2976,-0.28988899999999995,0.002396979022261906
1040,plts_tim347,1,347,solar,0.0,0.0,0.0,0.0
1041,batt_tim347,1,347,battery,0.053678019999999986,0.0,0.053678019999999986,0.03529751859389672
1042,pltd_tim348,1,348,diesel,0.008292820000000003,0.1186,-0.11030717999999999,0.003927126633891302
1043,plts_tim348,1,348,solar,0.1618599808797109,0.0,0.1618599808797109,0.2723891441630579
1044,batt_tim348,1,348,battery,0.07161283598284501,0.0,0.07161283598284501,0.11207942986335391
1045,pltd_tim349,1,349,diesel,0.008712593000000046,0.3561,-0.347387407,0.0010197826337678619
1046,plts_tim349,1,349,solar,0.0,0.0,0.0,0.0
1047,batt_tim349,1,349,battery,0.00809399999999999,0.0,0.00809399999999999,0.0041285997766285654
1048,pltd_tim350,1,350,diesel,0.005384648999999995,0.077,-0.07161535100000001,0.0029392444768451933
1049,plts_tim350,1,350,solar,0.10989817127684122,0.0,0.10989817127684122,0.17789640092541725
1050,batt_tim350,1,350,battery,0.04714325593481178,0.0,0.04714325593481178,0.0747481349419444
1051,pltd_tim351,1,351,diesel,0.005901880000000012,0.0844,-0.07849811999999999,0.00294889982488224
1052,plts_tim351,1,351,solar,0.10750226110531948,0.0,0.10750226110531948,0.17232295323512453
1053,batt_tim351,1,351,battery,0.049879999999999994,0.0,0.049879999999999994,0.07689889881917492
1054,pltd_tim352,1,352,diesel,0.00335799685788557,0.1624,-0.15904200314211442,0.00041038349588226586
1055,plts_tim352,1,352,solar,0.0,0.0,0.0,0.0
1056,batt_tim352,1,352,battery,0.003996967071057206,0.0,0.003996967071057206,0.0020140341736816047
1057,pltd_tim353,1,353,diesel,0.0018235729999998423,0.0746,-0.07277642700000016,0.0010999785863782352
1058,plts_tim353,1,353,solar,0.11369770761415238,0.0,0.11369770761415238,0.18419210549824871
1059,batt_tim353,1,353,battery,0.0491352205217076,0.0,0.0491352205217076,0.0736158132287833
1060,pltd_tim354,1,354,diesel,0.004282371000000007,0.2366,-0.232317629,0.000589182876750001
1061,plts_tim354,1,354,solar,0.0,0.0,0.0,0.0
1062,batt_tim354,1,354,battery,0.0061299999999999966,0.0,0.0061299999999999966,0.0028726033766666662
1063,pltd_tim355,1,355,diesel,0.0,0.3025,-0.3025,0.0
1064,plts_tim355,1,355,solar,0.0,0.0,0.0,0.0
1065,batt_tim355,1,355,battery,0.011916161178509504,0.0,0.011916161178509504,0.00494910088599268
1066,pltd_tim356,1,356,diesel,0.0047597470000001335,0.0681,-0.06334025299999986,0.0025502271993910063
1067,plts_tim356,1,356,solar,0.09759626712974959,0.0,0.09759626712974959,0.15725257099041137
1068,batt_tim356,1,356,battery,0.04167434339929699,0.0,0.04167434339929699,0.06625701482113645
1069,pltd_tim357,1,357,diesel,0.0019789999999999964,0.0764,-0.074421,0.0006180250241666587
1070,plts_tim357,1,357,solar,0.0,0.0,0.0,0.0
1071,batt_tim357,1,357,battery,0.013781380000000008,0.0,0.013781380000000008,0.009053840646853148
1072,pltd_tim358,1,358,diesel,0.009132070000000006,0.1306,-0.12146792999999999,0.004104026402023818
1073,plts_tim358,1,358,solar,0.0,0.0,0.0,0.0
1074,batt_tim358,1,358,battery,0.04156199999999999,0.0,0.04156199999999999,0.048938430287123844
1075,pltd_tim359,1,359,diesel,0.006010550999999857,0.086,-0.07998944900000013,0.003383779922997129
1076,plts_tim359,1,359,solar,0.123843324671187,0.0,0.123843324671187,0.20135593275794783
1077,batt_tim359,1,359,battery,0.05263756286627452,0.0,0.05263756286627452,0.08358119324118939
1078,pltd_tim360,1,360,diesel,0.008938857999999994,0.1279,-0.11896114200000002,0.003902285543309527
1079,plts_tim360,1,360,solar,0.019452991358336027,0.0,0.019452991358336027,0.03133238849711382
1080,batt_tim360,1,360,battery,0.05011527043821483,0.0,0.05011527043821483,0.06460613235549292
1081,pltd_tim361,1,361,diesel,0.00477020000000003,0.195,-0.19022979999999998,0.0005583151321428612
1082,plts_tim361,1,361,solar,0.0,0.0,0.0,0.0
1083,batt_tim361,1,361,battery,0.0044319999999999915,0.0,0.0044319999999999915,0.0022539912306285656
1084,pltd_tim362,1,362,diesel,0.004844999999999987,0.187,-0.182155,0.0014583552910714277
1085,plts_tim362,1,362,solar,0.0,0.0,0.0,0.0
1086,batt_tim362,1,362,battery,0.0337297,0.0,0.0337297,0.02215900811845428
1087,pltd_tim363,1,363,diesel,0.006783136999999939,0.2773,-0.27051686300000005,0.0009272947733988005
1088,plts_tim363,1,363,solar,0.0,0.0,0.0,0.0
1089,batt_tim363,1,363,battery,0.006301500000000015,0.0,0.006301500000000015,0.0032666938791142816
1090,pltd_tim364,1,364,diesel,0.007711186999999967,0.1103,-0.10258881300000003,0.003753639734672605
1091,plts_tim364,1,364,solar,0.13852544584344326,0.0,0.13852544584344326,0.2251465845956381
1092,batt_tim364,1,364,battery,0.06517100000000002,0.0,0.06517100000000002,0.10069136145311351
1093,pltd_tim365,1,365,diesel,0.004120465999999989,0.2277,-0.22357953400000002,0.0006478942253333316
1094,plts_tim365,1,365,solar,0.0,0.0,0.0,0.0
1095,batt_tim365,1,365,battery,0.005899000000000015,0.0,0.005899000000000015,0.002870972772800008
1096,pltd_tim366,1,366,diesel,0.004007000000000014,0.1547,-0.150693,0.0012579688593988105
1097,plts_tim366,1,366,solar,0.0,0.0,0.0,0.0
1098,batt_tim366,1,366,battery,0.027895566999999965,0.0,0.027895566999999965,0.018326106569956622
1099,pltd_tim367,1,367,diesel,0.01148074100000001,0.1642,-0.152719259,0.004847536948982135
1100,plts_tim367,1,367,solar,0.0,0.0,0.0,0.0
1101,batt_tim367,1,367,battery,0.052245999999999994,0.0,0.052245999999999994,0.06154186947981541
1102,pltd_tim368,1,368,diesel,0.0008931882666666757,0.0471,-0.046206811733333325,0.000921658642666672
1103,plts_tim368,1,368,solar,0.12854806384912,0.0,0.12854806384912,0.20850454568247384
1104,batt_tim368,1,368,battery,0.054177883367117916,0.0,0.054177883367117916,0.10182688139626014
1105,pltd_tim369,1,369,diesel,0.006160494000000089,0.0881,-0.08193950599999991,0.00328486686028165
1106,plts_tim369,1,369,solar,0.1255046863103632,0.0,0.1255046863103632,0.2035028367397824
1107,batt_tim369,1,369,battery,0.05393158649764716,0.0,0.05393158649764716,0.08578342296203634
1108,pltd_tim370,1,370,diesel,0.005039496999999997,0.0721,-0.067060503,0.0027379868220188904
1109,plts_tim370,1,370,solar,0.10303589653980423,0.0,0.10303589653980423,0.1688754222851528
1110,batt_tim370,1,370,battery,0.044147002289449996,0.0,0.044147002289449996,0.06995449622976531
1111,pltd_tim371,1,371,diesel,0.00449935500000001,0.1839,-0.179400645,0.0006593481754166681
1112,plts_tim371,1,371,solar,0.0,0.0,0.0,0.0
1113,batt_tim371,1,371,battery,0.004179999999999989,0.0,0.004179999999999989,0.002207987984190471
1114,pltd_tim372,1,372,diesel,0.004589999999999998,0.1771,-0.17251,0.000933055024648813
1115,plts_tim372,1,372,solar,0.0,0.0,0.0,0.0
1116,batt_tim372,1,372,battery,0.007795392999999989,0.0,0.007795392999999989,0.002963233935256818
1117,pltd_tim373,1,373,diesel,0.0049385449688042204,0.2388,-0.2338614550311958,0.0005550240753999316
1118,plts_tim373,1,373,solar,0.0,0.0,0.0,0.0
1119,batt_tim373,1,373,battery,0.005877383015597898,0.0,0.005877383015597898,0.0029615581101345195
1120,pltd_tim374,1,374,diesel,0.006678250999999996,0.273,-0.26632174900000005,0.0009129318792440465
1121,plts_tim374,1,374,solar,0.0,0.0,0.0,0.0
1122,batt_tim374,1,374,battery,0.006203500000000001,0.0,0.006203500000000001,0.0032158907369809523
1123,pltd_tim375,1,375,diesel,0.0023549999999999925,0.0909,-0.088545,0.0008122561209642816
1124,plts_tim375,1,375,solar,0.0,0.0,0.0,0.0
1125,batt_tim375,1,375,battery,0.01639170599999998,0.0,0.01639170599999998,0.010632217725761622
1126,pltd_tim376,1,376,diesel,0.007452569999999992,0.1066,-0.09914743000000001,0.003380619261888244
1127,plts_tim376,1,376,solar,0.01726545383005649,0.0,0.01726545383005649,0.028303681467230425
1128,batt_tim376,1,376,battery,0.04245123419772717,0.0,0.04245123419772717,0.05502922782626973
1129,pltd_tim377,1,377,diesel,0.0029466269999999933,0.1205,-0.117553373,0.00043175397308333217
1130,plts_tim377,1,377,solar,0.0,0.0,0.0,0.0
1131,batt_tim377,1,377,battery,0.0027380000000000043,0.0,0.0027380000000000043,0.0015182866598476212
1132,pltd_tim378,1,378,diesel,0.012406529,0.1774,-0.164993471,0.005997413298562145
1133,plts_tim378,1,378,solar,0.24196895627135145,0.0,0.24196895627135145,0.40752883454685784
1134,batt_tim378,1,378,battery,0.10714062277766215,0.0,0.10714062277766215,0.16815158466027635
1135,pltd_tim379,1,379,diesel,0.01197583599999999,0.1713,-0.15932416400000002,0.006439335698922115
1136,plts_tim379,1,379,solar,0.23974125813255373,0.0,0.23974125813255373,0.401291744019578
1137,batt_tim379,1,379,battery,0.10489801379548931,0.0,0.10489801379548931,0.16668338345390812
1138,pltd_tim380,1,380,diesel,0.0030596459999999506,0.1251,-0.12204035400000005,0.0018424492720833117
1139,plts_tim380,1,380,solar,0.18458612441425173,0.0,0.18458612441425173,0.31142254165119815
1140,batt_tim380,1,380,battery,0.08245553290525216,0.0,0.08245553290525216,0.1235354146254985
1141,pltd_tim381,1,381,diesel,0.0010508999466666699,0.0555,-0.05444910005333333,0.0010843973824666694
1142,plts_tim381,1,381,solar,0.15336974078199903,0.0,0.15336974078199903,0.24529973471915675
1143,batt_tim381,1,381,battery,0.06373991000260701,0.0,0.06373991000260701,0.11980299309948461
1144,pltd_tim382,1,382,diesel,0.010985642999999982,0.1571,-0.146114357,0.005798909711953903
1145,plts_tim382,1,382,solar,0.22071907657407072,0.0,0.22071907657407072,0.36809794946272406
1146,batt_tim382,1,382,battery,0.09621974402962397,0.0,0.09621974402962397,0.15279813452711505
1147,pltd_tim383,1,383,diesel,0.0021694774134555506,0.0946,-0.09243052258654445,0.001973191694093272
1148,plts_tim383,1,383,solar,0.213338848577649,0.0,0.213338848577649,0.34828324383213743
1149,batt_tim383,1,383,battery,0.07605767080116403,0.0,0.07605767080116403,0.15121970383307243
1150,pltd_tim384,1,384,diesel,0.011179854999999891,0.1599,-0.14872014500000008,0.005736249040665867
1151,plts_tim384,1,384,solar,0.21711675900779123,0.0,0.21711675900779123,0.3451154474381054
1152,batt_tim384,1,384,battery,0.09633136209092044,0.0,0.09633136209092044,0.1514368638484069
1153,pltd_tim385,1,385,diesel,0.000718095573333326,0.0379,-0.037181904426666676,0.0007409848697333267
1154,plts_tim385,1,385,solar,0.10285394731463206,0.0,0.10285394731463206,0.1676209879250818
1155,batt_tim385,1,385,battery,0.043555040493332364,0.0,0.043555040493332364,0.08186226808549064
1156,pltd_tim386,1,386,diesel,0.0032734589999999994,0.0468,-0.043526541,0.0016733446181130894
1157,plts_tim386,1,386,solar,0.059566727663616814,0.0,0.059566727663616814,0.09559241650429778
1158,batt_tim386,1,386,battery,0.027671,0.0,0.027671,0.04260111896882672
1159,pltd_tim387,1,387,diesel,0.005299999999999999,0.2046,-0.1993,0.0012334403924226162
1160,plts_tim387,1,387,solar,0.0,0.0,0.0,0.0
1161,batt_tim387,1,387,battery,0.009002371000000009,0.0,0.009002371000000009,0.003360746193872472
1162,pltd_tim388,1,388,diesel,0.0046098040000000055,0.0659,-0.06129019599999999,0.0024879166260303297
1163,plts_tim388,1,388,solar,0.09467742507997055,0.0,0.09467742507997055,0.1544433070811027
1164,batt_tim388,1,388,battery,0.04037334852064502,0.0,0.04037334852064502,0.06402226963428542
1165,pltd_tim389,1,389,diesel,0.0006173487512380963,0.0428,-0.0421826512487619,0.0006284943284108851
1166,plts_tim389,1,389,solar,0.11539233208916484,0.0,0.11539233208916484,0.1883802240014374
1167,batt_tim389,1,389,battery,0.048989674623163414,0.0,0.048989674623163414,0.09105427460078873
1168,pltd_tim390,1,390,diesel,0.00450213000000001,0.0644,-0.05989786999999999,0.0023678503014415496
1169,plts_tim390,1,390,solar,0.09090997241179032,0.0,0.09090997241179032,0.1486958054556761
1170,batt_tim390,1,390,battery,0.0394106911717729,0.0,0.0394106911717729,0.06262371532542087
1171,pltd_tim391,1,391,diesel,0.0064835130000001386,0.0927,-0.08621648699999987,0.0031322326319079266
1172,plts_tim391,1,391,solar,0.12904122777744334,0.0,0.12904122777744334,0.21010389473741076
1173,batt_tim391,1,391,battery,0.0559616310471156,0.0,0.0559616310471156,0.08755305996028263
1174,pltd_tim392,1,392,diesel,0.011803760000000031,0.1688,-0.15699623999999998,0.004909193913333344
1175,plts_tim392,1,392,solar,0.0,0.0,0.0,0.0
1176,batt_tim392,1,392,battery,0.05095399999999998,0.0,0.05095399999999998,0.0578959652083333
1177,pltd_tim393,1,393,diesel,0.008917722000000003,0.1275,-0.118582278,0.00397677910664732
1178,plts_tim393,1,393,solar,0.0,0.0,0.0,0.0
1179,batt_tim393,1,393,battery,0.04115811186059583,0.0,0.04115811186059583,0.049463804456402305
1180,pltd_tim394,1,394,diesel,0.00096324586666668,0.0508,-0.04983675413333332,0.0009939493286666805
1181,plts_tim394,1,394,solar,0.15645243628809166,0.0,0.15645243628809166,0.22485744890247097
1182,batt_tim394,1,394,battery,0.058431477544599965,0.0,0.058431477544599965,0.10981784903234607
1183,pltd_tim395,1,395,diesel,0.021734031999999997,0.1054,-0.083665968,0.016407013961215678
1184,plts_tim395,1,395,solar,0.13821037136180636,0.0,0.13821037136180636,0.20225629729382483
1185,batt_tim395,1,395,battery,0.0497398881485822,0.0,0.0497398881485822,0.09161281560997098
1186,pltd_tim396,1,396,diesel,0.03152076000000001,0.1528,-0.12127923999999998,0.023280100042055833
1187,plts_tim396,1,396,solar,0.10088888947629814,0.0,0.10088888947629814,0.14677487152123989
1188,batt_tim396,1,396,battery,0.055565,0.0,0.055565,0.09103936640950544
1189,pltd_tim397,1,397,diesel,0.0045665350000000035,0.0653,-0.06073346499999999,0.0020522988885119018
1190,plts_tim397,1,397,solar,0.0,0.0,0.0,0.0
1191,batt_tim397,1,397,battery,0.020781000000000008,0.0,0.020781000000000008,0.024469812535209547
1192,pltd_tim398,1,398,diesel,0.006051823000000116,0.0866,-0.08054817699999989,0.0032464656663698994
1193,plts_tim398,1,398,solar,0.12551680904610693,0.0,0.12551680904610693,0.20279405666354652
1194,batt_tim398,1,398,battery,0.053015403853281184,0.0,0.053015403853281184,0.08418078870987143
1195,pltd_tim399,1,399,diesel,0.00788326300000005,0.1128,-0.10491673699999995,0.004344450246829546
1196,plts_tim399,1,399,solar,0.15650774610322662,0.0,0.15650774610322662,0.2499861449186508
1197,batt_tim399,1,399,battery,0.06891844455612936,0.0,0.06891844455612936,0.10957543676303282
1198,pltd_tim400,1,400,diesel,0.0025540000000000007,0.0986,-0.09604599999999999,0.0006193208606547616
1199,plts_tim400,1,400,solar,0.0,0.0,0.0,0.0
1200,batt_tim400,1,400,battery,0.004339070000000014,0.0,0.004339070000000014,0.0016854865748940052
1201,pltd_tim401,1,401,diesel,0.00745256999999994,0.1066,-0.09914743000000006,0.004083418712088032
1202,plts_tim401,1,401,solar,0.15399084900562152,0.0,0.15399084900562152,0.2461795496392981
1203,batt_tim401,1,401,battery,0.06524463802650815,0.0,0.06524463802650815,0.10367638905834087
1204,pltd_tim402,1,402,diesel,0.001664747000000022,0.0681,-0.06643525299999997,0.0010300508297547727
1205,plts_tim402,1,402,solar,0.12198083179938005,0.0,0.12198083179938005,0.19690298345095714
1206,batt_tim402,1,402,battery,0.04914499999999998,0.0,0.04914499999999998,0.08313770802280183
1207,pltd_tim403,1,403,diesel,0.009025396000000005,0.1291,-0.12007460399999999,0.0045705853838809525
1208,plts_tim403,1,403,solar,0.16472983773240274,0.0,0.16472983773240274,0.26350992019880026
1209,batt_tim403,1,403,battery,0.076276,0.0,0.076276,0.11784512447060587
1210,pltd_tim404,1,404,diesel,0.015207026000000026,0.2175,-0.20229297399999996,0.006420186569452394
1211,plts_tim404,1,404,solar,0.0,0.0,0.0,0.0
1212,batt_tim404,1,404,battery,0.06920399999999999,0.0,0.06920399999999999,0.08151649109567856
1213,pltd_tim405,1,405,diesel,0.014022620999999957,0.2006,-0.18657737900000004,0.005888151671367212
1214,plts_tim405,1,405,solar,0.0,0.0,0.0,0.0
1215,batt_tim405,1,405,battery,0.062101869076031394,0.0,0.062101869076031394,0.0718595840091346
1216,pltd_tim406,1,406,diesel,0.0030301080000000036,0.1238,-0.12076989199999999,0.0004440306715000011
1217,plts_tim406,1,406,solar,0.0,0.0,0.0,0.0
1218,batt_tim406,1,406,battery,0.0028144999999999976,0.0,0.0028144999999999976,0.0015457939233285724
1219,pltd_tim407,1,407,diesel,0.004217857632582311,0.2039,-0.1996821423674177,0.0005983907157284797
1220,plts_tim407,1,407,solar,0.0,0.0,0.0,0.0
1221,batt_tim407,1,407,battery,0.00502112218370887,0.0,0.00502112218370887,0.0026772963485237815
1222,pltd_tim408,1,408,diesel,0.0033828792790294437,0.1636,-0.16021712072097055,0.0004467464102838134
1223,plts_tim408,1,408,solar,0.0,0.0,0.0,0.0
1224,batt_tim408,1,408,battery,0.004027296360485292,0.0,0.004027296360485292,0.0019447505748947844
1225,pltd_tim409,1,409,diesel,0.0014468420000000315,0.0591,-0.05765315799999997,0.0008835182745071559
1226,plts_tim409,1,409,solar,0.10059888765545623,0.0,0.10059888765545623,0.16314438497581435
1227,batt_tim409,1,409,battery,0.041942999999999966,0.0,0.041942999999999966,0.06901182958264207
1228,pltd_tim410,1,410,diesel,0.001971999999999998,0.0761,-0.074128,0.0006515570227857091
1229,plts_tim410,1,410,solar,0.0,0.0,0.0,0.0
1230,batt_tim410,1,410,battery,0.013725244000000001,0.0,0.013725244000000001,0.009016762520622891
1231,pltd_tim411,1,411,diesel,0.011093316999999991,0.1587,-0.14760668300000002,0.004839128053815907
1232,plts_tim411,1,411,solar,0.026237639240647426,0.0,0.026237639240647426,0.042129987229821475
1233,batt_tim411,1,411,battery,0.06318554783574758,0.0,0.06318554783574758,0.08190636539349365
1234,pltd_tim412,1,412,diesel,0.010274203000000037,0.147,-0.13672579699999995,0.0047098190008293605
1235,plts_tim412,1,412,solar,0.10790469038220064,0.0,0.10790469038220064,0.1725820604168045
1236,batt_tim412,1,412,battery,0.07347499999999997,0.0,0.07347499999999997,0.10135139408066411
1237,pltd_tim413,1,413,diesel,0.004964999999999959,0.1916,-0.18663500000000002,0.001551051228589241
1238,plts_tim413,1,413,solar,0.0,0.0,0.0,0.0
1239,batt_tim413,1,413,battery,0.03456271900000006,0.0,0.03456271900000006,0.022706348267494104
1240,pltd_tim414,1,414,diesel,0.0,0.1719,-0.1719,0.0
1241,plts_tim414,1,414,solar,0.0,0.0,0.0,0.0
1242,batt_tim414,1,414,battery,0.004688000000000056,0.0,0.004688000000000056,0.002228563499662408
1243,pltd_tim415,1,415,diesel,0.0035341270000000258,0.1445,-0.14096587299999996,0.0005526123521131004
1244,plts_tim415,1,415,solar,0.0,0.0,0.0,0.0
1245,batt_tim415,1,415,battery,0.0032839999999999814,0.0,0.0032839999999999814,0.0017024236608761862
1246,pltd_tim416,1,416,diesel,0.004026842162911715,0.1947,-0.1906731578370883,0.0003734188857922046
1247,plts_tim416,1,416,solar,0.0,0.0,0.0,0.0
1248,batt_tim416,1,416,battery,0.004793110918544147,0.0,0.004793110918544147,0.0025868727755941883
1249,pltd_tim417,1,417,diesel,0.002412076000000143,0.0345,-0.03208792399999986,0.0012950208507862104
1250,plts_tim417,1,417,solar,0.0496562146538336,0.0,0.0496562146538336,0.07968806982350639
1251,batt_tim417,1,417,battery,0.02111956859057096,0.0,0.02111956859057096,0.0335043721597731
1252,pltd_tim418,1,418,diesel,0.0039627659999999995,0.0567,-0.052737234,0.0018090812153398197
1253,plts_tim418,1,418,solar,0.009378236490587034,0.0,0.009378236490587034,0.015050151718029868
1254,batt_tim418,1,418,battery,0.02257525136688833,0.0,0.02257525136688833,0.029248016430878283
1255,pltd_tim419,1,419,diesel,0.0011907689599999982,0.0628,-0.06160923104,0.0012287247205999966
1256,plts_tim419,1,419,solar,0.17458476815878204,0.0,0.17458476815878204,0.27800669580249066
1257,batt_tim419,1,419,battery,0.0722451930807422,0.0,0.0722451930807422,0.13577983459468598
1258,pltd_tim420,1,420,diesel,0.005750937000000105,0.0823,-0.07654906299999989,0.003124767021101023
1259,plts_tim420,1,420,solar,0.12112676594329104,0.0,0.12112676594329104,0.1927080817986703
1260,batt_tim420,1,420,battery,0.05037371286812897,0.0,0.05037371286812897,0.0799875033160466
1261,pltd_tim421,1,421,diesel,0.0007064380799999918,0.0373,-0.03659356192000001,0.0007289557937999925
1262,plts_tim421,1,421,solar,0.10380718153206404,0.0,0.10380718153206404,0.1648954685533346
1263,batt_tim421,1,421,battery,0.04284755240171468,0.0,0.04284755240171468,0.08053104102179705
1264,pltd_tim422,1,422,diesel,0.008336088999999252,0.1192,-0.11086391100000074,0.004152796877183154
1265,plts_tim422,1,422,solar,0.16121917336425148,0.0,0.16121917336425148,0.2573468309689667
1266,batt_tim422,1,422,battery,0.07183214154987165,0.0,0.07183214154987165,0.11309126319168782
1267,pltd_tim423,1,423,diesel,0.013656332999999979,0.1953,-0.181643667,0.005954418798171672
1268,plts_tim423,1,423,solar,0.0,0.0,0.0,0.0
1269,batt_tim423,1,423,battery,0.06048049471530856,0.0,0.06048049471530856,0.06998346471168607
1270,pltd_tim424,1,424,diesel,0.007237224999999806,0.1035,-0.09626277500000019,0.0038234364507070454
1271,plts_tim424,1,424,solar,0.1501683131720809,0.0,0.1501683131720809,0.23910391988095753
1272,batt_tim424,1,424,battery,0.06335992113744471,0.0,0.06335992113744471,0.1007504664596615
1273,pltd_tim425,1,425,diesel,0.012600738000000014,0.1802,-0.16759926199999997,0.005647197430592884
1274,plts_tim425,1,425,solar,0.13660246000269816,0.0,0.13660246000269816,0.22886191735531025
1275,batt_tim425,1,425,battery,0.09011199999999997,0.0,0.09011199999999997,0.12347253667802562
1276,pltd_tim426,1,426,diesel,0.0009457520000000022,0.0499,-0.048954248,0.0009758978449999994
1277,plts_tim426,1,426,solar,0.13115299276337256,0.0,0.13115299276337256,0.22076976357037068
1278,batt_tim426,1,426,battery,0.05737030561632017,0.0,0.05737030561632017,0.10782279405015005
1279,pltd_tim427,1,427,diesel,0.014583120999999977,0.2086,-0.19401687900000003,0.006378937657261897
1280,plts_tim427,1,427,solar,0.023892575355472265,0.0,0.023892575355472265,0.0390891970382791
1281,batt_tim427,1,427,battery,0.07787174298529283,0.0,0.07787174298529283,0.09826835376622699
1282,pltd_tim428,1,428,diesel,0.015163757,0.2169,-0.201736243,0.0062183405658066656
1283,plts_tim428,1,428,solar,0.0,0.0,0.0,0.0
1284,batt_tim428,1,428,battery,0.06715764950562567,0.0,0.06715764950562567,0.07771020025058237
1285,pltd_tim429,1,429,diesel,0.008702377000000011,0.1245,-0.11579762299999999,0.00466814776854564
1286,plts_tim429,1,429,solar,0.17625807680307,0.0,0.17625807680307,0.29160761942472535
1287,batt_tim429,1,429,battery,0.07622093605902971,0.0,0.07622093605902971,0.12075604896164818
1288,pltd_tim430,1,430,diesel,0.011028911999999974,0.1577,-0.14667108800000003,0.0049346751643316936
1289,plts_tim430,1,430,solar,0.025914214783095295,0.0,0.025914214783095295,0.041882126347894635
1290,batt_tim430,1,430,battery,0.06281724536037502,0.0,0.06281724536037502,0.08149728054439326
1291,pltd_tim431,1,431,diesel,0.009348414999999999,0.1337,-0.12435158500000001,0.004642303001726192
1292,plts_tim431,1,431,solar,0.1694338838204291,0.0,0.1694338838204291,0.2729395185413749
1293,batt_tim431,1,431,battery,0.079006,0.0,0.079006,0.12192084245148306
1294,pltd_tim432,1,432,diesel,0.009412820000000231,0.1346,-0.12518717999999976,0.0046401494606328
1295,plts_tim432,1,432,solar,0.18456632312085783,0.0,0.18456632312085783,0.30503645354830417
1296,batt_tim432,1,432,battery,0.08124729226497318,0.0,0.08124729226497318,0.12764486075509274
1297,pltd_tim433,1,433,diesel,0.0035620352270364086,0.1722,-0.16863796477296358,0.0005053758512746983
1298,plts_tim433,1,433,solar,0.0,0.0,0.0,0.0
1299,batt_tim433,1,433,battery,0.0042396013864818005,0.0,0.0042396013864818005,0.002149094562226624
1300,pltd_tim434,1,434,diesel,0.0020496110000000275,0.0838,-0.08175038899999998,0.0013207677367083458
1301,plts_tim434,1,434,solar,0.15086829268292679,0.0,0.15086829268292679,0.24809853213658536
1302,batt_tim434,1,434,battery,0.060941999999999975,0.0,0.060941999999999975,0.10427511224390246
1303,pltd_tim435,1,435,diesel,0.002086941035312234,0.0869,-0.08481305896468777,0.0019517165802925241
1304,plts_tim435,1,435,solar,0.19339454419400354,0.0,0.19339454419400354,0.3046268667462671
1305,batt_tim435,1,435,battery,0.0687251749783312,0.0,0.0687251749783312,0.13387552590587343
1306,pltd_tim436,1,436,diesel,0.00805633899999977,0.1152,-0.10714366100000022,0.004345683782787204
1307,plts_tim436,1,436,solar,0.16725434100281816,0.0,0.16725434100281816,0.26611361522086596
1308,batt_tim436,1,436,battery,0.07052441363712725,0.0,0.07052441363712725,0.11218021573459719
1309,pltd_tim437,1,437,diesel,0.014260101999999997,0.2039,-0.189639898,0.006391044641770999
1310,plts_tim437,1,437,solar,0.04052973687799687,0.0,0.04052973687799687,0.06686743923671531
1311,batt_tim437,1,437,battery,0.08288262112447954,0.0,0.08288262112447954,0.10645716004121439
1312,pltd_tim438,1,438,diesel,0.004249791597920299,0.2055,-0.2012502084020797,0.0005612008970163461
1313,plts_tim438,1,438,solar,0.0,0.0,0.0,0.0
1314,batt_tim438,1,438,battery,0.005058492201039877,0.0,0.005058492201039877,0.002739298303004054
1315,pltd_tim439,1,439,diesel,0.001238599600000001,0.0961,-0.0948614004,0.0012807348086986226
1316,plts_tim439,1,439,solar,0.21698533582787652,0.0,0.21698533582787652,0.3557172971281234
1317,batt_tim439,1,439,battery,0.07691568483435868,0.0,0.07691568483435868,0.14839396315452735
1318,pltd_tim440,1,440,diesel,0.005779382312964335,0.0863,-0.08052061768703567,0.0032183840347788863
1319,plts_tim440,1,440,solar,0.13566899336110563,0.0,0.13566899336110563,0.21382383036663818
1320,batt_tim440,1,440,battery,0.05514430468703567,0.0,0.05514430468703567,0.09102406743416352
1321,pltd_tim441,1,441,diesel,0.002712456000000016,0.1109,-0.10818754399999998,0.0004240941389285742
1322,plts_tim441,1,441,solar,0.0,0.0,0.0,0.0
1323,batt_tim441,1,441,battery,0.002520499999999995,0.0,0.002520499999999995,0.001363356501580951
1324,pltd_tim442,1,442,diesel,0.004889553999999997,0.0699,-0.065010446,0.0021622744185155114
1325,plts_tim442,1,442,solar,0.0,0.0,0.0,0.0
1326,batt_tim442,1,442,battery,0.021654445277872483,0.0,0.021654445277872483,0.025057082519931214
1327,pltd_tim443,1,443,diesel,0.0,0.2252,-0.2252,0.0
1328,plts_tim443,1,443,solar,0.0,0.0,0.0,0.0
1329,batt_tim443,1,443,battery,0.008870233968804153,0.0,0.008870233968804153,0.003697415506412313
1330,pltd_tim444,1,444,diesel,0.0020193924367417626,0.0977,-0.09568060756325823,0.00030633835329536916
1331,plts_tim444,1,444,solar,0.0,0.0,0.0,0.0
1332,batt_tim444,1,444,battery,0.0024041377816291093,0.0,0.0024041377816291093,0.0013175259821222216
1333,pltd_tim445,1,445,diesel,0.0,0.2991,-0.2991,0.0
1334,plts_tim445,1,445,solar,0.0,0.0,0.0,0.0
1335,batt_tim445,1,445,battery,0.011782387348353629,0.0,0.011782387348353629,0.00514515007555089
1336,pltd_tim446,1,446,diesel,0.002790672237435038,0.1349,-0.13210932776256495,0.00036848508241420604
1337,plts_tim446,1,446,solar,0.0,0.0,0.0,0.0
1338,batt_tim446,1,446,battery,0.003322140381282479,0.0,0.003322140381282479,0.001608191302519189
1339,pltd_tim447,1,447,diesel,0.0,0.1359,-0.1359,0.0
1340,plts_tim447,1,447,solar,0.0,0.0,0.0,0.0
1341,batt_tim447,1,447,battery,0.005350953206239165,0.0,0.005350953206239165,0.0021181929789490807
1342,pltd_tim448,1,448,diesel,0.0026839149999999534,0.1097,-0.10701608500000005,0.0004988080801785615
1343,plts_tim448,1,448,solar,0.0,0.0,0.0,0.0
1344,batt_tim448,1,448,battery,0.0024925000000000225,0.0,0.0024925000000000225,0.001382151022523813
1345,pltd_tim449,1,449,diesel,0.002905215821490434,0.1405,-0.13759478417850957,0.000469256349824248
1346,plts_tim449,1,449,solar,0.0,0.0,0.0,0.0
1347,batt_tim449,1,449,battery,0.0034580805892547584,0.0,0.0034580805892547584,0.0018951122766051743
1348,pltd_tim450,1,450,diesel,0.0,0.2659,-0.2659,0.0
1349,plts_tim450,1,450,solar,0.0,0.0,0.0,0.0
1350,batt_tim450,1,450,battery,0.012448000000000015,0.0,0.012448000000000015,0.006011470553904763
1351,pltd_tim451,1,451,diesel,0.0,0.7631,-0.7631,0.0
1352,plts_tim451,1,451,solar,0.0,0.0,0.0,0.0
1353,batt_tim451,1,451,battery,0.361792,0.0,0.361792,0.3048696253800504
1354,pltd_tim452,1,452,diesel,0.0,0.2409,-0.2409,0.0
1355,plts_tim452,1,452,solar,0.0,0.0,0.0,0.0
1356,batt_tim452,1,452,battery,0.006570000000000036,0.0,0.006570000000000036,0.0034131873130405508
1357,pltd_tim453,1,453,diesel,0.004360254000000008,0.2409,-0.236539746,0.0004713486481785723
1358,plts_tim453,1,453,solar,0.0,0.0,0.0,0.0
1359,batt_tim453,1,453,battery,0.0062419999999999976,0.0,0.0062419999999999976,0.0032614798098952375
1360,pltd_tim454,1,454,diesel,0.0,0.2828,-0.2828,0.0
1361,plts_tim454,1,454,solar,0.0,0.0,0.0,0.0
1362,batt_tim454,1,454,battery,0.011140056325823175,0.0,0.011140056325823175,0.0050257236415091455
1363,pltd_tim455,1,455,diesel,0.0,0.1805,-0.1805,0.0
1364,plts_tim455,1,455,solar,0.0,0.0,0.0,0.0
1365,batt_tim455,1,455,battery,0.0058163988657845165,0.0,0.0058163988657845165,0.0025641507339238144
1366,pltd_tim456,1,456,diesel,0.016822120999999995,0.2406,-0.223777879,0.007396058486053137
1367,plts_tim456,1,456,solar,0.0,0.0,0.0,0.0
1368,batt_tim456,1,456,battery,0.07450328537333792,0.0,0.07450328537333792,0.0862102215689568
1369,pltd_tim457,1,457,diesel,0.013656332999999979,0.1953,-0.181643667,0.006017552162524545
1370,plts_tim457,1,457,solar,0.047122457087388575,0.0,0.047122457087388575,0.07895176839040724
1371,batt_tim457,1,457,battery,0.08091347991841318,0.0,0.08091347991841318,0.10362238424490913
1372,pltd_tim458,1,458,diesel,0.008045999999999998,0.3105,-0.302454,0.001556078418238095
1373,plts_tim458,1,458,solar,0.0,0.0,0.0,0.0
1374,batt_tim458,1,458,battery,0.01366667199999999,0.0,0.01366667199999999,0.005195061525752989
1375,pltd_tim459,1,459,diesel,0.002366262999999851,0.0967,-0.09433373700000014,0.0014047140797856508
1376,plts_tim459,1,459,solar,0.14595478270656614,0.0,0.14595478270656614,0.23897424695676686
1377,batt_tim459,1,459,battery,0.06375285446475065,0.0,0.06375285446475065,0.09554336967328299
1378,pltd_tim460,1,460,diesel,0.011975835999999962,0.1713,-0.15932416400000005,0.005990590090095231
1379,plts_tim460,1,460,solar,0.22653015873015878,0.0,0.22653015873015878,0.38156785242539637
1380,batt_tim460,1,460,battery,0.10121600000000003,0.0,0.10121600000000003,0.15468010110756342
1381,pltd_tim461,1,461,diesel,0.0068879999999999775,0.2659,-0.259012,0.0021516214343571304
1382,plts_tim461,1,461,solar,0.0,0.0,0.0,0.0
1383,batt_tim461,1,461,battery,0.04795615600000003,0.0,0.04795615600000003,0.0315348605032595
1384,pltd_tim462,1,462,diesel,0.018653561000000013,0.2668,-0.24814643899999997,0.008073199144242071
1385,plts_tim462,1,462,solar,0.0,0.0,0.0,0.0
1386,batt_tim462,1,462,battery,0.08261137026934884,0.0,0.08261137026934884,0.09559262747611962
1387,pltd_tim463,1,463,diesel,0.014625390000000002,0.2092,-0.19457460999999998,0.006459235820653765
1388,plts_tim463,1,463,solar,0.040698576787409464,0.0,0.040698576787409464,0.06897910207900258
1389,batt_tim463,1,463,battery,0.08485831225347318,0.0,0.08485831225347318,0.10891621799539601
1390,pltd_tim464,1,464,diesel,0.007167001000000006,0.293,-0.285832999,0.0009092736268571461
1391,plts_tim464,1,464,solar,0.0,0.0,0.0,0.0
1392,batt_tim464,1,464,battery,0.006658500000000012,0.0,0.006658500000000012,0.003497096263128582
1393,pltd_tim465,1,465,diesel,0.010683760000000014,0.1528,-0.14211623999999998,0.0049994314537540625
1394,plts_tim465,1,465,solar,0.027201090219790326,0.0,0.027201090219790326,0.04406917989288286
1395,batt_tim465,1,465,battery,0.061925165655291894,0.0,0.061925165655291894,0.08070507635935477
1396,pltd_tim466,1,466,diesel,0.0099267685909879,0.48,-0.4700732314090121,0.0013788373570903694
1397,plts_tim466,1,466,solar,0.0,0.0,0.0,0.0
1398,batt_tim466,1,466,battery,0.011815966204506034,0.0,0.011815966204506034,0.006052238381927231
1399,pltd_tim467,1,467,diesel,0.0009808730666666478,0.0518,-0.050819126933333354,0.0010121383956666465
1400,plts_tim467,1,467,solar,0.14402915709298456,0.0,0.14402915709298456,0.2289458735961748
1401,batt_tim467,1,467,battery,0.059489838857314056,0.0,0.059489838857314056,0.11180931206745587
1402,pltd_tim468,1,468,diesel,0.006290000000000011,0.2428,-0.23650999999999997,0.0019127394848631068
1403,plts_tim468,1,468,solar,0.0,0.0,0.0,0.0
1404,batt_tim468,1,468,battery,0.043787060999999995,0.0,0.043787060999999995,0.02840189290264745
1405,pltd_tim469,1,469,diesel,0.009218607999999955,0.1319,-0.12268139200000003,0.004634816354136685
1406,plts_tim469,1,469,solar,0.18174945936904613,0.0,0.18174945936904613,0.2987424042374682
1407,batt_tim469,1,469,battery,0.07957453866011677,0.0,0.07957453866011677,0.12463206220449528
1408,pltd_tim470,1,470,diesel,0.0020424749999999638,0.0835,-0.08145752500000004,0.0011837931703154606
1409,plts_tim470,1,470,solar,0.1274127198142768,0.0,0.1274127198142768,0.20786627132016317
1410,batt_tim470,1,470,battery,0.05503703048279205,0.0,0.05503703048279205,0.08245876007122467
1411,pltd_tim471,1,471,diesel,0.012170048000000003,0.1741,-0.161929952,0.005261484304794526
1412,plts_tim471,1,471,solar,0.0,0.0,0.0,0.0
1413,batt_tim471,1,471,battery,0.053897455506307534,0.0,0.053897455506307534,0.062366778927420694
1414,pltd_tim472,1,472,diesel,0.0015445920000000113,0.0632,-0.061655407999999995,0.0009429690902666685
1415,plts_tim472,1,472,solar,0.09494883886931955,0.0,0.09494883886931955,0.15602624612785088
1416,batt_tim472,1,472,battery,0.041622278184541964,0.0,0.041622278184541964,0.06237606027873002
1417,pltd_tim473,1,473,diesel,0.0007939485866666761,0.0419,-0.041106051413333324,0.0008192556978666766
1418,plts_tim473,1,473,solar,0.11462333742033558,0.0,0.11462333742033558,0.1853374966700214
1419,batt_tim473,1,473,battery,0.04815983848653217,0.0,0.04815983848653217,0.09051747627287719
1420,pltd_tim474,1,474,diesel,0.0014773799999999032,0.0604,-0.0589226200000001,0.0008728863180142507
1421,plts_tim474,1,474,solar,0.09160293308746247,0.0,0.09160293308746247,0.15034079484913745
1422,batt_tim474,1,474,battery,0.03980601905228035,0.0,0.03980601905228035,0.05963752532204335
1423,pltd_tim475,1,475,diesel,0.007818857999999991,0.1118,-0.103981142,0.003645783968635703
1424,plts_tim475,1,475,solar,0.08658480447325485,0.0,0.08658480447325485,0.14200379820798165
1425,batt_tim475,1,475,battery,0.05591500000000001,0.0,0.05591500000000001,0.07661579265730235
1426,pltd_tim476,1,476,diesel,0.0010741892266666595,0.0567,-0.05562581077333334,0.001108429008266659
1427,plts_tim476,1,476,solar,0.15643804807377384,0.0,0.15643804807377384,0.25074953654727533
1428,batt_tim476,1,476,battery,0.065154786793293,0.0,0.065154786793293,0.12245810606734568
1429,pltd_tim477,1,477,diesel,0.0025429265701906456,0.1229,-0.12035707342980935,0.0003608098788317447
1430,plts_tim477,1,477,solar,0.0,0.0,0.0,0.0
1431,batt_tim477,1,477,battery,0.0030258882149046817,0.0,0.0030258882149046817,0.0015443838929087234
1432,pltd_tim478,1,478,diesel,0.004454545000000004,0.1821,-0.177645455,0.0004775954818452384
1433,plts_tim478,1,478,solar,0.0,0.0,0.0,0.0
1434,batt_tim478,1,478,battery,0.004138000000000003,0.0,0.004138000000000003,0.0021976081335809534
1435,pltd_tim479,1,479,diesel,0.004348662000000031,0.1778,-0.17345133799999998,0.0006799754549404813
1436,plts_tim479,1,479,solar,0.0,0.0,0.0,0.0
1437,batt_tim479,1,479,battery,0.004040000000000016,0.0,0.004040000000000016,0.0022402768830476236
1438,pltd_tim480,1,480,diesel,0.0021069999999999943,0.0813,-0.079193,0.0007548163338333293
1439,plts_tim480,1,480,solar,0.0,0.0,0.0,0.0
1440,batt_tim480,1,480,battery,0.01467053200000001,0.0,0.01467053200000001,0.009759930532434673
1441,pltd_tim481,1,481,diesel,0.0035550668717504452,0.1719,-0.16834493312824955,0.0004345143960656533
1442,plts_tim481,1,481,solar,0.0,0.0,0.0,0.0
1443,batt_tim481,1,481,battery,0.004232019064124765,0.0,0.004232019064124765,0.0021113561651192477
1444,pltd_tim482,1,482,diesel,0.004270999999999998,0.1648,-0.160529,0.0009522184545833242
1445,plts_tim482,1,482,solar,0.0,0.0,0.0,0.0
1446,batt_tim482,1,482,battery,0.026132009999999997,0.0,0.026132009999999997,0.016856131593842
1447,pltd_tim483,1,483,diesel,0.0,0.3549,-0.3549,0.0
1448,plts_tim483,1,483,solar,0.0,0.0,0.0,0.0
1449,batt_tim483,1,483,battery,0.0124070275,0.0,0.0124070275,0.005381297689568929
1450,pltd_tim484,1,484,diesel,0.008271684000000001,0.1183,-0.110028316,0.003686606362880954
1451,plts_tim484,1,484,solar,0.0018233620532033237,0.0,0.0018233620532033237,0.0029689831662740498
1452,batt_tim484,1,484,battery,0.037640999999999994,0.0,0.037640999999999994,0.043816440090897114
1453,pltd_tim485,1,485,diesel,0.0036080000000000088,0.1392,-0.135592,0.001157148165732149
1454,plts_tim485,1,485,solar,0.0,0.0,0.0,0.0
1455,batt_tim485,1,485,battery,0.025115838999999994,0.0,0.025115838999999994,0.01650011967815999
1456,pltd_tim486,1,486,diesel,0.002953000000000002,0.114,-0.111047,0.0009604116895059508
1457,plts_tim486,1,486,solar,0.0,0.0,0.0,0.0
1458,batt_tim486,1,486,battery,0.020559801,0.0,0.020559801,0.013506783469461343
1459,pltd_tim487,1,487,diesel,0.00456500000000009,0.1762,-0.1716349999999999,0.0013432674354524347
1460,plts_tim487,1,487,solar,0.0,0.0,0.0,0.0
1461,batt_tim487,1,487,battery,0.03178598799999994,0.0,0.03178598799999994,0.021146273233807196
1462,pltd_tim488,1,488,diesel,0.0036552789999999835,0.1494,-0.14574472100000002,0.00046380666397618896
1463,plts_tim488,1,488,solar,0.0,0.0,0.0,0.0
1464,batt_tim488,1,488,battery,0.00339600000000001,0.0,0.00339600000000001,0.0018317945083428607
1465,pltd_tim489,1,489,diesel,0.007862126999999997,0.1124,-0.104537873,0.0034371180899561917
1466,plts_tim489,1,489,solar,0.01677622868162849,0.0,0.01677622868162849,0.027558017271309194
1467,batt_tim489,1,489,battery,0.04407764911936434,0.0,0.04407764911936434,0.056817110004175796
1468,pltd_tim490,1,490,diesel,0.0019671299999999975,0.0804,-0.07843287,0.000288289365
1469,plts_tim490,1,490,solar,0.0,0.0,0.0,0.0
1470,batt_tim490,1,490,battery,0.0018274999999999958,0.0,0.0018274999999999958,0.0009705482996904745
1471,pltd_tim491,1,491,diesel,0.0038436430000000077,0.1571,-0.15325635699999998,0.00048767116140476283
1472,plts_tim491,1,491,solar,0.0,0.0,0.0,0.0
1473,batt_tim491,1,491,battery,0.003570999999999991,0.0,0.003570999999999991,0.0019802051359809466
1474,pltd_tim492,1,492,diesel,0.004243515999999996,0.0607,-0.056456484,0.0018957506387534445
1475,plts_tim492,1,492,solar,0.00994605090286285,0.0,0.00994605090286285,0.01611457675374203
1476,batt_tim492,1,492,battery,0.024169740960145063,0.0,0.024169740960145063,0.03134591035996595
1477,pltd_tim493,1,493,diesel,0.0,0.4772,-0.4772,0.0
1478,plts_tim493,1,493,solar,0.0,0.0,0.0,0.0
1479,batt_tim493,1,493,battery,0.022341999999999862,0.0,0.022341999999999862,0.011775581967333247
1480,pltd_tim494,1,494,diesel,0.003491368318890742,0.1688,-0.16530863168110926,0.0003580931762833126
1481,plts_tim494,1,494,solar,0.0,0.0,0.0,0.0
1482,batt_tim494,1,494,battery,0.004156195840554655,0.0,0.004156195840554655,0.002160800834241165
1483,pltd_tim495,1,495,diesel,0.0,0.3035,-0.3035,0.0
1484,plts_tim495,1,495,solar,0.0,0.0,0.0,0.0
1485,batt_tim495,1,495,battery,0.01420699999999997,0.0,0.01420699999999997,0.006882383740352366
1486,pltd_tim496,1,496,diesel,0.003830999999999987,0.1479,-0.144069,0.0011967388058630954
1487,plts_tim496,1,496,solar,0.0,0.0,0.0,0.0
1488,batt_tim496,1,496,battery,0.026673605000000003,0.0,0.026673605000000003,0.01728303213930681
1489,pltd_tim497,1,497,diesel,0.001752652514731362,0.0847,-0.08294734748526864,0.0003003280152788114
1490,plts_tim497,1,497,solar,0.0,0.0,0.0,0.0
1491,batt_tim497,1,497,battery,0.002085680242634322,0.0,0.002085680242634322,0.0010941063999081904
1492,pltd_tim498,1,498,diesel,0.0030443770000000148,0.1245,-0.12145562299999998,0.00041617878304166906
1493,plts_tim498,1,498,solar,0.0,0.0,0.0,0.0
1494,batt_tim498,1,498,battery,0.002828999999999998,0.0,0.002828999999999998,0.0015537576866571446
1495,pltd_tim499,1,499,diesel,0.004436728000000001,0.0635,-0.059063272,0.001923301377904765
1496,plts_tim499,1,499,solar,0.0,0.0,0.0,0.0
1497,batt_tim499,1,499,battery,0.020192999999999982,0.0,0.020192999999999982,0.023785952970666626
1498,pltd_tim500,1,500,diesel,0.0029877422512998297,0.1445,-0.14151225774870016,0.00045327602728021543
1499,plts_tim500,1,500,solar,0.0,0.0,0.0,0.0
1500,batt_tim500,1,500,battery,0.0035571923743500933,0.0,0.0035571923743500933,0.0019494279456135943
1501,pltd_tim501,1,501,diesel,0.0026839149999999534,0.1097,-0.10701608500000005,0.0004196805147321343
1502,plts_tim501,1,501,solar,0.0,0.0,0.0,0.0
1503,batt_tim501,1,501,battery,0.0024925000000000225,0.0,0.0024925000000000225,0.0013651810617857246
1504,pltd_tim502,1,502,diesel,0.002382595499133472,0.1152,-0.11281740450086652,0.0004083082324667976
1505,plts_tim502,1,502,solar,0.0,0.0,0.0,0.0
1506,batt_tim502,1,502,battery,0.002836871750433262,0.0,0.002836871750433262,0.0015126392270054436
1507,pltd_tim503,1,503,diesel,0.0037835669999999877,0.1547,-0.15091643300000002,0.0004056710426785716
1508,plts_tim503,1,503,solar,0.0,0.0,0.0,0.0
1509,batt_tim503,1,503,battery,0.0035149999999999904,0.0,0.0035149999999999904,0.0017430591748571443
1510,pltd_tim504,1,504,diesel,0.003495999999999992,0.1349,-0.131404,0.0011607997848869052
1511,plts_tim504,1,504,solar,0.0,0.0,0.0,0.0
1512,batt_tim504,1,504,battery,0.024338953000000045,0.0,0.024338953000000045,0.01580216670625895
1513,pltd_tim505,1,505,diesel,0.0034516460000000304,0.1411,-0.13764835399999997,0.000505742024666672
1514,plts_tim505,1,505,solar,0.0,0.0,0.0,0.0
1515,batt_tim505,1,505,battery,0.003206500000000001,0.0,0.003206500000000001,0.0016840788717761895
1516,pltd_tim506,1,506,diesel,0.003572797999999988,0.146,-0.142427202,0.0004883999403214274
1517,plts_tim506,1,506,solar,0.0,0.0,0.0,0.0
1518,batt_tim506,1,506,battery,0.003318500000000002,0.0,0.003318500000000002,0.0017429021475095247
1519,pltd_tim507,1,507,diesel,0.0043863360000000184,0.1793,-0.17491366399999997,0.0007289791593809543
1520,plts_tim507,1,507,solar,0.0,0.0,0.0,0.0
1521,batt_tim507,1,507,battery,0.004074999999999995,0.0,0.004074999999999995,0.00207858217071428
1522,pltd_tim508,1,508,diesel,0.003316728000000005,0.0474,-0.04408327199999999,0.0016427286951772933
1523,plts_tim508,1,508,solar,0.05802795960201988,0.0,0.05802795960201988,0.09312300844350341
1524,batt_tim508,1,508,battery,0.027646999999999998,0.0,0.027646999999999998,0.04229572868755133
1525,pltd_tim509,1,509,diesel,0.004243515999999996,0.0607,-0.056456484,0.001832332084238092
1526,plts_tim509,1,509,solar,0.007087461773427851,0.0,0.007087461773427851,0.011373926760419019
1527,batt_tim509,1,509,battery,0.02265976422059785,0.0,0.02265976422059785,0.028594904736060616
1528,pltd_tim510,1,510,diesel,0.0035330729999999907,0.0505,-0.04696692700000001,0.0017055307098796531
1529,plts_tim510,1,510,solar,0.03697662966851657,0.0,0.03697662966851657,0.05933992889720184
1530,batt_tim510,1,510,battery,0.025262000000000007,0.0,0.025262000000000007,0.034836104449139205
1531,pltd_tim511,1,511,diesel,0.003271999999999997,0.1263,-0.123028,0.0006969592238571382
1532,plts_tim511,1,511,solar,0.0,0.0,0.0,0.0
1533,batt_tim511,1,511,battery,0.020028184000000004,0.0,0.020028184000000004,0.012752232200011515
1534,pltd_tim512,1,512,diesel,0.004868418000000017,0.0696,-0.06473158199999998,0.002735294607484959
1535,plts_tim512,1,512,solar,0.09795173682273628,0.0,0.09795173682273628,0.1543644929006339
1536,batt_tim512,1,512,battery,0.04255660895989201,0.0,0.04255660895989201,0.0678379525537009
1537,pltd_tim513,1,513,diesel,0.006677725000000072,0.0955,-0.08882227499999992,0.003004622659771879
1538,plts_tim513,1,513,solar,0.01758221840027786,0.0,0.01758221840027786,0.02754459345247889
1539,batt_tim513,1,513,battery,0.038702939044837494,0.0,0.038702939044837494,0.05050632593211515
1540,pltd_tim514,1,514,diesel,0.0032704149999999987,0.1337,-0.13042958500000001,0.0005113306694940479
1541,plts_tim514,1,514,solar,0.0,0.0,0.0,0.0
1542,batt_tim514,1,514,battery,0.003039000000000014,0.0,0.003039000000000014,0.0016392295379428624
1543,pltd_tim515,1,515,diesel,0.0027735319999999952,0.1134,-0.110626468,0.00032462150685714223
1544,plts_tim515,1,515,solar,0.0,0.0,0.0,0.0
1545,batt_tim515,1,515,battery,0.0025765000000000093,0.0,0.0025765000000000093,0.0013858689227619096
1546,pltd_tim516,1,516,diesel,0.003488000000000005,0.1346,-0.131112,0.0007776499425000025
1547,plts_tim516,1,516,solar,0.0,0.0,0.0,0.0
1548,batt_tim516,1,516,battery,0.005924819999999997,0.0,0.005924819999999997,0.0022700667952788565
1549,pltd_tim517,1,517,diesel,0.0025841680000000117,0.1057,-0.10311583199999999,0.0004294436540952408
1550,plts_tim517,1,517,solar,0.0,0.0,0.0,0.0
1551,batt_tim517,1,517,battery,0.0024020000000000152,0.0,0.0024020000000000152,0.0012956332182095282
1552,pltd_tim518,1,518,diesel,0.004716477999999996,0.0675,-0.06278352200000001,0.0019291631815411868
1553,plts_tim518,1,518,solar,0.0,0.0,0.0,0.0
1554,batt_tim518,1,518,battery,0.02089160279577225,0.0,0.02089160279577225,0.024174428328602705
1555,pltd_tim519,1,519,diesel,0.0038772279999999965,0.0555,-0.051622772000000004,0.0018085126578821498
1556,plts_tim519,1,519,solar,0.009965673051603882,0.0,0.009965673051603882,0.015992867267685187
1557,batt_tim519,1,519,battery,0.0224727050316736,0.0,0.0224727050316736,0.0293203331682853
1558,pltd_tim520,1,520,diesel,0.0041350000000000015,0.1596,-0.155465,0.000921867095916675
1559,plts_tim520,1,520,solar,0.0,0.0,0.0,0.0
1560,batt_tim520,1,520,battery,0.025301722000000013,0.0,0.025301722000000013,0.016320507464483835
1561,pltd_tim521,1,521,diesel,0.008960991000000008,0.1282,-0.119239009,0.00455171486342306
1562,plts_tim521,1,521,solar,0.17148330777612514,0.0,0.17148330777612514,0.2766227247315534
1563,batt_tim521,1,521,battery,0.0772138280167063,0.0,0.0772138280167063,0.12147849696337018
1564,pltd_tim522,1,522,diesel,0.007582376999999956,0.1084,-0.10081762300000004,0.004005388373263408
1565,plts_tim522,1,522,solar,0.15769538510084025,0.0,0.15769538510084025,0.25046143003564586
1566,batt_tim522,1,522,battery,0.06637595615083108,0.0,0.06637595615083108,0.10541347705187469
1567,pltd_tim523,1,523,diesel,0.0031667849999999984,0.0453,-0.042133215,0.0016188622496726211
1568,plts_tim523,1,523,solar,0.05760686515674215,0.0,0.05760686515674215,0.09244723797264637
1569,batt_tim523,1,523,battery,0.02676,0.0,0.02676,0.04125099117170821
1570,pltd_tim524,1,524,diesel,0.007430436999999811,0.1063,-0.09886956300000019,0.003998502404717209
1571,plts_tim524,1,524,solar,0.152792370919045,0.0,0.152792370919045,0.24549608612675686
1572,batt_tim524,1,524,battery,0.06505764217985588,0.0,0.06505764217985588,0.10335941363766521
1573,pltd_tim525,1,525,diesel,0.006849800999999985,0.098,-0.09115019900000002,0.0037533464864527542
1574,plts_tim525,1,525,solar,0.14244019467848887,0.0,0.14244019467848887,0.2262582013757806
1575,batt_tim525,1,525,battery,0.05996479049634042,0.0,0.05996479049634042,0.09512158765563397
1576,pltd_tim526,1,526,diesel,0.005686532000000029,0.0813,-0.07561346799999996,0.0026360406252137723
1577,plts_tim526,1,526,solar,0.026052684055928903,0.0,0.026052684055928903,0.04206027379943942
1578,batt_tim526,1,526,battery,0.035034205332511364,0.0,0.035034205332511364,0.04529638003896441
1579,pltd_tim527,1,527,diesel,0.0019447250000000013,0.0795,-0.077555275,0.0011614258873648765
1580,plts_tim527,1,527,solar,0.11841604938596062,0.0,0.11841604938596062,0.196356901011553
1581,batt_tim527,1,527,battery,0.05238231691458643,0.0,0.05238231691458643,0.07849104205349595
1582,pltd_tim528,1,528,diesel,0.0018846489999999605,0.077,-0.07511535100000004,0.0011079815518880859
1583,plts_tim528,1,528,solar,0.11493704674515824,0.0,0.11493704674515824,0.1917626928453228
1584,batt_tim528,1,528,battery,0.05077185678422361,0.0,0.05077185678422361,0.07606950425865748
1585,pltd_tim529,1,529,diesel,0.004299773000000007,0.2375,-0.23320022699999998,0.0005915771019166676
1586,plts_tim529,1,529,solar,0.0,0.0,0.0,0.0
1587,batt_tim529,1,529,battery,0.006153999999999993,0.0,0.006153999999999993,0.002923839889009521
1588,pltd_tim530,1,530,diesel,0.003822999999999934,0.1476,-0.14377700000000007,0.0012062321420475799
1589,plts_tim530,1,530,solar,0.0,0.0,0.0,0.0
1590,batt_tim530,1,530,battery,0.026617472000000104,0.0,0.026617472000000104,0.017265139886558777
1591,pltd_tim531,1,531,diesel,0.004733000000000015,0.1827,-0.177967,0.0009154870989821536
1592,plts_tim531,1,531,solar,0.0,0.0,0.0,0.0
1593,batt_tim531,1,531,battery,0.028965816999999977,0.0,0.028965816999999977,0.018683945838101866
1594,pltd_tim532,1,532,diesel,0.005433045000000025,0.2221,-0.21666695499999997,0.0006359199449107189
1595,plts_tim532,1,532,solar,0.0,0.0,0.0,0.0
1596,batt_tim532,1,532,battery,0.0050484999999999836,0.0,0.0050484999999999836,0.002582767163499997
1597,pltd_tim533,1,533,diesel,0.003899360999999997,0.0558,-0.051900639000000005,0.0018343514941091485
1598,plts_tim533,1,533,solar,0.010020542775477126,0.0,0.010020542775477126,0.01608092195364319
1599,batt_tim533,1,533,battery,0.022597182272267587,0.0,0.022597182272267587,0.029467675977960937
1600,pltd_tim534,1,534,diesel,0.002083999999999999,0.0804,-0.078316,0.0007329908679166643
1601,plts_tim534,1,534,solar,0.0,0.0,0.0,0.0
1602,batt_tim534,1,534,battery,0.014502129999999985,0.0,0.014502129999999985,0.009648008079453329
1603,pltd_tim535,1,535,diesel,0.007839994000000128,0.1121,-0.10426000599999988,0.003982500238992127
1604,plts_tim535,1,535,solar,0.1557296039722682,0.0,0.1557296039722682,0.24203596273612513
1605,batt_tim535,1,535,battery,0.06756188056646709,0.0,0.06756188056646709,0.10634380982328671
1606,pltd_tim536,1,536,diesel,0.005901880000000016,0.0844,-0.07849811999999999,0.0032548574436996798
1607,plts_tim536,1,536,solar,0.12128173017084856,0.0,0.12128173017084856,0.18715111128480313
1608,batt_tim536,1,536,battery,0.05159547293747267,0.0,0.05159547293747267,0.08203876583928481
1609,pltd_tim537,1,537,diesel,0.0025860000000000128,0.0998,-0.09721399999999998,0.0005253324410476251
1610,plts_tim537,1,537,solar,0.0,0.0,0.0,0.0
1611,batt_tim537,1,537,battery,0.004393607999999999,0.0,0.004393607999999999,0.0016767580621225146
1612,pltd_tim538,1,538,diesel,0.004545399000000089,0.065,-0.06045460099999991,0.0024739460801875553
1613,plts_tim538,1,538,solar,0.09699481986137948,0.0,0.09699481986137948,0.1501304250830207
1614,batt_tim538,1,538,battery,0.03978803145402565,0.0,0.03978803145402565,0.06299268921657389
1615,pltd_tim539,1,539,diesel,0.0016579188266666672,0.0875,-0.08584208117333332,0.0017107649892666686
1616,plts_tim539,1,539,solar,0.2469905196078671,0.0,0.2469905196078671,0.38702833933229275
1617,batt_tim539,1,539,battery,0.10056661036079846,0.0,0.10056661036079846,0.18902299583008428
1618,pltd_tim540,1,540,diesel,0.008637971999999963,0.1235,-0.11486202800000003,0.004651801129217781
1619,plts_tim540,1,540,solar,0.17587093937874795,0.0,0.17587093937874795,0.27389181602226575
1620,batt_tim540,1,540,battery,0.07550884741823931,0.0,0.07550884741823931,0.12032624449840529
1621,pltd_tim541,1,541,diesel,0.0036127970693241307,0.1747,-0.17108720293067586,0.0004770853635684117
1622,plts_tim541,1,541,solar,0.0,0.0,0.0,0.0
1623,batt_tim541,1,541,battery,0.004300259965337949,0.0,0.004300259965337949,0.00214540158063052
1624,pltd_tim542,1,542,diesel,0.011932567000000532,0.1707,-0.15876743299999946,0.0064467886228367285
1625,plts_tim542,1,542,solar,0.24337110802914763,0.0,0.24337110802914763,0.39414960935418725
1626,batt_tim542,1,542,battery,0.10446663557903513,0.0,0.10446663557903513,0.16609632456053672
1627,pltd_tim543,1,543,diesel,0.0034058390000001465,0.1392,-0.13579416099999986,0.001993469304295307
1628,plts_tim543,1,543,solar,0.2085914593784174,0.0,0.2085914593784174,0.34669996892859706
1629,batt_tim543,1,543,battery,0.09179715577188294,0.0,0.09179715577188294,0.13753256034205785
1630,pltd_tim544,1,544,diesel,0.010510683999999867,0.1503,-0.1397893160000001,0.005618853543809598
1631,plts_tim544,1,544,solar,0.2146171867315557,0.0,0.2146171867315557,0.3472445988504283
1632,batt_tim544,1,544,battery,0.09202183960053745,0.0,0.09202183960053745,0.14633826854633164
1633,pltd_tim545,1,545,diesel,0.009240741000000004,0.1322,-0.12295925900000002,0.005158089661329915
1634,plts_tim545,1,545,solar,0.18748294937138124,0.0,0.18748294937138124,0.2930158829333606
1635,batt_tim545,1,545,battery,0.08078195242791492,0.0,0.08078195242791492,0.12848477825600127
1636,pltd_tim546,1,546,diesel,0.001298134200000009,0.1007,-0.09940186579999999,0.0013411537111390247
1637,plts_tim546,1,546,solar,0.2283062745343559,0.0,0.2283062745343559,0.3728014298402861
1638,batt_tim546,1,546,battery,0.08061072334647224,0.0,0.08061072334647224,0.15552429733074483
1639,pltd_tim547,1,547,diesel,0.011975835999999927,0.1713,-0.15932416400000007,0.0065538340998081215
1640,plts_tim547,1,547,solar,0.24494656569377696,0.0,0.24494656569377696,0.39559250026721954
1641,batt_tim547,1,547,battery,0.10484386743094887,0.0,0.10484386743094887,0.16669479791036176
1642,pltd_tim548,1,548,diesel,0.007280494000000012,0.1041,-0.09681950599999999,0.0031947275147261906
1643,plts_tim548,1,548,solar,0.011971185946034631,0.0,0.011971185946034631,0.01951411049877159
1644,batt_tim548,1,548,battery,0.03887846520343099,0.0,0.03887846520343099,0.04906184663136655
1645,pltd_tim549,1,549,diesel,0.005670008637781637,0.2742,-0.26852999136221833,0.0006930157200782818
1646,plts_tim549,1,549,solar,0.0,0.0,0.0,0.0
1647,batt_tim549,1,549,battery,0.006749891681109239,0.0,0.006749891681109239,0.003642959932455452
1648,pltd_tim550,1,550,diesel,0.009261877000000002,0.1325,-0.123238123,0.003939377032976216
1649,plts_tim550,1,550,solar,0.01522009180268338,0.0,0.01522009180268338,0.02482789651386177
1650,batt_tim550,1,550,battery,0.049460894132896144,0.0,0.049460894132896144,0.062415428040203905
1651,pltd_tim551,1,551,diesel,0.005880743999999868,0.0841,-0.07821925600000013,0.002898879001748933
1652,plts_tim551,1,551,solar,0.11740784282160147,0.0,0.11740784282160147,0.19056255634257047
1653,batt_tim551,1,551,battery,0.050756490095858475,0.0,0.050756490095858475,0.07950016791940615
1654,pltd_tim552,1,552,diesel,0.0033834339999999907,0.1383,-0.13491656600000002,0.00046252216632142797
1655,plts_tim552,1,552,solar,0.0,0.0,0.0,0.0
1656,batt_tim552,1,552,battery,0.003144000000000008,0.0,0.003144000000000008,0.0017434233961142866
1657,pltd_tim553,1,553,diesel,0.007086282000000013,0.1014,-0.09431371799999999,0.0034563309737921694
1658,plts_tim553,1,553,solar,0.12238868492130725,0.0,0.12238868492130725,0.19894170584142062
1659,batt_tim553,1,553,battery,0.05906299999999999,0.0,0.05906299999999999,0.09041131294775084
1660,pltd_tim554,1,554,diesel,0.00489135199999996,0.1999,-0.19500864800000003,0.000668650833190471
1661,plts_tim554,1,554,solar,0.0,0.0,0.0,0.0
1662,batt_tim554,1,554,battery,0.00454400000000002,0.0,0.00454400000000002,0.0022292533802666693
1663,pltd_tim555,1,555,diesel,0.0038993609999998947,0.0558,-0.05190063900000011,0.002141656248245849
1664,plts_tim555,1,555,solar,0.08010654876997049,0.0,0.08010654876997049,0.12877976844189712
1665,batt_tim555,1,555,battery,0.03413050958815578,0.0,0.03413050958815578,0.0541960400050789
1666,pltd_tim556,1,556,diesel,0.004070999999999992,0.1571,-0.153029,0.0013517640737559483
1667,plts_tim556,1,556,solar,0.0,0.0,0.0,0.0
1668,batt_tim556,1,556,battery,0.028339643000000025,0.0,0.028339643000000025,0.01838221713495683
1669,pltd_tim557,1,557,diesel,0.003838999999999982,0.1482,-0.14436100000000002,0.001306501235815471
1670,plts_tim557,1,557,solar,0.0,0.0,0.0,0.0
1671,batt_tim557,1,557,battery,0.026728741,0.0,0.026728741,0.01733727066036326
1672,pltd_tim558,1,558,diesel,0.0045489999999999906,0.1756,-0.171051,0.0014726642345416665
1673,plts_tim558,1,558,solar,0.0,0.0,0.0,0.0
1674,batt_tim558,1,558,battery,0.031674719,0.0,0.031674719,0.020545357423556006
1675,pltd_tim559,1,559,diesel,0.002434475000000047,0.0995,-0.09706552499999996,0.0007857408735119188
1676,plts_tim559,1,559,solar,0.0,0.0,0.0,0.0
1677,batt_tim559,1,559,battery,0.02455567136048523,0.0,0.02455567136048523,0.020993225186308473
1678,pltd_tim560,1,560,diesel,0.003888453000000014,0.159,-0.155111547,0.000646221526476193
1679,plts_tim560,1,560,solar,0.0,0.0,0.0,0.0
1680,batt_tim560,1,560,battery,0.003613000000000005,0.0,0.003613000000000005,0.0018429245111142893
1681,pltd_tim561,1,561,diesel,0.002953762999999998,0.1208,-0.117846237,0.0004327701635833337
1682,plts_tim561,1,561,solar,0.0,0.0,0.0,0.0
1683,batt_tim561,1,561,battery,0.002744499999999997,0.0,0.002744499999999997,0.0014990626022428543
1684,pltd_tim562,1,562,diesel,0.005492322999999993,0.0786,-0.07310767700000001,0.0024999556121390975
1685,plts_tim562,1,562,solar,0.013328825609488327,0.0,0.013328825609488327,0.020858779027248635
1686,batt_tim562,1,562,battery,0.031285812890171606,0.0,0.031285812890171606,0.04053307264508605
1687,pltd_tim563,1,563,diesel,0.00364699999999998,0.1408,-0.13715300000000002,0.0011447157075595118
1688,plts_tim563,1,563,solar,0.0,0.0,0.0,0.0
1689,batt_tim563,1,563,battery,0.025395510000000027,0.0,0.025395510000000027,0.01647246048693926
1690,pltd_tim564,1,564,diesel,0.004932823000000065,0.0705,-0.06556717699999992,0.002771539024151513
1691,plts_tim564,1,564,solar,0.0982667428675993,0.0,0.0982667428675993,0.15641756196064427
1692,batt_tim564,1,564,battery,0.04312152097044615,0.0,0.04312152097044615,0.06864838430299598
1693,pltd_tim565,1,565,diesel,0.004825148999999699,0.069,-0.06417485100000031,0.002660938061998006
1694,plts_tim565,1,565,solar,0.1001377690769631,0.0,0.1001377690769631,0.1529921859378584
1695,batt_tim565,1,565,battery,0.04217926095019871,0.0,0.04217926095019871,0.06716699514419389
1696,pltd_tim566,1,566,diesel,0.01408702599999992,0.2015,-0.1874129740000001,0.006564918735737274
1697,plts_tim566,1,566,solar,0.05144853030192745,0.0,0.05144853030192745,0.08378498629156021
1698,batt_tim566,1,566,battery,0.08422754826456873,0.0,0.08422754826456873,0.108277548404924
1699,pltd_tim567,1,567,diesel,0.001074189226666658,0.0567,-0.05562581077333334,0.0011084290082666601
1700,plts_tim567,1,567,solar,0.15740290071373583,0.0,0.15740290071373583,0.2507502134456248
1701,batt_tim567,1,567,battery,0.06515429868781326,0.0,0.06515429868781326,0.12246183605929135
1702,pltd_tim568,1,568,diesel,0.002080149000000031,0.085,-0.08291985099999997,0.0012497321821833465
1703,plts_tim568,1,568,solar,0.1474330768404095,0.0,0.1474330768404095,0.23451199103042947
1704,batt_tim568,1,568,battery,0.060291999999999964,0.0,0.060291999999999964,0.09925217408246653
1705,pltd_tim569,1,569,diesel,0.006625000000002004,0.2557,-0.249074999999998,0.002014905724358363
1706,plts_tim569,1,569,solar,0.0,0.0,0.0,0.0
1707,batt_tim569,1,569,battery,0.046120715999996995,0.0,0.046120715999996995,0.03029948351099761
1708,pltd_tim570,1,570,diesel,0.0018584634194987598,0.081,-0.07914153658050124,0.0016903186361295613
1709,plts_tim570,1,570,solar,0.18685694986473705,0.0,0.18685694986473705,0.2983667309792414
1710,batt_tim570,1,570,battery,0.0651571134261995,0.0,0.0651571134261995,0.12954711073349817
1711,pltd_tim571,1,571,diesel,0.009106904832121645,0.0767,-0.06759309516787836,0.005958000549577418
1712,plts_tim571,1,571,solar,0.11046705606300085,0.0,0.11046705606300085,0.16593085267286473
1713,batt_tim571,1,571,battery,0.043106000132036026,0.0,0.043106000132036026,0.0720086313673898
1714,pltd_tim572,1,572,diesel,0.005555000000000018,0.2144,-0.208845,0.0016431706588452485
1715,plts_tim572,1,572,solar,0.0,0.0,0.0,0.0
1716,batt_tim572,1,572,battery,0.038675678000000005,0.0,0.038675678000000005,0.025408235008500934
1717,pltd_tim573,1,573,diesel,0.003403266000000002,0.0487,-0.045296734,0.0018769429270693416
1718,plts_tim573,1,573,solar,0.07330548736223715,0.0,0.07330548736223715,0.11197061328242391
1719,batt_tim573,1,573,battery,0.029789712465023044,0.0,0.029789712465023044,0.04723993910971965
1720,pltd_tim574,1,574,diesel,0.014425553999999997,0.0699,-0.05547444600000001,0.011136811602301155
1721,plts_tim574,1,574,solar,0.09184487312684747,0.0,0.09184487312684747,0.13425107464504626
1722,batt_tim574,1,574,battery,0.033014999250223984,0.0,0.033014999250223984,0.06057474572429907
1723,pltd_tim575,1,575,diesel,0.0007004990933333359,0.037,-0.036299500906666664,0.0007228275019333329
1724,plts_tim575,1,575,solar,0.11429514649824883,0.0,0.11429514649824883,0.16353326658955575
1725,batt_tim575,1,575,battery,0.04249750687465717,0.0,0.04249750687465717,0.07986517808313695
1726,pltd_tim576,1,576,diesel,0.004906620999999972,0.2006,-0.19569337900000003,0.0005743006546488065
1727,plts_tim576,1,576,solar,0.0,0.0,0.0,0.0
1728,batt_tim576,1,576,battery,0.0045580000000000065,0.0,0.0045580000000000065,0.0021913284761523838
1729,pltd_tim577,1,577,diesel,0.007582377000000001,0.1084,-0.100817623,0.0035460821658791315
1730,plts_tim577,1,577,solar,0.02071336505324804,0.0,0.02071336505324804,0.030614239625192833
1731,batt_tim577,1,577,battery,0.04394040979996077,0.0,0.04394040979996077,0.057398725597571185
1732,pltd_tim578,1,578,diesel,0.009025396000000005,0.1291,-0.12007460399999999,0.0038692275262435633
1733,plts_tim578,1,578,solar,0.0,0.0,0.0,0.0
1734,batt_tim578,1,578,battery,0.03997017388339584,0.0,0.03997017388339584,0.04625107142732132
1735,pltd_tim579,1,579,diesel,0.009261876999999696,0.1325,-0.12323812300000031,0.004938345438621886
1736,plts_tim579,1,579,solar,0.19046029083435628,0.0,0.19046029083435628,0.3059417932855153
1737,batt_tim579,1,579,battery,0.08108364639469667,0.0,0.08108364639469667,0.12882845050731226
1738,pltd_tim580,1,580,diesel,0.002909953,0.1189,-0.11599004700000001,0.0018118358996513145
1739,plts_tim580,1,580,solar,0.17890218493690546,0.0,0.17890218493690546,0.29378806939111496
1740,batt_tim580,1,580,battery,0.07837236099412373,0.0,0.07837236099412373,0.11742841825279998
1741,pltd_tim581,1,581,diesel,0.0028488770000000135,0.1165,-0.11365112299999999,0.0004174453064166692
1742,plts_tim581,1,581,solar,0.0,0.0,0.0,0.0
1743,batt_tim581,1,581,battery,0.002646499999999996,0.0,0.002646499999999996,0.001445534405842857
1744,pltd_tim582,1,582,diesel,0.001056905600000002,0.0558,-0.0547430944,0.001090594466000002
1745,plts_tim582,1,582,solar,0.1504481207554651,0.0,0.1504481207554651,0.24666304627828076
1746,batt_tim582,1,582,battery,0.06409444569404643,0.0,0.06409444569404643,0.12047132683740601
1747,pltd_tim583,1,583,diesel,0.002653377000000498,0.1084,-0.1057466229999995,0.0016160527012192795
1748,plts_tim583,1,583,solar,0.16348382216501248,0.0,0.16348382216501248,0.26790756047660347
1749,batt_tim583,1,583,battery,0.07146761730246776,0.0,0.07146761730246776,0.10710530546251497
1750,pltd_tim584,1,584,diesel,0.0038287751490467814,0.1852,-0.18137122485095322,0.0005055859703705821
1751,plts_tim584,1,584,solar,0.0,0.0,0.0,0.0
1752,batt_tim584,1,584,battery,0.004558058925476616,0.0,0.004558058925476616,0.0024372682084674462
1753,pltd_tim585,1,585,diesel,0.01675771600000002,0.2397,-0.222942284,0.007353332579976172
1754,plts_tim585,1,585,solar,0.026585901634425303,0.0,0.026585901634425303,0.04492205176922947
1755,batt_tim585,1,585,battery,0.08949022907516178,0.0,0.08949022907516178,0.11292859156180902
1756,pltd_tim586,1,586,diesel,0.014927276000000045,0.2135,-0.19857272399999995,0.00640374896738099
1757,plts_tim586,1,586,solar,0.0634540174027856,0.0,0.0634540174027856,0.10650918628801932
1758,batt_tim586,1,586,battery,0.09099150628306574,0.0,0.09099150628306574,0.11734410848405118
1759,pltd_tim587,1,587,diesel,0.012644006999999985,0.1808,-0.168155993,0.0058223202768066685
1760,plts_tim587,1,587,solar,0.14070976480443895,0.0,0.14070976480443895,0.22964178355008194
1761,batt_tim587,1,587,battery,0.09041999999999996,0.0,0.09041999999999996,0.1239652884759793
1762,pltd_tim588,1,588,diesel,0.0034399999999999847,0.1328,-0.12936000000000003,0.001040529520059517
1763,plts_tim588,1,588,solar,0.0,0.0,0.0,0.0
1764,batt_tim588,1,588,battery,0.02395001000000002,0.0,0.02395001000000002,0.015549657324131345
1765,pltd_tim589,1,589,diesel,0.002760999999999998,0.1066,-0.103839,0.0009480921850595281
1766,plts_tim589,1,589,solar,0.0,0.0,0.0,0.0
1767,batt_tim589,1,589,battery,0.01922757,0.0,0.01922757,0.01232370305
1768,pltd_tim590,1,590,diesel,0.0,0.1728,-0.1728,0.0
1769,plts_tim590,1,590,solar,0.0,0.0,0.0,0.0
1770,batt_tim590,1,590,battery,0.006807300693240902,0.0,0.006807300693240902,0.002883883539228881
1771,pltd_tim591,1,591,diesel,0.008056338999999996,0.1152,-0.107143661,0.003540904977575901
1772,plts_tim591,1,591,solar,0.050476512778451166,0.0,0.050476512778451166,0.08111502412553587
1773,batt_tim591,1,591,battery,0.05160549858603767,0.0,0.05160549858603767,0.06740895417781327
1774,pltd_tim592,1,592,diesel,0.0029690319999999965,0.1214,-0.118430968,0.00043507729849999937
1775,plts_tim592,1,592,solar,0.0,0.0,0.0,0.0
1776,batt_tim592,1,592,battery,0.002758499999999997,0.0,0.002758499999999997,0.0015108734037857139
1777,pltd_tim593,1,593,diesel,0.0020343419999999807,0.0832,-0.08116565800000002,0.001221983726909516
1778,plts_tim593,1,593,solar,0.12242422583419842,0.0,0.12242422583419842,0.2054921848804608
1779,batt_tim593,1,593,battery,0.05481946448935493,0.0,0.05481946448935493,0.08215959812889956
1780,pltd_tim594,1,594,diesel,0.008460680875216564,0.4091,-0.40063931912478346,0.0010340758033019612
1781,plts_tim594,1,594,solar,0.0,0.0,0.0,0.0
1782,batt_tim594,1,594,battery,0.010072032062391711,0.0,0.010072032062391711,0.00523964882624103
1783,pltd_tim595,1,595,diesel,0.0022109999999999994,0.0853,-0.083089,0.0007555669692499957
1784,plts_tim595,1,595,solar,0.0,0.0,0.0,0.0
1785,batt_tim595,1,595,battery,0.01539228200000002,0.0,0.01539228200000002,0.01011183126290251
1786,pltd_tim596,1,596,diesel,0.00286599999999999,0.1106,-0.10773400000000001,0.0009933131061904653
1787,plts_tim596,1,596,solar,0.0,0.0,0.0,0.0
1788,batt_tim596,1,596,battery,0.01994831999999998,0.0,0.01994831999999998,0.012939239435665124
1789,pltd_tim597,1,597,diesel,0.004674206000000007,0.0669,-0.062225793999999994,0.002242448711079391
1790,plts_tim597,1,597,solar,0.04986796417651344,0.0,0.04986796417651344,0.07851167398782499
1791,batt_tim597,1,597,battery,0.033426,0.0,0.033426,0.045953886221972114
1792,pltd_tim598,1,598,diesel,0.004738611000000007,0.0678,-0.063061389,0.002555807404097355
1793,plts_tim598,1,598,solar,0.09825880628757772,0.0,0.09825880628757772,0.1565304544153782
1794,batt_tim598,1,598,battery,0.04148485697952359,0.0,0.04148485697952359,0.06600307101424344
1795,pltd_tim599,1,599,diesel,0.005126034999999949,0.0733,-0.06817396500000006,0.002880272512795144
1796,plts_tim599,1,599,solar,0.10318978328414087,0.0,0.10318978328414087,0.16255522677174883
1797,batt_tim599,1,599,battery,0.044815633899765554,0.0,0.044815633899765554,0.07128832885632735
1798,pltd_tim600,1,600,diesel,0.0009928484451162192,0.0422,-0.04120715155488378,0.0009009081414434411
1799,plts_tim600,1,600,solar,0.09602078345549526,0.0,0.09602078345549526,0.15148968555893216
1800,batt_tim600,1,600,battery,0.03363974114259112,0.0,0.03363974114259112,0.06614507844058984
1801,pltd_tim601,1,601,diesel,0.007107417999999845,0.1017,-0.09459258200000015,0.003213147091447223
1802,plts_tim601,1,601,solar,0.009671526591033071,0.0,0.009671526591033071,0.015310780972679456
1803,batt_tim601,1,601,battery,0.03787638893764497,0.0,0.03787638893764497,0.048587119767191905
1804,pltd_tim602,1,602,diesel,0.0019905319999999616,0.0813,-0.07930946800000004,0.0011593516424904633
1805,plts_tim602,1,602,solar,0.12235237264379238,0.0,0.12235237264379238,0.20249556259674306
1806,batt_tim602,1,602,battery,0.05361528872017588,0.0,0.05361528872017588,0.08032974209082767
1807,pltd_tim603,1,603,diesel,0.0018989179999999994,0.0776,-0.075701082,0.0011033306101999873
1808,plts_tim603,1,603,solar,0.11891401582570416,0.0,0.11891401582570416,0.19329366249853944
1809,batt_tim603,1,603,battery,0.0511789093385066,0.0,0.0511789093385066,0.07667847864347759
1810,pltd_tim604,1,604,diesel,0.0007297376000000043,0.0385,-0.0377702624,0.0007529979859999999
1811,plts_tim604,1,604,solar,0.10471181667609954,0.0,0.10471181667609954,0.17034729205003368
1812,batt_tim604,1,604,battery,0.044262102987440516,0.0,0.044262102987440516,0.08319408798848899
1813,pltd_tim605,1,605,diesel,0.011222124000000028,0.1605,-0.14927787599999998,0.004914598236023815
1814,plts_tim605,1,605,solar,0.02311302425335652,0.0,0.02311302425335652,0.0393348772125505
1815,batt_tim605,1,605,battery,0.06291619740032159,0.0,0.06291619740032159,0.08110826004566091
1816,pltd_tim606,1,606,diesel,0.0021554939999999592,0.0881,-0.08594450600000003,0.001276669925699984
1817,plts_tim606,1,606,solar,0.1308897236176212,0.0,0.1308897236176212,0.21936731553628672
1818,batt_tim606,1,606,battery,0.05808327684473912,0.0,0.05808327684473912,0.08702373993465588
1819,pltd_tim607,1,607,diesel,0.010404009999999977,0.1488,-0.13839599000000002,0.004894610252762441
1820,plts_tim607,1,607,solar,0.19005225302646403,0.0,0.19005225302646403,0.3243142870725046
1821,batt_tim607,1,607,battery,0.08658417394074468,0.0,0.08658417394074468,0.13095289722137707
1822,pltd_tim608,1,608,diesel,0.000852225600000007,0.045,-0.04414777439999999,0.0008793902910000043
1823,plts_tim608,1,608,solar,0.12298805612001286,0.0,0.12298805612001286,0.19896536729778677
1824,batt_tim608,1,608,battery,0.05169882976025182,0.0,0.05169882976025182,0.09716952184732652
1825,pltd_tim609,1,609,diesel,0.0009402694400000092,0.0496,-0.04865973055999999,0.0009702405284000066
1826,plts_tim609,1,609,solar,0.13752177747907932,0.0,0.13752177747907932,0.21940493028979413
1827,batt_tim609,1,609,battery,0.05701032302069131,0.0,0.05701032302069131,0.10714966030112552
1828,pltd_tim610,1,610,diesel,0.005837474999999998,0.0835,-0.07766252500000001,0.00316981391680866
1829,plts_tim610,1,610,solar,0.11991864565511294,0.0,0.11991864565511294,0.19281257348099815
1830,batt_tim610,1,610,battery,0.05110140999081578,0.0,0.05110140999081578,0.08118852447412665
1831,pltd_tim611,1,611,diesel,0.0062037630000000045,0.0887,-0.082496237,0.003368753427352275
1832,plts_tim611,1,611,solar,0.1281555244524641,0.0,0.1281555244524641,0.20492901370857902
1833,batt_tim611,1,611,battery,0.054307048048730766,0.0,0.054307048048730766,0.08638550534534947
1834,pltd_tim612,1,612,diesel,0.007473705999999993,0.1069,-0.099426294,0.004168111547153502
1835,plts_tim612,1,612,solar,0.14877227095052917,0.0,0.14877227095052917,0.2370005504457084
1836,batt_tim612,1,612,battery,0.06534057454745325,0.0,0.06534057454745325,0.10412352043274155
1837,pltd_tim613,1,613,diesel,0.007000743999999521,0.1001,-0.09309925600000048,0.0036982199635501793
1838,plts_tim613,1,613,solar,0.14461897099601748,0.0,0.14461897099601748,0.231255134855747
1839,batt_tim613,1,613,battery,0.06128381412755446,0.0,0.06128381412755446,0.09745356921957228
1840,pltd_tim614,1,614,diesel,0.0016676736916046292,0.0727,-0.07103232630839537,0.0015093827908508497
1841,plts_tim614,1,614,solar,0.16716458076666993,0.0,0.16716458076666993,0.2677219328331175
1842,batt_tim614,1,614,battery,0.05846630946199498,0.0,0.05846630946199498,0.11624428420473348
1843,pltd_tim615,1,615,diesel,0.006224898999999989,0.089,-0.082775101,0.003382229731110392
1844,plts_tim615,1,615,solar,0.12898221004498697,0.0,0.12898221004498697,0.2085813237855746
1845,batt_tim615,1,615,battery,0.054524220317604066,0.0,0.054524220317604066,0.08639784699162756
1846,pltd_tim616,1,616,diesel,0.0037988360000000276,0.1553,-0.15150116399999997,0.0005566052071666709
1847,plts_tim616,1,616,solar,0.0,0.0,0.0,0.0
1848,batt_tim616,1,616,battery,0.00352849999999999,0.0,0.00352849999999999,0.001956637866790475
1849,pltd_tim617,1,617,diesel,0.010683760000000014,0.1528,-0.14211623999999998,0.005012408320080605
1850,plts_tim617,1,617,solar,0.03666461084046369,0.0,0.03666461084046369,0.05963145139706808
1851,batt_tim617,1,617,battery,0.06348649969580802,0.0,0.06348649969580802,0.08160556523388719
1852,pltd_tim618,1,618,diesel,0.009370547999999965,0.134,-0.12462945200000004,0.004685926566642843
1853,plts_tim618,1,618,solar,0.1807941729323309,0.0,0.1807941729323309,0.2949879308223683
1854,batt_tim618,1,618,battery,0.07918800000000005,0.0,0.07918800000000005,0.12129515615619556
1855,pltd_tim619,1,619,diesel,0.003927124000000032,0.1605,-0.15657287599999997,0.0005754249561666706
1856,plts_tim619,1,619,solar,0.0,0.0,0.0,0.0
1857,batt_tim619,1,619,battery,0.003647499999999998,0.0,0.003647499999999998,0.0019371135010238072
1858,pltd_tim620,1,620,diesel,0.003549095516464429,0.1716,-0.16805090448353557,0.0003989031562494064
1859,plts_tim620,1,620,solar,0.0,0.0,0.0,0.0
1860,batt_tim620,1,620,battery,0.004224436741767784,0.0,0.004224436741767784,0.002135030731616744
1861,pltd_tim621,1,621,diesel,0.007775588999999999,0.1112,-0.103424411,0.003823870011216973
1862,plts_tim621,1,621,solar,0.13536477625366752,0.0,0.13536477625366752,0.21829011805771045
1863,batt_tim621,1,621,battery,0.06480799999999999,0.0,0.06480799999999999,0.09913964690128459
1864,pltd_tim622,1,622,diesel,0.008723513000000023,0.1248,-0.11607648699999998,0.003910620382856088
1865,plts_tim622,1,622,solar,0.04880116959064321,0.0,0.04880116959064321,0.07971951659356712
1866,batt_tim622,1,622,battery,0.05514207379556434,0.0,0.05514207379556434,0.07161997263497842
1867,pltd_tim623,1,623,diesel,0.002482999999999999,0.0958,-0.093317,0.0006021507103928556
1868,plts_tim623,1,623,solar,0.0,0.0,0.0,0.0
1869,batt_tim623,1,623,battery,0.015190858000000002,0.0,0.015190858000000002,0.009676529135420778
1870,pltd_tim624,1,624,diesel,0.0025620000000000087,0.0989,-0.096338,0.0005458517727500024
1871,plts_tim624,1,624,solar,0.0,0.0,0.0,0.0
1872,batt_tim624,1,624,battery,0.004352205999999997,0.0,0.004352205999999997,0.0016543879843425888
1873,pltd_tim625,1,625,diesel,0.0014773800000000975,0.0604,-0.058922619999999905,0.0008708830182000425
1874,plts_tim625,1,625,solar,0.0922378574772255,0.0,0.0922378574772255,0.14919113719297047
1875,batt_tim625,1,625,battery,0.03979533999398677,0.0,0.03979533999398677,0.05964654254147852
1876,pltd_tim626,1,626,diesel,0.0053212439999999785,0.0761,-0.07077875600000003,0.002922267727687515
1877,plts_tim626,1,626,solar,0.1092311176229617,0.0,0.1092311176229617,0.17575609057331534
1878,batt_tim626,1,626,battery,0.046575994271827126,0.0,0.046575994271827126,0.07410239722132238
1879,pltd_tim627,1,627,diesel,0.0015822659999999988,0.0647,-0.063117734,0.0009234925380650252
1880,plts_tim627,1,627,solar,0.10980149005315597,0.0,0.10980149005315597,0.1757760996568099
1881,batt_tim627,1,627,battery,0.04561707604741224,0.0,0.04561707604741224,0.07456652232256573
1882,pltd_tim628,1,628,diesel,0.005039497,0.0721,-0.067060503,0.0027525401871667803
1883,plts_tim628,1,628,solar,0.10546394168053774,0.0,0.10546394168053774,0.16889776053889713
1884,batt_tim628,1,628,battery,0.04414767733623702,0.0,0.04414767733623702,0.06994637460697524
1885,pltd_tim629,1,629,diesel,0.001354356016624935,0.0564,-0.05504564398337507,0.0012400018428158346
1886,plts_tim629,1,629,solar,0.12302781382547344,0.0,0.12302781382547344,0.19769493188382625
1887,batt_tim629,1,629,battery,0.04459982444667973,0.0,0.04459982444667973,0.08687745799636445
1888,pltd_tim630,1,630,diesel,0.0034724572530329956,0.1679,-0.164427542746967,0.000492649156641402
1889,plts_tim630,1,630,solar,0.0,0.0,0.0,0.0
1890,batt_tim630,1,630,battery,0.004133448873483492,0.0,0.004133448873483492,0.002141459121317149
1891,pltd_tim631,1,631,diesel,0.006893069999999953,0.0986,-0.09170693000000005,0.0030923910865475936
1892,plts_tim631,1,631,solar,0.00935863078785087,0.0,0.00935863078785087,0.014553784552171881
1893,batt_tim631,1,631,battery,0.036724831179344504,0.0,0.036724831179344504,0.04725240070194132
1894,pltd_tim632,1,632,diesel,0.006719993999999993,0.0961,-0.08938000600000001,0.0030484351041969774
1895,plts_tim632,1,632,solar,0.015632933019828894,0.0,0.015632933019828894,0.025521318123992828
1896,batt_tim632,1,632,battery,0.03827986559281435,0.0,0.03827986559281435,0.049621715073272794
1897,pltd_tim633,1,633,diesel,0.00458866799999999,0.0656,-0.061011332000000015,0.002427376127586119
1898,plts_tim633,1,633,solar,0.09385156533256661,0.0,0.09385156533256661,0.15156830712922287
1899,batt_tim633,1,633,battery,0.04016470948855777,0.0,0.04016470948855777,0.06371188764740295
1900,pltd_tim634,1,634,diesel,0.003403265999999877,0.0487,-0.04529673400000012,0.0018100828187054517
1901,plts_tim634,1,634,solar,0.07316109017740571,0.0,0.07316109017740571,0.1124123077019445
1902,batt_tim634,1,634,battery,0.029793723707328246,0.0,0.029793723707328246,0.047202827506389045
1903,pltd_tim635,1,635,diesel,0.0010100350000000029,0.0413,-0.040289965,0.0006147937249545683
1904,plts_tim635,1,635,solar,0.06368055031284563,0.0,0.06368055031284563,0.1019873943118871
1905,batt_tim635,1,635,battery,0.02720682481869726,0.0,0.02720682481869726,0.04076643633398411
1906,pltd_tim636,1,636,diesel,0.0012055350000000006,0.0493,-0.048094464999999996,0.000757022233639285
1907,plts_tim636,1,636,solar,0.08846827900455662,0.0,0.08846827900455662,0.13497282418506829
1908,batt_tim636,1,636,battery,0.034953000000000005,0.0,0.034953000000000005,0.05753437536645319
1909,pltd_tim637,1,637,diesel,0.002139000000000002,0.0826,-0.080461,0.0004979802696488114
1910,plts_tim637,1,637,solar,0.0,0.0,0.0,0.0
1911,batt_tim637,1,637,battery,0.0036330730000000006,0.0,0.0036330730000000006,0.001356291165606353
1912,pltd_tim638,1,638,diesel,0.0005450917946666564,0.0336,-0.03305490820533334,0.0005298202198305627
1913,plts_tim638,1,638,solar,0.07566616628503095,0.0,0.07566616628503095,0.12399721117101453
1914,batt_tim638,1,638,battery,0.02687166103393364,0.0,0.02687166103393364,0.0523945835699134
1915,pltd_tim639,1,639,diesel,0.0014173040000000012,0.0579,-0.056482696,0.0008232482561333328
1916,plts_tim639,1,639,solar,0.08751732157156046,0.0,0.08751732157156046,0.14420399734123077
1917,batt_tim639,1,639,battery,0.038180233373722006,0.0,0.038180233373722006,0.057204240034258995
1918,pltd_tim640,1,640,diesel,0.0006712144000000032,0.0354,-0.0347287856,0.0006926093590000023
1919,plts_tim640,1,640,solar,0.09576135506559307,0.0,0.09576135506559307,0.15671926462088198
1920,batt_tim640,1,640,battery,0.040723842449392214,0.0,0.040723842449392214,0.07653613500719535
1921,pltd_tim641,1,641,diesel,0.0010171710000000493,0.0416,-0.040582828999999945,0.0006125500359797814
1922,plts_tim641,1,641,solar,0.06236509607652244,0.0,0.06236509607652244,0.10274880329462541
1923,batt_tim641,1,641,battery,0.027409686101176566,0.0,0.027409686101176566,0.04108105068139622
1924,pltd_tim642,1,642,diesel,0.0,0.1516,-0.1516,0.0
1925,plts_tim642,1,642,solar,0.0,0.0,0.0,0.0
1926,batt_tim642,1,642,battery,0.07186999999999999,0.0,0.07186999999999999,0.05830536447914287
1927,pltd_tim643,1,643,diesel,0.0017716300000000101,0.0724,-0.07062837,0.0002247478783333341
1928,plts_tim643,1,643,solar,0.0,0.0,0.0,0.0
1929,batt_tim643,1,643,battery,0.0016449999999999937,0.0,0.0016449999999999937,0.000873626239666666
1930,pltd_tim644,1,644,diesel,0.0028713169999999844,0.1587,-0.15582868300000002,0.0004514804159047595
1931,plts_tim644,1,644,solar,0.0,0.0,0.0,0.0
1932,batt_tim644,1,644,battery,0.0041110000000000035,0.0,0.0041110000000000035,0.0019945607974761912
1933,pltd_tim645,1,645,diesel,0.0015570000000000028,0.0601,-0.058543,0.000377921509160716
1934,plts_tim645,1,645,solar,0.0,0.0,0.0,0.0
1935,batt_tim645,1,645,battery,0.0026432469999999996,0.0,0.0026432469999999996,0.0009867714066344093
1936,pltd_tim646,1,646,diesel,0.003051512999999992,0.1248,-0.121748487,0.00035718247972023673
1937,plts_tim646,1,646,solar,0.0,0.0,0.0,0.0
1938,batt_tim646,1,646,battery,0.0028359999999999913,0.0,0.0028359999999999913,0.0015297318096761888
1939,pltd_tim647,1,647,diesel,0.005018360999999985,0.0718,-0.06678163900000002,0.00255937530533928
1940,plts_tim647,1,647,solar,0.09653810118675829,0.0,0.09653810118675829,0.15800709596970686
1941,batt_tim647,1,647,battery,0.04241600000000001,0.0,0.04241600000000001,0.06488629073418821
1942,pltd_tim648,1,648,diesel,0.003597478000000008,0.0514,-0.04780252199999999,0.0016714683125534458
1943,plts_tim648,1,648,solar,0.03440968240416302,0.0,0.03440968240416302,0.05535237858644387
1944,batt_tim648,1,648,battery,0.025161999999999993,0.0,0.025161999999999993,0.03427804031983315
1945,pltd_tim649,1,649,diesel,0.004976092000000001,0.0712,-0.066223908,0.002195706808717041
1946,plts_tim649,1,649,solar,0.011595809866677622,0.0,0.011595809866677622,0.01889628824673069
1947,batt_tim649,1,649,battery,0.028341051140843662,0.0,0.028341051140843662,0.036738710809985815
1948,pltd_tim650,1,650,diesel,0.003704152000000009,0.053,-0.04929584799999999,0.0020085882830451493
1949,plts_tim650,1,650,solar,0.07492407420669266,0.0,0.07492407420669266,0.1223873138934823
1950,batt_tim650,1,650,battery,0.03243448791274863,0.0,0.03243448791274863,0.05138001733129461
1951,pltd_tim651,1,651,diesel,0.005945149000000004,0.085,-0.07905485100000001,0.0024966969455057363
1952,plts_tim651,1,651,solar,0.0,0.0,0.0,0.0
1953,batt_tim651,1,651,battery,0.0263286979202182,0.0,0.0263286979202182,0.03046634505992159
1954,pltd_tim652,1,652,diesel,0.0020730129999998875,0.0847,-0.08262698700000011,0.000693805439708315
1955,plts_tim652,1,652,solar,0.0,0.0,0.0,0.0
1956,batt_tim652,1,652,battery,0.02090681390814568,0.0,0.02090681390814568,0.017873413305892552
1957,pltd_tim653,1,653,diesel,0.0024344749999999915,0.0995,-0.09706552500000001,0.0007467441061011899
1958,plts_tim653,1,653,solar,0.0,0.0,0.0,0.0
1959,batt_tim653,1,653,battery,0.02455567136048528,0.0,0.02455567136048528,0.020993225186308535
1960,pltd_tim654,1,654,diesel,0.002513999999999986,0.097,-0.09448600000000001,0.0006098860093035588
1961,plts_tim654,1,654,solar,0.0,0.0,0.0,0.0
1962,batt_tim654,1,654,battery,0.015386399000000026,0.0,0.015386399000000026,0.009924856283769141
1963,pltd_tim655,1,655,diesel,0.0014468419999999066,0.0591,-0.05765315800000009,0.0008547846400166326
1964,plts_tim655,1,655,solar,0.08917343234837553,0.0,0.08917343234837553,0.1461353699435739
1965,batt_tim655,1,655,battery,0.038982698343159705,0.0,0.038982698343159705,0.05842507538596265
1966,pltd_tim656,1,656,diesel,0.0006130809600000091,0.0323,-0.03168691903999999,0.0006326229156000099
1967,plts_tim656,1,656,solar,0.08827865498353088,0.0,0.08827865498353088,0.14309118704525597
1968,batt_tim656,1,656,battery,0.03718215167445548,0.0,0.03718215167445548,0.06988300728907534
1969,pltd_tim657,1,657,diesel,0.004286784999999998,0.0613,-0.057013215000000006,0.001971374189523804
1970,plts_tim657,1,657,solar,0.007142857142857143,0.0,0.007142857142857143,0.011490351654247201
1971,batt_tim657,1,657,battery,0.022889734090675604,0.0,0.022889734090675604,0.028884976251588722
1972,pltd_tim658,1,658,diesel,0.0007180955733333303,0.0379,-0.037181904426666676,0.0007409848697333304
1973,plts_tim658,1,658,solar,0.10450490316591146,0.0,0.10450490316591146,0.16762169641042854
1974,batt_tim658,1,658,battery,0.04355370906062757,0.0,0.04355370906062757,0.08186617213495292
1975,pltd_tim659,1,659,diesel,0.0012097637746822372,0.0484,-0.04719023622531776,0.0011156798054287635
1976,plts_tim659,1,659,solar,0.11332877742366508,0.0,0.11332877742366508,0.1808519329375125
1977,batt_tim659,1,659,battery,0.04064806478665513,0.0,0.04064806478665513,0.0808421191414306
1978,pltd_tim660,1,660,diesel,0.002075999999999984,0.0801,-0.07802400000000002,0.0007096209439166562
1979,plts_tim660,1,660,solar,0.0,0.0,0.0,0.0
1980,batt_tim660,1,660,battery,0.014446994000000001,0.0,0.014446994000000001,0.009259682809999998
1981,pltd_tim661,1,661,diesel,0.0041791109999999975,0.0598,-0.055620889,0.002280146602205989
1982,plts_tim661,1,661,solar,0.08481023480450836,0.0,0.08481023480450836,0.13803781664969625
1983,batt_tim661,1,661,battery,0.03658257876175546,0.0,0.03658257876175546,0.05814772410541249
1984,pltd_tim662,1,662,diesel,0.0064835130000000935,0.0927,-0.08621648699999991,0.0031959350246838353
1985,plts_tim662,1,662,solar,0.12867700043569555,0.0,0.12867700043569555,0.21010264821839936
1986,batt_tim662,1,662,battery,0.05596143393916109,0.0,0.05596143393916109,0.08785823554834865
1987,pltd_tim663,1,663,diesel,0.003984898999999991,0.057,-0.05301510100000001,0.002135960887056256
1988,plts_tim663,1,663,solar,0.0822269972806707,0.0,0.0822269972806707,0.1335241861937211
1989,batt_tim663,1,663,battery,0.034903227724275655,0.0,0.034903227724275655,0.05528908038369923
1990,pltd_tim664,1,664,diesel,0.0013256900000000182,0.0542,-0.05287430999999998,0.0007905151268296802
1991,plts_tim664,1,664,solar,0.08270283297348252,0.0,0.08270283297348252,0.13500323616616663
1992,batt_tim664,1,664,battery,0.03574461606660366,0.0,0.03574461606660366,0.053545440735800864
1993,pltd_tim665,1,665,diesel,0.006893070000000005,0.0986,-0.09170692999999999,0.0034403666768383695
1994,plts_tim665,1,665,solar,0.1361588265381286,0.0,0.1361588265381286,0.2233426847587575
1995,batt_tim665,1,665,battery,0.059493367436085576,0.0,0.059493367436085576,0.09318513724569256
1996,pltd_tim666,1,666,diesel,0.007516975000000002,0.1075,-0.099983025,0.00327080680669535
1997,plts_tim666,1,666,solar,0.0752398759560351,0.0,0.0752398759560351,0.12425432884852476
1998,batt_tim666,1,666,battery,0.052586,0.0,0.052586,0.07126862108212513
1999,pltd_tim667,1,667,diesel,0.0015150540000002308,0.0619,-0.060384945999999766,0.0008949419994976976
2000,plts_tim667,1,667,solar,0.09434455264787114,0.0,0.09434455264787114,0.15417579235699258
2001,batt_tim667,1,667,battery,0.0408205516810092,0.0,0.0408205516810092,0.06115930833563045
2002,pltd_tim668,1,668,diesel,0.009541626999999983,0.1365,-0.126958373,0.004312075001368558
2003,plts_tim668,1,668,solar,0.02433898832686535,0.0,0.02433898832686535,0.03936114578664252
2004,batt_tim668,1,668,battery,0.05530855001574804,0.0,0.05530855001574804,0.07215795494706521
2005,pltd_tim669,1,669,diesel,0.004695342000000005,0.0672,-0.06250465799999999,0.0020474157831971334
2006,plts_tim669,1,669,solar,0.0,0.0,0.0,0.0
2007,batt_tim669,1,669,battery,0.020796274122059318,0.0,0.020796274122059318,0.024063595362384945
2008,pltd_tim670,1,670,diesel,0.006333569999999903,0.0906,-0.0842664300000001,0.0034390521454582927
2009,plts_tim670,1,670,solar,0.1293980521758296,0.0,0.1293980521758296,0.2091876732055679
2010,batt_tim670,1,670,battery,0.055438134000606154,0.0,0.055438134000606154,0.08809871485787855
2011,pltd_tim671,1,671,diesel,0.0068065320000000595,0.0974,-0.09059346799999994,0.0037296686168167476
2012,plts_tim671,1,671,solar,0.13810114648241245,0.0,0.13810114648241245,0.22483501912610582
2013,batt_tim671,1,671,battery,0.05958821515464834,0.0,0.05958821515464834,0.09467338868231066
2014,pltd_tim672,1,672,diesel,0.009327278999999987,0.1334,-0.124072721,0.004142861020504946
2015,plts_tim672,1,672,solar,0.03218986666358475,0.0,0.03218986666358475,0.05205997927288245
2016,batt_tim672,1,672,battery,0.055422954238757385,0.0,0.055422954238757385,0.07124572225121231
2017,pltd_tim673,1,673,diesel,0.006095092000000073,0.0872,-0.08110490799999992,0.003250142546376247
2018,plts_tim673,1,673,solar,0.1233296295568923,0.0,0.1233296295568923,0.20137150917382796
2019,batt_tim673,1,673,battery,0.05336498368047138,0.0,0.05336498368047138,0.0848726395345877
2020,pltd_tim674,1,674,diesel,0.005104898999999958,0.073,-0.06789510100000004,0.0026065891103212086
2021,plts_tim674,1,674,solar,0.09998831371082388,0.0,0.09998831371082388,0.1654242157883235
2022,batt_tim674,1,674,battery,0.04406321773250821,0.0,0.04406321773250821,0.06885715108325685
2023,pltd_tim675,1,675,diesel,0.0007824808533333365,0.0413,-0.04051751914666667,0.000807422430533336
2024,plts_tim675,1,675,solar,0.11105893759388115,0.0,0.11105893759388115,0.1826109130931704
2025,batt_tim675,1,675,battery,0.047452164689334275,0.0,0.047452164689334275,0.0891823380724573
2026,pltd_tim676,1,676,diesel,0.011889297999999993,0.1701,-0.158210702,0.005226181785464298
2027,plts_tim676,1,676,solar,0.0,0.0,0.0,0.0
2028,batt_tim676,1,676,battery,0.05410899999999996,0.0,0.05410899999999996,0.06371277344713322
2029,pltd_tim677,1,677,diesel,0.004071632649913337,0.1969,-0.19282836735008665,0.000577648999334053
2030,plts_tim677,1,677,solar,0.0,0.0,0.0,0.0
2031,batt_tim677,1,677,battery,0.004846187175043325,0.0,0.004846187175043325,0.0026155183724312957
2032,pltd_tim678,1,678,diesel,0.005858611,0.0838,-0.077941389,0.0025706417752837927
2033,plts_tim678,1,678,solar,0.058719268369692,0.0,0.058719268369692,0.09684290015688542
2034,batt_tim678,1,678,battery,0.040984,0.0,0.040984,0.055547278354542345
2035,pltd_tim679,1,679,diesel,0.006051823000000175,0.0866,-0.08054817699999982,0.0029833626871425905
2036,plts_tim679,1,679,solar,0.11840169884380233,0.0,0.11840169884380233,0.19612134357591665
2037,batt_tim679,1,679,battery,0.052243070510334055,0.0,0.052243070510334055,0.08195085865648256
2038,pltd_tim680,1,680,diesel,0.0013566450395424007,0.0591,-0.0577433549604576,0.001233888444427964
2039,plts_tim680,1,680,solar,0.13207897545018227,0.0,0.13207897545018227,0.21781711781084
2040,batt_tim680,1,680,battery,0.047566929103049875,0.0,0.047566929103049875,0.0945757585042137
2041,pltd_tim681,1,681,diesel,0.006656589000000018,0.0952,-0.08854341099999999,0.002929741408653069
2042,plts_tim681,1,681,solar,0.06643951052209124,0.0,0.06643951052209124,0.11000476128506337
2043,batt_tim681,1,681,battery,0.04655799999999998,0.0,0.04655799999999998,0.06314898176112677
2044,pltd_tim682,1,682,diesel,0.0035646649999999946,0.1457,-0.142135335,0.00045226078857142844
2045,plts_tim682,1,682,solar,0.0,0.0,0.0,0.0
2046,batt_tim682,1,682,battery,0.0033115000000000228,0.0,0.0033115000000000228,0.0017116809826952485
2047,pltd_tim683,1,683,diesel,0.0022910000000000083,0.0884,-0.08610899999999999,0.0008283717220833394
2048,plts_tim683,1,683,solar,0.0,0.0,0.0,0.0
2049,batt_tim683,1,683,battery,0.015947629999999997,0.0,0.015947629999999997,0.010477080645103151
2050,pltd_tim684,1,684,diesel,0.0018829999999999954,0.0727,-0.070817,0.00040127035441666427
2051,plts_tim684,1,684,solar,0.0,0.0,0.0,0.0
2052,batt_tim684,1,684,battery,0.003199766000000007,0.0,0.003199766000000007,0.0012211452267488405
2053,pltd_tim685,1,685,diesel,0.006591186999999995,0.0943,-0.087708813,0.002758654852773806
2054,plts_tim685,1,685,solar,0.001449801613610634,0.0,0.001449801613610634,0.0023661117535520894
2055,batt_tim685,1,685,battery,0.029995000000000004,0.0,0.029995000000000004,0.03491607750638253
2056,pltd_tim686,1,686,diesel,0.0038772279999999965,0.0555,-0.051622772000000004,0.002102406280023162
2057,plts_tim686,1,686,solar,0.07765136837830508,0.0,0.07765136837830508,0.12806671342634063
2058,batt_tim686,1,686,battery,0.033941714007260135,0.0,0.033941714007260135,0.053826436907326344
2059,pltd_tim687,1,687,diesel,0.004006035000000005,0.0573,-0.05329396499999999,0.0017700707945535763
2060,plts_tim687,1,687,solar,0.0,0.0,0.0,0.0
2061,batt_tim687,1,687,battery,0.018232999999999992,0.0,0.018232999999999992,0.021454640525279758
2062,pltd_tim688,1,688,diesel,0.002218863999999968,0.0317,-0.029481136000000033,0.001244157422710962
2063,plts_tim688,1,688,solar,0.04514133478463151,0.0,0.04514133478463151,0.07329115516698415
2064,batt_tim688,1,688,battery,0.019422387927598983,0.0,0.019422387927598983,0.030862936779964503
2065,pltd_tim689,1,689,diesel,0.004092572999999992,0.0585,-0.05440742700000001,0.0019087484145600747
2066,plts_tim689,1,689,solar,0.009767943957103212,0.0,0.009767943957103212,0.015541497243744175
2067,batt_tim689,1,689,battery,0.023311121137950617,0.0,0.023311121137950617,0.03020195448358843
2068,pltd_tim690,1,690,diesel,0.003058114000000148,0.0437,-0.040641885999999856,0.001746643938493226
2069,plts_tim690,1,690,solar,0.060896647841004306,0.0,0.060896647841004306,0.09698872084179122
2070,batt_tim690,1,690,battery,0.02673905343513646,0.0,0.02673905343513646,0.04251769136709015
2071,pltd_tim691,1,691,diesel,0.0038772279999999965,0.0555,-0.051622772000000004,0.0016284298595480662
2072,plts_tim691,1,691,solar,0.0,0.0,0.0,0.0
2073,batt_tim691,1,691,battery,0.017170604159563594,0.0,0.017170604159563594,0.019868273463490193
2074,pltd_tim692,1,692,diesel,0.0028560129999999906,0.1168,-0.11394398700000001,0.00044656302050595053
2075,plts_tim692,1,692,solar,0.0,0.0,0.0,0.0
2076,batt_tim692,1,692,battery,0.002653500000000003,0.0,0.002653500000000003,0.0014493578484428599
2077,pltd_tim693,1,693,diesel,0.004436728000000001,0.0635,-0.059063272,0.0019185840407114159
2078,plts_tim693,1,693,solar,0.0,0.0,0.0,0.0
2079,batt_tim693,1,693,battery,0.019651330037504258,0.0,0.019651330037504258,0.02273926010110523
2080,pltd_tim694,1,694,diesel,0.003618610999999994,0.0518,-0.048181389000000005,0.0016928321492187754
2081,plts_tim694,1,694,solar,0.024584134987196395,0.0,0.024584134987196395,0.03954672789618382
2082,batt_tim694,1,694,battery,0.023526000000000002,0.0,0.023526000000000002,0.03078075821000048
2083,pltd_tim695,1,695,diesel,0.004329054000000094,0.0619,-0.0575709459999999,0.002334953458896766
2084,plts_tim695,1,695,solar,0.08996102139643637,0.0,0.08996102139643637,0.14302605920448797
2085,batt_tim695,1,695,battery,0.03790237765429161,0.0,0.03790237765429161,0.060090469931461776
2086,pltd_tim696,1,696,diesel,0.009541626999999997,0.1365,-0.126958373,0.004062108098452383
2087,plts_tim696,1,696,solar,0.0,0.0,0.0,0.0
2088,batt_tim696,1,696,battery,0.041191000000000005,0.0,0.041191000000000005,0.046830153731523785
2089,pltd_tim697,1,697,diesel,0.006806532000000032,0.0974,-0.09059346799999997,0.0031946881168571657
2090,plts_tim697,1,697,solar,0.05578641302659531,0.0,0.05578641302659531,0.0882266863860714
2091,batt_tim697,1,697,battery,0.04578398891124035,0.0,0.04578398891124035,0.061052590824537574
2092,pltd_tim698,1,698,diesel,0.006870937000000028,0.0983,-0.09142906299999998,0.0033585922315924207
2093,plts_tim698,1,698,solar,0.12538273545481413,0.0,0.12538273545481413,0.2006232850256867
2094,batt_tim698,1,698,battery,0.05807199999999998,0.0,0.05807199999999998,0.08951875527043694
2095,pltd_tim699,1,699,diesel,0.0007824808533333443,0.0413,-0.04051751914666666,0.0008074224305333438
2096,plts_tim699,1,699,solar,0.11441770781177146,0.0,0.11441770781177146,0.18261123154019315
2097,batt_tim699,1,699,battery,0.047447833540968765,0.0,0.047447833540968765,0.0891840928482388
2098,pltd_tim700,1,700,diesel,0.003975000000000006,0.1534,-0.149425,0.0012480130706726154
2099,plts_tim700,1,700,solar,0.0,0.0,0.0,0.0
2100,batt_tim700,1,700,battery,0.027673029000000002,0.0,0.027673029000000002,0.01800877398308929
2101,pltd_tim701,1,701,diesel,0.004374000000000016,0.1688,-0.164426,0.0009750301733333381
2102,plts_tim701,1,701,solar,0.0,0.0,0.0,0.0
2103,batt_tim701,1,701,battery,0.007429760000000008,0.0,0.007429760000000008,0.0027736623653241933
2104,pltd_tim702,1,702,diesel,0.005924013000000013,0.0847,-0.07877598699999999,0.0029632483752262107
2105,plts_tim702,1,702,solar,0.11305856832971799,0.0,0.11305856832971799,0.18651577275488085
2106,batt_tim702,1,702,battery,0.05006199999999999,0.0,0.05006199999999999,0.07658157035131988
2107,pltd_tim703,1,703,diesel,0.00549184968977473,0.2656,-0.2601081503102253,0.0007791421711685514
2108,plts_tim703,1,703,solar,0.0,0.0,0.0,0.0
2109,batt_tim703,1,703,battery,0.006537586655112643,0.0,0.006537586655112643,0.003336720596259382
2110,pltd_tim704,1,704,diesel,0.0006712144000000031,0.0354,-0.0347287856,0.0006926093590000025
2111,plts_tim704,1,704,solar,0.09843443273111628,0.0,0.09843443273111628,0.15672031125111716
2112,batt_tim704,1,704,battery,0.040726068649211765,0.0,0.040726068649211765,0.07654190237588944
2113,pltd_tim705,1,705,diesel,0.0007900523333333326,0.0613,-0.06050994766666667,0.0008540559777182524
2114,plts_tim705,1,705,solar,0.12887726812215639,0.0,0.12887726812215639,0.20872208413045945
2115,batt_tim705,1,705,battery,0.04773881239583603,0.0,0.04773881239583603,0.08832584817100375
2116,pltd_tim706,1,706,diesel,0.012041238000000051,0.1722,-0.16015876199999995,0.005286663618611927
2117,plts_tim706,1,706,solar,0.13090338111617453,0.0,0.13090338111617453,0.21867828706276513
2118,batt_tim706,1,706,battery,0.08610599999999993,0.0,0.08610599999999993,0.11798058534857916
2119,pltd_tim707,1,707,diesel,0.0022084370000005557,0.0903,-0.08809156299999946,0.001360549888750219
2120,plts_tim707,1,707,solar,0.13601862917438914,0.0,0.13601862917438914,0.22301838870171
2121,batt_tim707,1,707,battery,0.059489311704867376,0.0,0.059489311704867376,0.0891573063943337
2122,pltd_tim708,1,708,diesel,0.0025540000000000007,0.0986,-0.09604599999999999,0.0005691225987499997
2123,plts_tim708,1,708,solar,0.0,0.0,0.0,0.0
2124,batt_tim708,1,708,battery,0.004339070000000014,0.0,0.004339070000000014,0.001655944409381529
2125,pltd_tim709,1,709,diesel,0.003478428608318873,0.1682,-0.16472157139168112,0.0003909479191985103
2126,plts_tim709,1,709,solar,0.0,0.0,0.0,0.0
2127,batt_tim709,1,709,battery,0.004141031195840554,0.0,0.004141031195840554,0.00214798667998473
2128,pltd_tim710,1,710,diesel,0.0,0.3392,-0.3392,0.0
2129,plts_tim710,1,710,solar,0.0,0.0,0.0,0.0
2130,batt_tim710,1,710,battery,0.010928638941398908,0.0,0.010928638941398908,0.005027441256095253
2131,pltd_tim711,1,711,diesel,0.0027735319999999987,0.1134,-0.110626468,0.001670025440014281
2132,plts_tim711,1,711,solar,0.16502032648798995,0.0,0.16502032648798995,0.28227320918946025
2133,batt_tim711,1,711,battery,0.07473784841113976,0.0,0.07473784841113976,0.11197191194942527
2134,pltd_tim712,1,712,diesel,0.004217857632582256,0.2039,-0.19968214236741774,0.0004740392344535878
2135,plts_tim712,1,712,solar,0.0,0.0,0.0,0.0
2136,batt_tim712,1,712,battery,0.00502112218370887,0.0,0.00502112218370887,0.0027099319211902765
2137,pltd_tim713,1,713,diesel,0.004360254000000008,0.2409,-0.236539746,0.0005570484023928582
2138,plts_tim713,1,713,solar,0.0,0.0,0.0,0.0
2139,batt_tim713,1,713,battery,0.0062419999999999976,0.0,0.0062419999999999976,0.0028919697315809532
2140,pltd_tim714,1,714,diesel,0.0,0.3731,-0.3731,0.0
2141,plts_tim714,1,714,solar,0.0,0.0,0.0,0.0
2142,batt_tim714,1,714,battery,0.009460030329289363,0.0,0.009460030329289363,0.004647188004239883
2143,pltd_tim715,1,715,diesel,0.0,0.5419,-0.5419,0.0
2144,plts_tim715,1,715,solar,0.0,0.0,0.0,0.0
2145,batt_tim715,1,715,battery,0.025370999999999977,0.0,0.025370999999999977,0.011554681426885718
2146,pltd_tim716,1,716,diesel,0.0,0.4285,-0.4285,0.0
2147,plts_tim716,1,716,solar,0.0,0.0,0.0,0.0
2148,batt_tim716,1,716,battery,0.010561125965537599,0.0,0.010561125965537599,0.005140879487416149
2149,pltd_tim717,1,717,diesel,0.004747446310225292,0.2295,-0.2247525536897747,0.0006735377826647868
2150,plts_tim717,1,717,solar,0.0,0.0,0.0,0.0
2151,batt_tim717,1,717,battery,0.005649913344887333,0.0,0.005649913344887333,0.0028921892422216666
2152,pltd_tim718,1,718,diesel,0.0,0.4402,-0.4402,0.0
2153,plts_tim718,1,718,solar,0.0,0.0,0.0,0.0
2154,batt_tim718,1,718,battery,0.020611000000000015,0.0,0.020611000000000015,0.010520360252828573
2155,pltd_tim719,1,719,diesel,0.0,0.5758,-0.5758,0.0
2156,plts_tim719,1,719,solar,0.0,0.0,0.0,0.0
2157,batt_tim719,1,719,battery,0.273011,0.0,0.273011,0.2047140392649239
2158,pltd_tim720,1,720,diesel,0.0,0.4341,-0.4341,0.0
2159,plts_tim720,1,720,solar,0.0,0.0,0.0,0.0
2160,batt_tim720,1,720,battery,0.011006282495667208,0.0,0.011006282495667208,0.005800974920927198
2161,pltd_tim721,1,721,diesel,0.005035999999999987,0.1944,-0.189364,0.0010730687895654733
2162,plts_tim721,1,721,solar,0.0,0.0,0.0,0.0
2163,batt_tim721,1,721,battery,0.008554930999999986,0.0,0.008554930999999986,0.003251954308523059
2164,pltd_tim722,1,722,diesel,0.008681241,0.1242,-0.115518759,0.004157622315520868
2165,plts_tim722,1,722,solar,0.02418856323221117,0.0,0.02418856323221117,0.03504955466907757
2166,batt_tim722,1,722,battery,0.05030632351923194,0.0,0.05030632351923194,0.06575602415911957
2167,pltd_tim723,1,723,diesel,0.0038719999999999727,0.1494,-0.14552800000000005,0.000977433423351182
2168,plts_tim723,1,723,solar,0.0,0.0,0.0,0.0
2169,batt_tim723,1,723,battery,0.006575279000000003,0.0,0.006575279000000003,0.0024546693168832497
2170,pltd_tim724,1,724,diesel,0.006677725000000009,0.0955,-0.08882227499999999,0.0029097288421130975
2171,plts_tim724,1,724,solar,0.0,0.0,0.0,0.0
2172,batt_tim724,1,724,battery,0.030386999999999997,0.0,0.030386999999999997,0.03579371226800596
2173,pltd_tim725,1,725,diesel,0.006138360999999974,0.0878,-0.08166163900000004,0.0025307284238630856
2174,plts_tim725,1,725,solar,0.0,0.0,0.0,0.0
2175,batt_tim725,1,725,battery,0.026500000000000017,0.0,0.026500000000000017,0.03012823548637146
2176,pltd_tim726,1,726,diesel,0.0007586889599999915,0.04,-0.03924131104000001,0.0007828721705999913
2177,plts_tim726,1,726,solar,0.11933727394558008,0.0,0.11933727394558008,0.17716136663589427
2178,batt_tim726,1,726,battery,0.046036801226001026,0.0,0.046036801226001026,0.08652516344672172
2179,pltd_tim727,1,727,diesel,0.005104899000000187,0.073,-0.0678951009999998,0.0028682104892788192
2180,plts_tim727,1,727,solar,0.10870933554070918,0.0,0.10870933554070918,0.1618740709242351
2181,batt_tim727,1,727,battery,0.04462755423421459,0.0,0.04462755423421459,0.07097606559764798
2182,pltd_tim728,1,728,diesel,0.0040704400000000016,0.0582,-0.05412956,0.0018016605438288653
2183,plts_tim728,1,728,solar,0.00961098188275181,0.0,0.00961098188275181,0.015460494564087282
2184,batt_tim728,1,728,battery,0.02318871732855771,0.0,0.02318871732855771,0.03009003020864499
2185,pltd_tim729,1,729,diesel,0.009628165000000022,0.1377,-0.12807183499999997,0.004420832438711306
2186,plts_tim729,1,729,solar,0.012721225107030797,0.0,0.012721225107030797,0.01823588891215374
2187,batt_tim729,1,729,battery,0.05127606304002286,0.0,0.05127606304002286,0.06646110000116447
2188,pltd_tim730,1,730,diesel,0.00437232299999997,0.0625,-0.05812767700000003,0.0023704717105847424
2189,plts_tim730,1,730,solar,0.0940275239961674,0.0,0.0940275239961674,0.13864955488012254
2190,batt_tim730,1,730,battery,0.03822511563020173,0.0,0.03822511563020173,0.060935607803496855
2191,pltd_tim731,1,731,diesel,0.004653999999999978,0.1796,-0.17494600000000005,0.0009458712330535649
2192,plts_tim731,1,731,solar,0.0,0.0,0.0,0.0
2193,batt_tim731,1,731,battery,0.007904469000000011,0.0,0.007904469000000011,0.002962811413089288
2194,pltd_tim732,1,732,diesel,0.0006628449999999397,0.0271,-0.02643715500000006,0.000379670831304738
2195,plts_tim732,1,732,solar,0.04164035437444517,0.0,0.04164035437444517,0.066983839976655
2196,batt_tim732,1,732,battery,0.01786741859583313,0.0,0.01786741859583313,0.026784491070493473
2197,pltd_tim733,1,733,diesel,0.016331592,0.0792,-0.06286840800000001,0.012151716799552684
2198,plts_tim733,1,733,solar,0.09583348127108113,0.0,0.09583348127108113,0.1443417540697678
2199,batt_tim733,1,733,battery,0.035989,0.0,0.035989,0.06481257467589195
2200,pltd_tim734,1,734,diesel,0.0018359999999999887,0.0709,-0.06906400000000001,0.0006636206403095143
2201,plts_tim734,1,734,solar,0.0,0.0,0.0,0.0
2202,batt_tim734,1,734,battery,0.012780956000000033,0.0,0.012780956000000033,0.008396366073893317
2203,pltd_tim735,1,735,diesel,0.0026762118422877096,0.1294,-0.1267237881577123,0.00035341368794750404
2204,plts_tim735,1,735,solar,0.0,0.0,0.0,0.0
2205,batt_tim735,1,735,battery,0.0031856585788561376,0.0,0.0031856585788561376,0.0017034234318209901
2206,pltd_tim736,1,736,diesel,0.0037082219999999833,0.1516,-0.14789177800000003,0.0004704973021666644
2207,plts_tim736,1,736,solar,0.0,0.0,0.0,0.0
2208,batt_tim736,1,736,battery,0.003444500000000017,0.0,0.003444500000000017,0.0017804273425619055
2209,pltd_tim737,1,737,diesel,0.0038560919999999985,0.0551,-0.051243908000000005,0.0017227864809140753
2210,plts_tim737,1,737,solar,0.009886662412106088,0.0,0.009886662412106088,0.0159039619826614
2211,batt_tim737,1,737,battery,0.022347852401065148,0.0,0.022347852401065148,0.029125113796249495
2212,pltd_tim738,1,738,diesel,0.003899361000000004,0.0558,-0.051900639,0.001889640355066539
2213,plts_tim738,1,738,solar,0.010220974831308523,0.0,0.010220974831308523,0.01608136494936105
2214,batt_tim738,1,738,battery,0.02259721779435151,0.0,0.02259721779435151,0.02945049273758818
2215,pltd_tim739,1,739,diesel,0.003877227999999993,0.0555,-0.05162277200000001,0.0018407343757619013
2216,plts_tim739,1,739,solar,0.022763700131521326,0.0,0.022763700131521326,0.035431004961858935
2217,batt_tim739,1,739,battery,0.024507558120733578,0.0,0.024507558120733578,0.03186202508228492
2218,pltd_tim740,1,740,diesel,0.007409301,0.106,-0.098590699,0.0032764841975533583
2219,plts_tim740,1,740,solar,0.0,0.0,0.0,0.0
2220,batt_tim740,1,740,battery,0.032816195363109445,0.0,0.032816195363109445,0.037972282249715814
2221,pltd_tim741,1,741,diesel,0.008228415000000003,0.1177,-0.109471585,0.003393260559345229
2222,plts_tim741,1,741,solar,0.0,0.0,0.0,0.0
2223,batt_tim741,1,741,battery,0.037445000000000075,0.0,0.037445000000000075,0.044060932133046585
2224,pltd_tim742,1,742,diesel,0.0007824808533333349,0.0413,-0.04051751914666667,0.0008074224305333325
2225,plts_tim742,1,742,solar,0.11526149995507835,0.0,0.11526149995507835,0.18261132985509776
2226,batt_tim742,1,742,battery,0.04744738012322221,0.0,0.04744738012322221,0.08918463460432847
2227,pltd_tim743,1,743,diesel,0.003015841999999918,0.0431,-0.04008415800000008,0.0016818645487822902
2228,plts_tim743,1,743,solar,0.06424124141411797,0.0,0.06424124141411797,0.09961436405335328
2229,batt_tim743,1,743,battery,0.026400080582972718,0.0,0.026400080582972718,0.04187708094312033
2230,pltd_tim744,1,744,diesel,0.005255841999999913,0.0752,-0.06994415800000009,0.0024461611961779078
2231,plts_tim744,1,744,solar,0.020818109872074712,0.0,0.020818109872074712,0.0323024514101695
2232,batt_tim744,1,744,battery,0.03176191832058971,0.0,0.03176191832058971,0.04089461416704384
2233,pltd_tim745,1,745,diesel,0.004027170999999998,0.0576,-0.053572829,0.0021984851178486493
2234,plts_tim745,1,745,solar,0.08456216696581793,0.0,0.08456216696581793,0.1349549608770901
2235,batt_tim745,1,745,battery,0.035280078730948364,0.0,0.035280078730948364,0.05584759593468066
2236,pltd_tim746,1,746,diesel,0.0032311900000000157,0.0462,-0.04296880999999998,0.0016836252042857244
2237,plts_tim746,1,746,solar,0.058643287178787085,0.0,0.058643287178787085,0.09433523376783787
2238,batt_tim746,1,746,battery,0.027305999999999987,0.0,0.027305999999999987,0.042089098085349615
2239,pltd_tim747,1,747,diesel,0.005238049478336199,0.2532,-0.24796195052166378,0.0005887828427507693
2240,plts_tim747,1,747,solar,0.0,0.0,0.0,0.0
2241,batt_tim747,1,747,battery,0.006234293760831899,0.0,0.006234293760831899,0.0033128322179376123
2242,pltd_tim748,1,748,diesel,0.0030490000000000135,0.1177,-0.11465099999999999,0.0010170010913988178
2243,plts_tim748,1,748,solar,0.0,0.0,0.0,0.0
2244,batt_tim748,1,748,battery,0.02122741500000001,0.0,0.02122741500000001,0.013605526475000011
2245,pltd_tim749,1,749,diesel,0.005321243999999985,0.0761,-0.07077875600000001,0.002989421295334061
2246,plts_tim749,1,749,solar,0.10563380980640288,0.0,0.10563380980640288,0.16870712383894765
2247,batt_tim749,1,749,battery,0.04651028980878462,0.0,0.04651028980878462,0.0740466198453891
2248,pltd_tim750,1,750,diesel,0.005321244000000041,0.0761,-0.07077875599999996,0.002682857457348974
2249,plts_tim750,1,750,solar,0.10473814230743012,0.0,0.10473814230743012,0.16425271137471395
2250,batt_tim750,1,750,battery,0.045846121414595764,0.0,0.045846121414595764,0.07205831076259027
2251,pltd_tim751,1,751,diesel,0.00254188299999996,0.0364,-0.03385811700000004,0.0014147119889504202
2252,plts_tim751,1,751,solar,0.052323987771812214,0.0,0.052323987771812214,0.08395975099049097
2253,batt_tim751,1,751,battery,0.02225049976157184,0.0,0.02225049976157184,0.035297879551928174
2254,pltd_tim752,1,752,diesel,0.005686532000000008,0.0813,-0.07561346799999999,0.002739881400004254
2255,plts_tim752,1,752,solar,0.05983794973986,0.0,0.05983794973986,0.09266418131687605
2256,batt_tim752,1,752,battery,0.040665999999999994,0.0,0.040665999999999994,0.05615838705828099
2257,pltd_tim753,1,753,diesel,0.0004396420998095255,0.0305,-0.030060357900190474,0.0004453503921727911
2258,plts_tim753,1,753,solar,0.08300132138722108,0.0,0.08300132138722108,0.1341708154763658
2259,batt_tim753,1,753,battery,0.03489343052133304,0.0,0.03489343052133304,0.0648530892208348
2260,pltd_tim754,1,754,diesel,0.004911687000000022,0.0702,-0.06528831299999997,0.002220878670670227
2261,plts_tim754,1,754,solar,0.006373818953697934,0.0,0.006373818953697934,0.010168188432838565
2262,batt_tim754,1,754,battery,0.026103763104762406,0.0,0.026103763104762406,0.03350103694945775
2263,pltd_tim755,1,755,diesel,0.007193955999999998,0.1029,-0.095706044,0.0029657975640714263
2264,plts_tim755,1,755,solar,0.0,0.0,0.0,0.0
2265,batt_tim755,1,755,battery,0.030869000000000004,0.0,0.030869000000000004,0.03494580750000002
2266,pltd_tim756,1,756,diesel,0.00268199999999999,0.1035,-0.100818,0.0008419548412202328
2267,plts_tim756,1,756,solar,0.0,0.0,0.0,0.0
2268,batt_tim756,1,756,battery,0.018670225000000013,0.0,0.018670225000000013,0.012265602131802143
2269,pltd_tim757,1,757,diesel,0.00995118399999996,0.1423,-0.13234881600000004,0.005152644254697868
2270,plts_tim757,1,757,solar,0.19025835475353378,0.0,0.19025835475353378,0.3072146364918678
2271,batt_tim757,1,757,battery,0.08575216956141254,0.0,0.08575216956141254,0.13508682384114518
2272,pltd_tim758,1,758,diesel,0.0014012546133333331,0.0739,-0.07249874538666666,0.001445919604133335
2273,plts_tim758,1,758,solar,0.20578998920449465,0.0,0.20578998920449465,0.3270664642751608
2274,batt_tim758,1,758,battery,0.08498441354428779,0.0,0.08498441354428779,0.1597395956911962
2275,pltd_tim759,1,759,diesel,0.0010334470399999812,0.0545,-0.05346655296000002,0.0010663881643999816
2276,plts_tim759,1,759,solar,0.1529075990527374,0.0,0.1529075990527374,0.24121090120527963
2277,batt_tim759,1,759,battery,0.06268395079770493,0.0,0.06268395079770493,0.11780749889385995
2278,pltd_tim760,1,760,diesel,0.007830845999999947,0.3201,-0.31226915400000005,0.0009165880875357073
2279,plts_tim760,1,760,solar,0.0,0.0,0.0,0.0
2280,batt_tim760,1,760,battery,0.007274500000000017,0.0,0.007274500000000017,0.003546855330976199
2281,pltd_tim761,1,761,diesel,0.009240741000000066,0.1322,-0.12295925899999995,0.004169726504904791
2282,plts_tim761,1,761,solar,0.03442217847769026,0.0,0.03442217847769026,0.054396249927493284
2283,batt_tim761,1,761,battery,0.0556143383202099,0.0,0.0556143383202099,0.07162309151421889
2284,pltd_tim762,1,762,diesel,0.005405784999999996,0.0773,-0.071894215,0.0028297094890156883
2285,plts_tim762,1,762,solar,0.11241550255708538,0.0,0.11241550255708538,0.17860260282862578
2286,batt_tim762,1,762,battery,0.04733223819474214,0.0,0.04733223819474214,0.075286065198576
2287,pltd_tim763,1,763,diesel,0.008098608000000014,0.1158,-0.10770139199999998,0.004282038544849225
2288,plts_tim763,1,763,solar,0.1624903791756574,0.0,0.1624903791756574,0.25681978156584734
2289,batt_tim763,1,763,battery,0.07080275423922047,0.0,0.07080275423922047,0.11294428996456854
2290,pltd_tim764,1,764,diesel,0.007237224999999993,0.1035,-0.096262775,0.003723518399365418
2291,plts_tim764,1,764,solar,0.13348768828262444,0.0,0.13348768828262444,0.21130680568921334
2292,batt_tim764,1,764,battery,0.06116600000000002,0.0,0.06116600000000002,0.09430155554810746
2293,pltd_tim765,1,765,diesel,0.002453348596187177,0.1186,-0.11614665140381282,0.00039630316672588167
2294,plts_tim765,1,765,solar,0.0,0.0,0.0,0.0
2295,batt_tim765,1,765,battery,0.0029197357019064146,0.0,0.0029197357019064146,0.0014712274024820525
2296,pltd_tim766,1,766,diesel,0.001700000000000021,0.0656,-0.06389999999999998,0.0006118455911666788
2297,plts_tim766,1,766,solar,0.0,0.0,0.0,0.0
2298,batt_tim766,1,766,battery,0.011836667999999962,0.0,0.011836667999999962,0.007684859984392088
2299,pltd_tim767,1,767,diesel,0.0,0.1001,-0.1001,0.0
2300,plts_tim767,1,767,solar,0.0,0.0,0.0,0.0
2301,batt_tim767,1,767,battery,0.0037915641247833615,0.0,0.0037915641247833615,0.001576348818045779
2302,pltd_tim768,1,768,diesel,0.0023309999999999997,0.09,-0.087669,0.0005882009246249988
2303,plts_tim768,1,768,solar,0.0,0.0,0.0,0.0
2304,batt_tim768,1,768,battery,0.003959301000000012,0.0,0.003959301000000012,0.0015379675095042041
2305,pltd_tim769,1,769,diesel,0.001764,0.0681,-0.06633599999999999,0.0006178336549940472
2306,plts_tim769,1,769,solar,0.0,0.0,0.0,0.0
2307,batt_tim769,1,769,battery,0.012279747000000002,0.0,0.012279747000000002,0.007972909304096316
2308,pltd_tim770,1,770,diesel,0.0025403579999999926,0.1038,-0.10125964200000001,0.00039721163315476057
2309,plts_tim770,1,770,solar,0.0,0.0,0.0,0.0
2310,batt_tim770,1,770,battery,0.0023595000000000005,0.0,0.0023595000000000005,0.001272708816971426
2311,pltd_tim771,1,771,diesel,0.003059645999999999,0.1251,-0.12204035399999999,0.000388198765190475
2312,plts_tim771,1,771,solar,0.0,0.0,0.0,0.0
2313,batt_tim771,1,771,battery,0.0028429999999999844,0.0,0.0028429999999999844,0.0014695180533904728
2314,pltd_tim772,1,772,diesel,0.001287928767764318,0.0622,-0.06091207123223568,0.00017006941337828417
2315,plts_tim772,1,772,solar,0.0,0.0,0.0,0.0
2316,batt_tim772,1,772,battery,0.0015316291161178441,0.0,0.0015316291161178441,0.0008034621913633712
2317,pltd_tim773,1,773,diesel,0.0018352621334488672,0.0887,-0.08686473786655113,0.0002964669360703541
2318,plts_tim773,1,773,solar,0.0,0.0,0.0,0.0
2319,batt_tim773,1,773,battery,0.002184250433275567,0.0,0.002184250433275567,0.0011646571215183207
2320,pltd_tim774,1,774,diesel,0.0008288070000000113,0.0339,-0.033071192999999985,0.00048366714255572164
2321,plts_tim774,1,774,solar,0.05179838326017491,0.0,0.05179838326017491,0.08372136427473788
2322,batt_tim774,1,774,battery,0.022333561340387862,0.0,0.022333561340387862,0.033467945185674995
2323,pltd_tim775,1,775,diesel,0.0035188580000000136,0.1439,-0.140381142,0.0005502239545833361
2324,plts_tim775,1,775,solar,0.0,0.0,0.0,0.0
2325,batt_tim775,1,775,battery,0.003269999999999995,0.0,0.003269999999999995,0.0017860939002857117
2326,pltd_tim776,1,776,diesel,0.0036830159999999973,0.0527,-0.049016984,0.0017259222479588633
2327,plts_tim776,1,776,solar,0.016934306850641713,0.0,0.016934306850641713,0.02724100016053411
2328,batt_tim776,1,776,battery,0.022692350477792396,0.0,0.022692350477792396,0.029339493083972875
2329,pltd_tim777,1,777,diesel,0.007150687000000003,0.1023,-0.095149313,0.003187221345101192
2330,plts_tim777,1,777,solar,0.001567743739260996,0.0,0.001567743739260996,0.002566893475935602
2331,batt_tim777,1,777,battery,0.032544,0.0,0.032544,0.037883760979091165
2332,pltd_tim778,1,778,diesel,0.0014173039999999942,0.0579,-0.056482696000000006,0.0004603623241904742
2333,plts_tim778,1,778,solar,0.0,0.0,0.0,0.0
2334,batt_tim778,1,778,battery,0.014292224653379558,0.0,0.014292224653379558,0.012290034407462304
2335,pltd_tim779,1,779,diesel,0.00572880399999999,0.0819,-0.07617119600000001,0.0024560633719814752
2336,plts_tim779,1,779,solar,0.0,0.0,0.0,0.0
2337,batt_tim779,1,779,battery,0.02537544391408115,0.0,0.02537544391408115,0.02936250738504375
2338,pltd_tim780,1,780,diesel,0.003000999999999991,0.1158,-0.11279900000000001,0.0009669197803333228
2339,plts_tim780,1,780,solar,0.0,0.0,0.0,0.0
2340,batt_tim780,1,780,battery,0.020893608000000022,0.0,0.020893608000000022,0.01372630753514981
