Segment,Zone,NSE_Price,Max_NSE_MW,Total_NSE_MWh,NSE_Percent_of_Demand
1,1,2000.0,0.0,0.0,0.0
1,2,2000.0,0.0,0.0,0.0
1,3,2000.0,0.0,0.0,0.0
1,4,2000.0,0.0,0.0,0.0
1,5,2000.0,0.0,0.0,0.0
1,6,2000.0,0.0,0.0,0.0
1,7,2000.0,0.0,0.0,0.0
1,8,2000.0,0.0,0.0,0.0
1,9,2000.0,0.0,0.0,0.0
1,10,2000.0,0.0,0.0,0.0
1,11,2000.0,0.0,0.0,0.0
1,12,2000.0,0.0,0.0,0.0
1,13,2000.0,0.0,0.0,0.0
1,14,2000.0,0.0,0.0,0.0
1,15,2000.0,0.0,0.0,0.0
1,16,2000.0,0.0,0.0,0.0
1,17,2000.0,0.0,0.0,0.0
1,18,2000.0,0.0,0.0,0.0
1,19,2000.0,0.0,0.0,0.0
1,20,2000.0,0.0,0.0,0.0
1,21,2000.0,0.0,0.0,0.0
1,22,2000.0,0.0,0.0,0.0
1,23,2000.0,0.0,0.0,0.0
1,24,2000.0,0.0,0.0,0.0
1,25,2000.0,0.0,0.0,0.0
1,26,2000.0,0.0,0.0,0.0
1,27,2000.0,0.0,0.0,0.0
1,28,2000.0,0.0,0.0,0.0
1,29,2000.0,0.0,0.0,0.0
1,30,2000.0,0.0,0.0,0.0
1,31,2000.0,0.0,0.0,0.0
1,32,2000.0,0.0,0.0,0.0
1,33,2000.0,0.0,0.0,0.0
1,34,2000.0,0.0,0.0,0.0
1,35,2000.0,0.0,0.0,0.0
1,36,2000.0,0.0,0.0,0.0
1,37,2000.0,0.0,0.0,0.0
1,38,2000.0,0.0,0.0,0.0
1,39,2000.0,0.0,0.0,0.0
1,40,2000.0,0.0,0.0,0.0
1,41,2000.0,0.0,0.0,0.0
1,42,2000.0,0.0,0.0,0.0
1,43,2000.0,0.0,0.0,0.0
1,44,2000.0,0.0,0.0,0.0
1,45,2000.0,0.0,0.0,0.0
1,46,2000.0,0.0,0.0,0.0
1,47,2000.0,0.0,0.0,0.0
1,48,2000.0,0.0,0.0,0.0
1,49,2000.0,0.0,0.0,0.0
1,50,2000.0,0.0,0.0,0.0
1,51,2000.0,0.0,0.0,0.0
1,52,2000.0,0.0,0.0,0.0
1,53,2000.0,0.0,0.0,0.0
1,54,2000.0,0.0,0.0,0.0
1,55,2000.0,0.0,0.0,0.0
1,56,2000.0,0.0,0.0,0.0
1,57,2000.0,0.0,0.0,0.0
1,58,2000.0,0.0,0.0,0.0
1,59,2000.0,0.0,0.0,0.0
1,60,2000.0,0.0,0.0,0.0
1,61,2000.0,0.0,0.0,0.0
1,62,2000.0,0.0,0.0,0.0
1,63,2000.0,0.0,0.0,0.0
1,64,2000.0,0.0,0.0,0.0
1,65,2000.0,0.0,0.0,0.0
1,66,2000.0,0.0,0.0,0.0
1,67,2000.0,0.0,0.0,0.0
1,68,2000.0,0.0,0.0,0.0
1,69,2000.0,0.0,0.0,0.0
1,70,2000.0,0.0,0.0,0.0
1,71,2000.0,0.0,0.0,0.0
1,72,2000.0,0.0,0.0,0.0
1,73,2000.0,0.0,0.0,0.0
1,74,2000.0,0.0,0.0,0.0
1,75,2000.0,0.0,0.0,0.0
1,76,2000.0,0.0,0.0,0.0
1,77,2000.0,0.0,0.0,0.0
1,78,2000.0,0.0,0.0,0.0
1,79,2000.0,0.0,0.0,0.0
1,80,2000.0,0.0,0.0,0.0
1,81,2000.0,0.0,0.0,0.0
1,82,2000.0,0.0,0.0,0.0
1,83,2000.0,0.0,0.0,0.0
1,84,2000.0,0.0,0.0,0.0
1,85,2000.0,0.0,0.0,0.0
1,86,2000.0,0.0,0.0,0.0
1,87,2000.0,0.0,0.0,0.0
1,88,2000.0,0.0,0.0,0.0
1,89,2000.0,0.0,0.0,0.0
1,90,2000.0,0.0,0.0,0.0
1,91,2000.0,0.0,0.0,0.0
1,92,2000.0,0.0,0.0,0.0
1,93,2000.0,0.0,0.0,0.0
1,94,2000.0,0.0,0.0,0.0
1,95,2000.0,0.0,0.0,0.0
1,96,2000.0,0.0,0.0,0.0
1,97,2000.0,0.0,0.0,0.0
1,98,2000.0,0.0,0.0,0.0
1,99,2000.0,0.0,0.0,0.0
1,100,2000.0,0.0,0.0,0.0
1,101,2000.0,0.0,0.0,0.0
1,102,2000.0,0.0,0.0,0.0
1,103,2000.0,0.0,0.0,0.0
1,104,2000.0,0.0,0.0,0.0
1,105,2000.0,0.0,0.0,0.0
1,106,2000.0,0.0,0.0,0.0
1,107,2000.0,0.0,0.0,0.0
1,108,2000.0,0.0,0.0,0.0
1,109,2000.0,0.0,0.0,0.0
1,110,2000.0,0.0,0.0,0.0
1,111,2000.0,0.0,0.0,0.0
1,112,2000.0,0.0,0.0,0.0
1,113,2000.0,0.0,0.0,0.0
1,114,2000.0,0.0,0.0,0.0
1,115,2000.0,0.0,0.0,0.0
1,116,2000.0,0.0,0.0,0.0
1,117,2000.0,0.0,0.0,0.0
1,118,2000.0,0.0,0.0,0.0
1,119,2000.0,0.0,0.0,0.0
1,120,2000.0,0.0,0.0,0.0
1,121,2000.0,0.0,0.0,0.0
1,122,2000.0,0.0,0.0,0.0
1,123,2000.0,0.0,0.0,0.0
1,124,2000.0,0.0,0.0,0.0
1,125,2000.0,0.0,0.0,0.0
1,126,2000.0,0.0,0.0,0.0
1,127,2000.0,0.0,0.0,0.0
1,128,2000.0,0.0,0.0,0.0
1,129,2000.0,0.0,0.0,0.0
1,130,2000.0,0.0,0.0,0.0
1,131,2000.0,0.0,0.0,0.0
1,132,2000.0,0.0,0.0,0.0
1,133,2000.0,0.0,0.0,0.0
1,134,2000.0,0.0,0.0,0.0
1,135,2000.0,0.0,0.0,0.0
1,136,2000.0,0.0,0.0,0.0
1,137,2000.0,0.0,0.0,0.0
1,138,2000.0,0.0,0.0,0.0
1,139,2000.0,0.0,0.0,0.0
1,140,2000.0,0.0,0.0,0.0
1,141,2000.0,0.0,0.0,0.0
1,142,2000.0,0.0,0.0,0.0
1,143,2000.0,0.0,0.0,0.0
1,144,2000.0,0.0,0.0,0.0
1,145,2000.0,0.0,0.0,0.0
1,146,2000.0,0.0,0.0,0.0
1,147,2000.0,0.0,0.0,0.0
1,148,2000.0,0.0,0.0,0.0
1,149,2000.0,0.0,0.0,0.0
1,150,2000.0,0.0,0.0,0.0
1,151,2000.0,0.0,0.0,0.0
1,152,2000.0,0.0,0.0,0.0
1,153,2000.0,0.0,0.0,0.0
1,154,2000.0,0.0,0.0,0.0
1,155,2000.0,0.0,0.0,0.0
1,156,2000.0,0.0,0.0,0.0
1,157,2000.0,0.0,0.0,0.0
1,158,2000.0,0.0,0.0,0.0
1,159,2000.0,0.0,0.0,0.0
1,160,2000.0,0.0,0.0,0.0
1,161,2000.0,0.0,0.0,0.0
1,162,2000.0,0.0,0.0,0.0
1,163,2000.0,0.0,0.0,0.0
1,164,2000.0,0.0,0.0,0.0
1,165,2000.0,0.0,0.0,0.0
1,166,2000.0,0.0,0.0,0.0
1,167,2000.0,0.0,0.0,0.0
1,168,2000.0,0.0,0.0,0.0
1,169,2000.0,0.0,0.0,0.0
1,170,2000.0,0.0,0.0,0.0
1,171,2000.0,0.0,0.0,0.0
1,172,2000.0,0.0,0.0,0.0
1,173,2000.0,0.0,0.0,0.0
1,174,2000.0,0.0,0.0,0.0
1,175,2000.0,0.0,0.0,0.0
1,176,2000.0,0.0,0.0,0.0
1,177,2000.0,0.0,0.0,0.0
1,178,2000.0,0.0,0.0,0.0
1,179,2000.0,0.0,0.0,0.0
1,180,2000.0,0.0,0.0,0.0
1,181,2000.0,0.0,0.0,0.0
1,182,2000.0,0.0,0.0,0.0
1,183,2000.0,0.0,0.0,0.0
1,184,2000.0,0.0,0.0,0.0
1,185,2000.0,0.0,0.0,0.0
1,186,2000.0,0.0,0.0,0.0
1,187,2000.0,0.0,0.0,0.0
1,188,2000.0,0.0,0.0,0.0
1,189,2000.0,0.0,0.0,0.0
1,190,2000.0,0.0,0.0,0.0
1,191,2000.0,0.0,0.0,0.0
1,192,2000.0,0.0,0.0,0.0
1,193,2000.0,0.0,0.0,0.0
1,194,2000.0,0.0,0.0,0.0
1,195,2000.0,0.0,0.0,0.0
1,196,2000.0,0.0,0.0,0.0
1,197,2000.0,0.0,0.0,0.0
1,198,2000.0,0.0,0.0,0.0
1,199,2000.0,0.0,0.0,0.0
1,200,2000.0,0.0,0.0,0.0
1,201,2000.0,0.0,0.0,0.0
1,202,2000.0,0.0,0.0,0.0
1,203,2000.0,0.0,0.0,0.0
1,204,2000.0,0.0,0.0,0.0
1,205,2000.0,0.0,0.0,0.0
1,206,2000.0,0.0,0.0,0.0
1,207,2000.0,0.0,0.0,0.0
1,208,2000.0,0.0,0.0,0.0
1,209,2000.0,0.0,0.0,0.0
1,210,2000.0,0.0,0.0,0.0
1,211,2000.0,0.0,0.0,0.0
1,212,2000.0,0.0,0.0,0.0
1,213,2000.0,0.0,0.0,0.0
1,214,2000.0,0.0,0.0,0.0
1,215,2000.0,0.0,0.0,0.0
1,216,2000.0,0.0,0.0,0.0
1,217,2000.0,0.0,0.0,0.0
1,218,2000.0,0.0,0.0,0.0
1,219,2000.0,0.0,0.0,0.0
1,220,2000.0,0.0,0.0,0.0
1,221,2000.0,0.0,0.0,0.0
1,222,2000.0,0.0,0.0,0.0
1,223,2000.0,0.0,0.0,0.0
1,224,2000.0,0.0,0.0,0.0
1,225,2000.0,0.0,0.0,0.0
1,226,2000.0,0.0,0.0,0.0
1,227,2000.0,0.0,0.0,0.0
1,228,2000.0,0.0,0.0,0.0
1,229,2000.0,0.0,0.0,0.0
1,230,2000.0,0.0,0.0,0.0
1,231,2000.0,0.0,0.0,0.0
1,232,2000.0,0.0,0.0,0.0
1,233,2000.0,0.0,0.0,0.0
1,234,2000.0,0.0,0.0,0.0
1,235,2000.0,0.0,0.0,0.0
1,236,2000.0,0.0,0.0,0.0
1,237,2000.0,0.0,0.0,0.0
1,238,2000.0,0.0,0.0,0.0
1,239,2000.0,0.0,0.0,0.0
1,240,2000.0,0.0,0.0,0.0
1,241,2000.0,0.0,0.0,0.0
1,242,2000.0,0.0,0.0,0.0
1,243,2000.0,0.0,0.0,0.0
1,244,2000.0,0.0,0.0,0.0
1,245,2000.0,0.0,0.0,0.0
1,246,2000.0,0.0,0.0,0.0
1,247,2000.0,0.0,0.0,0.0
1,248,2000.0,0.0,0.0,0.0
1,249,2000.0,0.0,0.0,0.0
1,250,2000.0,0.0,0.0,0.0
1,251,2000.0,0.0,0.0,0.0
1,252,2000.0,0.0,0.0,0.0
1,253,2000.0,0.0,0.0,0.0
1,254,2000.0,0.0,0.0,0.0
1,255,2000.0,0.0,0.0,0.0
1,256,2000.0,0.0,0.0,0.0
1,257,2000.0,0.0,0.0,0.0
1,258,2000.0,0.0,0.0,0.0
1,259,2000.0,0.0,0.0,0.0
1,260,2000.0,0.0,0.0,0.0
1,261,2000.0,0.0,0.0,0.0
1,262,2000.0,0.0,0.0,0.0
1,263,2000.0,0.0,0.0,0.0
1,264,2000.0,0.0,0.0,0.0
1,265,2000.0,0.0,0.0,0.0
1,266,2000.0,0.0,0.0,0.0
1,267,2000.0,0.0,0.0,0.0
1,268,2000.0,0.0,0.0,0.0
1,269,2000.0,0.0,0.0,0.0
1,270,2000.0,0.0,0.0,0.0
1,271,2000.0,0.0,0.0,0.0
1,272,2000.0,0.0,0.0,0.0
1,273,2000.0,0.0,0.0,0.0
1,274,2000.0,0.0,0.0,0.0
1,275,2000.0,0.0,0.0,0.0
1,276,2000.0,0.0,0.0,0.0
1,277,2000.0,0.0,0.0,0.0
1,278,2000.0,0.0,0.0,0.0
1,279,2000.0,0.0,0.0,0.0
1,280,2000.0,0.0,0.0,0.0
1,281,2000.0,0.0,0.0,0.0
1,282,2000.0,0.0,0.0,0.0
1,283,2000.0,0.0,0.0,0.0
1,284,2000.0,0.0,0.0,0.0
1,285,2000.0,0.0,0.0,0.0
1,286,2000.0,0.0,0.0,0.0
1,287,2000.0,0.0,0.0,0.0
1,288,2000.0,0.0,0.0,0.0
1,289,2000.0,0.0,0.0,0.0
1,290,2000.0,0.0,0.0,0.0
1,291,2000.0,0.0,0.0,0.0
1,292,2000.0,0.0,0.0,0.0
1,293,2000.0,0.0,0.0,0.0
1,294,2000.0,0.0,0.0,0.0
1,295,2000.0,0.0,0.0,0.0
1,296,2000.0,0.0,0.0,0.0
1,297,2000.0,0.0,0.0,0.0
1,298,2000.0,0.0,0.0,0.0
1,299,2000.0,0.0,0.0,0.0
1,300,2000.0,0.0,0.0,0.0
1,301,2000.0,0.0,0.0,0.0
1,302,2000.0,0.0,0.0,0.0
1,303,2000.0,0.0,0.0,0.0
1,304,2000.0,0.0,0.0,0.0
1,305,2000.0,0.0,0.0,0.0
1,306,2000.0,0.0,0.0,0.0
1,307,2000.0,0.0,0.0,0.0
1,308,2000.0,0.0,0.0,0.0
1,309,2000.0,0.0,0.0,0.0
1,310,2000.0,0.0,0.0,0.0
1,311,2000.0,0.0,0.0,0.0
1,312,2000.0,0.0,0.0,0.0
1,313,2000.0,0.0,0.0,0.0
1,314,2000.0,0.0,0.0,0.0
1,315,2000.0,0.0,0.0,0.0
1,316,2000.0,0.0,0.0,0.0
1,317,2000.0,0.0,0.0,0.0
1,318,2000.0,0.0,0.0,0.0
1,319,2000.0,0.0,0.0,0.0
1,320,2000.0,0.0,0.0,0.0
1,321,2000.0,0.0,0.0,0.0
1,322,2000.0,0.0,0.0,0.0
1,323,2000.0,0.0,0.0,0.0
1,324,2000.0,0.0,0.0,0.0
1,325,2000.0,0.0,0.0,0.0
1,326,2000.0,0.0,0.0,0.0
1,327,2000.0,0.0,0.0,0.0
1,328,2000.0,0.0,0.0,0.0
1,329,2000.0,0.0,0.0,0.0
1,330,2000.0,0.0,0.0,0.0
1,331,2000.0,0.0,0.0,0.0
1,332,2000.0,0.0,0.0,0.0
1,333,2000.0,0.0,0.0,0.0
1,334,2000.0,0.0,0.0,0.0
1,335,2000.0,0.0,0.0,0.0
1,336,2000.0,0.0,0.0,0.0
1,337,2000.0,0.0,0.0,0.0
1,338,2000.0,0.0,0.0,0.0
1,339,2000.0,0.0,0.0,0.0
1,340,2000.0,0.0,0.0,0.0
1,341,2000.0,0.0,0.0,0.0
1,342,2000.0,0.0,0.0,0.0
1,343,2000.0,0.0,0.0,0.0
1,344,2000.0,0.0,0.0,0.0
1,345,2000.0,0.0,0.0,0.0
1,346,2000.0,0.0,0.0,0.0
1,347,2000.0,0.0,0.0,0.0
1,348,2000.0,0.0,0.0,0.0
1,349,2000.0,0.0,0.0,0.0
1,350,2000.0,0.0,0.0,0.0
1,351,2000.0,0.0,0.0,0.0
1,352,2000.0,0.0,0.0,0.0
1,353,2000.0,0.0,0.0,0.0
1,354,2000.0,0.0,0.0,0.0
1,355,2000.0,0.0,0.0,0.0
1,356,2000.0,0.0,0.0,0.0
1,357,2000.0,0.0,0.0,0.0
1,358,2000.0,0.0,0.0,0.0
1,359,2000.0,0.0,0.0,0.0
1,360,2000.0,0.0,0.0,0.0
1,361,2000.0,0.0,0.0,0.0
1,362,2000.0,0.0,0.0,0.0
1,363,2000.0,0.0,0.0,0.0
1,364,2000.0,0.0,0.0,0.0
1,365,2000.0,0.0,0.0,0.0
1,366,2000.0,0.0,0.0,0.0
1,367,2000.0,0.0,0.0,0.0
1,368,2000.0,0.0,0.0,0.0
1,369,2000.0,0.0,0.0,0.0
1,370,2000.0,0.0,0.0,0.0
1,371,2000.0,0.0,0.0,0.0
1,372,2000.0,0.0,0.0,0.0
1,373,2000.0,0.0,0.0,0.0
1,374,2000.0,0.0,0.0,0.0
1,375,2000.0,0.0,0.0,0.0
1,376,2000.0,0.0,0.0,0.0
1,377,2000.0,0.0,0.0,0.0
1,378,2000.0,0.0,0.0,0.0
1,379,2000.0,0.0,0.0,0.0
1,380,2000.0,0.0,0.0,0.0
1,381,2000.0,0.0,0.0,0.0
1,382,2000.0,0.0,0.0,0.0
1,383,2000.0,0.0,0.0,0.0
1,384,2000.0,0.0,0.0,0.0
1,385,2000.0,0.0,0.0,0.0
1,386,2000.0,0.0,0.0,0.0
1,387,2000.0,0.0,0.0,0.0
1,388,2000.0,0.0,0.0,0.0
1,389,2000.0,0.0,0.0,0.0
1,390,2000.0,0.0,0.0,0.0
1,391,2000.0,0.0,0.0,0.0
1,392,2000.0,0.0,0.0,0.0
1,393,2000.0,0.0,0.0,0.0
1,394,2000.0,0.0,0.0,0.0
1,395,2000.0,0.0,0.0,0.0
1,396,2000.0,0.0,0.0,0.0
1,397,2000.0,0.0,0.0,0.0
1,398,2000.0,0.0,0.0,0.0
1,399,2000.0,0.0,0.0,0.0
1,400,2000.0,0.0,0.0,0.0
1,401,2000.0,0.0,0.0,0.0
1,402,2000.0,0.0,0.0,0.0
1,403,2000.0,0.0,0.0,0.0
1,404,2000.0,0.0,0.0,0.0
1,405,2000.0,0.0,0.0,0.0
1,406,2000.0,0.0,0.0,0.0
1,407,2000.0,0.0,0.0,0.0
1,408,2000.0,0.0,0.0,0.0
1,409,2000.0,0.0,0.0,0.0
1,410,2000.0,0.0,0.0,0.0
1,411,2000.0,0.0,0.0,0.0
1,412,2000.0,0.0,0.0,0.0
1,413,2000.0,0.0,0.0,0.0
1,414,2000.0,0.0,0.0,0.0
1,415,2000.0,0.0,0.0,0.0
1,416,2000.0,0.0,0.0,0.0
1,417,2000.0,0.0,0.0,0.0
1,418,2000.0,0.0,0.0,0.0
1,419,2000.0,0.0,0.0,0.0
1,420,2000.0,0.0,0.0,0.0
1,421,2000.0,0.0,0.0,0.0
1,422,2000.0,0.0,0.0,0.0
1,423,2000.0,0.0,0.0,0.0
1,424,2000.0,0.0,0.0,0.0
1,425,2000.0,0.0,0.0,0.0
1,426,2000.0,0.0,0.0,0.0
1,427,2000.0,0.0,0.0,0.0
1,428,2000.0,0.0,0.0,0.0
1,429,2000.0,0.0,0.0,0.0
1,430,2000.0,0.0,0.0,0.0
1,431,2000.0,0.0,0.0,0.0
1,432,2000.0,0.0,0.0,0.0
1,433,2000.0,0.0,0.0,0.0
1,434,2000.0,0.0,0.0,0.0
1,435,2000.0,0.0,0.0,0.0
1,436,2000.0,0.0,0.0,0.0
1,437,2000.0,0.0,0.0,0.0
1,438,2000.0,0.0,0.0,0.0
1,439,2000.0,0.0,0.0,0.0
1,440,2000.0,0.0,0.0,0.0
1,441,2000.0,0.0,0.0,0.0
1,442,2000.0,0.0,0.0,0.0
1,443,2000.0,0.0,0.0,0.0
1,444,2000.0,0.0,0.0,0.0
1,445,2000.0,0.0,0.0,0.0
1,446,2000.0,0.0,0.0,0.0
1,447,2000.0,0.0,0.0,0.0
1,448,2000.0,0.0,0.0,0.0
1,449,2000.0,0.0,0.0,0.0
1,450,2000.0,0.0,0.0,0.0
1,451,2000.0,0.0,0.0,0.0
1,452,2000.0,0.0,0.0,0.0
1,453,2000.0,0.0,0.0,0.0
1,454,2000.0,0.0,0.0,0.0
1,455,2000.0,0.0,0.0,0.0
1,456,2000.0,0.0,0.0,0.0
1,457,2000.0,0.0,0.0,0.0
1,458,2000.0,0.0,0.0,0.0
1,459,2000.0,0.0,0.0,0.0
1,460,2000.0,0.0,0.0,0.0
1,461,2000.0,0.0,0.0,0.0
1,462,2000.0,0.0,0.0,0.0
1,463,2000.0,0.0,0.0,0.0
1,464,2000.0,0.0,0.0,0.0
1,465,2000.0,0.0,0.0,0.0
1,466,2000.0,0.0,0.0,0.0
1,467,2000.0,0.0,0.0,0.0
1,468,2000.0,0.0,0.0,0.0
1,469,2000.0,0.0,0.0,0.0
1,470,2000.0,0.0,0.0,0.0
1,471,2000.0,0.0,0.0,0.0
1,472,2000.0,0.0,0.0,0.0
1,473,2000.0,0.0,0.0,0.0
1,474,2000.0,0.0,0.0,0.0
1,475,2000.0,0.0,0.0,0.0
1,476,2000.0,0.0,0.0,0.0
1,477,2000.0,0.0,0.0,0.0
1,478,2000.0,0.0,0.0,0.0
1,479,2000.0,0.0,0.0,0.0
1,480,2000.0,0.0,0.0,0.0
1,481,2000.0,0.0,0.0,0.0
1,482,2000.0,0.0,0.0,0.0
1,483,2000.0,0.0,0.0,0.0
1,484,2000.0,0.0,0.0,0.0
1,485,2000.0,0.0,0.0,0.0
1,486,2000.0,0.0,0.0,0.0
1,487,2000.0,0.0,0.0,0.0
1,488,2000.0,0.0,0.0,0.0
1,489,2000.0,0.0,0.0,0.0
1,490,2000.0,0.0,0.0,0.0
1,491,2000.0,0.0,0.0,0.0
1,492,2000.0,0.0,0.0,0.0
1,493,2000.0,0.0,0.0,0.0
1,494,2000.0,0.0,0.0,0.0
1,495,2000.0,0.0,0.0,0.0
1,496,2000.0,0.0,0.0,0.0
1,497,2000.0,0.0,0.0,0.0
1,498,2000.0,0.0,0.0,0.0
1,499,2000.0,0.0,0.0,0.0
1,500,2000.0,0.0,0.0,0.0
1,501,2000.0,0.0,0.0,0.0
1,502,2000.0,0.0,0.0,0.0
1,503,2000.0,0.0,0.0,0.0
1,504,2000.0,0.0,0.0,0.0
1,505,2000.0,0.0,0.0,0.0
1,506,2000.0,0.0,0.0,0.0
1,507,2000.0,0.0,0.0,0.0
1,508,2000.0,0.0,0.0,0.0
1,509,2000.0,0.0,0.0,0.0
1,510,2000.0,0.0,0.0,0.0
1,511,2000.0,0.0,0.0,0.0
1,512,2000.0,0.0,0.0,0.0
1,513,2000.0,0.0,0.0,0.0
1,514,2000.0,0.0,0.0,0.0
1,515,2000.0,0.0,0.0,0.0
1,516,2000.0,0.0,0.0,0.0
1,517,2000.0,0.0,0.0,0.0
1,518,2000.0,0.0,0.0,0.0
1,519,2000.0,0.0,0.0,0.0
1,520,2000.0,0.0,0.0,0.0
1,521,2000.0,0.0,0.0,0.0
1,522,2000.0,0.0,0.0,0.0
1,523,2000.0,0.0,0.0,0.0
1,524,2000.0,0.0,0.0,0.0
1,525,2000.0,0.0,0.0,0.0
1,526,2000.0,0.0,0.0,0.0
1,527,2000.0,0.0,0.0,0.0
1,528,2000.0,0.0,0.0,0.0
1,529,2000.0,0.0,0.0,0.0
1,530,2000.0,0.0,0.0,0.0
1,531,2000.0,0.0,0.0,0.0
1,532,2000.0,0.0,0.0,0.0
1,533,2000.0,0.0,0.0,0.0
1,534,2000.0,0.0,0.0,0.0
1,535,2000.0,0.0,0.0,0.0
1,536,2000.0,0.0,0.0,0.0
1,537,2000.0,0.0,0.0,0.0
1,538,2000.0,0.0,0.0,0.0
1,539,2000.0,0.0,0.0,0.0
1,540,2000.0,0.0,0.0,0.0
1,541,2000.0,0.0,0.0,0.0
1,542,2000.0,0.0,0.0,0.0
1,543,2000.0,0.0,0.0,0.0
1,544,2000.0,0.0,0.0,0.0
1,545,2000.0,0.0,0.0,0.0
1,546,2000.0,0.0,0.0,0.0
1,547,2000.0,0.0,0.0,0.0
1,548,2000.0,0.0,0.0,0.0
1,549,2000.0,0.0,0.0,0.0
1,550,2000.0,0.0,0.0,0.0
1,551,2000.0,0.0,0.0,0.0
1,552,2000.0,0.0,0.0,0.0
1,553,2000.0,0.0,0.0,0.0
1,554,2000.0,0.0,0.0,0.0
1,555,2000.0,0.0,0.0,0.0
1,556,2000.0,0.0,0.0,0.0
1,557,2000.0,0.0,0.0,0.0
1,558,2000.0,0.0,0.0,0.0
1,559,2000.0,0.0,0.0,0.0
1,560,2000.0,0.0,0.0,0.0
1,561,2000.0,0.0,0.0,0.0
1,562,2000.0,0.0,0.0,0.0
1,563,2000.0,0.0,0.0,0.0
1,564,2000.0,0.0,0.0,0.0
1,565,2000.0,0.0,0.0,0.0
1,566,2000.0,0.0,0.0,0.0
1,567,2000.0,0.0,0.0,0.0
1,568,2000.0,0.0,0.0,0.0
1,569,2000.0,0.0,0.0,0.0
1,570,2000.0,0.0,0.0,0.0
1,571,2000.0,0.0,0.0,0.0
1,572,2000.0,0.0,0.0,0.0
1,573,2000.0,0.0,0.0,0.0
1,574,2000.0,0.0,0.0,0.0
1,575,2000.0,0.0,0.0,0.0
1,576,2000.0,0.0,0.0,0.0
1,577,2000.0,0.0,0.0,0.0
1,578,2000.0,0.0,0.0,0.0
1,579,2000.0,0.0,0.0,0.0
1,580,2000.0,0.0,0.0,0.0
1,581,2000.0,0.0,0.0,0.0
1,582,2000.0,0.0,0.0,0.0
1,583,2000.0,0.0,0.0,0.0
1,584,2000.0,0.0,0.0,0.0
1,585,2000.0,0.0,0.0,0.0
1,586,2000.0,0.0,0.0,0.0
1,587,2000.0,0.0,0.0,0.0
1,588,2000.0,0.0,0.0,0.0
1,589,2000.0,0.0,0.0,0.0
1,590,2000.0,0.0,0.0,0.0
1,591,2000.0,0.0,0.0,0.0
1,592,2000.0,0.0,0.0,0.0
1,593,2000.0,0.0,0.0,0.0
1,594,2000.0,0.0,0.0,0.0
1,595,2000.0,0.0,0.0,0.0
1,596,2000.0,0.0,0.0,0.0
1,597,2000.0,0.0,0.0,0.0
1,598,2000.0,0.0,0.0,0.0
1,599,2000.0,0.0,0.0,0.0
1,600,2000.0,0.0,0.0,0.0
1,601,2000.0,0.0,0.0,0.0
1,602,2000.0,0.0,0.0,0.0
1,603,2000.0,0.0,0.0,0.0
1,604,2000.0,0.0,0.0,0.0
1,605,2000.0,0.0,0.0,0.0
1,606,2000.0,0.0,0.0,0.0
1,607,2000.0,0.0,0.0,0.0
1,608,2000.0,0.0,0.0,0.0
1,609,2000.0,0.0,0.0,0.0
1,610,2000.0,0.0,0.0,0.0
1,611,2000.0,0.0,0.0,0.0
1,612,2000.0,0.0,0.0,0.0
1,613,2000.0,0.0,0.0,0.0
1,614,2000.0,0.0,0.0,0.0
1,615,2000.0,0.0,0.0,0.0
1,616,2000.0,0.0,0.0,0.0
1,617,2000.0,0.0,0.0,0.0
1,618,2000.0,0.0,0.0,0.0
1,619,2000.0,0.0,0.0,0.0
1,620,2000.0,0.0,0.0,0.0
1,621,2000.0,0.0,0.0,0.0
1,622,2000.0,0.0,0.0,0.0
1,623,2000.0,0.0,0.0,0.0
1,624,2000.0,0.0,0.0,0.0
1,625,2000.0,0.0,0.0,0.0
1,626,2000.0,0.0,0.0,0.0
1,627,2000.0,0.0,0.0,0.0
1,628,2000.0,0.0,0.0,0.0
1,629,2000.0,0.0,0.0,0.0
1,630,2000.0,0.0,0.0,0.0
1,631,2000.0,0.0,0.0,0.0
1,632,2000.0,0.0,0.0,0.0
1,633,2000.0,0.0,0.0,0.0
1,634,2000.0,0.0,0.0,0.0
1,635,2000.0,0.0,0.0,0.0
1,636,2000.0,0.0,0.0,0.0
1,637,2000.0,0.0,0.0,0.0
1,638,2000.0,0.0,0.0,0.0
1,639,2000.0,0.0,0.0,0.0
1,640,2000.0,0.0,0.0,0.0
1,641,2000.0,0.0,0.0,0.0
1,642,2000.0,0.0,0.0,0.0
1,643,2000.0,0.0,0.0,0.0
1,644,2000.0,0.0,0.0,0.0
1,645,2000.0,0.0,0.0,0.0
1,646,2000.0,0.0,0.0,0.0
1,647,2000.0,0.0,0.0,0.0
1,648,2000.0,0.0,0.0,0.0
1,649,2000.0,0.0,0.0,0.0
1,650,2000.0,0.0,0.0,0.0
1,651,2000.0,0.0,0.0,0.0
1,652,2000.0,0.0,0.0,0.0
1,653,2000.0,0.0,0.0,0.0
1,654,2000.0,0.0,0.0,0.0
1,655,2000.0,0.0,0.0,0.0
1,656,2000.0,0.0,0.0,0.0
1,657,2000.0,0.0,0.0,0.0
1,658,2000.0,0.0,0.0,0.0
1,659,2000.0,0.0,0.0,0.0
1,660,2000.0,0.0,0.0,0.0
1,661,2000.0,0.0,0.0,0.0
1,662,2000.0,0.0,0.0,0.0
1,663,2000.0,0.0,0.0,0.0
1,664,2000.0,0.0,0.0,0.0
1,665,2000.0,0.0,0.0,0.0
1,666,2000.0,0.0,0.0,0.0
1,667,2000.0,0.0,0.0,0.0
1,668,2000.0,0.0,0.0,0.0
1,669,2000.0,0.0,0.0,0.0
1,670,2000.0,0.0,0.0,0.0
1,671,2000.0,0.0,0.0,0.0
1,672,2000.0,0.0,0.0,0.0
1,673,2000.0,0.0,0.0,0.0
1,674,2000.0,0.0,0.0,0.0
1,675,2000.0,0.0,0.0,0.0
1,676,2000.0,0.0,0.0,0.0
1,677,2000.0,0.0,0.0,0.0
1,678,2000.0,0.0,0.0,0.0
1,679,2000.0,0.0,0.0,0.0
1,680,2000.0,0.0,0.0,0.0
1,681,2000.0,0.0,0.0,0.0
1,682,2000.0,0.0,0.0,0.0
1,683,2000.0,0.0,0.0,0.0
1,684,2000.0,0.0,0.0,0.0
1,685,2000.0,0.0,0.0,0.0
1,686,2000.0,0.0,0.0,0.0
1,687,2000.0,0.0,0.0,0.0
1,688,2000.0,0.0,0.0,0.0
1,689,2000.0,0.0,0.0,0.0
1,690,2000.0,0.0,0.0,0.0
1,691,2000.0,0.0,0.0,0.0
1,692,2000.0,0.0,0.0,0.0
1,693,2000.0,0.0,0.0,0.0
1,694,2000.0,0.0,0.0,0.0
1,695,2000.0,0.0,0.0,0.0
1,696,2000.0,0.0,0.0,0.0
1,697,2000.0,0.0,0.0,0.0
1,698,2000.0,0.0,0.0,0.0
1,699,2000.0,0.0,0.0,0.0
1,700,2000.0,0.0,0.0,0.0
1,701,2000.0,0.0,0.0,0.0
1,702,2000.0,0.0,0.0,0.0
1,703,2000.0,0.0,0.0,0.0
1,704,2000.0,0.0,0.0,0.0
1,705,2000.0,0.0,0.0,0.0
1,706,2000.0,0.0,0.0,0.0
1,707,2000.0,0.0,0.0,0.0
1,708,2000.0,0.0,0.0,0.0
1,709,2000.0,0.0,0.0,0.0
1,710,2000.0,0.0,0.0,0.0
1,711,2000.0,0.0,0.0,0.0
1,712,2000.0,0.0,0.0,0.0
1,713,2000.0,0.0,0.0,0.0
1,714,2000.0,0.0,0.0,0.0
1,715,2000.0,0.0,0.0,0.0
1,716,2000.0,0.0,0.0,0.0
1,717,2000.0,0.0,0.0,0.0
1,718,2000.0,0.0,0.0,0.0
1,719,2000.0,0.0,0.0,0.0
1,720,2000.0,0.0,0.0,0.0
1,721,2000.0,0.0,0.0,0.0
1,722,2000.0,0.0,0.0,0.0
1,723,2000.0,0.0,0.0,0.0
1,724,2000.0,0.0,0.0,0.0
1,725,2000.0,0.0,0.0,0.0
1,726,2000.0,0.0,0.0,0.0
1,727,2000.0,0.0,0.0,0.0
1,728,2000.0,0.0,0.0,0.0
1,729,2000.0,0.0,0.0,0.0
1,730,2000.0,0.0,0.0,0.0
1,731,2000.0,0.0,0.0,0.0
1,732,2000.0,0.0,0.0,0.0
1,733,2000.0,0.0,0.0,0.0
1,734,2000.0,0.0,0.0,0.0
1,735,2000.0,0.0,0.0,0.0
1,736,2000.0,0.0,0.0,0.0
1,737,2000.0,0.0,0.0,0.0
1,738,2000.0,0.0,0.0,0.0
1,739,2000.0,0.0,0.0,0.0
1,740,2000.0,0.0,0.0,0.0
1,741,2000.0,0.0,0.0,0.0
1,742,2000.0,0.0,0.0,0.0
1,743,2000.0,0.0,0.0,0.0
1,744,2000.0,0.0,0.0,0.0
1,745,2000.0,0.0,0.0,0.0
1,746,2000.0,0.0,0.0,0.0
1,747,2000.0,0.0,0.0,0.0
1,748,2000.0,0.0,0.0,0.0
1,749,2000.0,0.0,0.0,0.0
1,750,2000.0,0.0,0.0,0.0
1,751,2000.0,0.0,0.0,0.0
1,752,2000.0,0.0,0.0,0.0
1,753,2000.0,0.0,0.0,0.0
1,754,2000.0,0.0,0.0,0.0
1,755,2000.0,0.0,0.0,0.0
1,756,2000.0,0.0,0.0,0.0
1,757,2000.0,0.0,0.0,0.0
1,758,2000.0,0.0,0.0,0.0
1,759,2000.0,0.0,0.0,0.0
1,760,2000.0,0.0,0.0,0.0
1,761,2000.0,0.0,0.0,0.0
1,762,2000.0,0.0,0.0,0.0
1,763,2000.0,0.0,0.0,0.0
1,764,2000.0,0.0,0.0,0.0
1,765,2000.0,0.0,0.0,0.0
1,766,2000.0,0.0,0.0,0.0
1,767,2000.0,0.0,0.0,0.0
1,768,2000.0,0.0,0.0,0.0
1,769,2000.0,0.0,0.0,0.0
1,770,2000.0,0.0,0.0,0.0
1,771,2000.0,0.0,0.0,0.0
1,772,2000.0,0.0,0.0,0.0
1,773,2000.0,0.0,0.0,0.0
1,774,2000.0,0.0,0.0,0.0
1,775,2000.0,0.0,0.0,0.0
1,776,2000.0,0.0,0.0,0.0
1,777,2000.0,0.0,0.0,0.0
1,778,2000.0,0.0,0.0,0.0
1,779,2000.0,0.0,0.0,0.0
1,780,2000.0,0.0,0.0,0.0
2,1,1800.0,0.0,0.0,0.0
2,2,1800.0,0.0,0.0,0.0
2,3,1800.0,0.0,0.0,0.0
2,4,1800.0,0.0,0.0,0.0
2,5,1800.0,0.0,0.0,0.0
2,6,1800.0,0.0,0.0,0.0
2,7,1800.0,0.0,0.0,0.0
2,8,1800.0,0.0,0.0,0.0
2,9,1800.0,0.0,0.0,0.0
2,10,1800.0,0.0,0.0,0.0
2,11,1800.0,0.0,0.0,0.0
2,12,1800.0,0.0,0.0,0.0
2,13,1800.0,0.0,0.0,0.0
2,14,1800.0,0.0,0.0,0.0
2,15,1800.0,0.0,0.0,0.0
2,16,1800.0,0.0,0.0,0.0
2,17,1800.0,0.0,0.0,0.0
2,18,1800.0,0.0,0.0,0.0
2,19,1800.0,0.0,0.0,0.0
2,20,1800.0,0.0,0.0,0.0
2,21,1800.0,0.0,0.0,0.0
2,22,1800.0,0.0,0.0,0.0
2,23,1800.0,0.0,0.0,0.0
2,24,1800.0,0.0,0.0,0.0
2,25,1800.0,0.0,0.0,0.0
2,26,1800.0,0.0,0.0,0.0
2,27,1800.0,0.0,0.0,0.0
2,28,1800.0,0.0,0.0,0.0
2,29,1800.0,0.0,0.0,0.0
2,30,1800.0,0.0,0.0,0.0
2,31,1800.0,0.0,0.0,0.0
2,32,1800.0,0.0,0.0,0.0
2,33,1800.0,0.0,0.0,0.0
2,34,1800.0,0.0,0.0,0.0
2,35,1800.0,0.0,0.0,0.0
2,36,1800.0,0.0,0.0,0.0
2,37,1800.0,0.0,0.0,0.0
2,38,1800.0,0.0,0.0,0.0
2,39,1800.0,0.0,0.0,0.0
2,40,1800.0,0.0,0.0,0.0
2,41,1800.0,0.0,0.0,0.0
2,42,1800.0,0.0,0.0,0.0
2,43,1800.0,0.0,0.0,0.0
2,44,1800.0,0.0,0.0,0.0
2,45,1800.0,0.0,0.0,0.0
2,46,1800.0,0.0,0.0,0.0
2,47,1800.0,0.0,0.0,0.0
2,48,1800.0,0.0,0.0,0.0
2,49,1800.0,0.0,0.0,0.0
2,50,1800.0,0.0,0.0,0.0
2,51,1800.0,0.0,0.0,0.0
2,52,1800.0,0.0,0.0,0.0
2,53,1800.0,0.0,0.0,0.0
2,54,1800.0,0.0,0.0,0.0
2,55,1800.0,0.0,0.0,0.0
2,56,1800.0,0.0,0.0,0.0
2,57,1800.0,0.0,0.0,0.0
2,58,1800.0,0.0,0.0,0.0
2,59,1800.0,0.0,0.0,0.0
2,60,1800.0,0.0,0.0,0.0
2,61,1800.0,0.0,0.0,0.0
2,62,1800.0,0.0,0.0,0.0
2,63,1800.0,0.0,0.0,0.0
2,64,1800.0,0.0,0.0,0.0
2,65,1800.0,0.0,0.0,0.0
2,66,1800.0,0.0,0.0,0.0
2,67,1800.0,0.0,0.0,0.0
2,68,1800.0,0.0,0.0,0.0
2,69,1800.0,0.0,0.0,0.0
2,70,1800.0,0.0,0.0,0.0
2,71,1800.0,0.0,0.0,0.0
2,72,1800.0,0.0,0.0,0.0
2,73,1800.0,0.0,0.0,0.0
2,74,1800.0,0.0,0.0,0.0
2,75,1800.0,0.0,0.0,0.0
2,76,1800.0,0.0,0.0,0.0
2,77,1800.0,0.0,0.0,0.0
2,78,1800.0,0.0,0.0,0.0
2,79,1800.0,0.0,0.0,0.0
2,80,1800.0,0.0,0.0,0.0
2,81,1800.0,0.0,0.0,0.0
2,82,1800.0,0.0,0.0,0.0
2,83,1800.0,0.0,0.0,0.0
2,84,1800.0,0.0,0.0,0.0
2,85,1800.0,0.0,0.0,0.0
2,86,1800.0,0.0,0.0,0.0
2,87,1800.0,0.0,0.0,0.0
2,88,1800.0,0.0,0.0,0.0
2,89,1800.0,0.0,0.0,0.0
2,90,1800.0,0.0,0.0,0.0
2,91,1800.0,0.0,0.0,0.0
2,92,1800.0,0.0,0.0,0.0
2,93,1800.0,0.0,0.0,0.0
2,94,1800.0,0.0,0.0,0.0
2,95,1800.0,0.0,0.0,0.0
2,96,1800.0,0.0,0.0,0.0
2,97,1800.0,0.0,0.0,0.0
2,98,1800.0,0.0,0.0,0.0
2,99,1800.0,0.0,0.0,0.0
2,100,1800.0,0.0,0.0,0.0
2,101,1800.0,0.0,0.0,0.0
2,102,1800.0,0.0,0.0,0.0
2,103,1800.0,0.0,0.0,0.0
2,104,1800.0,0.0,0.0,0.0
2,105,1800.0,0.0,0.0,0.0
2,106,1800.0,0.0,0.0,0.0
2,107,1800.0,0.0,0.0,0.0
2,108,1800.0,0.0,0.0,0.0
2,109,1800.0,0.0,0.0,0.0
2,110,1800.0,0.0,0.0,0.0
2,111,1800.0,0.0,0.0,0.0
2,112,1800.0,0.0,0.0,0.0
2,113,1800.0,0.0,0.0,0.0
2,114,1800.0,0.0,0.0,0.0
2,115,1800.0,0.0,0.0,0.0
2,116,1800.0,0.0,0.0,0.0
2,117,1800.0,0.0,0.0,0.0
2,118,1800.0,0.0,0.0,0.0
2,119,1800.0,0.0,0.0,0.0
2,120,1800.0,0.0,0.0,0.0
2,121,1800.0,0.0,0.0,0.0
2,122,1800.0,0.0,0.0,0.0
2,123,1800.0,0.0,0.0,0.0
2,124,1800.0,0.0,0.0,0.0
2,125,1800.0,0.0,0.0,0.0
2,126,1800.0,0.0,0.0,0.0
2,127,1800.0,0.0,0.0,0.0
2,128,1800.0,0.0,0.0,0.0
2,129,1800.0,0.0,0.0,0.0
2,130,1800.0,0.0,0.0,0.0
2,131,1800.0,0.0,0.0,0.0
2,132,1800.0,0.0,0.0,0.0
2,133,1800.0,0.0,0.0,0.0
2,134,1800.0,0.0,0.0,0.0
2,135,1800.0,0.0,0.0,0.0
2,136,1800.0,0.0,0.0,0.0
2,137,1800.0,0.0,0.0,0.0
2,138,1800.0,0.0,0.0,0.0
2,139,1800.0,0.0,0.0,0.0
2,140,1800.0,0.0,0.0,0.0
2,141,1800.0,0.0,0.0,0.0
2,142,1800.0,0.0,0.0,0.0
2,143,1800.0,0.0,0.0,0.0
2,144,1800.0,0.0,0.0,0.0
2,145,1800.0,0.0,0.0,0.0
2,146,1800.0,0.0,0.0,0.0
2,147,1800.0,0.0,0.0,0.0
2,148,1800.0,0.0,0.0,0.0
2,149,1800.0,0.0,0.0,0.0
2,150,1800.0,0.0,0.0,0.0
2,151,1800.0,0.0,0.0,0.0
2,152,1800.0,0.0,0.0,0.0
2,153,1800.0,0.0,0.0,0.0
2,154,1800.0,0.0,0.0,0.0
2,155,1800.0,0.0,0.0,0.0
2,156,1800.0,0.0,0.0,0.0
2,157,1800.0,0.0,0.0,0.0
2,158,1800.0,0.0,0.0,0.0
2,159,1800.0,0.0,0.0,0.0
2,160,1800.0,0.0,0.0,0.0
2,161,1800.0,0.0,0.0,0.0
2,162,1800.0,0.0,0.0,0.0
2,163,1800.0,0.0,0.0,0.0
2,164,1800.0,0.0,0.0,0.0
2,165,1800.0,0.0,0.0,0.0
2,166,1800.0,0.0,0.0,0.0
2,167,1800.0,0.0,0.0,0.0
2,168,1800.0,0.0,0.0,0.0
2,169,1800.0,0.0,0.0,0.0
2,170,1800.0,0.0,0.0,0.0
2,171,1800.0,0.0,0.0,0.0
2,172,1800.0,0.0,0.0,0.0
2,173,1800.0,0.0,0.0,0.0
2,174,1800.0,0.0,0.0,0.0
2,175,1800.0,0.0,0.0,0.0
2,176,1800.0,0.0,0.0,0.0
2,177,1800.0,0.0,0.0,0.0
2,178,1800.0,0.0,0.0,0.0
2,179,1800.0,0.0,0.0,0.0
2,180,1800.0,0.0,0.0,0.0
2,181,1800.0,0.0,0.0,0.0
2,182,1800.0,0.0,0.0,0.0
2,183,1800.0,0.0,0.0,0.0
2,184,1800.0,0.0,0.0,0.0
2,185,1800.0,0.0,0.0,0.0
2,186,1800.0,0.0,0.0,0.0
2,187,1800.0,0.0,0.0,0.0
2,188,1800.0,0.0,0.0,0.0
2,189,1800.0,0.0,0.0,0.0
2,190,1800.0,0.0,0.0,0.0
2,191,1800.0,0.0,0.0,0.0
2,192,1800.0,0.0,0.0,0.0
2,193,1800.0,0.0,0.0,0.0
2,194,1800.0,0.0,0.0,0.0
2,195,1800.0,0.0,0.0,0.0
2,196,1800.0,0.0,0.0,0.0
2,197,1800.0,0.0,0.0,0.0
2,198,1800.0,0.0,0.0,0.0
2,199,1800.0,0.0,0.0,0.0
2,200,1800.0,0.0,0.0,0.0
2,201,1800.0,0.0,0.0,0.0
2,202,1800.0,0.0,0.0,0.0
2,203,1800.0,0.0,0.0,0.0
2,204,1800.0,0.0,0.0,0.0
2,205,1800.0,0.0,0.0,0.0
2,206,1800.0,0.0,0.0,0.0
2,207,1800.0,0.0,0.0,0.0
2,208,1800.0,0.0,0.0,0.0
2,209,1800.0,0.0,0.0,0.0
2,210,1800.0,0.0,0.0,0.0
2,211,1800.0,0.0,0.0,0.0
2,212,1800.0,0.0,0.0,0.0
2,213,1800.0,0.0,0.0,0.0
2,214,1800.0,0.0,0.0,0.0
2,215,1800.0,0.0,0.0,0.0
2,216,1800.0,0.0,0.0,0.0
2,217,1800.0,0.0,0.0,0.0
2,218,1800.0,0.0,0.0,0.0
2,219,1800.0,0.0,0.0,0.0
2,220,1800.0,0.0,0.0,0.0
2,221,1800.0,0.0,0.0,0.0
2,222,1800.0,0.0,0.0,0.0
2,223,1800.0,0.0,0.0,0.0
2,224,1800.0,0.0,0.0,0.0
2,225,1800.0,0.0,0.0,0.0
2,226,1800.0,0.0,0.0,0.0
2,227,1800.0,0.0,0.0,0.0
2,228,1800.0,0.0,0.0,0.0
2,229,1800.0,0.0,0.0,0.0
2,230,1800.0,0.0,0.0,0.0
2,231,1800.0,0.0,0.0,0.0
2,232,1800.0,0.0,0.0,0.0
2,233,1800.0,0.0,0.0,0.0
2,234,1800.0,0.0,0.0,0.0
2,235,1800.0,0.0,0.0,0.0
2,236,1800.0,0.0,0.0,0.0
2,237,1800.0,0.0,0.0,0.0
2,238,1800.0,0.0,0.0,0.0
2,239,1800.0,0.0,0.0,0.0
2,240,1800.0,0.0,0.0,0.0
2,241,1800.0,0.0,0.0,0.0
2,242,1800.0,0.0,0.0,0.0
2,243,1800.0,0.0,0.0,0.0
2,244,1800.0,0.0,0.0,0.0
2,245,1800.0,0.0,0.0,0.0
2,246,1800.0,0.0,0.0,0.0
2,247,1800.0,0.0,0.0,0.0
2,248,1800.0,0.0,0.0,0.0
2,249,1800.0,0.0,0.0,0.0
2,250,1800.0,0.0,0.0,0.0
2,251,1800.0,0.0,0.0,0.0
2,252,1800.0,0.0,0.0,0.0
2,253,1800.0,0.0,0.0,0.0
2,254,1800.0,0.0,0.0,0.0
2,255,1800.0,0.0,0.0,0.0
2,256,1800.0,0.0,0.0,0.0
2,257,1800.0,0.0,0.0,0.0
2,258,1800.0,0.0,0.0,0.0
2,259,1800.0,0.0,0.0,0.0
2,260,1800.0,0.0,0.0,0.0
2,261,1800.0,0.0,0.0,0.0
2,262,1800.0,0.0,0.0,0.0
2,263,1800.0,0.0,0.0,0.0
2,264,1800.0,0.0,0.0,0.0
2,265,1800.0,0.0,0.0,0.0
2,266,1800.0,0.0,0.0,0.0
2,267,1800.0,0.0,0.0,0.0
2,268,1800.0,0.0,0.0,0.0
2,269,1800.0,0.0,0.0,0.0
2,270,1800.0,0.0,0.0,0.0
2,271,1800.0,0.0,0.0,0.0
2,272,1800.0,0.0,0.0,0.0
2,273,1800.0,0.0,0.0,0.0
2,274,1800.0,0.0,0.0,0.0
2,275,1800.0,0.0,0.0,0.0
2,276,1800.0,0.0,0.0,0.0
2,277,1800.0,0.0,0.0,0.0
2,278,1800.0,0.0,0.0,0.0
2,279,1800.0,0.0,0.0,0.0
2,280,1800.0,0.0,0.0,0.0
2,281,1800.0,0.0,0.0,0.0
2,282,1800.0,0.0,0.0,0.0
2,283,1800.0,0.0,0.0,0.0
2,284,1800.0,0.0,0.0,0.0
2,285,1800.0,0.0,0.0,0.0
2,286,1800.0,0.0,0.0,0.0
2,287,1800.0,0.0,0.0,0.0
2,288,1800.0,0.0,0.0,0.0
2,289,1800.0,0.0,0.0,0.0
2,290,1800.0,0.0,0.0,0.0
2,291,1800.0,0.0,0.0,0.0
2,292,1800.0,0.0,0.0,0.0
2,293,1800.0,0.0,0.0,0.0
2,294,1800.0,0.0,0.0,0.0
2,295,1800.0,0.0,0.0,0.0
2,296,1800.0,0.0,0.0,0.0
2,297,1800.0,0.0,0.0,0.0
2,298,1800.0,0.0,0.0,0.0
2,299,1800.0,0.0,0.0,0.0
2,300,1800.0,0.0,0.0,0.0
2,301,1800.0,0.0,0.0,0.0
2,302,1800.0,0.0,0.0,0.0
2,303,1800.0,0.0,0.0,0.0
2,304,1800.0,0.0,0.0,0.0
2,305,1800.0,0.0,0.0,0.0
2,306,1800.0,0.0,0.0,0.0
2,307,1800.0,0.0,0.0,0.0
2,308,1800.0,0.0,0.0,0.0
2,309,1800.0,0.0,0.0,0.0
2,310,1800.0,0.0,0.0,0.0
2,311,1800.0,0.0,0.0,0.0
2,312,1800.0,0.0,0.0,0.0
2,313,1800.0,0.0,0.0,0.0
2,314,1800.0,0.0,0.0,0.0
2,315,1800.0,0.0,0.0,0.0
2,316,1800.0,0.0,0.0,0.0
2,317,1800.0,0.0,0.0,0.0
2,318,1800.0,0.0,0.0,0.0
2,319,1800.0,0.0,0.0,0.0
2,320,1800.0,0.0,0.0,0.0
2,321,1800.0,0.0,0.0,0.0
2,322,1800.0,0.0,0.0,0.0
2,323,1800.0,0.0,0.0,0.0
2,324,1800.0,0.0,0.0,0.0
2,325,1800.0,0.0,0.0,0.0
2,326,1800.0,0.0,0.0,0.0
2,327,1800.0,0.0,0.0,0.0
2,328,1800.0,0.0,0.0,0.0
2,329,1800.0,0.0,0.0,0.0
2,330,1800.0,0.0,0.0,0.0
2,331,1800.0,0.0,0.0,0.0
2,332,1800.0,0.0,0.0,0.0
2,333,1800.0,0.0,0.0,0.0
2,334,1800.0,0.0,0.0,0.0
2,335,1800.0,0.0,0.0,0.0
2,336,1800.0,0.0,0.0,0.0
2,337,1800.0,0.0,0.0,0.0
2,338,1800.0,0.0,0.0,0.0
2,339,1800.0,0.0,0.0,0.0
2,340,1800.0,0.0,0.0,0.0
2,341,1800.0,0.0,0.0,0.0
2,342,1800.0,0.0,0.0,0.0
2,343,1800.0,0.0,0.0,0.0
2,344,1800.0,0.0,0.0,0.0
2,345,1800.0,0.0,0.0,0.0
2,346,1800.0,0.0,0.0,0.0
2,347,1800.0,0.0,0.0,0.0
2,348,1800.0,0.0,0.0,0.0
2,349,1800.0,0.0,0.0,0.0
2,350,1800.0,0.0,0.0,0.0
2,351,1800.0,0.0,0.0,0.0
2,352,1800.0,0.0,0.0,0.0
2,353,1800.0,0.0,0.0,0.0
2,354,1800.0,0.0,0.0,0.0
2,355,1800.0,0.0,0.0,0.0
2,356,1800.0,0.0,0.0,0.0
2,357,1800.0,0.0,0.0,0.0
2,358,1800.0,0.0,0.0,0.0
2,359,1800.0,0.0,0.0,0.0
2,360,1800.0,0.0,0.0,0.0
2,361,1800.0,0.0,0.0,0.0
2,362,1800.0,0.0,0.0,0.0
2,363,1800.0,0.0,0.0,0.0
2,364,1800.0,0.0,0.0,0.0
2,365,1800.0,0.0,0.0,0.0
2,366,1800.0,0.0,0.0,0.0
2,367,1800.0,0.0,0.0,0.0
2,368,1800.0,0.0,0.0,0.0
2,369,1800.0,0.0,0.0,0.0
2,370,1800.0,0.0,0.0,0.0
2,371,1800.0,0.0,0.0,0.0
2,372,1800.0,0.0,0.0,0.0
2,373,1800.0,0.0,0.0,0.0
2,374,1800.0,0.0,0.0,0.0
2,375,1800.0,0.0,0.0,0.0
2,376,1800.0,0.0,0.0,0.0
2,377,1800.0,0.0,0.0,0.0
2,378,1800.0,0.0,0.0,0.0
2,379,1800.0,0.0,0.0,0.0
2,380,1800.0,0.0,0.0,0.0
2,381,1800.0,0.0,0.0,0.0
2,382,1800.0,0.0,0.0,0.0
2,383,1800.0,0.0,0.0,0.0
2,384,1800.0,0.0,0.0,0.0
2,385,1800.0,0.0,0.0,0.0
2,386,1800.0,0.0,0.0,0.0
2,387,1800.0,0.0,0.0,0.0
2,388,1800.0,0.0,0.0,0.0
2,389,1800.0,0.0,0.0,0.0
2,390,1800.0,0.0,0.0,0.0
2,391,1800.0,0.0,0.0,0.0
2,392,1800.0,0.0,0.0,0.0
2,393,1800.0,0.0,0.0,0.0
2,394,1800.0,0.0,0.0,0.0
2,395,1800.0,0.0,0.0,0.0
2,396,1800.0,0.0,0.0,0.0
2,397,1800.0,0.0,0.0,0.0
2,398,1800.0,0.0,0.0,0.0
2,399,1800.0,0.0,0.0,0.0
2,400,1800.0,0.0,0.0,0.0
2,401,1800.0,0.0,0.0,0.0
2,402,1800.0,0.0,0.0,0.0
2,403,1800.0,0.0,0.0,0.0
2,404,1800.0,0.0,0.0,0.0
2,405,1800.0,0.0,0.0,0.0
2,406,1800.0,0.0,0.0,0.0
2,407,1800.0,0.0,0.0,0.0
2,408,1800.0,0.0,0.0,0.0
2,409,1800.0,0.0,0.0,0.0
2,410,1800.0,0.0,0.0,0.0
2,411,1800.0,0.0,0.0,0.0
2,412,1800.0,0.0,0.0,0.0
2,413,1800.0,0.0,0.0,0.0
2,414,1800.0,0.0,0.0,0.0
2,415,1800.0,0.0,0.0,0.0
2,416,1800.0,0.0,0.0,0.0
2,417,1800.0,0.0,0.0,0.0
2,418,1800.0,0.0,0.0,0.0
2,419,1800.0,0.0,0.0,0.0
2,420,1800.0,0.0,0.0,0.0
2,421,1800.0,0.0,0.0,0.0
2,422,1800.0,0.0,0.0,0.0
2,423,1800.0,0.0,0.0,0.0
2,424,1800.0,0.0,0.0,0.0
2,425,1800.0,0.0,0.0,0.0
2,426,1800.0,0.0,0.0,0.0
2,427,1800.0,0.0,0.0,0.0
2,428,1800.0,0.0,0.0,0.0
2,429,1800.0,0.0,0.0,0.0
2,430,1800.0,0.0,0.0,0.0
2,431,1800.0,0.0,0.0,0.0
2,432,1800.0,0.0,0.0,0.0
2,433,1800.0,0.0,0.0,0.0
2,434,1800.0,0.0,0.0,0.0
2,435,1800.0,0.0,0.0,0.0
2,436,1800.0,0.0,0.0,0.0
2,437,1800.0,0.0,0.0,0.0
2,438,1800.0,0.0,0.0,0.0
2,439,1800.0,0.0,0.0,0.0
2,440,1800.0,0.0,0.0,0.0
2,441,1800.0,0.0,0.0,0.0
2,442,1800.0,0.0,0.0,0.0
2,443,1800.0,0.0,0.0,0.0
2,444,1800.0,0.0,0.0,0.0
2,445,1800.0,0.0,0.0,0.0
2,446,1800.0,0.0,0.0,0.0
2,447,1800.0,0.0,0.0,0.0
2,448,1800.0,0.0,0.0,0.0
2,449,1800.0,0.0,0.0,0.0
2,450,1800.0,0.0,0.0,0.0
2,451,1800.0,0.0,0.0,0.0
2,452,1800.0,0.0,0.0,0.0
2,453,1800.0,0.0,0.0,0.0
2,454,1800.0,0.0,0.0,0.0
2,455,1800.0,0.0,0.0,0.0
2,456,1800.0,0.0,0.0,0.0
2,457,1800.0,0.0,0.0,0.0
2,458,1800.0,0.0,0.0,0.0
2,459,1800.0,0.0,0.0,0.0
2,460,1800.0,0.0,0.0,0.0
2,461,1800.0,0.0,0.0,0.0
2,462,1800.0,0.0,0.0,0.0
2,463,1800.0,0.0,0.0,0.0
2,464,1800.0,0.0,0.0,0.0
2,465,1800.0,0.0,0.0,0.0
2,466,1800.0,0.0,0.0,0.0
2,467,1800.0,0.0,0.0,0.0
2,468,1800.0,0.0,0.0,0.0
2,469,1800.0,0.0,0.0,0.0
2,470,1800.0,0.0,0.0,0.0
2,471,1800.0,0.0,0.0,0.0
2,472,1800.0,0.0,0.0,0.0
2,473,1800.0,0.0,0.0,0.0
2,474,1800.0,0.0,0.0,0.0
2,475,1800.0,0.0,0.0,0.0
2,476,1800.0,0.0,0.0,0.0
2,477,1800.0,0.0,0.0,0.0
2,478,1800.0,0.0,0.0,0.0
2,479,1800.0,0.0,0.0,0.0
2,480,1800.0,0.0,0.0,0.0
2,481,1800.0,0.0,0.0,0.0
2,482,1800.0,0.0,0.0,0.0
2,483,1800.0,0.0,0.0,0.0
2,484,1800.0,0.0,0.0,0.0
2,485,1800.0,0.0,0.0,0.0
2,486,1800.0,0.0,0.0,0.0
2,487,1800.0,0.0,0.0,0.0
2,488,1800.0,0.0,0.0,0.0
2,489,1800.0,0.0,0.0,0.0
2,490,1800.0,0.0,0.0,0.0
2,491,1800.0,0.0,0.0,0.0
2,492,1800.0,0.0,0.0,0.0
2,493,1800.0,0.0,0.0,0.0
2,494,1800.0,0.0,0.0,0.0
2,495,1800.0,0.0,0.0,0.0
2,496,1800.0,0.0,0.0,0.0
2,497,1800.0,0.0,0.0,0.0
2,498,1800.0,0.0,0.0,0.0
2,499,1800.0,0.0,0.0,0.0
2,500,1800.0,0.0,0.0,0.0
2,501,1800.0,0.0,0.0,0.0
2,502,1800.0,0.0,0.0,0.0
2,503,1800.0,0.0,0.0,0.0
2,504,1800.0,0.0,0.0,0.0
2,505,1800.0,0.0,0.0,0.0
2,506,1800.0,0.0,0.0,0.0
2,507,1800.0,0.0,0.0,0.0
2,508,1800.0,0.0,0.0,0.0
2,509,1800.0,0.0,0.0,0.0
2,510,1800.0,0.0,0.0,0.0
2,511,1800.0,0.0,0.0,0.0
2,512,1800.0,0.0,0.0,0.0
2,513,1800.0,0.0,0.0,0.0
2,514,1800.0,0.0,0.0,0.0
2,515,1800.0,0.0,0.0,0.0
2,516,1800.0,0.0,0.0,0.0
2,517,1800.0,0.0,0.0,0.0
2,518,1800.0,0.0,0.0,0.0
2,519,1800.0,0.0,0.0,0.0
2,520,1800.0,0.0,0.0,0.0
2,521,1800.0,0.0,0.0,0.0
2,522,1800.0,0.0,0.0,0.0
2,523,1800.0,0.0,0.0,0.0
2,524,1800.0,0.0,0.0,0.0
2,525,1800.0,0.0,0.0,0.0
2,526,1800.0,0.0,0.0,0.0
2,527,1800.0,0.0,0.0,0.0
2,528,1800.0,0.0,0.0,0.0
2,529,1800.0,0.0,0.0,0.0
2,530,1800.0,0.0,0.0,0.0
2,531,1800.0,0.0,0.0,0.0
2,532,1800.0,0.0,0.0,0.0
2,533,1800.0,0.0,0.0,0.0
2,534,1800.0,0.0,0.0,0.0
2,535,1800.0,0.0,0.0,0.0
2,536,1800.0,0.0,0.0,0.0
2,537,1800.0,0.0,0.0,0.0
2,538,1800.0,0.0,0.0,0.0
2,539,1800.0,0.0,0.0,0.0
2,540,1800.0,0.0,0.0,0.0
2,541,1800.0,0.0,0.0,0.0
2,542,1800.0,0.0,0.0,0.0
2,543,1800.0,0.0,0.0,0.0
2,544,1800.0,0.0,0.0,0.0
2,545,1800.0,0.0,0.0,0.0
2,546,1800.0,0.0,0.0,0.0
2,547,1800.0,0.0,0.0,0.0
2,548,1800.0,0.0,0.0,0.0
2,549,1800.0,0.0,0.0,0.0
2,550,1800.0,0.0,0.0,0.0
2,551,1800.0,0.0,0.0,0.0
2,552,1800.0,0.0,0.0,0.0
2,553,1800.0,0.0,0.0,0.0
2,554,1800.0,0.0,0.0,0.0
2,555,1800.0,0.0,0.0,0.0
2,556,1800.0,0.0,0.0,0.0
2,557,1800.0,0.0,0.0,0.0
2,558,1800.0,0.0,0.0,0.0
2,559,1800.0,0.0,0.0,0.0
2,560,1800.0,0.0,0.0,0.0
2,561,1800.0,0.0,0.0,0.0
2,562,1800.0,0.0,0.0,0.0
2,563,1800.0,0.0,0.0,0.0
2,564,1800.0,0.0,0.0,0.0
2,565,1800.0,0.0,0.0,0.0
2,566,1800.0,0.0,0.0,0.0
2,567,1800.0,0.0,0.0,0.0
2,568,1800.0,0.0,0.0,0.0
2,569,1800.0,0.0,0.0,0.0
2,570,1800.0,0.0,0.0,0.0
2,571,1800.0,0.0,0.0,0.0
2,572,1800.0,0.0,0.0,0.0
2,573,1800.0,0.0,0.0,0.0
2,574,1800.0,0.0,0.0,0.0
2,575,1800.0,0.0,0.0,0.0
2,576,1800.0,0.0,0.0,0.0
2,577,1800.0,0.0,0.0,0.0
2,578,1800.0,0.0,0.0,0.0
2,579,1800.0,0.0,0.0,0.0
2,580,1800.0,0.0,0.0,0.0
2,581,1800.0,0.0,0.0,0.0
2,582,1800.0,0.0,0.0,0.0
2,583,1800.0,0.0,0.0,0.0
2,584,1800.0,0.0,0.0,0.0
2,585,1800.0,0.0,0.0,0.0
2,586,1800.0,0.0,0.0,0.0
2,587,1800.0,0.0,0.0,0.0
2,588,1800.0,0.0,0.0,0.0
2,589,1800.0,0.0,0.0,0.0
2,590,1800.0,0.0,0.0,0.0
2,591,1800.0,0.0,0.0,0.0
2,592,1800.0,0.0,0.0,0.0
2,593,1800.0,0.0,0.0,0.0
2,594,1800.0,0.0,0.0,0.0
2,595,1800.0,0.0,0.0,0.0
2,596,1800.0,0.0,0.0,0.0
2,597,1800.0,0.0,0.0,0.0
2,598,1800.0,0.0,0.0,0.0
2,599,1800.0,0.0,0.0,0.0
2,600,1800.0,0.0,0.0,0.0
2,601,1800.0,0.0,0.0,0.0
2,602,1800.0,0.0,0.0,0.0
2,603,1800.0,0.0,0.0,0.0
2,604,1800.0,0.0,0.0,0.0
2,605,1800.0,0.0,0.0,0.0
2,606,1800.0,0.0,0.0,0.0
2,607,1800.0,0.0,0.0,0.0
2,608,1800.0,0.0,0.0,0.0
2,609,1800.0,0.0,0.0,0.0
2,610,1800.0,0.0,0.0,0.0
2,611,1800.0,0.0,0.0,0.0
2,612,1800.0,0.0,0.0,0.0
2,613,1800.0,0.0,0.0,0.0
2,614,1800.0,0.0,0.0,0.0
2,615,1800.0,0.0,0.0,0.0
2,616,1800.0,0.0,0.0,0.0
2,617,1800.0,0.0,0.0,0.0
2,618,1800.0,0.0,0.0,0.0
2,619,1800.0,0.0,0.0,0.0
2,620,1800.0,0.0,0.0,0.0
2,621,1800.0,0.0,0.0,0.0
2,622,1800.0,0.0,0.0,0.0
2,623,1800.0,0.0,0.0,0.0
2,624,1800.0,0.0,0.0,0.0
2,625,1800.0,0.0,0.0,0.0
2,626,1800.0,0.0,0.0,0.0
2,627,1800.0,0.0,0.0,0.0
2,628,1800.0,0.0,0.0,0.0
2,629,1800.0,0.0,0.0,0.0
2,630,1800.0,0.0,0.0,0.0
2,631,1800.0,0.0,0.0,0.0
2,632,1800.0,0.0,0.0,0.0
2,633,1800.0,0.0,0.0,0.0
2,634,1800.0,0.0,0.0,0.0
2,635,1800.0,0.0,0.0,0.0
2,636,1800.0,0.0,0.0,0.0
2,637,1800.0,0.0,0.0,0.0
2,638,1800.0,0.0,0.0,0.0
2,639,1800.0,0.0,0.0,0.0
2,640,1800.0,0.0,0.0,0.0
2,641,1800.0,0.0,0.0,0.0
2,642,1800.0,0.0,0.0,0.0
2,643,1800.0,0.0,0.0,0.0
2,644,1800.0,0.0,0.0,0.0
2,645,1800.0,0.0,0.0,0.0
2,646,1800.0,0.0,0.0,0.0
2,647,1800.0,0.0,0.0,0.0
2,648,1800.0,0.0,0.0,0.0
2,649,1800.0,0.0,0.0,0.0
2,650,1800.0,0.0,0.0,0.0
2,651,1800.0,0.0,0.0,0.0
2,652,1800.0,0.0,0.0,0.0
2,653,1800.0,0.0,0.0,0.0
2,654,1800.0,0.0,0.0,0.0
2,655,1800.0,0.0,0.0,0.0
2,656,1800.0,0.0,0.0,0.0
2,657,1800.0,0.0,0.0,0.0
2,658,1800.0,0.0,0.0,0.0
2,659,1800.0,0.0,0.0,0.0
2,660,1800.0,0.0,0.0,0.0
2,661,1800.0,0.0,0.0,0.0
2,662,1800.0,0.0,0.0,0.0
2,663,1800.0,0.0,0.0,0.0
2,664,1800.0,0.0,0.0,0.0
2,665,1800.0,0.0,0.0,0.0
2,666,1800.0,0.0,0.0,0.0
2,667,1800.0,0.0,0.0,0.0
2,668,1800.0,0.0,0.0,0.0
2,669,1800.0,0.0,0.0,0.0
2,670,1800.0,0.0,0.0,0.0
2,671,1800.0,0.0,0.0,0.0
2,672,1800.0,0.0,0.0,0.0
2,673,1800.0,0.0,0.0,0.0
2,674,1800.0,0.0,0.0,0.0
2,675,1800.0,0.0,0.0,0.0
2,676,1800.0,0.0,0.0,0.0
2,677,1800.0,0.0,0.0,0.0
2,678,1800.0,0.0,0.0,0.0
2,679,1800.0,0.0,0.0,0.0
2,680,1800.0,0.0,0.0,0.0
2,681,1800.0,0.0,0.0,0.0
2,682,1800.0,0.0,0.0,0.0
2,683,1800.0,0.0,0.0,0.0
2,684,1800.0,0.0,0.0,0.0
2,685,1800.0,0.0,0.0,0.0
2,686,1800.0,0.0,0.0,0.0
2,687,1800.0,0.0,0.0,0.0
2,688,1800.0,0.0,0.0,0.0
2,689,1800.0,0.0,0.0,0.0
2,690,1800.0,0.0,0.0,0.0
2,691,1800.0,0.0,0.0,0.0
2,692,1800.0,0.0,0.0,0.0
2,693,1800.0,0.0,0.0,0.0
2,694,1800.0,0.0,0.0,0.0
2,695,1800.0,0.0,0.0,0.0
2,696,1800.0,0.0,0.0,0.0
2,697,1800.0,0.0,0.0,0.0
2,698,1800.0,0.0,0.0,0.0
2,699,1800.0,0.0,0.0,0.0
2,700,1800.0,0.0,0.0,0.0
2,701,1800.0,0.0,0.0,0.0
2,702,1800.0,0.0,0.0,0.0
2,703,1800.0,0.0,0.0,0.0
2,704,1800.0,0.0,0.0,0.0
2,705,1800.0,0.0,0.0,0.0
2,706,1800.0,0.0,0.0,0.0
2,707,1800.0,0.0,0.0,0.0
2,708,1800.0,0.0,0.0,0.0
2,709,1800.0,0.0,0.0,0.0
2,710,1800.0,0.0,0.0,0.0
2,711,1800.0,0.0,0.0,0.0
2,712,1800.0,0.0,0.0,0.0
2,713,1800.0,0.0,0.0,0.0
2,714,1800.0,0.0,0.0,0.0
2,715,1800.0,0.0,0.0,0.0
2,716,1800.0,0.0,0.0,0.0
2,717,1800.0,0.0,0.0,0.0
2,718,1800.0,0.0,0.0,0.0
2,719,1800.0,0.0,0.0,0.0
2,720,1800.0,0.0,0.0,0.0
2,721,1800.0,0.0,0.0,0.0
2,722,1800.0,0.0,0.0,0.0
2,723,1800.0,0.0,0.0,0.0
2,724,1800.0,0.0,0.0,0.0
2,725,1800.0,0.0,0.0,0.0
2,726,1800.0,0.0,0.0,0.0
2,727,1800.0,0.0,0.0,0.0
2,728,1800.0,0.0,0.0,0.0
2,729,1800.0,0.0,0.0,0.0
2,730,1800.0,0.0,0.0,0.0
2,731,1800.0,0.0,0.0,0.0
2,732,1800.0,0.0,0.0,0.0
2,733,1800.0,0.0,0.0,0.0
2,734,1800.0,0.0,0.0,0.0
2,735,1800.0,0.0,0.0,0.0
2,736,1800.0,0.0,0.0,0.0
2,737,1800.0,0.0,0.0,0.0
2,738,1800.0,0.0,0.0,0.0
2,739,1800.0,0.0,0.0,0.0
2,740,1800.0,0.0,0.0,0.0
2,741,1800.0,0.0,0.0,0.0
2,742,1800.0,0.0,0.0,0.0
2,743,1800.0,0.0,0.0,0.0
2,744,1800.0,0.0,0.0,0.0
2,745,1800.0,0.0,0.0,0.0
2,746,1800.0,0.0,0.0,0.0
2,747,1800.0,0.0,0.0,0.0
2,748,1800.0,0.0,0.0,0.0
2,749,1800.0,0.0,0.0,0.0
2,750,1800.0,0.0,0.0,0.0
2,751,1800.0,0.0,0.0,0.0
2,752,1800.0,0.0,0.0,0.0
2,753,1800.0,0.0,0.0,0.0
2,754,1800.0,0.0,0.0,0.0
2,755,1800.0,0.0,0.0,0.0
2,756,1800.0,0.0,0.0,0.0
2,757,1800.0,0.0,0.0,0.0
2,758,1800.0,0.0,0.0,0.0
2,759,1800.0,0.0,0.0,0.0
2,760,1800.0,0.0,0.0,0.0
2,761,1800.0,0.0,0.0,0.0
2,762,1800.0,0.0,0.0,0.0
2,763,1800.0,0.0,0.0,0.0
2,764,1800.0,0.0,0.0,0.0
2,765,1800.0,0.0,0.0,0.0
2,766,1800.0,0.0,0.0,0.0
2,767,1800.0,0.0,0.0,0.0
2,768,1800.0,0.0,0.0,0.0
2,769,1800.0,0.0,0.0,0.0
2,770,1800.0,0.0,0.0,0.0
2,771,1800.0,0.0,0.0,0.0
2,772,1800.0,0.0,0.0,0.0
2,773,1800.0,0.0,0.0,0.0
2,774,1800.0,0.0,0.0,0.0
2,775,1800.0,0.0,0.0,0.0
2,776,1800.0,0.0,0.0,0.0
2,777,1800.0,0.0,0.0,0.0
2,778,1800.0,0.0,0.0,0.0
2,779,1800.0,0.0,0.0,0.0
2,780,1800.0,0.0,0.0,0.0
3,1,1100.0,0.0,0.0,0.0
3,2,1100.0,0.0,0.0,0.0
3,3,1100.0,0.0,0.0,0.0
3,4,1100.0,0.0,0.0,0.0
3,5,1100.0,0.0,0.0,0.0
3,6,1100.0,0.0,0.0,0.0
3,7,1100.0,0.0,0.0,0.0
3,8,1100.0,0.0,0.0,0.0
3,9,1100.0,0.0,0.0,0.0
3,10,1100.0,0.0,0.0,0.0
3,11,1100.0,0.0,0.0,0.0
3,12,1100.0,0.0,0.0,0.0
3,13,1100.0,0.0,0.0,0.0
3,14,1100.0,0.0,0.0,0.0
3,15,1100.0,0.0,0.0,0.0
3,16,1100.0,0.0,0.0,0.0
3,17,1100.0,0.0,0.0,0.0
3,18,1100.0,0.0,0.0,0.0
3,19,1100.0,0.0,0.0,0.0
3,20,1100.0,0.0,0.0,0.0
3,21,1100.0,0.0,0.0,0.0
3,22,1100.0,0.0,0.0,0.0
3,23,1100.0,0.0,0.0,0.0
3,24,1100.0,0.0,0.0,0.0
3,25,1100.0,0.0,0.0,0.0
3,26,1100.0,0.0,0.0,0.0
3,27,1100.0,0.0,0.0,0.0
3,28,1100.0,0.0,0.0,0.0
3,29,1100.0,0.0,0.0,0.0
3,30,1100.0,0.0,0.0,0.0
3,31,1100.0,0.0,0.0,0.0
3,32,1100.0,0.0,0.0,0.0
3,33,1100.0,0.0,0.0,0.0
3,34,1100.0,0.0,0.0,0.0
3,35,1100.0,0.0,0.0,0.0
3,36,1100.0,0.0,0.0,0.0
3,37,1100.0,0.0,0.0,0.0
3,38,1100.0,0.0,0.0,0.0
3,39,1100.0,0.0,0.0,0.0
3,40,1100.0,0.0,0.0,0.0
3,41,1100.0,0.0,0.0,0.0
3,42,1100.0,0.0,0.0,0.0
3,43,1100.0,0.0,0.0,0.0
3,44,1100.0,0.0,0.0,0.0
3,45,1100.0,0.0,0.0,0.0
3,46,1100.0,0.0,0.0,0.0
3,47,1100.0,0.0,0.0,0.0
3,48,1100.0,0.0,0.0,0.0
3,49,1100.0,0.0,0.0,0.0
3,50,1100.0,0.0,0.0,0.0
3,51,1100.0,0.0,0.0,0.0
3,52,1100.0,0.0,0.0,0.0
3,53,1100.0,0.0,0.0,0.0
3,54,1100.0,0.0,0.0,0.0
3,55,1100.0,0.0,0.0,0.0
3,56,1100.0,0.0,0.0,0.0
3,57,1100.0,0.0,0.0,0.0
3,58,1100.0,0.0,0.0,0.0
3,59,1100.0,0.0,0.0,0.0
3,60,1100.0,0.0,0.0,0.0
3,61,1100.0,0.0,0.0,0.0
3,62,1100.0,0.0,0.0,0.0
3,63,1100.0,0.0,0.0,0.0
3,64,1100.0,0.0,0.0,0.0
3,65,1100.0,0.0,0.0,0.0
3,66,1100.0,0.0,0.0,0.0
3,67,1100.0,0.0,0.0,0.0
3,68,1100.0,0.0,0.0,0.0
3,69,1100.0,0.0,0.0,0.0
3,70,1100.0,0.0,0.0,0.0
3,71,1100.0,0.0,0.0,0.0
3,72,1100.0,0.0,0.0,0.0
3,73,1100.0,0.0,0.0,0.0
3,74,1100.0,0.0,0.0,0.0
3,75,1100.0,0.0,0.0,0.0
3,76,1100.0,0.0,0.0,0.0
3,77,1100.0,0.0,0.0,0.0
3,78,1100.0,0.0,0.0,0.0
3,79,1100.0,0.0,0.0,0.0
3,80,1100.0,0.0,0.0,0.0
3,81,1100.0,0.0,0.0,0.0
3,82,1100.0,0.0,0.0,0.0
3,83,1100.0,0.0,0.0,0.0
3,84,1100.0,0.0,0.0,0.0
3,85,1100.0,0.0,0.0,0.0
3,86,1100.0,0.0,0.0,0.0
3,87,1100.0,0.0,0.0,0.0
3,88,1100.0,0.0,0.0,0.0
3,89,1100.0,0.0,0.0,0.0
3,90,1100.0,0.0,0.0,0.0
3,91,1100.0,0.0,0.0,0.0
3,92,1100.0,0.0,0.0,0.0
3,93,1100.0,0.0,0.0,0.0
3,94,1100.0,0.0,0.0,0.0
3,95,1100.0,0.0,0.0,0.0
3,96,1100.0,0.0,0.0,0.0
3,97,1100.0,0.0,0.0,0.0
3,98,1100.0,0.0,0.0,0.0
3,99,1100.0,0.0,0.0,0.0
3,100,1100.0,0.0,0.0,0.0
3,101,1100.0,0.0,0.0,0.0
3,102,1100.0,0.0,0.0,0.0
3,103,1100.0,0.0,0.0,0.0
3,104,1100.0,0.0,0.0,0.0
3,105,1100.0,0.0,0.0,0.0
3,106,1100.0,0.0,0.0,0.0
3,107,1100.0,0.0,0.0,0.0
3,108,1100.0,0.0,0.0,0.0
3,109,1100.0,0.0,0.0,0.0
3,110,1100.0,0.0,0.0,0.0
3,111,1100.0,0.0,0.0,0.0
3,112,1100.0,0.0,0.0,0.0
3,113,1100.0,0.0,0.0,0.0
3,114,1100.0,0.0,0.0,0.0
3,115,1100.0,0.0,0.0,0.0
3,116,1100.0,0.0,0.0,0.0
3,117,1100.0,0.0,0.0,0.0
3,118,1100.0,0.0,0.0,0.0
3,119,1100.0,0.0,0.0,0.0
3,120,1100.0,0.0,0.0,0.0
3,121,1100.0,0.0,0.0,0.0
3,122,1100.0,0.0,0.0,0.0
3,123,1100.0,0.0,0.0,0.0
3,124,1100.0,0.0,0.0,0.0
3,125,1100.0,0.0,0.0,0.0
3,126,1100.0,0.0,0.0,0.0
3,127,1100.0,0.0,0.0,0.0
3,128,1100.0,0.0,0.0,0.0
3,129,1100.0,0.0,0.0,0.0
3,130,1100.0,0.0,0.0,0.0
3,131,1100.0,0.0,0.0,0.0
3,132,1100.0,0.0,0.0,0.0
3,133,1100.0,0.0,0.0,0.0
3,134,1100.0,0.0,0.0,0.0
3,135,1100.0,0.0,0.0,0.0
3,136,1100.0,0.0,0.0,0.0
3,137,1100.0,0.0,0.0,0.0
3,138,1100.0,0.0,0.0,0.0
3,139,1100.0,0.0,0.0,0.0
3,140,1100.0,0.0,0.0,0.0
3,141,1100.0,0.0,0.0,0.0
3,142,1100.0,0.0,0.0,0.0
3,143,1100.0,0.0,0.0,0.0
3,144,1100.0,0.0,0.0,0.0
3,145,1100.0,0.0,0.0,0.0
3,146,1100.0,0.0,0.0,0.0
3,147,1100.0,0.0,0.0,0.0
3,148,1100.0,0.0,0.0,0.0
3,149,1100.0,0.0,0.0,0.0
3,150,1100.0,0.0,0.0,0.0
3,151,1100.0,0.0,0.0,0.0
3,152,1100.0,0.0,0.0,0.0
3,153,1100.0,0.0,0.0,0.0
3,154,1100.0,0.0,0.0,0.0
3,155,1100.0,0.0,0.0,0.0
3,156,1100.0,0.0,0.0,0.0
3,157,1100.0,0.0,0.0,0.0
3,158,1100.0,0.0,0.0,0.0
3,159,1100.0,0.0,0.0,0.0
3,160,1100.0,0.0,0.0,0.0
3,161,1100.0,0.0,0.0,0.0
3,162,1100.0,0.0,0.0,0.0
3,163,1100.0,0.0,0.0,0.0
3,164,1100.0,0.0,0.0,0.0
3,165,1100.0,0.0,0.0,0.0
3,166,1100.0,0.0,0.0,0.0
3,167,1100.0,0.0,0.0,0.0
3,168,1100.0,0.0,0.0,0.0
3,169,1100.0,0.0,0.0,0.0
3,170,1100.0,0.0,0.0,0.0
3,171,1100.0,0.0,0.0,0.0
3,172,1100.0,0.0,0.0,0.0
3,173,1100.0,0.0,0.0,0.0
3,174,1100.0,0.0,0.0,0.0
3,175,1100.0,0.0,0.0,0.0
3,176,1100.0,0.0,0.0,0.0
3,177,1100.0,0.0,0.0,0.0
3,178,1100.0,0.0,0.0,0.0
3,179,1100.0,0.0,0.0,0.0
3,180,1100.0,0.0,0.0,0.0
3,181,1100.0,0.0,0.0,0.0
3,182,1100.0,0.0,0.0,0.0
3,183,1100.0,0.0,0.0,0.0
3,184,1100.0,0.0,0.0,0.0
3,185,1100.0,0.0,0.0,0.0
3,186,1100.0,0.0,0.0,0.0
3,187,1100.0,0.0,0.0,0.0
3,188,1100.0,0.0,0.0,0.0
3,189,1100.0,0.0,0.0,0.0
3,190,1100.0,0.0,0.0,0.0
3,191,1100.0,0.0,0.0,0.0
3,192,1100.0,0.0,0.0,0.0
3,193,1100.0,0.0,0.0,0.0
3,194,1100.0,0.0,0.0,0.0
3,195,1100.0,0.0,0.0,0.0
3,196,1100.0,0.0,0.0,0.0
3,197,1100.0,0.0,0.0,0.0
3,198,1100.0,0.0,0.0,0.0
3,199,1100.0,0.0,0.0,0.0
3,200,1100.0,0.0,0.0,0.0
3,201,1100.0,0.0,0.0,0.0
3,202,1100.0,0.0,0.0,0.0
3,203,1100.0,0.0,0.0,0.0
3,204,1100.0,0.0,0.0,0.0
3,205,1100.0,0.0,0.0,0.0
3,206,1100.0,0.0,0.0,0.0
3,207,1100.0,0.0,0.0,0.0
3,208,1100.0,0.0,0.0,0.0
3,209,1100.0,0.0,0.0,0.0
3,210,1100.0,0.0,0.0,0.0
3,211,1100.0,0.0,0.0,0.0
3,212,1100.0,0.0,0.0,0.0
3,213,1100.0,0.0,0.0,0.0
3,214,1100.0,0.0,0.0,0.0
3,215,1100.0,0.0,0.0,0.0
3,216,1100.0,0.0,0.0,0.0
3,217,1100.0,0.0,0.0,0.0
3,218,1100.0,0.0,0.0,0.0
3,219,1100.0,0.0,0.0,0.0
3,220,1100.0,0.0,0.0,0.0
3,221,1100.0,0.0,0.0,0.0
3,222,1100.0,0.0,0.0,0.0
3,223,1100.0,0.0,0.0,0.0
3,224,1100.0,0.0,0.0,0.0
3,225,1100.0,0.0,0.0,0.0
3,226,1100.0,0.0,0.0,0.0
3,227,1100.0,0.0,0.0,0.0
3,228,1100.0,0.0,0.0,0.0
3,229,1100.0,0.0,0.0,0.0
3,230,1100.0,0.0,0.0,0.0
3,231,1100.0,0.0,0.0,0.0
3,232,1100.0,0.0,0.0,0.0
3,233,1100.0,0.0,0.0,0.0
3,234,1100.0,0.0,0.0,0.0
3,235,1100.0,0.0,0.0,0.0
3,236,1100.0,0.0,0.0,0.0
3,237,1100.0,0.0,0.0,0.0
3,238,1100.0,0.0,0.0,0.0
3,239,1100.0,0.0,0.0,0.0
3,240,1100.0,0.0,0.0,0.0
3,241,1100.0,0.0,0.0,0.0
3,242,1100.0,0.0,0.0,0.0
3,243,1100.0,0.0,0.0,0.0
3,244,1100.0,0.0,0.0,0.0
3,245,1100.0,0.0,0.0,0.0
3,246,1100.0,0.0,0.0,0.0
3,247,1100.0,0.0,0.0,0.0
3,248,1100.0,0.0,0.0,0.0
3,249,1100.0,0.0,0.0,0.0
3,250,1100.0,0.0,0.0,0.0
3,251,1100.0,0.0,0.0,0.0
3,252,1100.0,0.0,0.0,0.0
3,253,1100.0,0.0,0.0,0.0
3,254,1100.0,0.0,0.0,0.0
3,255,1100.0,0.0,0.0,0.0
3,256,1100.0,0.0,0.0,0.0
3,257,1100.0,0.0,0.0,0.0
3,258,1100.0,0.0,0.0,0.0
3,259,1100.0,0.0,0.0,0.0
3,260,1100.0,0.0,0.0,0.0
3,261,1100.0,0.0,0.0,0.0
3,262,1100.0,0.0,0.0,0.0
3,263,1100.0,0.0,0.0,0.0
3,264,1100.0,0.0,0.0,0.0
3,265,1100.0,0.0,0.0,0.0
3,266,1100.0,0.0,0.0,0.0
3,267,1100.0,0.0,0.0,0.0
3,268,1100.0,0.0,0.0,0.0
3,269,1100.0,0.0,0.0,0.0
3,270,1100.0,0.0,0.0,0.0
3,271,1100.0,0.0,0.0,0.0
3,272,1100.0,0.0,0.0,0.0
3,273,1100.0,0.0,0.0,0.0
3,274,1100.0,0.0,0.0,0.0
3,275,1100.0,0.0,0.0,0.0
3,276,1100.0,0.0,0.0,0.0
3,277,1100.0,0.0,0.0,0.0
3,278,1100.0,0.0,0.0,0.0
3,279,1100.0,0.0,0.0,0.0
3,280,1100.0,0.0,0.0,0.0
3,281,1100.0,0.0,0.0,0.0
3,282,1100.0,0.0,0.0,0.0
3,283,1100.0,0.0,0.0,0.0
3,284,1100.0,0.0,0.0,0.0
3,285,1100.0,0.0,0.0,0.0
3,286,1100.0,0.0,0.0,0.0
3,287,1100.0,0.0,0.0,0.0
3,288,1100.0,0.0,0.0,0.0
3,289,1100.0,0.0,0.0,0.0
3,290,1100.0,0.0,0.0,0.0
3,291,1100.0,0.0,0.0,0.0
3,292,1100.0,0.0,0.0,0.0
3,293,1100.0,0.0,0.0,0.0
3,294,1100.0,0.0,0.0,0.0
3,295,1100.0,0.0,0.0,0.0
3,296,1100.0,0.0,0.0,0.0
3,297,1100.0,0.0,0.0,0.0
3,298,1100.0,0.0,0.0,0.0
3,299,1100.0,0.0,0.0,0.0
3,300,1100.0,0.0,0.0,0.0
3,301,1100.0,0.0,0.0,0.0
3,302,1100.0,0.0,0.0,0.0
3,303,1100.0,0.0,0.0,0.0
3,304,1100.0,0.0,0.0,0.0
3,305,1100.0,0.0,0.0,0.0
3,306,1100.0,0.0,0.0,0.0
3,307,1100.0,0.0,0.0,0.0
3,308,1100.0,0.0,0.0,0.0
3,309,1100.0,0.0,0.0,0.0
3,310,1100.0,0.0,0.0,0.0
3,311,1100.0,0.0,0.0,0.0
3,312,1100.0,0.0,0.0,0.0
3,313,1100.0,0.0,0.0,0.0
3,314,1100.0,0.0,0.0,0.0
3,315,1100.0,0.0,0.0,0.0
3,316,1100.0,0.0,0.0,0.0
3,317,1100.0,0.0,0.0,0.0
3,318,1100.0,0.0,0.0,0.0
3,319,1100.0,0.0,0.0,0.0
3,320,1100.0,0.0,0.0,0.0
3,321,1100.0,0.0,0.0,0.0
3,322,1100.0,0.0,0.0,0.0
3,323,1100.0,0.0,0.0,0.0
3,324,1100.0,0.0,0.0,0.0
3,325,1100.0,0.0,0.0,0.0
3,326,1100.0,0.0,0.0,0.0
3,327,1100.0,0.0,0.0,0.0
3,328,1100.0,0.0,0.0,0.0
3,329,1100.0,0.0,0.0,0.0
3,330,1100.0,0.0,0.0,0.0
3,331,1100.0,0.0,0.0,0.0
3,332,1100.0,0.0,0.0,0.0
3,333,1100.0,0.0,0.0,0.0
3,334,1100.0,0.0,0.0,0.0
3,335,1100.0,0.0,0.0,0.0
3,336,1100.0,0.0,0.0,0.0
3,337,1100.0,0.0,0.0,0.0
3,338,1100.0,0.0,0.0,0.0
3,339,1100.0,0.0,0.0,0.0
3,340,1100.0,0.0,0.0,0.0
3,341,1100.0,0.0,0.0,0.0
3,342,1100.0,0.0,0.0,0.0
3,343,1100.0,0.0,0.0,0.0
3,344,1100.0,0.0,0.0,0.0
3,345,1100.0,0.0,0.0,0.0
3,346,1100.0,0.0,0.0,0.0
3,347,1100.0,0.0,0.0,0.0
3,348,1100.0,0.0,0.0,0.0
3,349,1100.0,0.0,0.0,0.0
3,350,1100.0,0.0,0.0,0.0
3,351,1100.0,0.0,0.0,0.0
3,352,1100.0,0.0,0.0,0.0
3,353,1100.0,0.0,0.0,0.0
3,354,1100.0,0.0,0.0,0.0
3,355,1100.0,0.0,0.0,0.0
3,356,1100.0,0.0,0.0,0.0
3,357,1100.0,0.0,0.0,0.0
3,358,1100.0,0.0,0.0,0.0
3,359,1100.0,0.0,0.0,0.0
3,360,1100.0,0.0,0.0,0.0
3,361,1100.0,0.0,0.0,0.0
3,362,1100.0,0.0,0.0,0.0
3,363,1100.0,0.0,0.0,0.0
3,364,1100.0,0.0,0.0,0.0
3,365,1100.0,0.0,0.0,0.0
3,366,1100.0,0.0,0.0,0.0
3,367,1100.0,0.0,0.0,0.0
3,368,1100.0,0.0,0.0,0.0
3,369,1100.0,0.0,0.0,0.0
3,370,1100.0,0.0,0.0,0.0
3,371,1100.0,0.0,0.0,0.0
3,372,1100.0,0.0,0.0,0.0
3,373,1100.0,0.0,0.0,0.0
3,374,1100.0,0.0,0.0,0.0
3,375,1100.0,0.0,0.0,0.0
3,376,1100.0,0.0,0.0,0.0
3,377,1100.0,0.0,0.0,0.0
3,378,1100.0,0.0,0.0,0.0
3,379,1100.0,0.0,0.0,0.0
3,380,1100.0,0.0,0.0,0.0
3,381,1100.0,0.0,0.0,0.0
3,382,1100.0,0.0,0.0,0.0
3,383,1100.0,0.0,0.0,0.0
3,384,1100.0,0.0,0.0,0.0
3,385,1100.0,0.0,0.0,0.0
3,386,1100.0,0.0,0.0,0.0
3,387,1100.0,0.0,0.0,0.0
3,388,1100.0,0.0,0.0,0.0
3,389,1100.0,0.0,0.0,0.0
3,390,1100.0,0.0,0.0,0.0
3,391,1100.0,0.0,0.0,0.0
3,392,1100.0,0.0,0.0,0.0
3,393,1100.0,0.0,0.0,0.0
3,394,1100.0,0.0,0.0,0.0
3,395,1100.0,0.0,0.0,0.0
3,396,1100.0,0.0,0.0,0.0
3,397,1100.0,0.0,0.0,0.0
3,398,1100.0,0.0,0.0,0.0
3,399,1100.0,0.0,0.0,0.0
3,400,1100.0,0.0,0.0,0.0
3,401,1100.0,0.0,0.0,0.0
3,402,1100.0,0.0,0.0,0.0
3,403,1100.0,0.0,0.0,0.0
3,404,1100.0,0.0,0.0,0.0
3,405,1100.0,0.0,0.0,0.0
3,406,1100.0,0.0,0.0,0.0
3,407,1100.0,0.0,0.0,0.0
3,408,1100.0,0.0,0.0,0.0
3,409,1100.0,0.0,0.0,0.0
3,410,1100.0,0.0,0.0,0.0
3,411,1100.0,0.0,0.0,0.0
3,412,1100.0,0.0,0.0,0.0
3,413,1100.0,0.0,0.0,0.0
3,414,1100.0,0.0,0.0,0.0
3,415,1100.0,0.0,0.0,0.0
3,416,1100.0,0.0,0.0,0.0
3,417,1100.0,0.0,0.0,0.0
3,418,1100.0,0.0,0.0,0.0
3,419,1100.0,0.0,0.0,0.0
3,420,1100.0,0.0,0.0,0.0
3,421,1100.0,0.0,0.0,0.0
3,422,1100.0,0.0,0.0,0.0
3,423,1100.0,0.0,0.0,0.0
3,424,1100.0,0.0,0.0,0.0
3,425,1100.0,0.0,0.0,0.0
3,426,1100.0,0.0,0.0,0.0
3,427,1100.0,0.0,0.0,0.0
3,428,1100.0,0.0,0.0,0.0
3,429,1100.0,0.0,0.0,0.0
3,430,1100.0,0.0,0.0,0.0
3,431,1100.0,0.0,0.0,0.0
3,432,1100.0,0.0,0.0,0.0
3,433,1100.0,0.0,0.0,0.0
3,434,1100.0,0.0,0.0,0.0
3,435,1100.0,0.0,0.0,0.0
3,436,1100.0,0.0,0.0,0.0
3,437,1100.0,0.0,0.0,0.0
3,438,1100.0,0.0,0.0,0.0
3,439,1100.0,0.0,0.0,0.0
3,440,1100.0,0.0,0.0,0.0
3,441,1100.0,0.0,0.0,0.0
3,442,1100.0,0.0,0.0,0.0
3,443,1100.0,0.0,0.0,0.0
3,444,1100.0,0.0,0.0,0.0
3,445,1100.0,0.0,0.0,0.0
3,446,1100.0,0.0,0.0,0.0
3,447,1100.0,0.0,0.0,0.0
3,448,1100.0,0.0,0.0,0.0
3,449,1100.0,0.0,0.0,0.0
3,450,1100.0,0.0,0.0,0.0
3,451,1100.0,0.0,0.0,0.0
3,452,1100.0,0.0,0.0,0.0
3,453,1100.0,0.0,0.0,0.0
3,454,1100.0,0.0,0.0,0.0
3,455,1100.0,0.0,0.0,0.0
3,456,1100.0,0.0,0.0,0.0
3,457,1100.0,0.0,0.0,0.0
3,458,1100.0,0.0,0.0,0.0
3,459,1100.0,0.0,0.0,0.0
3,460,1100.0,0.0,0.0,0.0
3,461,1100.0,0.0,0.0,0.0
3,462,1100.0,0.0,0.0,0.0
3,463,1100.0,0.0,0.0,0.0
3,464,1100.0,0.0,0.0,0.0
3,465,1100.0,0.0,0.0,0.0
3,466,1100.0,0.0,0.0,0.0
3,467,1100.0,0.0,0.0,0.0
3,468,1100.0,0.0,0.0,0.0
3,469,1100.0,0.0,0.0,0.0
3,470,1100.0,0.0,0.0,0.0
3,471,1100.0,0.0,0.0,0.0
3,472,1100.0,0.0,0.0,0.0
3,473,1100.0,0.0,0.0,0.0
3,474,1100.0,0.0,0.0,0.0
3,475,1100.0,0.0,0.0,0.0
3,476,1100.0,0.0,0.0,0.0
3,477,1100.0,0.0,0.0,0.0
3,478,1100.0,0.0,0.0,0.0
3,479,1100.0,0.0,0.0,0.0
3,480,1100.0,0.0,0.0,0.0
3,481,1100.0,0.0,0.0,0.0
3,482,1100.0,0.0,0.0,0.0
3,483,1100.0,0.0,0.0,0.0
3,484,1100.0,0.0,0.0,0.0
3,485,1100.0,0.0,0.0,0.0
3,486,1100.0,0.0,0.0,0.0
3,487,1100.0,0.0,0.0,0.0
3,488,1100.0,0.0,0.0,0.0
3,489,1100.0,0.0,0.0,0.0
3,490,1100.0,0.0,0.0,0.0
3,491,1100.0,0.0,0.0,0.0
3,492,1100.0,0.0,0.0,0.0
3,493,1100.0,0.0,0.0,0.0
3,494,1100.0,0.0,0.0,0.0
3,495,1100.0,0.0,0.0,0.0
3,496,1100.0,0.0,0.0,0.0
3,497,1100.0,0.0,0.0,0.0
3,498,1100.0,0.0,0.0,0.0
3,499,1100.0,0.0,0.0,0.0
3,500,1100.0,0.0,0.0,0.0
3,501,1100.0,0.0,0.0,0.0
3,502,1100.0,0.0,0.0,0.0
3,503,1100.0,0.0,0.0,0.0
3,504,1100.0,0.0,0.0,0.0
3,505,1100.0,0.0,0.0,0.0
3,506,1100.0,0.0,0.0,0.0
3,507,1100.0,0.0,0.0,0.0
3,508,1100.0,0.0,0.0,0.0
3,509,1100.0,0.0,0.0,0.0
3,510,1100.0,0.0,0.0,0.0
3,511,1100.0,0.0,0.0,0.0
3,512,1100.0,0.0,0.0,0.0
3,513,1100.0,0.0,0.0,0.0
3,514,1100.0,0.0,0.0,0.0
3,515,1100.0,0.0,0.0,0.0
3,516,1100.0,0.0,0.0,0.0
3,517,1100.0,0.0,0.0,0.0
3,518,1100.0,0.0,0.0,0.0
3,519,1100.0,0.0,0.0,0.0
3,520,1100.0,0.0,0.0,0.0
3,521,1100.0,0.0,0.0,0.0
3,522,1100.0,0.0,0.0,0.0
3,523,1100.0,0.0,0.0,0.0
3,524,1100.0,0.0,0.0,0.0
3,525,1100.0,0.0,0.0,0.0
3,526,1100.0,0.0,0.0,0.0
3,527,1100.0,0.0,0.0,0.0
3,528,1100.0,0.0,0.0,0.0
3,529,1100.0,0.0,0.0,0.0
3,530,1100.0,0.0,0.0,0.0
3,531,1100.0,0.0,0.0,0.0
3,532,1100.0,0.0,0.0,0.0
3,533,1100.0,0.0,0.0,0.0
3,534,1100.0,0.0,0.0,0.0
3,535,1100.0,0.0,0.0,0.0
3,536,1100.0,0.0,0.0,0.0
3,537,1100.0,0.0,0.0,0.0
3,538,1100.0,0.0,0.0,0.0
3,539,1100.0,0.0,0.0,0.0
3,540,1100.0,0.0,0.0,0.0
3,541,1100.0,0.0,0.0,0.0
3,542,1100.0,0.0,0.0,0.0
3,543,1100.0,0.0,0.0,0.0
3,544,1100.0,0.0,0.0,0.0
3,545,1100.0,0.0,0.0,0.0
3,546,1100.0,0.0,0.0,0.0
3,547,1100.0,0.0,0.0,0.0
3,548,1100.0,0.0,0.0,0.0
3,549,1100.0,0.0,0.0,0.0
3,550,1100.0,0.0,0.0,0.0
3,551,1100.0,0.0,0.0,0.0
3,552,1100.0,0.0,0.0,0.0
3,553,1100.0,0.0,0.0,0.0
3,554,1100.0,0.0,0.0,0.0
3,555,1100.0,0.0,0.0,0.0
3,556,1100.0,0.0,0.0,0.0
3,557,1100.0,0.0,0.0,0.0
3,558,1100.0,0.0,0.0,0.0
3,559,1100.0,0.0,0.0,0.0
3,560,1100.0,0.0,0.0,0.0
3,561,1100.0,0.0,0.0,0.0
3,562,1100.0,0.0,0.0,0.0
3,563,1100.0,0.0,0.0,0.0
3,564,1100.0,0.0,0.0,0.0
3,565,1100.0,0.0,0.0,0.0
3,566,1100.0,0.0,0.0,0.0
3,567,1100.0,0.0,0.0,0.0
3,568,1100.0,0.0,0.0,0.0
3,569,1100.0,0.0,0.0,0.0
3,570,1100.0,0.0,0.0,0.0
3,571,1100.0,0.0,0.0,0.0
3,572,1100.0,0.0,0.0,0.0
3,573,1100.0,0.0,0.0,0.0
3,574,1100.0,0.0,0.0,0.0
3,575,1100.0,0.0,0.0,0.0
3,576,1100.0,0.0,0.0,0.0
3,577,1100.0,0.0,0.0,0.0
3,578,1100.0,0.0,0.0,0.0
3,579,1100.0,0.0,0.0,0.0
3,580,1100.0,0.0,0.0,0.0
3,581,1100.0,0.0,0.0,0.0
3,582,1100.0,0.0,0.0,0.0
3,583,1100.0,0.0,0.0,0.0
3,584,1100.0,0.0,0.0,0.0
3,585,1100.0,0.0,0.0,0.0
3,586,1100.0,0.0,0.0,0.0
3,587,1100.0,0.0,0.0,0.0
3,588,1100.0,0.0,0.0,0.0
3,589,1100.0,0.0,0.0,0.0
3,590,1100.0,0.0,0.0,0.0
3,591,1100.0,0.0,0.0,0.0
3,592,1100.0,0.0,0.0,0.0
3,593,1100.0,0.0,0.0,0.0
3,594,1100.0,0.0,0.0,0.0
3,595,1100.0,0.0,0.0,0.0
3,596,1100.0,0.0,0.0,0.0
3,597,1100.0,0.0,0.0,0.0
3,598,1100.0,0.0,0.0,0.0
3,599,1100.0,0.0,0.0,0.0
3,600,1100.0,0.0,0.0,0.0
3,601,1100.0,0.0,0.0,0.0
3,602,1100.0,0.0,0.0,0.0
3,603,1100.0,0.0,0.0,0.0
3,604,1100.0,0.0,0.0,0.0
3,605,1100.0,0.0,0.0,0.0
3,606,1100.0,0.0,0.0,0.0
3,607,1100.0,0.0,0.0,0.0
3,608,1100.0,0.0,0.0,0.0
3,609,1100.0,0.0,0.0,0.0
3,610,1100.0,0.0,0.0,0.0
3,611,1100.0,0.0,0.0,0.0
3,612,1100.0,0.0,0.0,0.0
3,613,1100.0,0.0,0.0,0.0
3,614,1100.0,0.0,0.0,0.0
3,615,1100.0,0.0,0.0,0.0
3,616,1100.0,0.0,0.0,0.0
3,617,1100.0,0.0,0.0,0.0
3,618,1100.0,0.0,0.0,0.0
3,619,1100.0,0.0,0.0,0.0
3,620,1100.0,0.0,0.0,0.0
3,621,1100.0,0.0,0.0,0.0
3,622,1100.0,0.0,0.0,0.0
3,623,1100.0,0.0,0.0,0.0
3,624,1100.0,0.0,0.0,0.0
3,625,1100.0,0.0,0.0,0.0
3,626,1100.0,0.0,0.0,0.0
3,627,1100.0,0.0,0.0,0.0
3,628,1100.0,0.0,0.0,0.0
3,629,1100.0,0.0,0.0,0.0
3,630,1100.0,0.0,0.0,0.0
3,631,1100.0,0.0,0.0,0.0
3,632,1100.0,0.0,0.0,0.0
3,633,1100.0,0.0,0.0,0.0
3,634,1100.0,0.0,0.0,0.0
3,635,1100.0,0.0,0.0,0.0
3,636,1100.0,0.0,0.0,0.0
3,637,1100.0,0.0,0.0,0.0
3,638,1100.0,0.0,0.0,0.0
3,639,1100.0,0.0,0.0,0.0
3,640,1100.0,0.0,0.0,0.0
3,641,1100.0,0.0,0.0,0.0
3,642,1100.0,0.0,0.0,0.0
3,643,1100.0,0.0,0.0,0.0
3,644,1100.0,0.0,0.0,0.0
3,645,1100.0,0.0,0.0,0.0
3,646,1100.0,0.0,0.0,0.0
3,647,1100.0,0.0,0.0,0.0
3,648,1100.0,0.0,0.0,0.0
3,649,1100.0,0.0,0.0,0.0
3,650,1100.0,0.0,0.0,0.0
3,651,1100.0,0.0,0.0,0.0
3,652,1100.0,0.0,0.0,0.0
3,653,1100.0,0.0,0.0,0.0
3,654,1100.0,0.0,0.0,0.0
3,655,1100.0,0.0,0.0,0.0
3,656,1100.0,0.0,0.0,0.0
3,657,1100.0,0.0,0.0,0.0
3,658,1100.0,0.0,0.0,0.0
3,659,1100.0,0.0,0.0,0.0
3,660,1100.0,0.0,0.0,0.0
3,661,1100.0,0.0,0.0,0.0
3,662,1100.0,0.0,0.0,0.0
3,663,1100.0,0.0,0.0,0.0
3,664,1100.0,0.0,0.0,0.0
3,665,1100.0,0.0,0.0,0.0
3,666,1100.0,0.0,0.0,0.0
3,667,1100.0,0.0,0.0,0.0
3,668,1100.0,0.0,0.0,0.0
3,669,1100.0,0.0,0.0,0.0
3,670,1100.0,0.0,0.0,0.0
3,671,1100.0,0.0,0.0,0.0
3,672,1100.0,0.0,0.0,0.0
3,673,1100.0,0.0,0.0,0.0
3,674,1100.0,0.0,0.0,0.0
3,675,1100.0,0.0,0.0,0.0
3,676,1100.0,0.0,0.0,0.0
3,677,1100.0,0.0,0.0,0.0
3,678,1100.0,0.0,0.0,0.0
3,679,1100.0,0.0,0.0,0.0
3,680,1100.0,0.0,0.0,0.0
3,681,1100.0,0.0,0.0,0.0
3,682,1100.0,0.0,0.0,0.0
3,683,1100.0,0.0,0.0,0.0
3,684,1100.0,0.0,0.0,0.0
3,685,1100.0,0.0,0.0,0.0
3,686,1100.0,0.0,0.0,0.0
3,687,1100.0,0.0,0.0,0.0
3,688,1100.0,0.0,0.0,0.0
3,689,1100.0,0.0,0.0,0.0
3,690,1100.0,0.0,0.0,0.0
3,691,1100.0,0.0,0.0,0.0
3,692,1100.0,0.0,0.0,0.0
3,693,1100.0,0.0,0.0,0.0
3,694,1100.0,0.0,0.0,0.0
3,695,1100.0,0.0,0.0,0.0
3,696,1100.0,0.0,0.0,0.0
3,697,1100.0,0.0,0.0,0.0
3,698,1100.0,0.0,0.0,0.0
3,699,1100.0,0.0,0.0,0.0
3,700,1100.0,0.0,0.0,0.0
3,701,1100.0,0.0,0.0,0.0
3,702,1100.0,0.0,0.0,0.0
3,703,1100.0,0.0,0.0,0.0
3,704,1100.0,0.0,0.0,0.0
3,705,1100.0,0.0,0.0,0.0
3,706,1100.0,0.0,0.0,0.0
3,707,1100.0,0.0,0.0,0.0
3,708,1100.0,0.0,0.0,0.0
3,709,1100.0,0.0,0.0,0.0
3,710,1100.0,0.0,0.0,0.0
3,711,1100.0,0.0,0.0,0.0
3,712,1100.0,0.0,0.0,0.0
3,713,1100.0,0.0,0.0,0.0
3,714,1100.0,0.0,0.0,0.0
3,715,1100.0,0.0,0.0,0.0
3,716,1100.0,0.0,0.0,0.0
3,717,1100.0,0.0,0.0,0.0
3,718,1100.0,0.0,0.0,0.0
3,719,1100.0,0.0,0.0,0.0
3,720,1100.0,0.0,0.0,0.0
3,721,1100.0,0.0,0.0,0.0
3,722,1100.0,0.0,0.0,0.0
3,723,1100.0,0.0,0.0,0.0
3,724,1100.0,0.0,0.0,0.0
3,725,1100.0,0.0,0.0,0.0
3,726,1100.0,0.0,0.0,0.0
3,727,1100.0,0.0,0.0,0.0
3,728,1100.0,0.0,0.0,0.0
3,729,1100.0,0.0,0.0,0.0
3,730,1100.0,0.0,0.0,0.0
3,731,1100.0,0.0,0.0,0.0
3,732,1100.0,0.0,0.0,0.0
3,733,1100.0,0.0,0.0,0.0
3,734,1100.0,0.0,0.0,0.0
3,735,1100.0,0.0,0.0,0.0
3,736,1100.0,0.0,0.0,0.0
3,737,1100.0,0.0,0.0,0.0
3,738,1100.0,0.0,0.0,0.0
3,739,1100.0,0.0,0.0,0.0
3,740,1100.0,0.0,0.0,0.0
3,741,1100.0,0.0,0.0,0.0
3,742,1100.0,0.0,0.0,0.0
3,743,1100.0,0.0,0.0,0.0
3,744,1100.0,0.0,0.0,0.0
3,745,1100.0,0.0,0.0,0.0
3,746,1100.0,0.0,0.0,0.0
3,747,1100.0,0.0,0.0,0.0
3,748,1100.0,0.0,0.0,0.0
3,749,1100.0,0.0,0.0,0.0
3,750,1100.0,0.0,0.0,0.0
3,751,1100.0,0.0,0.0,0.0
3,752,1100.0,0.0,0.0,0.0
3,753,1100.0,0.0,0.0,0.0
3,754,1100.0,0.0,0.0,0.0
3,755,1100.0,0.0,0.0,0.0
3,756,1100.0,0.0,0.0,0.0
3,757,1100.0,0.0,0.0,0.0
3,758,1100.0,0.0,0.0,0.0
3,759,1100.0,0.0,0.0,0.0
3,760,1100.0,0.0,0.0,0.0
3,761,1100.0,0.0,0.0,0.0
3,762,1100.0,0.0,0.0,0.0
3,763,1100.0,0.0,0.0,0.0
3,764,1100.0,0.0,0.0,0.0
3,765,1100.0,0.0,0.0,0.0
3,766,1100.0,0.0,0.0,0.0
3,767,1100.0,0.0,0.0,0.0
3,768,1100.0,0.0,0.0,0.0
3,769,1100.0,0.0,0.0,0.0
3,770,1100.0,0.0,0.0,0.0
3,771,1100.0,0.0,0.0,0.0
3,772,1100.0,0.0,0.0,0.0
3,773,1100.0,0.0,0.0,0.0
3,774,1100.0,0.0,0.0,0.0
3,775,1100.0,0.0,0.0,0.0
3,776,1100.0,0.0,0.0,0.0
3,777,1100.0,0.0,0.0,0.0
3,778,1100.0,0.0,0.0,0.0
3,779,1100.0,0.0,0.0,0.0
3,780,1100.0,0.0,0.0,0.0
4,1,400.0,0.0,0.0,0.0
4,2,400.0,0.0,0.0,0.0
4,3,400.0,0.0,0.0,0.0
4,4,400.0,0.0,0.0,0.0
4,5,400.0,0.0,0.0,0.0
4,6,400.0,0.0,0.0,0.0
4,7,400.0,0.0,0.0,0.0
4,8,400.0,0.0,0.0,0.0
4,9,400.0,0.0,0.0,0.0
4,10,400.0,0.0,0.0,0.0
4,11,400.0,0.0,0.0,0.0
4,12,400.0,0.0,0.0,0.0
4,13,400.0,0.0,0.0,0.0
4,14,400.0,0.000577224,0.03970820099999925,5.847576671085432e-6
4,15,400.0,0.0,0.0,0.0
4,16,400.0,0.0,0.0,0.0
4,17,400.0,0.0,0.0,0.0
4,18,400.0,0.0,0.0,0.0
4,19,400.0,0.0005703,0.03923188749999976,5.777432981858107e-6
4,20,400.0,0.0,0.0,0.0
4,21,400.0,0.0004673190000000077,0.03214765287500018,4.734182366559672e-6
4,22,400.0,0.000332316,0.02286057149999995,3.3665323843576483e-6
4,23,400.0,0.000321066,0.022086665249999696,3.252564085136316e-6
4,24,400.0,0.0,0.0,0.0
4,25,400.0,0.0,0.0,0.0
4,26,400.0,0.00038510400000000417,0.026491945999999905,3.901302035850413e-6
4,27,400.0,0.00035221800000000136,0.02422966325000008,3.5681499035667515e-6
4,28,400.0,0.0002613510000000069,0.01797877087500027,2.647620352869771e-6
4,29,400.0,0.0001860630000000002,0.012799583875000013,1.8849141029343727e-6
4,30,400.0,0.0,0.0,0.0
4,31,400.0,0.000290775,0.020002896874999627,2.945700640539664e-6
4,32,400.0,0.00043616400000000277,0.03000444849999989,4.418566156582792e-6
4,33,400.0,0.0002578890000000042,0.017740614125000213,2.612548508256063e-6
4,34,400.0,0.000207696,0.014287753999999606,2.1040675444502466e-6
4,35,400.0,0.00021288900000000083,0.014644989124999914,2.1566753113708416e-6
4,36,400.0,0.0,0.0,0.0
4,37,400.0,0.00021808199999999998,0.015002224249999672,2.2092830782913556e-6
4,38,400.0,0.00044568300000000227,0.030659276375000134,4.514998533497272e-6
4,39,400.0,0.000199908,0.013752004499999922,2.025171089842699e-6
4,40,400.0,0.00017913900000000177,0.012323270375000105,1.814770413706987e-6
4,41,400.0,0.00019385099999999998,0.013335333374999698,1.963810557541921e-6
4,42,400.0,0.00021808199999999998,0.015002224249999637,2.20928307829135e-6
4,43,400.0,0.00038337299999999995,0.026372867624999553,3.883766113543511e-6
4,44,400.0,0.00030029400000000005,0.020657724749999974,3.042133017454159e-6
4,45,400.0,0.00022760100000000002,0.015657052124999713,2.3057154552058058e-6
4,46,400.0,0.000307218,0.021134038249999883,3.112276706681545e-6
4,47,400.0,0.00031760400000000003,0.02184850849999994,3.2174922405226523e-6
4,48,400.0,0.000308085,0.02119368062499998,3.1210598636082135e-6
4,49,400.0,0.000561648,0.038636701999999884,5.689783761870336e-6
4,50,400.0,0.0006594390000000117,0.045363907875000685,6.680457001794861e-6
4,51,400.0,0.000413664000000008,0.028456636000000472,4.190629558140289e-6
4,52,400.0,0.0004500090000000012,0.03095686912500007,4.558823143491158e-6
4,53,400.0,0.0003859710000000266,0.026551588375001434,3.910085192777292e-6
4,54,400.0,0.0003548160000000078,0.02440838399999944,3.594468982800161e-6
4,55,400.0,0.000579819,0.03988671537499972,5.873865358772547e-6
4,56,400.0,0.00044827800000000003,0.03083779074999924,4.541287221184185e-6
4,57,400.0,0.00048635700000000003,0.03345730862499957,4.927047120388471e-6
4,58,400.0,0.000695784,0.047864140999999055,7.0486505871455494e-6
4,59,400.0,0.00021981300000000002,0.015121302624999956,2.226819000598247e-6
4,60,400.0,0.0011873340000000002,0.08167868474999908,1.2028305474454636e-5
4,61,400.0,0.0,0.0,0.0
4,62,400.0,0.000804825000000009,0.05536525312500054,8.15329212629147e-6
4,63,400.0,0.00031760400000000003,0.02184850849999994,3.2174922405226523e-6
4,64,400.0,0.000296832,0.02041956799999948,3.007061172840387e-6
4,65,400.0,0.0001453890000000027,0.01000155162500016,1.4728655160431125e-6
4,66,400.0,0.0,0.0,0.0
4,67,400.0,0.001014252,0.06977208549999961,1.0274895593048488e-5
4,68,400.0,0.0005114550000000495,0.035183841875001724,5.181302798064881e-6
4,69,400.0,0.0,0.0,0.0
4,70,400.0,0.00017740800000000002,0.01220419199999982,1.7972344914000954e-6
4,71,400.0,0.00041712600000000003,0.02869479274999941,4.225701402753832e-6
4,72,400.0,0.00036174000000001316,0.024884697500000778,3.6646126720277575e-6
4,73,400.0,0.00027693,0.019050476249999688,2.8054436536313336e-6
4,74,400.0,0.0,0.0,0.0
4,75,400.0,0.00042924000000000006,0.029528134999999876,4.3484224673553905e-6
4,76,400.0,0.000192984,0.013275690999999604,1.9550274006152528e-6
4,77,400.0,0.000884442,0.060842239249999125,8.959853377766976e-6
4,78,400.0,0.0002803920000000043,0.019288633000000256,2.8405154982451168e-6
4,79,400.0,0.0001860630000000002,0.012799583875000013,1.8849141029343727e-6
4,80,400.0,0.000302892,0.020836445499999807,3.068452096687639e-6
4,81,400.0,0.000469914,0.03232616724999929,4.7604710542465855e-6
4,82,400.0,0.0,0.0,0.0
4,83,400.0,0.0,0.0,0.0
4,84,400.0,0.0,0.0,0.0
4,85,400.0,0.000207696,0.014287753999999434,2.1040675444502216e-6
4,86,400.0,0.0,0.0,0.0
4,87,400.0,0.0,0.0,0.0
4,88,400.0,0.000555588,0.03821982449999937,5.628392838023056e-6
4,89,400.0,0.0,0.0,0.0
4,90,400.0,0.0,0.0,0.0
4,91,400.0,0.0,0.0,0.0
4,92,400.0,0.0006776099999999999,0.04661392124999971,6.864538598696952e-6
4,93,400.0,0.0,0.0,0.0
4,94,400.0,0.00044481599999999995,0.030599633999999362,4.506215376570504e-6
4,95,400.0,0.00014884800000000004,0.010239502000000003,1.5079069691103298e-6
4,96,400.0,0.00015231000000000272,0.010477658750000158,1.5429788137240524e-6
4,97,400.0,0.00028385100000000163,0.019526583375000094,2.875556951312333e-6
4,98,400.0,0.00014712000000000232,0.010120630000000085,1.4904014383499513e-6
4,99,400.0,0.000156639,0.010775457874999596,1.5868338152643238e-6
4,100,400.0,0.000631746,0.04345886024999933,6.399912636431524e-6
4,101,400.0,0.0003375060000000048,0.02321760025000004,3.4191097597317517e-6
4,102,400.0,0.0004119330000000032,0.02833755762500019,4.173093635833397e-6
4,103,400.0,0.000501069,0.03446937162499958,5.076087264223466e-6
4,104,400.0,0.0005884740000000124,0.04048210725000026,5.961544970306875e-6
4,105,400.0,0.0003375060000000048,0.023217600250000078,3.4191097597317568e-6
4,106,400.0,0.00022067700000000245,0.015180738625000079,2.2355717659784605e-6
4,107,400.0,0.0002250060000000033,0.015478537750000094,2.279426767518817e-6
4,108,400.0,0.000320199,0.022027022874999604,3.243780928209648e-6
4,109,400.0,0.000372123000000002,0.02559896137500012,3.7697978143223005e-6
4,110,400.0,0.0002578890000000042,0.01774061412499984,2.6125485082560074e-6
4,111,400.0,0.0004474140000000071,0.030778354750000424,4.532534455804164e-6
4,112,400.0,0.0004958760000000062,0.03411213650000037,5.023479497303033e-6
4,113,400.0,0.0007122270000000097,0.048995282375000566,7.215226653287617e-6
4,114,400.0,0.00035654699999999997,0.02452746237499993,3.6120049051070834e-6
4,115,400.0,0.00035914200000000673,0.024705976750000396,3.6382935927941967e-6
4,116,400.0,0.0003677970000000065,0.025301368625000143,3.725973204328409e-6
4,117,400.0,0.0005400120000000064,0.03714832550000038,5.4705999288080156e-6
4,118,400.0,0.0003842400000000079,0.026432510000000468,3.8925492704703004e-6
4,119,400.0,0.00032366100000000286,0.022265179625000166,3.2788527728234306e-6
4,120,400.0,0.00038943300000000006,0.026789745124999684,3.9451570373907344e-6
4,121,400.0,0.0005374170000000122,0.036969811125000716,5.444311241121021e-6
4,122,400.0,0.000402414,0.027682729749999444,4.076661258918843e-6
4,123,400.0,0.00037645200000000005,0.02589676049999996,3.813652815862631e-6
4,124,400.0,0.0003937590000000074,0.027087337874999885,3.988981647384658e-6
4,125,400.0,0.0005486670000000027,0.03774371737500016,5.558279540342232e-6
4,126,400.0,0.000420585000000015,0.028932743125000545,4.26074285582124e-6
4,127,400.0,0.000726075,0.049947909374996845,7.355514031741867e-6
4,128,400.0,0.000627417000000019,0.04316106112500057,6.356057634891353e-6
4,129,400.0,0.0005460690000000101,0.0375649966250006,5.531960461108794e-6
4,130,400.0,0.00043789500000000005,0.030123526874999633,4.436102078889604e-6
4,131,400.0,0.000507126,0.034886042749999534,5.1374477965242044e-6
4,132,400.0,0.000413664000000008,0.028456636000000472,4.190629558140289e-6
4,133,400.0,0.0003444300000000136,0.02369391375000033,3.4892534489591936e-6
4,134,400.0,0.0005382810000000016,0.03702924712500009,5.453064006501123e-6
4,135,400.0,0.0007987680000000053,0.05494858200000032,8.091931593990693e-6
4,136,400.0,0.00038943300000000006,0.02678974512499968,3.945157037390734e-6
4,137,400.0,0.00017221500000000334,0.011846956875000198,1.7446267244796014e-6
4,138,400.0,0.0,0.0,0.0
4,139,400.0,0.000578955000000006,0.03982727937499994,5.865112593392383e-6
4,140,400.0,0.0,0.0,0.0
4,141,400.0,0.0,0.0,0.0
4,142,400.0,0.00034183500000001255,0.023515399375000738,3.4629647612722085e-6
4,143,400.0,0.0004430880000000151,0.030480762000000484,4.4887098458102784e-6
4,144,400.0,0.0,0.0,0.0
4,145,400.0,0.0,0.0,0.0
4,146,400.0,0.0,0.0,0.0
4,147,400.0,0.0,0.0,0.0
4,148,400.0,0.0,0.0,0.0
4,149,400.0,0.0,0.0,0.0
4,150,400.0,0.00047078100000000345,0.032385809625000206,4.769254211173375e-6
4,151,400.0,0.0,0.0,0.0
4,152,400.0,0.0004205850000000011,0.02893274312500006,4.260742855821169e-6
4,153,400.0,0.000175677,0.012085113624999947,1.7796985690932641e-6
4,154,400.0,0.000286449,0.01970530412499969,2.9018760305457783e-6
4,155,400.0,0.000350487,0.024110584874999792,3.5506139812598593e-6
4,156,400.0,0.0,0.0,0.0
4,157,400.0,0.0004474140000000071,0.030778354750000424,4.532534455804164e-6
4,158,400.0,0.0,0.0,0.0
4,159,400.0,0.0,0.0,0.0
4,160,400.0,0.0004932810000000121,0.033933622125000305,4.997190809615978e-6
4,161,400.0,0.000463857000000005,0.031909496125000096,4.69911052194596e-6
4,162,400.0,0.0,0.0,0.0
4,163,400.0,0.0,0.0,0.0
4,164,400.0,0.0,0.0,0.0
4,165,400.0,0.0,0.0,0.0
4,166,400.0,0.0,0.0,0.0
4,167,400.0,0.0,0.0,0.0
4,168,400.0,0.0,0.0,0.0
4,169,400.0,0.0,0.0,0.0
4,170,400.0,0.0007182840000000135,0.049411953500000785,7.276587185588393e-6
4,171,400.0,0.0006334740000000001,0.04357773224999971,6.417418167191971e-6
4,172,400.0,0.0002700060000000032,0.01857416275000019,2.7352999644040078e-6
4,173,400.0,0.0,0.0,0.0
4,174,400.0,0.0005088570000000014,0.03500512112500009,5.154983718831135e-6
4,175,400.0,0.000423183,0.02911146387499963,4.287061935054609e-6
4,176,400.0,0.00027260100000000003,0.01875267712499984,2.7615886520910017e-6
4,177,400.0,0.0008956920000000035,0.06161614550000021,9.07382167698843e-6
4,178,400.0,0.000340968,0.023455756999999827,3.45418160434542e-6
4,179,400.0,0.00029250600000000005,0.02012197524999988,2.9632365628465507e-6
4,180,400.0,0.0003738540000000068,0.025718039750000404,3.7873337366291923e-6
4,181,400.0,0.00035221800000001524,0.024229663250000148,3.568149903566761e-6
4,182,400.0,0.0006213600000000001,0.042744389999999265,6.294697102590416e-6
4,183,400.0,0.0004474140000000071,0.030778354750000424,4.532534455804164e-6
4,184,400.0,0.000252699,0.017383585374999712,2.5599711328818985e-6
4,185,400.0,0.000546936,0.03762463899999878,5.54074361803518e-6
4,186,400.0,0.0003132750000000087,0.021550709375000306,3.173637238982352e-6
4,187,400.0,0.000192984,0.013275690999999604,1.9550274006152528e-6
4,188,400.0,0.0,0.0,0.0
4,189,400.0,0.0,0.0,0.0
4,190,400.0,0.0,0.0,0.0
4,191,400.0,0.0,0.0,0.0
4,192,400.0,0.000509724,0.03506476349999937,5.163766875757684e-6
4,193,400.0,0.00039375900000000004,0.027087337874999624,3.988981647384621e-6
4,194,400.0,0.00029423700000000275,0.020241053625000158,2.9807724851534412e-6
4,195,400.0,0.0,0.0,0.0
4,196,400.0,0.00017308200000000002,0.011906599249999782,1.7534098814061946e-6
4,197,400.0,0.000232794,0.016014287249999676,2.35832322212635e-6
4,198,400.0,0.000572898,0.03941060824999931,5.803752061091546e-6
4,199,400.0,0.0,0.0,0.0
4,200,400.0,0.0,0.0,0.0
4,201,400.0,0.0005426070000000005,0.03732683987500003,5.49688861649501e-6
4,202,400.0,0.00019817700000000004,0.013632926124999637,2.007635167535807e-6
4,203,400.0,0.0,0.0,0.0
4,204,400.0,0.0,0.0,0.0
4,205,400.0,0.0,0.0,0.0
4,206,400.0,0.0,0.0,0.0
4,207,400.0,0.0,0.0,0.0
4,208,400.0,0.0,0.0,0.0
4,209,400.0,0.000408471,0.02809940087499962,4.1380217912196144e-6
4,210,400.0,0.0,0.0,0.0
4,211,400.0,0.000308085,0.02119368062499998,3.1210598636082135e-6
4,212,400.0,0.0,0.0,0.0
4,213,400.0,0.00035568,0.024467819999999835,3.603221748180415e-6
4,214,400.0,0.00027087000000000985,0.01863359875000034,2.7440527297842255e-6
4,215,400.0,0.00033231600000000047,0.02286057149999998,3.366532384357652e-6
4,216,400.0,0.000297699,0.02047921037499991,3.015844329767105e-6
4,217,400.0,0.0004387590000000108,0.030182962875000528,4.4448548442699304e-6
4,218,400.0,0.00018087000000000002,0.01244234874999996,1.8323063360138154e-6
4,219,400.0,0.0002353890000000025,0.01619280162500015,2.384611909813465e-6
4,220,400.0,0.00044481599999999995,0.03059963399999936,4.506215376570504e-6
4,221,400.0,0.0,0.0,0.0
4,222,400.0,0.0,0.0,0.0
4,223,400.0,0.0,0.0,0.0
4,224,400.0,0.0,0.0,0.0
4,225,400.0,0.0010402139999999445,0.07155805474999509,1.053790403610411e-5
4,226,400.0,0.000572898,0.03941060824999931,5.803752061091546e-6
4,227,400.0,0.00035481600000001213,0.024408384000000435,3.594468982800308e-6
4,228,400.0,0.0,0.0,0.0
4,229,400.0,0.001000407,0.06881966487499888,1.0134638606140042e-5
4,230,400.0,0.0,0.0,0.0
4,231,400.0,0.0,0.0,0.0
4,232,400.0,0.0,0.0,0.0
4,233,400.0,0.000614436,0.042268076499999765,6.22455341336309e-6
4,234,400.0,0.0,0.0,0.0
4,235,400.0,0.0,0.0,0.0
4,236,400.0,0.000568569,0.039112809124999474,5.759897059551216e-6
4,237,400.0,0.00027519900000000375,0.018931397875000016,2.787907731324532e-6
4,238,400.0,0.0,0.0,0.0
4,239,400.0,0.00026568000000000425,0.018276570000000252,2.691475354410122e-6
4,240,400.0,0.0,0.0,0.0
4,241,400.0,0.0002916420000000017,0.02006253924999976,2.954483797466338e-6
4,242,400.0,0.000627417,0.043161061124999484,6.3560576348911924e-6
4,243,400.0,0.00047337599999999996,0.03256432399999985,4.795542898860368e-6
4,244,400.0,0.0,0.0,0.0
4,245,400.0,0.0,0.0,0.0
4,246,400.0,0.0,0.0,0.0
4,247,400.0,0.0,0.0,0.0
4,248,400.0,0.0,0.0,0.0
4,249,400.0,0.0,0.0,0.0
4,250,400.0,0.0,0.0,0.0
4,251,400.0,0.0,0.0,0.0
4,252,400.0,0.0,0.0,0.0
4,253,400.0,0.00022760100000000002,0.01565705212499966,2.3057154552057986e-6
4,254,400.0,0.000278661,0.01916955462499997,2.822979575938225e-6
4,255,400.0,0.00032452500000000606,0.02232461562500036,3.2876055382036547e-6
4,256,400.0,0.0,0.0,0.0
4,257,400.0,0.00022327500000000002,0.015359459374999704,2.2618908452119095e-6
4,258,400.0,0.00014365799999999999,0.009882473249999893,1.4553295937362234e-6
4,259,400.0,0.000126348,0.008691689499999903,1.2799703706677268e-6
4,260,400.0,0.00018433200000000233,0.012680505500000137,1.867378180627541e-6
4,261,400.0,0.000127215,0.008751331874999999,1.2887535275943951e-6
4,262,400.0,0.00039895200000000797,0.0274445730000002,4.041589414305255e-6
4,263,400.0,0.00019212000000000395,0.013216255000000234,1.9462746352351502e-6
4,264,400.0,0.0,0.0,0.0
4,265,400.0,0.0,0.0,0.0
4,266,400.0,0.0,0.0,0.0
4,267,400.0,0.0,0.0,0.0
4,268,400.0,0.0,0.0,0.0
4,269,400.0,0.0,0.0,0.0
4,270,400.0,0.0,0.0,0.0
4,271,400.0,0.0,0.0,0.0
4,272,400.0,0.0002855820000000073,0.01964566175000039,2.8930928736192266e-6
4,273,400.0,0.0003626040000000025,0.02494413350000015,3.67336543740786e-6
4,274,400.0,0.00020337000000000003,0.013990161249999671,2.0602429344563613e-6
4,275,400.0,0.00012029100000000154,0.008275018374999955,1.2186098383669895e-6
4,276,400.0,0.000228468,0.01571669449999974,2.314498612132464e-6
4,277,400.0,0.000244908000000002,0.016847629500000117,2.4810442867279045e-6
4,278,400.0,0.00022154400000001274,0.015240381000000665,2.2443549229052015e-6
4,279,400.0,0.0002917920000000025,0.020072858000000037,2.956003374789329e-6
4,280,400.0,0.000160965,0.01107305062499994,1.6306584252582692e-6
4,281,400.0,0.00014106,0.009703752499999803,1.4290105145027058e-6
4,282,400.0,0.00022327500000000002,0.015359459374999704,2.2618908452119095e-6
4,283,400.0,0.0004119330000000032,0.02833755762500019,4.173093635833397e-6
4,284,400.0,0.00018173400000000284,0.012501784750000168,1.8410591013940417e-6
4,285,400.0,0.0004768380000000072,0.032802480750000425,4.830614743474152e-6
4,286,400.0,0.0006447270000000116,0.044351844875000684,6.531416857959867e-6
4,287,400.0,0.000166158,0.011430285749999974,1.6832661921788237e-6
4,288,400.0,0.00022413900000000002,0.01541889537499962,2.2706436105920925e-6
4,289,400.0,0.000860211,0.059175348374999985,8.714380857017664e-6
4,290,400.0,0.00022760100000000002,0.01565705212499937,2.3057154552057554e-6
4,291,400.0,0.0,0.0,0.0
4,292,400.0,0.00048289500000001095,0.033219151875000644,4.891975275774929e-6
4,293,400.0,0.0,0.0,0.0
4,294,400.0,0.000521838,0.0358981057499998,5.286487940359237e-6
4,295,400.0,0.0003634710000000041,0.02500377587500024,3.682148594334528e-6
4,296,400.0,0.0005867430000000007,0.04036302887500005,5.944009047999994e-6
4,297,400.0,0.00013154100000000064,0.009048924624999954,1.3325781375882838e-6
4,298,400.0,0.000321066,0.022086665249999696,3.252564085136316e-6
4,299,400.0,0.0,0.0,0.0
4,300,400.0,0.0005079930000000121,0.034945685125000715,5.146230953451032e-6
4,301,400.0,0.000377316,0.025956196499999327,3.822405581242733e-6
4,302,400.0,0.0005149140000000052,0.035421792250000306,5.216344251131913e-6
4,303,400.0,0.000546936,0.037624638999999876,5.540743618035341e-6
4,304,400.0,0.0005002020000000051,0.0344097292500003,5.067304107296917e-6
4,305,400.0,0.0005720310000000145,0.03935096587500059,5.794968904165079e-6
4,306,400.0,0.0004283760000000081,0.0294686990000001,4.339669701975228e-6
4,307,400.0,0.0007606889999999999,0.05232906412499888,7.706171694786244e-6
4,308,400.0,0.0005131830000000004,0.03530271387500002,5.198808328825021e-6
4,309,400.0,0.000488088,0.03357638699999986,4.944583042695363e-6
4,310,400.0,0.000353085000000003,0.024289305625000174,3.5769330604934196e-6
4,311,400.0,0.0,0.0,0.0
4,312,400.0,0.00031414200000000683,0.021610351750000232,3.1824203959089957e-6
4,313,400.0,0.000469914,0.03232616724999929,4.7604710542465855e-6
4,314,400.0,0.0003608730000000046,0.024825055125000065,3.655829515100998e-6
4,315,400.0,0.000467319,0.03214765287499964,4.7341823665595924e-6
4,316,400.0,0.0,0.0,0.0
4,317,400.0,0.00032452500000000953,0.02232461562500036,3.2876055382036547e-6
4,318,400.0,0.00028039200000001124,0.019288633000000256,2.8405154982451168e-6
4,319,400.0,0.0005858790000000114,0.04030359287500067,5.93525628261989e-6
4,320,400.0,0.00045520200000000004,0.031314104249999294,4.611430910411593e-6
4,321,400.0,0.0003323160000000061,0.022860571500000156,3.366532384357678e-6
4,322,400.0,0.0002838510000000051,0.01952658337500003,2.875556951312324e-6
4,323,400.0,0.0005382810000000016,0.03702924712500009,5.453064006501123e-6
4,324,400.0,0.0005374170000000122,0.036969811125000716,5.444311241121021e-6
4,325,400.0,0.00044481599999999995,0.030599633999999223,4.506215376570483e-6
4,326,400.0,0.0003132750000000052,0.021550709375000105,3.173637238982323e-6
4,327,400.0,0.00041625900000000216,0.02863515037500013,4.216918245827283e-6
4,328,400.0,0.000564243,0.03881521637499953,5.716072449557329e-6
4,329,400.0,0.0006931890000000107,0.04768562662500062,7.022361899458736e-6
4,330,400.0,0.0,0.0,0.0
4,331,400.0,0.0005858790000000114,0.04030359287500064,5.935256282619886e-6
4,332,400.0,0.000331449,0.022800929124999175,3.3577492274308797e-6
4,333,400.0,0.0,0.0,0.0
4,334,400.0,0.0004950120000000001,0.03405270049999936,5.014726731922688e-6
4,335,400.0,0.0,0.0,0.0
4,336,400.0,0.0005529930000000016,0.03804131012500009,5.602104150336117e-6
4,337,400.0,0.0005114550000000001,0.035183841874999705,5.181302798064583e-6
4,338,400.0,0.0005434740000000001,0.03738648224999931,5.505671773421559e-6
4,339,400.0,0.0007053030000000234,0.04851896887500118,7.145082964060307e-6
4,340,400.0,0.000583281,0.040124872124998656,5.908937203386089e-6
4,341,400.0,0.000816942,0.056198801749999236,8.276043582439227e-6
4,342,400.0,0.00032452500000000606,0.022324615624999676,3.287605538203554e-6
4,343,400.0,0.0004500090000000151,0.03095686912500048,4.558823143491218e-6
4,344,400.0,0.0006092430000000162,0.04191084137500055,6.171945646442656e-6
4,345,400.0,0.000452607,0.031135589874999085,4.585142222724517e-6
4,346,400.0,0.0006101100000000291,0.04197048375000143,6.1807288033694406e-6
4,347,400.0,0.0008359800000000139,0.057508457500000276,8.46890833626827e-6
4,348,400.0,0.00033318000000000583,0.022920007500000145,3.375285149737872e-6
4,349,400.0,0.001000407,0.06881966487499888,1.0134638606140042e-5
4,350,400.0,0.0002163510000000035,0.014883145875000173,2.1917471559845794e-6
4,351,400.0,0.00023712,0.016311879999999612,2.4021478321202356e-6
4,352,400.0,0.0004560690000000034,0.0313737466250002,4.62021406733838e-6
4,353,400.0,0.00020942699999999999,0.014406832374999888,2.1216034667571384e-6
4,354,400.0,0.000664629,0.045720936625,6.733034377168851e-6
4,355,400.0,0.0,0.0,0.0
4,356,400.0,0.00019125300000000234,0.01315661262500014,1.937491478308482e-6
4,357,400.0,0.00021462000000000003,0.014764067499999516,2.174211233677633e-6
4,358,400.0,0.0003669300000000014,0.025241726250000086,3.7171900474017458e-6
4,359,400.0,0.0002414490000000047,0.01660967912500014,2.4460028336606675e-6
4,360,400.0,0.00035914200000000673,0.024705976750000396,3.6382935927941967e-6
4,361,400.0,0.0005478000000000001,0.03768407499999925,5.549496383415444e-6
4,362,400.0,0.0005253000000000072,0.036136262500000384,5.321559784973023e-6
4,363,400.0,0.000778863000000074,0.05357928387500273,7.890283683235505e-6
4,364,400.0,0.0003098130000000199,0.02131255262500117,3.1385653943687803e-6
4,365,400.0,0.000639534,0.04399460974999983,6.478809091039193e-6
4,366,400.0,0.00043443300000000143,0.02988537012499988,4.40103023427594e-6
4,367,400.0,0.000461259,0.031730775374999506,4.672791442712369e-6
4,368,400.0,0.0,0.0,0.0
4,369,400.0,0.00024750600000000004,0.017026350249999645,2.5073633659613395e-6
4,370,400.0,0.00020250300000000665,0.013930518875000393,2.0514597775298135e-6
4,371,400.0,0.00051664500000001,0.03554087062500059,5.233880173438804e-6
4,372,400.0,0.0004976070000000197,0.0342312148750005,5.041015419609902e-6
4,373,400.0,0.0006706890000000021,0.04613781412500012,6.794425301016072e-6
4,374,400.0,0.000766749000000011,0.052745941625000625,7.767562618633706e-6
4,375,400.0,0.0002552940000000066,0.01756209975000018,2.5862598205690127e-6
4,376,400.0,0.0002994300000000033,0.02059828875000019,3.0333802520739955e-6
4,377,400.0,0.0003383730000000029,0.023277242625000173,3.4278929166584254e-6
4,378,400.0,0.0004984710000000003,0.03429065087500002,5.0497681849900275e-6
4,379,400.0,0.00048116400000000614,0.03310007350000036,4.874439353468038e-6
4,380,400.0,0.00035135400000001205,0.024170227250000575,3.559397138186628e-6
4,381,400.0,0.0,0.0,0.0
4,382,400.0,0.00044135700000001027,0.030361683625000198,4.471173923503387e-6
4,383,400.0,0.0,0.0,0.0
4,384,400.0,0.0004491450000000119,0.03089743312500043,4.5500703781110144e-6
4,385,400.0,0.0,0.0,0.0
4,386,400.0,0.000131541,0.009048924624999937,1.332578137588281e-6
4,387,400.0,0.000574629,0.039529686624999595,5.821287983398437e-6
4,388,400.0,0.00018519600000000205,0.012739941499999985,1.8761309460077143e-6
4,389,400.0,0.0,0.0,0.0
4,390,400.0,0.00018087000000000002,0.012442348749999912,1.8323063360138085e-6
4,391,400.0,0.00026048700000000716,0.017919334875000217,2.6388675874895674e-6
4,392,400.0,0.00047424,0.032623759999999224,4.804295664240471e-6
4,393,400.0,0.00035827800000000354,0.02464654075000021,3.629540827413974e-6
4,394,400.0,0.0,0.0,0.0
4,395,400.0,0.00029596799999999997,0.020360131999999663,2.9983084074602187e-6
4,396,400.0,0.00042924000000000006,0.029528134999999844,4.348422467355385e-6
4,397,400.0,0.0001834650000000007,0.012620863125000043,1.8585950237008729e-6
4,398,400.0,0.00024317700000000414,0.016728551124999973,2.463508364421034e-6
4,399,400.0,0.00031673700000000004,0.021788866124999102,3.2087090835958744e-6
4,400,400.0,0.00027693,0.019050476249999688,2.8054436536313336e-6
4,401,400.0,0.0002994300000000068,0.02059828875000016,3.033380252073991e-6
4,402,400.0,0.00019125300000000234,0.013156612625000138,1.9374914783084817e-6
4,403,400.0,0.0003626040000000025,0.024944133500000146,3.67336543740786e-6
4,404,400.0,0.000610974,0.0420299197499992,6.189481568749308e-6
4,405,400.0,0.0005633790000000166,0.03875578037500098,5.707319684177347e-6
4,406,400.0,0.000347892,0.023932070499999326,3.5243252935727455e-6
4,407,400.0,0.000572898,0.03941060824999931,5.803752061091546e-6
4,408,400.0,0.000459528,0.03161169699999927,4.6552555204054846e-6
4,409,400.0,0.000166158,0.011430285749999974,1.6832661921788237e-6
4,410,400.0,0.000213756,0.014704631499999324,2.165458468297409e-6
4,411,400.0,0.00044568300000000227,0.03065927637500013,4.5149985334972715e-6
4,412,400.0,0.000412797,0.02839699362499956,4.1818464012135e-6
4,413,400.0,0.000538281,0.037029247124997874,5.453064006500797e-6
4,414,400.0,0.0,0.0,0.0
4,415,400.0,0.00040587300000000104,0.027920680125000066,4.111702711986175e-6
4,416,400.0,0.000546936,0.037624638999999876,5.540743618035341e-6
4,417,400.0,9.692400000000001e-5,0.006667563499999913,9.818900829977403e-7
4,418,400.0,0.00015923400000000115,0.010953972250000069,1.6131225029514382e-6
4,419,400.0,0.0,0.0,0.0
4,420,400.0,0.00023106300000000704,0.015895208875000212,2.3407872998195792e-6
4,421,400.0,0.0,0.0,0.0
4,422,400.0,0.000334911,0.02303908587499961,3.3928210720446426e-6
4,423,400.0,0.0005486670000000027,0.03774371737499975,5.558279540342172e-6
4,424,400.0,0.000290775,0.020002896874999593,2.945700640539659e-6
4,425,400.0,0.0005062620000000073,0.03482660675000043,5.128695031144141e-6
4,426,400.0,0.0,0.0,0.0
4,427,400.0,0.0005858790000000114,0.040303592875000675,5.935256282619891e-6
4,428,400.0,0.0006092430000000093,0.041910841375000556,6.171945646442658e-6
4,429,400.0,0.000349623,0.024051148874999605,3.541861215879636e-6
4,430,400.0,0.00044308800000000814,0.030480762000000484,4.4887098458102784e-6
4,431,400.0,0.000375585,0.025837118124999867,3.804869658935963e-6
4,432,400.0,0.00037818000000001267,0.02601563250000041,3.831158346623088e-6
4,433,400.0,0.00048376200000000005,0.033278794249999924,4.900758432701478e-6
4,434,400.0,0.0002353890000000025,0.01619280162500015,2.384611909813465e-6
4,435,400.0,0.0,0.0,0.0
4,436,400.0,0.00032366100000000633,0.02226517962500017,3.2788527728234306e-6
4,437,400.0,0.000572898,0.03941060824999931,5.803752061091546e-6
4,438,400.0,0.000577224,0.03970820099999925,5.847576671085432e-6
4,439,400.0,0.0002700060000000032,0.018574162749999984,2.7352999644039777e-6
4,440,400.0,0.000242313,0.016669115124999648,2.45475559904079e-6
4,441,400.0,0.00031154399999999997,0.02143163099999982,3.1561013166754307e-6
4,442,400.0,0.0001964460000000029,0.013513847750000169,1.9900992452290355e-6
4,443,400.0,0.0,0.0,0.0
4,444,400.0,0.00027433200000000213,0.01887175550000013,2.779124574397894e-6
4,445,400.0,0.0,0.0,0.0
4,446,400.0,0.000379047,0.02607527487499962,3.839941503549626e-6
4,447,400.0,0.0,0.0,0.0
4,448,400.0,0.000308085,0.02119368062499998,3.1210598636082135e-6
4,449,400.0,0.0003946230000000245,0.027146773875001032,3.997734412765023e-6
4,450,400.0,0.0,0.0,0.0
4,451,400.0,0.0,0.0,0.0
4,452,400.0,0.0,0.0,0.0
4,453,400.0,0.0006767460000000058,0.04655448525000035,6.855785833316852e-6
4,454,400.0,0.0,0.0,0.0
4,455,400.0,0.0,0.0,0.0
4,456,400.0,0.000675879,0.046494842874999436,6.847002676390063e-6
4,457,400.0,0.0005486670000000027,0.03774371737499989,5.5582795403421925e-6
4,458,400.0,0.0008723279999999999,0.0600088969999987,8.837132313165424e-6
4,459,400.0,0.00027173700000000003,0.018693241124999725,2.7528358867107895e-6
4,460,400.0,0.00048116400000000614,0.03310007350000036,4.874439353468038e-6
4,461,400.0,0.000746844,0.0513766434999998,7.565914707878039e-6
4,462,400.0,0.0007494390000000001,0.05155515787499945,7.592203395565035e-6
4,463,400.0,0.00058761,0.04042267124999904,5.9527922049265e-6
4,464,400.0,0.000822999,0.05661547287499946,8.337404114740005e-6
4,465,400.0,0.00042924000000000006,0.029528134999999848,4.348422467355386e-6
4,466,400.0,0.001348299,0.09275173537499984,1.3658963899713028e-5
4,467,400.0,0.0,0.0,0.0
4,468,400.0,0.000681939,0.046911720374999695,6.908393600237305e-6
4,469,400.0,0.0003703920000000041,0.025479883000000036,3.7522618920154383e-6
4,470,400.0,0.00023452500000000626,0.016133365625000198,2.3758591444332764e-6
4,471,400.0,0.000488952,0.03363582299999923,4.953335808075466e-6
4,472,400.0,0.0001774080000000039,0.012204192000000232,1.797234491400156e-6
4,473,400.0,0.0,0.0,0.0
4,474,400.0,0.00016962000000000227,0.011668442500000134,1.7183380367925472e-6
4,475,400.0,0.000314142,0.021610351749999382,3.1824203959088704e-6
4,476,400.0,0.0,0.0,0.0
4,477,400.0,0.00034529700000000005,0.023753556124999665,3.49803660588575e-6
4,478,400.0,0.000511455,0.03518384187499964,5.181302798064574e-6
4,479,400.0,0.000499338,0.034350293249999296,5.058551341916574e-6
4,480,400.0,0.000228468,0.01571669449999974,2.314498612132464e-6
4,481,400.0,0.00048289500000001095,0.033219151875000644,4.891975275774929e-6
4,482,400.0,0.00046299,0.03184985374999868,4.690327365019096e-6
4,483,400.0,0.0009969450000000268,0.06858150812500159,1.009956676152674e-5
4,484,400.0,0.000332316,0.022860571499999947,3.3665323843576474e-6
4,485,400.0,0.000391161000000001,0.026908617124999853,3.96266256815115e-6
4,486,400.0,0.000320199,0.022027022874999483,3.24378092820963e-6
4,487,400.0,0.0004950120000000001,0.0340527004999995,5.0147267319227095e-6
4,488,400.0,0.0004197210000000118,0.0288733071250007,4.251990090441067e-6
4,489,400.0,0.000315873,0.021729430124999664,3.199956318215762e-6
4,490,400.0,0.000225870000000003,0.01553797375000017,2.2881795328990232e-6
4,491,400.0,0.00044135700000000333,0.03036168362500019,4.471173923503385e-6
4,492,400.0,0.000170484,0.011727878499999915,1.72709080217271e-6
4,493,400.0,0.0,0.0,0.0
4,494,400.0,0.00047424,0.032623759999999224,4.804295664240471e-6
4,495,400.0,0.0,0.0,0.0
4,496,400.0,0.0004153950000000267,0.028575714375001577,4.208165480447301e-6
4,497,400.0,0.000237987,0.01637152237499971,2.4109309890469046e-6
4,498,400.0,0.000349623,0.024051148874999605,3.541861215879636e-6
4,499,400.0,0.00017827200000000015,0.01226362800000001,1.8059872567803188e-6
4,500,400.0,0.00040587300000000104,0.027920680125000066,4.111702711986175e-6
4,501,400.0,0.000308085,0.02119368062499998,3.1210598636082135e-6
4,502,400.0,0.00032366100000000286,0.022265179625000173,3.2788527728234315e-6
4,503,400.0,0.0004344330000000396,0.02988537012500097,4.401030234276101e-6
4,504,400.0,0.000379047,0.02607527487499948,3.8399415035496055e-6
4,505,400.0,0.0003963540000000001,0.027265852249999275,4.015270335071614e-6
4,506,400.0,0.000410202,0.028218479249999907,4.155557713526506e-6
4,507,400.0,0.000503664,0.03464788599999923,5.10237595191046e-6
4,508,400.0,0.000133272,0.00916800299999981,1.3501140598951123e-6
4,509,400.0,0.000170484,0.011727878499999915,1.72709080217271e-6
4,510,400.0,0.00014192700000000003,0.009763394875000001,1.4377936714293894e-6
4,511,400.0,0.00035481600000000004,0.02440838399999964,3.5944689828001907e-6
4,512,400.0,0.000195582,0.013454411749999846,1.981346479848793e-6
4,513,400.0,0.000268275,0.018455084374999903,2.717764042097116e-6
4,514,400.0,0.0003755850000000116,0.025837118125000683,3.804869658936083e-6
4,515,400.0,0.0003184680000000023,0.021907944500000137,3.2262450059028764e-6
4,516,400.0,0.00037818000000000573,0.02601563250000034,3.831158346623078e-6
4,517,400.0,0.000296832,0.02041956799999982,3.0070611728404373e-6
4,518,400.0,0.000189522,0.013037534249999856,1.9199555560015903e-6
4,519,400.0,0.00015577199999999999,0.01071581549999991,1.5780506583377153e-6
4,520,400.0,0.0004482780000000103,0.03083779075000056,4.54128722118438e-6
4,521,400.0,0.00036000900000000835,0.024765619125000155,3.6470767497208158e-6
4,522,400.0,0.00030462300000000733,0.020955523875000364,3.085988018994571e-6
4,523,400.0,0.000127215,0.008751331874999999,1.2887535275943951e-6
4,524,400.0,0.0002985630000000086,0.02053864637500037,3.024597095147368e-6
4,525,400.0,0.0002751990000000072,0.018931397875000356,2.787907731324582e-6
4,526,400.0,0.000228468,0.01571669449999974,2.314498612132464e-6
4,527,400.0,0.00022327500000000002,0.015359459374999704,2.2618908452119095e-6
4,528,400.0,0.0002163510000000035,0.014883145875000208,2.1917471559845845e-6
4,529,400.0,0.0006672270000000001,0.045899657374999556,6.7593534564022904e-6
4,530,400.0,0.0004145280000000008,0.02851607199999991,4.199382323520401e-6
4,531,400.0,0.0005131830000000004,0.03530271387500002,5.198808328825021e-6
4,532,400.0,0.0006239550000000094,0.04292290437500055,6.320985790277649e-6
4,533,400.0,0.00015663900000000008,0.010775457875000007,1.5868338152643843e-6
4,534,400.0,0.000225870000000003,0.01553797375000011,2.2881795328990148e-6
4,535,400.0,0.00031500600000000656,0.021669787750000388,3.1911731612892143e-6
4,536,400.0,0.00023712,0.016311879999999477,2.4021478321202157e-6
4,537,400.0,0.0002803920000000104,0.019288633000000315,2.8405154982451252e-6
4,538,400.0,0.000182601,0.012561427124999854,1.8498422583206497e-6
4,539,400.0,0.0,0.0,0.0
4,540,400.0,0.0003470280000000027,0.02387263450000009,3.515572528192662e-6
4,541,400.0,0.000490683,0.033754901374999514,4.970871730382357e-6
4,542,400.0,0.00047943300000000133,0.032980995125000086,4.8569034311611475e-6
4,543,400.0,0.000391161000000001,0.026908617125000058,3.96266256815118e-6
4,544,400.0,0.0004223160000000059,0.029051821500000352,4.278278778128061e-6
4,545,400.0,0.00037125900000001266,0.02553952537500041,3.7610450489421476e-6
4,546,400.0,0.000282987,0.01946714737499991,2.8668041859321107e-6
4,547,400.0,0.0004811640000000131,0.0331000735000007,4.8744393534680876e-6
4,548,400.0,0.00029250600000000005,0.02012197524999988,2.9632365628465507e-6
4,549,400.0,0.0007702080000000001,0.05298389199999926,7.802604071700744e-6
4,550,400.0,0.000372123000000002,0.02559896137500012,3.7697978143223005e-6
4,551,400.0,0.00023625600000000413,0.01625244400000024,2.3933950667401327e-6
4,552,400.0,0.00038856600000000685,0.026730102750000404,3.936373880464185e-6
4,553,400.0,0.00028471800000000325,0.01958622575000019,2.884340108239002e-6
4,554,400.0,0.000561648,0.038636701999999884,5.689783761870336e-6
4,555,400.0,0.00015663900000000008,0.010775457874999938,1.586833815264374e-6
4,556,400.0,0.00044135700000000333,0.03036168362500016,4.471173923503381e-6
4,557,400.0,0.00041625900000000216,0.02863515037500009,4.216918245827278e-6
4,558,400.0,0.000493281000000019,0.03393362212500085,4.997190809616058e-6
4,559,400.0,0.000279525,0.019228990624999956,2.8317323413184177e-6
4,560,400.0,0.00044654700000000005,0.030718712374999502,4.5237512988773745e-6
4,561,400.0,0.0003392370000000061,0.023336678625000364,3.4366456820386486e-6
4,562,400.0,0.00022067700000000245,0.015180738625000148,2.2355717659784706e-6
4,563,400.0,0.0003954900000000018,0.027206416249999973,4.006517569691522e-6
4,564,400.0,0.00019817700000000004,0.013632926124999637,2.007635167535807e-6
4,565,400.0,0.00019385099999999998,0.013335333374999562,1.963810557541901e-6
4,566,400.0,0.000565974,0.038934294749999813,5.7336083718642205e-6
4,567,400.0,0.0,0.0,0.0
4,568,400.0,0.0002388510000000052,0.016430958375000304,2.419683754427187e-6
4,569,400.0,0.0007182840000000273,0.04941195350000106,7.276587185588433e-6
4,570,400.0,0.0,0.0,0.0
4,571,400.0,0.0002154870000000038,0.014823709875000157,2.1829943906043816e-6
4,572,400.0,0.0006023220000000024,0.0414347342499996,6.101832348761576e-6
4,573,400.0,0.000136734,0.009406159749999967,1.385185904508835e-6
4,574,400.0,0.0001964460000000029,0.013513847750000033,1.9900992452290156e-6
4,575,400.0,0.0,0.0,0.0
4,576,400.0,0.0005633790000000027,0.03875578037500016,5.707319684177227e-6
4,577,400.0,0.00030462300000000386,0.020955523875000225,3.0859880189945506e-6
4,578,400.0,0.0003626040000000025,0.02494413350000015,3.67336543740786e-6
4,579,400.0,0.000372123000000002,0.02559896137500012,3.7697978143223005e-6
4,580,400.0,0.000334047000000004,0.022979649874999966,3.3840683066645002e-6
4,581,400.0,0.000327123,0.02250333637499937,3.313924617437013e-6
4,582,400.0,0.0,0.0,0.0
4,583,400.0,0.00030462300000000386,0.02095552387500023,3.085988018994551e-6
4,584,400.0,0.000520107,0.03577902737499952,5.268952018052347e-6
4,585,400.0,0.000673284,0.046316328499998956,6.820713988702947e-6
4,586,400.0,0.000599724,0.04125601349999976,6.075513269528095e-6
4,587,400.0,0.0005079930000000121,0.034945685125000715,5.146230953451032e-6
4,588,400.0,0.0003729900000000036,0.025658603750000213,3.7785809712489686e-6
4,589,400.0,0.00029943000000000504,0.020598288750000263,3.033380252074006e-6
4,590,400.0,0.0,0.0,0.0
4,591,400.0,0.00032366100000000286,0.022265179625000173,3.2788527728234315e-6
4,592,400.0,0.000340968,0.023455756999999827,3.45418160434542e-6
4,593,400.0,0.000233658,0.016073723249999866,2.3670759875065736e-6
4,594,400.0,0.0011492550000000157,0.07905916687500093,1.1642545575250673e-5
4,595,400.0,0.0002397180000000016,0.016490600749999994,2.428466911353796e-6
4,596,400.0,0.00031068000000000003,0.021372194999999698,3.147348551295217e-6
4,597,400.0,0.000187794,0.012918662249999886,1.902450025241204e-6
4,598,400.0,0.000190389,0.013097176624999813,1.9287387129282385e-6
4,599,400.0,0.00020596500000000934,0.01416867562500038,2.086531622143511e-6
4,600,400.0,0.0,0.0,0.0
4,601,400.0,0.00028558200000000644,0.019645661750000383,2.8930928736192257e-6
4,602,400.0,0.000228468,0.01571669449999974,2.314498612132464e-6
4,603,400.0,0.00021808199999999998,0.015002224249999672,2.2092830782913556e-6
4,604,400.0,0.0,0.0,0.0
4,605,400.0,0.000450876,0.03101651149999935,4.5676063004177055e-6
4,606,400.0,0.00024750600000000004,0.01702635024999968,2.507363365961344e-6
4,607,400.0,0.00041799000000000697,0.02875422875000041,4.234454168134175e-6
4,608,400.0,0.0,0.0,0.0
4,609,400.0,0.0,0.0,0.0
4,610,400.0,0.000234525,0.016133365624999823,2.3758591444332214e-6
4,611,400.0,0.000249237,0.017145428624999827,2.524899288268216e-6
4,612,400.0,0.00030029400000000997,0.020657724750000522,3.04213301745424e-6
4,613,400.0,0.000281256,0.01934806899999949,2.849268263625199e-6
4,614,400.0,0.0,0.0,0.0
4,615,400.0,0.00025010100000000604,0.017204864625000288,2.533652053648479e-6
4,616,400.0,0.00043616399999999995,0.030004448499999455,4.418566156582727e-6
4,617,400.0,0.00042924000000000006,0.029528134999999844,4.348422467355385e-6
4,618,400.0,0.00037645200000000005,0.02589676049999996,3.813652815862631e-6
4,619,400.0,0.000450876,0.03101651149999935,4.5676063004177055e-6
4,620,400.0,0.00048203099999999995,0.03315971587499964,4.883222510394587e-6
4,621,400.0,0.00031241099999999996,0.021491273374999918,3.1648844736020997e-6
4,622,400.0,0.000350487,0.024110584874999792,3.5506139812598593e-6
4,623,400.0,0.000269142,0.018514726750000002,2.726547199023785e-6
4,624,400.0,0.000277794,0.019109912249999875,2.8141964190115564e-6
4,625,400.0,0.0001696200000000092,0.011668442500000544,1.7183380367926073e-6
4,626,400.0,0.000213756,0.0147046314999996,2.16545846829745e-6
4,627,400.0,0.00018173400000000284,0.012501784750000166,1.8410591013940412e-6
4,628,400.0,0.00020250300000001012,0.013930518875000563,2.0514597775298384e-6
4,629,400.0,0.0,0.0,0.0
4,630,400.0,0.000471645,0.03244524562499958,4.778006976553478e-6
4,631,400.0,0.00027693,0.019050476249999688,2.8054436536313336e-6
4,632,400.0,0.0002700060000000032,0.01857416275000019,2.7352999644040078e-6
4,633,400.0,0.00018433200000000233,0.012680505500000138,1.8673781806275415e-6
4,634,400.0,0.000136734,0.009406159749999967,1.385185904508835e-6
4,635,400.0,0.0001159650000000026,0.007977425625000154,1.1747852283731239e-6
4,636,400.0,0.000138465,0.009525238124999844,1.4027218268156668e-6
4,637,400.0,0.00023192700000000677,0.0159546448750004,2.349540065199802e-6
4,638,400.0,9.4329e-5,0.006489049124999764,9.556013953106734e-7
4,639,400.0,0.00016269600000000002,0.011192128999999818,1.648194347565101e-6
4,640,400.0,0.0,0.0,0.0
4,641,400.0,0.000116829,0.008036861624999933,1.1835379937532868e-6
4,642,400.0,0.0,0.0,0.0
4,643,400.0,0.00020337000000000003,0.013990161249999671,2.0602429344563613e-6
4,644,400.0,0.00044568300000000227,0.03065927637500013,4.5149985334972715e-6
4,645,400.0,0.0001687530000000024,0.011608800125000117,1.70955487986589e-6
4,646,400.0,0.00035048700000001043,0.02411058487499993,3.5506139812598796e-6
4,647,400.0,0.00020163900000000345,0.013871082875000202,2.04270701214959e-6
4,648,400.0,0.0001445220000000011,0.009941909250000065,1.464082359116444e-6
4,649,400.0,0.000199908,0.013752004499999923,2.0251710898426993e-6
4,650,400.0,0.00014884800000000004,0.010239502000000003,1.5079069691103298e-6
4,651,400.0,0.000238851,0.016430958374999898,2.419683754427128e-6
4,652,400.0,0.000237987,0.01637152237499971,2.4109309890469046e-6
4,653,400.0,0.0002795250000000027,0.01922899062500016,2.8317323413184478e-6
4,654,400.0,0.00027260100000000003,0.018752677124999853,2.761588652091004e-6
4,655,400.0,0.000166158,0.011430285749999956,1.6832661921788212e-6
4,656,400.0,0.0,0.0,0.0
4,657,400.0,0.000172215,0.011846956874999993,1.7446267244795714e-6
4,658,400.0,0.0,0.0,0.0
4,659,400.0,0.0,0.0,0.0
4,660,400.0,0.000225006,0.01547853774999992,2.2794267675187915e-6
4,661,400.0,0.000167889,0.01154936412499992,1.7008021144856655e-6
4,662,400.0,0.0002604870000000037,0.017919334875000217,2.6388675874895674e-6
4,663,400.0,0.0001601010000000045,0.01101361462500023,1.6219056598781165e-6
4,664,400.0,0.00015231000000000272,0.010477658750000158,1.5429788137240524e-6
4,665,400.0,0.00027693,0.019050476249999584,2.805443653631318e-6
4,666,400.0,0.000302025,0.02077680312499985,3.0596689397609907e-6
4,667,400.0,0.0001739460000000012,0.01196603525000007,1.7621626467864327e-6
4,668,400.0,0.00038337299999999995,0.026372867624999553,3.883766113543511e-6
4,669,400.0,0.000188658,0.012978098249999664,1.9112027906213666e-6
4,670,400.0,0.00025443,0.01750266374999986,2.5775070551887704e-6
4,671,400.0,0.0002734680000000059,0.018812319500000348,2.770371809017731e-6
4,672,400.0,0.000374721,0.025777682124999268,3.796116893555679e-6
4,673,400.0,0.000244908000000002,0.016847629500000117,2.4810442867279045e-6
4,674,400.0,0.000205101,0.014109239624999784,2.0777788567632277e-6
4,675,400.0,0.0,0.0,0.0
4,676,400.0,0.000477702,0.032861916749999796,4.839367508854256e-6
4,677,400.0,0.000552993,0.03804131012499949,5.602104150336029e-6
4,678,400.0,0.0002353890000000025,0.01619280162500015,2.384611909813465e-6
4,679,400.0,0.00024317700000000067,0.016728551124999973,2.463508364421034e-6
4,680,400.0,0.0,0.0,0.0
4,681,400.0,0.000267411,0.018395648374999716,2.7090112767168927e-6
4,682,400.0,0.00040933500000001066,0.028158836875000634,4.146774556599959e-6
4,683,400.0,0.0002483700000000047,0.017085786250000005,2.5161161313415877e-6
4,684,400.0,0.000204234,0.01404959724999986,2.0689956998365846e-6
4,685,400.0,0.00026481300000000263,0.018216927625000157,2.6826921974834535e-6
4,686,400.0,0.00015577199999999999,0.01071581549999991,1.5780506583377153e-6
4,687,400.0,0.000160965,0.011073050624999942,1.6306584252582694e-6
4,688,400.0,8.913600000000355e-5,0.006131814000000124,9.029936283901769e-7
4,689,400.0,0.00016442700000000518,0.011311207375000305,1.6657302698720225e-6
4,690,400.0,0.0001228860000000026,0.008453532750000086,1.244898526054054e-6
4,691,400.0,0.00015577199999999999,0.010715815499999707,1.5780506583376855e-6
4,692,400.0,0.0003279870000000018,0.02256277237500011,3.322677382817317e-6
4,693,400.0,0.00017827200000000015,0.01226362800000001,1.8059872567803188e-6
4,694,400.0,0.0001453890000000027,0.01000155162500016,1.4728655160431125e-6
4,695,400.0,0.00017394600000000295,0.011966035250000139,1.7621626467864426e-6
4,696,400.0,0.00038337299999999995,0.026372867624999557,3.883766113543512e-6
4,697,400.0,0.000273468,0.018812319499999938,2.7703718090176707e-6
4,698,400.0,0.000276063,0.018990833874999592,2.7966604967046646e-6
4,699,400.0,0.0,0.0,0.0
4,700,400.0,0.00043097100000000005,0.02964721337499931,4.365958389662157e-6
4,701,400.0,0.00047424,0.0326237599999992,4.804295664240467e-6
4,702,400.0,0.000237987,0.01637152237499971,2.4109309890469046e-6
4,703,400.0,0.0007459770000000088,0.05131700112500051,7.557131550951491e-6
4,704,400.0,0.0,0.0,0.0
4,705,400.0,0.00017221500000000334,0.011846956875000198,1.7446267244796014e-6
4,706,400.0,0.00048376200000000005,0.033278794249999924,4.900758432701478e-6
4,707,400.0,0.000253563,0.017443021374999906,2.5687238982621225e-6
4,708,400.0,0.00027693,0.019050476249999688,2.8054436536313336e-6
4,709,400.0,0.00047250900000001157,0.032504681625000684,4.786759741933836e-6
4,710,400.0,0.0,0.0,0.0
4,711,400.0,0.0003184680000000023,0.021907944499999964,3.2262450059028514e-6
4,712,400.0,0.000572898,0.03941060824999931,5.803752061091546e-6
4,713,400.0,0.0006767460000000058,0.04655448525000035,6.855785833316852e-6
4,714,400.0,0.0,0.0,0.0
4,715,400.0,0.0,0.0,0.0
4,716,400.0,0.0,0.0,0.0
4,717,400.0,0.0006447270000000255,0.04435184487500082,6.531416857959888e-6
4,718,400.0,0.0,0.0,0.0
4,719,400.0,0.0,0.0,0.0
4,720,400.0,0.0,0.0,0.0
4,721,400.0,0.0005460690000000136,0.03756499662500063,5.531960461108797e-6
4,722,400.0,0.000348759000000011,0.023991712875000647,3.533108450499594e-6
4,723,400.0,0.00041972100000002566,0.028873307125000698,4.2519900904410665e-6
4,724,400.0,0.000268275,0.018455084374999903,2.717764042097116e-6
4,725,400.0,0.0002466390000000068,0.016966707875000403,2.4985802090347963e-6
4,726,400.0,0.0,0.0,0.0
4,727,400.0,0.00020510100000000267,0.014109239625000089,2.077778856763273e-6
4,728,400.0,0.0001635600000000001,0.011251565000000005,1.6569471129453241e-6
4,729,400.0,0.00038683500000000204,0.02661102437500012,3.918837958157294e-6
4,730,400.0,0.000175677,0.012085113624999947,1.7796985690932641e-6
4,731,400.0,0.0005045310000000025,0.03470752837500014,5.111159108837249e-6
4,732,400.0,7.615500000000136e-5,0.005238829375000079,7.714894068620262e-7
4,733,400.0,0.00022240799999999998,0.015299816999999612,2.2531076882852413e-6
4,734,400.0,0.00019904400000000003,0.013692568499999749,2.016418324462478e-6
4,735,400.0,0.0003634710000000041,0.02500377587500024,3.682148594334528e-6
4,736,400.0,0.000425778,0.02928997824999928,4.313350622741603e-6
4,737,400.0,0.0001549080000000022,0.010656379500000129,1.5692978929575525e-6
4,738,400.0,0.00015663900000000008,0.010775457875000007,1.5868338152643843e-6
4,739,400.0,0.00015577199999999999,0.01071581549999991,1.5780506583377153e-6
4,740,400.0,0.00029769900000000543,0.02047921037500032,3.0158443297671655e-6
4,741,400.0,0.000330585,0.02274149312499967,3.3489964620507565e-6
4,742,400.0,0.0,0.0,0.0
4,743,400.0,0.00012115800000000315,0.008334660750000188,1.2273929952936782e-6
4,744,400.0,0.00021115800000000295,0.014525910750000176,2.1391393890640306e-6
4,745,400.0,0.00016182900000000222,0.011132486625000063,1.6394111906384827e-6
4,746,400.0,0.00012981000000000104,0.00892984625000006,1.3150422152814496e-6
4,747,400.0,0.000711363,0.048935846374999564,7.206473887907273e-6
4,748,400.0,0.000330585,0.022741493124999602,3.348996462050747e-6
4,749,400.0,0.000213756,0.014704631499999872,2.16545846829749e-6
4,750,400.0,0.000213756,0.014704631499999872,2.16545846829749e-6
4,751,400.0,0.000102117,0.007024798624999928,1.034497849918292e-6
4,752,400.0,0.000228468,0.01571669449999974,2.314498612132464e-6
4,753,400.0,0.0,0.0,0.0
4,754,400.0,0.0001973130000000045,0.013573490125000266,1.998882402155704e-6
4,755,400.0,0.0002890440000000022,0.01988381850000013,2.928164718232888e-6
4,756,400.0,0.000290775,0.020002896874999596,2.9457006405396593e-6
4,757,400.0,0.000399816,0.027504008999999843,4.050342179685398e-6
4,758,400.0,0.0,0.0,0.0
4,759,400.0,0.0,0.0,0.0
4,760,400.0,0.0008991540000000131,0.061854302250000735,9.108893521602207e-6
4,761,400.0,0.00037125900000000003,0.025539525374999924,3.761045048942076e-6
4,762,400.0,0.0002172150000000067,0.014942581875000393,2.2004999213648073e-6
4,763,400.0,0.0003253920000000077,0.022384258000000178,3.2963886951302822e-6
4,764,400.0,0.000290775,0.020002896874999596,2.9457006405396593e-6
4,765,400.0,0.00033318000000000236,0.022920007500000138,3.3752851497378706e-6
4,766,400.0,0.00018433200000000233,0.01268050550000005,1.8673781806275285e-6
4,767,400.0,0.000281256,0.019348068999999628,2.8492682636252193e-6
4,768,400.0,0.000252699,0.017383585374999712,2.5599711328818985e-6
4,769,400.0,0.00019125300000000407,0.013156612625000157,1.937491478308484e-6
4,770,400.0,0.000291642,0.020062539249999692,2.954483797466328e-6
4,771,400.0,0.000351354,0.024170227249999208,3.559397138186427e-6
4,772,400.0,0.00017481300000000283,0.012025677625000168,1.7709458037131012e-6
4,773,400.0,0.000249237,0.017145428624999966,2.5248992882682364e-6
4,774,400.0,9.519300000000036e-5,0.006548485125000004,9.64354160690904e-7
4,775,400.0,0.000404142,0.02780160174999978,4.094166789679283e-6
4,776,400.0,0.00014798399999999998,0.010180065999999812,1.4991542037301064e-6
4,777,400.0,0.000287313,0.019764740124999843,2.910628795925996e-6
4,778,400.0,0.00016269600000000002,0.011192128999999818,1.648194347565101e-6
4,779,400.0,0.00023019600000000195,0.015835566500000117,2.3320041428929106e-6
4,780,400.0,0.00032539200000000003,0.02238425799999958,3.296388695130194e-6
