Segment,Zone,NSE_Price,Max_NSE_MW,Total_NSE_MWh,NSE_Percent_of_Demand
1,1,2000.0,5.499446440887374e-13,3.639066373265772e-9,5.334877212983294e-13
1,2,2000.0,5.794293707515007e-13,4.187797472605166e-9,6.139317895743879e-13
1,3,2000.0,5.792857390841943e-13,4.182141003751882e-9,6.131025503218966e-13
1,4,2000.0,5.567404294921858e-13,3.861671764457525e-9,5.661217077977393e-13
1,5,2000.0,5.608225996891828e-13,3.9225528684901315e-9,5.750468875358967e-13
1,6,2000.0,5.609410553599507e-13,3.805038451080474e-9,5.578192548595194e-13
1,7,2000.0,5.541116212436647e-13,3.826785002302777e-9,5.610073028003083e-13
1,8,2000.0,5.750913766965156e-13,4.132005908645097e-9,6.057527372373963e-13
1,9,2000.0,5.740708979141594e-13,4.120697805389618e-9,6.040949674637283e-13
1,10,2000.0,5.576850880255402e-13,3.886409489467833e-9,5.697482623016107e-13
1,11,2000.0,5.732007457940051e-13,4.097501144108229e-9,6.006943331527823e-13
1,12,2000.0,5.467521488118793e-13,3.7140572572186375e-9,5.444813970641986e-13
1,13,2000.0,5.421117948810863e-13,3.909990006382774e-9,5.732051699107728e-13
1,14,2000.0,5.392873780094336e-13,3.4930302290159387e-9,5.120787988353074e-13
1,15,2000.0,5.268489423756345e-13,3.676656107603864e-9,5.389983824567961e-13
1,16,2000.0,5.644822913745081e-13,3.96183540481819e-9,5.808057137410005e-13
1,17,2000.0,5.349905568867542e-13,3.790610806327378e-9,5.557041597956932e-13
1,18,2000.0,5.195014899142595e-13,3.3575754877418836e-9,4.922211117669345e-13
1,19,2000.0,5.354182955903038e-13,3.5449928800146946e-9,5.196965319103623e-13
1,20,2000.0,4.909699276231236e-13,3.234042989091986e-9,4.741112274034129e-13
1,21,2000.0,5.521646391914941e-13,3.469360993438791e-9,5.086088850558579e-13
1,22,2000.0,5.380401539402491e-13,3.3336926460168324e-9,4.887198832915131e-13
1,23,2000.0,5.185903781134464e-13,3.2795630026653533e-9,4.807844687856335e-13
1,24,2000.0,5.153727111834169e-13,3.244683076397007e-9,4.756710659302593e-13
1,25,2000.0,4.952997957773326e-13,3.222311818927275e-9,4.723914359521461e-13
1,26,2000.0,5.430898740940173e-13,3.3718000659274635e-9,4.943064372389853e-13
1,27,2000.0,5.181363816305824e-13,3.347532066519253e-9,4.90748744584664e-13
1,28,2000.0,5.298571245927471e-13,3.2917092556643543e-9,4.825651114478159e-13
1,29,2000.0,5.152469788794598e-13,3.244081914696217e-9,4.75582935527296e-13
1,30,2000.0,4.97092348706233e-13,3.212099917214656e-9,4.708943695026826e-13
1,31,2000.0,5.327804132329635e-13,3.292536822787411e-9,4.826864329224514e-13
1,32,2000.0,5.488895303358015e-13,3.4394116853331244e-9,5.042183116238557e-13
1,33,2000.0,5.289342570740428e-13,3.2815077071936815e-9,4.810695627853029e-13
1,34,2000.0,5.195952877273838e-13,3.244817956531586e-9,4.756908393798928e-13
1,35,2000.0,5.211272281229047e-13,3.2579628999790763e-9,4.776178902240091e-13
1,36,2000.0,4.919098116075141e-13,3.2349624384187846e-9,4.742460188240385e-13
1,37,2000.0,5.224743596294393e-13,3.259168133446434e-9,4.777945776460515e-13
1,38,2000.0,5.261115355453691e-13,3.4183690396974094e-9,5.011334563563736e-13
1,39,2000.0,4.999134960499929e-13,3.193734119256253e-9,4.682019405394095e-13
1,40,2000.0,5.13358081420638e-13,3.2397788664125755e-9,4.749521079501071e-13
1,41,2000.0,5.160986572246942e-13,3.2352880856639836e-9,4.742937587630692e-13
1,42,2000.0,5.039714609938248e-13,3.2035854139218574e-9,4.696461419372189e-13
1,43,2000.0,5.449214195523651e-13,3.4161620169451213e-9,5.008099064624718e-13
1,44,2000.0,5.35637783347327e-13,3.33682489907449e-9,4.891790720984378e-13
1,45,2000.0,5.248625930156804e-13,3.2752335848170787e-9,4.801497754259872e-13
1,46,2000.0,5.367085567783255e-13,3.348052997835328e-9,4.908251132001988e-13
1,47,2000.0,5.182054175897952e-13,3.276717215397242e-9,4.803672759099779e-13
1,48,2000.0,5.363347381812348e-13,3.339362926603969e-9,4.895511473464304e-13
1,49,2000.0,5.33768006507392e-13,3.514898470431651e-9,5.152846865782122e-13
1,50,2000.0,5.400675676148313e-13,3.6138832131402936e-9,5.297958659342363e-13
1,51,2000.0,5.475562666484707e-13,3.436964783532497e-9,5.038595954225114e-13
1,52,2000.0,5.261361482020513e-13,3.425149766677717e-9,5.021275120328641e-13
1,53,2000.0,5.443536644383373e-13,3.3999615028337566e-9,4.984349084628126e-13
1,54,2000.0,5.395465481103872e-13,3.3460311893220515e-9,4.905287157438146e-13
1,55,2000.0,5.348951279317879e-13,3.527870311637026e-9,5.17186360605523e-13
1,56,2000.0,5.501128890609706e-13,3.442434457537072e-9,5.046614505198469e-13
1,57,2000.0,5.289266969731631e-13,3.4454511534964865e-9,5.05103698637403e-13
1,58,2000.0,5.406586833540188e-13,3.5803499478967344e-9,5.248798838037909e-13
1,59,2000.0,5.222658547181748e-13,3.253802989579035e-9,4.770080466838014e-13
1,60,2000.0,5.589902867103592e-13,3.863204533929791e-9,5.663464120512923e-13
1,61,2000.0,5.068528645854843e-13,3.2371119912275288e-9,4.745611436148837e-13
1,62,2000.0,5.471246307924397e-13,3.737520089180073e-9,5.479210520400651e-13
1,63,2000.0,5.182054175897985e-13,3.27671721539724e-9,4.803672759099777e-13
1,64,2000.0,5.354327825115979e-13,3.3384077200973716e-9,4.894111139174394e-13
1,65,2000.0,5.028487105415749e-13,3.24918706154989e-9,4.763313508851106e-13
1,66,2000.0,5.616195944723691e-13,3.948759124294726e-9,5.788887288926972e-13
1,67,2000.0,5.545141611480139e-13,3.852408998690936e-9,5.647637848321016e-13
1,68,2000.0,5.310610266145448e-13,3.49055397152496e-9,5.117157790849903e-13
1,69,2000.0,5.528051715876138e-13,3.8209255137725135e-9,5.601483008302017e-13
1,70,2000.0,5.128334853788887e-13,3.2382589213557222e-9,4.747292837579361e-13
1,71,2000.0,5.240924690715092e-13,3.4101010392054646e-9,4.999213661415467e-13
1,72,2000.0,5.227491964306178e-13,3.3134726944481657e-9,4.857556351078643e-13
1,73,2000.0,5.09774268268879e-13,3.275854015422178e-9,4.802407306534515e-13
1,74,2000.0,5.750665264985579e-13,4.1309566881854514e-9,6.055989213476208e-13
1,75,2000.0,5.287051511553202e-13,3.370989922449029e-9,4.941876700734811e-13
1,76,2000.0,5.160463629060362e-13,3.2373115118641807e-9,4.745903933726187e-13
1,77,2000.0,5.485674390116577e-13,3.6911634205073047e-9,5.41125156884401e-13
1,78,2000.0,5.326502979953265e-13,3.3109216293097323e-9,4.853816485442818e-13
1,79,2000.0,4.939148946264387e-13,3.2284320907802e-9,4.732886687997057e-13
1,80,2000.0,5.119625975211518e-13,3.2771950373520857e-9,4.804373246861554e-13
1,81,2000.0,5.280168084810628e-13,3.4416370601562063e-9,5.045445519343162e-13
1,82,2000.0,5.780970419303794e-13,4.043560867999348e-9,5.927866799154205e-13
1,83,2000.0,5.592628740131002e-13,3.7810395181746365e-9,5.543010073981419e-13
1,84,2000.0,5.686989221814164e-13,3.910309323738458e-9,5.732519818869726e-13
1,85,2000.0,5.017459943001081e-13,3.197742538870295e-9,4.687895755057878e-13
1,86,2000.0,5.676275601963257e-13,3.8962955343551225e-9,5.711975580875625e-13
1,87,2000.0,5.645716502160073e-13,3.855365281664526e-9,5.651971763961246e-13
1,88,2000.0,5.379092088797391e-13,3.4758331026418024e-9,5.095576973160778e-13
1,89,2000.0,5.86741548902686e-13,4.1707189727085955e-9,6.114280787160343e-13
1,90,2000.0,5.527960108767973e-13,3.683952791116758e-9,5.400680774447542e-13
1,91,2000.0,5.510008538768809e-13,3.6554874140670746e-9,5.358950485465467e-13
1,92,2000.0,5.450961303412114e-13,3.5689791224485183e-9,5.232129189464817e-13
1,93,2000.0,5.889963811465509e-13,4.2159716600518926e-9,6.180621300295134e-13
1,94,2000.0,5.299601329344028e-13,3.3842538399997985e-9,4.961321625404592e-13
1,95,2000.0,4.870812803081673e-13,3.1990559404264927e-9,4.689821203872204e-13
1,96,2000.0,5.301432218249753e-13,3.233507387150006e-9,4.740327080717379e-13
1,97,2000.0,5.156341018855633e-13,3.2784302149870406e-9,4.806184019280304e-13
1,98,2000.0,5.289540889621447e-13,3.2387630138325537e-9,4.748031837969033e-13
1,99,2000.0,4.902839899065811e-13,3.198346543304108e-9,4.688781226538741e-13
1,100,2000.0,5.443127988112871e-13,3.5870754907772586e-9,5.258658494822912e-13
1,101,2000.0,5.495834852672729e-13,3.332330013879812e-9,4.885201211989372e-13
1,102,2000.0,5.293586351353836e-13,3.4000424442563508e-9,4.984467744885096e-13
1,103,2000.0,5.36210734450178e-13,3.4798205308510693e-9,5.101422549391073e-13
1,104,2000.0,5.418873878798713e-13,3.5544639926752373e-9,5.210849985644887e-13
1,105,2000.0,5.496104536496957e-13,3.3328314203340748e-9,4.885936274665594e-13
1,106,2000.0,5.336253305836066e-13,3.2429556894013634e-9,4.754178307161735e-13
1,107,2000.0,5.48800138897053e-13,3.2650662782502216e-9,4.786592466321343e-13
1,108,2000.0,5.184945089614715e-13,3.2788499400505224e-9,4.806799336904993e-13
1,109,2000.0,5.26099123511994e-13,3.3755176933394445e-9,4.948514420213175e-13
1,110,2000.0,5.527537432910925e-13,3.279139228817501e-9,4.807223434707183e-13
1,111,2000.0,5.323793572101511e-13,3.4363702854135404e-9,5.03772441901727e-13
1,112,2000.0,5.362021002634123e-13,3.4915769028697653e-9,5.118657409862609e-13
1,113,2000.0,5.483180338427884e-13,3.651921489893127e-9,5.353722834835466e-13
1,114,2000.0,5.24490278784668e-13,3.354162035156638e-9,4.917206990635991e-13
1,115,2000.0,5.24810986808022e-13,3.3589876707117533e-9,4.924281380196532e-13
1,116,2000.0,5.25250259397549e-13,3.3600571528308954e-9,4.925849242720013e-13
1,117,2000.0,5.388997617754511e-13,3.519260002155236e-9,5.159240878371945e-13
1,118,2000.0,5.27009481133719e-13,3.376821050540443e-9,4.950425143986466e-13
1,119,2000.0,5.210067690265546e-13,3.3237235524200505e-9,4.872584125512628e-13
1,120,2000.0,5.275954862294689e-13,3.38929686556827e-9,4.968714709077751e-13
1,121,2000.0,5.386675622636218e-13,3.5155433580138274e-9,5.153792272024879e-13
1,122,2000.0,5.285933750708437e-13,3.3964917198885977e-9,4.97926237719566e-13
1,123,2000.0,5.264072357353083e-13,3.3770606506916766e-9,4.950776398197281e-13
1,124,2000.0,5.280709663767447e-13,3.396736037811155e-9,4.979620547666897e-13
1,125,2000.0,5.398086385939774e-13,3.5398435519586867e-9,5.189416395811102e-13
1,126,2000.0,5.305521659255573e-13,3.424978152348859e-9,5.021023533443836e-13
1,127,2000.0,5.493658571371386e-13,3.6833779799550806e-9,5.39983810035104e-13
1,128,2000.0,5.442451523025399e-13,3.5905176515714457e-9,5.263704708137197e-13
1,129,2000.0,5.395047081296027e-13,3.5273340174621857e-9,5.171077397923982e-13
1,130,2000.0,5.316405585767893e-13,3.431567887583221e-9,5.030684095999017e-13
1,131,2000.0,5.368393290860452e-13,3.494872159641857e-9,5.123488261641931e-13
1,132,2000.0,5.298302026216578e-13,3.4163447338610462e-9,5.008366927920193e-13
1,133,2000.0,5.420031157483509e-13,3.3385593136218253e-9,4.894333375527428e-13
1,134,2000.0,5.394542472911084e-13,3.5333825344958693e-9,5.179944533718041e-13
1,135,2000.0,5.524588782622961e-13,3.732834376559631e-9,5.472341258089572e-13
1,136,2000.0,5.277300139293453e-13,3.3926129213988506e-9,4.973576052310594e-13
1,137,2000.0,4.929079609144557e-13,3.182720990181102e-9,4.665874140284808e-13
1,138,2000.0,5.215626082668664e-13,3.169770956391998e-9,4.646889369719369e-13
1,139,2000.0,5.886311933709386e-13,3.552631630901776e-9,5.208163740309272e-13
1,140,2000.0,5.069341865730469e-13,3.2214514399900615e-9,4.722653042602268e-13
1,141,2000.0,5.483648220040191e-13,3.247739774701903e-9,4.761191783981591e-13
1,142,2000.0,5.524842047054041e-13,3.348130848714797e-9,4.908365261517718e-13
1,143,2000.0,5.619480140821805e-13,3.4027841437416617e-9,4.98848708078303e-13
1,144,2000.0,5.474694053921129e-13,3.2800303125406524e-9,4.808529764892426e-13
1,145,2000.0,5.512989230067242e-13,3.3210257882658495e-9,4.868629198881451e-13
1,146,2000.0,5.455599602899862e-13,3.2775898757895352e-9,4.804952080652065e-13
1,147,2000.0,5.149048068256045e-13,3.211573607661381e-9,4.708172124367007e-13
1,148,2000.0,5.127447294979178e-13,3.2203672771359057e-9,4.721063658097415e-13
1,149,2000.0,5.511181054690822e-13,3.266864789326874e-9,4.789229086480464e-13
1,150,2000.0,5.785666824750213e-13,3.4634355117562697e-9,5.077402084789132e-13
1,151,2000.0,5.511572784922215e-13,3.2462980939840127e-9,4.759078277707901e-13
1,152,2000.0,5.279907316049173e-13,3.3636088149780168e-9,4.931055985195527e-13
1,153,2000.0,4.938283392619932e-13,3.1837824924333636e-9,4.667430304310483e-13
1,154,2000.0,5.598587310951491e-13,3.32752042352782e-9,4.878150344722666e-13
1,155,2000.0,5.537545841655141e-13,3.362424141347731e-9,4.92931925172964e-13
1,156,2000.0,5.372163044824056e-13,3.2487713000900615e-9,4.76270400187581e-13
1,157,2000.0,5.807816566189022e-13,3.4895550613684707e-9,5.115693386938278e-13
1,158,2000.0,5.382119554051623e-13,3.247667293284446e-9,4.76108552610589e-13
1,159,2000.0,5.161425195833698e-13,3.2276680652223274e-9,4.731766625288453e-13
1,160,2000.0,5.592302796149263e-13,3.374999229994307e-9,4.947754352107229e-13
1,161,2000.0,5.608432644282947e-13,3.3787931267993315e-9,4.953316210984612e-13
1,162,2000.0,5.510145824668099e-13,3.33660839864031e-9,4.891473330996278e-13
1,163,2000.0,5.453275874170754e-13,3.2846951405363186e-9,4.815368410309666e-13
1,164,2000.0,5.428918722082802e-13,3.281597073290416e-9,4.810826638695971e-13
1,165,2000.0,5.465242986622527e-13,3.3003389612825093e-9,4.838302276928854e-13
1,166,2000.0,5.455574690251994e-13,3.300324740331163e-9,4.838281428991086e-13
1,167,2000.0,5.257442918673535e-13,3.2370654609885974e-9,4.745543222742999e-13
1,168,2000.0,5.483537623278397e-13,3.310010045529738e-9,4.852480102140951e-13
1,169,2000.0,5.583410869357627e-13,3.808538119477587e-9,5.583323068148757e-13
1,170,2000.0,5.487207508878044e-13,3.656940684246644e-9,5.361080981908799e-13
1,171,2000.0,5.44295598777925e-13,3.58521702635665e-9,5.255933982964189e-13
1,172,2000.0,5.530686827339374e-13,3.2698315621853144e-9,4.793578380308922e-13
1,173,2000.0,5.365243651461236e-13,3.47593880520549e-9,5.095731933290803e-13
1,174,2000.0,5.347511901901935e-13,3.4378771220761838e-9,5.03993344401178e-13
1,175,2000.0,5.298376394864104e-13,3.3996062785198968e-9,4.98382832520713e-13
1,176,2000.0,5.144037036007584e-13,3.26907312620857e-9,4.792466511935329e-13
1,177,2000.0,5.558376617547556e-13,3.77660955365752e-9,5.536515738805146e-13
1,178,2000.0,5.220292158102733e-13,3.3191306584407773e-9,4.86585093548024e-13
1,179,2000.0,5.568859270193875e-13,3.3186114238533846e-9,4.865089736731895e-13
1,180,2000.0,5.663907610244015e-13,3.3620832461518882e-9,4.928819498818926e-13
1,181,2000.0,5.643134443929881e-13,3.351255429718094e-9,4.912945902342813e-13
1,182,2000.0,5.420641741930132e-13,3.5336037662071667e-9,5.180268859766078e-13
1,183,2000.0,5.755258762335841e-13,3.446616892956929e-9,5.052745962316177e-13
1,184,2000.0,5.498194906640938e-13,3.2529784143903775e-9,4.768871638272348e-13
1,185,2000.0,5.379336756702191e-13,3.482217205259518e-9,5.104936077966012e-13
1,186,2000.0,5.571474881351318e-13,3.29173989089815e-9,4.825696025780655e-13
1,187,2000.0,5.349891303785487e-13,3.2212655480156973e-9,4.722380524665964e-13
1,188,2000.0,5.88905376257625e-13,4.2140702692705486e-9,6.17783385832186e-13
1,189,2000.0,5.875657798991994e-13,4.186926405881044e-9,6.138040910511721e-13
1,190,2000.0,5.932090520971685e-13,4.538563066056111e-9,6.653540825379722e-13
1,191,2000.0,5.746811879104213e-13,3.993635270123386e-9,5.854675791589807e-13
1,192,2000.0,5.348122736400314e-13,3.4385897216092147e-9,5.040978116084451e-13
1,193,2000.0,5.256886286835907e-13,3.3406838951473293e-9,4.897448015494098e-13
1,194,2000.0,5.154901091945466e-13,3.2578126054041392e-9,4.775958570149158e-13
1,195,2000.0,5.54110872306118e-13,3.7046289006013615e-9,5.430991984529585e-13
1,196,2000.0,4.931387696804449e-13,3.1829748735401976e-9,4.666246333701544e-13
1,197,2000.0,5.041388248238045e-13,3.1810803282677336e-9,4.663468927255406e-13
1,198,2000.0,5.390154667219642e-13,3.4896123573079346e-9,5.11577738287858e-13
1,199,2000.0,5.572347425174186e-13,3.75165037496242e-9,5.49992554230489e-13
1,200,2000.0,5.639899287936582e-13,3.847501611202074e-9,5.640443610292838e-13
1,201,2000.0,5.370578771496721e-13,3.4653931496502655e-9,5.080271985120897e-13
1,202,2000.0,4.994991553549782e-13,3.192893111273099e-9,4.680786486325009e-13
1,203,2000.0,5.658641059604936e-13,3.872441297756383e-9,5.677005231283039e-13
1,204,2000.0,5.582164757072406e-13,3.765958012604682e-9,5.520900562323783e-13
1,205,2000.0,5.641170082641233e-13,3.849226834732748e-9,5.642972790790537e-13
1,206,2000.0,5.525949740205279e-13,3.6807449482089726e-9,5.395978071535252e-13
1,207,2000.0,5.593489607323419e-13,3.7822717530690975e-9,5.544816532337826e-13
1,208,2000.0,5.705060691431476e-13,3.934504222606267e-9,5.767989579901997e-13
1,209,2000.0,5.269679595595548e-13,3.3532495662831807e-9,4.915869309785671e-13
1,210,2000.0,5.54110872306118e-13,3.7046289006013627e-9,5.430991984529587e-13
1,211,2000.0,5.184601623341837e-13,3.3077496484024853e-9,4.849166356281556e-13
1,212,2000.0,5.429708194866963e-13,3.5680995075986812e-9,5.230839672666478e-13
1,213,2000.0,5.237076580856386e-13,3.341094488085938e-9,4.898049945408893e-13
1,214,2000.0,5.125771978250496e-13,3.253695326123787e-9,4.769922632037777e-13
1,215,2000.0,5.210046759105491e-13,3.3256202970080964e-9,4.875364756158981e-13
1,216,2000.0,5.167135253131692e-13,3.287251802613769e-9,4.81911648106718e-13
1,217,2000.0,5.294768391512941e-13,3.379097861383611e-9,4.953762952380049e-13
1,218,2000.0,4.970343522146408e-13,3.217220095135928e-9,4.716449884174484e-13
1,219,2000.0,5.092588176916375e-13,3.2548576291101456e-9,4.771626570103338e-13
1,220,2000.0,5.316828626915396e-13,3.436862054503569e-9,5.038445353301875e-13
1,221,2000.0,5.024143652932683e-13,3.3930328364336208e-9,4.974191648433501e-13
1,222,2000.0,4.998008776055903e-13,3.3744226173621046e-9,4.946909037052012e-13
1,223,2000.0,5.623530509179852e-13,3.820353816087368e-9,5.600644898567167e-13
1,224,2000.0,5.799339159175821e-13,4.068557151110866e-9,5.964511390789186e-13
1,225,2000.0,5.58839733745413e-13,3.753422394866084e-9,5.50252332636139e-13
1,226,2000.0,5.402932940956076e-13,3.525651953645523e-9,5.168611489637115e-13
1,227,2000.0,5.232958537321562e-13,3.3324683691904517e-9,4.885404041099455e-13
1,228,2000.0,5.601166291030722e-13,3.808771525272039e-9,5.583665241422472e-13
1,229,2000.0,5.575407921619319e-13,3.736789333307034e-9,5.478139231104042e-13
1,230,2000.0,5.660583644643762e-13,3.8714978117125626e-9,5.675622079210594e-13
1,231,2000.0,5.532962116389647e-13,3.6863416263072655e-9,5.40418281071625e-13
1,232,2000.0,5.554984915284251e-13,3.7550790058379685e-9,5.504951920736478e-13
1,233,2000.0,5.393833943166537e-13,3.4743714756830067e-9,5.09343422566553e-13
1,234,2000.0,5.786492238247744e-13,4.088333480099993e-9,5.993503521203634e-13
1,235,2000.0,5.455920827293823e-13,3.585947576543512e-9,5.257004970724529e-13
1,236,2000.0,5.401410785344591e-13,3.5261812350350614e-9,5.169387417013721e-13
1,237,2000.0,5.131331643799397e-13,3.2478679538428272e-9,4.761379694810346e-13
1,238,2000.0,5.640294936557821e-13,3.885399564547848e-9,5.696002071443308e-13
1,239,2000.0,5.118679434824201e-13,3.235761860631708e-9,4.743632142502777e-13
1,240,2000.0,5.393776254161857e-13,3.5088609442699744e-9,5.143995842624275e-13
1,241,2000.0,5.154683485114286e-13,3.2645341771568716e-9,4.785812405254371e-13
1,242,2000.0,5.416442290731025e-13,3.519778384641532e-9,5.160000827938697e-13
1,243,2000.0,5.335619642512265e-13,3.4424341572657235e-9,5.046614065000185e-13
1,244,2000.0,5.789512744920554e-13,4.055759213168994e-9,5.945749592982791e-13
1,245,2000.0,5.673392687132665e-13,3.892460133366019e-9,5.706352876796979e-13
1,246,2000.0,5.803459958660281e-13,4.075626995003854e-9,5.9748757934176e-13
1,247,2000.0,5.852149577292081e-13,4.147517425854748e-9,6.080267281793725e-13
1,248,2000.0,5.660536532874574e-13,3.874981316136063e-9,5.680728902352592e-13
1,249,2000.0,5.766191393134642e-13,4.022217009102387e-9,5.896576667349232e-13
1,250,2000.0,5.784314560936946e-13,4.0483315295082265e-9,5.934860596673685e-13
1,251,2000.0,5.772729871539357e-13,4.031696611544594e-9,5.910473779924206e-13
1,252,2000.0,5.915484307608858e-13,4.272943896770033e-9,6.264142691845774e-13
1,253,2000.0,5.059295380376543e-13,3.2093787729784466e-9,4.704954493157455e-13
1,254,2000.0,5.150195432544626e-13,3.28492949991963e-9,4.815711981546197e-13
1,255,2000.0,5.210379637669236e-13,3.326330405028348e-9,4.876405775669872e-13
1,256,2000.0,5.257239125475129e-13,3.3598680213321754e-9,4.925571975635744e-13
1,257,2000.0,5.075513817165767e-13,3.241564175452796e-9,4.752138345453343e-13
1,258,2000.0,5.246051857038385e-13,3.245002364688258e-9,4.757178736456085e-13
1,259,2000.0,5.159732989518238e-13,3.2434560316264606e-9,4.754911809676274e-13
1,260,2000.0,4.985573077504682e-13,3.2256397974271266e-9,4.728793181406819e-13
1,261,2000.0,5.164641059941752e-13,3.241984036114784e-9,4.752753861865663e-13
1,262,2000.0,5.277266196525624e-13,3.3807398910631407e-9,4.956170170556865e-13
1,263,2000.0,4.980243314904622e-13,3.1900941918555745e-9,4.676683265913525e-13
1,264,2000.0,5.862307902540353e-13,4.162844400882698e-9,6.102736652075421e-13
1,265,2000.0,5.575942913158216e-13,3.7569105725019065e-9,5.50763700044024e-13
1,266,2000.0,5.891221453398295e-13,4.218615898373472e-9,6.184497757968763e-13
1,267,2000.0,5.852232974936913e-13,4.147642698004919e-9,6.080450930969315e-13
1,268,2000.0,5.915142060211832e-13,4.2721291485386936e-9,6.262948269615495e-13
1,269,2000.0,5.567809828731856e-13,3.744975183701956e-9,5.490139701076666e-13
1,270,2000.0,5.720438477080601e-13,3.95639655871907e-9,5.800083780196111e-13
1,271,2000.0,4.9628877297978e-13,3.2151931292179367e-9,4.713478348846953e-13
1,272,2000.0,5.140426906748868e-13,3.2603822130092326e-9,4.779725619071219e-13
1,273,2000.0,5.225831285987601e-13,3.3255147341859076e-9,4.87521000089022e-13
1,274,2000.0,5.006436027666524e-13,3.207199774749833e-9,4.701760078215656e-13
1,275,2000.0,5.076843770668015e-13,3.195195023971941e-9,4.684161094079776e-13
1,276,2000.0,5.047250277320285e-13,3.2099705241031497e-9,4.705822001267262e-13
1,277,2000.0,5.056467480815639e-13,3.189018792704086e-9,4.675106729011016e-13
1,278,2000.0,5.034227160720222e-13,3.20679385737918e-9,4.701165002691076e-13
1,279,2000.0,5.017164734876759e-13,3.381042728127724e-9,4.956614130185346e-13
1,280,2000.0,5.288121599372742e-13,3.2143748681375693e-9,4.712278776774294e-13
1,281,2000.0,5.180113703810527e-13,3.2179531626766527e-9,4.717524562379674e-13
1,282,2000.0,5.458632105322618e-13,3.242170083567202e-9,4.753026607733045e-13
1,283,2000.0,5.275201523517458e-13,3.3750336059283087e-9,4.947804747282301e-13
1,284,2000.0,4.954058969061513e-13,3.1858687176199296e-9,4.670488713821979e-13
1,285,2000.0,5.324299516762354e-13,3.4153677336095267e-9,5.006934643964835e-13
1,286,2000.0,5.436388721663539e-13,3.5570237688384815e-9,5.214602621657232e-13
1,287,2000.0,5.334006134211626e-13,3.2425728661477517e-9,4.753617087650243e-13
1,288,2000.0,5.468215854537652e-13,3.2770369451658117e-9,4.804141483459737e-13
1,289,2000.0,5.537793949537473e-13,3.7191591238431903e-9,5.452293315398917e-13
1,290,2000.0,5.471741261775598e-13,3.2748432150710587e-9,4.800925471578253e-13
1,291,2000.0,5.388848001462023e-13,3.965064702560694e-9,5.812791293144834e-13
1,292,2000.0,5.340206985710857e-13,3.443781856767224e-9,5.048589794658024e-13
1,293,2000.0,5.498829729171933e-13,3.6533486692088477e-9,5.355815082030024e-13
1,294,2000.0,5.372658527402997e-13,3.4919171033563515e-9,5.119156144328424e-13
1,295,2000.0,5.244011617498804e-13,3.346806811586637e-9,4.906424220937625e-13
1,296,2000.0,5.41941423900694e-13,3.5621277389390357e-9,5.222085050113396e-13
1,297,2000.0,5.186138566047817e-13,3.2433671471809644e-9,4.75478150493483e-13
1,298,2000.0,5.203912455818117e-13,3.3173602616057968e-9,4.863255530845067e-13
1,299,2000.0,5.51815231859031e-13,3.6682458500391152e-9,5.377654373319939e-13
1,300,2000.0,5.36936424137532e-13,3.4929114861268657e-9,5.120613911084857e-13
1,301,2000.0,5.674809721172708e-13,3.363706215028536e-9,4.931198773827763e-13
1,302,2000.0,5.373389200932325e-13,3.4967795765526915e-9,5.126284537930824e-13
1,303,2000.0,5.405609989874207e-13,3.5562499234217125e-9,5.213468163019538e-13
1,304,2000.0,5.359678631254396e-13,3.4739698761308528e-9,5.092845480069881e-13
1,305,2000.0,5.392219110341908e-13,3.4953763807622874e-9,5.124227450623328e-13
1,306,2000.0,5.307507727670889e-13,3.415732817762868e-9,5.007469857926523e-13
1,307,2000.0,5.50763028762377e-13,3.6981324317451106e-9,5.421468150636178e-13
1,308,2000.0,5.829380974817965e-13,3.4755306441433004e-9,5.095133568510787e-13
1,309,2000.0,5.354925101837513e-13,3.47402531210056e-9,5.092926749291499e-13
1,310,2000.0,5.35622050382416e-13,3.2548141291419406e-9,4.771562799079306e-13
1,311,2000.0,5.085079578121876e-13,3.114147762673939e-9,4.565345677397669e-13
1,312,2000.0,5.29155192060133e-13,3.1410037300156454e-9,4.604716569134199e-13
1,313,2000.0,5.446395085967767e-13,3.2465574142680417e-9,4.759458441665419e-13
1,314,2000.0,5.350779381128615e-13,3.21843832122442e-9,4.718235805598589e-13
1,315,2000.0,5.28225891451551e-13,3.3213871527066075e-9,4.869158959738451e-13
1,316,2000.0,5.182155408793717e-13,3.0184289022559804e-9,4.425021672579304e-13
1,317,2000.0,5.307872719307755e-13,3.1812114606355976e-9,4.663661167519651e-13
1,318,2000.0,5.264004700171602e-13,3.1846288011516807e-9,4.668670994265925e-13
1,319,2000.0,5.398254022659788e-13,3.4998289910599357e-9,5.130754984550636e-13
1,320,2000.0,5.457672358375387e-13,3.338459021902401e-9,4.894186347703881e-13
1,321,2000.0,5.331835752843308e-13,3.079708669286169e-9,4.514857910562755e-13
1,322,2000.0,5.142148777399074e-13,3.2496317730896047e-9,4.763965456690532e-13
1,323,2000.0,5.367697594220591e-13,3.4618945423033397e-9,5.075143021068631e-13
1,324,2000.0,5.36711778703638e-13,3.4611939176828485e-9,5.07411590423719e-13
1,325,2000.0,5.447604722186776e-13,3.1623659222999994e-9,4.636033577714862e-13
1,326,2000.0,5.365893387134431e-13,3.1252903286645096e-9,4.581680697235164e-13
1,327,2000.0,5.401219851144469e-13,3.2330581816054357e-9,4.739668544659537e-13
1,328,2000.0,5.319944758311346e-13,3.293515609130452e-9,4.828299231592943e-13
1,329,2000.0,5.436633804499324e-13,3.437204711753447e-9,5.038947689386666e-13
1,330,2000.0,5.12711266637799e-13,3.0541594638172634e-9,4.4774027338539083e-13
1,331,2000.0,5.332916859823201e-13,3.3078157818801795e-9,4.849263308067255e-13
1,332,2000.0,5.19721369529929e-13,3.288144999058892e-9,4.820425908506266e-13
1,333,2000.0,5.749242486756727e-13,3.9774840531105575e-9,5.830998081219727e-13
1,334,2000.0,5.326837740329962e-13,3.402663493634395e-9,4.988310207529844e-13
1,335,2000.0,5.601444240162765e-13,3.793606856201417e-9,5.561433811937801e-13
1,336,2000.0,5.389097823913568e-13,3.5017082503909195e-9,5.13350998178174e-13
1,337,2000.0,5.353147378261668e-13,3.4448554877597364e-9,5.050163739436603e-13
1,338,2000.0,5.37115296975945e-13,3.4660915907463512e-9,5.081295900902014e-13
1,339,2000.0,5.444649015177774e-13,3.5251317927201703e-9,5.167848932875816e-13
1,340,2000.0,5.410292085111991e-13,3.530454902265885e-9,5.175652620114463e-13
1,341,2000.0,5.518769368713093e-13,3.6751789282446108e-9,5.387818277228385e-13
1,342,2000.0,5.18971423388179e-13,3.2824160484550143e-9,4.812027257617272e-13
1,343,2000.0,5.313491581373461e-13,3.403642787616075e-9,4.989745854097341e-13
1,344,2000.0,5.426034422395475e-13,3.5524314930908763e-9,5.207870337953473e-13
1,345,2000.0,5.306647168461757e-13,3.38949509965834e-9,4.969005320575723e-13
1,346,2000.0,5.420501258451514e-13,3.5345504274619373e-9,5.181656666702933e-13
1,347,2000.0,5.528637324627349e-13,3.6991487943103875e-9,5.422958139807428e-13
1,348,2000.0,5.487065219314374e-13,3.319933023749163e-9,4.867027204325359e-13
1,349,2000.0,5.591493502019073e-13,3.813915111311095e-9,5.591205746908815e-13
1,350,2000.0,5.192789520837011e-13,3.231710638250319e-9,4.737693043912551e-13
1,351,2000.0,5.241818388559438e-13,3.241628388311371e-9,4.752232481608294e-13
1,352,2000.0,5.308423903071222e-13,3.3937979330492087e-9,4.975313281314456e-13
1,353,2000.0,5.171358272505165e-13,3.224177191532278e-9,4.726648998789727e-13
1,354,2000.0,5.443936970890533e-13,3.55952466140054e-9,5.218268934214612e-13
1,355,2000.0,5.52829399408846e-13,3.684485119297795e-9,5.401461168425433e-13
1,356,2000.0,5.151607889687307e-13,3.22567897852251e-9,4.72885062095628e-13
1,357,2000.0,5.032420413087363e-13,3.2015793369209645e-9,4.693520507231048e-13
1,358,2000.0,5.224439719137906e-13,3.307669462477959e-9,4.849048803585981e-13
1,359,2000.0,5.230256294511553e-13,3.2372555994591445e-9,4.745821966049603e-13
1,360,2000.0,5.410387162565329e-13,3.3450562505114e-9,4.903857895558448e-13
1,361,2000.0,5.368588789191647e-13,3.4595353957101946e-9,5.07168450833187e-13
1,362,2000.0,5.339729380287785e-13,3.4113207744091486e-9,5.001001795204894e-13
1,363,2000.0,5.488651797579484e-13,3.599280412706934e-9,5.276550930192382e-13
1,364,2000.0,5.32352137584361e-13,3.2564125673317614e-9,4.773906112061416e-13
1,365,2000.0,5.429972738344488e-13,3.540933174299889e-9,5.191013783932832e-13
1,366,2000.0,5.283582483369964e-13,3.3644075480273265e-9,4.932226929142942e-13
1,367,2000.0,5.293740864233854e-13,3.3630003653638147e-9,4.930163997072995e-13
1,368,2000.0,4.89364903526232e-13,3.1804807793226627e-9,4.662589987528275e-13
1,369,2000.0,5.226107240262185e-13,3.202275744204623e-9,4.694541441439844e-13
1,370,2000.0,5.140076386467458e-13,3.19514396557413e-9,4.684086242385665e-13
1,371,2000.0,5.352355440708662e-13,3.439897794719266e-9,5.042895753388072e-13
1,372,2000.0,5.349881204743528e-13,3.4460150685649175e-9,5.051863686780137e-13
1,373,2000.0,5.433652416305167e-13,3.5240718355521387e-9,5.166295033946131e-13
1,374,2000.0,5.504571308081832e-13,3.673044890449977e-9,5.384689774355815e-13
1,375,2000.0,5.104559973791945e-13,3.228150597815638e-9,4.732474018853871e-13
1,376,2000.0,5.416765215300223e-13,3.259947974263834e-9,4.779089024365269e-13
1,377,2000.0,5.204462299087257e-13,3.2938971402189523e-9,4.828858556788283e-13
1,378,2000.0,5.48075462887913e-13,3.3258495675252592e-9,4.875700867109473e-13
1,379,2000.0,5.456041464646571e-13,3.254830247689292e-9,4.771586428895899e-13
1,380,2000.0,5.342869441105564e-13,3.2149151788806045e-9,4.713070873201038e-13
1,381,2000.0,4.913691795042691e-13,3.0088168475158755e-9,4.410930384720513e-13
1,382,2000.0,5.432727422193933e-13,3.288733804814264e-9,4.82128909869985e-13
1,383,2000.0,5.223527771186007e-13,3.0455176706790613e-9,4.464733851079194e-13
1,384,2000.0,5.467881764020054e-13,3.1725052662031575e-9,4.650897872342997e-13
1,385,2000.0,4.792009918592006e-13,3.133042141515408e-9,4.59304486746338e-13
1,386,2000.0,5.146876008387433e-13,3.2066576319558803e-9,4.700965295999291e-13
1,387,2000.0,5.374421931251459e-13,3.4538500653624153e-9,5.063349804809156e-13
1,388,2000.0,5.090617111797753e-13,3.1770852511625126e-9,4.657612137731221e-13
1,389,2000.0,4.848643131286258e-13,3.1585492663813845e-9,4.630438353939995e-13
1,390,2000.0,5.028657068834172e-13,3.1237382042098535e-9,4.579405280264017e-13
1,391,2000.0,5.256004786427172e-13,3.2202121412202916e-9,4.720836228593188e-13
1,392,2000.0,5.286934608457375e-13,3.3304162861190733e-9,4.882395683984269e-13
1,393,2000.0,5.231948094061755e-13,3.322185012638999e-9,4.870328623695046e-13
1,394,2000.0,4.950824340152659e-13,3.2062554551854235e-9,4.700375704200674e-13
1,395,2000.0,5.316231454702381e-13,3.283863521851485e-9,4.814149255967167e-13
1,396,2000.0,5.468232416016099e-13,3.407326862802371e-9,4.995146714303321e-13
1,397,2000.0,4.958510872642369e-13,3.186521233048808e-9,4.671445302500389e-13
1,398,2000.0,5.220131918157094e-13,3.206641523251448e-9,4.700941680612432e-13
1,399,2000.0,5.314358314508985e-13,3.2245036351199374e-9,4.727127565619373e-13
1,400,2000.0,5.133391461742479e-13,3.2442732142222963e-9,4.756109800688858e-13
1,401,2000.0,5.298248696042526e-13,3.222703108427784e-9,4.724487990564656e-13
1,402,2000.0,5.090797888039832e-13,3.1545301276650183e-9,4.624546290054796e-13
1,403,2000.0,5.371355639500534e-13,3.2747113541995904e-9,4.800732163326542e-13
1,404,2000.0,5.377341710686403e-13,3.4102396098209453e-9,4.999416806162797e-13
1,405,2000.0,5.380460122780537e-13,3.4721724255785206e-9,5.090210414641136e-13
1,406,2000.0,5.214010819552371e-13,3.3018390558671627e-9,4.840501418026081e-13
1,407,2000.0,5.390154667219642e-13,3.489612357307936e-9,5.115777382878582e-13
1,408,2000.0,5.311113636364154e-13,3.3967240935008195e-9,4.979603037288548e-13
1,409,2000.0,5.017586671695219e-13,3.1717830295009566e-9,4.649839072164672e-13
1,410,2000.0,5.030586235268177e-13,3.2010880546881338e-9,4.692800286679885e-13
1,411,2000.0,5.472176664190751e-13,3.384529571780873e-9,4.961725848643431e-13
1,412,2000.0,5.407455485592076e-13,3.3298959732840012e-9,4.881632904523076e-13
1,413,2000.0,5.368787244406022e-13,3.466065651308754e-9,5.081257873644372e-13
1,414,2000.0,5.314757632968904e-13,3.3899326293676515e-9,4.969646739840113e-13
1,415,2000.0,5.267455504604769e-13,3.3510301119117294e-9,4.912615586072771e-13
1,416,2000.0,5.373436409435536e-13,3.4688817241194243e-9,5.085386240958064e-13
1,417,2000.0,5.006182158863847e-13,3.2279820184594234e-9,4.73222688124389e-13
1,418,2000.0,5.268246109235349e-13,3.2041460366480144e-9,4.697283293199175e-13
1,419,2000.0,5.13901614629027e-13,3.0947895926142384e-9,4.5369665686528426e-13
1,420,2000.0,5.292438194880457e-13,3.1512816257792616e-9,4.61978398101477e-13
1,421,2000.0,4.864738736927225e-13,3.143022845650349e-9,4.60767659593368e-13
1,422,2000.0,5.417326003663835e-13,3.187495825764019e-9,4.672874057003608e-13
1,423,2000.0,5.366169939258392e-13,3.450546621071417e-9,5.058506950113821e-13
1,424,2000.0,5.247449795042683e-13,3.1925495103892052e-9,4.68028276687122e-13
1,425,2000.0,5.588872881432415e-13,3.354715632865269e-9,4.918018565775877e-13
1,426,2000.0,4.878300972324758e-13,3.004626552033104e-9,4.404787404737809e-13
1,427,2000.0,5.459100616188665e-13,3.4164272356411727e-9,5.00848787566384e-13
1,428,2000.0,5.379972065759432e-13,3.3114990256768117e-9,4.854662949454637e-13
1,429,2000.0,5.42966620629473e-13,3.232149273838959e-9,4.738336084397833e-13
1,430,2000.0,5.439859919095848e-13,3.360839457813177e-9,4.926996103094487e-13
1,431,2000.0,5.344520891928158e-13,3.2489439749301076e-9,4.762957143471737e-13
1,432,2000.0,5.458659220202899e-13,3.23814136769579e-9,4.747120503722995e-13
1,433,2000.0,5.329425430907972e-13,3.417071000066576e-9,5.009431635356941e-13
1,434,2000.0,5.270740229490594e-13,3.1448887756624835e-9,4.610412052361705e-13
1,435,2000.0,5.156042616081026e-13,3.022523692229351e-9,4.4310246413301276e-13
1,436,2000.0,5.138292759602012e-13,3.0746769898427422e-9,4.507481460327338e-13
1,437,2000.0,5.593399491939136e-13,3.2927962988581687e-9,4.827244721565629e-13
1,438,2000.0,5.392873780094304e-13,3.4930302290159395e-9,5.120787988353075e-13
1,439,2000.0,5.15516583115462e-13,3.135946301806002e-9,4.597302371165692e-13
1,440,2000.0,5.131060241922635e-13,3.067180920484103e-9,4.496492210474097e-13
1,441,2000.0,5.175214543629456e-13,3.2717609750178375e-9,4.796406902654731e-13
1,442,2000.0,4.990820145601057e-13,3.1920712193474564e-9,4.679581591427281e-13
1,443,2000.0,5.407671336029674e-13,3.4856171202422516e-9,5.109920358852098e-13
1,444,2000.0,5.110870106753271e-13,3.208993334951643e-9,4.704389440384217e-13
1,445,2000.0,5.524604214018856e-13,3.6785930863407826e-9,5.392823438541902e-13
1,446,2000.0,5.232732485370223e-13,3.311168374851395e-9,4.854178214807606e-13
1,447,2000.0,5.226867694048108e-13,3.2967766075361076e-9,4.833079860551434e-13
1,448,2000.0,5.144270219829158e-13,3.211591596411324e-9,4.708198495903637e-13
1,449,2000.0,5.233802085059579e-13,3.291673367204443e-9,4.825598501937647e-13
1,450,2000.0,5.473982741934008e-13,3.5799816946593406e-9,5.248258978193854e-13
1,451,2000.0,5.81038599612506e-13,4.0370163130746e-9,5.918272471006289e-13
1,452,2000.0,5.431122794375685e-13,3.5162172808169202e-9,5.154780243948651e-13
1,453,2000.0,5.450496775959708e-13,3.5683521735019712e-9,5.231210081291025e-13
1,454,2000.0,5.506035521604553e-13,3.64929848754033e-9,5.349877509126558e-13
1,455,2000.0,5.326869076226928e-13,3.3963131051626517e-9,4.979000527717357e-13
1,456,2000.0,5.433658139719464e-13,3.521027510001985e-9,5.161832047745677e-13
1,457,2000.0,5.495427473484112e-13,3.245890555427618e-9,4.758480825522391e-13
1,458,2000.0,5.535554842006804e-13,3.6901532908793874e-9,5.409770717169052e-13
1,459,2000.0,5.196529554301146e-13,3.0524949995274735e-9,4.474962626502017e-13
1,460,2000.0,5.439085462397515e-13,3.1974003718875885e-9,4.687394137705557e-13
1,461,2000.0,5.478281201568767e-13,3.5880898779701236e-9,5.260145588095e-13
1,462,2000.0,5.457920581125446e-13,3.5129397956762653e-9,5.149975445409876e-13
1,463,2000.0,5.538322290004187e-13,3.2621685220296685e-9,4.78234435099611e-13
1,464,2000.0,5.517805075571069e-13,3.6660107051832697e-9,5.374377647331437e-13
1,465,2000.0,5.427206163337627e-13,3.349804685793387e-9,4.910819109393211e-13
1,466,2000.0,5.679764361907215e-13,3.870377065970788e-9,5.673979064133083e-13
1,467,2000.0,4.892630975469709e-13,3.126543539382613e-9,4.583517906183094e-13
1,468,2000.0,5.4316656967767e-13,3.509001699166351e-9,5.144202189530947e-13
1,469,2000.0,5.336629098188488e-13,3.109160740316567e-9,4.55803469452293e-13
1,470,2000.0,5.120758111614255e-13,3.1058902049772164e-9,4.553240084404155e-13
1,471,2000.0,5.332913339549406e-13,3.4193950402345337e-9,5.012838682017365e-13
1,472,2000.0,5.104878982684757e-13,3.219342968218388e-9,4.719562019560876e-13
1,473,2000.0,4.833138532607521e-13,3.1884738275779243e-9,4.674307809251049e-13
1,474,2000.0,5.063066270922449e-13,3.208146389901075e-9,4.703147817564662e-13
1,475,2000.0,5.352805049407159e-13,3.3113563041636737e-9,4.8544537194846e-13
1,476,2000.0,4.923448599008296e-13,3.11646849120829e-9,4.568747869197847e-13
1,477,2000.0,5.211002928743516e-13,3.2991003200603715e-9,4.83648642688567e-13
1,478,2000.0,5.364230013734126e-13,3.475072877084977e-9,5.094462481259881e-13
1,479,2000.0,5.333399000332998e-13,3.417627548380262e-9,5.010247536088629e-13
1,480,2000.0,5.061038577311029e-13,3.2099235477055845e-9,4.705753133792144e-13
1,481,2000.0,5.328785221026549e-13,3.416348533943663e-9,5.00837249884748e-13
1,482,2000.0,5.328153868703369e-13,3.4324596037031687e-9,5.031991353278992e-13
1,483,2000.0,5.586881971922013e-13,3.795781391128186e-9,5.564621683671849e-13
1,484,2000.0,5.212425341008796e-13,3.3136986564317203e-9,4.857887611713493e-13
1,485,2000.0,5.288758951695408e-13,3.41086712750017e-9,5.000336748099619e-13
1,486,2000.0,5.201907349863234e-13,3.3094411619475913e-9,4.851646117885668e-13
1,487,2000.0,5.361566975808296e-13,3.4867262290472037e-9,5.11154631416133e-13
1,488,2000.0,5.279191559755943e-13,3.3628696745365525e-9,4.929972404107989e-13
1,489,2000.0,5.201021639874458e-13,3.3153965890397726e-9,4.860376783674309e-13
1,490,2000.0,5.073904353896472e-13,3.229036256508718e-9,4.733772395936219e-13
1,491,2000.0,5.309609847218636e-13,3.4057623661675767e-9,4.992853159695999e-13
1,492,2000.0,5.366935039123121e-13,3.2302941381529974e-9,4.735616452469508e-13
1,493,2000.0,5.683939621446363e-13,3.9122109026719604e-9,5.735307536674369e-13
1,494,2000.0,5.322333743383375e-13,3.4091044268214086e-9,4.997752626041961e-13
1,495,2000.0,5.519568220542081e-13,3.643442921365667e-9,5.341293239605173e-13
1,496,2000.0,5.291280665826863e-13,3.387977916138613e-9,4.966781127071925e-13
1,497,2000.0,5.086875526718807e-13,3.2251627678062746e-9,4.728093855207963e-13
1,498,2000.0,5.180246301570701e-13,3.2281556263755443e-9,4.732481390730858e-13
1,499,2000.0,4.945082481950849e-13,3.184638079811382e-9,4.668684596796116e-13
1,500,2000.0,5.27831303464632e-13,3.368588239939909e-9,4.938355830276153e-13
1,501,2000.0,5.171243635101029e-13,3.268944972456948e-9,4.792278638327332e-13
1,502,2000.0,5.175036392792807e-13,3.259454908590899e-9,4.778366189288018e-13
1,503,2000.0,5.294355932822571e-13,3.3807459696241345e-9,4.956179081737153e-13
1,504,2000.0,5.219403522099817e-13,3.282532745446019e-9,4.812198335595598e-13
1,505,2000.0,5.230614859584444e-13,3.2851477335448986e-9,4.816031912395247e-13
1,506,2000.0,5.271159873407128e-13,3.3547301463640405e-9,4.918039842588645e-13
1,507,2000.0,5.359208219307226e-13,3.4697073589671953e-9,5.086596622985712e-13
1,508,2000.0,5.155308144324215e-13,3.2061811990081837e-9,4.70026684452425e-13
1,509,2000.0,4.924437744057717e-13,3.182232929289924e-9,4.665158642225739e-13
1,510,2000.0,5.195693552117488e-13,3.2044861987450156e-9,4.697781971385797e-13
1,511,2000.0,5.242660269248314e-13,3.3499542321627746e-9,4.911038344613595e-13
1,512,2000.0,5.428490599312117e-13,3.2433338067742384e-9,4.754732627844426e-13
1,513,2000.0,5.558663520494361e-13,3.302071686737017e-9,4.840842455259076e-13
1,514,2000.0,5.251036457028883e-13,3.3412239202346635e-9,4.89823969314912e-13
1,515,2000.0,5.183020230444738e-13,3.2774275041201556e-9,4.804714043521067e-13
1,516,2000.0,5.23033677784845e-13,3.307526829703478e-9,4.848839703706957e-13
1,517,2000.0,5.146800507468653e-13,3.2423131233884453e-9,4.753236304343281e-13
1,518,2000.0,4.9737980270209e-13,3.1889645110466243e-9,4.675027152013024e-13
1,519,2000.0,5.254390316163189e-13,3.203919805243757e-9,4.696951637593139e-13
1,520,2000.0,5.288366545967259e-13,3.3623146232324775e-9,4.929158697994823e-13
1,521,2000.0,5.340709100140049e-13,3.1524691052065243e-9,4.621524827783582e-13
1,522,2000.0,5.290160965728819e-13,3.063066728165165e-9,4.4904607978531623e-13
1,523,2000.0,5.127080030066491e-13,3.208061511657137e-9,4.703023385921207e-13
1,524,2000.0,5.276493603332829e-13,3.1497156846928367e-9,4.617488308839012e-13
1,525,2000.0,5.26286524032835e-13,3.041862113554124e-9,4.459374798397479e-13
1,526,2000.0,5.324298496396391e-13,3.2301647729537787e-9,4.735426802877368e-13
1,527,2000.0,5.326530373826121e-13,3.233510884439666e-9,4.7403322077497e-13
1,528,2000.0,5.314765569587196e-13,3.230056847017936e-9,4.735268583280152e-13
1,529,2000.0,5.445351001722374e-13,3.561424063798804e-9,5.221053461215062e-13
1,530,2000.0,5.286308294451563e-13,3.376859793734298e-9,4.950481941571576e-13
1,531,2000.0,5.362029120838689e-13,3.4614001383149047e-9,5.074418224018683e-13
1,532,2000.0,5.412790000216365e-13,3.505187419750721e-9,5.138610449713315e-13
1,533,2000.0,5.257877722614435e-13,3.203963578847456e-9,4.69701580976725e-13
1,534,2000.0,5.055779379440364e-13,3.2082936390595684e-9,4.703363685070142e-13
1,535,2000.0,5.612621130730281e-13,3.338461457968446e-9,4.894189918980659e-13
1,536,2000.0,5.506712861177934e-13,3.2647846631194156e-9,4.786179618082244e-13
1,537,2000.0,5.137794113225507e-13,3.246942112877638e-9,4.760022410451831e-13
1,538,2000.0,5.414049329668169e-13,3.246125963183076e-9,4.75882593367419e-13
1,539,2000.0,5.293992452625534e-13,3.123235209945954e-9,4.578667889856287e-13
1,540,2000.0,5.267697672340545e-13,3.1499213357574138e-9,4.617789793633656e-13
1,541,2000.0,5.334497543893917e-13,3.422839688866113e-9,5.017888542505306e-13
1,542,2000.0,5.440904471985685e-13,3.2815680080224923e-9,4.810784028965992e-13
1,543,2000.0,5.245811904325367e-13,3.1217908524051076e-9,4.576550459355797e-13
1,544,2000.0,5.388520845730641e-13,3.252441168850772e-9,4.768084035438809e-13
1,545,2000.0,5.450516581907737e-13,3.1974182519606718e-9,4.687420349921735e-13
1,546,2000.0,5.219056166978863e-13,3.184381246745147e-9,4.668308079103923e-13
1,547,2000.0,5.465305842536748e-13,3.3523652758235412e-9,4.914572938535769e-13
1,548,2000.0,5.155174464570473e-13,3.2614093895297828e-9,4.781231461518461e-13
1,549,2000.0,5.494169973290663e-13,3.6286199269788214e-9,5.319562705761792e-13
1,550,2000.0,5.226850876550912e-13,3.3076896221053183e-9,4.849078357632428e-13
1,551,2000.0,5.209963183730694e-13,3.2075420562753086e-9,4.702261863487862e-13
1,552,2000.0,5.252265644064484e-13,3.33625694770903e-9,4.890958103360271e-13
1,553,2000.0,5.31047901843386e-13,3.269906532173235e-9,4.793688286432963e-13
1,554,2000.0,5.369774322050999e-13,3.453186306763615e-9,5.062376733625383e-13
1,555,2000.0,5.023455351701897e-13,3.2052915956503513e-9,4.698962684556968e-13
1,556,2000.0,5.262018726526094e-13,3.3015793573721487e-9,4.840120699610646e-13
1,557,2000.0,5.24600781861317e-13,3.300480381877053e-9,4.838509599750119e-13
1,558,2000.0,5.340687470248786e-13,3.435547288884015e-9,5.036517904768455e-13
1,559,2000.0,5.086787282094663e-13,3.093953199880717e-9,4.535740415547214e-13
1,560,2000.0,5.31073986027404e-13,3.4057202522720263e-9,4.99279142065673e-13
1,561,2000.0,5.205340587008397e-13,3.2946177324976755e-9,4.82991494623912e-13
1,562,2000.0,5.200709789932903e-13,3.234521310243507e-9,4.741813493619044e-13
1,563,2000.0,5.264254678645518e-13,3.3536376466520126e-9,4.916438236236614e-13
1,564,2000.0,5.146655009245037e-13,3.211773749757548e-9,4.708465533005015e-13
1,565,2000.0,5.338306562967314e-13,3.1785372742338802e-9,4.659740805911904e-13
1,566,2000.0,5.533903177783987e-13,3.375957274857343e-9,4.949158847432287e-13
1,567,2000.0,4.938851297654174e-13,3.0831068120769585e-9,4.5198395934125727e-13
1,568,2000.0,5.208325157387422e-13,3.026805127827092e-9,4.4373012328693873e-13
1,569,2000.0,5.403467324558324e-13,3.3910527147283816e-9,4.971288786797941e-13
1,570,2000.0,5.16234809738788e-13,3.0153105649812287e-9,4.4204501850703965e-13
1,571,2000.0,5.355378067217552e-13,3.0238027919143127e-9,4.4328998035455155e-13
1,572,2000.0,5.360754113879813e-13,3.3536063581397306e-9,4.916392367226796e-13
1,573,2000.0,5.089027909473192e-13,3.031199666492137e-9,4.443743633688992e-13
1,574,2000.0,5.319055957735257e-13,3.004441953914047e-9,4.4045167835954873e-13
1,575,2000.0,4.797143676856169e-13,3.098478926803087e-9,4.5423751385651034e-13
1,576,2000.0,5.347035458721326e-13,3.2814114397999178e-9,4.810554499697435e-13
1,577,2000.0,5.572338008598528e-13,3.08603179963889e-9,4.524127629928489e-13
1,578,2000.0,5.181716655310815e-13,3.1949185387445347e-9,4.683755766287391e-13
1,579,2000.0,5.46537126748845e-13,3.2252078375915935e-9,4.728159927586433e-13
1,580,2000.0,5.312306445312262e-13,3.123131517632557e-9,4.578515876756452e-13
1,581,2000.0,5.192544422542868e-13,3.2845614446129157e-9,4.815172411868838e-13
1,582,2000.0,4.925081828220437e-13,3.0599957375188575e-9,4.4859587205784444e-13
1,583,2000.0,5.289355088215159e-13,3.1766893853429815e-9,4.657031797796909e-13
1,584,2000.0,5.355355448773305e-13,3.4471098408805104e-9,5.053468624772685e-13
1,585,2000.0,5.346371534320857e-13,3.4379617099353177e-9,5.040057449950639e-13
1,586,2000.0,5.548439757564465e-13,3.342506005756911e-9,4.900119232606819e-13
1,587,2000.0,5.504334675116273e-13,3.2094040446878396e-9,4.704991541524467e-13
1,588,2000.0,5.200476521993394e-13,3.3654602813236864e-9,4.933770237865025e-13
1,589,2000.0,5.129466006782007e-13,3.30683378094283e-9,4.84782369309835e-13
1,590,2000.0,5.298730160393436e-13,3.477529577704086e-9,5.09806400835713e-13
1,591,2000.0,5.328062437537943e-13,3.268467499350715e-9,4.791578661978186e-13
1,592,2000.0,5.20709463613977e-13,3.2960593256567348e-9,4.832028324151421e-13
1,593,2000.0,5.240751584083204e-13,3.2598357531845516e-9,4.778924508080797e-13
1,594,2000.0,5.584742685604585e-13,3.90185399684466e-9,5.720124295912126e-13
1,595,2000.0,5.049378718818486e-13,3.2575995166480503e-9,4.775646181686679e-13
1,596,2000.0,5.1413484870145e-13,3.3145308611140566e-9,4.859107625129283e-13
1,597,2000.0,5.140970328034546e-13,3.237704818997704e-9,4.746480522622656e-13
1,598,2000.0,5.026774105475231e-13,3.001383450014441e-9,4.400033011911712e-13
1,599,2000.0,5.144843303739466e-13,3.2098693112966476e-9,4.705673623128563e-13
1,600,2000.0,4.842056394880199e-13,3.1726350391260077e-9,4.651088119658644e-13
1,601,2000.0,5.099770424752395e-13,3.272424023632809e-9,4.797378933001058e-13
1,602,2000.0,5.24229903564209e-13,3.27091493067999e-9,4.795166600281486e-13
1,603,2000.0,5.171094114910514e-13,3.2150759733017647e-9,4.713306598083586e-13
1,604,2000.0,4.824890644211865e-13,3.239307979638194e-9,4.748830758725116e-13
1,605,2000.0,5.261424320090929e-13,3.4243402319099966e-9,5.020088341044493e-13
1,606,2000.0,5.277822009279461e-13,3.284410203170658e-9,4.814950691668875e-13
1,607,2000.0,5.472350029794924e-13,3.424476599762746e-9,5.020288256538082e-13
1,608,2000.0,4.869145508136894e-13,3.1763918345907574e-9,4.656595587910932e-13
1,609,2000.0,4.902411170162377e-13,3.149631023377763e-9,4.617364195213626e-13
1,610,2000.0,5.193607518280073e-13,3.206169212556347e-9,4.700249272366391e-13
1,611,2000.0,5.197473320622311e-13,3.1657077184705517e-9,4.640932656327906e-13
1,612,2000.0,5.258316054493153e-13,3.1119188873225677e-9,4.562078142512907e-13
1,613,2000.0,5.241447943354738e-13,3.1538142127528048e-9,4.623496757630858e-13
1,614,2000.0,5.06634600599555e-13,3.0356471800335854e-9,4.4502636957634333e-13
1,615,2000.0,5.233007110162807e-13,3.2304800881145208e-9,4.735889055415081e-13
1,616,2000.0,5.292680165978324e-13,3.3768877498485106e-9,4.950522925280412e-13
1,617,2000.0,5.45283177213373e-13,3.3846160129610233e-9,4.96185257155391e-13
1,618,2000.0,5.408342634843242e-13,3.352615382064141e-9,4.914939594690656e-13
1,619,2000.0,5.304370218106111e-13,3.3893982443967784e-9,4.968863330604981e-13
1,620,2000.0,5.328143944258784e-13,3.415625360710142e-9,5.007312325712718e-13
1,621,2000.0,5.34229560230409e-13,3.3050937066889697e-9,4.845272741416343e-13
1,622,2000.0,5.401034417491663e-13,3.3612742377602515e-9,4.927633491202973e-13
1,623,2000.0,5.123269764611806e-13,3.2383506143641252e-9,4.747427259678589e-13
1,624,2000.0,5.134497039229358e-13,3.244938139593999e-9,4.757084582363601e-13
1,625,2000.0,5.084872604052948e-13,3.2244910151338378e-9,4.727109064699257e-13
1,626,2000.0,5.206844172446844e-13,3.2565402596652916e-9,4.774093309229742e-13
1,627,2000.0,5.012331888451618e-13,3.1071898519887737e-9,4.5551453690337e-13
1,628,2000.0,5.099078522573082e-13,3.142040015273323e-9,4.606235765004862e-13
1,629,2000.0,4.987651206837977e-13,3.1890302768697104e-9,4.675123564816471e-13
1,630,2000.0,5.320374311863153e-13,3.406924521699256e-9,4.99455688159276e-13
1,631,2000.0,5.110252400333531e-13,3.2047129565177828e-9,4.698114398648923e-13
1,632,2000.0,5.222617706267119e-13,3.0598248332834596e-9,4.485708174691806e-13
1,633,2000.0,4.996697616390676e-13,3.049540874875474e-9,4.470631874964742e-13
1,634,2000.0,4.910569628805051e-13,3.1988229597650835e-9,4.689479653844222e-13
1,635,2000.0,4.811289441873455e-13,3.1229461545155085e-9,4.578244134125834e-13
1,636,2000.0,4.954771581987216e-13,3.2184113355740283e-9,4.71819624459129e-13
1,637,2000.0,4.966675109871577e-13,3.177532565975548e-9,4.658267901973561e-13
1,638,2000.0,4.747099649705418e-13,3.1609883123883843e-9,4.634013999347221e-13
1,639,2000.0,4.953608805498194e-13,2.9856726292630197e-9,4.3770009231760494e-13
1,640,2000.0,4.718481522163448e-13,3.006165023792078e-9,4.4070428068349137e-13
1,641,2000.0,4.835498270323708e-13,3.1645679670184083e-9,4.639261778848129e-13
1,642,2000.0,5.212514348944191e-13,3.371193729411978e-9,4.942175482073473e-13
1,643,2000.0,4.916867776083509e-13,3.177498348291973e-9,4.658217738793872e-13
1,644,2000.0,5.216118863750656e-13,3.366679458059475e-9,4.935557552939611e-13
1,645,2000.0,4.836327958783153e-13,3.172109315256971e-9,4.650317407612871e-13
1,646,2000.0,5.133681149058875e-13,3.289427191838576e-9,4.822305605203539e-13
1,647,2000.0,5.080693727529004e-13,3.0804302775471037e-9,4.5159157894451637e-13
1,648,2000.0,5.207228044831661e-13,3.204189233181772e-9,4.697346619387815e-13
1,649,2000.0,5.089339767093794e-13,3.1164430805342872e-9,4.568710617108493e-13
1,650,2000.0,4.907060348606902e-13,3.0709832160676863e-9,4.5020663819744865e-13
1,651,2000.0,4.952343094439535e-13,3.1296368555701654e-9,4.588052712737534e-13
1,652,2000.0,4.955080746045502e-13,3.1386693490417746e-9,4.601294362835513e-13
1,653,2000.0,5.016586090312073e-13,3.1357802288080812e-9,4.597058907881041e-13
1,654,2000.0,5.025962042923348e-13,3.1843252125858157e-9,4.668225932935344e-13
1,655,2000.0,4.970136565018688e-13,2.9987443867405716e-9,4.39616414086643e-13
1,656,2000.0,4.713406026916468e-13,3.095044554473646e-9,4.537340343152787e-13
1,657,2000.0,4.929079609144557e-13,3.1827209901811025e-9,4.665874140284808e-13
1,658,2000.0,4.771644118210968e-13,3.0505645525738888e-9,4.4721325881330527e-13
1,659,2000.0,4.878705177142682e-13,3.0109336380777726e-9,4.414033603121883e-13
1,660,2000.0,5.054019295259568e-13,3.2077580650826337e-9,4.702578532750194e-13
1,661,2000.0,4.963048756025738e-13,3.0062926408675575e-9,4.407229893674815e-13
1,662,2000.0,5.270784367709252e-13,3.064777232447467e-9,4.4929683999088443e-13
1,663,2000.0,4.936355005921803e-13,3.0021330189170507e-9,4.4011318811402237e-13
1,664,2000.0,4.934390026252736e-13,2.9988946719846334e-9,4.396384459278285e-13
1,665,2000.0,5.267772569528597e-13,3.226632724170041e-9,4.730248813624427e-13
1,666,2000.0,5.309869250435794e-13,3.267429065314548e-9,4.790056315994768e-13
1,667,2000.0,5.044297659317486e-13,3.1866557956062177e-9,4.671642571428078e-13
1,668,2000.0,5.403889007396906e-13,3.3410713629724592e-9,4.898016043954979e-13
1,669,2000.0,4.971640942420339e-13,3.188600328221704e-9,4.674493259400265e-13
1,670,2000.0,5.223817363405341e-13,3.204127390795155e-9,4.697255958348603e-13
1,671,2000.0,5.214392901356828e-13,3.0912615936372523e-9,4.531794516423176e-13
1,672,2000.0,5.393324344279337e-13,3.3310289594279642e-9,4.883293864050074e-13
1,673,2000.0,5.217667050124954e-13,3.2183811440931183e-9,4.718151983831246e-13
1,674,2000.0,5.110167021381913e-13,3.1546040087445153e-9,4.62465459983732e-13
1,675,2000.0,4.811881184165289e-13,3.0953647406255173e-9,4.5378097365714065e-13
1,676,2000.0,5.236333184508312e-13,3.360901133627815e-9,4.927086519938907e-13
1,677,2000.0,5.377404618891234e-13,3.4737522310176705e-9,5.092526411980505e-13
1,678,2000.0,5.219348565851856e-13,3.239010353589528e-9,4.748394438454432e-13
1,679,2000.0,5.199270531343845e-13,3.1907048879548694e-9,4.677578547386851e-13
1,680,2000.0,5.077086799031936e-13,3.053250410033492e-9,4.476070059530613e-13
1,681,2000.0,5.271897703198518e-13,3.253564819982788e-9,4.769731309823133e-13
1,682,2000.0,5.270420438374694e-13,3.353989904065434e-9,4.916954646176749e-13
1,683,2000.0,5.094874051077561e-13,3.2232325669145095e-9,4.725264177566026e-13
1,684,2000.0,4.929127329182059e-13,3.190052746407054e-9,4.676622506818688e-13
1,685,2000.0,5.045058882635688e-13,3.2348506610187018e-9,4.742296322390338e-13
1,686,2000.0,4.981924589855339e-13,3.186410618835167e-9,4.671283141883555e-13
1,687,2000.0,4.816536069808722e-13,3.1783384295188185e-9,4.659449299236704e-13
1,688,2000.0,4.742804469315494e-13,3.2316209899977647e-9,4.737561619428719e-13
1,689,2000.0,5.046051089056258e-13,3.209141363500433e-9,4.704606450477139e-13
1,690,2000.0,4.869886338133208e-13,3.213113679617373e-9,4.71042987235554e-13
1,691,2000.0,4.792959576399309e-13,3.1758540807610437e-9,4.655807239923269e-13
1,692,2000.0,5.193483762876549e-13,3.285277147547014e-9,4.816221633532515e-13
1,693,2000.0,4.8707611507711e-13,3.1828800602621475e-9,4.666107337281947e-13
1,694,2000.0,5.211019300219821e-13,3.204110792222524e-9,4.697231624814171e-13
1,695,2000.0,5.041539347811566e-13,3.175945941880327e-9,4.65594190847332e-13
1,696,2000.0,5.157116235119414e-13,3.302580463854641e-9,4.841588323339757e-13
1,697,2000.0,5.264073276256313e-13,3.2223228898616213e-9,4.723930589529193e-13
1,698,2000.0,5.291253830299014e-13,3.2672112225434224e-9,4.789736958138525e-13
1,699,2000.0,4.844792025489525e-13,3.2141909093234574e-9,4.71200909285406e-13
1,700,2000.0,5.213558401947942e-13,3.3537377466921777e-9,4.916584983058057e-13
1,701,2000.0,5.242735807802341e-13,3.398396771775147e-9,4.98205518635511e-13
1,702,2000.0,5.219744095638551e-13,3.2355528083890037e-9,4.743325671575476e-13
1,703,2000.0,5.397887174560859e-13,3.576346334469776e-9,5.242929534252195e-13
1,704,2000.0,4.783011382458228e-13,3.2174378888712487e-9,4.716769170144156e-13
1,705,2000.0,5.080496185047947e-13,3.215017288056922e-9,4.713220565419343e-13
1,706,2000.0,5.534712909091409e-13,3.4907479322967913e-9,5.117442137656397e-13
1,707,2000.0,5.283244614568304e-13,3.2818763827343157e-9,4.811236106794321e-13
1,708,2000.0,5.133391461742479e-13,3.2442732142222963e-9,4.756109800688858e-13
1,709,2000.0,5.321028542464166e-13,3.407651876019096e-9,4.995623184206856e-13
1,710,2000.0,5.566287009106692e-13,3.742722836647711e-9,5.486837756637373e-13
1,711,2000.0,5.371719195864782e-13,3.343249331457744e-9,4.901208949291386e-13
1,712,2000.0,5.298272691873518e-13,3.4493999777665445e-9,5.056825969166751e-13
1,713,2000.0,5.347253066411433e-13,3.4889689584155605e-9,5.114834159057492e-13
1,714,2000.0,5.515021374273849e-13,3.7426480092550165e-9,5.486728059558164e-13
1,715,2000.0,5.644962921009197e-13,3.92714143510681e-9,5.757195721470763e-13
1,716,2000.0,5.56295346119668e-13,3.806167404575941e-9,5.579847596252949e-13
1,717,2000.0,5.330502957482337e-13,3.4707999747491646e-9,5.088198399496466e-13
1,718,2000.0,5.577103033914686e-13,3.84418394854518e-9,5.635579911450009e-13
1,719,2000.0,5.664558722345846e-13,3.96204440151051e-9,5.808363526900353e-13
1,720,2000.0,5.573427288404535e-13,3.844630553774626e-9,5.636234635441654e-13
1,721,2000.0,5.341774411826293e-13,3.3960612793032255e-9,4.978631350598477e-13
1,722,2000.0,5.383112407463998e-13,3.332246663751782e-9,4.885079020566319e-13
1,723,2000.0,5.272847373660489e-13,3.354224874912574e-9,4.917299113820244e-13
1,724,2000.0,5.103804559374539e-13,3.208656878502549e-9,4.703896194683446e-13
1,725,2000.0,5.007726534631015e-13,3.2068501173934535e-9,4.701247479963367e-13
1,726,2000.0,4.793481688183861e-13,3.107297328040478e-9,4.555302929100038e-13
1,727,2000.0,5.175851892353466e-13,3.2351990572346712e-9,4.742807071808739e-13
1,728,2000.0,5.285223376127526e-13,3.2046179120080463e-9,4.697975063243299e-13
1,729,2000.0,5.404356539554517e-13,3.338615242654997e-9,4.894415367580886e-13
1,730,2000.0,5.078009309335245e-13,3.2048455325255316e-9,4.698308755291584e-13
1,731,2000.0,5.30535906740801e-13,3.3399778327083233e-9,4.896412926811883e-13
1,732,2000.0,4.916545081589525e-13,3.2543162839790853e-9,4.770832957262069e-13
1,733,2000.0,5.127679922092124e-13,3.125228712707746e-9,4.581590368142486e-13
1,734,2000.0,4.922586097270557e-13,3.192992970064959e-9,4.680932879476045e-13
1,735,2000.0,5.148852464918488e-13,3.3047365455238648e-9,4.844749142568276e-13
1,736,2000.0,5.284211072910641e-13,3.3680398248184544e-9,4.937551852817485e-13
1,737,2000.0,5.250872138764763e-13,3.2038842452459358e-9,4.696899506578585e-13
1,738,2000.0,4.992967307308222e-13,3.1931359996728997e-9,4.681142561113563e-13
1,739,2000.0,4.989884126954024e-13,3.193499439637184e-9,4.681675364691423e-13
1,740,2000.0,5.032730394976843e-13,3.1168727412549864e-9,4.569340500422799e-13
1,741,2000.0,5.097924928316882e-13,3.1093859715411808e-9,4.558364883863986e-13
1,742,2000.0,4.799184983029366e-13,3.0508628395443626e-9,4.472569877316179e-13
1,743,2000.0,4.830536029708205e-13,3.0912989837510377e-9,4.531849330390706e-13
1,744,2000.0,5.130298996694616e-13,3.1593474680676907e-9,4.631608518908385e-13
1,745,2000.0,4.963009789755168e-13,3.1371674865724837e-9,4.599092630016536e-13
1,746,2000.0,5.138332927875517e-13,3.2071816777950216e-9,4.701733548050513e-13
1,747,2000.0,5.357854718702457e-13,3.4841654679826846e-9,5.107792234282118e-13
1,748,2000.0,5.088813913652738e-13,3.2192176637995333e-9,4.719378323079343e-13
1,749,2000.0,5.143568517160618e-13,3.1794261553940535e-9,4.661043907136245e-13
1,750,2000.0,5.117023752975197e-13,3.1188379196689787e-9,4.572221455169125e-13
1,751,2000.0,4.786597409882854e-13,3.18947223370818e-9,4.675771474259397e-13
1,752,2000.0,5.185129963970546e-13,3.2088725634829558e-9,4.70421238921499e-13
1,753,2000.0,4.706860971921609e-13,3.1551175120642826e-9,4.625407396538018e-13
1,754,2000.0,4.876662491648125e-13,3.1347653261027323e-9,4.595571058866817e-13
1,755,2000.0,5.037493470322821e-13,3.173149948026512e-9,4.651842976942986e-13
1,756,2000.0,5.107960660767019e-13,3.161746868905572e-9,4.6351260444333e-13
1,757,2000.0,5.462159711358175e-13,3.428392634177773e-9,5.026029169350079e-13
1,758,2000.0,5.206949390651302e-13,3.2650730331823874e-9,4.786602369062868e-13
1,759,2000.0,5.052252939752574e-13,3.2404705663051715e-9,4.750535112666925e-13
1,760,2000.0,5.561599327583288e-13,3.793277543712028e-9,5.560951039293559e-13
1,761,2000.0,5.361499653036922e-13,3.250447174911032e-9,4.765160837084941e-13
1,762,2000.0,5.194204521648093e-13,3.235503332482783e-9,4.743253139816608e-13
1,763,2000.0,5.372425104208247e-13,3.3362237122145044e-9,4.890909380071323e-13
1,764,2000.0,5.257211712164676e-13,3.071792576588398e-9,4.5032529058122367e-13
1,765,2000.0,5.132825668335195e-13,3.3001712004272997e-9,4.838056339242677e-13
1,766,2000.0,4.895501133062181e-13,3.193945927361273e-9,4.682329916420026e-13
1,767,2000.0,5.069982546554702e-13,3.2528124970803383e-9,4.768628403226383e-13
1,768,2000.0,5.038358445568471e-13,3.2387562053719497e-9,4.748021856754731e-13
1,769,2000.0,4.899179433282722e-13,3.1842863986069866e-9,4.668169031579349e-13
1,770,2000.0,5.080874542862167e-13,3.258611120501465e-9,4.777129194578611e-13
1,771,2000.0,5.152128763672635e-13,3.316744771930731e-9,4.862353221981877e-13
1,772,2000.0,4.869928543087424e-13,3.1891282100874477e-9,4.675267135072716e-13
1,773,2000.0,5.022385597539874e-13,3.220962830737707e-9,4.721936740644824e-13
1,774,2000.0,4.776200387544091e-13,3.2350995703137e-9,4.742661223821031e-13
1,775,2000.0,5.264632995635742e-13,3.349515331803528e-9,4.910394915974173e-13
1,776,2000.0,5.22216049613776e-13,3.2039348316863114e-9,4.696973666382326e-13
1,777,2000.0,5.021630988882221e-13,3.118087301037647e-9,4.571121047036601e-13
1,778,2000.0,4.81068471699971e-13,3.1693302346414476e-9,4.646243270917337e-13
1,779,2000.0,4.958948433888529e-13,3.16925134813533e-9,4.64612762317126e-13
1,780,2000.0,5.102068593760324e-13,3.257223642025152e-9,4.775095148879098e-13
2,1,1800.0,4.851182808462525e-13,3.7268985086028884e-9,5.46363926602525e-13
2,2,1800.0,5.17520377834253e-13,3.627970096365057e-9,5.3186100530267e-13
2,3,1800.0,5.170592202114706e-13,3.626596252553898e-9,5.316595995768444e-13
2,4,1800.0,4.887097308391702e-13,3.711658791041013e-9,5.441297815330526e-13
2,5,1800.0,4.922828820743039e-13,3.701766781025159e-9,5.426796112582844e-13
2,6,1800.0,4.929351430751421e-13,3.6924839649659655e-9,5.413187489164947e-13
2,7,1800.0,4.865754853801113e-13,3.7225245584587745e-9,5.457227048010766e-13
2,8,1800.0,5.100091052027258e-13,3.652538985919044e-9,5.354628085012262e-13
2,9,1800.0,5.084581683238537e-13,3.6577772294590748e-9,5.362307358548756e-13
2,10,1800.0,4.8940089803921e-13,3.7169209525643636e-9,5.449012152669409e-13
2,11,1800.0,5.071005815784342e-13,3.6561529786185787e-9,5.359926204178836e-13
2,12,1800.0,4.815506405339483e-13,3.749131624181248e-9,5.496233049569289e-13
2,13,1800.0,4.805620353609849e-13,3.6615882846408916e-9,5.367894371634381e-13
2,14,1800.0,4.808896488877452e-13,3.757181927435407e-9,5.508034807213429e-13
2,15,1800.0,4.771726697588802e-13,3.700482225573083e-9,5.424912952204007e-13
2,16,1800.0,4.959134388827342e-13,3.6838633820364425e-9,5.4005497005906e-13
2,17,1800.0,4.784338579862966e-13,3.6682852349273346e-9,5.377712111630029e-13
2,18,1800.0,4.773204210631903e-13,3.837002343944817e-9,5.625051667443085e-13
2,19,1800.0,4.77124843498479e-13,3.785454575435892e-9,5.54948255509639e-13
2,20,1800.0,6.00802920708077e-13,4.16859821078394e-9,6.11117174673472e-13
2,21,1800.0,5.077219406167524e-13,3.840081770234668e-9,5.629566111384938e-13
2,22,1800.0,5.225641701954181e-13,3.879274773555109e-9,5.687023117901408e-13
2,23,1800.0,4.806514070656532e-13,3.831690181262559e-9,5.617264028324043e-13
2,24,1800.0,5.656119153129431e-13,4.0214485652593796e-9,5.895450127427445e-13
2,25,1800.0,5.900561166153877e-13,4.119196772445117e-9,6.038749157902994e-13
2,26,1800.0,5.134285897100511e-13,3.850686912453702e-9,5.645113267100594e-13
2,27,1800.0,4.79074472414084e-13,3.842504519531582e-9,5.633117865788714e-13
2,28,1800.0,5.398222063713357e-13,3.93233451938593e-9,5.764808791457426e-13
2,29,1800.0,5.693630032029968e-13,4.024137104156977e-9,5.899391529817459e-13
2,30,1800.0,5.853533686186231e-13,4.0940191130858554e-9,6.001838668394269e-13
2,31,1800.0,5.304030232634793e-13,3.896735319898078e-9,5.712620307195801e-13
2,32,1800.0,5.103210185110157e-13,3.84184778554688e-9,5.632155092700616e-13
2,33,1800.0,5.399058027262349e-13,3.9289515172948e-9,5.759849304897897e-13
2,34,1800.0,5.570259750639213e-13,3.9837779686939185e-9,5.840224971686136e-13
2,35,1800.0,5.556600713107088e-13,3.981143784114218e-9,5.836363252814427e-13
2,36,1800.0,6.039479742308013e-13,4.16781389361208e-9,6.110021936487058e-13
2,37,1800.0,5.559598338386695e-13,3.978162641079556e-9,5.831992892284292e-13
2,38,1800.0,4.753307456849144e-13,3.802671318310136e-9,5.5747223281097e-13
2,39,1800.0,5.091953686396451e-13,3.935466958084519e-9,5.769400951676578e-13
2,40,1800.0,5.72308133526033e-13,4.03428957155133e-9,5.914275063504998e-13
2,41,1800.0,5.641907644281074e-13,4.000562185231596e-9,5.864830660387624e-13
2,42,1800.0,5.031793587454267e-13,3.912038659221179e-9,5.735055027495803e-13
2,43,1800.0,5.181371678997014e-13,3.875849718516986e-9,5.682001981653294e-13
2,44,1800.0,5.316373685793688e-13,3.914359733166316e-9,5.738457725668755e-13
2,45,1800.0,5.513258505128959e-13,3.971032880674248e-9,5.821540651951514e-13
2,46,1800.0,5.305548691822465e-13,3.914098453007167e-9,5.738074688531128e-13
2,47,1800.0,4.811809571542588e-13,3.833488547702608e-9,5.619900436445667e-13
2,48,1800.0,5.296589230792412e-13,3.90614652594802e-9,5.726417150548638e-13
2,49,1800.0,4.766766888827754e-13,3.775511167832801e-9,5.534905503402352e-13
2,50,1800.0,4.785493692573405e-13,3.769130121680891e-9,5.52555087938095e-13
2,51,1800.0,5.140834357105455e-13,3.860136177767157e-9,5.658965905395549e-13
2,52,1800.0,4.753058938983095e-13,3.803462531746776e-9,5.575882248292731e-13
2,53,1800.0,5.162802212429837e-13,3.862563489125406e-9,5.66252434778865e-13
2,54,1800.0,5.175847474945251e-13,3.856854661794558e-9,5.654155197650597e-13
2,55,1800.0,4.769488495238405e-13,3.771025940136876e-9,5.528330152316199e-13
2,56,1800.0,5.086543262306181e-13,3.83891446353328e-9,5.627854837865018e-13
2,57,1800.0,4.756951901593466e-13,3.7871748977986025e-9,5.552004550473895e-13
2,58,1800.0,4.78770248125808e-13,3.736391162117765e-9,5.477555511493951e-13
2,59,1800.0,5.54378767140171e-13,3.970376072661432e-9,5.820577770338081e-13
2,60,1800.0,4.908077077005562e-13,3.6874979452902194e-9,5.4058779762231e-13
2,61,1800.0,5.844941169274071e-13,4.0823639927477246e-9,5.984752243050873e-13
2,62,1800.0,4.81756941156293e-13,3.757729437863421e-9,5.508837458390044e-13
2,63,1800.0,4.811809571542588e-13,3.83348854770261e-9,5.61990043644567e-13
2,64,1800.0,5.327123909948424e-13,3.920252929288604e-9,5.74709716075447e-13
2,65,1800.0,5.904506238853795e-13,4.117605135341578e-9,6.036415815324417e-13
2,66,1800.0,4.929982468312409e-13,3.708922337132534e-9,5.437286169456745e-13
2,67,1800.0,4.868319061396638e-13,3.733074025145871e-9,5.472692583306186e-13
2,68,1800.0,4.761443665411599e-13,3.7954347246272594e-9,5.564113470018511e-13
2,69,1800.0,4.856026099582587e-13,3.733772635064758e-9,5.473716746581803e-13
2,70,1800.0,5.729834196974752e-13,4.0364965347495275e-9,5.917510475137622e-13
2,71,1800.0,4.751230347731981e-13,3.821499015693111e-9,5.60232376304897e-13
2,72,1800.0,4.781952266461724e-13,3.8132481695768104e-9,5.590228009243253e-13
2,73,1800.0,4.90873388523221e-13,3.8797307331870685e-9,5.68769155546233e-13
2,74,1800.0,5.100442220895058e-13,3.6504387076338034e-9,5.351549073635287e-13
2,75,1800.0,4.788387635077767e-13,3.790365547650232e-9,5.556682048337939e-13
2,76,1800.0,5.647938524321007e-13,4.004101045083316e-9,5.870018634677287e-13
2,77,1800.0,4.828543495702241e-13,3.7080581626774986e-9,5.43601928830226e-13
2,78,1800.0,5.353257932827816e-13,3.920843895055208e-9,5.747963517528027e-13
2,79,1800.0,5.180385795159195e-13,3.9898165178572155e-9,5.84907749456602e-13
2,80,1800.0,4.842204315381151e-13,3.847420192841335e-9,5.640324250843773e-13
2,81,1800.0,4.756094167002255e-13,3.7975965458537604e-9,5.567282703447317e-13
2,82,1800.0,5.126226324538499e-13,3.6281515286464907e-9,5.318876033045925e-13
2,83,1800.0,4.91549424714936e-13,3.6978491546349136e-9,5.421052865932592e-13
2,84,1800.0,5.002103181871912e-13,3.666660183522115e-9,5.375329783630924e-13
2,85,1800.0,5.065168815828681e-13,3.92490669506468e-9,5.753919588939826e-13
2,86,1800.0,4.991089074593282e-13,3.6703776087901356e-9,5.380779535110872e-13
2,87,1800.0,4.961443657011389e-13,3.680688097470079e-9,5.395894728259709e-13
2,88,1800.0,4.80526397862796e-13,3.761169270510362e-9,5.513880258636683e-13
2,89,1800.0,5.271833517924112e-13,3.592097925619562e-9,5.266021392458071e-13
2,90,1800.0,4.868374262238175e-13,3.7181454148175107e-9,5.450807216321026e-13
2,91,1800.0,4.857234718911843e-13,3.7236922370043675e-9,5.458938866654893e-13
2,92,1800.0,4.828298508055008e-13,3.740882386466488e-9,5.484139653682843e-13
2,93,1800.0,5.355528860213138e-13,3.582210334933089e-9,5.251526168454438e-13
2,94,1800.0,4.790085999033531e-13,3.786018565734833e-9,5.550309365790548e-13
2,95,1800.0,5.338347468908921e-13,4.047047354341891e-9,5.932977993794361e-13
2,96,1800.0,5.954028686260755e-13,4.088585165819981e-9,5.993872492877869e-13
2,97,1800.0,4.89600484948717e-13,3.873911583014016e-9,5.679160671858445e-13
2,98,1800.0,5.990791838646287e-13,4.107278339030991e-9,6.021276715162574e-13
2,99,1800.0,5.298952204477412e-13,4.028870458691072e-9,5.906330635251322e-13
2,100,1800.0,4.824830020897053e-13,3.772069132090675e-9,5.529859473414592e-13
2,101,1800.0,5.181969281016629e-13,3.869990541346459e-9,5.673412418406107e-13
2,102,1800.0,4.792621209100436e-13,3.822427153559262e-9,5.603684414668026e-13
2,103,1800.0,4.80316744637703e-13,3.798415293295791e-9,5.568482988526965e-13
2,104,1800.0,4.816974337113747e-13,3.780758760992624e-9,5.542598483496645e-13
2,105,1800.0,5.18251051019935e-13,3.870358375515779e-9,5.673951663895687e-13
2,106,1800.0,5.468603293190526e-13,3.960507541728318e-9,5.806110487963827e-13
2,107,1800.0,5.623258480924853e-13,3.970351079298022e-9,5.820541130026734e-13
2,108,1800.0,4.807815300294092e-13,3.832135996010603e-9,5.617917593468671e-13
2,109,1800.0,4.789969261981595e-13,3.8442455635718435e-9,5.635670239179159e-13
2,110,1800.0,5.506350955851906e-13,3.931896311409636e-9,5.764166377852537e-13
2,111,1800.0,4.796829202063477e-13,3.814028350912523e-9,5.591371756348408e-13
2,112,1800.0,4.803611131234818e-13,3.8082237221067975e-9,5.582862161092605e-13
2,113,1800.0,4.841614452458015e-13,3.760798602341296e-9,5.513336858498874e-13
2,114,1800.0,4.791796294894082e-13,3.845513138570773e-9,5.637528506186109e-13
2,115,1800.0,4.789610943939474e-13,3.8461993360885484e-9,5.638534472861539e-13
2,116,1800.0,4.788027724694533e-13,3.8367499456537776e-9,5.624681651138531e-13
2,117,1800.0,4.809055504254282e-13,3.7924266871622045e-9,5.559703682209743e-13
2,118,1800.0,4.79012191943931e-13,3.8327260577231346e-9,5.61878262489749e-13
2,119,1800.0,4.83655883068104e-13,3.860426897884088e-9,5.659392101559093e-13
2,120,1800.0,4.790993343290971e-13,3.835138524028037e-9,5.622319304418278e-13
2,121,1800.0,4.808519419152355e-13,3.792199366091481e-9,5.559370429150897e-13
2,122,1800.0,4.791792510272476e-13,3.827477384396662e-9,5.611088061277134e-13
2,123,1800.0,4.789743325476414e-13,3.8397026799378744e-9,5.629010364394202e-13
2,124,1800.0,4.791743361933325e-13,3.8360086397325006e-9,5.623594895454073e-13
2,125,1800.0,4.811603303575128e-13,3.797961192553832e-9,5.567817276101802e-13
2,126,1800.0,4.794869074618822e-13,3.8293240802415e-9,5.613795320384666e-13
2,127,1800.0,4.846330723724877e-13,3.768669404769551e-9,5.524875467640731e-13
2,128,1800.0,4.824521613310107e-13,3.775847122526024e-9,5.5353980135282e-13
2,129,1800.0,4.810623194181122e-13,3.793052782007905e-9,5.560621538270307e-13
2,130,1800.0,4.79577939790074e-13,3.818339563805805e-9,5.597692001451287e-13
2,131,1800.0,4.804595835371654e-13,3.801685447588419e-9,5.573277040030628e-13
2,132,1800.0,4.793850304274155e-13,3.830181256000186e-9,5.615051941438937e-13
2,133,1800.0,5.272635343076995e-13,3.865375983112413e-9,5.66664746854104e-13
2,134,1800.0,4.810708319969816e-13,3.801691724429204e-9,5.573286241889412e-13
2,135,1800.0,4.863578725198911e-13,3.758618486621071e-9,5.510140805312556e-13
2,136,1800.0,4.791704184565616e-13,3.838397080694832e-9,5.627096353783634e-13
2,137,1800.0,5.201579702621212e-13,3.980854302102825e-9,5.835938871715612e-13
2,138,1800.0,5.725776036443698e-13,3.9916426913807934e-9,5.851754667917256e-13
2,139,1800.0,5.306525615779604e-13,3.803734682518072e-9,5.576281221765417e-13
2,140,1800.0,6.174267681399055e-13,4.196441733837721e-9,6.151990396748924e-13
2,141,1800.0,5.48255668508719e-13,3.916786141424607e-9,5.742014844115851e-13
2,142,1800.0,5.20832052937899e-13,3.8771996895381155e-9,5.683981041362597e-13
2,143,1800.0,5.1482623569208e-13,3.813207506364521e-9,5.590168396908e-13
2,144,1800.0,5.130078920679337e-13,3.829771205537065e-9,5.614450806794087e-13
2,145,1800.0,5.193497422540171e-13,3.857952203009966e-9,5.655764194854772e-13
2,146,1800.0,5.250939917798058e-13,3.872924963060406e-9,5.6777142854042e-13
2,147,1800.0,6.057321116838325e-13,4.13119966748543e-9,6.056345421524571e-13
2,148,1800.0,6.101861738017482e-13,4.154752802208829e-9,6.090874355278924e-13
2,149,1800.0,5.5476998918719e-13,3.942517990315179e-9,5.779737776377471e-13
2,150,1800.0,5.281099239348602e-13,3.830882242841155e-9,5.616079589286187e-13
2,151,1800.0,5.345506832365907e-13,3.867637760530967e-9,5.669963237909724e-13
2,152,1800.0,4.787487295944085e-13,3.792907664079608e-9,5.560408795151755e-13
2,153,1800.0,5.186502889362733e-13,3.974402518448636e-9,5.826480546400996e-13
2,154,1800.0,5.456210972954099e-13,3.931226264741644e-9,5.763184088349116e-13
2,155,1800.0,5.198870865487585e-13,3.8775910231981954e-9,5.684554737143794e-13
2,156,1800.0,5.494148316800244e-13,3.960086502725983e-9,5.805493244102643e-13
2,157,1800.0,5.293066552125101e-13,3.866623688591355e-9,5.668476606799421e-13
2,158,1800.0,5.454203304360752e-13,3.943255850972219e-9,5.780819481298964e-13
2,159,1800.0,5.512077996739422e-13,3.9792466619335e-9,5.833582068616605e-13
2,160,1800.0,5.112414131074209e-13,3.742135261395801e-9,5.485976370363861e-13
2,161,1800.0,5.134082218682317e-13,3.775999134400483e-9,5.535620863183021e-13
2,162,1800.0,5.236123919901498e-13,3.88580749439239e-9,5.696600097257879e-13
2,163,1800.0,5.333797789064418e-13,3.904951551007059e-9,5.724665315344572e-13
2,164,1800.0,5.436517095526987e-13,3.9509524656604355e-9,5.792102730931047e-13
2,165,1800.0,5.340708582369737e-13,3.913831863744398e-9,5.737683868238972e-13
2,166,1800.0,5.364760286476301e-13,3.929056427759423e-9,5.760003103809406e-13
2,167,1800.0,5.771968265011997e-13,4.068372291145992e-9,5.964240385780472e-13
2,168,1800.0,5.289204970849614e-13,3.895138815252098e-9,5.710279828792101e-13
2,169,1800.0,4.905827510636348e-13,3.726039704124915e-9,5.462380257265859e-13
2,170,1800.0,4.843191416042412e-13,3.760105470325984e-9,5.512320725838793e-13
2,171,1800.0,4.824910087263335e-13,3.770362557554125e-9,5.527357632372565e-13
2,172,1800.0,5.455551659058483e-13,3.906779201421167e-9,5.727344653819725e-13
2,173,1800.0,4.803511511168299e-13,3.788006760408162e-9,5.553224062410438e-13
2,174,1800.0,4.798157531525871e-13,3.770600307170287e-9,5.52770617369596e-13
2,175,1800.0,4.792694817374575e-13,3.812454029947271e-9,5.589063799256681e-13
2,176,1800.0,4.922041020002187e-13,3.883791063399271e-9,5.693644006147319e-13
2,177,1800.0,4.886399385696013e-13,3.73935377155354e-9,5.481898701738019e-13
2,178,1800.0,4.800236737712114e-13,3.838136745061361e-9,5.626714701322185e-13
2,179,1800.0,5.412395345322318e-13,3.915618216729036e-9,5.740302664615456e-13
2,180,1800.0,5.25649845182256e-13,3.851646274789236e-9,5.646519693842473e-13
2,181,1800.0,5.294142673511731e-13,3.866617524220968e-9,5.668467569822421e-13
2,182,1800.0,4.817477366901021e-13,3.7524892006394676e-9,5.50115526210968e-13
2,183,1800.0,5.271073160579403e-13,3.838598766817985e-9,5.62739202596771e-13
2,184,1800.0,5.493210800555604e-13,3.917415875504425e-9,5.74293803529954e-13
2,185,1800.0,4.805912443549172e-13,3.769453375333723e-9,5.52602476976096e-13
2,186,1800.0,5.303476752177698e-13,3.868200328670609e-9,5.670787963716039e-13
2,187,1800.0,5.67838579699754e-13,3.990261675435624e-9,5.849730096298894e-13
2,188,1800.0,5.35187949565974e-13,3.5825632283659297e-9,5.252043510800076e-13
2,189,1800.0,5.30063668733114e-13,3.588260619694047e-9,5.260395895739553e-13
2,190,1800.0,5.844757640198421e-13,3.6950061873297156e-9,5.416885071246246e-13
2,191,1800.0,5.075790388308096e-13,3.6430864881989713e-9,5.340770708003956e-13
2,192,1800.0,4.79828007745891e-13,3.7704138694243965e-9,5.527432855657713e-13
2,193,1800.0,4.784859579872734e-13,3.801451085709635e-9,5.57293346513573e-13
2,194,1800.0,4.850934418512009e-13,3.846819317566231e-9,5.639443366714659e-13
2,195,1800.0,4.877151393179211e-13,3.7140340430261737e-9,5.444779938598135e-13
2,196,1800.0,5.197754250906965e-13,3.979216536186257e-9,5.833537904222222e-13
2,197,1800.0,4.943262271372798e-13,3.860817499031205e-9,5.659964723475097e-13
2,198,1800.0,4.808152789576546e-13,3.757963024225926e-9,5.509179896376815e-13
2,199,1800.0,4.899662309826408e-13,3.7042501521923123e-9,5.430436738746839e-13
2,200,1800.0,4.956150568603761e-13,3.682582758473297e-9,5.39867230436732e-13
2,201,1800.0,4.803187140028181e-13,3.763668539899617e-9,5.517544191620097e-13
2,202,1800.0,5.098108968368782e-13,3.9379290136478506e-9,5.773010329130756e-13
2,203,1800.0,4.973365690240737e-13,3.6764844558161988e-9,5.389732182768485e-13
2,204,1800.0,4.90721367540159e-13,3.701156336387507e-9,5.425901199752695e-13
2,205,1800.0,4.957302067535634e-13,3.682169082185703e-9,5.398065854257905e-13
2,206,1800.0,4.867071429576884e-13,3.718773300692213e-9,5.451727698033015e-13
2,207,1800.0,4.916185920948177e-13,3.6975767462431042e-9,5.420653514787813e-13
2,208,1800.0,5.022048880819749e-13,3.6600646316286554e-9,5.36566069384406e-13
2,209,1800.0,4.786272353669766e-13,3.796634936966001e-9,5.565872983256228e-13
2,210,1800.0,4.877151393179211e-13,3.714034043026175e-9,5.444779938598138e-13
2,211,1800.0,4.852994664831138e-13,3.861887696503855e-9,5.661533634707981e-13
2,212,1800.0,4.820664994990098e-13,3.766020084080071e-9,5.520991559207507e-13
2,213,1800.0,4.786085988669832e-13,3.836298735007918e-9,5.624020175598943e-13
2,214,1800.0,4.899505934999698e-13,3.866750285590704e-9,5.668662198206056e-13
2,215,1800.0,4.813013236485342e-13,3.8468492054642074e-9,5.63948718242163e-13
2,216,1800.0,4.861883328202647e-13,3.858977512033134e-9,5.65726729954782e-13
2,217,1800.0,4.789413387488516e-13,3.787675677207486e-9,5.552738693900576e-13
2,218,1800.0,5.191147727401011e-13,3.985818317795309e-9,5.843216126782262e-13
2,219,1800.0,5.012907404296675e-13,3.920625688679908e-9,5.747643626627475e-13
2,220,1800.0,4.795208907336248e-13,3.812951981153928e-9,5.589793796534303e-13
2,221,1800.0,4.723014193864995e-13,3.733896017018866e-9,5.473897624726896e-13
2,222,1800.0,4.721205002163615e-13,3.749642634573695e-9,5.496982191634488e-13
2,223,1800.0,4.94240758296339e-13,3.685877695925951e-9,5.403502688023828e-13
2,224,1800.0,5.155150347648285e-13,3.6217489423053508e-9,5.309489831072132e-13
2,225,1800.0,4.913582166643889e-13,3.6835916300844003e-9,5.400151311787587e-13
2,226,1800.0,4.812566779164906e-13,3.775343185790255e-9,5.534659241455178e-13
2,227,1800.0,4.785059570470294e-13,3.831114169850798e-9,5.616419594658969e-13
2,228,1800.0,4.921930385451196e-13,3.7036104478527296e-9,5.429498931146143e-13
2,229,1800.0,4.90331354837666e-13,3.688883052325778e-9,5.407908545386617e-13
2,230,1800.0,4.97598498480015e-13,3.67493983878593e-9,5.387467771693683e-13
2,231,1800.0,4.872299669223157e-13,3.7119789926244006e-9,5.441767231371773e-13
2,232,1800.0,4.885210033968016e-13,3.72891027311262e-9,5.466588516063585e-13
2,233,1800.0,4.80557156138234e-13,3.716398916110117e-9,5.448246846379706e-13
2,234,1800.0,5.13297518861943e-13,3.6465611133983058e-9,5.345864514188906e-13
2,235,1800.0,4.830279806690131e-13,3.7485400556248215e-9,5.495365809104871e-13
2,236,1800.0,4.812230300520076e-13,3.77826395170687e-9,5.538941089032206e-13
2,237,1800.0,4.888416437808505e-13,3.8607602781038545e-9,5.659880837502674e-13
2,238,1800.0,4.954609791920311e-13,3.7038843576249277e-9,5.429900483317009e-13
2,239,1800.0,4.907746997793845e-13,3.866574070991586e-9,5.668403867317579e-13
2,240,1800.0,4.80997138685717e-13,3.773804328206416e-9,5.532403273738196e-13
2,241,1800.0,4.861100074457369e-13,3.852458103415917e-9,5.647709835927581e-13
2,242,1800.0,4.815591597139791e-13,3.742497070269316e-9,5.486506782760005e-13
2,243,1800.0,4.797925647179141e-13,3.796814627148272e-9,5.56613640935525e-13
2,244,1800.0,5.139301446248112e-13,3.6244486062079915e-9,5.313447542737608e-13
2,245,1800.0,4.988150763768794e-13,3.6713792842545562e-9,5.382247992968414e-13
2,246,1800.0,5.161176110484445e-13,3.6184239828161996e-9,5.304615435061365e-13
2,247,1800.0,5.24342803619999e-13,3.597987718021497e-9,5.274655837684219e-13
2,248,1800.0,4.975192072803858e-13,3.6758470741570978e-9,5.388797780221148e-13
2,249,1800.0,5.104078989466627e-13,3.6345877962998032e-9,5.328311611878059e-13
2,250,1800.0,5.131306396988995e-13,3.6267041011885493e-9,5.316754102041988e-13
2,251,1800.0,5.113814135211276e-13,3.6317355613753166e-9,5.324130230846785e-13
2,252,1800.0,5.470498096103528e-13,3.574976366609816e-9,5.240921159144691e-13
2,253,1800.0,5.00346352181551e-13,3.901321376097141e-9,5.719343473031296e-13
2,254,1800.0,4.908532623443325e-13,3.881845968233855e-9,5.690792493476022e-13
2,255,1800.0,4.834369345294135e-13,3.8599941141751535e-9,5.658757639938962e-13
2,256,1800.0,4.787982961846187e-13,3.827333834664733e-9,5.610877617137004e-13
2,257,1800.0,5.049328626653929e-13,3.93342048708231e-9,5.76640082186391e-13
2,258,1800.0,5.995082320441145e-13,4.118075189794032e-9,6.037104915915075e-13
2,259,1800.0,6.104205038542049e-13,4.165965734175129e-9,6.10731253175111e-13
2,260,1800.0,5.183746625008225e-13,3.986805497854003e-9,5.84466333435147e-13
2,261,1800.0,6.095685349318063e-13,4.152895885207651e-9,6.088152111939598e-13
2,262,1800.0,4.790200693666853e-13,3.820671004061907e-9,5.601109896652949e-13
2,263,1800.0,5.12039691076015e-13,3.946905336435027e-9,5.786169632914136e-13
2,264,1800.0,5.261616589699962e-13,3.594048564965962e-9,5.268881032907694e-13
2,265,1800.0,4.902402984104427e-13,3.7031180921632674e-9,5.428777136905815e-13
2,266,1800.0,5.360628177521466e-13,3.5817305928845994e-9,5.250822865832261e-13
2,267,1800.0,5.243576107860444e-13,3.5979547746532614e-9,5.274607542652887e-13
2,268,1800.0,5.468755984360536e-13,3.5750276397040948e-9,5.240996325584171e-13
2,269,1800.0,4.896245483072067e-13,3.7056771721195403e-9,5.432528752277609e-13
2,270,1800.0,5.04115526957602e-13,3.6539016034619242e-9,5.356625684542989e-13
2,271,1800.0,6.237717501471231e-13,4.250540060885559e-9,6.231298632055725e-13
2,272,1800.0,4.861939547184271e-13,3.852926917553844e-9,5.648397118215129e-13
2,273,1800.0,4.781368778942493e-13,3.815195473129496e-9,5.593082759413875e-13
2,274,1800.0,5.079358083227302e-13,3.932591874494195e-9,5.765186074464083e-13
2,275,1800.0,6.020204078012499e-13,4.126434167338936e-9,6.049359190570727e-13
2,276,1800.0,4.980004254822285e-13,3.892291702494815e-9,5.706105956866267e-13
2,277,1800.0,4.900182608203518e-13,3.843639251802503e-9,5.634781385140668e-13
2,278,1800.0,5.001862775599786e-13,3.900919203883068e-9,5.718753887912346e-13
2,279,1800.0,4.721358665496817e-13,3.729328175807374e-9,5.46720116209276e-13
2,280,1800.0,5.860239519331714e-13,4.0334090180726566e-9,5.912984170675261e-13
2,281,1800.0,5.964989557447628e-13,4.0897887182918355e-9,5.995636902756155e-13
2,282,1800.0,5.597021613202253e-13,3.937664388423032e-9,5.772622388121424e-13
2,283,1800.0,4.787529553253519e-13,3.802320556476289e-9,5.57420811069165e-13
2,284,1800.0,5.161124151184738e-13,3.963694638513722e-9,5.810782777027016e-13
2,285,1800.0,4.793999698611466e-13,3.779355307206337e-9,5.540541017966765e-13
2,286,1800.0,4.822931496926476e-13,3.75125734594354e-9,5.499349361124943e-13
2,287,1800.0,5.862669806865007e-13,4.0662223655584835e-9,5.961088591377745e-13
2,288,1800.0,5.611252658586689e-13,3.971526355944349e-9,5.822264087498877e-13
2,289,1800.0,4.874275875595844e-13,3.727509275375006e-9,5.464534651105049e-13
2,290,1800.0,5.599428813659394e-13,3.976712384691214e-9,5.829866814063794e-13
2,291,1800.0,4.770967521268322e-13,3.653743139368435e-9,5.356393375924591e-13
2,292,1800.0,4.79840221418368e-13,3.790397508059184e-9,5.556728902349366e-13
2,293,1800.0,4.850654910112362e-13,3.737577355810278e-9,5.479294473373532e-13
2,294,1800.0,4.805304904271879e-13,3.790080705112611e-9,5.556264468715208e-13
2,295,1800.0,4.786644184633022e-13,3.832244471990297e-9,5.618076619431065e-13
2,296,1800.0,4.817156747262408e-13,3.785218340390766e-9,5.549136234136594e-13
2,297,1800.0,6.069938480463091e-13,4.150275223904397e-9,6.084310218213123e-13
2,298,1800.0,4.836537029368195e-13,3.8573398227957256e-9,5.654866444466202e-13
2,299,1800.0,4.862119373182328e-13,3.7212085033914117e-9,5.455297709144764e-13
2,300,1800.0,4.804822285569405e-13,3.800759803171684e-9,5.571920043812464e-13
2,301,1800.0,5.260093412253962e-13,3.849598720385394e-9,5.64351797576125e-13
2,302,1800.0,4.805557024157718e-13,3.798068919515473e-9,5.567975204002514e-13
2,303,1800.0,4.813470661414878e-13,3.809897784159702e-9,5.585316338780809e-13
2,304,1800.0,4.802597113486022e-13,3.795853717404343e-9,5.564727714110151e-13
2,305,1800.0,4.808993441792416e-13,3.761208535278023e-9,5.513937820849839e-13
2,306,1800.0,4.794404367388695e-13,3.8178275714460945e-9,5.596941419820486e-13
2,307,1800.0,4.853730197804533e-13,3.759097350268319e-9,5.510842820197087e-13
2,308,1800.0,5.293914986708578e-13,3.806001844517754e-9,5.57960488493878e-13
2,309,1800.0,4.801978688198427e-13,3.804645638568277e-9,5.577616684814393e-13
2,310,1800.0,5.009234860321925e-13,3.7814545595511255e-9,5.543618525313371e-13
2,311,1800.0,5.326311613231225e-13,3.868743059175439e-9,5.671583607517504e-13
2,312,1800.0,5.009675248851708e-13,3.716681737440203e-9,5.448661462908908e-13
2,313,1800.0,4.95838182033792e-13,3.6462651584176238e-9,5.345430643706601e-13
2,314,1800.0,4.963553361182415e-13,3.736917712573908e-9,5.478327435317765e-13
2,315,1800.0,4.774811769317175e-13,3.7095838043246805e-9,5.438255881434642e-13
2,316,1800.0,5.174365781553704e-13,3.7019635958433655e-9,5.427084643425958e-13
2,317,1800.0,4.984740671962282e-13,3.744925072353337e-9,5.49006623775821e-13
2,318,1800.0,5.122584594178212e-13,3.807996555249484e-9,5.582529134110869e-13
2,319,1800.0,4.810409020234141e-13,3.7556431780595085e-9,5.505778998129461e-13
2,320,1800.0,4.982656099163013e-13,3.747019301411584e-9,5.493136380958588e-13
2,321,1800.0,4.927999906914252e-13,3.6267739334746687e-9,5.316856476286845e-13
2,322,1800.0,4.870355696414014e-13,3.853505668308421e-9,5.649245567761218e-13
2,323,1800.0,4.802511982255013e-13,3.76452065907865e-9,5.518793399720385e-13
2,324,1800.0,4.802377634650798e-13,3.764692059571487e-9,5.519044673121236e-13
2,325,1800.0,4.930549897287342e-13,3.5832361339505663e-9,5.253029991479939e-13
2,326,1800.0,5.097067338204284e-13,3.695166703235308e-9,5.417120387824519e-13
2,327,1800.0,4.961009278207768e-13,3.687876033408338e-9,5.40643225401827e-13
2,328,1800.0,4.705866376160856e-13,3.580908712690125e-9,5.249617988132444e-13
2,329,1800.0,4.740146820164168e-13,3.6009908661658693e-9,5.279058457740926e-13
2,330,1800.0,5.210993754161437e-13,3.75983038544484e-9,5.511917450956303e-13
2,331,1800.0,4.709053581935699e-13,3.5761508068262445e-9,5.242642890409245e-13
2,332,1800.0,4.791238034674743e-13,3.826532374521975e-9,5.609702675266165e-13
2,333,1800.0,5.080505678642828e-13,3.6305975006458675e-9,5.322461831969223e-13
2,334,1800.0,4.791965026787996e-13,3.756844470247453e-9,5.507540094427862e-13
2,335,1800.0,4.922647921429782e-13,3.6950550400605567e-9,5.416956689428995e-13
2,336,1800.0,4.808363692104354e-13,3.774227439810376e-9,5.533023556036725e-13
2,337,1800.0,4.799767863298136e-13,3.772273102825057e-9,5.530158494842441e-13
2,338,1800.0,4.803323502671559e-13,3.763499319721098e-9,5.517296114563579e-13
2,339,1800.0,4.823799857853344e-13,3.694856162692908e-9,5.416665134885049e-13
2,340,1800.0,4.814474657322449e-13,3.771424635567176e-9,5.528914640464492e-13
2,341,1800.0,4.862006220741261e-13,3.7254866637978514e-9,5.461569499248256e-13
2,342,1800.0,4.801310139633411e-13,3.829931720137814e-9,5.614686121459457e-13
2,343,1800.0,4.793670455310413e-13,3.792728879673158e-9,5.560146696921556e-13
2,344,1800.0,4.819247125669212e-13,3.76734053570292e-9,5.522927343430992e-13
2,345,1800.0,4.791262747309644e-13,3.7832103799730424e-9,5.546192560903321e-13
2,346,1800.0,4.817418518689922e-13,3.758166624321328e-9,5.509478374447317e-13
2,347,1800.0,4.867919949380579e-13,3.726136768470574e-9,5.462522553754225e-13
2,348,1800.0,5.181798306812061e-13,3.865515989955398e-9,5.666852718800224e-13
2,349,1800.0,4.912293578437775e-13,3.7181307780513056e-9,5.450785758798e-13
2,350,1800.0,5.452161474074707e-13,3.955531257205866e-9,5.79881524677252e-13
2,351,1800.0,5.394804341729502e-13,3.9314360179486064e-9,5.76349158689116e-13
2,352,1800.0,4.791374850720695e-13,3.783044357986006e-9,5.545949172400709e-13
2,353,1800.0,5.469173098555225e-13,3.960888035331905e-9,5.8066682922046e-13
2,354,1800.0,4.825580639535817e-13,3.742825881054746e-9,5.486988819905428e-13
2,355,1800.0,4.868591668214667e-13,3.718041036336543e-9,5.450654197298419e-13
2,356,1800.0,5.584533421126614e-13,3.997163671610907e-9,5.859848433900571e-13
2,357,1800.0,5.042627702291172e-13,3.916184114663649e-9,5.741132271906606e-13
2,358,1800.0,4.779417318449822e-13,3.80097953223744e-9,5.572242166979699e-13
2,359,1800.0,5.349816241446205e-13,3.9194961871622375e-9,5.745987775568281e-13
2,360,1800.0,5.142618397046562e-13,3.854974681820961e-9,5.651399143956253e-13
2,361,1800.0,4.801853366143565e-13,3.756038426881427e-9,5.50635843354427e-13
2,362,1800.0,4.791974792749332e-13,3.734808678900903e-9,5.475235588528108e-13
2,363,1800.0,4.845048673450038e-13,3.7052153949875836e-9,5.431851786252243e-13
2,364,1800.0,5.189900856660413e-13,3.83776507963804e-9,5.626169839208019e-13
2,365,1800.0,4.820487980541671e-13,3.746705658577307e-9,5.492676580054189e-13
2,366,1800.0,4.786004226512451e-13,3.779156847663984e-9,5.540250075955381e-13
2,367,1800.0,4.783938985749905e-13,3.751206054341248e-9,5.499274167552685e-13
2,368,1800.0,5.785354930788157e-13,4.089640316605241e-9,5.995419345642606e-13
2,369,1800.0,5.326036043632849e-13,3.8750613511714925e-9,5.680846233844507e-13
2,370,1800.0,5.454354166606316e-13,3.946747606004042e-9,5.785938399846161e-13
2,371,1800.0,4.799036547400346e-13,3.766566460464689e-9,5.521792547874662e-13
2,372,1800.0,4.799852115357678e-13,3.7817227038530955e-9,5.544011625295521e-13
2,373,1800.0,4.820709890127469e-13,3.717818851499829e-9,5.450328473966972e-13
2,374,1800.0,4.852916178005754e-13,3.744398394757585e-9,5.489294127547523e-13
2,375,1800.0,4.931316578737704e-13,3.874947674677774e-9,5.680679583920107e-13
2,376,1800.0,5.184940235933285e-13,3.858604899469678e-9,5.656721048924677e-13
2,377,1800.0,4.781612666465166e-13,3.823278646962807e-9,5.604932705380432e-13
2,378,1800.0,4.977232655115306e-13,3.6930837233077988e-9,5.414066735868071e-13
2,379,1800.0,4.959609251688551e-13,3.6433037406263665e-9,5.341089200415331e-13
2,380,1800.0,5.001777686252372e-13,3.7439024849486735e-9,5.48856712296231e-13
2,381,1800.0,5.442343643980371e-13,3.834617402012319e-9,5.621555338696943e-13
2,382,1800.0,4.972204153196721e-13,3.714326137345148e-9,5.445208149344108e-13
2,383,1800.0,5.06157721175874e-13,3.6819625970345715e-9,5.397763146691019e-13
2,384,1800.0,4.929916400381795e-13,3.585105018191004e-9,5.255769778811453e-13
2,385,1800.0,5.901947152399019e-13,4.114852174773875e-9,6.032379970661408e-13
2,386,1800.0,6.029192755510113e-13,4.1214258319056245e-9,6.04201696269205e-13
2,387,1800.0,4.800932105540217e-13,3.729870940497565e-9,5.467996856010021e-13
2,388,1800.0,5.499665035823843e-13,3.961022040297256e-9,5.806864743701427e-13
2,389,1800.0,5.869180443755218e-13,4.099036748565562e-9,6.009194530156066e-13
2,390,1800.0,5.457595552594022e-13,3.912880333512308e-9,5.736288923373462e-13
2,391,1800.0,5.306804434130353e-13,3.8731131770532e-9,5.677990207423291e-13
2,392,1800.0,4.775775481614928e-13,3.7105046547104323e-9,5.439605849595598e-13
2,393,1800.0,4.783984866651902e-13,3.822529517790108e-9,5.603834480796684e-13
2,394,1800.0,5.779757924783763e-13,4.090171322200747e-9,5.996197800707961e-13
2,395,1800.0,5.220995949344773e-13,3.8843968978931745e-9,5.694532160499246e-13
2,396,1800.0,5.039514792888399e-13,3.831731478866762e-9,5.61732457067887e-13
2,397,1800.0,5.154122581530199e-13,3.960765407959092e-9,5.806488520276911e-13
2,398,1800.0,5.297927917297225e-13,3.887605907239787e-9,5.699236573412751e-13
2,399,1800.0,5.068091948873128e-13,3.798056175968744e-9,5.567956521942314e-13
2,400,1800.0,4.884045489625778e-13,3.858264994012964e-9,5.656222746973135e-13
2,401,1800.0,5.119740334414393e-13,3.8196550684430014e-9,5.599620533385773e-13
2,402,1800.0,5.425068935742979e-13,3.924362314073302e-9,5.7531215255224e-13
2,403,1800.0,5.01323267244174e-13,3.788971467826257e-9,5.554638325052032e-13
2,404,1800.0,4.793918466842957e-13,3.6639298863144537e-9,5.371327163490541e-13
2,405,1800.0,4.805060694292166e-13,3.752873098483914e-9,5.501718056973081e-13
2,406,1800.0,4.780714020037976e-13,3.819024584970394e-9,5.598696243591038e-13
2,407,1800.0,4.808152789576497e-13,3.7579630242259275e-9,5.509179896376818e-13
2,408,1800.0,4.791780739815235e-13,3.782155141685451e-9,5.544645579860025e-13
2,409,1800.0,5.583213385708046e-13,3.995725383974719e-9,5.857739901890167e-13
2,410,1800.0,5.045392948140119e-13,3.917242606636188e-9,5.74268402285732e-13
2,411,1800.0,4.993768712580704e-13,3.798130967659884e-9,5.568066166682986e-13
2,412,1800.0,5.10886343540593e-13,3.782746592882057e-9,5.545512648274755e-13
2,413,1800.0,4.802783790455299e-13,3.765948418749124e-9,5.520886497715954e-13
2,414,1800.0,4.788978377064271e-13,3.756293370924066e-9,5.506732181924803e-13
2,415,1800.0,4.78601887534046e-13,3.79746063093392e-9,5.567083451954109e-13
2,416,1800.0,4.803870417036564e-13,3.762826061718075e-9,5.516309117237788e-13
2,417,1800.0,6.287083167072255e-13,4.262935800753136e-9,6.249470806832041e-13
2,418,1800.0,5.862243824639742e-13,4.047097094319663e-9,5.933050912682552e-13
2,419,1800.0,5.605562655346963e-13,3.8864575827006246e-9,5.697553127773481e-13
2,420,1800.0,5.454950829831641e-13,3.861925733121949e-9,5.661589396451879e-13
2,421,1800.0,6.098540584196806e-13,4.140628800620477e-9,6.070168546013284e-13
2,422,1800.0,5.1359408748864e-13,3.734027414407529e-9,5.474090253512064e-13
2,423,1800.0,4.800713750953774e-13,3.748585101345493e-9,5.495431846204529e-13
2,424,1800.0,5.091315700875007e-13,3.801048261961618e-9,5.57234292486696e-13
2,425,1800.0,5.101304318105643e-13,3.7035119269618536e-9,5.429354499360123e-13
2,426,1800.0,5.520370527916365e-13,3.867361464338191e-9,5.669558187242414e-13
2,427,1800.0,4.784079195746829e-13,3.6718044420115544e-9,5.382871274930622e-13
2,428,1800.0,4.764580524355576e-13,3.5696608446061907e-9,5.233128595255068e-13
2,429,1800.0,5.122060322323338e-13,3.76958022505814e-9,5.526210731662957e-13
2,430,1800.0,5.113901076537305e-13,3.778837813204986e-9,5.539782370920384e-13
2,431,1800.0,5.0892585512083e-13,3.7486928373154085e-9,5.495589787311387e-13
2,432,1800.0,5.086537233478158e-13,3.73426335305877e-9,5.474436139957943e-13
2,433,1800.0,4.794771496893838e-13,3.776236269403724e-9,5.535968503482876e-13
2,434,1800.0,5.371323078763567e-13,3.855204919418475e-9,5.651736672648109e-13
2,435,1800.0,5.052976289680489e-13,3.6897477208286966e-9,5.409176150816101e-13
2,436,1800.0,5.070741542749964e-13,3.6290394669041885e-9,5.320177751973704e-13
2,437,1800.0,5.069443026839009e-13,3.577718154896845e-9,5.244940625226089e-13
2,438,1800.0,4.808896488877452e-13,3.757181927435406e-9,5.508034807213426e-13
2,439,1800.0,5.233737094772548e-13,3.7704782170539085e-9,5.527527189387076e-13
2,440,1800.0,5.088917135708835e-13,3.7416291008422665e-9,5.485234338170384e-13
2,441,1800.0,4.82139360503286e-13,3.8367384613483e-9,5.624664815128051e-13
2,442,1800.0,5.104401450961297e-13,3.940437409995629e-9,5.776687642250186e-13
2,443,1800.0,4.810570458114812e-13,3.713659188329041e-9,5.444230401003381e-13
2,444,1800.0,4.85071210442061e-13,3.8282126906550135e-9,5.612166021446001e-13
2,445,1800.0,4.866205767819794e-13,3.719193448656402e-9,5.452343635630829e-13
2,446,1800.0,4.779406391790476e-13,3.7923489610162645e-9,5.559589735553569e-13
2,447,1800.0,4.775818172244702e-13,3.775868155584402e-9,5.535428848025939e-13
2,448,1800.0,4.7702719007273e-13,3.7846303862514154e-9,5.54827429241348e-13
2,449,1800.0,4.774395662229794e-13,3.7573943460341985e-9,5.50834621322422e-13
2,450,1800.0,4.837933979120833e-13,3.7110328161620535e-9,5.440380135141399e-13
2,451,1800.0,5.174629408580623e-13,3.5874441679489154e-9,5.259198976155287e-13
2,452,1800.0,4.818824267602417e-13,3.706665122729093e-9,5.433977089475627e-13
2,453,1800.0,4.828115422243574e-13,3.741010700898005e-9,5.484327762847827e-13
2,454,1800.0,4.854924911457961e-13,3.724898143932525e-9,5.460706728169942e-13
2,455,1800.0,4.789448061543218e-13,3.739593569917148e-9,5.482250246528496e-13
2,456,1800.0,4.820181238914493e-13,3.709785283736674e-9,5.438551250579824e-13
2,457,1800.0,5.061217273231348e-13,3.571663909248093e-9,5.236065091273037e-13
2,458,1800.0,4.873390769266338e-13,3.7105907744052087e-9,5.439732101207997e-13
2,459,1800.0,5.03522929634766e-13,3.6820085732957417e-9,5.397830547964558e-13
2,460,1800.0,5.057327254097675e-13,3.5869076571774425e-9,5.258412450493024e-13
2,461,1800.0,4.84000190796026e-13,3.7159056607380258e-9,5.447523733203182e-13
2,462,1800.0,4.827018931454502e-13,3.654141387245395e-9,5.356977207958962e-13
2,463,1800.0,5.059301396029711e-13,3.550602451737866e-9,5.205188960359632e-13
2,464,1800.0,4.861715966190865e-13,3.7188901552818193e-9,5.451899007051148e-13
2,465,1800.0,5.112532382739084e-13,3.7832995777407734e-9,5.546323324975671e-13
2,466,1800.0,4.9956022504203e-13,3.6501287215201025e-9,5.35109463348919e-13
2,467,1800.0,5.594510546746438e-13,3.993897399136461e-9,5.855060073148668e-13
2,468,1800.0,4.818342815064389e-13,3.6956664394194455e-9,5.417853001882027e-13
2,469,1800.0,5.044735839757027e-13,3.6146756511212152e-9,5.299120374709298e-13
2,470,1800.0,5.161966713412342e-13,3.795367012459814e-9,5.564014203871072e-13
2,471,1800.0,4.795210736522305e-13,3.772335306236267e-9,5.530249685144292e-13
2,472,1800.0,5.611887368188208e-13,4.017925936550263e-9,5.890285948019196e-13
2,473,1800.0,5.872669231530313e-13,4.142618667859946e-9,6.073085694617853e-13
2,474,1800.0,5.633756574471986e-13,4.024397583401048e-9,5.899773392812282e-13
2,475,1800.0,5.204042551925513e-13,3.879688861552285e-9,5.68763017157774e-13
2,476,1800.0,5.505207402576727e-13,3.9495805619848165e-9,5.790091517914644e-13
2,477,1800.0,4.780342078880304e-13,3.819719616758616e-9,5.599715161321289e-13
2,478,1800.0,4.803111803066066e-13,3.786746090744276e-9,5.551375918635878e-13
2,479,1800.0,4.793953444668397e-13,3.763349868146199e-9,5.517077018312069e-13
2,480,1800.0,5.000969998149193e-13,3.9003938697326284e-9,5.717983747194667e-13
2,481,1800.0,4.79465968695327e-13,3.7764391046304086e-9,5.536265860254596e-13
2,482,1800.0,4.796462806605744e-13,3.798808095908021e-9,5.569058837794399e-13
2,483,1800.0,4.90948149338801e-13,3.711782131588559e-9,5.44147863277353e-13
2,484,1800.0,4.815071270641803e-13,3.842663390794436e-9,5.633350771318061e-13
2,485,1800.0,4.794378190473811e-13,3.8502260697090975e-9,5.644437670888603e-13
2,486,1800.0,4.836758672483688e-13,3.8549141187926695e-9,5.651310358458425e-13
2,487,1800.0,4.803540066539317e-13,3.806906719028561e-9,5.580931432441122e-13
2,488,1800.0,4.787399977480889e-13,3.793167275366537e-9,5.560789385719997e-13
2,489,1800.0,4.848842684730691e-13,3.864570326836346e-9,5.665466375131955e-13
2,490,1800.0,5.034519363643369e-13,3.921703566041882e-9,5.749223796590581e-13
2,491,1800.0,4.793506403175597e-13,3.8009167309291065e-9,5.572150100159693e-13
2,492,1800.0,5.856209756188129e-13,4.0456781026861394e-9,5.93097066864339e-13
2,493,1800.0,4.998607242865675e-13,3.6706045010187245e-9,5.381112159486451e-13
2,494,1800.0,4.793564235771205e-13,3.778500658022588e-9,5.539288100875455e-13
2,495,1800.0,4.86340332166143e-13,3.6971627768657424e-9,5.420046635008323e-13
2,496,1800.0,4.791657410610301e-13,3.812104315141648e-9,5.588551116783707e-13
2,497,1800.0,4.988704214331565e-13,3.898321999948513e-9,5.714946382726477e-13
2,498,1800.0,4.763254316088924e-13,3.747619347410202e-9,5.494016049367026e-13
2,499,1800.0,5.175483732141197e-13,3.96972528576071e-9,5.819623715684757e-13
2,500,1800.0,4.78914894590045e-13,3.807873882327537e-9,5.582349295408077e-13
2,501,1800.0,4.8270439093591e-13,3.838657020730225e-9,5.627477426297657e-13
2,502,1800.0,4.776583414080443e-13,3.810310555828416e-9,5.585921462717477e-13
2,503,1800.0,4.789925550537549e-13,3.791980745398839e-9,5.559049930860449e-13
2,504,1800.0,4.772867463054806e-13,3.765361407437156e-9,5.520025938179314e-13
2,505,1800.0,4.771876492915373e-13,3.748536921265905e-9,5.49536121412961e-13
2,506,1800.0,4.786443398258697e-13,3.796089710754244e-9,5.565073680744355e-13
2,507,1800.0,4.802277359659909e-13,3.791086935619028e-9,5.557739604271714e-13
2,508,1800.0,6.018104539732874e-13,4.115986812593571e-9,6.034043351547713e-13
2,509,1800.0,5.20924507940311e-13,3.984176886070267e-9,5.840809785207697e-13
2,510,1800.0,5.963785893362363e-13,4.090535366079292e-9,5.996731489625107e-13
2,511,1800.0,4.79368596725756e-13,3.845244781549567e-9,5.637135094357214e-13
2,512,1800.0,5.74274354844598e-13,4.006473334977054e-9,5.873496415514062e-13
2,513,1800.0,5.498547836570769e-13,3.936492558814269e-9,5.770904484011949e-13
2,514,1800.0,4.786209263607517e-13,3.8181550203219545e-9,5.597421460404268e-13
2,515,1800.0,4.810486652918173e-13,3.833035348452185e-9,5.619236045608559e-13
2,516,1800.0,4.778635827429192e-13,3.789933513732735e-9,5.556048685913274e-13
2,517,1800.0,4.824631982756028e-13,3.829415713882038e-9,5.613929655450506e-13
2,518,1800.0,5.130268225126583e-13,3.950928806551452e-9,5.792068046638855e-13
2,519,1800.0,5.881697182108963e-13,4.055083304298941e-9,5.944758709481629e-13
2,520,1800.0,4.784913215948192e-13,3.765270212276114e-9,5.519892245925128e-13
2,521,1800.0,4.946968545241288e-13,3.6716016112465566e-9,5.382573924699741e-13
2,522,1800.0,4.972680552141262e-13,3.646297108769749e-9,5.345477482974703e-13
2,523,1800.0,6.057675078397702e-13,4.1355765379041284e-9,6.062761920666338e-13
2,524,1800.0,5.064408087162368e-13,3.746130945655645e-9,5.491834049977709e-13
2,525,1800.0,5.050906344537186e-13,3.6624269596757086e-9,5.369123870597416e-13
2,526,1800.0,5.411079259648201e-13,3.936072640199668e-9,5.770288882641003e-13
2,527,1800.0,5.444216423942782e-13,3.947496517010681e-9,5.78703630459811e-13
2,528,1800.0,5.470005086981025e-13,3.956194381380396e-9,5.799787387889282e-13
2,529,1800.0,4.826119209343532e-13,3.742433910756736e-9,5.486414190811994e-13
2,530,1800.0,4.790019750963272e-13,3.803683919770747e-9,5.576206803495402e-13
2,531,1800.0,4.802276697084054e-13,3.779217217272586e-9,5.54033857789963e-13
2,532,1800.0,4.814025600566678e-13,3.735814449439932e-9,5.476710049771677e-13
2,533,1800.0,5.876813543570759e-13,4.053056828108262e-9,5.941787892095133e-13
2,534,1800.0,5.008454556578993e-13,3.903199340724962e-9,5.722096572225461e-13
2,535,1800.0,5.388421988157967e-13,3.902763084329087e-9,5.721457019640637e-13
2,536,1800.0,5.581178853478994e-13,3.9526716496664885e-9,5.794623057475843e-13
2,537,1800.0,4.877105667120094e-13,3.8558533710106096e-9,5.652687303735252e-13
2,538,1800.0,5.812983336558556e-13,4.035346066592618e-9,5.915823886951255e-13
2,539,1800.0,5.347393137051608e-13,3.797672146813342e-9,5.56739353457684e-13
2,540,1800.0,5.093966255056302e-13,3.6737308154263023e-9,5.385695341485037e-13
2,541,1800.0,4.795674926664109e-13,3.774635506947118e-9,5.533621783121883e-13
2,542,1800.0,5.106790694459284e-13,3.652999656513268e-9,5.355303428851514e-13
2,543,1800.0,5.068742855935045e-13,3.5979997744476366e-9,5.27467351242452e-13
2,544,1800.0,5.110217726019333e-13,3.6884267861428033e-9,5.407239658421408e-13
2,545,1800.0,5.045832057067959e-13,3.695222982429664e-9,5.417202893214841e-13
2,546,1800.0,5.261921847365057e-13,3.814555206396531e-9,5.592144127343566e-13
2,547,1800.0,5.117157658160893e-13,3.7258616981154645e-9,5.462119300166925e-13
2,548,1800.0,4.858014714252601e-13,3.85025709663098e-9,5.644483156406471e-13
2,549,1800.0,4.848220290075143e-13,3.725839646649584e-9,5.462086972682134e-13
2,550,1800.0,4.778872897840736e-13,3.795037644896597e-9,5.563531350488509e-13
2,551,1800.0,5.328298682330194e-13,3.899981276656323e-9,5.717378885074761e-13
2,552,1800.0,4.784374636397211e-13,3.803234625660405e-9,5.575548137599994e-13
2,553,1800.0,5.255981677073882e-13,3.886369645906376e-9,5.697424212290305e-13
2,554,1800.0,4.800608646969258e-13,3.739928642229496e-9,5.482741463082551e-13
2,555,1800.0,5.718425592702745e-13,4.053125374236988e-9,5.941888380831163e-13
2,556,1800.0,4.771980991481067e-13,3.7168047045772797e-9,5.448841732931559e-13
2,557,1800.0,4.773056820727166e-13,3.7407778449688755e-9,5.48398639567757e-13
2,558,1800.0,4.797317234878789e-13,3.778737394043134e-9,5.539635156266031e-13
2,559,1800.0,4.733664222106355e-13,3.702817156111094e-9,5.428335964164614e-13
2,560,1800.0,4.793155542349921e-13,3.795664216981649e-9,5.564449906182737e-13
2,561,1800.0,4.780430497679653e-13,3.822881459534738e-9,5.604350427965857e-13
2,562,1800.0,5.491737325343628e-13,3.954452739453066e-9,5.797234137995422e-13
2,563,1800.0,4.786703923346395e-13,3.806867925159669e-9,5.580874560566326e-13
2,564,1800.0,5.511174374996671e-13,3.972037383643155e-9,5.823013254935225e-13
2,565,1800.0,5.615381097858231e-13,3.946816916600201e-9,5.786040009292689e-13
2,566,1800.0,4.987780759259299e-13,3.6789091192888264e-9,5.393286743356965e-13
2,567,1800.0,5.513750453332614e-13,3.9111302270649745e-9,5.73372326447953e-13
2,568,1800.0,5.171146649867294e-13,3.6995499759424913e-9,5.423546272731603e-13
2,569,1800.0,4.732915771730249e-13,3.552320720014178e-9,5.207707944443141e-13
2,570,1800.0,5.175246247217848e-13,3.7061153736536206e-9,5.433171156438202e-13
2,571,1800.0,5.318572339000746e-13,3.738811396086735e-9,5.481103578422875e-13
2,572,1800.0,4.777472697215833e-13,3.620509501074404e-9,5.307672808214735e-13
2,573,1800.0,5.688799460348054e-13,3.908247170163139e-9,5.729496698379409e-13
2,574,1800.0,5.389939304942004e-13,3.750158396886355e-9,5.497738300022437e-13
2,575,1800.0,5.97032624956688e-13,4.091588658104396e-9,5.998275617444437e-13
2,576,1800.0,4.756725012819934e-13,3.58190989296618e-9,5.251085720043039e-13
2,577,1800.0,5.178501085961174e-13,3.6684061732074287e-9,5.377889407345049e-13
2,578,1800.0,4.75339146821097e-13,3.6998547700592718e-9,5.423993101401783e-13
2,579,1800.0,5.088050518104723e-13,3.725290817751084e-9,5.461282388625645e-13
2,580,1800.0,4.942376510373055e-13,3.6730887470500665e-9,5.384754068202768e-13
2,581,1800.0,4.797487366408101e-13,3.8286392770407765e-9,5.612791397780298e-13
2,582,1800.0,5.492682482841721e-13,3.890882065842678e-9,5.704039427245009e-13
2,583,1800.0,5.081270030981206e-13,3.765390246694919e-9,5.52006821657803e-13
2,584,1800.0,4.799773360257636e-13,3.768214014865593e-9,5.524207865301983e-13
2,585,1800.0,4.751903528801172e-13,3.6407709882383742e-9,5.337376181301391e-13
2,586,1800.0,4.97864095422248e-13,3.621224280479365e-9,5.308720675983196e-13
2,587,1800.0,4.937468780185228e-13,3.5667043851272507e-9,5.228794420857707e-13
2,588,1800.0,4.764983932311949e-13,3.833925805330459e-9,5.620541456838195e-13
2,589,1800.0,4.871348708820164e-13,3.874154587029982e-9,5.679516916140484e-13
2,590,1800.0,4.759864542443439e-13,3.806604797047136e-9,5.580488814326037e-13
2,591,1800.0,5.127019516745035e-13,3.8254148255357796e-9,5.608064346637523e-13
2,592,1800.0,4.780093724632519e-13,3.822093267583752e-9,5.603194937285703e-13
2,593,1800.0,5.475599652889724e-13,3.947396905590937e-9,5.786890274094999e-13
2,594,1800.0,4.902060995783277e-13,3.714928869754201e-9,5.446091756034605e-13
2,595,1800.0,5.00232047472202e-13,3.919494148242665e-9,5.745984786508877e-13
2,596,1800.0,4.850981789027155e-13,3.865855003537733e-9,5.667349713262479e-13
2,597,1800.0,5.653831712793537e-13,4.0091379292088565e-9,5.877402714985135e-13
2,598,1800.0,5.274415922096406e-13,3.748941055693091e-9,5.495953675856171e-13
2,599,1800.0,5.491166748809107e-13,3.948386133409208e-9,5.788340483683072e-13
2,600,1800.0,5.880555191071549e-13,4.113733762049626e-9,6.030740375791378e-13
2,601,1800.0,4.883106160126515e-13,3.86542962044473e-9,5.666726100957322e-13
2,602,1800.0,5.510569723508484e-13,3.965672315964455e-9,5.8136820553815e-13
2,603,1800.0,5.443457126175224e-13,3.931804777864113e-9,5.764032189526151e-13
2,604,1800.0,6.125888955491642e-13,4.221880002732663e-9,6.18928294026018e-13
2,605,1800.0,4.752977181852646e-13,3.802272053273155e-9,5.574137004917086e-13
2,606,1800.0,5.448596031795235e-13,3.94673933725236e-9,5.785926277842767e-13
2,607,1800.0,5.149634224539607e-13,3.851496419917433e-9,5.646300006357048e-13
2,608,1800.0,5.843396528756761e-13,4.094346108191958e-9,6.002318043750851e-13
2,609,1800.0,5.699720192165634e-13,4.027463883674204e-9,5.904268593992343e-13
2,610,1800.0,5.336091364152367e-13,3.893735216941653e-9,5.708222151389571e-13
2,611,1800.0,5.221724116882807e-13,3.827694562207327e-9,5.611406444300261e-13
2,612,1800.0,4.993189355988269e-13,3.6986908323689468e-9,5.422286766857554e-13
2,613,1800.0,5.094481274391849e-13,3.767888174940626e-9,5.523730183442825e-13
2,614,1800.0,5.241222675839131e-13,3.762240747306536e-9,5.515451045359932e-13
2,615,1800.0,5.330397531878076e-13,3.8938116652505754e-9,5.708334224734602e-13
2,616,1800.0,4.789130366503282e-13,3.788398737161512e-9,5.553798700967412e-13
2,617,1800.0,5.033395311895594e-13,3.810057331458059e-9,5.585550235379302e-13
2,618,1800.0,5.119502876636043e-13,3.839449757718827e-9,5.628639580010338e-13
2,619,1800.0,4.790773008050746e-13,3.784400769184194e-9,5.54793767342004e-13
2,620,1800.0,4.794548230361818e-13,3.776642757713746e-9,5.536564416005497e-13
2,621,1800.0,5.240630241383482e-13,3.874555377563378e-9,5.68010447571332e-13
2,622,1800.0,5.204725596695604e-13,3.87234732237098e-9,5.676867463215424e-13
2,623,1800.0,4.90025003860828e-13,3.8639367579583175e-9,5.664537562127862e-13
2,624,1800.0,4.882287404366579e-13,3.857655396126351e-9,5.655329075481385e-13
2,625,1800.0,5.724441028346994e-13,4.0345890274724655e-9,5.914714066371694e-13
2,626,1800.0,5.556157687133199e-13,3.978093142676536e-9,5.831891007512601e-13
2,627,1800.0,5.421554495414778e-13,3.88332889727749e-9,5.69296646986224e-13
2,628,1800.0,5.379982509919238e-13,3.881575378786843e-9,5.69039580890727e-13
2,629,1800.0,5.692141786103531e-13,4.024873471021129e-9,5.900471044836153e-13
2,630,1800.0,4.793241493496135e-13,3.77913134971721e-9,5.540212695924002e-13
2,631,1800.0,4.837541020875132e-13,3.819286431300483e-9,5.599080110736182e-13
2,632,1800.0,5.041791165167211e-13,3.693910802269681e-9,5.41527923496935e-13
2,633,1800.0,5.30699240858832e-13,3.823037774731007e-9,5.604579586297441e-13
2,634,1800.0,5.793576450396131e-13,4.099143224402609e-9,6.009350623906091e-13
2,635,1800.0,5.753839361362548e-13,4.072993246372079e-9,5.971014713646259e-13
2,636,1800.0,5.840004993048147e-13,4.112770843855698e-9,6.029328736155319e-13
2,637,1800.0,4.947716438291289e-13,3.860935309083088e-9,5.660137433202478e-13
2,638,1800.0,6.017604164646988e-13,4.196660109735033e-9,6.152310536169021e-13
2,639,1800.0,5.41048397297142e-13,3.785570132666925e-9,5.549651962184747e-13
2,640,1800.0,5.780211240457408e-13,3.982595711375075e-9,5.838491780536748e-13
2,641,1800.0,5.882951791255313e-13,4.119573817039415e-9,6.039301905890548e-13
2,642,1800.0,4.727632174941348e-13,3.792327427253026e-9,5.559558167021691e-13
2,643,1800.0,5.053359598458654e-13,3.911710206580705e-9,5.734573515391467e-13
2,644,1800.0,4.724920820480176e-13,3.770432009030778e-9,5.527459448350126e-13
2,645,1800.0,5.201008767597034e-13,3.97694150019372e-9,5.830202697762548e-13
2,646,1800.0,4.743717925213449e-13,3.803960359723028e-9,5.576612064914378e-13
2,647,1800.0,5.300824607161066e-13,3.825523359934054e-9,5.608223458241651e-13
2,648,1800.0,5.947944157901443e-13,4.083425841105339e-9,5.986308914467557e-13
2,649,1800.0,5.360088299253512e-13,3.867998146933216e-9,5.670491564960683e-13
2,650,1800.0,5.52981093773756e-13,3.92398896323204e-9,5.752574192582796e-13
2,651,1800.0,4.881951524380453e-13,3.799730813233778e-9,5.570411542892435e-13
2,652,1800.0,4.892912706904457e-13,3.8105474891422385e-9,5.586268807340316e-13
2,653,1800.0,4.768898020716099e-13,3.745016229754721e-9,5.490199874656677e-13
2,654,1800.0,4.829827301391827e-13,3.804373126780825e-9,5.577217182091435e-13
2,655,1800.0,5.379766942060205e-13,3.802890888869702e-9,5.575044218906602e-13
2,656,1800.0,5.919928549466368e-13,4.132177513931292e-9,6.057778946002209e-13
2,657,1800.0,5.201579702621212e-13,3.980854302102824e-9,5.835938871715611e-13
2,658,1800.0,5.876974024524582e-13,4.019475458133806e-9,5.892557549177066e-13
2,659,1800.0,5.61075338166714e-13,3.884078791832926e-9,5.694065816498323e-13
2,660,1800.0,5.010996277124647e-13,3.9041498589242394e-9,5.723490033449226e-13
2,661,1800.0,5.367653339989513e-13,3.808089417366313e-9,5.582665270124947e-13
2,662,1800.0,5.14689656839607e-13,3.705859804832316e-9,5.43279649213113e-13
2,663,1800.0,5.403735923604423e-13,3.819895589201862e-9,5.599973137208864e-13
2,664,1800.0,5.467147695941567e-13,3.8331989964679835e-9,5.619475953865482e-13
2,665,1800.0,5.2017983113288e-13,3.848419636312251e-9,5.641789436595212e-13
2,666,1800.0,5.188094920645167e-13,3.853447686383507e-9,5.649160566165133e-13
2,667,1800.0,5.591897078024425e-13,3.9870152236676915e-9,5.844970792734927e-13
2,668,1800.0,5.067749346443559e-13,3.82076215553611e-9,5.601243524862159e-13
2,669,1800.0,5.133623154791817e-13,3.952295562142703e-9,5.794071712555214e-13
2,670,1800.0,5.247583115779021e-13,3.859405436798063e-9,5.657894637948147e-13
2,671,1800.0,5.034160861696331e-13,3.7135225121535672e-9,5.444030033508178e-13
2,672,1800.0,5.073548504596828e-13,3.821473891967901e-9,5.602286931627011e-13
2,673,1800.0,5.315530439831886e-13,3.889406846956612e-9,5.701876753962309e-13
2,674,1800.0,5.372397470775548e-13,3.8902120908419586e-9,5.703057242805928e-13
2,675,1800.0,5.739892728199954e-13,4.031856869110432e-9,5.910708717775979e-13
2,676,1800.0,4.737156245989996e-13,3.731924066825385e-9,5.471006742540843e-13
2,677,1800.0,4.804842472764961e-13,3.761662086555793e-9,5.514602727759608e-13
2,678,1800.0,5.408314445496381e-13,3.92636072408476e-9,5.756051197844578e-13
2,679,1800.0,5.26934982822774e-13,3.863276883408819e-9,5.663570184966673e-13
2,680,1800.0,5.577735465277365e-13,3.857356071922969e-9,5.65489026571313e-13
2,681,1800.0,5.296853493692825e-13,3.8901639058294765e-9,5.702986603499377e-13
2,682,1800.0,4.786357751656038e-13,3.7963616632987465e-9,5.565472363616241e-13
2,683,1800.0,4.948040285367817e-13,3.880951580778877e-9,5.689481320014556e-13
2,684,1800.0,5.064642068628019e-13,3.92283641872747e-9,5.750884560467385e-13
2,685,1800.0,4.904382733368418e-13,3.865700221330949e-9,5.667122802295971e-13
2,686,1800.0,5.713047549064668e-13,4.0377237465530176e-9,5.919309569634508e-13
2,687,1800.0,5.248587070910013e-13,4.0007640219073605e-9,5.865126553282074e-13
2,688,1800.0,6.220019954220714e-13,4.302660786370819e-9,6.307707700260199e-13
2,689,1800.0,5.721690084543152e-13,4.0410003633530125e-9,5.924113095184465e-13
2,690,1800.0,5.973483226579963e-13,4.155058242635171e-9,6.09132213143997e-13
2,691,1800.0,5.271895392573133e-13,4.010799074217471e-9,5.879837956265433e-13
2,692,1800.0,4.796219438663728e-13,3.828213154060574e-9,5.612166700799305e-13
2,693,1800.0,5.169881647936761e-13,3.966782943326781e-9,5.815310236898309e-13
2,694,1800.0,5.942738940059002e-13,4.081104764362769e-9,5.982906212193565e-13
2,695,1800.0,5.593217356409688e-13,3.984944670834124e-9,5.841935358918379e-13
2,696,1800.0,4.716374173807218e-13,3.777929639432839e-9,5.538450986695558e-13
2,697,1800.0,5.231702256080672e-13,3.855192554273533e-9,5.651718545325544e-13
2,698,1800.0,5.338025565840926e-13,3.895616393522513e-9,5.710979959312108e-13
2,699,1800.0,6.047003160745255e-13,4.1757858095902055e-9,6.121708778257231e-13
2,700,1800.0,4.739485170282003e-13,3.771448710922929e-9,5.528949934975124e-13
2,701,1800.0,4.729891930387173e-13,3.770398439158388e-9,5.527410234862686e-13
2,702,1800.0,5.386851343013213e-13,3.918696459428491e-9,5.744815373411866e-13
2,703,1800.0,4.771962982021826e-13,3.708175025760441e-9,5.436190609771636e-13
2,704,1800.0,6.141653054180254e-13,4.2393013502921205e-9,6.214822664074288e-13
2,705,1800.0,5.729757933004993e-13,4.0262344986767685e-9,5.902466313589604e-13
2,706,1800.0,5.09507308647149e-13,3.836750875518217e-9,5.624683014321311e-13
2,707,1800.0,5.456694415679762e-13,3.940184935246965e-9,5.776317513858632e-13
2,708,1800.0,4.884045489625778e-13,3.8582649940129674e-9,5.65622274697314e-13
2,709,1800.0,4.793348720113925e-13,3.778920299070335e-9,5.53990329533294e-13
2,710,1800.0,4.895109320047312e-13,3.706155784761724e-9,5.433230399188308e-13
2,711,1800.0,5.306430057284874e-13,3.900197535071521e-9,5.717695920262641e-13
2,712,1800.0,4.737514268287809e-13,3.728017745932738e-9,5.465280069768431e-13
2,713,1800.0,4.74868906153507e-13,3.6831441326995773e-9,5.399495279894709e-13
2,714,1800.0,4.844690112841128e-13,3.6735798772190187e-9,5.385474065828038e-13
2,715,1800.0,4.965781600480428e-13,3.6397340273007576e-9,5.33585599488284e-13
2,716,1800.0,4.884192916297772e-13,3.6575518402621418e-9,5.361976937620025e-13
2,717,1800.0,4.743341966101788e-13,3.690793099013752e-9,5.410708676933068e-13
2,718,1800.0,4.896155818383926e-13,3.66782866314452e-9,5.377042776654959e-13
2,719,1800.0,4.989505042177066e-13,3.63699659864923e-9,5.331842920034168e-13
2,720,1800.0,4.892615671922543e-13,3.6724990115334272e-9,5.383889514977656e-13
2,721,1800.0,4.788291853579571e-13,3.704737322213174e-9,5.431150930788577e-13
2,722,1800.0,5.132308777142736e-13,3.8591211009819136e-9,5.657477801179916e-13
2,723,1800.0,4.785160199995882e-13,3.786167651950846e-9,5.550527926425336e-13
2,724,1800.0,4.8658975524698e-13,3.836018092786481e-9,5.623608753646559e-13
2,725,1800.0,4.927749950949747e-13,3.867056083522092e-9,5.669110498470081e-13
2,726,1800.0,5.749786419892025e-13,4.065863342024291e-9,5.960562262293571e-13
2,727,1800.0,5.519181075804314e-13,3.9812425502239804e-9,5.836508044091735e-13
2,728,1800.0,5.838494604843271e-13,4.037555260840307e-9,5.919062569306057e-13
2,729,1800.0,5.028472980076326e-13,3.821609892564458e-9,5.602486308722426e-13
2,730,1800.0,5.595175025291065e-13,4.011480389290913e-9,5.880836765269542e-13
2,731,1800.0,4.77651113627063e-13,3.691195244721083e-9,5.411298223193092e-13
2,732,1800.0,6.501349734058939e-13,4.392810161817186e-9,6.439866831065471e-13
2,733,1800.0,5.235846334035919e-13,3.8368865788192655e-9,5.624881955581026e-13
2,734,1800.0,5.0905728477757e-13,3.935061853075102e-9,5.76880706707489e-13
2,735,1800.0,4.732946885509622e-13,3.8027825462829774e-9,5.574885388498518e-13
2,736,1800.0,4.788024326648128e-13,3.79137113910605e-9,5.558156247045231e-13
2,737,1800.0,5.886608765786626e-13,4.057129974172435e-9,5.947759130839924e-13
2,738,1800.0,5.724096971823217e-13,4.0431318843323175e-9,5.927237908401676e-13
2,739,1800.0,5.729685562514535e-13,4.04559603022941e-9,5.930850350288542e-13
2,740,1800.0,4.703987145792976e-13,3.7005004729517043e-9,5.424939702890699e-13
2,741,1800.0,4.684434286479973e-13,3.6463736953325383e-9,5.345589759000128e-13
2,742,1800.0,5.680063516608515e-13,3.986508758820153e-9,5.844228314445948e-13
2,743,1800.0,5.718451607714376e-13,4.021026861534695e-9,5.894831909082218e-13
2,744,1800.0,5.383271545611783e-13,3.893943250893088e-9,5.708527129500218e-13
2,745,1800.0,5.568708338825545e-13,3.965381479772826e-9,5.81325568905226e-13
2,746,1800.0,6.040513974274287e-13,4.126988920230437e-9,6.050172459210576e-13
2,747,1800.0,4.749453371186987e-13,3.655417288931508e-9,5.358847681902844e-13
2,748,1800.0,4.720080016355075e-13,3.76083334714451e-9,5.513387794436809e-13
2,749,1800.0,5.400397126985205e-13,3.907701462261101e-9,5.728696689708802e-13
2,750,1800.0,5.283541862103599e-13,3.842613337389037e-9,5.63327739294446e-13
2,751,1800.0,6.031256652452291e-13,4.199692335851019e-9,6.156755784579336e-13
2,752,1800.0,5.343128787875304e-13,3.915379170136779e-9,5.739952221923e-13
2,753,1800.0,6.063033224720256e-13,4.2273219877724305e-9,6.197260899166162e-13
2,754,1800.0,5.035931168876076e-13,3.877698371556636e-9,5.684712110011599e-13
2,755,1800.0,4.777322079741882e-13,3.7697714113419704e-9,5.526491011065536e-13
2,756,1800.0,4.762644812866591e-13,3.756456266820123e-9,5.506970987572961e-13
2,757,1800.0,5.111418005747403e-13,3.872126474484153e-9,5.676543699854683e-13
2,758,1800.0,5.539829592927676e-13,4.004164597325102e-9,5.870111802366954e-13
2,759,1800.0,5.791276327384096e-13,4.096453966854749e-9,6.005408167973624e-13
2,760,1800.0,4.888401934326761e-13,3.745882326459345e-9,5.49146957383218e-13
2,761,1800.0,4.964261772608776e-13,3.7543893595724245e-9,5.503940898191218e-13
2,762,1800.0,5.539960193421133e-13,3.958441206095773e-9,5.803081236570827e-13
2,763,1800.0,5.279323529480595e-13,3.886864648890556e-9,5.698149887468989e-13
2,764,1800.0,4.975499525891246e-13,3.674602680701232e-9,5.386973497393977e-13
2,765,1800.0,4.797709378725562e-13,3.832293287778482e-9,5.618148183455818e-13
2,766,1800.0,5.158038487538295e-13,3.9641651847733806e-9,5.811472598607833e-13
2,767,1800.0,4.877919492401633e-13,3.8581267147602725e-9,5.656020029364126e-13
2,768,1800.0,4.951570776421328e-13,3.886381177873606e-9,5.697441118172992e-13
2,769,1800.0,5.112588453686332e-13,3.941933076024753e-9,5.778880291077816e-13
2,770,1800.0,4.854718593096462e-13,3.849400197669617e-9,5.643226941137524e-13
2,771,1800.0,4.77448089490654e-13,3.824727655127242e-9,5.607056953702656e-13
2,772,1800.0,5.195912831940376e-13,3.97954625985445e-9,5.834021279655258e-13
2,773,1800.0,4.93694152655222e-13,3.8764163917315405e-9,5.682832725506098e-13
2,774,1800.0,6.161223796926911e-13,4.276287998863871e-9,6.2690451509461e-13
2,775,1800.0,4.785304154823858e-13,3.796660612551875e-9,5.565910623706816e-13
2,776,1800.0,5.927144815325704e-13,4.0742926003955855e-9,5.972919568754846e-13
2,777,1800.0,4.731603044888181e-13,3.7158996012679217e-9,5.44751485001017e-13
2,778,1800.0,5.227461356613206e-13,3.9878735688453954e-9,5.846229128159378e-13
2,779,1800.0,4.945974187706176e-13,3.855222354450931e-9,5.651762232434004e-13
2,780,1800.0,4.765968025515593e-13,3.804412190677286e-9,5.577274449827087e-13
3,1,1100.0,8.482924326135848e-13,6.386721533687953e-9,9.36294414030276e-13
3,2,1100.0,8.935732373437094e-13,6.317400556137889e-9,9.261319474638397e-13
3,3,1100.0,8.931470701674699e-13,6.314676225137954e-9,9.257325600968228e-13
3,4,1100.0,8.477199488842169e-13,6.374601182148094e-9,9.345175685262102e-13
3,5,1100.0,8.528733700624823e-13,6.369471684121401e-9,9.337655832824761e-13
3,6,1100.0,8.597141437055196e-13,6.342898711442349e-9,9.298699811723261e-13
3,7,1100.0,8.44691483425014e-13,6.3863982862631634e-9,9.36247025905307e-13
3,8,1100.0,8.807714848701337e-13,6.343007563464896e-9,9.298859388965087e-13
3,9,1100.0,8.781348676485854e-13,6.3479165859237714e-9,9.30605602386196e-13
3,10,1100.0,8.487555098829709e-13,6.385045495190961e-9,9.360487065144315e-13
3,11,1100.0,8.758451789697054e-13,6.3413343039323846e-9,9.296406387773087e-13
3,12,1100.0,8.373219784460213e-13,6.422383072846652e-9,9.415224014623083e-13
3,13,1100.0,8.361653627856162e-13,6.243095718561702e-9,9.15238846208204e-13
3,14,1100.0,8.527827980561736e-13,6.458034545615555e-9,9.46748913159962e-13
3,15,1100.0,8.282149184078857e-13,6.255576800650102e-9,9.17068574869268e-13
3,16,1100.0,8.581755976462133e-13,6.352234148376843e-9,9.312385577429804e-13
3,17,1100.0,8.31967590131167e-13,6.2286520020952326e-9,9.13121395028587e-13
3,18,1100.0,9.20455422228582e-13,6.701376248104815e-9,9.824228462631245e-13
3,19,1100.0,8.591624716821587e-13,6.5054212616272565e-9,9.536958134227915e-13
3,20,1100.0,1.2824401667735774e-12,7.887567223287899e-9,1.1563186358601587e-12
3,21,1100.0,1.0365157789484559e-12,6.737061621921321e-9,9.876543278598623e-13
3,22,1100.0,1.0944614617442213e-12,6.915165025300878e-9,1.0137643157189646e-12
3,23,1100.0,9.357624672263984e-13,6.740548285684881e-9,9.881654733338279e-13
3,24,1100.0,1.2108328741463545e-12,7.426954877493614e-9,1.0887927911641337e-12
3,25,1100.0,1.2617038136519297e-12,7.754055451838071e-9,1.1367457884835523e-12
3,26,1100.0,1.0642926381737103e-12,6.811635058118477e-9,9.985868057169518e-13
3,27,1100.0,9.263523484333003e-13,6.722645164008998e-9,9.8554087278871e-13
3,28,1100.0,1.1456166255402356e-12,7.097627913574532e-9,1.040513404771514e-12
3,29,1100.0,1.2253271689357838e-12,7.429697656208159e-9,1.0891948829691082e-12
3,30,1100.0,1.2522084084722527e-12,7.680931142633875e-9,1.1260257528789661e-12
3,31,1100.0,1.1195807699497e-12,6.991671276396145e-9,1.0249801445540028e-12
3,32,1100.0,1.0477227673018051e-12,6.747414019352817e-9,9.891719910045294e-13
3,33,1100.0,1.1463760612713156e-12,7.0980946896565594e-9,1.0405818342209426e-12
3,34,1100.0,1.1909380282808752e-12,7.302681646381424e-9,1.0705743153013467e-12
3,35,1100.0,1.1874018427218274e-12,7.281815912383183e-9,1.0675153953086482e-12
3,36,1100.0,1.2951592939923992e-12,7.877117936571218e-9,1.1547867687305487e-12
3,37,1100.0,1.1931837066259595e-12,7.269332770567306e-9,1.0656853646912019e-12
3,38,1100.0,8.893021547754582e-13,6.583360802120673e-9,9.651217627163617e-13
3,39,1100.0,1.0152934581700683e-12,7.134508728162214e-9,1.0459201381794432e-12
3,40,1100.0,1.2319725270806104e-12,7.466605381136121e-9,1.0946055614372928e-12
3,41,1100.0,1.2133787486231533e-12,7.367232460601531e-9,1.0800374751489457e-12
3,42,1100.0,1.0005729599058587e-12,7.051247899317393e-9,1.0337140871493897e-12
3,43,1100.0,1.0748735778258258e-12,6.8444447428187664e-9,1.0033967108222455e-12
3,44,1100.0,1.1205747435673676e-12,7.00426901597504e-9,1.026826975222118e-12
3,45,1100.0,1.176234418977488e-12,7.23107886075978e-9,1.0600773353010552e-12
3,46,1100.0,1.1169081014785858e-12,6.993982076955041e-9,1.0253189082912066e-12
3,47,1100.0,9.375177049150237e-13,6.747875747871539e-9,9.89239680480358e-13
3,48,1100.0,1.114728894767536e-12,6.979336849719835e-9,1.0231719156001678e-12
3,49,1100.0,8.589487382610596e-13,6.49148450329854e-9,9.516526823884982e-13
3,50,1100.0,8.430561083351569e-13,6.462730131062454e-9,9.474372867490318e-13
3,51,1100.0,1.0601276772177594e-12,6.793473564133292e-9,9.95924327749331e-13
3,52,1100.0,8.881452843465166e-13,6.582120131357116e-9,9.649398801809418e-13
3,53,1100.0,1.0703203484477197e-12,6.8199853268240556e-9,9.998109564652577e-13
3,54,1100.0,1.0782421699698324e-12,6.83780470140263e-9,1.0024232796723097e-12
3,55,1100.0,8.552785103459994e-13,6.479586049502912e-9,9.499083671297725e-13
3,56,1100.0,1.0420339582517858e-12,6.746418701102251e-9,9.890260771873588e-13
3,57,1100.0,8.765943760516153e-13,6.537177397147994e-9,9.583512680472686e-13
3,58,1100.0,8.327988705254727e-13,6.405582493257318e-9,9.390594337661295e-13
3,59,1100.0,1.189472119415144e-12,7.2517458717619666e-9,1.0631071224702596e-12
3,60,1100.0,8.506056229091835e-13,6.341889433457789e-9,9.297220208558849e-13
3,61,1100.0,1.2579168233372306e-12,7.618595322333614e-9,1.1168873114997272e-12
3,62,1100.0,8.37660886416603e-13,6.436350439020892e-9,9.435700196117261e-13
3,63,1100.0,9.375177049150237e-13,6.747875747871541e-9,9.892396804803585e-13
3,64,1100.0,1.1236108496307612e-12,7.01923267612833e-9,1.0290206502306608e-12
3,65,1100.0,1.263747773693423e-12,7.713214978920684e-9,1.1307585685214466e-12
3,66,1100.0,8.539458796343469e-13,6.38372615655999e-9,9.35855291256873e-13
3,67,1100.0,8.450945569037909e-13,6.404223459286916e-9,9.388601991653639e-13
3,68,1100.0,8.720890073315021e-13,6.540145714167513e-9,9.587864238043792e-13
3,69,1100.0,8.433209931028112e-13,6.402539579372019e-9,9.38613342096381e-13
3,70,1100.0,1.2334460611489494e-12,7.47531996292558e-9,1.0958831205428592e-12
3,71,1100.0,9.007186527250216e-13,6.63232122836038e-9,9.722993691541846e-13
3,72,1100.0,9.167725329111188e-13,6.665193416757667e-9,9.771184373116087e-13
3,73,1100.0,9.652780301273289e-13,6.883291832500355e-9,1.0090917004782611e-12
3,74,1100.0,8.808215967791723e-13,6.339721332838362e-9,9.294041769529811e-13
3,75,1100.0,8.911091000408002e-13,6.573647005872617e-9,9.636977186088945e-13
3,76,1100.0,1.2148245707126442e-12,7.375779788464315e-9,1.0812905148017e-12
3,77,1100.0,8.391261408355126e-13,6.356050773516454e-9,9.317980756082603e-13
3,78,1100.0,1.132327795979385e-12,7.045641168085695e-9,1.0328921394403002e-12
3,79,1100.0,1.035202814399247e-12,7.264548145506431e-9,1.0649839378802634e-12
3,80,1100.0,9.466050585314153e-13,6.78974498074072e-9,9.95377716818465e-13
3,81,1100.0,8.821624617174792e-13,6.5619476596235915e-9,9.619825925488354e-13
3,82,1100.0,8.90309392492002e-13,6.296865635157167e-9,9.231215247132332e-13
3,83,1100.0,8.577255525803266e-13,6.347989392750787e-9,9.306162758788602e-13
3,84,1100.0,8.703951984389725e-13,6.3229057741455985e-9,9.269390133178069e-13
3,85,1100.0,1.0088433669611618e-12,7.097372942039121e-9,1.0404760259030156e-12
3,86,1100.0,8.687400566671959e-13,6.325485240897519e-9,9.27317163562539e-13
3,87,1100.0,8.643597988597514e-13,6.33305442645489e-9,9.284268073944713e-13
3,88,1100.0,8.572228602752395e-13,6.4701419716476086e-9,9.485238637824845e-13
3,89,1100.0,9.166676074004366e-13,6.2645614354742206e-9,9.183857237935715e-13
3,90,1100.0,8.508982394325598e-13,6.3725803156544175e-9,9.342213091700524e-13
3,91,1100.0,8.492232550692517e-13,6.381245780148696e-9,9.354916676721688e-13
3,92,1100.0,8.445543868778065e-13,6.4150782217565136e-9,9.404515091062e-13
3,93,1100.0,9.27691826895641e-13,6.250451661706427e-9,9.163172286678122e-13
3,94,1100.0,8.860540129693032e-13,6.556954017261932e-9,9.61250523767658e-13
3,95,1100.0,1.0687710857389352e-12,7.474622565526975e-9,1.0957808819709678e-12
3,96,1100.0,1.2940512757033067e-12,7.627091089732697e-9,1.1181327923801295e-12
3,97,1100.0,9.613294166018614e-13,6.863094674425105e-9,1.006130793824449e-12
3,98,1100.0,1.3020493259233316e-12,7.67712619854337e-9,1.1254679474573822e-12
3,99,1100.0,1.0608040441210897e-12,7.418365008528183e-9,1.087533514978823e-12
3,100,1100.0,8.480303494615064e-13,6.4717182290447386e-9,9.48754943372885e-13
3,101,1100.0,1.0730841146704642e-12,6.868286033678644e-9,1.0068918479340845e-12
3,102,1100.0,9.031117589334662e-13,6.638600106862808e-9,9.732198537623186e-13
3,103,1100.0,8.756385724129487e-13,6.549789341940431e-9,9.60200181201996e-13
3,104,1100.0,8.559714969115193e-13,6.4939778107874415e-9,9.520182016712796e-13
3,105,1100.0,1.0731994436135837e-12,6.868906611982521e-9,1.006982824814214e-12
3,106,1100.0,1.1556286314364717e-12,7.215416586603446e-9,1.0577812433662125e-12
3,107,1100.0,1.2166364223613677e-12,7.224152686932773e-9,1.0590619570932184e-12
3,108,1100.0,9.361950906251449e-13,6.742366302553502e-9,9.884319949020102e-13
3,109,1100.0,9.194705543762683e-13,6.706370195936786e-9,9.831549598262992e-13
3,110,1100.0,1.185684496583658e-12,7.096191782886019e-9,1.0403028677793528e-12
3,111,1100.0,8.91332543265811e-13,6.601074996914905e-9,9.677186665499482e-13
3,112,1100.0,8.777495103726519e-13,6.567274782632159e-9,9.627635496470062e-13
3,113,1100.0,8.468175347433503e-13,6.444095339554817e-9,9.447054232877568e-13
3,114,1100.0,9.25682239449971e-13,6.723792930570788e-9,9.857091355530634e-13
3,115,1100.0,9.247275955417328e-13,6.722291173442221e-9,9.85488977714133e-13
3,116,1100.0,9.200256058523775e-13,6.698209590487565e-9,9.819586137421765e-13
3,117,1100.0,8.662088959884761e-13,6.525298824799883e-9,9.566098674119776e-13
3,118,1100.0,9.13733258537116e-13,6.676797500805069e-9,9.788195979174392e-13
3,119,1100.0,9.41295126444906e-13,6.785437973877357e-9,9.947463089128461e-13
3,120,1100.0,9.119884374887244e-13,6.676227669259044e-9,9.787360605202523e-13
3,121,1100.0,8.667031018226756e-13,6.525778153231788e-9,9.566801370379368e-13
3,122,1100.0,9.066367530148944e-13,6.653284098400034e-9,9.753725293063285e-13
3,123,1100.0,9.17199182580585e-13,6.69498679587894e-9,9.814861515291763e-13
3,124,1100.0,9.105453226622266e-13,6.674064394181421e-9,9.78418924042561e-13
3,125,1100.0,8.650285691871171e-13,6.53160553093329e-9,9.575344315553324e-13
3,126,1100.0,9.008507824639663e-13,6.6428463663804676e-9,9.73842356097192e-13
3,127,1100.0,8.476058139977505e-13,6.456031108914014e-9,9.464552090141618e-13
3,128,1100.0,8.491217389529231e-13,6.477859827341168e-9,9.496553026805256e-13
3,129,1100.0,8.65248986091685e-13,6.524368674973358e-9,9.564735072963545e-13
3,130,1100.0,8.94406244320037e-13,6.6138058265910855e-9,9.695850082479393e-13
3,131,1100.0,8.744107583245204e-13,6.552036009781909e-9,9.605295430724113e-13
3,132,1100.0,9.0319660868049e-13,6.649245794174031e-9,9.747805132509836e-13
3,133,1100.0,1.1125202958019493e-12,6.847205446227655e-9,1.0038014303903217e-12
3,134,1100.0,8.67650140090394e-13,6.540620184579288e-9,9.588559812437985e-13
3,135,1100.0,8.503403887025498e-13,6.437433124132639e-9,9.437287414249342e-13
3,136,1100.0,9.124799958442545e-13,6.681431819471338e-9,9.79498989786519e-13
3,137,1100.0,1.0401713159475502e-12,7.287278176250328e-9,1.0683161640786332e-12
3,138,1100.0,1.2431647691399384e-12,7.4121207693981555e-9,1.0866181085083083e-12
3,139,1100.0,1.0334156441601899e-12,6.615855880072619e-9,9.698855464212569e-13
3,140,1100.0,1.3338779558195335e-12,7.961920511593259e-9,1.1672188400005592e-12
3,141,1100.0,1.1816813157293828e-12,7.087595459136729e-9,1.03904264532168e-12
3,142,1100.0,1.081938109745902e-12,6.882369196513219e-9,1.0089564418927127e-12
3,143,1100.0,1.0264095027962327e-12,6.680555197743235e-9,9.793704768988173e-13
3,144,1100.0,1.0674757913966296e-12,6.80368509273985e-9,9.974213395013857e-13
3,145,1100.0,1.079954738642286e-12,6.846124780985785e-9,1.0036430046903656e-12
3,146,1100.0,1.1007246812576929e-12,6.92314007680131e-9,1.0149334595640613e-12
3,147,1100.0,1.3151982807784799e-12,7.784446040646397e-9,1.1412010537382273e-12
3,148,1100.0,1.3221454025006245e-12,7.845546401354084e-9,1.1501583765405585e-12
3,149,1100.0,1.1982392579427978e-12,7.1428321602229905e-9,1.047140354671263e-12
3,150,1100.0,1.0685967700897116e-12,6.704011034094299e-9,9.828091063170673e-13
3,151,1100.0,1.1450904241403874e-12,6.94590558431016e-9,1.0182708866619347e-12
3,152,1100.0,8.94047646452447e-13,6.583548281153716e-9,9.651492471730523e-13
3,153,1100.0,1.036881744866422e-12,7.266201917916039e-9,1.0652263811840814e-12
3,154,1100.0,1.1702469662351802e-12,7.049412454386728e-9,1.0334450106244814e-12
3,155,1100.0,1.077996200944567e-12,6.873325449493499e-9,1.007630627110934e-12
3,156,1100.0,1.166844931244239e-12,7.2140109893118424e-9,1.0575751825749972e-12
3,157,1100.0,1.0828530575117775e-12,6.774443184355464e-9,9.931344709834034e-13
3,158,1100.0,1.1567583646442152e-12,7.164390114855325e-9,1.0503007543213346e-12
3,159,1100.0,1.1692686196215888e-12,7.305212218689105e-9,1.0709452976126129e-12
3,160,1100.0,9.831671447340783e-13,6.534508035640937e-9,9.579599392168346e-13
3,161,1100.0,1.001678872132902e-12,6.612112981762921e-9,9.693368369212155e-13
3,162,1100.0,1.0912108984799561e-12,6.914336027012241e-9,1.0136427844352226e-12
3,163,1100.0,1.1224805980455296e-12,7.009229972591463e-9,1.0275542522677357e-12
3,164,1100.0,1.1506998427755005e-12,7.149744616357197e-9,1.0481537218631074e-12
3,165,1100.0,1.1235198141459464e-12,7.0201747826677286e-9,1.029158763202333e-12
3,166,1100.0,1.1304275006222448e-12,7.066718027311122e-9,1.0359820104255903e-12
3,167,1100.0,1.231243365429071e-12,7.562463872366782e-9,1.1086584318189471e-12
3,168,1100.0,1.1083995249369688e-12,6.958264613433512e-9,1.0200827223385013e-12
3,169,1100.0,8.565152633781606e-13,6.390428241250982e-9,9.368378179609784e-13
3,170,1100.0,8.470776239715248e-13,6.443098385375094e-9,9.44559269643106e-13
3,171,1100.0,8.47520017454967e-13,6.468688798230639e-9,9.483108283235641e-13
3,172,1100.0,1.1721969834592078e-12,7.031742145536317e-9,1.0308545404773861e-12
3,173,1100.0,8.712867109047274e-13,6.528054357618187e-9,9.570138289706343e-13
3,174,1100.0,8.680210666802125e-13,6.5010033554955556e-9,9.530481476664245e-13
3,175,1100.0,8.980746239084842e-13,6.6144282275029684e-9,9.696762523226981e-13
3,176,1100.0,9.688345658996766e-13,6.89874489105417e-9,1.0113571213717982e-12
3,177,1100.0,8.537208201823359e-13,6.408443733369268e-9,9.394788920312012e-13
3,178,1100.0,9.305070004177607e-13,6.728767792819932e-9,9.864384511666963e-13
3,179,1100.0,1.1572583996714927e-12,7.017669532551335e-9,1.0287914931284218e-12
3,180,1100.0,1.1064956859245329e-12,6.807641714042797e-9,9.980013808269456e-13
3,181,1100.0,1.1193876892428364e-12,6.854193290181395e-9,1.0048258494487529e-12
3,182,1100.0,8.450910037019553e-13,6.4406799204216195e-9,9.442047222881726e-13
3,183,1100.0,1.0758838828439993e-12,6.729192724702297e-9,9.865007462496591e-13
3,184,1100.0,1.1836362799208674e-12,7.080512820267452e-9,1.0380043293132369e-12
3,185,1100.0,8.609845220353197e-13,6.486189761936084e-9,9.50876472444906e-13
3,186,1100.0,1.1284889312074472e-12,6.906247941069079e-9,1.0124570697224653e-12
3,187,1100.0,1.2309803304105188e-12,7.346459158811271e-9,1.0769921057329483e-12
3,188,1100.0,9.27218544004807e-13,6.251065578827816e-9,9.164072290175067e-13
3,189,1100.0,9.205217725679985e-13,6.259675379130097e-9,9.176694271400365e-13
3,190,1100.0,1.0107169157762328e-12,6.197622311653776e-9,9.08572437370706e-13
3,191,1100.0,8.819242959572844e-13,6.307204141206947e-9,9.24637151379085e-13
3,192,1100.0,8.678034338768148e-13,6.500365265077797e-9,9.529546035075563e-13
3,193,1100.0,9.03781797431039e-13,6.617420998513276e-9,9.701149930388297e-13
3,194,1100.0,9.500692783096977e-13,6.801821407786876e-9,9.971481229846207e-13
3,195,1100.0,8.521926232656807e-13,6.366765921933822e-9,9.333689181063663e-13
3,196,1100.0,1.0393402748733881e-12,7.281948613879591e-9,1.0675348493695722e-12
3,197,1100.0,9.796885167801477e-13,6.929086622048232e-9,1.015805224062968e-12
3,198,1100.0,8.536459529933746e-13,6.4603593964458415e-9,9.470897366692336e-13
3,199,1100.0,8.554536566454188e-13,6.35472581687356e-9,9.316038367492413e-13
3,200,1100.0,8.635878354946568e-13,6.334534311768202e-9,9.286437588217333e-13
3,201,1100.0,8.600475151467715e-13,6.478026518092583e-9,9.496797395717533e-13
3,202,1100.0,1.0167534928291907e-12,7.143075597365552e-9,1.0471760425958962e-12
3,203,1100.0,8.661091746692471e-13,6.32988035867973e-9,9.2796148854317e-13
3,204,1100.0,8.565380846452943e-13,6.351371343847251e-9,9.311120704588243e-13
3,205,1100.0,8.637555524524441e-13,6.334208419027865e-9,9.285959828930755e-13
3,206,1100.0,8.507044730625453e-13,6.373512428445153e-9,9.343579570565474e-13
3,207,1100.0,8.578247667180379e-13,6.3477197689321285e-9,9.305767489832585e-13
3,208,1100.0,8.734352612289962e-13,6.318450553369153e-9,9.262858772284604e-13
3,209,1100.0,8.983253569299891e-13,6.598224235781242e-9,9.67300744504795e-13
3,210,1100.0,8.521926232656807e-13,6.366765921933822e-9,9.333689181063663e-13
3,211,1100.0,9.477605342197514e-13,6.805181361999175e-9,9.97640692817794e-13
3,212,1100.0,8.474552498801349e-13,6.460922278319036e-9,9.471722552432547e-13
3,213,1100.0,9.243492883943896e-13,6.70939256068807e-9,9.83598038989664e-13
3,214,1100.0,9.644827456193746e-13,6.868341216896373e-9,1.0068999378027653e-12
3,215,1100.0,9.348093314043297e-13,6.749798039245243e-9,9.895214887079196e-13
3,216,1100.0,9.516303820315674e-13,6.814580307586616e-9,9.99018579767284e-13
3,217,1100.0,8.879822682922459e-13,6.563279482083524e-9,9.62177837937747e-13
3,218,1100.0,1.0377336711496988e-12,7.268690239947707e-9,1.0655911695980229e-12
3,219,1100.0,9.941977973639994e-13,7.025995420650048e-9,1.0300120696758019e-12
3,220,1100.0,8.913258467076378e-13,6.598792416537825e-9,9.673840398959817e-13
3,221,1100.0,8.255780041534825e-13,6.3384067894254836e-9,9.292114646751739e-13
3,222,1100.0,8.339501016302415e-13,6.380634105193869e-9,9.354019960244563e-13
3,223,1100.0,8.615533320140182e-13,6.334707630800726e-9,9.28669167420048e-13
3,224,1100.0,8.953066222073436e-13,6.292219346843169e-9,9.224403780918524e-13
3,225,1100.0,8.573067305545851e-13,6.323779772813769e-9,9.270671416644963e-13
3,226,1100.0,8.573843347736258e-13,6.488275279065609e-9,9.511822095947784e-13
3,227,1100.0,9.236684503059548e-13,6.701650920369417e-9,9.824631132617215e-13
3,228,1100.0,8.587126859499601e-13,6.3574630964626786e-9,9.320051223815353e-13
3,229,1100.0,8.558455865716373e-13,6.329911395260342e-9,9.27966038510928e-13
3,230,1100.0,8.664645824185351e-13,6.326943047757609e-9,9.275308782849732e-13
3,231,1100.0,8.514349421307967e-13,6.361838238945653e-9,9.326465189800542e-13
3,232,1100.0,8.534896773566291e-13,6.391330327101878e-9,9.36970063893217e-13
3,233,1100.0,8.405395640468194e-13,6.382371375762025e-9,9.356566801718773e-13
3,234,1100.0,8.91566099917785e-13,6.3274436420713325e-9,9.27604265492661e-13
3,235,1100.0,8.448913030698773e-13,6.42700546984593e-9,9.422000456130712e-13
3,236,1100.0,8.586371401951318e-13,6.494143173353921e-9,9.520424438503801e-13
3,237,1100.0,9.613988708710533e-13,6.853866882019838e-9,1.0047779979592606e-12
3,238,1100.0,8.635149345706637e-13,6.366776508969857e-9,9.333704701675684e-13
3,239,1100.0,9.671318044499954e-13,6.880123698171961e-9,1.0086272514712196e-12
3,240,1100.0,8.595344733141036e-13,6.488991227447832e-9,9.51287167743881e-13
3,241,1100.0,9.526566371016315e-13,6.814694665174175e-9,9.990353446081915e-13
3,242,1100.0,8.422871346433314e-13,6.423216568934071e-9,9.416445921240822e-13
3,243,1100.0,8.815729841217846e-13,6.5591022203141485e-9,9.61565450683977e-13
3,244,1100.0,8.92551020354038e-13,6.2941505142565215e-9,9.22723487548268e-13
3,245,1100.0,8.683012281007061e-13,6.326191678791463e-9,9.274207274725153e-13
3,246,1100.0,8.963641624780918e-13,6.289543229551331e-9,9.220480588622725e-13
3,247,1100.0,9.11388769037916e-13,6.271173384079281e-9,9.193550365328415e-13
3,248,1100.0,8.663785103734226e-13,6.329410616815475e-9,9.278926243095852e-13
3,249,1100.0,8.865762913022612e-13,6.3014216853536084e-9,9.237894424119254e-13
3,250,1100.0,8.911769773686427e-13,6.295813694089468e-9,9.229673099818751e-13
3,251,1100.0,8.882073923735196e-13,6.299425958398209e-9,9.234968685161616e-13
3,252,1100.0,9.4218410409782e-13,6.231345498073503e-9,9.135162619764203e-13
3,253,1100.0,9.93331121755653e-13,7.012071672032488e-9,1.0279708458672766e-12
3,254,1100.0,9.648992587247505e-13,6.881767603456982e-9,1.0088682482529706e-12
3,255,1100.0,9.40680511878731e-13,6.7834644429320165e-9,9.944569889557616e-13
3,256,1100.0,9.149999991823263e-13,6.673958437977564e-9,9.784033908458685e-13
3,257,1100.0,1.0036358956095887e-12,7.076941373703968e-9,1.0374807546670338e-12
3,258,1100.0,1.3013100688860293e-12,7.714614255269086e-9,1.1309637026613623e-12
3,259,1100.0,1.3224142381140393e-12,7.85856082322012e-9,1.1520662928996372e-12
3,260,1100.0,1.036003203145849e-12,7.261205828233829e-9,1.064493953625314e-12
3,261,1100.0,1.3204701146030837e-12,7.816165789745831e-9,1.1458511741074324e-12
3,262,1100.0,9.066562616806307e-13,6.644901135858875e-9,9.741435856364174e-13
3,263,1100.0,1.0219734665975376e-12,7.174026687278418e-9,1.0517134774035213e-12
3,264,1100.0,9.148463085888645e-13,6.266852701657804e-9,9.187216237881823e-13
3,265,1100.0,8.558475647353627e-13,6.353475699169923e-9,9.314205692908715e-13
3,266,1100.0,9.283500074830484e-13,6.249596585289082e-9,9.161918743261665e-13
3,267,1100.0,9.114166955458072e-13,6.271138630653603e-9,9.19349941674993e-13
3,268,1100.0,9.419706747812267e-13,6.231629638361026e-9,9.13557916988715e-13
3,269,1100.0,8.549620373874333e-13,6.356340547584169e-9,9.31840556533646e-13
3,270,1100.0,8.764021143688851e-13,6.314366451609063e-9,9.25687147247181e-13
3,271,1100.0,1.336024940196307e-12,8.102609259496113e-9,1.187843833290707e-12
3,272,1100.0,9.53983993772674e-13,6.821382955095533e-9,1.0000158489968285e-12
3,273,1100.0,9.159909263863516e-13,6.6646577364270875e-9,9.77039906488152e-13
3,274,1100.0,1.0122966511102033e-12,7.116854166361328e-9,1.0433319765523657e-12
3,275,1100.0,1.3008748574538706e-12,7.78482521517223e-9,1.1412566407852918e-12
3,276,1100.0,9.88250298046189e-13,6.989852066729179e-9,1.0247134481213894e-12
3,277,1100.0,9.681174585004713e-13,6.8724064013492606e-9,1.007495894503737e-12
3,278,1100.0,9.93791104878371e-13,7.019527947413815e-9,1.0290639370490645e-12
3,279,1100.0,8.244392591721587e-13,6.331861660772266e-9,9.282519477516956e-13
3,280,1100.0,1.2732675893783532e-12,7.478100746385354e-9,1.0962907838496562e-12
3,281,1100.0,1.2937168726677163e-12,7.655042696877587e-9,1.122230502526859e-12
3,282,1100.0,1.2113882078868068e-12,7.150313586492097e-9,1.0482371329772835e-12
3,283,1100.0,8.984003594135033e-13,6.6026495411055655e-9,9.679494949840023e-13
3,284,1100.0,1.0312538599495e-12,7.230767662899962e-9,1.060031713644268e-12
3,285,1100.0,8.765960132511077e-13,6.5284777271919065e-9,9.57075895018896e-13
3,286,1100.0,8.435880144197361e-13,6.435182559131268e-9,9.433988082302459e-13
3,287,1100.0,1.273402412970908e-12,7.556744734587827e-9,1.1078200052917753e-12
3,288,1100.0,1.2132235841312973e-12,7.224016900263254e-9,1.0590420507454154e-12
3,289,1100.0,8.518499891811568e-13,6.387304765504964e-9,9.363799159093655e-13
3,290,1100.0,1.210358677649391e-12,7.2410306676858535e-9,1.0615362718125724e-12
3,291,1100.0,8.269286976004198e-13,6.240326363286978e-9,9.148328582751915e-13
3,292,1100.0,8.782124805493939e-13,6.544092107098827e-9,9.593649656489965e-13
3,293,1100.0,8.482535517460787e-13,6.40365951011357e-9,9.38777524124967e-13
3,294,1100.0,8.695509801055359e-13,6.5276922759370125e-9,9.569607477373727e-13
3,295,1100.0,9.20752077238878e-13,6.694942543314705e-9,9.814796640960728e-13
3,296,1100.0,8.565874621968042e-13,6.50101196283085e-9,9.530494095031765e-13
3,297,1100.0,1.3159741861142912e-12,7.812697826344455e-9,1.1453427701095998e-12
3,298,1100.0,9.418189116055107e-13,6.783391266910509e-9,9.944462613391248e-13
3,299,1100.0,8.499629755134928e-13,6.3772430705633e-9,9.349048697969172e-13
3,300,1100.0,8.743364383870273e-13,6.550766481152049e-9,9.603434299691049e-13
3,301,1100.0,1.10571995083351e-12,6.798568108031348e-9,9.966711887121303e-13
3,302,1100.0,8.724805971696269e-13,6.543815161508293e-9,9.59324365380449e-13
3,303,1100.0,8.663162701078468e-13,6.551389131362148e-9,9.604347105910225e-13
3,304,1100.0,8.754589575802914e-13,6.546008291976418e-9,9.596458786632363e-13
3,305,1100.0,8.547429143741276e-13,6.465813885929502e-9,9.478893657133371e-13
3,306,1100.0,8.974143203294806e-13,6.619701201000416e-9,9.70449271093745e-13
3,307,1100.0,8.487909539006193e-13,6.439542984948331e-9,9.440380473631523e-13
3,308,1100.0,1.0499163782699516e-12,6.642006867643854e-9,9.737192854460716e-13
3,309,1100.0,8.795144817554931e-13,6.565483018756331e-9,9.625008767718307e-13
3,310,1100.0,1.0345512886664937e-12,6.70379613742572e-9,9.827776024305547e-13
3,311,1100.0,1.1252518949434152e-12,7.10429117132115e-9,1.0414902394392686e-12
3,312,1100.0,1.0503246020157282e-12,6.634532040035904e-9,9.726234745048481e-13
3,313,1100.0,9.77008183807611e-13,6.3892505700968086e-9,9.366651711785249e-13
3,314,1100.0,1.0180007053694357e-12,6.6199439617986125e-9,9.704848598661845e-13
3,315,1100.0,8.65845050037795e-13,6.418412059568239e-9,9.40940250270808e-13
3,316,1100.0,1.0983525765902397e-12,6.734811025262777e-9,9.87324390024227e-13
3,317,1100.0,1.0342471250294719e-12,6.6720079782105665e-9,9.781174531272757e-13
3,318,1100.0,1.0714709111538409e-12,6.840025919491392e-9,1.002748910604844e-12
3,319,1100.0,8.510971010274995e-13,6.453524360209444e-9,9.460877192469804e-13
3,320,1100.0,9.905803610741214e-13,6.567133314196839e-9,9.627428103514141e-13
3,321,1100.0,1.0293721696103776e-12,6.461934928121339e-9,9.473207098687248e-13
3,322,1100.0,9.560470892925235e-13,6.828568919622617e-9,1.0010693125634862e-12
3,323,1100.0,8.610197569684277e-13,6.480765638005654e-9,9.500812949958375e-13
3,324,1100.0,8.612132544571965e-13,6.481319319934904e-9,9.501624648565823e-13
3,325,1100.0,9.781866648622202e-13,6.299052310080408e-9,9.23442091612092e-13
3,326,1100.0,1.0697034037560068e-12,6.6059681008792784e-9,9.684359963857565e-13
3,327,1100.0,1.0030257882751139e-12,6.490728247272222e-9,9.515418151322255e-13
3,328,1100.0,8.251748053768276e-13,6.1707243511157865e-9,9.046291919876583e-13
3,329,1100.0,8.246503203476603e-13,6.183882840743448e-9,9.065582287039875e-13
3,330,1100.0,1.1073573397963115e-12,6.854884648317817e-9,1.0049272026638276e-12
3,331,1100.0,8.209110202580985e-13,6.157645139768548e-9,9.027117774801137e-13
3,332,1100.0,9.306175579575612e-13,6.719493317771219e-9,9.850788116183975e-13
3,333,1100.0,8.826435657944164e-13,6.287011040095868e-9,9.216768394768788e-13
3,334,1100.0,8.678659087629818e-13,6.482312286716254e-9,9.503080339479842e-13
3,335,1100.0,8.58751567327688e-13,6.3452814619371976e-9,9.302192927818251e-13
3,336,1100.0,8.612818816541107e-13,6.492043898296175e-9,9.517346897859961e-13
3,337,1100.0,8.685522924057619e-13,6.5013605539299456e-9,9.531005130149144e-13
3,338,1100.0,8.598541461129707e-13,6.477485317459102e-9,9.49600399470995e-13
3,339,1100.0,8.437937146643158e-13,6.335234350803205e-9,9.2874638465795e-13
3,340,1100.0,8.556740967696477e-13,6.4786633231635435e-9,9.49773095298572e-13
3,341,1100.0,8.499837039750965e-13,6.3826436476113685e-9,9.356965952692077e-13
3,342,1100.0,9.340236084880296e-13,6.733377359147578e-9,9.871142143389142e-13
3,343,1100.0,8.875348120462457e-13,6.563971886328932e-9,9.622793445125689e-13
3,344,1100.0,8.508837517593456e-13,6.466608843257789e-9,9.480059065867635e-13
3,345,1100.0,8.838589651751946e-13,6.546448784062038e-9,9.597104548745233e-13
3,346,1100.0,8.491240510492324e-13,6.4514006041441605e-9,9.45776376262916e-13
3,347,1100.0,8.509072733720085e-13,6.382052916303016e-9,9.356099939634694e-13
3,348,1100.0,1.0739340098454449e-12,6.865933911557435e-9,1.0065470264491353e-12
3,349,1100.0,8.574263935683265e-13,6.378070655722574e-9,9.35026193915665e-13
3,350,1100.0,1.1571111243457304e-12,7.212514451290069e-9,1.0573557898579703e-12
3,351,1100.0,1.1386915158452322e-12,7.134928087401149e-9,1.0459816163119743e-12
3,352,1100.0,8.825726060356621e-13,6.545731565983453e-9,9.59605310587728e-13
3,353,1100.0,1.1619921069116647e-12,7.237740016776986e-9,1.0610538618549369e-12
3,354,1100.0,8.440765637956502e-13,6.419631757224822e-9,9.411190581453398e-13
3,355,1100.0,8.509304992079226e-13,6.3724264942110735e-9,9.341987589214778e-13
3,356,1100.0,1.1837745896706247e-12,7.356260510759923e-9,1.078428985520342e-12
3,357,1100.0,1.0032876410844463e-12,7.066213837640915e-9,1.0359080961380584e-12
3,358,1100.0,9.116730514096366e-13,6.638679062768302e-9,9.732314287108862e-13
3,359,1100.0,1.1306491881334674e-12,7.095950641756351e-9,1.0402675164505828e-12
3,360,1100.0,1.0626398266437067e-12,6.8247583745295876e-9,1.0005106860340226e-12
3,361,1100.0,8.570659489417276e-13,6.4632811944288244e-9,9.475180727280334e-13
3,362,1100.0,8.572924805446911e-13,6.435365582774526e-9,9.434256395260701e-13
3,363,1100.0,8.472427748772488e-13,6.350526586046699e-9,9.309882288280764e-13
3,364,1100.0,1.0908451939044313e-12,6.849730259826776e-9,1.0041715684739778e-12
3,365,1100.0,8.431531867655641e-13,6.429185870294843e-9,9.425196926729748e-13
3,366,1100.0,8.867362096821936e-13,6.550941051138358e-9,9.603690219574475e-13
3,367,1100.0,8.744156230115464e-13,6.489499848943863e-9,9.513617317377986e-13
3,368,1100.0,1.223010664556241e-12,7.691206016115337e-9,1.1275320509999686e-12
3,369,1100.0,1.1312859741792658e-12,7.012013787980329e-9,1.02796236005583e-12
3,370,1100.0,1.1538700407363464e-12,7.235993737387527e-9,1.0607978570128498e-12
3,371,1100.0,8.658227583066737e-13,6.489915979293782e-9,9.514227365146752e-13
3,372,1100.0,8.740945532244366e-13,6.522676876262189e-9,9.562254893305522e-13
3,373,1100.0,8.432624989644862e-13,6.376209681596273e-9,9.347533748065306e-13
3,374,1100.0,8.486310595186343e-13,6.4142413062003634e-9,9.40328817149755e-13
3,375,1100.0,9.738563178611081e-13,6.912616876835078e-9,1.013390756740064e-12
3,376,1100.0,1.0808934528153753e-12,6.89606797971135e-9,1.0109646857342154e-12
3,377,1100.0,9.273108933430335e-13,6.706189368116587e-9,9.831284504384921e-13
3,378,1100.0,9.806474942622536e-13,6.454179624808686e-9,9.461837811436431e-13
3,379,1100.0,9.73298101020455e-13,6.378833652027772e-9,9.351380492979164e-13
3,380,1100.0,1.041872758924937e-12,6.6401048612618495e-9,9.734404510015875e-13
3,381,1100.0,1.159569677936598e-12,7.140467472690374e-9,1.0467936910949604e-12
3,382,1100.0,1.0019378491349489e-12,6.519026410374091e-9,9.556903304385283e-13
3,383,1100.0,1.0692669460017912e-12,6.641366630418133e-9,9.736254265648074e-13
3,384,1100.0,9.81098522951338e-13,6.300700290402194e-9,9.236836857948949e-13
3,385,1100.0,1.2506319177839714e-12,7.809979341171099e-9,1.144944239741709e-12
3,386,1100.0,1.3086520272397462e-12,7.758408842517191e-9,1.1373839962640937e-12
3,387,1100.0,8.474531617070684e-13,6.413084949351423e-9,9.4015929504791e-13
3,388,1100.0,1.1644563116645677e-12,7.303588972387654e-9,1.0707073294412079e-12
3,389,1100.0,1.2491849775100095e-12,7.742275437108825e-9,1.1350188364111925e-12
3,390,1100.0,1.1636802485928712e-12,7.234922508420749e-9,1.0606408146723545e-12
3,391,1100.0,1.1252580167771967e-12,6.985724468438987e-9,1.024108341541733e-12
3,392,1100.0,8.639863581137045e-13,6.416302044344851e-9,9.406309216963967e-13
3,393,1100.0,9.209930747877868e-13,6.68449096716625e-9,9.79947461335393e-13
3,394,1100.0,1.2261610413738608e-12,7.671926651115537e-9,1.1247056929600652e-12
3,395,1100.0,1.0905666701057964e-12,6.960323778272748e-9,1.0203845962383378e-12
3,396,1100.0,1.0243274165265456e-12,6.734830386457139e-9,9.873272283784647e-13
3,397,1100.0,1.0296807692871798e-12,7.220972516847324e-9,1.0585957436422378e-12
3,398,1100.0,1.1154371273714108e-12,7.043811421788941e-9,1.0326238983360486e-12
3,399,1100.0,1.0537430314653152e-12,6.77313480831409e-9,9.9294266284326e-13
3,400,1100.0,9.601680202726644e-13,6.847460637015074e-9,1.0038388414011999e-12
3,401,1100.0,1.0679432145392868e-12,6.833226214595282e-9,1.0017520727628147e-12
3,402,1100.0,1.1476478578079984e-12,7.220816207471421e-9,1.0585728286623462e-12
3,403,1100.0,1.0336588673408746e-12,6.7073140798304375e-9,9.832933333583938e-13
3,404,1100.0,8.385511717311746e-13,6.294244544169001e-9,9.227372723487076e-13
3,405,1100.0,8.543637947964275e-13,6.450972345722241e-9,9.457135935087144e-13
3,406,1100.0,9.228994565729065e-13,6.688789660427391e-9,9.80577650465576e-13
3,407,1100.0,8.536459529933746e-13,6.4603593964458415e-9,9.470897366692336e-13
3,408,1100.0,8.815346949758424e-13,6.542411153172269e-9,9.591185375303795e-13
3,409,1100.0,1.1826941001681863e-12,7.417476875466128e-9,1.0874033145276944e-12
3,410,1100.0,1.0039758163792205e-12,7.0700182448223546e-9,1.0364658228486861e-12
3,411,1100.0,1.0106320038500036e-12,6.658992468850073e-9,9.76209377341333e-13
3,412,1100.0,1.0119522864424525e-12,6.646312910463175e-9,9.743505520226772e-13
3,413,1100.0,8.613261347531668e-13,6.482530599428098e-9,9.503400386269942e-13
3,414,1100.0,8.701357541635152e-13,6.488147812299457e-9,9.511635229461602e-13
3,415,1100.0,8.992667805592182e-13,6.601497998301579e-9,9.677806786219294e-13
3,416,1100.0,8.590928811855385e-13,6.4753444407096896e-9,9.492865465918567e-13
3,417,1100.0,1.3519279755672128e-12,8.132618908536377e-9,1.1922432527135204e-12
3,418,1100.0,1.2756254487377491e-12,7.536527377139274e-9,1.1048561374065562e-12
3,419,1100.0,1.1976537117396954e-12,7.198642733534677e-9,1.0553221937822888e-12
3,420,1100.0,1.1611058314988738e-12,7.0291010832743886e-9,1.0304673603208838e-12
3,421,1100.0,1.2945118714343642e-12,7.87641166545799e-9,1.1546832292706522e-12
3,422,1100.0,1.0740486214624097e-12,6.65017979534993e-9,9.749174379750505e-13
3,423,1100.0,8.558876687273337e-13,6.447974823755587e-9,9.452741563016108e-13
3,424,1100.0,1.0642060405132696e-12,6.804198665894459e-9,9.974966294092546e-13
3,425,1100.0,9.909007051961686e-13,6.471397498984659e-9,9.487079242939914e-13
3,426,1100.0,1.1730306907504946e-12,7.2379731534139495e-9,1.0610880397237767e-12
3,427,1100.0,8.433571466438032e-13,6.31734741398204e-9,9.26124156815162e-13
3,428,1100.0,8.335481026731714e-13,6.139952869088462e-9,9.001180877252214e-13
3,429,1100.0,1.0578411965713381e-12,6.689351040953309e-9,9.806599489418427e-13
3,430,1100.0,1.0019379473026081e-12,6.61961256669483e-9,9.70436277290152e-13
3,431,1100.0,1.0138144473529718e-12,6.618246671963635e-9,9.7023603690074e-13
3,432,1100.0,1.0379415113240004e-12,6.6017350699210826e-9,9.678154333598486e-13
3,433,1100.0,8.745965239625079e-13,6.520766972395209e-9,9.55945497113488e-13
3,434,1100.0,1.135659100835136e-12,7.001020402446585e-9,1.0263507279512778e-12
3,435,1100.0,1.063785218435518e-12,6.683224702378699e-9,9.79761826711899e-13
3,436,1100.0,1.0205756004225822e-12,6.466355609336829e-9,9.47968782452826e-13
3,437,1100.0,9.392820488088369e-13,6.2337734738333676e-9,9.13872203617115e-13
3,438,1100.0,8.527827980561736e-13,6.4580345456155565e-9,9.467489131599623e-13
3,439,1100.0,1.099909163082904e-12,6.78836667126812e-9,9.95175656425947e-13
3,440,1100.0,1.0720990906824075e-12,6.776750519085867e-9,9.934727266295874e-13
3,441,1100.0,9.406594234672673e-13,6.761092238746733e-9,9.911772201889948e-13
3,442,1100.0,1.0182377760826646e-12,7.151768837853592e-9,1.0484504730632088e-12
3,443,1100.0,8.414535320072879e-13,6.374190644292677e-9,9.344573836099355e-13
3,444,1100.0,9.537577831215397e-13,6.799472469911415e-9,9.968037683106147e-13
3,445,1100.0,8.505753954536101e-13,6.374142677629632e-9,9.344503516893435e-13
3,446,1100.0,9.057718978393448e-13,6.614228406256715e-9,9.696469584955468e-13
3,447,1100.0,9.016266724889553e-13,6.584450770095112e-9,9.652815521984235e-13
3,448,1100.0,9.309566449321019e-13,6.675415176952937e-9,9.786169490162298e-13
3,449,1100.0,8.944764756027816e-13,6.54174339728099e-9,9.590206444082757e-13
3,450,1100.0,8.46131787951021e-13,6.3614132510431e-9,9.325842156845228e-13
3,451,1100.0,8.987078172980901e-13,6.240827132269736e-9,9.149062710893876e-13
3,452,1100.0,8.429464951876395e-13,6.358755063810292e-9,9.321945250045086e-13
3,453,1100.0,8.44522563649962e-13,6.415374128837398e-9,9.404948891323125e-13
3,454,1100.0,8.488698496609441e-13,6.3832632400844995e-9,9.357874276263892e-13
3,455,1100.0,8.617847376662963e-13,6.45045436267796e-9,9.456376571103032e-13
3,456,1100.0,8.431793451887642e-13,6.360730813506803e-9,9.32484170230875e-13
3,457,1100.0,9.351061217956124e-13,6.227204832244557e-9,9.129092396934604e-13
3,458,1100.0,8.51622020447861e-13,6.357515269106803e-9,9.320127708996368e-13
3,459,1100.0,1.0449126235814678e-12,6.6248856235109054e-9,9.712093082757232e-13
3,460,1100.0,9.465399374363948e-13,6.278372905069168e-9,9.204104874791476e-13
3,461,1100.0,8.464880534554105e-13,6.3659880671251244e-9,9.332548844650892e-13
3,462,1100.0,8.443665475445297e-13,6.261727751735397e-9,9.17970305297275e-13
3,463,1100.0,9.343002011687524e-13,6.181962471136573e-9,9.062767022077552e-13
3,464,1100.0,8.499026560622994e-13,6.370207628466339e-9,9.3387347284296e-13
3,465,1100.0,1.0072937324431674e-12,6.63589801933718e-9,9.728237272922476e-13
3,466,1100.0,8.693013459769505e-13,6.291272784044189e-9,9.22301611831802e-13
3,467,1100.0,1.1906453751682017e-12,7.461501952031046e-9,1.0938573979017015e-12
3,468,1100.0,8.428703109324194e-13,6.3368495262453555e-9,9.289831696400705e-13
3,469,1100.0,9.8769200821676e-13,6.396612296273506e-9,9.377444014315594e-13
3,470,1100.0,1.0896012162450538e-12,6.886305753908581e-9,1.0095335418461623e-12
3,471,1100.0,8.730655157165462e-13,6.508537418682557e-9,9.541526425531565e-13
3,472,1100.0,1.196315007913112e-12,7.420769169661247e-9,1.0878859653913614e-12
3,473,1100.0,1.246377522422128e-12,7.82755626045499e-9,1.1475210189631861e-12
3,474,1100.0,1.2013247423014594e-12,7.453982764704914e-9,1.0927550838185885e-12
3,475,1100.0,1.0838522368114874e-12,6.910104830169723e-9,1.013022490290971e-12
3,476,1100.0,1.1719301147378385e-12,7.340039196726036e-9,1.0760509382486629e-12
3,477,1100.0,9.239356018958354e-13,6.692674913328759e-9,9.811472291718742e-13
3,478,1100.0,8.71892792965546e-13,6.5233665332227184e-9,9.563265931529647e-13
3,479,1100.0,8.679592287587602e-13,6.4920976556461355e-9,9.517425706222306e-13
3,480,1100.0,9.926834462799759e-13,7.00864835058208e-9,1.0274689863867059e-12
3,481,1100.0,8.748352104295475e-13,6.521494616968601e-9,9.560521699261155e-13
3,482,1100.0,8.848202894433967e-13,6.56767444700238e-9,9.628221405085855e-13
3,483,1100.0,8.569631398521036e-13,6.368610990307496e-9,9.336394054295825e-13
3,484,1100.0,9.352157371554794e-13,6.7423887847031085e-9,9.884352907887935e-13
3,485,1100.0,9.125935828267558e-13,6.699332343671205e-9,9.821232095412312e-13
3,486,1100.0,9.420337456365463e-13,6.781252718719888e-9,9.941327498270836e-13
3,487,1100.0,8.780398818101405e-13,6.566130393375577e-9,9.625957819961447e-13
3,488,1100.0,8.943482991535026e-13,6.584564429537055e-9,9.652982146910703e-13
3,489,1100.0,9.453559586490716e-13,6.802868944940715e-9,9.973016921014916e-13
3,490,1100.0,1.0001374621350982e-12,7.051998785359039e-9,1.0338241671650374e-12
3,491,1100.0,8.910132320142223e-13,6.583987000532118e-9,9.652135635051732e-13
3,492,1100.0,1.2746927268634114e-12,7.502117984002776e-9,1.0998117147847249e-12
3,493,1100.0,8.698917770423435e-13,6.328079252212608e-9,9.276974460425938e-13
3,494,1100.0,8.772507349350916e-13,6.528948225225162e-9,9.571448701069794e-13
3,495,1100.0,8.500222759858472e-13,6.337997351269369e-9,9.291514409749956e-13
3,496,1100.0,9.006409371097035e-13,6.617834988109891e-9,9.701756839809246e-13
3,497,1100.0,9.887019502669079e-13,6.986231983997583e-9,1.0241827434050426e-12
3,498,1100.0,9.076221063988533e-13,6.566790645521744e-9,9.626925750679963e-13
3,499,1100.0,1.0344523247274981e-12,7.250795110061799e-9,1.0629677406506132e-12
3,500,1100.0,9.026870011019451e-13,6.6193298889405726e-9,9.703948366854715e-13
3,501,1100.0,9.424905708407609e-13,6.768876815118174e-9,9.923184403492487e-13
3,502,1100.0,9.292178601337278e-13,6.700921122985329e-9,9.823561248466964e-13
3,503,1100.0,8.904024049721367e-13,6.573161462210015e-9,9.636265378291056e-13
3,504,1100.0,9.005504348560784e-13,6.569116626202148e-9,9.630335642134786e-13
3,505,1100.0,8.92018925622112e-13,6.527058611385832e-9,9.568678524112637e-13
3,506,1100.0,8.976992358563098e-13,6.596066691082121e-9,9.669844481015227e-13
3,507,1100.0,8.73922672555852e-13,6.536990309567099e-9,9.583238409775268e-13
3,508,1100.0,1.3066294787025058e-12,7.74284191274725e-9,1.13510188183178e-12
3,509,1100.0,1.04182903244244e-12,7.298054958045566e-9,1.0698960420399443e-12
3,510,1100.0,1.2963843967857101e-12,7.668643792697317e-9,1.124224425382824e-12
3,511,1100.0,9.264076355537423e-13,6.725734585634223e-9,9.859937825006842e-13
3,512,1100.0,1.2485077608870622e-12,7.364163192522502e-9,1.0795875199501167e-12
3,513,1100.0,1.182942349063512e-12,7.0874429015499435e-9,1.0390202803546823e-12
3,514,1100.0,9.144018728052658e-13,6.661124500895902e-9,9.765219335854896e-13
3,515,1100.0,9.370804961773336e-13,6.746029977127256e-9,9.889690901894964e-13
3,516,1100.0,9.055357932089487e-13,6.610938387996367e-9,9.691646412842868e-13
3,517,1100.0,9.441914501769616e-13,6.768120845384013e-9,9.922076150634526e-13
3,518,1100.0,1.024252846001313e-12,7.187760659214177e-9,1.053726879919675e-12
3,519,1100.0,1.279731914249399e-12,7.561360233819095e-9,1.1084966382286276e-12
3,520,1100.0,8.80246634084783e-13,6.520500618287344e-9,9.559064495580197e-13
3,521,1100.0,1.0203294721388829e-12,6.50867500260735e-9,9.541728123788748e-13
3,522,1100.0,1.0437918730102067e-12,6.526436841668537e-9,9.567767008697342e-13
3,523,1100.0,1.3137662842233969e-12,7.798457166472226e-9,1.1432550870596747e-12
3,524,1100.0,1.0650429665181302e-12,6.70516251872037e-9,9.829779141502483e-13
3,525,1100.0,1.0656878480086399e-12,6.594805158387442e-9,9.667995072036122e-13
3,526,1100.0,1.1418721023762058e-12,7.155392001804369e-9,1.0489816294867878e-12
3,527,1100.0,1.1500611437920179e-12,7.186923960218797e-9,1.0536042197110739e-12
3,528,1100.0,1.1564155533235853e-12,7.217551460512018e-9,1.058094216227909e-12
3,529,1100.0,8.441721618454203e-13,6.418700916190285e-9,9.409825966985097e-13
3,530,1100.0,8.997779285061586e-13,6.60254158212662e-9,9.679336681801566e-13
3,531,1100.0,8.703681270239116e-13,6.51240883566825e-9,9.5472019291197e-13
3,532,1100.0,8.420050334221271e-13,6.412077758895059e-9,9.400116407634413e-13
3,533,1100.0,1.2787062202372941e-12,7.555082478015381e-9,1.1075763182083073e-12
3,534,1100.0,9.946223000097781e-13,7.018987613223198e-9,1.0289847239689707e-12
3,535,1100.0,1.1492837746464723e-12,6.9606779875565915e-9,1.0204365233768722e-12
3,536,1100.0,1.2071001211007744e-12,7.174400629238666e-9,1.0517682973556212e-12
3,537,1100.0,9.580883132253779e-13,6.837903764484991e-9,1.0024378023362715e-12
3,538,1100.0,1.2648786840802364e-12,7.449540352206029e-9,1.0921038254248127e-12
3,539,1100.0,1.1357001892918705e-12,6.886640267673728e-9,1.0095825816184574e-12
3,540,1100.0,1.0348177500082485e-12,6.522441925502513e-9,9.561910455110281e-13
3,541,1100.0,8.727256145881661e-13,6.5150640904121335e-9,9.551094536886318e-13
3,542,1100.0,9.871804976732336e-13,6.39453417682403e-9,9.374397487827837e-13
3,543,1100.0,9.844214341291287e-13,6.350488186805496e-9,9.309825994930803e-13
3,544,1100.0,1.013755361254787e-12,6.4873697777797285e-9,9.510494629592167e-13
3,545,1100.0,1.0475635530475657e-12,6.547041126018332e-9,9.597972923015113e-13
3,546,1100.0,1.1033142742525802e-12,6.846570517645877e-9,1.003708349757122e-12
3,547,1100.0,1.0049271942360155e-12,6.5187644541980885e-9,9.556519276205849e-13
3,548,1100.0,9.518539981782362e-13,6.809285499259672e-9,9.98242360006687e-13
3,549,1100.0,8.478161029448519e-13,6.384704744498591e-9,9.359987524075927e-13
3,550,1100.0,9.086283514677235e-13,6.623978126794359e-9,9.710762691097018e-13
3,551,1100.0,1.1230058140204934e-12,7.079276519955129e-9,1.0378230874866773e-12
3,552,1100.0,9.057875268766439e-13,6.624585369290194e-9,9.711652909582062e-13
3,553,1100.0,1.1009179105712048e-12,6.971850418386126e-9,1.0220744035508638e-12
3,554,1100.0,8.514243443950812e-13,6.432926536941207e-9,9.430680750108091e-13
3,555,1100.0,1.2123999180980404e-12,7.552722357805033e-9,1.107230324202191e-12
3,556,1100.0,8.736426441043512e-13,6.444273661562275e-9,9.447315653230094e-13
3,557,1100.0,8.843927211600236e-13,6.4994721428155236e-9,9.528236716388656e-13
3,558,1100.0,8.733931466991438e-13,6.520183955431457e-9,9.55860026731921e-13
3,559,1100.0,9.269475728173192e-13,6.576475533385407e-9,9.64112381201617e-13
3,560,1100.0,8.886444306901252e-13,6.571548111851008e-9,9.6339002040447e-13
3,561,1100.0,9.269011951086984e-13,6.704564795033187e-9,9.828902877606379e-13
3,562,1100.0,1.1713488682772301e-12,7.220973519681709e-9,1.0585958906579215e-12
3,563,1100.0,9.050270397357356e-13,6.62449323199823e-9,9.711517836162412e-13
3,564,1100.0,1.1675710489963192e-12,7.2929506486672825e-9,1.0691477494561577e-12
3,565,1100.0,1.21909157631017e-12,7.258532705755111e-9,1.064102073435824e-12
3,566,1100.0,9.62284816889981e-13,6.406810232498893e-9,9.39239420538327e-13
3,567,1100.0,1.1763687068551206e-12,7.274755294641532e-9,1.0664803076010912e-12
3,568,1100.0,1.0970719581800402e-12,6.719070599701157e-9,9.850168410806778e-13
3,569,1100.0,8.234462449416039e-13,6.099920319012832e-9,8.942493093829229e-13
3,570,1100.0,1.098808113636313e-12,6.749337753942373e-9,9.894540108077693e-13
3,571,1100.0,1.1486822429964403e-12,6.832794008489894e-9,1.0016887112775755e-12
3,572,1100.0,8.357272187347742e-13,6.227508763304516e-9,9.129537960362083e-13
3,573,1100.0,1.2315579881360131e-12,7.3319115839133346e-9,1.0748594288904118e-12
3,574,1100.0,1.1664903262594503e-12,6.893415175067841e-9,1.0105757841426665e-12
3,575,1100.0,1.2556329145466044e-12,7.786680367725361e-9,1.1415286064508541e-12
3,576,1100.0,8.319536719803962e-13,6.173389559793483e-9,9.050199120126335e-13
3,577,1100.0,1.1000035280608294e-12,6.571489981046314e-9,9.633814984190617e-13
3,578,1100.0,8.944490892474655e-13,6.474306851638371e-9,9.49134435865499e-13
3,579,1100.0,1.0564296141581796e-12,6.598694242222515e-9,9.673696475254138e-13
3,580,1100.0,1.0317780121922358e-12,6.537252076300332e-9,9.58362216023129e-13
3,581,1100.0,9.327372168112314e-13,6.7281010732565195e-9,9.863407099704262e-13
3,582,1100.0,1.171352605452561e-12,7.243334336351932e-9,1.061873990013131e-12
3,583,1100.0,1.067762663885747e-12,6.730612506060097e-9,9.867088864272824e-13
3,584,1100.0,8.652577689390564e-13,6.4929180338639505e-9,9.5186283820219e-13
3,585,1100.0,8.267358377870399e-13,6.2489037606594e-9,9.160903061229417e-13
3,586,1100.0,9.42741688823499e-13,6.30231160472031e-9,9.23919904735605e-13
3,587,1100.0,9.578091592043225e-13,6.241230481194745e-9,9.149654021072972e-13
3,588,1100.0,9.17116689112941e-13,6.688295436317156e-9,9.805051971307543e-13
3,589,1100.0,9.53232978294709e-13,6.839520202825646e-9,1.002674772459518e-12
3,590,1100.0,8.794062997521569e-13,6.569023761800404e-9,9.63019950277102e-13
3,591,1100.0,1.0738807388673335e-12,6.816881772565448e-9,9.993559749069343e-13
3,592,1100.0,9.260929927304172e-13,6.7013416329346565e-9,9.824177716735579e-13
3,593,1100.0,1.166013882660857e-12,7.1753827542910815e-9,1.0519122770478005e-12
3,594,1100.0,8.49893752950835e-13,6.384598920251153e-9,9.359832385557327e-13
3,595,1100.0,9.91306066654914e-13,7.017709720488748e-9,1.0287973846865729e-12
3,596,1100.0,9.468406038051948e-13,6.8101581435073454e-9,9.983702897951118e-13
3,597,1100.0,1.2091761230586427e-12,7.391647748644976e-9,1.0836167603411118e-12
3,598,1100.0,1.1225556739792861e-12,6.905657852564441e-9,1.012370562651856e-12
3,599,1100.0,1.1723865506576187e-12,7.235496233262753e-9,1.060724922827364e-12
3,600,1100.0,1.251294156760445e-12,7.781906461035679e-9,1.1408287509548732e-12
3,601,1100.0,9.58340753985097e-13,6.84543325104861e-9,1.0035416262892726e-12
3,602,1100.0,1.174457078601366e-12,7.218079825635737e-9,1.0581716746408516e-12
3,603,1100.0,1.1607684758432242e-12,7.1784490372116495e-9,1.0523617946219146e-12
3,604,1100.0,1.3021620304984324e-12,8.024846031946891e-9,1.1764437315033886e-12
3,605,1100.0,8.877094188162802e-13,6.579676603211435e-9,9.645816585579604e-13
3,606,1100.0,1.1582223473722884e-12,7.146484684593112e-9,1.047675815337086e-12
3,607,1100.0,1.0644602408859643e-12,6.7768388578933826e-9,9.934856771131152e-13
3,608,1100.0,1.245101405773661e-12,7.722122546508811e-9,1.1320644193764385e-12
3,609,1100.0,1.2151674169522771e-12,7.553911460893588e-9,1.1074046469080814e-12
3,610,1100.0,1.1347156558997495e-12,7.0738832564700754e-9,1.0370324341839126e-12
3,611,1100.0,1.1072121052597892e-12,6.929795699699272e-9,1.0159091749617633e-12
3,612,1100.0,1.0486985224836484e-12,6.626418101684596e-9,9.714339698248577e-13
3,613,1100.0,1.0741831518598788e-12,6.772768533205034e-9,9.928889668527902e-13
3,614,1100.0,1.1150261845640631e-12,6.899397009515084e-9,1.011452722044071e-12
3,615,1100.0,1.1316634272712247e-12,7.0466935560015395e-9,1.0330464196796689e-12
3,616,1100.0,8.888232731471054e-13,6.566054382085921e-9,9.62584638728737e-13
3,617,1100.0,1.033210044279337e-12,6.695063035299598e-9,9.814973282406257e-13
3,618,1100.0,1.0617238419851747e-12,6.786522524372418e-9,9.949053041915511e-13
3,619,1100.0,8.84163377443845e-13,6.550828187640132e-9,9.603524761502787e-13
3,620,1100.0,8.750746422019871e-13,6.522226359024449e-9,9.561594434303364e-13
3,621,1100.0,1.1010203582285963e-12,6.917531890987752e-9,1.014111298613035e-12
3,622,1100.0,1.0853918318660106e-12,6.8691398287301185e-9,1.0070170144272856e-12
3,623,1100.0,9.649516659840726e-13,6.869802951961094e-9,1.0071142284006366e-12
3,624,1100.0,9.596429506171428e-13,6.845048643507166e-9,1.0034852427612373e-12
3,625,1100.0,1.224770468973432e-12,7.48700725230433e-9,1.0975964790637779e-12
3,626,1100.0,1.1861420867142358e-12,7.2725787504182256e-9,1.0661612258644878e-12
3,627,1100.0,1.1563777080064543e-12,7.1716199772724625e-9,1.051360653325803e-12
3,628,1100.0,1.1469824330346858e-12,7.1202001842843256e-9,1.043822503323264e-12
3,629,1100.0,1.2165537387362229e-12,7.498208642249318e-9,1.099238604648798e-12
3,630,1100.0,8.779897668539882e-13,6.531249834002304e-9,9.574822863274854e-13
3,631,1100.0,9.505718138438348e-13,6.779731152927833e-9,9.93909688034869e-13
3,632,1100.0,1.0633908781385826e-12,6.666386811883235e-9,9.77293389230822e-13
3,633,1100.0,1.1229037603134197e-12,7.0586203718533684e-9,1.0347948928204395e-12
3,634,1100.0,1.2279036539915036e-12,7.706513455639566e-9,1.12977612412012e-12
3,635,1100.0,1.2126879802393683e-12,7.712716566419236e-9,1.1306855011677934e-12
3,636,1100.0,1.2389241111823862e-12,7.728249465331798e-9,1.1329626266708886e-12
3,637,1100.0,9.803552920875273e-13,6.931348105281521e-9,1.016136757872229e-12
3,638,1100.0,1.2692019012099526e-12,8.013335111459998e-9,1.1747562286906581e-12
3,639,1100.0,1.152341336320927e-12,7.0374226516533466e-9,1.0316873035966462e-12
3,640,1100.0,1.2195472365869033e-12,7.571497093290138e-9,1.1099827034732894e-12
3,641,1100.0,1.2502156266829828e-12,7.804062705634538e-9,1.1440768600111984e-12
3,642,1100.0,8.920617246353748e-13,6.5787481154138304e-9,9.644455420960472e-13
3,643,1100.0,1.0061689889882649e-12,7.083008729096588e-9,1.0383702299529193e-12
3,644,1100.0,8.814110876731879e-13,6.530112657294748e-9,9.57315576037482e-13
3,645,1100.0,1.0393514588633397e-12,7.288860309363009e-9,1.0685481050498876e-12
3,646,1100.0,9.173672141353217e-13,6.660070446196978e-9,9.763674089954507e-13
3,647,1100.0,1.1278862134928358e-12,7.025863023254909e-9,1.0299926601961732e-12
3,648,1100.0,1.293270964638511e-12,7.647504650837208e-9,1.121125423753175e-12
3,649,1100.0,1.141410849188588e-12,7.107331295213268e-9,1.0419359220955635e-12
3,650,1100.0,1.178010584346639e-12,7.337719888724522e-9,1.0757109273189897e-12
3,651,1100.0,9.646493853492916e-13,6.810812691943668e-9,9.98466246702174e-13
3,652,1100.0,9.672191744947469e-13,6.831342323641167e-9,1.001475894043001e-12
3,653,1100.0,9.34707320761749e-13,6.648216123308749e-9,9.746295633349165e-13
3,654,1100.0,9.49268428457913e-13,6.760696406875823e-9,9.911191911724372e-13
3,655,1100.0,1.1452343437959265e-12,7.0680939739286545e-9,1.0361837244231716e-12
3,656,1100.0,1.245249692704981e-12,7.890980288002676e-9,1.1568189917016204e-12
3,657,1100.0,1.0401713159475502e-12,7.287278176250327e-9,1.068316164078633e-12
3,658,1100.0,1.2505788047848265e-12,7.637355028883406e-9,1.1196374875264682e-12
3,659,1100.0,1.2009296490388598e-12,7.297831258067502e-9,1.0698632475868317e-12
3,660,1100.0,9.952773309464042e-13,7.022479599339911e-9,1.029496649700773e-12
3,661,1100.0,1.1425827432125906e-12,7.072725852296779e-9,1.0368627585441471e-12
3,662,1100.0,1.0947693831631133e-12,6.705525750980007e-9,9.830311640584993e-13
3,663,1100.0,1.150268387109305e-12,7.114044286813787e-9,1.0429200477543769e-12
3,664,1100.0,1.1639747732306254e-12,7.160281961247553e-9,1.0496984983352788e-12
3,665,1100.0,1.0984749837175247e-12,6.919238616164836e-9,1.0143615048011645e-12
3,666,1100.0,1.0909481724726806e-12,6.891779790883603e-9,1.0103360365556738e-12
3,667,1100.0,1.1951453670742393e-12,7.383247977423236e-9,1.0823853525158976e-12
3,668,1100.0,1.0488460187727429e-12,6.7464325150101735e-9,9.890281023085036e-13
3,669,1100.0,1.0250229665347618e-12,7.192405038750996e-9,1.0544077467140111e-12
3,670,1100.0,1.1121550629130115e-12,6.975621301773432e-9,1.0226272156678272e-12
3,671,1100.0,1.0617084825745695e-12,6.687671925675259e-9,9.804137903693955e-13
3,672,1100.0,1.051800494821647e-12,6.755252050237839e-9,9.903210476051554e-13
3,673,1100.0,1.1287681579831217e-12,7.046485786161982e-9,1.0330159605874482e-12
3,674,1100.0,1.1452474251905774e-12,7.128544108422905e-9,1.0450457239570176e-12
3,675,1100.0,1.2181879758956057e-12,7.62632180233018e-9,1.1180200147219896e-12
3,676,1100.0,8.662044333559247e-13,6.449328557341443e-9,9.45472613865141e-13
3,677,1100.0,8.57777610314917e-13,6.471679100962118e-9,9.487492071896185e-13
3,678,1100.0,1.1508975175335746e-12,7.131727089349296e-9,1.0455123494777364e-12
3,679,1100.0,1.1186039437037229e-12,7.002650647433854e-9,1.0265897221311603e-12
3,680,1100.0,1.1908492095619464e-12,7.168697369642868e-9,1.0509321985726783e-12
3,681,1100.0,1.1212528318498248e-12,7.008797249721959e-9,1.027490815024793e-12
3,682,1100.0,8.980117856184609e-13,6.597142371134444e-9,9.671421429718818e-13
3,683,1100.0,9.785133129841837e-13,6.935642506547959e-9,1.0167663177952912e-12
3,684,1100.0,1.0087891096023977e-12,7.101007866867015e-9,1.04100890647309e-12
3,685,1100.0,9.665938366813493e-13,6.879519714500762e-9,1.0085387073669359e-12
3,686,1100.0,1.2201391688305223e-12,7.536281363597099e-9,1.1048200717813215e-12
3,687,1100.0,1.0495825142129116e-12,7.3544460287448695e-9,1.0781629821622665e-12
3,688,1100.0,1.3115944582281798e-12,8.238626972928958e-9,1.2077840521689841e-12
3,689,1100.0,1.2236306792928473e-12,7.519157829430919e-9,1.1023097588917296e-12
3,690,1100.0,1.2723858086615697e-12,7.857714769159415e-9,1.1519422612369404e-12
3,691,1100.0,1.0543138244991877e-12,7.38769992758492e-9,1.0830380091325888e-12
3,692,1100.0,9.323088617914566e-13,6.726360918723517e-9,9.8608560303329e-13
3,693,1100.0,1.0327992091231096e-12,7.244926897315885e-9,1.0621074597090756e-12
3,694,1100.0,1.2922361200253943e-12,7.640563985579054e-9,1.1201079210991786e-12
3,695,1100.0,1.194321755568625e-12,7.387398720757464e-9,1.0829938521627683e-12
3,696,1100.0,9.008983772916496e-13,6.5859837483578885e-9,9.655062870606993e-13
3,697,1100.0,1.1116615435089661e-12,6.942030774998361e-9,1.0177028389875632e-12
3,698,1100.0,1.1349433358795285e-12,7.009992175906802e-9,1.027665991397545e-12
3,699,1100.0,1.2932508230449534e-12,7.916094896658649e-9,1.1605007974091514e-12
3,700,1100.0,8.852969122327917e-13,6.540085117218443e-9,9.587775402818046e-13
3,701,1100.0,8.745298291490663e-13,6.515080350391374e-9,9.55111837404229e-13
3,702,1100.0,1.1457433918333967e-12,7.11265480529879e-9,1.042716349538629e-12
3,703,1100.0,8.273733561240085e-13,6.3564263381342656e-9,9.318531334422224e-13
3,704,1100.0,1.3061386605414721e-12,8.086103330435793e-9,1.1854240614099322e-12
3,705,1100.0,1.2338651562132786e-12,7.468150723890876e-9,1.0948321089361007e-12
3,706,1100.0,1.0399979673906719e-12,6.712560913915294e-9,9.840625200873095e-13
3,707,1100.0,1.1654034711803621e-12,7.127311104229895e-9,1.0448649653420846e-12
3,708,1100.0,9.601680202726677e-13,6.847460637015074e-9,1.0038388414011999e-12
3,709,1100.0,8.777412279186019e-13,6.530478509995257e-9,9.573692101027905e-13
3,710,1100.0,8.547983823419459e-13,6.356892270498322e-9,9.319214392024594e-13
3,711,1100.0,1.119573559123233e-12,6.957037461317393e-9,1.0199028216389908e-12
3,712,1100.0,8.468712923716814e-13,6.410663146363342e-9,9.39804258336561e-13
3,713,1100.0,8.250039684674066e-13,6.319626522873766e-9,9.26458274548812e-13
3,714,1100.0,8.38018371246947e-13,6.308648981144998e-9,9.248489651486425e-13
3,715,1100.0,8.55769552141648e-13,6.291237773924894e-9,9.222964793426277e-13
3,716,1100.0,8.436216079779378e-13,6.294173174465928e-9,9.227268095386468e-13
3,717,1100.0,8.301548312666363e-13,6.335995776133904e-9,9.288580097350844e-13
3,718,1100.0,8.454469770451056e-13,6.314434445938968e-9,9.25697115226987e-13
3,719,1100.0,8.594820220685218e-13,6.294084444521897e-9,9.227138017144423e-13
3,720,1100.0,8.449627088671007e-13,6.320753928652976e-9,9.266235524191327e-13
3,721,1100.0,8.480041049031845e-13,6.379637553860406e-9,9.352559014371325e-13
3,722,1100.0,1.0605095594173406e-12,6.850770375836705e-9,1.0043240496499463e-12
3,723,1100.0,8.92304743699314e-13,6.572537616385876e-9,9.635350819299755e-13
3,724,1100.0,9.57990812526018e-13,6.8223432841746254e-9,1.000156633395779e-12
3,725,1100.0,9.745457864338806e-13,6.913790300421276e-9,1.0135627808283622e-12
3,726,1100.0,1.2102796603873979e-12,7.707767358617314e-9,1.1299599465002894e-12
3,727,1100.0,1.1703388312386658e-12,7.302538184469135e-9,1.070553283761707e-12
3,728,1100.0,1.270537585441905e-12,7.506519735551928e-9,1.1004570122766665e-12
3,729,1100.0,1.030505824197288e-12,6.749248463267571e-9,9.894409207803429e-13
3,730,1100.0,1.1881074404646844e-12,7.431304342447521e-9,1.0894304234327213e-12
3,731,1100.0,8.539670044133686e-13,6.371469707189637e-9,9.340584937887548e-13
3,732,1100.0,1.3865314166527893e-12,8.432775360028454e-9,1.2362462372471048e-12
3,733,1100.0,1.104992686180996e-12,7.00104295631194e-9,1.0263540343516016e-12
3,734,1100.0,1.0148688158504682e-12,7.135343804086952e-9,1.0460425604456246e-12
3,735,1100.0,9.12695644471684e-13,6.64533991283006e-9,9.742079104116496e-13
3,736,1100.0,8.922741960528272e-13,6.577552244956055e-9,9.6427022729273e-13
3,737,1100.0,1.2807601664992502e-12,7.567685836432198e-9,1.1094239725989746e-12
3,738,1100.0,1.2227431674975764e-12,7.544293502245068e-9,1.10599465260827e-12
3,739,1100.0,1.223913844392406e-12,7.551402353300764e-9,1.107036811327499e-12
3,740,1100.0,9.181354663918825e-13,6.5468180929322965e-9,9.597645956148783e-13
3,741,1100.0,8.939714200842923e-13,6.41583340387064e-9,9.405622189267711e-13
3,742,1100.0,1.2098185336740931e-12,7.543503848119914e-9,1.1058788891852839e-12
3,743,1100.0,1.2145868555523834e-12,7.598852027846109e-9,1.1139929413215848e-12
3,744,1100.0,1.1463583866077216e-12,7.1300514290517915e-9,1.0452666974059983e-12
3,745,1100.0,1.1958172188044411e-12,7.379818028624909e-9,1.0818825214650457e-12
3,746,1100.0,1.3106997212436071e-12,7.774231014840677e-9,1.139703529296208e-12
3,747,1100.0,8.236236758065712e-13,6.270983479446827e-9,9.193271964828835e-13
3,748,1100.0,9.165094049354698e-13,6.608811175811567e-9,9.6885279163254e-13
3,749,1100.0,1.1577745627114804e-12,7.147404501265405e-9,1.0478106606106207e-12
3,750,1100.0,1.1309751301905714e-12,7.028818669848943e-9,1.03042595846685e-12
3,751,1100.0,1.2768394877937567e-12,8.001798751059204e-9,1.1730649963824182e-12
3,752,1100.0,1.1285868946522729e-12,7.131074734620948e-9,1.0454167141686197e-12
3,753,1100.0,1.274067866165901e-12,8.091573617780569e-9,1.1862260064230407e-12
3,754,1100.0,1.0020735782802126e-12,7.036251299348189e-9,1.0315155831584847e-12
3,755,1100.0,9.35269163463589e-13,6.676744983200261e-9,9.788118988280457e-13
3,756,1100.0,9.321886200516823e-13,6.651740965379033e-9,9.751463057548478e-13
3,757,1100.0,1.0454689609417696e-12,6.8243916066448506e-9,1.000456917802558e-12
3,758,1100.0,1.1749974395046438e-12,7.336873973419774e-9,1.0755869159979385e-12
3,759,1100.0,1.2304418381913893e-12,7.652548292986072e-9,1.1218648225112765e-12
3,760,1100.0,8.540516817860211e-13,6.419855564340892e-9,9.411518683049015e-13
3,761,1100.0,1.033368080757725e-12,6.648177951795155e-9,9.746239673848246e-13
3,762,1100.0,1.1892430336021707e-12,7.233488192227284e-9,1.0604305436854624e-12
3,763,1100.0,1.1121242109584192e-12,6.925752791452189e-9,1.0153164839561803e-12
3,764,1100.0,1.0515546599288651e-12,6.601474477406533e-9,9.67777230454896e-13
3,765,1100.0,9.315729235134849e-13,6.727100999781181e-9,9.861940990365315e-13
3,766,1100.0,1.030359255644662e-12,7.224704467622345e-9,1.0591428482319177e-12
3,767,1100.0,9.581006827693348e-13,6.840127241387497e-9,1.0027637644112673e-12
3,768,1100.0,9.785349710484656e-13,6.937160595882733e-9,1.016988869938304e-12
3,769,1100.0,1.019939261753334e-12,7.166568023034466e-9,1.0506200360140848e-12
3,770,1100.0,9.5135006880819e-13,6.809533485267838e-9,9.982787147957565e-13
3,771,1100.0,9.232995523088017e-13,6.694683582853102e-9,9.814417004503472e-13
3,772,1100.0,1.0386601184917607e-12,7.277656526733329e-9,1.0669056286969032e-12
3,773,1100.0,9.760521436271906e-13,6.925507479564903e-9,1.015280521193666e-12
3,774,1100.0,1.2930460519281727e-12,8.161361770047504e-9,1.1964569608788389e-12
3,775,1100.0,8.993755200034628e-13,6.600609402792797e-9,9.676504103760357e-13
3,776,1100.0,1.28910310836189e-12,7.620076334078227e-9,1.1171044280620012e-12
3,777,1100.0,9.255607791103776e-13,6.58717881353074e-9,9.656814838091155e-13
3,778,1100.0,1.0448870211612033e-12,7.325643157299843e-9,1.0739404765308932e-12
3,779,1100.0,9.800753753626785e-13,6.924774980864343e-9,1.0151731367652073e-12
3,780,1100.0,9.26741735124567e-13,6.68838689974728e-9,9.80518605684464e-13
4,1,400.0,5.046232642678669e-12,2.8729160702823686e-8,4.211699624595874e-12
4,2,400.0,4.3046092619062864e-12,2.3880573954357567e-8,3.5008960198693285e-12
4,3,400.0,4.306626249051584e-12,2.3888885688887644e-8,3.502114521501248e-12
4,4,400.0,4.871994852987619e-12,2.727445212497494e-8,3.998439110841298e-12
4,5,400.0,4.797043471964266e-12,2.6740440016211474e-8,3.9201528489740065e-12
4,6,400.0,4.8549062300864295e-12,2.720608480067084e-8,3.98841644999559e-12
4,7,400.0,4.925968317638365e-12,2.767210522516324e-8,4.0567351199070215e-12
4,8,400.0,4.4463945384206696e-12,2.462256013686343e-8,3.609671314721856e-12
4,9,400.0,4.477953398806309e-12,2.4783706215877505e-8,3.63329535607514e-12
4,10,400.0,4.867152720550817e-12,2.723096650425779e-8,3.99206411178218e-12
4,11,400.0,4.500192003494882e-12,2.4902432397232206e-8,3.650700633542649e-12
4,12,400.0,5.064356873518095e-12,2.8776906069379516e-8,4.218699103086717e-12
4,13,400.0,4.353301574718552e-12,2.4950610450950333e-8,3.657763544041753e-12
4,14,400.0,5.183150418634115e-12,3.004352850524192e-8,4.4043861578812575e-12
4,15,400.0,4.640292321913294e-12,2.6887622748382197e-8,3.941729861412435e-12
4,16,400.0,4.712907478347414e-12,2.618266699457334e-8,3.838383233420562e-12
4,17,400.0,4.4660428531576395e-12,2.5742749163219434e-8,3.773891207902247e-12
4,18,400.0,5.358813177707813e-12,3.200157034686893e-8,4.691435409846107e-12
4,19,400.0,5.224335529784119e-12,3.028527369783728e-8,4.439826042374704e-12
4,20,400.0,1.1750795739881378e-11,4.251716521739355e-8,6.23302332557794e-12
4,21,400.0,1.1120861787036202e-11,3.88321000969508e-8,5.692792180473355e-12
4,22,400.0,1.1161520667006537e-11,4.017254541513772e-8,5.8893016818053685e-12
4,23,400.0,5.355402549459882e-12,3.222305272142835e-8,4.723904761924841e-12
4,24,400.0,1.1569635016668279e-11,4.197844487868237e-8,6.154046836435707e-12
4,25,400.0,1.1714385755586679e-11,4.232323643259546e-8,6.204593334232868e-12
4,26,400.0,1.1102287784028385e-11,3.95154267290846e-8,5.792967975715136e-12
4,27,400.0,5.370940393835272e-12,3.212298412090028e-8,4.709234688836472e-12
4,28,400.0,1.1299218407938857e-11,4.064166049093467e-8,5.9580740281006116e-12
4,29,400.0,1.2414994144095677e-11,4.166597433719436e-8,6.108238604308933e-12
4,30,400.0,1.1702457359298241e-11,4.177892706057152e-8,6.124797491899335e-12
4,31,400.0,1.1215410564870229e-11,4.0206386240110845e-8,5.894262752242115e-12
4,32,400.0,1.1139944254986275e-11,3.864057689594561e-8,5.664714848102986e-12
4,33,400.0,1.1285956893641356e-11,4.0617910611059664e-8,5.954592291853999e-12
4,34,400.0,1.1500536759637139e-11,4.128290140750969e-8,6.0520800506068345e-12
4,35,400.0,1.1484345764091253e-11,4.1218241714404085e-8,6.042600929096938e-12
4,36,400.0,1.3141034977762466e-11,4.2189660020756926e-8,6.18501101056478e-12
4,37,400.0,1.2259723708626496e-11,4.1293115715530544e-8,6.053577469821476e-12
4,38,400.0,5.2972716979859144e-12,3.120146311906872e-8,4.57413956031468e-12
4,39,400.0,5.4285427090061775e-12,3.3477638707615137e-8,4.90782727124224e-12
4,40,400.0,1.2443794726442438e-11,4.172195805213086e-8,6.116445826010274e-12
4,41,400.0,1.3057031052018238e-11,4.14574965149483e-8,6.077675721711253e-12
4,42,400.0,5.415601093346485e-12,3.328596276935119e-8,4.879727547564932e-12
4,43,400.0,1.1221756382686057e-11,3.9353976006776305e-8,5.7692992736054454e-12
4,44,400.0,1.127743434606775e-11,4.0275876284644723e-8,5.904450004055835e-12
4,45,400.0,1.1418214039201447e-11,4.111958053731541e-8,6.028137184513348e-12
4,46,400.0,1.1276436094574012e-11,4.0232328559175356e-8,5.898065900429956e-12
4,47,400.0,5.357544005243316e-12,3.2257269102372844e-8,4.72892088892798e-12
4,48,400.0,1.126081675786523e-11,4.015222107522766e-8,5.8863221302739185e-12
4,49,400.0,5.215654909336625e-12,3.0259932478278006e-8,4.4361110154719484e-12
4,50,400.0,5.160220077939086e-12,2.964414985552748e-8,4.3458371829747756e-12
4,51,400.0,1.1192711539702582e-11,3.8984221184651966e-8,5.715093156634526e-12
4,52,400.0,5.295825315611445e-12,3.1179673530071164e-8,4.57094520302905e-12
4,53,400.0,1.1182289146384373e-11,3.9205864593005e-8,5.747586116293555e-12
4,54,400.0,1.1052030566586381e-11,3.9339050502758836e-8,5.76711119229261e-12
4,55,400.0,5.2033322626322e-12,3.011439376058681e-8,4.414775015823204e-12
4,56,400.0,1.1117004811806697e-11,3.896028644694747e-8,5.71158432020009e-12
4,57,400.0,5.264453746213688e-12,3.081767524212712e-8,4.5178761952286085e-12
4,58,400.0,5.098532546282839e-12,2.921058860357011e-8,4.282277033028289e-12
4,59,400.0,1.2248330345419963e-11,4.121242355907625e-8,6.0417479865810216e-12
4,60,400.0,4.797263361093291e-12,2.6783536238599627e-8,3.926470762174856e-12
4,61,400.0,1.2524499861102583e-11,4.198018128707033e-8,6.1543013941873705e-12
4,62,400.0,5.0678262516209885e-12,2.8797306706987714e-8,4.221689839873104e-12
4,63,400.0,5.357544005243264e-12,3.225726910237285e-8,4.728920888927982e-12
4,64,400.0,1.1287951302923447e-11,4.035201722577621e-8,5.915612278390857e-12
4,65,400.0,1.1732685050304718e-11,4.2087146527362003e-8,6.1699825157850846e-12
4,66,400.0,4.790237148350363e-12,2.6699983189495685e-8,3.914221871607359e-12
4,67,400.0,4.932000519211959e-12,2.770941517995779e-8,4.06220476533897e-12
4,68,400.0,5.262130954561895e-12,3.072439852534758e-8,4.504201813400764e-12
4,69,400.0,4.9568911476293765e-12,2.7906639716474095e-8,4.091117914421155e-12
4,70,400.0,1.2448687584401827e-11,4.173067406693087e-8,6.117723595195421e-12
4,71,400.0,5.329519899854539e-12,3.153546575775052e-8,4.623104401386836e-12
4,72,400.0,5.3285538175501955e-12,3.1831080199625365e-8,4.66644152657292e-12
4,73,400.0,5.412410671121144e-12,3.285431733408393e-8,4.816448256656341e-12
4,74,400.0,4.4445484730986115e-12,2.4598915950681074e-8,3.60620507318775e-12
4,75,400.0,5.282905094544492e-12,3.122038856475371e-8,4.576914033725556e-12
4,76,400.0,1.2969385119327016e-11,4.1492448381263376e-8,6.08279967098916e-12
4,77,400.0,4.95934847482195e-12,2.807120597010639e-8,4.115243353928901e-12
4,78,400.0,1.1282636876694592e-11,4.044464468169199e-8,5.929191478470636e-12
4,79,400.0,5.481884770534036e-12,3.393741571337445e-8,4.9752306549534806e-12
4,80,400.0,5.375580824865715e-12,3.244338228325851e-8,4.756205111470251e-12
4,81,400.0,5.282430729611093e-12,3.100546544637647e-8,4.545406269668341e-12
4,82,400.0,4.46550336757255e-12,2.471621454864117e-8,3.6234010666977727e-12
4,83,400.0,4.88584252191099e-12,2.7436067856990888e-8,4.022132003400928e-12
4,84,400.0,4.7032012985248045e-12,2.6153051495702606e-8,3.83404159647661e-12
4,85,400.0,5.423251635232384e-12,3.339562181098613e-8,4.8958035808770365e-12
4,86,400.0,4.725292813859349e-12,2.6299211062569467e-8,3.855468612715332e-12
4,87,400.0,4.786128496162116e-12,2.671395646520113e-8,3.916270356095011e-12
4,88,400.0,5.197921810261745e-12,3.020286721917199e-8,4.427745239219715e-12
4,89,400.0,4.196384776654575e-12,2.3351125414751283e-8,3.423278777981596e-12
4,90,400.0,4.999638864486452e-12,2.833425865290504e-8,4.153806919946446e-12
4,91,400.0,5.029399508749503e-12,2.8584440047418292e-8,4.19048355301108e-12
4,92,400.0,5.115216793779688e-12,2.9353343679748352e-8,4.303204950379177e-12
4,93,400.0,4.090808296658811e-12,2.2882767057323897e-8,3.35461736672222e-12
4,94,400.0,5.2727181580894955e-12,3.108643757880911e-8,4.557276797432689e-12
4,95,400.0,5.477830494654075e-12,3.414042892688724e-8,5.0049924250234214e-12
4,96,400.0,1.48044243800073e-11,4.147907276596907e-8,6.08083880361484e-12
4,97,400.0,5.409458183563806e-12,3.276953522350131e-8,4.804019185476473e-12
4,98,400.0,1.4850132445977637e-11,4.158549768910528e-8,6.0964407146298174e-12
4,99,400.0,5.477943373479412e-12,3.404872047756261e-8,4.9915479514591495e-12
4,100,400.0,5.183406901012651e-12,2.98458865280455e-8,4.375411811927575e-12
4,101,400.0,9.954952309886121e-12,3.895856136186461e-8,5.7113314224467924e-12
4,102,400.0,5.336719753530781e-12,3.159703994373972e-8,4.632131187052385e-12
4,103,400.0,5.275814378978104e-12,3.083430154839738e-8,4.520313614427911e-12
4,104,400.0,5.214751434192852e-12,3.016281170627737e-8,4.421873094524424e-12
4,105,400.0,9.956122517180778e-12,3.89622763436679e-8,5.71187603938246e-12
4,106,400.0,1.0067318840114266e-11,4.028624099610296e-8,5.905969472438822e-12
4,107,400.0,1.4352933147216863e-11,4.070334649044601e-8,5.967117205646664e-12
4,108,400.0,5.355943804799805e-12,3.2231590816302005e-8,4.7251564480198896e-12
4,109,400.0,5.367962990440426e-12,3.201006495080103e-8,4.692680720162061e-12
4,110,400.0,1.4267501672915995e-11,4.039674209631829e-8,5.922168951675561e-12
4,111,400.0,5.314581662997133e-12,3.128321923002356e-8,4.5861250194576996e-12
4,112,400.0,5.284781441433484e-12,3.0924808680648246e-8,4.533581974714076e-12
4,113,400.0,5.126054193574787e-12,2.9301956909431147e-8,4.295671641505559e-12
4,114,400.0,5.375122977248004e-12,3.2119172685329646e-8,4.7086759317628475e-12
4,115,400.0,5.3745033841375566e-12,3.210822617926068e-8,4.707071172195445e-12
4,116,400.0,5.362529284357967e-12,3.198173867726479e-8,4.6885280838615145e-12
4,117,400.0,5.249148211740408e-12,3.0527453405249674e-8,4.475329626810892e-12
4,118,400.0,5.355137421703525e-12,3.184084552329781e-8,4.66787312460917e-12
4,119,400.0,5.3969645946696105e-12,3.2439347270500605e-8,4.755613577944664e-12
4,120,400.0,5.354041038172795e-12,3.182907774235853e-8,4.666147966012407e-12
4,121,400.0,5.2502348917924405e-12,3.054196526775902e-8,4.477457068211462e-12
4,122,400.0,5.3431300050270755e-12,3.168410419515736e-8,4.644894820449282e-12
4,123,400.0,5.362032546156111e-12,3.1949516471529957e-8,4.683804303267962e-12
4,124,400.0,5.353013218163989e-12,3.1807501583212855e-8,4.662984897577723e-12
4,125,400.0,5.248654913422689e-12,3.051416429661145e-8,4.473381441326402e-12
4,126,400.0,5.336823092779821e-12,3.1578751294591565e-8,4.629450068117223e-12
4,127,400.0,5.124487773095217e-12,2.9282590777561677e-8,4.292832563428472e-12
4,128,400.0,5.18909797500138e-12,2.9882384268481015e-8,4.380762386602587e-12
4,129,400.0,5.2478835201790234e-12,3.049491889585105e-8,4.470560062449511e-12
4,130,400.0,5.321067096267244e-12,3.138001242504273e-8,4.600314917566544e-12
4,131,400.0,5.274025186581226e-12,3.080372809414839e-8,4.515831541069937e-12
4,132,400.0,5.340613839557551e-12,3.163110634381902e-8,4.63712532683633e-12
4,133,400.0,1.4221316062717235e-11,3.895826103324599e-8,5.71128739422253e-12
4,134,400.0,5.258025848408478e-12,3.060665840758349e-8,4.486941093015774e-12
4,135,400.0,5.075355576415314e-12,2.884401509206306e-8,4.228537296710504e-12
4,136,400.0,5.357532048621281e-12,3.185190243580616e-8,4.6694940697785165e-12
4,137,400.0,5.443938918939623e-12,3.376401910902473e-8,4.949810684596527e-12
4,138,400.0,1.463547635832328e-11,4.078596821279675e-8,5.979229563560896e-12
4,139,400.0,1.3900681242649346e-11,3.717452956653308e-8,5.449792071527766e-12
4,140,400.0,1.5037009623507245e-11,4.180429606865489e-8,6.128516592604237e-12
4,141,400.0,1.4150846112567993e-11,4.038693088771894e-8,5.920730626901574e-12
4,142,400.0,1.047704877167028e-11,3.930006952030095e-8,5.7613965739338455e-12
4,143,400.0,1.0313462340089502e-11,3.7667923743303515e-8,5.522123737968603e-12
4,144,400.0,1.0304508059218116e-11,3.8517328085845637e-8,5.646646552526953e-12
4,145,400.0,1.0474902708974554e-11,3.883781553179708e-8,5.693630064149995e-12
4,146,400.0,1.0495360263067965e-11,3.919375024143786e-8,5.745810150386464e-12
4,147,400.0,1.517505950431477e-11,4.17960747828907e-8,6.127311350776085e-12
4,148,400.0,1.4995760701074636e-11,4.179938170925224e-8,6.127796146717726e-12
4,149,400.0,1.4472321283624094e-11,4.078327325870792e-8,5.978834482853818e-12
4,150,400.0,1.4231529823815754e-11,3.8311656225440005e-8,5.616495024390762e-12
4,151,400.0,1.395206825753867e-11,3.970869219963274e-8,5.821300725083444e-12
4,152,400.0,5.2885078878859884e-12,3.1295919159371944e-8,4.5879868311626174e-12
4,153,400.0,5.44228223395048e-12,3.372892543138794e-8,4.944665945755827e-12
4,154,400.0,1.4498172482458113e-11,4.054224510554812e-8,5.94349971645807e-12
4,155,400.0,1.0477763276505521e-11,3.9248320449668223e-8,5.7538101517751354e-12
4,156,400.0,1.0703161559047828e-11,4.0598867057977604e-8,5.951800503879531e-12
4,157,400.0,1.434635878029445e-11,3.882210467947479e-8,5.691326850648135e-12
4,158,400.0,1.0656362338205045e-11,4.04216115777307e-8,5.9258148216893786e-12
4,159,400.0,1.0250118808830613e-11,4.10268775955964e-8,6.014546918202558e-12
4,160,400.0,9.9392642541984e-12,3.658148949904014e-8,5.362852301324703e-12
4,161,400.0,1.0088245738181203e-11,3.7363906248680475e-8,5.477554723884993e-12
4,162,400.0,1.0504495279994827e-11,3.9477439358253334e-8,5.787399020982194e-12
4,163,400.0,1.0604629051319937e-11,3.9633409524592045e-8,5.810264272696712e-12
4,164,400.0,1.0682305232125532e-11,4.0480815401994783e-8,5.934494111941083e-12
4,165,400.0,1.0629134685131804e-11,3.971428536262073e-8,5.822120683685803e-12
4,166,400.0,1.0628883955013984e-11,4.018169544886553e-8,5.890643078235814e-12
4,167,400.0,1.0929917619865116e-11,4.140009420828704e-8,6.069260534232684e-12
4,168,400.0,1.058495631903402e-11,3.943072218598787e-8,5.780550275941296e-12
4,169,400.0,4.951313874156246e-12,2.785318042917029e-8,4.083280774220729e-12
4,170,400.0,5.124020578772741e-12,2.9282347624392278e-8,4.2927969171343495e-12
4,171,400.0,5.180577510379684e-12,2.9823316935850165e-8,4.3721031060464795e-12
4,172,400.0,1.4212108413546308e-11,4.009820138756736e-8,5.878402835290223e-12
4,173,400.0,5.258225831855391e-12,3.067619922460387e-8,4.4971357880842605e-12
4,174,400.0,5.22976571016302e-12,3.056142577143759e-8,4.48030998121109e-12
4,175,400.0,5.3217070444897516e-12,3.144398487533518e-8,4.609693289168423e-12
4,176,400.0,5.419151315320914e-12,3.291356523574102e-8,4.825134008661018e-12
4,177,400.0,5.005679807490571e-12,2.8275634036401853e-8,4.1452125416465515e-12
4,178,400.0,5.371358698269321e-12,3.216840016144093e-8,4.7158926877552114e-12
4,179,400.0,1.395603398182849e-11,4.037573302492594e-8,5.919089018397608e-12
4,180,400.0,1.410012203089048e-11,3.910004430271378e-8,5.7320728445518454e-12
4,181,400.0,1.412670950571084e-11,3.939446814643553e-8,5.775235427855335e-12
4,182,400.0,5.1561461449294586e-12,2.973387013580451e-8,4.358990190633794e-12
4,183,400.0,1.4086457156802906e-11,3.845038013088532e-8,5.636831971457548e-12
4,184,400.0,1.4193267465548814e-11,4.0252843216700015e-8,5.9010733525546136e-12
4,185,400.0,5.2175999853794986e-12,3.0319348394930885e-8,4.4448213985022934e-12
4,186,400.0,1.374807051516443e-11,3.974624817211919e-8,5.826806436748978e-12
4,187,400.0,1.4038780153651e-11,4.123509862172119e-8,6.0450721544471555e-12
4,188,400.0,4.09529370082197e-12,2.2901939714584158e-8,3.357428081390178e-12
4,189,400.0,4.159197439250622e-12,2.3182025105799206e-8,3.3984886452276477e-12
4,190,400.0,3.4095699046566827e-12,2.0651814584681752e-8,3.027559371930376e-12
4,191,400.0,4.560275240467109e-12,2.5260782435302123e-8,3.703234807319074e-12
4,192,400.0,5.229174654231744e-12,3.0554600836658424e-8,4.479309444664107e-12
4,193,400.0,5.305851505394399e-12,3.153525258666176e-8,4.6230731504706046e-12
4,194,400.0,5.371177545652073e-12,3.2491617735769e-8,4.763276436641636e-12
4,195,400.0,4.977124656547611e-12,2.8149566628215847e-8,4.1267310391333714e-12
4,196,400.0,5.4435397929405215e-12,3.375526479150994e-8,4.948527300227174e-12
4,197,400.0,5.342138174187575e-12,3.2772115567902257e-8,4.8043974643846944e-12
4,198,400.0,5.186108189044852e-12,3.0075073570670816e-8,4.4090106695959935e-12
4,199,400.0,4.922368599654883e-12,2.7715057143192358e-8,4.063031878065401e-12
4,200,400.0,4.7972374698627056e-12,2.67917190525264e-8,3.927670364025394e-12
4,201,400.0,5.206778848595739e-12,3.030046460304609e-8,4.44205303154529e-12
4,202,400.0,5.429657552918079e-12,3.349581994477282e-8,4.910492643562155e-12
4,203,400.0,4.761403061720269e-12,2.6543144840914952e-8,3.891229344235169e-12
4,204,400.0,4.904771263417655e-12,2.7579618722737122e-8,4.0431765836317175e-12
4,205,400.0,4.794809136405903e-12,2.6774696794257258e-8,3.925174898198755e-12
4,206,400.0,5.003042545445061e-12,2.836253442684054e-8,4.157952152997323e-12
4,207,400.0,4.8842785853705046e-12,2.7424299022135648e-8,4.020406690299913e-12
4,208,400.0,4.66376721815919e-12,2.5897801898401602e-8,3.796621964060226e-12
4,209,400.0,5.296257845883452e-12,3.1403036762274455e-8,4.603690289143823e-12
4,210,400.0,4.977124656547585e-12,2.8149566628215843e-8,4.1267310391333714e-12
4,211,400.0,5.3969023269661274e-12,3.248874123704461e-8,4.7628547414615024e-12
4,212,400.0,5.174401799247131e-12,2.9769925642636555e-8,4.364275933790719e-12
4,213,400.0,5.365059461372421e-12,3.205334119808304e-8,4.699025025041585e-12
4,214,400.0,5.387190682421666e-12,3.27023307419579e-8,4.794166997568327e-12
4,215,400.0,5.3783724749263196e-12,3.2223564331064936e-8,4.723979763980649e-12
4,216,400.0,5.391711586863557e-12,3.251728553813238e-8,4.767039340636511e-12
4,217,400.0,5.276689483575552e-12,3.1138226068684985e-8,4.5648689984588465e-12
4,218,400.0,5.472310677376172e-12,3.382784679016242e-8,4.959167833016809e-12
4,219,400.0,5.4385968825145236e-12,3.32937292843208e-8,4.880866119920744e-12
4,220,400.0,5.310315597518943e-12,3.123166864093277e-8,4.57856769472527e-12
4,221,400.0,4.928762562374429e-12,2.8941225997248883e-8,4.242788431197615e-12
4,222,400.0,4.9723444527659865e-12,2.9307814711530245e-8,4.296530396244583e-12
4,223,400.0,4.814045992140469e-12,2.694658581672922e-8,3.9503738568076e-12
4,224,400.0,4.405345623700911e-12,2.440420576054057e-8,3.577660527692582e-12
4,225,400.0,4.854404416580096e-12,2.7272113793696147e-8,3.998096311096086e-12
4,226,400.0,5.213379739803889e-12,3.019649052870986e-8,4.426810415362404e-12
4,227,400.0,5.358768723280971e-12,3.201407248881097e-8,4.693268225885134e-12
4,228,400.0,4.8853310963093576e-12,2.7392522215855953e-8,4.015748205338816e-12
4,229,400.0,4.8798859550602715e-12,2.7461418096521996e-8,4.02584835263302e-12
4,230,400.0,4.745861160436531e-12,2.6465869486325854e-8,3.879900764703035e-12
4,231,400.0,4.974004595126874e-12,2.8164875554128614e-8,4.128975330158324e-12
4,232,400.0,4.993184160942648e-12,2.8191399716418924e-8,4.1328637766575585e-12
4,233,400.0,5.101670484507093e-12,2.9474642043933623e-8,4.3209873102673654e-12
4,234,400.0,4.481665569069079e-12,2.4783202183103876e-8,3.6332214647886724e-12
4,235,400.0,5.129485377643615e-12,2.9401751715308482e-8,4.310301576253666e-12
4,236,400.0,5.219082867891789e-12,3.0245189573118024e-8,4.433949703181274e-12
4,237,400.0,5.382163664968659e-12,3.2681030532287015e-8,4.79104438337146e-12
4,238,400.0,4.833350240423308e-12,2.698864212576016e-8,3.956539318541402e-12
4,239,400.0,5.385402528037971e-12,3.278521852952417e-8,4.806318360686364e-12
4,240,400.0,5.219199440415947e-12,3.026005597949175e-8,4.436129120769939e-12
4,241,400.0,5.379639050966646e-12,3.2539946651550556e-8,4.770361463543738e-12
4,242,400.0,5.133189246740259e-12,2.9615619962620357e-8,4.34165469604139e-12
4,243,400.0,5.282978747771384e-12,3.098084867502308e-8,4.541797446990217e-12
4,244,400.0,4.4411562513322195e-12,2.4581971382254496e-8,3.603720996704648e-12
4,245,400.0,4.731229362968247e-12,2.633888385471974e-8,3.861284650487349e-12
4,246,400.0,4.400540577008787e-12,2.43629516411583e-8,3.571612667091549e-12
4,247,400.0,4.247955749074523e-12,2.359325687827153e-8,3.45877528985536e-12
4,248,400.0,4.757642347865418e-12,2.6517460548721353e-8,3.887464022828507e-12
4,249,400.0,4.5069231322381916e-12,2.4949859866856708e-8,3.657653508291733e-12
4,250,400.0,4.456036184187444e-12,2.4663749734901056e-8,3.615709716483285e-12
4,251,400.0,4.488687493235495e-12,2.4846196946639025e-8,3.642456507353157e-12
4,252,400.0,3.954304707426702e-12,2.2328929405188297e-8,3.2734246769769434e-12
4,253,400.0,5.408076447052694e-12,3.318530593300064e-8,4.86497123900946e-12
4,254,400.0,5.415168451233223e-12,3.280726171448411e-8,4.809549895181262e-12
4,255,400.0,5.3952973832024e-12,3.243614062661882e-8,4.755143483430841e-12
4,256,400.0,5.349088044292397e-12,3.1844109771935855e-8,4.668351663989616e-12
4,257,400.0,5.449742482156972e-12,3.347360775010787e-8,4.907236332217055e-12
4,258,400.0,1.4546711722480264e-11,4.197399833356042e-8,6.153394972198718e-12
4,259,400.0,1.467928876380896e-11,4.2067958063658645e-8,6.1671694838900024e-12
4,260,400.0,5.4775879220266665e-12,3.385305443219723e-8,4.962863277432785e-12
4,261,400.0,1.466406815672661e-11,4.154628330826261e-8,6.090691880029939e-12
4,262,400.0,5.336303468953889e-12,3.16519225297944e-8,4.64017698308083e-12
4,263,400.0,5.433372844158943e-12,3.3559254287175745e-8,4.919792128460043e-12
4,264,400.0,4.2140830839339415e-12,2.3433217053588074e-8,3.4353134255665975e-12
4,265,400.0,4.915936611257057e-12,2.766537009098474e-8,4.05574774814268e-12
4,266,400.0,4.084578228099713e-12,2.2856232619217124e-8,3.350727413786624e-12
4,267,400.0,4.2476844240121025e-12,2.3591945187482073e-8,3.45858299577261e-12
4,268,400.0,3.9563099442412874e-12,2.2336662487176384e-8,3.2745583480522352e-12
4,269,400.0,4.930440744952654e-12,2.777787783899138e-8,4.072241402271501e-12
4,270,400.0,4.626576099584147e-12,2.5663542529637566e-8,3.762279502556135e-12
4,271,400.0,1.4708215016030557e-11,4.1060623258930734e-8,6.019494037927603e-12
4,272,400.0,5.369503965327795e-12,3.251199303987384e-8,4.766263459532317e-12
4,273,400.0,5.325534429911035e-12,3.1764535973437925e-8,4.656686132207183e-12
4,274,400.0,5.426356779277773e-12,3.340493017293771e-8,4.897168188250799e-12
4,275,400.0,1.4633999532753138e-11,4.095019135476139e-8,6.003304702842444e-12
4,276,400.0,5.381388474022065e-12,3.302952395165188e-8,4.84213357524503e-12
4,277,400.0,5.313001789634419e-12,3.254184918209946e-8,4.770640374831175e-12
4,278,400.0,5.38914191213923e-12,3.311408334168249e-8,4.8545299955558024e-12
4,279,400.0,4.9205446922647645e-12,2.8921708806073516e-8,4.239927207801751e-12
4,280,400.0,1.4747300728818233e-11,4.0394623121702846e-8,5.9218583096528195e-12
4,281,400.0,1.4548608580978202e-11,4.118660313132651e-8,6.03796270767972e-12
4,282,400.0,1.434525596168888e-11,3.973759385111548e-8,5.8255377118843875e-12
4,283,400.0,5.303344178277341e-12,3.1353955500161474e-8,4.5964949681473555e-12
4,284,400.0,5.439029789081718e-12,3.366691533805606e-8,4.9355752560030496e-12
4,285,400.0,5.25197730923075e-12,3.08113478033276e-8,4.516948591673035e-12
4,286,400.0,5.146196009434309e-12,2.959613424168512e-8,4.33879808618784e-12
4,287,400.0,1.4335612837430517e-11,4.184647844365169e-8,6.134700535629106e-12
4,288,400.0,1.4006018489696455e-11,4.0667685587965954e-8,5.961889311551825e-12
4,289,400.0,5.010809020948775e-12,2.8337649916795235e-8,4.154304079783484e-12
4,290,400.0,1.400294951723616e-11,4.1181547856478135e-8,6.037221603565981e-12
4,291,400.0,4.285040911850276e-12,2.4421564250853623e-8,3.580205285191462e-12
4,292,400.0,5.271596962060776e-12,3.0869185301844756e-8,4.525427578348352e-12
4,293,400.0,5.07026398628908e-12,2.8856463252003653e-8,4.230362198979353e-12
4,294,400.0,5.255054090156138e-12,3.0622939253120185e-8,4.4893278676154325e-12
4,295,400.0,5.3584608169728784e-12,3.197133639828347e-8,4.687003108073542e-12
4,296,400.0,5.218006317593523e-12,3.0188546949351285e-8,4.425645885338415e-12
4,297,400.0,1.4640082479039056e-11,4.2043102258356366e-8,6.163525618796152e-12
4,298,400.0,5.393812416125224e-12,3.243482728171756e-8,4.754950946855032e-12
4,299,400.0,5.016166043934195e-12,2.8472334958164887e-8,4.174048928720874e-12
4,300,400.0,5.274491564869762e-12,3.080783653516914e-8,4.5164338391907816e-12
4,301,400.0,1.4118131236904927e-11,3.892795694721506e-8,5.706844810289069e-12
4,302,400.0,5.2688496738283834e-12,3.074778512160897e-8,4.507630292210623e-12
4,303,400.0,5.256600909310049e-12,3.063448876097882e-8,4.4910210273431266e-12
4,304,400.0,5.2734617738475216e-12,3.081999538446765e-8,4.5182163284725175e-12
4,305,400.0,5.193443566909358e-12,3.010603919871696e-8,4.4135502356963186e-12
4,306,400.0,5.326247482116747e-12,3.145381355108772e-8,4.611134174629903e-12
4,307,400.0,5.098752149254057e-12,2.905421177385017e-8,4.2593521643960414e-12
4,308,400.0,1.4107772175828403e-11,3.775934129678277e-8,5.535525566154701e-12
4,309,400.0,5.28776144063333e-12,3.0964520229763575e-8,4.539403694263464e-12
4,310,400.0,9.593355634305223e-12,3.7940615576193456e-8,5.562100404954911e-12
4,311,400.0,9.94089520080515e-12,3.915192405799171e-8,5.739678425100765e-12
4,312,400.0,1.0781351698568295e-11,3.756769537734809e-8,5.507430243242638e-12
4,313,400.0,1.0374097229722757e-11,3.59125724960111e-8,5.2647889600497776e-12
4,314,400.0,9.452527028415433e-12,3.7395124928369086e-8,5.482131387397198e-12
4,315,400.0,5.162008256837881e-12,3.028998527546361e-8,4.440516760419875e-12
4,316,400.0,1.1003665009131922e-11,3.765803580758417e-8,5.520674164986364e-12
4,317,400.0,9.538065468051116e-12,3.766903564486957e-8,5.5222867429187564e-12
4,318,400.0,9.728736280302115e-12,3.855064609147664e-8,5.651530977563239e-12
4,319,400.0,5.177248190659977e-12,2.9980908766446067e-8,4.395206094004457e-12
4,320,400.0,9.537178937288084e-12,3.692687199279359e-8,5.413485430998431e-12
4,321,400.0,1.0597562696161119e-11,3.6595495433015836e-8,5.364905573520079e-12
4,322,400.0,5.376698656111163e-12,3.259752571660532e-8,4.778802563831498e-12
4,323,400.0,5.209736164802971e-12,3.033333582621792e-8,4.4468719582005066e-12
4,324,400.0,5.210319410910277e-12,3.0339927381743474e-8,4.447838281311008e-12
4,325,400.0,1.0296680721375012e-11,3.55005821218276e-8,5.204391104288011e-12
4,326,400.0,1.0792835576074412e-11,3.753567293595069e-8,5.502735748133395e-12
4,327,400.0,1.0510013190369594e-11,3.668454800725443e-8,5.377960695365428e-12
4,328,400.0,4.9744286012445585e-12,2.8656319920867947e-8,4.201021154131956e-12
4,329,400.0,4.957283705290292e-12,2.8178057882613576e-8,4.130907861655006e-12
4,330,400.0,1.1088264676214248e-11,3.819751522954833e-8,5.599761935856758e-12
4,331,400.0,4.959664912620397e-12,2.8501860841387967e-8,4.178377427996325e-12
4,332,400.0,5.348837297014638e-12,3.212120242317158e-8,4.708973491660101e-12
4,333,400.0,4.534692229000898e-12,2.508502166676228e-8,3.6774682501079134e-12
4,334,400.0,5.212338183510426e-12,3.048762723722356e-8,4.469491104110569e-12
4,335,400.0,4.869761427284168e-12,2.731583559279515e-8,4.004505933944338e-12
4,336,400.0,5.225209329208925e-12,3.0316715300179964e-8,4.444435386384199e-12
4,337,400.0,5.2365258296290446e-12,3.052469420389219e-8,4.474925127443797e-12
4,338,400.0,5.206185197252063e-12,3.0293912295677316e-8,4.441092462220946e-12
4,339,400.0,5.041046982630144e-12,2.8808346721091854e-8,4.223308307733649e-12
4,340,400.0,5.2087678203921155e-12,3.009167892016619e-8,4.411445016528693e-12
4,341,400.0,5.030964360101882e-12,2.8506147048669634e-8,4.1790057866798896e-12
4,342,400.0,5.353232925007403e-12,3.2188965114753506e-8,4.718907513250545e-12
4,343,400.0,5.291412981040319e-12,3.107914716231375e-8,4.556208021190518e-12
4,344,400.0,5.1913189134212824e-12,2.990909076720168e-8,4.384677563652122e-12
4,345,400.0,5.2692008550891454e-12,3.09756682753651e-8,4.54103799955907e-12
4,346,400.0,5.1789942997805705e-12,2.983220531190065e-8,4.373406143418936e-12
4,347,400.0,5.026754534245928e-12,2.837774309698631e-8,4.160181746510553e-12
4,348,400.0,9.940230177878118e-12,3.89390814635832e-8,5.708475666195239e-12
4,349,400.0,4.93205756031733e-12,2.7664299878929347e-8,4.055590854881559e-12
4,350,400.0,1.0646039165895005e-11,4.016934971268331e-8,5.888833191306574e-12
4,351,400.0,1.0034865697897065e-11,4.012182622493587e-8,5.881866240285075e-12
4,352,400.0,5.265269836398507e-12,3.099125019899626e-8,4.543322312093873e-12
4,353,400.0,1.0655712639717806e-11,4.021216222423029e-8,5.895109512452035e-12
4,354,400.0,5.123913076524476e-12,2.9438334082605925e-8,4.315664557240379e-12
4,355,400.0,4.999068967801149e-12,2.8329561478040612e-8,4.153118313348509e-12
4,356,400.0,1.0192241730636525e-11,4.072007433286798e-8,5.969569510062296e-12
4,357,400.0,5.418218262005463e-12,3.332254351135714e-8,4.885090290283649e-12
4,358,400.0,5.3053746080066086e-12,3.167582716064538e-8,4.643681405845652e-12
4,359,400.0,1.0542538580886708e-11,3.978365130550959e-8,5.832289742178209e-12
4,360,400.0,9.94152303849466e-12,3.880180556191962e-8,5.688350996718008e-12
4,361,400.0,5.189851158501669e-12,3.01892201461961e-8,4.4257445761051895e-12
4,362,400.0,5.169839749432134e-12,3.01441362353678e-8,4.419135267456218e-12
4,363,400.0,5.013868548082818e-12,2.8545101192440133e-8,4.184716470482725e-12
4,364,400.0,1.1041137483241161e-11,3.8986845795413036e-8,5.715477924998331e-12
4,365,400.0,5.1408191887519744e-12,2.960611862963623e-8,4.340261799082918e-12
4,366,400.0,5.260691662788917e-12,3.1074630316219905e-8,4.555545850819634e-12
4,367,400.0,5.214528765446111e-12,3.0667949760974665e-8,4.4959264153765215e-12
4,368,400.0,1.0257062836901376e-11,4.077233096950237e-8,5.977230341479277e-12
4,369,400.0,1.1255455822694594e-11,3.958310238252773e-8,5.8028892375002986e-12
4,370,400.0,1.0082141076703418e-11,4.016108623626299e-8,5.887621764321383e-12
4,371,400.0,5.222472917770268e-12,3.044240204394231e-8,4.462861083431051e-12
4,372,400.0,5.260402068892748e-12,3.069189692667408e-8,4.499437073757031e-12
4,373,400.0,5.084968082667547e-12,2.9169100403286617e-8,4.276194856129123e-12
4,374,400.0,5.082868899222614e-12,2.889087994685621e-8,4.235407692033944e-12
4,375,400.0,5.389734002671853e-12,3.289361288917564e-8,4.82220899141431e-12
4,376,400.0,9.825188062161377e-12,3.899298736789606e-8,5.716378280521722e-12
4,377,400.0,5.344344290510127e-12,3.205397877853328e-8,4.699118494439132e-12
4,378,400.0,1.0505928004050574e-11,3.620692441700355e-8,5.307940999469471e-12
4,379,400.0,1.0362650302798221e-11,3.5810519228945373e-8,5.249827934524683e-12
4,380,400.0,1.0704390548645778e-11,3.7681519829434086e-8,5.524116926403323e-12
4,381,400.0,1.1223905545779364e-11,3.8491938770856434e-8,5.6429244748263584e-12
4,382,400.0,1.0586648453009588e-11,3.6803599557401834e-8,5.395413671950786e-12
4,383,400.0,1.0880972096653454e-11,3.737565894064608e-8,5.479277670435766e-12
4,384,400.0,1.0343388397394683e-11,3.5526834261230266e-8,5.20823967218774e-12
4,385,400.0,1.1500846323571855e-11,4.021748473928074e-8,5.895889794022796e-12
4,386,400.0,1.5157752987169567e-11,4.165004033909068e-8,6.105902677599282e-12
4,387,400.0,5.14236246284258e-12,2.9815617647574265e-8,4.370974389134883e-12
4,388,400.0,1.0105796482247804e-11,4.018761811507593e-8,5.891511342064088e-12
4,389,400.0,1.1569755940366772e-11,4.063605897077116e-8,5.957252844334964e-12
4,390,400.0,1.1187614366747606e-11,4.011705778129813e-8,5.881167185673397e-12
4,391,400.0,1.1221363719951257e-11,3.955691122138087e-8,5.799049609022774e-12
4,392,400.0,5.158151793677817e-12,3.025409403739613e-8,4.435255099090513e-12
4,393,400.0,5.348949743244703e-12,3.19400071884976e-8,4.682410240831128e-12
4,394,400.0,1.0364188665288252e-11,4.153209134101616e-8,6.088611335326862e-12
4,395,400.0,9.934199750616761e-12,3.987677152170873e-8,5.845941180995552e-12
4,396,400.0,9.84887237648034e-12,3.849876529687565e-8,5.6439252446493905e-12
4,397,400.0,5.438136388701055e-12,3.364909424970703e-8,4.9329626815569706e-12
4,398,400.0,9.924558898096626e-12,3.9557781578883455e-8,5.7991772035739965e-12
4,399,400.0,9.640370745659868e-12,3.8310295836618196e-8,5.616295591168561e-12
4,400,400.0,5.380171859033542e-12,3.266868610698241e-8,4.7892346886170946e-12
4,401,400.0,9.711768186011049e-12,3.863338538225184e-8,5.66366057102759e-12
4,402,400.0,1.0039143295718957e-11,3.978205887087258e-8,5.832056291001815e-12
4,403,400.0,9.633668611919028e-12,3.797590084305008e-8,5.567273230806353e-12
4,404,400.0,5.055315424705025e-12,2.9009413929830482e-8,4.25278479318767e-12
4,405,400.0,5.18364603986173e-12,2.999974417757088e-8,4.39796736833419e-12
4,406,400.0,5.338018009963763e-12,3.196242658659855e-8,4.685696928233596e-12
4,407,400.0,5.1861081890448775e-12,3.0075073570670816e-8,4.4090106695959935e-12
4,408,400.0,5.26297741182148e-12,3.0962221734148354e-8,4.539066734433002e-12
4,409,400.0,1.0159582813231786e-11,4.0371486293237057e-8,5.9184664468423575e-12
4,410,400.0,5.418866456200703e-12,3.3331686232662947e-8,4.88643061471184e-12
4,411,400.0,9.73343761066207e-12,3.7573454964087e-8,5.508274599593908e-12
4,412,400.0,1.0155091872083941e-11,3.742007586155193e-8,5.485789198253788e-12
4,413,400.0,5.211974152895253e-12,3.0331345426413455e-8,4.446580165265934e-12
4,414,400.0,5.213473897300515e-12,3.0593740003701765e-8,4.485047252908788e-12
4,415,400.0,5.297903639561711e-12,3.14261962739888e-8,4.607085477322208e-12
4,416,400.0,5.2038298085902185e-12,3.0267765887280576e-8,4.437259394503856e-12
4,417,400.0,1.5245192701806026e-11,4.179700374211107e-8,6.127447536348653e-12
4,418,400.0,1.5000394439171753e-11,4.141450615591501e-8,6.071373328095418e-12
4,419,400.0,1.1281301327973578e-11,3.986807282507334e-8,5.844665950656151e-12
4,420,400.0,1.1275230707615156e-11,3.9630022896277165e-8,5.809767792435769e-12
4,421,400.0,1.1466236477991938e-11,4.0980827350527105e-8,6.007795944796926e-12
4,422,400.0,1.0936722664879011e-11,3.790265946801882e-8,5.556536033332509e-12
4,423,400.0,5.182012508057279e-12,3.0049504492028954e-8,4.405262238514726e-12
4,424,400.0,1.0131761535780829e-11,3.825640036574231e-8,5.608394506385633e-12
4,425,400.0,1.0221016303464866e-11,3.6198332360240126e-8,5.30668140255262e-12
4,426,400.0,1.0142638297918107e-11,3.8285859462951106e-8,5.612713214820543e-12
4,427,400.0,5.123363793393477e-12,2.9303455264914716e-8,4.295891300662781e-12
4,428,400.0,4.945388134052728e-12,2.8276609387806306e-8,4.145355528320839e-12
4,429,400.0,1.0387594302078343e-11,3.787363386042443e-8,5.552280874545466e-12
4,430,400.0,1.0151492210634532e-11,3.718365594708227e-8,5.4511300003983844e-12
4,431,400.0,1.0017128292487424e-11,3.725727151590353e-8,5.461922054742612e-12
4,432,400.0,1.0301497572799605e-11,3.732489766969883e-8,5.471836059871363e-12
4,433,400.0,5.246750286532035e-12,3.076239815738613e-8,4.5097725656286846e-12
4,434,400.0,1.0507436911934925e-11,3.9205448318738376e-8,5.747525090418466e-12
4,435,400.0,9.83489834437212e-12,3.713425057822307e-8,5.443887165300286e-12
4,436,400.0,9.922280332978635e-12,3.626786111884355e-8,5.316874329855222e-12
4,437,400.0,9.726650442544e-12,3.4417828496980305e-8,5.0456592470482356e-12
4,438,400.0,5.183150418634115e-12,3.004352850524191e-8,4.404386157881256e-12
4,439,400.0,1.0497345909642275e-11,3.8129796078248056e-8,5.589834297278675e-12
4,440,400.0,9.922966383118856e-12,3.766668787162865e-8,5.521942558980365e-12
4,441,400.0,5.361210784661573e-12,3.2317462314588334e-8,4.7377452236140364e-12
4,442,400.0,5.430749015642205e-12,3.351398892150197e-8,4.913156218501256e-12
4,443,400.0,5.097805545603091e-12,2.9339354829661353e-8,4.3011541826846594e-12
4,444,400.0,5.329847853972571e-12,3.2390408729377396e-8,4.7484391798684735e-12
4,445,400.0,5.00531893159406e-12,2.8381466090203464e-8,4.160727537920795e-12
4,446,400.0,5.290576127509748e-12,3.1538049658005124e-8,4.623483201583781e-12
4,447,400.0,5.267184041369268e-12,3.137530979925724e-8,4.599625511862693e-12
4,448,400.0,5.285986155226864e-12,3.180600289223646e-8,4.662765189237199e-12
4,449,400.0,5.242747298765529e-12,3.1095282521643016e-8,4.558573467488542e-12
4,450,400.0,5.037262008020704e-12,2.8761226565799627e-8,4.216400485315583e-12
4,451,400.0,4.332263933725554e-12,2.4007663241060155e-8,3.51952732993899e-12
4,452,400.0,5.066213625040231e-12,2.9082968489217077e-8,4.263567903538867e-12
4,453,400.0,5.115798789917931e-12,2.9358971529680704e-8,4.304029994093211e-12
4,454,400.0,5.035758798703198e-12,2.8638887997745387e-8,4.1984656313712766e-12
4,455,400.0,5.1826938947681176e-12,3.0306109641584284e-8,4.4428805951117334e-12
4,456,400.0,5.074356213567251e-12,2.9027275352290304e-8,4.255403280620941e-12
4,457,400.0,9.546559879729193e-12,3.438403318325234e-8,5.04070484856742e-12
4,458,400.0,4.980205548109417e-12,2.8089638154021076e-8,4.117945515084146e-12
4,459,400.0,9.803714151911635e-12,3.700020348956953e-8,5.4242358403346804e-12
4,460,400.0,9.617023529184204e-12,3.495048200154967e-8,5.123746337320036e-12
4,461,400.0,5.046683514147864e-12,2.8719417669408022e-8,4.210271294314887e-12
4,462,400.0,4.9856991875966585e-12,2.8171130754669176e-8,4.129892343573403e-12
4,463,400.0,9.503358974622719e-12,3.396576749269202e-8,4.979387030405713e-12
4,464,400.0,5.016772762238427e-12,2.837497713710297e-8,4.159776256342469e-12
4,465,400.0,1.0164558265449032e-11,3.732318898284138e-8,5.471585566100574e-12
4,466,400.0,4.687482769054701e-12,2.598785987165091e-8,3.809824477563821e-12
4,467,400.0,1.0333984022342643e-11,3.97612785707629e-8,5.829009895631054e-12
4,468,400.0,5.055410707362344e-12,2.8884375629915926e-8,4.23445415811421e-12
4,469,400.0,9.692378151668022e-12,3.5896039451397035e-8,5.262365213024421e-12
4,470,400.0,1.0057289667569542e-11,3.826169052569292e-8,5.6091700446935035e-12
4,471,400.0,5.2423537467420356e-12,3.060915999445548e-8,4.4873078260574605e-12
4,472,400.0,1.0725123910649425e-11,4.064240703161037e-8,5.958183471084906e-12
4,473,400.0,1.0500577874440368e-11,4.0717013762891024e-8,5.969120830006643e-12
4,474,400.0,1.0701944014924261e-11,4.062781741339145e-8,5.956044630684685e-12
4,475,400.0,1.0489932343405188e-11,3.911045498702511e-8,5.733599052562562e-12
4,476,400.0,1.030532220266764e-11,3.950565759592987e-8,5.7915358192081635e-12
4,477,400.0,5.338758837629194e-12,3.198298565513426e-8,4.688710891019686e-12
4,478,400.0,5.260665110942529e-12,3.059572194769308e-8,4.4853378062197785e-12
4,479,400.0,5.2182489174959715e-12,3.054099953286105e-8,4.477315491318585e-12
4,480,400.0,5.407366500461204e-12,3.317615760209918e-8,4.863630092213634e-12
4,481,400.0,5.247335422642791e-12,3.0769435689373274e-8,4.510804268960882e-12
4,482,400.0,5.2915718500313195e-12,3.1073142615505546e-8,4.5553277536533095e-12
4,483,400.0,4.9251728568090145e-12,2.765262841413795e-8,4.053879816247716e-12
4,484,400.0,5.380701520102524e-12,3.217726377219359e-8,4.717192094530985e-12
4,485,400.0,5.36205872186768e-12,3.196062248382473e-8,4.685432446473972e-12
4,486,400.0,5.3931019949383405e-12,3.2440860864649685e-8,4.755835471092723e-12
4,487,400.0,5.2858244673369434e-12,3.0936898682541414e-8,4.535354370955008e-12
4,488,400.0,5.289068211274614e-12,3.130351587674022e-8,4.589100511162499e-12
4,489,400.0,5.402157695072088e-12,3.25399186105315e-8,4.770357352725791e-12
4,490,400.0,5.440370449951334e-12,3.338294801828923e-8,4.893945600809471e-12
4,491,400.0,5.3024805487396055e-12,3.124109184478324e-8,4.5799491379400605e-12
4,492,400.0,1.4960313222522376e-11,4.157221465800635e-8,6.094493420113574e-12
4,493,400.0,4.7162404355312576e-12,2.6226798032028135e-8,3.844852850678232e-12
4,494,400.0,5.253145832639107e-12,3.084020175013312e-8,4.5211785849605506e-12
4,495,400.0,4.966860014187369e-12,2.8158874328092796e-8,4.1280955494468856e-12
4,496,400.0,5.32566729710108e-12,3.1458424374548704e-8,4.611810122098073e-12
4,497,400.0,5.416317028652973e-12,3.3153601541147316e-8,4.8603233700150275e-12
4,498,400.0,5.23722281133996e-12,3.1305041616947066e-8,4.5893241849246e-12
4,499,400.0,5.4409363525516215e-12,3.370243504907458e-8,4.9407824514066995e-12
4,500,400.0,5.321943432731141e-12,3.152377368551664e-8,4.6213903416985775e-12
4,501,400.0,5.363271253670525e-12,3.2352037094037835e-8,4.742813891896213e-12
4,502,400.0,5.318759924353088e-12,3.2008681863088874e-8,4.692477959278848e-12
4,503,400.0,5.286709484953784e-12,3.1204501375369814e-8,4.574584969181828e-12
4,504,400.0,5.254258352855756e-12,3.1297108267324095e-8,4.5881611545815114e-12
4,505,400.0,5.228804635416545e-12,3.104757545888977e-8,4.551579604341379e-12
4,506,400.0,5.295153050073492e-12,3.138763353063595e-8,4.601432172884163e-12
4,507,400.0,5.266435767495048e-12,3.0767645892719175e-8,4.5105418844807316e-12
4,508,400.0,1.515265275958998e-11,4.163796503161935e-8,6.104132435562978e-12
4,509,400.0,5.444718854022603e-12,3.3781486092003904e-8,4.95237134713788e-12
4,510,400.0,1.5118636773626312e-11,4.157179931433382e-8,6.0944325306637304e-12
4,511,400.0,5.3760633860212494e-12,3.2154422504725625e-8,4.7138435610108036e-12
4,512,400.0,1.4843035961396972e-11,4.1347145494948055e-8,6.061498244258418e-12
4,513,400.0,1.4517670712611372e-11,4.058566448887182e-8,5.949865005104552e-12
4,514,400.0,5.341735847752831e-12,3.179931321871857e-8,4.661784482013085e-12
4,515,400.0,5.357016409760387e-12,3.224870252624954e-8,4.727665027477108e-12
4,516,400.0,5.287153243149605e-12,3.152147422827327e-8,4.621053240893273e-12
4,517,400.0,5.340862355325046e-12,3.2313543166396205e-8,4.737170675852608e-12
4,518,400.0,5.4348722948765975e-12,3.35863117641646e-8,4.923758758980693e-12
4,519,400.0,1.5026401116558675e-11,4.144778075796933e-8,6.076251390160314e-12
4,520,400.0,5.236764008408206e-12,3.088143030591599e-8,4.52722269793376e-12
4,521,400.0,1.0557036190335585e-11,3.6857755332693455e-8,5.4033529174033345e-12
4,522,400.0,1.071239853979719e-11,3.689868565501425e-8,5.409353309302571e-12
4,523,400.0,1.516909920567364e-11,4.167854671586407e-8,6.110081717063643e-12
4,524,400.0,1.0879073798659677e-11,3.795381999940251e-8,5.564036175541732e-12
4,525,400.0,1.0836022495532294e-11,3.7193129842032123e-8,5.452518874936576e-12
4,526,400.0,1.0021878456500242e-11,4.002876832910436e-8,5.8682239376437485e-12
4,527,400.0,1.0049792764407701e-11,4.015145708486898e-8,5.886210129163266e-12
4,528,400.0,1.007683358771302e-11,4.023168426089397e-8,5.897971446197272e-12
4,529,400.0,5.122170788587367e-12,2.9421239815120937e-8,4.313158534851003e-12
4,530,400.0,5.317837775996304e-12,3.1345504904755386e-8,4.595256109488462e-12
4,531,400.0,5.251545494022856e-12,3.0575818988712684e-8,4.48242002920105e-12
4,532,400.0,5.130467162376592e-12,2.9566257025460974e-8,4.334418081437376e-12
4,533,400.0,1.50199656108943e-11,4.143951778409996e-8,6.0750400368491744e-12
4,534,400.0,5.409475339674375e-12,3.320359703594787e-8,4.867652717671965e-12
4,535,400.0,1.4452565670284962e-11,4.009008783961593e-8,5.877213387842918e-12
4,536,400.0,1.458793184521328e-11,4.0839265058734874e-8,5.987042889830733e-12
4,537,400.0,5.3784563907470664e-12,3.263305083831687e-8,4.784010552443624e-12
4,538,400.0,1.4920708281411556e-11,4.1570490179595005e-8,6.094240611298419e-12
4,539,400.0,1.1157205040580084e-11,3.8886560195673645e-8,5.700776039790342e-12
4,540,400.0,1.0189461821841328e-11,3.672558047129082e-8,5.383976061256758e-12
4,541,400.0,5.242085125245311e-12,3.0706364344576385e-8,4.50155799957099e-12
4,542,400.0,1.011170594912593e-11,3.572830162882759e-8,5.2377748209954314e-12
4,543,400.0,9.809222728322829e-12,3.5572858931108185e-8,5.214986896266163e-12
4,544,400.0,1.0246086700392869e-11,3.647472685399581e-8,5.347200880223151e-12
4,545,400.0,1.0823933842991895e-11,3.726665617198765e-8,5.463297846848595e-12
4,546,400.0,1.0617612007099952e-11,3.860689132740055e-8,5.6597765382838065e-12
4,547,400.0,1.0344635636668e-11,3.6507557640787306e-8,5.352013878898443e-12
4,548,400.0,5.377249455611902e-12,3.2524668174334166e-8,4.768121636302619e-12
4,549,400.0,5.047115518411816e-12,2.874678233130374e-8,4.21428295819277e-12
4,550,400.0,5.29570248878866e-12,3.159169425687236e-8,4.6313475084895e-12
4,551,400.0,9.959928374103025e-12,3.9705562412135465e-8,5.820841897728072e-12
4,552,400.0,5.309596204773684e-12,3.1582474899722126e-8,4.62999594923407e-12
4,553,400.0,9.93630777332013e-12,3.951257346392411e-8,5.792549686579244e-12
4,554,400.0,5.1608543122234065e-12,2.99737268785522e-8,4.394153228072892e-12
4,555,400.0,1.027542138629247e-11,4.094607985630945e-8,6.002701956501689e-12
4,556,400.0,5.1790508924704786e-12,3.050578200015484e-8,4.472152595304594e-12
4,557,400.0,5.212535837698237e-12,3.085994406059022e-8,4.524072810879677e-12
4,558,400.0,5.250125198063405e-12,3.0714249000995776e-8,4.5027138914825254e-12
4,559,400.0,5.168172790642518e-12,3.121889873570287e-8,4.576695624544758e-12
4,560,400.0,5.293921945730351e-12,3.115192290953551e-8,4.566876957551875e-12
4,561,400.0,5.3437799367118835e-12,3.2045608451021574e-8,4.69789140306659e-12
4,562,400.0,1.1284801091740803e-11,4.0984391554189464e-8,6.008318457632647e-12
4,563,400.0,5.317770360212451e-12,3.1564623335236523e-8,4.62737890698142e-12
4,564,400.0,1.0143428627177974e-11,4.046017732523176e-8,5.931468566536039e-12
4,565,400.0,1.4741110844784593e-11,4.057871367217192e-8,5.948846014247547e-12
4,566,400.0,1.0446502782345572e-11,3.562888932858532e-8,5.223200961635543e-12
4,567,400.0,1.135462165576854e-11,3.9394647006321956e-8,5.775261648743732e-12
4,568,400.0,1.0993818464055457e-11,3.7660225553364894e-8,5.520995182073429e-12
4,569,400.0,4.872668964403511e-12,2.764931130568235e-8,4.053393527609433e-12
4,570,400.0,1.101077837633318e-11,3.76758442801715e-8,5.52328488995973e-12
4,571,400.0,1.4256872854080385e-11,3.8247760924087265e-8,5.607127962835973e-12
4,572,400.0,4.9974018553112685e-12,2.8789979346166297e-8,4.220615647586734e-12
4,573,400.0,1.488718517424757e-11,3.919412948227231e-8,5.745865747154382e-12
4,574,400.0,1.4440910023041038e-11,3.830840425639704e-8,5.61601828520095e-12
4,575,400.0,1.0175717027579016e-11,4.0266082371646735e-8,5.903014214819817e-12
4,576,400.0,4.970465905375948e-12,2.8697357039001546e-8,4.207037202314693e-12
4,577,400.0,1.3691173240527687e-11,3.7515723745856553e-8,5.499811193625883e-12
4,578,400.0,5.175414312272628e-12,3.081253185154538e-8,4.517122173334049e-12
4,579,400.0,1.093631408693859e-11,3.7607550143399446e-8,5.513272958418106e-12
4,580,400.0,1.0647352401392216e-11,3.701344487175437e-8,5.426177029113354e-12
4,581,400.0,5.351596030798109e-12,3.216349441533515e-8,4.7151735045794205e-12
4,582,400.0,1.1313528157262136e-11,3.911730983322874e-8,5.734603974129228e-12
4,583,400.0,1.0893760127791391e-11,3.814732412962273e-8,5.592403912456725e-12
4,584,400.0,5.222115673009626e-12,3.0473258060881446e-8,4.467384580525288e-12
4,585,400.0,4.99422551020273e-12,2.8541184547676402e-8,4.1841422897243065e-12
4,586,400.0,1.0267420062030575e-11,3.4848865704673877e-8,5.108849371695749e-12
4,587,400.0,1.0236497923098611e-11,3.494523060100207e-8,5.122976481146941e-12
4,588,400.0,5.354790495315362e-12,3.1924378975120035e-8,4.680119142211985e-12
4,589,400.0,5.406472093910813e-12,3.2693119078562936e-8,4.792816566218668e-12
4,590,400.0,5.283633167580178e-12,3.097216836831461e-8,4.54052491261709e-12
4,591,400.0,1.0849813718475828e-11,3.908079947304115e-8,5.729251549396513e-12
4,592,400.0,5.342638445792411e-12,3.202890029780737e-8,4.695441985092016e-12
4,593,400.0,1.13212322780303e-11,4.084462482426092e-8,5.987828632327267e-12
4,594,400.0,4.847338485123066e-12,2.7094367232616462e-8,3.9720386363760955e-12
4,595,400.0,5.4365312984064434e-12,3.332909261416008e-8,4.8860503898181216e-12
4,596,400.0,5.3982806357045514e-12,3.256278497950971e-8,4.773709566131452e-12
4,597,400.0,1.1504486940574024e-11,4.1396064232545824e-8,6.068669739134562e-12
4,598,400.0,1.1035823130508596e-11,3.8307279007379576e-8,5.6158533235122515e-12
4,599,400.0,1.1351381812104477e-11,4.073997875622266e-8,5.972487501758534e-12
4,600,400.0,1.1506412300684823e-11,4.11348644167584e-8,6.030377803721764e-12
4,601,400.0,5.397056284667702e-12,3.268991334404494e-8,4.7923466050177256e-12
4,602,400.0,1.1354415488242776e-11,4.104218122043766e-8,6.0167904320895664e-12
4,603,400.0,1.1300471563216031e-11,4.058606738864272e-8,5.949924070276396e-12
4,604,400.0,1.1676185346708017e-11,4.207187770586112e-8,6.167744104073427e-12
4,605,400.0,5.294039028181346e-12,3.1164472875908815e-8,4.568716784660292e-12
4,606,400.0,1.1276978805031545e-11,4.081982594426607e-8,5.984193112492731e-12
4,607,400.0,1.1902335904469722e-11,3.8970541691181977e-8,5.713087740670301e-12
4,608,400.0,1.1511886487670027e-11,4.1187981384260826e-8,6.038164759783716e-12
4,609,400.0,1.1396043004329571e-11,4.0637397335325606e-8,5.957449048795994e-12
4,610,400.0,1.1150807394232486e-11,4.002408496108954e-8,5.867537355132205e-12
4,611,400.0,1.1039641880602871e-11,3.9324604897730314e-8,5.764993464249489e-12
4,612,400.0,1.0685098822185105e-11,3.77488009047594e-8,5.533980342972335e-12
4,613,400.0,1.0851273379091574e-11,3.857354756514162e-8,5.654888337321682e-12
4,614,400.0,1.1036501673725798e-11,3.850801696967044e-8,5.645281541383561e-12
4,615,400.0,1.1157306008767054e-11,4.0151634028372305e-8,5.8862360691095874e-12
4,616,400.0,5.278387916226463e-12,3.116053747279388e-8,4.56813985392454e-12
4,617,400.0,1.0864937692998632e-11,3.8282360961153386e-8,5.612200333888847e-12
4,618,400.0,1.0969100564805526e-11,3.898099080209474e-8,5.714619582027029e-12
4,619,400.0,5.268718759756289e-12,3.1035023595513293e-8,4.5497394991319875e-12
4,620,400.0,5.247920344329746e-12,3.077648440164645e-8,4.511837611324827e-12
4,621,400.0,1.109230595454398e-11,3.977634954928145e-8,5.831219303529372e-12
4,622,400.0,1.1110870753617811e-11,3.9532086077456505e-8,5.795410238891904e-12
4,623,400.0,5.383847344346516e-12,3.274924967364213e-8,4.801045320572781e-12
4,624,400.0,5.37974293396038e-12,3.2659760933919396e-8,4.7879262567966245e-12
4,625,400.0,1.155248866134415e-11,4.1512068029926504e-8,6.08567591466937e-12
4,626,400.0,1.1413083089080442e-11,4.116474565649199e-8,6.0347583983193664e-12
4,627,400.0,1.1242334526587748e-11,3.971877594814993e-8,5.822779004253647e-12
4,628,400.0,1.1230951318040408e-11,3.986290546140403e-8,5.8439084143030604e-12
4,629,400.0,1.1484023260703597e-11,4.115733287879226e-8,6.033671683904764e-12
4,630,400.0,5.2548847768419e-12,3.08615751470235e-8,4.524311928415681e-12
4,631,400.0,5.317843499861072e-12,3.229867791539534e-8,4.734991427641792e-12
4,632,400.0,1.0708260237885213e-11,3.7889005468989935e-8,5.55453435485749e-12
4,633,400.0,1.003197222287476e-11,3.89443849185501e-8,5.7092531535546576e-12
4,634,400.0,1.0348028371154488e-11,4.146699589234089e-8,6.079068331979687e-12
4,635,400.0,1.0171429106441026e-11,4.038394892537425e-8,5.920293470737578e-12
4,636,400.0,1.0387218437613996e-11,4.1711770582980024e-8,6.114952341378336e-12
4,637,400.0,5.344984137086639e-12,3.27937840407608e-8,4.807574066024676e-12
4,638,400.0,1.1382242414489354e-11,4.0910015234947705e-8,5.99741487715323e-12
4,639,400.0,1.1083559214669003e-11,3.838022383226838e-8,5.626547046687053e-12
4,640,400.0,1.115386177550414e-11,3.876388804546721e-8,5.6827922826483514e-12
4,641,400.0,1.1409371953746324e-11,4.114931041675217e-8,6.0324955896668544e-12
4,642,400.0,5.28368039617054e-12,3.125631233052551e-8,4.582180463621655e-12
4,643,400.0,5.390603222639241e-12,3.325691706221254e-8,4.875469442181437e-12
4,644,400.0,5.241046937964572e-12,3.093855560332795e-8,4.535597275811395e-12
4,645,400.0,5.422026198354149e-12,3.3697139198758606e-8,4.940006078890342e-12
4,646,400.0,5.307411531808443e-12,3.180556918331166e-8,4.662701607438389e-12
4,647,400.0,1.1027635578630078e-11,3.925318403385074e-8,5.754523154006129e-12
4,648,400.0,1.5104322775827927e-11,4.155003330872045e-8,6.091241630706052e-12
4,649,400.0,1.1103938288677016e-11,3.974212737389629e-8,5.82620232706029e-12
4,650,400.0,1.1173486584327915e-11,3.9749045284387016e-8,5.8272164938616864e-12
4,651,400.0,5.266621642063439e-12,3.2208223548986486e-8,4.721730802836634e-12
4,652,400.0,5.280759721888158e-12,3.231092233947157e-8,4.736786462199839e-12
4,653,400.0,5.221147322090849e-12,3.1604459157347514e-8,4.6332188449721536e-12
4,654,400.0,5.29470543610488e-12,3.2175372069182695e-8,4.71691477056238e-12
4,655,400.0,1.1006044244993953e-11,3.8719577361452066e-8,5.676296329175759e-12
4,656,400.0,1.1243506004672484e-11,3.994912819807889e-8,5.856548681502005e-12
4,657,400.0,5.443938918939649e-12,3.376401910902475e-8,4.94981068459653e-12
4,658,400.0,1.2105251455943197e-11,3.9750307739098865e-8,5.827401569927464e-12
4,659,400.0,1.2106245522172129e-11,3.918020052405189e-8,5.743823759617233e-12
4,660,400.0,5.410174735690166e-12,3.3212748728729166e-8,4.8689943573199195e-12
4,661,400.0,1.1009125158784894e-11,3.8777068443486446e-8,5.684724531138443e-12
4,662,400.0,1.1657369402574188e-11,3.8198881502786094e-8,5.599962231735295e-12
4,663,400.0,1.1024802985400719e-11,3.8806602548230604e-8,5.689054235690221e-12
4,664,400.0,1.1050725612385487e-11,3.8873998902372105e-8,5.698934552152406e-12
4,665,400.0,1.0938540911435291e-11,3.942412938117835e-8,5.779583769685562e-12
4,666,400.0,1.0874043504217014e-11,3.940940436844368e-8,5.7774250804273436e-12
4,667,400.0,1.1394033357843135e-11,4.081270411938238e-8,5.983149051808211e-12
4,668,400.0,1.1127519633076595e-11,3.8586349133575065e-8,5.656765049332976e-12
4,669,400.0,5.4353568167972895e-12,3.359531548118306e-8,4.925078705357786e-12
4,670,400.0,1.1611019728963848e-11,3.960100190207541e-8,5.8055133099728355e-12
4,671,400.0,1.0728297241895545e-11,3.788919898228753e-8,5.554562723938344e-12
4,672,400.0,1.100444543331589e-11,3.8645523389015866e-8,5.665440004790386e-12
4,673,400.0,1.1351942309529759e-11,3.998201142221173e-8,5.8613693675000545e-12
4,674,400.0,1.1196921685540095e-11,3.987484136909733e-8,5.845658220309268e-12
4,675,400.0,1.1296962142847778e-11,3.994092495425986e-8,5.855346084625946e-12
4,676,400.0,5.178556974079303e-12,3.0394813621543716e-8,4.4558846129791464e-12
4,677,400.0,5.199692622387646e-12,3.022226125892157e-8,4.430588408596559e-12
4,678,400.0,1.1309747608214143e-11,4.046441791973839e-8,5.932090238379375e-12
4,679,400.0,1.1066552266963257e-11,3.964977332195668e-8,5.812663208047818e-12
4,680,400.0,1.1231605500873822e-11,3.937183897122496e-8,5.7719179870945296e-12
4,681,400.0,1.1054639591938743e-11,3.99829873281597e-8,5.861512435470512e-12
4,682,400.0,5.295705763151191e-12,3.139532955450702e-8,4.6025604112334814e-12
4,683,400.0,5.392335854501772e-12,3.2966269965735835e-8,4.832860530637408e-12
4,684,400.0,5.410090225655101e-12,3.336926665447856e-8,4.891939910653e-12
4,685,400.0,5.379530184942733e-12,3.278061141757611e-8,4.805642957326592e-12
4,686,400.0,1.1405267280362119e-11,4.1315788789286194e-8,6.056901346116119e-12
4,687,400.0,5.43990708377622e-12,3.385388218176288e-8,4.9629846256535355e-12
4,688,400.0,1.155254210277172e-11,4.187694427247529e-8,6.13916683108224e-12
4,689,400.0,1.1450914953462704e-11,4.1542990696179715e-8,6.090209182563873e-12
4,690,400.0,1.1545061613808999e-11,4.188288869103804e-8,6.140038283808902e-12
4,691,400.0,5.4379785758421375e-12,3.3888542309090614e-8,4.9680658059485206e-12
4,692,400.0,5.351050239485213e-12,3.215501713730574e-8,4.713930734243616e-12
4,693,400.0,5.432522913563132e-12,3.367873797882883e-8,4.937308457060313e-12
4,694,400.0,1.5099153792452676e-11,4.154257853376821e-8,6.090148759487411e-12
4,695,400.0,1.1322026234878697e-11,4.094597168336069e-8,6.002686098329834e-12
4,696,400.0,5.266279399130571e-12,3.138133455689999e-8,4.600508742311529e-12
4,697,400.0,1.1833436256598553e-11,3.9747865781716344e-8,5.827043578578617e-12
4,698,400.0,1.1962734545593254e-11,4.0271793791954056e-8,5.9038515099643935e-12
4,699,400.0,1.2502320483230439e-11,4.1919967222939734e-8,6.145474002607174e-12
4,700,400.0,5.244667334595578e-12,3.1020124317236565e-8,4.547555262517004e-12
4,701,400.0,5.2336243174945785e-12,3.0763685996256335e-8,4.509961363016199e-12
4,702,400.0,1.1422380343936789e-11,4.036425074464348e-8,5.917405714243499e-12
4,703,400.0,5.0306393511839185e-12,2.873682190758079e-8,4.21282275845743e-12
4,704,400.0,1.2418117383448116e-11,4.185369298577596e-8,6.1357581886761525e-12
4,705,400.0,1.251429926390781e-11,4.1535602694010094e-8,6.089126100246008e-12
4,706,400.0,1.1853778144894397e-11,3.833750338144483e-8,5.620284221658599e-12
4,707,400.0,1.2144604325654666e-11,4.084391507503006e-8,5.98772458297476e-12
4,708,400.0,5.380171859033542e-12,3.26686861069824e-8,4.789234688617092e-12
4,709,400.0,5.254302016594842e-12,3.085443877485191e-8,4.523265735096392e-12
4,710,400.0,4.933139124749601e-12,2.779899498966475e-8,4.075337179989603e-12
4,711,400.0,1.2047858410427546e-11,4.0141579880634676e-8,5.8847621294184774e-12
4,712,400.0,5.136784210088055e-12,2.981949149305994e-8,4.371542295512188e-12
4,713,400.0,5.0353038147981314e-12,2.8891256888869323e-8,4.235462951794281e-12
4,714,400.0,4.8401991871099846e-12,2.71858126224842e-8,3.985444545381266e-12
4,715,400.0,4.599586307249333e-12,2.553742634970364e-8,3.7437908500967905e-12
4,716,400.0,4.7507507081263065e-12,2.6540250628441003e-8,3.890805052216473e-12
4,717,400.0,5.059393257095785e-12,2.9120389491931183e-8,4.269053828613856e-12
4,718,400.0,4.7491256603115954e-12,2.6508861804093507e-8,3.8862034454696446e-12
4,719,400.0,4.561035020580814e-12,2.5297127783522032e-8,3.708563041270529e-12
4,720,400.0,4.7627816338619774e-12,2.659498633574138e-8,3.898829315795685e-12
4,721,400.0,5.122683250948796e-12,2.978417923032205e-8,4.366365512060168e-12
4,722,400.0,9.888142993937049e-12,3.9324288362309245e-8,5.764947060105356e-12
4,723,400.0,5.27464011529038e-12,3.1237195331462736e-8,4.579377908454488e-12
4,724,400.0,5.336196185059489e-12,3.248457729703136e-8,4.762244307179345e-12
4,725,400.0,5.3616326128450425e-12,3.283487634439844e-8,4.813598204411267e-12
4,726,400.0,1.013791783740367e-11,4.0155984412507236e-8,5.886873836130263e-12
4,727,400.0,1.0247596793521055e-11,4.1058310363738065e-8,6.019154967116749e-12
4,728,400.0,1.4967524289305172e-11,4.137199047772196e-8,6.0651405227678515e-12
4,729,400.0,9.744847163221059e-12,3.8633305257152506e-8,5.663648824675016e-12
4,730,400.0,1.0303679128082782e-11,4.116066374417154e-8,6.034159989310292e-12
4,731,400.0,5.123626518852804e-12,2.991362482662186e-8,4.3853422574994424e-12
4,732,400.0,1.547873207725753e-11,4.176623940249337e-8,6.122937479164627e-12
4,733,400.0,9.985347538913977e-12,3.931385438047153e-8,5.763417436673488e-12
4,734,400.0,5.423695100073383e-12,3.3475475974313276e-8,4.907510214188963e-12
4,735,400.0,5.3053319017415406e-12,3.172130548012344e-8,4.650348534866728e-12
4,736,400.0,5.2851535006049525e-12,3.1250504822489903e-8,4.581329082000506e-12
4,737,400.0,1.503289597124784e-11,4.145600777939468e-8,6.077457472837325e-12
4,738,400.0,1.142679366686374e-11,4.1407697629302654e-8,6.070375196988355e-12
4,739,400.0,1.1430747131317072e-11,4.1421861364135895e-8,6.072451602815072e-12
4,740,400.0,5.16804716174608e-12,3.113263364903669e-8,4.564049148830207e-12
4,741,400.0,5.094867743507756e-12,3.0503192603883365e-8,4.4717729893906826e-12
4,742,400.0,1.2056376414633468e-11,3.960991543430471e-8,5.806820035245193e-12
4,743,400.0,1.1251067830176159e-11,4.012126572077664e-8,5.881784070284308e-12
4,744,400.0,1.1147041359782104e-11,4.013090683962571e-8,5.88319745987328e-12
4,745,400.0,1.2290042626348942e-11,4.055293713405273e-8,5.9450671695732115e-12
4,746,400.0,1.5162577092683788e-11,4.1661733240637306e-8,6.107616858864923e-12
4,747,400.0,4.98733020781708e-12,2.8498864016941075e-8,4.177938093045732e-12
4,748,400.0,5.251305617931426e-12,3.1523207716036106e-8,4.6213073704808194e-12
4,749,400.0,1.2168096264489199e-11,4.035513973637852e-8,5.916070038952246e-12
4,750,400.0,1.201484873086122e-11,3.954968726749686e-8,5.7979905762102205e-12
4,751,400.0,1.1456093238414563e-11,4.142616562257206e-8,6.073082607800817e-12
4,752,400.0,1.0082224412330843e-11,4.0307739822843346e-8,5.909121203930332e-12
4,753,400.0,1.136522612237874e-11,4.068066169802419e-8,5.963791611393658e-12
4,754,400.0,5.3365147830883915e-12,3.2907880057290265e-8,4.824300560576876e-12
4,755,400.0,5.256917353938035e-12,3.1796137343548586e-8,4.66131889819741e-12
4,756,400.0,5.241072744040687e-12,3.166693646124517e-8,4.642378027869747e-12
4,757,400.0,9.965721230774729e-12,3.911674837951145e-8,5.734521664923094e-12
4,758,400.0,1.0248410509931092e-11,4.131388583910001e-8,6.056622373309789e-12
4,759,400.0,1.0389393845461777e-11,4.1835846739195425e-8,6.133141926029249e-12
4,760,400.0,5.008788269807254e-12,2.8304257467108805e-8,4.149408741236582e-12
4,761,400.0,1.1257908543564966e-11,3.8113329394956515e-8,5.587420278833976e-12
4,762,400.0,1.2310417637360817e-11,4.105359206301114e-8,6.0184632634639385e-12
4,763,400.0,1.200082059837278e-11,3.996208056890777e-8,5.858447501168961e-12
4,764,400.0,1.1423088126337644e-11,3.7646559480965095e-8,5.518991733640274e-12
4,765,400.0,5.359892072737879e-12,3.216802721776002e-8,4.715838014151025e-12
4,766,400.0,5.4472013905424414e-12,3.3697292560244004e-8,4.940028561709006e-12
4,767,400.0,5.381829897059798e-12,3.2654212837077594e-8,4.787112904898616e-12
4,768,400.0,5.409168047878295e-12,3.3016197637855775e-8,4.840179935478352e-12
4,769,400.0,5.419061379402324e-12,3.350957395470223e-8,4.912508983651433e-12
4,770,400.0,5.3719262937787686e-12,3.2528374218838736e-8,4.768664943028843e-12
4,771,400.0,5.349128893807943e-12,3.1997787793910404e-8,4.690880886968108e-12
4,772,400.0,5.449395435922255e-12,3.378232042272257e-8,4.952493660156731e-12
4,773,400.0,5.3810738840602955e-12,3.292181309769485e-8,4.8263431465628885e-12
4,774,400.0,1.0421925971541512e-11,4.1407509401257085e-8,6.0703476027263074e-12
4,775,400.0,5.295335638788547e-12,3.141660131031098e-8,4.605678854088835e-12
4,776,400.0,1.508248602350952e-11,4.151976208911403e-8,6.08680386499576e-12
4,777,400.0,5.185457188563748e-12,3.1311561257665416e-8,4.590279965312688e-12
4,778,400.0,5.4215331057432204e-12,3.374275019642188e-8,4.946692658554918e-12
4,779,400.0,5.336236393256788e-12,3.274001105827178e-8,4.799690938059154e-12
4,780,400.0,5.30741483520858e-12,3.1945100544131224e-8,4.6831569275941695e-12
