Village,solar_MW,solar_built_MW,solar_GWh,battery_MW,battery_built_MW,battery_MWh,battery_built_MWh,Connected,Total_Import_MWh,Total_Export_MWh
1,0.7567202939020413,0.7567202939020413,1.185342855314847,0.3047602469011048,0.3047602469011048,1.6947244357280884,1.6947244357280884,0,0.0,0.0
2,1.9489989973262032,1.9489989973262032,3.07425518172318,0.6578311805149961,0.6578311805149961,4.065691222067915,4.065691222067915,1,511.0919541561017,83.18791430005295
3,1.91165843214756,1.91165843214756,3.059155006190976,0.6547454690127161,0.6547454690127161,4.046863594417388,4.046863594417388,1,524.65295414142,84.8615769620122
4,0.917898582357482,0.917898582357482,1.4482958350339468,0.3256851122841435,0.3256851122841435,1.9711521111689427,1.9711521111689427,1,188.24396959180967,12.665697636606506
5,1.0355492801307664,1.0355492801307664,1.627674240132538,0.3648374427543602,0.3648374427543602,2.2112037717199757,2.2112037717199757,1,216.0206704674875,15.761524449581769
6,1.051001385715894,1.051001385715894,1.646309442039516,0.4232779246395284,0.4232779246395284,2.353784676465463,2.353784676465463,0,0.0,0.0
7,0.8424686483973762,0.8424686483973762,1.3332125051774202,0.2986432786988128,0.2986432786988128,1.8099487745018723,1.8099487745018723,1,174.8035686861428,14.949406817356683
8,0.7173346208915884,0.7173346208915884,1.1360913749096808,0.0,0.0,0.0,0.0,1,5787.994338510727,4068.544895920356
9,1.630874296814098,1.630874296814098,2.5452009981638497,0.56873947244278,0.56873947244278,3.4476996225990715,3.4476996225990715,1,338.2056142404044,23.25814032512736
10,0.9455313552008842,0.9455313552008842,1.469490636118747,0.3304453389476721,0.3304453389476721,2.0027068553448264,2.0027068553448264,1,194.7371436397496,11.101900639750156
11,1.4249824406999243,1.4249824406999243,2.256047385412846,0.5005404591652768,0.5005404591652768,3.01425544212573,3.01425544212573,1,504.1865905925357,28.97797949896152
12,0.7444173165907857,0.7444173165907857,1.1720192541806884,0.290959438784608,0.290959438784608,1.6571172387134676,1.6571172387134676,1,30.08958026503812,5.830510000010191
13,2.8362073930354468,2.8362073930354468,4.804396105058872,2.0118479859795184,2.0118479859795184,7.965122064784619,7.965122064784619,1,353.49252508025324,2983.854276246011
14,0.5608147619333692,0.5608147619333692,0.8784716629323738,0.225861864826548,0.225861864826548,1.2559815099312088,1.2559815099312088,0,0.0,0.0
15,1.6819894371985962,1.6819894371985962,2.823710073965536,1.1912484211571124,1.1912484211571124,5.262554791652052,5.262554791652052,1,402.16299792645,1800.0577543010231
16,1.252111484487901,1.252111484487901,2.0274544782992923,0.5027390072178153,0.5027390072178153,2.863214318196287,2.863214318196287,1,49.7231162826373,7.125155223216205
17,2.25682313775753,2.25682313775753,3.791190039587143,1.6003888811572244,1.6003888811572244,6.691297284190578,6.691297284190578,1,390.4822569103222,2362.286207242292
18,0.3395160745545313,0.3395160745545313,0.5544763347546591,0.1425437726536312,0.1425437726536312,0.7927363035867229,0.7927363035867229,0,0.0,0.0
19,0.5653231539092906,0.5653231539092906,0.8679323528916094,0.2231114633598983,0.2231114633598983,1.2408738519420686,1.2408738519420686,0,0.0,0.0
20,0.1221813824282035,0.1221813824282035,0.189655718811669,0.0487603612179116,0.0487603612179116,0.2711639150209546,0.2711639150209546,0,0.0,0.0
21,0.4578588230162893,0.4578588230162893,0.7112056752322603,0.1828434914619122,0.1828434914619122,1.0168370333668808,1.0168370333668808,0,0.0,0.0
22,0.3289430855331316,0.3289430855331316,0.5057470356178428,0.1300286562599021,0.1300286562599021,0.723094345184365,0.723094345184365,0,0.0,0.0
23,0.3119374660183009,0.3119374660183009,0.4886250972412887,0.1256289860274908,0.1256289860274908,0.6986041655426837,0.6986041655426837,0,0.0,0.0
24,0.1836207132614412,0.1836207132614412,0.2871160131620037,0.0738117036772961,0.0738117036772961,0.4105018685616814,0.4105018685616814,0,0.0,0.0
25,0.1375909494769641,0.1375909494769641,0.2094102776779051,0.0538390869875806,0.0538390869875806,0.2993880540752281,0.2993880540752281,0,0.0,0.0
26,0.3794827474649604,0.3794827474649604,0.586086336769055,0.1506695279376922,0.1506695279376922,0.8379419066162189,0.8379419066162189,0,0.0,0.0
27,0.3547432736066374,0.3547432736066374,0.5360374006038322,0.1377956390502098,0.1377956390502098,0.7663926018572877,0.7663926018572877,0,0.0,0.0
28,0.2591936581184416,0.2591936581184416,0.3977486970208666,0.1022649026830514,0.1022649026830514,0.5686822329694348,0.5686822329694348,0,0.0,0.0
29,0.1820884792523134,0.1820884792523134,0.2831662412294762,0.0728038735422667,0.0728038735422667,0.4048616698080508,0.4048616698080508,0,0.0,0.0
30,0.1501266821295537,0.1501266821295537,0.2173109062521818,0.0558676625030416,0.0558676625030416,0.3106802618794245,0.3106802618794245,0,0.0,0.0
31,0.2979520041104718,0.2979520041104718,0.4425290463931239,0.1137605207191281,0.1137605207191281,0.6327184477859867,0.6327184477859867,0,0.0,0.0
32,0.4380218336751788,0.4380218336751788,0.6637924121596395,0.1706531696468004,0.1706531696468004,0.9490500684372803,0.9490500684372803,0,0.0,0.0
33,0.2582490690786835,0.2582490690786835,0.3924800242302003,0.100889187579124,0.100889187579124,0.5611422760913071,0.5611422760913071,0,0.0,0.0
34,0.2046555177867066,0.2046555177867066,0.3160920739368622,0.0812543922854607,0.0812543922854607,0.4519271318834518,0.4519271318834518,0,0.0,0.0
35,0.2107975388838846,0.2107975388838846,0.323992671399133,0.0832966829543002,0.0832966829543002,0.4632150856557359,0.4632150856557359,0,0.0,0.0
36,0.1242746637283919,0.1242746637283919,0.1896558472162939,0.0487644500297216,0.0487644500297216,0.2711660221174135,0.2711660221174135,0,0.0,0.0
37,0.2178305443164964,0.2178305443164964,0.3318953542544414,0.0853223190503881,0.0853223190503881,0.4745080611281002,0.4745080611281002,0,0.0,0.0
38,0.4466444296995074,0.4466444296995074,0.6782809262459281,0.1743741714936458,0.1743741714936458,0.9697811192788724,0.9697811192788724,0,0.0,0.0
39,0.1942237566779945,0.1942237566779945,0.3042364595827546,0.0782215575990745,0.0782215575990745,0.4349758011582247,0.4349758011582247,0,0.0,0.0
40,0.1798024297775086,0.1798024297775086,0.2726274290158401,0.070086199551845,0.070086199551845,0.3897696680503023,0.3897696680503023,0,0.0,0.0
41,0.191540948276336,0.191540948276336,0.295019046762591,0.0758416088364842,0.0758416088364842,0.4218005997000411,0.4218005997000411,0,0.0,0.0
42,0.2118821273444317,0.2118821273444317,0.3318963016465228,0.0853330539826713,0.0853330539826713,0.4745236076591479,0.4745236076591479,0,0.0,0.0
43,0.375998473992136,0.375998473992136,0.5834516520128927,0.1500011004183641,0.1500011004183641,0.834175570363558,0.834175570363558,0,0.0,0.0
44,0.2958426267644589,0.2958426267644589,0.4570165884304066,0.1175070376480608,0.1175070376480608,0.6534223170122692,0.6534223170122692,0,0.0,0.0
45,0.2255145526415578,0.2255145526415578,0.3463844296309306,0.089050741466349,0.089050741466349,0.4952430817540085,0.4952430817540085,0,0.0,0.0
46,0.300013692977517,0.300013692977517,0.4675499934834078,0.12019110624269,0.12019110624269,0.6684435570015291,0.6684435570015291,0,0.0,0.0
47,0.3085739154369459,0.3085739154369459,0.4833560422668487,0.1242743370765265,0.1242743370765265,0.6910699162653738,0.6910699162653738,0,0.0,0.0
48,0.2999894606495879,0.2999894606495879,0.4688677115988597,0.1205247427876603,0.1205247427876603,0.6703328909094873,0.6703328909094873,0,0.0,0.0
49,0.5299113147732913,0.5299113147732913,0.8547642217723793,0.2197616536930729,0.2197616536930729,1.2220811056219,1.2220811056219,0,0.0,0.0
50,0.6203420179711909,0.6203420179711909,1.0035935956748212,0.258018204245094,0.258018204245094,1.4349012395804237,1.4349012395804237,0,0.0,0.0
51,0.4007462147228505,0.4007462147228505,0.6295485620646393,0.1618543409465971,0.1618543409465971,0.900094853639889,0.900094853639889,0,0.0,0.0
52,0.4268033821846915,0.4268033821846915,0.6848674591338176,0.1760753417797879,0.1760753417797879,0.9791970173036608,0.9791970173036608,0,0.0,0.0
53,0.3709126703308389,0.3709126703308389,0.5874029218081115,0.1510060624710327,0.1510060624710327,0.8398171391349367,0.8398171391349367,0,0.0,0.0
54,0.3349635116314449,0.3349635116314449,0.5399918440963405,0.1388186545230968,0.1388186545230968,0.7720652868798377,0.7720652868798377,0,0.0,0.0
55,0.5582962674981118,0.5582962674981118,0.8824205146079732,0.2268370790058663,0.2268370790058663,1.261593879572184,1.261593879572184,0,0.0,0.0
56,0.4410815581184487,0.4410815581184487,0.6822261684902436,0.1753995235504004,0.1753995235504004,0.9753559710513752,0.9753559710513752,0,0.0,0.0
57,0.4792344401546367,0.4792344401546367,0.7401805680807312,0.1902698460387253,0.1902698460387253,1.058258853886139,1.058258853886139,0,0.0,0.0
58,0.6693115633860297,0.6693115633860297,1.0589035859070677,0.2722192495950038,0.2722192495950038,1.5139156421143822,1.5139156421143822,0,0.0,0.0
59,0.2158656438110198,0.2158656438110198,0.3345296965415252,0.0859991045115474,0.0859991045115474,0.4782695262236707,0.4782695262236707,0,0.0,0.0
60,1.1501557336747257,1.1501557336747257,1.806992305440958,0.4645079418570762,0.4645079418570762,2.583562451050504,2.583562451050504,0,0.0,0.0
61,0.1543584359446239,0.1543584359446239,0.2383849482968765,0.0612870943687108,0.0612870943687108,0.3408226992031833,0.3408226992031833,0,0.0,0.0
62,0.7745261862170212,0.7745261862170212,1.2248574342859604,0.3149193326791863,0.3149193326791863,1.7512638291610323,1.7512638291610323,0,0.0,0.0
63,0.3085739154369459,0.3085739154369459,0.4833560422668487,0.1242743370765265,0.1242743370765265,0.6910699162653738,0.6910699162653738,0,0.0,0.0
64,0.2840805268222147,0.2840805268222147,0.4517491819707497,0.1161370462532998,0.1161370462532998,0.645899396905171,0.645899396905171,0,0.0,0.0
65,0.1423393157358782,0.1423393157358782,0.2212650135421442,0.0568793659420361,0.0568793659420361,0.316345932483816,0.316345932483816,0,0.0,0.0
66,1.222027867534723,1.222027867534723,1.9123531584411095,0.4916515672493928,0.4916515672493928,2.734146543072878,2.734146543072878,0,0.0,0.0
67,0.9630523252828072,0.9630523252828072,1.543579322918102,0.3968455608647013,0.3968455608647013,2.2068968466335206,2.2068968466335206,0,0.0,0.0
68,0.4837907858853553,0.4837907858853553,0.778375672689812,0.2001059283331291,0.2001059283331291,1.112882339819229,1.112882339819229,0,0.0,0.0
69,0.9431544144089488,0.9431544144089488,1.472464860714631,0.3785618831859476,0.3785618831859476,2.105311907952701,2.105311907952701,0,0.0,0.0
70,0.1746744335417216,0.1746744335417216,0.2699944324117178,0.0694128273756989,0.0694128273756989,0.3860130653142989,0.3860130653142989,0,0.0,0.0
71,0.4092800656202395,0.4092800656202395,0.634813952222293,0.1631898146634451,0.1631898146634451,0.9075719587347968,0.9075719587347968,0,0.0,0.0
72,0.3514546946072733,0.3514546946072733,0.5505256859800681,0.1415436887607883,0.1415436887607883,0.7871049256503887,0.7871049256503887,0,0.0,0.0
73,0.2752899827519553,0.2752899827519553,0.4214542930322179,0.1083526539685372,0.1083526539685372,0.6025501126327059,0.6025501126327059,0,0.0,0.0
74,1.706779500052638,1.706779500052638,2.666468789715,0.5971429871291509,0.5971429871291509,3.611179718432372,3.611179718432372,1,347.04443088540955,32.41560590883401
75,0.4170375484069586,0.4170375484069586,0.6532562126785633,0.1679570450569811,0.1679570450569811,0.9339829723936796,0.9339829723936796,0,0.0,0.0
76,0.1885001616874174,0.1885001616874174,0.2937025960318384,0.0755052457027823,0.0755052457027823,0.4199275711560517,0.4199275711560517,0,0.0,0.0
77,0.8072853509228877,0.8072853509228877,1.3460256643029291,0.346038541274557,0.346038541274557,1.9244908356293784,1.9244908356293784,0,0.0,0.0
78,0.2765821121497764,0.2765821121497764,0.4267229441177622,0.1097017759309839,0.1097017759309839,0.6100904620316383,0.6100904620316383,0,0.0,0.0
79,0.182159847146161,0.182159847146161,0.2831652333734276,0.072791389739808,0.072791389739808,0.4048451310743897,0.4048451310743897,0,0.0,0.0
80,0.2834637392248786,0.2834637392248786,0.4609674645074118,0.11851589809313,0.11851589809313,0.6590604197313609,0.6590604197313609,0,0.0,0.0
81,0.455294121528886,0.455294121528886,0.7151572570000342,0.1838500023162863,0.1838500023162863,1.0224822241550844,1.0224822241550844,0,0.0,0.0
82,1.7568765728639253,1.7568765728639253,2.8540396649459647,0.7336825331143282,0.7336825331143282,4.080455325615128,4.080455325615128,0,0.0,0.0
83,0.9647821043779222,0.9647821043779222,1.5672850057113863,0.4028990366116158,0.4028990366116158,2.2407668990702163,2.2407668990702163,0,0.0,0.0
84,1.2712425026028895,1.2712425026028895,2.0651284609716827,0.5308787483562432,0.5308787483562432,2.952539315673995,2.952539315673995,0,0.0,0.0
85,0.1945780782549783,0.1945780782549783,0.3160916793448661,0.0812571320911471,0.0812571320911471,0.4519206567008595,0.4519206567008595,0,0.0,0.0
86,1.2315164231776798,1.2315164231776798,2.000593461911991,0.5142887847429461,0.5142887847429461,2.860272979256536,2.860272979256536,0,0.0,0.0
87,1.126119016663292,1.126119016663292,1.82937615237312,0.4702740451829174,0.4702740451829174,2.615480090312412,2.615480090312412,0,0.0,0.0
88,0.520495983531677,0.520495983531677,0.8455435264890617,0.2173620714373978,0.2173620714373978,1.2088842335534156,1.2088842335534156,0,0.0,0.0
89,2.395006292183949,2.395006292183949,3.894082721245778,0.965685882906368,0.965685882906368,5.499807715321976,5.499807715321976,1,107.5892349438164,13.260096738449016
90,0.7953373864669737,0.7953373864669737,1.2920218959223413,0.3321377011887694,0.3321377011887694,1.8472182937990849,1.8472182937990849,0,0.0,0.0
91,0.753178933074709,0.753178933074709,1.2235361994338008,0.3145317196004029,0.3145317196004029,1.7493040583814723,1.7493040583814723,0,0.0,0.0
92,0.6348107975780454,0.6348107975780454,1.0312475199003486,0.2651007431854117,0.2651007431854117,1.474387124238708,1.474387124238708,0,0.0,0.0
93,2.5126982036368863,2.5126982036368863,4.081600345560833,0.9150674747559376,0.9150674747559376,5.537068521308616,5.537068521308616,1,504.5510244113879,55.44398974640146
94,0.4167202263893947,0.4167202263893947,0.6769606721483149,0.1740250517048955,0.1740250517048955,0.9678584060439596,0.9678584060439596,0,0.0,0.0
95,0.136014719597361,0.136014719597361,0.2265329134530913,0.0582375130892503,0.0582375130892503,0.3238806935260465,0.3238806935260465,0,0.0,0.0
96,0.1401453764058882,0.1401453764058882,0.2318009376821554,0.0595873399958195,0.0595873399958195,0.3314152485121136,0.3314152485121136,0,0.0,0.0
97,0.2608472924117576,0.2608472924117576,0.4319902184462178,0.1110490316562366,0.1110490316562366,0.6176059730044008,0.6176059730044008,0,0.0,0.0
98,0.1350162195932163,0.1350162195932163,0.2238984842558573,0.0575652183437263,0.0575652183437263,0.3201155561570681,0.3201155561570681,0,0.0,0.0
99,0.1433987181844112,0.1433987181844112,0.2383848296634294,0.0612812905334556,0.0612812905334556,0.3408207524499502,0.3408207524499502,0,0.0,0.0
100,0.5810655180043732,0.5810655180043732,0.9614416671010042,0.247188784617549,0.247188784617549,1.374545790666312,1.374545790666312,0,0.0,0.0
101,0.3113522450170859,0.3113522450170859,0.5136491524772399,0.1320464519522077,0.1320464519522077,0.7343892632360164,0.7343892632360164,0,0.0,0.0
102,0.3830828688291655,0.3830828688291655,0.6269157046035331,0.1611756195510922,0.1611756195510922,0.8963263089514337,0.8963263089514337,0,0.0,0.0
103,0.4650017603104161,0.4650017603104161,0.7625734150478222,0.1960500966733892,0.1960500966733892,1.0903137003067591,1.0903137003067591,0,0.0,0.0
104,0.5453091643210267,0.5453091643210267,0.8955939780328331,0.2302363876198886,0.2302363876198886,1.280468887168375,1.280468887168375,0,0.0,0.0
105,0.3104680915939131,0.3104680915939131,0.5136500609107296,0.1320511955667743,0.1320511955667743,0.7344041704635873,0.7344041704635873,0,0.0,0.0
106,0.2036075800516844,0.2036075800516844,0.3358473553364302,0.0863375096603855,0.0863375096603855,0.4801706145568575,0.4801706145568575,0,0.0,0.0
107,0.2068292335402381,0.2068292335402381,0.3424327208118292,0.0880435878968097,0.0880435878968097,0.4895943086808327,0.4895943086808327,0,0.0,0.0
108,0.2999742215362274,0.2999742215362274,0.487307191323627,0.1252710921100059,0.1252710921100059,0.6967095037410092,0.6967095037410092,0,0.0,0.0
109,0.3394385533558157,0.3394385533558157,0.5663308874526695,0.145589155116916,0.145589155116916,0.8096994119480317,0.8096994119480317,0,0.0,0.0
110,0.2387054774832506,0.2387054774832506,0.3924810106076103,0.1008974412360383,0.1008974412360383,0.5611584623644298,0.5611584623644298,0,0.0,0.0
111,0.418288203266425,0.418288203266425,0.6809140885508127,0.1750504248999572,0.1750504248999572,0.973535948946667,0.973535948946667,0,0.0,0.0
112,0.473126960582124,0.473126960582124,0.7546662749325702,0.1939916254167089,0.1939916254167089,1.0789378489398165,1.0789378489398165,0,0.0,0.0
113,0.6596763368587405,0.6596763368587405,1.0839274382628408,0.2786599694672258,0.2786599694672258,1.5496749496435218,1.5496749496435218,0,0.0,0.0
114,0.331713491024411,0.331713491024411,0.5426221027692796,0.139490763322569,0.139490763322569,0.775777709363176,0.775777709363176,0,0.0,0.0
115,0.3320373594236118,0.3320373594236118,0.5465738175487619,0.1405019608475844,0.1405019608475844,0.7814325698284221,0.7814325698284221,0,0.0,0.0
116,0.3427412104122264,0.3427412104122264,0.5597435981292516,0.1438976469397452,0.1438976469397452,0.8002673574648493,0.8002673574648493,0,0.0,0.0
117,0.5056087547314009,0.5056087547314009,0.8218347908243931,0.21128840604664,0.21128840604664,1.1749513561901055,1.1749513561901055,0,0.0,0.0
118,0.3580245829842672,0.3580245829842672,0.5847684195222396,0.1503422537417378,0.1503422537417378,0.8360537971864391,0.8360537971864391,0,0.0,0.0
119,0.3019064589841406,0.3019064589841406,0.4925742293752952,0.1266316232783703,0.1266316232783703,0.7042286244340754,0.7042286244340754,0,0.0,0.0
120,0.3590469996088999,0.3590469996088999,0.5926705619018853,0.1523763734547411,0.1523763734547411,0.8473453905310272,0.8473453905310272,0,0.0,0.0
121,0.4915225825227768,0.4915225825227768,0.8178857177946763,0.2102524244126472,0.2102524244126472,1.1693473333351112,1.1693473333351112,0,0.0,0.0
122,0.3704143227846982,0.3704143227846982,0.6124257255744335,0.1574492361410689,0.1574492361410689,0.8755772082526416,0.8755772082526416,0,0.0,0.0
123,0.3538386579073391,0.3538386579073391,0.5729158500097404,0.1472901584788043,0.1472901584788043,0.8191269760267073,0.8191269760267073,0,0.0,0.0
124,0.3708525954420301,0.3708525954420301,0.5992568440474376,0.1540754083418622,0.1540754083418622,0.856772896576137,0.856772896576137,0,0.0,0.0
125,0.5114246348144083,0.5114246348144083,0.8350050619332752,0.214643558511896,0.214643558511896,1.1937792193495351,1.1937792193495351,0,0.0,0.0
126,0.3951804805897468,0.3951804805897468,0.6400824838224783,0.1645495497068712,0.1645495497068712,0.9151118447966936,0.9151118447966936,0,0.0,0.0
127,0.6845544208216504,0.6845544208216504,1.105001145512246,0.284070770847836,0.284070770847836,1.5798246209022682,1.5798246209022682,0,0.0,0.0
128,0.5778198276484804,0.5778198276484804,0.9548600014116306,0.2454952877977159,0.2454952877977159,1.3652000294074502,1.3652000294074502,0,0.0,0.0
129,0.51850371049809,0.51850371049809,0.8310568641798505,0.2136599093222869,0.2136599093222869,1.1881835700353478,1.1881835700353478,0,0.0,0.0
130,0.4058713005291391,0.4058713005291391,0.6664253410466499,0.171343517270077,0.171343517270077,0.9527943294791714,0.9527943294791714,0,0.0,0.0
131,0.4681565334038313,0.4681565334038313,0.7717929362241784,0.1984274368708195,0.1984274368708195,1.1034898080986235,1.1034898080986235,0,0.0,0.0
132,0.395907499370393,0.395907499370393,0.6295494165232223,0.1618567203696544,0.1618567203696544,0.9001088751491895,0.9001088751491895,0,0.0,0.0
133,0.3126387947899386,0.3126387947899386,0.5241827586708943,0.1347476484017118,0.1347476484017118,0.7494153013025154,0.7494153013025154,0,0.0,0.0
134,0.491717261760617,0.491717261760617,0.8192054877799304,0.2106068549682945,0.2106068549682945,1.1712725841455165,1.1712725841455165,0,0.0,0.0
135,0.7206719841747155,0.7206719841747155,1.2156311448942014,0.3125226074591577,0.3125226074591577,1.7379646770238812,1.7379646770238812,0,0.0,0.0
136,0.3525662314149652,0.3525662314149652,0.5926696655499377,0.1523667953815967,0.1523667953815967,0.8473306815605531,0.8473306815605531,0,0.0,0.0
137,0.1613374335932018,0.1613374335932018,0.2620920014447198,0.0673753302703648,0.0673753302703648,0.3747152389080811,0.3747152389080811,0,0.0,0.0
138,0.1638396159847173,0.1638396159847173,0.2528733194692943,0.0650051668518398,0.0650051668518398,0.3615484100626455,0.3615484100626455,0,0.0,0.0
139,0.5457036682928287,0.5457036682928287,0.8811058495585293,0.2265316301308211,0.2265316301308211,1.2597523998260518,1.2597523998260518,0,0.0,0.0
140,0.107550463923762,0.107550463923762,0.1699003192275991,0.0436770334006495,0.0436770334006495,0.2429147494718621,0.2429147494718621,0,0.0,0.0
141,0.2569080191227901,0.2569080191227901,0.3793115592159013,0.0975187079259729,0.0975187079259729,0.542331322749508,0.542331322749508,0,0.0,0.0
142,0.3594785273601042,0.3594785273601042,0.5202353455207249,0.1337542943425853,0.1337542943425853,0.7438168045335413,0.7438168045335413,0,0.0,0.0
143,0.4153961254177876,0.4153961254177876,0.6743284650137451,0.1733647905451496,0.1733647905451496,0.9641117635673918,0.9641117635673918,0,0.0,0.0
144,0.3213908914798434,0.3213908914798434,0.5057460452277459,0.1300204749266504,0.1300204749266504,0.7230780930637497,0.7230780930637497,0,0.0,0.0
145,0.3164921373013786,0.3164921373013786,0.5149637163274604,0.1323837900659821,0.1323837900659821,0.7362358206025349,0.7362358206025349,0,0.0,0.0
146,0.2841267122240047,0.2841267122240047,0.4530652929563817,0.116485962265302,0.116485962265302,0.6477803268563397,0.6477803268563397,0,0.0,0.0
147,0.1272876368765279,0.1272876368765279,0.1975581799280306,0.0507877907024008,0.0507877907024008,0.2824599900789943,0.2824599900789943,0,0.0,0.0
148,0.1198694937607004,0.1198694937607004,0.1883381160309156,0.048421100825762,0.048421100825762,0.2692794685260273,0.2692794685260273,0,0.0,0.0
149,0.2533520061099982,0.2533520061099982,0.3727236158819688,0.0958264362148779,0.0958264362148779,0.5328810490945678,0.5328810490945678,0,0.0,0.0
150,0.4786342524378991,0.4786342524378991,0.7164757874828401,0.1842132993614332,0.1842132993614332,1.024401360217112,1.024401360217112,0,0.0,0.0
151,0.2838964802598144,0.2838964802598144,0.4280390988252747,0.1100509038928216,0.1100509038928216,0.6119676172633373,0.6119676172633373,0,0.0,0.0
152,0.3940201625187592,0.3940201625187592,0.6400839020203051,0.1645448422903263,0.1645448422903263,0.9151351171639353,0.9151351171639353,0,0.0,0.0
153,0.1645802110295808,0.1645802110295808,0.2673597833079871,0.0687294482263543,0.0687294482263543,0.3822473141115319,0.3822473141115319,0,0.0,0.0
154,0.2771925346718524,0.2771925346718524,0.4359438373025955,0.1120875394664318,0.1120875394664318,0.6233003147008137,0.6233003147008137,0,0.0,0.0
155,0.3543328784104868,0.3543328784104868,0.5334051014302786,0.1371389731629574,0.1371389731629574,0.7626377107566039,0.7626377107566039,0,0.0,0.0
156,0.2292800405173816,0.2292800405173816,0.341115519709263,0.0876990789004241,0.0876990789004241,0.4877074692765805,0.4877074692765805,0,0.0,0.0
157,0.4363358311872939,0.4363358311872939,0.6809131651305604,0.1750408807278278,0.1750408807278278,0.9735207957890422,0.9735207957890422,0,0.0,0.0
158,0.2170600066199553,0.2170600066199553,0.3556037243317309,0.0914291481202601,0.0914291481202601,0.5084296983838674,0.5084296983838674,0,0.0,0.0
159,0.1987719245810666,0.1987719245810666,0.3081899870243302,0.0792296635782482,0.0792296635782482,0.4406327052544187,0.4406327052544187,0,0.0,0.0
160,0.4387338986598188,0.4387338986598188,0.7507191106376644,0.1929860341288822,0.1929860341288822,1.0733456819287026,1.0733456819287026,0,0.0,0.0
161,0.4319704810586164,0.4319704810586164,0.7059356861450351,0.1814752746411891,0.1814752746411891,1.0092567588550174,1.0092567588550174,0,0.0,0.0
162,0.3130534113647388,0.3130534113647388,0.4978449390629285,0.1279785658054387,0.1279785658054387,0.7118079960027031,0.7118079960027031,0,0.0,0.0
163,0.2675069398647368,0.2675069398647368,0.4227717729444689,0.1086931666947879,0.1086931666947879,0.6044287993883968,0.6044287993883968,0,0.0,0.0
164,0.2429813689895072,0.2429813689895072,0.3766746457132077,0.0968347281979208,0.0968347281979208,0.5385403923400334,0.5385403923400334,0,0.0,0.0
165,0.2742550846687517,0.2742550846687517,0.4267228606485483,0.1097091805476991,0.1097091805476991,0.6100890923170524,0.6100890923170524,0,0.0,0.0
166,0.2614422806062246,0.2614422806062246,0.4148699557510246,0.1066504067494321,0.1066504067494321,0.5931545214566146,0.5931545214566146,0,0.0,0.0
167,0.1513238130052804,0.1513238130052804,0.2489222046875986,0.0639942507469997,0.0639942507469997,0.3558884215044707,0.3558884215044707,0,0.0,0.0
168,0.2950479838901915,0.2950479838901915,0.4570160106062687,0.1174832337209887,0.1174832337209887,0.6534128350236124,0.6534128350236124,0,0.0,0.0
169,0.911231312679514,0.911231312679514,1.4816756518241472,0.3809125818421358,0.3809125818421358,2.1183754535570305,2.1183754535570305,0,0.0,0.0
170,0.6816388340780047,0.6816388340780047,1.0931461289997355,0.2810113777203205,0.2810113777203205,1.562849409242216,1.562849409242216,0,0.0,0.0
171,0.600305940848885,0.600305940848885,0.9640805093249504,0.2478546545119047,0.2478546545119047,1.378393078070734,1.378393078070734,0,0.0,0.0
172,0.2564156640105601,0.2564156640105601,0.410917969669659,0.105643856249629,0.105643856249629,0.5874922141853032,0.5874922141853032,0,0.0,0.0
173,0.4750296441002017,0.4750296441002017,0.7810117265260816,0.200792515704986,0.200792515704986,1.1166666502389286,1.1166666502389286,0,0.0,0.0
174,0.4767158407308652,0.4767158407308652,0.774422852905071,0.1990793453150168,0.1990793453150168,1.1072018594403947,1.1072018594403947,0,0.0,0.0
175,0.3937089279771092,0.3937089279771092,0.6440344541579953,0.1655607278449756,0.1655607278449756,0.9207649093064528,0.9207649093064528,0,0.0,0.0
176,0.2532532785052183,0.2532532785052183,0.4148705620891196,0.1066525152137973,0.1066525152137973,0.5931644713558801,0.5931644713558801,0,0.0,0.0
177,0.8330906259026309,0.8330906259026309,1.3631432218907436,0.3504501330610754,0.3504501330610754,1.9489113734211403,1.9489113734211403,0,0.0,0.0
178,0.3273680425047943,0.3273680425047943,0.5189162395431619,0.1334160351963871,0.1334160351963871,0.7419002038689755,0.7419002038689755,0,0.0,0.0
179,0.2832824433602264,0.2832824433602264,0.4451633753411609,0.1144526186860551,0.1144526186860551,0.6364901757610948,0.6364901757610948,0,0.0,0.0
180,0.3586798878107594,0.3586798878107594,0.5689638964927984,0.1462695003947636,0.1462695003947636,0.8134404961004116,0.8134404961004116,0,0.0,0.0
181,0.3384390343766237,0.3384390343766237,0.5360369931081546,0.1378117669844145,0.1378117669844145,0.7663859149276059,0.7663859149276059,0,0.0,0.0
182,0.6071846036554331,0.6071846036554331,0.94563877012348,0.2430824115225542,0.2430824115225542,1.3519906181078254,1.3519906181078254,0,0.0,0.0
183,0.4191531216642813,0.4191531216642813,0.6809124068601456,0.175040391379028,0.175040391379028,0.9735083527099976,0.9735083527099976,0,0.0,0.0
184,0.2430946140578403,0.2430946140578403,0.3845772559167854,0.098871863048762,0.098871863048762,0.5498276834233136,0.5498276834233136,0,0.0,0.0
185,0.5347694783602648,0.5347694783602648,0.8323752513577177,0.2139911925544246,0.2139911925544246,1.1900958623020863,1.1900958623020863,0,0.0,0.0
186,0.3162551053255461,0.3162551053255461,0.4767701297609582,0.1225702988199402,0.1225702988199402,0.6816320045855186,0.6816320045855186,0,0.0,0.0
187,0.1888551816030479,0.1888551816030479,0.2937025768107545,0.0755076412910807,0.0755076412910807,0.4199272557415545,0.4199272557415545,0,0.0,0.0
188,2.54046436784628,2.54046436784628,4.107533658331646,0.945048049029714,0.945048049029714,5.645459623174421,5.645459623174421,1,434.94175246493967,31.763415774689605
189,2.45263436838675,2.45263436838675,3.99013577411638,0.9637381421259592,0.9637381421259592,5.572312134392244,5.572312134392244,1,198.3656957219506,20.303405209992857
190,7.497755631178091,7.497755631178091,12.160993138539355,2.6390411737145696,2.6390411737145696,16.757735654870856,16.757735654870856,1,1848.8788262039284,306.1258569815136
191,1.5493269836649233,1.5493269836649233,2.5168756528070526,0.6470086816196241,0.6470086816196241,3.5984075522168,3.5984075522168,0,0.0,0.0
192,0.4775266053622556,0.4775266053622556,0.7757396170331298,0.1994176681690479,0.1994176681690479,1.1090837742666186,1.1090837742666186,0,0.0,0.0
193,0.368887544100036,0.368887544100036,0.5992563664916174,0.1540495034641322,0.1540495034641322,0.8567650599722955,0.8567650599722955,0,0.0,0.0
194,0.2756515457507051,0.2756515457507051,0.4477948439762006,0.1151135688827601,0.1151135688827601,0.6402172126160249,0.6402172126160249,0,0.0,0.0
195,0.8277669257705607,0.8277669257705607,1.3447035666332725,0.345679969893013,0.345679969893013,1.922538618411216,1.922538618411216,0,0.0,0.0
196,0.1621492808766979,0.1621492808766979,0.2634105864110717,0.0677143212290103,0.0677143212290103,0.3766023263268169,0.3766023263268169,0,0.0,0.0
197,0.2119747276466613,0.2119747276466613,0.354286335204188,0.0910747545828652,0.0910747545828652,0.50653303524281,0.50653303524281,0,0.0,0.0
198,0.5367107131470289,0.5367107131470289,0.8718843190096952,0.2241331810830315,0.2241331810830315,1.246543318598741,1.246543318598741,0,0.0,0.0
199,0.908840252721696,0.908840252721696,1.4764076870651055,0.3795373199545585,0.3795373199545585,2.1108373822756583,2.1108373822756583,0,0.0,0.0
200,1.1074725348968677,1.1074725348968677,1.7990846782587768,0.4624873012848569,0.4624873012848569,2.572171868722802,2.572171868722802,0,0.0,0.0
201,0.5083350166015692,0.5083350166015692,0.8257883717039233,0.2122835387448283,0.2122835387448283,1.1806390851099675,1.1806390851099675,0,0.0,0.0
202,0.1856603299961985,0.1856603299961985,0.3016042999113016,0.0775329896406541,0.0775329896406541,0.4312074766052683,0.4312074766052683,0,0.0,0.0
203,1.1682782119808632,1.1682782119808632,1.897862746013797,0.4878794846133907,0.4878794846133907,2.713396319968112,2.713396319968112,0,0.0,0.0
204,0.9355952624378314,0.9355952624378314,1.519870666194061,0.3907098364503858,0.3907098364503858,2.172976495140056,2.172976495140056,0,0.0,0.0
205,1.1115263776549946,1.1115263776549946,1.805670264788932,0.4641799276508971,0.4641799276508971,2.58158795984616,2.58158795984616,0,0.0,0.0
206,0.7904725584599814,0.7904725584599814,1.2841194572699708,0.3301056158256545,0.3301056158256545,1.8359203412773,1.8359203412773,0,0.0,0.0
207,0.9672152202702832,0.9672152202702832,1.5712367827923694,0.4039145124287918,0.4039145124287918,2.246416792308457,2.246416792308457,0,0.0,0.0
208,1.344209106580552,1.344209106580552,2.183662210989515,0.5613494396708586,0.5613494396708586,3.122007838102013,3.122007838102013,0,0.0,0.0
209,0.3826693384040598,0.3826693384040598,0.6216452217780829,0.1598052487291453,0.1598052487291453,0.8887731210908428,0.8887731210908428,0,0.0,0.0
210,0.8277669257705607,0.8277669257705607,1.3447035666332725,0.345679969893013,0.345679969893013,1.922538618411216,1.922538618411216,0,0.0,0.0
211,0.2907080177706042,0.2907080177706042,0.4688685810964155,0.1205378024880492,0.1205378024880492,0.6703471592055895,0.6703471592055895,0,0.0,0.0
212,0.567762689455668,0.567762689455668,0.9204756953525606,0.2295284353599636,0.2295284353599636,1.3032811200032055,1.3032811200032055,1,17.760153505476907,4.375766651785836
213,0.3268547250991777,0.3268547250991777,0.541304247105897,0.1391503075598927,0.1391503075598927,0.7738876157146377,0.7738876157146377,0,0.0,0.0
214,0.2432677901629712,0.2432677901629712,0.4122359061411859,0.1059674765279045,0.1059674765279045,0.589382136484919,0.589382136484919,0,0.0,0.0
215,0.3152617876202483,0.3152617876202483,0.5057459499179443,0.1300135333757793,0.1300135333757793,0.723076529047332,0.723076529047332,0,0.0,0.0
216,0.2802812264180005,0.2802812264180005,0.4530652783520564,0.1164827011432941,0.1164827011432941,0.647780087201925,0.647780087201925,0,0.0,0.0
217,0.4110459974923007,0.4110459974923007,0.6677423367301503,0.1716554850524987,0.1716554850524987,0.9546792953899078,0.9546792953899078,0,0.0,0.0
218,0.1666670493914307,0.1666670493914307,0.2752645211378982,0.0707639067881836,0.0707639067881836,0.3935680217584566,0.3935680217584566,0,0.0,0.0
219,0.2212174712767936,0.2212174712767936,0.358238632278184,0.0920999883294834,0.0920999883294834,0.5121996971484258,0.5121996971484258,0,0.0,0.0
220,0.4087398614564029,0.4087398614564029,0.6769593188966702,0.1740461208283687,0.1740461208283687,0.9678361994316363,0.9678361994316363,0,0.0,0.0
221,1.1067015416288928,1.1067015416288928,1.8651740084984412,0.7867156193456116,0.7867156193456116,3.114571700879024,3.114571700879024,1,156.0739349038468,1171.4735463775662
222,0.9775527420536692,0.9775527420536692,1.6292693626001649,0.6914526705137345,0.6914526705137345,2.899537993164428,2.899537993164428,1,182.7967273581829,1023.8945331903606
223,1.032102242152393,1.032102242152393,1.7279651006617618,0.4442170260089221,0.4442170260089221,2.470511223045446,2.470511223045446,0,0.0,0.0
224,1.831902568390763,1.831902568390763,3.066077369977024,0.7881976529828473,0.7881976529828473,4.383517576410306,4.383517576410306,0,0.0,0.0
225,0.945934344959562,0.945934344959562,1.5830853541925902,0.4070160565252894,0.4070160565252894,2.2632907330405265,2.2632907330405265,0,0.0,0.0
226,0.5285807233084313,0.5285807233084313,0.8718852587491678,0.224137681225063,0.224137681225063,1.2465587395517743,1.2465587395517743,0,0.0,0.0
227,0.3270187027313874,0.3270187027313874,0.53999117520805,0.1388258322233993,0.1388258322233993,0.7720543105452324,0.7720543105452324,0,0.0,0.0
228,0.96397838992796,0.96397838992796,1.5936221135740511,0.4096754288747588,0.4096754288747588,2.2783572838742807,2.2783572838742807,0,0.0,0.0
229,0.9080090629812224,0.9080090629812224,1.5225042601044363,0.3914327731190387,0.3914327731190387,2.1767129516459987,2.1767129516459987,0,0.0,0.0
230,1.1470872676749786,1.1470872676749786,1.9189401080318016,0.4933219586074489,0.4933219586074489,2.743573022603652,2.743573022603652,0,0.0,0.0
231,0.7951570442211793,0.7951570442211793,1.3262638086545049,0.3409415032185392,0.3409415032185392,1.896142465524124,1.896142465524124,0,0.0,0.0
232,0.8014892453476798,0.8014892453476798,1.3210051454286735,0.3143997504544016,0.3143997504544016,1.9197957032547903,1.9197957032547903,1,112.11969288714856,27.97763629761166
233,0.5594862650949742,0.5594862650949742,0.9351038363044988,0.2403838297087991,0.2403838297087991,1.336944291348078,1.336944291348078,0,0.0,0.0
234,1.6956807108641208,1.6956807108641208,2.8156924800315006,0.6804441727041486,0.6804441727041486,4.07118703991725,4.07118703991725,1,191.41654785834103,50.04556903758002
235,0.6259469390637348,0.6259469390637348,1.0299318761133691,0.2648004316087406,0.2648004316087406,1.4725460549426317,1.4725460549426317,0,0.0,0.0
236,0.5223783825899494,0.5223783825899494,0.8653002648523717,0.2224707161638551,0.2224707161638551,1.2371224255169166,1.2371224255169166,0,0.0,0.0
237,0.2619275999571895,0.2619275999571895,0.418822840319107,0.1076618242139969,0.1076618242139969,0.5988233370536783,0.5988233370536783,0,0.0,0.0
238,1.061175454322644,1.061175454322644,1.7661632879097795,0.4540902397682078,0.4540902397682078,2.5251725666560576,2.5251725666560576,0,0.0,0.0
239,0.2488976791583839,0.2488976791583839,0.4043327354653718,0.1039407578086387,0.1039407578086387,0.5780789098733826,0.5780789098733826,0,0.0,0.0
240,0.5116251900900048,0.5116251900900048,0.85344577011866,0.219410882960036,0.219410882960036,1.2201729962037031,1.2201729962037031,0,0.0,0.0
241,0.2661051850333016,0.2661051850333016,0.4438438071133727,0.1140982452370999,0.1140982452370999,0.6345577539830225,0.6345577539830225,0,0.0,0.0
242,0.5706408283759418,0.5706408283759418,0.954861920127562,0.2454963745985862,0.2454963745985862,1.36523151518539,1.36523151518539,0,0.0,0.0
243,0.4341958403392517,0.4341958403392517,0.7204225457184332,0.1852026381658303,0.1852026381658303,1.029979376889985,1.029979376889985,0,0.0,0.0
244,1.813629109078659,1.813629109078659,2.946232840800634,0.7573825232124404,0.7573825232124404,4.212264602714429,4.212264602714429,0,0.0,0.0
245,1.2209765843118454,1.2209765843118454,1.9834717250419944,0.5098866501788398,0.5098866501788398,2.8357928445818703,2.8357928445818703,0,0.0,0.0
246,1.9117282309668944,1.9117282309668944,3.105594919669992,0.7983494913296705,0.7983494913296705,4.440106467544104,4.440106467544104,0,0.0,0.0
247,2.2541760323094078,2.2541760323094078,3.673685211329398,0.9136650295381356,0.9136650295381356,5.187727804349416,5.187727804349416,1,69.80901945314403,14.74766939876156
248,1.174763546236147,1.174763546236147,1.9083993623711617,0.4905885843823263,0.4905885843823263,2.728460523802811,2.728460523802811,0,0.0,0.0
249,1.6636400532067623,1.6636400532067623,2.702577059522564,0.6947462768338929,0.6947462768338929,3.86390543059297,3.86390543059297,0,0.0,0.0
250,1.7787659726113203,1.7787659726113203,2.8895986951230617,0.7428234816984459,0.7428234816984459,4.13129341445891,4.13129341445891,0,0.0,0.0
251,1.7041782405693848,1.7041782405693848,2.7684311621901,0.7116753922553674,0.7116753922553674,3.9580598782621097,3.9580598782621097,0,0.0,0.0
252,3.0023901933515025,3.0023901933515025,4.878005943668557,1.091407968427295,1.091407968427295,6.626909950967108,6.626909950967108,1,614.9273635042069,68.6022982495013
253,0.2132250012563518,0.2132250012563518,0.3463835575725262,0.0890441482752947,0.0890441482752947,0.4952287714348746,0.4952287714348746,0,0.0,0.0
254,0.2548473068438944,0.2548473068438944,0.4240896991214971,0.10903446738671,0.10903446738671,0.60633352671546,0.60633352671546,0,0.0,0.0
255,0.3072777958181423,0.3072777958181423,0.4938931697261521,0.1269718221265577,0.1269718221265577,0.7061380150018276,0.7061380150018276,0,0.0,0.0
256,0.3600389039093489,0.3600389039093489,0.5742313537776456,0.1476295718786745,0.1476295718786745,0.820965747635472,0.820965747635472,0,0.0,0.0
257,0.2122794966657004,0.2122794966657004,0.3397966375766132,0.0873591619224124,0.0873591619224124,0.4857982853611001,0.4857982853611001,0,0.0,0.0
258,0.1346523487056303,0.1346523487056303,0.2186305910512222,0.0562045686816327,0.0562045686816327,0.3125906382370942,0.3125906382370942,0,0.0,0.0
259,0.1158565885905258,0.1158565885905258,0.192289248773688,0.0494335791063265,0.0494335791063265,0.2749217830834742,0.2749217830834742,0,0.0,0.0
260,0.1719412742237338,0.1719412742237338,0.2805303827305648,0.0721192017638702,0.0721192017638702,0.4010723291616612,0.4010723291616612,0,0.0,0.0
261,0.1154768185028326,0.1154768185028326,0.1936047777480095,0.0497721857044541,0.0497721857044541,0.2767916649395091,0.2767916649395091,0,0.0,0.0
262,0.3802266525389966,0.3802266525389966,0.6071581467078215,0.1560844874301553,0.1560844874301553,0.8680634381456085,0.8680634381456085,0,0.0,0.0
263,0.1799846572849328,0.1799846572849328,0.2923843727112032,0.075162532010532,0.075162532010532,0.4180254547357793,0.4180254547357793,0,0.0,0.0
264,2.3417836489104307,2.3417836489104307,3.8095379635151336,0.9442256897429908,0.9442256897429908,5.377589785900232,5.377589785900232,1,103.15455339947827,14.599400356829785
265,0.9185699888085634,0.9185699888085634,1.49221338003952,0.3836005400937645,0.3836005400937645,2.133435441840709,2.133435441840709,0,0.0,0.0
266,2.540374025153906,2.540374025153906,4.133636113561635,0.926753050696196,0.926753050696196,5.6119679665875655,5.6119679665875655,1,503.1630124946517,53.16473402115594
267,2.254961431769874,2.254961431769874,3.671215119453035,0.913982699545189,0.913982699545189,5.18953216630616,5.18953216630616,1,75.97733183480202,9.930672321428752
268,2.9944826377988463,2.9944826377988463,4.883055037256053,1.0885338441626062,1.0885338441626062,6.609458293193652,6.609458293193652,1,624.6484809953965,87.8923680063604
269,0.8966797670629787,0.8966797670629787,1.456652728290616,0.3744590842545642,0.3744590842545642,2.082593204237357,2.082593204237357,0,0.0,0.0
270,1.4155541412589916,1.4155541412589916,2.2995621846038907,0.5911434605709236,0.5911434605709236,3.287711453616844,3.287711453616844,0,0.0,0.0
271,0.0846136051794589,0.0846136051794589,0.1409242210768867,0.0362290279970436,0.0362290279970436,0.2014828832358821,0.2014828832358821,0,0.0,0.0
272,0.2607873195200598,0.2607873195200598,0.4346244871073194,0.1117304519881498,0.1117304519881498,0.6213804551714287,0.6213804551714287,0,0.0,0.0
273,0.3345693032502392,0.3345693032502392,0.5518424071845237,0.1418731254165999,0.1418731254165999,0.7889808952226042,0.7889808952226042,0,0.0,0.0
274,0.1875967204339207,0.1875967204339207,0.3095062768423172,0.0795776243679815,0.0795776243679815,0.4425180672139217,0.4425180672139217,0,0.0,0.0
275,0.1097308308364728,0.1097308308364728,0.1830700975687101,0.0470654005841564,0.0470654005841564,0.261739767287625,0.261739767287625,0,0.0,0.0
276,0.2087657919971011,0.2087657919971011,0.347699997618384,0.0893871165965658,0.0893871165965658,0.4971151012041979,0.4971151012041979,0,0.0,0.0
277,0.2229253747212798,0.2229253747212798,0.3727257314598778,0.0958301980229569,0.0958301980229569,0.5329157653411768,0.5329157653411768,0,0.0,0.0
278,0.2038030473793118,0.2038030473793118,0.337164985556301,0.0866852152778974,0.0866852152778974,0.482068987885187,0.482068987885187,0,0.0,0.0
279,0.4176975084300005,0.4176975084300005,0.7054184811624203,0.1865394954158033,0.1865394954158033,0.9679545413524346,0.9679545413524346,0,0.0,0.0
280,0.1436782198425996,0.1436782198425996,0.2449707313885928,0.0629773829920518,0.0629773829920518,0.3502435132617394,0.3502435132617394,0,0.0,0.0
281,0.1287152717101089,0.1287152717101089,0.2146783821811974,0.055190996155525,0.055190996155525,0.3069216802529642,0.3069216802529642,0,0.0,0.0
282,0.2028268982842205,0.2028268982842205,0.3397970983454641,0.0873510380680779,0.0873510380680779,0.4858058464937892,0.4858058464937892,0,0.0,0.0
283,0.3736278653114647,0.3736278653114647,0.6269127014414944,0.1611634013495276,0.1611634013495276,0.8962770276144575,0.8962770276144575,0,0.0,0.0
284,0.1702561443947626,0.1702561443947626,0.2765804572745767,0.071100066706008,0.071100066706008,0.395430359813964,0.395430359813964,0,0.0,0.0
285,0.458182167536288,0.458182167536288,0.7256914307161497,0.1865702102065845,0.1865702102065845,1.037540036099042,1.037540036099042,0,0.0,0.0
286,0.6144937235571623,0.6144937235571623,0.981198789169734,0.2522568927097746,0.2522568927097746,1.4028292114575884,1.4028292114575884,0,0.0,0.0
287,0.157439641351649,0.157439641351649,0.25287333627503,0.0650156691527762,0.0650156691527762,0.3615486858417031,0.3615486858417031,0,0.0,0.0
288,0.2088247776084124,0.2088247776084124,0.3411152798006429,0.0877066569837807,0.0877066569837807,0.4877035324101614,0.4877035324101614,0,0.0,0.0
289,0.8180262469198267,0.8180262469198267,1.3091492260544564,0.3365919581272546,0.3365919581272546,1.8717804798106408,1.8717804798106408,0,0.0,0.0
290,0.2146976287208276,0.2146976287208276,0.3463845786213613,0.0890511766429952,0.0890511766429952,0.4952455266597314,0.4952455266597314,0,0.0,0.0
291,2.9584851762155733,2.9584851762155733,4.989547448300067,2.0967860659014117,2.0967860659014117,8.792145537659382,8.792145537659382,1,571.6517307025962,3170.6205325539536
292,0.4548033904179098,0.4548033904179098,0.7349124255300857,0.1889538013775548,0.1889538013775548,1.050722357264556,1.050722357264556,0,0.0,0.0
293,0.7152105996315891,0.7152105996315891,1.1655810936662827,0.2996488822319167,0.2996488822319167,1.6663835977394943,1.6663835977394943,0,0.0,0.0
294,0.4932040938228677,0.4932040938228677,0.7941808278001038,0.2041649441914482,0.2041649441914482,1.135472321830338,1.135472321830338,0,0.0,0.0
295,0.3395443292798024,0.3395443292798024,0.5531600669860327,0.1422139853912696,0.1422139853912696,0.7908715183031437,0.7908715183031437,0,0.0,0.0
296,0.5490596124376731,0.5490596124376731,0.8929583839816738,0.2295510285639944,0.2295510285639944,1.276701854811303,1.276701854811303,0,0.0,0.0
297,0.1248812551724149,0.1248812551724149,0.2001911317754493,0.0514686844000007,0.0514686844000007,0.2862218479490252,0.2862218479490252,0,0.0,0.0
298,0.3045075475048687,0.3045075475048687,0.4886259256988095,0.125622800958968,0.125622800958968,0.6986177603792707,0.6986177603792707,0,0.0,0.0
299,0.7718255954221663,0.7718255954221663,1.253827239644977,0.3223185749350188,0.3223185749350188,1.7926111492825447,1.7926111492825447,0,0.0,0.0
300,0.4748916446792944,0.4748916446792944,0.7731080312413233,0.1987804822341436,0.1987804822341436,1.1053578096821537,1.1053578096821537,0,0.0,0.0
301,0.3544855275504429,0.3544855275504429,0.5742320047634618,0.1476323936545425,0.1476323936545425,0.8209764301937952,0.8209764301937952,0,0.0,0.0
302,0.4807528780300467,0.4807528780300467,0.783641375648004,0.2014481820762049,0.2014481820762049,1.1203615831222624,1.1203615831222624,0,0.0,0.0
303,0.5117742851819389,0.5117742851819389,0.8323748632739285,0.21400733081392,0.21400733081392,1.190089493917856,1.190089493917856,0,0.0,0.0
304,0.4652433083566747,0.4652433083566747,0.761253324528079,0.195710240474509,0.195710240474509,1.0883786973964806,1.0883786973964806,0,0.0,0.0
305,0.5403856624575101,0.5403856624575101,0.870565287330595,0.2238070254239961,0.2238070254239961,1.2446301832574898,1.2446301832574898,0,0.0,0.0
306,0.4016029992026637,0.4016029992026637,0.6519381430330494,0.1676085696082827,0.1676085696082827,0.932099100410312,0.932099100410312,0,0.0,0.0
307,0.7092029915453097,0.7092029915453097,1.1576879649341592,0.2976087750572466,0.2976087750572466,1.6552167070566952,1.6552167070566952,0,0.0,0.0
308,0.4907669739048222,0.4907669739048222,0.7810108209225284,0.2008067124228555,0.2008067124228555,1.1166517894499648,1.1166517894499648,0,0.0,0.0
309,0.4552512460940124,0.4552512460940124,0.742813698212791,0.1909902474536783,0.1909902474536783,1.0620019251349568,1.0620019251349568,0,0.0,0.0
310,0.3418780005707769,0.3418780005707769,0.5373543156355205,0.1381463541408108,0.1381463541408108,0.7682522859531964,0.7682522859531964,0,0.0,0.0
311,0.1922394601114939,0.1922394601114939,0.300287123117627,0.0771988956301605,0.0771988956301605,0.4293307691783891,0.4293307691783891,0,0.0,0.0
312,0.3104638655840767,0.3104638655840767,0.4780872930741796,0.1229103613666848,0.1229103613666848,0.6835272082485251,0.6835272082485251,0,0.0,0.0
313,0.4622745297201501,0.4622745297201501,0.715155647317452,0.1838547411165322,0.1838547411165322,1.0224558095580258,1.0224558095580258,0,0.0,0.0
314,0.3523541754186329,0.3523541754186329,0.5492075894670336,0.1411839072653725,0.1411839072653725,0.7851996492342351,0.7851996492342351,0,0.0,0.0
315,0.4588723071467824,0.4588723071467824,0.7112035342023545,0.1828450144480254,0.1828450144480254,1.0168018994571673,1.0168018994571673,0,0.0,0.0
316,0.2288039025086916,0.2288039025086916,0.3529676191822585,0.0907330868700932,0.0907330868700932,0.5046370589447401,0.5046370589447401,0,0.0,0.0
317,0.3165205752570686,0.3165205752570686,0.4938924161405008,0.1269813970123902,0.1269813970123902,0.7061256487988992,0.7061256487988992,0,0.0,0.0
318,0.2733290376301258,0.2733290376301258,0.4267250876435973,0.1097084522184276,0.1097084522184276,0.6101256368990795,0.6101256368990795,0,0.0,0.0
319,0.5643638930381742,0.5643638930381742,0.891643297269581,0.2292342086015121,0.2292342086015121,1.2748399790955776,1.2748399790955776,0,0.0,0.0
320,0.4383437579198221,0.4383437579198221,0.6927650486336663,0.1781075922550613,0.1781075922550613,0.9904348622641114,0.9904348622641114,0,0.0,0.0
321,0.3286721545533732,0.3286721545533732,0.5057464645002634,0.130034741551902,0.130034741551902,0.723084973249172,0.723084973249172,0,0.0,0.0
322,0.2734286061382818,0.2734286061382818,0.4319928592796259,0.1110618494041967,0.1110618494041967,0.6176493085983131,0.6176493085983131,0,0.0,0.0
323,0.518514586183004,0.518514586183004,0.8192053528672394,0.2106114546270389,0.2106114546270389,1.1712703702530014,1.1712703702530014,0,0.0,0.0
324,0.5176808552644162,0.5176808552644162,0.8178880878023395,0.2102730493297026,0.2102730493297026,1.1693862247279647,1.1693862247279647,0,0.0,0.0
325,0.4239586844689861,0.4239586844689861,0.6769605605065551,0.1740403379988869,0.1740403379988869,0.9678565740231436,0.9678565740231436,0,0.0,0.0
326,0.3002114718537432,0.3002114718537432,0.476771156268131,0.1225685809693632,0.1225685809693632,0.6816488493807116,0.6816488493807116,0,0.0,0.0
327,0.3963903802130999,0.3963903802130999,0.633498940403406,0.1628525998273729,0.1628525998273729,0.9057165528883572,0.9057165528883572,0,0.0,0.0
328,0.5399768999535767,0.5399768999535767,0.8587182219679322,0.2207470452619556,0.2207470452619556,1.2277772128370872,1.2277772128370872,0,0.0,0.0
329,0.6719433514019769,0.6719433514019769,1.0549509697480937,0.271195014776139,0.271195014776139,1.5082265240304502,1.5082265240304502,0,0.0,0.0
330,0.2113319644711862,0.2113319644711862,0.3371638659534063,0.0866833036659859,0.0866833036659859,0.4820506154062005,0.4820506154062005,0,0.0,0.0
331,0.5624570338586177,0.5624570338586177,0.891640850435738,0.2292146257896595,0.2292146257896595,1.2747998269990612,1.2747998269990612,0,0.0,0.0
332,0.319278284349372,0.319278284349372,0.5044303008776809,0.129684826266493,0.129684826266493,0.7212166560977455,0.7212166560977455,0,0.0,0.0
333,1.443783238844123,1.443783238844123,2.261201395243079,0.5087055339794829,0.5087055339794829,3.078117135532679,3.078117135532679,1,268.9247371024384,17.806151663298323
334,0.4768116831505196,0.4768116831505196,0.753353468697759,0.1936683722269418,0.1936683722269418,1.0771223798147798,1.0771223798147798,0,0.0,0.0
335,1.01785571030053,1.01785571030053,1.608118632755594,0.413434997322378,0.413434997322378,2.2992309273357665,2.2992309273357665,0,0.0,0.0
336,0.5364779890565124,0.5364779890565124,0.8415907799790079,0.2163362336787757,0.2163362336787757,1.2032064529946072,1.2032064529946072,0,0.0,0.0
337,0.4930675519014245,0.4930675519014245,0.7783772908313692,0.2001056108752843,0.2001056108752843,1.1129088932266644,1.1129088932266644,0,0.0,0.0
338,0.5235155493070182,0.5235155493070182,0.8271071768716663,0.2126430326940722,0.2126430326940722,1.1825679695870652,1.1825679695870652,0,0.0,0.0
339,0.6758899007690782,0.6758899007690782,1.0733926121807629,0.2759473771339849,0.2759473771339849,1.534649108274451,1.534649108274451,0,0.0,0.0
340,0.535766731570062,0.535766731570062,0.8876909082833114,0.228200580850197,0.228200580850197,1.2691628245513933,1.2691628245513933,0,0.0,0.0
341,0.7379892022346893,0.7379892022346893,1.2432943791854,0.3196320894302011,0.3196320894302011,1.7775951024823768,1.7775951024823768,0,0.0,0.0
342,0.312609446865786,0.312609446865786,0.4938940189001664,0.1269761900088448,0.1269761900088448,0.7061519497922508,0.7061519497922508,0,0.0,0.0
343,0.4175970124270423,0.4175970124270423,0.6848633137020808,0.1760589387420473,0.1760589387420473,0.9791289915259948,0.9791289915259948,0,0.0,0.0
344,0.5619453532024076,0.5619453532024076,0.9272042102710614,0.238363347387269,0.238363347387269,1.325688001201756,1.325688001201756,0,0.0,0.0
345,0.4238396256060165,0.4238396256060165,0.6888171578204759,0.1770895848491546,0.1770895848491546,0.9848494906684558,0.9848494906684558,0,0.0,0.0
346,0.5638293035365978,0.5638293035365978,0.9285189916315713,0.2387066122924956,0.2387066122924956,1.3275471122417342,1.3275471122417342,0,0.0,0.0
347,0.7541016536439471,0.7541016536439471,1.2722659511277563,0.3270647498204057,0.3270647498204057,1.8189661710291205,1.8189661710291205,0,0.0,0.0
348,0.3060518836893047,0.3060518836893047,0.5070632232634854,0.1303600555940484,0.1303600555940484,0.7249630565497717,0.7249630565497717,0,0.0,0.0
349,0.9189511643860488,0.9189511643860488,1.5225079946091484,0.3914188628645791,0.3914188628645791,2.176774234186402,2.176774234186402,0,0.0,0.0
350,0.2066082575922019,0.2066082575922019,0.329261195166225,0.084645639146319,0.084645639146319,0.4707428640112443,0.4707428640112443,0,0.0,0.0
351,0.2286687364848885,0.2286687364848885,0.3608709312562021,0.0927709075226906,0.0927709075226906,0.5159500928529023,0.5159500928529023,0,0.0,0.0
352,0.4393197308432875,0.4393197308432875,0.6940849231048266,0.1784437024521411,0.1784437024521411,0.9923775503253736,0.9923775503253736,0,0.0,0.0
353,0.1998379888735652,0.1998379888735652,0.3187242779733036,0.0819408374584931,0.0819408374584931,0.4556722261244172,0.4556722261244172,0,0.0,0.0
354,0.6402234945140952,0.6402234945140952,1.0114946877242088,0.2600471414073599,0.2600471414073599,1.446199555530703,1.446199555530703,0,0.0,0.0
355,0.818619635311334,0.818619635311334,1.293343851261455,0.3325085051138626,0.3325085051138626,1.84917715977344,1.84917715977344,0,0.0,0.0
356,0.1834909684415441,0.1834909684415441,0.2910672359904717,0.0748276575828745,0.0748276575828745,0.4161351796381738,0.4161351796381738,0,0.0,0.0
357,0.2067388702358058,0.2067388702358058,0.3266287359069856,0.0839736699155306,0.0839736699155306,0.4670025659857874,0.4670025659857874,0,0.0,0.0
358,0.3513478823939824,0.3513478823939824,0.5584263526347781,0.1435668513894866,0.1435668513894866,0.798382784389252,0.798382784389252,0,0.0,0.0
359,0.2295589668786148,0.2295589668786148,0.3674547224141897,0.0944698077588857,0.0944698077588857,0.5253389683407133,0.5253389683407133,0,0.0,0.0
360,0.3446919409977734,0.3446919409977734,0.5465763351154633,0.1405214252570586,0.1405214252570586,0.7814738826381348,0.7814738826381348,0,0.0,0.0
361,0.5195852430170779,0.5195852430170779,0.8336930076037421,0.214307205618909,0.214307205618909,1.1919730940611335,1.1919730940611335,0,0.0,0.0
362,0.5009083647929321,0.5009083647929321,0.7994500348249631,0.2055257415739547,0.2055257415739547,1.1430285323731593,1.1430285323731593,0,0.0,0.0
363,0.739858982374023,0.739858982374023,1.1853377228360993,0.3047141766728304,0.3047141766728304,1.6946402126893367,1.6946402126893367,0,0.0,0.0
364,0.2946663938561317,0.2946663938561317,0.4715028303035098,0.1212257008251424,0.1212257008251424,0.674129557813005,0.674129557813005,0,0.0,0.0
365,0.6160477704365181,0.6160477704365181,0.9732994950485574,0.2502278718159981,0.2502278718159981,1.39158810100375,1.39158810100375,0,0.0,0.0
366,0.4105669399424368,0.4105669399424368,0.6611593837623573,0.1699918538567829,0.1699918538567829,0.9452921952833804,0.9452921952833804,0,0.0,0.0
367,0.4430542497177984,0.4430542497177984,0.7019886024755676,0.1804683529051428,0.1804683529051428,1.0036876271318416,1.0036876271318416,0,0.0,0.0
368,0.1254284166882894,0.1254284166882894,0.2015084524146876,0.051802962704863,0.051802962704863,0.2880919314803272,0.2880919314803272,0,0.0,0.0
369,0.2359626601957965,0.2359626601957965,0.3766734545164401,0.096830757142731,0.096830757142731,0.5385208450186093,0.5385208450186093,0,0.0,0.0
370,0.190994684136255,0.190994684136255,0.3081907081617724,0.0792327413755243,0.0792327413755243,0.440644538988109,0.440644538988109,0,0.0,0.0
371,0.4926566871823167,0.4926566871823167,0.7862803679408876,0.2021397494386385,0.2021397494386385,1.1241986052657706,1.1241986052657706,0,0.0,0.0
372,0.4713267107188564,0.4713267107188564,0.7573004819891003,0.19469882422279,0.19469882422279,1.0827060793017,1.0827060793017,0,0.0,0.0
373,0.6392391510220901,0.6392391510220901,1.0207118767674024,0.2624154690099998,0.2624154690099998,1.459322419484959,1.459322419484959,0,0.0,0.0
374,0.71562607392189,0.71562607392189,1.1669044862729363,0.2999587901872186,0.2999587901872186,1.6683630542076795,1.6683630542076795,0,0.0,0.0
375,0.2459195252853501,0.2459195252853501,0.3885302381796706,0.0998878990762671,0.0998878990762671,0.5555063378512969,0.5555063378512969,0,0.0,0.0
376,0.2823512351408927,0.2823512351408927,0.4556977267334193,0.1171485422648813,0.1171485422648813,0.6515037353693547,0.6515037353693547,0,0.0,0.0
377,0.3259473075109179,0.3259473075109179,0.5149664227030502,0.1323935739680529,0.1323935739680529,0.7362802317316685,0.7362802317316685,0,0.0,0.0
378,0.4575152906851245,0.4575152906851245,0.7586182766431514,0.1950278816025599,0.1950278816025599,1.084610894454568,1.084610894454568,0,0.0,0.0
379,0.4443719811586969,0.4443719811586969,0.7322773237461632,0.1882508602053443,0.1882508602053443,1.0469499263664517,1.0469499263664517,0,0.0,0.0
380,0.3219299791211841,0.3219299791211841,0.5347202659862901,0.1374718168254671,0.1374718168254671,0.7644971203871677,0.7644971203871677,0,0.0,0.0
381,0.1496480083944947,0.1496480083944947,0.2370690038637308,0.0609451714518069,0.0609451714518069,0.3389504919312128,0.3389504919312128,0,0.0,0.0
382,0.4091063715723848,0.4091063715723848,0.6716928592302881,0.1726736439496964,0.1726736439496964,0.9603198316542378,0.9603198316542378,0,0.0,0.0
383,0.2515692288976702,0.2515692288976702,0.404333301461885,0.1039541711649174,0.1039541711649174,0.5780881977727754,0.5780881977727754,0,0.0,0.0
384,0.4367994000127539,0.4367994000127539,0.683547692297645,0.1757352433075822,0.1757352433075822,0.9772867921274596,0.9772867921274596,0,0.0,0.0
385,0.1003583318020959,0.1003583318020959,0.1619971822218418,0.0416457290610452,0.0416457290610452,0.2316083318902348,0.2316083318902348,0,0.0,0.0
386,0.1267107376663736,0.1267107376663736,0.2001913539454998,0.0514677847473574,0.0514677847473574,0.286225493718982,0.286225493718982,0,0.0,0.0
387,0.5447706421166536,0.5447706421166536,0.8745169902117503,0.2248071375627354,0.2248071375627354,1.2502885919629485,1.2502885919629485,0,0.0,0.0
388,0.1754987749111351,0.1754987749111351,0.2818477473791126,0.0724598025732835,0.0724598025732835,0.4029708367006174,0.4029708367006174,0,0.0,0.0
389,0.1134719991070681,0.1134719991070681,0.1830705220159069,0.047064988252722,0.047064988252722,0.2617467323886049,0.2617467323886049,0,0.0,0.0
390,0.170944714761045,0.170944714761045,0.275263781056204,0.0707638820193312,0.0707638820193312,0.3935558771530014,0.3935558771530014,0,0.0,0.0
391,0.2473144850308691,0.2473144850308691,0.3964316256206627,0.1019067899352962,0.1019067899352962,0.5667937784676249,0.5667937784676249,0,0.0,0.0
392,0.5060515047453069,0.5060515047453069,0.7217416047961536,0.1855467052710072,0.1855467052710072,1.0318862235563238,1.0318862235563238,0,0.0,0.0
393,0.371140574554046,0.371140574554046,0.5452588314678609,0.1401735546586131,0.1401735546586131,0.7795970524834945,0.7795970524834945,0,0.0,0.0
394,0.1526558787390409,0.1526558787390409,0.2173120145190999,0.0558692992220733,0.0558692992220733,0.3106984483371078,0.3106984483371078,0,0.0,0.0
395,0.3126418647782319,0.3126418647782319,0.4504301492639773,0.1157948925931263,0.1157948925931263,0.6439847473041534,0.6439847473041534,0,0.0,0.0
396,0.4561016448550509,0.4561016448550509,0.6532562989437513,0.1679429049656332,0.1679429049656332,0.9339843879896392,0.9339843879896392,0,0.0,0.0
397,0.1767282664376666,0.1767282664376666,0.2792146143141511,0.0717843055158875,0.0717843055158875,0.3992104972713057,0.3992104972713057,0,0.0,0.0
398,0.2326655061770093,0.2326655061770093,0.3700894731375965,0.0951517653827666,0.0951517653827666,0.5291123766871484,0.5291123766871484,0,0.0,0.0
399,0.306538123834877,0.306538123834877,0.4820404657625456,0.1239298751789555,0.1239298751789555,0.6892015005447832,0.6892015005447832,0,0.0,0.0
400,0.2667597274882198,0.2667597274882198,0.4214563291545492,0.1083531884384295,0.1083531884384295,0.602583525028317,0.602583525028317,0,0.0,0.0
401,0.2895405167313185,0.2895405167313185,0.455699695328947,0.1171552749536553,0.1171552749536553,0.6515360396623712,0.6515360396623712,0,0.0,0.0
402,0.1831527844086365,0.1831527844086365,0.2910672576988325,0.0748253359474939,0.0748253359474939,0.4161355358683882,0.4161355358683882,0,0.0,0.0
403,0.3504020999199039,0.3504020999199039,0.5518419251568274,0.1418775763820785,0.1418775763820785,0.7889729852361965,0.7889729852361965,0,0.0,0.0
404,0.5997670025552165,0.5997670025552165,0.9298353896994735,0.2390757645050225,0.2390757645050225,1.329412538322566,1.329412538322566,0,0.0,0.0
405,0.5389126852226742,0.5389126852226742,0.8573960868405706,0.2204278269485843,0.2204278269485843,1.225829621830883,1.225829621830883,0,0.0,0.0
406,0.3351172554173152,0.3351172554173152,0.5294543685801658,0.1361183767014726,0.1361183767014726,0.7569952200832711,0.7569952200832711,0,0.0,0.0
407,0.551859454134242,0.551859454134242,0.8718873917410611,0.224155044371372,0.224155044371372,1.246593741559264,1.246593741559264,0,0.0,0.0
408,0.442655025873559,0.442655025873559,0.699354028060171,0.1797985465293101,0.1797985465293101,0.999911871082377,0.999911871082377,0,0.0,0.0
409,0.1583838802647139,0.1583838802647139,0.252872153211209,0.0650058233805489,0.0650058233805489,0.3615292719804648,0.3615292719804648,0,0.0,0.0
410,0.2059048713063057,0.2059048713063057,0.3253109978240961,0.0836351037580447,0.0836351037580447,0.4651173966033196,0.4651173966033196,0,0.0,0.0
411,0.4290695807543901,0.4290695807543901,0.678278878502755,0.1743612832430113,0.1743612832430113,0.9697475161874436,0.9697475161874436,0,0.0,0.0
412,0.3989701703836515,0.3989701703836515,0.6282300922452817,0.1615149559235003,0.1615149559235003,0.8981722208664471,0.8981722208664471,0,0.0,0.0
413,0.5158328904162295,0.5158328904162295,0.8192028262669482,0.2106009827881112,0.2106009827881112,1.171228909203636,1.171228909203636,0,0.0,0.0
414,0.4696973879994049,0.4696973879994049,0.7349115890644725,0.1889381274268463,0.1889381274268463,1.050708631016661,1.050708631016661,0,0.0,0.0
415,0.3909701587645185,0.3909701587645185,0.617697255754393,0.158805289290464,0.158805289290464,0.8831618082734838,0.8831618082734838,0,0.0,0.0
416,0.5268503083154652,0.5268503083154652,0.8323755182910475,0.2139975550509421,0.2139975550509421,1.1901002426292069,1.1901002426292069,0,0.0,0.0
417,0.0933667149143484,0.0933667149143484,0.1475104803981876,0.0379237022915919,0.0379237022915919,0.2109062712495132,0.2109062712495132,0,0.0,0.0
418,0.1533870361449379,0.1533870361449379,0.2423373557347893,0.0623028990941917,0.0623028990941917,0.3464851825771808,0.3464851825771808,0,0.0,0.0
419,0.1703481887952517,0.1703481887952517,0.2686783378660191,0.0690776347261148,0.0690776347261148,0.3841518712852897,0.3841518712852897,0,0.0,0.0
420,0.2245098959251126,0.2245098959251126,0.3516524658216621,0.090399388075442,0.090399388075442,0.5027666025600934,0.5027666025600934,0,0.0,0.0
421,0.1012879596721052,0.1012879596721052,0.1593630273141373,0.0409698134960173,0.0409698134960173,0.2278424546769127,0.2278424546769127,0,0.0,0.0
422,0.3243335627668911,0.3243335627668911,0.5096958721814097,0.131034136971834,0.131034136971834,0.7286974824646286,0.7286974824646286,0,0.0,0.0
423,0.5258680874281781,0.5258680874281781,0.8350067211174497,0.214661630336677,0.214661630336677,1.193806446258851,1.193806446258851,0,0.0,0.0
424,0.2823001120104437,0.2823001120104437,0.4425269601522364,0.1137657167022192,0.1137657167022192,0.632684212954081,0.632684212954081,0,0.0,0.0
425,0.4671193326186338,0.4671193326186338,0.770471911728142,0.198079973818836,0.198079973818836,1.101560442349636,1.101560442349636,0,0.0,0.0
426,0.1279705032968935,0.1279705032968935,0.2133617272877394,0.0548545167882523,0.0548545167882523,0.3050542858112284,0.3050542858112284,0,0.0,0.0
427,0.5535815848275923,0.5535815848275923,0.8916439864979103,0.2292395717560037,0.2292395717560037,1.274851289206595,1.274851289206595,0,0.0,0.0
428,0.5831213144610217,0.5831213144610217,0.9272036533630466,0.2383995860659031,0.2383995860659031,1.325678862442932,1.325678862442932,0,0.0,0.0
429,0.3266815223046914,0.3266815223046914,0.5320869149085857,0.1367758578499125,0.1367758578499125,0.7607264651273171,0.7607264651273171,0,0.0,0.0
430,0.4238075819808944,0.4238075819808944,0.6743279591613162,0.1733393025492526,0.1733393025492526,0.9641034626214878,0.9641034626214878,0,0.0,0.0
431,0.3604160513599502,0.3604160513599502,0.5716009231540092,0.14695667094437,0.14695667094437,0.8172647287329857,0.8172647287329857,0,0.0,0.0
432,0.353726322601421,0.353726322601421,0.575547864193961,0.1479582399999383,0.1479582399999383,0.8228524834732203,0.8228524834732203,0,0.0,0.0
433,0.4659964830107239,0.4659964830107239,0.7362310552599569,0.1892790891030364,0.1892790891030364,1.0526371323694317,1.0526371323694317,0,0.0,0.0
434,0.2212762368468956,0.2212762368468956,0.3582377681376967,0.0920918856608408,0.0920918856608408,0.5121855167608578,0.5121855167608578,0,0.0,0.0
435,0.239506475170848,0.239506475170848,0.3714089410034292,0.0954832645231466,0.0954832645231466,0.5310281775855193,0.5310281775855193,0,0.0,0.0
436,0.3144597548339486,0.3144597548339486,0.4925756011801885,0.1266450001016828,0.1266450001016828,0.7042511355018127,0.7042511355018127,0,0.0,0.0
437,0.53679361138265,0.53679361138265,0.8718830956085016,0.224130658223095,0.224130658223095,1.246523242808636,1.246523242808636,0,0.0,0.0
438,0.5560279852277531,0.5560279852277531,0.8784734744979206,0.2258489967336974,0.2258489967336974,1.256011237390944,1.256011237390944,0,0.0,0.0
439,0.2546055280960399,0.2546055280960399,0.4109173403425854,0.105636649275682,0.105636649275682,0.5874818870429748,0.5874818870429748,0,0.0,0.0
440,0.2376683615237033,0.2376683615237033,0.3687733355534559,0.0947947322820707,0.0947947322820707,0.5272414920301693,0.5272414920301693,0,0.0,0.0
441,0.300105317139242,0.300105317139242,0.4741388345371915,0.121897211346973,0.121897211346973,0.6779078133778695,0.6779078133778695,0,0.0,0.0
442,0.1892326641751228,0.1892326641751228,0.2989697698201071,0.0768624450379087,0.0768624450379087,0.4274556575431178,0.4274556575431178,0,0.0,0.0
443,0.6092226612610149,0.6092226612610149,0.9627577905965228,0.2474853635549872,0.2474853635549872,1.3764299206941428,1.3764299206941428,0,0.0,0.0
444,0.2652722848748226,0.2652722848748226,0.4175040420181528,0.1073352991266564,0.1073352991266564,0.5969252618739275,0.5969252618739275,0,0.0,0.0
445,0.8094489657051521,0.8094489657051521,1.2788551651255182,0.3287832692162322,0.3287832692162322,1.828461254378548,1.828461254378548,0,0.0,0.0
446,0.3680739515312584,0.3680739515312584,0.5768648909168149,0.1483102307417113,0.1483102307417113,0.8247327178486733,0.8247327178486733,0,0.0,0.0
447,0.369470940020507,0.369470940020507,0.5808172713418601,0.1493220453802468,0.1493220453802468,0.830402244925629,0.830402244925629,0,0.0,0.0
448,0.297716798262261,0.297716798262261,0.4688684343858746,0.1205449604003108,0.1205449604003108,0.6703447517123388,0.6703447517123388,0,0.0,0.0
449,0.3824684665778537,0.3824684665778537,0.6005720301836698,0.1543894403136897,0.1543894403136897,0.8586296655425328,0.8586296655425328,0,0.0,0.0
450,0.6332595939163527,0.6332595939163527,0.989408043647909,0.2231392014865415,0.2231392014865415,1.3495586110393425,1.3495586110393425,1,131.03211163388664,11.18409741918043
451,1.765448900822285,1.765448900822285,2.7648512356282158,0.5934220842040798,0.5934220842040798,3.667747456091568,3.667747456091568,1,447.1669924362848,50.62019884187672
452,0.6563835560745825,0.6563835560745825,1.029929219179573,0.2647912377760586,0.2647912377760586,1.472502455144293,1.472502455144293,0,0.0,0.0
453,0.6518937076440914,0.6518937076440914,1.02993276717442,0.2647876033279836,0.2647876033279836,1.4725606770916189,1.4725606770916189,0,0.0,0.0
454,0.7652670795206816,0.7652670795206816,1.2090513658304338,0.3108373011283131,0.3108373011283131,1.7286588593215435,1.7286588593215435,0,0.0,0.0
455,0.4913714556813761,0.4913714556813761,0.771790416854502,0.1984223476050771,0.1984223476050771,1.1034484657024255,1.1034484657024255,0,0.0,0.0
456,0.6149947370194802,0.6149947370194802,1.0286125344218084,0.2644506559021776,0.2644506559021776,1.4706143557910123,1.4706143557910123,0,0.0,0.0
457,0.5062242983297754,0.5062242983297754,0.8350084521315196,0.2146581453334373,0.2146581453334373,1.1938348518697028,1.1938348518697028,0,0.0,0.0
458,0.8202215445879182,0.8202215445879182,1.327582055668688,0.3413222277671109,0.3413222277671109,1.8980487142407412,1.8980487142407412,0,0.0,0.0
459,0.2565561480954961,0.2565561480954961,0.4135542384239262,0.1063289850936818,0.1063289850936818,0.5912837948596689,0.5912837948596689,0,0.0,0.0
460,0.4415817014259728,0.4415817014259728,0.7322781443607184,0.1882704718983628,0.1882704718983628,1.0469633924953632,1.0469633924953632,0,0.0,0.0
461,0.6741299331764268,0.6741299331764268,1.136612532528812,0.2922002221995012,0.2922002221995012,1.6250566950539238,1.6250566950539238,0,0.0,0.0
462,0.6776795955895525,0.6776795955895525,1.140563132059411,0.2932433334199598,0.2932433334199598,1.63069624928036,1.63069624928036,0,0.0,0.0
463,0.535939301957283,0.535939301957283,0.8942756306728418,0.2299119235107217,0.2299119235107217,1.2785827040349715,1.2785827040349715,0,0.0,0.0
464,0.7748472535018975,0.7748472535018975,1.2525155065007747,0.3220206983755153,0.3220206983755153,1.7908117919825863,1.7908117919825863,0,0.0,0.0
465,0.4095666146518504,0.4095666146518504,0.6532539930443924,0.1679344118175562,0.1679344118175562,0.9339465486023644,0.9339465486023644,0,0.0,0.0
466,1.28560568783546,1.28560568783546,2.051966493638387,0.527603289103423,0.527603289103423,2.933855951632175,2.933855951632175,0,0.0,0.0
467,0.1405343352829887,0.1405343352829887,0.2212644389718413,0.0568815859327555,0.0568815859327555,0.3163365038900809,0.3163365038900809,0,0.0,0.0
468,0.6466979795540223,0.6466979795540223,1.037836196038918,0.2668417581340874,0.2668417581340874,1.483871135324038,1.483871135324038,0,0.0,0.0
469,0.3483456493252492,0.3483456493252492,0.563694117850427,0.1449040706402307,0.1449040706402307,0.8058981150541245,0.8058981150541245,0,0.0,0.0
470,0.2222197248831759,0.2222197248831759,0.3569211830900057,0.0917674761237139,0.0917674761237139,0.510313278892092,0.510313278892092,0,0.0,0.0
471,0.4643011304224906,0.4643011304224906,0.7441310607868536,0.1912845282012122,0.1912845282012122,1.063897403840366,1.063897403840366,0,0.0,0.0
472,0.1668896895348404,0.1668896895348404,0.2699954158349533,0.0694144031881129,0.0694144031881129,0.3860292031099699,0.3860292031099699,0,0.0,0.0
473,0.1118417534830329,0.1118417534830329,0.1791187341063649,0.0460485228190772,0.0460485228190772,0.2560951640599195,0.2560951640599195,0,0.0,0.0
474,0.1597624337334504,0.1597624337334504,0.2581414160888481,0.0663611818255918,0.0663611818255918,0.3690691790050732,0.3690691790050732,0,0.0,0.0
475,0.2960989483473628,0.2960989483473628,0.4780881979704046,0.1229160949162723,0.1229160949162723,0.6835420574303195,0.6835420574303195,0,0.0,0.0
476,0.1526419622958741,0.1526419622958741,0.2423359125796647,0.0622983674606417,0.0622983674606417,0.3464615006651723,0.3464615006651723,0,0.0,0.0
477,0.3364739190303502,0.3364739190303502,0.5255018912485665,0.1350969761607068,0.1350969761607068,0.7513166158083685,0.7513166158083685,0,0.0,0.0
478,0.4902014145890612,0.4902014145890612,0.7783729158081094,0.2001024932801216,0.2001024932801216,1.1128370998940242,1.1128370998940242,0,0.0,0.0
479,0.4806481817380128,0.4806481817380128,0.7599364715211531,0.1953542979518505,0.1953542979518505,1.0865102980426076,1.0865102980426076,0,0.0,0.0
480,0.2200766897144616,0.2200766897144616,0.3477008915623035,0.0893910291666198,0.0893910291666198,0.4971297706607039,0.4971297706607039,0,0.0,0.0
481,0.4651623807362161,0.4651623807362161,0.7349144298743321,0.1889404609178769,0.1889404609178769,1.0507552481875388,1.0507552481875388,0,0.0,0.0
482,0.4447880202766597,0.4447880202766597,0.7046222286182166,0.1811434306024938,0.1811434306024938,1.0074380891259886,1.0074380891259886,0,0.0,0.0
483,0.9647959023834436,0.9647959023834436,1.5172420996540652,0.3900470720838693,0.3900470720838693,2.16929782983275,2.16929782983275,0,0.0,0.0
484,0.3154898908263853,0.3154898908263853,0.5057468054021791,0.1300263435132686,0.1300263435132686,0.7230905673873484,0.7230905673873484,0,0.0,0.0
485,0.3751232025907035,0.3751232025907035,0.5953050718427965,0.1530557788419351,0.1530557788419351,0.8511328164307205,0.8511328164307205,0,0.0,0.0
486,0.3038629399696476,0.3038629399696476,0.4873061586547486,0.1252703030295092,0.1252703030295092,0.696692557833345,0.696692557833345,0,0.0,0.0
487,0.4630521989231107,0.4630521989231107,0.7533484451786068,0.1936522589344824,0.1936522589344824,1.077039944783002,1.077039944783002,0,0.0,0.0
488,0.4043072565433899,0.4043072565433899,0.6387685799008971,0.1642222153773426,0.1642222153773426,0.9132880959051108,0.9132880959051108,0,0.0,0.0
489,0.2972570378876511,0.2972570378876511,0.4807219539351375,0.123570998374384,0.123570998374384,0.6872939010831729,0.6872939010831729,0,0.0,0.0
490,0.2167821217316345,0.2167821217316345,0.3437495097595247,0.0883755501311366,0.0883755501311366,0.4914788768864593,0.4914788768864593,0,0.0,0.0
491,0.4216357014454651,0.4216357014454651,0.6716958742389636,0.1726879265147954,0.1726879265147954,0.9603693073959894,0.9603693073959894,0,0.0,0.0
492,0.1626625698610189,0.1626625698610189,0.2594569483559884,0.0666952510787913,0.0666952510787913,0.3709428583852273,0.3709428583852273,0,0.0,0.0
493,1.1929734897140656,1.1929734897140656,1.8879464305169305,0.4490125385927307,0.4490125385927307,2.625585574930711,2.625585574930711,1,126.78300029692376,15.791303941213291
494,0.4568261637484065,0.4568261637484065,0.7217439315621291,0.1855550634817936,0.1855550634817936,1.0319244053609729,1.0319244053609729,0,0.0,0.0
495,0.7262107183814862,0.7262107183814862,1.1338705650037455,0.2545992592375472,0.2545992592375472,1.5398894601187083,1.5398894601187083,1,142.14785137299546,10.96587584350316
496,0.3921254452375419,0.3921254452375419,0.6321852459634255,0.1625428352079944,0.1625428352079944,0.903887257176634,0.903887257176634,0,0.0,0.0
497,0.2316796789324977,0.2316796789324977,0.3621876457974753,0.0931165613180104,0.0931165613180104,0.5178259530835571,0.5178259530835571,0,0.0,0.0
498,0.343304983215483,0.343304983215483,0.5320865183174713,0.1367959741172764,0.1367959741172764,0.7607199571395524,0.7607199571395524,0,0.0,0.0
499,0.1717263959359082,0.1717263959359082,0.2713122102030538,0.0697521828407321,0.0697521828407321,0.3879131115655242,0.3879131115655242,0,0.0,0.0
500,0.4008864660300341,0.4008864660300341,0.6176930653591935,0.1587838485673789,0.1587838485673789,0.8830930446535333,0.8830930446535333,0,0.0,0.0
501,0.2967707026422788,0.2967707026422788,0.468870176068104,0.1205427757258957,0.1205427757258957,0.6703733323996548,0.6703733323996548,0,0.0,0.0
502,0.3131213891154443,0.3131213891154443,0.492573902804453,0.1266313421353895,0.1266313421353895,0.7042232654661815,0.7042232654661815,0,0.0,0.0
503,0.4367422458437016,0.4367422458437016,0.6611584226530535,0.1699774655847127,0.1699774655847127,0.945276423655269,0.945276423655269,0,0.0,0.0
504,0.3831858269921308,0.3831858269921308,0.576867960718094,0.1483029744567995,0.1483029744567995,0.8247830927269829,0.8247830927269829,0,0.0,0.0
505,0.3942704237027695,0.3942704237027695,0.603207507639614,0.1550739702560497,0.1550739702560497,0.8624239838121294,0.8624239838121294,0,0.0,0.0
506,0.3951381126697291,0.3951381126697291,0.6242821899527294,0.1604978952243714,0.1604978952243714,0.8925761791258007,0.8925761791258007,0,0.0,0.0
507,0.5026667264373884,0.5026667264373884,0.7665195069555439,0.1970628346251791,0.1970628346251791,1.0958740443796722,1.0958740443796722,0,0.0,0.0
508,0.1283783851815094,0.1283783851815094,0.2028258607981754,0.0521447067859419,0.0521447067859419,0.2899926540974837,0.2899926540974837,0,0.0,0.0
509,0.1642233738448622,0.1642233738448622,0.2594582590447938,0.0667048689816863,0.0667048689816863,0.3709643665491335,0.3709643665491335,0,0.0,0.0
510,0.1367148701802311,0.1367148701802311,0.2159966496283631,0.0555312650821747,0.0555312650821747,0.3088245207814803,0.3088245207814803,0,0.0,0.0
511,0.351464886870194,0.351464886870194,0.5399924025435677,0.1388370544661322,0.1388370544661322,0.7720744508968882,0.7720744508968882,0,0.0,0.0
512,0.1918497859261088,0.1918497859261088,0.2976524617361418,0.0765232638248485,0.0765232638248485,0.4255558321249174,0.4255558321249174,0,0.0,0.0
513,0.2647174272139242,0.2647174272139242,0.4082834059406903,0.1049589406046381,0.1049589406046381,0.5837106439147104,0.5837106439147104,0,0.0,0.0
514,0.3758749781088574,0.3758749781088574,0.5715974078360299,0.1469489748534869,0.1469489748534869,0.817207043007057,0.817207043007057,0,0.0,0.0
515,0.3067735774345275,0.3067735774345275,0.4846741504561807,0.1246055011762034,0.1246055011762034,0.6929693947040014,0.6929693947040014,0,0.0,0.0
516,0.3798735329350957,0.3798735329350957,0.5755487912013832,0.1479752055574411,0.1479752055574411,0.8228676954957468,0.8228676954957468,0,0.0,0.0
517,0.2947569652729858,0.2947569652729858,0.4517473035052871,0.1161315051819323,0.1161315051819323,0.64586857163002,0.64586857163002,0,0.0,0.0
518,0.1825645895577974,0.1825645895577974,0.288434521873976,0.07415426665259,0.07415426665259,0.4123929455454141,0.4123929455454141,0,0.0,0.0
519,0.1500522771364907,0.1500522771364907,0.2370691511904044,0.0609483767373217,0.0609483767373217,0.3389529095350392,0.3389529095350392,0,0.0,0.0
520,0.4605053170180797,0.4605053170180797,0.6822276804572789,0.1753923924177752,0.1753923924177752,0.9753807821542676,0.9753807821542676,0,0.0,0.0
521,0.3449949505530459,0.3449949505530459,0.54789203713549,0.1408524536686526,0.1408524536686526,0.7833316301842899,0.7833316301842899,0,0.0,0.0
522,0.2964891296209704,0.2964891296209704,0.4636010530905923,0.1191825429948564,0.1191825429948564,0.6628312289231131,0.6628312289231131,0,0.0,0.0
523,0.1225425157502508,0.1225425157502508,0.193605901104189,0.0497750179533005,0.0497750179533005,0.2768100990092343,0.2768100990092343,0,0.0,0.0
524,0.287250217113685,0.287250217113685,0.4543792380229406,0.1168086554636133,0.1168086554636133,0.6496159813981849,0.6496159813981849,0,0.0,0.0
525,0.2678206344748207,0.2678206344748207,0.4188224287070208,0.1076792389414909,0.1076792389414909,0.5988165825745635,0.5988165825745635,0,0.0,0.0
526,0.2187638969120398,0.2187638969120398,0.3476994397183451,0.0893906409554896,0.0893906409554896,0.4971059461664949,0.4971059461664949,0,0.0,0.0
527,0.208147530065541,0.208147530065541,0.3397988340506749,0.0873650981466485,0.0873650981466485,0.4858343290992737,0.4858343290992737,0,0.0,0.0
528,0.2004593422076741,0.2004593422076741,0.3292625941991289,0.0846516295375886,0.0846516295375886,0.4707658218856868,0.4707658218856868,0,0.0,0.0
529,0.642725058625779,0.642725058625779,1.0154464819896496,0.2610635801871925,0.2610635801871925,1.45184973076267,1.45184973076267,0,0.0,0.0
530,0.392697697226798,0.392697697226798,0.6308635891494684,0.1621904046175148,0.1621904046175148,0.9019265516643628,0.9019265516643628,0,0.0,0.0
531,0.4860059384948828,0.4860059384948828,0.7810088102532533,0.2007956254511259,0.2007956254511259,1.1166187947344866,1.1166187947344866,0,0.0,0.0
532,0.5979619829639973,0.5979619829639973,0.9495904050880292,0.2441374643221795,0.2441374643221795,1.3576411740330885,1.3576411740330885,0,0.0,0.0
533,0.1508859257221264,0.1508859257221264,0.2383856918351889,0.0612867326184203,0.0612867326184203,0.3408349005310732,0.3408349005310732,0,0.0,0.0
534,0.2175760741469984,0.2175760741469984,0.3437496061761062,0.0883751597030284,0.0883751597030284,0.4914804590649566,0.4914804590649566,0,0.0,0.0
535,0.3133132875669387,0.3133132875669387,0.4794047837439241,0.1232560140626615,0.1232560140626615,0.6854270350744088,0.6854270350744088,0,0.0,0.0
536,0.2375400977609453,0.2375400977609453,0.3608696434667812,0.0927683904178415,0.0927683904178415,0.5159289604637162,0.5159289604637162,0,0.0,0.0
537,0.2700942184857546,0.2700942184857546,0.4267244256809533,0.1097075499351498,0.1097075499351498,0.6101147742130277,0.6101147742130277,0,0.0,0.0
538,0.1823688242455563,0.1823688242455563,0.2778976276732464,0.0714463123557525,0.0714463123557525,0.3973129518833463,0.3973129518833463,0,0.0,0.0
539,0.2409970876907244,0.2409970876907244,0.374042373259534,0.0961578829024511,0.0961578829024511,0.5347889344993628,0.5347889344993628,0,0.0,0.0
540,0.3444703904944575,0.3444703904944575,0.528137502490717,0.1357625554239721,0.1357625554239721,0.7551101346935488,0.7551101346935488,0,0.0,0.0
541,0.4726645987945254,0.4726645987945254,0.7467672813536441,0.1919882921964741,0.1919882921964741,1.0677009216316364,1.0677009216316364,0,0.0,0.0
542,0.4576283206484917,0.4576283206484917,0.7296463710535179,0.1875824738167914,0.1875824738167914,1.043217879463304,1.043217879463304,0,0.0,0.0
543,0.3638068720672501,0.3638068720672501,0.5953043132030721,0.1530363516770027,0.1530363516770027,0.8511203672914228,0.8511203672914228,0,0.0,0.0
544,0.4034930716070396,0.4034930716070396,0.6427203353594779,0.1652256576294196,0.1652256576294196,0.9189316447402416,0.9189316447402416,0,0.0,0.0
545,0.3672144990126143,0.3672144990126143,0.5650132828498009,0.145250874672873,0.145250874672873,0.8078149355525419,0.8078149355525419,0,0.0,0.0
546,0.2679040523756484,0.2679040523756484,0.430675167165118,0.1107210047858084,0.1107210047858084,0.615761898756964,0.615761898756964,0,0.0,0.0
547,0.4605639731328387,0.4605639731328387,0.732278987755721,0.1882546397722345,0.1882546397722345,1.0469772324533055,1.0469772324533055,0,0.0,0.0
548,0.2773904193532412,0.2773904193532412,0.4451629213474258,0.1144579386796712,0.1144579386796712,0.6364827258068335,0.6364827258068335,0,0.0,0.0
549,0.7411802725171219,0.7411802725171219,1.1721761215216324,0.3013541077282868,0.3013541077282868,1.6759501270850956,1.6759501270850956,0,0.0,0.0
550,0.3526387301716938,0.3526387301716938,0.566331714941411,0.1455978892777504,0.1455978892777504,0.8097129908871663,0.8097129908871663,0,0.0,0.0
551,0.2250137628930931,0.2250137628930931,0.3595537220222798,0.0924293540761075,0.0924293540761075,0.5140488947541673,0.5140488947541673,0,0.0,0.0
552,0.3742977659553756,0.3742977659553756,0.5913564616525462,0.1520335191264164,0.1520335191264164,0.8455011998848537,0.8455011998848537,0,0.0,0.0
553,0.2707736635622818,0.2707736635622818,0.4333102768271896,0.1113913100795111,0.1113913100795111,0.6195307154504731,0.6195307154504731,0,0.0,0.0
554,0.5368907127827591,0.5368907127827591,0.8547615358905444,0.2197435030910127,0.2197435030910127,1.2220370307915709,1.2220370307915709,0,0.0,0.0
555,0.1506203566164775,0.1506203566164775,0.2383855112782181,0.0612930204334879,0.0612930204334879,0.3408319376241568,0.3408319376241568,0,0.0,0.0
556,0.4408988005050589,0.4408988005050589,0.671691726926433,0.1726621358522775,0.1726621358522775,0.9603012507548288,0.9603012507548288,0,0.0,0.0
557,0.4254744584334641,0.4254744584334641,0.6334993965811863,0.1628523536899673,0.1628523536899673,0.9057240386824852,0.9057240386824852,0,0.0,0.0
558,0.4718599637121712,0.4718599637121712,0.7507169332920465,0.1930011620676363,0.1930011620676363,1.0733099520847873,1.0733099520847873,0,0.0,0.0
559,0.2738102354237465,0.2738102354237465,0.4254071972232235,0.1093618009470951,0.1093618009470951,0.6082319781029806,0.6082319781029806,0,0.0,0.0
560,0.4294904822888971,0.4294904822888971,0.6795959649733098,0.174709728903856,0.174709728903856,0.9716332231992492,0.9716332231992492,0,0.0,0.0
561,0.3267807704185935,0.3267807704185935,0.5162835797499735,0.1327328184052398,0.1327328184052398,0.7381633533992744,0.7381633533992744,0,0.0,0.0
562,0.2179881910031561,0.2179881910031561,0.335848476660665,0.0863454881941472,0.0863454881941472,0.4801890152827537,0.4801890152827537,0,0.0,0.0
563,0.3780392307798361,0.3780392307798361,0.6018884219762703,0.1547241267756449,0.1547241267756449,0.8605122086931346,0.8605122086931346,0,0.0,0.0
564,0.1924631995301465,0.1924631995301465,0.3016033416848213,0.0775353426802962,0.0775353426802962,0.4311917522837157,0.4311917522837157,0,0.0,0.0
565,0.196141750676473,0.196141750676473,0.295019644183759,0.0758463963365367,0.0758463963365367,0.4218104032722948,0.4218104032722948,0,0.0,0.0
566,0.5372344490648558,0.5372344490648558,0.861350953788882,0.2214525029254037,0.2214525029254037,1.231532465321244,1.231532465321244,0,0.0,0.0
567,0.1535834020677428,0.1535834020677428,0.2423365730525734,0.062297891199405,0.062297891199405,0.3464723389049353,0.3464723389049353,0,0.0,0.0
568,0.2321248336491733,0.2321248336491733,0.3635045829979756,0.0934510635378931,0.0934510635378931,0.5197017236219104,0.5197017236219104,0,0.0,0.0
569,0.6876417320369889,0.6876417320369889,1.0931497486458488,0.2810238419771376,0.2810238419771376,1.562908806973844,1.562908806973844,0,0.0,0.0
570,0.2203420171055743,0.2203420171055743,0.346383609992893,0.089051252615449,0.089051252615449,0.4952296316435197,0.4952296316435197,0,0.0,0.0
571,0.2217648580371634,0.2217648580371634,0.3279455505668702,0.0843144972452783,0.0843144972452783,0.46887183346746,0.46887183346746,0,0.0,0.0
572,0.6497114668394836,0.6497114668394836,0.9166703107926434,0.2356753462259632,0.2356753462259632,1.3106421764274392,1.3106421764274392,0,0.0,0.0
573,0.1383793870875646,0.1383793870875646,0.2080930448893287,0.0535011438431256,0.0535011438431256,0.2975186634592871,0.2975186634592871,0,0.0,0.0
574,0.2077530837798624,0.2077530837798624,0.2989682686192162,0.0768636109024507,0.0768636109024507,0.4274310231107121,0.4274310231107121,0,0.0,0.0
575,0.1115215496755112,0.1115215496755112,0.1580459866600902,0.0406342023452952,0.0406342023452952,0.2259567508076964,0.2259567508076964,0,0.0,0.0
576,0.5688878709779619,0.5688878709779619,0.8573999626866111,0.220454194921981,0.220454194921981,1.2258932237564706,1.2258932237564706,0,0.0,0.0
577,0.3186078144597527,0.3186078144597527,0.4635992745704512,0.1191943998333512,0.1191943998333512,0.6628020437324275,0.6628020437324275,0,0.0,0.0
578,0.3819381241159165,0.3819381241159165,0.5518410453403759,0.1418778363272266,0.1418778363272266,0.7889585476089405,0.7889585476089405,0,0.0,0.0
579,0.3581144272668962,0.3581144272668962,0.5663324992381088,0.1456081479019512,0.1456081479019512,0.8097258610527575,0.8097258610527575,0,0.0,0.0
580,0.3144502473656376,0.3144502473656376,0.5083779005616385,0.1307043419319746,0.1307043419319746,0.7268129729720667,0.7268129729720667,0,0.0,0.0
581,0.3151095675779009,0.3151095675779009,0.4978444695229642,0.1279917624602561,0.1279917624602561,0.7118002909376375,0.7118002909376375,0,0.0,0.0
582,0.1467970456954481,0.1467970456954481,0.2383860143581616,0.0612840974895219,0.0612840974895219,0.340840193074123,0.340840193074123,0,0.0,0.0
583,0.2873517683338997,0.2873517683338997,0.4636013881389166,0.1191858988118471,0.1191858988118471,0.6628367270049363,0.6628367270049363,0,0.0,0.0
584,0.5010089984770976,0.5010089984770976,0.7915481941114506,0.2035006008859539,0.2035006008859539,1.1317276640541962,1.1317276640541962,0,0.0,0.0
585,0.6159736488346453,0.6159736488346453,1.0246591644315557,0.2634017486986124,0.2634017486986124,1.4649345797129714,1.4649345797129714,0,0.0,0.0
586,0.5523157483640594,0.5523157483640594,0.9127140750090372,0.2346598268229565,0.2346598268229565,1.3049415776312,1.3049415776312,0,0.0,0.0
587,0.4811633846222348,0.4811633846222348,0.7731045474520306,0.1987621299734121,0.1987621299734121,1.1053006413361517,1.1053006413361517,0,0.0,0.0
588,0.3561201356004703,0.3561201356004703,0.5676468395603588,0.1459217421060848,0.1459217421060848,0.8115762373453664,0.8115762373453664,0,0.0,0.0
589,0.2753850147553977,0.2753850147553977,0.4556977376700542,0.117146020275243,0.117146020275243,0.6515039148375269,0.6515039148375269,0,0.0,0.0
590,0.4400366449404615,0.4400366449404615,0.7388652216349973,0.1899643758075204,0.1899643758075204,1.0564017003638104,1.0564017003638104,0,0.0,0.0
591,0.3113468253563817,0.3113468253563817,0.4925745211159717,0.1266294420391854,0.1266294420391854,0.7042334118452882,0.7042334118452882,0,0.0,0.0
592,0.3276670714487938,0.3276670714487938,0.5189162742865371,0.1333995101835944,0.1333995101835944,0.7419007740014367,0.7419007740014367,0,0.0,0.0
593,0.2151881584852076,0.2151881584852076,0.35560306465068,0.0914261258970133,0.0914261258970133,0.5084188731383174,0.5084188731383174,0,0.0,0.0
594,1.0733946084362345,1.0733946084362345,1.7490429910489873,0.4496432626220291,0.4496432626220291,2.5007115700818963,2.5007115700818963,0,0.0,0.0
595,0.230123220175808,0.230123220175808,0.3648224994965218,0.0937792031898716,0.0937792031898716,0.5215980564497601,0.5215980564497601,0,0.0,0.0
596,0.2800109733629738,0.2800109733629738,0.4728192170182176,0.1215630394123477,0.1215630394123477,0.6759918027925383,0.6759918027925383,0,0.0,0.0
597,0.1843902424738704,0.1843902424738704,0.2857988625363982,0.0734719747686148,0.0734719747686148,0.4086061244022337,0.4086061244022337,0,0.0,0.0
598,0.1847501513015823,0.1847501513015823,0.2897509270111623,0.0744921401454827,0.0744921401454827,0.4142779537719128,0.4142779537719128,0,0.0,0.0
599,0.2021129600371276,0.2021129600371276,0.3134584186226404,0.0805909560538755,0.0805909560538755,0.4481769398870725,0.4481769398870725,0,0.0,0.0
600,0.1161680715000308,0.1161680715000308,0.1804348211330303,0.0463811621850182,0.0463811621850182,0.2579719573592319,0.2579719573592319,0,0.0,0.0
601,0.2788671349001693,0.2788671349001693,0.4346241021177774,0.1117432305743902,0.1117432305743902,0.6213741375634171,0.6213741375634171,0,0.0,0.0
602,0.213394817644766,0.213394817644766,0.3477006404354829,0.0893923921221101,0.0893923921221101,0.4971256497153904,0.4971256497153904,0,0.0,0.0
603,0.207400934723501,0.207400934723501,0.3318968657226461,0.0853210282184162,0.0853210282184162,0.474532864045287,0.474532864045287,0,0.0,0.0
604,0.1021704414727106,0.1021704414727106,0.164631067357761,0.0423215272254461,0.0423215272254461,0.2353742743853596,0.2353742743853596,0,0.0,0.0
605,0.4095424229699322,0.4095424229699322,0.6861813515465024,0.1764077522203618,0.1764077522203618,0.9810392947842492,0.9810392947842492,0,0.0,0.0
606,0.2282896962530377,0.2282896962530377,0.3766758850131286,0.096834981611404,0.096834981611404,0.5385607290292495,0.5385607290292495,0,0.0,0.0
607,0.3786499370540522,0.3786499370540522,0.6361341371864839,0.1635353898278961,0.1635353898278961,0.9094935375029852,0.9094935375029852,0,0.0,0.0
608,0.120003065763999,0.120003065763999,0.1922887377930028,0.0494318661305462,0.0494318661305462,0.2749133979837749,0.2749133979837749,0,0.0,0.0
609,0.1341848061164166,0.1341848061164166,0.2120434866255673,0.0545111391116848,0.0545111391116848,0.3031518848195226,0.3031518848195226,0,0.0,0.0
610,0.2254841170289447,0.2254841170289447,0.3569213639218411,0.0917525995695044,0.0917525995695044,0.5103162463094771,0.5103162463094771,0,0.0,0.0
611,0.2409395596703783,0.2409395596703783,0.3793117861541221,0.0975249506388532,0.0975249506388532,0.5423350467642744,0.5423350467642744,0,0.0,0.0
612,0.2914022518340861,0.2914022518340861,0.457017117289616,0.1174944616427485,0.1174944616427485,0.653430995495295,0.653430995495295,0,0.0,0.0
613,0.2718925930049266,0.2718925930049266,0.4280414417061362,0.1100539598762466,0.1100539598762466,0.6120060635103661,0.6120060635103661,0,0.0,0.0
614,0.1971319996854725,0.1971319996854725,0.3108232580604393,0.079912067811598,0.079912067811598,0.4443968061608703,0.4443968061608703,0,0.0,0.0
615,0.239077388640008,0.239077388640008,0.3806251887226723,0.0978520046494768,0.0978520046494768,0.5441722807837198,0.5441722807837198,0,0.0,0.0
616,0.4191475652881229,0.4191475652881229,0.6637912255593217,0.1706431752773347,0.1706431752773347,0.9490305965428476,0.9490305965428476,0,0.0,0.0
617,0.4079765517281648,0.4079765517281648,0.6532554187899582,0.1679501364162426,0.1679501364162426,0.933969944826625,0.933969944826625,0,0.0,0.0
618,0.3566670752217711,0.3566670752217711,0.5729167834443176,0.1472822493003247,0.1472822493003247,0.8191422935175717,0.8191422935175717,0,0.0,0.0
619,0.4332861737770483,0.4332861737770483,0.686181556345311,0.1763989621442723,0.1763989621442723,0.9810426554952446,0.9810426554952446,0,0.0,0.0
620,0.4632236165002917,0.4632236165002917,0.7335932447270022,0.1885873276865755,0.1885873276865755,1.0488269896697135,1.0488269896697135,0,0.0,0.0
621,0.2994772028834449,0.2994772028834449,0.4754531569190015,0.1222277010590056,0.1222277010590056,0.6797444187086801,0.6797444187086801,0,0.0,0.0
622,0.331672345256821,0.331672345256821,0.5334029411871402,0.1371146357173919,0.1371146357173919,0.762602261561245,0.762602261561245,0,0.0,0.0
623,0.2586403230590884,0.2586403230590884,0.4096001003688144,0.1052970183523476,0.1052970183523476,0.5856101324256151,0.5856101324256151,0,0.0,0.0
624,0.2669577021072198,0.2669577021072198,0.4227725871220495,0.1086837535877034,0.1086837535877034,0.6044421598938172,0.6044421598938172,0,0.0,0.0
625,0.1621097422717892,0.1621097422717892,0.2581413225342458,0.0663591831002052,0.0663591831002052,0.3690676437911317,0.3690676437911317,0,0.0,0.0
626,0.2053594171145988,0.2053594171145988,0.3253106619784586,0.0836362972195655,0.0836362972195655,0.4651118854377272,0.4651118854377272,0,0.0,0.0
627,0.1754904962863924,0.1754904962863924,0.2765799289372194,0.0711011601266631,0.0711011601266631,0.3954216898944369,0.3954216898944369,0,0.0,0.0
628,0.195475578781753,0.195475578781753,0.3081897943396576,0.0792233241323919,0.0792233241323919,0.4406295433341141,0.4406295433341141,0,0.0,0.0
629,0.152350925947021,0.152350925947021,0.2410200232540552,0.0619649064941596,0.0619649064941596,0.3445857055103221,0.3445857055103221,0,0.0,0.0
630,0.4532445717399102,0.4532445717399102,0.7177898475293837,0.18452493435873,0.18452493435873,1.0262329119761864,1.0262329119761864,0,0.0,0.0
631,0.2752770943715401,0.2752770943715401,0.4214544723098311,0.1083451580864877,0.1083451580864877,0.6025530545456267,0.6025530545456267,0,0.0,0.0
632,0.2556661377119532,0.2556661377119532,0.4109187212212086,0.1056477436869186,0.1056477436869186,0.587504547009006,0.587504547009006,0,0.0,0.0
633,0.1764391547391141,0.1764391547391141,0.2805314903282802,0.0721192494624249,0.0721192494624249,0.4010905046379054,0.4010905046379054,0,0.0,0.0
634,0.1375657218299616,0.1375657218299616,0.2080932236602237,0.0535040203356789,0.0535040203356789,0.2975215970570282,0.2975215970570282,0,0.0,0.0
635,0.1119315034883755,0.1119315034883755,0.176484796901156,0.0453739705895369,0.0453739705895369,0.2523276184193621,0.2523276184193621,0,0.0,0.0
636,0.1402963035599747,0.1402963035599747,0.2107275857853482,0.0541750708113216,0.0541750708113216,0.3012803928986878,0.3012803928986878,0,0.0,0.0
637,0.2216347053094029,0.2216347053094029,0.3529682740216532,0.0907429967121887,0.0907429967121887,0.5046478047395939,0.5046478047395939,0,0.0,0.0
638,0.0889806332803484,0.0889806332803484,0.1435576373138001,0.0369072301375255,0.0369072301375255,0.2052516129547684,0.2052516129547684,0,0.0,0.0
639,0.1526375060218849,0.1526375060218849,0.2476058122162052,0.0636634949612876,0.0636634949612876,0.3540178463703617,0.3540178463703617,0,0.0,0.0
640,0.0934361437869324,0.0934361437869324,0.1514590707208454,0.038937977343993,0.038937977343993,0.2165345669802024,0.2165345669802024,0,0.0,0.0
641,0.1096193125928574,0.1096193125928574,0.1778022089919609,0.0457124204197187,0.0457124204197187,0.2542126792166831,0.2542126792166831,0,0.0,0.0
642,0.3544987012459634,0.3544987012459634,0.5623859220929127,0.1272103419787835,0.1272103419787835,0.7720987383352723,0.7720987383352723,1,72.3707153850476,4.168605233724078
643,0.1916106520446933,0.1916106520446933,0.3095045187269307,0.0795642960946238,0.0795642960946238,0.4424892168553215,0.4424892168553215,0,0.0,0.0
644,0.4242283835031706,0.4242283835031706,0.6782809599346339,0.1743813201398258,0.1743813201398258,0.969781672104462,0.969781672104462,0,0.0,0.0
645,0.1607650359270382,0.1607650359270382,0.2568249314634288,0.0660293003041195,0.0660293003041195,0.3672015838391071,0.3672015838391071,0,0.0,0.0
646,0.3300701875977567,0.3300701875977567,0.5334044888948014,0.1371260881662628,0.1371260881662628,0.7626276591612361,0.7626276591612361,0,0.0,0.0
647,0.190445760910829,0.190445760910829,0.3068720677305369,0.0788868502535184,0.0788868502535184,0.4387385726507682,0.4387385726507682,0,0.0,0.0
648,0.1388838669723879,0.1388838669723879,0.2199464019368903,0.0565425343705885,0.0565425343705885,0.3144591566234754,0.3144591566234754,0,0.0,0.0
649,0.1896357349584263,0.1896357349584263,0.3042364199222172,0.0782219804571608,0.0782219804571608,0.4349751503360284,0.4349751503360284,0,0.0,0.0
650,0.1408651357051784,0.1408651357051784,0.2265323115479924,0.0582355114022935,0.0582355114022935,0.3238708163733017,0.3238708163733017,0,0.0,0.0
651,0.2274963474396631,0.2274963474396631,0.3635041335658673,0.0934502828958755,0.0934502828958755,0.5196943485230716,0.5196943485230716,0,0.0,0.0
652,0.2255244270878177,0.2255244270878177,0.3621884170959947,0.0931144529662776,0.0931144529662776,0.5178386099513724,0.5178386099513724,0,0.0,0.0
653,0.2651274756782782,0.2651274756782782,0.4254067690262154,0.1093541964259105,0.1093541964259105,0.6082249514682379,0.6082249514682379,0,0.0,0.0
654,0.2598603508813323,0.2598603508813323,0.4148686590336874,0.106658302809528,0.106658302809528,0.5931332425619437,0.5931332425619437,0,0.0,0.0
655,0.1567373153934542,0.1567373153934542,0.2528731981591836,0.065010300604648,0.065010300604648,0.3615464193858347,0.3615464193858347,0,0.0,0.0
656,0.0861361018221193,0.0861361018221193,0.1382892203347769,0.0355524085013105,0.0355524085013105,0.1977128591073579,0.1977128591073579,0,0.0,0.0
657,0.1654966824720782,0.1654966824720782,0.2620920081196509,0.0673768041752022,0.0673768041752022,0.3747153484424615,0.3747153484424615,0,0.0,0.0
658,0.1019692293849224,0.1019692293849224,0.1619978735167247,0.0416444299338007,0.0416444299338007,0.2316196759130042,0.2316196759130042,0,0.0,0.0
659,0.1316139864227758,0.1316139864227758,0.2067768801505223,0.0531542270971125,0.0531542270971125,0.2956405949179718,0.2956405949179718,0,0.0,0.0
660,0.2162269659846973,0.2162269659846973,0.3424317761891839,0.0880301427363939,0.0880301427363939,0.4895788075957868,0.4895788075957868,0,0.0,0.0
661,0.1594562084722901,0.1594562084722901,0.2555068548319698,0.065683994097083,0.065683994097083,0.3652951362802072,0.3652951362802072,0,0.0,0.0
662,0.2466137307019646,0.2466137307019646,0.3964320268626484,0.1019240053396897,0.1019240053396897,0.566800362775312,0.566800362775312,0,0.0,0.0
663,0.1524100549591212,0.1524100549591212,0.2436542852436064,0.0626366263766743,0.0626366263766743,0.3483638216880006,0.3483638216880006,0,0.0,0.0
664,0.1442384279027167,0.1442384279027167,0.2318005946915,0.0595915602346085,0.0595915602346085,0.3314096200980883,0.3314096200980883,0,0.0,0.0
665,0.260983265842558,0.260983265842558,0.4214562272746874,0.1083572335944093,0.1083572335944093,0.6025818531983236,0.6025818531983236,0,0.0,0.0
666,0.2827162683265882,0.2827162683265882,0.4596491874746627,0.1181585673185009,0.1181585673185009,0.6571611653947508,0.6571611653947508,0,0.0,0.0
667,0.1645456985572821,0.1645456985572821,0.2647274054516925,0.0680613309582108,0.0680613309582108,0.378492629237243,0.378492629237243,0,0.0,0.0
668,0.3664584019489648,0.3664584019489648,0.5834501921418279,0.1499840414987339,0.1499840414987339,0.8341516141460282,0.8341516141460282,0,0.0,0.0
669,0.1812974914203043,0.1812974914203043,0.2871153816330198,0.0738095708384551,0.0738095708384551,0.4104915052864237,0.4104915052864237,0,0.0,0.0
670,0.2432922144814662,0.2432922144814662,0.387212602197177,0.0995434728754945,0.0995434728754945,0.5536213465218955,0.5536213465218955,0,0.0,0.0
671,0.2596629185841923,0.2596629185841923,0.4161871269748617,0.1069997511259147,0.1069997511259147,0.5950348809730376,0.5950348809730376,0,0.0,0.0
672,0.3581625276895904,0.3581625276895904,0.5702805809945614,0.1466195129994332,0.1466195129994332,0.8153285912528189,0.8153285912528189,0,0.0,0.0
673,0.2318664996629819,0.2318664996629819,0.3727251432224258,0.095828871344183,0.095828871344183,0.5329061124720421,0.5329061124720421,0,0.0,0.0
674,0.1916423014320486,0.1916423014320486,0.3121396378062313,0.0802370918960085,0.0802370918960085,0.4462664237609569,0.4462664237609569,0,0.0,0.0
675,0.1083646986358064,0.1083646986358064,0.1764841952848195,0.0453722390459734,0.0453722390459734,0.2523177460051748,0.2523177460051748,0,0.0,0.0
676,0.4619260508716109,0.4619260508716109,0.7270114260661067,0.1869065858161361,0.1869065858161361,1.0394427806759852,1.0394427806759852,0,0.0,0.0
677,0.5314197893541529,0.5314197893541529,0.8415924813066161,0.2163511452754584,0.2163511452754584,1.2032343714698674,1.2032343714698674,0,0.0,0.0
678,0.2206359651062706,0.2206359651062706,0.3582384145394107,0.0920952632775477,0.0920952632775477,0.5121961240949393,0.5121961240949393,0,0.0,0.0
679,0.2269497045502161,0.2269497045502161,0.3700909078242591,0.0951473419688589,0.0951473419688589,0.5291359196332299,0.5291359196332299,0,0.0,0.0
680,0.1557493918773491,0.1557493918773491,0.2528732299225856,0.0650122249099489,0.0650122249099489,0.3615469406175023,0.3615469406175023,0,0.0,0.0
681,0.2496688484471646,0.2496688484471646,0.4069669430850619,0.1046179509584843,0.1046179509584843,0.581835919007841,0.581835919007841,0,0.0,0.0
682,0.3933662305440841,0.3933662305440841,0.6229625893163385,0.160147124295321,0.160147124295321,0.8906574507889401,0.8906574507889401,0,0.0,0.0
683,0.238681472486323,0.238681472486323,0.3779921806964088,0.0971717738477719,0.0971717738477719,0.5404199827999682,0.5404199827999682,0,0.0,0.0
684,0.1963073371501512,0.1963073371501512,0.3108220647598574,0.0799088632958159,0.0799088632958159,0.4443772243162903,0.4443772243162903,0,0.0,0.0
685,0.25082828838049,0.25082828838049,0.4030155259652521,0.1036135872274511,0.1036135872274511,0.5761874404792827,0.5761874404792827,0,0.0,0.0
686,0.1460085448444942,0.1460085448444942,0.2370691393434008,0.060945070460084,0.060945070460084,0.338952715127843,0.338952715127843,0,0.0,0.0
687,0.1552839781065955,0.1552839781065955,0.2449699706388596,0.0629786880792827,0.0629786880792827,0.3502310294975356,0.3502310294975356,0,0.0,0.0
688,0.0848686397700363,0.0848686397700363,0.1356559407017034,0.034873238068366,0.034873238068366,0.1939508632200087,0.1939508632200087,0,0.0,0.0
689,0.1597520412374933,0.1597520412374933,0.2502391790903845,0.0643384397404322,0.0643384397404322,0.3577752842849852,0.3577752842849852,0,0.0,0.0
690,0.1192725707924895,0.1192725707924895,0.1870206780128584,0.048083670421086,0.048083670421086,0.2673917361734942,0.2673917361734942,0,0.0,0.0
691,0.1511595036184945,0.1511595036184945,0.2370692856505951,0.060947832255899,0.060947832255899,0.3389551160021996,0.3389551160021996,0,0.0,0.0
692,0.3151925970645039,0.3151925970645039,0.4991603433732666,0.1283208663940055,0.1283208663940055,0.713655617301728,0.713655617301728,0,0.0,0.0
693,0.1710171790121176,0.1710171790121176,0.2713110576060834,0.0697540537906033,0.0697540537906033,0.3878941976597426,0.3878941976597426,0,0.0,0.0
694,0.1397164172221404,0.1397164172221404,0.2212650358176653,0.0568813966008397,0.0568813966008397,0.3163462980210337,0.3163462980210337,0,0.0,0.0
695,0.1691304929712925,0.1691304929712925,0.2647276291585847,0.0680559911207305,0.0680559911207305,0.3784963002264789,0.3784963002264789,0,0.0,0.0
696,0.3662028598612698,0.3662028598612698,0.5834538889209095,0.1500125910740266,0.1500125910740266,0.8342122776155418,0.8342122776155418,0,0.0,0.0
697,0.2672968847337521,0.2672968847337521,0.4161857555083132,0.1069971073200144,0.1069971073200144,0.595012375457468,0.595012375457468,0,0.0,0.0
698,0.2667067281825666,0.2667067281825666,0.4201379399977487,0.1080033061444478,0.1080033061444478,0.6006884203397452,0.6006884203397452,0,0.0,0.0
699,0.111641986626617,0.111641986626617,0.1764845060064629,0.0453680129692835,0.0453680129692835,0.2523228448905972,0.2523228448905972,0,0.0,0.0
700,0.4083871939054417,0.4083871939054417,0.6558916936666661,0.16861102700171,0.16861102700171,0.9377653694587194,0.9377653694587194,0,0.0,0.0
701,0.4464017027287121,0.4464017027287121,0.721739735333527,0.185547925815975,0.185547925815975,1.031855546016056,1.031855546016056,0,0.0,0.0
702,0.2229977916351768,0.2229977916351768,0.3621868651928349,0.0931116374389041,0.0931116374389041,0.5178131435040028,0.5178131435040028,0,0.0,0.0
703,0.7202630746229497,0.7202630746229497,1.135293012353279,0.2918755290842222,0.2918755290842222,1.623127307898389,1.623127307898389,0,0.0,0.0
704,0.096044315621368,0.096044315621368,0.1514600919375264,0.0389401494887615,0.0389401494887615,0.2165513249594132,0.2165513249594132,0,0.0,0.0
705,0.1643823749431407,0.1643823749431407,0.2620927958420587,0.0673804045030603,0.0673804045030603,0.3747282748232928,0.3747282748232928,0,0.0,0.0
706,0.4476535853273605,0.4476535853273605,0.7362273584651251,0.1892819601125349,0.1892819601125349,1.0525764686414647,1.0525764686414647,0,0.0,0.0
707,0.239062945232289,0.239062945232289,0.3858938957236802,0.0992043980164396,0.0992043980164396,0.551713547745186,0.551713547745186,0,0.0,0.0
708,0.2661253161317613,0.2661253161317613,0.4214548545806136,0.1083449901848676,0.1083449901848676,0.6025593275393277,0.6025593275393277,0,0.0,0.0
709,0.4540765051054652,0.4540765051054652,0.7191072672074873,0.1848634254714479,0.1848634254714479,1.0281158511859705,1.0281158511859705,0,0.0,0.0
710,0.9156384148249336,0.9156384148249336,1.4500679845927724,0.37277407035868,0.37277407035868,2.0731797133695915,2.0731797133695915,0,0.0,0.0
711,0.287806736364404,0.287806736364404,0.4846717526850175,0.1245899692523093,0.1245899692523093,0.6929300477171986,0.6929300477171986,0,0.0,0.0
712,0.5548021008388506,0.5548021008388506,0.8718819221112969,0.2241458542007938,0.2241458542007938,1.2465039859338516,1.2465039859338516,0,0.0,0.0
713,0.6437584808611538,0.6437584808611538,1.0299300889244556,0.2647974046674093,0.2647974046674093,1.472516727498981,1.472516727498981,0,0.0,0.0
714,0.9977114608935816,0.9977114608935816,1.5949456757628755,0.410045170200672,0.410045170200672,2.280360486708833,2.280360486708833,0,0.0,0.0
715,1.4088651113459003,1.4088651113459003,2.2512492546748213,0.5607772574756156,0.5607772574756156,3.1839340365625164,3.1839340365625164,1,48.91802758890485,10.447166874988666
716,1.155889252249859,1.155889252249859,1.8320087769703497,0.47098291877964,0.47098291877964,2.619214865827044,2.619214865827044,0,0.0,0.0
717,0.6195031303330973,0.6195031303330973,0.9811999844742626,0.2522600335214247,0.2522600335214247,1.4028488261865777,1.4028488261865777,0,0.0,0.0
718,1.0909461421909237,1.0909461421909237,1.740777194831624,0.4142246849110926,0.4142246849110926,2.422157295342447,2.422157295342447,1,113.1254719312074,9.02990034145475
719,1.3422208841224963,1.3422208841224963,2.1449851849162416,0.4803691826067712,0.4803691826067712,2.918196990369109,2.918196990369109,1,289.9425072707896,18.5508999935994
720,1.1761344406509628,1.1761344406509628,1.855717685128624,0.4770859837261871,0.4770859837261871,2.6531385946121,2.6531385946121,0,0.0,0.0
721,0.5681630781927475,0.5681630781927475,0.8310564403933709,0.2136712225517097,0.2136712225517097,1.1881766157766684,1.1881766157766684,0,0.0,0.0
722,0.3720576676655825,0.3720576676655825,0.5307713652383627,0.1364752558747457,0.1364752558747457,0.7588712176137086,0.7588712176137086,0,0.0,0.0
723,0.4198853450072963,0.4198853450072963,0.6387675776375864,0.1642087408797165,0.1642087408797165,0.9132716489472588,0.9132716489472588,0,0.0,0.0
724,0.2712048971099021,0.2712048971099021,0.4082858909877531,0.104963080657153,0.104963080657153,0.5837514230831697,0.5837514230831697,0,0.0,0.0
725,0.2464619962124238,0.2464619962124238,0.3753590990356091,0.0965079110085084,0.0965079110085084,0.536674712163963,0.536674712163963,0,0.0,0.0
726,0.1164413141996675,0.1164413141996675,0.1712164070815204,0.0440181181119342,0.0440181181119342,0.2447982946275511,0.2447982946275511,0,0.0,0.0
727,0.2129255251768744,0.2129255251768744,0.3121406220778037,0.0802462249710013,0.0802462249710013,0.4462825754776611,0.4462825754776611,0,0.0,0.0
728,0.1571805992229996,0.1571805992229996,0.2489221401765793,0.0639918484925566,0.0639918484925566,0.3558873628790918,0.3558873628790918,0,0.0,0.0
729,0.4171504289803837,0.4171504289803837,0.5887183017763393,0.1513373449763837,0.1513373449763837,0.8416800836406496,0.8416800836406496,0,0.0,0.0
730,0.1841691605906267,0.1841691605906267,0.2673610291197416,0.0687362920657306,0.0687362920657306,0.3822677576548535,0.3822677576548535,0,0.0,0.0
731,0.5214224609858971,0.5214224609858971,0.7678367835287699,0.1973907246755108,0.1973907246755108,1.0977681118270093,1.0977681118270093,0,0.0,0.0
732,0.0731843374043412,0.0731843374043412,0.1159000878384284,0.0297946973824516,0.0297946973824516,0.1657047412128011,0.1657047412128011,0,0.0,0.0
733,0.2282684416515827,0.2282684416515827,0.3384796912971953,0.0870166131823365,0.0870166131823365,0.4839208684435523,0.4839208684435523,0,0.0,0.0
734,0.1929430869659626,0.1929430869659626,0.3029203278255699,0.0778712570665001,0.0778712570665001,0.4330750642038386,0.4330750642038386,0,0.0,0.0
735,0.3512624695344036,0.3512624695344036,0.5531588422248752,0.1421952092754802,0.1421952092754802,0.7908514201962704,0.7908514201962704,0,0.0,0.0
736,0.4091685205277414,0.4091685205277414,0.6479874633617082,0.1665807819494892,0.1665807819494892,0.9264365188493202,0.9264365188493202,0,0.0,0.0
737,0.1488639812268705,0.1488639812268705,0.2357514630755097,0.0606055711060853,0.0606055711060853,0.3370573296494822,0.3370573296494822,0,0.0,0.0
738,0.1539009661423718,0.1539009661423718,0.2383852497815959,0.0612803284781715,0.0612803284781715,0.340827646512348,0.340827646512348,0,0.0,0.0
739,0.1547079831889118,0.1547079831889118,0.2370679393734999,0.0609425170142655,0.0609425170142655,0.3389330238409681,0.3389330238409681,0,0.0,0.0
740,0.2885903488249354,0.2885903488249354,0.4530656543668294,0.1164772840391915,0.1164772840391915,0.6477862575357325,0.6477862575357325,0,0.0,0.0
741,0.3210365160358266,0.3210365160358266,0.5031105065837288,0.1293290379961276,0.1293290379961276,0.7192827707090186,0.7192827707090186,0,0.0,0.0
742,0.1124653087590065,0.1124653087590065,0.1764846019362939,0.0453675705512437,0.0453675705512437,0.2523244190815888,0.2523244190815888,0,0.0,0.0
743,0.1207849287342042,0.1207849287342042,0.1843868954777776,0.047400180172965,0.047400180172965,0.2636169955685408,0.2636169955685408,0,0.0,0.0
744,0.2103722600540873,0.2103722600540873,0.3213612070484654,0.0826150225093869,0.0826150225093869,0.4594761399398631,0.4594761399398631,0,0.0,0.0
745,0.1567525807624883,0.1567525807624883,0.246288645801551,0.0633206154571293,0.0633206154571293,0.352135319678,0.352135319678,0,0.0,0.0
746,0.1247470068924188,0.1247470068924188,0.1975576340744008,0.0507867993464791,0.0507867993464791,0.2824510327206158,0.2824510327206158,0,0.0,0.0
747,0.688422475526587,0.688422475526587,1.0826160195980608,0.2783145868795831,0.2783145868795831,1.5478859937787697,1.5478859937787697,0,0.0,0.0
748,0.326945231465905,0.326945231465905,0.5031129843627034,0.129348182314968,0.129348182314968,0.7193234306094499,0.7193234306094499,0,0.0,0.0
749,0.2068942842954659,0.2068942842954659,0.3253105068289654,0.0836289560096818,0.0836289560096818,0.465109339462932,0.465109339462932,0,0.0,0.0
750,0.2107022713562953,0.2107022713562953,0.3253091599828309,0.0836278821504672,0.0836278821504672,0.4650872379638441,0.4650872379638441,0,0.0,0.0
751,0.0983785683428798,0.0983785683428798,0.1554117169191427,0.0399519788625621,0.0399519788625621,0.2222002196705784,0.2222002196705784,0,0.0,0.0
752,0.2280634876338027,0.2280634876338027,0.3477011129354014,0.0893953720374985,0.0893953720374985,0.4971334033527556,0.4971334033527556,0,0.0,0.0
753,0.0816191147424755,0.0816191147424755,0.1303878141922098,0.0335226407372083,0.0335226407372083,0.1864243629036933,0.1864243629036933,0,0.0,0.0
754,0.1911946375322702,0.1911946375322702,0.3002867500265058,0.0771907207517524,0.0771907207517524,0.4293246468212489,0.4293246468212489,0,0.0,0.0
755,0.2791124620045112,0.2791124620045112,0.4398917833763057,0.1130836310021008,0.1130836310021008,0.6289053105593748,0.6289053105593748,0,0.0,0.0
756,0.2897198535137126,0.2897198535137126,0.4425287609536462,0.1137804309940074,0.1137804309940074,0.6327137637763354,0.6327137637763354,0,0.0,0.0
757,0.3827594489054577,0.3827594489054577,0.6084757824916472,0.1564254311940059,0.1564254311940059,0.8699559131941417,0.8699559131941417,0,0.0,0.0
758,0.2007963695013461,0.2007963695013461,0.3160930133353394,0.0812592289618049,0.0812592289618049,0.4519425472408799,0.4519425472408799,0,0.0,0.0
759,0.1491976737813116,0.1491976737813116,0.2331176283641157,0.0599357391565865,0.0599357391565865,0.3333041937783075,0.3333041937783075,0,0.0,0.0
760,0.90309328646264,0.90309328646264,1.3684129184615506,0.3517744956878955,0.3517744956878955,1.9564524076881125,1.9564524076881125,0,0.0,0.0
761,0.3631763791951246,0.3631763791951246,0.5650119859042433,0.1452512401043186,0.1452512401043186,0.8077936529127833,0.8077936529127833,0,0.0,0.0
762,0.2113471986559584,0.2113471986559584,0.3305774150442658,0.0849865054413705,0.0849865054413705,0.4726150990961208,0.4726150990961208,0,0.0,0.0
763,0.318258230376748,0.318258230376748,0.4952111364131597,0.1273084399756957,0.1273084399756957,0.7080127104756543,0.7080127104756543,0,0.0,0.0
764,0.2839567375292092,0.2839567375292092,0.4425259383353958,0.1137583886172918,0.1137583886172918,0.6326674451263642,0.6326674451263642,0,0.0,0.0
765,0.3200300692955258,0.3200300692955258,0.5070648432456984,0.130357098708977,0.130357098708977,0.7249896401619693,0.7249896401619693,0,0.0,0.0
766,0.1765028115223738,0.1765028115223738,0.2805305711291437,0.0721223975972093,0.0721223975972093,0.4010754207479592,0.4010754207479592,0,0.0,0.0
767,0.2667394325381667,0.2667394325381667,0.4280408950034483,0.1100393580752664,0.1100393580752664,0.6119970922191339,0.6119970922191339,0,0.0,0.0
768,0.2441555730431162,0.2441555730431162,0.3845781784473406,0.0988746949090007,0.0988746949090007,0.5498428219811812,0.5498428219811812,0,0.0,0.0
769,0.1829202783541353,0.1829202783541353,0.2910681918072216,0.0748313082650748,0.0748313082650748,0.4161508644164431,0.4161508644164431,0,0.0,0.0
770,0.2789766709664495,0.2789766709664495,0.4438446123531558,0.1141074999321221,0.1141074999321221,0.6345709678207834,0.6345709678207834,0,0.0,0.0
771,0.336632491456304,0.336632491456304,0.5347213981693997,0.1374580453447338,0.1374580453447338,0.7645156993052359,0.7645156993052359,0,0.0,0.0
772,0.166066105813045,0.166066105813045,0.2660446901201296,0.0683968319978192,0.0683968319978192,0.3803868295254948,0.3803868295254948,0,0.0,0.0
773,0.2373242060780866,0.2373242060780866,0.3793100169987358,0.0975222579306142,0.0975222579306142,0.5423060152474821,0.5423060152474821,0,0.0,0.0
774,0.0910468437108281,0.0910468437108281,0.1448759556289767,0.0372468170231956,0.0372468170231956,0.20713432467641,0.20713432467641,0,0.0,0.0
775,0.3851925616464231,0.3851925616464231,0.61505977545017,0.1581258078947202,0.1581258078947202,0.8793563358689492,0.8793563358689492,0,0.0,0.0
776,0.1422102426048974,0.1422102426048974,0.2252143208093193,0.0578966819511062,0.0578966819511062,0.3219912340284959,0.3219912340284959,0,0.0,0.0
777,0.2712626924610672,0.2712626924610672,0.4372609034387736,0.1124242728631576,0.1124242728631576,0.6251782010501131,0.6251782010501131,0,0.0,0.0
778,0.1547658215610467,0.1547658215610467,0.2476052134288886,0.0636596663448042,0.0636596663448042,0.3540080203798981,0.3540080203798981,0,0.0,0.0
779,0.2187497715655643,0.2187497715655643,0.3503357557329946,0.0900653610204893,0.0900653610204893,0.5008908153958719,0.5008908153958719,0,0.0,0.0
780,0.3095187532023187,0.3095187532023187,0.4952116591589423,0.1273114981963693,0.1273114981963693,0.7080212886384905,0.7080212886384905,0,0.0,0.0
