Segment,Zone,NSE_Price,Max_NSE_MW,Total_NSE_MWh,NSE_Percent_of_Demand
1,1,2000.0,1.1326443738953189e-12,4.583647997281134e-9,6.71963540777269e-13
1,2,2000.0,1.1326443740665065e-12,4.5836510832063545e-9,6.719639931744076e-13
1,3,2000.0,1.1326443740661317e-12,4.583651078406294e-9,6.719639924707179e-13
1,4,2000.0,1.132644373968589e-12,4.583649868712288e-9,6.719638151293802e-13
1,5,2000.0,1.1326443739890359e-12,4.583650163609899e-9,6.719638583614178e-13
1,6,2000.0,1.132644373967542e-12,4.583649761344232e-9,6.719637993892057e-13
1,7,2000.0,1.1326443739529501e-12,4.583649567616091e-9,6.719637709886288e-13
1,8,2000.0,1.1326443740505316e-12,4.583650914965559e-9,6.719639685102797e-13
1,9,2000.0,1.1326443740467963e-12,4.5836509052916814e-9,6.719639670920876e-13
1,10,2000.0,1.1326443739721562e-12,4.5836499251292755e-9,6.719638234001197e-13
1,11,2000.0,1.1326443740431903e-12,4.5836508911665526e-9,6.719639650213414e-13
1,12,2000.0,1.1326443739001269e-12,4.583648273850259e-9,6.719635813223478e-13
1,13,2000.0,1.1326443733921346e-12,4.596962937201361e-9,6.739155131318957e-13
1,14,2000.0,1.1326443738045875e-12,4.583645607232592e-9,6.719631903957647e-13
1,15,2000.0,1.1326443730107785e-12,4.5969614435192e-9,6.739152941578483e-13
1,16,2000.0,1.1326443740064713e-12,4.58365041409569e-9,6.719638950826754e-13
1,17,2000.0,1.1326443732572654e-12,4.596962609802874e-9,6.739154651352243e-13
1,18,2000.0,1.1326443735838595e-12,4.58364031701958e-9,6.71962414849678e-13
1,19,2000.0,1.1326443737967551e-12,4.583645603095007e-9,6.719631897891941e-13
1,20,2000.0,5.77143801646269e-13,4.819685188395866e-9,7.065666313266868e-13
1,21,2000.0,1.1326443737144507e-12,4.583643745510606e-9,6.719629174670192e-13
1,22,2000.0,1.1326443735270167e-12,4.583638578228783e-9,6.719621599426647e-13
1,23,2000.0,1.1326443735201278e-12,4.58363778534127e-9,6.719620437052267e-13
1,24,2000.0,1.1326443730028168e-12,4.583629006147556e-9,6.719607566740024e-13
1,25,2000.0,5.771438002034754e-13,4.819685196707274e-9,7.065666325451405e-13
1,26,2000.0,1.1326443736173603e-12,4.583641247864563e-9,6.719625513117036e-13
1,27,2000.0,1.1326443735634256e-12,4.583639683090774e-9,6.719623219156121e-13
1,28,2000.0,1.132644373343499e-12,4.583634151999242e-9,6.719615110566952e-13
1,29,2000.0,1.132644372987094e-12,4.583628816103073e-9,6.719607288134505e-13
1,30,2000.0,5.771437954124356e-13,4.8160015306221605e-9,7.060266064988425e-13
1,31,2000.0,1.1326443734324984e-12,4.583636121237804e-9,6.719617997473882e-13
1,32,2000.0,1.1326443736824362e-12,4.5836430124430805e-9,6.719628099992009e-13
1,33,2000.0,1.1326443733323966e-12,4.583633922102318e-9,6.719614773537689e-13
1,34,2000.0,1.1326443731180405e-12,4.583630508424415e-9,6.719609769080339e-13
1,35,2000.0,1.132644373146294e-12,4.5836308241178715e-9,6.719610231887459e-13
1,36,2000.0,1.132644372359057e-12,4.583623356690219e-9,6.719599284626394e-13
1,37,2000.0,1.132644373168951e-12,4.583631249957153e-9,6.719610856168537e-13
1,38,2000.0,1.1326443736931508e-12,4.5836433156605295e-9,6.719628544509282e-13
1,39,2000.0,1.1326443731406652e-12,4.583629782863055e-9,6.719608705406207e-13
1,40,2000.0,1.1326443729342966e-12,4.5836282610778986e-9,6.719606474466696e-13
1,41,2000.0,1.1326443730369445e-12,4.583629419915482e-9,6.719608173324475e-13
1,42,2000.0,1.1326443732211667e-12,4.583631131988553e-9,6.719610683226378e-13
1,43,2000.0,1.1326443736140387e-12,4.583641169246553e-9,6.719625397862906e-13
1,44,2000.0,1.1326443734549486e-12,4.583636653659311e-9,6.719618778004677e-13
1,45,2000.0,1.1326443732142003e-12,4.583631891536592e-9,6.719611796725037e-13
1,46,2000.0,1.132644373472914e-12,4.583637080298087e-9,6.719619403457816e-13
1,47,2000.0,1.1326443735134846e-12,4.583637587127261e-9,6.719620146470207e-13
1,48,2000.0,1.1326443734753955e-12,4.583637121349429e-9,6.719619463639149e-13
1,49,2000.0,1.1326443737910683e-12,4.583645379160155e-9,6.719631569603083e-13
1,50,2000.0,1.1326443738459207e-12,4.583646763845814e-9,6.719633599554508e-13
1,51,2000.0,1.1326443736553848e-12,4.58364230689453e-9,6.719627065656688e-13
1,52,2000.0,1.1326443736976873e-12,4.583643329658882e-9,6.719628565030889e-13
1,53,2000.0,1.1326443736173086e-12,4.583641266716069e-9,6.719625540753376e-13
1,54,2000.0,1.1326443735689832e-12,4.583639749535842e-9,6.719623316564698e-13
1,55,2000.0,1.1326443738023128e-12,4.583645696900128e-9,6.7196320354104e-13
1,56,2000.0,1.1326443736956065e-12,4.583643352904625e-9,6.719628599109187e-13
1,57,2000.0,1.132644373732597e-12,4.583644135870456e-9,6.719629746938366e-13
1,58,2000.0,1.13264437386218e-12,4.58364722974724e-9,6.719634282566756e-13
1,59,2000.0,1.1326443731790063e-12,4.583631368986243e-9,6.719611030665378e-13
1,60,2000.0,1.1326443739831422e-12,4.583650075241371e-9,6.719638454065773e-13
1,61,2000.0,1.132644372750753e-12,4.5836263417221835e-9,6.719603660688101e-13
1,62,2000.0,1.1326443739022077e-12,4.5836483054303856e-9,6.719635859519994e-13
1,63,2000.0,1.1326443735134846e-12,4.583637587127261e-9,6.719620146470207e-13
1,64,2000.0,1.1326443734467414e-12,4.583636447507103e-9,6.719618475785205e-13
1,65,2000.0,1.1326443726299717e-12,4.58362527537776e-9,6.719602097425445e-13
1,66,2000.0,1.1326443739923834e-12,4.583650158317121e-9,6.719638575854957e-13
1,67,2000.0,1.1326443739542297e-12,4.583649570998923e-9,6.719637714845524e-13
1,68,2000.0,1.1326443737537934e-12,4.583644553197325e-9,6.719630358740234e-13
1,69,2000.0,1.1326443739446137e-12,4.583649327472217e-9,6.71963735783498e-13
1,70,2000.0,1.1326443729248228e-12,4.583628120127914e-9,6.719606267833789e-13
1,71,2000.0,1.132644373659469e-12,4.583642419435866e-9,6.71962723064247e-13
1,72,2000.0,1.1326443735932816e-12,4.58364013705095e-9,6.719623884662477e-13
1,73,2000.0,1.132644373393621e-12,4.5836351943757106e-9,6.719616638692548e-13
1,74,2000.0,1.1326443740508547e-12,4.5836509373112515e-9,6.719639717861618e-13
1,75,2000.0,1.1326443736823457e-12,4.583642734732713e-9,6.719627692868159e-13
1,76,2000.0,1.1326443730305856e-12,4.5836293533381635e-9,6.719608075722019e-13
1,77,2000.0,1.1326443739251879e-12,4.583648908983302e-9,6.71963674432955e-13
1,78,2000.0,1.13264437340303e-12,4.583635362444367e-9,6.719616885081472e-13
1,79,2000.0,1.1326443729869324e-12,4.5836287910298084e-9,6.719607251377057e-13
1,80,2000.0,1.1326443734627551e-12,4.583636841586736e-9,6.719619053506588e-13
1,81,2000.0,1.1326443737174621e-12,4.5836438131524435e-9,6.719629273833236e-13
1,82,2000.0,1.132644374044974e-12,4.583650839686387e-9,6.719639574743409e-13
1,83,2000.0,1.1326443739582363e-12,4.583649574253412e-9,6.719637719616612e-13
1,84,2000.0,1.1326443740047652e-12,4.583650314072615e-9,6.719638804192765e-13
1,85,2000.0,1.1326443731775652e-12,4.583630370252632e-9,6.719609566520281e-13
1,86,2000.0,1.1326443740000994e-12,4.5836502408719015e-9,6.7196386968804e-13
1,87,2000.0,1.132644373985934e-12,4.583650043558913e-9,6.719638407619238e-13
1,88,2000.0,1.1326443737908356e-12,4.583645277745099e-9,6.719631420928446e-13
1,89,2000.0,1.13264437407536e-12,4.583651095791951e-9,6.719639950194581e-13
1,90,2000.0,1.1326443739167739e-12,4.583648577187019e-9,6.71963625791566e-13
1,91,2000.0,1.1326443739033451e-12,4.583648223237542e-9,6.719635739025151e-13
1,92,2000.0,1.1326443738567387e-12,4.583646958895173e-9,6.719633885497187e-13
1,93,2000.0,1.1326443740846657e-12,4.583651154834109e-9,6.71964003675048e-13
1,94,2000.0,1.1326443736997165e-12,4.583643214876441e-9,6.719628396759645e-13
1,95,2000.0,1.1326443727803634e-12,4.583625520330517e-9,6.719602456526584e-13
1,96,2000.0,1.132644372817244e-12,4.583625915761654e-9,6.719603036229274e-13
1,97,2000.0,1.1326443734357231e-12,4.583635476632863e-9,6.719617052481992e-13
1,98,2000.0,1.1326443727670058e-12,4.583625440001278e-9,6.719602338763788e-13
1,99,2000.0,1.132644372855275e-12,4.58362629963008e-9,6.719603598981009e-13
1,100,2000.0,1.1326443738345082e-12,4.583646423381295e-9,6.719633100432971e-13
1,101,2000.0,1.1326443735522651e-12,4.583638877461853e-9,6.719622038102813e-13
1,102,2000.0,1.132644373661789e-12,4.5836422273007354e-9,6.719626948972056e-13
1,103,2000.0,1.1326443737508854e-12,4.583644384897515e-9,6.71963011201244e-13
1,104,2000.0,1.1326443738108301e-12,4.583645819302749e-9,6.719632214852842e-13
1,105,2000.0,1.1326443735522651e-12,4.58363887780875e-9,6.719622038611366e-13
1,106,2000.0,1.1326443732328054e-12,4.583631409727918e-9,6.719611090392738e-13
1,107,2000.0,1.1326443732496269e-12,4.583631713125829e-9,6.71961153517457e-13
1,108,2000.0,1.1326443735199404e-12,4.5836377371506436e-9,6.71962036640473e-13
1,109,2000.0,1.1326443736090562e-12,4.583640697089278e-9,6.719624705679575e-13
1,110,2000.0,1.132644373363138e-12,4.5836339077932265e-9,6.719614752560537e-13
1,111,2000.0,1.132644373701442e-12,4.583643329678331e-9,6.719628565059401e-13
1,112,2000.0,1.1326443737464264e-12,4.583644243048614e-9,6.71962990406172e-13
1,113,2000.0,1.1326443738710592e-12,4.583647335936141e-9,6.719634438239857e-13
1,114,2000.0,1.1326443735838595e-12,4.583639935172124e-9,6.71962358870779e-13
1,115,2000.0,1.1326443735889906e-12,4.583640091144022e-9,6.719623817362844e-13
1,116,2000.0,1.1326443736027102e-12,4.583640414554536e-9,6.719624291483184e-13
1,117,2000.0,1.1326443737802374e-12,4.5836450299710234e-9,6.71963105769125e-13
1,118,2000.0,1.1326443736262655e-12,4.583641211058111e-9,6.719625459158718e-13
1,119,2000.0,1.1326443735254787e-12,4.5836380345450024e-9,6.719620802385343e-13
1,120,2000.0,1.1326443736338652e-12,4.58364135144785e-9,6.719625664970304e-13
1,121,2000.0,1.1326443737779885e-12,4.583644987027056e-9,6.719630994735324e-13
1,122,2000.0,1.132644373650887e-12,4.58364186242709e-9,6.719626414066699e-13
1,123,2000.0,1.1326443736156026e-12,4.5836407965640625e-9,6.71962485150977e-13
1,124,2000.0,1.1326443736396554e-12,4.5836415356738544e-9,6.719625935045926e-13
1,125,2000.0,1.1326443737861827e-12,4.583645175895005e-9,6.719631271616044e-13
1,126,2000.0,1.1326443736719995e-12,4.583642472291538e-9,6.719627308128971e-13
1,127,2000.0,1.1326443738761516e-12,4.583647486105533e-9,6.719634658388429e-13
1,128,2000.0,1.1326443738322076e-12,4.583646385830359e-9,6.719633045383238e-13
1,129,2000.0,1.1326443737839338e-12,4.583645192291918e-9,6.719631295653946e-13
1,130,2000.0,1.1326443736913736e-12,4.5836430098727234e-9,6.719628096223862e-13
1,131,2000.0,1.132644373755254e-12,4.583644457699122e-9,6.719630218739714e-13
1,132,2000.0,1.132644373664277e-12,4.5836422426093075e-9,6.719626971414448e-13
1,133,2000.0,1.1326443729600038e-12,4.583401584411523e-9,6.719274166105671e-13
1,134,2000.0,1.1326443737786476e-12,4.583645073333878e-9,6.719631121261266e-13
1,135,2000.0,1.1326443739014323e-12,4.5836482558458734e-9,6.719635786829019e-13
1,136,2000.0,1.1326443736336972e-12,4.58364144077064e-9,6.71962579591766e-13
1,137,2000.0,1.1326443729750934e-12,4.583627596262264e-9,6.719605499845896e-13
1,138,2000.0,5.816748698807903e-13,4.815001316374941e-9,7.058799749277672e-13
1,139,2000.0,1.1326443738056603e-12,4.583645709121336e-9,6.719632053326711e-13
1,140,2000.0,5.816743063437418e-13,4.815001266739615e-9,7.058799676512203e-13
1,141,2000.0,5.816753812411017e-13,4.815001356522747e-9,7.05879980813442e-13
1,142,2000.0,1.1326443735604206e-12,4.5836390769554875e-9,6.719622330560807e-13
1,143,2000.0,1.1326443736972156e-12,4.583643308883571e-9,6.71962853457425e-13
1,144,2000.0,1.1326443735427784e-12,4.5836386363854844e-9,6.719621684684466e-13
1,145,2000.0,1.132644373552472e-12,4.5836390020800124e-9,6.719622220793239e-13
1,146,2000.0,1.13264437346998e-12,4.5836365771885175e-9,6.71961866589837e-13
1,147,2000.0,5.77143794078064e-13,4.813790006978892e-9,7.057023967735921e-13
1,148,2000.0,5.81674458089786e-13,4.815001281717677e-9,7.058799698470067e-13
1,149,2000.0,1.1326443733219664e-12,4.583633025998068e-9,6.719613459847403e-13
1,150,2000.0,1.1326443737248615e-12,4.583643767466369e-9,6.719629206857376e-13
1,151,2000.0,1.1326443734305468e-12,4.5836354107562856e-9,6.719616955906823e-13
1,152,2000.0,1.1326443736724906e-12,4.583642461117595e-9,6.719627291747952e-13
1,153,2000.0,1.1326443729975371e-12,4.583627877689249e-9,6.719605912418314e-13
1,154,2000.0,1.132644373441591e-12,4.583635724332811e-9,6.719617415610518e-13
1,155,2000.0,1.1326443735753292e-12,4.58363956942996e-9,6.719623052529183e-13
1,156,2000.0,1.1326443732469902e-12,4.583631623073702e-9,6.719611403158004e-13
1,157,2000.0,1.132644373701694e-12,4.583643318408557e-9,6.719628548537893e-13
1,158,2000.0,5.771437843768123e-13,4.813142362786438e-9,7.05607452029802e-13
1,159,2000.0,5.771437795048025e-13,4.815288833340235e-9,7.059221249615714e-13
1,160,2000.0,1.1326443737443649e-12,4.583644251444565e-9,6.719629916370197e-13
1,161,2000.0,1.1326443737182893e-12,4.583643620202788e-9,6.719628990968728e-13
1,162,2000.0,1.1326443735325356e-12,4.583638235716694e-9,6.719621097303369e-13
1,163,2000.0,5.771474400580023e-13,4.811070801137739e-9,7.053037607556851e-13
1,164,2000.0,5.771437844141129e-13,4.81314236711741e-9,7.056074526647232e-13
1,165,2000.0,5.771488182881862e-13,4.811070817613023e-9,7.053037631709643e-13
1,166,2000.0,5.771437844896222e-13,4.813142373821604e-9,7.056074536475592e-13
1,167,2000.0,5.771437838416942e-13,4.813142331512366e-9,7.05607447445018e-13
1,168,2000.0,1.132644373474956e-12,4.583636745883665e-9,6.719618913205729e-13
1,169,2000.0,1.1326443739468884e-12,4.583649375806569e-9,6.719637428693218e-13
1,170,2000.0,1.1326443738732435e-12,4.5836474412902985e-9,6.719634592689223e-13
1,171,2000.0,1.132644373835581e-12,4.5836464470910975e-9,6.71963313519158e-13
1,172,2000.0,1.1326443733982221e-12,4.583634671644761e-9,6.719615872368128e-13
1,173,2000.0,1.1326443737603592e-12,4.583644606819731e-9,6.719630437350769e-13
1,174,2000.0,1.132644373757296e-12,4.583644491418648e-9,6.719630268172593e-13
1,175,2000.0,1.1326443736757606e-12,4.583642588626269e-9,6.719627478675875e-13
1,176,2000.0,1.132644373406985e-12,4.5836348456375985e-9,6.71961612744191e-13
1,177,2000.0,1.132644373928936e-12,4.583648946170417e-9,6.719636798845921e-13
1,178,2000.0,1.1326443735581975e-12,4.583639015386554e-9,6.719622240300651e-13
1,179,2000.0,1.1326443734570424e-12,4.5836361016968854e-9,6.719617968826864e-13
1,180,2000.0,1.1326443736110596e-12,4.583640754969685e-9,6.719624790532346e-13
1,181,2000.0,1.1326443735770353e-12,4.583639691302397e-9,6.719623231194373e-13
1,182,2000.0,1.1326443738294675e-12,4.583646246301623e-9,6.719632840833884e-13
1,183,2000.0,1.1326443737016294e-12,4.58364334144305e-9,6.7196285823065e-13
1,184,2000.0,1.1326443733465233e-12,4.583633554233995e-9,6.71961423424213e-13
1,185,2000.0,1.1326443737847998e-12,4.583645174151466e-9,6.719631269060013e-13
1,186,2000.0,1.1326443735043016e-12,4.583637341498791e-9,6.719619786378472e-13
1,187,2000.0,1.1326443731003014e-12,4.5836292601647486e-9,6.719607939129641e-13
1,188,2000.0,1.1326443740843038e-12,4.583651151139178e-9,6.719640031333704e-13
1,189,2000.0,1.132644374078772e-12,4.583651116261507e-9,6.719639980202982e-13
1,190,2000.0,1.1326443741288035e-12,4.583644518549035e-9,6.719630307945784e-13
1,191,2000.0,1.132644374030886e-12,4.583650677495168e-9,6.719639336970817e-13
1,192,2000.0,1.1326443737581232e-12,4.583644508527171e-9,6.719630293253715e-13
1,193,2000.0,1.1326443736401789e-12,4.583641511271896e-9,6.719625899272614e-13
1,194,2000.0,1.132644373462949e-12,4.583636183479983e-9,6.719618088721018e-13
1,195,2000.0,1.1326443739260409e-12,4.583648822739696e-9,6.719636617896283e-13
1,196,2000.0,1.1326443729822343e-12,4.583627667099202e-9,6.719605603692962e-13
1,197,2000.0,1.132644373280407e-12,4.583632128221407e-9,6.719612143705361e-13
1,198,2000.0,1.132644373801938e-12,4.583645542724616e-9,6.719631809388849e-13
1,199,2000.0,1.1326443739462939e-12,4.5836493176752695e-9,6.719637343472637e-13
1,200,2000.0,1.1326443739830646e-12,4.583650004426566e-9,6.719638350251154e-13
1,201,2000.0,1.1326443737820598e-12,4.5836450713775e-9,6.719631118393213e-13
1,202,2000.0,1.1326443731301187e-12,4.583629650633331e-9,6.719608511557216e-13
1,203,2000.0,1.1326443739918276e-12,4.583650125567137e-9,6.719638527843427e-13
1,204,2000.0,1.132644373952123e-12,4.5836494440686284e-9,6.719637528765507e-13
1,205,2000.0,1.132644373983685e-12,4.583650013087475e-9,6.71963836294806e-13
1,206,2000.0,1.1326443739152488e-12,4.583648542195613e-9,6.719636206618202e-13
1,207,2000.0,1.1326443739586499e-12,4.583649584778735e-9,6.719637735046752e-13
1,208,2000.0,1.132644374012714e-12,4.583650432399042e-9,6.719638977659499e-13
1,209,2000.0,1.1326443736582282e-12,4.5836420592441205e-9,6.719626702600786e-13
1,210,2000.0,1.1326443739260538e-12,4.583648822739696e-9,6.719636617896283e-13
1,211,2000.0,1.132644373473922e-12,4.583637062027645e-9,6.719619376673318e-13
1,212,2000.0,1.1326443738268697e-12,4.583646278813896e-9,6.719632888496929e-13
1,213,2000.0,1.1326443735823409e-12,4.5836397780661654e-9,6.719623358390199e-13
1,214,2000.0,1.1326443733726054e-12,4.583634692004398e-9,6.719615902215388e-13
1,215,2000.0,1.1326443735254916e-12,4.58363851131307e-9,6.719621501328104e-13
1,216,2000.0,1.132644373447827e-12,4.583636422950371e-9,6.719618439784995e-13
1,217,2000.0,1.132644373692944e-12,4.5836430305227754e-9,6.719628126496872e-13
1,218,2000.0,1.132644372945541e-12,4.5836283170695185e-9,6.719606556550502e-13
1,219,2000.0,1.132644373244625e-12,4.583632379807459e-9,6.719612512530921e-13
1,220,2000.0,1.132644373691238e-12,4.583643234377229e-9,6.719628425347831e-13
1,221,2000.0,1.1326443720362175e-12,4.596765917052832e-9,6.738866299461256e-13
1,222,2000.0,1.1326443718758737e-12,4.596765179605178e-9,6.738865218361798e-13
1,223,2000.0,1.1326443739760853e-12,4.5836499050306965e-9,6.719638204536648e-13
1,224,2000.0,1.1326443740521472e-12,4.583650891860842e-9,6.719639651231243e-13
1,225,2000.0,1.1326443739600328e-12,4.583649629035946e-9,6.719637799927895e-13
1,226,2000.0,1.1326443738016536e-12,4.583645536364965e-9,6.719631800065591e-13
1,227,2000.0,1.132644373582218e-12,4.583639726392957e-9,6.719623282637192e-13
1,228,2000.0,1.1326443739613253e-12,4.58364965098428e-9,6.719637832104189e-13
1,229,2000.0,1.1326443739524719e-12,4.5836494685720955e-9,6.719637564687631e-13
1,230,2000.0,1.1326443739935337e-12,4.583650152168051e-9,6.719638566840411e-13
1,231,2000.0,1.1326443739228873e-12,4.5836487473751206e-9,6.719636507411694e-13
1,232,2000.0,1.1326443739294789e-12,4.58364895614641e-9,6.719636813470743e-13
1,233,2000.0,1.1326443738256418e-12,4.583646112344045e-9,6.719632644451858e-13
1,234,2000.0,1.132644374045646e-12,4.583650861176624e-9,6.71963960624813e-13
1,235,2000.0,1.1326443738560924e-12,4.583646962344918e-9,6.719633890554517e-13
1,236,2000.0,1.1326443737989523e-12,4.583645472440991e-9,6.719631706352941e-13
1,237,2000.0,1.132644373413273e-12,4.5836349609051705e-9,6.719616296424358e-13
1,238,2000.0,1.1326443739798206e-12,4.5836499680528066e-9,6.719638296927164e-13
1,239,2000.0,1.132644373386745e-12,4.583634351657865e-9,6.719615403266818e-13
1,240,2000.0,1.1326443737941185e-12,4.58364537206336e-9,6.71963155919917e-13
1,241,2000.0,1.1326443734545932e-12,4.5836359866393776e-9,6.719617800152372e-13
1,242,2000.0,1.1326443738323756e-12,4.583646325002919e-9,6.719632956210112e-13
1,243,2000.0,1.1326443737267097e-12,4.583643784394867e-9,6.719629231674582e-13
1,244,2000.0,1.1326443740482051e-12,4.583650870688569e-9,6.719639620192657e-13
1,245,2000.0,1.1326443739987165e-12,4.583650220997504e-9,6.719638667744501e-13
1,246,2000.0,1.1326443740534138e-12,4.583650916211131e-9,6.719639686928807e-13
1,247,2000.0,1.1326443740703968e-12,4.583651065493066e-9,6.719639905776366e-13
1,248,2000.0,1.132644373992784e-12,4.583650137483277e-9,6.719638545312508e-13
1,249,2000.0,1.1326443740391061e-12,4.583650776586625e-9,6.719639482239055e-13
1,250,2000.0,1.1326443740462406e-12,4.583650851985193e-9,6.719639592773478e-13
1,251,2000.0,1.1326443740416782e-12,4.583650805171128e-9,6.719639524143982e-13
1,252,2000.0,1.132644374095264e-12,4.583651209246619e-9,6.719640116519307e-13
1,253,2000.0,1.1326443732603673e-12,4.583631809075816e-9,6.719611675837405e-13
1,254,2000.0,1.13264437339534e-12,4.583635197029615e-9,6.719616642583177e-13
1,255,2000.0,1.1326443735277857e-12,4.5836379884179365e-9,6.719620734762989e-13
1,256,2000.0,1.132644373615777e-12,4.58364082103554e-9,6.719624887384996e-13
1,257,2000.0,1.132644373241704e-12,4.583631503609413e-9,6.719611228023163e-13
1,258,2000.0,1.1326443727351593e-12,4.583625047229814e-9,6.719601762960185e-13
1,259,2000.0,1.1326443725317246e-12,4.5836234372916675e-9,6.719599402788249e-13
1,260,2000.0,1.1326443729690834e-12,4.583628601363671e-9,6.719606973326191e-13
1,261,2000.0,1.1326443723847901e-12,4.583623539617852e-9,6.7195995527986e-13
1,262,2000.0,1.1326443736454845e-12,4.583641739834411e-9,6.719626234345632e-13
1,263,2000.0,1.132644373095991e-12,4.583629182301904e-9,6.719607824982585e-13
1,264,2000.0,1.1326443740736926e-12,4.583651085337704e-9,6.719639934868636e-13
1,265,2000.0,1.1326443739483618e-12,4.583649364482679e-9,6.719637412092376e-13
1,266,2000.0,1.1326443740851698e-12,4.583651161032252e-9,6.719640045836967e-13
1,267,2000.0,1.1326443740704356e-12,4.5836510656345436e-9,6.719639905983772e-13
1,268,2000.0,1.132644374095096e-12,4.5836512146925205e-9,6.719640124503009e-13
1,269,2000.0,1.132644373943515e-12,4.58364925800785e-9,6.719637256000104e-13
1,270,2000.0,1.1326443740196157e-12,4.583650530346209e-9,6.719639121250204e-13
1,271,2000.0,1.1326443716671463e-12,4.5836199562961054e-9,6.719594299643101e-13
1,272,2000.0,1.132644373416601e-12,4.583635610886276e-9,6.719617249297714e-13
1,273,2000.0,1.132644373580861e-12,4.583640207497955e-9,6.7196239879379e-13
1,274,2000.0,1.1326443730914027e-12,4.5836300582371186e-9,6.719609109105031e-13
1,275,2000.0,1.1326443722814766e-12,4.583622837075787e-9,6.719598522870793e-13
1,276,2000.0,1.1326443732166043e-12,4.583631877342933e-9,6.71961177591711e-13
1,277,2000.0,1.1326443732840841e-12,4.583632953070574e-9,6.719613352935579e-13
1,278,2000.0,1.1326443731826899e-12,4.583631388328164e-9,6.719611059020664e-13
1,279,2000.0,1.132644372026007e-12,4.5967658653126024e-9,6.738866223609996e-13
1,280,2000.0,1.1326443709981317e-12,4.582439272093421e-9,6.717863414684556e-13
1,281,2000.0,1.132644372572586e-12,4.5836248096910795e-9,6.719601414728015e-13
1,282,2000.0,1.1326443718453973e-12,4.582442114735786e-9,6.717867582002881e-13
1,283,2000.0,1.132644373651908e-12,4.583642193547538e-9,6.719626899489814e-13
1,284,2000.0,1.1326443730385278e-12,4.583628364580583e-9,6.719606626201801e-13
1,285,2000.0,1.1326443737297729e-12,4.583643869385145e-9,6.719629356270468e-13
1,286,2000.0,1.1326443738409964e-12,4.583646571545789e-9,6.71963331764236e-13
1,287,2000.0,1.132644372926839e-12,4.583627121221411e-9,6.719604803435235e-13
1,288,2000.0,1.132644373245911e-12,4.583631635421328e-9,6.719611421259644e-13
1,289,2000.0,1.1326443739196173e-12,4.583648672251327e-9,6.71963639728009e-13
1,290,2000.0,1.1326443732588357e-12,4.583631844964719e-9,6.719611728450596e-13
1,291,2000.0,1.1326443733908163e-12,4.596754116946681e-9,6.738849000486475e-13
1,292,2000.0,1.1326443737353887e-12,4.583643970273694e-9,6.719629504173244e-13
1,293,2000.0,1.1326443738907435e-12,4.5836478780736325e-9,6.719635233014301e-13
1,294,2000.0,1.1326443737669379e-12,4.583644721696538e-9,6.719630605760354e-13
1,295,2000.0,1.1326443735960604e-12,4.583640218075884e-9,6.719624003445161e-13
1,296,2000.0,1.1326443738101322e-12,4.5836457513175675e-9,6.719632115186455e-13
1,297,2000.0,1.1326443725913979e-12,4.583623924925178e-9,6.719600117659766e-13
1,298,2000.0,1.132644373519404e-12,4.583637788051618e-9,6.719620441025641e-13
1,299,2000.0,1.1326443739096007e-12,4.583648399747014e-9,6.719635997788324e-13
1,300,2000.0,1.1326443737561328e-12,4.583644521849892e-9,6.719630312784846e-13
1,301,2000.0,1.1326443736158223e-12,4.583640866478852e-9,6.719624954004965e-13
1,302,2000.0,1.1326443737613544e-12,4.583644635857466e-9,6.719630479920135e-13
1,303,2000.0,1.1326443737848386e-12,4.583645192163965e-9,6.719631295466366e-13
1,304,2000.0,1.1326443737500324e-12,4.583644365541641e-9,6.719630083636696e-13
1,305,2000.0,1.1326443738011625e-12,4.5836455486540665e-9,6.719631818081434e-13
1,306,2000.0,1.1326443736818352e-12,4.583642759930703e-9,6.719627729808453e-13
1,307,2000.0,1.1326443738888824e-12,4.583647880967904e-9,6.719635237257307e-13
1,308,2000.0,1.1326443737605143e-12,4.583644589206137e-9,6.71963041152921e-13
1,309,2000.0,1.1326443737400545e-12,4.5836441323083295e-9,6.719629741716283e-13
1,310,2000.0,1.1326443735809385e-12,4.583639554008281e-9,6.719623029920976e-13
1,311,2000.0,1.1326443731322642e-12,4.583629488935869e-9,6.719608274508475e-13
1,312,2000.0,1.1326443735105765e-12,4.583637205945756e-9,6.719619587657502e-13
1,313,2000.0,1.1326443737261281e-12,4.583643635548285e-9,6.719629013465251e-13
1,314,2000.0,1.1326443735938374e-12,4.583639972198e-9,6.719623642987783e-13
1,315,2000.0,1.1326443737218371e-12,4.583643620968954e-9,6.719628992091928e-13
1,316,2000.0,1.1326443732897128e-12,4.583631900305044e-9,6.719611809579603e-13
1,317,2000.0,1.1326443735314563e-12,4.5836378429863036e-9,6.719620521559979e-13
1,318,2000.0,1.1326443734314192e-12,4.583635162341656e-9,6.719616591730572e-13
1,319,2000.0,1.1326443738097832e-12,4.583645734508925e-9,6.719632090544958e-13
1,320,2000.0,1.1326443737107348e-12,4.5836433963737985e-9,6.719628662835065e-13
1,321,2000.0,1.1326443735485105e-12,4.583638255464088e-9,6.719621126253082e-13
1,322,2000.0,1.132644373436673e-12,4.5836354931909175e-9,6.719617076756127e-13
1,323,2000.0,1.1326443737790483e-12,4.583645001269165e-9,6.719631015614279e-13
1,324,2000.0,1.1326443737782987e-12,4.583644987218673e-9,6.719630995016235e-13
1,325,2000.0,1.1326443737029606e-12,4.583643105207327e-9,6.719628235984546e-13
1,326,2000.0,1.1326443735117462e-12,4.5836368521541015e-9,6.719619068998362e-13
1,327,2000.0,1.1326443736695955e-12,4.583642225538837e-9,6.719626946389109e-13
1,328,2000.0,1.1326443737987326e-12,4.5836452899221246e-9,6.719631438779986e-13
1,329,2000.0,1.1326443738651397e-12,4.583646872740862e-9,6.719633759194826e-13
1,330,2000.0,1.1326443732445862e-12,4.583631281346995e-9,6.719610902186097e-13
1,331,2000.0,1.13264437381189e-12,4.583645611458063e-9,6.719631910152194e-13
1,332,2000.0,1.1326443735410723e-12,4.5836384187195535e-9,6.719621365585859e-13
1,333,2000.0,1.1326443740330315e-12,4.583650746510129e-9,6.719639438146863e-13
1,334,2000.0,1.1326443737457414e-12,4.583644282767974e-9,6.719629962290366e-13
1,335,2000.0,1.1326443739631994e-12,4.5836496786059445e-9,6.719637872597593e-13
1,336,2000.0,1.1326443737896724e-12,4.583645247867405e-9,6.7196313771277e-13
1,337,2000.0,1.1326443737587307e-12,4.583644604712934e-9,6.7196304342622e-13
1,338,2000.0,1.1326443737828094e-12,4.583645085296557e-9,6.719631138798572e-13
1,339,2000.0,1.1326443738682029e-12,4.583647292723045e-9,6.719634374889388e-13
1,340,2000.0,1.1326443738082452e-12,4.583645771004023e-9,6.719632144046831e-13
1,341,2000.0,1.1326443739072096e-12,4.5836484111301894e-9,6.719636014476078e-13
1,342,2000.0,1.1326443735285224e-12,4.583637980972504e-9,6.719620723847973e-13
1,343,2000.0,1.132644373704854e-12,4.583643390472091e-9,6.719628654183152e-13
1,344,2000.0,1.132644373822514e-12,4.583646144171059e-9,6.719632691110312e-13
1,345,2000.0,1.1326443737071611e-12,4.583643440601649e-9,6.719628727673166e-13
1,346,2000.0,1.1326443738231086e-12,4.583646152059872e-9,6.719632702675324e-13
1,347,2000.0,1.1326443736474103e-12,4.583411492319604e-9,6.719288691115008e-13
1,348,2000.0,1.1326443735443293e-12,4.583638628782332e-9,6.719621673538234e-13
1,349,2000.0,1.1326443739524719e-12,4.583649519564366e-9,6.71963763944238e-13
1,350,2000.0,1.1326443727740368e-12,4.583631137334193e-9,6.719610691063096e-13
1,351,2000.0,1.1326443732982043e-12,4.583632475362193e-9,6.719612652614316e-13
1,352,2000.0,1.1326443737106767e-12,4.583643448064587e-9,6.719628738613845e-13
1,353,2000.0,1.132644372723708e-12,4.583630625724913e-9,6.71960994104306e-13
1,354,2000.0,1.1326443738508967e-12,4.583646811472094e-9,6.719633669374713e-13
1,355,2000.0,1.1326443739170582e-12,4.583648582977342e-9,6.719636266404284e-13
1,356,2000.0,1.1326443730971478e-12,4.583629125263465e-9,6.71960774136414e-13
1,357,2000.0,1.1326443732071434e-12,4.58363088060109e-9,6.71961031469195e-13
1,358,2000.0,1.1326443736023418e-12,4.5836403747876435e-9,6.719624233184855e-13
1,359,2000.0,1.1326443729265353e-12,4.583632896151e-9,6.719613269491391e-13
1,360,2000.0,1.1326443735903283e-12,4.583640018209585e-9,6.719623710440842e-13
1,361,2000.0,1.132644373786144e-12,4.583645158810235e-9,6.719631246569743e-13
1,362,2000.0,1.1326443737702724e-12,4.58364476795887e-9,6.719630673581008e-13
1,363,2000.0,1.1326443738955257e-12,4.583647997978373e-9,6.719635408794845e-13
1,364,2000.0,1.1326443734988861e-12,4.583637158104058e-9,6.719619517521495e-13
1,365,2000.0,1.1326443738385407e-12,4.583646490311268e-9,6.719633198552419e-13
1,366,2000.0,1.132644373688834e-12,4.583642905217612e-9,6.719627942799298e-13
1,367,2000.0,1.1326443737166866e-12,4.58364352940368e-9,6.719628857857087e-13
1,368,2000.0,1.1326443726111985e-12,4.583623982539806e-9,6.719600202122904e-13
1,369,2000.0,1.1326443733326874e-12,4.5836331748870774e-9,6.719613678118933e-13
1,370,2000.0,1.132644373154695e-12,4.5836299712429116e-9,6.719608981571383e-13
1,371,2000.0,1.132644373762957e-12,4.58364470115541e-9,6.719630575647027e-13
1,372,2000.0,1.1326443737474216e-12,4.583644342985343e-9,6.719630050569126e-13
1,373,2000.0,1.132644373853262e-12,4.5836469388731004e-9,6.719633856144795e-13
1,374,2000.0,1.1326443738911313e-12,4.5836479640115886e-9,6.719635358999484e-13
1,375,2000.0,1.1326443733574705e-12,4.583633681650465e-9,6.719614421034882e-13
1,376,2000.0,1.132644373472901e-12,4.583636593499809e-9,6.719618689810749e-13
1,377,2000.0,1.1326443735530858e-12,4.583638810449578e-9,6.719621939862711e-13
1,378,2000.0,1.1326443737499419e-12,4.583644274225514e-9,6.719629949767106e-13
1,379,2000.0,1.1326443737358863e-12,4.583643856779631e-9,6.719629337790762e-13
1,380,2000.0,1.1326443735779917e-12,4.583639490159843e-9,6.719622936319062e-13
1,381,2000.0,5.77143784001143e-13,4.811837481477909e-9,7.054161562180614e-13
1,382,2000.0,1.132644373697836e-12,4.5836430905630656e-9,6.719628214516034e-13
1,383,2000.0,1.132644373394894e-12,4.583634303630786e-9,6.719615332859043e-13
1,384,2000.0,1.1326443737075489e-12,4.583643181434958e-9,6.719628347734376e-13
1,385,2000.0,1.1326443722172925e-12,4.583621401095343e-9,6.719596417721129e-13
1,386,2000.0,1.132644372594041e-12,4.583623922571576e-9,6.719600114209382e-13
1,387,2000.0,1.132644373803657e-12,4.583645553396037e-9,6.719631825033171e-13
1,388,2000.0,1.132644373062264e-12,4.583628601579733e-9,6.719606973642939e-13
1,389,2000.0,1.1326443724525479e-12,4.58362284016413e-9,6.719598527398308e-13
1,390,2000.0,1.1326443729527983e-12,4.583628136454824e-9,6.719606291769066e-13
1,391,2000.0,1.1326443733735036e-12,4.583634037066279e-9,6.719614942075042e-13
1,392,2000.0,1.1326443737293011e-12,4.58364371243446e-9,6.719629126180508e-13
1,393,2000.0,1.1326443735879437e-12,4.583639940650992e-9,6.719623596739819e-13
1,394,2000.0,5.77143777742856e-13,4.815288802953464e-9,7.05922120506866e-13
1,395,2000.0,1.1326443734671624e-12,4.583636213011944e-9,6.719618132014921e-13
1,396,2000.0,1.1326443736829338e-12,4.583642670639235e-9,6.719627598907016e-13
1,397,2000.0,1.1326443730458755e-12,4.583628502218245e-9,6.719606827978836e-13
1,398,2000.0,1.1326443733182505e-12,4.583632838758771e-9,6.71961318535429e-13
1,399,2000.0,1.1326443735153005e-12,4.5836374508729826e-9,6.719619946721213e-13
1,400,2000.0,1.1326443734196319e-12,4.583635062216557e-9,6.719616444947015e-13
1,401,2000.0,1.1326443734755829e-12,4.583636435473433e-9,6.719618458143824e-13
1,402,2000.0,1.1326443731004306e-12,4.583629051352727e-9,6.719607633010878e-13
1,403,2000.0,1.1326443735963706e-12,4.583640125726128e-9,6.719623868060268e-13
1,404,2000.0,1.1326443737305936e-12,4.583646143579645e-9,6.719632690243298e-13
1,405,2000.0,1.1326443736975452e-12,4.583645500559588e-9,6.719631747574849e-13
1,406,2000.0,1.1326443735702046e-12,4.583639347256508e-9,6.719622726822542e-13
1,407,2000.0,1.132644373801925e-12,4.583645542724615e-9,6.719631809388848e-13
1,408,2000.0,1.1326443737138561e-12,4.583643518483638e-9,6.719628841848289e-13
1,409,2000.0,1.1326443729332497e-12,4.5836270555060766e-9,6.719604707096448e-13
1,410,2000.0,1.1326443732025357e-12,4.583630817401359e-9,6.719610222041042e-13
1,411,2000.0,1.132644373701345e-12,4.583643237004984e-9,6.719628429200124e-13
1,412,2000.0,1.1326443734891926e-12,4.583642311006698e-9,6.719627071685132e-13
1,413,2000.0,1.1326443737794231e-12,4.583645007970831e-9,6.719631025438932e-13
1,414,2000.0,1.1326443737357829e-12,4.583643977763756e-9,6.719629515153687e-13
1,415,2000.0,1.1326443736555076e-12,4.58364197552921e-9,6.719626579874591e-13
1,416,2000.0,1.1326443737850324e-12,4.5836451407574686e-9,6.719631220104359e-13
1,417,2000.0,1.1326443719877435e-12,4.583620432370427e-9,6.719594997568829e-13
1,418,2000.0,1.1326443728771306e-12,4.5836264769798414e-9,6.719603858976048e-13
1,419,2000.0,1.1326443729316212e-12,4.583627448098628e-9,6.719605282637766e-13
1,420,2000.0,1.1326443732891958e-12,4.583631453922141e-9,6.719611155181542e-13
1,421,2000.0,5.77143799931417e-13,4.814233401002827e-9,7.057673984095072e-13
1,422,2000.0,1.1326443735535253e-12,4.5836381462129566e-9,6.719620966090745e-13
1,423,2000.0,1.1326443736840389e-12,4.583645269738557e-9,6.719631409190844e-13
1,424,2000.0,1.1326443731313594e-12,4.583635994957242e-9,6.719617812346373e-13
1,425,2000.0,1.1326443736255417e-12,4.583644251568765e-9,6.719629916552275e-13
1,426,2000.0,5.820187934743028e-13,4.808290034037905e-9,7.048960998472581e-13
1,427,2000.0,1.1326443737108835e-12,4.583645585744419e-9,6.71963187245595e-13
1,428,2000.0,1.132644373731718e-12,4.583646114424349e-9,6.719632647501586e-13
1,429,2000.0,1.1326443733331398e-12,4.5836389357052095e-9,6.71962212348767e-13
1,430,2000.0,1.1326443735472762e-12,4.583643255752103e-9,6.719628456683431e-13
1,431,2000.0,1.132644373394196e-12,4.583640784849369e-9,6.719624834336011e-13
1,432,2000.0,1.132644373406649e-12,4.58364048824519e-9,6.719624399513802e-13
1,433,2000.0,1.1326443737366876e-12,4.583644000013351e-9,6.71962954777163e-13
1,434,2000.0,1.1326443728734794e-12,4.583631691920292e-9,6.719611504087216e-13
1,435,2000.0,1.1326443729218953e-12,4.5836329187647315e-9,6.719613302643158e-13
1,436,2000.0,1.1326443729898405e-12,4.583186279147344e-9,6.718958528238733e-13
1,437,2000.0,1.132644373698618e-12,4.583645446869059e-9,6.719631668864447e-13
1,438,2000.0,1.1326443738045875e-12,4.583645607232594e-9,6.71963190395765e-13
1,439,2000.0,1.1326443727718202e-12,4.58318265250272e-9,6.718953211571824e-13
1,440,2000.0,1.1326443729129773e-12,4.583632787359795e-9,6.719613110003307e-13
1,441,2000.0,1.132644373501988e-12,4.583637234316943e-9,6.719619629249707e-13
1,442,2000.0,1.132644373119236e-12,4.583629517193928e-9,6.719608315934835e-13
1,443,2000.0,1.1326443738352449e-12,4.5836464280472615e-9,6.719633107273286e-13
1,444,2000.0,1.1326443734118835e-12,4.583634847873095e-9,6.71961613071915e-13
1,445,2000.0,1.1326443739143311e-12,4.583648518637016e-9,6.71963617208126e-13
1,446,2000.0,1.132644373619493e-12,4.583640881635079e-9,6.719624976224018e-13
1,447,2000.0,1.1326443736228081e-12,4.583640963202696e-9,6.719625095802278e-13
1,448,2000.0,1.1326443734952801e-12,4.583637051856415e-9,6.719619361762278e-13
1,449,2000.0,1.132644373640347e-12,4.5836415984318085e-9,6.719626027049189e-13
1,450,2000.0,1.1326443738844104e-12,4.583647681285556e-9,6.71963494452266e-13
1,451,2000.0,1.1326443740580537e-12,4.583650931282294e-9,6.719639709023156e-13
1,452,2000.0,1.1326443738563897e-12,4.583646916580441e-9,6.71963382346372e-13
1,453,2000.0,1.1326443738562604e-12,4.5836469492012734e-9,6.719633871285914e-13
1,454,2000.0,1.1326443739005922e-12,4.58364813761387e-9,6.71963561350071e-13
1,455,2000.0,1.1326443737558614e-12,4.583644425032592e-9,6.719630170850527e-13
1,456,2000.0,1.1326443737850195e-12,4.583647021769408e-9,6.719633977670916e-13
1,457,2000.0,1.1326443736762453e-12,4.5836452247617436e-9,6.719631343254762e-13
1,458,2000.0,1.1326443738799385e-12,4.583648849241319e-9,6.719636656747705e-13
1,459,2000.0,1.1326443730595563e-12,4.58363477922132e-9,6.719616030075537e-13
1,460,2000.0,1.1326443735949166e-12,4.583644004026636e-9,6.719629553655113e-13
1,461,2000.0,1.1326443735888355e-12,4.583410571410171e-9,6.719287341060284e-13
1,462,2000.0,1.1326443735235917e-12,4.582479320815787e-9,6.717922126176584e-13
1,463,2000.0,1.1326443737135589e-12,4.583645782656902e-9,6.719632161129971e-13
1,464,2000.0,1.1326443738610297e-12,4.583648491711758e-9,6.719636132608789e-13
1,465,2000.0,1.1326443735237532e-12,4.5836428374610844e-9,6.719627843468119e-13
1,466,2000.0,1.132644373985417e-12,4.5836503624187745e-9,6.719638875068313e-13
1,467,2000.0,5.820188187852379e-13,4.808290035180832e-9,7.048961000148112e-13
1,468,2000.0,1.1326443737864412e-12,4.5836470787124034e-9,6.71963406114944e-13
1,469,2000.0,1.1326443733902476e-12,4.5836405405292074e-9,6.719624476162257e-13
1,470,2000.0,1.1326443728680058e-12,4.583632265016072e-9,6.719612344246561e-13
1,471,2000.0,1.1326443736143877e-12,4.58364420971805e-9,6.719629855199059e-13
1,472,2000.0,1.1326443724533944e-12,4.583628135580276e-9,6.719606290486979e-13
1,473,2000.0,5.820186637475511e-13,4.808290009010508e-9,7.048960961782375e-13
1,474,2000.0,1.1326443723730804e-12,4.583627493100538e-9,6.719605348610639e-13
1,475,2000.0,1.1326443732440046e-12,4.583637553852288e-9,6.719620097689042e-13
1,476,2000.0,1.132644372220569e-12,4.583626495237245e-9,6.719603885741431e-13
1,477,2000.0,1.1326443735663724e-12,4.583639201468174e-9,6.719622513096607e-13
1,478,2000.0,1.1326443736434036e-12,4.583644651654583e-9,6.719630503078734e-13
1,479,2000.0,1.1326443737499484e-12,4.583644311306642e-9,6.7196300041281e-13
1,480,2000.0,1.1326443732643222e-12,4.583631869604234e-9,6.719611764572165e-13
1,481,2000.0,1.132644373735757e-12,4.583643983067278e-9,6.71962952292866e-13
1,482,2000.0,1.132644373717404e-12,4.583643600922271e-9,6.719628962703459e-13
1,483,2000.0,1.1326443739518127e-12,4.58364944790256e-9,6.719637534386057e-13
1,484,2000.0,1.1326443733024049e-12,4.583638644763571e-9,6.719621696966754e-13
1,485,2000.0,1.132644373635694e-12,4.583641443714471e-9,6.71962580023332e-13
1,486,2000.0,1.1326443735197013e-12,4.583637749917315e-9,6.719620385120691e-13
1,487,2000.0,1.1326443737455733e-12,4.5836442730611526e-9,6.71962994806015e-13
1,488,2000.0,1.1326443736723937e-12,4.583642433593884e-9,6.719627251398148e-13
1,489,2000.0,1.1326443735106282e-12,4.5836375313061675e-9,6.719620064636393e-13
1,490,2000.0,1.1326443732553977e-12,4.583631694277295e-9,6.719611507542587e-13
1,491,2000.0,1.132644373696214e-12,4.583643113945389e-9,6.719628248794559e-13
1,492,2000.0,1.132644372959797e-12,4.5836274615423065e-9,6.719605302346221e-13
1,493,2000.0,1.1326443740030075e-12,4.583650287936584e-9,6.719638765877301e-13
1,494,2000.0,1.132644373728054e-12,4.5836438131444406e-9,6.719629273821504e-13
1,495,2000.0,1.1326443739176786e-12,4.583648596855258e-9,6.719636286749331e-13
1,496,2000.0,1.1326443736668555e-12,4.583642384715831e-9,6.719627179742842e-13
1,497,2000.0,1.1326443732996325e-12,4.583632526674214e-9,6.719612727837823e-13
1,498,2000.0,1.132644373574851e-12,4.583639325432804e-9,6.719622694828956e-13
1,499,2000.0,1.1326443730177449e-12,4.5836280871743616e-9,6.719606219523828e-13
1,500,2000.0,1.1326443736553913e-12,4.583641977706347e-9,6.719626583066277e-13
1,501,2000.0,1.132644373494944e-12,4.583637026695411e-9,6.719619324876205e-13
1,502,2000.0,1.1326443735265062e-12,4.583637920752804e-9,6.719620635565795e-13
1,503,2000.0,1.1326443736882265e-12,4.583642896671981e-9,6.71962793027139e-13
1,504,2000.0,1.1326443736197514e-12,4.583640841939128e-9,6.719624918029689e-13
1,505,2000.0,1.1326443736437203e-12,4.58364155318743e-9,6.719625960720856e-13
1,506,2000.0,1.132644373660839e-12,4.583642118268173e-9,6.719626789130143e-13
1,507,2000.0,1.1326443737529275e-12,4.583644398809441e-9,6.719630132407345e-13
1,508,2000.0,1.1326443726190632e-12,4.583624082845874e-9,6.719600349171763e-13
1,509,2000.0,1.1326443729605272e-12,4.583627453178984e-9,6.719605290085576e-13
1,510,2000.0,1.1326443727163926e-12,4.583624878623235e-9,6.719601515782668e-13
1,511,2000.0,1.1326443735825735e-12,4.583639750322136e-9,6.719623317717406e-13
1,512,2000.0,1.1326443731177885e-12,4.583629465577934e-9,6.719608240265705e-13
1,513,2000.0,1.1326443733954627e-12,4.583634550899699e-9,6.71961569535567e-13
1,514,2000.0,1.1326443736144846e-12,4.5836407436576286e-9,6.719624773948852e-13
1,515,2000.0,1.132644373515643e-12,4.583637637031821e-9,6.719620219630373e-13
1,516,2000.0,1.132644373617858e-12,4.58364084658846e-9,6.719624924845618e-13
1,517,2000.0,1.1326443734682934e-12,4.58363633440833e-9,6.71961830998222e-13
1,518,2000.0,1.1326443730834023e-12,4.583628979661795e-9,6.719607527911856e-13
1,519,2000.0,1.132644372849517e-12,4.583626163774815e-9,6.719603399816971e-13
1,520,2000.0,1.1326443737030899e-12,4.583643282978898e-9,6.719628496597957e-13
1,521,2000.0,1.132644373593146e-12,4.583639874522802e-9,6.719623499795785e-13
1,522,2000.0,1.132644373491771e-12,4.583636712380006e-9,6.719618864089311e-13
1,523,2000.0,1.1326443725381158e-12,4.583623517823465e-9,6.719599520847993e-13
1,524,2000.0,1.1326443734771015e-12,4.583636333173063e-9,6.719618308171316e-13
1,525,2000.0,1.1326443734225076e-12,4.583634754449665e-9,6.719615993760251e-13
1,526,2000.0,1.1326443732630298e-12,4.583631953804342e-9,6.719611888009659e-13
1,527,2000.0,1.132644373241872e-12,4.583631589689385e-9,6.71961135421654e-13
1,528,2000.0,1.1326443732147302e-12,4.58363109129415e-9,6.719610623568317e-13
1,529,2000.0,1.1326443738519048e-12,4.583646841281408e-9,6.719633713075215e-13
1,530,2000.0,1.1326443734989895e-12,4.583642403015304e-9,6.719627206569899e-13
1,531,2000.0,1.1326443737603721e-12,4.583644640878807e-9,6.719630487281428e-13
1,532,2000.0,1.1326443738306695e-12,4.583646338190656e-9,6.719632975543357e-13
1,533,2000.0,1.1326443728583058e-12,4.583626242443396e-9,6.719603515145237e-13
1,534,2000.0,1.132644373255792e-12,4.583631687377226e-9,6.719611497427075e-13
1,535,2000.0,1.1326443735084116e-12,4.5836374842904465e-9,6.71961999571127e-13
1,536,2000.0,1.1326443732957939e-12,4.583632481499132e-9,6.719612661611079e-13
1,537,2000.0,1.1326443734282203e-12,4.5836352778500804e-9,6.71961676106611e-13
1,538,2000.0,1.1326443730440014e-12,4.583628457210462e-9,6.719606761997353e-13
1,539,2000.0,1.1326443733395117e-12,4.583632625350977e-9,6.719612872498116e-13
1,540,2000.0,1.1326443730715245e-12,4.583187354394403e-9,6.718960104552668e-13
1,541,2000.0,1.132644373742284e-12,4.583644137283655e-9,6.719629749010118e-13
1,542,2000.0,1.132644373364185e-12,4.583191645166013e-9,6.718966394830817e-13
1,543,2000.0,1.1326443731897015e-12,4.5831911797944246e-9,6.718965712595312e-13
1,544,2000.0,1.1326443732785588e-12,4.58319253027636e-9,6.718967692404023e-13
1,545,2000.0,1.132644373613399e-12,4.583640204850913e-9,6.719623984057332e-13
1,546,2000.0,1.1326443728381433e-12,4.5831831079740435e-9,6.718953879293524e-13
1,547,2000.0,1.1326443733403647e-12,4.583193658704681e-9,6.718969346681773e-13
1,548,2000.0,1.1326443734591556e-12,4.5836360886075265e-9,6.719617949637843e-13
1,549,2000.0,1.1326443738925788e-12,4.583647926015882e-9,6.719635303297715e-13
1,550,2000.0,1.1326443736105749e-12,4.583640599236781e-9,6.719624562227655e-13
1,551,2000.0,1.132644373295167e-12,4.583632385304338e-9,6.719612520589355e-13
1,552,2000.0,1.132644373632941e-12,4.583641295778496e-9,6.71962558335894e-13
1,553,2000.0,1.1326443734406539e-12,4.583635556785071e-9,6.719617169985259e-13
1,554,2000.0,1.1326443737954368e-12,4.583645372324619e-9,6.719631559582177e-13
1,555,2000.0,1.1326443728612203e-12,4.583626250211702e-9,6.719603526533586e-13
1,556,2000.0,1.1326443736970928e-12,4.583643035853591e-9,6.719628134311857e-13
1,557,2000.0,1.132644373668736e-12,4.583642213549e-9,6.71962692881199e-13
1,558,2000.0,1.1326443737445652e-12,4.583644195565066e-9,6.719629834450761e-13
1,559,2000.0,1.1326443734298876e-12,4.5836350362265116e-9,6.719616406845566e-13
1,560,2000.0,1.1326443737012933e-12,4.583643261199568e-9,6.719628464669424e-13
1,561,2000.0,1.1326443735549793e-12,4.583638859347062e-9,6.719622011546502e-13
1,562,2000.0,1.1326443731838143e-12,4.583631243732022e-9,6.719610847042486e-13
1,563,2000.0,1.1326443736421822e-12,4.583641599737136e-9,6.7196260289628e-13
1,564,2000.0,1.1326443731332723e-12,4.583629654156151e-9,6.719608516721677e-13
1,565,2000.0,1.1326443731085215e-12,4.583629269397508e-9,6.719607952664881e-13
1,566,2000.0,1.132644373798849e-12,4.583645422518614e-9,6.719631633166656e-13
1,567,2000.0,5.771437842434294e-13,4.811837482452906e-9,7.054161563609961e-13
1,568,2000.0,1.1326443733164475e-12,4.583632334077112e-9,6.719612445490158e-13
1,569,2000.0,1.1326443738748332e-12,4.583647271172068e-9,6.719634343295621e-13
1,570,2000.0,1.1326443732731563e-12,4.583631645392955e-9,6.719611435878064e-13
1,571,2000.0,1.1326443732207596e-12,4.583630824857827e-9,6.719610232972234e-13
1,572,2000.0,1.1326443738204978e-12,4.583645764663643e-9,6.719632134751823e-13
1,573,2000.0,1.132644372675725e-12,4.583624270259473e-9,6.719600623920404e-13
1,574,2000.0,1.1326443731316696e-12,4.583629349361904e-9,6.719608069892816e-13
1,575,2000.0,5.771437740364471e-13,4.815288768534373e-9,7.059221154610215e-13
1,576,2000.0,1.1326443737972204e-12,4.583645327251625e-9,6.719631493505094e-13
1,577,2000.0,1.1326443734917452e-12,4.583636404939791e-9,6.719618413381456e-13
1,578,2000.0,1.132644373596836e-12,4.583639996505826e-9,6.719623678623096e-13
1,579,2000.0,1.1326443736149499e-12,4.583640211954245e-9,6.719623994470828e-13
1,580,2000.0,1.1326443735491373e-12,4.583638442509036e-9,6.719621400461279e-13
1,581,2000.0,1.132644373532807e-12,4.5836381611896985e-9,6.719620988046673e-13
1,582,2000.0,5.77143784200319e-13,4.81183748001791e-9,7.054161560040253e-13
1,583,2000.0,1.1326443734886304e-12,4.583636765032873e-9,6.719618941278499e-13
1,584,2000.0,1.1326443737656583e-12,4.58364470089174e-9,6.719630575260486e-13
1,585,2000.0,1.1326443738556271e-12,4.583646877760163e-9,6.719633766553129e-13
1,586,2000.0,1.1326443738192312e-12,4.5836458354370216e-9,6.719632238505712e-13
1,587,2000.0,1.1326443737590796e-12,4.583644393977047e-9,6.719630125323048e-13
1,588,2000.0,1.1326443735975985e-12,4.5836406629232895e-9,6.719624655592179e-13
1,589,2000.0,1.132644373452467e-12,4.58363657120849e-9,6.719618657131639e-13
1,590,2000.0,1.1326443737316664e-12,4.583644074338748e-9,6.719629656732782e-13
1,591,2000.0,1.132644373509646e-12,4.583637886938429e-9,6.719620585993866e-13
1,592,2000.0,1.1326443735587792e-12,4.583638957353975e-9,6.719622155224795e-13
1,593,2000.0,1.1326443732418591e-12,4.583632237539754e-9,6.719612303966235e-13
1,594,2000.0,1.1326443739775587e-12,4.5836499504960966e-9,6.719638271188998e-13
1,595,2000.0,1.1326443732644386e-12,4.5836326729018595e-9,6.719612942207788e-13
1,596,2000.0,1.1326443734806558e-12,4.5836372493600005e-9,6.719619651302854e-13
1,597,2000.0,1.132644372995314e-12,4.58362885162528e-9,6.719607340210116e-13
1,598,2000.0,1.132644373024692e-12,4.583628953041936e-9,6.719607488887098e-13
1,599,2000.0,1.1326443731073518e-12,4.5836302294151906e-9,6.719609360052363e-13
1,600,2000.0,1.1326443722603382e-12,4.583622638208741e-9,6.719598231331381e-13
1,601,2000.0,1.1326443734180486e-12,4.583635609559265e-9,6.719617247352314e-13
1,602,2000.0,1.1326443732185947e-12,4.583631888676367e-9,6.719611792531943e-13
1,603,2000.0,1.1326443731693128e-12,4.583631118556287e-9,6.719610663534655e-13
1,604,2000.0,5.77143810824985e-13,4.81450897848348e-9,7.058077981129242e-13
1,605,2000.0,1.1326443736978037e-12,4.583643346859622e-9,6.719628590247202e-13
1,606,2000.0,1.1326443732939457e-12,4.583633187582852e-9,6.719613696730959e-13
1,607,2000.0,1.1326443736607356e-12,4.583642359750669e-9,6.719627143143874e-13
1,608,2000.0,5.771438079195712e-13,4.814508995026858e-9,7.058078005381861e-13
1,609,2000.0,1.1326443725690963e-12,4.583624555535939e-9,6.719601042136166e-13
1,610,2000.0,1.132644373247042e-12,4.583632218306002e-9,6.719612275769522e-13
1,611,2000.0,1.132644373303833e-12,4.583633131408494e-9,6.719613614379259e-13
1,612,2000.0,1.1326443734576757e-12,4.583636368063048e-9,6.71961835932009e-13
1,613,2000.0,1.1326443734082517e-12,4.583635202105188e-9,6.719616650023975e-13
1,614,2000.0,1.1326443731017813e-12,4.583629972476426e-9,6.719608983379716e-13
1,615,2000.0,1.1326443733060949e-12,4.583633314983359e-9,6.719613883500309e-13
1,616,2000.0,1.1326443736905658e-12,4.583642950707751e-9,6.719628009487916e-13
1,617,2000.0,1.1326443736739576e-12,4.583642741627446e-9,6.719627702975849e-13
1,618,2000.0,1.1326443736044356e-12,4.583640794004283e-9,6.719624847757129e-13
1,619,2000.0,1.1326443737053064e-12,4.58364334162307e-9,6.719628582570409e-13
1,620,2000.0,1.13264437373482e-12,4.58364396608482e-9,6.719629498032349e-13
1,621,2000.0,1.1326443734834217e-12,4.583637300099036e-9,6.719619725686363e-13
1,622,2000.0,1.13264437356128e-12,4.58363951750446e-9,6.719622976406316e-13
1,623,2000.0,1.1326443733987714e-12,4.583634571547643e-9,6.719615725625589e-13
1,624,2000.0,1.13264437342243e-12,4.583635116335867e-9,6.719616524286011e-13
1,625,2000.0,1.1326443728643546e-12,4.583627386323824e-9,6.719605192075802e-13
1,626,2000.0,1.1326443731471986e-12,4.583630829331393e-9,6.71961023953049e-13
1,627,2000.0,1.1326443729613221e-12,4.583628265715046e-9,6.719606481264762e-13
1,628,2000.0,1.1326443730914803e-12,4.583629838142709e-9,6.71960878644627e-13
1,629,2000.0,1.132644372763626e-12,4.583626372606776e-9,6.719603705964963e-13
1,630,2000.0,1.1326443737251265e-12,4.583643761734814e-9,6.719629198454907e-13
1,631,2000.0,1.1326443734219325e-12,4.583634934293902e-9,6.719616257412195e-13
1,632,2000.0,1.132644373375423e-12,4.583634413583645e-9,6.719615494050112e-13
1,633,2000.0,1.1326443730651333e-12,4.583628342189506e-9,6.719606593376444e-13
1,634,2000.0,1.132644372662025e-12,4.583624340373657e-9,6.719600726707911e-13
1,635,2000.0,1.1326443723926096e-12,4.583622293747915e-9,6.71959772635125e-13
1,636,2000.0,1.1326443726840938e-12,4.583624505705484e-9,6.719600969084638e-13
1,637,2000.0,1.13264437323382e-12,4.583631982416367e-9,6.719611929954935e-13
1,638,2000.0,1.1326443717460645e-12,4.583620035686492e-9,6.719594416029536e-13
1,639,2000.0,1.1326443728166947e-12,4.583626533582154e-9,6.719603941955129e-13
1,640,2000.0,5.771438007249708e-13,4.814233393438139e-9,7.057673973005228e-13
1,641,2000.0,1.1326443722386764e-12,4.583622403160516e-9,6.7195978867503e-13
1,642,2000.0,1.1326443736700026e-12,4.5836425564656664e-9,6.71962743152838e-13
1,643,2000.0,1.1326443730945951e-12,4.583629963401331e-9,6.719608970075614e-13
1,644,2000.0,1.1326443736932283e-12,4.583643163527139e-9,6.719628321481484e-13
1,645,2000.0,1.1326443728562637e-12,4.58362723829043e-9,6.719604975058606e-13
1,646,2000.0,1.132644373561642e-12,4.5836393906364006e-9,6.719622790417535e-13
1,647,2000.0,1.1326443730877386e-12,4.583629640881013e-9,6.719608497260303e-13
1,648,2000.0,1.1326443727400513e-12,4.583625123517701e-9,6.719601874798353e-13
1,649,2000.0,1.1326443730790532e-12,4.583629608164294e-9,6.71960844929754e-13
1,650,2000.0,1.132644372675583e-12,4.583625288106699e-9,6.71960211608609e-13
1,651,2000.0,1.1326443732662739e-12,4.583632401173468e-9,6.719612543853526e-13
1,652,2000.0,1.1326443732618666e-12,4.583632322194092e-9,6.719612428069632e-13
1,653,2000.0,1.132644373402526e-12,4.583634984523298e-9,6.71961633104857e-13
1,654,2000.0,1.132644373381924e-12,4.5836346248317255e-9,6.719615803740141e-13
1,655,2000.0,1.1326443728438754e-12,4.5836268334617454e-9,6.719604381579097e-13
1,656,2000.0,1.1326443716647488e-12,4.58361958661418e-9,6.719593757688798e-13
1,657,2000.0,1.1326443729750934e-12,4.5836275962622656e-9,6.719605499845898e-13
1,658,2000.0,5.771437884918193e-13,4.815202859035735e-9,7.059095211145697e-13
1,659,2000.0,1.13264437253672e-12,4.5836240081853095e-9,6.719600239719255e-13
1,660,2000.0,1.1326443732516625e-12,4.583631626250655e-9,6.719611407815423e-13
1,661,2000.0,1.1326443728594367e-12,4.583627049026035e-9,6.719604697596695e-13
1,662,2000.0,1.1326443733466009e-12,4.5836336017267814e-9,6.719614303866632e-13
1,663,2000.0,1.1326443727949296e-12,4.583626344781095e-9,6.71960366517247e-13
1,664,2000.0,1.1326443727259698e-12,4.583625528541358e-9,6.71960246856369e-13
1,665,2000.0,1.1326443733944352e-12,4.583634977949012e-9,6.719616321410657e-13
1,666,2000.0,1.1326443734604287e-12,4.583636613998583e-9,6.719618719861985e-13
1,667,2000.0,1.1326443729007828e-12,4.583627679057672e-9,6.719605621224099e-13
1,668,2000.0,1.132644373614168e-12,4.5836410521081124e-9,6.719625226137762e-13
1,669,2000.0,1.1326443730774828e-12,4.583628911848104e-9,6.719607428496874e-13
1,670,2000.0,1.132644373322199e-12,4.5836335332066906e-9,6.719614203416068e-13
1,671,2000.0,1.1326443733872878e-12,4.583634585955885e-9,6.719615746748096e-13
1,672,2000.0,1.1326443736011657e-12,4.583640672047003e-9,6.71962466896756e-13
1,673,2000.0,1.1326443732863718e-12,4.583632925562045e-9,6.719613312608031e-13
1,674,2000.0,1.1326443731032288e-12,4.583630077027711e-9,6.71960913665207e-13
1,675,2000.0,1.1326443722290475e-12,4.58362228240335e-9,6.719597709720098e-13
1,676,2000.0,1.1326443737249714e-12,4.583643833241374e-9,6.719629303283641e-13
1,677,2000.0,1.132644373789401e-12,4.583645236899833e-9,6.719631361049221e-13
1,678,2000.0,1.1326443732472746e-12,4.5836323262839346e-9,6.719612434065348e-13
1,679,2000.0,1.1326443732789918e-12,4.583632781838335e-9,6.719613101908838e-13
1,680,2000.0,1.1326443728471583e-12,4.583626594735581e-9,6.719604031606153e-13
1,681,2000.0,1.1326443733644628e-12,4.5836344343230555e-9,6.719615524454121e-13
1,682,2000.0,1.1326443736595272e-12,4.583642088122745e-9,6.719626744936897e-13
1,683,2000.0,1.1326443733335598e-12,4.583633225193408e-9,6.719613751868095e-13
1,684,2000.0,1.1326443730960427e-12,4.58363003362554e-9,6.719609073024417e-13
1,685,2000.0,1.1326443733571345e-12,4.5836342142178996e-9,6.719615201779606e-13
1,686,2000.0,1.1326443727412727e-12,4.583626086764406e-9,6.719603286919586e-13
1,687,2000.0,1.1326443727906127e-12,4.583626568529239e-9,6.719603993187613e-13
1,688,2000.0,1.132644371577423e-12,4.5836195424394304e-9,6.719593692928544e-13
1,689,2000.0,1.1326443728200164e-12,4.583626877206666e-9,6.719604445709222e-13
1,690,2000.0,1.1326443723275854e-12,4.58362305116814e-9,6.71959883673053e-13
1,691,2000.0,1.1326443727418543e-12,4.583626098034852e-9,6.719603303442077e-13
1,692,2000.0,1.1326443735348426e-12,4.583638220170572e-9,6.719621074512729e-13
1,693,2000.0,1.1326443729325323e-12,4.583628020174966e-9,6.719606121302607e-13
1,694,2000.0,1.1326443727503652e-12,4.583625204413878e-9,6.719601993392279e-13
1,695,2000.0,1.132644372900395e-12,4.5836276254726914e-9,6.719605542668431e-13
1,696,2000.0,1.1326443736142455e-12,4.58364097319659e-9,6.719625110453343e-13
1,697,2000.0,1.132644373384677e-12,4.583634741228597e-9,6.719615974378143e-13
1,698,2000.0,1.1326443733905707e-12,4.583634963977008e-9,6.719616300927677e-13
1,699,2000.0,1.1326443722172667e-12,4.583622395119443e-9,6.719597874962074e-13
1,700,2000.0,1.1326443736763874e-12,4.5836427654454904e-9,6.719627737893141e-13
1,701,2000.0,1.132644373721611e-12,4.583643751261945e-9,6.719629183101664e-13
1,702,2000.0,1.1326443732600442e-12,4.5836325009688305e-9,6.719612690153688e-13
1,703,2000.0,1.1326443738823037e-12,4.5836476075653435e-9,6.719634836448709e-13
1,704,2000.0,5.771437891659327e-13,4.815202847862735e-9,7.05909519476606e-13
1,705,2000.0,1.1326443728831018e-12,4.5836275622487055e-9,6.719605449981965e-13
1,706,2000.0,1.132644373730529e-12,4.583643981230083e-9,6.719629520235329e-13
1,707,2000.0,1.1326443733171584e-12,4.5836335396439706e-9,6.71961421285313e-13
1,708,2000.0,1.1326443734196319e-12,4.583635062216558e-9,6.719616444947016e-13
1,709,2000.0,1.1326443737261152e-12,4.583643778898893e-9,6.719629223617475e-13
1,710,2000.0,1.1326443739425457e-12,4.583649236020873e-9,6.719637223767161e-13
1,711,2000.0,1.132644373497445e-12,4.583637620643039e-9,6.719620195604393e-13
1,712,2000.0,1.132644373798332e-12,4.583645454851876e-9,6.71963168056727e-13
1,713,2000.0,1.1326443738542313e-12,4.583646835183619e-9,6.719633704135847e-13
1,714,2000.0,1.1326443739608083e-12,4.583649592762535e-9,6.719637746751015e-13
1,715,2000.0,1.1326443740199647e-12,4.583650502068796e-9,6.719639079795471e-13
1,716,2000.0,1.132644373985404e-12,4.583650000464747e-9,6.719638344443121e-13
1,717,2000.0,1.132644373838825e-12,4.583646445703999e-9,6.719633133158091e-13
1,718,2000.0,1.1326443739899018e-12,4.583650066174197e-9,6.71963844077328e-13
1,719,2000.0,1.132644374027629e-12,4.583650604020533e-9,6.719639229256883e-13
1,720,2000.0,1.132644373987627e-12,4.583650032363375e-9,6.719638391206562e-13
1,721,2000.0,1.1326443737851617e-12,4.583645033615675e-9,6.719631063034315e-13
1,722,2000.0,1.1326443735728025e-12,4.583639311839708e-9,6.719622674901456e-13
1,723,2000.0,1.1326443736731692e-12,4.583642366025354e-9,6.719627152342573e-13
1,724,2000.0,1.132644373397983e-12,4.5836344110441565e-9,6.719615490327218e-13
1,725,2000.0,1.1326443732936872e-12,4.5836330211104e-9,6.719613452682074e-13
1,726,2000.0,1.132644372340439e-12,4.5836219218223945e-9,6.719597181107833e-13
1,727,2000.0,1.1326443731651704e-12,4.58363011319332e-9,6.719609189670912e-13
1,728,2000.0,1.1326443729117624e-12,4.583626863541046e-9,6.719604425675401e-13
1,729,2000.0,1.1326443736308473e-12,4.5836411447928505e-9,6.719625362013739e-13
1,730,2000.0,1.1326443730014404e-12,4.583627812381916e-9,6.719605816677658e-13
1,731,2000.0,1.1326443737553961e-12,4.583644253912558e-9,6.71962991998828e-13
1,732,2000.0,1.132644371322574e-12,4.583618173181198e-9,6.719591685593751e-13
1,733,2000.0,1.132644373245924e-12,4.583631265724672e-9,6.719610879283746e-13
1,734,2000.0,1.1326443730696505e-12,4.583629646059733e-9,6.719608504852315e-13
1,735,2000.0,1.1326443735836269e-12,4.583640134279449e-9,6.719623880599452e-13
1,736,2000.0,1.1326443736786622e-12,4.583642625823495e-9,6.719627533207069e-13
1,737,2000.0,1.1326443728405925e-12,4.583626085009799e-9,6.719603284347329e-13
1,738,2000.0,1.132644372751425e-12,4.583626169681694e-9,6.719603408476464e-13
1,739,2000.0,1.1326443727417897e-12,4.5836260905627955e-9,6.71960329248803e-13
1,740,2000.0,1.1326443734522086e-12,4.58363607143967e-9,6.719617924469738e-13
1,741,2000.0,1.1326443735259569e-12,4.5836381582735824e-9,6.719620983771641e-13
1,742,2000.0,1.1326443722349541e-12,4.583622264270287e-9,6.719597683137e-13
1,743,2000.0,1.132644372318829e-12,4.583622747161264e-9,6.719598391055955e-13
1,744,2000.0,1.1326443731375051e-12,4.583630472870864e-9,6.719609716958777e-13
1,745,2000.0,1.132644372796306e-12,4.583626589149882e-9,6.719604023417509e-13
1,746,2000.0,1.1326443725780725e-12,4.583623761376369e-9,6.719599877896947e-13
1,747,2000.0,1.1326443738693015e-12,4.583647135658411e-9,6.71963414463238e-13
1,748,2000.0,1.1326443735236046e-12,4.583638166673147e-9,6.719620996085416e-13
1,749,2000.0,1.1326443731488142e-12,4.583630712159287e-9,6.719610067755991e-13
1,750,2000.0,1.1326443731508046e-12,4.583630665574338e-9,6.719609999462382e-13
1,751,2000.0,1.1326443719341577e-12,4.583620888715339e-9,6.719595666571211e-13
1,752,2000.0,1.1326443732676439e-12,4.583631775798624e-9,6.719611627052989e-13
1,753,2000.0,1.1326443714834412e-12,4.583619095193245e-9,6.71959303726491e-13
1,754,2000.0,1.1326443730592073e-12,4.583629438135957e-9,6.719608200035722e-13
1,755,2000.0,1.1326443734285822e-12,4.583635595942274e-9,6.719617227389783e-13
1,756,2000.0,1.1326443734589165e-12,4.58363573711253e-9,6.719617434345606e-13
1,757,2000.0,1.1326443736478756e-12,4.583641717326875e-9,6.719626201349549e-13
1,758,2000.0,1.1326443731797947e-12,4.583630334809688e-9,6.719609514560867e-13
1,759,2000.0,5.771437782873445e-13,4.815288809889746e-9,7.059221215237259e-13
1,760,2000.0,1.1326443739300217e-12,4.583648889661702e-9,6.719636716004053e-13
1,761,2000.0,1.1326443735969006e-12,4.5836404258999574e-9,6.71962430811559e-13
1,762,2000.0,1.132644373163781e-12,4.583631030251065e-9,6.719610534079056e-13
1,763,2000.0,1.1326443735114942e-12,4.583638012775453e-9,6.719620770471149e-13
1,764,2000.0,1.1326443734363629e-12,4.583635761871299e-9,6.719617470642002e-13
1,765,2000.0,1.1326443735288003e-12,4.583638430537761e-9,6.71962138291137e-13
1,766,2000.0,1.1326443729726441e-12,4.583628503270472e-9,6.719606829521402e-13
1,767,2000.0,1.1326443734059898e-12,4.5836352473640064e-9,6.719616716373476e-13
1,768,2000.0,1.1326443733134878e-12,4.583633433872153e-9,6.719614057791474e-13
1,769,2000.0,1.1326443730230828e-12,4.583629040522214e-9,6.719607617133329e-13
1,770,2000.0,1.132644373432925e-12,4.583635936646655e-9,6.719617726862959e-13
1,771,2000.0,1.1326443735614869e-12,4.58363945171002e-9,6.71962287995156e-13
1,772,2000.0,1.1326443729010736e-12,4.583627741781345e-9,6.719605713177105e-13
1,773,2000.0,1.13264437330214e-12,4.583633199591906e-9,6.719613714336251e-13
1,774,2000.0,1.1326443719570796e-12,4.583620254380209e-9,6.719594736634881e-13
1,775,2000.0,1.1326443736533944e-12,4.583641930238258e-9,6.719626513477981e-13
1,776,2000.0,1.1326443727803311e-12,4.583625446853113e-9,6.719602348808591e-13
1,777,2000.0,1.1326443734241749e-12,4.5836353790666894e-9,6.719616909449823e-13
1,778,2000.0,1.1326443728019154e-12,4.583626715729834e-9,6.719604208983924e-13
1,779,2000.0,1.1326443732287793e-12,4.583631855224594e-9,6.719611743491589e-13
1,780,2000.0,1.1326443735119207e-12,4.583637923912258e-9,6.71962064019756e-13
2,1,1800.0,1.4562570286644368e-12,5.110410125713089e-9,7.491869543505773e-13
2,2,1800.0,1.456257042756389e-12,5.1104191513402075e-9,7.491882775089786e-13
2,3,1800.0,1.456257042717964e-12,5.110419090213246e-9,7.491882685477561e-13
2,4,1800.0,1.4562570335681315e-12,5.1104120523722404e-9,7.491872367991218e-13
2,5,1800.0,1.4562570354374045e-12,5.1104128580616435e-9,7.491873549133192e-13
2,6,1800.0,1.4562570347146103e-12,5.110411923179079e-9,7.491872178593833e-13
2,7,1800.0,1.4562570321528125e-12,5.11041154675616e-9,7.491871626757224e-13
2,8,1800.0,1.4562570412047663e-12,5.110417011268923e-9,7.491879637741808e-13
2,9,1800.0,1.456257040849027e-12,5.110416633487681e-9,7.491879083913894e-13
2,10,1800.0,1.4562570338917336e-12,5.110412184497823e-9,7.491872561687536e-13
2,11,1800.0,1.4562570405068068e-12,5.110416322508463e-9,7.491878628017856e-13
2,12,1800.0,1.4562570274474473e-12,5.110410301529451e-9,7.491869801252846e-13
2,13,1800.0,1.4562570284169482e-12,5.126836510182334e-9,7.515950649813826e-13
2,14,1800.0,1.4562570212340284e-12,5.110408933952864e-9,7.491867796383347e-13
2,15,1800.0,1.456257017225802e-12,5.126833657960767e-9,7.515946468452378e-13
2,16,1800.0,1.4562570370412884e-12,5.110413703088608e-9,7.491874787944095e-13
2,17,1800.0,1.4562570242336503e-12,5.126835234646762e-9,7.515948779876608e-13
2,18,1800.0,1.4562570014109294e-12,5.110407922128603e-9,7.491866313047338e-13
2,19,1800.0,1.4562570185649105e-12,5.110408954526912e-9,7.491867826544935e-13
2,20,1800.0,6.508413336495426e-13,5.404438396452013e-9,7.922915465905444e-13
2,21,1800.0,1.456257011837709e-12,5.110408406873895e-9,7.491867023684723e-13
2,22,1800.0,1.4562569968795241e-12,5.110407822298706e-9,7.491866166696547e-13
2,23,1800.0,1.4562569989246442e-12,5.110407741802978e-9,7.491866048689679e-13
2,24,1800.0,1.4562569582537503e-12,5.1104074915162445e-9,7.491865681768921e-13
2,25,1800.0,6.508413339334885e-13,5.404438438937393e-9,7.92291552818908e-13
2,26,1800.0,1.4562570039600415e-12,5.11040802850957e-9,7.491866469002009e-13
2,27,1800.0,1.4562569997861786e-12,5.110407888262374e-9,7.491866263399392e-13
2,28,1800.0,1.4562569829564394e-12,5.110407593376125e-9,7.491865831095671e-13
2,29,1800.0,1.4562569570228603e-12,5.110407495905559e-9,7.491865688203664e-13
2,30,1800.0,6.50841329828582e-13,5.3998407464217714e-9,7.916175303494612e-13
2,31,1800.0,1.4562569895325964e-12,5.110407700223019e-9,7.491865987733391e-13
2,32,1800.0,1.4562570091837647e-12,5.1104082473587645e-9,7.491866789835282e-13
2,33,1800.0,1.4562569820872923e-12,5.110407582867601e-9,7.49186581569016e-13
2,34,1800.0,1.4562569663413536e-12,5.110407520195501e-9,7.491865723812758e-13
2,35,1800.0,1.4562569683089255e-12,5.110407500742406e-9,7.491865695294489e-13
2,36,1800.0,1.4562569134864512e-12,5.110407482462315e-9,7.491865668495846e-13
2,37,1800.0,1.4562569701792843e-12,5.110407525170172e-9,7.491865731105634e-13
2,38,1800.0,1.4562570100325037e-12,5.1104083113391285e-9,7.491866883630601e-13
2,39,1800.0,1.4562569689180148e-12,5.110407457756216e-9,7.491865632276665e-13
2,40,1800.0,1.4562569535722182e-12,5.110407493455556e-9,7.491865684611955e-13
2,41,1800.0,1.4562569606073118e-12,5.110407496959744e-9,7.491865689749101e-13
2,42,1800.0,1.4562569755144893e-12,5.110407477657387e-9,7.491865661451813e-13
2,43,1800.0,1.4562570037485741e-12,5.110408017996007e-9,7.491866453589108e-13
2,44,1800.0,1.4562569913869867e-12,5.110407710181026e-9,7.491866002331846e-13
2,45,1800.0,1.4562569733942251e-12,5.110407525653749e-9,7.491865731814558e-13
2,46,1800.0,1.4562569926681214e-12,5.110407734526414e-9,7.491866038022224e-13
2,47,1800.0,1.4562569983816389e-12,5.110407730112398e-9,7.49186603155127e-13
2,48,1800.0,1.4562569928250467e-12,5.110407733330711e-9,7.491866036269322e-13
2,49,1800.0,1.456257018087918e-12,5.110408850337555e-9,7.491867673803169e-13
2,50,1800.0,1.4562570227394325e-12,5.1104094334712015e-9,7.491868528678042e-13
2,51,1800.0,1.4562570070298833e-12,5.110408147553312e-9,7.491866643520328e-13
2,52,1800.0,1.4562570104010708e-12,5.110408285326858e-9,7.491866845496572e-13
2,53,1800.0,1.4562570040489958e-12,5.1104080226553166e-9,7.491866460419665e-13
2,54,1800.0,1.4562570001423898e-12,5.110407868416116e-9,7.491866234304744e-13
2,55,1800.0,1.4562570190681594e-12,5.1104089831852566e-9,7.491867868558115e-13
2,56,1800.0,1.4562570102642887e-12,5.110408315768545e-9,7.491866890124134e-13
2,57,1800.0,1.4562570132852557e-12,5.110408502903462e-9,7.491867164464225e-13
2,58,1800.0,1.4562570241604642e-12,5.110409682426458e-9,7.491868893646853e-13
2,59,1800.0,1.4562569707871457e-12,5.110407525476126e-9,7.491865731554163e-13
2,60,1800.0,1.4562570348952975e-12,5.110412599633221e-9,7.491873170276704e-13
2,61,1800.0,1.4562569403732203e-12,5.110407472121153e-9,7.491865653335686e-13
2,62,1800.0,1.4562570276395212e-12,5.110410324205901e-9,7.491869834496558e-13
2,63,1800.0,1.4562569983816453e-12,5.110407730112396e-9,7.491866031551267e-13
2,64,1800.0,1.4562569907258367e-12,5.1104077012729714e-9,7.491865989272625e-13
2,65,1800.0,1.4562569322524586e-12,5.1104074468317774e-9,7.491865616261419e-13
2,66,1800.0,1.456257035741723e-12,5.110412956075472e-9,7.491873692821623e-13
2,67,1800.0,1.4562570322742206e-12,5.110411569410796e-9,7.491871659968956e-13
2,68,1800.0,1.4562570150354342e-12,5.110408589604345e-9,7.49186729156786e-13
2,69,1800.0,1.4562570314076908e-12,5.110411259876302e-9,7.491871206190884e-13
2,70,1800.0,1.4562569526739647e-12,5.110407492959022e-9,7.491865683884035e-13
2,71,1800.0,1.4562570073757999e-12,5.110408163763323e-9,7.491866667284229e-13
2,72,1800.0,1.456257004541136e-12,5.110407890855151e-9,7.491866267200406e-13
2,73,1800.0,1.4562569866099734e-12,5.110407652951712e-9,7.491865918433579e-13
2,74,1800.0,1.4562570412368841e-12,5.110417069556381e-9,7.491879723191316e-13
2,75,1800.0,1.45625701151348e-12,5.110408183462711e-9,7.491866696163564e-13
2,76,1800.0,1.4562569602232285e-12,5.110407496716921e-9,7.491865689393122e-13
2,77,1800.0,1.456257029657564e-12,5.110410800784421e-9,7.491870533161443e-13
2,78,1800.0,1.45625698736464e-12,5.1104076462248776e-9,7.491865908572029e-13
2,79,1800.0,1.456256957020941e-12,5.110407485610884e-9,7.491865673111653e-13
2,80,1800.0,1.4562569918782867e-12,5.110407727154073e-9,7.49186602721436e-13
2,81,1800.0,1.4562570120361548e-12,5.1104084241493075e-9,7.491867049010507e-13
2,82,1800.0,1.4562570414856393e-12,5.1104163513887844e-9,7.491878670356454e-13
2,83,1800.0,1.4562570339240324e-12,5.110411616732751e-9,7.49187172934302e-13
2,84,1800.0,1.456257037920478e-12,5.110413514326772e-9,7.491874511218935e-13
2,85,1800.0,1.456256971885396e-12,5.110407465071283e-9,7.491865643000565e-13
2,86,1800.0,1.4562570375113854e-12,5.1104132730167465e-9,7.491874157458047e-13
2,87,1800.0,1.4562570362910032e-12,5.1104126258460324e-9,7.491873208704729e-13
2,88,1800.0,1.456257020127041e-12,5.110408807425626e-9,7.491867610894213e-13
2,89,1800.0,1.456257044273154e-12,5.110420505228485e-9,7.491884759892201e-13
2,90,1800.0,1.4562570304391463e-12,5.110410537691138e-9,7.491870147466263e-13
2,91,1800.0,1.4562570293343755e-12,5.1104102733769265e-9,7.491869759981199e-13
2,92,1800.0,1.4562570254725471e-12,5.1104095278921355e-9,7.491868667099285e-13
2,93,1800.0,1.4562570451372992e-12,5.1104224342562745e-9,7.491887587850072e-13
2,94,1800.0,1.4562570128311336e-12,5.110408256558253e-9,7.491866803321748e-13
2,95,1800.0,1.4562569418719875e-12,5.1104074221807504e-9,7.491865580122974e-13
2,96,1800.0,1.4562569442606073e-12,5.110407454115711e-9,7.491865626939679e-13
2,97,1800.0,1.4562569924068745e-12,5.110407630460155e-9,7.49186588546092e-13
2,98,1800.0,1.4562569406286123e-12,5.1104074486110256e-9,7.491865618869801e-13
2,99,1800.0,1.4562569471016625e-12,5.1104074546558266e-9,7.491865627731488e-13
2,100,1800.0,1.456257023691414e-12,5.1104092848570474e-9,7.491868310809451e-13
2,101,1800.0,1.4562570013593534e-12,5.110407837054101e-9,7.49186618832798e-13
2,102,1800.0,1.4562570099302305e-12,5.110408132415004e-9,7.491866621327544e-13
2,103,1800.0,1.4562570169230345e-12,5.110408555018613e-9,7.49186724086512e-13
2,104,1800.0,1.4562570217718186e-12,5.1104090295917996e-9,7.491867936590183e-13
2,105,1800.0,1.456257001359347e-12,5.1104078371895896e-9,7.491866188526607e-13
2,106,1800.0,1.4562569763742402e-12,5.110407517259461e-9,7.491865719508519e-13
2,107,1800.0,1.4562569777531955e-12,5.110407526000651e-9,7.491865732323116e-13
2,108,1800.0,1.456256998792347e-12,5.110407738866094e-9,7.491866044384204e-13
2,109,1800.0,1.4562570057743588e-12,5.110407975642323e-9,7.491866391498539e-13
2,110,1800.0,1.4562569867511176e-12,5.110407578924282e-9,7.491865809909247e-13
2,111,1800.0,1.4562570130349431e-12,5.110408308673568e-9,7.491866879722884e-13
2,112,1800.0,1.4562570165826109e-12,5.11040851443644e-9,7.491867181371589e-13
2,113,1800.0,1.456257026654556e-12,5.110409733283495e-9,7.491868968203351e-13
2,114,1800.0,1.4562570038928525e-12,5.110407910051378e-9,7.491866295342106e-13
2,115,1800.0,1.4562570042196535e-12,5.1104079210653406e-9,7.491866311488594e-13
2,116,1800.0,1.456257005273391e-12,5.110407925696521e-9,7.491866318277911e-13
2,117,1800.0,1.4562570192705084e-12,5.110408735045506e-9,7.491867504784839e-13
2,118,1800.0,1.4562570071266828e-12,5.110408022525493e-9,7.491866460229342e-13
2,119,1800.0,1.4562569993244955e-12,5.110407789294216e-9,7.491866118311912e-13
2,120,1800.0,1.456257007685398e-12,5.110408019371172e-9,7.491866455605103e-13
2,121,1800.0,1.4562570191238842e-12,5.110408721309455e-9,7.491867484647764e-13
2,122,1800.0,1.4562570090094557e-12,5.110408074048953e-9,7.491866535762818e-13
2,123,1800.0,1.4562570062712165e-12,5.110407964459367e-9,7.491866375104307e-13
2,124,1800.0,1.4562570081360822e-12,5.11040803930231e-9,7.491866484824183e-13
2,125,1800.0,1.4562570197484508e-12,5.110408783689968e-9,7.491867576097699e-13
2,126,1800.0,1.4562570107366024e-12,5.110408159799694e-9,7.491866661473543e-13
2,127,1800.0,1.45625702709892e-12,5.110409821531728e-9,7.491869097575404e-13
2,128,1800.0,1.4562570235087557e-12,5.110409272521379e-9,7.49186829272534e-13
2,129,1800.0,1.4562570196045279e-12,5.110408798387862e-9,7.491867597644835e-13
2,130,1800.0,1.4562570122528568e-12,5.110408237506881e-9,7.491866775392407e-13
2,131,1800.0,1.4562570173111502e-12,5.110408568580044e-9,7.491867260746201e-13
2,132,1800.0,1.456257010096022e-12,5.110408127340303e-9,7.491866613888024e-13
2,133,1800.0,1.4562570015269932e-12,5.110109646584865e-9,7.491429040615824e-13
2,134,1800.0,1.456257019171137e-12,5.110408762364989e-9,7.491867544835245e-13
2,135,1800.0,1.456257029189173e-12,5.110410289406745e-9,7.491869783480938e-13
2,136,1800.0,1.456257007681637e-12,5.110408048875417e-9,7.491866498858373e-13
2,137,1800.0,1.4562569562014118e-12,5.110407448970665e-9,7.491865619397033e-13
2,138,1800.0,6.566095261994806e-13,5.398575000727297e-9,7.914319718250966e-13
2,139,1800.0,1.4562570213122616e-12,5.1104089861378e-9,7.491867872886549e-13
2,140,1800.0,6.566088176605529e-13,5.398574811714128e-9,7.914319441157353e-13
2,141,1800.0,6.566101540451625e-13,5.398575138354731e-9,7.914319920013006e-13
2,142,1800.0,1.4562570019598283e-12,5.1104078386196385e-9,7.491866190623061e-13
2,143,1800.0,1.456257012684309e-12,5.110408313156149e-9,7.491866886294355e-13
2,144,1800.0,1.4562570006156017e-12,5.110407824490979e-9,7.491866169910424e-13
2,145,1800.0,1.4562570014763865e-12,5.110407864418318e-9,7.491866228443967e-13
2,146,1800.0,1.4562569950137666e-12,5.110407724465961e-9,7.491866023273585e-13
2,147,1800.0,6.508413264925756e-13,5.3970602427207275e-9,7.912099080553395e-13
2,148,1800.0,6.566090052962708e-13,5.398574868054674e-9,7.914319523752683e-13
2,149,1800.0,1.4562569834833406e-12,5.110407537320497e-9,7.49186574891803e-13
2,150,1800.0,1.4562570148366265e-12,5.110408390431008e-9,7.491866999579425e-13
2,151,1800.0,1.4562569918843161e-12,5.110407634603558e-9,7.491865891535157e-13
2,152,1800.0,1.456257010740092e-12,5.110408143306314e-9,7.491866637294221e-13
2,153,1800.0,1.4562569580063328e-12,5.110407448414385e-9,7.491865618581526e-13
2,154,1800.0,1.4562569929088956e-12,5.110407656684751e-9,7.49186592390622e-13
2,155,1800.0,1.4562570031180492e-12,5.11040787296463e-9,7.491866240972874e-13
2,156,1800.0,1.4562569774807364e-12,5.110407506459981e-9,7.491865703676464e-13
2,157,1800.0,1.456257013038549e-12,5.1104082970176344e-9,7.491866862635267e-13
2,158,1800.0,6.508413254888468e-13,5.396250463379423e-9,7.910911942723976e-13
2,159,1800.0,6.508413185587309e-13,5.398944048280643e-9,7.914860742563496e-13
2,160,1800.0,1.4562570164196046e-12,5.110408489640164e-9,7.491867145020208e-13
2,161,1800.0,1.4562570143270638e-12,5.110408332689098e-9,7.491866914929691e-13
2,162,1800.0,1.4562569998497488e-12,5.110407786364052e-9,7.491866114016287e-13
2,163,1800.0,6.508453019890647e-13,5.393656404066763e-9,7.907109047558914e-13
2,164,1800.0,6.508413261329749e-13,5.39625047905263e-9,7.910911965700924e-13
2,165,1800.0,6.508467720492892e-13,5.393656425996195e-9,7.907109079707497e-13
2,166,1800.0,6.508413271533184e-13,5.396250503396386e-9,7.910912001388909e-13
2,167,1800.0,6.508413202969249e-13,5.396250345567468e-9,7.91091177001146e-13
2,168,1800.0,1.4562569954757922e-12,5.1104077380146724e-9,7.491866043136017e-13
2,169,1800.0,1.456257032967747e-12,5.1104113075779426e-9,7.491871276121567e-13
2,170,1800.0,1.4562570268524072e-12,5.110409795596197e-9,7.491869059553874e-13
2,171,1800.0,1.4562570237630297e-12,5.110409294287203e-9,7.491868324634075e-13
2,172,1800.0,1.4562569895213196e-12,5.110407605490235e-9,7.491865848854976e-13
2,173,1800.0,1.4562570176908778e-12,5.1104086123875825e-9,7.491867324968123e-13
2,174,1800.0,1.4562570174269361e-12,5.110408565153615e-9,7.49186725572305e-13
2,175,1800.0,1.4562570109712761e-12,5.110408180796054e-9,7.491866692254242e-13
2,176,1800.0,1.4562569900853986e-12,5.110407616075918e-9,7.491865864373604e-13
2,177,1800.0,1.456257031463422e-12,5.1104108449008155e-9,7.491870597836149e-13
2,178,1800.0,1.4562570018380454e-12,5.110407834429045e-9,7.491866184479643e-13
2,179,1800.0,1.456256994061701e-12,5.1104076680766724e-9,7.491865940606794e-13
2,180,1800.0,1.4562570059719257e-12,5.110407977258596e-9,7.491866393867998e-13
2,181,1800.0,1.4562570033399469e-12,5.110407891406253e-9,7.491866268008323e-13
2,182,1800.0,1.4562570232527304e-12,5.110409204546054e-9,7.491868193073403e-13
2,183,1800.0,1.4562570130357057e-12,5.1104083096944586e-9,7.491866881219512e-13
2,184,1800.0,1.4562569854823065e-12,5.110407561594701e-9,7.491865784504052e-13
2,185,1800.0,1.456257019654262e-12,5.1104087830867956e-9,7.491867575213447e-13
2,186,1800.0,1.4562569976842545e-12,5.1104077223952e-9,7.491866020237844e-13
2,187,1800.0,1.4562569660765201e-12,5.110407463850959e-9,7.491865641211568e-13
2,188,1800.0,1.4562570451025706e-12,5.1104223493540205e-9,7.49188746338323e-13
2,189,1800.0,1.4562570445893373e-12,5.110421174339936e-9,7.491885740810674e-13
2,190,1800.0,1.4562570493638949e-12,5.110443961223726e-9,7.491919146419316e-13
2,191,1800.0,1.456257040223982e-12,5.1104151626961544e-9,7.491876927731127e-13
2,192,1800.0,1.4562570174815559e-12,5.110408569543961e-9,7.491867262159304e-13
2,193,1800.0,1.4562570081364118e-12,5.110408024064519e-9,7.491866462485557e-13
2,194,1800.0,1.4562569943848637e-12,5.110407654926235e-9,7.491865921328233e-13
2,195,1800.0,1.4562570312133357e-12,5.110410744719602e-9,7.491870450970326e-13
2,196,1800.0,1.4562569566614017e-12,5.110407448780205e-9,7.491865619117817e-13
2,197,1800.0,1.456256980110447e-12,5.110407477378762e-9,7.491865661043349e-13
2,198,1800.0,1.4562570210190649e-12,5.110408908580938e-9,7.491867759188063e-13
2,199,1800.0,1.456257032912733e-12,5.1104112621758566e-9,7.491871209562036e-13
2,200,1800.0,1.4562570360514698e-12,5.110412510318297e-9,7.491873039340882e-13
2,201,1800.0,1.4562570194219859e-12,5.110408738082574e-9,7.491867509237185e-13
2,202,1800.0,1.4562569682256194e-12,5.110407456360207e-9,7.491865630230114e-13
2,203,1800.0,1.4562570368047147e-12,5.110412885846051e-9,7.491873589865179e-13
2,204,1800.0,1.4562570334110835e-12,5.1104114320288225e-9,7.49187145856676e-13
2,205,1800.0,1.4562570361041767e-12,5.110412535452383e-9,7.491873076187491e-13
2,206,1800.0,1.4562570303175378e-12,5.110410507239714e-9,7.491870102824425e-13
2,207,1800.0,1.4562570339652557e-12,5.110411632088503e-9,7.491871751854576e-13
2,208,1800.0,1.456257038611652e-12,5.110413953728095e-9,7.491875155381989e-13
2,209,1800.0,1.4562570096041081e-12,5.110408088447967e-9,7.491866556871796e-13
2,210,1800.0,1.4562570312133421e-12,5.1104107447196e-9,7.491870450970323e-13
2,211,1800.0,1.4562569927353816e-12,5.110407717175989e-9,7.491866012586474e-13
2,212,1800.0,1.4562570210968586e-12,5.1104092182623865e-9,7.49186821318157e-13
2,213,1800.0,1.456257003787219e-12,5.110407874797698e-9,7.491866243660154e-13
2,214,1800.0,1.4562569851434597e-12,5.1104076003396064e-9,7.491865841304147e-13
2,215,1800.0,1.4562569967816712e-12,5.110407798397698e-9,7.491866131657632e-13
2,216,1800.0,1.4562569908021248e-12,5.110407681107483e-9,7.491865959709984e-13
2,217,1800.0,1.456257012329455e-12,5.1104082281103395e-9,7.491866761617061e-13
2,218,1800.0,1.4562569543715784e-12,5.1104074655278294e-9,7.491865643669863e-13
2,219,1800.0,1.4562569757423388e-12,5.110407526137278e-9,7.491865732523412e-13
2,220,1800.0,1.45625700986836e-12,5.110408278720305e-9,7.491866835811352e-13
2,221,1800.0,1.4562569955802108e-12,5.126570361334995e-9,7.515560475171408e-13
2,222,1800.0,1.4562569914295154e-12,5.1265701302806954e-9,7.515560136445429e-13
2,223,1800.0,1.4562570354498381e-12,5.110412216927856e-9,7.491872609230017e-13
2,224,1800.0,1.4562570421341425e-12,5.110417081650465e-9,7.491879740921264e-13
2,225,1800.0,1.4562570340815521e-12,5.11041166185118e-9,7.49187179548671e-13
2,226,1800.0,1.456257021012105e-12,5.110408912156943e-9,7.491867764430493e-13
2,227,1800.0,1.4562570036793688e-12,5.110407869792046e-9,7.49186623632186e-13
2,228,1800.0,1.4562570341876187e-12,5.110411703513486e-9,7.491871856563718e-13
2,229,1800.0,1.4562570334331071e-12,5.110411431947651e-9,7.491871458447764e-13
2,230,1800.0,1.4562570369481142e-12,5.110412943259346e-9,7.491873674033162e-13
2,231,1800.0,1.45625703094098e-12,5.110410671249877e-9,7.491870343263591e-13
2,232,1800.0,1.4562570315175701e-12,5.11041085499754e-9,7.491870612637962e-13
2,233,1800.0,1.4562570229566644e-12,5.110409126915852e-9,7.491868079267402e-13
2,234,1800.0,1.4562570415480204e-12,5.110416429240831e-9,7.49187878448768e-13
2,235,1800.0,1.456257025432138e-12,5.110409531635995e-9,7.491868672587788e-13
2,236,1800.0,1.4562570207940782e-12,5.1104088877357525e-9,7.491867728628987e-13
2,237,1800.0,1.4562569906362298e-12,5.110407609621752e-9,7.491865854911788e-13
2,238,1800.0,1.4562570357742092e-12,5.11041236924406e-9,7.49187283252582e-13
2,239,1800.0,1.4562569885629469e-12,5.11040757341376e-9,7.491865801830812e-13
2,240,1800.0,1.4562570203921589e-12,5.1104088509960425e-9,7.491867674768512e-13
2,241,1800.0,1.456256993905603e-12,5.110407650111114e-9,7.491865914269259e-13
2,242,1800.0,1.456257023509402e-12,5.110409234183627e-9,7.491868236522134e-13
2,243,1800.0,1.4562570150228714e-12,5.110408395595797e-9,7.491867007151015e-13
2,244,1800.0,1.4562570417816924e-12,5.110416668971643e-9,7.49187913593344e-13
2,245,1800.0,1.4562570373984624e-12,5.1104132087803585e-9,7.491874063287398e-13
2,246,1800.0,1.456257042253612e-12,5.110417249572675e-9,7.491879987095495e-13
2,247,1800.0,1.4562570438110185e-12,5.110419612749782e-9,7.491883451516971e-13
2,248,1800.0,1.4562570368806796e-12,5.110412925761838e-9,7.491873648381786e-13
2,249,1800.0,1.4562570409568189e-12,5.110415827024609e-9,7.491877901637721e-13
2,250,1800.0,1.4562570416019358e-12,5.110416473436302e-9,7.491878849278311e-13
2,251,1800.0,1.45625704119358e-12,5.11041605589888e-9,7.491878237167774e-13
2,252,1800.0,1.4562570461237767e-12,5.110425203437458e-9,7.491891647474184e-13
2,253,1800.0,1.4562569785559743e-12,5.110407491990623e-9,7.49186568246436e-13
2,254,1800.0,1.456256986894627e-12,5.110407627597105e-9,7.491865881263684e-13
2,255,1800.0,1.4562569994616201e-12,5.110407765337865e-9,7.491866083191862e-13
2,256,1800.0,1.4562570063673698e-12,5.110407962089092e-9,7.491866371629481e-13
2,257,1800.0,1.4562569772121483e-12,5.1104074960849235e-9,7.491865688466612e-13
2,258,1800.0,1.4562569380794161e-12,5.110407419855413e-9,7.491865576714026e-13
2,259,1800.0,1.4562569231910505e-12,5.110407438012547e-9,7.491865603332415e-13
2,260,1800.0,1.4562569560910284e-12,5.110407469582743e-9,7.491865649614374e-13
2,261,1800.0,1.4562569160776461e-12,5.110407447845635e-9,7.491865617747737e-13
2,262,1800.0,1.4562570086635133e-12,5.110408054907142e-9,7.491866507700891e-13
2,263,1800.0,1.4562569657059044e-12,5.1104074523244966e-9,7.491865624313755e-13
2,264,1800.0,1.4562570441178314e-12,5.110420194374083e-9,7.491884304179142e-13
2,265,1800.0,1.456257033097078e-12,5.110411323978779e-9,7.491871300165222e-13
2,266,1800.0,1.456257045185237e-12,5.110422552920299e-9,7.491887761811724e-13
2,267,1800.0,1.4562570438135711e-12,5.11041961739643e-9,7.491883458328965e-13
2,268,1800.0,1.4562570461101153e-12,5.110425159902332e-9,7.491891583651618e-13
2,269,1800.0,1.4562570326765535e-12,5.110411184773782e-9,7.491871096090469e-13
2,270,1800.0,1.4562570392229708e-12,5.110414378697805e-9,7.491875778388273e-13
2,271,1800.0,1.4562568682309217e-12,5.110407617053713e-9,7.491865865807055e-13
2,272,1800.0,1.456256988377109e-12,5.110407641609534e-9,7.491865901805928e-13
2,273,1800.0,1.4562570010959028e-12,5.110407908205809e-9,7.491866292636499e-13
2,274,1800.0,1.4562569645384489e-12,5.110407474042892e-9,7.491865656152959e-13
2,275,1800.0,1.4562569087009916e-12,5.110407467947551e-9,7.491865647217178e-13
2,276,1800.0,1.456256973584774e-12,5.1104074999296474e-9,7.491865694102983e-13
2,277,1800.0,1.4562569785306096e-12,5.110407502299376e-9,7.491865697577009e-13
2,278,1800.0,1.4562569712876352e-12,5.110407489727696e-9,7.491865679146907e-13
2,279,1800.0,1.456256995284119e-12,5.1265703440649375e-9,7.515560449853475e-13
2,280,1800.0,1.4562569407663896e-12,5.108936534075495e-9,7.489709255771975e-13
2,281,1800.0,1.4562569287064258e-12,5.110407425975544e-9,7.491865585686149e-13
2,282,1800.0,1.456256970114034e-12,5.108936322915463e-9,7.489708946211026e-13
2,283,1800.0,1.456257006766814e-12,5.110408119328061e-9,7.491866602142065e-13
2,284,1800.0,1.4562569610058642e-12,5.110407448611136e-9,7.491865618869964e-13
2,285,1800.0,1.4562570152696943e-12,5.11040841848928e-9,7.491867040712896e-13
2,286,1800.0,1.4562570242163764e-12,5.110409342906699e-9,7.491868395910335e-13
2,287,1800.0,1.4562569528581287e-12,5.110407455482891e-9,7.491865628943967e-13
2,288,1800.0,1.4562569774892409e-12,5.110407518719423e-9,7.491865721648825e-13
2,289,1800.0,1.4562570306884831e-12,5.110410608524433e-9,7.491870251307987e-13
2,290,1800.0,1.4562569785552505e-12,5.110407512985805e-9,7.491865713243332e-13
2,291,1800.0,1.4562570317705323e-12,5.126553343648123e-9,7.515535527214818e-13
2,292,1800.0,1.4562570157004098e-12,5.1104084406818115e-9,7.491867073247184e-13
2,293,1800.0,1.4562570282925738e-12,5.110410044235495e-9,7.491869424059489e-13
2,294,1800.0,1.4562570182181344e-12,5.110408638727072e-9,7.491867363581857e-13
2,295,1800.0,1.4562570047559056e-12,5.1104079051006745e-9,7.491866288084368e-13
2,296,1800.0,1.4562570216887387e-12,5.110408999182227e-9,7.4918678920097e-13
2,297,1800.0,1.4562569280530436e-12,5.110407422165663e-9,7.491865580100855e-13
2,298,1800.0,1.4562569989271193e-12,5.110407751301892e-9,7.491866062615103e-13
2,299,1800.0,1.4562570298378377e-12,5.110410390348082e-9,7.491869931461102e-13
2,300,1800.0,1.4562570173658605e-12,5.110408592012189e-9,7.491867295097764e-13
2,301,1800.0,1.4562570063637056e-12,5.110407976674903e-9,7.491866393012304e-13
2,302,1800.0,1.4562570178004146e-12,5.110408615012403e-9,7.491867328816113e-13
2,303,1800.0,1.4562570196570861e-12,5.110408790883468e-9,7.491867586643383e-13
2,304,1800.0,1.4562570168665665e-12,5.110408549278013e-9,7.491867232449392e-13
2,305,1800.0,1.4562570209727557e-12,5.110408913388183e-9,7.491867766235493e-13
2,306,1800.0,1.4562570114333405e-12,5.110408208481798e-9,7.491866732841587e-13
2,307,1800.0,1.4562570281451806e-12,5.110410049846184e-9,7.491869432284768e-13
2,308,1800.0,1.4562570176945097e-12,5.1104085977391395e-9,7.491867303493481e-13
2,309,1800.0,1.4562570160584498e-12,5.110408491700837e-9,7.491867148041159e-13
2,310,1800.0,1.4562570034687415e-12,5.110407809949515e-9,7.491866148592614e-13
2,311,1800.0,1.4562569678850665e-12,5.110407396406677e-9,7.491865542338141e-13
2,312,1800.0,1.456256997855804e-12,5.1104076279822736e-9,7.491865881828342e-13
2,313,1800.0,1.4562570148224416e-12,5.1104082778923005e-9,7.491866834597497e-13
2,314,1800.0,1.4562570044523239e-12,5.1104078216562726e-9,7.491866165754739e-13
2,315,1800.0,1.4562570145919814e-12,5.110408301876683e-9,7.49186686975864e-13
2,316,1800.0,1.4562569798742999e-12,5.110407326723431e-9,7.491865440182389e-13
2,317,1800.0,1.4562569994816017e-12,5.110407679864819e-9,7.491865957888238e-13
2,318,1800.0,1.4562569917171804e-12,5.110407562320564e-9,7.491865785568169e-13
2,319,1800.0,1.4562570216552055e-12,5.110408984806718e-9,7.491867870935182e-13
2,320,1800.0,1.4562570136840537e-12,5.110408255208959e-9,7.491866801343681e-13
2,321,1800.0,1.4562570006437194e-12,5.110407630240031e-9,7.491865885138217e-13
2,322,1800.0,1.4562569924020536e-12,5.110407623591536e-9,7.491865875391514e-13
2,323,1800.0,1.4562570191795444e-12,5.110408715673021e-9,7.491867476384743e-13
2,324,1800.0,1.4562570191303789e-12,5.110408711207113e-9,7.491867469837715e-13
2,325,1800.0,1.4562570128885515e-12,5.110408105112067e-9,7.491866581301395e-13
2,326,1800.0,1.4562569977161656e-12,5.110407392095349e-9,7.491865536017726e-13
2,327,1800.0,1.4562570103791117e-12,5.110408042793925e-9,7.491866489942898e-13
2,328,1800.0,1.4562570206507562e-12,5.110408648342723e-9,7.491867377678418e-13
2,329,1800.0,1.456257026111053e-12,5.110409268119691e-9,7.49186828627246e-13
2,330,1800.0,1.456256976665621e-12,5.11040740487063e-9,7.49186555474631e-13
2,331,1800.0,1.4562570217265175e-12,5.110408776722198e-9,7.491867565882937e-13
2,332,1800.0,1.456257000489909e-12,5.110407777875237e-9,7.491866101571669e-13
2,333,1800.0,1.4562570404134194e-12,5.110415383736914e-9,7.49187725177724e-13
2,334,1800.0,1.456257016530169e-12,5.110408521458601e-9,7.491867191666088e-13
2,335,1800.0,1.4562570343418878e-12,5.110411775293112e-9,7.491871961792765e-13
2,336,1800.0,1.4562570200083406e-12,5.110408799372336e-9,7.491867599088075e-13
2,337,1800.0,1.4562570175867565e-12,5.110408615067724e-9,7.491867328897215e-13
2,338,1800.0,1.4562570194702402e-12,5.110408742563827e-9,7.491867515806709e-13
2,339,1800.0,1.4562570264332657e-12,5.11040969457078e-9,7.491868911450448e-13
2,340,1800.0,1.4562570215273738e-12,5.110409012383562e-9,7.491867911362878e-13
2,341,1800.0,1.4562570296618033e-12,5.110410393167259e-9,7.491869935594022e-13
2,342,1800.0,1.456256999459326e-12,5.110407753655961e-9,7.491866066066172e-13
2,343,1800.0,1.4562570132488598e-12,5.110408315274212e-9,7.49186688939944e-13
2,344,1800.0,1.4562570227299846e-12,5.11040916617051e-9,7.491868136814794e-13
2,345,1800.0,1.4562570134543366e-12,5.110408325577718e-9,7.491866904504395e-13
2,346,1800.0,1.4562570227686553e-12,5.110409168787087e-9,7.491868140650701e-13
2,347,1800.0,1.456257029775657e-12,5.110112691182156e-9,7.491433504000398e-13
2,348,1800.0,1.4562570007421539e-12,5.110407820011045e-9,7.491866163342833e-13
2,349,1800.0,1.4562570334369846e-12,5.110411491681204e-9,7.491871546017248e-13
2,350,1800.0,1.456256974356359e-12,5.1104075236490176e-9,7.491865728875619e-13
2,351,1800.0,1.4562569813598775e-12,5.110407512674021e-9,7.491865712786255e-13
2,352,1800.0,1.4562570137262787e-12,5.110408306404518e-9,7.491866876396454e-13
2,353,1800.0,1.4562569719065537e-12,5.1104075142264154e-9,7.491865715062068e-13
2,354,1800.0,1.4562570249947728e-12,5.110409451504191e-9,7.491868555114434e-13
2,355,1800.0,1.456257030459354e-12,5.110410542760705e-9,7.491870154898256e-13
2,356,1800.0,1.4562569653444136e-12,5.110407457022275e-9,7.491865631200706e-13
2,357,1800.0,1.456256974344145e-12,5.110407473094179e-9,7.491865654762143e-13
2,358,1800.0,1.4562570051786143e-12,5.1104079069997364e-9,7.491866290868395e-13
2,359,1800.0,1.456256982052945e-12,5.110407564887553e-9,7.491865789331379e-13
2,360,1800.0,1.4562570042306847e-12,5.110407885792828e-9,7.491866259779034e-13
2,361,1800.0,1.4562570197279652e-12,5.1104087624660705e-9,7.49186754498343e-13
2,362,1800.0,1.4562570184518129e-12,5.1104086204413836e-9,7.491867336775008e-13
2,363,1800.0,1.4562570286868611e-12,5.110410113230509e-9,7.491869525206291e-13
2,364,1800.0,1.4562569971277752e-12,5.110407700635861e-9,7.49186598833862e-13
2,365,1800.0,1.4562570240169225e-12,5.110409302595147e-9,7.491868336813535e-13
2,366,1800.0,1.4562570119803654e-12,5.1104082033872204e-9,7.491866725372928e-13
2,367,1800.0,1.4562570141505125e-12,5.1104083045801175e-9,7.49186687372188e-13
2,368,1800.0,1.4562569287853376e-12,5.110407420254644e-9,7.491865577299298e-13
2,369,1800.0,1.4562569841751867e-12,5.110407517900014e-9,7.49186572044757e-13
2,370,1800.0,1.456256969936707e-12,5.110407448022814e-9,7.491865618007482e-13
2,371,1800.0,1.456257017907108e-12,5.110408640833074e-9,7.49186736666926e-13
2,372,1800.0,1.4562570167001028e-12,5.110408546705975e-9,7.49186722867878e-13
2,373,1800.0,1.4562570252183183e-12,5.1104095112496975e-9,7.491868642701445e-13
2,374,1800.0,1.4562570283223717e-12,5.110410100761614e-9,7.49186950692687e-13
2,375,1800.0,1.4562569861279016e-12,5.110407547730014e-9,7.491865764178399e-13
2,376,1800.0,1.4562569953245861e-12,5.1104076959834864e-9,7.491865981518231e-13
2,377,1800.0,1.456257001477944e-12,5.110407802662799e-9,7.491866137910276e-13
2,378,1800.0,1.4562570167909247e-12,5.110408468891168e-9,7.491867114602147e-13
2,379,1800.0,1.456257015630694e-12,5.1104083320930934e-9,7.491866914055947e-13
2,380,1800.0,1.4562570032479101e-12,5.110407808658258e-9,7.491866146699629e-13
2,381,1800.0,6.508413195120759e-13,5.394620994338339e-9,7.90852313846352e-13
2,382,1800.0,1.4562570125738998e-12,5.11040819975057e-9,7.491866720041592e-13
2,383,1800.0,1.4562569885822628e-12,5.1104074927954016e-9,7.491865683644168e-13
2,384,1800.0,1.4562570132459517e-12,5.110408078631971e-9,7.491866542481531e-13
2,385,1800.0,1.4562569001585876e-12,5.110407544022887e-9,7.491865758743745e-13
2,386,1800.0,1.4562569280282023e-12,5.11040742229451e-9,7.491865580289747e-13
2,387,1800.0,1.4562570211292802e-12,5.110408896064983e-9,7.491867740839653e-13
2,388,1800.0,1.4562569626381177e-12,5.110407422243512e-9,7.491865580214984e-13
2,389,1800.0,1.4562569169060805e-12,5.1104074745494525e-9,7.491865656895576e-13
2,390,1800.0,1.4562569544753896e-12,5.110407365019061e-9,7.491865496323845e-13
2,391,1800.0,1.456256987378534e-12,5.110407556948859e-9,7.49186577769324e-13
2,392,1800.0,1.4562570151191474e-12,5.11040830982854e-9,7.491866881416076e-13
2,393,1800.0,1.4562570041128502e-12,5.110407878062998e-9,7.491866248447089e-13
2,394,1800.0,6.50841311667402e-13,5.39894392257177e-9,7.914860558274085e-13
2,395,1800.0,1.4562569947071475e-12,5.110407633858993e-9,7.491865890443622e-13
2,396,1800.0,1.4562570115293968e-12,5.110408155932864e-9,7.491866655804765e-13
2,397,1800.0,1.4562569618211153e-12,5.110407448934579e-9,7.49186561934413e-13
2,398,1800.0,1.456256983031099e-12,5.110407494031557e-9,7.491865685456374e-13
2,399,1800.0,1.4562569982622405e-12,5.110407679046366e-9,7.491865956688384e-13
2,400,1800.0,1.4562569909999696e-12,5.110407603743451e-9,7.491865846294188e-13
2,401,1800.0,1.4562569953379761e-12,5.110407629455473e-9,7.491865883988055e-13
2,402,1800.0,1.4562569653450404e-12,5.110407411301107e-9,7.491865564173399e-13
2,403,1800.0,1.4562570046604826e-12,5.110407854251981e-9,7.491866213540101e-13
2,404,1800.0,1.4562570226919989e-12,5.110409128837936e-9,7.49186808208518e-13
2,405,1800.0,1.456257020408095e-12,5.110408907332383e-9,7.49186775735768e-13
2,406,1800.0,1.456257002775603e-12,5.110407837714571e-9,7.49186618929623e-13
2,407,1800.0,1.4562570210190713e-12,5.11040890858094e-9,7.491867759188066e-13
2,408,1800.0,1.4562570139933223e-12,5.110408322756997e-9,7.491866900369215e-13
2,409,1800.0,1.4562569528612242e-12,5.110407423826089e-9,7.491865582535044e-13
2,410,1800.0,1.4562569740439367e-12,5.110407472003539e-9,7.491865653163263e-13
2,411,1800.0,1.4562570129191701e-12,5.110408251685886e-9,7.491866796178851e-13
2,412,1800.0,1.4562570097950188e-12,5.110408128897619e-9,7.491866616171052e-13
2,413,1800.0,1.4562570191989056e-12,5.1104087200426346e-9,7.491867482790604e-13
2,414,1800.0,1.4562570157078286e-12,5.110408420836627e-9,7.491867044154111e-13
2,415,1800.0,1.456257009352923e-12,5.110408076927413e-9,7.491866539982645e-13
2,416,1800.0,1.456257019660634e-12,5.110408760514451e-9,7.491867542122352e-13
2,417,1800.0,1.4562568859512953e-12,5.110407584763703e-9,7.491865818469847e-13
2,418,1800.0,1.4562569487333926e-12,5.110407435224878e-9,7.491865599245686e-13
2,419,1800.0,1.4562569523277896e-12,5.1104072221156074e-9,7.491865286827149e-13
2,420,1800.0,1.456256979586021e-12,5.110407132880231e-9,7.491865156007942e-13
2,421,1800.0,6.508413283498384e-13,5.397622204249753e-9,7.912922917067563e-13
2,422,1800.0,1.456257001017424e-12,5.1104073763953796e-9,7.491865513001546e-13
2,423,1800.0,1.4562570196252655e-12,5.110408817056282e-9,7.491867625012769e-13
2,424,1800.0,1.4562569933124758e-12,5.1104076436065705e-9,7.491865904733587e-13
2,425,1800.0,1.4562570171610105e-12,5.1104080639621546e-9,7.491866520975556e-13
2,426,1800.0,6.570476199174083e-13,5.390183034201193e-9,7.902017081695301e-13
2,427,1800.0,1.4562570216021367e-12,5.110408504534156e-9,7.491867166854826e-13
2,428,1800.0,1.4562570226384002e-12,5.110409062190172e-9,7.491867984379449e-13
2,429,1800.0,1.4562570026935182e-12,5.11040727892013e-9,7.491865370102672e-13
2,430,1800.0,1.456257012499977e-12,5.110408274909573e-9,7.491866830224814e-13
2,431,1800.0,1.456257005883734e-12,5.110407941836621e-9,7.491866341939324e-13
2,432,1800.0,1.4562570062131458e-12,5.110407495941195e-9,7.491865688255906e-13
2,433,1800.0,1.456257015766539e-12,5.110408439398085e-9,7.491867071365238e-13
2,434,1800.0,1.4562569802591198e-12,5.110407114781464e-9,7.491865129475122e-13
2,435,1800.0,1.4562569827222633e-12,5.11040744386415e-9,7.491865611910873e-13
2,436,1800.0,1.4562569986397774e-12,5.1098502598839854e-9,7.491048779291096e-13
2,437,1800.0,1.4562570209315776e-12,5.110408657606081e-9,7.491867391258516e-13
2,438,1800.0,1.4562570212340284e-12,5.110408933952863e-9,7.491867796383347e-13
2,439,1800.0,1.4562569886766777e-12,5.109850335205716e-9,7.491048889712875e-13
2,440,1800.0,1.4562569822581568e-12,5.1104074677109245e-9,7.491865646870284e-13
2,441,1800.0,1.4562569974027353e-12,5.110407710066736e-9,7.491866002164296e-13
2,442,1800.0,1.45625696751922e-12,5.110407455072033e-9,7.491865628341649e-13
2,443,1800.0,1.4562570237351447e-12,5.11040926925346e-9,7.491868287934566e-13
2,444,1800.0,1.4562569904548899e-12,5.110407566493537e-9,7.491865791685755e-13
2,445,1800.0,1.456257030235718e-12,5.110410486926689e-9,7.491870073045498e-13
2,446,1800.0,1.4562570065617378e-12,5.1104079511685185e-9,7.491866355619902e-13
2,447,1800.0,1.4562570068489892e-12,5.110407944666062e-9,7.49186634608729e-13
2,448,1800.0,1.4562569968312375e-12,5.110407689599243e-9,7.491865972158918e-13
2,449,1800.0,1.456257008226749e-12,5.110408026955775e-9,7.491866466724143e-13
2,450,1800.0,1.456257027748457e-12,5.11040992225078e-9,7.491869245229699e-13
2,451,1800.0,1.4562570426757648e-12,5.11041778294141e-9,7.491880769014926e-13
2,452,1800.0,1.4562570254449981e-12,5.1104094868712215e-9,7.491868606962558e-13
2,453,1800.0,1.4562570254411143e-12,5.110409522797856e-9,7.491868659631062e-13
2,454,1800.0,1.4562570290851809e-12,5.110410217353986e-9,7.491869677851479e-13
2,455,1800.0,1.456257017322259e-12,5.110408525625466e-9,7.491867197774719e-13
2,456,1800.0,1.4562570253198612e-12,5.1104095534701325e-9,7.49186870459667e-13
2,457,1800.0,1.4562570196321867e-12,5.110408726041139e-9,7.491867491584422e-13
2,458,1800.0,1.4562570309109818e-12,5.110410743118224e-9,7.491870448622703e-13
2,459,1800.0,1.4562569894450445e-12,5.110407546480668e-9,7.491865762346856e-13
2,460,1800.0,1.4562570154242995e-12,5.110408381775982e-9,7.491866986891143e-13
2,461,1800.0,1.456257027353698e-12,5.110112049554328e-9,7.49143256337296e-13
2,462,1800.0,1.4562570273474166e-12,5.108967135536438e-9,7.489754117563414e-13
2,463,1800.0,1.4562570216382677e-12,5.110408909093096e-9,7.491867759938888e-13
2,464,1800.0,1.4562570297520306e-12,5.11041045329199e-9,7.491870023736975e-13
2,465,1800.0,1.4562570113141748e-12,5.110408210170285e-9,7.491866735316912e-13
2,466,1800.0,1.4562570378139397e-12,5.110413535814317e-9,7.491874542719711e-13
2,467,1800.0,6.570476513924448e-13,5.390183046589964e-9,7.902017099857258e-13
2,468,1800.0,1.456257025534004e-12,5.110409578209831e-9,7.491868740865107e-13
2,469,1800.0,1.4562570053006428e-12,5.11040786513123e-9,7.491866229489098e-13
2,470,1800.0,1.456256980055194e-12,5.110407466232501e-9,7.491865644702913e-13
2,471,1800.0,1.4562570159616503e-12,5.1104085190589646e-9,7.491867188148218e-13
2,472,1800.0,1.4562569581327493e-12,5.1104074951604086e-9,7.491865687111272e-13
2,473,1800.0,6.570474526810742e-13,5.390182945522023e-9,7.902016951691494e-13
2,474,1800.0,1.4562569540093056e-12,5.11040749113164e-9,7.491865681205091e-13
2,475,1800.0,1.4562569974927235e-12,5.110407771853189e-9,7.491866092743336e-13
2,476,1800.0,1.4562569478105498e-12,5.110407445407559e-9,7.491865614173514e-13
2,477,1800.0,1.4562570024295183e-12,5.110407827802864e-9,7.491866174765652e-13
2,478,1800.0,1.4562570174416056e-12,5.110408637892189e-9,7.491867362357918e-13
2,479,1800.0,1.4562570168359285e-12,5.1104085128828e-9,7.491867179093951e-13
2,480,1800.0,1.4562569788195993e-12,5.110407493410489e-9,7.491865684545887e-13
2,481,1800.0,1.4562570157059804e-12,5.110408435121616e-9,7.491867065095927e-13
2,482,1800.0,1.4562570142766058e-12,5.110408346690447e-9,7.491866935455691e-13
2,483,1800.0,1.4562570334005175e-12,5.110411428443729e-9,7.491871453311007e-13
2,484,1800.0,1.456257000310566e-12,5.110407835568017e-9,7.491866186149379e-13
2,485,1800.0,1.456257007865032e-12,5.110408032703948e-9,7.491866475150975e-13
2,486,1800.0,1.4562569987917266e-12,5.110407744343133e-9,7.491866052413549e-13
2,487,1800.0,1.4562570165246242e-12,5.1104085283830015e-9,7.491867201817271e-13
2,488,1800.0,1.456257010662182e-12,5.110408139300027e-9,7.491866631420998e-13
2,489,1800.0,1.4562569981061102e-12,5.110407741652461e-9,7.491866048469022e-13
2,490,1800.0,1.456256978023774e-12,5.110407492472468e-9,7.491865683170745e-13
2,491,1800.0,1.4562570125468678e-12,5.11040824264495e-9,7.491866782924823e-13
2,492,1800.0,1.456256955265864e-12,5.110407452866323e-9,7.491865625108073e-13
2,493,1800.0,1.456257037764787e-12,5.110413419613912e-9,7.491874372369728e-13
2,494,1800.0,1.45625701509123e-12,5.110408393064526e-9,7.491867003440165e-13
2,495,1800.0,1.4562570305211406e-12,5.110410542648661e-9,7.491870154733999e-13
2,496,1800.0,1.4562570102608766e-12,5.110408158873985e-9,7.491866660116453e-13
2,497,1800.0,1.4562569815968776e-12,5.110407511349011e-9,7.491865710843789e-13
2,498,1800.0,1.4562570030098113e-12,5.110407788094356e-9,7.491866116552914e-13
2,499,1800.0,1.4562569593176144e-12,5.110407448313107e-9,7.491865618433052e-13
2,500,1800.0,1.4562570093528714e-12,5.110408078569254e-9,7.491866542389587e-13
2,501,1800.0,1.4562569968261128e-12,5.110407698841906e-9,7.491865985708677e-13
2,502,1800.0,1.456256999327326e-12,5.110407736802542e-9,7.491866041359032e-13
2,503,1800.0,1.4562570119632272e-12,5.1104082076944524e-9,7.491866731687337e-13
2,504,1800.0,1.4562570065633599e-12,5.110407924842421e-9,7.4918663170258e-13
2,505,1800.0,1.456257008406008e-12,5.1104079915634204e-9,7.491866414838893e-13
2,506,1800.0,1.456257009771121e-12,5.110408096134857e-9,7.491866568140791e-13
2,507,1800.0,1.4562570170966326e-12,5.110408543252453e-9,7.491867223615911e-13
2,508,1800.0,1.456256929576581e-12,5.110407421035149e-9,7.491865578443521e-13
2,509,1800.0,1.4562569552673892e-12,5.110407449452406e-9,7.491865620103266e-13
2,510,1800.0,1.4562569367241389e-12,5.110407418295679e-9,7.491865574427454e-13
2,511,1800.0,1.4562570036762992e-12,5.110407872723991e-9,7.491866240620096e-13
2,512,1800.0,1.4562569671662789e-12,5.110407460859966e-9,7.491865636826767e-13
2,513,1800.0,1.4562569891443256e-12,5.110407592381659e-9,7.491865829637784e-13
2,514,1800.0,1.4562570061729888e-12,5.1104079487092336e-9,7.491866352014587e-13
2,515,1800.0,1.4562569985192675e-12,5.110407733025941e-9,7.491866035822529e-13
2,516,1800.0,1.4562570064646087e-12,5.110407946217388e-9,7.491866348361537e-13
2,517,1800.0,1.456256994858431e-12,5.110407652015717e-9,7.491865917061408e-13
2,518,1800.0,1.456256964579795e-12,5.110407451009069e-9,7.491865622385337e-13
2,519,1800.0,1.4562569465369437e-12,5.110407431522734e-9,7.491865593818337e-13
2,520,1800.0,1.4562570131124137e-12,5.1104082568322854e-9,7.49186680372348e-13
2,521,1800.0,1.4562570043510912e-12,5.110407796336041e-9,7.491866128635237e-13
2,522,1800.0,1.4562569962631647e-12,5.11040757719085e-9,7.491865807368033e-13
2,523,1800.0,1.4562569239910698e-12,5.110407437345731e-9,7.491865602354861e-13
2,524,1800.0,1.4562569951962439e-12,5.11040759846933e-9,7.491865838562318e-13
2,525,1800.0,1.4562569906554682e-12,5.110407435923723e-9,7.491865600270195e-13
2,526,1800.0,1.4562569788211762e-12,5.110407526205912e-9,7.49186573262403e-13
2,527,1800.0,1.45625697720672e-12,5.1104075190294264e-9,7.49186572210329e-13
2,528,1800.0,1.456256974938552e-12,5.110407509074785e-9,7.49186570750977e-13
2,529,1800.0,1.456257025091456e-12,5.110409466759488e-9,7.491868577478724e-13
2,530,1800.0,1.456257009969108e-12,5.1104081703394996e-9,7.491866676924915e-13
2,531,1800.0,1.4562570176946712e-12,5.110408625974878e-9,7.491867344887121e-13
2,532,1800.0,1.4562570233701707e-12,5.110409240826241e-9,7.491868246260216e-13
2,533,1800.0,1.456256947096932e-12,5.110407432393461e-9,7.491865595094824e-13
2,534,1800.0,1.4562569780248533e-12,5.110407489196334e-9,7.491865678367929e-13
2,535,1800.0,1.4562569979661616e-12,5.110407739937839e-9,7.491866045955382e-13
2,536,1800.0,1.4562569813523165e-12,5.110407514679237e-9,7.491865715725906e-13
2,537,1800.0,1.4562569917091348e-12,5.110407613556307e-9,7.491865860679852e-13
2,538,1800.0,1.456256961416204e-12,5.110407458640838e-9,7.491865633573523e-13
2,539,1800.0,1.4562569837247998e-12,5.110407129462941e-9,7.49186515099819e-13
2,540,1800.0,1.4562570019999983e-12,5.10985015095361e-9,7.491048619598989e-13
2,541,1800.0,1.456257016240966e-12,5.11040847382975e-9,7.491867121842116e-13
2,542,1800.0,1.456257015047984e-12,5.109849267563509e-9,7.491047324547667e-13
2,543,1800.0,1.4562570072764994e-12,5.109850162056791e-9,7.491048635876271e-13
2,544,1800.0,1.4562570104237149e-12,5.109850195372925e-9,7.491048684717777e-13
2,545,1800.0,1.4562570057171929e-12,5.110407556880286e-9,7.491865777592712e-13
2,546,1800.0,1.4562569914362686e-12,5.109850196565768e-9,7.491048686466486e-13
2,547,1800.0,1.4562570151469355e-12,5.109850643294525e-9,7.49104934137157e-13
2,548,1800.0,1.4562569940707419e-12,5.11040765344727e-9,7.491865919160068e-13
2,549,1800.0,1.456257028444116e-12,5.1104100769223995e-9,7.491869471978543e-13
2,550,1800.0,1.4562570057899137e-12,5.110407926263988e-9,7.49186631910982e-13
2,551,1800.0,1.456256981115129e-12,5.110407487490974e-9,7.49186567586787e-13
2,552,1800.0,1.4562570075937296e-12,5.110408001800934e-9,7.491866429847105e-13
2,553,1800.0,1.45625699258119e-12,5.110407629164397e-9,7.491865883561338e-13
2,554,1800.0,1.4562570204672255e-12,5.110408831737459e-9,7.491867646535398e-13
2,555,1800.0,1.4562569471030648e-12,5.110407435064909e-9,7.491865599011173e-13
2,556,1800.0,1.456257012554739e-12,5.110408182792937e-9,7.491866695181675e-13
2,557,1800.0,1.4562570103635633e-12,5.11040805084724e-9,7.491866501749068e-13
2,558,1800.0,1.4562570164342677e-12,5.110408491135394e-9,7.491867147212219e-13
2,559,1800.0,1.4562569915447714e-12,5.110407503530474e-9,7.491865699381801e-13
2,560,1800.0,1.4562570129871411e-12,5.110408269177402e-9,7.491866821821442e-13
2,561,1800.0,1.456257001599352e-12,5.110407805802817e-9,7.491866142513547e-13
2,562,1800.0,1.4562569710835736e-12,5.11040745432665e-9,7.491865627248915e-13
2,563,1800.0,1.4562570083272708e-12,5.110408036099733e-9,7.4918664801292e-13
2,564,1800.0,1.4562569682330898e-12,5.110407456527343e-9,7.491865630475136e-13
2,565,1800.0,1.4562569664425346e-12,5.1104074223064405e-9,7.491865580307236e-13
2,566,1800.0,1.456257020701518e-12,5.110408823809475e-9,7.491867634912961e-13
2,567,1800.0,6.508413201467335e-13,5.394621001593157e-9,7.908523149099096e-13
2,568,1800.0,1.4562569818629067e-12,5.1104073116860205e-9,7.491865418137521e-13
2,569,1800.0,1.4562570269268276e-12,5.110409573814548e-9,7.491868734421615e-13
2,570,1800.0,1.4562569785717812e-12,5.110407348459307e-9,7.491865472047218e-13
2,571,1800.0,1.4562569746475911e-12,5.1104073740993884e-9,7.49186550963562e-13
2,572,1800.0,1.4562570224686795e-12,5.110408922209744e-9,7.491867779167914e-13
2,573,1800.0,1.456256932515683e-12,5.110407409326283e-9,7.491865561278303e-13
2,574,1800.0,1.4562569675225223e-12,5.1104073221090545e-9,7.491865433417705e-13
2,575,1800.0,6.50841301081529e-13,5.398943767800179e-9,7.914860331378681e-13
2,576,1800.0,1.456257020564219e-12,5.110408736136043e-9,7.491867506383567e-13
2,577,1800.0,1.4562569962530124e-12,5.110407406588015e-9,7.491865557264e-13
2,578,1800.0,1.4562570046596166e-12,5.1104078017131656e-9,7.491866136518112e-13
2,579,1800.0,1.4562570058213272e-12,5.1104074898010185e-9,7.491865679254397e-13
2,580,1800.0,1.4562570008908202e-12,5.110407703679408e-9,7.491865992800464e-13
2,581,1800.0,1.4562569998498715e-12,5.110407762661044e-9,7.491866079267637e-13
2,582,1800.0,6.508413198498887e-13,5.394620994022919e-9,7.908523138001114e-13
2,583,1800.0,1.4562569962551126e-12,5.110407644035116e-9,7.491865905361835e-13
2,584,1800.0,1.4562570181194543e-12,5.1104086224499245e-9,7.491867339719533e-13
2,585,1800.0,1.4562570253492778e-12,5.1104094504661715e-9,7.491868553592696e-13
2,586,1800.0,1.4562570223518855e-12,5.1104089656914e-9,7.491867842912094e-13
2,587,1800.0,1.4562570174321254e-12,5.110408405367402e-9,7.491867021476203e-13
2,588,1800.0,1.4562570024990273e-12,5.110407947489124e-9,7.491866350225903e-13
2,589,1800.0,1.45625699122484e-12,5.110407694890766e-9,7.4918659799163e-13
2,590,1800.0,1.4562570132200442e-12,5.110408472774941e-9,7.491867120295765e-13
2,591,1800.0,1.4562569955017579e-12,5.110407719752777e-9,7.491866016364048e-13
2,592,1800.0,1.4562570018402878e-12,5.110407812112119e-9,7.491866151762994e-13
2,593,1800.0,1.4562569753061497e-12,5.110407508737043e-9,7.49186570701464e-13
2,594,1800.0,1.4562570343812759e-12,5.1104123314573774e-9,7.491872777130482e-13
2,595,1800.0,1.4562569771208935e-12,5.110407527598861e-9,7.491865734666096e-13
2,596,1800.0,1.456256993288565e-12,5.110407729886444e-9,7.491866031220021e-13
2,597,1800.0,1.4562569578362632e-12,5.110407456448822e-9,7.491865630360022e-13
2,598,1800.0,1.4562569590981466e-12,5.110407358183758e-9,7.491865486303279e-13
2,599,1800.0,1.4562569656649913e-12,5.11040745298747e-9,7.491865625285676e-13
2,600,1800.0,1.4562569067996653e-12,5.110407464875697e-9,7.491865642713834e-13
2,601,1800.0,1.4562569884659082e-12,5.110407635180237e-9,7.491865892380567e-13
2,602,1800.0,1.456256973670581e-12,5.110407503713801e-9,7.49186569965056e-13
2,603,1800.0,1.4562569701806866e-12,5.110407466219925e-9,7.491865644684475e-13
2,604,1800.0,6.508413400591874e-13,5.39796765095423e-9,7.913429342497324e-13
2,605,1800.0,1.4562570104738885e-12,5.110408289006155e-9,7.491866850890426e-13
2,606,1800.0,1.4562569793328197e-12,5.110407540515198e-9,7.491865753601467e-13
2,607,1800.0,1.4562570074580139e-12,5.110408121644709e-9,7.491866605538273e-13
2,608,1800.0,6.508413401968807e-13,5.397967727463726e-9,7.91342945466037e-13
2,609,1800.0,1.4562569273650878e-12,5.110407401011415e-9,7.491865549088695e-13
2,610,1800.0,1.4562569755819692e-12,5.110407464763252e-9,7.491865642548991e-13
2,611,1800.0,1.4562569798286304e-12,5.1104074783043925e-9,7.491865662400325e-13
2,612,1800.0,1.4562569914227752e-12,5.110407572834969e-9,7.491865800982304e-13
2,613,1800.0,1.4562569875770574e-12,5.110407546544765e-9,7.491865762440821e-13
2,614,1800.0,1.456256965017897e-12,5.110407368131652e-9,7.491865500886909e-13
2,615,1800.0,1.4562569800510516e-12,5.110407519028887e-9,7.491865722102501e-13
2,616,1800.0,1.4562570121108466e-12,5.110408215934876e-9,7.491866743767813e-13
2,617,1800.0,1.456257008543333e-12,5.110408175908809e-9,7.491866685089533e-13
2,618,1800.0,1.4562570029252838e-12,5.110407949990865e-9,7.491866353893459e-13
2,619,1800.0,1.4562570133181361e-12,5.110408282009891e-9,7.491866840633891e-13
2,620,1800.0,1.456257015645202e-12,5.1104084308449854e-9,7.491867058826382e-13
2,621,1800.0,1.4562569935871126e-12,5.110407717493462e-9,7.491866013051889e-13
2,622,1800.0,1.456256999543595e-12,5.11040785456602e-9,7.491866214000481e-13
2,623,1800.0,1.4562569893362056e-12,5.110407582463695e-9,7.491865815098031e-13
2,624,1800.0,1.4562569911799201e-12,5.110407606175444e-9,7.491865849859494e-13
2,625,1800.0,1.4562569484033927e-12,5.110407450797768e-9,7.491865622075569e-13
2,626,1800.0,1.4562569686204172e-12,5.11040747986745e-9,7.491865664691771e-13
2,627,1800.0,1.4562569549215178e-12,5.11040738812104e-9,7.491865530191384e-13
2,628,1800.0,1.4562569642918198e-12,5.1104074065775756e-9,7.491865557248694e-13
2,629,1800.0,1.4562569415184583e-12,5.110407429323901e-9,7.491865590594845e-13
2,630,1800.0,1.4562570149016313e-12,5.110408380573816e-9,7.491866985128765e-13
2,631,1800.0,1.456256991008836e-12,5.110407541668231e-9,7.491865755291814e-13
2,632,1800.0,1.456256985080174e-12,5.110407456913424e-9,7.491865631041131e-13
2,633,1800.0,1.4562569622453879e-12,5.110407321304872e-9,7.491865432238773e-13
2,634,1800.0,1.456256932519134e-12,5.110407396791649e-9,7.491865542902511e-13
2,635,1800.0,1.4562569120851684e-12,5.110407457501556e-9,7.491865631903333e-13
2,636,1800.0,1.4562569339562697e-12,5.110407394891648e-9,7.491865540117104e-13
2,637,1800.0,1.456256974777885e-12,5.110407437731772e-9,7.491865602920797e-13
2,638,1800.0,1.4562568715527368e-12,5.110407570280197e-9,7.491865797237003e-13
2,639,1800.0,1.4562569443298966e-12,5.110407280951364e-9,7.491865373080464e-13
2,640,1800.0,6.508413281046052e-13,5.397622174466556e-9,7.912922873405347e-13
2,641,1800.0,1.45625690477474e-12,5.110407448605146e-9,7.491865618861182e-13
2,642,1800.0,1.4562570082136627e-12,5.1104081376423395e-9,7.491866628990826e-13
2,643,1800.0,1.45625696463077e-12,5.110407421171059e-9,7.491865578642765e-13
2,644,1800.0,1.4562570100300544e-12,5.110408218990057e-9,7.491866748246712e-13
2,645,1800.0,1.4562569479053525e-12,5.110407415568803e-9,7.491865570429849e-13
2,646,1800.0,1.456256999546335e-12,5.1104078077948696e-9,7.4918661454339e-13
2,647,1800.0,1.4562569639575677e-12,5.110407325715056e-9,7.49186543870411e-13
2,648,1800.0,1.4562569387018566e-12,5.110407418924465e-9,7.491865575349255e-13
2,649,1800.0,1.4562569632287634e-12,5.110407367281477e-9,7.491865499640551e-13
2,650,1800.0,1.4562569349083482e-12,5.110407338624072e-9,7.491865457628748e-13
2,651,1800.0,1.4562569768930052e-12,5.110407424224278e-9,7.491865583118788e-13
2,652,1800.0,1.456256976631978e-12,5.110407425419069e-9,7.491865584870354e-13
2,653,1800.0,1.4562569872041024e-12,5.1104074990148345e-9,7.491865692761866e-13
2,654,1800.0,1.4562569856491191e-12,5.110407516127061e-9,7.491865717848419e-13
2,655,1800.0,1.4562569464250287e-12,5.1104072766924995e-9,7.491865366836963e-13
2,656,1800.0,1.4562568650313806e-12,5.110407571770616e-9,7.491865799421961e-13
2,657,1800.0,1.4562569562014118e-12,5.1104074489706655e-9,7.491865619397034e-13
2,658,1800.0,6.508413165393859e-13,5.398837632344161e-9,7.914704736627798e-13
2,659,1800.0,1.4562569244248162e-12,5.110407386943994e-9,7.491865528465831e-13
2,660,1800.0,1.4562569777537965e-12,5.1104074878325925e-9,7.491865676368682e-13
2,661,1800.0,1.4562569474414334e-12,5.1104073159858004e-9,7.491865424441006e-13
2,662,1800.0,1.4562569828329698e-12,5.11040727582126e-9,7.491865365559724e-13
2,663,1800.0,1.4562569426846408e-12,5.110407308592028e-9,7.491865413601723e-13
2,664,1800.0,1.4562569374598126e-12,5.110407295001662e-9,7.491865393678224e-13
2,665,1800.0,1.4562569866179932e-12,5.110407559714758e-9,7.491865781748052e-13
2,666,1800.0,1.4562569917168444e-12,5.110407652108601e-9,7.491865917197576e-13
2,667,1800.0,1.4562569508243436e-12,5.110407415708624e-9,7.491865570634826e-13
2,668,1800.0,1.4562570037485418e-12,5.110407959278592e-9,7.491866367509282e-13
2,669,1800.0,1.4562569641952788e-12,5.110407450622582e-9,7.491865621818745e-13
2,670,1800.0,1.456256981207547e-12,5.1104074980372244e-9,7.491865691328688e-13
2,671,1800.0,1.4562569858738085e-12,5.110407476119613e-9,7.491865659197435e-13
2,672,1800.0,1.456257002716356e-12,5.110407920042723e-9,7.491866309989433e-13
2,673,1800.0,1.4562569786224202e-12,5.11040748836198e-9,7.491865677144764e-13
2,674,1800.0,1.4562569653326198e-12,5.110407408027014e-9,7.491865559373575e-13
2,675,1800.0,1.45625690375113e-12,5.1104074558216326e-9,7.491865629440562e-13
2,676,1800.0,1.4562570126390209e-12,5.110408364039298e-9,7.491866960889136e-13
2,677,1800.0,1.4562570199889148e-12,5.110408792314175e-9,7.491867588740799e-13
2,678,1800.0,1.4562569758329603e-12,5.110407495023931e-9,7.491865686911196e-13
2,679,1800.0,1.4562569781361414e-12,5.110407470574269e-9,7.491865651067952e-13
2,680,1800.0,1.45625694645535e-12,5.110407255720045e-9,7.491865336091309e-13
2,681,1800.0,1.4562569844261455e-12,5.110407563289318e-9,7.491865786988365e-13
2,682,1800.0,1.4562570096877955e-12,5.110408092287911e-9,7.491866562501159e-13
2,683,1800.0,1.45625698438763e-12,5.110407531900162e-9,7.49186574097181e-13
2,684,1800.0,1.4562569649736299e-12,5.110407429047325e-9,7.491865590189383e-13
2,685,1800.0,1.4562569838044805e-12,5.110407542042141e-9,7.491865755839967e-13
2,686,1800.0,1.4562569397889077e-12,5.110407404561691e-9,7.491865554293404e-13
2,687,1800.0,1.4562569431911338e-12,5.11040741247532e-9,7.491865565894798e-13
2,688,1800.0,1.4562568615043858e-12,5.110407612912276e-9,7.491865859735702e-13
2,689,1800.0,1.456256945341112e-12,5.110407417156645e-9,7.491865572757627e-13
2,690,1800.0,1.4562569116381743e-12,5.110407429561501e-9,7.491865590943167e-13
2,691,1800.0,1.456256939788746e-12,5.110407407088145e-9,7.491865557997191e-13
2,692,1800.0,1.4562569999796937e-12,5.1104077656795965e-9,7.491866083692841e-13
2,693,1800.0,1.4562569531266716e-12,5.110407419499924e-9,7.491865576192878e-13
2,694,1800.0,1.4562569393497458e-12,5.110407420508209e-9,7.491865577671026e-13
2,695,1800.0,1.4562569508242984e-12,5.110407389971984e-9,7.491865532904871e-13
2,696,1800.0,1.4562570037507584e-12,5.1104079266521515e-9,7.491866319678867e-13
2,697,1800.0,1.4562569858438362e-12,5.110407543190536e-9,7.491865757523517e-13
2,698,1800.0,1.4562569864132983e-12,5.110407585275668e-9,7.491865819220389e-13
2,699,1800.0,1.456256903719109e-12,5.110407470426637e-9,7.491865650851524e-13
2,700,1800.0,1.456257008705092e-12,5.1104081714278095e-9,7.491866678520379e-13
2,701,1800.0,1.4562570123697736e-12,5.110408354728697e-9,7.491866947239779e-13
2,702,1800.0,1.4562569766164749e-12,5.110407497066816e-9,7.491865689906069e-13
2,703,1800.0,1.4562570258811033e-12,5.1104098769048815e-9,7.491869178752538e-13
2,704,1800.0,6.508413161608571e-13,5.398837591045652e-9,7.914704676084115e-13
2,705,1800.0,1.456256949861402e-12,5.110407436657513e-9,7.491865601345932e-13
2,706,1800.0,1.4562570130883286e-12,5.110408430832214e-9,7.491867058807658e-13
2,707,1800.0,1.4562569809644916e-12,5.110407535790558e-9,7.491865746675138e-13
2,708,1800.0,1.4562569909999696e-12,5.110407603743452e-9,7.49186584629419e-13
2,709,1800.0,1.4562570149650527e-12,5.110408384732093e-9,7.491866991224806e-13
2,710,1800.0,1.4562570325964721e-12,5.110411158972937e-9,7.491871058266389e-13
2,711,1800.0,1.4562569946277059e-12,5.110407727867126e-9,7.491866028259697e-13
2,712,1800.0,1.4562570187051111e-12,5.1104088445819426e-9,7.491867665365433e-13
2,713,1800.0,1.4562570234344064e-12,5.110409434064569e-9,7.491868529547919e-13
2,714,1800.0,1.4562570328514247e-12,5.110411666013815e-9,7.491871801589139e-13
2,715,1800.0,1.4562570383053948e-12,5.110414379053197e-9,7.491875778909278e-13
2,716,1800.0,1.4562570351042059e-12,5.110412573405676e-9,7.491873131827081e-13
2,717,1800.0,1.4562570221301558e-12,5.110409248123768e-9,7.491868256958403e-13
2,718,1800.0,1.456257035508206e-12,5.110412773198095e-9,7.491873424723092e-13
2,719,1800.0,1.4562570390249773e-12,5.110414906996747e-9,7.49187655287538e-13
2,720,1800.0,1.4562570352979018e-12,5.110412676144328e-9,7.491873282442112e-13
2,721,1800.0,1.4562570196378477e-12,5.1104086779107335e-9,7.491867421025168e-13
2,722,1800.0,1.456257002898982e-12,5.1104078137850626e-9,7.491866154215532e-13
2,723,1800.0,1.4562570106786351e-12,5.110408105016647e-9,7.491866581161507e-13
2,724,1800.0,1.4562569891533664e-12,5.110407529181832e-9,7.491865736986734e-13
2,725,1800.0,1.4562569791006275e-12,5.110407489591135e-9,7.491865678946706e-13
2,726,1800.0,1.4562569079833866e-12,5.110407470873857e-9,7.491865651507149e-13
2,727,1800.0,1.4562569709206643e-12,5.1104074386286885e-9,7.491865604235678e-13
2,728,1800.0,1.4562569513560398e-12,5.1104074407225804e-9,7.491865607305327e-13
2,729,1800.0,1.4562570074207972e-12,5.110407954642618e-9,7.491866360712937e-13
2,730,1800.0,1.4562569580093636e-12,5.110407418085893e-9,7.491865574119906e-13
2,731,1800.0,1.456257017183047e-12,5.110408440807407e-9,7.491867073431308e-13
2,732,1800.0,1.456256842957801e-12,5.110407736876958e-9,7.491866041468127e-13
2,733,1800.0,1.4562569769374726e-12,5.110407393127539e-9,7.491865537530921e-13
2,734,1800.0,1.456256962844021e-12,5.110407429160044e-9,7.49186559035463e-13
2,735,1800.0,1.4562570012973924e-12,5.110407860248082e-9,7.491866222330395e-13
2,736,1800.0,1.4562570112079015e-12,5.110408167332913e-9,7.491866672517255e-13
2,737,1800.0,1.456256945972645e-12,5.11040743051474e-9,7.491865592340616e-13
2,738,1800.0,1.4562569403741638e-12,5.110407407111809e-9,7.491865558031882e-13
2,739,1800.0,1.456256939789347e-12,5.110407406272196e-9,7.491865556801008e-13
2,740,1800.0,1.4562569909319081e-12,5.110407523432813e-9,7.491865728558663e-13
2,741,1800.0,1.4562569966474353e-12,5.11040765042411e-9,7.491865914728111e-13
2,742,1800.0,1.4562569037651661e-12,5.1104074638350945e-9,7.49186564118831e-13
2,743,1800.0,1.456256909783099e-12,5.11040741184833e-9,7.49186556497563e-13
2,744,1800.0,1.45625696767526e-12,5.110407393416174e-9,7.491865537954059e-13
2,745,1800.0,1.4562569437399746e-12,5.1104073910884656e-9,7.491865534541634e-13
2,746,1800.0,1.456256926456152e-12,5.110407428159437e-9,7.491865588887739e-13
2,747,1800.0,1.456257024720459e-12,5.110409611920436e-9,7.491868790284909e-13
2,748,1800.0,1.4562569966145872e-12,5.110407692024992e-9,7.491865975715072e-13
2,749,1800.0,1.4562569686345632e-12,5.110407419202541e-9,7.491865575756914e-13
2,750,1800.0,1.456256968646693e-12,5.110407390684126e-9,7.491865533948872e-13
2,751,1800.0,1.4562568846722996e-12,5.110407525693354e-9,7.49186573187262e-13
2,752,1800.0,1.4562569788246335e-12,5.110407448722541e-9,7.491865619033282e-13
2,753,1800.0,1.4562568541784608e-12,5.110407631136862e-9,7.491865886452974e-13
2,754,1800.0,1.456256962120432e-12,5.110407382315549e-9,7.491865521680525e-13
2,755,1800.0,1.4562569891987515e-12,5.110407553360452e-9,7.491865772432629e-13
2,756,1800.0,1.4562569937545715e-12,5.110407554295696e-9,7.491865773803699e-13
2,757,1800.0,1.4562570087666718e-12,5.110408035014802e-9,7.491866478538688e-13
2,758,1800.0,1.456256971889784e-12,5.110407451426086e-9,7.491865622996684e-13
2,759,1800.0,6.508413134189989e-13,5.398943951412799e-9,7.914860600555081e-13
2,760,1800.0,1.4562570315612103e-12,5.110410814981838e-9,7.49187055397488e-13
2,761,1800.0,1.4562570023060745e-12,5.1104078527901986e-9,7.491866211397125e-13
2,762,1800.0,1.4562569698681222e-12,5.110407463775272e-9,7.491865641100611e-13
2,763,1800.0,1.456256995770275e-12,5.1104077465954355e-9,7.49186605571543e-13
2,764,1800.0,1.4562569895789444e-12,5.11040753229519e-9,7.491865741550921e-13
2,765,1800.0,1.4562569970022118e-12,5.110407756129493e-9,7.491866069692373e-13
2,766,1800.0,1.4562569561782572e-12,5.110407423110781e-9,7.4918655814864e-13
2,767,1800.0,1.456256987549838e-12,5.1104075880799e-9,7.491865823331397e-13
2,768,1800.0,1.4562569807355952e-12,5.1104075155547385e-9,7.491865717009392e-13
2,769,1800.0,1.4562569594468872e-12,5.110407419913741e-9,7.491865576799536e-13
2,770,1800.0,1.4562569897013348e-12,5.110407619172822e-9,7.491865868913672e-13
2,771,1800.0,1.456256999662961e-12,5.110407822784837e-9,7.491866167409217e-13
2,772,1800.0,1.4562569512804562e-12,5.110407422389734e-9,7.491865580429346e-13
2,773,1800.0,1.4562569798105423e-12,5.110407502855113e-9,7.491865698391721e-13
2,774,1800.0,1.4562568830072108e-12,5.110407595053087e-9,7.4918658335541e-13
2,775,1800.0,1.4562570091987185e-12,5.110408071281891e-9,7.4918665317063e-13
2,776,1800.0,1.4562569412447843e-12,5.110407423592748e-9,7.491865582192965e-13
2,777,1800.0,1.456256988862173e-12,5.110407490771159e-9,7.491865680676625e-13
2,778,1800.0,1.4562569442735514e-12,5.110407413687609e-9,7.491865567672014e-13
2,779,1800.0,1.4562569742375163e-12,5.110407430565496e-9,7.491865592415025e-13
2,780,1800.0,1.4562569957758002e-12,5.110407707788396e-9,7.491865998824247e-13
3,1,1100.0,0.0022916586854389385,0.026369204334384975,3.865729637730263e-6
3,2,1100.0,0.01007770527799506,0.10446013917782095,1.531387336759962e-5
3,3,1100.0,0.010014077151138667,0.10382767144833992,1.5221153495746126e-5
3,4,1100.0,0.003401884170084075,0.03811974030191574,5.588360118835319e-6
3,5,1100.0,0.003975116683162352,0.044049037586040216,6.457596063594746e-6
3,6,1100.0,0.0032075094772691572,0.036664499340343645,5.375021557540441e-6
3,7,1100.0,0.00308326752335016,0.034773315658319814,5.097773722631057e-6
3,8,1100.0,0.007952194380539936,0.08319615962499302,1.2196570511924567e-5
3,9,1100.0,0.007558143751282427,0.07930257961998877,1.1625771050880841e-5
3,10,1100.0,0.0034882383091017393,0.03900981454547284,5.718845147487179e-6
3,11,1100.0,0.007197662012212435,0.07576414159348399,1.1107035461559528e-5
3,12,1100.0,0.0023868897727298208,0.027245605258564214,3.994210155540808e-6
3,13,1100.0,0.0028948772446977175,0.035712681062750176,5.2354848434717316e-6
3,14,1100.0,0.0017005730371124894,0.02009482862657541,2.94590514001851e-6
3,15,1100.0,0.0018662849399129172,0.023001891487425,3.3720810275206264e-6
3,16,1100.0,0.004643469049169675,0.05086992206181522,7.457538835442232e-6
3,17,1100.0,0.0023829883192960006,0.029454452797655725,4.318027563484329e-6
3,18,1100.0,0.001078477940759594,0.013273119117437938,1.945841418146101e-6
3,19,1100.0,0.0016860444487297912,0.019931633802852754,2.921980752358234e-6
3,20,1100.0,1.176773960393479e-12,9.407176475466158e-9,1.3790935990111896e-12
3,21,1100.0,0.001380885276786306,0.016697246949754215,2.447819114435618e-6
3,22,1100.0,0.0009844522676043846,0.01213589414229738,1.7791240521072878e-6
3,23,1100.0,0.0009512115795335015,0.011717563409622959,1.7177966987610898e-6
3,24,1100.0,0.0005606140582481333,0.006538982815970512,9.586159427398465e-7
3,25,1100.0,1.1767739653622593e-12,9.407176676230118e-9,1.3790936284432185e-12
3,26,1100.0,0.001139358836025554,0.013987106827902825,2.0505121324505212e-6
3,27,1100.0,0.0010429310487446275,0.012850134364539243,1.8838317846792202e-6
3,28,1100.0,0.0007756443395123069,0.009474390667948605,1.3889472105445754e-6
3,29,1100.0,0.0005529290484372076,0.006431121839449805,9.428035060654901e-7
3,30,1100.0,1.1767739531496581e-12,9.393937122555373e-9,1.3771527077244224e-12
3,31,1100.0,0.0008623373585595346,0.010609730308722995,1.5553881862591335e-6
3,32,1100.0,0.0012893121330040127,0.015688981525915757,2.3000072395604822e-6
3,33,1100.0,0.0007654295923103159,0.009337827847384203,1.3689270788722873e-6
3,34,1100.0,0.0006171666048663454,0.007320599636536502,1.073201095567929e-6
3,35,1100.0,0.0006325279167716756,0.007530607665070111,1.1039883066558668e-6
3,36,1100.0,0.0003711406743027694,0.004080623154539449,5.982200171410452e-7
3,37,1100.0,0.0006478708980147304,0.007741643430810988,1.1349261841852927e-6
3,38,1100.0,0.0013172914529974047,0.01599946345376323,2.345523940604606e-6
3,39,1100.0,0.0005940604908435545,0.006996974153690466,1.0257575472265276e-6
3,40,1100.0,0.0005323826742280745,0.006145089891969243,9.008711761137868e-7
3,41,1100.0,0.000576042862057422,0.006752652428021475,9.899399425660625e-7
3,42,1100.0,0.0006478159464188502,0.007735909740522135,1.1340856242578064e-6
3,43,1100.0,0.0011343251196792696,0.013930086209051952,2.0421529004669417e-6
3,44,1100.0,0.0008903463419785427,0.010964748015032109,1.6074338396582603e-6
3,45,1100.0,0.0006760195582069733,0.008126971060518802,1.1914152772769442e-6
3,46,1100.0,0.0009107204561971475,0.011221484670738732,1.6450714750784038e-6
3,47,1100.0,0.0009410473565702229,0.011591789922628788,1.6993582851423657e-6
3,48,1100.0,0.0009132683483461649,0.011253153826868957,1.6497141785101061e-6
3,49,1100.0,0.001660280124117865,0.019658760256059504,2.8819774460841907e-6
3,50,1100.0,0.0019553066923075966,0.022722873221014572,3.3311769043528134e-6
3,51,1100.0,0.0012232069617979166,0.014946931128784549,2.1912225308334517e-6
3,52,1100.0,0.0013300390915154338,0.01613914995299635,2.366002004077007e-6
3,53,1100.0,0.00114193197852659,0.014017220072761894,2.054926739037195e-6
3,54,1100.0,0.0010505686486389572,0.012940241333767134,1.897041481001232e-6
3,55,1100.0,0.0017145674593698655,0.02022970671464089,2.9656782896328583e-6
3,56,1100.0,0.0013248687161432514,0.016084283341438445,2.3579585499123832e-6
3,57,1100.0,0.0014370542059823621,0.017302695728965888,2.5365780037917974e-6
3,58,1100.0,0.00206608443433416,0.023883338128261402,3.501301248212527e-6
3,59,1100.0,0.0006529934116416388,0.007811887313344199,1.1452239487721365e-6
3,60,1100.0,0.003791254685980433,0.042126822325590584,6.175798994248669e-6
3,61,1100.0,0.00046575196485097573,0.005261660590330859,7.713602970263348e-7
3,62,1100.0,0.0024091732933678735,0.027481121600906336,4.028736889575576e-6
3,63,1100.0,0.0009410473565455164,0.011591789922346317,1.6993582851009555e-6
3,64,1100.0,0.0008801659789777178,0.01083576408347299,1.5885247743449446e-6
3,65,1100.0,0.000432472543062921,0.004839174933878222,7.094238311794983e-7
3,66,1100.0,0.00409022155276647,0.04523675954008827,6.631716294942012e-6
3,67,1100.0,0.0031081291128759463,0.03503876278323371,5.13668831425155e-6
3,68,1100.0,0.001511233582233696,0.01809169549903115,2.6522454982154507e-6
3,69,1100.0,0.0029465688516564312,0.033298938744351386,4.881629827607234e-6
3,70,1100.0,0.0005272515331897419,0.006073733679627981,8.904103437964425e-7
3,71,1100.0,0.0012333799041251248,0.015062476158892012,2.2081614510115026e-6
3,72,1100.0,0.0010706023412746161,0.013175248953763112,1.9314936362574403e-6
3,73,1100.0,0.0008215501175043642,0.010080149300990934,1.4777515245226487e-6
3,74,1100.0,0.007991380400010224,0.08361074908069062,1.2257349393458389e-5
3,75,1100.0,0.0012684425128881441,0.015447244064156136,2.2645684884088106e-6
3,76,1100.0,0.0005734822045306604,0.006717073528129645,9.847240700639736e-7
3,77,1100.0,0.002667434277491402,0.030253018585205054,4.4350974376246496e-6
3,78,1100.0,0.0008317460732467065,0.010213987209630728,1.4973721836642685e-6
3,79,1100.0,0.000552933461038333,0.006431601015447002,9.428737533444964e-7
3,80,1100.0,0.0008979870053504542,0.011059763259945812,1.6213630899929074e-6
3,81,1100.0,0.0013885965374639511,0.016779832225860117,2.459926129324437e-6
3,82,1100.0,0.006007046220857167,0.0683422123809057,1.001897943368814e-5
3,83,1100.0,0.0030469695325181087,0.03484806274520418,5.108731657707093e-6
3,84,1100.0,0.0040859213151190205,0.04685032010936823,6.868264536437671e-6
3,85,1100.0,0.000617092641364649,0.007314063920740781,1.0722429585708884e-6
3,86,1100.0,0.003947590288912628,0.04524386118157443,6.632757396737177e-6
3,87,1100.0,0.003585702058196804,0.04101419329335761,6.012687397434444e-6
3,88,1100.0,0.0016374620411587798,0.019427445627773567,2.8480666840124096e-6
3,89,1100.0,0.00978274592024472,0.1077678145082899,1.5798779108206648e-5
3,90,1100.0,0.002500027644892527,0.028657740217956473,4.201229369915787e-6
3,91,1100.0,0.002366043040461404,0.02717193910544284,3.983410685529969e-6
3,92,1100.0,0.001993923293514667,0.02317865232496488,3.397994195009602e-6
3,93,1100.0,0.011861771653592375,0.1287881564158585,1.8880364645520385e-5
3,94,1100.0,0.0013140184154020634,0.015956189269923735,2.3391799382260895e-6
3,95,1100.0,0.00044333201902505736,0.0049725227821346574,7.289726473893328e-7
3,96,1100.0,0.00045354665473670716,0.005101779890557778,7.479217604752749e-7
3,97,1100.0,0.0008418375052665933,0.010344460369156367,1.5164995700393239e-6
3,98,1100.0,0.0004382276098048183,0.004907833018003742,7.19489117462244e-7
3,99,1100.0,0.000466304928747686,0.00526479723214648,7.718201292258896e-7
3,100,1100.0,0.001859857657273572,0.02178167002140434,3.1931963624403156e-6
3,101,1100.0,0.0009995297031146827,0.012319987634553402,1.8061121879684592e-6
3,102,1100.0,0.0012178021146517545,0.014885211590817883,2.182174436544401e-6
3,103,1100.0,0.0014784662523521128,0.017754310724967536,2.602784835547069e-6
3,104,1100.0,0.0017335072750792266,0.020455837195942562,2.9988290549148495e-6
3,105,1100.0,0.0009995297234333342,0.012319997252818952,1.806113598007751e-6
3,106,1100.0,0.0006555193206551859,0.007843555669581349,1.1498665349393845e-6
3,107,1100.0,0.0006683438028978178,0.008020839013007238,1.175856301876103e-6
3,108,1100.0,0.0009486843393462854,0.01168629086977728,1.7132121393411117e-6
3,109,1100.0,0.001101125290416534,0.013548643744719886,1.9862333732503185e-6
3,110,1100.0,0.0007653750442942475,0.009333064320894834,1.3682287451153581e-6
3,111,1100.0,0.0013216741767472784,0.016057674967023972,2.3540577579020715e-6
3,112,1100.0,0.0014633436076198444,0.017600399854914576,2.580221477002468e-6
3,113,1100.0,0.002095801875903004,0.02429133073387323,3.5611130304524568e-6
3,114,1100.0,0.0010554168173806007,0.013004957111957163,1.9065288245936117e-6
3,115,1100.0,0.0010630436445915818,0.013096813983835628,1.9199950569283787e-6
3,116,1100.0,0.0010884366456451737,0.013399493950069544,1.964367989132931e-6
3,117,1100.0,0.0015921581106735315,0.01896869946079952,2.780814421434495e-6
3,118,1100.0,0.0011366398149481268,0.013961265509814892,2.0467237910222484e-6
3,119,1100.0,0.0009588895291065427,0.011823225517553325,1.7332867809430101e-6
3,120,1100.0,0.0011518896558749053,0.014136921934848279,2.072475051458418e-6
3,121,1100.0,0.0015845887271785765,0.01888826444584318,2.7690226351794004e-6
3,122,1100.0,0.0011899328287829874,0.014571548521025539,2.136191379574548e-6
3,123,1100.0,0.001113823981479028,0.013697089957009662,2.0079956120793863e-6
3,124,1100.0,0.001164572592282819,0.014282321700458192,2.0937906807094806e-6
3,125,1100.0,0.0016174028883000865,0.019236689802005803,2.8201018489764666e-6
3,126,1100.0,0.0012431784374661366,0.015179946202788482,2.22538257852364e-6
3,127,1100.0,0.002136510936798935,0.024728675400985237,3.6252278296750324e-6
3,128,1100.0,0.0018472493613682155,0.021659783197396153,3.1753277342465234e-6
3,129,1100.0,0.0016098014576535532,0.0191560367807107,2.8082781029567045e-6
3,130,1100.0,0.0012938434879563164,0.015747638672752494,2.308606386812559e-6
3,131,1100.0,0.0014961960119906218,0.017951432085540495,2.6316828590192047e-6
3,132,1100.0,0.0012228971765209516,0.01494973194664193,2.1916331311861917e-6
3,133,1100.0,0.0010176254848110716,0.012549593033471198,1.839772376737295e-6
3,134,1100.0,0.001587097174186604,0.018915741192130027,2.773050730647224e-6
3,135,1100.0,0.002351121669815687,0.027039894135877447,3.964052871547827e-6
3,136,1100.0,0.0011518770570103586,0.014136869951702317,2.0724674307207775e-6
3,137,1100.0,0.0005122496004219684,0.005868253057218352,8.602868511815223e-7
3,138,1100.0,1.1957669976476104e-12,9.389960994957918e-9,1.3765698067729199e-12
3,139,1100.0,0.0017057293874940388,0.020166985096506943,2.956483290228548e-6
3,140,1100.0,1.1957645662992021e-12,9.389960124079303e-9,1.3765696791019734e-12
3,141,1100.0,1.1957691447158719e-12,9.38996162724488e-9,1.3765698994662912e-12
3,142,1100.0,0.0010122175482097432,0.012471897917712927,1.8283822601495913e-6
3,143,1100.0,0.001308991443072333,0.015914255587901983,2.333032453631749e-6
3,144,1100.0,0.0009842637638054104,0.012130609254768924,1.7783492867373606e-6
3,145,1100.0,0.0010020633168528908,0.012354592127804015,1.8111852122987043e-6
3,146,1100.0,0.0008825461242924513,0.010866717380290589,1.593062532685162e-6
3,147,1100.0,1.1767739392131511e-12,9.385522348607592e-9,1.375919100497134e-12
3,148,1100.0,1.1957652145841227e-12,9.389960383596222e-9,1.3765697171471957e-12
3,149,1100.0,0.0007271136867000353,0.008815423390860081,1.2923425007083454e-6
3,150,1100.0,0.0013899519482496682,0.016794318320009445,2.4620497930792433e-6
3,151,1100.0,0.0008341637790433393,0.010242029008638784,1.501483115952785e-6
3,152,1100.0,0.0012431041861501572,0.015162529143767072,2.2228292348426035e-6
3,153,1100.0,0.0005224898673570354,0.006004624473006311,8.802789228825e-7
3,154,1100.0,0.0008494401623884303,0.01043781849746742,1.5301858868109098e-6
3,155,1100.0,0.0010376069116421003,0.012780879116686574,1.8736789540970963e-6
3,156,1100.0,0.0006657499895173543,0.007981797427507275,1.170132799101528e-6
3,157,1100.0,0.0013216362711816962,0.01604752448028264,2.3525696948973722e-6
3,158,1100.0,1.1767739537107612e-12,9.383160822502769e-9,1.3755729003866595e-12
3,159,1100.0,1.1767739274064113e-12,9.391213570203518e-9,1.3767534345073406e-12
3,160,1100.0,0.0014555810988467947,0.017477126370885575,2.5621495642244335e-6
3,161,1100.0,0.0013696459956001412,0.016555925949159844,2.427101432798217e-6
3,162,1100.0,0.0009690158265920471,0.011940854979859444,1.7505312792198917e-6
3,163,1100.0,1.1767867497664936e-12,9.375520945428807e-9,1.3744528931669151e-12
3,164,1100.0,1.1767739571086964e-12,9.383160894538957e-9,1.3755729109471764e-12
3,165,1100.0,1.176791465269441e-12,9.375521030323364e-9,1.374452905612471e-12
3,166,1100.0,1.1767739624654663e-12,9.383161006072123e-9,1.3755729272979566e-12
3,167,1100.0,1.1767739270379023e-12,9.383160281663093e-9,1.3755728210994754e-12
3,168,1100.0,0.0008901854747925646,0.01096434516891491,1.6073747823520577e-6
3,169,1100.0,0.0028757487995059888,0.03293504477681807,4.828282912871152e-6
3,170,1100.0,0.0021134887565454584,0.024471015273330884,3.587454813117382e-6
3,171,1100.0,0.0018649105231247156,0.02183462981696436,3.200960277069986e-6
3,172,1100.0,0.0008010575754409401,0.009807377200210169,1.4377630902505102e-6
3,173,1100.0,0.0015138413783148382,0.01813082539692306,2.6579819476010267e-6
3,174,1100.0,0.0015011486539021988,0.017983699301371073,2.636413238100103e-6
3,175,1100.0,0.00125076024654996,0.015258201895509783,2.236854875785161e-6
3,176,1100.0,0.0008087108060146485,0.009908284784135787,1.4525561584412085e-6
3,177,1100.0,0.002640396844210981,0.030247915322172227,4.4343492984352775e-6
3,178,1100.0,0.0010097004817332614,0.012444996566181832,1.8244385176464036e-6
3,179,1100.0,0.0008672898601346812,0.010671286074248885,1.5644122714817698e-6
3,180,1100.0,0.0011061780008784527,0.013604582357470281,1.994433982963852e-6
3,181,1100.0,0.0010427152959218591,0.012848876385552353,1.8836473647554487e-6
3,182,1100.0,0.0018295501349282395,0.021468210136818787,3.1472430924547747e-6
3,183,1100.0,0.0013216595617249272,0.016054116807197687,2.3535361310936995e-6
3,184,1100.0,0.0007500738748838721,0.00912729350642961,1.3380627102979614e-6
3,185,1100.0,0.0016122972987202713,0.01917307381025738,2.8107757342550295e-6
3,186,1100.0,0.0009283743782276729,0.011440838385290565,1.677228765254335e-6
3,187,1100.0,0.0005736525159650188,0.0067163029943787455,9.846111096909585e-7
3,188,1100.0,0.011766788964546027,0.12782849361866988,1.873967792360509e-5
3,189,1100.0,0.010479398015721897,0.11481457678256696,1.683183560199667e-5
3,190,1100.0,0.04560370693827904,0.4619969693251787,6.772883073051422e-5
3,191,1100.0,0.005121552495739146,0.05864927622446281,8.597993419038924e-6
3,192,1100.0,0.0015036782117568597,0.018010593030243674,2.6403558631203175e-6
3,193,1100.0,0.0011645050921614065,0.014266575667698237,2.091482309749745e-6
3,194,1100.0,0.0008723491631036088,0.010729319092402875,1.5729199213675985e-6
3,195,1100.0,0.00260353110689319,0.029816482036844658,4.371101108742298e-6
3,196,1100.0,0.000514810937337309,0.00590235763044417,8.652865871549462e-7
3,197,1100.0,0.0006913566891764809,0.008331741757485288,1.221434694706609e-6
3,198,1100.0,0.0016879501823940635,0.019961628354718375,2.9263779585327934e-6
3,199,1100.0,0.0028644742900033526,0.032788475396204185,4.8067958178705625e-6
3,200,1100.0,0.0035225447532049284,0.040272315396105415,5.9039279772176905e-6
3,201,1100.0,0.0015996121694013734,0.019027004338683554,2.789361926000898e-6
3,202,1100.0,0.0005889534512939368,0.006926344585539222,1.0154032410654454e-6
3,203,1100.0,0.003729419009735133,0.042704588095517235,6.260499549947997e-6
3,204,1100.0,0.002951365179704861,0.03376925680606932,4.950578531833856e-6
3,205,1100.0,0.0035362327890186094,0.04043319256607904,5.927512596461974e-6
3,206,1100.0,0.00248453180127284,0.028485019955845813,4.175908551440917e-6
3,207,1100.0,0.003054955918693229,0.03493829735755909,5.1219600665322535e-6
3,208,1100.0,0.004343004161477045,0.04983089241865585,7.3052169210186e-6
3,209,1100.0,0.0012076125458032785,0.014759514746416893,2.1637472587422836e-6
3,210,1100.0,0.0026035311069038183,0.02981648203674048,4.371101108727025e-6
3,211,1100.0,0.0009135143629612471,0.011269507431135868,1.6521116195514302e-6
3,212,1100.0,0.0018471599425752931,0.02163343993485899,3.1714658076804785e-6
3,213,1100.0,0.0010528857708293957,0.01297420017784787,1.9020198530583208e-6
3,214,1100.0,0.0008039102068141473,0.009858001069901172,1.4451845577684329e-6
3,215,1100.0,0.0009847527428579177,0.01215400358210966,1.7817788989247075e-6
3,216,1100.0,0.0008829378729480202,0.010883157726355699,1.5954726900881885e-6
3,217,1100.0,0.0012962940232686428,0.015759065802000715,2.3102816058160923e-6
3,218,1100.0,0.0005376750912940346,0.006222800335408342,9.122635397419892e-7
3,219,1100.0,0.0006991877338381249,0.008448058115390972,1.2384866916651409e-6
3,220,1100.0,0.001315279496075856,0.015998854073076905,2.3454346052970283e-6
3,221,1100.0,0.0012390680601513534,0.014559237795021858,2.1343866251431692e-6
3,222,1100.0,0.001168814286283599,0.013629976022447416,1.998156698373384e-6
3,223,1100.0,0.0033772278056514197,0.03861941138788858,5.661611981184586e-6
3,224,1100.0,0.006603828732341962,0.07491013994812312,1.0981838681661356e-5
3,225,1100.0,0.003080064050239733,0.03523719987219204,5.1657792237186535e-6
3,226,1100.0,0.001688090438831961,0.019984439181207354,2.9297220294005134e-6
3,227,1100.0,0.0010503617546275914,0.01294349579083874,1.8975185849364473e-6
3,228,1100.0,0.0031019515366648336,0.03549951508214841,5.204234676097756e-6
3,229,1100.0,0.002957599270002021,0.03385563402270049,4.9632414458194845e-6
3,230,1100.0,0.0037765176640366313,0.04328510201372808,6.34560298463208e-6
3,231,1100.0,0.00256790363320763,0.02943589602433235,4.3153071375015375e-6
3,232,1100.0,0.0026481745669184784,0.030334136583560233,4.4469893493569305e-6
3,233,1100.0,0.0018092360475188256,0.02123656900658248,3.1132844651440466e-6
3,234,1100.0,0.006074975074661966,0.06908805729668091,1.0128320419464604e-5
3,235,1100.0,0.001991607985805883,0.023173242393053635,3.3972010981128504e-6
3,236,1100.0,0.0016754733015512406,0.01985101633519888,2.910162218508051e-6
3,237,1100.0,0.0008163563257833913,0.010009943714942678,1.4674593742067188e-6
3,238,1100.0,0.0034564212484169306,0.039526593036808964,5.794604958240916e-6
3,239,1100.0,0.0007882954021928673,0.009635274913340633,1.412532867046347e-6
3,240,1100.0,0.0016527258168509864,0.0196055318164901,2.8741741481991173e-6
3,241,1100.0,0.0008647471548998424,0.010640678097395165,1.5599251371043366e-6
3,242,1100.0,0.0018472286768526718,0.021649745933602083,3.1738562697442797e-6
3,243,1100.0,0.0013976038614491428,0.01688937850649353,2.475985631855407e-6
3,244,1100.0,0.006258161796017772,0.07109609672952424,1.0422699326421282e-5
3,245,1100.0,0.003911012541027885,0.044819163304205406,6.570496618944738e-6
3,246,1100.0,0.006702971466281437,0.07597659304809276,1.1138180879306893e-5
3,247,1100.0,0.00888390660635642,0.09864218251563679,1.4460959976098151e-5
3,248,1100.0,0.0037516266309456058,0.04296682091196368,6.298942923425164e-6
3,249,1100.0,0.005601570529599798,0.06391876435496695,9.370501234725839e-6
3,250,1100.0,0.006103562994078895,0.06939473860822638,1.017327994954164e-5
3,251,1100.0,0.0057784261458079375,0.06584453451791321,9.65281945335523e-6
3,252,1100.0,0.015105997058523994,0.16150189542887886,2.367620409747915e-5
3,253,1100.0,0.0006759942006219179,0.008120594828507943,1.1904805206286642e-6
3,254,1100.0,0.0008268695336959491,0.010159893247585214,1.489442000043638e-6
3,255,1100.0,0.0009614456947570491,0.011855102645404951,1.7379599730628444e-6
3,256,1100.0,0.0011163573776726912,0.013726103037060735,2.0122489343265437e-6
3,257,1100.0,0.0006632260407387929,0.007951231373737447,1.1656518106550013e-6
3,258,1100.0,0.00042801627285353147,0.004777984198865243,7.004532594893348e-7
3,259,1100.0,0.0003770489608831252,0.004146491570003891,6.078763375450398e-7
3,260,1100.0,0.0005479404906263655,0.0063657994592875465,9.332272345254707e-7
3,261,1100.0,0.00037891407277539085,0.004174340474810674,6.119589915123242e-7
3,262,1100.0,0.001179785853736247,0.01445513657648555,2.1191253695999037e-6
3,263,1100.0,0.000571062737570748,0.006678104310043924,9.790111763640789e-7
3,264,1100.0,0.0094663801193468,0.10455744904422123,1.532813900981684e-5
3,265,1100.0,0.0028960332280864825,0.03314480713441104,4.859034108559296e-6
3,266,1100.0,0.011994777318547374,0.13013251306110854,1.9077447548035043e-5
3,267,1100.0,0.008888522499948173,0.0986890195842388,1.446782629796146e-5
3,268,1100.0,0.015051992887402676,0.16096221746713685,2.3597087220645082e-5
3,269,1100.0,0.002825141708165434,0.03233470664293756,4.74027324495048e-6
3,270,1100.0,0.004601030890884205,0.052801290924247124,7.740677824325438e-6
3,271,1100.0,0.00027735137345193746,0.003024404192222149,4.4337814573734656e-7
3,272,1100.0,0.0008472724906005376,0.010425852263095949,1.528431634908758e-6
3,273,1100.0,0.001073704287594067,0.013235560843926117,1.9403353691498746e-6
3,274,1100.0,0.0006044940993355021,0.007149927768962441,1.04818057206478e-6
3,275,1100.0,0.0003584937674912651,0.003933875639752929,5.767068076418197e-7
3,276,1100.0,0.0006787283238400793,0.008169894211836342,1.197707818230735e-6
3,277,1100.0,0.0007273011328709723,0.008829333979653145,1.2943817952844622e-6
3,278,1100.0,0.0006582680281347234,0.007890429039572953,1.1567381785923014e-6
3,279,1100.0,0.0012337332855667932,0.014488238647712032,2.1239781386174205e-6
3,280,1100.0,0.0004772057743480724,0.005413885722487093,7.936765261215152e-7
3,281,1100.0,0.0004198212956282715,0.004679677775736066,6.860415218938183e-7
3,282,1100.0,0.0006612783556227108,0.007934710759224707,1.1632298858845167e-6
3,283,1100.0,0.0012185487657160534,0.014912804859032156,2.186219614145709e-6
3,284,1100.0,0.0005403963419330439,0.006250492188521985,9.163231699055546e-7
3,285,1100.0,0.0014077004302087339,0.01699496306908454,2.491464345877984e-6
3,286,1100.0,0.001897849545202186,0.022184210579984605,3.252208873700016e-6
3,287,1100.0,0.0004943746465921672,0.005631923894848114,8.25640957598632e-7
3,288,1100.0,0.0006657764003874555,0.007988272257207165,1.171082010187032e-6
3,289,1100.0,0.0025342904693735004,0.029062123585260738,4.260512037233694e-6
3,290,1100.0,0.0006760327560189211,0.008124244670785753,1.1910155880993185e-6
3,291,1100.0,0.0032195360587443864,0.03912221644265369,5.735323283867751e-6
3,292,1100.0,0.001425418201418472,0.01719079827073373,2.5201738182430257e-6
3,293,1100.0,0.002253753770872269,0.025987853733087596,3.8098235776494424e-6
3,294,1100.0,0.0015391491966184679,0.01840739187074819,2.6985266375776685e-6
3,295,1100.0,0.0010757461980144846,0.013248823250305025,1.942279640078813e-6
3,296,1100.0,0.00172851431070326,0.020412080079138563,2.99241425448531e-6
3,297,1100.0,0.00039232377045639603,0.004331386593751212,6.349819780530028e-7
3,298,1100.0,0.000951263683389069,0.0117290242400934,1.7194768583692739e-6
3,299,1100.0,0.0024252086380981024,0.027825240373155154,4.079184757471497e-6
3,300,1100.0,0.0014986832185169526,0.01797020740791307,2.6344353243281015e-6
3,301,1100.0,0.0011163308953159859,0.013720310729175705,2.0113997810499384e-6
3,302,1100.0,0.0015188680068094365,0.018178995477862045,2.6650436892894132e-6
3,303,1100.0,0.001612272993433284,0.019169531701889234,2.8102564605930277e-6
3,304,1100.0,0.0014759356300153765,0.017727106074007182,2.598796629298297e-6
3,305,1100.0,0.0016854681479851797,0.019941394967724957,2.923411740713694e-6
3,306,1100.0,0.00126596140567086,0.015429120211805435,2.2619115287109183e-6
3,307,1100.0,0.002238300983039648,0.025812695198531983,3.7841453080381715e-6
3,308,1100.0,0.001513812749325241,0.018124060528177888,2.6569902167443825e-6
3,309,1100.0,0.0014405495641053943,0.01734780332149676,2.543190784182212e-6
3,310,1100.0,0.0010450163920381146,0.012858272748557933,1.8850248730980185e-6
3,311,1100.0,0.0005862429805531944,0.006893277370920231,1.0105555820322475e-6
3,312,1100.0,0.000930620090165667,0.011431174807646702,1.675812083202398e-6
3,313,1100.0,0.0013869261729067342,0.016699929557587794,2.448212385179671e-6
3,314,1100.0,0.0010678282166072357,0.013124172140235561,1.924005767099522e-6
3,315,1100.0,0.0013796810190582049,0.016644948577592196,2.440152164583508e-6
3,316,1100.0,0.0006884120918134655,0.008286006106492267,1.2147298408436478e-6
3,317,1100.0,0.0009611748325453818,0.011822760242757972,1.7332185715824515e-6
3,318,1100.0,0.0008314360684966599,0.01019438226301914,1.4944980953072028e-6
3,319,1100.0,0.0017258425039201157,0.020360989905230144,2.9849244266933866e-6
3,320,1100.0,0.0013440984740341506,0.01627647112242103,2.386133309815366e-6
3,321,1100.0,0.0009838165716452903,0.012062435622936041,1.7683550212393896e-6
3,322,1100.0,0.0008417926039351806,0.010336579376953123,1.5153442153024703e-6
3,323,1100.0,0.0015869972273168833,0.018893337988063814,2.769766417292879e-6
3,324,1100.0,0.0015844703842554952,0.018866567979647787,2.76584192971169e-6
3,325,1100.0,0.0013133629439263733,0.01584275896068087,2.3225510364702154e-6
3,326,1100.0,0.0009277194542779,0.011363364152637312,1.6658710301656978e-6
3,327,1100.0,0.0012300853358672478,0.014978457611640522,2.195844318339979e-6
3,328,1100.0,0.0016616849361077292,0.019524479730920682,2.8622918992919333e-6
3,329,1100.0,0.0020369325638642634,0.023380800757184655,3.4276291880015484e-6
3,330,1100.0,0.0006578140467170694,0.007876432388321464,1.154686267245803e-6
3,331,1100.0,0.0017246981981267019,0.020186463066191217,2.9593387637474484e-6
3,332,1100.0,0.000981725673398741,0.012095262032929282,1.7731673782753465e-6
3,333,1100.0,0.005239688666676653,0.059972101073736545,8.791919756766733e-6
3,334,1100.0,0.0014607240397485285,0.017556895267435757,2.5738436974130093e-6
3,335,1100.0,0.0031297746132215097,0.0357840062846838,5.2459411325902834e-6
3,336,1100.0,0.00162963933516757,0.01936422901665839,2.8387991185566656e-6
3,337,1100.0,0.001508753263142831,0.018074776051546986,2.6497651044665856e-6
3,338,1100.0,0.0016021385925305317,0.01905372063008619,2.7932785386592003e-6
3,339,1100.0,0.002075092550956576,0.024035622720064917,3.5236261941016554e-6
3,340,1100.0,0.0017183119288223902,0.02029381767786559,2.9750769672530995e-6
3,341,1100.0,0.0024048211929736203,0.027613444151437686,4.048135396972407e-6
3,342,1100.0,0.0009613926340196708,0.011843776015098418,1.736299487220483e-6
3,343,1100.0,0.001329232916206194,0.016133188554991892,2.365128062161434e-6
3,344,1100.0,0.0017940816593197708,0.02109150276269544,3.0920177302317198e-6
3,345,1100.0,0.0013368300937112371,0.01621663933944001,2.3773619607137785e-6
3,346,1100.0,0.0017966092350272557,0.021117666671741572,3.0958533635468527e-6
3,347,1100.0,0.002456026139469848,0.028206302789284092,4.135048569559823e-6
3,348,1100.0,0.0009868175170969448,0.012163696196063063,1.7831998377043385e-6
3,349,1100.0,0.0029571402498383545,0.03385277502576086,4.962822316403838e-6
3,350,1100.0,0.0006420807637465903,0.0076614163972839955,1.1231648880415156e-6
3,351,1100.0,0.000704037479845126,0.008507291719766446,1.247170347686012e-6
3,352,1100.0,0.0013469164820117132,0.016318836742498462,2.392344116598815e-6
3,353,1100.0,0.0006216000840469029,0.007379872259119518,1.0818904716643623e-6
3,354,1100.0,0.0019558760200132025,0.02277580753356011,3.3389370831684226e-6
3,355,1100.0,0.0025026136481873184,0.02868656782121977,4.205455501235735e-6
3,356,1100.0,0.000568421082462787,0.006645741080722165,9.74266721689781e-7
3,357,1100.0,0.0006375787027372416,0.007595097234594918,1.113442488021189e-6
3,358,1100.0,0.0010856887107378737,0.013362743612582065,1.9589803836890803e-6
3,359,1100.0,0.0007162209673093743,0.008671843278874146,1.2712936329740659e-6
3,360,1100.0,0.0010628646790370503,0.013093778556362219,1.919550062767829e-6
3,361,1100.0,0.0016144912361828964,0.019199612803779242,2.8146663550152173e-6
3,362,1100.0,0.0015488295706098589,0.018489439604911787,2.7105548487304503e-6
3,363,1100.0,0.002290627312577211,0.0263741113432467,3.86644900602628e-6
3,364,1100.0,0.0009180147299529438,0.011307287549949929,1.6576501911049921e-6
3,365,1100.0,0.0018824857423709138,0.022004024170892682,3.2257935168652042e-6
3,366,1100.0,0.0012834477100115162,0.015626013219267272,2.290776075579879e-6
3,367,1100.0,0.0013618538966155367,0.016483396349292682,2.41646858167902e-6
3,368,1100.0,0.0003947827277462573,0.004362099501349112,6.394844952945737e-7
3,369,1100.0,0.0007346239996083738,0.008921585648178893,1.3079059048718352e-6
3,370,1100.0,0.0006016319537364734,0.007107130066784052,1.0419064219751613e-6
3,371,1100.0,0.0015239123897271385,0.018235841401886287,2.6733773109830387e-6
3,372,1100.0,0.0014683284495971933,0.01764396439538289,2.5866080457099227e-6
3,373,1100.0,0.001973630957967178,0.022966544060226596,3.3668990889529845e-6
3,374,1100.0,0.0022560509481687418,0.026001291606153002,3.811793572023116e-6
3,375,1100.0,0.0007577123520002015,0.009226992717856519,1.3526786308841116e-6
3,376,1100.0,0.0008876211950035481,0.010925504212797695,1.6016806918775753e-6
3,377,1100.0,0.001002038071131174,0.01234486766525601,1.809759604509932e-6
3,378,1100.0,0.001470458073969501,0.017632470485256832,2.584923036618853e-6
3,379,1100.0,0.0014197822881923457,0.017054046202979886,2.500125942902032e-6
3,380,1100.0,0.0010399084971325055,0.012790764717854581,1.8751281848337292e-6
3,381,1100.0,1.17677392219433e-12,9.378457033540036e-9,1.3748833241608364e-12
3,382,1100.0,0.0013035899535807846,0.015821800053533664,2.319478457278748e-6
3,383,1100.0,0.0007880260386588791,0.009617602817334795,1.4099421349019757e-6
3,384,1100.0,0.001325923884572335,0.01595693782289438,2.339289676213149e-6
3,385,1100.0,0.00031871287403280075,0.0034819869347468006,5.104598501020415e-7
3,386,1100.0,0.00039229763148695333,0.004330103715605256,6.347939079084685e-7
3,387,1100.0,0.0016926495070677347,0.0200158669204622,2.93432934107908e-6
3,388,1100.0,0.0005505009393546876,0.006395740956219297,9.376166628381084e-7
3,389,1100.0,0.00035917205008211445,0.003936815293300484,5.771377613292855e-7
3,390,1100.0,0.0005375002795347851,0.006215668572798987,9.112180221852729e-7
3,391,1100.0,0.0007728892410276834,0.00943820291851115,1.3836420806002217e-6
3,392,1100.0,0.001399717319985133,0.016872071506119506,2.47344842278995e-6
3,393,1100.0,0.0010604509566708715,0.013053544240514657,1.913651705530599e-6
3,394,1100.0,1.176773893802564e-12,9.391212986579413e-9,1.376753348947952e-12
3,395,1100.0,0.000877336908099581,0.010798133565526504,1.583008134302864e-6
3,396,1100.0,0.001268266260089343,0.015454182378356043,2.265585646397286e-6
3,397,1100.0,0.000545498438515851,0.006321717375279674,9.267647938510687e-7
3,398,1100.0,0.0007218788880439206,0.008748634052393954,1.2825511728427477e-6
3,399,1100.0,0.0009383294897819929,0.011549508132781482,1.693159767884267e-6
3,400,1100.0,0.0008214199439971894,0.010071353950699684,1.4764621247416032e-6
3,401,1100.0,0.0008874596533690489,0.010915479999270937,1.6002111405466392e-6
3,402,1100.0,0.0005683737075502241,0.006644799354708621,9.74128664503261e-7
3,403,1100.0,0.001072949290122635,0.013196868126856017,1.9346630105437733e-6
3,404,1100.0,0.0017977348083923481,0.02108993562326276,3.091787987336389e-6
3,405,1100.0,0.0016593029243724639,0.01966895267288343,2.8834716560458076e-6
3,406,1100.0,0.0010299846058947448,0.012685549969675932,1.8597036856640612e-6
3,407,1100.0,0.0016879501822662953,0.019961628346839958,2.926377957377816e-6
3,408,1100.0,0.00135703139202813,0.01642973009190877,2.4086010996312386e-6
3,409,1100.0,0.0004942615946391172,0.00563185164121746,8.256303652046442e-7
3,410,1100.0,0.0006350146232702836,0.007559778189933934,1.1082647103381418e-6
3,411,1100.0,0.001316349203029126,0.015991036651094435,2.3442885699648634e-6
3,412,1100.0,0.0012193454555107256,0.014888230928471215,2.1826170719347147e-6
3,413,1100.0,0.0015867599800004526,0.018909630682446277,2.772154928935251e-6
3,414,1100.0,0.0014252912077292745,0.017163827197404353,2.516219854512887e-6
3,415,1100.0,0.0012000143696395016,0.014672516288837182,2.1509932707327116e-6
3,416,1100.0,0.0016122255878914572,0.019160430991677465,2.808922294998044e-6
3,417,1100.0,0.0002909850134160932,0.00317002049419665,4.647255192546234e-7
3,418,1100.0,0.000473929674586175,0.005361787417687236,7.86038906177189e-7
3,419,1100.0,0.0005244489290954857,0.006031832031660594,8.842675553996743e-7
3,420,1100.0,0.0006857622340478328,0.008235658196999845,1.2073488291356526e-6
3,421,1100.0,1.176773934778875e-12,9.387320939506622e-9,1.3761827742150196e-12
3,422,1100.0,0.000991142497261687,0.012133527198862282,1.7787770578153155e-6
3,423,1100.0,0.0016164108987224077,0.019211799613912957,2.8164529433599354e-6
3,424,1100.0,0.0008612007120611206,0.01057841299974505,1.550797063677094e-6
3,425,1100.0,0.0014912274813415102,0.017625429141658582,2.5838907745038484e-6
3,426,1100.0,1.1972207917450296e-12,9.365492914128882e-9,1.3729827821498126e-12
3,427,1100.0,0.0017232199265714474,0.02001783102531136,2.9346172791689334e-6
3,428,1100.0,0.0017923486702789576,0.02096708710819467,3.0737783750770378e-6
3,429,1100.0,0.0010333409175908269,0.012627650078181918,1.8512155521682047e-6
3,430,1100.0,0.0013080666812904514,0.015887623367233896,2.329128165756785e-6
3,431,1100.0,0.0011100936648829815,0.013622849071550579,1.9971118862145044e-6
3,432,1100.0,0.0011170344664080155,0.013599105771935764,1.9936311146351047e-6
3,433,1100.0,0.0014278530670831372,0.017199096141528154,2.5213902874490466e-6
3,434,1100.0,0.0006978102514861509,0.008390526811518884,1.2300525931745167e-6
3,435,1100.0,0.0007235928534920517,0.008762629946698816,1.2846029732207474e-6
3,436,1100.0,0.0009566733351342897,0.011730061079861413,1.7196288592476455e-6
3,437,1100.0,0.0016859171062822325,0.019744790799726842,2.8945895377570216e-6
3,438,1100.0,0.001700573037137808,0.020094828620204445,2.945905139084525e-6
3,439,1100.0,0.0007991242241793405,0.00974283771940253,1.4283015918830195e-6
3,440,1100.0,0.0007185536410580214,0.00869539280641021,1.274745997535252e-6
3,441,1100.0,0.0009232466610078115,0.011370562385073595,1.6669262922098363e-6
3,442,1100.0,0.000583836135941058,0.006855533536617405,1.0050223297939254e-6
3,443,1100.0,0.0018622124223001634,0.021785321169550276,3.19373162135145e-6
3,444,1100.0,0.0008137397848583606,0.009966714548139827,1.4611219713330852e-6
3,445,1100.0,0.0024742007738226455,0.028369895749813426,4.1590313241406134e-6
3,446,1100.0,0.0011213492980459237,0.0137666599144791,2.018194579142437e-6
3,447,1100.0,0.0011289387555350073,0.01384720224176678,2.030002097402734e-6
3,448,1100.0,0.0009130425407377167,0.011234783835340786,1.6470211347688244e-6
3,449,1100.0,0.0011670057406714348,0.014286505342640908,2.0944040033328827e-6
3,450,1100.0,0.0021971689654614575,0.025343375933727184,3.7153430276012178e-6
3,451,1100.0,0.007163263548313469,0.0809099806294878,1.1861416299912315e-5
3,452,1100.0,0.001991219091025084,0.023128151517145278,3.390590768382011e-6
3,453,1100.0,0.001991381941704938,0.02315150315035965,3.3940141216035e-6
3,454,1100.0,0.002337809423982174,0.0268659577561088,3.938553770026801e-6
3,455,1100.0,0.0014960251794078282,0.017912219801797063,2.625934331854416e-6
3,456,1100.0,0.0019878355978686867,0.02311292659602416,3.388358792473157e-6
3,457,1100.0,0.0016158092148354673,0.01912319185631813,2.803463031706799e-6
3,458,1100.0,0.002569075167918811,0.029447417788472867,4.31699622999565e-6
3,459,1100.0,0.0008051507737629343,0.009840591735899662,1.4426323465765681e-6
3,460,1100.0,0.001418898395726317,0.017032827869247563,2.497015331731056e-6
3,461,1100.0,0.0021924234235593167,0.025328808172805094,3.7132073914842624e-6
3,462,1100.0,0.002198557797157306,0.025371456318070446,3.7194596165061417e-6
3,463,1100.0,0.0017292035205219547,0.0202917356148702,2.9747717364798525e-6
3,464,1100.0,0.0024218333952720546,0.027805409123689888,4.076277493079331e-6
3,465,1100.0,0.0012675682031550394,0.015435385223681305,2.262829980469347e-6
3,466,1100.0,0.004056817715411538,0.04653163052928327,6.821544592242624e-6
3,467,1100.0,1.1972209039786916e-12,9.365492980400863e-9,1.372982791865296e-12
3,468,1100.0,0.0020054640270202395,0.023294735532486635,3.4150120120839866e-6
3,469,1100.0,0.0010947745851211084,0.013403633662742493,1.9649748716830667e-6
3,470,1100.0,0.0006956012758937895,0.008388696018167528,1.2297841985718905e-6
3,471,1100.0,0.001442175127298891,0.017364009813507865,2.5455666585429437e-6
3,472,1100.0,0.0005270494960246336,0.00606829387637686,8.896128677564142e-7
3,473,1100.0,1.197220221025378e-12,9.365492506163061e-9,1.372982722341957e-12
3,474,1100.0,0.0005040484781854148,0.005761682378507415,8.446635723756203e-7
3,475,1100.0,0.0009301403524957218,0.011463812172086581,1.6805967261295309e-6
3,476,1100.0,0.00047332333668684436,0.0053559062886453,7.851767317045568e-7
3,477,1100.0,0.0010223630908000156,0.012592795222326139,1.8461058246393842e-6
3,478,1100.0,0.0015078941375695873,0.01806757843627981,2.6487099328995386e-6
3,479,1100.0,0.0014731167056014575,0.01769821241914536,2.594560814803278e-6
3,480,1100.0,0.0006785457778345477,0.008155302530272402,1.1955686753437997e-6
3,481,1100.0,0.0014253218769645704,0.017171808544956372,2.5173899213601686e-6
3,482,1100.0,0.0013669678303152115,0.016554936285319646,2.426956347918524e-6
3,483,1100.0,0.0029435930761313655,0.03372428581660472,4.943985777475142e-6
3,484,1100.0,0.0009835032607756146,0.012124976467181789,1.7775235191623324e-6
3,485,1100.0,0.0011568860905790646,0.014181508324405852,2.079011423408304e-6
3,486,1100.0,0.000948683231530267,0.01168678083620716,1.7132839684993014e-6
3,487,1100.0,0.0014607715197398144,0.01756535144406903,2.575083374280715e-6
3,488,1100.0,0.001240572614806258,0.015134025348249404,2.2186505737907504e-6
3,489,1100.0,0.0009359790906218342,0.011532581021772622,1.690678250661437e-6
3,490,1100.0,0.0006708710798460471,0.008050643192860092,1.1802255994826745e-6
3,491,1100.0,0.0013038962581242621,0.01584394453091737,2.322724841259421e-6
3,492,1100.0,0.0005071226854558178,0.005799869086585266,8.502617499812831e-7
3,493,1100.0,0.004032159691392374,0.0462258223352737,6.776713061338143e-6
3,494,1100.0,0.0014000425515839812,0.016898327080506138,2.4772974942588867e-6
3,495,1100.0,0.002510163935441529,0.02876064305554631,4.216314942617685e-6
3,496,1100.0,0.0012279236280814338,0.014999366932932006,2.1989096282369456e-6
3,497,1100.0,0.0007066824950246024,0.00853675558215944,1.251489754697701e-6
3,498,1100.0,0.001034973525979121,0.012724231057761484,1.8653743394591394e-6
3,499,1100.0,0.0005301608756353699,0.0061076850778326655,8.953876242868927e-7
3,500,1100.0,0.0012000122529364438,0.014672663281159863,2.151014819831088e-6
3,501,1100.0,0.0009130760796177593,0.011243445497349366,1.6482909358259196e-6
3,502,1100.0,0.0009588287704145648,0.011807483241736668,1.7309789607517722e-6
3,503,1100.0,0.001283634204831866,0.015617372147927586,2.2895092931181878e-6
3,504,1100.0,0.00112130639598244,0.013754275926139408,2.0163790844407017e-6
3,505,1100.0,0.0011720375928273238,0.01433173272556574,2.101034345014505e-6
3,506,1100.0,0.001212689584303512,0.014817488342700406,2.17224619737225e-6
3,507,1100.0,0.0014859864538541358,0.017822733359506005,2.6128156048821163e-6
3,508,1100.0,0.0003974002298058862,0.004392440241986734,6.439324527993284e-7
3,509,1100.0,0.0005071270076312032,0.005800045125693797,8.502875573431823e-7
3,510,1100.0,0.0004228773841430388,0.004711461834467585,6.907010700655308e-7
3,511,1100.0,0.0010503020868388672,0.012932043856675974,1.8958397295284134e-6
3,512,1100.0,0.0005812822881016365,0.006819935590070097,9.998036650490502e-7
3,513,1100.0,0.0007959489475172208,0.009736470076791837,1.4273680944421986e-6
3,514,1100.0,0.001111217182756617,0.013653245361436354,2.0015679872480596e-6
3,515,1100.0,0.0009435931054645635,0.011623396991062155,1.7039918865076261e-6
3,516,1100.0,0.0011188045198723285,0.013736498335618968,2.013772886783358e-6
3,517,1100.0,0.000879976523825893,0.010823078988665712,1.586665137386162e-6
3,518,1100.0,0.0005633947166484251,0.006571262666220782,9.63348174028723e-7
3,519,1100.0,0.00046373106123997294,0.005230277978379228,7.667596010177481e-7
3,520,1100.0,0.0013241098071979992,0.016061225261190363,2.354578231603425e-6
3,521,1100.0,0.0010652045762631038,0.013069500231576757,1.915990856411526e-6
3,522,1100.0,0.0009025375125656661,0.011071243127522588,1.6230460404439716e-6
3,523,1100.0,0.0003795633882938673,0.004175770299167401,6.121686039952211e-7
3,524,1100.0,0.0008848599872814277,0.010866850273186566,1.593082014805294e-6
3,525,1100.0,0.0008159620006556736,0.009972518295674799,1.4619728016642295e-6
3,526,1100.0,0.000678557242518975,0.008157615893661688,1.1959078147923547e-6
3,527,1100.0,0.0006631925902656463,0.007948458365919814,1.165245287258605e-6
3,528,1100.0,0.0006427176308107653,0.007667803196568746,1.1241011938538642e-6
3,529,1100.0,0.0019634671311527423,0.022856030531947184,3.350697787760032e-6
3,530,1100.0,0.0012245633657440727,0.014962392194808237,2.1934891256233727e-6
3,531,1100.0,0.0015138127177583927,0.018129063788291093,2.6577236954894987e-6
3,532,1100.0,0.0018370117258501716,0.021535009116720127,3.1570358337563406e-6
3,533,1100.0,0.00046628576778564483,0.005263097951774093,7.715710144473377e-7
3,534,1100.0,0.0006708722144462007,0.008050964330736588,1.180272678347521e-6
3,535,1100.0,0.0009334327354212194,0.011501061147635815,1.6860574319942126e-6
3,536,1100.0,0.0007041270207918443,0.008502162596003594,1.2464184173094178e-6
3,537,1100.0,0.0008316011103275385,0.010204205698315755,1.4959382125169945e-6
3,538,1100.0,0.000542943638867825,0.006285965623884703,9.215235812905484e-7
3,539,1100.0,0.0007292405486642158,0.008823155666976034,1.2934760536426511e-6
3,540,1100.0,0.0010249075680151723,0.012541048589004487,1.8385197597908737e-6
3,541,1100.0,0.001448075636055528,0.017416756185616524,2.5532992852599854e-6
3,542,1100.0,0.0014115107008478844,0.0168086396595239,2.464149303777821e-6
3,543,1100.0,0.0011542863681080074,0.014062725848663414,2.061597893174411e-6
3,544,1100.0,0.001244898002418273,0.015030924202620848,2.203535929098171e-6
3,545,1100.0,0.0010977391180214513,0.013390177245964833,1.9630021587981647e-6
3,546,1100.0,0.0008371550325094313,0.010217191241237676,1.497841895218176e-6
3,547,1100.0,0.0014161614982387714,0.016841464447527314,2.4689614230298057e-6
3,548,1100.0,0.0008671501788712598,0.010671602742310165,1.5644586950709799e-6
3,549,1100.0,0.002265247293503556,0.026110632914355076,3.827823025562364e-6
3,550,1100.0,0.00110092555499788,0.013540719003912493,1.9850716049609917e-6
3,551,1100.0,0.0007014531622976652,0.008472132794148891,1.2420160434807346e-6
3,552,1100.0,0.0011492831707946506,0.01409249905307076,2.0659626497756405e-6
3,553,1100.0,0.0008442438164641797,0.010377299910288306,1.5213138521023461e-6
3,554,1100.0,0.0016548230820390792,0.01962196981092711,2.8765839608530824e-6
3,555,1100.0,0.0004662066804854566,0.005264535287652846,7.717817281205834e-7
3,556,1100.0,0.0013037847387640219,0.015812879840590214,2.3181707526126122e-6
3,557,1100.0,0.0012301901110622709,0.01500213334099538,2.1993151841082956e-6
3,558,1100.0,0.0014554539178803882,0.017513414455072148,2.567469403259302e-6
3,559,1100.0,0.0008289276225454644,0.010136151526950264,1.4859614599429434e-6
3,560,1100.0,0.0013188999075444219,0.01602571861223951,2.3493729511010173e-6
3,561,1100.0,0.0010045812978838383,0.012375977507869246,1.8143203124892127e-6
3,562,1100.0,0.0006555623306676193,0.007847017753574501,1.1503740770150165e-6
3,563,1100.0,0.0011694233340588354,0.014336113792736407,2.1016766101732024e-6
3,564,1100.0,0.0005888653591050636,0.006930358484198958,1.0159916792608125e-6
3,565,1100.0,0.0005761351859004555,0.006748566276848676,9.89340912140547e-7
3,566,1100.0,0.0016672887885975471,0.019718754272120085,2.8907725785815874e-6
3,567,1100.0,1.176773925030461e-12,9.378457068912706e-9,1.3748833293464757e-12
3,568,1100.0,0.0007088626915119075,0.00855904096343011,1.2547567952110854e-6
3,569,1100.0,0.00211099769372452,0.024267399284843706,3.557604676138306e-6
3,570,1100.0,0.0006756369818561188,0.008115226435781346,1.189693513383128e-6
3,571,1100.0,0.0006399859294405781,0.00762795428170513,1.118259336463469e-6
3,572,1100.0,0.0017730627006770255,0.02078174916549778,3.0466078025791388e-6
3,573,1100.0,0.0004075972788870607,0.004517838546345086,6.623158645827128e-7
3,574,1100.0,0.0005836882574516435,0.006854007820417395,1.0047986595512304e-6
3,575,1100.0,1.1767738451147875e-12,9.39121226401726e-9,1.3767532430202232e-12
3,576,1100.0,0.0016597155990773283,0.01956188215483857,2.8677751007123795e-6
3,577,1100.0,0.0009025108105546544,0.011049052029223726,1.6197928218295655e-6
3,578,1100.0,0.0010730133122197041,0.013166384634818928,1.9301941256606738e-6
3,579,1100.0,0.0011001827627055306,0.01341308711103349,1.966360748737749e-6
3,580,1100.0,0.0009890266162085458,0.012146528020152071,1.7806829803277076e-6
3,581,1100.0,0.0009690092792145312,0.011938236367093366,1.7501473901631268e-6
3,582,1100.0,1.17677392350155e-12,9.378457035261048e-9,1.3748833244131372e-12
3,583,1100.0,0.0009026971384240246,0.011099871523712551,1.6272429679746183e-6
3,584,1100.0,0.0015339807974332068,0.018332054015392195,2.687482095747753e-6
3,585,1100.0,0.00198034558522886,0.023004263564916583,3.3724287744661134e-6
3,586,1100.0,0.0017654823356319752,0.02071107426336709,3.0362468504493075e-6
3,587,1100.0,0.0014978342697818754,0.017824104254580062,2.613016578322604e-6
3,588,1100.0,0.0011038654231146664,0.013574423845273756,1.990012740178156e-6
3,589,1100.0,0.0008877960531701336,0.01092877581895606,1.602160309871694e-6
3,590,1100.0,0.001434517272886519,0.017270876480091128,2.531913296739371e-6
3,591,1100.0,0.0009590348341894236,0.011805340441354365,1.7306648258677397e-6
3,592,1100.0,0.0010096675042971695,0.012438116886800485,1.8234299555318513e-6
3,593,1100.0,0.0006939239589268901,0.008368835716248791,1.226872675085328e-6
3,594,1100.0,0.0036319885281453877,0.0404736486714022,5.933443468072346e-6
3,595,1100.0,0.0007117988091947168,0.008612362289854389,1.262573710324168e-6
3,596,1100.0,0.0009208942366352707,0.011344738323410524,1.663140480576251e-6
3,597,1100.0,0.0005580634409905345,0.006502328511918333,9.532424158132066e-7
3,598,1100.0,0.0005657048654022133,0.006608631124330714,9.68826396056207e-7
3,599,1100.0,0.0006120237541337352,0.007249336623425185,1.0627539262728301e-6
3,600,1100.0,0.0003532751990904408,0.003874080513724384,5.679408324554184e-7
3,601,1100.0,0.0008470562399911681,0.010410396280963926,1.526165785418181e-6
3,602,1100.0,0.0006785727974984646,0.008160767328861689,1.196369815704462e-6
3,603,1100.0,0.0006478710955951146,0.0077422717300115905,1.1350182929501357e-6
3,604,1100.0,1.1767739752324045e-12,9.388340235160044e-9,1.3763322031233428e-12
3,605,1100.0,0.001332580555113861,0.01616706602816324,2.3700945052299913e-6
3,606,1100.0,0.000734796091491088,0.008923944150066837,1.3082516616316241e-6
3,607,1100.0,0.0012359390051734343,0.01508906626909448,2.2120595654853682e-6
3,608,1100.0,1.176773982649927e-12,9.388340594624178e-9,1.3763322558208437e-12
3,609,1100.0,0.0004145701122177197,0.004611859808853255,6.760993969352873e-7
3,610,1100.0,0.0006964522645049447,0.00840378521189947,1.2319962768234501e-6
3,611,1100.0,0.0007398663129796374,0.008983396457750547,1.3169673795929993e-6
3,612,1100.0,0.0008902539149356824,0.010914036094311196,1.5999994638450536e-6
3,613,1100.0,0.0008342515175975524,0.010218479577918473,1.498030765584804e-6
3,614,1100.0,0.0006068272697055853,0.007174126666069515,1.0517281343105327e-6
3,615,1100.0,0.0007424534941657719,0.009027011061749288,1.3233612876221448e-6
3,616,1100.0,0.001288695250760078,0.01567425074166651,2.297847704197291e-6
3,617,1100.0,0.0012689744726493556,0.015452510296971455,2.265340518994763e-6
3,618,1100.0,0.0011140267178217087,0.013690031969838317,2.0069609100138637e-6
3,619,1100.0,0.0013317329684635168,0.016152019954547108,2.3678887483944125e-6
3,620,1100.0,0.00142279062310773,0.017144505613337597,2.5133873071509114e-6
3,621,1100.0,0.0009259938288044238,0.011410324822233793,1.6727554719548668e-6
3,622,1100.0,0.00103786063405437,0.012787065072139314,1.8745858161710556e-6
3,623,1100.0,0.0007984886041158435,0.009770145500373134,1.4323049170080426e-6
3,624,1100.0,0.0008239699613496412,0.010104650687074744,1.4813434317015146e-6
3,625,1100.0,0.0005041833711433609,0.005765961187398099,8.452908464538652e-7
3,626,1100.0,0.0006350889468238022,0.007565109019772518,1.1090462108581954e-6
3,627,1100.0,0.0005400687296745036,0.006251328207246505,9.164457303863369e-7
3,628,1100.0,0.0006017188748616213,0.0071052142063824575,1.0416255565291555e-6
3,629,1100.0,0.0004708713283655552,0.005327599133659,7.810268981865362e-7
3,630,1100.0,0.0013924462179863322,0.016815892560646185,2.4652125802602056e-6
3,631,1100.0,0.0008212798780536849,0.010066782182682572,1.475791902807848e-6
3,632,1100.0,0.0008010645263027699,0.009783610283924842,1.4342788564633784e-6
3,633,1100.0,0.0005478455050428175,0.006354931143981246,9.316339377365729e-7
3,634,1100.0,0.00040751845852027085,0.004519365109779615,6.625396590301258e-7
3,635,1100.0,0.0003465126671887007,0.003793617811998052,5.56144987315346e-7
3,636,1100.0,0.0004126115872855015,0.004583007850104329,6.718696950971908e-7
3,637,1100.0,0.000688784104022072,0.00829935478902191,1.2166867598702947e-6
3,638,1100.0,0.00028228686412907876,0.003078816466895469,4.5135499404090697e-7
3,639,1100.0,0.00048357935884167565,0.0054933676327080985,8.053285870676279e-7
3,640,1100.0,1.176773931323748e-12,9.387320799575644e-9,1.3761827537011157e-12
3,641,1100.0,0.0003481861946107854,0.0038168217574346777,5.595466894846326e-7
3,642,1100.0,0.0012588110541407807,0.015348365764590862,2.2500729136348907e-6
3,643,1100.0,0.0006043237421353889,0.007143932620617266,1.0473016823437764e-6
3,644,1100.0,0.0013173055595729832,0.015994658188902208,2.344819487995614e-6
3,645,1100.0,0.0005016131183702799,0.005732496899165796,8.403849763644718e-7
3,646,1100.0,0.0010378538928417144,0.012784567295773614,1.8742196417502099e-6
3,647,1100.0,0.0005991271042840146,0.007067309473034562,1.0360687164646962e-6
3,648,1100.0,0.0004305401076286921,0.004808791386164231,7.049695981503962e-7
3,649,1100.0,0.000594010752621705,0.0070004638490925725,1.0262691371391963e-6
3,650,1100.0,0.0004426548768601459,0.004966736935357484,7.281244413121885e-7
3,651,1100.0,0.0007092236975516914,0.008574848052958155,1.2570741171029385e-6
3,652,1100.0,0.0007066619140616409,0.008539781795124976,1.2519333980098998e-6
3,653,1100.0,0.0008291561690002931,0.010152139007792492,1.4883052272307508e-6
3,654,1100.0,0.0008087816776700283,0.009900502436710408,1.4514152650448093e-6
3,655,1100.0,0.0004938297623533718,0.005628751300785158,8.251758547937793e-7
3,656,1100.0,0.0002721673105751904,0.002966291238088528,4.3485877722392277e-7
3,657,1100.0,0.0005122496004828941,0.005868253057648891,8.602868512446395e-7
3,658,1100.0,1.1767738965413978e-12,9.390924426688768e-9,1.3767110460211218e-12
3,659,1100.0,0.00040424853373896054,0.004482470697317878,6.571309321716517e-7
3,660,1100.0,0.000668308341865046,0.008016076872846997,1.175158171355249e-6
3,661,1100.0,0.0004989763621640269,0.005697112702219053,8.351976473457518e-7
3,662,1100.0,0.0007728929028902971,0.009401654544851326,1.3782840830863042e-6
3,663,1100.0,0.0004759241148474931,0.005393044218533497,7.906211582572968e-7
3,664,1100.0,0.0004528490939198224,0.005097045123775768,7.472276428961148e-7
3,665,1100.0,0.0008215360030638911,0.010069692176328481,1.476218508348916e-6
3,666,1100.0,0.0008954368849103224,0.011020895548041138,1.6156650771156383e-6
3,667,1100.0,0.0005169874272841116,0.005937057999728105,8.703736669272461e-7
3,668,1100.0,0.001134322993987127,0.013922679885097084,2.0410671321723848e-6
3,669,1100.0,0.0005608361797466403,0.006535575894041762,9.581164874318138e-7
3,670,1100.0,0.0007552059792210365,0.00919439396090757,1.3478996478214184e-6
3,671,1100.0,0.0008112853172706245,0.009914571776565545,1.453477832552407e-6
3,672,1100.0,0.001108933291352551,0.013627292764798939,1.9977633323663614e-6
3,673,1100.0,0.0007271248752920011,0.008819337386787744,1.2929162931469664e-6
3,674,1100.0,0.0006094313183163995,0.007212833554532734,1.0574025704451667e-6
3,675,1100.0,0.0003456245577970557,0.003787954229179124,5.55314705154336e-7
3,676,1100.0,0.0014115033964364695,0.017005111345032443,2.4929520847800076e-6
3,677,1100.0,0.0016298899249032118,0.019347279312637095,2.8363142891945435e-6
3,678,1100.0,0.0006990231016430755,0.008440110266184252,1.23732153568072e-6
3,679,1100.0,0.0007220004257209354,0.00874850539408412,1.282532311513632e-6
3,680,1100.0,0.0004937138872344422,0.005625003912237394,8.246264870241082e-7
3,681,1100.0,0.0007935103450623414,0.009712383318437046,1.4238369717557416e-6
3,682,1100.0,0.0012101510964484113,0.014788512416789544,2.1679983219280817e-6
3,683,1100.0,0.0007372998090948946,0.008951836087432968,1.3123406241790972e-6
3,684,1100.0,0.0006068966713458572,0.007178917849552069,1.0524305225871542e-6
3,685,1100.0,0.0007858558236546177,0.009610492451346866,1.4088997540934353e-6
3,686,1100.0,0.0004631859042006052,0.005229062658260047,7.665814348909106e-7
3,687,1100.0,0.00047856455469265575,0.005427646478649883,7.956938552097013e-7
3,688,1100.0,0.0002671555417215898,0.0029113210372728312,4.2680013685728395e-7
3,689,1100.0,0.0004888184452502729,0.005562538334143675,8.15469023131276e-7
3,690,1100.0,0.0003660504020261014,0.004020239788307457,5.893678058452895e-7
3,691,1100.0,0.00046319460660556086,0.005229008840418086,7.665735451865392e-7
3,692,1100.0,0.0009715540695897146,0.011969708004266898,1.7547611372837017e-6
3,693,1100.0,0.0005298266683508432,0.006109846127409485,8.957044345058049e-7
3,694,1100.0,0.0004330963946550584,0.004841328434550896,7.097395347278368e-7
3,695,1100.0,0.0005169805071252583,0.005936551752803425,8.702994510458744e-7
3,696,1100.0,0.0011343099889757993,0.013918365303625424,2.0404346138279595e-6
3,697,1100.0,0.0008113392145202108,0.009934846939270513,1.4564501746976035e-6
3,698,1100.0,0.0008190073579270284,0.010046229609370814,1.472778892222645e-6
3,699,1100.0,0.00034564815554170885,0.003788513355462118,5.553966731582239e-7
3,700,1100.0,0.0012740560282054987,0.015511258304924426,2.273952986501235e-6
3,701,1100.0,0.0014013660619770709,0.016914910928359214,2.4797286890473334e-6
3,702,1100.0,0.000706697005997211,0.008544554278814136,1.2526330448937732e-6
3,703,1100.0,0.002222385146287727,0.025508469142735836,3.7395457188527144e-6
3,704,1100.0,1.1767738918389503e-12,9.390924237223629e-9,1.3767110182455017e-12
3,705,1100.0,0.0005118632637280627,0.005868083305595211,8.602619655660026e-7
3,706,1100.0,0.001429439238591667,0.017219795760577108,2.5244248549632027e-6
3,707,1100.0,0.0007526742380128758,0.009164778598848268,1.3435580309340454e-6
3,708,1100.0,0.0008214199427762404,0.010071353942728815,1.4764621235730725e-6
3,709,1100.0,0.0013949783922073235,0.016843386996898177,2.4692432690797928e-6
3,710,1100.0,0.0028120437045306324,0.032183730693693256,4.718140146273053e-6
3,711,1100.0,0.0009438066473151925,0.011631802217517062,1.7052240940709082e-6
3,712,1100.0,0.001693771707041681,0.019993757261895943,2.9310880615426995e-6
3,713,1100.0,0.002007780424902323,0.023235609606066313,3.406344141668828e-6
3,714,1100.0,0.0032297219908145004,0.03631037411976526,5.3231067426943764e-6
3,715,1100.0,0.005387474146780189,0.05813452549117774,8.522530877944777e-6
3,716,1100.0,0.0038616387105794773,0.04284396902589026,6.2809328169758835e-6
3,717,1100.0,0.0019102098890433877,0.022224341916073823,3.2580921340879485e-6
3,718,1100.0,0.004002491068694833,0.044321495664075755,6.497538462081438e-6
3,719,1100.0,0.005905489002240082,0.06314682973662117,9.25733549431561e-6
3,720,1100.0,0.003928443392755804,0.043550752695348,6.3845474176987336e-6
3,721,1100.0,0.0016093265371238525,0.019111172662045962,2.801701015874605e-6
3,722,1100.0,0.001032396584530897,0.012721394205455398,1.8649584564503676e-6
3,723,1100.0,0.0012403974208748893,0.015138076747252385,2.2192445095425274e-6
3,724,1100.0,0.0007958271613001208,0.009737522136376686,1.42752232654819e-6
3,725,1100.0,0.0007322381073967622,0.008890561732961778,1.3033577938627803e-6
3,726,1100.0,0.00033640112214948856,0.003680229349257532,5.395222202635116e-7
3,727,1100.0,0.0006093124708097973,0.007210431248944405,1.0570503920557878e-6
3,728,1100.0,0.00048670246078905203,0.005528821605678561,8.105261452627566e-7
3,729,1100.0,0.0011440420795595803,0.0140349548815637,2.0575266648876397e-6
3,730,1100.0,0.0005224055841293992,0.006006094113498572,8.804943724173322e-7
3,731,1100.0,0.0014881302417506202,0.01781204084323673,2.6112480802605965e-6
3,732,1100.0,0.00023140089771565308,0.0025076983384498476,3.6762898366226375e-7
3,733,1100.0,0.0006604364216570936,0.007912303505999143,1.159944978922753e-6
3,734,1100.0,0.0005914824729842552,0.0069664906064630825,1.0212886542525221e-6
3,735,1100.0,0.0010759435837986444,0.013243547950239418,1.941506280232496e-6
3,736,1100.0,0.001258305602692132,0.015333221442972198,2.247852753626185e-6
3,737,1100.0,0.0004611755709570421,0.005197597056788029,7.619685726051579e-7
3,738,1100.0,0.00046575545242620646,0.005262129326817213,7.714290138713562e-7
3,739,1100.0,0.00046319094114700765,0.0052291533389620315,7.665947286965478e-7
3,740,1100.0,0.0008826145461415298,0.010820903621560686,1.5863462282152899e-6
3,741,1100.0,0.0009792686779126949,0.012006546241687654,1.7601616288720452e-6
3,742,1100.0,0.0003456108302480233,0.003787385396261214,5.552313141561929e-7
3,743,1100.0,0.0003609203833992401,0.003959866525664364,5.805170757373072e-7
3,744,1100.0,0.0006273842999020729,0.007458507201730122,1.0934183670212442e-6
3,745,1100.0,0.0004810948973644597,0.005459611743283329,8.003799681960636e-7
3,746,1100.0,0.0003872104201382717,0.004268103396138822,6.257046510059535e-7
3,747,1100.0,0.002114015221162599,0.0243328482635548,3.567199507046144e-6
3,748,1100.0,0.0009793603814144513,0.012051413995905596,1.7667392489268351e-6
3,749,1100.0,0.0006350686721784844,0.007563961749608896,1.1088780208658936e-6
3,750,1100.0,0.0006350591074965646,0.007563480910142617,1.1088075297220496e-6
3,751,1100.0,0.00030500413784026643,0.003332646947961345,4.885665837867593e-7
3,752,1100.0,0.0006784221795166484,0.008158806795022178,1.1960824011252028e-6
3,753,1100.0,0.0002570268194195352,0.0027993207495910642,4.103808764944998e-7
3,754,1100.0,0.0005863101474415357,0.006894016031213901,1.0106638697512566e-6
3,755,1100.0,0.000857189803445759,0.010519839979888642,1.5422102494539962e-6
3,756,1100.0,0.000861991726222421,0.010580899961840041,1.5511616527240979e-6
3,757,1100.0,0.0011821120185411696,0.014476637601840186,2.1222774234086196e-6
3,758,1100.0,0.0006170005890962131,0.007316314453822426,1.07257288708614e-6
3,759,1100.0,1.1767739020778792e-12,9.391213120203456e-9,1.3767533685372584e-12
3,760,1100.0,0.002648496187370212,0.03034693623978823,4.448865781038595e-6
3,761,1100.0,0.0010987275729784412,0.013480504405225215,1.9762441350146985e-6
3,762,1100.0,0.000645317279512075,0.007705606029386128,1.1296430952840018e-6
3,763,1100.0,0.0009641548076623084,0.011883307400582157,1.7420947947522224e-6
3,764,1100.0,0.0008622371776923609,0.01056391518776897,1.5486716820869834e-6
3,765,1100.0,0.0009870347296907238,0.01216770000716986,1.7837867970628065e-6
3,766,1100.0,0.0005477935972967975,0.006359583047549911,9.323159075551997e-7
3,767,1100.0,0.0008343030846874116,0.010246496303836158,1.5021380221542007e-6
3,768,1100.0,0.0007501169016295158,0.009131445561779894,1.338671402286599e-6
3,769,1100.0,0.0005683504702201561,0.006646409190625119,9.743646667100538e-7
3,770,1100.0,0.0008648758818122116,0.010640324200292465,1.5598732557316084e-6
3,771,1100.0,0.0010403949165384827,0.012819253737791258,1.8793046797830096e-6
3,772,1100.0,0.0005195609389766164,0.005970919125010066,8.75337713392565e-7
3,773,1100.0,0.000739909237498872,0.008994358724080706,1.3185744496172523e-6
3,774,1100.0,0.0002858630925265451,0.0031137764201557812,4.564801288662996e-7
3,775,1100.0,0.0011947875173540159,0.014625200994177398,2.144056840851672e-6
3,776,1100.0,0.00044075275056794177,0.004938679145364545,7.24011164742691e-7
3,777,1100.0,0.0008520538417752119,0.010435421373373827,1.5298344680295005e-6
3,778,1100.0,0.00048368390763733107,0.005494922791422204,8.055565735876707e-7
3,779,1100.0,0.0006836695324434391,0.008229834946976919,1.2064951397366066e-6
3,780,1100.0,0.0009641395295108202,0.011877689847864803,1.7412712606115782e-6
4,1,400.0,0.0005867939357601498,0.010812674826712807,1.5851398855542497e-6
4,2,400.0,0.0017903729357586907,0.03143108092127434,4.607801567407526e-6
4,3,400.0,0.0017818979357586999,0.031287024743568134,4.586682908361342e-6
4,4,400.0,0.0008234669357595937,0.014918194165422156,2.187009687337696e-6
4,5,400.0,0.0009271349357595674,0.016702361862708803,2.448568961505413e-6
4,6,400.0,0.0008149919357595987,0.014771841323496399,2.165554336943952e-6
4,7,400.0,0.0007589189357596407,0.013803698263320565,2.023624407097554e-6
4,8,400.0,0.0015002369357590682,0.0264956629948984,3.88426849789818e-6
4,9,400.0,0.0014461199357591395,0.025573962996715188,3.749147128482167e-6
4,10,400.0,0.0008397689357595873,0.015199150044049913,2.2281978647712337e-6
4,11,400.0,0.0013972229357591974,0.02474073259869913,3.6269954168179556e-6
4,12,400.0,0.0006011369357600487,0.0110635222075025,1.6219141523151638e-6
4,13,400.0,0.0006503549357598452,0.013188419171498208,1.9334243923162236e-6
4,14,400.0,0.0004348799357616581,0.00813657980869997,1.192823921320746e-6
4,15,400.0,0.0004257809357617272,0.008818855716253068,1.2928456801683603e-6
4,16,400.0,0.0010386269357595306,0.018615222318712904,2.7289946150005714e-6
4,17,400.0,0.0005438009357604519,0.011126496060446588,1.6311461293836029e-6
4,18,400.0,0.0002744879357614516,0.005245797835775046,7.690348146323709e-7
4,19,400.0,0.00042966293576168833,0.008044068407069093,1.179261734817981e-6
4,20,400.0,6.131605774965817e-12,3.824668069219616e-8,5.606969600665309e-12
4,21,400.0,0.00035207693576190546,0.006655356167415044,9.756762949604293e-7
4,22,400.0,0.0002503649357613727,0.004802311766225434,7.040196848150903e-7
4,23,400.0,0.00024188993576134953,0.004645629899518991,6.810500977110838e-7
4,24,400.0,0.00014213393576148904,0.0027738213315027117,4.0664265766168954e-7
4,25,400.0,6.131607601294402e-12,3.824670674510883e-8,5.606973420026537e-12
4,26,400.0,0.0002901359357615262,0.005532100014350586,8.110067605064829e-7
4,27,400.0,0.0002653619357614231,0.005078353944090099,7.444875129187832e-7
4,28,400.0,0.00019690193576123757,0.0038087429852626405,5.583623401722345e-7
4,29,400.0,0.00014017793576151473,0.0027365170045818305,4.0117383727693555e-7
4,30,400.0,6.131606740866428e-12,3.809436538236246e-8,5.584640151507968e-12
4,31,400.0,0.00021906893576127952,0.004222537941944052,6.190247480212558e-7
4,32,400.0,0.000328604935761829,0.006231410669216114,9.135258160765107e-7
4,33,400.0,0.00019429493576123168,0.003759873971284975,5.511981347868723e-7
4,34,400.0,0.00015647693576133814,0.003046708330855307,4.46647936083118e-7
4,35,400.0,0.0001603889357613113,0.003120899085498782,4.5752431276229107e-7
4,36,400.0,9.388793576256049e-5,0.0018459099144807873,2.7061069323519827e-7
4,37,400.0,0.00016430093576128276,0.0031950073565689186,4.683885973362176e-7
4,38,400.0,0.0003357779357618506,0.006361191600983917,9.32551721749851e-7
4,39,400.0,0.00015060893576139393,0.0029351013029434983,4.3028632766647436e-7
4,40,400.0,0.00013496393576158718,0.0026368617471406314,3.865643603522285e-7
4,41,400.0,0.00014604593576144256,0.0028483814257320023,4.175731795841233e-7
4,42,400.0,0.0001643009357612843,0.003194870891014381,4.683685914637606e-7
4,43,400.0,0.00028883393576152356,0.0055082938549409636,8.075167736709566e-7
4,44,400.0,0.00022624193576130383,0.004355861945874353,6.385700686490066e-7
4,45,400.0,0.00017147393576125505,0.0033305979698705144,4.882662032658933e-7
4,46,400.0,0.00023145893576132157,0.004452658984428721,6.527605302207349e-7
4,47,400.0,0.00023928293576134239,0.004597392508909102,6.739784884140122e-7
4,48,400.0,0.00023210993576132353,0.0044647445534385976,6.545322766002565e-7
4,49,400.0,0.0004231439357617903,0.007927998888341713,1.1622459245230746e-6
4,50,400.0,0.0004968179357609683,0.009233342790615988,1.3536095525818896e-6
4,51,400.0,0.00031165193576171673,0.005923960405221261,8.68453557445518e-7
4,52,400.0,0.0003390359357618833,0.006420061363960606,9.41182038562573e-7
4,53,400.0,0.0002907899357615372,0.00554399521093733,8.127505982578572e-7
4,54,400.0,0.00026731793576142965,0.005114285960265187,7.497551523253433e-7
4,55,400.0,0.0004368359357616569,0.008171572958827127,1.1979539228122095e-6
4,56,400.0,0.0003377339357618533,0.006396522545697249,9.377312439825048e-7
4,57,400.0,0.0003664199357619649,0.0069134900053625815,1.0135187575239903e-6
4,58,400.0,0.0005242019357606367,0.009715602983130562,1.4243089751226787e-6
4,59,400.0,0.00016560593576127547,0.003219693537222215,4.720075954289804e-7
4,60,400.0,0.0008945339357595757,0.01614191448887642,2.366407285485981e-6
4,61,400.0,0.00011801093576188881,0.0023117997550788274,3.3891021952650897e-7
4,62,400.0,0.0006063539357600298,0.011154526611578149,1.6352554127315987e-6
4,63,400.0,0.00023928293576134239,0.004597392508908555,6.739784884139319e-7
4,64,400.0,0.00022363493576129433,0.004307432087688626,6.314702435740608e-7
4,65,400.0,0.00010953593576208728,0.002148540328005602,3.1497636100454874e-7
4,66,400.0,0.000946694935759564,0.017038307970507052,2.497818715465655e-6
4,67,400.0,0.0007641359357596386,0.013893872681526325,2.0368439914506755e-6
4,68,400.0,0.0003853289357619999,0.007252675113180892,1.0632433494131813e-6
4,69,400.0,0.000728927935759681,0.013284746677032258,1.9475460202709223e-6
4,70,400.0,0.00013365893576160664,0.0026119106634410784,3.829065274298647e-7
4,71,400.0,0.00031426193576173614,0.005971352734107606,8.754012805566816e-7
4,72,400.0,0.00027253193576144366,0.0052097849354839545,7.637553176012694e-7
4,73,400.0,0.0002086379357612653,0.0040281482321356775,5.905271849948231e-7
4,74,400.0,0.0015054539357590617,0.02658451958000755,3.897294887705324e-6
4,75,400.0,0.0003233879357617922,0.006136744939103453,8.996478046684573e-7
4,76,400.0,0.00014539493576145007,0.002835982335493137,4.1575547094151666e-7
4,77,400.0,0.0006663359357598018,0.012198917183105179,1.7883632401245352e-6
4,78,400.0,0.0002112449357612772,0.004076766817528242,5.976546775089403e-7
4,79,400.0,0.00014017793576151665,0.0027365069484785983,4.011723630505686e-7
4,80,400.0,0.00022819793576130484,0.004392200445177076,6.438972985480902e-7
4,81,400.0,0.00035403293576192335,0.006690611500267836,9.808447324820486e-7
4,82,400.0,0.0014128709357591788,0.025007280745861088,3.6660714184788186e-6
4,83,400.0,0.0007758719357596273,0.01409653802295427,2.066554763416484e-6
4,84,400.0,0.0010223249357595378,0.018335696017056848,2.6880160137832453e-6
4,85,400.0,0.00015647693576133928,0.003046590329098504,4.466306370064074e-7
4,86,400.0,0.00099037793575955,0.01778787890485459,2.607705936169921e-6
4,87,400.0,0.0009056189357595736,0.016332349114491548,2.394325032527385e-6
4,88,400.0,0.00041858093576180403,0.007846491730844096,1.150296961997314e-6
4,89,400.0,0.0019950989357585464,0.034908893112606074,5.117649399446948e-6
4,90,400.0,0.0006396059357598822,0.011733777354821662,1.7201736657603342e-6
4,91,400.0,0.0006057029357600275,0.011142945202127292,1.6335575762253037e-6
4,92,400.0,0.0005105099357607933,0.009474411550644947,1.3889502719512503e-6
4,93,400.0,0.0022819769357585815,0.03977745777991885,5.8313817703207895e-6
4,94,400.0,0.00033512393576185466,0.006349164992066302,9.307886189294299e-7
4,95,400.0,0.00011214293576202226,0.0021987399240840865,3.2233562994197506e-7
4,96,400.0,0.00011474993576196108,0.0022489901602161188,3.2970232271947524e-7
4,97,400.0,0.0002138549357612751,0.0041252631628522244,6.047642496091518e-7
4,98,400.0,0.00011083793576205416,0.002173605801991218,3.1865096356142615e-7
4,99,400.0,0.00011801093576188916,0.0023117145949173947,3.388977350330131e-7
4,100,400.0,0.0004759559357611959,0.008864738397605229,1.2995720887058488e-6
4,101,400.0,0.0002542769357613876,0.0048742532661460135,7.145663203866121e-7
4,102,400.0,0.0003103499357617026,0.005900102571005537,8.649559950750252e-7
4,103,400.0,0.0003775049357619871,0.0071122508987359724,1.0426571367709265e-6
4,104,400.0,0.0004433549357615692,0.00828716695718816,1.2149000217441858e-6
4,105,400.0,0.0002542769357613876,0.004874253308898737,7.145663266541682e-7
4,106,400.0,0.00016625693576127347,0.0032318896068020807,4.7379554121000757e-7
4,107,400.0,0.00016951793576125914,0.003293532635146244,4.828324191759743e-7
4,108,400.0,0.0002412389357613478,0.004633596897616333,6.792860576780172e-7
4,109,400.0,0.000280355935761467,0.005353142322011312,7.847715337471511e-7
4,110,400.0,0.00019429493576122824,0.003759736630928549,5.511780006683164e-7
4,111,400.0,0.0003370799357618614,0.006384535852380907,9.359739927957125e-7
4,112,400.0,0.00037359293576197936,0.007042090118932992,1.0323715550578302e-6
4,113,400.0,0.0005365919357605342,0.009933101320689352,1.45619426673012e-6
4,114,400.0,0.0002686199357614311,0.005138042610325552,7.532378810822283e-7
4,115,400.0,0.0002705759357614372,0.005173944524279055,7.585011074982154e-7
4,116,400.0,0.00027709793576145684,0.0052934619790131225,7.760223857716406e-7
4,117,400.0,0.00040684493576187533,0.007637231483176582,1.119619375705784e-6
4,118,400.0,0.0002894849357615251,0.005520011457787753,8.092345761512126e-7
4,119,400.0,0.00024384593576135487,0.004681803101684597,6.86353095023022e-7
4,120,400.0,0.0002933969357615612,0.005591435732649796,8.197053864451569e-7
4,121,400.0,0.00040488893576188714,0.007602304561413168,1.1144990833032008e-6
4,122,400.0,0.0003031769357616445,0.005769656193708373,8.458325349790134e-7
4,123,400.0,0.0002836169357614833,0.005412803730418377,7.935179059085278e-7
4,124,400.0,0.00029665793576158977,0.005650886138835954,8.284208256466822e-7
4,125,400.0,0.0004133639357618319,0.007753550141326971,1.1366717098805634e-6
4,126,400.0,0.00031686893576174765,0.0060185176572327085,8.823156659463168e-7
4,127,400.0,0.0005470229357604444,0.010116193740935845,1.4830356452721223e-6
4,128,400.0,0.00047269493576122926,0.008807091522693253,1.2911210474820086e-6
4,129,400.0,0.0004114079357618499,0.0077186505089874,1.1315554181119472e-6
4,130,400.0,0.0003299099357618257,0.006254861079457598,9.169636500262151e-7
4,131,400.0,0.00038206793576197424,0.007194091426098994,1.054654971373094e-6
4,132,400.0,0.0003116519357617106,0.005923795161489956,8.684293326876733e-7
4,133,400.0,0.0002594939357613997,0.004970252591291121,7.286398370429955e-7
4,134,400.0,0.00040553993576188856,0.007613938068623853,1.116204557349547e-6
4,135,400.0,0.000601790935760049,0.011074741984627793,1.6235589734638026e-6
4,136,400.0,0.0002933969357615616,0.005591430574407417,8.197046302459863e-7
4,137,400.0,0.00012974693576166897,0.0025369189052859803,3.719127235058062e-7
4,138,400.0,6.6848435528341236e-12,3.8038145070675505e-8,5.576398244684587e-12
4,139,400.0,0.0004361849357616494,0.008159791958629542,1.196226826270031e-6
4,140,400.0,6.684754484118789e-12,3.8038036293190904e-8,5.5763822978876794e-12
4,141,400.0,6.684921360680901e-12,3.803822089644732e-8,5.5764093607550485e-12
4,142,400.0,0.0002575379357613986,0.004934278798572812,7.23366073188415e-7
4,143,400.0,0.00033382193576185346,0.0063256186082930365,9.273367152443804e-7
4,144,400.0,0.0002503649357613779,0.004802167049413021,7.039984693068887e-7
4,145,400.0,0.00025492793576139096,0.004886243272160222,7.163240572154496e-7
4,146,400.0,0.0002242859357612955,0.004319379068193189,6.33221672856197e-7
4,147,400.0,6.131605118902352e-12,3.795884307415717e-8,5.564772559116503e-12
4,148,400.0,6.684778515447519e-12,3.803806863997635e-8,5.576387039931678e-12
4,149,400.0,0.0001845149357612231,0.00357616029846817,5.242656805171722e-7
4,150,400.0,0.00035468393576194114,0.0067020991215248045,9.825288196238884e-7
4,151,400.0,0.00021189893576127605,0.004088821808774138,5.994219411832968e-7
4,152,400.0,0.00031686893576174976,0.006018484249235128,8.823107683284462e-7
4,153,400.0,0.00013235393576162724,0.002586852054469162,3.7923293128511063e-7
4,154,400.0,0.00021581093576127997,0.004161670809239212,6.101016164820179e-7
4,155,400.0,0.0002640569357614178,0.005054194150563893,7.40945683264336e-7
4,156,400.0,0.00016886693576126312,0.0032811895255950153,4.810229173112663e-7
4,157,400.0,0.0003370799357618665,0.006384513900178782,9.359707745993159e-7
4,158,400.0,6.131613493270162e-12,3.793029113227241e-8,5.5605868397994155e-12
4,159,400.0,6.131611180736342e-12,3.8052958603835584e-8,5.578569911051544e-12
4,160,400.0,0.0003716369357619903,0.007006934113400096,1.027217678937438e-6
4,161,400.0,0.00034946693576191825,0.006608136916481633,9.687539451052733e-7
4,162,400.0,0.00024645293576136486,0.0047299284139503866,6.934082736166474e-7
4,163,400.0,6.1319424079768056e-12,3.7827290082937984e-8,5.545486869239811e-12
4,164,400.0,6.1316141504071525e-12,3.793029950580816e-8,5.560588067361117e-12
4,165,400.0,6.132062301744628e-12,3.7827295752770274e-8,5.5454877004381455e-12
4,166,400.0,6.131615176206083e-12,3.793031245238026e-8,5.560589965330689e-12
4,167,400.0,6.1316085068060715e-12,3.7930226996553415e-8,5.560577437492596e-12
4,168,400.0,0.00022624193576130237,0.004355704054050275,6.385469216819554e-7
4,169,400.0,0.0007334939357596712,0.013363693668946842,1.959119662106444e-6
4,170,400.0,0.0005411549357605003,0.010013202609947503,1.4679371287436644e-6
4,171,400.0,0.00047725793576118027,0.008887764902202534,1.302947778019275e-6
4,172,400.0,0.00020342093576125147,0.003930566606244438,5.762217027920941e-7
4,173,400.0,0.0003866309357619737,0.007275839513927513,1.066639254324491e-6
4,174,400.0,0.000383372935761982,0.007217431857095509,1.0580766823476253e-6
4,175,400.0,0.000318824935761763,0.0060539944539921365,8.875165701126143e-7
4,176,400.0,0.00020537693576125782,0.003967121944617188,5.815807213340577e-7
4,177,400.0,0.0006748139357597828,0.012346171354740053,1.8099507256000097e-6
4,178,400.0,0.00025688393576139574,0.004922277026083269,7.216066113923826e-7
4,179,400.0,0.00022037393576128316,0.004246649083189829,6.22559445243491e-7
4,180,400.0,0.00028166093576147366,0.005377000746928856,7.882691827146267e-7
4,181,400.0,0.00026536193576142173,0.005078184546798975,7.444626792483946e-7
4,182,400.0,0.00046813193576128556,0.00872633979957595,1.2792828317590832e-6
4,183,400.0,0.00033707993576186605,0.00638452448068534,9.359723257032957e-7
4,184,400.0,0.00019038293576122356,0.0036863729074599573,5.404228668936895e-7
4,185,400.0,0.00041205893576185,0.0077302592619971425,1.1332572631884154e-6
4,186,400.0,0.00023602193576133286,0.004537097557304755,6.651392387170276e-7
4,187,400.0,0.00014539493576145094,0.0028358753228786447,4.1573978287485337e-7
4,188,400.0,0.002268935935758574,0.039556252602674716,5.798953055413492e-6
4,189,400.0,0.0020915939357585268,0.036547073252831776,5.357806874041424e-6
4,190,400.0,0.006663371935754086,0.11391798546420878,1.6700395169120607e-5
4,191,400.0,0.001245959935759363,0.022160578097425915,3.2487443479190413e-6
4,192,400.0,0.000384023935761981,0.007229111051296098,1.0597888541141108e-6
4,193,400.0,0.0002966579357615906,0.005650854724908691,8.284162203598438e-7
4,194,400.0,0.0002216789357612854,0.004270899832369398,6.26114609011492e-7
4,195,400.0,0.000665684935759806,0.012187473647640376,1.7866856159669864e-6
4,196,400.0,0.0001303979357616583,0.002549405905224529,3.737433197246628e-7
4,197,400.0,0.00017538593576124027,0.0034043040967299382,4.990715334332219e-7
4,198,400.0,0.00043161893576168964,0.008078617640765683,1.184326658088632e-6
4,199,400.0,0.0007308839357596756,0.013318459020762143,1.952488255336545e-6
4,200,400.0,0.0008906219357595775,0.0160744659860263,2.3565193240146427e-6
4,201,400.0,0.00040880093576187485,0.007672108920019568,1.1247324136109962e-6
4,202,400.0,0.00014930693576140747,0.0029103302655346117,4.2665488955956153e-7
4,203,400.0,0.0009395219357595648,0.016914977553975405,2.479738456373487e-6
4,204,400.0,0.0007523999357596484,0.013690791168282514,2.007072208629075e-6
4,205,400.0,0.0008938829357595765,0.016130534900969332,2.364739036050778e-6
4,206,400.0,0.000635693935759895,0.011665682498187101,1.7101909487192302e-6
4,207,400.0,0.0007778279357596252,0.014130318008639514,2.0715069148037477e-6
4,208,400.0,0.0010810049357595063,0.019340843172747972,2.835370750041581e-6
4,209,400.0,0.0003077399357616824,0.005852657861563321,8.580005929658644e-7
4,210,400.0,0.000665684935759806,0.012187473647632641,1.7866856159658524e-6
4,211,400.0,0.00023210993576132464,0.004464741746862696,6.545318651557736e-7
4,212,400.0,0.0004694339357612994,0.008749627309850423,1.282696784547169e-6
4,213,400.0,0.0002679689357614287,0.0051260796583289985,7.514841103767724e-7
4,214,400.0,0.0002040749357612589,0.003942910438159398,5.780313105554423e-7
4,215,400.0,0.0002503649357613792,0.004802296317397858,7.040174200144588e-7
4,216,400.0,0.00022428593576129794,0.00431951521730244,6.332416323377235e-7
4,217,400.0,0.0003305609357618325,0.006266620110710472,9.186875259175309e-7
4,218,400.0,0.00013626593576157044,0.0026617907893714244,3.902189619916925e-7
4,219,400.0,0.00017734193576123935,0.0034412865888629393,5.044931727858074e-7
4,220,400.0,0.00033512393576186524,0.006349371506621491,9.308188939967581e-7
4,221,400.0,0.000254243935761385,0.005391287895276213,7.903636809825553e-7
4,222,400.0,0.00023560793576132754,0.005011081564989845,7.346253712177775e-7
4,223,400.0,0.0008554139357595838,0.015468576867391828,2.2676958808275705e-6
4,224,400.0,0.0015178409357590444,0.026795371366235287,3.928205793808246e-6
4,225,400.0,0.0007836959357596197,0.014231726525517149,2.0863734198465623e-6
4,226,400.0,0.0004316189357616759,0.008078655530624753,1.184332212748125e-6
4,227,400.0,0.00026731793576142656,0.005114130026530396,7.497322924144994e-7
4,228,400.0,0.0007889129357596142,0.014321875724169824,2.0995893070091052e-6
4,229,400.0,0.0007537049357596471,0.01371338462914761,2.0103844136610338e-6
4,230,400.0,0.0009499529357595617,0.017094219047769914,2.506015288472245e-6
4,231,400.0,0.0006565559357598298,0.012028835283820316,1.7634292060683924e-6
4,232,400.0,0.0006767699357597781,0.012380130810567647,1.814929187339287e-6
4,233,400.0,0.0004629149357613471,0.008634030539444308,1.2657502792329334e-6
4,234,400.0,0.0014233019357591651,0.02518512308300593,3.6921431339855146e-6
4,235,400.0,0.0005098589357607952,0.009462949776872683,1.3872699740548659e-6
4,236,400.0,0.00042836093576170654,0.008020686048878898,1.1758338773100473e-6
4,237,400.0,0.00020733293576126333,0.004003647660192575,5.869353971691172e-7
4,238,400.0,0.0008743229357595801,0.01579412966026255,2.315421973131582e-6
4,239,400.0,0.00020016293576124352,0.003869628242949316,5.67288128836753e-7
4,240,400.0,0.000422492935761766,0.007916201459936564,1.1605164196029995e-6
4,241,400.0,0.00021972293576128142,0.00423453231796421,6.207831254936751e-7
4,242,400.0,0.0004726949357612347,0.008807125446148931,1.2911260206661202e-6
4,243,400.0,0.00035663993576193963,0.006737361329956046,9.876982651064249e-7
4,244,400.0,0.0014585099357591242,0.025784913383982647,3.780072489513524e-6
4,245,400.0,0.0009819029357595523,0.017642467550078905,2.5863886079452737e-6
4,246,400.0,0.00153740093575902,0.02712828436422303,3.977010893377697e-6
4,247,400.0,0.00186861293575862,0.03276050631678222,4.802695546285176e-6
4,248,400.0,0.0009447389357595633,0.01700456652291319,2.492872213768847e-6
4,249,400.0,0.001337888935759266,0.023728989419219974,3.4786737024011124e-6
4,250,400.0,0.0014304749357591567,0.02530727057772248,3.710049976547486e-6
4,251,400.0,0.0013704899357592293,0.024284854933279264,3.560163677033724e-6
4,252,400.0,0.002722724935759058,0.04724923619704158,6.92674569967381e-6
4,253,400.0,0.00017147393576125232,0.0033304689904812704,4.882472948664842e-7
4,254,400.0,0.00020994293576127724,0.0040524675063956205,5.940923945507353e-7
4,255,400.0,0.0002444969357613566,0.004693852375053196,6.881195204556381e-7
4,256,400.0,0.0002842679357614887,0.00542472130364631,7.952650240791345e-7
4,257,400.0,0.00016821293576126415,0.003268875061108212,4.792176148176549e-7
4,258,400.0,0.00010823093576212024,0.0021233064743960296,3.1127707396745487e-7
4,259,400.0,9.51899357625148e-5,0.0018711158917170247,2.7430589359143414e-7
4,260,400.0,0.00013887593576153434,0.002711623213540636,3.975244034675913e-7
4,261,400.0,9.584393576249285e-5,0.0018838285980769711,2.7616957840832205e-7
4,262,400.0,0.0003005699357616229,0.005722164652563634,8.388702673346573e-7
4,263,400.0,0.00014474393576145852,0.0028234500627899095,4.1391823772800587e-7
4,264,400.0,0.0019507649357585655,0.0341560093611772,5.007276519220563e-6
4,265,400.0,0.0007387079357596639,0.013453887519136745,1.9723420951915964e-6
4,266,400.0,0.002300231935758592,0.04008709094779165,5.8767740430147885e-6
4,267,400.0,0.0018692639357586196,0.03277157944580931,4.804318868798803e-6
4,268,400.0,0.002715551935759047,0.047127701198372604,6.908928649131882e-6
4,269,400.0,0.000721103935759691,0.013149083712745908,1.927657807675132e-6
4,270,400.0,0.001138379935759457,0.020322525796151434,2.979285582055949e-6
4,271,400.0,6.976193576372756e-5,0.0013762452236049133,2.0175777328012848e-7
4,272,400.0,0.00021515693576128298,0.00414968331228483,6.083442474817584e-7
4,273,400.0,0.0002731859357614483,0.005221935435152966,7.655365828259649e-7
4,274,400.0,0.00015321893576137046,0.0029848110231633675,4.375737807234727e-7
4,275,400.0,9.062693576268248e-5,0.0017826389224947807,2.6133515553495905e-7
4,276,400.0,0.00017212493576125422,0.003342891595782305,4.900684508210237e-7
4,277,400.0,0.00018451493576122647,0.0035762980311037783,5.242858721439199e-7
4,278,400.0,0.00016691093576127425,0.0032443675060409025,4.756248032648063e-7
4,279,400.0,0.00025280993576138065,0.005362116090802334,7.860870897092381e-7
4,280,400.0,0.00012127193576181599,0.0023744072729175946,3.4808849180901596e-7
4,281,400.0,0.00010627493576217323,0.0020856247375274925,3.0575292522308377e-7
4,282,400.0,0.0001682129357612595,0.003268912761484588,4.792231416989541e-7
4,283,400.0,0.00031034993576170805,0.005900286236513538,8.64982920468325e-7
4,284,400.0,0.00013691993576155973,0.0026741683411406745,3.920335130911558e-7
4,285,400.0,0.0003592469357619551,0.006784283900731525,9.94577121602248e-7
4,286,400.0,0.00048573593576107485,0.009037535404989099,1.3249041580502346e-6
4,287,400.0,0.00012518393576174797,0.0024494562121730435,3.59090678491672e-7
4,288,400.0,0.00016886693576126613,0.003281194706294907,4.810236768027118e-7
4,289,400.0,0.0006480809357598544,0.01188140482132905,1.7418158763247414e-6
4,290,400.0,0.00017147393576125234,0.0033304847901478654,4.882496111001729e-7
4,291,400.0,0.0007143839357597015,0.01442088285175959,2.1141037679923372e-6
4,292,400.0,0.0003638129357619639,0.006866388602069802,1.0066136841520891e-6
4,293,400.0,0.0005770139357602112,0.010641670196402801,1.5600705789799708e-6
4,294,400.0,0.0003931529357619442,0.0073925738467614695,1.0837525264753863e-6
4,295,400.0,0.0002738369357614469,0.005233728880915843,7.67265503890036e-7
4,296,400.0,0.00044205293576157225,0.008264041573513552,1.2115098367419694e-6
4,297,400.0,9.910193576238434e-5,0.0019468855230262785,2.8541373384621704e-7
4,298,400.0,0.00024188993576134847,0.004645655470861875,6.810538464741033e-7
4,299,400.0,0.00062069693575995,0.011404440194179582,1.6718927845264669e-6
4,300,400.0,0.0003827189357619822,0.007205747508707839,1.0563637549764765e-6
4,301,400.0,0.0002842679357614893,0.0054247030367341065,7.952623461468389e-7
4,302,400.0,0.00038793593576197654,0.0072991864724844015,1.0700619222404336e-6
4,303,400.0,0.0004120589357618587,0.007730251109094514,1.133256067971566e-6
4,304,400.0,0.0003768509357619872,0.007100543010088649,1.0409407583938895e-6
4,305,400.0,0.00043096793576169923,0.008067027296184885,1.1826275116908368e-6
4,306,400.0,0.00032273693576178816,0.0061249286674108635,8.979155373193833e-7
4,307,400.0,0.0005731019357602449,0.010573192010421697,1.5500316657944118e-6
4,308,400.0,0.00038663093576197865,0.00727582499305873,1.0666371255627695e-6
4,309,400.0,0.00036772493576198075,0.006936696251749371,1.0169207970129447e-6
4,310,400.0,0.0002660129357614226,0.005090205600136973,7.462249676199416e-7
4,311,400.0,0.0001486529357614143,0.0028979534901001506,4.2484045227090436e-7
4,312,400.0,0.00023667293576133154,0.0045491457349651895,6.669055035186488e-7
4,313,400.0,0.00035403293576191777,0.006690406883578054,9.808147356420971e-7
4,314,400.0,0.0002718809357614412,0.005197896072785524,7.620124083989504e-7
4,315,400.0,0.00035207693576192134,0.006655088973668898,9.756371243138524e-7
4,316,400.0,0.0001747349357612416,0.0033920736980584485,4.972785550017877e-7
4,317,400.0,0.00024449693576135683,0.004693886170319909,6.881244748472265e-7
4,318,400.0,0.00021124493576127207,0.004076649222439451,5.976374380498265e-7
4,319,400.0,0.00044139893576159204,0.00825242795361099,1.2098072781782235e-6
4,320,400.0,0.0003429479357618861,0.006490564935813502,9.515178736458557e-7
4,321,400.0,0.0002503649357613757,0.004802204096910066,7.04003900475972e-7
4,322,400.0,0.0002138549357612765,0.004125240567121998,6.047609370714312e-7
4,323,400.0,0.0004055399357618951,0.007613904727155619,1.1161996694848893e-6
4,324,400.0,0.000404888935761899,0.007602266530162641,1.1144935079156974e-6
4,325,400.0,0.00033512393576185233,0.006349255036648506,9.30801819479804e-7
4,326,400.0,0.00023602193576133425,0.0045372575982043145,6.651627007388934e-7
4,327,400.0,0.00031360793576172183,0.005959353540672156,8.73642196850398e-7
4,328,400.0,0.00042509993576173775,0.007962731060607835,1.1673376666177279e-6
4,329,400.0,0.0005222459357606772,0.009680719326700482,1.4191950254249884e-6
4,330,400.0,0.00016691093576126932,0.0032442596062708627,4.7560898514099576e-7
4,331,400.0,0.00044139893576158033,0.008252562859417386,1.2098270553913496e-6
4,332,400.0,0.00024971393576137414,0.004790119313334934,7.022322692413114e-7
4,333,400.0,0.0012687779357593398,0.022550050678040553,3.305841091486765e-6
4,334,400.0,0.000372938935761989,0.007030386174287,1.0306557548720293e-6
4,335,400.0,0.0007960829357596093,0.014445571353841185,2.1177231064068653e-6
4,336,400.0,0.0004166249357618139,0.0078117163034753575,1.1451988786975926e-6
4,337,400.0,0.00038532893576197555,0.0072524631795084765,1.0632122799023874e-6
4,338,400.0,0.00040945193576187057,0.00768373610415023,1.1264369606927842e-6
4,339,400.0,0.0005313749357605874,0.00984144010547986,1.4427567176947989e-6
4,340,400.0,0.00043944293576160857,0.008217678252242453,1.2047129663143095e-6
4,341,400.0,0.0006154829357599755,0.011313540722599139,1.6585669072308699e-6
4,342,400.0,0.00024449693576135753,0.004693825843813001,6.881156309715168e-7
4,343,400.0,0.00033903593576187127,0.0064198570491773126,9.411520859821617e-7
4,344,400.0,0.00045900293576139455,0.008564676261829612,1.2555829308716143e-6
4,345,400.0,0.00034099193576188054,0.006455196321524924,9.463328290473533e-7
4,346,400.0,0.0004596539357613871,0.008576220475526579,1.2572753144743482e-6
4,347,400.0,0.0006298259357599093,0.011563469938048467,1.6952065708037781e-6
4,348,400.0,0.0002510159357613778,0.004814139219103887,7.057535913278277e-7
4,349,400.0,0.0007537049357596469,0.013713403130102927,2.0103871259040883e-6
4,350,400.0,0.00016299893576128787,0.0031702036668436935,4.647523723944268e-7
4,351,400.0,0.0001786469357612317,0.003465795588670682,5.080861961378382e-7
4,352,400.0,0.00034360193576189247,0.006502276621298956,9.53234808639979e-7
4,353,400.0,0.0001577819357613246,0.0030713383067336613,4.502586945467467e-7
4,354,400.0,0.0005007299357609018,0.009302085151502566,1.3636871938514926e-6
4,355,400.0,0.0006402569357598801,0.01174512347442396,1.7218370087366196e-6
4,356,400.0,0.00014408993576146609,0.002811050232289319,4.1210042056291e-7
4,357,400.0,0.0001616939357613004,0.0031454975830239123,4.611304564942251e-7
4,358,400.0,0.00027644393576145554,0.0052815886803595285,7.742817582608221e-7
4,359,400.0,0.00018190493576122164,0.0035270903780251655,5.170720222113644e-7
4,360,400.0,0.0002705759357614371,0.005173995720376097,7.585086128543559e-7
4,361,400.0,0.0004127129357618468,0.007742021698349546,1.1349816382678755e-6
4,362,400.0,0.0003957599357619411,0.007439279212345946,1.0905995406549348e-6
4,363,400.0,0.0005867939357601497,0.01081283385044181,1.5851631984587465e-6
4,364,400.0,0.0002334149357613237,0.004488834239647108,6.580638285105442e-7
4,365,400.0,0.0004818239357611281,0.008968409271247448,1.3147702556177541e-6
4,366,400.0,0.0003272999357618148,0.006207734749077188,9.10054922339219e-7
4,367,400.0,0.0003475109357619051,0.0065729649259324155,9.635977255788925e-7
4,368,400.0,9.975593576236359e-5,0.001959555113400312,2.8727109785256816e-7
4,369,400.0,0.0001864709357612198,0.0036129792952674703,5.296633514272858e-7
4,370,400.0,0.00015256493576137447,0.002972365896222997,4.3574932309294905e-7
4,371,400.0,0.0003892409357619677,0.007322547675833824,1.0734866784452746e-6
4,372,400.0,0.0003748949357619856,0.007065448107409349,1.0357958399617578e-6
4,373,400.0,0.0005052959357608501,0.009382584401821308,1.3754883970211478e-6
4,374,400.0,0.0005776649357602117,0.010653033920695361,1.561736502806708e-6
4,375,400.0,0.00019233893576122598,0.0037230678992430724,5.458023586482922e-7
4,376,400.0,0.00022559093576129832,0.004343630307922982,6.367769085389405e-7
4,377,400.0,0.0002549279357613898,0.00488623772568576,7.163232441013928e-7
4,378,400.0,0.00037554893576197904,0.007077251070410761,1.0375261562545438e-6
4,379,400.0,0.0003625079357619493,0.006842941257397478,1.0031762996153215e-6
4,380,400.0,0.00026470793576141826,0.005066251493123272,7.42713291641631e-7
4,381,400.0,6.131607346375406e-12,3.787752455499756e-8,5.552851251001729e-12
4,382,400.0,0.00033251693576183844,0.006302097382362311,9.23888499703133e-7
4,383,400.0,0.0002001629357612442,0.0038696850346215013,5.672964545051183e-7
4,384,400.0,0.00033838493576186644,0.006408214749868317,9.394453230127754e-7
4,385,400.0,8.019593576313435e-5,0.0015797445424607795,2.315908064723069e-7
4,386,400.0,9.910193576238438e-5,0.001946874294912657,2.8541208780293674e-7
4,387,400.0,0.0004329239357616745,0.008101927440353804,1.1877438784937184e-6
4,388,400.0,0.00013952693576152394,0.002724008033828565,3.993400201330733e-7
4,389,400.0,9.062693576268191e-5,0.0017825972089953645,2.6132904032917043e-7
4,390,400.0,0.00013626593576156876,0.0026618022945028305,3.9022064864582507e-7
4,391,400.0,0.00019625093576123082,0.003796475270849127,5.565638912469595e-7
4,392,400.0,0.00035729093576194706,0.006749113694566214,9.894211636668375e-7
4,393,400.0,0.0002699249357614354,0.005161944875085549,7.567419569777268e-7
4,394,400.0,6.131605414700717e-12,3.80528866219154e-8,5.578559358490356e-12
4,395,400.0,0.00022298093576128837,0.004295197092859952,6.296765913452368e-7
4,396,400.0,0.00032338793576179196,0.006136816399976023,8.99658280843981e-7
4,397,400.0,0.00013822193576154164,0.002699049403347225,3.95681080851274e-7
4,398,400.0,0.00018320993576122354,0.0035517001989407307,5.206798259541752e-7
4,399,400.0,0.0002386289357613396,0.0045853640254841154,6.72215110790506e-7
4,400,400.0,0.00020863793576126837,0.00402797555220986,5.905018700896554e-7
4,401,400.0,0.00022559093576129716,0.004343656485648877,6.367807461978079e-7
4,402,400.0,0.00014408993576146609,0.0028110484331022754,4.1210015680179723e-7
4,403,400.0,0.0002731859357614451,0.005221821253267058,7.655198437429477e-7
4,404,400.0,0.000460307935761366,0.008587772548699014,1.2589688502774622e-6
4,405,400.0,0.00042444893576174697,0.007951022277564014,1.165621157122019e-6
4,406,400.0,0.00026210093576141126,0.005018261351748224,7.356779291225397e-7
4,407,400.0,0.00043161893576168964,0.008078617640766282,1.1843266580887197e-6
4,408,400.0,0.0003462089357619023,0.0065493401169474386,9.6013432474507e-7
4,409,400.0,0.0001251839357617478,0.0024494893714056146,3.5909553964055193e-7
4,410,400.0,0.00016104293576130478,0.0031331451410607364,4.5931958649641006e-7
4,411,400.0,0.00033577793576185775,0.006361102545328452,9.325386661762974e-7
4,412,400.0,0.0003110009357617045,0.005911922748060953,8.666888349509236e-7
4,413,400.0,0.00040553993576189127,0.007614008623601441,1.1162149007207194e-6
4,414,400.0,0.0003638129357619751,0.006866392421378668,1.006614244063389e-6
4,415,400.0,0.0003057839357616669,0.00581709218207843,8.527866585775795e-7
4,416,400.0,0.0004120589357618528,0.007730244634266754,1.1332551187607648e-6
4,417,400.0,7.30229357635247e-5,0.0014398629089235771,2.110841362792376e-7
4,418,400.0,0.00011996693576184842,0.002349294769047161,3.444069946633868e-7
4,419,400.0,0.00013300793576161951,0.002599598363812414,3.811015423048081e-7
4,420,400.0,0.00017408093576124888,0.003380039899057317,4.955143981139554e-7
4,421,400.0,6.131600167373666e-12,3.800115484068106e-8,5.570975470960257e-12
4,422,400.0,0.00025232093576138466,0.004838516760467404,7.093273428505863e-7
4,423,400.0,0.00041336393576183665,0.007753551749135109,1.1366719455854976e-6
4,424,400.0,0.00021906893576127703,0.004222356862000773,6.189982016721641e-7
4,425,400.0,0.0003814169357619986,0.007182740431949902,1.0529909137874568e-6
4,426,400.0,6.730542538597254e-12,3.7731949019012915e-8,5.531509853785186e-12
4,427,400.0,0.0004413989357616021,0.008252542378046436,1.2098240528190422e-6
4,428,400.0,0.0004590029357613975,0.008564622879924808,1.255575105075701e-6
4,429,400.0,0.0002634059357614169,0.005042555117883533,7.392393991832381e-7
4,430,400.0,0.00033382193576184446,0.006325614875229523,9.273361679766632e-7
4,431,400.0,0.0002829659357614767,0.005400819918235121,7.91761077096314e-7
4,432,400.0,0.0002849219357614957,0.00543688832870096,7.970487119280483e-7
4,433,400.0,0.0003644639357619743,0.006878070727680858,1.0083262856638251e-6
4,434,400.0,0.00017734193576123211,0.0034414398621336554,5.045156426721856e-7
4,435,400.0,0.00018386093576121953,0.0035638798300035093,5.224653618459278e-7
4,436,400.0,0.0002438459357613507,0.004681754438557174,6.863459610006389e-7
4,437,400.0,0.00043161893576168216,0.008078728066122256,1.1843428464638384e-6
4,438,400.0,0.0004348799357616581,0.00813657980870695,1.1928239213217693e-6
4,439,400.0,0.00020342093576124952,0.003930752445440704,5.762489468484466e-7
4,440,400.0,0.000182558935761219,0.0035393341634140318,5.188669631377401e-7
4,441,400.0,0.00023471693576132877,0.004512894768418437,6.615911059358058e-7
4,442,400.0,0.0001480019357614216,0.002885508811762049,4.230160604055462e-7
4,443,400.0,0.0004766069357611888,0.008876250002095947,1.3012596917936512e-6
4,444,400.0,0.00020668193576126178,0.0039914635318425255,5.851492019743204e-7
4,445,400.0,0.0006330869357599037,0.011620250162438504,1.7035305609203597e-6
4,446,400.0,0.0002855729357615002,0.005448553469818125,7.987588235102216e-7
4,447,400.0,0.00028752893576151336,0.005484284156796884,8.039969480239045e-7
4,448,400.0,0.0002321099357613198,0.004464569776348383,6.545066542504476e-7
4,449,400.0,0.0002973089357615959,0.005662737606806294,8.301582527757901e-7
4,450,400.0,0.0005626709357603266,0.01039054319281089,1.5232553194708414e-6
4,451,400.0,0.0016149869357589112,0.02844858896980741,4.170567762971363e-6
4,452,400.0,0.0005098589357607994,0.009462919015408574,1.3872654644192319e-6
4,453,400.0,0.0005098589357608001,0.00946291624219044,1.387265057865003e-6
4,454,400.0,0.0005985299357600729,0.011017754579771909,1.6152046106572821e-6
4,455,400.0,0.00038206793576198465,0.007194065398418456,1.0546511557109001e-6
4,456,400.0,0.0005092079357608012,0.00945146971620014,1.3855869952959305e-6
4,457,400.0,0.00041336393576184077,0.007753451709516367,1.1366572797611438e-6
4,458,400.0,0.0006572099357598277,0.012040134836068432,1.7650857222629922e-6
4,459,400.0,0.00020472593576125242,0.003954903423447249,5.797894841462796e-7
4,460,400.0,0.00036250793576196615,0.006842854875473019,1.0031636360111677e-6
4,461,400.0,0.0005626709357603129,0.010390521087288157,1.523252078797619e-6
4,462,400.0,0.000564626935760294,0.010424647734195842,1.528255050776389e-6
4,463,400.0,0.00044270393576157307,0.008275532706211747,1.213194438661663e-6
4,464,400.0,0.000620045935759951,0.011393105455518885,1.6702311099980684e-6
4,465,400.0,0.000323387935761789,0.0061367689297890425,8.996513217068607e-7
4,466,400.0,0.0010158059357595402,0.018223897562291036,2.6716263421587175e-6
4,467,400.0,6.730546972567561e-12,3.773195821553904e-8,5.5315112019974085e-12
4,468,400.0,0.0005137709357607524,0.009531820717154504,1.3973664650846927e-6
4,469,400.0,0.0002790539357614626,0.0053292136337808865,7.812635841665966e-7
4,470,400.0,0.00017669093576123122,0.0034288408879639297,5.026686310128539e-7
4,471,400.0,0.00036837593576197496,0.006948408032567842,1.0186377459829037e-6
4,472,400.0,0.00013365893576160312,0.0026117999657792527,3.82890299134664e-7
4,473,400.0,6.7305197689978476e-12,3.773189974303861e-8,5.5315026299193504e-12
4,474,400.0,0.0001277909357616976,0.002499456161574538,3.664206791938293e-7
4,475,400.0,0.00023667293576133176,0.004549117262480854,6.669013294478214e-7
4,476,400.0,0.00011996693576184365,0.0023492863544965974,3.444057610889076e-7
4,477,400.0,0.0002601449357614055,0.004982265223065178,7.304008908119013e-7
4,478,400.0,0.0003853289357619679,0.007252459059398941,1.0632116758936606e-6
4,479,400.0,0.0003761999357619877,0.0070889675167036155,1.0392437891838052e-6
4,480,400.0,0.0001721249357612502,0.003342749709338525,4.900476502453234e-7
4,481,400.0,0.00036381293576197255,0.006866355777382758,1.0066088720476378e-6
4,482,400.0,0.00034881593576190816,0.006596460136412241,9.67042127250813e-7
4,483,400.0,0.0007510949357596492,0.013668321364570248,2.003778131755803e-6
4,484,400.0,0.0002503649357613737,0.004802122184378169,7.039918920854934e-7
4,485,400.0,0.00029470193576157307,0.00561517108451635,8.231849928833702e-7
4,486,400.0,0.00024123893576134757,0.004633583816931975,6.79284140047566e-7
4,487,400.0,0.0003729389357619872,0.007030353292669581,1.0306509344215755e-6
4,488,400.0,0.00031621793576174526,0.006006653073210191,8.805763160018295e-7
4,489,400.0,0.00023797793576133946,0.00457325472761948,6.704398857570231e-7
4,490,400.0,0.0001701689357612568,0.0033058147825790617,4.846329839842232e-7
4,491,400.0,0.00033251693576184164,0.0063019987238889874,9.238740363549218e-7
4,492,400.0,0.00012844193576169065,0.0025119233139917247,3.6824836576283107e-7
4,493,400.0,0.0010099379357595426,0.01812332318094159,2.656882121519797e-6
4,494,400.0,0.00035729093576195,0.006749059021395743,9.894131485711677e-7
4,495,400.0,0.0006422129357598747,0.011779135834131678,1.7268232261933148e-6
4,496,400.0,0.00031295693576172123,0.00594746120067787,8.71898777875942e-7
4,497,400.0,0.00017929793576123068,0.00347799988533847,5.098753480112908e-7
4,498,400.0,0.00026340593576141473,0.005042188745809479,7.391856889776837e-7
4,499,400.0,0.0001343099357615975,0.0026242627045810827,3.8471733866693775e-7
4,500,400.0,0.0003057839357616666,0.005817075047669882,8.527841466705037e-7
4,501,400.0,0.00023210993576132046,0.004464578364726622,6.545079133080921e-7
4,502,400.0,0.00024384593576135582,0.004681810739330633,6.863542147031712e-7
4,503,400.0,0.00032729993576181463,0.006207595308625864,9.100344803464101e-7
4,504,400.0,0.00028557293576149986,0.005448510568414361,7.987525341574629e-7
4,505,400.0,0.0002986139357616072,0.005686470383721511,8.336374817257196e-7
4,506,400.0,0.0003090449357616925,0.005876377626973597,8.614779144270561e-7
4,507,400.0,0.00037946093576198534,0.00714730118678217,1.0477955146906001e-6
4,508,400.0,0.00010040693576234322,0.0019721187127909076,2.891129235635345e-7
4,509,400.0,0.0001284419357616907,0.002511930686842,3.6824944662387876e-7
4,510,400.0,0.00010692593576215488,0.002098116059778154,3.075841550935981e-7
4,511,400.0,0.0002673179357614272,0.005114091151629828,7.49726593347763e-7
4,512,400.0,0.0001473509357614286,0.002873091532020865,4.2119568517894556e-7
4,513,400.0,0.00020211893576124707,0.003906206443405276,5.72650498963828e-7
4,514,400.0,0.0002829659357614789,0.005400841355025645,7.91764219733286e-7
4,515,400.0,0.00023993393576134423,0.004609471561094108,6.757492794259496e-7
4,516,400.0,0.0002849219357614948,0.005436644029725086,7.970128976585115e-7
4,517,400.0,0.0002236349357612914,0.004307296092511325,6.314503066589831e-7
4,518,400.0,0.0001427879357614822,0.0027861589418330802,4.0845135333972646e-7
4,519,400.0,0.00011735993576190317,0.002299174945857856,3.370594204444692e-7
4,520,400.0,0.00033773393576186817,0.006396338798742273,9.377043066490652e-7
4,521,400.0,0.0002712299357614378,0.0051859135098707146,7.602557627296936e-7
4,522,400.0,0.00022950293576131243,0.00441626295277053,6.474248660689966e-7
4,523,400.0,9.584393576249228e-5,0.0018837596868520022,2.761594760115505e-7
4,524,400.0,0.00022493693576129312,0.004331517779867887,6.350012099590118e-7
4,525,400.0,0.0002073329357612629,0.0040037277414659254,5.869471370967955e-7
4,526,400.0,0.00017212493576124983,0.0033427497469042016,4.900476557524577e-7
4,527,400.0,0.00016821293576126448,0.0032688548637827193,4.792146538864577e-7
4,528,400.0,0.00016299893576129172,0.0031702047912117834,4.6475253722697134e-7
4,529,400.0,0.0005026859357608786,0.009336550162095518,1.3687397700014728e-6
4,530,400.0,0.00031230593576171424,0.005935616922227818,8.701624047316756e-7
4,531,400.0,0.0003866309357619723,0.007275825400864565,1.066637185347171e-6
4,532,400.0,0.0004700879357612696,0.00876098739056582,1.2843621742249022e-6
4,533,400.0,0.00011801093576188919,0.002311704493570635,3.3889625417393765e-7
4,534,400.0,0.00017016893576125698,0.00330582476453266,4.846344473402417e-7
4,535,400.0,0.0002373269357613376,0.004561188957826433,6.68671041945904e-7
4,536,400.0,0.00017864693576123206,0.003465729985626555,5.080765787209153e-7
4,537,400.0,0.00021124493576127362,0.004076609514910302,5.976316169196047e-7
4,538,400.0,0.00013757093576155052,0.0026865989825536956,3.938558471410176e-7
4,539,400.0,0.00018516593576122507,0.0035886895068515494,5.261024645008956e-7
4,540,400.0,0.00026144993576140713,0.0050063659435605,7.339340603504273e-7
4,541,400.0,0.0003696809357619845,0.006971820882257901,1.0220700735496694e-6
4,542,400.0,0.00036120293576195867,0.006819625370039745,9.997581867422214e-7
4,543,400.0,0.0002947019357615705,0.0056151270243367584,8.231785336538868e-7
4,544,400.0,0.00031817393576175974,0.006042359983774605,8.85810954889308e-7
4,545,400.0,0.0002797049357614672,0.005341487509985161,7.830629364113977e-7
4,546,400.0,0.00021320093576127414,0.004113412330342396,6.030269156386581e-7
4,547,400.0,0.0003625079357619632,0.006843282507650829,1.0032263269578814e-6
4,548,400.0,0.00022037393576128267,0.004246698972373489,6.225667590059175e-7
4,549,400.0,0.0005802749357601942,0.010698812075054548,1.568447587670051e-6
4,550,400.0,0.00028035593576146737,0.005353241782154195,7.847861146202498e-7
4,551,400.0,0.00017799293576123356,0.0034535164569421935,5.062860734323338e-7
4,552,400.0,0.0002927459357615559,0.005579511358875293,8.179572713133185e-7
4,553,400.0,0.00021450593576127682,0.004137470102888766,6.065537890008931e-7
4,554,400.0,0.0004231439357617663,0.00792792995997987,1.1622358196140346e-6
4,555,400.0,0.00011801093576188912,0.0023117477507641356,3.3890259568552974e-7
4,556,400.0,0.0003325169357618404,0.006301972373341153,9.238701733603301e-7
4,557,400.0,0.00031360793576172633,0.005959368208314943,8.736443471292127e-7
4,558,400.0,0.00037163693576198277,0.007007042048134472,1.027233502187026e-6
4,559,400.0,0.00021059393576127166,0.0040644151279241566,5.958439178070902e-7
4,560,400.0,0.00033642893576185873,0.006372830218709133,9.342579449984574e-7
4,561,400.0,0.00025558193576139177,0.004898265055900424,7.180864526640784e-7
4,562,400.0,0.00016625693576127333,0.0032320373553733897,4.7381720117455555e-7
4,563,400.0,0.0002979599357616013,0.0056746731531042835,8.31908005801386e-7
4,564,400.0,0.00014930693576140736,0.002910393200340488,4.266641158123235e-7
4,565,400.0,0.00014604593576144343,0.0028482617090056844,4.175556290926034e-7
4,566,400.0,0.00042640493576172567,0.007985911401542777,1.1707359083632343e-6
4,567,400.0,6.131607755627977e-12,3.7877529300706254e-8,5.552851946723394e-12
4,568,400.0,0.00017994893576122922,0.003490394912619627,5.116924610236376e-7
4,569,400.0,0.0005411549357604959,0.010013046169762516,1.46791419458714e-6
4,570,400.0,0.00017147393576125196,0.0033305387615713126,4.88257523319615e-7
4,571,400.0,0.0001623449357612972,0.003157819465536364,4.629368464716012e-7
4,572,400.0,0.00045378593576143596,0.00847226794136384,1.2420358560843939e-6
4,573,400.0,0.0001030139357622647,0.0020225185316527228,2.9650154519351286e-7
4,574,400.0,0.0001480019357614222,0.0028854896120920517,4.2301324573080657e-7
4,575,400.0,6.131598051173465e-12,3.805279515458067e-8,5.57854594936423e-12
4,576,400.0,0.0004244489357617669,0.007950916271103187,1.1656056165576466e-6
4,577,400.0,0.00022950293576131433,0.004416262713094336,6.474248309324276e-7
4,578,400.0,0.000273185935761445,0.005221710232467763,7.655035680757416e-7
4,579,400.0,0.00028035593576146987,0.005353465305146232,7.848188831271822e-7
4,580,400.0,0.0002516699357613785,0.004826205131756751,7.075224560822192e-7
4,581,400.0,0.0002464529357613639,0.004729938190643158,6.934097068813954e-7
4,582,400.0,6.131607466991755e-12,3.7877525599678026e-8,5.552851404152055e-12
4,583,400.0,0.00022950293576131094,0.004416268815377465,6.474257255281254e-7
4,584,400.0,0.0003918479357619603,0.007369198067324688,1.0803256334137713e-6
4,585,400.0,0.0005072519357608178,0.00941708232657716,1.380545798392754e-6
4,586,400.0,0.00045182993576144934,0.008437589495266492,1.2369519902548077e-6
4,587,400.0,0.0003827189357619756,0.007205827274675051,1.0563754486802236e-6
4,588,400.0,0.00028100993576147236,0.005365233184124452,7.86544056096471e-7
4,589,400.0,0.00022559093576130144,0.0043437330078549136,6.367919643656399e-7
4,590,400.0,0.00036576893576199105,0.006901721499919845,1.0117934927149018e-6
4,591,400.0,0.00024384593576135831,0.004681954555612228,6.863752981934086e-7
4,592,400.0,0.0002568839357613957,0.004922268073597532,7.216052989565196e-7
4,593,400.0,0.000176036935761242,0.003416696151540368,5.008882106808773e-7
4,594,400.0,0.0008658479357595829,0.015648316973017207,2.294045809501708e-6
4,595,400.0,0.00018060293576123196,0.003502694944838312,5.13495647744399e-7
4,596,400.0,0.00023406593576132947,0.004500955880969695,6.598408630969672e-7
4,597,400.0,0.0001414829357615,0.002761375481951546,4.0481809409630597e-7
4,598,400.0,0.00014343893576147627,0.002798678405687811,4.102867087739674e-7
4,599,400.0,0.0001551749357613527,0.0030219774226301625,4.4302238092105855e-7
4,600,400.0,8.932193576273341e-5,0.0017572930028290589,2.576194395958343e-7
4,601,400.0,0.00021515693576128233,0.004149678685927985,6.083435692570936e-7
4,602,400.0,0.00017212493576125346,0.003342877495677737,4.900663837434041e-7
4,603,400.0,0.00016430093576128734,0.00319502486561613,4.683911641653822e-7
4,604,400.0,6.131602046070486e-12,3.8011686835576405e-8,5.572519463122291e-12
4,605,400.0,0.00033968993576188644,0.006431851082057266,9.429104131501714e-7
4,606,400.0,0.00018647093576122515,0.0036130527844660974,5.29674124955739e-7
4,607,400.0,0.00031491293576173495,0.005983218581814113,8.771408157574469e-7
4,608,400.0,6.131605417203972e-12,3.801173289586458e-8,5.5725262155680175e-12
4,609,400.0,0.0001049699357622093,0.0020604277217957517,3.020590386248624e-7
4,610,400.0,0.0001766909357612403,0.0034289976583133704,5.026916135715412e-7
4,611,400.0,0.00018777293576122445,0.003637512461937184,5.332599176452062e-7
4,612,400.0,0.00022624193576130166,0.004355794016434172,6.385601101820446e-7
4,613,400.0,0.00021189893576127825,0.0040889309208858,5.99437937036586e-7
4,614,400.0,0.0001538699357613638,0.002997155145003312,4.393834309898709e-7
4,615,400.0,0.00018842693576122637,0.0036498309883139356,5.350658156125435e-7
4,616,400.0,0.00032860493576182217,0.0062312096644374405,9.134963487433143e-7
4,617,400.0,0.00032338793576180096,0.006137001517227397,8.996854190630952e-7
4,618,400.0,0.0002836169357614857,0.0054129971823029845,7.935462659862277e-7
4,619,400.0,0.00033968993576187576,0.0064316478767480366,9.428806232188383e-7
4,620,400.0,0.00036315893576197077,0.006854615425351537,1.0048877345332495e-6
4,621,400.0,0.00023537093576133454,0.0045251607020159,6.633892937931585e-7
4,622,400.0,0.00026405693576141934,0.005054382072037291,7.409732325828542e-7
4,623,400.0,0.00020276993576124927,0.003918375363591562,5.744344646393474e-7
4,624,400.0,0.00020928893576127084,0.004040139608115903,5.922851226609012e-7
4,625,400.0,0.00012779093576170287,0.0024995502220795706,3.6643446847914233e-7
4,626,400.0,0.00016104293576130717,0.0031332643881654223,4.593370681413225e-7
4,627,400.0,0.0001369199357615611,0.002674272896477704,3.920488409205439e-7
4,628,400.0,0.000152564935761376,0.00297237626768877,4.357508435515157e-7
4,629,400.0,0.0001193159357618627,0.002336894426364399,3.4258910241230146e-7
4,630,400.0,0.0003553349357619413,0.006713834680016977,9.842492544046736e-7
4,631,400.0,0.00020863793576126837,0.004028036933665795,5.905108686210638e-7
4,632,400.0,0.00020342093576125212,0.003930714094028424,5.762433245251781e-7
4,633,400.0,0.0001388759357615325,0.0027115304817438386,3.975108089711214e-7
4,634,400.0,0.00010301393576226468,0.0020225872756423403,2.9651162307355466e-7
4,635,400.0,8.736593576281206e-5,0.0017192602675956163,2.520438344341666e-7
4,636,400.0,0.00010431893576222704,0.002047782182966881,3.002052005789381e-7
4,637,400.0,0.00017473493576124156,0.0033921476087078136,4.972893903149875e-7
4,638,400.0,7.106693576364425e-5,0.0014017271573034333,2.0549342889854985e-7
4,639,400.0,0.00012257393576179784,0.002399502659329534,3.517674795324501e-7
4,640,400.0,6.131598870111403e-12,3.8001137240791844e-8,5.57097289081364e-12
4,641,400.0,8.801993576278525e-5,0.0017320018635621677,2.5391175447207437e-7
4,642,400.0,0.0003207809357617746,0.006089693872425035,8.92750110652396e-7
4,643,400.0,0.0001532189357613683,0.0029848639081591515,4.375815336724431e-7
4,644,400.0,0.00033577793576185775,0.006361263005007142,9.325621895912517e-7
4,645,400.0,0.00012713993576171306,0.0024870918212551107,3.6460806489505553e-7
4,646,400.0,0.000264056935761417,0.0050544672242546,7.409857159117404e-7
4,647,400.0,0.00015191393576137986,0.002960016877953572,4.3393895500919396e-7
4,648,400.0,0.0001088819357621034,0.002135863482340095,3.1311793337128943e-7
4,649,400.0,0.00015060893576139377,0.002935236336364033,4.303061235878539e-7
4,650,400.0,0.0001121429357620221,0.002198806461435769,3.2234538432853725e-7
4,651,400.0,0.0001799489357612289,0.0034904405908950144,5.116991574662275e-7
4,652,400.0,0.00017929793576122974,0.0034781444107610327,5.098965354617091e-7
4,653,400.0,0.0002105939357612716,0.004064650682326872,5.958784501207818e-7
4,654,400.0,0.00020537693576125657,0.0039672874691982,5.81604987264515e-7
4,655,400.0,0.00012518393576174807,0.002449557300065039,3.5910549799305504e-7
4,656,400.0,6.845993576381358e-5,0.0013507730112563162,1.980235428131845e-7
4,657,400.0,0.00012974693576166897,0.0025369189052942263,3.7191272350701505e-7
4,658,400.0,6.131599564232725e-12,3.804827573208421e-8,5.577883401292304e-12
4,659,400.0,0.00010236293576228399,0.0020100519212596485,2.94673938085334e-7
4,660,400.0,0.0001695179357612595,0.0032935163597262057,4.828300331967536e-7
4,661,400.0,0.00012648593576172488,0.0024745571955923588,3.6277048673729636e-7
4,662,400.0,0.00019625093576123342,0.003796657059572342,5.565905415033051e-7
4,663,400.0,0.0001206179357618355,0.002361924371945287,3.462584964992759e-7
4,664,400.0,0.00011474993576196123,0.002249095755773822,3.2971780304538306e-7
4,665,400.0,0.0002086379357612729,0.004028137293970517,5.905255814580343e-7
4,666,400.0,0.00022754693576130936,0.0043801206091162006,6.42126392619823e-7
4,667,400.0,0.00013105193576164894,0.0025620115220814925,3.755913052030222e-7
4,668,400.0,0.00028883393576152415,0.0055083458393867775,8.075243945991551e-7
4,669,400.0,0.00014213393576149037,0.002773706748695119,4.0662585980348846e-7
4,670,400.0,0.00019168493576122926,0.003710966630238278,5.440283106469659e-7
4,671,400.0,0.00020603093576126186,0.003979411610245927,5.833823883110495e-7
4,672,400.0,0.00028231193576147865,0.0053891523443988995,7.900506088771317e-7
4,673,400.0,0.00018451493576122606,0.0035763154691534575,5.242884285648348e-7
4,674,400.0,0.00015452093576135808,0.003009546168518439,4.4119995704946753e-7
4,675,400.0,8.736593576281236e-5,0.00171929982251957,2.5204963319244184e-7
4,676,400.0,0.00035990093576197547,0.00679622198530264,9.96327246739096e-7
4,677,400.0,0.00041662493576181926,0.00781162628037209,1.1451856812960339e-6
4,678,400.0,0.0001773419357612391,0.0034413160407589954,5.044974904385522e-7
4,679,400.0,0.00018320993576122747,0.0035517667471142477,5.2068958192722e-7
4,680,400.0,0.0001251839357617495,0.0024496418871869964,3.5911789847887077e-7
4,681,400.0,0.00020146493576125125,0.003894203014531937,5.708907943416621e-7
4,682,400.0,0.0003083939357616875,0.00586453102393314,8.597412004974591e-7
4,683,400.0,0.000187121935761221,0.0036251607952467275,5.314491613024976e-7
4,684,400.0,0.0001538699357613621,0.0029972271597486183,4.393939883632278e-7
4,685,400.0,0.00019950893576124113,0.003857608570966903,5.65526042972159e-7
4,686,400.0,0.00011735993576190317,0.002299299250077341,3.3707764346323244e-7
4,687,400.0,0.00012127193576182215,0.0023744848914542278,3.480998706990915e-7
4,688,400.0,6.715493576390308e-5,0.0013253139926573268,1.9429124655207574e-7
4,689,400.0,0.00012387893576177193,0.0024245540736228905,3.554400209361589e-7
4,690,400.0,9.258293576260812e-5,0.001820623268828921,2.6690366687613075e-7
4,691,400.0,0.00011735993576190313,0.0022992900127685365,3.370762892722616e-7
4,692,400.0,0.00024710693576136594,0.0047419930838246156,6.951769561794892e-7
4,693,400.0,0.00013430993576159743,0.002624396303858068,3.8473692434263997e-7
4,694,400.0,0.00010953593576208672,0.002148460014176903,3.149645869842187e-7
4,695,400.0,0.00013105193576164767,0.002562021397468531,3.7559275293636583e-7
4,696,400.0,0.0002888339357615213,0.005508364110276355,8.075270731145344e-7
4,697,400.0,0.00020603093576125893,0.003979481146512648,5.833925823390434e-7
4,698,400.0,0.00020798693576126577,0.004016012079297297,5.887480230178281e-7
4,699,400.0,8.736593576281198e-5,0.0017193212318930963,2.5205277181007767e-7
4,700,400.0,0.00032469293576180877,0.006160629253031034,9.031492489690086e-7
4,701,400.0,0.00035729093576194906,0.0067493496944077535,9.894557612819332e-7
4,702,400.0,0.00017929793576123497,0.003478182934576341,5.099021830592895e-7
4,703,400.0,0.0005620169357603297,0.010379408431889068,1.521622961711438e-6
4,704,400.0,6.131597887140525e-12,3.80482527146186e-8,5.577880026928107e-12
4,705,400.0,0.00012974693576166884,0.0025370300183527135,3.7192901269943384e-7
4,706,400.0,0.0003644639357619707,0.006878314797793428,1.0083620663819646e-6
4,707,400.0,0.00019103393576122357,0.0036987621520047694,5.422391321559492e-7
4,708,400.0,0.00020863793576126837,0.004027975552206847,5.905018700892136e-7
4,709,400.0,0.00035598893576194434,0.0067255921222060455,9.859728973389777e-7
4,710,400.0,0.0007178459357596965,0.013092606275889953,1.919378206260219e-6
4,711,400.0,0.00023993393576134364,0.00460966608233213,6.757777962710335e-7
4,712,400.0,0.00043161893576168693,0.008078917414643626,1.1843706049878212e-6
4,713,400.0,0.0005098589357607947,0.00946319457620071,1.3873058616761096e-6
4,714,400.0,0.0007895639357596145,0.014333100503940897,2.1012348615464278e-6
4,715,400.0,0.0011468549357594494,0.020467577364479753,3.0005501655289836e-6
4,716,400.0,0.0009069239357595733,0.01635486385901935,2.3976256977315134e-6
4,717,400.0,0.0004857359357610742,0.009037779750382072,1.3249399791245258e-6
4,718,400.0,0.0009316979357595667,0.016780739343216156,2.4600591128761466e-6
4,719,400.0,0.0012185759357593888,0.021693148174746952,3.1802190453445607e-6
4,720,400.0,0.0009186599357595701,0.016556688237784223,2.427213184434345e-6
4,721,400.0,0.00041140793576185437,0.007718695522532384,1.1315620171049521e-6
4,722,400.0,0.0002627519357614131,0.005030311663634055,7.374445068019506e-7
4,723,400.0,0.00031621793576174585,0.006006762235022845,8.805923191412923e-7
4,724,400.0,0.00020211893576124794,0.003906294828560315,5.726634562419103e-7
4,725,400.0,0.0001858169357612212,0.0036008550788509375,5.27885939331672e-7
4,726,400.0,8.47589357629227e-5,0.0016685735125554766,2.4461314791384796e-7
4,727,400.0,0.00015452093576135616,0.003009472977485521,4.4118922723215563e-7
4,728,400.0,0.00012322793576178428,0.0024119238802718787,3.535884325397808e-7
4,729,400.0,0.00029144093576154265,0.005555825139432461,8.144848676964016e-7
4,730,400.0,0.00013235393576162732,0.0025869034600720714,3.7924046735484524e-7
4,731,400.0,0.00038011193576197993,0.0071590333054554235,1.0495154451933733e-6
4,732,400.0,5.737493576468862e-5,0.001133850686086143,1.662226947154576e-7
4,733,400.0,0.00016756193576126778,0.0032565837961095103,4.774157133727669e-7
4,734,400.0,0.00014995793576140048,0.002922878420024144,4.2849445104552367e-7
4,735,400.0,0.0002738369357614476,0.005233959193917927,7.672992678135438e-7
4,736,400.0,0.0003207809357617758,0.006089446913820048,8.927139064807994e-7
4,737,400.0,0.00011670593576191739,0.002286613398294107,3.352178955316518e-7
4,738,400.0,0.00011801093576188919,0.00231182993260748,3.3891464355711026e-7
4,739,400.0,0.00011735993576190317,0.0022992997473649723,3.3707771636568e-7
4,740,400.0,0.00022428593576129046,0.004319487537504721,6.332375744748827e-7
4,741,400.0,0.0002490599357613731,0.004778246839771818,7.004917626888911e-7
4,742,400.0,8.736593576281198e-5,0.0017192925960236034,2.5204857378695957e-7
4,743,400.0,9.127793576265699e-5,0.001795286719152603,2.631893245789743e-7
4,744,400.0,0.00015908693576131814,0.0030962024760580074,4.539037858075904e-7
4,745,400.0,0.00012192293576180922,0.0023869714729875097,3.499304055796681e-7
4,746,400.0,9.779993576242667e-5,0.0019216583565199482,2.817154271395445e-7
4,747,400.0,0.000535937935760541,0.009921833763045515,1.4545424409497035e-6
4,748,400.0,0.00024905993576137126,0.004778263580729962,7.004942169160737e-7
4,749,400.0,0.00016104293576130443,0.003133284276835891,4.5933998382364317e-7
4,750,400.0,0.00016104293576130454,0.0031332844238120485,4.593400053703717e-7
4,751,400.0,7.69349357633027e-5,0.0015162427854193267,2.2228143857746345e-7
4,752,400.0,0.00017212493576125075,0.0033428306934050337,4.900595225226253e-7
4,753,400.0,6.454793576409088e-5,0.0012742966173656285,1.8681209104918652e-7
4,754,400.0,0.00014865293576141417,0.0028980331960271927,4.2485213717275276e-7
4,755,400.0,0.00021776693576127938,0.004198248502732405,6.15463912288269e-7
4,756,400.0,0.0002190689357612821,0.00422242379390394,6.19008013900038e-7
4,757,400.0,0.00030122093576162925,0.005734080712686188,8.406171636837695e-7
4,758,400.0,0.00015647693576133914,0.003046633567011967,4.466369756915428e-7
4,759,400.0,6.131606748052611e-12,3.805290318930409e-8,5.578561787272228e-12
4,760,400.0,0.0006774209357597768,0.012391478999574207,1.8165928336905733e-6
4,761,400.0,0.0002797049357614646,0.005341373161651277,7.830461729270805e-7
4,762,400.0,0.0001636499357612877,0.0031826702096628785,4.665799695962626e-7
4,763,400.0,0.00024515093576135916,0.0047060829449800026,6.899125239931296e-7
4,764,400.0,0.00021906893576128324,0.004222522065422221,6.190224205205771e-7
4,765,400.0,0.00025101593576137756,0.004814345506912202,7.057838331540273e-7
4,766,400.0,0.00013887593576153253,0.002711640630522354,3.975269567999397e-7
4,767,400.0,0.00021189893576127348,0.004088963520080013,5.994427160837516e-7
4,768,400.0,0.0001903829357612226,0.0036865334553361612,5.404464032384138e-7
4,769,400.0,0.00014408993576146625,0.002811152572731223,4.1211542368831304e-7
4,770,400.0,0.00021972293576128212,0.004234702197584224,6.208080298735574e-7
4,771,400.0,0.0002647079357614186,0.005066394549808934,7.42734263774981e-7
4,772,400.0,0.0001317029357616373,0.0025744973344659482,3.7742172732625604e-7
4,773,400.0,0.0001877729357612209,0.0036375964905260654,5.332722362499822e-7
4,774,400.0,7.171793576360376e-5,0.0014144203470266808,2.0735425257332818e-7
4,775,400.0,0.00030448193576165604,0.005793483344167457,8.493255991057998e-7
4,776,400.0,0.00011149193576203818,0.002186163058213229,3.2049185936284784e-7
4,777,400.0,0.00021646193576127631,0.004173940884088467,6.119004114475558e-7
4,778,400.0,0.00012257393576179672,0.0023995237975733504,3.5177057840242637e-7
4,779,400.0,0.00017342993576124546,0.0033675336198720675,4.936809755544014e-7
4,780,400.0,0.00024515093576135964,0.004706133649467455,6.899199572792244e-7
